Timestamp,Local time,Pleasure,Arousal,Dominance
1783986139.3509,16:42:19.350,0.65,0.68,-0.34
1783986139.8511,16:42:19.851,0.65,0.66,-0.36
1783986140.3508,16:42:20.350,0.65,0.66,-0.37
1783986140.851,16:42:20.851,0.65,0.66,-0.37
1783986141.3515,16:42:21.351,0.63,0.68,-0.37
1783986141.8515,16:42:21.851,0.63,0.69,-0.35
1783986142.3508,16:42:22.350,0.66,0.68,-0.32
1783986142.851,16:42:22.851,0.92,0.40,-0.04
1783986143.3507,16:42:23.350,0.92,0.38,0.00
1783986143.8501,16:42:23.850,0.93,0.38,0.01
1783986144.3504,16:42:24.350,0.93,0.38,0.01
1783986144.8504,16:42:24.850,0.93,0.37,0.02
1783986145.3498,16:42:25.349,0.93,0.36,0.02
1783986145.8499,16:42:25.849,0.93,0.36,0.03
1783986146.3497,16:42:26.349,0.94,0.33,0.06
1783986146.8492,16:42:26.849,0.94,0.34,0.05
1783986147.3494,16:42:27.349,0.94,0.35,0.05
1783986147.8493,16:42:27.849,0.74,0.64,-0.20
1783986148.3489,16:42:28.348,0.72,0.66,-0.22
1783986148.8492,16:42:28.849,0.69,0.67,-0.25
1783986149.349,16:42:29.349,0.67,0.69,-0.29
1783986149.8483,16:42:29.848,0.63,0.70,-0.33
1783986150.3479,16:42:30.347,0.63,0.69,-0.36
1783986150.8484,16:42:30.848,0.63,0.68,-0.38
1783986151.3478,16:42:31.347,0.63,0.67,-0.39
1783986151.8477,16:42:31.847,0.65,0.66,-0.38
1783986152.3481,16:42:32.348,0.68,0.65,-0.34
1783986152.8478,16:42:32.847,0.74,0.61,-0.27
1783986153.3474,16:42:33.347,0.75,0.61,-0.26
1783986153.8475,16:42:33.847,0.77,0.59,-0.25
1783986154.3467,16:42:34.346,0.80,0.56,-0.24
1783986154.846,16:42:34.846,0.79,0.55,-0.26
1783986155.3458,16:42:35.345,0.75,0.59,-0.29
1783986155.8458,16:42:35.845,0.73,0.61,-0.30
1783986156.3453,16:42:36.345,0.71,0.64,-0.30
1783986156.8455,16:42:36.845,0.70,0.64,-0.30
1783986157.3454,16:42:37.345,0.70,0.63,-0.33
1783986157.8446,16:42:37.844,0.72,0.61,-0.33
1783986158.3449,16:42:38.344,0.72,0.59,-0.36
1783986158.8443,16:42:38.844,0.73,0.59,-0.35
1783986159.3442,16:42:39.344,0.71,0.60,-0.37
1783986159.8448,16:42:39.844,0.67,0.64,-0.37
1783986160.3447,16:42:40.344,0.68,0.64,-0.35
1783986160.8447,16:42:40.844,0.67,0.67,-0.32
1783986161.3454,16:42:41.345,0.68,0.67,-0.30
1783986161.8448,16:42:41.844,0.70,0.65,-0.30
1783986162.3445,16:42:42.344,0.70,0.65,-0.30
1783986162.8445,16:42:42.844,0.70,0.65,-0.30
1783986163.3444,16:42:43.344,0.70,0.65,-0.30
1783986163.8438,16:42:43.843,0.69,0.65,-0.30
1783986164.3437,16:42:44.343,0.67,0.67,-0.31
1783986164.8431,16:42:44.843,0.94,0.35,-0.01
1783986165.3423,16:42:45.342,0.94,0.35,0.00
1783986165.8422,16:42:45.842,0.94,0.34,0.03
1783986166.3418,16:42:46.341,0.94,0.32,0.05
1783986166.8413,16:42:46.841,0.95,0.31,0.07
1783986167.3414,16:42:47.341,0.94,0.33,0.07
1783986167.8413,16:42:47.841,0.94,0.34,0.06
1783986168.3407,16:42:48.340,0.94,0.34,0.06
1783986168.8406,16:42:48.840,0.94,0.34,0.06
1783986169.3409,16:42:49.340,0.94,0.33,0.07
1783986169.8412,16:42:49.841,0.94,0.33,0.07
1783986170.3408,16:42:50.340,0.94,0.34,0.05
1783986170.8414,16:42:50.841,0.95,0.31,0.08
1783986171.3408,16:42:51.340,0.96,0.25,0.12
1783986171.8405,16:42:51.840,0.96,0.24,0.14
1783986172.3409,16:42:52.340,0.96,0.25,0.13
1783986172.8408,16:42:52.840,0.96,0.26,0.13
1783986173.3408,16:42:53.340,0.95,0.28,0.12
1783986173.8409,16:42:53.840,0.81,0.56,-0.13
1783986174.3404,16:42:54.340,0.80,0.58,-0.16
1783986174.8396,16:42:54.839,0.78,0.60,-0.17
1783986175.3397,16:42:55.339,0.75,0.63,-0.21
1783986175.8395,16:42:55.839,0.71,0.66,-0.25
1783986176.3392,16:42:56.339,0.71,0.66,-0.26
1783986176.8398,16:42:56.839,0.71,0.65,-0.27
1783986177.3395,16:42:57.339,0.75,0.62,-0.23
1783986177.8385,16:42:57.838,0.74,0.62,-0.26
1783986178.3388,16:42:58.338,0.73,0.63,-0.27
1783986178.8386,16:42:58.838,0.78,0.58,-0.23
1783986179.3383,16:42:59.338,0.80,0.55,-0.22
1783986179.8383,16:42:59.838,0.82,0.53,-0.22
1783986180.3384,16:43:00.338,0.84,0.50,-0.20
1783986180.8378,16:43:00.837,0.85,0.49,-0.18
1783986181.3379,16:43:01.337,0.85,0.49,-0.18
1783986181.8381,16:43:01.838,0.84,0.51,-0.19
1783986182.338,16:43:02.338,0.80,0.55,-0.23
1783986182.8378,16:43:02.837,0.78,0.58,-0.25
1783986183.3377,16:43:03.337,0.78,0.58,-0.22
1783986183.8369,16:43:03.836,0.96,0.26,0.08
1783986184.3369,16:43:04.336,0.95,0.30,0.06
1783986184.8368,16:43:04.836,0.95,0.30,0.07
1783986185.3366,16:43:05.336,0.95,0.31,0.07
1783986185.8367,16:43:05.836,0.75,0.63,-0.21
1783986186.3363,16:43:06.336,0.73,0.64,-0.23
1783986186.8363,16:43:06.836,0.69,0.67,-0.27
1783986187.3363,16:43:07.336,0.70,0.66,-0.28
1783986187.8368,16:43:07.836,0.69,0.66,-0.29
1783986188.3358,16:43:08.335,0.71,0.65,-0.27
1783986188.8357,16:43:08.835,0.72,0.64,-0.25
1783986189.3359,16:43:09.335,0.72,0.65,-0.23
1783986189.8358,16:43:09.835,0.70,0.67,-0.25
1783986190.3356,16:43:10.335,0.69,0.67,-0.25
1783986190.8361,16:43:10.836,0.69,0.67,-0.25
1783986191.3363,16:43:11.336,0.93,0.36,0.03
1783986191.8358,16:43:11.835,0.95,0.32,0.06
1783986192.336,16:43:12.336,0.95,0.28,0.09
1783986192.8359,16:43:12.835,0.96,0.27,0.11
1783986193.3355,16:43:13.335,0.96,0.27,0.12
1783986193.8351,16:43:13.835,0.96,0.25,0.13
1783986194.3346,16:43:14.334,0.96,0.23,0.16
1783986194.8344,16:43:14.834,0.96,0.24,0.15
1783986195.3343,16:43:15.334,0.96,0.27,0.11
1783986195.8339,16:43:15.833,0.94,0.34,0.06
1783986196.3333,16:43:16.333,0.93,0.36,0.06
1783986196.8329,16:43:16.832,0.94,0.34,0.07
1783986197.3331,16:43:17.333,0.94,0.34,0.07
1783986197.8327,16:43:17.832,0.92,0.38,0.04
1783986198.3324,16:43:18.332,0.92,0.38,0.03
1783986198.8326,16:43:18.832,0.82,0.55,-0.14
1783986199.3319,16:43:19.331,0.74,0.63,-0.23
1783986199.8313,16:43:19.831,0.70,0.66,-0.26
1783986200.3317,16:43:20.331,0.71,0.65,-0.26
1783986200.8314,16:43:20.831,0.74,0.62,-0.25
1783986201.3313,16:43:21.331,0.75,0.61,-0.24
1783986201.8311,16:43:21.831,0.75,0.61,-0.25
1783986202.3305,16:43:22.330,0.89,0.45,-0.08
1783986202.8303,16:43:22.830,0.87,0.48,-0.10
1783986203.3308,16:43:23.330,0.87,0.48,-0.11
1783986203.83,16:43:23.830,0.87,0.48,-0.10
1783986204.3298,16:43:24.329,0.90,0.44,-0.06
1783986204.8299,16:43:24.829,0.92,0.38,0.00
1783986205.3296,16:43:25.329,0.94,0.34,0.05
1783986205.8293,16:43:25.829,0.95,0.31,0.07
1783986206.3295,16:43:26.329,0.95,0.31,0.08
1783986206.829,16:43:26.829,0.95,0.30,0.10
1783986207.3296,16:43:27.329,0.95,0.29,0.11
1783986207.8297,16:43:27.829,0.95,0.28,0.12
1783986208.3293,16:43:28.329,0.82,0.56,-0.12
1783986208.8292,16:43:28.829,0.86,0.51,-0.08
1783986209.329,16:43:29.329,0.85,0.51,-0.09
1783986209.8291,16:43:29.829,0.80,0.58,-0.17
1783986210.3285,16:43:30.328,0.75,0.63,-0.21
1783986210.8285,16:43:30.828,0.74,0.63,-0.23
1783986211.3284,16:43:31.328,0.72,0.64,-0.25
1783986211.8277,16:43:31.827,0.70,0.67,-0.27
1783986212.3277,16:43:32.327,0.91,0.41,-0.03
1783986212.8278,16:43:32.827,0.91,0.42,-0.04
1783986213.3272,16:43:33.327,0.68,0.67,-0.28
1783986213.8274,16:43:33.827,0.67,0.68,-0.29
1783986214.3271,16:43:34.327,0.67,0.68,-0.30
1783986214.8263,16:43:34.826,0.66,0.68,-0.31
1783986215.3262,16:43:35.326,0.67,0.68,-0.30
1783986215.8262,16:43:35.826,0.92,0.40,-0.01
1783986216.3261,16:43:36.326,0.92,0.40,0.00
1783986216.8261,16:43:36.826,0.91,0.41,0.01
1783986217.3259,16:43:37.325,0.90,0.44,-0.01
1783986217.8253,16:43:37.825,0.90,0.43,0.00
1783986218.325,16:43:38.325,0.91,0.41,0.02
1783986218.8254,16:43:38.825,0.93,0.37,0.04
1783986219.3257,16:43:39.325,0.92,0.38,0.05
1783986219.8259,16:43:39.825,0.93,0.37,0.05
1783986220.3261,16:43:40.326,0.93,0.37,0.05
1783986220.8259,16:43:40.825,0.91,0.41,0.03
1783986221.3256,16:43:41.325,0.90,0.44,0.00
1783986221.8254,16:43:41.825,0.89,0.46,-0.02
1783986222.3251,16:43:42.325,0.88,0.47,-0.02
1783986222.8247,16:43:42.824,0.90,0.44,0.00
1783986223.3247,16:43:43.324,0.90,0.43,0.01
1783986223.8244,16:43:43.824,0.90,0.44,0.00
1783986224.3242,16:43:44.324,0.80,0.57,-0.16
1783986224.8243,16:43:44.824,0.74,0.64,-0.22
1783986225.3244,16:43:45.324,0.69,0.67,-0.26
1783986225.8237,16:43:45.823,0.69,0.67,-0.26
1783986226.3239,16:43:46.323,0.69,0.67,-0.26
1783986226.824,16:43:46.824,0.82,0.55,-0.14
1783986227.3238,16:43:47.323,0.82,0.55,-0.14
1783986227.8233,16:43:47.823,0.83,0.55,-0.13
1783986228.3235,16:43:48.323,0.83,0.54,-0.11
1783986228.8228,16:43:48.822,0.86,0.51,-0.07
1783986229.3228,16:43:49.322,0.88,0.47,-0.04
1783986229.8229,16:43:49.822,0.91,0.42,0.03
1783986230.3229,16:43:50.322,0.91,0.41,0.02
1783986230.8232,16:43:50.823,0.91,0.40,0.04
1783986231.323,16:43:51.323,0.91,0.40,0.03
1783986231.8225,16:43:51.822,0.93,0.37,0.05
1783986232.3221,16:43:52.322,0.94,0.32,0.08
1783986232.8221,16:43:52.822,0.94,0.32,0.08
1783986233.3218,16:43:53.321,0.93,0.36,0.06
1783986233.8214,16:43:53.821,0.93,0.37,0.04
1783986234.3217,16:43:54.321,0.91,0.41,0.01
1783986234.8219,16:43:54.821,0.91,0.42,0.01
1783986235.3212,16:43:55.321,0.91,0.42,0.00
1783986235.8213,16:43:55.821,0.90,0.43,0.00
1783986236.321,16:43:56.321,0.91,0.42,0.00
1783986236.8202,16:43:56.820,0.90,0.44,0.00
1783986237.3203,16:43:57.320,0.89,0.45,-0.01
1783986237.8201,16:43:57.820,0.86,0.50,-0.06
1783986238.3196,16:43:58.319,0.87,0.49,-0.05
1783986238.8196,16:43:58.819,0.87,0.49,-0.07
1783986239.3195,16:43:59.319,0.87,0.48,-0.06
1783986239.8189,16:43:59.818,0.90,0.44,-0.03
1783986240.3188,16:44:00.318,0.90,0.43,-0.02
1783986240.8186,16:44:00.818,0.90,0.43,0.00
1783986241.3181,16:44:01.318,0.91,0.41,0.01
1783986241.8181,16:44:01.818,0.94,0.34,0.06
1783986242.3182,16:44:02.318,0.94,0.33,0.07
1783986242.8176,16:44:02.817,0.95,0.31,0.09
1783986243.3174,16:44:03.317,0.95,0.30,0.10
1783986243.8177,16:44:03.817,0.95,0.31,0.10
1783986244.3168,16:44:04.316,0.94,0.34,0.08
1783986244.8169,16:44:04.816,0.92,0.40,0.02
1783986245.3173,16:44:05.317,0.91,0.41,0.02
1783986245.8176,16:44:05.817,0.92,0.40,0.03
1783986246.3172,16:44:06.317,0.82,0.55,-0.13
1783986246.8175,16:44:06.817,0.81,0.57,-0.15
1783986247.3173,16:44:07.317,0.78,0.60,-0.18
1783986247.817,16:44:07.817,0.75,0.62,-0.22
1783986248.3168,16:44:08.316,0.75,0.62,-0.22
1783986248.8161,16:44:08.816,0.87,0.49,-0.09
1783986249.3161,16:44:09.316,0.85,0.53,-0.10
1783986249.8162,16:44:09.816,0.85,0.51,-0.09
1783986250.3161,16:44:10.316,0.87,0.49,-0.07
1783986250.8154,16:44:10.815,0.88,0.48,-0.06
1783986251.3152,16:44:11.315,0.90,0.44,-0.02
1783986251.8149,16:44:11.814,0.90,0.43,-0.01
1783986252.3143,16:44:12.314,0.91,0.42,0.00
1783986252.8143,16:44:12.814,0.91,0.40,0.02
1783986253.3146,16:44:13.314,0.79,0.60,-0.16
1783986253.8138,16:44:13.813,0.80,0.59,-0.15
1783986254.3139,16:44:14.313,0.80,0.59,-0.15
1783986254.8139,16:44:14.813,0.82,0.56,-0.13
1783986255.3132,16:44:15.313,0.84,0.54,-0.12
1783986255.8134,16:44:15.813,0.84,0.53,-0.11
1783986256.3135,16:44:16.313,0.84,0.53,-0.10
1783986256.8127,16:44:16.812,0.84,0.53,-0.10
1783986257.313,16:44:17.313,0.83,0.55,-0.13
1783986257.813,16:44:17.813,0.81,0.57,-0.16
1783986258.3123,16:44:18.312,0.76,0.62,-0.21
1783986258.8125,16:44:18.812,0.76,0.61,-0.22
1783986259.3124,16:44:19.312,0.75,0.62,-0.23
1783986259.812,16:44:19.812,0.73,0.63,-0.26
1783986260.3125,16:44:20.312,0.73,0.63,-0.27
1783986260.8125,16:44:20.812,0.92,0.38,-0.03
1783986261.3118,16:44:21.311,0.96,0.29,0.04
1783986261.8114,16:44:21.811,0.96,0.27,0.04
1783986262.3116,16:44:22.311,0.96,0.28,0.05
1783986262.8117,16:44:22.811,0.94,0.35,0.00
1783986263.3112,16:44:23.311,0.93,0.36,0.00
1783986263.8117,16:44:23.811,0.93,0.38,-0.01
1783986264.3117,16:44:24.311,0.93,0.36,0.02
1783986264.811,16:44:24.811,0.93,0.37,0.02
1783986265.3112,16:44:25.311,0.93,0.37,0.02
1783986265.8111,16:44:25.811,0.93,0.38,0.02
1783986266.3105,16:44:26.310,0.94,0.33,0.05
1783986266.8106,16:44:26.810,0.95,0.31,0.06
1783986267.31,16:44:27.310,0.95,0.32,0.05
1783986267.8095,16:44:27.809,0.94,0.32,0.06
1783986268.3099,16:44:28.309,0.94,0.32,0.07
1783986268.8098,16:44:28.809,0.95,0.31,0.08
1783986269.3094,16:44:29.309,0.96,0.23,0.13
1783986269.8093,16:44:29.809,0.96,0.24,0.13
1783986270.3093,16:44:30.309,0.96,0.27,0.11
1783986270.8086,16:44:30.808,0.95,0.30,0.09
1783986271.3084,16:44:31.308,0.94,0.33,0.06
1783986271.8086,16:44:31.808,0.93,0.35,0.03
1783986272.3086,16:44:32.308,0.92,0.38,0.01
1783986272.8088,16:44:32.808,0.92,0.40,0.01
1783986273.3093,16:44:33.309,0.90,0.43,0.00
1783986273.8087,16:44:33.808,0.90,0.44,-0.02
1783986274.3084,16:44:34.308,0.88,0.48,-0.05
1783986274.8082,16:44:34.808,0.89,0.46,-0.04
1783986275.3079,16:44:35.307,0.90,0.44,-0.02
1783986275.8081,16:44:35.808,0.91,0.41,0.01
1783986276.3081,16:44:36.308,0.94,0.35,0.05
1783986276.8076,16:44:36.807,0.87,0.48,-0.08
1783986277.3071,16:44:37.307,0.89,0.46,-0.07
1783986277.8069,16:44:37.806,0.89,0.45,-0.07
1783986278.3069,16:44:38.306,0.88,0.46,-0.09
1783986278.8061,16:44:38.806,0.82,0.54,-0.17
1783986279.3062,16:44:39.306,0.77,0.60,-0.22
1783986279.806,16:44:39.806,0.92,0.38,-0.01
1783986280.3057,16:44:40.305,0.93,0.35,0.03
1783986280.8061,16:44:40.806,0.96,0.27,0.09
1783986281.3056,16:44:41.305,0.97,0.25,0.08
1783986281.805,16:44:41.805,0.87,0.49,-0.11
1783986282.305,16:44:42.305,0.86,0.50,-0.12
1783986282.8053,16:44:42.805,0.86,0.50,-0.12
1783986283.3045,16:44:43.304,0.86,0.50,-0.11
1783986283.8046,16:44:43.804,0.87,0.48,-0.09
1783986284.3044,16:44:44.304,0.87,0.48,-0.09
1783986284.8041,16:44:44.804,0.88,0.47,-0.09
1783986285.3039,16:44:45.303,0.88,0.47,-0.09
1783986285.8039,16:44:45.803,0.85,0.50,-0.13
1783986286.3031,16:44:46.303,0.83,0.54,-0.14
1783986286.8037,16:44:46.803,0.77,0.60,-0.21
1783986287.3037,16:44:47.303,0.76,0.61,-0.23
1783986287.803,16:44:47.803,0.74,0.62,-0.26
1783986288.303,16:44:48.303,0.79,0.57,-0.23
1783986288.803,16:44:48.803,0.79,0.57,-0.23
1783986289.3022,16:44:49.302,0.73,0.62,-0.28
1783986289.8021,16:44:49.802,0.71,0.64,-0.29
1783986290.3028,16:44:50.302,0.71,0.64,-0.29
1783986290.8029,16:44:50.802,0.73,0.64,-0.25
1783986291.3025,16:44:51.302,0.78,0.60,-0.18
1783986291.8027,16:44:51.802,0.96,0.27,0.10
1783986292.3024,16:44:52.302,0.95,0.28,0.09
1783986292.802,16:44:52.802,0.74,0.63,-0.21
1783986293.3025,16:44:53.302,0.75,0.63,-0.21
1783986293.8019,16:44:53.801,0.76,0.62,-0.22
1783986294.3018,16:44:54.301,0.75,0.62,-0.22
1783986294.8022,16:44:54.802,0.75,0.62,-0.21
1783986295.3015,16:44:55.301,0.95,0.32,0.04
1783986295.8009,16:44:55.800,0.95,0.30,0.06
1783986296.3014,16:44:56.301,0.95,0.29,0.08
1783986296.8008,16:44:56.800,0.95,0.31,0.08
1783986297.3005,16:44:57.300,0.94,0.33,0.07
1783986297.8009,16:44:57.800,0.94,0.33,0.07
1783986298.3006,16:44:58.300,0.94,0.33,0.07
1783986298.8002,16:44:58.800,0.94,0.32,0.08
1783986299.3007,16:44:59.300,0.93,0.36,0.05
1783986299.8005,16:44:59.800,0.92,0.39,0.02
1783986300.2998,16:45:00.299,0.92,0.39,0.03
1783986300.7999,16:45:00.799,0.93,0.37,0.03
1783986301.2997,16:45:01.299,0.92,0.38,0.03
1783986301.7993,16:45:01.799,0.90,0.43,-0.01
1783986302.2991,16:45:02.299,0.88,0.47,-0.04
1783986302.7994,16:45:02.799,0.88,0.47,-0.03
1783986303.299,16:45:03.299,0.89,0.46,-0.02
1783986303.7991,16:45:03.799,0.72,0.65,-0.23
1783986304.2993,16:45:04.299,0.73,0.65,-0.23
1783986304.7988,16:45:04.798,0.71,0.66,-0.23
1783986305.299,16:45:05.299,0.73,0.64,-0.22
1783986305.7993,16:45:05.799,0.77,0.61,-0.19
1783986306.2987,16:45:06.298,0.78,0.60,-0.19
1783986306.7988,16:45:06.798,0.78,0.60,-0.19
1783986307.2987,16:45:07.298,0.76,0.61,-0.20
1783986307.798,16:45:07.798,0.92,0.40,0.01
1783986308.2972,16:45:08.297,0.93,0.35,0.05
1783986308.7971,16:45:08.797,0.80,0.58,-0.16
1783986309.2967,16:45:09.296,0.76,0.62,-0.20
1783986309.7964,16:45:09.796,0.76,0.62,-0.22
1783986310.2964,16:45:10.296,0.75,0.61,-0.24
1783986310.7962,16:45:10.796,0.74,0.63,-0.25
1783986311.2959,16:45:11.295,0.74,0.63,-0.24
1783986311.7961,16:45:11.796,0.74,0.63,-0.22
1783986312.2964,16:45:12.296,0.77,0.61,-0.20
1783986312.7956,16:45:12.795,0.77,0.61,-0.20
1783986313.2958,16:45:13.295,0.75,0.62,-0.23
1783986313.7954,16:45:13.795,0.74,0.63,-0.24
1783986314.2953,16:45:14.295,0.72,0.64,-0.26
1783986314.7955,16:45:14.795,0.71,0.66,-0.26
1783986315.2955,16:45:15.295,0.68,0.68,-0.27
1783986315.795,16:45:15.795,0.67,0.69,-0.29
1783986316.2951,16:45:16.295,0.66,0.69,-0.28
1783986316.7953,16:45:16.795,0.68,0.68,-0.27
1783986317.2948,16:45:17.294,0.71,0.67,-0.23
1783986317.7948,16:45:17.794,0.73,0.65,-0.21
1783986318.2955,16:45:18.295,0.73,0.65,-0.22
1783986318.7947,16:45:18.794,0.75,0.62,-0.20
1783986319.2946,16:45:19.294,0.96,0.26,0.12
1783986319.7946,16:45:19.794,0.96,0.26,0.12
1783986320.2938,16:45:20.293,0.82,0.56,-0.14
1783986320.7939,16:45:20.793,0.79,0.58,-0.17
1783986321.2941,16:45:21.294,0.77,0.61,-0.20
1783986321.7934,16:45:21.793,0.72,0.65,-0.24
1783986322.2934,16:45:22.293,0.69,0.67,-0.27
1783986322.7933,16:45:22.793,0.94,0.35,0.00
1783986323.2923,16:45:23.292,0.68,0.66,-0.30
1783986323.7923,16:45:23.792,0.68,0.67,-0.30
1783986324.2927,16:45:24.292,0.71,0.64,-0.28
1783986324.7924,16:45:24.792,0.73,0.63,-0.25
1783986325.2918,16:45:25.291,0.75,0.62,-0.23
1783986325.7923,16:45:25.792,0.78,0.59,-0.20
1783986326.2917,16:45:26.291,0.77,0.60,-0.20
1783986326.7916,16:45:26.791,0.75,0.62,-0.22
1783986327.2916,16:45:27.291,0.75,0.63,-0.21
1783986327.7907,16:45:27.790,0.95,0.29,0.10
1783986328.2903,16:45:28.290,0.95,0.28,0.12
1783986328.7912,16:45:28.791,0.95,0.31,0.10
1783986329.2912,16:45:29.291,0.94,0.34,0.08
1783986329.7908,16:45:29.790,0.93,0.35,0.06
1783986330.2912,16:45:30.291,0.93,0.36,0.05
1783986330.7904,16:45:30.790,0.82,0.56,-0.14
1783986331.2898,16:45:31.289,0.78,0.60,-0.18
1783986331.7894,16:45:31.789,0.76,0.61,-0.21
1783986332.2891,16:45:32.289,0.75,0.62,-0.23
1783986332.7883,16:45:32.788,0.75,0.63,-0.22
1783986333.289,16:45:33.289,0.75,0.62,-0.22
1783986333.7894,16:45:33.789,0.78,0.59,-0.20
1783986334.2891,16:45:34.289,0.94,0.33,0.04
1783986334.7893,16:45:34.789,0.94,0.34,0.03
1783986335.2898,16:45:35.289,0.79,0.58,-0.20
1783986335.7892,16:45:35.789,0.74,0.63,-0.26
1783986336.2891,16:45:36.289,0.76,0.61,-0.24
1783986336.7891,16:45:36.789,0.76,0.61,-0.23
1783986337.2888,16:45:37.288,0.79,0.59,-0.20
1783986337.7884,16:45:37.788,0.79,0.59,-0.20
1783986338.2887,16:45:38.288,0.79,0.59,-0.19
1783986338.7881,16:45:38.788,0.75,0.63,-0.21
1783986339.288,16:45:39.288,0.74,0.63,-0.23
1783986339.788,16:45:39.788,0.75,0.63,-0.23
1783986340.2878,16:45:40.287,0.79,0.59,-0.19
1783986340.7879,16:45:40.787,0.79,0.58,-0.19
1783986341.2883,16:45:41.288,0.79,0.58,-0.20
1783986341.7878,16:45:41.787,0.78,0.59,-0.20
1783986342.2872,16:45:42.287,0.78,0.59,-0.21
1783986342.7877,16:45:42.787,0.79,0.58,-0.21
1783986343.2869,16:45:43.286,0.78,0.59,-0.22
1783986343.7862,16:45:43.786,0.77,0.59,-0.22
1783986344.2862,16:45:44.286,0.76,0.60,-0.24
1783986344.7861,16:45:44.786,0.76,0.60,-0.24
1783986345.2859,16:45:45.285,0.76,0.61,-0.24
1783986345.7862,16:45:45.786,0.74,0.63,-0.24
1783986346.286,16:45:46.286,0.74,0.63,-0.24
1783986346.7857,16:45:46.785,0.75,0.62,-0.24
1783986347.2851,16:45:47.285,0.78,0.59,-0.21
1783986347.7852,16:45:47.785,0.77,0.60,-0.21
1783986348.2849,16:45:48.284,0.77,0.59,-0.23
1783986348.7846,16:45:48.784,0.77,0.60,-0.22
1783986349.2849,16:45:49.284,0.78,0.59,-0.20
1783986349.7843,16:45:49.784,0.78,0.59,-0.20
1783986350.2846,16:45:50.284,0.79,0.58,-0.20
1783986350.785,16:45:50.785,0.80,0.57,-0.18
1783986351.2847,16:45:51.284,0.80,0.57,-0.18
1783986351.7845,16:45:51.784,0.81,0.56,-0.15
1783986352.2846,16:45:52.284,0.81,0.57,-0.16
1783986352.784,16:45:52.784,0.81,0.57,-0.17
1783986353.2841,16:45:53.284,0.81,0.57,-0.18
1783986353.7837,16:45:53.783,0.80,0.57,-0.18
1783986354.2836,16:45:54.283,0.80,0.57,-0.18
1783986354.7834,16:45:54.783,0.79,0.58,-0.18
1783986355.2841,16:45:55.284,0.79,0.58,-0.18
1783986355.7835,16:45:55.783,0.80,0.57,-0.17
1783986356.2834,16:45:56.283,0.81,0.56,-0.16
1783986356.7828,16:45:56.782,0.81,0.55,-0.17
1783986357.2823,16:45:57.282,0.82,0.54,-0.16
1783986357.7823,16:45:57.782,0.83,0.53,-0.15
1783986358.2826,16:45:58.282,0.83,0.54,-0.15
1783986358.7822,16:45:58.782,0.81,0.56,-0.16
1783986359.2816,16:45:59.281,0.81,0.56,-0.17
1783986359.7823,16:45:59.782,0.85,0.52,-0.13
1783986360.2817,16:46:00.281,0.84,0.52,-0.15
1783986360.7812,16:46:00.781,0.82,0.54,-0.19
1783986361.2812,16:46:01.281,0.78,0.58,-0.21
1783986361.7813,16:46:01.781,0.79,0.58,-0.20
1783986362.2805,16:46:02.280,0.96,0.29,0.08
1783986362.7804,16:46:02.780,0.96,0.26,0.10
1783986363.2802,16:46:03.280,0.96,0.26,0.10
1783986363.7801,16:46:03.780,0.96,0.27,0.10
1783986364.2803,16:46:04.280,0.96,0.26,0.10
1783986364.7802,16:46:04.780,0.96,0.28,0.09
1783986365.2801,16:46:05.280,0.95,0.31,0.08
1783986365.7803,16:46:05.780,0.79,0.59,-0.17
1783986366.2795,16:46:06.279,0.82,0.55,-0.15
1783986366.7788,16:46:06.778,0.82,0.55,-0.15
1783986367.2784,16:46:07.278,0.81,0.57,-0.16
1783986367.7781,16:46:07.778,0.80,0.57,-0.16
1783986368.2773,16:46:08.277,0.95,0.30,0.06
1783986368.7773,16:46:08.777,0.95,0.31,0.06
1783986369.2774,16:46:09.277,0.94,0.34,0.02
1783986369.7769,16:46:09.776,0.93,0.38,0.00
1783986370.277,16:46:10.277,0.92,0.39,-0.01
1783986370.7774,16:46:10.777,0.93,0.37,0.03
1783986371.2773,16:46:11.277,0.92,0.38,0.03
1783986371.7771,16:46:11.777,0.77,0.61,-0.18
1783986372.278,16:46:12.278,0.77,0.61,-0.18
1783986372.7782,16:46:12.778,0.75,0.62,-0.20
1783986373.2779,16:46:13.277,0.73,0.64,-0.22
1783986373.7779,16:46:13.777,0.74,0.64,-0.21
1783986374.277,16:46:14.277,0.76,0.62,-0.19
1783986374.7762,16:46:14.776,0.79,0.59,-0.16
1783986375.2763,16:46:15.276,0.81,0.57,-0.14
1783986375.7765,16:46:15.776,0.81,0.57,-0.15
1783986376.2765,16:46:16.276,0.83,0.54,-0.13
1783986376.7767,16:46:16.776,0.84,0.53,-0.12
1783986377.2768,16:46:17.276,0.85,0.51,-0.12
1783986377.7765,16:46:17.776,0.86,0.49,-0.12
1783986378.2767,16:46:18.276,0.86,0.49,-0.12
1783986378.7764,16:46:18.776,0.84,0.53,-0.13
1783986379.2756,16:46:19.275,0.76,0.61,-0.21
1783986379.7761,16:46:19.776,0.76,0.62,-0.21
1783986380.2765,16:46:20.276,0.74,0.63,-0.22
1783986380.7764,16:46:20.776,0.76,0.62,-0.21
1783986381.2763,16:46:21.276,0.73,0.64,-0.23
1783986381.776,16:46:21.776,0.74,0.64,-0.22
1783986382.2754,16:46:22.275,0.78,0.60,-0.18
1783986382.7757,16:46:22.775,0.81,0.57,-0.14
1783986383.2751,16:46:23.275,0.81,0.57,-0.16
1783986383.7746,16:46:23.774,0.85,0.52,-0.13
1783986384.2742,16:46:24.274,0.86,0.49,-0.11
1783986384.7743,16:46:24.774,0.91,0.42,-0.05
1783986385.2741,16:46:25.274,0.91,0.41,-0.05
1783986385.7736,16:46:25.773,0.87,0.49,-0.11
1783986386.2738,16:46:26.273,0.83,0.53,-0.15
1783986386.7733,16:46:26.773,0.83,0.54,-0.14
1783986387.2729,16:46:27.272,0.83,0.53,-0.14
1783986387.7729,16:46:27.772,0.84,0.53,-0.11
1783986388.2728,16:46:28.272,0.83,0.55,-0.12
1783986388.7722,16:46:28.772,0.83,0.55,-0.11
1783986389.2727,16:46:29.272,0.82,0.55,-0.12
1783986389.7721,16:46:29.772,0.83,0.55,-0.12
1783986390.2712,16:46:30.271,0.84,0.53,-0.11
1783986390.772,16:46:30.772,0.85,0.52,-0.10
1783986391.2719,16:46:31.271,0.84,0.53,-0.11
1783986391.7715,16:46:31.771,0.83,0.54,-0.11
1783986392.2718,16:46:32.271,0.82,0.56,-0.13
1783986392.7714,16:46:32.771,0.80,0.58,-0.15
1783986393.2713,16:46:33.271,0.80,0.58,-0.14
1783986393.7713,16:46:33.771,0.78,0.61,-0.16
1783986394.2714,16:46:34.271,0.77,0.62,-0.17
1783986394.771,16:46:34.771,0.78,0.60,-0.15
1783986395.271,16:46:35.271,0.79,0.59,-0.15
1783986395.7712,16:46:35.771,0.79,0.59,-0.15
1783986396.2707,16:46:36.270,0.79,0.60,-0.15
1783986396.7709,16:46:36.770,0.78,0.60,-0.17
1783986397.2709,16:46:37.270,0.76,0.62,-0.18
1783986397.77,16:46:37.770,0.76,0.63,-0.18
1783986398.2702,16:46:38.270,0.79,0.60,-0.16
1783986398.7703,16:46:38.770,0.79,0.60,-0.16
1783986399.2696,16:46:39.269,0.78,0.60,-0.16
1783986399.7693,16:46:39.769,0.77,0.61,-0.19
1783986400.2693,16:46:40.269,0.76,0.62,-0.20
1783986400.7691,16:46:40.769,0.78,0.60,-0.18
1783986401.2681,16:46:41.268,0.80,0.59,-0.15
1783986401.768,16:46:41.768,0.80,0.58,-0.14
1783986402.2675,16:46:42.267,0.86,0.50,-0.08
1783986402.767,16:46:42.767,0.89,0.45,-0.03
1783986403.267,16:46:43.267,0.90,0.44,-0.02
1783986403.7667,16:46:43.766,0.91,0.42,-0.02
1783986404.2661,16:46:44.266,0.91,0.41,-0.01
1783986404.7662,16:46:44.766,0.90,0.43,-0.03
1783986405.2659,16:46:45.265,0.91,0.42,-0.04
1783986405.7654,16:46:45.765,0.91,0.41,-0.02
1783986406.2654,16:46:46.265,0.92,0.39,-0.01
1783986406.7654,16:46:46.765,0.92,0.40,-0.01
1783986407.2648,16:46:47.264,0.88,0.47,-0.06
1783986407.765,16:46:47.765,0.80,0.58,-0.15
1783986408.2653,16:46:48.265,0.77,0.61,-0.20
1783986408.7649,16:46:48.764,0.95,0.29,0.07
1783986409.2652,16:46:49.265,0.95,0.30,0.07
1783986409.766,16:46:49.766,0.76,0.61,-0.19
1783986410.2655,16:46:50.265,0.76,0.62,-0.20
1783986410.7653,16:46:50.765,0.77,0.61,-0.19
1783986411.265,16:46:51.265,0.76,0.62,-0.19
1783986411.7646,16:46:51.764,0.76,0.62,-0.20
1783986412.2645,16:46:52.264,0.77,0.61,-0.20
1783986412.7647,16:46:52.764,0.77,0.61,-0.21
1783986413.2646,16:46:53.264,0.76,0.62,-0.21
1783986413.764,16:46:53.764,0.82,0.56,-0.16
1783986414.2644,16:46:54.264,0.87,0.48,-0.09
1783986414.764,16:46:54.764,0.88,0.47,-0.09
1783986415.2637,16:46:55.263,0.88,0.47,-0.08
1783986415.7639,16:46:55.763,0.89,0.45,-0.08
1783986416.2634,16:46:56.263,0.89,0.45,-0.08
1783986416.763,16:46:56.763,0.85,0.52,-0.12
1783986417.2634,16:46:57.263,0.81,0.57,-0.14
1783986417.7631,16:46:57.763,0.81,0.57,-0.14
1783986418.2631,16:46:58.263,0.81,0.56,-0.15
1783986418.7632,16:46:58.763,0.81,0.56,-0.15
1783986419.2626,16:46:59.262,0.79,0.59,-0.17
1783986419.7617,16:46:59.761,0.79,0.59,-0.17
1783986420.2621,16:47:00.262,0.79,0.59,-0.17
1783986420.7624,16:47:00.762,0.81,0.57,-0.15
1783986421.2618,16:47:01.261,0.80,0.58,-0.16
1783986421.7619,16:47:01.761,0.79,0.58,-0.18
1783986422.2616,16:47:02.261,0.79,0.59,-0.18
1783986422.7618,16:47:02.761,0.80,0.58,-0.17
1783986423.2618,16:47:03.261,0.80,0.58,-0.17
1783986423.7619,16:47:03.761,0.80,0.57,-0.16
1783986424.2615,16:47:04.261,0.81,0.57,-0.15
1783986424.7618,16:47:04.761,0.80,0.58,-0.15
1783986425.2618,16:47:05.261,0.81,0.57,-0.15
1783986425.7615,16:47:05.761,0.84,0.53,-0.12
1783986426.2615,16:47:06.261,0.89,0.45,-0.05
1783986426.7613,16:47:06.761,0.89,0.45,-0.05
1783986427.2606,16:47:07.260,0.87,0.49,-0.08
1783986427.7602,16:47:07.760,0.86,0.50,-0.08
1783986428.2603,16:47:08.260,0.86,0.51,-0.09
1783986428.7596,16:47:08.759,0.83,0.54,-0.11
1783986429.2595,16:47:09.259,0.83,0.54,-0.13
1783986429.7599,16:47:09.759,0.81,0.56,-0.14
1783986430.2594,16:47:10.259,0.80,0.58,-0.17
1783986430.7592,16:47:10.759,0.76,0.62,-0.21
1783986431.2589,16:47:11.258,0.73,0.64,-0.23
1783986431.7587,16:47:11.758,0.73,0.64,-0.23
1783986432.2582,16:47:12.258,0.73,0.64,-0.24
1783986432.7584,16:47:12.758,0.72,0.64,-0.26
1783986433.2583,16:47:13.258,0.73,0.64,-0.24
1783986433.7583,16:47:13.758,0.75,0.63,-0.22
1783986434.2588,16:47:14.258,0.76,0.62,-0.20
1783986434.758,16:47:14.758,0.77,0.61,-0.20
1783986435.2575,16:47:15.257,0.77,0.61,-0.19
1783986435.7575,16:47:15.757,0.80,0.58,-0.16
1783986436.2576,16:47:16.257,0.81,0.57,-0.14
1783986436.7573,16:47:16.757,0.82,0.56,-0.13
1783986437.2573,16:47:17.257,0.81,0.56,-0.14
1783986437.7576,16:47:17.757,0.81,0.56,-0.16
1783986438.2568,16:47:18.256,0.82,0.55,-0.14
1783986438.7565,16:47:18.756,0.83,0.55,-0.14
1783986439.2567,16:47:19.256,0.83,0.54,-0.13
1783986439.756,16:47:19.756,0.84,0.53,-0.12
1783986440.256,16:47:20.256,0.82,0.56,-0.15
1783986440.7563,16:47:20.756,0.81,0.56,-0.15
1783986441.2557,16:47:21.255,0.81,0.57,-0.16
1783986441.7556,16:47:21.755,0.78,0.59,-0.18
1783986442.2558,16:47:22.255,0.78,0.59,-0.18
1783986442.7551,16:47:22.755,0.79,0.58,-0.19
1783986443.2547,16:47:23.254,0.81,0.56,-0.17
1783986443.7546,16:47:23.754,0.81,0.56,-0.16
1783986444.254,16:47:24.254,0.87,0.49,-0.08
1783986444.7539,16:47:24.753,0.87,0.49,-0.08
1783986445.2539,16:47:25.253,0.80,0.57,-0.16
1783986445.7536,16:47:25.753,0.79,0.59,-0.18
1783986446.2532,16:47:26.253,0.79,0.59,-0.17
1783986446.7538,16:47:26.753,0.79,0.59,-0.17
1783986447.2535,16:47:27.253,0.79,0.59,-0.17
1783986447.7535,16:47:27.753,0.83,0.54,-0.12
1783986448.254,16:47:28.254,0.87,0.49,-0.07
1783986448.7534,16:47:28.753,0.87,0.49,-0.07
1783986449.2533,16:47:29.253,0.87,0.49,-0.07
1783986449.7532,16:47:29.753,0.87,0.49,-0.07
1783986450.2526,16:47:30.252,0.86,0.50,-0.08
1783986450.7518,16:47:30.751,0.85,0.51,-0.10
1783986451.2521,16:47:31.252,0.85,0.51,-0.10
1783986451.7515,16:47:31.751,0.87,0.49,-0.09
1783986452.2515,16:47:32.251,0.87,0.48,-0.09
1783986452.7517,16:47:32.751,0.84,0.52,-0.13
1783986453.2518,16:47:33.251,0.84,0.52,-0.13
1783986453.7514,16:47:33.751,0.85,0.51,-0.12
1783986454.2513,16:47:34.251,0.87,0.49,-0.10
1783986454.7517,16:47:34.751,0.97,0.20,0.15
1783986455.2508,16:47:35.250,0.97,0.21,0.15
1783986455.751,16:47:35.751,0.96,0.23,0.14
1783986456.2512,16:47:36.251,0.96,0.25,0.13
1783986456.7509,16:47:36.750,0.96,0.27,0.11
1783986457.2505,16:47:37.250,0.94,0.32,0.08
1783986457.7504,16:47:37.750,0.94,0.32,0.08
1783986458.2496,16:47:38.249,0.94,0.33,0.06
1783986458.7495,16:47:38.749,0.94,0.34,0.07
1783986459.2497,16:47:39.249,0.94,0.32,0.07
1783986459.7492,16:47:39.749,0.95,0.29,0.08
1783986460.2494,16:47:40.249,0.95,0.29,0.09
1783986460.75,16:47:40.750,0.95,0.31,0.08
1783986461.2494,16:47:41.249,0.95,0.32,0.07
1783986461.7489,16:47:41.748,0.95,0.32,0.07
1783986462.2489,16:47:42.248,0.94,0.33,0.06
1783986462.7482,16:47:42.748,0.94,0.33,0.04
1783986463.248,16:47:43.248,0.94,0.34,0.03
1783986463.7481,16:47:43.748,0.95,0.29,0.08
1783986464.2479,16:47:44.247,0.95,0.31,0.07
1783986464.7478,16:47:44.747,0.95,0.32,0.06
1783986465.2478,16:47:45.247,0.94,0.33,0.06
1783986465.7478,16:47:45.747,0.94,0.33,0.06
1783986466.2474,16:47:46.247,0.94,0.32,0.07
1783986466.7476,16:47:46.747,0.94,0.32,0.07
1783986467.2475,16:47:47.247,0.94,0.33,0.07
1783986467.7472,16:47:47.747,0.95,0.30,0.10
1783986468.2473,16:47:48.247,0.95,0.29,0.11
1783986468.7473,16:47:48.747,0.95,0.29,0.12
1783986469.2472,16:47:49.247,0.95,0.27,0.13
1783986469.7472,16:47:49.747,0.95,0.28,0.13
1783986470.2473,16:47:50.247,0.90,0.44,-0.03
1783986470.7467,16:47:50.746,0.90,0.43,-0.03
1783986471.2468,16:47:51.246,0.90,0.43,-0.02
1783986471.7466,16:47:51.746,0.90,0.43,-0.02
1783986472.2461,16:47:52.246,0.88,0.48,-0.07
1783986472.7455,16:47:52.745,0.82,0.56,-0.14
1783986473.2458,16:47:53.245,0.83,0.54,-0.13
1783986473.7452,16:47:53.745,0.83,0.54,-0.13
1783986474.2449,16:47:54.244,0.93,0.37,0.03
1783986474.7449,16:47:54.744,0.92,0.38,0.04
1783986475.2443,16:47:55.244,0.93,0.37,0.04
1783986475.7442,16:47:55.744,0.93,0.35,0.04
1783986476.2442,16:47:56.244,0.93,0.35,0.04
1783986476.7433,16:47:56.743,0.84,0.52,-0.13
1783986477.2429,16:47:57.242,0.81,0.57,-0.16
1783986477.7433,16:47:57.743,0.78,0.60,-0.19
1783986478.2427,16:47:58.242,0.75,0.63,-0.21
1783986478.7428,16:47:58.742,0.74,0.64,-0.21
1783986479.2432,16:47:59.243,0.74,0.64,-0.21
1783986479.7435,16:47:59.743,0.76,0.61,-0.19
1783986480.2431,16:48:00.243,0.79,0.59,-0.18
1783986480.7436,16:48:00.743,0.81,0.57,-0.15
1783986481.243,16:48:01.243,0.80,0.58,-0.15
1783986481.7423,16:48:01.742,0.78,0.60,-0.18
1783986482.2423,16:48:02.242,0.77,0.61,-0.19
1783986482.7421,16:48:02.742,0.76,0.62,-0.19
1783986483.2413,16:48:03.241,0.77,0.60,-0.20
1783986483.7418,16:48:03.741,0.79,0.58,-0.18
1783986484.2415,16:48:04.241,0.80,0.57,-0.16
1783986484.7409,16:48:04.740,0.91,0.41,0.00
1783986485.2414,16:48:05.241,0.91,0.41,0.02
1783986485.7414,16:48:05.741,0.90,0.43,0.01
1783986486.2411,16:48:06.241,0.90,0.44,-0.01
1783986486.741,16:48:06.741,0.89,0.45,-0.02
1783986487.2415,16:48:07.241,0.89,0.45,-0.01
1783986487.7406,16:48:07.740,0.88,0.47,-0.04
1783986488.2405,16:48:08.240,0.88,0.47,-0.05
1783986488.7403,16:48:08.740,0.89,0.46,-0.04
1783986489.2398,16:48:09.239,0.88,0.48,-0.05
1783986489.7402,16:48:09.740,0.90,0.44,-0.02
1783986490.2401,16:48:10.240,0.90,0.44,-0.02
1783986490.7393,16:48:10.739,0.90,0.44,-0.01
1783986491.2395,16:48:11.239,0.90,0.43,-0.01
1783986491.7395,16:48:11.739,0.92,0.40,0.01
1783986492.2386,16:48:12.238,0.92,0.39,0.01
1783986492.7384,16:48:12.738,0.92,0.39,0.02
1783986493.2391,16:48:13.239,0.92,0.40,0.02
1783986493.7383,16:48:13.738,0.94,0.34,0.06
1783986494.238,16:48:14.238,0.94,0.34,0.06
1783986494.7384,16:48:14.738,0.94,0.35,0.06
1783986495.238,16:48:15.238,0.93,0.36,0.06
1783986495.7379,16:48:15.737,0.96,0.27,0.12
1783986496.2383,16:48:16.238,0.96,0.27,0.12
1783986496.7382,16:48:16.738,0.96,0.27,0.11
1783986497.2376,16:48:17.237,0.95,0.31,0.08
1783986497.7375,16:48:17.737,0.94,0.33,0.07
1783986498.2375,16:48:18.237,0.92,0.38,0.04
1783986498.7368,16:48:18.736,0.92,0.40,0.02
1783986499.237,16:48:19.237,0.92,0.39,0.03
1783986499.737,16:48:19.737,0.91,0.40,0.01
1783986500.237,16:48:20.237,0.92,0.40,0.01
1783986500.7373,16:48:20.737,0.92,0.38,0.02
1783986501.237,16:48:21.237,0.92,0.39,0.01
1783986501.7367,16:48:21.736,0.93,0.38,0.02
1783986502.2369,16:48:22.236,0.92,0.39,0.02
1783986502.737,16:48:22.737,0.91,0.42,-0.01
1783986503.2364,16:48:23.236,0.91,0.42,0.00
1783986503.7362,16:48:23.736,0.92,0.40,0.01
1783986504.2362,16:48:24.236,0.92,0.39,0.03
1783986504.7354,16:48:24.735,0.92,0.38,0.02
1783986505.2353,16:48:25.235,0.92,0.39,0.02
1783986505.7354,16:48:25.735,0.93,0.38,0.02
1783986506.2349,16:48:26.234,0.93,0.37,0.03
1783986506.7345,16:48:26.734,0.93,0.36,0.03
1783986507.235,16:48:27.235,0.93,0.38,0.01
1783986507.7344,16:48:27.734,0.92,0.39,0.01
1783986508.2342,16:48:28.234,0.79,0.59,-0.18
1783986508.7346,16:48:28.734,0.82,0.55,-0.15
1783986509.234,16:48:29.234,0.82,0.56,-0.14
1783986509.7334,16:48:29.733,0.82,0.56,-0.14
1783986510.2337,16:48:30.233,0.81,0.56,-0.15
1783986510.7335,16:48:30.733,0.81,0.57,-0.15
1783986511.2332,16:48:31.233,0.95,0.32,0.08
1783986511.7337,16:48:31.733,0.96,0.25,0.10
1783986512.2336,16:48:32.233,0.96,0.25,0.11
1783986512.733,16:48:32.733,0.96,0.26,0.12
1783986513.2333,16:48:33.233,0.96,0.24,0.12
1783986513.7335,16:48:33.733,0.96,0.23,0.14
1783986514.2331,16:48:34.233,0.96,0.23,0.14
1783986514.7334,16:48:34.733,0.95,0.28,0.11
1783986515.2332,16:48:35.233,0.95,0.30,0.09
1783986515.7329,16:48:35.732,0.95,0.31,0.08
1783986516.2329,16:48:36.232,0.96,0.25,0.14
1783986516.7325,16:48:36.732,0.96,0.22,0.16
1783986517.2317,16:48:37.231,0.96,0.22,0.16
1783986517.7318,16:48:37.731,0.96,0.25,0.13
1783986518.2312,16:48:38.231,0.96,0.25,0.12
1783986518.7309,16:48:38.730,0.96,0.25,0.12
1783986519.2313,16:48:39.231,0.96,0.23,0.13
1783986519.7312,16:48:39.731,0.97,0.18,0.16
1783986520.2308,16:48:40.230,0.97,0.13,0.20
1783986520.7307,16:48:40.730,0.97,0.12,0.22
1783986521.2307,16:48:41.230,0.97,0.12,0.21
1783986521.7304,16:48:41.730,0.97,0.15,0.18
1783986522.2296,16:48:42.229,0.97,0.17,0.16
1783986522.7299,16:48:42.729,0.97,0.17,0.15
1783986523.2297,16:48:43.229,0.97,0.17,0.15
1783986523.7289,16:48:43.728,0.97,0.17,0.15
1783986524.2294,16:48:44.229,0.97,0.19,0.14
1783986524.729,16:48:44.729,0.97,0.21,0.12
1783986525.2289,16:48:45.228,0.97,0.23,0.12
1783986525.7293,16:48:45.729,0.80,0.59,-0.14
1783986526.2284,16:48:46.228,0.80,0.58,-0.15
1783986526.7282,16:48:46.728,0.82,0.56,-0.14
1783986527.2285,16:48:47.228,0.86,0.50,-0.10
1783986527.728,16:48:47.728,0.87,0.48,-0.09
1783986528.2273,16:48:48.227,0.89,0.45,-0.06
1783986528.7275,16:48:48.727,0.92,0.39,-0.01
1783986529.2276,16:48:49.227,0.92,0.39,0.00
1783986529.7272,16:48:49.727,0.92,0.39,0.00
1783986530.2275,16:48:50.227,0.91,0.41,-0.02
1783986530.7277,16:48:50.727,0.91,0.42,-0.02
1783986531.2272,16:48:51.227,0.90,0.43,-0.02
1783986531.7268,16:48:51.726,0.91,0.41,-0.01
1783986532.2267,16:48:52.226,0.91,0.41,-0.02
1783986532.7265,16:48:52.726,0.91,0.41,-0.02
1783986533.2266,16:48:53.226,0.91,0.42,-0.01
1783986533.7265,16:48:53.726,0.88,0.47,-0.05
1783986534.2261,16:48:54.226,0.88,0.46,-0.05
1783986534.7256,16:48:54.725,0.88,0.48,-0.07
1783986535.2254,16:48:55.225,0.84,0.53,-0.12
1783986535.7253,16:48:55.725,0.78,0.59,-0.18
1783986536.2253,16:48:56.225,0.93,0.36,0.01
1783986536.7254,16:48:56.725,0.93,0.37,0.01
1783986537.2248,16:48:57.224,0.93,0.36,0.02
1783986537.7245,16:48:57.724,0.76,0.61,-0.21
1783986538.2249,16:48:58.224,0.80,0.58,-0.18
1783986538.7246,16:48:58.724,0.80,0.57,-0.18
1783986539.2242,16:48:59.224,0.80,0.57,-0.18
1783986539.7245,16:48:59.724,0.81,0.56,-0.18
1783986540.2247,16:49:00.224,0.82,0.55,-0.16
1783986540.7242,16:49:00.724,0.83,0.54,-0.16
1783986541.2242,16:49:01.224,0.82,0.55,-0.16
1783986541.7237,16:49:01.723,0.82,0.55,-0.16
1783986542.2231,16:49:02.223,0.96,0.26,0.10
1783986542.7233,16:49:02.723,0.82,0.55,-0.14
1783986543.2234,16:49:03.223,0.85,0.51,-0.12
1783986543.7228,16:49:03.722,0.85,0.51,-0.12
1783986544.2233,16:49:04.223,0.87,0.49,-0.09
1783986544.7227,16:49:04.722,0.88,0.46,-0.07
1783986545.2226,16:49:05.222,0.88,0.47,-0.08
1783986545.7228,16:49:05.722,0.87,0.48,-0.09
1783986546.2229,16:49:06.222,0.85,0.51,-0.12
1783986546.7222,16:49:06.722,0.84,0.52,-0.13
1783986547.2225,16:49:07.222,0.84,0.53,-0.13
1783986547.7223,16:49:07.722,0.84,0.52,-0.13
1783986548.2216,16:49:08.221,0.83,0.54,-0.15
1783986548.7218,16:49:08.721,0.83,0.54,-0.15
1783986549.2218,16:49:09.221,0.82,0.56,-0.16
1783986549.7214,16:49:09.721,0.80,0.58,-0.18
1783986550.2213,16:49:10.221,0.78,0.59,-0.20
1783986550.7215,16:49:10.721,0.74,0.63,-0.24
1783986551.2212,16:49:11.221,0.75,0.62,-0.24
1783986551.721,16:49:11.721,0.95,0.32,0.03
1783986552.2206,16:49:12.220,0.80,0.57,-0.18
1783986552.7204,16:49:12.720,0.82,0.54,-0.16
1783986553.2204,16:49:13.220,0.84,0.53,-0.14
1783986553.7205,16:49:13.720,0.86,0.50,-0.12
1783986554.2201,16:49:14.220,0.86,0.50,-0.11
1783986554.7202,16:49:14.720,0.86,0.49,-0.11
1783986555.22,16:49:15.220,0.86,0.50,-0.11
1783986555.7199,16:49:15.719,0.84,0.52,-0.13
1783986556.2195,16:49:16.219,0.81,0.57,-0.16
1783986556.7196,16:49:16.719,0.80,0.57,-0.18
1783986557.2194,16:49:17.219,0.78,0.60,-0.20
1783986557.7189,16:49:17.718,0.74,0.63,-0.23
1783986558.2189,16:49:18.218,0.75,0.62,-0.23
1783986558.719,16:49:18.719,0.76,0.61,-0.21
1783986559.2182,16:49:19.218,0.81,0.56,-0.16
1783986559.7185,16:49:19.718,0.83,0.54,-0.15
1783986560.2185,16:49:20.218,0.83,0.54,-0.15
1783986560.718,16:49:20.718,0.86,0.49,-0.12
1783986561.2182,16:49:21.218,0.90,0.43,-0.05
1783986561.7177,16:49:21.717,0.90,0.43,-0.04
1783986562.2171,16:49:22.217,0.89,0.46,-0.05
1783986562.7171,16:49:22.717,0.84,0.53,-0.13
1783986563.217,16:49:23.217,0.84,0.53,-0.13
1783986563.7168,16:49:23.716,0.85,0.51,-0.10
1783986564.2173,16:49:24.217,0.86,0.50,-0.11
1783986564.7171,16:49:24.717,0.84,0.53,-0.13
1783986565.2166,16:49:25.216,0.96,0.27,0.11
1783986565.7168,16:49:25.716,0.96,0.26,0.11
1783986566.2167,16:49:26.216,0.96,0.24,0.11
1783986566.7161,16:49:26.716,0.96,0.24,0.12
1783986567.216,16:49:27.216,0.96,0.25,0.10
1783986567.7162,16:49:27.716,0.84,0.53,-0.12
1783986568.2155,16:49:28.215,0.83,0.54,-0.15
1783986568.7155,16:49:28.715,0.83,0.53,-0.15
1783986569.2155,16:49:29.215,0.84,0.52,-0.12
1783986569.7147,16:49:29.714,0.85,0.52,-0.11
1783986570.2142,16:49:30.214,0.84,0.53,-0.11
1783986570.7144,16:49:30.714,0.83,0.54,-0.12
1783986571.2137,16:49:31.213,0.82,0.55,-0.14
1783986571.7133,16:49:31.713,0.82,0.55,-0.14
1783986572.2137,16:49:32.213,0.85,0.51,-0.09
1783986572.7138,16:49:32.713,0.88,0.47,-0.06
1783986573.2136,16:49:33.213,0.87,0.48,-0.06
1783986573.7137,16:49:33.713,0.86,0.51,-0.09
1783986574.2133,16:49:34.213,0.86,0.51,-0.10
1783986574.7128,16:49:34.712,0.87,0.48,-0.06
1783986575.2132,16:49:35.213,0.88,0.47,-0.06
1783986575.7136,16:49:35.713,0.88,0.48,-0.07
1783986576.2126,16:49:36.212,0.84,0.53,-0.12
1783986576.7131,16:49:36.713,0.83,0.55,-0.13
1783986577.2129,16:49:37.212,0.83,0.55,-0.13
1783986577.7124,16:49:37.712,0.87,0.49,-0.08
1783986578.2122,16:49:38.212,0.87,0.48,-0.08
1783986578.7123,16:49:38.712,0.87,0.49,-0.09
1783986579.2119,16:49:39.211,0.87,0.49,-0.09
1783986579.7126,16:49:39.712,0.88,0.47,-0.09
1783986580.2129,16:49:40.212,0.88,0.46,-0.08
1783986580.7118,16:49:40.711,0.88,0.47,-0.09
1783986581.2116,16:49:41.211,0.86,0.50,-0.10
1783986581.712,16:49:41.712,0.84,0.53,-0.13
1783986582.2111,16:49:42.211,0.84,0.52,-0.13
1783986582.7105,16:49:42.710,0.86,0.49,-0.10
1783986583.2106,16:49:43.210,0.88,0.48,-0.09
1783986583.7102,16:49:43.710,0.88,0.47,-0.09
1783986584.2099,16:49:44.209,0.88,0.47,-0.09
1783986584.7103,16:49:44.710,0.86,0.50,-0.11
1783986585.21,16:49:45.210,0.86,0.51,-0.11
1783986585.7096,16:49:45.709,0.85,0.51,-0.11
1783986586.2103,16:49:46.210,0.85,0.51,-0.11
1783986586.7103,16:49:46.710,0.86,0.50,-0.10
1783986587.2102,16:49:47.210,0.89,0.46,-0.07
1783986587.7104,16:49:47.710,0.88,0.46,-0.08
1783986588.2103,16:49:48.210,0.88,0.46,-0.08
1783986588.7101,16:49:48.710,0.88,0.47,-0.08
1783986589.2098,16:49:49.209,0.91,0.41,-0.04
1783986589.7092,16:49:49.709,0.91,0.41,-0.04
1783986590.2091,16:49:50.209,0.89,0.45,-0.06
1783986590.7091,16:49:50.709,0.89,0.45,-0.05
1783986591.2089,16:49:51.208,0.87,0.48,-0.08
1783986591.708,16:49:51.708,0.87,0.48,-0.07
1783986592.208,16:49:52.208,0.87,0.48,-0.07
1783986592.7081,16:49:52.708,0.90,0.42,-0.04
1783986593.2073,16:49:53.207,0.91,0.40,-0.02
1783986593.7072,16:49:53.707,0.92,0.39,0.00
1783986594.2078,16:49:54.207,0.92,0.39,0.00
1783986594.7069,16:49:54.706,0.93,0.37,0.00
1783986595.2069,16:49:55.206,0.93,0.37,0.00
1783986595.7074,16:49:55.707,0.91,0.40,-0.02
1783986596.2064,16:49:56.206,0.88,0.47,-0.09
1783986596.7067,16:49:56.706,0.97,0.23,0.10
1783986597.2065,16:49:57.206,0.97,0.22,0.12
1783986597.7062,16:49:57.706,0.97,0.17,0.16
1783986598.2062,16:49:58.206,0.97,0.12,0.20
1783986598.7067,16:49:58.706,0.97,0.12,0.20
1783986599.2062,16:49:59.206,0.91,0.42,-0.03
1783986599.7059,16:49:59.705,0.90,0.43,-0.03
1783986600.2053,16:50:00.205,0.90,0.43,-0.03
1783986600.7044,16:50:00.704,0.87,0.49,-0.07
1783986601.2042,16:50:01.204,0.85,0.52,-0.09
1783986601.7045,16:50:01.704,0.85,0.52,-0.09
1783986602.2046,16:50:02.204,0.86,0.50,-0.09
1783986602.7042,16:50:02.704,0.86,0.50,-0.09
1783986603.2047,16:50:03.204,0.86,0.50,-0.09
1783986603.7045,16:50:03.704,0.86,0.50,-0.09
1783986604.204,16:50:04.204,0.87,0.48,-0.08
1783986604.7038,16:50:04.703,0.89,0.46,-0.07
1783986605.2041,16:50:05.204,0.91,0.41,-0.03
1783986605.7033,16:50:05.703,0.92,0.38,0.00
1783986606.2038,16:50:06.203,0.93,0.37,0.02
1783986606.7034,16:50:06.703,0.93,0.37,0.01
1783986607.2033,16:50:07.203,0.92,0.40,-0.01
1783986607.7031,16:50:07.703,0.91,0.42,-0.02
1783986608.203,16:50:08.203,0.91,0.42,-0.02
1783986608.7022,16:50:08.702,0.91,0.42,-0.01
1783986609.2023,16:50:09.202,0.90,0.43,-0.02
1783986609.7025,16:50:09.702,0.97,0.17,0.17
1783986610.2016,16:50:10.201,0.97,0.17,0.17
1783986610.7018,16:50:10.701,0.89,0.45,-0.05
1783986611.2018,16:50:11.201,0.88,0.48,-0.07
1783986611.7011,16:50:11.701,0.87,0.48,-0.06
1783986612.2011,16:50:12.201,0.87,0.48,-0.06
1783986612.7016,16:50:12.701,0.88,0.47,-0.06
1783986613.2013,16:50:13.201,0.88,0.47,-0.06
1783986613.7012,16:50:13.701,0.88,0.47,-0.06
1783986614.2014,16:50:14.201,0.87,0.48,-0.07
1783986614.7013,16:50:14.701,0.85,0.51,-0.10
1783986615.2007,16:50:15.200,0.84,0.52,-0.12
1783986615.701,16:50:15.701,0.84,0.53,-0.13
1783986616.2006,16:50:16.200,0.85,0.52,-0.12
1783986616.7001,16:50:16.700,0.85,0.51,-0.11
1783986617.2005,16:50:17.200,0.86,0.50,-0.10
1783986617.7,16:50:17.700,0.86,0.50,-0.10
1783986618.1994,16:50:18.199,0.83,0.54,-0.13
1783986618.6999,16:50:18.699,0.80,0.58,-0.16
1783986619.1993,16:50:19.199,0.78,0.60,-0.19
1783986619.6988,16:50:19.698,0.94,0.35,0.05
1783986620.1994,16:50:20.199,0.93,0.36,0.03
1783986620.6992,16:50:20.699,0.93,0.37,0.02
1783986621.1987,16:50:21.198,0.95,0.31,0.07
1783986621.6985,16:50:21.698,0.94,0.32,0.05
1783986622.1983,16:50:22.198,0.94,0.33,0.04
1783986622.6977,16:50:22.697,0.94,0.35,0.03
1783986623.1974,16:50:23.197,0.94,0.33,0.05
1783986623.6978,16:50:23.697,0.95,0.30,0.08
1783986624.1975,16:50:24.197,0.85,0.52,-0.10
1783986624.6977,16:50:24.697,0.86,0.50,-0.09
1783986625.1974,16:50:25.197,0.86,0.51,-0.09
1783986625.697,16:50:25.697,0.91,0.42,-0.04
1783986626.1975,16:50:26.197,0.92,0.39,-0.02
1783986626.6973,16:50:26.697,0.92,0.39,-0.02
1783986627.1972,16:50:27.197,0.90,0.44,-0.04
1783986627.697,16:50:27.697,0.87,0.49,-0.08
1783986628.1973,16:50:28.197,0.87,0.49,-0.08
1783986628.6969,16:50:28.696,0.87,0.49,-0.08
1783986629.1968,16:50:29.196,0.87,0.49,-0.08
1783986629.6969,16:50:29.696,0.83,0.54,-0.12
1783986630.1966,16:50:30.196,0.84,0.53,-0.12
1783986630.6964,16:50:30.696,0.96,0.27,0.10
1783986631.1968,16:50:31.196,0.96,0.24,0.13
1783986631.6965,16:50:31.696,0.97,0.20,0.16
1783986632.1963,16:50:32.196,0.90,0.42,-0.05
1783986632.696,16:50:32.696,0.89,0.46,-0.08
1783986633.1958,16:50:33.195,0.87,0.48,-0.10
1783986633.6961,16:50:33.696,0.86,0.50,-0.11
1783986634.1963,16:50:34.196,0.86,0.50,-0.11
1783986634.6958,16:50:34.695,0.86,0.50,-0.11
1783986635.1954,16:50:35.195,0.97,0.23,0.13
1783986635.6957,16:50:35.695,0.97,0.21,0.14
1783986636.1953,16:50:36.195,0.97,0.20,0.16
1783986636.6946,16:50:36.694,0.97,0.21,0.16
1783986637.1948,16:50:37.194,0.96,0.27,0.11
1783986637.6943,16:50:37.694,0.86,0.50,-0.09
1783986638.1935,16:50:38.193,0.86,0.50,-0.10
1783986638.6936,16:50:38.693,0.87,0.49,-0.09
1783986639.1932,16:50:39.193,0.88,0.47,-0.08
1783986639.6928,16:50:39.692,0.88,0.47,-0.08
1783986640.1929,16:50:40.192,0.83,0.55,-0.14
1783986640.6932,16:50:40.693,0.80,0.57,-0.17
1783986641.1929,16:50:41.192,0.77,0.61,-0.19
1783986641.6929,16:50:41.692,0.76,0.62,-0.20
1783986642.1924,16:50:42.192,0.76,0.62,-0.20
1783986642.692,16:50:42.692,0.77,0.60,-0.19
1783986643.1916,16:50:43.191,0.78,0.60,-0.19
1783986643.6914,16:50:43.691,0.95,0.31,0.07
1783986644.1911,16:50:44.191,0.95,0.28,0.10
1783986644.6913,16:50:44.691,0.96,0.28,0.09
1783986645.1916,16:50:45.191,0.95,0.28,0.09
1783986645.6908,16:50:45.690,0.95,0.28,0.09
1783986646.1905,16:50:46.190,0.95,0.29,0.10
1783986646.6911,16:50:46.691,0.96,0.26,0.13
1783986647.1904,16:50:47.190,0.96,0.26,0.12
1783986647.6902,16:50:47.690,0.96,0.26,0.13
1783986648.1905,16:50:48.190,0.96,0.27,0.11
1783986648.6905,16:50:48.690,0.95,0.29,0.09
1783986649.1899,16:50:49.189,0.95,0.29,0.09
1783986649.69,16:50:49.690,0.95,0.29,0.09
1783986650.1897,16:50:50.189,0.95,0.30,0.08
1783986650.6894,16:50:50.689,0.95,0.30,0.09
1783986651.1896,16:50:51.189,0.95,0.29,0.10
1783986651.6889,16:50:51.688,0.95,0.30,0.08
1783986652.1887,16:50:52.188,0.95,0.29,0.08
1783986652.6888,16:50:52.688,0.96,0.23,0.12
1783986653.1884,16:50:53.188,0.97,0.21,0.14
1783986653.6877,16:50:53.687,0.97,0.17,0.17
1783986654.1884,16:50:54.188,0.97,0.18,0.17
1783986654.6877,16:50:54.687,0.97,0.19,0.16
1783986655.1875,16:50:55.187,0.96,0.23,0.14
1783986655.6876,16:50:55.687,0.95,0.30,0.09
1783986656.1876,16:50:56.187,0.95,0.30,0.08
1783986656.6873,16:50:56.687,0.95,0.32,0.07
1783986657.1871,16:50:57.187,0.95,0.32,0.07
1783986657.6878,16:50:57.687,0.95,0.32,0.07
1783986658.1874,16:50:58.187,0.95,0.32,0.06
1783986658.6872,16:50:58.687,0.96,0.28,0.09
1783986659.1873,16:50:59.187,0.97,0.20,0.15
1783986659.6865,16:50:59.686,0.97,0.21,0.15
1783986660.1864,16:51:00.186,0.97,0.21,0.15
1783986660.6866,16:51:00.686,0.96,0.25,0.12
1783986661.1865,16:51:01.186,0.96,0.24,0.12
1783986661.6867,16:51:01.686,0.96,0.22,0.15
1783986662.187,16:51:02.187,0.97,0.21,0.15
1783986662.6864,16:51:02.686,0.97,0.21,0.16
1783986663.1858,16:51:03.185,0.97,0.20,0.16
1783986663.686,16:51:03.686,0.97,0.20,0.15
1783986664.1858,16:51:04.185,0.97,0.20,0.15
1783986664.6854,16:51:04.685,0.97,0.17,0.18
1783986665.1855,16:51:05.185,0.97,0.17,0.18
1783986665.6851,16:51:05.685,0.97,0.20,0.16
1783986666.1846,16:51:06.184,0.96,0.22,0.15
1783986666.6848,16:51:06.684,0.96,0.23,0.14
1783986667.1851,16:51:07.185,0.97,0.19,0.15
1783986667.6845,16:51:07.684,0.97,0.18,0.16
1783986668.1846,16:51:08.184,0.97,0.17,0.17
1783986668.6844,16:51:08.684,0.97,0.17,0.17
1783986669.1838,16:51:09.183,0.97,0.18,0.16
1783986669.6835,16:51:09.683,0.97,0.19,0.15
1783986670.1835,16:51:10.183,0.97,0.18,0.15
1783986670.683,16:51:10.683,0.97,0.18,0.16
1783986671.1829,16:51:11.182,0.97,0.19,0.17
1783986671.6826,16:51:11.682,0.97,0.19,0.17
1783986672.1824,16:51:12.182,0.96,0.22,0.16
1783986672.6829,16:51:12.682,0.96,0.23,0.16
1783986673.1831,16:51:13.183,0.96,0.25,0.15
1783986673.682,16:51:13.682,0.96,0.24,0.15
1783986674.182,16:51:14.182,0.96,0.19,0.19
1783986674.6819,16:51:14.681,0.97,0.18,0.19
1783986675.1819,16:51:15.181,0.97,0.16,0.20
1783986675.6821,16:51:15.682,0.97,0.17,0.20
1783986676.1823,16:51:16.182,0.97,0.19,0.18
1783986676.6819,16:51:16.681,0.95,0.28,0.11
1783986677.1816,16:51:17.181,0.93,0.36,0.04
1783986677.6817,16:51:17.681,0.93,0.36,0.04
1783986678.1813,16:51:18.181,0.93,0.36,0.04
1783986678.6809,16:51:18.680,0.94,0.33,0.06
1783986679.181,16:51:19.181,0.95,0.30,0.09
1783986679.6806,16:51:19.680,0.95,0.29,0.11
1783986680.1803,16:51:20.180,0.95,0.28,0.12
1783986680.6806,16:51:20.680,0.94,0.35,0.07
1783986681.1797,16:51:21.179,0.94,0.35,0.07
1783986681.6791,16:51:21.679,0.94,0.31,0.10
1783986682.1794,16:51:22.179,0.95,0.28,0.12
1783986682.679,16:51:22.679,0.96,0.26,0.13
1783986683.1785,16:51:23.178,0.97,0.22,0.14
1783986683.6789,16:51:23.678,0.97,0.14,0.20
1783986684.1784,16:51:24.178,0.97,0.08,0.23
1783986684.6778,16:51:24.677,0.97,0.08,0.23
1783986685.1779,16:51:25.177,0.97,0.11,0.22
1783986685.6781,16:51:25.678,0.97,0.14,0.20
1783986686.1775,16:51:26.177,0.97,0.16,0.19
1783986686.6775,16:51:26.677,0.97,0.16,0.19
1783986687.178,16:51:27.178,0.96,0.25,0.12
1783986687.6778,16:51:27.677,0.95,0.30,0.09
1783986688.1778,16:51:28.177,0.94,0.33,0.06
1783986688.6781,16:51:28.678,0.94,0.35,0.03
1783986689.1773,16:51:29.177,0.94,0.35,0.02
1783986689.6769,16:51:29.676,0.95,0.30,0.07
1783986690.1769,16:51:30.176,0.95,0.30,0.07
1783986690.6769,16:51:30.676,0.95,0.31,0.06
1783986691.177,16:51:31.177,0.94,0.35,0.02
1783986691.6771,16:51:31.677,0.93,0.36,0.02
1783986692.1765,16:51:32.176,0.93,0.36,0.03
1783986692.6766,16:51:32.676,0.94,0.34,0.04
1783986693.177,16:51:33.177,0.94,0.33,0.06
1783986693.6762,16:51:33.676,0.94,0.34,0.05
1783986694.1764,16:51:34.176,0.92,0.38,0.02
1783986694.6763,16:51:34.676,0.91,0.41,0.01
1783986695.1757,16:51:35.175,0.91,0.41,-0.01
1783986695.6754,16:51:35.675,0.91,0.42,-0.01
1783986696.1752,16:51:36.175,0.90,0.45,-0.02
1783986696.6746,16:51:36.674,0.90,0.45,-0.03
1783986697.174,16:51:37.174,0.91,0.41,0.00
1783986697.6738,16:51:37.673,0.91,0.41,0.00
1783986698.1739,16:51:38.173,0.91,0.41,0.00
1783986698.6733,16:51:38.673,0.90,0.43,-0.01
1783986699.1736,16:51:39.173,0.91,0.42,-0.01
1783986699.6736,16:51:39.673,0.93,0.37,0.03
1783986700.1733,16:51:40.173,0.94,0.35,0.04
1783986700.6735,16:51:40.673,0.93,0.36,0.05
1783986701.1736,16:51:41.173,0.94,0.32,0.07
1783986701.6729,16:51:41.672,0.95,0.31,0.09
1783986702.1732,16:51:42.173,0.95,0.30,0.08
1783986702.6734,16:51:42.673,0.96,0.26,0.12
1783986703.1731,16:51:43.173,0.96,0.25,0.12
1783986703.6732,16:51:43.673,0.96,0.25,0.11
1783986704.1727,16:51:44.172,0.96,0.28,0.08
1783986704.6721,16:51:44.672,0.96,0.28,0.08
1783986705.1716,16:51:45.171,0.96,0.28,0.08
1783986705.672,16:51:45.672,0.96,0.27,0.09
1783986706.1717,16:51:46.171,0.97,0.21,0.13
1783986706.6717,16:51:46.671,0.97,0.15,0.18
1783986707.1721,16:51:47.172,0.97,0.15,0.19
1783986707.672,16:51:47.672,0.97,0.20,0.15
1783986708.1718,16:51:48.171,0.92,0.38,-0.02
1783986708.6717,16:51:48.671,0.92,0.39,-0.01
1783986709.1715,16:51:49.171,0.93,0.37,-0.01
1783986709.6714,16:51:49.671,0.93,0.37,0.00
1783986710.1713,16:51:50.171,0.93,0.36,0.01
1783986710.671,16:51:50.671,0.96,0.25,0.12
1783986711.1702,16:51:51.170,0.95,0.29,0.09
1783986711.6705,16:51:51.670,0.95,0.30,0.09
1783986712.1703,16:51:52.170,0.95,0.30,0.09
1783986712.6696,16:51:52.669,0.96,0.27,0.11
1783986713.1694,16:51:53.169,0.96,0.27,0.11
1783986713.6697,16:51:53.669,0.95,0.30,0.09
1783986714.1687,16:51:54.168,0.95,0.30,0.10
1783986714.6688,16:51:54.668,0.96,0.27,0.11
1783986715.1691,16:51:55.169,0.96,0.27,0.11
1783986715.6684,16:51:55.668,0.95,0.28,0.10
1783986716.1682,16:51:56.168,0.95,0.30,0.09
1783986716.6685,16:51:56.668,0.95,0.32,0.07
1783986717.1681,16:51:57.168,0.95,0.31,0.07
1783986717.6685,16:51:57.668,0.94,0.34,0.05
1783986718.1684,16:51:58.168,0.94,0.34,0.04
1783986718.668,16:51:58.668,0.94,0.33,0.05
1783986719.1681,16:51:59.168,0.95,0.31,0.05
1783986719.6682,16:51:59.668,0.96,0.26,0.11
1783986720.1675,16:52:00.167,0.97,0.21,0.14
1783986720.6675,16:52:00.667,0.97,0.21,0.14
1783986721.1678,16:52:01.167,0.96,0.23,0.14
1783986721.667,16:52:01.667,0.96,0.25,0.12
1783986722.1671,16:52:02.167,0.96,0.26,0.12
1783986722.6675,16:52:02.667,0.96,0.24,0.12
1783986723.1671,16:52:03.167,0.96,0.25,0.12
1783986723.6665,16:52:03.666,0.96,0.27,0.10
1783986724.1666,16:52:04.166,0.93,0.36,0.02
1783986724.6658,16:52:04.665,0.91,0.41,-0.01
1783986725.1657,16:52:05.165,0.91,0.41,-0.01
1783986725.6659,16:52:05.665,0.93,0.38,0.01
1783986726.1652,16:52:06.165,0.93,0.38,0.01
1783986726.6648,16:52:06.664,0.92,0.38,0.02
1783986727.165,16:52:07.165,0.91,0.42,-0.03
1783986727.6647,16:52:07.664,0.91,0.41,-0.02
1783986728.1641,16:52:08.164,0.92,0.39,-0.01
1783986728.6646,16:52:08.664,0.94,0.32,0.05
1783986729.1648,16:52:09.164,0.96,0.24,0.11
1783986729.6645,16:52:09.664,0.96,0.24,0.12
1783986730.1643,16:52:10.164,0.96,0.25,0.10
1783986730.6648,16:52:10.664,0.96,0.25,0.10
1783986731.1642,16:52:11.164,0.96,0.27,0.10
1783986731.6645,16:52:11.664,0.96,0.27,0.08
1783986732.1643,16:52:12.164,0.97,0.23,0.12
1783986732.6636,16:52:12.663,0.96,0.24,0.13
1783986733.1638,16:52:13.163,0.97,0.20,0.15
1783986733.6639,16:52:13.663,0.97,0.20,0.15
1783986734.1633,16:52:14.163,0.96,0.25,0.10
1783986734.6634,16:52:14.663,0.96,0.28,0.09
1783986735.1632,16:52:15.163,0.96,0.28,0.10
1783986735.6627,16:52:15.662,0.96,0.25,0.12
1783986736.1627,16:52:16.162,0.96,0.24,0.12
1783986736.6627,16:52:16.662,0.96,0.25,0.12
1783986737.1622,16:52:17.162,0.96,0.25,0.12
1783986737.662,16:52:17.662,0.96,0.24,0.13
1783986738.1627,16:52:18.162,0.97,0.17,0.17
1783986738.6618,16:52:18.661,0.97,0.15,0.17
1783986739.1617,16:52:19.161,0.97,0.18,0.16
1783986739.6617,16:52:19.661,0.97,0.23,0.12
1783986740.1616,16:52:20.161,0.96,0.25,0.11
1783986740.661,16:52:20.661,0.96,0.25,0.11
1783986741.1609,16:52:21.160,0.97,0.22,0.14
1783986741.6605,16:52:21.660,0.97,0.22,0.14
1783986742.1602,16:52:22.160,0.95,0.28,0.10
1783986742.6604,16:52:22.660,0.95,0.28,0.10
1783986743.1601,16:52:23.160,0.96,0.26,0.11
1783986743.66,16:52:23.660,0.96,0.26,0.12
1783986744.1599,16:52:24.159,0.96,0.26,0.12
1783986744.6599,16:52:24.659,0.95,0.29,0.10
1783986745.1592,16:52:25.159,0.95,0.29,0.10
1783986745.6596,16:52:25.659,0.96,0.28,0.09
1783986746.1592,16:52:26.159,0.96,0.23,0.13
1783986746.6585,16:52:26.658,0.97,0.22,0.13
1783986747.1589,16:52:27.158,0.97,0.21,0.15
1783986747.6593,16:52:27.659,0.97,0.21,0.14
1783986748.1588,16:52:28.158,0.96,0.23,0.13
1783986748.6591,16:52:28.659,0.96,0.24,0.12
1783986749.1589,16:52:29.158,0.95,0.31,0.07
1783986749.6584,16:52:29.658,0.93,0.35,0.03
1783986750.1588,16:52:30.158,0.93,0.36,0.03
1783986750.6593,16:52:30.659,0.94,0.33,0.05
1783986751.1584,16:52:31.158,0.94,0.33,0.06
1783986751.6585,16:52:31.658,0.95,0.30,0.09
1783986752.1587,16:52:32.158,0.95,0.29,0.10
1783986752.6586,16:52:32.658,0.95,0.29,0.09
1783986753.1584,16:52:33.158,0.95,0.32,0.07
1783986753.6587,16:52:33.658,0.94,0.33,0.05
1783986754.1577,16:52:34.157,0.95,0.32,0.05
1783986754.6576,16:52:34.657,0.94,0.34,0.03
1783986755.1578,16:52:35.157,0.93,0.36,0.02
1783986755.657,16:52:35.657,0.93,0.36,0.02
1783986756.1565,16:52:36.156,0.94,0.34,0.03
1783986756.6569,16:52:36.656,0.94,0.33,0.05
1783986757.1566,16:52:37.156,0.95,0.29,0.08
1783986757.656,16:52:37.656,0.96,0.28,0.10
1783986758.1565,16:52:38.156,0.96,0.26,0.12
1783986758.6563,16:52:38.656,0.96,0.26,0.12
1783986759.1562,16:52:39.156,0.96,0.25,0.13
1783986759.6562,16:52:39.656,0.96,0.23,0.14
1783986760.1557,16:52:40.155,0.97,0.20,0.16
1783986760.6553,16:52:40.655,0.97,0.17,0.18
1783986761.1556,16:52:41.155,0.97,0.15,0.19
1783986761.6554,16:52:41.655,0.97,0.14,0.19
1783986762.1551,16:52:42.155,0.97,0.15,0.19
1783986762.6551,16:52:42.655,0.97,0.15,0.19
1783986763.155,16:52:43.155,0.97,0.12,0.20
1783986763.6544,16:52:43.654,0.97,0.07,0.23
1783986764.1545,16:52:44.154,0.96,0.02,0.27
1783986764.6539,16:52:44.653,0.96,0.03,0.26
1783986765.1539,16:52:45.153,0.97,0.07,0.24
1783986765.6544,16:52:45.654,0.97,0.11,0.21
1783986766.1542,16:52:46.154,0.97,0.19,0.15
1783986766.6541,16:52:46.654,0.97,0.22,0.11
1783986767.1537,16:52:47.153,0.97,0.22,0.11
1783986767.6537,16:52:47.653,0.97,0.20,0.12
1783986768.1529,16:52:48.152,0.97,0.19,0.13
1783986768.6532,16:52:48.653,0.97,0.20,0.13
1783986769.1534,16:52:49.153,0.97,0.19,0.14
1783986769.6535,16:52:49.653,0.97,0.19,0.14
1783986770.1525,16:52:50.152,0.96,0.26,0.10
1783986770.6524,16:52:50.652,0.96,0.27,0.10
1783986771.1522,16:52:51.152,0.96,0.28,0.09
1783986771.6519,16:52:51.651,0.95,0.29,0.08
1783986772.1521,16:52:52.152,0.96,0.26,0.10
1783986772.6514,16:52:52.651,0.96,0.26,0.10
1783986773.1504,16:52:53.150,0.97,0.23,0.11
1783986773.6509,16:52:53.650,0.97,0.23,0.11
1783986774.1511,16:52:54.151,0.97,0.23,0.12
1783986774.6504,16:52:54.650,0.97,0.23,0.12
1783986775.1506,16:52:55.150,0.97,0.22,0.13
1783986775.6504,16:52:55.650,0.96,0.24,0.12
1783986776.1503,16:52:56.150,0.96,0.25,0.10
1783986776.6501,16:52:56.650,0.96,0.26,0.10
1783986777.1502,16:52:57.150,0.96,0.25,0.11
1783986777.6496,16:52:57.649,0.96,0.25,0.11
1783986778.1495,16:52:58.149,0.96,0.24,0.11
1783986778.6493,16:52:58.649,0.96,0.25,0.11
1783986779.1494,16:52:59.149,0.96,0.26,0.10
1783986779.6492,16:52:59.649,0.95,0.29,0.07
1783986780.1497,16:53:00.149,0.95,0.29,0.07
1783986780.6491,16:53:00.649,0.96,0.28,0.08
1783986781.1492,16:53:01.149,0.96,0.26,0.10
1783986781.6488,16:53:01.648,0.97,0.22,0.13
1783986782.1481,16:53:02.148,0.97,0.12,0.20
1783986782.6483,16:53:02.648,0.97,0.12,0.20
1783986783.1486,16:53:03.148,0.97,0.15,0.18
1783986783.6481,16:53:03.648,0.97,0.18,0.16
1783986784.1476,16:53:04.147,0.97,0.19,0.15
1783986784.6476,16:53:04.647,0.96,0.23,0.12
1783986785.1468,16:53:05.146,0.95,0.29,0.08
1783986785.6464,16:53:05.646,0.96,0.28,0.08
1783986786.1466,16:53:06.146,0.96,0.28,0.09
1783986786.6459,16:53:06.645,0.96,0.25,0.11
1783986787.1453,16:53:07.145,0.96,0.25,0.12
1783986787.6458,16:53:07.645,0.96,0.26,0.10
1783986788.1456,16:53:08.145,0.96,0.26,0.10
1783986788.6453,16:53:08.645,0.97,0.21,0.13
1783986789.1453,16:53:09.145,0.97,0.21,0.14
1783986789.6456,16:53:09.645,0.97,0.21,0.14
1783986790.1454,16:53:10.145,0.97,0.16,0.17
1783986790.6457,16:53:10.645,0.97,0.16,0.17
1783986791.1459,16:53:11.145,0.97,0.19,0.15
1783986791.6456,16:53:11.645,0.97,0.20,0.15
1783986792.1452,16:53:12.145,0.97,0.16,0.17
1783986792.6453,16:53:12.645,0.97,0.16,0.18
1783986793.1447,16:53:13.144,0.97,0.16,0.18
1783986793.645,16:53:13.645,0.97,0.18,0.16
1783986794.145,16:53:14.145,0.97,0.18,0.16
1783986794.6442,16:53:14.644,0.97,0.16,0.18
1783986795.1445,16:53:15.144,0.97,0.16,0.17
1783986795.6447,16:53:15.644,0.97,0.23,0.13
1783986796.1436,16:53:16.143,0.97,0.23,0.12
1783986796.6434,16:53:16.643,0.96,0.24,0.13
1783986797.1433,16:53:17.143,0.96,0.25,0.11
1783986797.6431,16:53:17.643,0.95,0.30,0.07
1783986798.1432,16:53:18.143,0.95,0.32,0.06
1783986798.6432,16:53:18.643,0.95,0.31,0.06
1783986799.1429,16:53:19.142,0.95,0.30,0.08
1783986799.6425,16:53:19.642,0.96,0.23,0.13
1783986800.143,16:53:20.143,0.96,0.23,0.13
1783986800.6424,16:53:20.642,0.97,0.22,0.14
1783986801.1423,16:53:21.142,0.97,0.21,0.15
1783986801.6425,16:53:21.642,0.97,0.20,0.15
1783986802.1416,16:53:22.141,0.97,0.20,0.13
1783986802.6414,16:53:22.641,0.96,0.26,0.09
1783986803.1417,16:53:23.141,0.96,0.27,0.09
1783986803.6409,16:53:23.640,0.95,0.29,0.07
1783986804.1405,16:53:24.140,0.96,0.27,0.09
1783986804.6406,16:53:24.640,0.96,0.27,0.09
1783986805.1406,16:53:25.140,0.97,0.23,0.12
1783986805.6401,16:53:25.640,0.96,0.23,0.13
1783986806.1405,16:53:26.140,0.97,0.22,0.12
1783986806.6402,16:53:26.640,0.96,0.25,0.11
1783986807.1396,16:53:27.139,0.96,0.26,0.10
1783986807.6399,16:53:27.639,0.97,0.24,0.10
1783986808.1399,16:53:28.139,0.97,0.20,0.12
1783986808.6394,16:53:28.639,0.97,0.19,0.14
1783986809.1398,16:53:29.139,0.97,0.18,0.14
1783986809.6401,16:53:29.640,0.97,0.23,0.11
1783986810.1393,16:53:30.139,0.96,0.24,0.10
1783986810.6392,16:53:30.639,0.97,0.19,0.14
1783986811.1388,16:53:31.138,0.97,0.18,0.15
1783986811.6385,16:53:31.638,0.97,0.16,0.17
1783986812.1383,16:53:32.138,0.97,0.17,0.16
1783986812.6386,16:53:32.638,0.97,0.17,0.17
1783986813.1384,16:53:33.138,0.97,0.14,0.18
1783986813.6382,16:53:33.638,0.97,0.15,0.18
1783986814.1383,16:53:34.138,0.97,0.22,0.12
1783986814.6381,16:53:34.638,0.96,0.27,0.09
1783986815.1382,16:53:35.138,0.96,0.27,0.09
1783986815.6378,16:53:35.637,0.96,0.27,0.09
1783986816.1371,16:53:36.137,0.96,0.26,0.10
1783986816.6367,16:53:36.636,0.96,0.28,0.07
1783986817.1372,16:53:37.137,0.95,0.30,0.05
1783986817.6364,16:53:37.636,0.96,0.28,0.05
1783986818.1357,16:53:38.135,0.96,0.27,0.06
1783986818.636,16:53:38.636,0.96,0.26,0.07
1783986819.1363,16:53:39.136,0.96,0.26,0.07
1783986819.6359,16:53:39.635,0.96,0.27,0.07
1783986820.1364,16:53:40.136,0.95,0.29,0.06
1783986820.6364,16:53:40.636,0.95,0.29,0.06
1783986821.1361,16:53:41.136,0.97,0.25,0.08
1783986821.6365,16:53:41.636,0.97,0.20,0.12
1783986822.136,16:53:42.136,0.97,0.18,0.13
1783986822.635,16:53:42.635,0.97,0.17,0.15
1783986823.1352,16:53:43.135,0.97,0.18,0.14
1783986823.6354,16:53:43.635,0.97,0.18,0.14
1783986824.1348,16:53:44.134,0.97,0.19,0.14
1783986824.6347,16:53:44.634,0.97,0.19,0.13
1783986825.1347,16:53:45.134,0.97,0.19,0.13
1783986825.6344,16:53:45.634,0.98,0.16,0.15
1783986826.1342,16:53:46.134,0.97,0.16,0.16
1783986826.6345,16:53:46.634,0.97,0.15,0.17
1783986827.1341,16:53:47.134,0.97,0.09,0.20
1783986827.6344,16:53:47.634,0.97,0.05,0.25
1783986828.1344,16:53:48.134,0.97,0.05,0.24
1783986828.6341,16:53:48.634,0.97,0.06,0.24
1783986829.1337,16:53:49.133,0.97,0.12,0.20
1783986829.6338,16:53:49.633,0.97,0.13,0.20
1783986830.1332,16:53:50.133,0.97,0.20,0.15
1783986830.6329,16:53:50.632,0.97,0.21,0.14
1783986831.1331,16:53:51.133,0.96,0.23,0.12
1783986831.6322,16:53:51.632,0.96,0.24,0.12
1783986832.132,16:53:52.132,0.96,0.26,0.11
1783986832.6325,16:53:52.632,0.96,0.25,0.12
1783986833.1329,16:53:53.132,0.96,0.27,0.10
1783986833.6317,16:53:53.631,0.96,0.26,0.11
1783986834.132,16:53:54.132,0.96,0.27,0.11
1783986834.6317,16:53:54.631,0.96,0.25,0.11
1783986835.1312,16:53:55.131,0.96,0.24,0.12
1783986835.6312,16:53:55.631,0.96,0.23,0.13
1783986836.1315,16:53:56.131,0.97,0.22,0.13
1783986836.6309,16:53:56.630,0.97,0.23,0.12
1783986837.131,16:53:57.131,0.97,0.23,0.13
1783986837.631,16:53:57.631,0.97,0.21,0.14
1783986838.1305,16:53:58.130,0.97,0.20,0.15
1783986838.6307,16:53:58.630,0.96,0.26,0.10
1783986839.1304,16:53:59.130,0.95,0.30,0.07
1783986839.63,16:53:59.630,0.95,0.32,0.06
1783986840.1301,16:54:00.130,0.95,0.30,0.08
1783986840.6301,16:54:00.630,0.95,0.31,0.08
1783986841.1294,16:54:01.129,0.94,0.33,0.04
1783986841.629,16:54:01.629,0.94,0.33,0.04
1783986842.1291,16:54:02.129,0.95,0.30,0.07
1783986842.6285,16:54:02.628,0.95,0.29,0.09
1783986843.1283,16:54:03.128,0.96,0.27,0.10
1783986843.6286,16:54:03.628,0.97,0.18,0.15
1783986844.1282,16:54:04.128,0.97,0.18,0.16
1783986844.6277,16:54:04.627,0.97,0.18,0.16
1783986845.1279,16:54:05.127,0.97,0.20,0.15
1783986845.6274,16:54:05.627,0.97,0.22,0.13
1783986846.1272,16:54:06.127,0.96,0.24,0.13
1783986846.6275,16:54:06.627,0.96,0.26,0.11
1783986847.1271,16:54:07.127,0.96,0.27,0.11
1783986847.6266,16:54:07.626,0.96,0.28,0.09
1783986848.1264,16:54:08.126,0.96,0.27,0.09
1783986848.6267,16:54:08.626,0.96,0.28,0.08
1783986849.1257,16:54:09.125,0.95,0.29,0.07
1783986849.626,16:54:09.626,0.95,0.30,0.07
1783986850.1264,16:54:10.126,0.96,0.28,0.09
1783986850.6257,16:54:10.625,0.96,0.25,0.11
1783986851.1261,16:54:11.126,0.97,0.22,0.12
1783986851.6263,16:54:11.626,0.97,0.22,0.13
1783986852.1253,16:54:12.125,0.97,0.22,0.12
1783986852.6255,16:54:12.625,0.97,0.23,0.11
1783986853.1254,16:54:13.125,0.97,0.22,0.12
1783986853.6245,16:54:13.624,0.97,0.23,0.13
1783986854.1246,16:54:14.124,0.97,0.23,0.13
1783986854.6246,16:54:14.624,0.96,0.23,0.13
1783986855.1243,16:54:15.124,0.96,0.26,0.11
1783986855.6243,16:54:15.624,0.96,0.27,0.10
1783986856.1246,16:54:16.124,0.96,0.23,0.13
1783986856.6242,16:54:16.624,0.97,0.22,0.13
1783986857.1241,16:54:17.124,0.97,0.21,0.13
1783986857.6239,16:54:17.623,0.97,0.23,0.12
1783986858.1232,16:54:18.123,0.97,0.23,0.12
1783986858.623,16:54:18.623,0.97,0.20,0.14
1783986859.1229,16:54:19.122,0.97,0.20,0.15
1783986859.6221,16:54:19.622,0.97,0.23,0.12
1783986860.1226,16:54:20.122,0.96,0.26,0.09
1783986860.6228,16:54:20.622,0.95,0.30,0.05
1783986861.1225,16:54:21.122,0.96,0.29,0.06
1783986861.6225,16:54:21.622,0.97,0.24,0.09
1783986862.123,16:54:22.123,0.97,0.20,0.14
1783986862.6227,16:54:22.622,0.97,0.19,0.15
1783986863.1221,16:54:23.122,0.97,0.23,0.11
1783986863.622,16:54:23.622,0.97,0.23,0.11
1783986864.1224,16:54:24.122,0.97,0.21,0.13
1783986864.6221,16:54:24.622,0.97,0.21,0.13
1783986865.1223,16:54:25.122,0.97,0.21,0.13
1783986865.622,16:54:25.622,0.97,0.22,0.10
1783986866.122,16:54:26.122,0.97,0.22,0.10
1783986866.6217,16:54:26.621,0.97,0.22,0.12
1783986867.1217,16:54:27.121,0.97,0.22,0.12
1783986867.621,16:54:27.621,0.97,0.22,0.12
1783986868.1212,16:54:28.121,0.97,0.23,0.11
1783986868.6211,16:54:28.621,0.96,0.27,0.08
1783986869.1207,16:54:29.120,0.96,0.28,0.07
1783986869.6206,16:54:29.620,0.96,0.28,0.06
1783986870.1202,16:54:30.120,0.96,0.27,0.08
1783986870.6197,16:54:30.619,0.95,0.29,0.07
1783986871.1193,16:54:31.119,0.96,0.28,0.09
1783986871.6194,16:54:31.619,0.96,0.25,0.11
1783986872.119,16:54:32.119,0.97,0.22,0.13
1783986872.619,16:54:32.619,0.97,0.22,0.14
1783986873.1195,16:54:33.119,0.96,0.23,0.14
1783986873.6191,16:54:33.619,0.96,0.22,0.14
1783986874.1186,16:54:34.118,0.96,0.24,0.14
1783986874.6188,16:54:34.618,0.96,0.26,0.12
1783986875.1186,16:54:35.118,0.96,0.27,0.13
1783986875.6182,16:54:35.618,0.96,0.26,0.14
1783986876.1185,16:54:36.118,0.96,0.25,0.14
1783986876.6181,16:54:36.618,0.96,0.26,0.13
1783986877.1174,16:54:37.117,0.96,0.27,0.11
1783986877.6182,16:54:37.618,0.95,0.28,0.11
1783986878.1179,16:54:38.117,0.96,0.23,0.13
1783986878.6177,16:54:38.617,0.97,0.18,0.17
1783986879.1179,16:54:39.117,0.97,0.18,0.17
1783986879.6175,16:54:39.617,0.97,0.17,0.17
1783986880.117,16:54:40.117,0.97,0.18,0.15
1783986880.6172,16:54:40.617,0.97,0.16,0.17
1783986881.1167,16:54:41.116,0.97,0.16,0.18
1783986881.6165,16:54:41.616,0.97,0.15,0.18
1783986882.1167,16:54:42.116,0.97,0.21,0.13
1783986882.6166,16:54:42.616,0.97,0.22,0.14
1783986883.1164,16:54:43.116,0.97,0.22,0.14
1783986883.6167,16:54:43.616,0.96,0.25,0.11
1783986884.1163,16:54:44.116,0.95,0.30,0.08
1783986884.6154,16:54:44.615,0.95,0.30,0.08
1783986885.1158,16:54:45.115,0.95,0.29,0.09
1783986885.6153,16:54:45.615,0.96,0.27,0.11
1783986886.1145,16:54:46.114,0.96,0.28,0.09
1783986886.6146,16:54:46.614,0.95,0.29,0.08
1783986887.1144,16:54:47.114,0.95,0.31,0.07
1783986887.6137,16:54:47.613,0.94,0.35,0.03
1783986888.1135,16:54:48.113,0.94,0.35,0.03
1783986888.6138,16:54:48.613,0.94,0.35,0.05
1783986889.1134,16:54:49.113,0.94,0.32,0.05
1783986889.6133,16:54:49.613,0.95,0.32,0.05
1783986890.1131,16:54:50.113,0.95,0.32,0.05
1783986890.6128,16:54:50.612,0.95,0.32,0.05
1783986891.1122,16:54:51.112,0.94,0.35,0.03
1783986891.6126,16:54:51.612,0.94,0.34,0.03
1783986892.1123,16:54:52.112,0.94,0.33,0.04
1783986892.612,16:54:52.612,0.96,0.28,0.08
1783986893.1125,16:54:53.112,0.96,0.26,0.10
1783986893.6123,16:54:53.612,0.97,0.20,0.14
1783986894.1116,16:54:54.111,0.97,0.17,0.16
1783986894.612,16:54:54.612,0.97,0.15,0.17
1783986895.1118,16:54:55.111,0.97,0.15,0.18
1783986895.6114,16:54:55.611,0.97,0.20,0.15
1783986896.1121,16:54:56.112,0.97,0.20,0.15
1783986896.6113,16:54:56.611,0.97,0.21,0.15
1783986897.1108,16:54:57.110,0.97,0.21,0.15
1783986897.6112,16:54:57.611,0.97,0.19,0.16
1783986898.1117,16:54:58.111,0.97,0.21,0.14
1783986898.6113,16:54:58.611,0.96,0.26,0.10
1783986899.111,16:54:59.111,0.95,0.28,0.09
1783986899.6103,16:54:59.610,0.95,0.32,0.06
1783986900.1102,16:55:00.110,0.95,0.31,0.06
1783986900.6102,16:55:00.610,0.96,0.25,0.11
1783986901.1104,16:55:01.110,0.97,0.23,0.11
1783986901.6099,16:55:01.609,0.96,0.23,0.12
1783986902.1095,16:55:02.109,0.97,0.24,0.12
1783986902.6099,16:55:02.609,0.96,0.24,0.12
1783986903.1095,16:55:03.109,0.97,0.22,0.14
1783986903.6094,16:55:03.609,0.97,0.22,0.14
1783986904.1098,16:55:04.109,0.97,0.22,0.14
1783986904.6093,16:55:04.609,0.96,0.26,0.11
1783986905.1092,16:55:05.109,0.95,0.29,0.09
1783986905.6095,16:55:05.609,0.94,0.33,0.05
1783986906.1091,16:55:06.109,0.93,0.38,0.02
1783986906.609,16:55:06.609,0.92,0.38,0.02
1783986907.1092,16:55:07.109,0.92,0.39,0.03
1783986907.6088,16:55:07.608,0.93,0.37,0.05
1783986908.1084,16:55:08.108,0.94,0.32,0.10
1783986908.6083,16:55:08.608,0.95,0.28,0.12
1783986909.1079,16:55:09.107,0.96,0.26,0.13
1783986909.6072,16:55:09.607,0.96,0.24,0.12
1783986910.1072,16:55:10.107,0.96,0.23,0.12
1783986910.607,16:55:10.607,0.97,0.19,0.15
1783986911.1069,16:55:11.106,0.97,0.19,0.15
1783986911.6071,16:55:11.607,0.97,0.22,0.13
1783986912.107,16:55:12.107,0.96,0.28,0.08
1783986912.6066,16:55:12.606,0.95,0.31,0.07
1783986913.1069,16:55:13.106,0.95,0.31,0.06
1783986913.6069,16:55:13.606,0.94,0.33,0.05
1783986914.1064,16:55:14.106,0.94,0.33,0.06
1783986914.6064,16:55:14.606,0.94,0.32,0.06
1783986915.1065,16:55:15.106,0.96,0.28,0.09
1783986915.606,16:55:15.606,0.96,0.26,0.11
1783986916.1059,16:55:16.105,0.96,0.26,0.10
1783986916.6061,16:55:16.606,0.96,0.26,0.10
1783986917.1056,16:55:17.105,0.95,0.31,0.04
1783986917.6054,16:55:17.605,0.94,0.33,0.05
1783986918.1053,16:55:18.105,0.94,0.33,0.05
1783986918.6049,16:55:18.604,0.94,0.35,0.03
1783986919.1046,16:55:19.104,0.95,0.30,0.06
1783986919.6052,16:55:19.605,0.96,0.26,0.09
1783986920.1048,16:55:20.104,0.97,0.23,0.12
1783986920.6049,16:55:20.604,0.97,0.22,0.12
1783986921.1047,16:55:21.104,0.97,0.23,0.11
1783986921.6044,16:55:21.604,0.97,0.23,0.11
1783986922.1042,16:55:22.104,0.97,0.22,0.13
1783986922.6042,16:55:22.604,0.97,0.22,0.13
1783986923.1041,16:55:23.104,0.96,0.24,0.12
1783986923.6036,16:55:23.603,0.96,0.28,0.09
1783986924.1034,16:55:24.103,0.94,0.32,0.06
1783986924.6027,16:55:24.602,0.94,0.34,0.05
1783986925.1021,16:55:25.102,0.94,0.34,0.04
1783986925.6022,16:55:25.602,0.92,0.39,0.00
1783986926.1022,16:55:26.102,0.92,0.38,0.00
1783986926.6017,16:55:26.601,0.92,0.40,-0.01
1783986927.1021,16:55:27.102,0.92,0.40,-0.01
1783986927.6024,16:55:27.602,0.93,0.38,0.00
1783986928.1022,16:55:28.102,0.93,0.37,0.01
1783986928.6023,16:55:28.602,0.93,0.37,0.01
1783986929.1023,16:55:29.102,0.92,0.38,0.01
1783986929.6016,16:55:29.601,0.92,0.38,0.01
1783986930.1018,16:55:30.101,0.94,0.34,0.04
1783986930.602,16:55:30.602,0.95,0.32,0.05
1783986931.1013,16:55:31.101,0.95,0.31,0.06
1783986931.6009,16:55:31.600,0.95,0.30,0.07
1783986932.1007,16:55:32.100,0.96,0.26,0.10
1783986932.5997,16:55:32.599,0.96,0.26,0.09
1783986933.0994,16:55:33.099,0.96,0.27,0.09
1783986933.5998,16:55:33.599,0.96,0.28,0.07
1783986934.0991,16:55:34.099,0.96,0.28,0.07
1783986934.5991,16:55:34.599,0.96,0.28,0.07
1783986935.0996,16:55:35.099,0.96,0.27,0.07
1783986935.599,16:55:35.599,0.97,0.22,0.10
1783986936.0985,16:55:36.098,0.98,0.16,0.16
1783986936.5985,16:55:36.598,0.98,0.11,0.19
1783986937.098,16:55:37.098,0.98,0.11,0.19
1783986937.598,16:55:37.598,0.98,0.16,0.16
1783986938.0983,16:55:38.098,0.97,0.17,0.16
1783986938.5979,16:55:38.597,0.97,0.17,0.16
1783986939.098,16:55:39.098,0.97,0.19,0.12
1783986939.598,16:55:39.598,0.97,0.24,0.09
1783986940.0977,16:55:40.097,0.97,0.24,0.09
1783986940.5978,16:55:40.597,0.97,0.23,0.09
1783986941.098,16:55:41.098,0.97,0.21,0.12
1783986941.5979,16:55:41.597,0.97,0.22,0.11
1783986942.0973,16:55:42.097,0.97,0.22,0.11
1783986942.5977,16:55:42.597,0.97,0.22,0.11
1783986943.0978,16:55:43.097,0.97,0.24,0.11
1783986943.5969,16:55:43.596,0.96,0.25,0.11
1783986944.0971,16:55:44.097,0.97,0.21,0.13
1783986944.5972,16:55:44.597,0.97,0.20,0.13
1783986945.0964,16:55:45.096,0.97,0.19,0.14
1783986945.5965,16:55:45.596,0.97,0.19,0.14
1783986946.0965,16:55:46.096,0.97,0.19,0.14
1783986946.5958,16:55:46.595,0.97,0.20,0.13
1783986947.096,16:55:47.096,0.97,0.20,0.13
1783986947.5961,16:55:47.596,0.97,0.19,0.13
1783986948.0953,16:55:48.095,0.97,0.21,0.12
1783986948.595,16:55:48.595,0.97,0.22,0.11
1783986949.0952,16:55:49.095,0.97,0.22,0.11
1783986949.5944,16:55:49.594,0.97,0.20,0.12
1783986950.0945,16:55:50.094,0.98,0.15,0.17
1783986950.5951,16:55:50.595,0.97,0.14,0.18
1783986951.0949,16:55:51.094,0.97,0.15,0.17
1783986951.5945,16:55:51.594,0.97,0.17,0.16
1783986952.0944,16:55:52.094,0.97,0.22,0.13
1783986952.594,16:55:52.594,0.96,0.23,0.13
1783986953.0939,16:55:53.093,0.96,0.23,0.13
1783986953.5941,16:55:53.594,0.96,0.23,0.13
1783986954.0938,16:55:54.093,0.96,0.26,0.10
1783986954.5934,16:55:54.593,0.96,0.28,0.09
1783986955.0937,16:55:55.093,0.95,0.29,0.08
1783986955.5937,16:55:55.593,0.96,0.28,0.09
1783986956.093,16:55:56.093,0.96,0.27,0.10
1783986956.5934,16:55:56.593,0.96,0.25,0.10
1783986957.0929,16:55:57.092,0.96,0.24,0.11
1783986957.5921,16:55:57.592,0.88,0.46,-0.10
1783986958.0922,16:55:58.092,0.89,0.44,-0.09
1783986958.592,16:55:58.592,0.89,0.45,-0.08
1783986959.0914,16:55:59.091,0.87,0.48,-0.10
1783986959.5919,16:55:59.591,0.81,0.56,-0.17
1783986960.0915,16:56:00.091,0.81,0.56,-0.17
1783986960.5913,16:56:00.591,0.95,0.31,0.08
1783986961.0911,16:56:01.091,0.96,0.27,0.10
1783986961.5908,16:56:01.590,0.96,0.25,0.11
1783986962.09,16:56:02.090,0.95,0.30,0.08
1783986962.5903,16:56:02.590,0.95,0.31,0.05
1783986963.0903,16:56:03.090,0.95,0.30,0.06
1783986963.5898,16:56:03.589,0.96,0.26,0.08
1783986964.0896,16:56:04.089,0.97,0.22,0.11
1783986964.5898,16:56:04.589,0.97,0.20,0.13
1783986965.0892,16:56:05.089,0.97,0.17,0.15
1783986965.5895,16:56:05.589,0.97,0.17,0.17
1783986966.0897,16:56:06.089,0.97,0.17,0.16
1783986966.5892,16:56:06.589,0.91,0.42,-0.04
1783986967.0892,16:56:07.089,0.88,0.47,-0.08
1783986967.5893,16:56:07.589,0.88,0.47,-0.08
1783986968.0891,16:56:08.089,0.87,0.48,-0.10
1783986968.5889,16:56:08.588,0.87,0.48,-0.10
1783986969.089,16:56:09.089,0.84,0.52,-0.12
1783986969.589,16:56:09.589,0.82,0.55,-0.16
1783986970.0889,16:56:10.088,0.96,0.28,0.08
1783986970.5893,16:56:10.589,0.95,0.29,0.06
1783986971.0891,16:56:11.089,0.95,0.30,0.06
1783986971.5889,16:56:11.588,0.95,0.31,0.05
1783986972.089,16:56:12.089,0.94,0.33,0.04
1783986972.5883,16:56:12.588,0.94,0.33,0.03
1783986973.0882,16:56:13.088,0.94,0.33,0.02
1783986973.5884,16:56:13.588,0.95,0.30,0.06
1783986974.0881,16:56:14.088,0.95,0.29,0.06
1783986974.5879,16:56:14.587,0.95,0.29,0.07
1783986975.088,16:56:15.088,0.95,0.31,0.06
1783986975.5874,16:56:15.587,0.95,0.31,0.06
1783986976.0868,16:56:16.086,0.96,0.28,0.09
1783986976.5866,16:56:16.586,0.96,0.28,0.09
1783986977.0863,16:56:17.086,0.95,0.29,0.08
1783986977.5855,16:56:17.585,0.96,0.27,0.09
1783986978.0854,16:56:18.085,0.96,0.27,0.09
1783986978.5851,16:56:18.585,0.96,0.28,0.09
1783986979.0845,16:56:19.084,0.96,0.28,0.08
1783986979.5846,16:56:19.584,0.95,0.30,0.07
1783986980.085,16:56:20.085,0.96,0.28,0.09
1783986980.5853,16:56:20.585,0.96,0.24,0.12
1783986981.0851,16:56:21.085,0.97,0.22,0.13
1783986981.5852,16:56:21.585,0.96,0.24,0.11
1783986982.085,16:56:22.085,0.96,0.25,0.10
1783986982.5849,16:56:22.584,0.96,0.25,0.10
1783986983.0849,16:56:23.084,0.97,0.23,0.10
1783986983.5846,16:56:23.584,0.97,0.24,0.10
1783986984.0842,16:56:24.084,0.96,0.27,0.08
1783986984.5841,16:56:24.584,0.96,0.27,0.07
1783986985.0841,16:56:25.084,0.96,0.27,0.08
1783986985.5834,16:56:25.583,0.98,0.15,0.16
1783986986.0836,16:56:26.083,0.97,0.12,0.19
1783986986.5835,16:56:26.583,0.97,0.13,0.20
1783986987.0829,16:56:27.082,0.97,0.16,0.18
1783986987.5832,16:56:27.583,0.97,0.17,0.17
1783986988.0834,16:56:28.083,0.97,0.18,0.16
1783986988.5829,16:56:28.582,0.96,0.25,0.10
1783986989.0834,16:56:29.083,0.96,0.28,0.07
1783986989.5832,16:56:29.583,0.95,0.30,0.07
1783986990.0829,16:56:30.082,0.94,0.33,0.05
1783986990.5829,16:56:30.582,0.94,0.35,0.04
1783986991.0828,16:56:31.082,0.94,0.35,0.03
1783986991.5822,16:56:31.582,0.95,0.30,0.07
1783986992.0823,16:56:32.082,0.97,0.23,0.12
1783986992.5821,16:56:32.582,0.97,0.23,0.12
1783986993.0816,16:56:33.081,0.96,0.25,0.11
1783986993.582,16:56:33.582,0.96,0.24,0.11
1783986994.0817,16:56:34.081,0.96,0.24,0.11
1783986994.5813,16:56:34.581,0.96,0.27,0.08
1783986995.0814,16:56:35.081,0.95,0.30,0.06
1783986995.5812,16:56:35.581,0.94,0.33,0.04
1783986996.0805,16:56:36.080,0.95,0.32,0.04
1783986996.5801,16:56:36.580,0.95,0.31,0.05
1783986997.0804,16:56:37.080,0.96,0.28,0.08
1783986997.5802,16:56:37.580,0.97,0.21,0.12
1783986998.0796,16:56:38.079,0.97,0.21,0.13
1783986998.5801,16:56:38.580,0.96,0.24,0.11
1783986999.0798,16:56:39.079,0.96,0.26,0.09
1783986999.5797,16:56:39.579,0.96,0.26,0.09
1783987000.0795,16:56:40.079,0.97,0.20,0.12
1783987000.579,16:56:40.579,0.97,0.16,0.16
1783987001.0784,16:56:41.078,0.97,0.16,0.16
1783987001.5787,16:56:41.578,0.97,0.16,0.17
1783987002.0785,16:56:42.078,0.97,0.16,0.18
1783987002.5782,16:56:42.578,0.97,0.16,0.18
1783987003.0782,16:56:43.078,0.97,0.16,0.19
1783987003.5778,16:56:43.577,0.97,0.13,0.20
1783987004.0776,16:56:44.077,0.97,0.13,0.20
1783987004.5779,16:56:44.577,0.97,0.13,0.19
1783987005.0771,16:56:45.077,0.97,0.13,0.19
1783987005.5766,16:56:45.576,0.97,0.20,0.14
1783987006.0768,16:56:46.076,0.96,0.22,0.14
1783987006.5767,16:56:46.576,0.96,0.25,0.12
1783987007.0761,16:56:47.076,0.96,0.27,0.09
1783987007.5761,16:56:47.576,0.95,0.29,0.07
1783987008.0762,16:56:48.076,0.96,0.29,0.07
1783987008.5757,16:56:48.575,0.97,0.20,0.13
1783987009.0756,16:56:49.075,0.97,0.18,0.14
1783987009.5755,16:56:49.575,0.97,0.19,0.13
1783987010.0754,16:56:50.075,0.97,0.20,0.12
1783987010.5751,16:56:50.575,0.97,0.19,0.14
1783987011.0758,16:56:51.075,0.97,0.17,0.15
1783987011.5754,16:56:51.575,0.97,0.17,0.15
1783987012.075,16:56:52.075,0.97,0.17,0.16
1783987012.5752,16:56:52.575,0.97,0.17,0.16
1783987013.0752,16:56:53.075,0.97,0.18,0.16
1783987013.5752,16:56:53.575,0.97,0.17,0.16
1783987014.0753,16:56:54.075,0.97,0.19,0.13
1783987014.5749,16:56:54.574,0.97,0.22,0.11
1783987015.0746,16:56:55.074,0.97,0.21,0.12
1783987015.5749,16:56:55.574,0.97,0.22,0.11
1783987016.0752,16:56:56.075,0.97,0.24,0.11
1783987016.5744,16:56:56.574,0.96,0.25,0.09
1783987017.0744,16:56:57.074,0.95,0.29,0.08
1783987017.5739,16:56:57.573,0.95,0.31,0.06
1783987018.0733,16:56:58.073,0.94,0.33,0.03
1783987018.5736,16:56:58.573,0.94,0.34,0.05
1783987019.073,16:56:59.073,0.91,0.42,-0.06
1783987019.5725,16:56:59.572,0.91,0.41,-0.06
1783987020.0727,16:57:00.072,0.91,0.42,-0.06
1783987020.5726,16:57:00.572,0.90,0.43,-0.09
1783987021.0718,16:57:01.071,0.86,0.49,-0.14
1783987021.5721,16:57:01.572,0.86,0.49,-0.12
1783987022.0718,16:57:02.071,0.85,0.50,-0.13
1783987022.5714,16:57:02.571,0.86,0.50,-0.11
1783987023.0716,16:57:03.071,0.94,0.33,0.04
1783987023.5721,16:57:03.572,0.93,0.36,0.02
1783987024.0717,16:57:04.071,0.93,0.36,0.03
1783987024.5719,16:57:04.571,0.94,0.34,0.04
1783987025.0719,16:57:05.071,0.94,0.34,0.04
1783987025.5716,16:57:05.571,0.94,0.33,0.04
1783987026.0714,16:57:06.071,0.95,0.31,0.06
1783987026.5716,16:57:06.571,0.95,0.31,0.06
1783987027.0711,16:57:07.071,0.95,0.30,0.07
1783987027.5707,16:57:07.570,0.95,0.28,0.09
1783987028.0706,16:57:08.070,0.96,0.27,0.10
1783987028.5704,16:57:08.570,0.96,0.26,0.10
1783987029.0705,16:57:09.070,0.96,0.27,0.08
1783987029.5709,16:57:09.570,0.96,0.26,0.09
1783987030.0708,16:57:10.070,0.96,0.26,0.10
1783987030.57,16:57:10.570,0.95,0.30,0.07
1783987031.0702,16:57:11.070,0.96,0.29,0.08
1783987031.5694,16:57:11.569,0.96,0.27,0.09
1783987032.0695,16:57:12.069,0.96,0.26,0.10
1783987032.5699,16:57:12.569,0.96,0.27,0.09
1783987033.0696,16:57:13.069,0.96,0.26,0.09
1783987033.5686,16:57:13.568,0.96,0.25,0.10
1783987034.0687,16:57:14.068,0.96,0.25,0.10
1783987034.5685,16:57:14.568,0.96,0.26,0.09
1783987035.0676,16:57:15.067,0.96,0.26,0.11
1783987035.5677,16:57:15.567,0.96,0.27,0.10
1783987036.0682,16:57:16.068,0.95,0.28,0.10
1783987036.5678,16:57:16.567,0.96,0.27,0.10
1783987037.0676,16:57:17.067,0.96,0.26,0.11
1783987037.5681,16:57:17.568,0.97,0.24,0.11
1783987038.0677,16:57:18.067,0.97,0.23,0.11
1783987038.568,16:57:18.568,0.97,0.23,0.11
1783987039.0682,16:57:19.068,0.97,0.24,0.11
1783987039.5675,16:57:19.567,0.97,0.24,0.11
1783987040.0675,16:57:20.067,0.96,0.28,0.08
1783987040.5672,16:57:20.567,0.95,0.29,0.07
1783987041.0664,16:57:21.066,0.95,0.30,0.07
1783987041.5663,16:57:21.566,0.95,0.32,0.05
1783987042.0661,16:57:22.066,0.95,0.32,0.05
1783987042.5658,16:57:22.565,0.94,0.33,0.04
1783987043.0654,16:57:23.065,0.95,0.31,0.06
1783987043.5661,16:57:23.566,0.95,0.29,0.08
1783987044.0659,16:57:24.065,0.96,0.25,0.10
1783987044.5656,16:57:24.565,0.96,0.25,0.11
1783987045.0656,16:57:25.065,0.95,0.31,0.06
1783987045.5653,16:57:25.565,0.95,0.32,0.06
1783987046.0646,16:57:26.064,0.96,0.28,0.09
1783987046.5646,16:57:26.564,0.96,0.27,0.09
1783987047.0645,16:57:27.064,0.95,0.30,0.06
1783987047.5639,16:57:27.563,0.95,0.29,0.06
1783987048.0644,16:57:28.064,0.96,0.29,0.07
1783987048.564,16:57:28.564,0.95,0.29,0.08
1783987049.0633,16:57:29.063,0.95,0.30,0.06
1783987049.5635,16:57:29.563,0.95,0.30,0.07
1783987050.0632,16:57:30.063,0.96,0.28,0.08
1783987050.5626,16:57:30.562,0.96,0.25,0.11
1783987051.0631,16:57:31.063,0.97,0.21,0.13
1783987051.5631,16:57:31.563,0.97,0.14,0.18
1783987052.0626,16:57:32.062,0.98,0.13,0.18
1783987052.5622,16:57:32.562,0.97,0.15,0.17
1783987053.0626,16:57:33.062,0.98,0.14,0.17
1783987053.5619,16:57:33.561,0.98,0.15,0.17
1783987054.0614,16:57:34.061,0.97,0.19,0.13
1783987054.5614,16:57:34.561,0.97,0.21,0.13
1783987055.0613,16:57:35.061,0.96,0.27,0.08
1783987055.5609,16:57:35.560,0.96,0.27,0.07
1783987056.0613,16:57:36.061,0.95,0.32,0.04
1783987056.5609,16:57:36.560,0.94,0.34,0.04
1783987057.0607,16:57:37.060,0.95,0.32,0.05
1783987057.5606,16:57:37.560,0.95,0.31,0.06
1783987058.06,16:57:38.060,0.96,0.28,0.09
1783987058.5601,16:57:38.560,0.96,0.26,0.09
1783987059.0603,16:57:39.060,0.96,0.26,0.10
1783987059.5602,16:57:39.560,0.96,0.27,0.08
1783987060.06,16:57:40.060,0.95,0.29,0.08
1783987060.5607,16:57:40.560,0.95,0.31,0.06
1783987061.0607,16:57:41.060,0.95,0.30,0.06
1783987061.5602,16:57:41.560,0.95,0.30,0.06
1783987062.0604,16:57:42.060,0.95,0.30,0.06
1783987062.5603,16:57:42.560,0.96,0.28,0.08
1783987063.0595,16:57:43.059,0.97,0.23,0.12
1783987063.56,16:57:43.560,0.97,0.20,0.14
1783987064.0596,16:57:44.059,0.97,0.20,0.14
1783987064.5591,16:57:44.559,0.96,0.24,0.11
1783987065.0589,16:57:45.058,0.96,0.25,0.11
1783987065.5588,16:57:45.558,0.96,0.27,0.10
1783987066.0581,16:57:46.058,0.96,0.28,0.09
1783987066.5579,16:57:46.557,0.95,0.29,0.09
1783987067.0584,16:57:47.058,0.96,0.28,0.09
1783987067.558,16:57:47.558,0.96,0.28,0.09
1783987068.0577,16:57:48.057,0.96,0.23,0.12
1783987068.5579,16:57:48.557,0.97,0.17,0.16
1783987069.0574,16:57:49.057,0.97,0.18,0.15
1783987069.557,16:57:49.557,0.97,0.20,0.16
1783987070.0577,16:57:50.057,0.97,0.22,0.14
1783987070.5567,16:57:50.556,0.96,0.26,0.12
1783987071.0566,16:57:51.056,0.96,0.25,0.11
1783987071.5564,16:57:51.556,0.96,0.25,0.12
1783987072.0561,16:57:52.056,0.95,0.30,0.07
1783987072.5561,16:57:52.556,0.94,0.34,0.04
1783987073.0566,16:57:53.056,0.94,0.35,0.03
1783987073.5564,16:57:53.556,0.94,0.35,0.04
1783987074.0561,16:57:54.056,0.96,0.27,0.09
1783987074.5561,16:57:54.556,0.96,0.25,0.11
1783987075.0559,16:57:55.055,0.96,0.25,0.12
1783987075.5556,16:57:55.555,0.96,0.24,0.12
1783987076.0558,16:57:56.055,0.96,0.26,0.10
1783987076.5555,16:57:56.555,0.95,0.29,0.09
1783987077.0551,16:57:57.055,0.95,0.29,0.09
1783987077.5551,16:57:57.555,0.96,0.27,0.09
1783987078.0547,16:57:58.054,0.96,0.28,0.08
1783987078.5541,16:57:58.554,0.95,0.29,0.09
1783987079.0542,16:57:59.054,0.95,0.32,0.07
1783987079.5539,16:57:59.553,0.94,0.33,0.05
1783987080.0533,16:58:00.053,0.94,0.33,0.05
1783987080.5539,16:58:00.553,0.95,0.29,0.08
1783987081.0539,16:58:01.053,0.96,0.28,0.08
1783987081.5536,16:58:01.553,0.95,0.29,0.08
1783987082.0534,16:58:02.053,0.96,0.28,0.08
1783987082.5533,16:58:02.553,0.97,0.22,0.13
1783987083.0529,16:58:03.052,0.97,0.19,0.16
1783987083.5528,16:58:03.552,0.97,0.19,0.16
1783987084.0529,16:58:04.052,0.97,0.18,0.16
1783987084.5527,16:58:04.552,0.97,0.18,0.16
1783987085.0522,16:58:05.052,0.97,0.21,0.13
1783987085.552,16:58:05.552,0.97,0.21,0.13
1783987086.0515,16:58:06.051,0.97,0.20,0.14
1783987086.5512,16:58:06.551,0.97,0.20,0.15
1783987087.0515,16:58:07.051,0.97,0.19,0.15
1783987087.5509,16:58:07.550,0.97,0.23,0.12
1783987088.051,16:58:08.051,0.97,0.23,0.11
1783987088.5512,16:58:08.551,0.96,0.24,0.10
1783987089.0507,16:58:09.050,0.97,0.24,0.10
1783987089.5507,16:58:09.550,0.96,0.26,0.09
1783987090.051,16:58:10.051,0.95,0.30,0.05
1783987090.55,16:58:10.550,0.95,0.31,0.05
1783987091.0493,16:58:11.049,0.95,0.32,0.04
1783987091.5497,16:58:11.549,0.96,0.29,0.07
1783987092.0495,16:58:12.049,0.97,0.23,0.11
1783987092.5489,16:58:12.548,0.97,0.22,0.12
1783987093.0494,16:58:13.049,0.97,0.22,0.12
1783987093.549,16:58:13.549,0.95,0.29,0.07
1783987094.0489,16:58:14.048,0.96,0.28,0.07
1783987094.5491,16:58:14.549,0.97,0.24,0.11
1783987095.0491,16:58:15.049,0.97,0.22,0.12
1783987095.5484,16:58:15.548,0.97,0.16,0.17
1783987096.0484,16:58:16.048,0.97,0.12,0.21
1783987096.5485,16:58:16.548,0.97,0.12,0.21
1783987097.0481,16:58:17.048,0.97,0.13,0.20
1783987097.5482,16:58:17.548,0.97,0.15,0.18
1783987098.0482,16:58:18.048,0.97,0.15,0.17
1783987098.5473,16:58:18.547,0.97,0.13,0.19
1783987099.0471,16:58:19.047,0.97,0.12,0.19
1783987099.5473,16:58:19.547,0.97,0.12,0.20
1783987100.0467,16:58:20.046,0.97,0.16,0.17
1783987100.5468,16:58:20.546,0.97,0.16,0.17
1783987101.0472,16:58:21.047,0.97,0.16,0.17
1783987101.5476,16:58:21.547,0.97,0.15,0.18
1783987102.0468,16:58:22.046,0.97,0.15,0.18
1783987102.5471,16:58:22.547,0.97,0.15,0.19
1783987103.0469,16:58:23.046,0.97,0.16,0.18
1783987103.5466,16:58:23.546,0.97,0.19,0.15
1783987104.0464,16:58:24.046,0.96,0.25,0.09
1783987104.5459,16:58:24.545,0.96,0.25,0.09
1783987105.0456,16:58:25.045,0.97,0.19,0.14
1783987105.5456,16:58:25.545,0.97,0.16,0.16
1783987106.0453,16:58:26.045,0.97,0.14,0.18
1783987106.5449,16:58:26.544,0.97,0.11,0.20
1783987107.0452,16:58:27.045,0.97,0.11,0.21
1783987107.5454,16:58:27.545,0.97,0.07,0.24
1783987108.0453,16:58:28.045,0.97,0.06,0.24
1783987108.5451,16:58:28.545,0.97,0.07,0.23
1783987109.0454,16:58:29.045,0.97,0.11,0.21
1783987109.5442,16:58:29.544,0.97,0.11,0.20
1783987110.0445,16:58:30.044,0.97,0.15,0.17
1783987110.5443,16:58:30.544,0.97,0.19,0.14
1783987111.0434,16:58:31.043,0.97,0.19,0.13
1783987111.5438,16:58:31.543,0.97,0.21,0.13
1783987112.0441,16:58:32.044,0.97,0.22,0.13
1783987112.5435,16:58:32.543,0.96,0.23,0.13
1783987113.0436,16:58:33.043,0.97,0.22,0.14
1783987113.5438,16:58:33.543,0.96,0.26,0.11
1783987114.0434,16:58:34.043,0.96,0.27,0.08
1783987114.5433,16:58:34.543,0.96,0.28,0.09
1783987115.0431,16:58:35.043,0.97,0.18,0.16
1783987115.5426,16:58:35.542,0.97,0.18,0.15
1783987116.0428,16:58:36.042,0.96,0.24,0.11
1783987116.5431,16:58:36.543,0.96,0.25,0.11
1783987117.0426,16:58:37.042,0.96,0.24,0.12
1783987117.5425,16:58:37.542,0.97,0.16,0.17
1783987118.0425,16:58:38.042,0.97,0.15,0.18
1783987118.542,16:58:38.542,0.97,0.14,0.19
1783987119.0417,16:58:39.041,0.98,0.14,0.17
1783987119.542,16:58:39.542,0.98,0.17,0.14
1783987120.0416,16:58:40.041,0.98,0.17,0.13
1783987120.5413,16:58:40.541,0.97,0.18,0.14
1783987121.0413,16:58:41.041,0.97,0.18,0.14
1783987121.5414,16:58:41.541,0.97,0.19,0.12
1783987122.0405,16:58:42.040,0.97,0.21,0.12
1783987122.5404,16:58:42.540,0.97,0.21,0.12
1783987123.04,16:58:43.040,0.98,0.16,0.16
1783987123.5396,16:58:43.539,0.97,0.17,0.16
1783987124.0395,16:58:44.039,0.97,0.17,0.15
1783987124.5395,16:58:44.539,0.97,0.19,0.13
1783987125.0386,16:58:45.038,0.97,0.21,0.12
1783987125.5386,16:58:45.538,0.97,0.21,0.12
1783987126.0385,16:58:46.038,0.97,0.19,0.14
1783987126.5379,16:58:46.537,0.97,0.19,0.13
1783987127.0383,16:58:47.038,0.97,0.20,0.13
1783987127.5385,16:58:47.538,0.97,0.21,0.13
1783987128.0383,16:58:48.038,0.96,0.23,0.12
1783987128.5381,16:58:48.538,0.96,0.26,0.11
1783987129.0382,16:58:49.038,0.96,0.26,0.10
1783987129.5378,16:58:49.537,0.96,0.25,0.11
1783987130.0379,16:58:50.037,0.96,0.24,0.11
1783987130.5377,16:58:50.537,0.97,0.23,0.12
1783987131.0376,16:58:51.037,0.97,0.22,0.12
1783987131.5372,16:58:51.537,0.96,0.24,0.11
1783987132.0373,16:58:52.037,0.96,0.25,0.09
1783987132.5371,16:58:52.537,0.95,0.29,0.07
1783987133.0369,16:58:53.036,0.95,0.31,0.05
1783987133.5372,16:58:53.537,0.95,0.30,0.06
1783987134.0372,16:58:54.037,0.96,0.28,0.08
1783987134.5369,16:58:54.536,0.96,0.26,0.10
1783987135.037,16:58:55.037,0.97,0.24,0.10
1783987135.5366,16:58:55.536,0.96,0.25,0.10
1783987136.0358,16:58:56.035,0.96,0.25,0.09
1783987136.5359,16:58:56.535,0.96,0.27,0.08
1783987137.0353,16:58:57.035,0.96,0.27,0.08
1783987137.5348,16:58:57.534,0.96,0.28,0.07
1783987138.0352,16:58:58.035,0.95,0.32,0.03
1783987138.5351,16:58:58.535,0.94,0.34,0.01
1783987139.0345,16:58:59.034,0.94,0.34,0.02
1783987139.5342,16:58:59.534,0.96,0.29,0.06
1783987140.035,16:59:00.035,0.96,0.26,0.08
1783987140.5343,16:59:00.534,0.96,0.25,0.09
1783987141.0345,16:59:01.034,0.97,0.22,0.11
1783987141.5344,16:59:01.534,0.97,0.17,0.16
1783987142.0338,16:59:02.033,0.97,0.13,0.18
1783987142.5341,16:59:02.534,0.97,0.12,0.19
1783987143.0341,16:59:03.034,0.97,0.14,0.18
1783987143.5341,16:59:03.534,0.97,0.17,0.16
1783987144.0346,16:59:04.034,0.97,0.23,0.12
1783987144.5348,16:59:04.534,0.96,0.26,0.09
1783987145.0343,16:59:05.034,0.96,0.25,0.09
1783987145.5341,16:59:05.534,0.97,0.23,0.11
1783987146.0342,16:59:06.034,0.96,0.24,0.11
1783987146.5335,16:59:06.533,0.96,0.28,0.08
1783987147.0331,16:59:07.033,0.95,0.31,0.06
1783987147.5337,16:59:07.533,0.95,0.31,0.06
1783987148.033,16:59:08.033,0.95,0.30,0.07
1783987148.5328,16:59:08.532,0.96,0.28,0.07
1783987149.0327,16:59:09.032,0.96,0.26,0.10
1783987149.5326,16:59:09.532,0.96,0.24,0.11
1783987150.0321,16:59:10.032,0.97,0.22,0.12
1783987150.5319,16:59:10.531,0.97,0.22,0.12
1783987151.0318,16:59:11.031,0.97,0.23,0.11
1783987151.5314,16:59:11.531,0.97,0.24,0.11
1783987152.0317,16:59:12.031,0.97,0.21,0.13
1783987152.5315,16:59:12.531,0.97,0.20,0.14
1783987153.0305,16:59:13.030,0.97,0.21,0.13
1783987153.5306,16:59:13.530,0.97,0.22,0.12
1783987154.0303,16:59:14.030,0.96,0.26,0.09
1783987154.5294,16:59:14.529,0.96,0.26,0.09
1783987155.0296,16:59:15.029,0.96,0.27,0.06
1783987155.5295,16:59:15.529,0.95,0.30,0.05
1783987156.0293,16:59:16.029,0.95,0.30,0.05
1783987156.5298,16:59:16.529,0.95,0.32,0.05
1783987157.0303,16:59:17.030,0.94,0.34,0.02
1783987157.5298,16:59:17.529,0.94,0.33,0.04
1783987158.0294,16:59:18.029,0.95,0.32,0.04
1783987158.5295,16:59:18.529,0.94,0.35,0.03
1783987159.0291,16:59:19.029,0.94,0.33,0.04
1783987159.5289,16:59:19.528,0.95,0.31,0.06
1783987160.0295,16:59:20.029,0.95,0.30,0.07
1783987160.5294,16:59:20.529,0.95,0.29,0.07
1783987161.0292,16:59:21.029,0.96,0.27,0.09
1783987161.5291,16:59:21.529,0.96,0.26,0.10
1783987162.0285,16:59:22.028,0.97,0.23,0.11
1783987162.5283,16:59:22.528,0.97,0.22,0.12
1783987163.0286,16:59:23.028,0.97,0.23,0.11
1783987163.528,16:59:23.528,0.95,0.31,0.05
1783987164.0279,16:59:24.027,0.94,0.32,0.05
1783987164.5282,16:59:24.528,0.95,0.31,0.05
1783987165.0273,16:59:25.027,0.95,0.31,0.06
1783987165.5263,16:59:25.526,0.95,0.30,0.06
1783987166.0266,16:59:26.026,0.96,0.24,0.11
1783987166.5262,16:59:26.526,0.97,0.17,0.16
1783987167.0253,16:59:27.025,0.97,0.16,0.17
1783987167.5255,16:59:27.525,0.97,0.15,0.17
1783987168.0256,16:59:28.025,0.98,0.14,0.17
1783987168.5254,16:59:28.525,0.97,0.14,0.18
1783987169.0253,16:59:29.025,0.97,0.14,0.18
1783987169.5249,16:59:29.524,0.97,0.15,0.17
1783987170.0242,16:59:30.024,0.97,0.17,0.15
1783987170.524,16:59:30.524,0.97,0.24,0.11
1783987171.0241,16:59:31.024,0.96,0.28,0.07
1783987171.5239,16:59:31.523,0.96,0.28,0.07
1783987172.0241,16:59:32.024,0.97,0.23,0.10
1783987172.5246,16:59:32.524,0.97,0.24,0.10
1783987173.0242,16:59:33.024,0.96,0.25,0.09
1783987173.5243,16:59:33.524,0.96,0.28,0.06
1783987174.0241,16:59:34.024,0.95,0.29,0.06
1783987174.5236,16:59:34.523,0.94,0.34,0.03
1783987175.0238,16:59:35.023,0.94,0.34,0.03
1783987175.5243,16:59:35.524,0.94,0.35,0.03
1783987176.0235,16:59:36.023,0.95,0.32,0.05
1783987176.5232,16:59:36.523,0.96,0.25,0.10
1783987177.0238,16:59:37.023,0.97,0.17,0.16
1783987177.5233,16:59:37.523,0.97,0.16,0.16
1783987178.0231,16:59:38.023,0.97,0.16,0.17
1783987178.5232,16:59:38.523,0.97,0.20,0.14
1783987179.0226,16:59:39.022,0.97,0.21,0.13
1783987179.5221,16:59:39.522,0.97,0.21,0.13
1783987180.0223,16:59:40.022,0.97,0.20,0.14
1783987180.5217,16:59:40.521,0.97,0.21,0.14
1783987181.0211,16:59:41.021,0.97,0.19,0.14
1783987181.5212,16:59:41.521,0.97,0.19,0.14
1783987182.0213,16:59:42.021,0.97,0.18,0.16
1783987182.5206,16:59:42.520,0.97,0.23,0.12
1783987183.0211,16:59:43.021,0.97,0.23,0.11
1783987183.5211,16:59:43.521,0.97,0.24,0.10
1783987184.0204,16:59:44.020,0.97,0.24,0.09
1783987184.521,16:59:44.521,0.96,0.28,0.08
1783987185.0205,16:59:45.020,0.96,0.26,0.08
1783987185.5201,16:59:45.520,0.96,0.27,0.08
1783987186.0206,16:59:46.020,0.96,0.27,0.07
1783987186.5208,16:59:46.520,0.96,0.27,0.07
1783987187.0205,16:59:47.020,0.97,0.23,0.10
1783987187.5205,16:59:47.520,0.97,0.19,0.13
1783987188.0204,16:59:48.020,0.97,0.17,0.14
1783987188.52,16:59:48.520,0.97,0.17,0.15
1783987189.0201,16:59:49.020,0.98,0.17,0.14
1783987189.5201,16:59:49.520,0.97,0.18,0.14
1783987190.0196,16:59:50.019,0.97,0.20,0.11
1783987190.5194,16:59:50.519,0.97,0.22,0.11
1783987191.0198,16:59:51.019,0.96,0.25,0.09
1783987191.5193,16:59:51.519,0.96,0.26,0.08
1783987192.0189,16:59:52.018,0.96,0.27,0.07
1783987192.5194,16:59:52.519,0.96,0.28,0.07
1783987193.019,16:59:53.019,0.95,0.30,0.06
1783987193.5187,16:59:53.518,0.94,0.33,0.03
1783987194.0189,16:59:54.018,0.94,0.34,0.04
1783987194.5184,16:59:54.518,0.94,0.34,0.04
1783987195.0178,16:59:55.017,0.95,0.29,0.07
1783987195.5181,16:59:55.518,0.96,0.25,0.11
1783987196.0175,16:59:56.017,0.97,0.22,0.14
1783987196.5168,16:59:56.516,0.97,0.16,0.18
1783987197.0172,16:59:57.017,0.97,0.14,0.19
1783987197.5169,16:59:57.516,0.97,0.14,0.19
1783987198.0163,16:59:58.016,0.97,0.15,0.19
1783987198.5168,16:59:58.516,0.97,0.16,0.17
1783987199.016,16:59:59.016,0.97,0.18,0.16
1783987199.5155,16:59:59.515,0.96,0.25,0.10
1783987200.0151,17:00:00.015,0.96,0.27,0.09
1783987200.5148,17:00:00.514,0.96,0.29,0.08
1783987201.0146,17:00:01.014,0.95,0.31,0.06
1783987201.515,17:00:01.515,0.94,0.33,0.05
1783987202.0151,17:00:02.015,0.95,0.31,0.07
1783987202.5147,17:00:02.514,0.95,0.28,0.10
1783987203.0148,17:00:03.014,0.96,0.28,0.09
1783987203.515,17:00:03.515,0.96,0.27,0.09
1783987204.0145,17:00:04.014,0.94,0.34,0.05
1783987204.5145,17:00:04.514,0.94,0.34,0.04
1783987205.0148,17:00:05.014,0.94,0.34,0.04
1783987205.5144,17:00:05.514,0.94,0.33,0.05
1783987206.0143,17:00:06.014,0.94,0.34,0.04
1783987206.5145,17:00:06.514,0.94,0.35,0.04
1783987207.0144,17:00:07.014,0.94,0.34,0.04
1783987207.5134,17:00:07.513,0.95,0.31,0.06
1783987208.0133,17:00:08.013,0.95,0.29,0.08
1783987208.5131,17:00:08.513,0.95,0.29,0.07
1783987209.0127,17:00:09.012,0.95,0.30,0.07
1783987209.5127,17:00:09.512,0.95,0.30,0.06
1783987210.012,17:00:10.012,0.95,0.30,0.05
1783987210.5116,17:00:10.511,0.95,0.31,0.05
1783987211.012,17:00:11.012,0.94,0.34,0.02
1783987211.5118,17:00:11.511,0.94,0.33,0.04
1783987212.011,17:00:12.011,0.96,0.28,0.07
1783987212.5115,17:00:12.511,0.96,0.28,0.07
1783987213.0117,17:00:13.011,0.96,0.25,0.10
1783987213.5112,17:00:13.511,0.97,0.20,0.13
1783987214.0111,17:00:14.011,0.97,0.20,0.13
1783987214.5108,17:00:14.510,0.96,0.25,0.11
1783987215.0104,17:00:15.010,0.96,0.25,0.11
1783987215.5101,17:00:15.510,0.96,0.26,0.11
1783987216.0105,17:00:16.010,0.97,0.23,0.12
1783987216.5102,17:00:16.510,0.96,0.24,0.11
1783987217.01,17:00:17.010,0.96,0.24,0.12
1783987217.5105,17:00:17.510,0.96,0.27,0.08
1783987218.0099,17:00:18.009,0.96,0.28,0.07
1783987218.5096,17:00:18.509,0.96,0.26,0.09
1783987219.0096,17:00:19.009,0.96,0.26,0.09
1783987219.5095,17:00:19.509,0.96,0.27,0.09
1783987220.0093,17:00:20.009,0.96,0.26,0.10
1783987220.5091,17:00:20.509,0.88,0.47,-0.09
1783987221.0088,17:00:21.008,0.88,0.47,-0.10
1783987221.5086,17:00:21.508,0.87,0.48,-0.10
1783987222.0089,17:00:22.008,0.87,0.49,-0.09
1783987222.5086,17:00:22.508,0.87,0.48,-0.09
1783987223.0083,17:00:23.008,0.87,0.48,-0.09
1783987223.5087,17:00:23.508,0.87,0.48,-0.09
1783987224.0084,17:00:24.008,0.89,0.44,-0.07
1783987224.508,17:00:24.508,0.97,0.19,0.15
1783987225.0082,17:00:25.008,0.97,0.24,0.10
1783987225.508,17:00:25.508,0.96,0.25,0.10
1783987226.0075,17:00:26.007,0.96,0.26,0.09
1783987226.5073,17:00:26.507,0.96,0.25,0.09
1783987227.0072,17:00:27.007,0.96,0.25,0.09
1783987227.5066,17:00:27.506,0.96,0.25,0.10
1783987228.0067,17:00:28.006,0.96,0.25,0.10
1783987228.5069,17:00:28.506,0.96,0.25,0.10
1783987229.0066,17:00:29.006,0.97,0.24,0.10
1783987229.5063,17:00:29.506,0.97,0.24,0.10
1783987230.0063,17:00:30.006,0.96,0.28,0.06
1783987230.506,17:00:30.506,0.95,0.31,0.04
1783987231.0058,17:00:31.005,0.97,0.23,0.11
1783987231.5065,17:00:31.506,0.97,0.20,0.12
1783987232.0055,17:00:32.005,0.97,0.19,0.14
1783987232.5058,17:00:32.505,0.97,0.19,0.14
1783987233.0062,17:00:33.006,0.96,0.27,0.07
1783987233.5055,17:00:33.505,0.95,0.31,0.05
1783987234.0053,17:00:34.005,0.95,0.31,0.06
1783987234.505,17:00:34.505,0.95,0.29,0.07
1783987235.0044,17:00:35.004,0.97,0.23,0.12
1783987235.5045,17:00:35.504,0.97,0.21,0.13
1783987236.0049,17:00:36.004,0.96,0.27,0.08
1783987236.5048,17:00:36.504,0.96,0.27,0.07
1783987237.0045,17:00:37.004,0.97,0.24,0.10
1783987237.5046,17:00:37.504,0.97,0.23,0.11
1783987238.0042,17:00:38.004,0.97,0.22,0.13
1783987238.5039,17:00:38.503,0.97,0.21,0.13
1783987239.0039,17:00:39.003,0.97,0.19,0.15
1783987239.503,17:00:39.503,0.98,0.15,0.16
1783987240.0027,17:00:40.002,0.97,0.14,0.17
1783987240.5029,17:00:40.502,0.97,0.14,0.17
1783987241.0028,17:00:41.002,0.97,0.19,0.14
1783987241.5024,17:00:41.502,0.97,0.22,0.12
1783987242.0025,17:00:42.002,0.96,0.26,0.11
1783987242.5019,17:00:42.501,0.95,0.31,0.07
1783987243.0014,17:00:43.001,0.95,0.31,0.07
1783987243.5015,17:00:43.501,0.96,0.26,0.11
1783987244.0018,17:00:44.001,0.97,0.20,0.15
1783987244.5014,17:00:44.501,0.97,0.18,0.15
1783987245.0013,17:00:45.001,0.97,0.16,0.16
1783987245.5017,17:00:45.501,0.97,0.15,0.17
1783987246.001,17:00:46.001,0.98,0.15,0.16
1783987246.5014,17:00:46.501,0.98,0.17,0.13
1783987247.0016,17:00:47.001,0.97,0.21,0.10
1783987247.501,17:00:47.501,0.97,0.21,0.11
1783987248.0007,17:00:48.000,0.98,0.18,0.13
1783987248.5008,17:00:48.500,0.97,0.18,0.13
1783987249.0005,17:00:49.000,0.97,0.19,0.13
1783987249.5005,17:00:49.500,0.97,0.22,0.10
1783987250.0009,17:00:50.000,0.97,0.22,0.10
1783987250.5,17:00:50.500,0.97,0.20,0.11
1783987250.9998,17:00:50.999,0.98,0.17,0.13
1783987251.4997,17:00:51.499,0.98,0.14,0.17
1783987251.9991,17:00:51.999,0.98,0.11,0.18
1783987252.4992,17:00:52.499,0.98,0.10,0.19
1783987252.9994,17:00:52.999,0.98,0.11,0.18
1783987253.4985,17:00:53.498,0.98,0.14,0.16
1783987253.9981,17:00:53.998,0.98,0.16,0.15
1783987254.4981,17:00:54.498,0.97,0.18,0.15
1783987254.9977,17:00:54.997,0.97,0.19,0.15
1783987255.4974,17:00:55.497,0.97,0.17,0.15
1783987255.9976,17:00:55.997,0.97,0.17,0.14
1783987256.4975,17:00:56.497,0.97,0.17,0.15
1783987256.9971,17:00:56.997,0.97,0.18,0.14
1783987257.4972,17:00:57.497,0.97,0.18,0.14
1783987257.9968,17:00:57.996,0.97,0.22,0.12
1783987258.4965,17:00:58.496,0.97,0.22,0.12
1783987258.9965,17:00:58.996,0.97,0.21,0.11
1783987259.4965,17:00:59.496,0.97,0.17,0.15
1783987259.9958,17:00:59.995,0.98,0.15,0.16
1783987260.4958,17:01:00.495,0.98,0.15,0.15
1783987260.9965,17:01:00.996,0.98,0.17,0.14
1783987261.4957,17:01:01.495,0.97,0.21,0.10
1783987261.9956,17:01:01.995,0.97,0.24,0.08
1783987262.496,17:01:02.496,0.96,0.26,0.08
1783987262.9957,17:01:02.995,0.96,0.25,0.09
1783987263.4961,17:01:03.496,0.97,0.19,0.14
1783987263.9966,17:01:03.996,0.97,0.17,0.16
1783987264.4958,17:01:04.495,0.97,0.16,0.16
1783987264.9955,17:01:04.995,0.98,0.13,0.18
1783987265.4955,17:01:05.495,0.98,0.12,0.18
1783987265.995,17:01:05.995,0.98,0.15,0.16
1783987266.4946,17:01:06.494,0.97,0.18,0.14
1783987266.9951,17:01:06.995,0.98,0.17,0.13
1783987267.4945,17:01:07.494,0.98,0.14,0.15
1783987267.9944,17:01:07.994,0.98,0.14,0.15
1783987268.4944,17:01:08.494,0.98,0.13,0.16
1783987268.9941,17:01:08.994,0.98,0.11,0.17
1783987269.4938,17:01:09.493,0.98,0.09,0.18
1783987269.9938,17:01:09.993,0.98,0.07,0.21
1783987270.4937,17:01:10.493,0.97,0.05,0.23
1783987270.9937,17:01:10.993,0.97,0.02,0.25
1783987271.494,17:01:11.494,0.97,0.01,0.26
1783987271.9936,17:01:11.993,0.96,0.01,0.26
1783987272.4933,17:01:12.493,0.96,0.00,0.27
1783987272.9933,17:01:12.993,0.97,0.02,0.25
1783987273.4932,17:01:13.493,0.97,0.03,0.25
1783987273.9922,17:01:13.992,0.97,0.05,0.22
1783987274.4927,17:01:14.492,0.97,0.05,0.22
1783987274.9929,17:01:14.992,0.97,0.01,0.24
1783987275.492,17:01:15.492,0.97,0.00,0.24
1783987275.9922,17:01:15.992,0.97,-0.01,0.26
1783987276.4917,17:01:16.491,0.96,-0.01,0.26
1783987276.9913,17:01:16.991,0.96,0.00,0.26
1783987277.4914,17:01:17.491,0.97,0.00,0.26
1783987277.9918,17:01:17.991,0.97,0.00,0.25
1783987278.491,17:01:18.491,0.97,0.00,0.26
1783987278.9911,17:01:18.991,0.96,0.00,0.27
1783987279.4913,17:01:19.491,0.97,0.00,0.26
1783987279.9906,17:01:19.990,0.97,0.02,0.26
1783987280.4904,17:01:20.490,0.97,0.03,0.26
1783987280.9907,17:01:20.990,0.97,0.05,0.25
1783987281.4901,17:01:21.490,0.97,0.06,0.25
1783987281.9903,17:01:21.990,0.97,0.06,0.24
1783987282.4899,17:01:22.489,0.97,0.06,0.24
1783987282.9892,17:01:22.989,0.97,0.03,0.25
1783987283.489,17:01:23.489,0.97,0.04,0.23
1783987283.9891,17:01:23.989,0.97,0.07,0.21
1783987284.4887,17:01:24.488,0.98,0.08,0.20
1783987284.9882,17:01:24.988,0.97,0.04,0.23
1783987285.4888,17:01:25.488,0.97,0.04,0.22
1783987285.9884,17:01:25.988,0.98,0.10,0.17
1783987286.488,17:01:26.488,0.98,0.14,0.14
1783987286.9885,17:01:26.988,0.98,0.18,0.11
1783987287.4879,17:01:27.487,0.97,0.21,0.08
1783987287.9872,17:01:27.987,0.97,0.21,0.09
1783987288.4876,17:01:28.487,0.98,0.17,0.14
1783987288.9874,17:01:28.987,0.98,0.18,0.13
1783987289.4867,17:01:29.486,0.98,0.18,0.13
1783987289.9871,17:01:29.987,0.97,0.19,0.12
1783987290.4869,17:01:30.486,0.98,0.18,0.12
1783987290.9861,17:01:30.986,0.97,0.19,0.13
1783987291.4866,17:01:31.486,0.97,0.17,0.14
1783987291.9868,17:01:31.986,0.97,0.18,0.15
1783987292.4865,17:01:32.486,0.96,0.24,0.11
1783987292.9869,17:01:32.986,0.96,0.26,0.11
1783987293.487,17:01:33.487,0.97,0.23,0.13
1783987293.9866,17:01:33.986,0.97,0.22,0.12
1783987294.4866,17:01:34.486,0.97,0.23,0.12
1783987294.9866,17:01:34.986,0.97,0.23,0.12
1783987295.4861,17:01:35.486,0.96,0.25,0.08
1783987295.9856,17:01:35.985,0.96,0.25,0.09
1783987296.4857,17:01:36.485,0.96,0.25,0.09
1783987296.9855,17:01:36.985,0.97,0.22,0.12
1783987297.4855,17:01:37.485,0.97,0.23,0.12
1783987297.9854,17:01:37.985,0.96,0.25,0.12
1783987298.4848,17:01:38.484,0.96,0.24,0.13
1783987298.9843,17:01:38.984,0.95,0.32,0.06
1783987299.4845,17:01:39.484,0.95,0.32,0.06
1783987299.9844,17:01:39.984,0.95,0.32,0.06
1783987300.484,17:01:40.484,0.96,0.27,0.08
1783987300.9849,17:01:40.984,0.96,0.24,0.11
1783987301.4845,17:01:41.484,0.97,0.18,0.16
1783987301.9842,17:01:41.984,0.97,0.18,0.16
1783987302.4844,17:01:42.484,0.97,0.17,0.15
1783987302.9841,17:01:42.984,0.97,0.19,0.14
1783987303.4835,17:01:43.483,0.97,0.23,0.11
1783987303.9838,17:01:43.983,0.97,0.24,0.11
1783987304.4834,17:01:44.483,0.97,0.22,0.12
1783987304.9825,17:01:44.982,0.97,0.22,0.13
1783987305.4825,17:01:45.482,0.97,0.23,0.12
1783987305.9824,17:01:45.982,0.96,0.27,0.09
1783987306.4824,17:01:46.482,0.96,0.27,0.09
1783987306.9827,17:01:46.982,0.96,0.24,0.11
1783987307.4827,17:01:47.482,0.97,0.23,0.12
1783987307.9823,17:01:47.982,0.96,0.24,0.11
1783987308.4822,17:01:48.482,0.96,0.26,0.10
1783987308.982,17:01:48.982,0.96,0.25,0.10
1783987309.4815,17:01:49.481,0.97,0.21,0.13
1783987309.9817,17:01:49.981,0.97,0.16,0.17
1783987310.4818,17:01:50.481,0.97,0.15,0.17
1783987310.9814,17:01:50.981,0.97,0.17,0.16
1783987311.4817,17:01:51.481,0.97,0.17,0.15
1783987311.9813,17:01:51.981,0.98,0.16,0.15
1783987312.481,17:01:52.481,0.98,0.15,0.16
1783987312.9808,17:01:52.980,0.97,0.16,0.16
1783987313.4811,17:01:53.481,0.98,0.14,0.17
1783987313.9805,17:01:53.980,0.97,0.15,0.16
1783987314.4804,17:01:54.480,0.98,0.15,0.17
1783987314.9801,17:01:54.980,0.97,0.19,0.13
1783987315.48,17:01:55.480,0.98,0.18,0.13
1783987315.9792,17:01:55.979,0.98,0.17,0.13
1783987316.4797,17:01:56.479,0.98,0.16,0.13
1783987316.9793,17:01:56.979,0.98,0.11,0.17
1783987317.4787,17:01:57.478,0.98,0.06,0.21
1783987317.9791,17:01:57.979,0.97,0.02,0.24
1783987318.4793,17:01:58.479,0.97,0.02,0.24
1783987318.979,17:01:58.979,0.97,0.04,0.23
1783987319.4789,17:01:59.478,0.98,0.08,0.19
1783987319.9784,17:01:59.978,0.98,0.11,0.17
1783987320.4774,17:02:00.477,0.98,0.13,0.16
1783987320.9779,17:02:00.977,0.98,0.16,0.15
1783987321.4771,17:02:01.477,0.97,0.20,0.12
1783987321.9764,17:02:01.976,0.96,0.27,0.06
1783987322.4768,17:02:02.476,0.96,0.28,0.05
1783987322.9771,17:02:02.977,0.96,0.26,0.06
1783987323.4765,17:02:03.476,0.97,0.25,0.06
1783987323.9764,17:02:03.976,0.97,0.24,0.07
1783987324.4764,17:02:04.476,0.97,0.21,0.09
1783987324.9763,17:02:04.976,0.98,0.18,0.13
1783987325.4767,17:02:05.476,0.98,0.17,0.14
1783987325.9767,17:02:05.976,0.97,0.18,0.14
1783987326.4759,17:02:06.475,0.98,0.18,0.13
1783987326.9761,17:02:06.976,0.97,0.23,0.08
1783987327.4758,17:02:07.475,0.96,0.26,0.06
1783987327.9752,17:02:07.975,0.96,0.27,0.06
1783987328.4751,17:02:08.475,0.96,0.25,0.08
1783987328.9751,17:02:08.975,0.97,0.22,0.10
1783987329.4748,17:02:09.474,0.97,0.22,0.10
1783987329.9746,17:02:09.974,0.97,0.19,0.14
1783987330.4747,17:02:10.474,0.97,0.20,0.11
1783987330.9745,17:02:10.974,0.97,0.22,0.10
1783987331.474,17:02:11.474,0.95,0.31,0.04
1783987331.9742,17:02:11.974,0.95,0.31,0.04
1783987332.4735,17:02:12.473,0.94,0.33,0.03
1783987332.9735,17:02:12.973,0.95,0.31,0.04
1783987333.4738,17:02:13.473,0.95,0.31,0.06
1783987333.9738,17:02:13.973,0.96,0.25,0.10
1783987334.4737,17:02:14.473,0.97,0.16,0.17
1783987334.9737,17:02:14.973,0.97,0.14,0.18
1783987335.4731,17:02:15.473,0.97,0.13,0.18
1783987335.9729,17:02:15.972,0.97,0.17,0.16
1783987336.4733,17:02:16.473,0.97,0.22,0.12
1783987336.9731,17:02:16.973,0.96,0.25,0.10
1783987337.4723,17:02:17.472,0.96,0.25,0.10
1783987337.9722,17:02:17.972,0.96,0.26,0.11
1783987338.4724,17:02:18.472,0.97,0.22,0.13
1783987338.9716,17:02:18.971,0.97,0.20,0.13
1783987339.4716,17:02:19.471,0.97,0.20,0.13
1783987339.9719,17:02:19.971,0.97,0.20,0.14
1783987340.4711,17:02:20.471,0.97,0.18,0.15
1783987340.9714,17:02:20.971,0.97,0.17,0.16
1783987341.4716,17:02:21.471,0.97,0.17,0.15
1783987341.9709,17:02:21.970,0.96,0.25,0.11
1783987342.4707,17:02:22.470,0.94,0.33,0.02
1783987342.9708,17:02:22.970,0.94,0.33,0.03
1783987343.4704,17:02:23.470,0.95,0.30,0.05
1783987343.9703,17:02:23.970,0.97,0.20,0.13
1783987344.4703,17:02:24.470,0.98,0.17,0.14
1783987344.9696,17:02:24.969,0.98,0.17,0.14
1783987345.4694,17:02:25.469,0.97,0.25,0.05
1783987345.9696,17:02:25.969,0.97,0.25,0.05
1783987346.4693,17:02:26.469,0.96,0.27,0.03
1783987346.9691,17:02:26.969,0.96,0.25,0.08
1783987347.4692,17:02:27.469,0.96,0.25,0.08
1783987347.9684,17:02:27.968,0.97,0.23,0.10
1783987348.4683,17:02:28.468,0.97,0.20,0.12
1783987348.9687,17:02:28.968,0.97,0.18,0.14
1783987349.469,17:02:29.469,0.97,0.18,0.14
1783987349.9686,17:02:29.968,0.97,0.19,0.14
1783987350.4691,17:02:30.469,0.97,0.21,0.14
1783987350.9687,17:02:30.968,0.97,0.22,0.12
1783987351.4684,17:02:31.468,0.96,0.24,0.11
1783987351.9684,17:02:31.968,0.96,0.25,0.10
1783987352.4683,17:02:32.468,0.96,0.25,0.10
1783987352.9679,17:02:32.967,0.96,0.25,0.10
1783987353.468,17:02:33.468,0.95,0.32,0.04
1783987353.9679,17:02:33.967,0.95,0.32,0.05
1783987354.467,17:02:34.467,0.95,0.32,0.06
1783987354.9672,17:02:34.967,0,0,0
1783987355.4674,17:02:35.467,0,0,0
1783987355.9669,17:02:35.966,0,0,0
1783987356.4669,17:02:36.466,0,0,0
1783987356.9666,17:02:36.966,0,0,0
1783987357.4662,17:02:37.466,0,0,0
1783987357.9661,17:02:37.966,0,0,0
1783987358.4665,17:02:38.466,0,0,0
1783987358.9658,17:02:38.965,0,0,0
1783987359.4657,17:02:39.465,0,0,0
1783987359.9658,17:02:39.965,0,0,0
1783987360.465,17:02:40.465,0,0,0
1783987360.9649,17:02:40.964,0,0,0
1783987361.4645,17:02:41.464,0.78,0.61,-0.15
1783987361.964,17:02:41.964,0.65,0.72,-0.27
1783987362.4641,17:02:42.464,0.60,0.74,-0.31
1783987362.9642,17:02:42.964,0.60,0.72,-0.33
1783987363.464,17:02:43.464,0.61,0.72,-0.34
1783987363.9637,17:02:43.963,0.64,0.69,-0.33
1783987364.4637,17:02:44.463,0.74,0.61,-0.28
1783987364.9632,17:02:44.963,0.85,0.50,-0.17
1783987365.4628,17:02:45.462,0.98,0.20,0.11
1783987365.9626,17:02:45.962,0.98,0.13,0.16
1783987366.4627,17:02:46.462,0.98,0.08,0.18
1783987366.9621,17:02:46.962,0.98,0.06,0.20
1783987367.4624,17:02:47.462,0.98,0.06,0.18
1783987367.9626,17:02:47.962,0.98,0.06,0.17
1783987368.4621,17:02:48.462,0.98,0.05,0.18
1783987368.9625,17:02:48.962,0.98,0.02,0.21
1783987369.4628,17:02:49.462,0.98,0.01,0.22
1783987369.962,17:02:49.962,0.96,-0.07,0.28
1783987370.4623,17:02:50.462,0.95,-0.09,0.29
1783987370.9624,17:02:50.962,0.95,-0.10,0.29
1783987371.4619,17:02:51.461,0.97,-0.03,0.25
1783987371.9619,17:02:51.961,0.98,0.06,0.19
1783987372.4619,17:02:52.461,0.98,0.06,0.20
1783987372.9609,17:02:52.960,0.98,0.05,0.20
1783987373.4606,17:02:53.460,0.98,0.08,0.20
1783987373.9608,17:02:53.960,0.98,0.11,0.16
1783987374.4601,17:02:54.460,0.98,0.14,0.14
1783987374.9601,17:02:54.960,0.98,0.16,0.12
1783987375.4603,17:02:55.460,0.98,0.20,0.06
1783987375.9602,17:02:55.960,0.97,0.22,0.04
1783987376.46,17:02:56.460,0.97,0.23,0.04
1783987376.9599,17:02:56.959,0.98,0.18,0.08
1783987377.4597,17:02:57.459,0.98,0.17,0.10
1783987377.9598,17:02:57.959,0.98,0.17,0.12
1783987378.4598,17:02:58.459,0.98,0.18,0.11
1783987378.9597,17:02:58.959,0.88,0.45,-0.15
1783987379.4594,17:02:59.459,0.88,0.45,-0.15
1783987379.9597,17:02:59.959,0.84,0.51,-0.19
1783987380.4595,17:03:00.459,0.84,0.51,-0.18
1783987380.9592,17:03:00.959,0.85,0.50,-0.18
1783987381.4592,17:03:01.459,0.87,0.47,-0.13
1783987381.9589,17:03:01.958,0.89,0.43,-0.11
1783987382.4581,17:03:02.458,0.92,0.39,-0.06
1783987382.9583,17:03:02.958,0.92,0.39,-0.05
1783987383.4581,17:03:03.458,0.92,0.39,-0.04
1783987383.9576,17:03:03.957,0.92,0.38,-0.04
1783987384.4582,17:03:04.458,0.91,0.42,-0.06
1783987384.9579,17:03:04.957,0.90,0.42,-0.07
1783987385.457,17:03:05.457,0.90,0.42,-0.07
1783987385.9568,17:03:05.956,0.91,0.41,-0.07
1783987386.4571,17:03:06.457,0.92,0.40,-0.05
1783987386.9565,17:03:06.956,0.92,0.39,-0.05
1783987387.4562,17:03:07.456,0.91,0.40,-0.06
1783987387.9562,17:03:07.956,0.91,0.40,-0.06
1783987388.4557,17:03:08.455,0.91,0.40,-0.06
1783987388.9555,17:03:08.955,0.91,0.40,-0.07
1783987389.4554,17:03:09.455,0.93,0.38,-0.05
1783987389.955,17:03:09.955,0.93,0.38,-0.05
1783987390.4553,17:03:10.455,0.90,0.43,-0.06
1783987390.9551,17:03:10.955,0.87,0.49,-0.10
1783987391.4546,17:03:11.454,0.84,0.52,-0.13
1783987391.9545,17:03:11.954,0.84,0.53,-0.15
1783987392.4546,17:03:12.454,0.84,0.53,-0.15
1783987392.9538,17:03:12.953,0.81,0.56,-0.17
1783987393.4537,17:03:13.453,0.81,0.57,-0.16
1783987393.9543,17:03:13.954,0.82,0.55,-0.14
1783987394.4544,17:03:14.454,0.82,0.55,-0.14
1783987394.9539,17:03:14.953,0.81,0.56,-0.15
1783987395.4543,17:03:15.454,0.83,0.55,-0.13
1783987395.9542,17:03:15.954,0.83,0.54,-0.14
1783987396.4538,17:03:16.453,0.87,0.48,-0.10
1783987396.9541,17:03:16.954,0.88,0.46,-0.11
1783987397.4537,17:03:17.453,0.87,0.48,-0.13
1783987397.9536,17:03:17.953,0.84,0.51,-0.17
1783987398.4536,17:03:18.453,0.81,0.55,-0.21
1783987398.9533,17:03:18.953,0.96,0.28,0.02
1783987399.4529,17:03:19.452,0.96,0.29,0.02
1783987399.9528,17:03:19.952,0.97,0.25,0.06
1783987400.4528,17:03:20.452,0.98,0.20,0.09
1783987400.9523,17:03:20.952,0.98,0.17,0.11
1783987401.4523,17:03:21.452,0.98,0.16,0.11
1783987401.9523,17:03:21.952,0.98,0.16,0.11
1783987402.4515,17:03:22.451,0.97,0.23,0.06
1783987402.9516,17:03:22.951,0.97,0.25,0.07
1783987403.4514,17:03:23.451,0.79,0.58,-0.21
1783987403.9507,17:03:23.950,0.71,0.65,-0.28
1783987404.4505,17:03:24.450,0.72,0.62,-0.30
1783987404.9509,17:03:24.950,0.72,0.62,-0.31
1783987405.4504,17:03:25.450,0.74,0.61,-0.28
1783987405.9504,17:03:25.950,0.97,0.25,0.06
1783987406.4505,17:03:26.450,0.97,0.23,0.07
1783987406.95,17:03:26.950,0.97,0.22,0.09
1783987407.4499,17:03:27.449,0.97,0.23,0.09
1783987407.9501,17:03:27.950,0.97,0.19,0.13
1783987408.4496,17:03:28.449,0.97,0.19,0.11
1783987408.9492,17:03:28.949,0.98,0.20,0.09
1783987409.4497,17:03:29.449,0.96,0.26,0.04
1783987409.9493,17:03:29.949,0.96,0.29,0.01
1783987410.449,17:03:30.449,0.95,0.31,0.01
1783987410.9496,17:03:30.949,0.96,0.28,0.04
1783987411.4495,17:03:31.449,0.95,0.30,0.03
1783987411.9489,17:03:31.948,0.95,0.31,0.02
1783987412.4494,17:03:32.449,0.95,0.32,0.03
1783987412.9492,17:03:32.949,0.95,0.32,0.03
1783987413.4487,17:03:33.448,0.96,0.29,0.05
1783987413.949,17:03:33.949,0.96,0.29,0.05
1783987414.4482,17:03:34.448,0.96,0.27,0.06
1783987414.9479,17:03:34.947,0.96,0.27,0.06
1783987415.4477,17:03:35.447,0.96,0.27,0.08
1783987415.9476,17:03:35.947,0.96,0.25,0.11
1783987416.4469,17:03:36.446,0.96,0.24,0.12
1783987416.947,17:03:36.947,0.97,0.19,0.16
1783987417.4468,17:03:37.446,0.97,0.18,0.15
1783987417.9463,17:03:37.946,0.98,0.15,0.16
1783987418.4462,17:03:38.446,0.98,0.13,0.18
1783987418.9463,17:03:38.946,0.98,0.12,0.18
1783987419.4459,17:03:39.445,0.98,0.12,0.18
1783987419.9458,17:03:39.945,0.98,0.13,0.16
1783987420.446,17:03:40.446,0.98,0.12,0.17
1783987420.9459,17:03:40.945,0.97,0.07,0.21
1783987421.4461,17:03:41.446,0.97,0.04,0.24
1783987421.946,17:03:41.946,0.97,0.03,0.25
1783987422.4456,17:03:42.445,0.97,0.03,0.25
1783987422.9455,17:03:42.945,0.97,0.05,0.24
1783987423.4453,17:03:43.445,0.97,0.05,0.23
1783987423.9455,17:03:43.945,0.97,0.05,0.24
1783987424.4448,17:03:44.444,0.97,0.06,0.24
1783987424.945,17:03:44.945,0.97,0.04,0.24
1783987425.4449,17:03:45.444,0.97,0.04,0.23
1783987425.9445,17:03:45.944,0.97,0.04,0.23
1783987426.4448,17:03:46.444,0.97,0.03,0.23
1783987426.9446,17:03:46.944,0.97,0.02,0.22
1783987427.4443,17:03:47.444,0.97,0.01,0.23
1783987427.9443,17:03:47.944,0.97,0.00,0.24
1783987428.444,17:03:48.444,0.97,0.00,0.25
1783987428.9436,17:03:48.943,0.96,-0.02,0.26
1783987429.4439,17:03:49.443,0.96,-0.03,0.27
1783987429.9439,17:03:49.943,0.96,-0.02,0.26
1783987430.4432,17:03:50.443,0.97,-0.01,0.26
1783987430.9432,17:03:50.943,0.97,0.00,0.26
1783987431.4433,17:03:51.443,0.97,0.00,0.25
1783987431.9429,17:03:51.942,0.97,0.00,0.25
1783987432.4428,17:03:52.442,0.97,0.01,0.24
1783987432.943,17:03:52.943,0.97,0.02,0.24
1783987433.4426,17:03:53.442,0.98,0.06,0.21
1783987433.9425,17:03:53.942,0.98,0.12,0.17
1783987434.4423,17:03:54.442,0.98,0.18,0.13
1783987434.9418,17:03:54.941,0.97,0.20,0.11
1783987435.4416,17:03:55.441,0.97,0.20,0.11
1783987435.9419,17:03:55.941,0.97,0.21,0.11
1783987436.4413,17:03:56.441,0.98,0.19,0.11
1783987436.9412,17:03:56.941,0.97,0.22,0.07
1783987437.4412,17:03:57.441,0.97,0.23,0.07
1783987437.9409,17:03:57.940,0.98,0.19,0.10
1783987438.441,17:03:58.441,0.98,0.16,0.13
1783987438.9413,17:03:58.941,0.98,0.16,0.13
1783987439.4409,17:03:59.440,0.98,0.17,0.12
1783987439.9406,17:03:59.940,0.98,0.19,0.10
1783987440.441,17:04:00.441,0.98,0.19,0.08
1783987440.9408,17:04:00.940,0.98,0.19,0.08
1783987441.4406,17:04:01.440,0.98,0.18,0.10
1783987441.9407,17:04:01.940,0.98,0.15,0.11
1783987442.4405,17:04:02.440,0.98,0.12,0.13
1783987442.9395,17:04:02.939,0.98,0.11,0.15
1783987443.4396,17:04:03.439,0.98,0.13,0.14
1783987443.939,17:04:03.939,0.98,0.17,0.12
1783987444.4383,17:04:04.438,0.97,0.25,0.06
1783987444.9383,17:04:04.938,0.96,0.27,0.08
1783987445.438,17:04:05.438,0.97,0.23,0.11
1783987445.9374,17:04:05.937,0.97,0.22,0.12
1783987446.4375,17:04:06.437,0.97,0.23,0.11
1783987446.9375,17:04:06.937,0.96,0.26,0.09
1783987447.4374,17:04:07.437,0.94,0.33,0.03
1783987447.937,17:04:07.937,0.94,0.33,0.02
1783987448.4367,17:04:08.436,0.95,0.29,0.06
1783987448.9365,17:04:08.936,0.96,0.25,0.09
1783987449.4368,17:04:09.436,0.96,0.26,0.08
1783987449.937,17:04:09.937,0.96,0.27,0.07
1783987450.4365,17:04:10.436,0.96,0.28,0.07
1783987450.9367,17:04:10.936,0.96,0.26,0.09
1783987451.4368,17:04:11.436,0.96,0.26,0.09
1783987451.9362,17:04:11.936,0.96,0.25,0.09
1783987452.4356,17:04:12.435,0.97,0.23,0.09
1783987452.9361,17:04:12.936,0.97,0.20,0.11
1783987453.4357,17:04:13.435,0.97,0.20,0.12
1783987453.9356,17:04:13.935,0.97,0.20,0.11
1783987454.4356,17:04:14.435,0.98,0.19,0.12
1783987454.9359,17:04:14.935,0.98,0.17,0.14
1783987455.4355,17:04:15.435,0.98,0.17,0.14
1783987455.9356,17:04:15.935,0.97,0.23,0.10
1783987456.4354,17:04:16.435,0.96,0.28,0.06
1783987456.9351,17:04:16.935,0.95,0.30,0.06
1783987457.4349,17:04:17.434,0.95,0.32,0.05
1783987457.9346,17:04:17.934,0.95,0.32,0.06
1783987458.4338,17:04:18.433,0.94,0.33,0.07
1783987458.9337,17:04:18.933,0.96,0.26,0.12
1783987459.4335,17:04:19.433,0.96,0.25,0.13
1783987459.9332,17:04:19.933,0.96,0.24,0.13
1783987460.4328,17:04:20.432,0.96,0.27,0.11
1783987460.9331,17:04:20.933,0.95,0.29,0.08
1783987461.4327,17:04:21.432,0.95,0.29,0.09
1783987461.9324,17:04:21.932,0.96,0.24,0.11
1783987462.4328,17:04:22.432,0.98,0.19,0.11
1783987462.9323,17:04:22.932,0.98,0.09,0.18
1783987463.4322,17:04:23.432,0.98,0.08,0.18
1783987463.9324,17:04:23.932,0.98,0.14,0.15
1783987464.4317,17:04:24.431,0.97,0.16,0.16
1783987464.9313,17:04:24.931,0.97,0.18,0.16
1783987465.432,17:04:25.432,0.97,0.18,0.15
1783987465.9312,17:04:25.931,0.97,0.13,0.18
1783987466.4309,17:04:26.430,0.97,0.14,0.18
1783987466.9309,17:04:26.930,0.97,0.21,0.12
1783987467.4304,17:04:27.430,0.96,0.26,0.08
1783987467.9302,17:04:27.930,0.96,0.25,0.08
1783987468.4303,17:04:28.430,0.96,0.26,0.09
1783987468.93,17:04:28.930,0.96,0.26,0.10
1783987469.4297,17:04:29.429,0.96,0.27,0.09
1783987469.9297,17:04:29.929,0.95,0.29,0.08
1783987470.4293,17:04:30.429,0.95,0.29,0.08
1783987470.9289,17:04:30.928,0.96,0.27,0.09
1783987471.4292,17:04:31.429,0.96,0.27,0.08
1783987471.9293,17:04:31.929,0.96,0.26,0.08
1783987472.4287,17:04:32.428,0.96,0.25,0.08
1783987472.9292,17:04:32.929,0.96,0.26,0.07
1783987473.4291,17:04:33.429,0.96,0.26,0.07
1783987473.9292,17:04:33.929,0.97,0.25,0.07
1783987474.4292,17:04:34.429,0.97,0.25,0.06
1783987474.9293,17:04:34.929,0.97,0.22,0.10
1783987475.4289,17:04:35.428,0.98,0.14,0.16
1783987475.9294,17:04:35.929,0.98,0.08,0.20
1783987476.4292,17:04:36.429,0.98,0.09,0.19
1783987476.9289,17:04:36.928,0.98,0.12,0.18
1783987477.4287,17:04:37.428,0.98,0.16,0.14
1783987477.9297,17:04:37.929,0.98,0.16,0.14
1783987478.4289,17:04:38.428,0.98,0.13,0.17
1783987478.9286,17:04:38.928,0.98,0.13,0.17
1783987479.4286,17:04:39.428,0.98,0.15,0.16
1783987479.9279,17:04:39.927,0.98,0.15,0.15
1783987480.4275,17:04:40.427,0.98,0.16,0.15
1783987480.928,17:04:40.928,0.98,0.15,0.16
1783987481.4278,17:04:41.427,0.98,0.14,0.16
1783987481.9276,17:04:41.927,0.98,0.15,0.16
1783987482.4275,17:04:42.427,0.97,0.16,0.17
1783987482.9267,17:04:42.926,0.97,0.18,0.15
1783987483.4266,17:04:43.426,0.97,0.19,0.15
1783987483.9266,17:04:43.926,0.97,0.19,0.14
1783987484.4263,17:04:44.426,0.97,0.22,0.12
1783987484.9262,17:04:44.926,0.97,0.23,0.12
1783987485.4261,17:04:45.426,0.96,0.24,0.12
1783987485.9255,17:04:45.925,0.97,0.22,0.13
1783987486.4252,17:04:46.425,0.96,0.24,0.11
1783987486.9254,17:04:46.925,0.96,0.25,0.10
1783987487.4253,17:04:47.425,0.96,0.25,0.10
1783987487.9247,17:04:47.924,0.96,0.27,0.07
1783987488.425,17:04:48.425,0.96,0.26,0.07
1783987488.9247,17:04:48.924,0.97,0.22,0.10
1783987489.424,17:04:49.424,0.97,0.23,0.10
1783987489.924,17:04:49.924,0.97,0.22,0.10
1783987490.4239,17:04:50.423,0.97,0.24,0.08
1783987490.9235,17:04:50.923,0.96,0.25,0.07
1783987491.4233,17:04:51.423,0.96,0.27,0.07
1783987491.9236,17:04:51.923,0.96,0.27,0.08
1783987492.4228,17:04:52.422,0.96,0.29,0.06
1783987492.9231,17:04:52.923,0.96,0.28,0.07
1783987493.4232,17:04:53.423,0.96,0.27,0.07
1783987493.9223,17:04:53.922,0.97,0.25,0.08
1783987494.4221,17:04:54.422,0.96,0.26,0.06
1783987494.9225,17:04:54.922,0.96,0.26,0.06
1783987495.4219,17:04:55.421,0.97,0.22,0.09
1783987495.922,17:04:55.922,0.98,0.15,0.15
1783987496.4224,17:04:56.422,0.98,0.15,0.16
1783987496.9223,17:04:56.922,0.86,0.49,-0.09
1783987497.4219,17:04:57.421,0.83,0.54,-0.13
1783987497.9223,17:04:57.922,0,0,0
1783987498.4215,17:04:58.421,0,0,0
1783987498.9214,17:04:58.921,0,0,0
1783987499.4216,17:04:59.421,0.80,0.58,-0.15
1783987499.9209,17:04:59.920,0.63,0.72,-0.29
1783987500.4205,17:05:00.420,0.63,0.72,-0.30
1783987500.9205,17:05:00.920,0.66,0.71,-0.27
1783987501.42,17:05:01.420,0.65,0.70,-0.28
1783987501.9198,17:05:01.919,0.69,0.68,-0.26
1783987502.4203,17:05:02.420,0.73,0.64,-0.24
1783987502.9197,17:05:02.919,0.84,0.52,-0.17
1783987503.4192,17:05:03.419,0.92,0.38,-0.07
1783987503.9194,17:05:03.919,0.92,0.38,-0.08
1783987504.4195,17:05:04.419,0.92,0.39,-0.07
1783987504.9189,17:05:04.918,0.98,0.16,0.13
1783987505.419,17:05:05.419,0.98,0.19,0.11
1783987505.9186,17:05:05.918,0.97,0.21,0.08
1783987506.4181,17:05:06.418,0.96,0.26,0.04
1783987506.9183,17:05:06.918,0.96,0.27,0.05
1783987507.4184,17:05:07.418,0.96,0.27,0.06
1783987507.918,17:05:07.918,0.96,0.26,0.07
1783987508.4177,17:05:08.417,0.96,0.26,0.06
1783987508.9179,17:05:08.917,0.96,0.28,0.03
1783987509.418,17:05:09.418,0.95,0.30,0.03
1783987509.9174,17:05:09.917,0.97,0.23,0.09
1783987510.4178,17:05:10.417,0.97,0.24,0.07
1783987510.9177,17:05:10.917,0.96,0.26,0.07
1783987511.4179,17:05:11.417,0.96,0.26,0.08
1783987511.9178,17:05:11.917,0.96,0.26,0.10
1783987512.4176,17:05:12.417,0.96,0.26,0.10
1783987512.9177,17:05:12.917,0.96,0.25,0.11
1783987513.4173,17:05:13.417,0.96,0.27,0.08
1783987513.917,17:05:13.917,0.96,0.27,0.08
1783987514.4166,17:05:14.416,0.96,0.28,0.08
1783987514.9167,17:05:14.916,0.97,0.22,0.12
1783987515.4167,17:05:15.416,0.97,0.22,0.11
1783987515.9163,17:05:15.916,0.97,0.23,0.10
1783987516.4165,17:05:16.416,0.96,0.28,0.07
1783987516.9164,17:05:16.916,0.96,0.28,0.07
1783987517.4156,17:05:17.415,0.96,0.26,0.08
1783987517.9157,17:05:17.915,0.96,0.26,0.08
1783987518.4151,17:05:18.415,0.96,0.27,0.07
1783987518.915,17:05:18.915,0.95,0.30,0.06
1783987519.415,17:05:19.415,0.95,0.30,0.06
1783987519.9149,17:05:19.914,0.94,0.35,0.03
1783987520.4141,17:05:20.414,0.92,0.38,0.00
1783987520.9139,17:05:20.913,0.94,0.34,0.02
1783987521.414,17:05:21.414,0.95,0.31,0.03
1783987521.9132,17:05:21.913,0.96,0.28,0.05
1783987522.4133,17:05:22.413,0.96,0.26,0.07
1783987522.9137,17:05:22.913,0.96,0.27,0.05
1783987523.413,17:05:23.413,0.96,0.26,0.06
1783987523.9133,17:05:23.913,0.96,0.26,0.06
1783987524.4132,17:05:24.413,0.97,0.20,0.11
1783987524.9122,17:05:24.912,0.98,0.14,0.16
1783987525.4119,17:05:25.411,0.98,0.12,0.17
1783987525.9119,17:05:25.911,0.98,0.09,0.19
1783987526.4118,17:05:26.411,0.98,0.10,0.19
1783987526.9116,17:05:26.911,0.98,0.12,0.16
1783987527.4121,17:05:27.412,0.97,0.22,0.08
1783987527.9121,17:05:27.912,0.95,0.31,-0.01
1783987528.4118,17:05:28.411,0.94,0.34,-0.03
1783987528.912,17:05:28.912,0.93,0.36,-0.06
1783987529.412,17:05:29.412,0.94,0.35,-0.06
1783987529.9114,17:05:29.911,0.96,0.29,0.02
1783987530.4112,17:05:30.411,0.96,0.28,0.04
1783987530.9111,17:05:30.911,0.94,0.33,0.01
1783987531.4109,17:05:31.410,0.93,0.36,0.00
1783987531.9114,17:05:31.911,0.93,0.38,-0.01
1783987532.411,17:05:32.411,0.93,0.38,-0.02
1783987532.9105,17:05:32.910,0.92,0.38,-0.03
1783987533.4107,17:05:33.410,0.93,0.37,-0.04
1783987533.9104,17:05:33.910,0.94,0.33,0.00
1783987534.4096,17:05:34.409,0.97,0.22,0.09
1783987534.9097,17:05:34.909,0.98,0.14,0.16
1783987535.4099,17:05:35.409,0.98,0.08,0.20
1783987535.9092,17:05:35.909,0.98,0.08,0.21
1783987536.409,17:05:36.409,0.97,0.10,0.20
1783987536.9091,17:05:36.909,0.97,0.11,0.19
1783987537.4083,17:05:37.408,0.98,0.11,0.19
1783987537.9085,17:05:37.908,0.98,0.11,0.19
1783987538.4084,17:05:38.408,0.97,0.10,0.21
1783987538.9083,17:05:38.908,0.97,0.08,0.23
1783987539.4085,17:05:39.408,0.97,0.08,0.23
1783987539.9081,17:05:39.908,0.97,0.13,0.19
1783987540.408,17:05:40.408,0.97,0.20,0.14
1783987540.9084,17:05:40.908,0.97,0.23,0.12
1783987541.4089,17:05:41.408,0.97,0.22,0.12
1783987541.9081,17:05:41.908,0.97,0.22,0.12
1783987542.408,17:05:42.408,0.97,0.24,0.10
1783987542.9084,17:05:42.908,0.96,0.28,0.06
1783987543.4077,17:05:43.407,0.94,0.35,0.00
1783987543.9073,17:05:43.907,0.94,0.35,0.01
1783987544.4072,17:05:44.407,0.94,0.34,0.02
1783987544.907,17:05:44.907,0.95,0.30,0.05
1783987545.4069,17:05:45.406,0.96,0.28,0.07
1783987545.9071,17:05:45.907,0.96,0.25,0.10
1783987546.407,17:05:46.407,0.97,0.21,0.13
1783987546.9064,17:05:46.906,0.97,0.15,0.17
1783987547.4069,17:05:47.406,0.97,0.14,0.17
1783987547.9063,17:05:47.906,0.97,0.14,0.17
1783987548.4056,17:05:48.405,0.97,0.16,0.16
1783987548.9056,17:05:48.905,0.97,0.20,0.13
1783987549.4056,17:05:49.405,0.97,0.24,0.11
1783987549.9049,17:05:49.904,0.96,0.27,0.08
1783987550.4051,17:05:50.405,0.96,0.29,0.06
1783987550.9052,17:05:50.905,0.95,0.30,0.05
1783987551.4044,17:05:51.404,0.96,0.29,0.07
1783987551.9045,17:05:51.904,0.95,0.29,0.06
1783987552.4049,17:05:52.404,0.96,0.26,0.08
1783987552.9045,17:05:52.904,0.97,0.22,0.12
1783987553.4045,17:05:53.404,0.97,0.24,0.11
1783987553.9048,17:05:53.904,0.96,0.26,0.09
1783987554.404,17:05:54.404,0.96,0.26,0.09
1783987554.9041,17:05:54.904,0.96,0.24,0.10
1783987555.4043,17:05:55.404,0.97,0.23,0.11
1783987555.9041,17:05:55.904,0.97,0.23,0.12
1783987556.4036,17:05:56.403,0.96,0.23,0.13
1783987556.9039,17:05:56.903,0.96,0.24,0.12
1783987557.4037,17:05:57.403,0.97,0.19,0.14
1783987557.9035,17:05:57.903,0.97,0.19,0.15
1783987558.4037,17:05:58.403,0.97,0.20,0.14
1783987558.9033,17:05:58.903,0.97,0.21,0.13
1783987559.4032,17:05:59.403,0.97,0.23,0.12
1783987559.9034,17:05:59.903,0.97,0.21,0.11
1783987560.4027,17:06:00.402,0.97,0.21,0.12
1783987560.9023,17:06:00.902,0.97,0.23,0.11
1783987561.4022,17:06:01.402,0.97,0.20,0.12
1783987561.9018,17:06:01.901,0.97,0.19,0.14
1783987562.4013,17:06:02.401,0.98,0.17,0.15
1783987562.9014,17:06:02.901,0.97,0.22,0.10
1783987563.4014,17:06:03.401,0.97,0.22,0.10
1783987563.9006,17:06:03.900,0.97,0.22,0.11
1783987564.4007,17:06:04.400,0.97,0.21,0.12
1783987564.9007,17:06:04.900,0.97,0.20,0.14
1783987565.4002,17:06:05.400,0.97,0.14,0.19
1783987565.9,17:06:05.900,0.97,0.09,0.22
1783987566.3997,17:06:06.399,0.97,0.10,0.21
1783987566.8989,17:06:06.898,0.98,0.12,0.18
1783987567.3992,17:06:07.399,0.97,0.15,0.16
1783987567.8988,17:06:07.898,0.97,0.18,0.15
1783987568.3981,17:06:08.398,0.97,0.18,0.16
1783987568.8984,17:06:08.898,0.97,0.18,0.15
1783987569.3982,17:06:09.398,0.97,0.17,0.15
1783987569.8983,17:06:09.898,0.97,0.21,0.12
1783987570.3985,17:06:10.398,0.96,0.25,0.10
1783987570.8985,17:06:10.898,0.96,0.25,0.09
1783987571.3981,17:06:11.398,0.96,0.25,0.10
1783987571.8978,17:06:11.897,0.97,0.20,0.13
1783987572.398,17:06:12.398,0.97,0.12,0.20
1783987572.8977,17:06:12.897,0.97,0.12,0.20
1783987573.3973,17:06:13.397,0.97,0.11,0.20
1783987573.8976,17:06:13.897,0.97,0.10,0.22
1783987574.3976,17:06:14.397,0.97,0.06,0.24
1783987574.8973,17:06:14.897,0.97,0.07,0.23
1783987575.3975,17:06:15.397,0.97,0.08,0.22
1783987575.8968,17:06:15.896,0.97,0.12,0.19
1783987576.3966,17:06:16.396,0.97,0.20,0.14
1783987576.8969,17:06:16.896,0.97,0.22,0.12
1783987577.3967,17:06:17.396,0.97,0.21,0.14
1783987577.8964,17:06:17.896,0.97,0.21,0.14
1783987578.3966,17:06:18.396,0.97,0.20,0.14
1783987578.8964,17:06:18.896,0.97,0.21,0.14
1783987579.3964,17:06:19.396,0.97,0.24,0.09
1783987579.8964,17:06:19.896,0.96,0.27,0.07
1783987580.3963,17:06:20.396,0.96,0.28,0.06
1783987580.8957,17:06:20.895,0.95,0.30,0.05
1783987581.3956,17:06:21.395,0.96,0.26,0.06
1783987581.8955,17:06:21.895,0.96,0.25,0.08
1783987582.3951,17:06:22.395,0.97,0.24,0.09
1783987582.8947,17:06:22.894,0.97,0.18,0.14
1783987583.3947,17:06:23.394,0.98,0.16,0.15
1783987583.8945,17:06:23.894,0.98,0.12,0.18
1783987584.3942,17:06:24.394,0.98,0.11,0.19
1783987584.8944,17:06:24.894,0.98,0.11,0.18
1783987585.3941,17:06:25.394,0.98,0.12,0.19
1783987585.8937,17:06:25.893,0.98,0.14,0.17
1783987586.3942,17:06:26.394,0.98,0.16,0.15
1783987586.8934,17:06:26.893,0.97,0.21,0.11
1783987587.3934,17:06:27.393,0.97,0.20,0.12
1783987587.894,17:06:27.894,0.97,0.17,0.14
1783987588.3932,17:06:28.393,0.98,0.15,0.16
1783987588.8931,17:06:28.893,0.98,0.15,0.15
1783987589.3933,17:06:29.393,0.97,0.20,0.12
1783987589.8932,17:06:29.893,0.97,0.19,0.13
1783987590.3926,17:06:30.392,0.97,0.18,0.15
1783987590.8929,17:06:30.892,0.97,0.18,0.15
1783987591.3929,17:06:31.392,0.97,0.18,0.15
1783987591.8926,17:06:31.892,0.97,0.17,0.15
1783987592.3926,17:06:32.392,0.97,0.17,0.15
1783987592.8923,17:06:32.892,0.97,0.17,0.15
1783987593.3915,17:06:33.391,0.97,0.17,0.15
1783987593.8918,17:06:33.891,0.97,0.18,0.15
1783987594.391,17:06:34.391,0.97,0.18,0.14
1783987594.8907,17:06:34.890,0.97,0.21,0.12
1783987595.3911,17:06:35.391,0.97,0.20,0.13
1783987595.8906,17:06:35.890,0.97,0.21,0.12
1783987596.3902,17:06:36.390,0.96,0.25,0.08
1783987596.8907,17:06:36.890,0.97,0.24,0.09
1783987597.3905,17:06:37.390,0.96,0.25,0.08
1783987597.8899,17:06:37.889,0.98,0.14,0.17
1783987598.3903,17:06:38.390,0.98,0.15,0.16
1783987598.8908,17:06:38.890,0.97,0.19,0.13
1783987599.3905,17:06:39.390,0.97,0.20,0.12
1783987599.8899,17:06:39.889,0.97,0.20,0.13
1783987600.3902,17:06:40.390,0.97,0.20,0.13
1783987600.8898,17:06:40.889,0.97,0.20,0.13
1783987601.3899,17:06:41.389,0.97,0.17,0.15
1783987601.8899,17:06:41.889,0.98,0.16,0.15
1783987602.3894,17:06:42.389,0.98,0.16,0.15
1783987602.889,17:06:42.889,0.97,0.17,0.15
1783987603.3893,17:06:43.389,0.97,0.21,0.12
1783987603.8889,17:06:43.888,0.97,0.20,0.12
1783987604.3888,17:06:44.388,0.97,0.20,0.12
1783987604.8886,17:06:44.888,0.97,0.19,0.12
1783987605.3881,17:06:45.388,0.97,0.20,0.11
1783987605.8873,17:06:45.887,0.97,0.22,0.08
1783987606.3878,17:06:46.387,0.97,0.22,0.09
1783987606.8874,17:06:46.887,0.97,0.22,0.10
1783987607.387,17:06:47.387,0.98,0.12,0.17
1783987607.887,17:06:47.887,0.98,0.11,0.19
1783987608.386,17:06:48.386,0.97,0.09,0.21
1783987608.8855,17:06:48.885,0.97,0.08,0.21
1783987609.3859,17:06:49.385,0.97,0.06,0.22
1783987609.8866,17:06:49.886,0.97,0.06,0.22
1783987610.3862,17:06:50.386,0.97,0.05,0.22
1783987610.8861,17:06:50.886,0.97,0.05,0.22
1783987611.3861,17:06:51.386,0.98,0.13,0.16
1783987611.8858,17:06:51.885,0.97,0.19,0.13
1783987612.3858,17:06:52.385,0.97,0.19,0.13
1783987612.8863,17:06:52.886,0.98,0.19,0.12
1783987613.3853,17:06:53.385,0.97,0.24,0.09
1783987613.8856,17:06:53.885,0.96,0.26,0.08
1783987614.3854,17:06:54.385,0.97,0.21,0.13
1783987614.8847,17:06:54.884,0.97,0.18,0.15
1783987615.3843,17:06:55.384,0.97,0.18,0.14
1783987615.8848,17:06:55.884,0.97,0.17,0.16
1783987616.3846,17:06:56.384,0.97,0.18,0.15
1783987616.884,17:06:56.884,0.97,0.18,0.15
1783987617.3844,17:06:57.384,0.97,0.20,0.13
1783987617.884,17:06:57.884,0.96,0.24,0.10
1783987618.3835,17:06:58.383,0.97,0.23,0.10
1783987618.8835,17:06:58.883,0.97,0.22,0.12
1783987619.3832,17:06:59.383,0.97,0.18,0.15
1783987619.8828,17:06:59.882,0.97,0.15,0.17
1783987620.3829,17:07:00.382,0.98,0.12,0.18
1783987620.8831,17:07:00.883,0.97,0.09,0.21
1783987621.383,17:07:01.383,0.97,0.07,0.22
1783987621.8828,17:07:01.882,0.97,0.07,0.22
1783987622.3825,17:07:02.382,0.97,0.07,0.22
1783987622.8821,17:07:02.882,0.97,0.08,0.21
1783987623.3823,17:07:03.382,0.98,0.08,0.20
1783987623.8822,17:07:03.882,0.97,0.08,0.21
1783987624.3815,17:07:04.381,0.97,0.06,0.23
1783987624.8817,17:07:04.881,0.97,0.06,0.22
1783987625.3816,17:07:05.381,0.97,0.08,0.22
1783987625.8806,17:07:05.880,0.97,0.11,0.20
1783987626.3806,17:07:06.380,0.98,0.11,0.19
1783987626.8808,17:07:06.880,0.97,0.21,0.13
1783987627.3801,17:07:07.380,0.97,0.20,0.13
1783987627.8802,17:07:07.880,0.97,0.18,0.14
1783987628.3806,17:07:08.380,0.97,0.21,0.12
1783987628.8805,17:07:08.880,0.97,0.24,0.10
1783987629.3807,17:07:09.380,0.96,0.25,0.10
1783987629.8808,17:07:09.880,0.97,0.24,0.11
1783987630.3802,17:07:10.380,0.97,0.21,0.13
1783987630.8801,17:07:10.880,0.97,0.18,0.14
1783987631.3799,17:07:11.379,0.97,0.17,0.14
1783987631.8794,17:07:11.879,0.97,0.18,0.13
1783987632.3794,17:07:12.379,0.96,0.26,0.07
1783987632.8793,17:07:12.879,0.96,0.26,0.07
1783987633.3785,17:07:13.378,0.97,0.24,0.09
1783987633.8784,17:07:13.878,0.97,0.24,0.09
1783987634.379,17:07:14.379,0.96,0.26,0.08
1783987634.8786,17:07:14.878,0.96,0.27,0.07
1783987635.3786,17:07:15.378,0.96,0.27,0.08
1783987635.8784,17:07:15.878,0.96,0.27,0.07
1783987636.3774,17:07:16.377,0.96,0.26,0.08
1783987636.8772,17:07:16.877,0.97,0.22,0.10
1783987637.3775,17:07:17.377,0.97,0.21,0.11
1783987637.8771,17:07:17.877,0.98,0.17,0.13
1783987638.3772,17:07:18.377,0.98,0.11,0.18
1783987638.8776,17:07:18.877,0.98,0.10,0.18
1783987639.3775,17:07:19.377,0.97,0.04,0.23
1783987639.8771,17:07:19.877,0.97,0.05,0.22
1783987640.3776,17:07:20.377,0.98,0.08,0.19
1783987640.877,17:07:20.877,0.98,0.15,0.15
1783987641.3761,17:07:21.376,0.97,0.20,0.11
1783987641.8766,17:07:21.876,0.97,0.22,0.10
1783987642.3763,17:07:22.376,0.97,0.23,0.09
1783987642.8755,17:07:22.875,0.97,0.21,0.11
1783987643.3754,17:07:23.375,0.97,0.16,0.16
1783987643.8754,17:07:23.875,0.97,0.15,0.17
1783987644.3747,17:07:24.374,0.97,0.13,0.18
1783987644.8747,17:07:24.874,0.97,0.15,0.17
1783987645.3747,17:07:25.374,0.97,0.14,0.18
1783987645.8743,17:07:25.874,0.98,0.13,0.17
1783987646.3745,17:07:26.374,0.98,0.12,0.18
1783987646.8746,17:07:26.874,0.97,0.13,0.18
1783987647.3743,17:07:27.374,0.97,0.12,0.19
1783987647.874,17:07:27.874,0.97,0.10,0.20
1783987648.3739,17:07:28.373,0.97,0.07,0.22
1783987648.8738,17:07:28.873,0.97,0.07,0.22
1783987649.3738,17:07:29.373,0.97,0.05,0.24
1783987649.8737,17:07:29.873,0.97,0.05,0.24
1783987650.3731,17:07:30.373,0.97,0.10,0.22
1783987650.8728,17:07:30.872,0.97,0.13,0.19
1783987651.3728,17:07:31.372,0.97,0.13,0.20
1783987651.8721,17:07:31.872,0.97,0.15,0.18
1783987652.3719,17:07:32.371,0.97,0.18,0.15
1783987652.8724,17:07:32.872,0.97,0.21,0.12
1783987653.3722,17:07:33.372,0.97,0.23,0.11
1783987653.8717,17:07:33.871,0.97,0.22,0.11
1783987654.3717,17:07:34.371,0.97,0.22,0.11
1783987654.8716,17:07:34.871,0.97,0.22,0.11
1783987655.3712,17:07:35.371,0.97,0.23,0.11
1783987655.871,17:07:35.871,0.97,0.23,0.11
1783987656.3713,17:07:36.371,0.97,0.18,0.14
1783987656.8707,17:07:36.870,0.97,0.17,0.14
1783987657.3709,17:07:37.370,0.98,0.17,0.14
1783987657.8707,17:07:37.870,0.97,0.24,0.08
1783987658.37,17:07:38.370,0.96,0.25,0.09
1783987658.8704,17:07:38.870,0.97,0.20,0.13
1783987659.3705,17:07:39.370,0.97,0.16,0.16
1783987659.8701,17:07:39.870,0.98,0.15,0.17
1783987660.3706,17:07:40.370,0.97,0.19,0.14
1783987660.8704,17:07:40.870,0.96,0.29,0.07
1783987661.3701,17:07:41.370,0.95,0.32,0.04
1783987661.8701,17:07:41.870,0.93,0.36,0.02
1783987662.37,17:07:42.370,0.93,0.36,0.02
1783987662.8696,17:07:42.869,0.94,0.35,0.02
1783987663.3694,17:07:43.369,0.96,0.26,0.08
1783987663.8692,17:07:43.869,0.96,0.26,0.09
1783987664.3689,17:07:44.368,0.96,0.26,0.07
1783987664.8687,17:07:44.868,0.96,0.26,0.07
1783987665.3687,17:07:45.368,0.97,0.25,0.07
1783987665.8684,17:07:45.868,0.97,0.25,0.07
1783987666.3681,17:07:46.368,0.96,0.26,0.07
1783987666.8684,17:07:46.868,0.96,0.26,0.08
1783987667.368,17:07:47.368,0.96,0.27,0.08
1783987667.8679,17:07:47.867,0.95,0.29,0.07
1783987668.3677,17:07:48.367,0.95,0.30,0.06
1783987668.8671,17:07:48.867,0.94,0.33,0.06
1783987669.3671,17:07:49.367,0.94,0.34,0.04
1783987669.867,17:07:49.867,0.94,0.34,0.06
1783987670.3668,17:07:50.366,0.94,0.33,0.06
1783987670.8665,17:07:50.866,0.94,0.33,0.06
1783987671.3671,17:07:51.367,0.95,0.32,0.06
1783987671.8668,17:07:51.866,0.96,0.26,0.10
1783987672.3664,17:07:52.366,0.96,0.27,0.11
1783987672.8669,17:07:52.866,0.95,0.31,0.06
1783987673.3667,17:07:53.366,0.95,0.30,0.05
1783987673.866,17:07:53.866,0.95,0.32,0.06
1783987674.3661,17:07:54.366,0.94,0.34,0.04
1783987674.8663,17:07:54.866,0.94,0.33,0.06
1783987675.3662,17:07:55.366,0.94,0.32,0.07
1783987675.8664,17:07:55.866,0.95,0.29,0.09
1783987676.3657,17:07:56.365,0.96,0.27,0.11
1783987676.8653,17:07:56.865,0.96,0.28,0.09
1783987677.3653,17:07:57.365,0.94,0.35,0.02
1783987677.8655,17:07:57.865,0.93,0.36,0.00
1783987678.3648,17:07:58.364,0.92,0.39,-0.03
1783987678.8648,17:07:58.864,0.90,0.43,-0.06
1783987679.3651,17:07:59.365,0.90,0.43,-0.07
1783987679.8644,17:07:59.864,0.94,0.35,0.00
1783987680.3639,17:08:00.363,0.97,0.24,0.08
1783987680.8641,17:08:00.864,0.97,0.22,0.10
1783987681.3636,17:08:01.363,0.97,0.21,0.12
1783987681.863,17:08:01.863,0.97,0.23,0.10
1783987682.3633,17:08:02.363,0.97,0.22,0.11
1783987682.8631,17:08:02.863,0.97,0.22,0.12
1783987683.3624,17:08:03.362,0.97,0.20,0.12
1783987683.8626,17:08:03.862,0.98,0.19,0.11
1783987684.3621,17:08:04.362,0.98,0.18,0.12
1783987684.8617,17:08:04.861,0.98,0.19,0.10
1783987685.3621,17:08:05.362,0.98,0.18,0.13
1783987685.8616,17:08:05.861,0.98,0.17,0.13
1783987686.3608,17:08:06.360,0.98,0.14,0.16
1783987686.8615,17:08:06.861,0.98,0.13,0.17
1783987687.3607,17:08:07.360,0.98,0.12,0.18
1783987687.8606,17:08:07.860,0.97,0.20,0.13
1783987688.361,17:08:08.361,0.96,0.27,0.05
1783987688.861,17:08:08.861,0.97,0.25,0.06
1783987689.3606,17:08:09.360,0.97,0.24,0.06
1783987689.8609,17:08:09.860,0.97,0.19,0.12
1783987690.3613,17:08:10.361,0.97,0.09,0.21
1783987690.861,17:08:10.861,0.97,0.04,0.24
1783987691.361,17:08:11.361,0.97,0.03,0.25
1783987691.8613,17:08:11.861,0.97,0.03,0.25
1783987692.3607,17:08:12.360,0.97,0.08,0.21
1783987692.8601,17:08:12.860,0.98,0.13,0.16
1783987693.3606,17:08:13.360,0.97,0.19,0.12
1783987693.8601,17:08:13.860,0.97,0.21,0.10
1783987694.3599,17:08:14.359,0.97,0.25,0.08
1783987694.8595,17:08:14.859,0.96,0.25,0.07
1783987695.3592,17:08:15.359,0.96,0.27,0.06
1783987695.859,17:08:15.859,0.96,0.27,0.07
1783987696.3593,17:08:16.359,0.96,0.25,0.08
1783987696.8593,17:08:16.859,0.97,0.24,0.10
1783987697.3588,17:08:17.358,0.97,0.19,0.14
1783987697.859,17:08:17.859,0.97,0.19,0.14
1783987698.3587,17:08:18.358,0.97,0.19,0.14
1783987698.8581,17:08:18.858,0.97,0.18,0.15
1783987699.358,17:08:19.358,0.97,0.16,0.16
1783987699.8578,17:08:19.857,0.97,0.16,0.16
1783987700.3571,17:08:20.357,0.98,0.13,0.17
1783987700.8577,17:08:20.857,0.98,0.14,0.17
1783987701.3578,17:08:21.357,0.97,0.14,0.18
1783987701.8573,17:08:21.857,0.97,0.22,0.11
1783987702.358,17:08:22.358,0.96,0.25,0.09
1783987702.8578,17:08:22.857,0.96,0.26,0.10
1783987703.3576,17:08:23.357,0.96,0.26,0.11
1783987703.8574,17:08:23.857,0.96,0.27,0.10
1783987704.3574,17:08:24.357,0.95,0.31,0.08
1783987704.8571,17:08:24.857,0.95,0.30,0.09
1783987705.3577,17:08:25.357,0.94,0.33,0.08
1783987705.8576,17:08:25.857,0.94,0.33,0.09
1783987706.3568,17:08:26.356,0.94,0.32,0.10
1783987706.8569,17:08:26.856,0.95,0.29,0.11
1783987707.3567,17:08:27.356,0.96,0.26,0.13
1783987707.8566,17:08:27.856,0.96,0.22,0.15
1783987708.3566,17:08:28.356,0.97,0.19,0.16
1783987708.8559,17:08:28.855,0.97,0.18,0.17
1783987709.3553,17:08:29.355,0.97,0.17,0.17
1783987709.8552,17:08:29.855,0.97,0.16,0.17
1783987710.3548,17:08:30.354,0.97,0.15,0.17
1783987710.8547,17:08:30.854,0.97,0.17,0.16
1783987711.3538,17:08:31.353,0.97,0.19,0.14
1783987711.8539,17:08:31.853,0.97,0.20,0.13
1783987712.3539,17:08:32.353,0.97,0.19,0.13
1783987712.8536,17:08:32.853,0.97,0.20,0.13
1783987713.3538,17:08:33.353,0.97,0.22,0.12
1783987713.853,17:08:33.853,0.96,0.25,0.09
1783987714.3531,17:08:34.353,0.96,0.25,0.08
1783987714.8531,17:08:34.853,0.97,0.24,0.10
1783987715.353,17:08:35.353,0.97,0.21,0.12
1783987715.853,17:08:35.853,0.98,0.14,0.17
1783987716.3535,17:08:36.353,0.98,0.12,0.19
1783987716.8531,17:08:36.853,0.98,0.12,0.18
1783987717.3526,17:08:37.352,0.98,0.13,0.18
1783987717.8526,17:08:37.852,0.98,0.14,0.16
1783987718.3525,17:08:38.352,0.98,0.16,0.14
1783987718.8519,17:08:38.851,0.98,0.17,0.13
1783987719.3516,17:08:39.351,0.97,0.20,0.11
1783987719.8518,17:08:39.851,0.98,0.17,0.13
1783987720.3513,17:08:40.351,0.98,0.17,0.13
1783987720.8515,17:08:40.851,0.98,0.18,0.12
1783987721.3516,17:08:41.351,0.97,0.23,0.09
1783987721.851,17:08:41.851,0.97,0.23,0.09
1783987722.3514,17:08:42.351,0.92,0.40,-0.05
1783987722.8514,17:08:42.851,0.91,0.40,-0.05
1783987723.3506,17:08:43.350,0.87,0.47,-0.13
1783987723.8505,17:08:43.850,0.83,0.52,-0.21
1783987724.3503,17:08:44.350,0.72,0.61,-0.32
1783987724.8496,17:08:44.849,0.73,0.60,-0.32
1783987725.3494,17:08:45.349,0.96,0.26,0.01
1783987725.8499,17:08:45.849,0.96,0.27,0.04
1783987726.3494,17:08:46.349,0.96,0.27,0.04
1783987726.8495,17:08:46.849,0.97,0.23,0.09
1783987727.3495,17:08:47.349,0.96,0.25,0.08
1783987727.8494,17:08:47.849,0.97,0.19,0.12
1783987728.349,17:08:48.349,0.97,0.21,0.11
1783987728.8491,17:08:48.849,0.96,0.27,0.07
1783987729.3485,17:08:49.348,0.95,0.30,0.04
1783987729.8484,17:08:49.848,0.96,0.29,0.05
1783987730.3484,17:08:50.348,0.96,0.27,0.05
1783987730.8481,17:08:50.848,0.97,0.25,0.06
1783987731.3477,17:08:51.347,0.97,0.25,0.07
1783987731.8478,17:08:51.847,0.97,0.24,0.09
1783987732.3475,17:08:52.347,0.97,0.22,0.09
1783987732.8472,17:08:52.847,0.97,0.18,0.14
1783987733.347,17:08:53.347,0.97,0.17,0.16
1783987733.8468,17:08:53.846,0.97,0.20,0.14
1783987734.3461,17:08:54.346,0.97,0.23,0.12
1783987734.8459,17:08:54.845,0.96,0.24,0.13
1783987735.3466,17:08:55.346,0.96,0.24,0.14
1783987735.846,17:08:55.846,0.97,0.21,0.15
1783987736.3463,17:08:56.346,0.96,0.22,0.15
1783987736.8465,17:08:56.846,0.96,0.24,0.13
1783987737.3462,17:08:57.346,0.95,0.28,0.11
1783987737.8462,17:08:57.846,0.95,0.30,0.09
1783987738.3465,17:08:58.346,0.95,0.31,0.08
1783987738.8455,17:08:58.845,0.95,0.29,0.09
1783987739.3454,17:08:59.345,0.96,0.26,0.10
1783987739.845,17:08:59.845,0.96,0.25,0.09
1783987740.3445,17:09:00.344,0.96,0.25,0.09
1783987740.8443,17:09:00.844,0.96,0.25,0.09
1783987741.3444,17:09:01.344,0.96,0.26,0.07
1783987741.844,17:09:01.844,0.96,0.27,0.07
1783987742.3435,17:09:02.343,0.96,0.27,0.07
1783987742.8439,17:09:02.843,0.96,0.25,0.08
1783987743.3431,17:09:03.343,0.97,0.24,0.09
1783987743.843,17:09:03.843,0.97,0.23,0.09
1783987744.3436,17:09:04.343,0.97,0.20,0.09
1783987744.8437,17:09:04.843,0.98,0.16,0.13
1783987745.3435,17:09:05.343,0.98,0.14,0.14
1783987745.844,17:09:05.844,0.98,0.16,0.13
1783987746.3432,17:09:06.343,0.98,0.18,0.13
1783987746.8425,17:09:06.842,0.97,0.19,0.12
1783987747.3428,17:09:07.342,0.97,0.20,0.11
1783987747.8427,17:09:07.842,0.97,0.19,0.13
1783987748.3421,17:09:08.342,0.97,0.19,0.13
1783987748.8426,17:09:08.842,0.98,0.14,0.16
1783987749.3424,17:09:09.342,0.97,0.05,0.22
1783987749.8425,17:09:09.842,0.97,0.05,0.22
1783987750.3425,17:09:10.342,0.97,0.06,0.22
1783987750.8424,17:09:10.842,0.97,0.09,0.21
1783987751.3418,17:09:11.341,0.97,0.09,0.20
1783987751.8417,17:09:11.841,0.97,0.06,0.23
1783987752.3418,17:09:12.341,0.97,0.07,0.22
1783987752.8414,17:09:12.841,0.98,0.11,0.19
1783987753.3415,17:09:13.341,0.98,0.13,0.17
1783987753.8411,17:09:13.841,0.97,0.19,0.13
1783987754.3406,17:09:14.340,0.97,0.21,0.13
1783987754.8402,17:09:14.840,0.97,0.21,0.12
1783987755.3405,17:09:15.340,0.97,0.24,0.08
1783987755.8397,17:09:15.839,0.97,0.23,0.09
1783987756.3398,17:09:16.339,0.97,0.19,0.13
1783987756.84,17:09:16.840,0.97,0.19,0.14
1783987757.3395,17:09:17.339,0.97,0.20,0.14
1783987757.8393,17:09:17.839,0.97,0.21,0.14
1783987758.3393,17:09:18.339,0.97,0.20,0.14
1783987758.8389,17:09:18.838,0.97,0.15,0.17
1783987759.3393,17:09:19.339,0.97,0.15,0.17
1783987759.8391,17:09:19.839,0.97,0.22,0.13
1783987760.3392,17:09:20.339,0.97,0.22,0.13
1783987760.8386,17:09:20.838,0.97,0.20,0.15
1783987761.3389,17:09:21.338,0.97,0.18,0.16
1783987761.8387,17:09:21.838,0.97,0.17,0.17
1783987762.3379,17:09:22.337,0.97,0.17,0.18
1783987762.8385,17:09:22.838,0.97,0.18,0.17
1783987763.3383,17:09:23.338,0.97,0.17,0.18
1783987763.8374,17:09:23.837,0.97,0.17,0.18
1783987764.3378,17:09:24.337,0.97,0.17,0.17
1783987764.8377,17:09:24.837,0.97,0.16,0.16
1783987765.3373,17:09:25.337,0.97,0.16,0.16
1783987765.8374,17:09:25.837,0.97,0.13,0.19
1783987766.3372,17:09:26.337,0.97,0.10,0.22
1783987766.8369,17:09:26.836,0.97,0.09,0.21
1783987767.3369,17:09:27.336,0.97,0.10,0.21
1783987767.8369,17:09:27.836,0.97,0.10,0.21
1783987768.3365,17:09:28.336,0.97,0.13,0.19
1783987768.8368,17:09:28.836,0.97,0.16,0.17
1783987769.3368,17:09:29.336,0.97,0.16,0.17
1783987769.8359,17:09:29.835,0.97,0.21,0.14
1783987770.3359,17:09:30.335,0.97,0.21,0.12
1783987770.8356,17:09:30.835,0.97,0.21,0.11
1783987771.3348,17:09:31.334,0.97,0.19,0.12
1783987771.8346,17:09:31.834,0.97,0.19,0.13
1783987772.3347,17:09:32.334,0.97,0.18,0.14
1783987772.8343,17:09:32.834,0.98,0.16,0.15
1783987773.3342,17:09:33.334,0.97,0.16,0.16
1783987773.8348,17:09:33.834,0.97,0.13,0.19
1783987774.3349,17:09:34.334,0.97,0.11,0.20
1783987774.8341,17:09:34.834,0.97,0.10,0.21
1783987775.334,17:09:35.334,0.97,0.10,0.21
1783987775.8336,17:09:35.833,0.97,0.15,0.19
1783987776.3331,17:09:36.333,0.97,0.16,0.18
1783987776.8329,17:09:36.832,0.97,0.17,0.17
1783987777.333,17:09:37.333,0.97,0.17,0.18
1783987777.8324,17:09:37.832,0.97,0.17,0.17
1783987778.3325,17:09:38.332,0.97,0.16,0.16
1783987778.8323,17:09:38.832,0.97,0.18,0.14
1783987779.3322,17:09:39.332,0.97,0.20,0.12
1783987779.832,17:09:39.832,0.97,0.20,0.12
1783987780.3319,17:09:40.331,0.97,0.19,0.14
1783987780.8313,17:09:40.831,0.97,0.16,0.16
1783987781.3318,17:09:41.331,0.98,0.13,0.18
1783987781.8316,17:09:41.831,0.97,0.14,0.18
1783987782.331,17:09:42.331,0.97,0.10,0.21
1783987782.8311,17:09:42.831,0.97,0.12,0.20
1783987783.3309,17:09:43.330,0.97,0.13,0.18
1783987783.8308,17:09:43.830,0.97,0.18,0.14
1783987784.3304,17:09:44.330,0.97,0.21,0.11
1783987784.8307,17:09:44.830,0.97,0.22,0.09
1783987785.3303,17:09:45.330,0.97,0.23,0.08
1783987785.8304,17:09:45.830,0.97,0.23,0.08
1783987786.3302,17:09:46.330,0.97,0.23,0.08
1783987786.8301,17:09:46.830,0.98,0.18,0.11
1783987787.3299,17:09:47.329,0.98,0.17,0.12
1783987787.8302,17:09:47.830,0.98,0.18,0.11
1783987788.3298,17:09:48.329,0.98,0.20,0.08
1783987788.8295,17:09:48.829,0.97,0.21,0.07
1783987789.3299,17:09:49.329,0.97,0.22,0.08
1783987789.8296,17:09:49.829,0.98,0.19,0.11
1783987790.329,17:09:50.329,0.97,0.19,0.12
1783987790.8297,17:09:50.829,0.98,0.18,0.13
1783987791.3293,17:09:51.329,0.97,0.19,0.13
1783987791.8285,17:09:51.828,0.97,0.19,0.12
1783987792.3292,17:09:52.329,0.98,0.12,0.17
1783987792.8292,17:09:52.829,0.98,0.12,0.17
1783987793.3287,17:09:53.328,0.98,0.17,0.12
1783987793.8291,17:09:53.829,0.97,0.21,0.11
1783987794.3285,17:09:54.328,0.97,0.21,0.11
1783987794.8281,17:09:54.828,0.97,0.22,0.10
1783987795.328,17:09:55.328,0.97,0.25,0.08
1783987795.828,17:09:55.828,0.96,0.26,0.08
1783987796.3274,17:09:56.327,0.97,0.23,0.11
1783987796.8274,17:09:56.827,0.97,0.18,0.14
1783987797.3279,17:09:57.327,0.97,0.18,0.14
1783987797.8277,17:09:57.827,0.97,0.19,0.13
1783987798.3278,17:09:58.327,0.97,0.19,0.12
1783987798.8272,17:09:58.827,0.98,0.17,0.14
1783987799.3269,17:09:59.326,0.98,0.15,0.15
1783987799.8269,17:09:59.826,0.98,0.15,0.15
1783987800.3268,17:10:00.326,0.97,0.16,0.15
1783987800.8265,17:10:00.826,0.97,0.16,0.15
1783987801.3265,17:10:01.326,0.98,0.13,0.17
1783987801.826,17:10:01.826,0.98,0.13,0.18
1783987802.3254,17:10:02.325,0.98,0.13,0.17
1783987802.825,17:10:02.825,0.87,0.47,-0.13
1783987803.325,17:10:03.325,0.84,0.51,-0.17
1783987803.8251,17:10:03.825,0.85,0.50,-0.16
1783987804.3245,17:10:04.324,0.85,0.49,-0.17
1783987804.825,17:10:04.825,0.93,0.37,-0.06
1783987805.3244,17:10:05.324,0.96,0.29,0.00
1783987805.8237,17:10:05.823,0.95,0.30,0.00
1783987806.3241,17:10:06.324,0.93,0.35,-0.05
1783987806.8238,17:10:06.823,0.92,0.38,-0.08
1783987807.323,17:10:07.323,0.82,0.53,-0.22
1783987807.8233,17:10:07.823,0.74,0.60,-0.30
1783987808.3235,17:10:08.323,0.69,0.65,-0.31
1783987808.8234,17:10:08.823,0,0,0
1783987809.3238,17:10:09.323,0,0,0
1783987809.8237,17:10:09.823,0,0,0
1783987810.3231,17:10:10.323,0.63,0.70,-0.35
1783987810.8233,17:10:10.823,0.61,0.70,-0.37
1783987811.323,17:10:11.323,0,0,0
1783987811.8226,17:10:11.822,0,0,0
1783987812.3225,17:10:12.322,0,0,0
1783987812.8227,17:10:12.822,0,0,0
1783987813.3224,17:10:13.322,0,0,0
1783987813.822,17:10:13.822,0,0,0
1783987814.3217,17:10:14.321,0,0,0
1783987814.8211,17:10:14.821,0,0,0
1783987815.321,17:10:15.321,0,0,0
1783987815.821,17:10:15.821,0,0,0
1783987816.3213,17:10:16.321,0,0,0
1783987816.8209,17:10:16.820,0,0,0
1783987817.321,17:10:17.321,0,0,0
1783987817.8203,17:10:17.820,0,0,0
1783987818.32,17:10:18.320,0,0,0
1783987818.8198,17:10:18.819,0,0,0
1783987819.3193,17:10:19.319,0,0,0
1783987819.8187,17:10:19.818,0,0,0
1783987820.3191,17:10:20.319,0.60,0.71,-0.36
1783987820.819,17:10:20.819,0.56,0.73,-0.40
1783987821.3188,17:10:21.318,0.54,0.74,-0.40
1783987821.8193,17:10:21.819,0.54,0.74,-0.41
1783987822.3193,17:10:22.319,0.54,0.73,-0.42
1783987822.8186,17:10:22.818,0.55,0.73,-0.41
1783987823.319,17:10:23.319,0.66,0.66,-0.36
1783987823.8189,17:10:23.818,0.83,0.51,-0.22
1783987824.3187,17:10:24.318,0.84,0.51,-0.19
1783987824.8186,17:10:24.818,0,0,0
1783987825.3184,17:10:25.318,0,0,0
1783987825.8177,17:10:25.817,0.82,0.53,-0.19
1783987826.3179,17:10:26.317,0,0,0
1783987826.8177,17:10:26.817,0,0,0
1783987827.3173,17:10:27.317,0,0,0
1783987827.8172,17:10:27.817,0,0,0
1783987828.3174,17:10:28.317,0,0,0
1783987828.8171,17:10:28.817,0.64,0.69,-0.34
1783987829.3167,17:10:29.316,0.54,0.74,-0.40
1783987829.8169,17:10:29.816,0.56,0.73,-0.40
1783987830.3162,17:10:30.316,0.58,0.72,-0.39
1783987830.8164,17:10:30.816,0.59,0.72,-0.36
1783987831.3163,17:10:31.316,0.63,0.70,-0.35
1783987831.8161,17:10:31.816,0.68,0.66,-0.33
1783987832.3156,17:10:32.315,0.70,0.64,-0.33
1783987832.8162,17:10:32.816,0.75,0.59,-0.30
1783987833.3155,17:10:33.315,0.97,0.22,0.06
1783987833.8153,17:10:33.815,0.98,0.12,0.13
1783987834.3154,17:10:34.315,0.98,0.11,0.14
1783987834.8152,17:10:34.815,0.98,0.03,0.19
1783987835.3153,17:10:35.315,0.96,-0.06,0.26
1783987835.8155,17:10:35.815,0.95,-0.13,0.28
1783987836.3152,17:10:36.315,0.95,-0.12,0.29
1783987836.815,17:10:36.815,0.95,-0.11,0.28
1783987837.3151,17:10:37.315,0.97,-0.06,0.23
1783987837.8149,17:10:37.814,0.97,-0.06,0.23
1783987838.3146,17:10:38.314,0.97,-0.06,0.24
1783987838.815,17:10:38.815,0.96,-0.07,0.25
1783987839.315,17:10:39.315,0.98,-0.02,0.22
1783987839.8145,17:10:39.814,0.98,-0.01,0.22
1783987840.3143,17:10:40.314,0.98,0.00,0.20
1783987840.8144,17:10:40.814,0,0,0
1783987841.3134,17:10:41.313,0,0,0
1783987841.8131,17:10:41.813,0,0,0
1783987842.3131,17:10:42.313,0,0,0
1783987842.8124,17:10:42.812,0,0,0
1783987843.3126,17:10:43.312,0,0,0
1783987843.8121,17:10:43.812,0,0,0
1783987844.3117,17:10:44.311,0,0,0
1783987844.8114,17:10:44.811,0.92,0.38,-0.08
1783987845.3112,17:10:45.311,0.67,0.66,-0.34
1783987845.8107,17:10:45.810,0.62,0.69,-0.38
1783987846.3107,17:10:46.310,0.60,0.70,-0.38
1783987846.8112,17:10:46.811,0.59,0.71,-0.38
1783987847.3106,17:10:47.310,0,0,0
1783987847.8103,17:10:47.810,0,0,0
1783987848.3105,17:10:48.310,0.61,0.69,-0.38
1783987848.81,17:10:48.810,0.62,0.68,-0.38
1783987849.31,17:10:49.310,0.63,0.68,-0.37
1783987849.8102,17:10:49.810,0.68,0.66,-0.34
1783987850.3099,17:10:50.309,0.83,0.52,-0.19
1783987850.8097,17:10:50.809,0.98,0.19,0.09
1783987851.3098,17:10:51.309,0.98,0.19,0.09
1783987851.8092,17:10:51.809,0.98,0.15,0.12
1783987852.3091,17:10:52.309,0.98,0.12,0.16
1783987852.8092,17:10:52.809,0.98,0.09,0.19
1783987853.3096,17:10:53.309,0.98,0.06,0.21
1783987853.8092,17:10:53.809,0.97,0.01,0.24
1783987854.3093,17:10:54.309,0.97,0.00,0.24
1783987854.8095,17:10:54.809,0.97,0.00,0.23
1783987855.3088,17:10:55.308,0.97,-0.01,0.24
1783987855.8092,17:10:55.809,0.97,-0.02,0.24
1783987856.3087,17:10:56.308,0.97,-0.01,0.22
1783987856.8081,17:10:56.808,0.98,0.02,0.20
1783987857.3082,17:10:57.308,0.90,0.43,-0.13
1783987857.8083,17:10:57.808,0,0,0
1783987858.3076,17:10:58.307,0.87,0.47,-0.16
1783987858.8075,17:10:58.807,0.85,0.50,-0.19
1783987859.3075,17:10:59.307,0.84,0.51,-0.19
1783987859.8072,17:10:59.807,0.77,0.58,-0.25
1783987860.307,17:11:00.307,0.73,0.61,-0.29
1783987860.8071,17:11:00.807,0.73,0.60,-0.31
1783987861.3065,17:11:01.306,0.72,0.60,-0.33
1783987861.8063,17:11:01.806,0.67,0.64,-0.37
1783987862.3065,17:11:02.306,0.63,0.67,-0.39
1783987862.8062,17:11:02.806,0.62,0.68,-0.40
1783987863.306,17:11:03.306,0,0,0
1783987863.8063,17:11:03.806,0,0,0
1783987864.3061,17:11:04.306,0.62,0.69,-0.39
1783987864.8058,17:11:04.805,0.60,0.70,-0.39
1783987865.306,17:11:05.306,0.60,0.70,-0.38
1783987865.8055,17:11:05.805,0.61,0.70,-0.37
1783987866.3053,17:11:06.305,0.61,0.71,-0.34
1783987866.8058,17:11:06.805,0.96,0.27,0.05
1783987867.3058,17:11:07.305,0.96,0.26,0.07
1783987867.8053,17:11:07.805,0.96,0.26,0.07
1783987868.3052,17:11:08.305,0.96,0.26,0.06
1783987868.8048,17:11:08.804,0.96,0.29,0.03
1783987869.3043,17:11:09.304,0.96,0.29,0.01
1783987869.8043,17:11:09.804,0.95,0.31,-0.01
1783987870.3044,17:11:10.304,0,0,0
1783987870.8042,17:11:10.804,0.76,0.59,-0.28
1783987871.3041,17:11:11.304,0.74,0.60,-0.31
1783987871.8041,17:11:11.804,0.74,0.60,-0.32
1783987872.3032,17:11:12.303,0.74,0.60,-0.32
1783987872.8034,17:11:12.803,0.74,0.59,-0.32
1783987873.3031,17:11:13.303,0.96,0.27,0.02
1783987873.8027,17:11:13.802,0.97,0.24,0.05
1783987874.3026,17:11:14.302,0.97,0.24,0.06
1783987874.8026,17:11:14.802,0.97,0.21,0.09
1783987875.3021,17:11:15.302,0.98,0.15,0.15
1783987875.8022,17:11:15.802,0.98,0.08,0.20
1783987876.3023,17:11:16.302,0.98,0.07,0.20
1783987876.8019,17:11:16.801,0.98,0.07,0.21
1783987877.3022,17:11:17.302,0.98,0.07,0.20
1783987877.8022,17:11:17.802,0.98,0.06,0.20
1783987878.3016,17:11:18.301,0.98,0.08,0.19
1783987878.8013,17:11:18.801,0.98,0.07,0.19
1783987879.3015,17:11:19.301,0.98,0.14,0.14
1783987879.8012,17:11:19.801,0.98,0.15,0.12
1783987880.3012,17:11:20.301,0.98,0.14,0.12
1783987880.8011,17:11:20.801,0.98,0.14,0.13
1783987881.3011,17:11:21.301,0.98,0.11,0.15
1783987881.8006,17:11:21.800,0.98,0.09,0.15
1783987882.3004,17:11:22.300,0.98,0.02,0.20
1783987882.8003,17:11:22.800,0.98,0.00,0.20
1783987883.2997,17:11:23.299,0.98,0.03,0.17
1783987883.7998,17:11:23.799,0.99,0.14,0.10
1783987884.2996,17:11:24.299,0.98,0.17,0.07
1783987884.7988,17:11:24.798,0.98,0.19,0.08
1783987885.2992,17:11:25.299,0.98,0.17,0.11
1783987885.7991,17:11:25.799,0.98,0.19,0.10
1783987886.2981,17:11:26.298,0.98,0.19,0.09
1783987886.7984,17:11:26.798,0.97,0.21,0.09
1783987887.2985,17:11:27.298,0.98,0.15,0.15
1783987887.7978,17:11:27.797,0.97,0.18,0.14
1783987888.2978,17:11:28.297,0.97,0.20,0.11
1783987888.7976,17:11:28.797,0.97,0.20,0.11
1783987889.2971,17:11:29.297,0.97,0.22,0.10
1783987889.7971,17:11:29.797,0.97,0.25,0.06
1783987890.2978,17:11:30.297,0.97,0.26,0.03
1783987890.7972,17:11:30.797,0.96,0.26,0.03
1783987891.2969,17:11:31.296,0.95,0.31,0.00
1783987891.7971,17:11:31.797,0.95,0.31,0.00
1783987892.2966,17:11:32.296,0.96,0.29,0.03
1783987892.7966,17:11:32.796,0.95,0.32,0.02
1783987893.2973,17:11:33.297,0.94,0.33,0.02
1783987893.7969,17:11:33.796,0.94,0.34,0.02
1783987894.2964,17:11:34.296,0.94,0.35,0.02
1783987894.7968,17:11:34.796,0.94,0.33,0.02
1783987895.2961,17:11:35.296,0.95,0.32,0.03
1783987895.7957,17:11:35.795,0.95,0.32,0.04
1783987896.2958,17:11:36.295,0.95,0.32,0.04
1783987896.7958,17:11:36.795,0.95,0.31,0.05
1783987897.2953,17:11:37.295,0.95,0.30,0.05
1783987897.7957,17:11:37.795,0.97,0.24,0.10
1783987898.2951,17:11:38.295,0.97,0.18,0.14
1783987898.7948,17:11:38.794,0.97,0.18,0.16
1783987899.295,17:11:39.295,0.97,0.17,0.16
1783987899.7951,17:11:39.795,0.98,0.16,0.16
1783987900.2943,17:11:40.294,0.97,0.20,0.11
1783987900.7948,17:11:40.794,0.95,0.30,0.01
1783987901.2948,17:11:41.294,0.93,0.36,-0.05
1783987901.7943,17:11:41.794,0.93,0.37,-0.05
1783987902.2945,17:11:42.294,0.94,0.35,-0.05
1783987902.7942,17:11:42.794,0.93,0.36,-0.06
1783987903.2938,17:11:43.293,0.91,0.40,-0.08
1783987903.7939,17:11:43.793,0.91,0.41,-0.09
1783987904.2933,17:11:44.293,0.91,0.41,-0.08
1783987904.793,17:11:44.793,0.91,0.40,-0.07
1783987905.293,17:11:45.293,0.92,0.39,-0.06
1783987905.7929,17:11:45.792,0.93,0.38,-0.05
1783987906.2925,17:11:46.292,0.93,0.36,-0.04
1783987906.7925,17:11:46.792,0.92,0.38,-0.04
1783987907.2921,17:11:47.292,0.92,0.38,-0.03
1783987907.7915,17:11:47.791,0.93,0.37,-0.01
1783987908.2918,17:11:48.291,0.94,0.34,0.02
1783987908.7918,17:11:48.791,0.95,0.32,0.05
1783987909.2915,17:11:49.291,0.96,0.26,0.10
1783987909.7915,17:11:49.791,0.97,0.22,0.13
1783987910.2912,17:11:50.291,0.97,0.20,0.16
1783987910.7908,17:11:50.790,0.97,0.18,0.17
1783987911.2903,17:11:51.290,0.97,0.19,0.16
1783987911.7905,17:11:51.790,0.95,0.28,0.09
1783987912.2904,17:11:52.290,0.93,0.37,0.03
1783987912.79,17:11:52.790,0.91,0.42,0.00
1783987913.2901,17:11:53.290,0.90,0.43,-0.02
1783987913.7897,17:11:53.789,0.88,0.48,-0.05
1783987914.2891,17:11:54.289,0.87,0.48,-0.07
1783987914.7891,17:11:54.789,0.87,0.48,-0.07
1783987915.2888,17:11:55.288,0.90,0.44,-0.04
1783987915.7886,17:11:55.788,0.90,0.43,-0.04
1783987916.2889,17:11:56.288,0.92,0.40,-0.03
1783987916.7885,17:11:56.788,0.92,0.39,-0.02
1783987917.2879,17:11:57.287,0.93,0.36,0.01
1783987917.7878,17:11:57.787,0.96,0.27,0.08
1783987918.2878,17:11:58.287,0.96,0.26,0.09
1783987918.7873,17:11:58.787,0.96,0.27,0.08
1783987919.2873,17:11:59.287,0.95,0.31,0.06
1783987919.7873,17:11:59.787,0.95,0.31,0.06
1783987920.2867,17:12:00.286,0.95,0.32,0.05
1783987920.7872,17:12:00.787,0.94,0.33,0.04
1783987921.287,17:12:01.287,0.94,0.33,0.02
1783987921.7867,17:12:01.786,0.93,0.37,-0.01
1783987922.2865,17:12:02.286,0.93,0.37,-0.01
1783987922.7866,17:12:02.786,0.93,0.37,0.01
1783987923.2864,17:12:03.286,0.95,0.32,0.03
1783987923.7865,17:12:03.786,0.96,0.27,0.08
1783987924.2869,17:12:04.286,0.96,0.24,0.11
1783987924.787,17:12:04.787,0.97,0.23,0.11
1783987925.287,17:12:05.287,0.97,0.22,0.11
1783987925.7869,17:12:05.786,0.97,0.21,0.12
1783987926.2867,17:12:06.286,0.97,0.21,0.12
1783987926.7867,17:12:06.786,0.97,0.17,0.16
1783987927.287,17:12:07.287,0.97,0.16,0.17
1783987927.7862,17:12:07.786,0.97,0.20,0.14
1783987928.2859,17:12:08.285,0.97,0.20,0.14
1783987928.7859,17:12:08.785,0.97,0.17,0.17
1783987929.2852,17:12:09.285,0.97,0.15,0.18
1783987929.7846,17:12:09.784,0.97,0.16,0.16
1783987930.2851,17:12:10.285,0.97,0.16,0.16
1783987930.7849,17:12:10.784,0.97,0.16,0.15
1783987931.2842,17:12:11.284,0.97,0.23,0.10
1783987931.7842,17:12:11.784,0.95,0.31,0.06
1783987932.2843,17:12:12.284,0.95,0.32,0.05
1783987932.7837,17:12:12.783,0.94,0.34,0.03
1783987933.2838,17:12:13.283,0.95,0.33,0.02
1783987933.7838,17:12:13.783,0.96,0.25,0.08
1783987934.2833,17:12:14.283,0.98,0.18,0.12
1783987934.7835,17:12:14.783,0.98,0.15,0.16
1783987935.2833,17:12:15.283,0.98,0.13,0.17
1783987935.7831,17:12:15.783,0.98,0.11,0.18
1783987936.2831,17:12:16.283,0.98,0.11,0.18
1783987936.7834,17:12:16.783,0.98,0.17,0.13
1783987937.2828,17:12:17.282,0.98,0.17,0.14
1783987937.7825,17:12:17.782,0.98,0.13,0.16
1783987938.2829,17:12:18.282,0.98,0.11,0.19
1783987938.7824,17:12:18.782,0.89,0.44,-0.06
1783987939.2818,17:12:19.281,0.90,0.43,-0.06
1783987939.7821,17:12:19.782,0.85,0.51,-0.13
1783987940.2815,17:12:20.281,0.78,0.58,-0.23
1783987940.781,17:12:20.781,0.78,0.58,-0.23
1783987941.2812,17:12:21.281,0.78,0.59,-0.23
1783987941.7811,17:12:21.781,0.97,0.21,0.10
1783987942.2809,17:12:22.280,0.98,0.14,0.15
1783987942.7814,17:12:22.781,0.98,0.11,0.17
1783987943.2808,17:12:23.280,0.98,0.12,0.16
1783987943.7807,17:12:23.780,0.98,0.12,0.16
1783987944.2809,17:12:24.280,0.98,0.12,0.14
1783987944.7808,17:12:24.780,0.98,0.12,0.13
1783987945.2804,17:12:25.280,0.98,0.15,0.10
1783987945.7807,17:12:25.780,0.98,0.21,0.05
1783987946.2801,17:12:26.280,0.97,0.24,0.00
1783987946.7793,17:12:26.779,0.98,0.22,0.00
1783987947.2798,17:12:27.279,0.98,0.17,0.05
1783987947.78,17:12:27.780,0.99,0.13,0.10
1783987948.2793,17:12:28.279,0.98,0.15,0.10
1783987948.7793,17:12:28.779,0.98,0.15,0.10
1783987949.279,17:12:29.279,0.98,0.16,0.11
1783987949.7786,17:12:29.778,0.98,0.17,0.12
1783987950.2788,17:12:30.278,0.98,0.18,0.11
1783987950.7782,17:12:30.778,0.97,0.19,0.12
1783987951.2779,17:12:31.277,0.97,0.19,0.12
1783987951.7781,17:12:31.778,0.97,0.19,0.11
1783987952.2786,17:12:32.278,0.97,0.23,0.08
1783987952.7782,17:12:32.778,0.96,0.25,0.07
1783987953.2781,17:12:33.278,0.97,0.24,0.07
1783987953.7779,17:12:33.777,0.96,0.26,0.07
1783987954.2778,17:12:34.277,0.96,0.26,0.06
1783987954.778,17:12:34.778,0.95,0.30,0.02
1783987955.2785,17:12:35.278,0.93,0.36,-0.01
1783987955.7775,17:12:35.777,0.93,0.37,-0.02
1783987956.2775,17:12:36.277,0.93,0.37,-0.02
1783987956.7778,17:12:36.777,0.93,0.36,-0.01
1783987957.2774,17:12:37.277,0.94,0.34,0.02
1783987957.7769,17:12:37.776,0.95,0.31,0.05
1783987958.2771,17:12:38.277,0.96,0.26,0.09
1783987958.7768,17:12:38.776,0.97,0.22,0.12
1783987959.2764,17:12:39.276,0.97,0.19,0.14
1783987959.7765,17:12:39.776,0.98,0.15,0.16
1783987960.2761,17:12:40.276,0.97,0.07,0.22
1783987960.7758,17:12:40.775,0,0,0
1783987961.2758,17:12:41.275,0.95,0.30,0.03
1783987961.7755,17:12:41.775,0.95,0.31,0.02
1783987962.2749,17:12:42.274,0.90,0.43,-0.09
1783987962.7752,17:12:42.775,0.85,0.50,-0.14
1783987963.2746,17:12:43.274,0.85,0.50,-0.14
1783987963.7741,17:12:43.774,0.86,0.49,-0.13
1783987964.2745,17:12:44.274,0.97,0.19,0.13
1783987964.774,17:12:44.774,0.98,0.12,0.18
1783987965.2733,17:12:45.273,0.98,0.07,0.20
1783987965.7737,17:12:45.773,0.98,0.06,0.21
1783987966.2736,17:12:46.273,0.98,0.09,0.18
1783987966.7732,17:12:46.773,0.98,0.10,0.17
1783987967.273,17:12:47.273,0.98,0.13,0.14
1783987967.773,17:12:47.773,0.98,0.18,0.10
1783987968.2725,17:12:48.272,0.98,0.19,0.10
1783987968.7721,17:12:48.772,0.97,0.21,0.08
1783987969.2724,17:12:49.272,0.98,0.20,0.09
1783987969.7718,17:12:49.771,0.98,0.16,0.14
1783987970.2721,17:12:50.272,0.98,0.14,0.15
1783987970.7723,17:12:50.772,0.97,0.16,0.16
1783987971.2722,17:12:51.272,0.97,0.15,0.16
1783987971.7722,17:12:51.772,0.98,0.13,0.17
1783987972.2725,17:12:52.272,0.98,0.15,0.16
1783987972.7719,17:12:52.771,0.97,0.18,0.14
1783987973.272,17:12:53.272,0.97,0.21,0.12
1783987973.772,17:12:53.772,0.97,0.23,0.11
1783987974.2721,17:12:54.272,0.97,0.18,0.14
1783987974.7715,17:12:54.771,0.98,0.15,0.16
1783987975.2715,17:12:55.271,0.98,0.14,0.16
1783987975.7708,17:12:55.770,0.98,0.14,0.16
1783987976.27,17:12:56.270,0.98,0.12,0.18
1783987976.7701,17:12:56.770,0.98,0.10,0.19
1783987977.2699,17:12:57.269,0.98,0.11,0.19
1783987977.7696,17:12:57.769,0.97,0.16,0.15
1783987978.2696,17:12:58.269,0.96,0.27,0.07
1783987978.7697,17:12:58.769,0.95,0.31,0.05
1783987979.2697,17:12:59.269,0.95,0.31,0.03
1783987979.7693,17:12:59.769,0.95,0.32,0.02
1783987980.2687,17:13:00.268,0.95,0.31,0.03
1783987980.768,17:13:00.768,0.96,0.26,0.09
1783987981.2682,17:13:01.268,0.97,0.23,0.11
1783987981.7683,17:13:01.768,0.97,0.22,0.10
1783987982.2675,17:13:02.267,0.97,0.20,0.12
1783987982.7674,17:13:02.767,0.98,0.17,0.13
1783987983.2672,17:13:03.267,0.98,0.12,0.18
1783987983.7665,17:13:03.766,0.98,0.07,0.21
1783987984.2665,17:13:04.266,0.97,0.07,0.22
1783987984.767,17:13:04.767,0.97,0.07,0.23
1783987985.2668,17:13:05.266,0.97,0.05,0.24
1783987985.7666,17:13:05.766,0.97,0.10,0.21
1783987986.2669,17:13:06.266,0.97,0.11,0.21
1783987986.7661,17:13:06.766,0.97,0.10,0.22
1783987987.2662,17:13:07.266,0.97,0.08,0.23
1783987987.7662,17:13:07.766,0.97,0.08,0.23
1783987988.2661,17:13:08.266,0.97,0.08,0.22
1783987988.7659,17:13:08.765,0.98,0.16,0.15
1783987989.266,17:13:09.266,0.97,0.21,0.10
1783987989.7654,17:13:09.765,0.97,0.24,0.10
1783987990.2653,17:13:10.265,0.97,0.24,0.09
1783987990.7653,17:13:10.765,0.97,0.22,0.11
1783987991.2648,17:13:11.264,0.98,0.16,0.15
1783987991.7644,17:13:11.764,0.97,0.11,0.20
1783987992.2645,17:13:12.264,0.98,0.12,0.18
1783987992.7645,17:13:12.764,0.98,0.13,0.16
1783987993.264,17:13:13.264,0.98,0.15,0.13
1783987993.7642,17:13:13.764,0.98,0.15,0.14
1783987994.2641,17:13:14.264,0.98,0.19,0.11
1783987994.7635,17:13:14.763,0.97,0.21,0.10
1783987995.2635,17:13:15.263,0.97,0.20,0.12
1783987995.7636,17:13:15.763,0.98,0.15,0.15
1783987996.2628,17:13:16.262,0.98,0.09,0.20
1783987996.7631,17:13:16.763,0.98,0.10,0.19
1783987997.2629,17:13:17.262,0.97,0.20,0.12
1783987997.7624,17:13:17.762,0.97,0.21,0.12
1783987998.2622,17:13:18.262,0.97,0.19,0.13
1783987998.7627,17:13:18.762,0.98,0.18,0.13
1783987999.2625,17:13:19.262,0.98,0.17,0.14
1783987999.763,17:13:19.763,0.97,0.24,0.09
1783988000.2634,17:13:20.263,0.96,0.26,0.07
1783988000.7633,17:13:20.763,0.96,0.26,0.06
1783988001.2629,17:13:21.262,0.96,0.26,0.06
1783988001.7628,17:13:21.762,0.96,0.26,0.07
1783988002.2624,17:13:22.262,0.97,0.23,0.10
1783988002.7623,17:13:22.762,0.98,0.16,0.15
1783988003.2623,17:13:23.262,0.98,0.15,0.15
1783988003.7624,17:13:23.762,0.98,0.17,0.14
1783988004.2616,17:13:24.261,0.98,0.17,0.13
1783988004.7618,17:13:24.761,0.98,0.16,0.14
1783988005.2615,17:13:25.261,0.98,0.13,0.15
1783988005.7609,17:13:25.760,0.98,0.07,0.20
1783988006.2608,17:13:26.260,0.97,0.02,0.24
1783988006.7605,17:13:26.760,0.97,0.03,0.24
1783988007.2602,17:13:27.260,0.97,0.04,0.24
1783988007.7602,17:13:27.760,0.96,-0.02,0.28
1783988008.2602,17:13:28.260,0.96,-0.02,0.28
1783988008.7592,17:13:28.759,0.96,-0.01,0.28
1783988009.2589,17:13:29.258,0.96,-0.01,0.27
1783988009.7593,17:13:29.759,0.96,-0.01,0.27
1783988010.2588,17:13:30.258,0.97,0.02,0.25
1783988010.7594,17:13:30.759,0.98,0.09,0.20
1783988011.2601,17:13:31.260,0.98,0.12,0.18
1783988011.7597,17:13:31.759,0.98,0.13,0.18
1783988012.26,17:13:32.260,0.97,0.14,0.18
1783988012.76,17:13:32.760,0.98,0.14,0.17
1783988013.2595,17:13:33.259,0.98,0.13,0.18
1783988013.7593,17:13:33.759,0.97,0.19,0.13
1783988014.2593,17:13:34.259,0.96,0.26,0.06
1783988014.7586,17:13:34.758,0.96,0.27,0.05
1783988015.2585,17:13:35.258,0.96,0.27,0.06
1783988015.7588,17:13:35.758,0.97,0.21,0.11
1783988016.2584,17:13:36.258,0.97,0.20,0.12
1783988016.7587,17:13:36.758,0.97,0.20,0.12
1783988017.2587,17:13:37.258,0.96,0.27,0.06
1783988017.758,17:13:37.758,0.96,0.29,0.05
1783988018.2578,17:13:38.257,0.96,0.29,0.05
1783988018.7579,17:13:38.757,0.96,0.27,0.06
1783988019.2571,17:13:39.257,0.97,0.19,0.11
1783988019.7566,17:13:39.756,0.98,0.17,0.13
1783988020.2566,17:13:40.256,0.98,0.17,0.14
1783988020.7562,17:13:40.756,0.98,0.14,0.15
1783988021.2559,17:13:41.255,0.98,0.09,0.18
1783988021.7565,17:13:41.756,0.98,0.10,0.18
1783988022.2559,17:13:42.255,0,0,0
1783988022.7556,17:13:42.755,0,0,0
1783988023.256,17:13:43.256,0.92,0.39,-0.05
1783988023.7556,17:13:43.755,0.74,0.62,-0.27
1783988024.255,17:13:44.255,0.65,0.68,-0.36
1783988024.755,17:13:44.755,0.63,0.69,-0.36
1783988025.2549,17:13:45.254,0.63,0.69,-0.35
1783988025.7545,17:13:45.754,0.92,0.38,-0.03
1783988026.2548,17:13:46.254,0.96,0.28,0.05
1783988026.7544,17:13:46.754,0.98,0.05,0.22
1783988027.2539,17:13:47.253,0.94,-0.12,0.31
1783988027.7543,17:13:47.754,0.94,-0.12,0.31
1783988028.2541,17:13:48.254,0.97,-0.04,0.25
1783988028.7536,17:13:48.753,0.97,-0.03,0.26
1783988029.2537,17:13:49.253,0.96,-0.03,0.26
1783988029.7539,17:13:49.753,0.97,0.01,0.24
1783988030.2536,17:13:50.253,0.98,0.04,0.22
1783988030.7535,17:13:50.753,0.98,0.11,0.15
1783988031.2541,17:13:51.254,0.98,0.11,0.15
1783988031.7533,17:13:51.753,0.98,0.06,0.17
1783988032.2532,17:13:52.253,0.97,-0.05,0.24
1783988032.7532,17:13:52.753,0.97,-0.06,0.25
1783988033.2526,17:13:53.252,0.96,-0.05,0.26
1783988033.7523,17:13:53.752,0.96,-0.06,0.27
1783988034.2525,17:13:54.252,0.97,-0.02,0.25
1783988034.7522,17:13:54.752,0.97,0.02,0.22
1783988035.252,17:13:55.252,0.97,0.01,0.23
1783988035.7521,17:13:55.752,0.97,0.03,0.22
1783988036.2517,17:13:56.251,0.97,0.04,0.23
1783988036.7512,17:13:56.751,0.97,0.06,0.23
1783988037.2512,17:13:57.251,0.97,0.07,0.22
1783988037.7509,17:13:57.750,0.97,0.10,0.21
1783988038.2501,17:13:58.250,0.97,0.10,0.21
1783988038.7502,17:13:58.750,0.97,0.10,0.20
1783988039.2506,17:13:59.250,0.92,0.39,-0.03
1783988039.7505,17:13:59.750,0.88,0.46,-0.07
1783988040.2509,17:14:00.250,0.84,0.52,-0.11
1783988040.7507,17:14:00.750,0.77,0.60,-0.21
1783988041.2501,17:14:01.250,0.71,0.66,-0.26
1783988041.7504,17:14:01.750,0.94,0.34,0.01
1783988042.251,17:14:02.251,0.93,0.36,-0.02
1783988042.7504,17:14:02.750,0.93,0.38,-0.03
1783988043.25,17:14:03.250,0.93,0.37,-0.02
1783988043.7494,17:14:03.749,0.93,0.37,0.00
1783988044.2485,17:14:04.248,0.94,0.35,0.03
1783988044.7483,17:14:04.748,0.95,0.32,0.05
1783988045.2483,17:14:05.248,0.96,0.25,0.11
1783988045.7475,17:14:05.747,0.96,0.26,0.11
1783988046.2477,17:14:06.247,0.96,0.26,0.12
1783988046.7475,17:14:06.747,0.96,0.27,0.10
1783988047.2468,17:14:07.246,0.96,0.25,0.10
1783988047.7464,17:14:07.746,0.97,0.20,0.14
1783988048.2467,17:14:08.246,0.98,0.14,0.17
1783988048.7465,17:14:08.746,0.98,0.13,0.17
1783988049.246,17:14:09.246,0.98,0.15,0.15
1783988049.7462,17:14:09.746,0.98,0.15,0.16
1783988050.2459,17:14:10.245,0.97,0.17,0.15
1783988050.7453,17:14:10.745,0.97,0.16,0.18
1783988051.246,17:14:11.246,0.97,0.16,0.18
1783988051.7456,17:14:11.745,0.97,0.19,0.16
1783988052.2451,17:14:12.245,0.97,0.18,0.16
1783988052.7455,17:14:12.745,0.97,0.18,0.16
1783988053.2453,17:14:13.245,0.97,0.18,0.15
1783988053.7448,17:14:13.744,0.97,0.17,0.16
1783988054.245,17:14:14.245,0.97,0.13,0.19
1783988054.7451,17:14:14.745,0.97,0.07,0.22
1783988055.2449,17:14:15.244,0.97,0.06,0.23
1783988055.7448,17:14:15.744,0.97,0.06,0.24
1783988056.2444,17:14:16.244,0.97,0.04,0.24
1783988056.7441,17:14:16.744,0.97,0.05,0.24
1783988057.2441,17:14:17.244,0.97,0.06,0.24
1783988057.7438,17:14:17.743,0.97,0.07,0.24
1783988058.2434,17:14:18.243,0.97,0.08,0.23
1783988058.7435,17:14:18.743,0.97,0.09,0.24
1783988059.2435,17:14:19.243,0.97,0.10,0.22
1783988059.743,17:14:19.743,0.97,0.13,0.19
1783988060.2426,17:14:20.242,0.97,0.13,0.20
1783988060.7429,17:14:20.742,0.97,0.13,0.18
1783988061.2431,17:14:21.243,0.97,0.14,0.18
1783988061.743,17:14:21.743,0.98,0.18,0.13
1783988062.243,17:14:22.243,0.98,0.18,0.11
1783988062.7426,17:14:22.742,0.98,0.11,0.16
1783988063.2423,17:14:23.242,0.98,0.09,0.18
1783988063.7421,17:14:23.742,0.98,0.08,0.19
1783988064.242,17:14:24.242,0.98,0.11,0.17
1783988064.7416,17:14:24.741,0.98,0.11,0.17
1783988065.2417,17:14:25.241,0.98,0.11,0.17
1783988065.7413,17:14:25.741,0.98,0.11,0.16
1783988066.2414,17:14:26.241,0.98,0.11,0.15
1783988066.7416,17:14:26.741,0.98,0.12,0.15
1783988067.2413,17:14:27.241,0.98,0.11,0.15
1783988067.7404,17:14:27.740,0.98,0.10,0.16
1783988068.2407,17:14:28.240,0.98,0.09,0.17
1783988068.7403,17:14:28.740,0.98,0.04,0.21
1783988069.2396,17:14:29.239,0.96,-0.03,0.26
1783988069.7398,17:14:29.739,0.97,-0.02,0.26
1783988070.2395,17:14:30.239,0.97,-0.01,0.24
1783988070.7389,17:14:30.738,0.97,0.01,0.23
1783988071.239,17:14:31.239,0.98,0.03,0.20
1783988071.739,17:14:31.739,0.98,0.05,0.19
1783988072.2388,17:14:32.238,0.98,0.05,0.19
1783988072.7389,17:14:32.738,0.98,0.05,0.19
1783988073.2389,17:14:33.238,0.98,0.05,0.20
1783988073.7385,17:14:33.738,0.98,0.10,0.16
1783988074.2387,17:14:34.238,0.98,0.14,0.13
1783988074.7386,17:14:34.738,0.98,0.14,0.13
1783988075.2382,17:14:35.238,0.98,0.06,0.20
1783988075.7383,17:14:35.738,0.98,0.07,0.21
1783988076.2387,17:14:36.238,0.98,0.10,0.19
1783988076.7384,17:14:36.738,0.98,0.10,0.20
1783988077.2386,17:14:37.238,0.97,0.10,0.20
1783988077.7388,17:14:37.738,0.97,0.11,0.20
1783988078.2378,17:14:38.237,0.97,0.14,0.19
1783988078.7375,17:14:38.737,0.97,0.19,0.16
1783988079.2377,17:14:39.237,0.97,0.17,0.16
1783988079.738,17:14:39.738,0.97,0.17,0.16
1783988080.2376,17:14:40.237,0.97,0.13,0.19
1783988080.7381,17:14:40.738,0.97,0.13,0.20
1783988081.2375,17:14:41.237,0.97,0.13,0.20
1783988081.737,17:14:41.737,0.97,0.14,0.19
1783988082.2373,17:14:42.237,0.97,0.15,0.17
1783988082.7369,17:14:42.736,0.97,0.14,0.17
1783988083.2364,17:14:43.236,0.98,0.14,0.17
1783988083.7366,17:14:43.736,0.98,0.12,0.17
1783988084.2361,17:14:44.236,0.98,0.13,0.15
1783988084.7361,17:14:44.736,0.98,0.13,0.15
1783988085.2364,17:14:45.236,0.97,0.20,0.09
1783988085.736,17:14:45.736,0.97,0.23,0.06
1783988086.2353,17:14:46.235,0.97,0.24,0.07
1783988086.7355,17:14:46.735,0.97,0.24,0.07
1783988087.2354,17:14:47.235,0.97,0.22,0.10
1783988087.7348,17:14:47.734,0.98,0.18,0.13
1783988088.2349,17:14:48.234,0.98,0.13,0.17
1783988088.7353,17:14:48.735,0.98,0.11,0.18
1783988089.235,17:14:49.235,0.98,0.11,0.18
1783988089.7354,17:14:49.735,0.97,0.11,0.19
1783988090.2352,17:14:50.235,0.97,0.11,0.20
1783988090.7354,17:14:50.735,0.97,0.10,0.21
1783988091.2354,17:14:51.235,0.97,0.13,0.20
1783988091.7351,17:14:51.735,0.97,0.12,0.20
1783988092.2345,17:14:52.234,0.97,0.11,0.20
1783988092.7348,17:14:52.734,0.97,0.09,0.22
1783988093.2347,17:14:53.234,0.97,0.09,0.22
1783988093.7342,17:14:53.734,0.97,0.09,0.20
1783988094.2336,17:14:54.233,0.97,0.09,0.21
1783988094.7339,17:14:54.733,0.97,0.09,0.21
1783988095.2335,17:14:55.233,0.97,0.08,0.21
1783988095.7332,17:14:55.733,0.98,0.10,0.20
1783988096.2334,17:14:56.233,0.98,0.10,0.19
1783988096.7335,17:14:56.733,0.98,0.11,0.18
1783988097.2332,17:14:57.233,0.98,0.12,0.18
1783988097.7337,17:14:57.733,0.98,0.11,0.19
1783988098.2335,17:14:58.233,0.98,0.07,0.21
1783988098.7328,17:14:58.732,0.97,0.04,0.24
1783988099.2328,17:14:59.232,0.97,0.02,0.24
1783988099.7325,17:14:59.732,0.97,0.03,0.23
1783988100.2323,17:15:00.232,0.97,0.03,0.24
1783988100.7331,17:15:00.733,0.96,0.00,0.27
1783988101.2332,17:15:01.233,0.96,0.00,0.27
1783988101.7327,17:15:01.732,0.97,0.04,0.25
1783988102.2332,17:15:02.233,0.97,0.09,0.21
1783988102.7329,17:15:02.732,0.97,0.20,0.14
1783988103.2326,17:15:03.232,0.97,0.21,0.13
1783988103.7324,17:15:03.732,0.97,0.23,0.12
1783988104.2323,17:15:04.232,0.97,0.21,0.12
1783988104.7313,17:15:04.731,0.97,0.19,0.12
1783988105.2314,17:15:05.231,0.98,0.18,0.11
1783988105.7312,17:15:05.731,0.98,0.17,0.11
1783988106.2309,17:15:06.230,0.98,0.17,0.11
1783988106.7307,17:15:06.730,0.98,0.16,0.13
1783988107.2308,17:15:07.230,0.98,0.12,0.19
1783988107.7308,17:15:07.730,0.97,0.10,0.22
1783988108.2303,17:15:08.230,0.97,0.20,0.15
1783988108.7301,17:15:08.730,0.96,0.25,0.12
1783988109.2294,17:15:09.229,0.95,0.28,0.13
1783988109.7288,17:15:09.728,0.95,0.28,0.12
1783988110.2291,17:15:10.229,0.96,0.26,0.13
1783988110.7283,17:15:10.728,0.96,0.26,0.11
1783988111.2282,17:15:11.228,0.96,0.24,0.11
1783988111.7285,17:15:11.728,0.96,0.23,0.14
1783988112.2275,17:15:12.227,0.96,0.27,0.11
1783988112.7274,17:15:12.727,0.96,0.25,0.12
1783988113.2278,17:15:13.227,0.95,0.27,0.12
1783988113.7279,17:15:13.727,0.96,0.25,0.16
1783988114.2275,17:15:14.227,0.96,0.24,0.15
1783988114.728,17:15:14.728,0.96,0.22,0.17
1783988115.2276,17:15:15.227,0.96,0.23,0.15
1783988115.7275,17:15:15.727,0.96,0.25,0.14
1783988116.2279,17:15:16.227,0.95,0.27,0.13
1783988116.728,17:15:16.728,0.95,0.30,0.12
1783988117.2274,17:15:17.227,0.93,0.36,0.07
1783988117.7277,17:15:17.727,0.93,0.37,0.06
1783988118.2273,17:15:18.227,0.92,0.38,0.05
1783988118.7268,17:15:18.726,0.93,0.36,0.08
1783988119.227,17:15:19.227,0.94,0.31,0.11
1783988119.7267,17:15:19.726,0.96,0.22,0.16
1783988120.2259,17:15:20.225,0.97,0.14,0.21
1783988120.7253,17:15:20.725,0.97,0.11,0.21
1783988121.225,17:15:21.225,0.97,0.09,0.21
1783988121.7242,17:15:21.724,0.97,0.08,0.21
1783988122.2245,17:15:22.224,0.97,0.15,0.17
1783988122.7244,17:15:22.724,0.96,0.26,0.09
1783988123.2237,17:15:23.223,0.95,0.32,0.05
1783988123.7231,17:15:23.723,0.95,0.32,0.05
1783988124.2232,17:15:24.223,0.95,0.30,0.07
1783988124.7224,17:15:24.722,0.97,0.20,0.15
1783988125.2221,17:15:25.222,0.97,0.19,0.16
1783988125.7221,17:15:25.722,0.97,0.20,0.17
1783988126.2218,17:15:26.221,0.97,0.19,0.17
1783988126.7216,17:15:26.721,0.97,0.17,0.18
1783988127.2217,17:15:27.221,0.97,0.14,0.21
1783988127.7213,17:15:27.721,0.97,0.13,0.21
1783988128.221,17:15:28.221,0.97,0.08,0.23
1783988128.7212,17:15:28.721,0.97,0.05,0.25
1783988129.2209,17:15:29.220,0.97,0.04,0.25
1783988129.7203,17:15:29.720,0.98,0.12,0.19
1783988130.2203,17:15:30.220,0.98,0.14,0.16
1783988130.7202,17:15:30.720,0.98,0.17,0.12
1783988131.2196,17:15:31.219,0.97,0.22,0.07
1783988131.7201,17:15:31.720,0.96,0.26,0.04
1783988132.2201,17:15:32.220,0.96,0.26,0.06
1783988132.7196,17:15:32.719,0.97,0.23,0.10
1783988133.2196,17:15:33.219,0.97,0.16,0.17
1783988133.7197,17:15:33.719,0.97,0.15,0.18
1783988134.2191,17:15:34.219,0.97,0.12,0.19
1783988134.7192,17:15:34.719,0.97,0.06,0.22
1783988135.2192,17:15:35.219,0.97,0.04,0.23
1783988135.7185,17:15:35.718,0.97,0.03,0.23
1783988136.2183,17:15:36.218,0.97,0.05,0.22
1783988136.7186,17:15:36.718,0.97,0.06,0.22
1783988137.2183,17:15:37.218,0.97,0.04,0.23
1783988137.718,17:15:37.718,0.97,0.03,0.23
1783988138.218,17:15:38.218,0.97,0.01,0.24
1783988138.7175,17:15:38.717,0.97,0.01,0.23
1783988139.2175,17:15:39.217,0.97,0.01,0.24
1783988139.7176,17:15:39.717,0.97,0.02,0.24
1783988140.217,17:15:40.217,0.98,0.09,0.20
1783988140.7168,17:15:40.716,0.98,0.09,0.20
1783988141.2177,17:15:41.217,0.98,0.12,0.18
1783988141.7169,17:15:41.716,0.97,0.13,0.19
1783988142.2164,17:15:42.216,0.97,0.15,0.18
1783988142.717,17:15:42.717,0.97,0.16,0.18
1783988143.2171,17:15:43.217,0.97,0.17,0.18
1783988143.7163,17:15:43.716,0.97,0.18,0.18
1783988144.2164,17:15:44.216,0.97,0.15,0.20
1783988144.7162,17:15:44.716,0.97,0.15,0.20
1783988145.2155,17:15:45.215,0.97,0.19,0.16
1783988145.7157,17:15:45.715,0.97,0.20,0.14
1783988146.2158,17:15:46.215,0.97,0.17,0.14
1783988146.7154,17:15:46.715,0.97,0.19,0.13
1783988147.2159,17:15:47.215,0.97,0.22,0.10
1783988147.7156,17:15:47.715,0.97,0.25,0.09
1783988148.2149,17:15:48.214,0.96,0.26,0.09
1783988148.7149,17:15:48.714,0.96,0.25,0.10
1783988149.2148,17:15:49.214,0.97,0.20,0.13
1783988149.7144,17:15:49.714,0.97,0.20,0.13
1783988150.2144,17:15:50.214,0.97,0.16,0.16
1783988150.7147,17:15:50.714,0.98,0.11,0.19
1783988151.2139,17:15:51.213,0.97,0.07,0.22
1783988151.7138,17:15:51.713,0.97,0.05,0.22
1783988152.2142,17:15:52.214,0.96,-0.02,0.26
1783988152.7139,17:15:52.713,0.96,-0.03,0.27
1783988153.2139,17:15:53.213,0.96,-0.04,0.28
1783988153.7142,17:15:53.714,0.96,-0.03,0.26
1783988154.214,17:15:54.214,0.97,-0.02,0.25
1783988154.7139,17:15:54.713,0.98,0.06,0.21
1783988155.2139,17:15:55.213,0.98,0.09,0.19
1783988155.7138,17:15:55.713,0.98,0.13,0.16
1783988156.2136,17:15:56.213,0.98,0.13,0.16
1783988156.7135,17:15:56.713,0.98,0.08,0.20
1783988157.2133,17:15:57.213,0.98,0.06,0.20
1783988157.7132,17:15:57.713,0.97,0.04,0.22
1783988158.2134,17:15:58.213,0.96,-0.03,0.27
1783988158.7135,17:15:58.713,0.95,-0.08,0.30
1783988159.2132,17:15:59.213,0.95,-0.09,0.31
1783988159.7134,17:15:59.713,0.96,-0.05,0.29
1783988160.2135,17:16:00.213,0.96,-0.02,0.27
1783988160.7125,17:16:00.712,0.97,-0.01,0.26
1783988161.2129,17:16:01.212,0.97,0.00,0.25
1783988161.7129,17:16:01.712,0.97,0.03,0.24
1783988162.2124,17:16:02.212,0.97,0.04,0.24
1783988162.7126,17:16:02.712,0.97,0.06,0.23
1783988163.2123,17:16:03.212,0.97,0.11,0.21
1783988163.7117,17:16:03.711,0.97,0.12,0.19
1783988164.2118,17:16:04.211,0.98,0.13,0.18
1783988164.7118,17:16:04.711,0.98,0.13,0.18
1783988165.2115,17:16:05.211,0.98,0.10,0.19
1783988165.7115,17:16:05.711,0.98,0.11,0.19
1783988166.2119,17:16:06.211,0.98,0.07,0.20
1783988166.7115,17:16:06.711,0.97,0.03,0.22
1783988167.2116,17:16:07.211,0.97,-0.02,0.26
1783988167.7117,17:16:07.711,0.96,-0.02,0.27
1783988168.2112,17:16:08.211,0.97,-0.01,0.26
1783988168.7106,17:16:08.710,0.97,0.02,0.25
1783988169.2106,17:16:09.210,0.97,0.02,0.24
1783988169.7104,17:16:09.710,0.97,0.02,0.24
1783988170.21,17:16:10.210,0.98,0.07,0.19
1783988170.7101,17:16:10.710,0.98,0.05,0.21
1783988171.2095,17:16:11.209,0.97,0.03,0.23
1783988171.709,17:16:11.709,0.96,-0.06,0.28
1783988172.2093,17:16:12.209,0.94,-0.11,0.31
1783988172.7092,17:16:12.709,0.93,-0.14,0.33
1783988173.2088,17:16:13.208,0.93,-0.14,0.33
1783988173.7091,17:16:13.709,0.92,-0.17,0.35
1783988174.2087,17:16:14.208,0.92,-0.17,0.35
1783988174.7084,17:16:14.708,0.92,-0.17,0.35
1783988175.2088,17:16:15.208,0.93,-0.15,0.34
1783988175.7083,17:16:15.708,0.94,-0.14,0.33
1783988176.208,17:16:16.208,0.94,-0.13,0.32
1783988176.7079,17:16:16.707,0.95,-0.10,0.31
1783988177.2079,17:16:17.207,0.95,-0.09,0.29
1783988177.7074,17:16:17.707,0.95,-0.08,0.29
1783988178.2076,17:16:18.207,0.96,-0.06,0.29
1783988178.7078,17:16:18.707,0.96,-0.04,0.28
1783988179.2071,17:16:19.207,0.96,-0.04,0.29
1783988179.7069,17:16:19.706,0.96,0.02,0.27
1783988180.2073,17:16:20.207,0.97,0.11,0.20
1783988180.7065,17:16:20.706,0.97,0.09,0.21
1783988181.2066,17:16:21.206,0.97,0.08,0.21
1783988181.7064,17:16:21.706,0.96,-0.03,0.29
1783988182.2061,17:16:22.206,0.95,-0.08,0.30
1783988182.7058,17:16:22.705,0.95,-0.10,0.31
1783988183.2059,17:16:23.205,0.94,-0.11,0.31
1783988183.7057,17:16:23.705,0.95,-0.11,0.31
1783988184.2058,17:16:24.205,0.94,-0.12,0.32
1783988184.7054,17:16:24.705,0.94,-0.12,0.32
1783988185.2049,17:16:25.204,0.94,-0.12,0.32
1783988185.7045,17:16:25.704,0.93,-0.14,0.34
1783988186.2048,17:16:26.204,0.93,-0.13,0.34
1783988186.7042,17:16:26.704,0.95,-0.08,0.31
1783988187.2037,17:16:27.203,0.96,-0.05,0.29
1783988187.7039,17:16:27.703,0.97,0.02,0.23
1783988188.2035,17:16:28.203,0.98,0.15,0.16
1783988188.7028,17:16:28.702,0.98,0.16,0.16
1783988189.2034,17:16:29.203,0.97,0.16,0.16
1783988189.7029,17:16:29.702,0.97,0.15,0.17
1783988190.2021,17:16:30.202,0.97,0.15,0.18
1783988190.7027,17:16:30.702,0.97,0.06,0.23
1783988191.2024,17:16:31.202,0.97,0.04,0.25
1783988191.7021,17:16:31.702,0.97,0.04,0.26
1783988192.2021,17:16:32.202,0.97,0.07,0.23
1783988192.702,17:16:32.702,0.97,0.15,0.18
1783988193.2014,17:16:33.201,0.97,0.23,0.12
1783988193.7015,17:16:33.701,0.96,0.27,0.11
1783988194.2017,17:16:34.201,0.96,0.26,0.12
1783988194.7014,17:16:34.701,0.96,0.24,0.11
1783988195.2014,17:16:35.201,0.95,0.30,0.05
1783988195.7017,17:16:35.701,0.96,0.29,0.05
1783988196.2009,17:16:36.200,0.95,0.29,0.06
1783988196.7006,17:16:36.700,0.97,0.25,0.08
1783988197.2002,17:16:37.200,0.97,0.22,0.09
1783988197.6997,17:16:37.699,0.98,0.20,0.08
1783988198.1995,17:16:38.199,0.97,0.22,0.06
1783988198.6997,17:16:38.699,0.97,0.23,0.08
1783988199.199,17:16:39.199,0.98,0.16,0.13
1783988199.6986,17:16:39.698,0.97,-0.02,0.24
1783988200.1989,17:16:40.198,0.95,-0.12,0.30
1783988200.6987,17:16:40.698,0.94,-0.15,0.31
1783988201.1982,17:16:41.198,0.94,-0.13,0.32
1783988201.6982,17:16:41.698,0.96,-0.06,0.28
1783988202.1981,17:16:42.198,0.97,0.02,0.22
1783988202.6977,17:16:42.697,0.98,0.06,0.19
1783988203.1982,17:16:43.198,0.98,0.10,0.16
1783988203.6975,17:16:43.697,0.98,0.12,0.15
1783988204.197,17:16:44.197,0.98,0.16,0.13
1783988204.6972,17:16:44.697,0.98,0.18,0.11
1783988205.1969,17:16:45.196,0.96,0.26,0.05
1783988205.6961,17:16:45.696,0.95,0.32,0.01
1783988206.1968,17:16:46.196,0.95,0.31,0.03
1783988206.6968,17:16:46.696,0.96,0.28,0.08
1783988207.1961,17:16:47.196,0.96,0.26,0.09
1783988207.6963,17:16:47.696,0.97,0.22,0.12
1783988208.1961,17:16:48.196,0.97,0.20,0.13
1783988208.6954,17:16:48.695,0.97,0.19,0.13
1783988209.1956,17:16:49.195,0.98,0.18,0.12
1783988209.6957,17:16:49.695,0.98,0.18,0.12
1783988210.1955,17:16:50.195,0.98,0.14,0.15
1783988210.6954,17:16:50.695,0.98,0.12,0.17
1783988211.1953,17:16:51.195,0.98,0.13,0.16
1783988211.695,17:16:51.695,0.98,0.07,0.19
1783988212.195,17:16:52.195,0.98,0.09,0.19
1783988212.6951,17:16:52.695,0.98,0.11,0.17
1783988213.1948,17:16:53.194,0.98,0.17,0.14
1783988213.6947,17:16:53.694,0.98,0.17,0.14
1783988214.1947,17:16:54.194,0.98,0.16,0.14
1783988214.6946,17:16:54.694,0.98,0.14,0.16
1783988215.1942,17:16:55.194,0.97,0.13,0.18
1783988215.6943,17:16:55.694,0.97,0.12,0.20
1783988216.1939,17:16:56.193,0.97,0.09,0.21
1783988216.6936,17:16:56.693,0.97,0.09,0.22
1783988217.1938,17:16:57.193,0.97,0.07,0.22
1783988217.6936,17:16:57.693,0.97,0.03,0.23
1783988218.1935,17:16:58.193,0.97,0.00,0.25
1783988218.6941,17:16:58.694,0.97,0.00,0.25
1783988219.1934,17:16:59.193,0.97,0.01,0.24
1783988219.6928,17:16:59.692,0.97,0.00,0.25
1783988220.1931,17:17:00.193,0.97,0.00,0.25
1783988220.6926,17:17:00.692,0.98,0.05,0.21
1783988221.1923,17:17:01.192,0.97,0.06,0.22
1783988221.6926,17:17:01.692,0.97,0.07,0.23
1783988222.1923,17:17:02.192,0.97,0.10,0.20
1783988222.6919,17:17:02.691,0.98,0.11,0.18
1783988223.192,17:17:03.192,0.98,0.11,0.18
1783988223.6918,17:17:03.691,0.98,0.11,0.17
1783988224.1915,17:17:04.191,0.98,0.09,0.18
1783988224.6915,17:17:04.691,0.98,0.08,0.18
1783988225.1918,17:17:05.191,0.97,0.02,0.23
1783988225.691,17:17:05.691,0.97,0.02,0.24
1783988226.1909,17:17:06.190,0.97,0.05,0.23
1783988226.6909,17:17:06.690,0.97,0.06,0.22
1783988227.19,17:17:07.190,0.97,0.03,0.22
1783988227.6897,17:17:07.689,0.98,0.03,0.21
1783988228.1899,17:17:08.189,0.98,0.14,0.13
1783988228.6898,17:17:08.689,0.98,0.15,0.13
1783988229.1894,17:17:09.189,0.98,0.12,0.15
1783988229.6901,17:17:09.690,0.98,0.14,0.16
1783988230.1895,17:17:10.189,0.97,0.18,0.17
1783988230.6888,17:17:10.688,0.97,0.21,0.13
1783988231.1892,17:17:11.189,0.97,0.22,0.13
1783988231.6886,17:17:11.688,0.96,0.27,0.08
1783988232.1882,17:17:12.188,0.95,0.30,0.06
1783988232.6888,17:17:12.688,0.74,0.63,-0.24
1783988233.1886,17:17:13.188,0.69,0.66,-0.29
1783988233.6881,17:17:13.688,0.66,0.67,-0.35
1783988234.1885,17:17:14.188,0.65,0.66,-0.37
1783988234.6888,17:17:14.688,0.63,0.68,-0.37
1783988235.188,17:17:15.188,0.68,0.65,-0.34
1783988235.6885,17:17:15.688,0.70,0.65,-0.31
1783988236.1877,17:17:16.187,0.72,0.63,-0.29
1783988236.6873,17:17:16.687,0.76,0.59,-0.26
1783988237.1878,17:17:17.187,0.76,0.61,-0.25
1783988237.688,17:17:17.688,0.73,0.62,-0.28
1783988238.1873,17:17:18.187,0.96,0.29,0.01
1783988238.6871,17:17:18.687,0.95,0.32,-0.02
1783988239.187,17:17:19.187,0.92,0.38,-0.07
1783988239.6864,17:17:19.686,0.92,0.38,-0.07
1783988240.1863,17:17:20.186,0.92,0.39,-0.08
1783988240.687,17:17:20.687,0.93,0.36,-0.02
1783988241.1865,17:17:21.186,0.95,0.32,0.03
1783988241.6867,17:17:21.686,0.94,0.34,0.00
1783988242.187,17:17:22.187,0.95,0.31,0.01
1783988242.6864,17:17:22.686,0.94,0.33,-0.02
1783988243.1865,17:17:23.186,0.98,0.20,0.07
1783988243.6863,17:17:23.686,0.98,0.17,0.10
1783988244.186,17:17:24.186,0.98,0.16,0.13
1783988244.6858,17:17:24.685,0.96,0.25,0.10
1783988245.1859,17:17:25.185,0.96,0.28,0.06
1783988245.6853,17:17:25.685,0.95,0.30,0.04
1783988246.1851,17:17:26.185,0.95,0.31,0.01
1783988246.6852,17:17:26.685,0.94,0.34,-0.03
1783988247.1849,17:17:27.184,0.93,0.36,-0.05
1783988247.6847,17:17:27.684,0.93,0.36,-0.06
1783988248.185,17:17:28.185,0.97,0.24,0.04
1783988248.6849,17:17:28.684,0.98,0.16,0.12
1783988249.1849,17:17:29.184,0.98,0.13,0.17
1783988249.6848,17:17:29.684,0.98,0.12,0.18
1783988250.1845,17:17:30.184,0.98,0.09,0.20
1783988250.6846,17:17:30.684,0.97,0.07,0.22
1783988251.1846,17:17:31.184,0.97,0.11,0.20
1783988251.6847,17:17:31.684,0.97,0.19,0.13
1783988252.1839,17:17:32.183,0.96,0.27,0.06
1783988252.6842,17:17:32.684,0.96,0.26,0.05
1783988253.1838,17:17:33.183,0.98,0.13,0.14
1783988253.6831,17:17:33.683,0.97,-0.02,0.25
1783988254.1835,17:17:34.183,0.97,0.00,0.26
1783988254.6834,17:17:34.683,0.96,0.00,0.27
1783988255.1828,17:17:35.182,0.97,0.03,0.25
1783988255.6824,17:17:35.682,0.97,0.07,0.24
1783988256.1826,17:17:36.182,0.97,0.12,0.20
1783988256.6822,17:17:36.682,0.97,0.12,0.20
1783988257.1819,17:17:37.181,0.97,0.11,0.21
1783988257.6817,17:17:37.681,0.97,0.10,0.22
1783988258.181,17:17:38.181,0.97,0.10,0.20
1783988258.681,17:17:38.681,0.98,0.10,0.20
1783988259.181,17:17:39.181,0.98,0.13,0.18
1783988259.6807,17:17:39.680,0.98,0.12,0.18
1783988260.1808,17:17:40.180,0.98,0.10,0.20
1783988260.6812,17:17:40.681,0.97,0.07,0.23
1783988261.1811,17:17:41.181,0.97,0.04,0.24
1783988261.6807,17:17:41.680,0.97,0.04,0.24
1783988262.1806,17:17:42.180,0.97,0.10,0.22
1783988262.6804,17:17:42.680,0.97,0.13,0.19
1783988263.1803,17:17:43.180,0.97,0.17,0.15
1783988263.6805,17:17:43.680,0.98,0.16,0.15
1783988264.1804,17:17:44.180,0.98,0.11,0.17
1783988264.6805,17:17:44.680,0.98,0.10,0.18
1783988265.1807,17:17:45.180,0.98,0.08,0.19
1783988265.6802,17:17:45.680,0.98,0.06,0.20
1783988266.1792,17:17:46.179,0.98,0.04,0.20
1783988266.6791,17:17:46.679,0.98,0.03,0.21
1783988267.1787,17:17:47.178,0.98,0.05,0.22
1783988267.678,17:17:47.678,0.98,0.08,0.20
1783988268.1784,17:17:48.178,0.98,0.08,0.20
1783988268.6782,17:17:48.678,0.97,0.07,0.21
1783988269.1778,17:17:49.177,0.98,0.06,0.21
1783988269.6783,17:17:49.678,0.82,0.56,-0.14
1783988270.1777,17:17:50.177,0.82,0.55,-0.15
1783988270.677,17:17:50.677,0.83,0.54,-0.15
1783988271.1772,17:17:51.177,0.80,0.57,-0.19
1783988271.6769,17:17:51.676,0.72,0.64,-0.27
1783988272.1761,17:17:52.176,0.72,0.63,-0.28
1783988272.6766,17:17:52.676,0.98,0.17,0.10
1783988273.1765,17:17:53.176,0.98,0.13,0.12
1783988273.6762,17:17:53.676,0.98,0.09,0.17
1783988274.1762,17:17:54.176,0.98,0.09,0.17
1783988274.6761,17:17:54.676,0.98,0.10,0.17
1783988275.1753,17:17:55.175,0.98,0.11,0.16
1783988275.6753,17:17:55.675,0.98,0.15,0.14
1783988276.1752,17:17:56.175,0.98,0.15,0.14
1783988276.6744,17:17:56.674,0.98,0.14,0.14
1783988277.1745,17:17:57.174,0.98,0.15,0.14
1783988277.6744,17:17:57.674,0.98,0.18,0.12
1783988278.1739,17:17:58.173,0.97,0.24,0.08
1783988278.6737,17:17:58.673,0.96,0.27,0.06
1783988279.1738,17:17:59.173,0.96,0.28,0.03
1783988279.6738,17:17:59.673,0.97,0.23,0.07
1783988280.1733,17:18:00.173,0.98,0.17,0.12
1783988280.6733,17:18:00.673,0.98,0.17,0.13
1783988281.1732,17:18:01.173,0.97,0.22,0.09
1783988281.6728,17:18:01.672,0.97,0.23,0.08
1783988282.1729,17:18:02.172,0.97,0.22,0.06
1783988282.6725,17:18:02.672,0.98,0.15,0.11
1783988283.172,17:18:03.172,0.98,0.16,0.12
1783988283.6722,17:18:03.672,0.98,0.17,0.11
1783988284.1723,17:18:04.172,0.97,0.24,0.06
1783988284.6717,17:18:04.671,0.97,0.26,0.05
1783988285.1719,17:18:05.171,0.96,0.29,0.02
1783988285.6717,17:18:05.671,0.96,0.28,0.01
1783988286.1717,17:18:06.171,0.96,0.27,0.02
1783988286.6718,17:18:06.671,0.96,0.26,0.03
1783988287.172,17:18:07.172,0.97,0.25,0.05
1783988287.6713,17:18:07.671,0.97,0.24,0.07
1783988288.1715,17:18:08.171,0.96,0.25,0.08
1783988288.6716,17:18:08.671,0.96,0.26,0.07
1783988289.1708,17:18:09.170,0.96,0.27,0.06
1783988289.6706,17:18:09.670,0.95,0.32,0.02
1783988290.1705,17:18:10.170,0.95,0.33,0.00
1783988290.6702,17:18:10.670,0.93,0.37,-0.05
1783988291.1698,17:18:11.169,0.92,0.39,-0.08
1783988291.6701,17:18:11.670,0.89,0.45,-0.13
1783988292.1701,17:18:12.170,0.89,0.44,-0.10
1783988292.67,17:18:12.670,0.89,0.44,-0.09
1783988293.1698,17:18:13.169,0.94,0.35,-0.01
1783988293.6694,17:18:13.669,0.95,0.32,0.01
1783988294.169,17:18:14.169,0.95,0.32,0.02
1783988294.6694,17:18:14.669,0.95,0.32,0.01
1783988295.1689,17:18:15.168,0.95,0.31,0.01
1783988295.6687,17:18:15.668,0.96,0.29,0.04
1783988296.1692,17:18:16.169,0.96,0.29,0.03
1783988296.6686,17:18:16.668,0.95,0.32,0.01
1783988297.1679,17:18:17.167,0.95,0.33,0.02
1783988297.6682,17:18:17.668,0.96,0.27,0.06
1783988298.1681,17:18:18.168,0.97,0.23,0.10
1783988298.6675,17:18:18.667,0.97,0.23,0.09
1783988299.1678,17:18:19.167,0.97,0.24,0.08
1783988299.668,17:18:19.668,0.97,0.23,0.08
1783988300.1675,17:18:20.167,0.97,0.23,0.06
1783988300.6673,17:18:20.667,0.97,0.25,0.04
1783988301.1672,17:18:21.167,0.96,0.27,0.03
1783988301.6668,17:18:21.666,0.94,0.33,-0.03
1783988302.1669,17:18:22.166,0.94,0.33,-0.02
1783988302.6669,17:18:22.666,0.96,0.29,0.02
1783988303.1662,17:18:23.166,0.96,0.27,0.03
1783988303.666,17:18:23.666,0.95,0.31,0.00
1783988304.1659,17:18:24.165,0.95,0.31,0.00
1783988304.6651,17:18:24.665,0.96,0.30,0.00
1783988305.1653,17:18:25.165,0.97,0.25,0.03
1783988305.6654,17:18:25.665,0.97,0.22,0.06
1783988306.1652,17:18:26.165,0.97,0.22,0.05
1783988306.6653,17:18:26.665,0.97,0.23,0.06
1783988307.1653,17:18:27.165,0.96,0.28,0.00
1783988307.665,17:18:27.665,0.95,0.32,0.00
1783988308.1646,17:18:28.164,0.94,0.33,-0.02
1783988308.6651,17:18:28.665,0.92,0.40,-0.06
1783988309.1649,17:18:29.164,0.91,0.41,-0.05
1783988309.6646,17:18:29.664,0.91,0.42,-0.05
1783988310.165,17:18:30.165,0.93,0.36,0.01
1783988310.6649,17:18:30.664,0.95,0.31,0.06
1783988311.1645,17:18:31.164,0.97,0.20,0.13
1783988311.665,17:18:31.665,0.97,0.12,0.19
1783988312.1648,17:18:32.164,0.97,0.11,0.19
1783988312.6641,17:18:32.664,0.98,0.11,0.18
1783988313.1643,17:18:33.164,0.97,0.08,0.21
1783988313.6642,17:18:33.664,0.97,0.08,0.21
1783988314.1637,17:18:34.163,0.98,0.14,0.16
1783988314.6641,17:18:34.664,0.98,0.14,0.16
1783988315.164,17:18:35.164,0.97,0.19,0.12
1783988315.663,17:18:35.663,0.96,0.27,0.07
1783988316.1633,17:18:36.163,0.94,0.34,0.02
1783988316.6633,17:18:36.663,0.94,0.35,0.01
1783988317.1626,17:18:37.162,0.90,0.43,-0.05
1783988317.6628,17:18:37.662,0.89,0.45,-0.06
1783988318.1625,17:18:38.162,0.90,0.44,-0.05
1783988318.6623,17:18:38.662,0.90,0.43,-0.04
1783988319.1621,17:18:39.162,0.90,0.44,-0.05
1783988319.6623,17:18:39.662,0.90,0.44,-0.03
1783988320.1618,17:18:40.161,0.92,0.40,-0.02
1783988320.6614,17:18:40.661,0.94,0.35,0.01
1783988321.1619,17:18:41.161,0.94,0.35,0.00
1783988321.6617,17:18:41.661,0.94,0.34,0.00
1783988322.1614,17:18:42.161,0.93,0.36,-0.01
1783988322.6617,17:18:42.661,0.91,0.41,-0.04
1783988323.1616,17:18:43.161,0.91,0.40,-0.02
1783988323.6612,17:18:43.661,0.94,0.34,0.04
1783988324.1612,17:18:44.161,0.96,0.26,0.10
1783988324.6609,17:18:44.660,0.97,0.19,0.15
1783988325.1603,17:18:45.160,0.97,0.19,0.15
1783988325.661,17:18:45.661,0.97,0.16,0.17
1783988326.1606,17:18:46.160,0.97,0.17,0.17
1783988326.6605,17:18:46.660,0.97,0.18,0.17
1783988327.1609,17:18:47.160,0.97,0.20,0.15
1783988327.6608,17:18:47.660,0.97,0.22,0.14
1783988328.1604,17:18:48.160,0.95,0.32,0.05
1783988328.6603,17:18:48.660,0.93,0.36,0.01
1783988329.1601,17:18:49.160,0.93,0.37,-0.01
1783988329.6594,17:18:49.659,0.93,0.36,-0.01
1783988330.1596,17:18:50.159,0.92,0.38,-0.03
1783988330.6593,17:18:50.659,0.89,0.44,-0.09
1783988331.1589,17:18:51.158,0.82,0.54,-0.18
1783988331.6588,17:18:51.658,0.84,0.51,-0.15
1783988332.1584,17:18:52.158,0.86,0.49,-0.13
1783988332.6579,17:18:52.657,0.88,0.46,-0.09
1783988333.1579,17:18:53.157,0.91,0.40,-0.04
1783988333.6579,17:18:53.657,0.92,0.38,-0.05
1783988334.1576,17:18:54.157,0.94,0.35,-0.03
1783988334.657,17:18:54.657,0.96,0.28,-0.01
1783988335.1573,17:18:55.157,0.97,0.23,0.02
1783988335.6569,17:18:55.656,0.98,0.19,0.03
1783988336.1568,17:18:56.156,0.99,0.15,0.06
1783988336.6572,17:18:56.657,0.99,0.11,0.07
1783988337.1569,17:18:57.156,0.99,0.12,0.07
1783988337.6569,17:18:57.656,0.99,0.11,0.07
1783988338.1574,17:18:58.157,0.99,0.11,0.07
1783988338.657,17:18:58.657,0.99,0.03,0.14
1783988339.1567,17:18:59.156,0.98,-0.01,0.17
1783988339.6567,17:18:59.656,0.98,-0.04,0.20
1783988340.1564,17:19:00.156,0.97,-0.05,0.24
1783988340.6562,17:19:00.656,0.97,-0.02,0.24
1783988341.1563,17:19:01.156,0.97,0.02,0.22
1783988341.6559,17:19:01.655,0.98,0.08,0.19
1783988342.1556,17:19:02.155,0.98,0.12,0.16
1783988342.6554,17:19:02.655,0.98,0.13,0.17
1783988343.1544,17:19:03.154,0.98,0.17,0.14
1783988343.6541,17:19:03.654,0.97,0.20,0.12
1783988344.1543,17:19:04.154,0.97,0.21,0.11
1783988344.6542,17:19:04.654,0.97,0.21,0.11
1783988345.154,17:19:05.154,0.97,0.24,0.08
1783988345.6541,17:19:05.654,0.97,0.22,0.10
1783988346.1537,17:19:06.153,0.98,0.16,0.14
1783988346.6534,17:19:06.653,0.98,0.14,0.16
1783988347.1536,17:19:07.153,0.98,0.16,0.15
1783988347.6537,17:19:07.653,0.97,0.24,0.10
1783988348.1527,17:19:08.152,0.97,0.22,0.10
1783988348.6533,17:19:08.653,0.97,0.19,0.13
1783988349.1536,17:19:09.153,0.98,0.17,0.13
1783988349.6527,17:19:09.652,0.98,0.17,0.14
1783988350.1527,17:19:10.152,0.98,0.09,0.19
1783988350.6524,17:19:10.652,0.98,0.09,0.17
1783988351.1514,17:19:11.151,0.98,0.08,0.18
1783988351.6513,17:19:11.651,0.98,0.10,0.18
1783988352.1513,17:19:12.151,0.98,0.10,0.18
1783988352.6505,17:19:12.650,0.98,0.16,0.15
1783988353.1504,17:19:13.150,0.98,0.17,0.13
1783988353.6506,17:19:13.650,0.97,0.20,0.12
1783988354.1503,17:19:14.150,0.97,0.22,0.11
1783988354.6495,17:19:14.649,0.97,0.24,0.09
1783988355.15,17:19:15.150,0.97,0.25,0.09
1783988355.6494,17:19:15.649,0.96,0.26,0.09
1783988356.1489,17:19:16.148,0.95,0.28,0.09
1783988356.6491,17:19:16.649,0.96,0.28,0.08
1783988357.1488,17:19:17.148,0.95,0.30,0.07
1783988357.6486,17:19:17.648,0.96,0.28,0.08
1783988358.1493,17:19:18.149,0.96,0.26,0.10
1783988358.6485,17:19:18.648,0.96,0.28,0.09
1783988359.1482,17:19:19.148,0.96,0.27,0.11
1783988359.6486,17:19:19.648,0.96,0.26,0.11
1783988360.1483,17:19:20.148,0.97,0.22,0.14
1783988360.6475,17:19:20.647,0.96,0.24,0.13
1783988361.1476,17:19:21.147,0.95,0.29,0.09
1783988361.6476,17:19:21.647,0.94,0.32,0.06
1783988362.1473,17:19:22.147,0.93,0.38,0.02
1783988362.6479,17:19:22.647,0.92,0.39,0.01
1783988363.1476,17:19:23.147,0.93,0.36,0.03
1783988363.6473,17:19:23.647,0.96,0.28,0.07
1783988364.1474,17:19:24.147,0.96,0.26,0.07
1783988364.6475,17:19:24.647,0.97,0.24,0.09
1783988365.1471,17:19:25.147,0.96,0.27,0.08
1783988365.6472,17:19:25.647,0.96,0.28,0.09
1783988366.147,17:19:26.147,0.96,0.28,0.08
1783988366.6461,17:19:26.646,0.94,0.34,0.04
1783988367.1461,17:19:27.146,0.93,0.36,0.01
1783988367.6465,17:19:27.646,0.93,0.36,0.01
1783988368.1459,17:19:28.145,0.96,0.28,0.06
1783988368.6458,17:19:28.645,0.97,0.22,0.09
1783988369.1456,17:19:29.145,0.97,0.21,0.09
1783988369.6453,17:19:29.645,0.97,0.22,0.11
1783988370.1453,17:19:30.145,0.96,0.28,0.07
1783988370.6453,17:19:30.645,0.94,0.33,0.06
1783988371.1447,17:19:31.144,0.94,0.35,0.04
1783988371.6446,17:19:31.644,0.93,0.37,0.02
1783988372.1448,17:19:32.144,0.92,0.38,0.01
1783988372.6444,17:19:32.644,0.92,0.39,0.00
1783988373.1444,17:19:33.144,0.91,0.41,0.01
1783988373.6444,17:19:33.644,0.91,0.42,0.00
1783988374.1439,17:19:34.143,0.90,0.43,-0.02
1783988374.6437,17:19:34.643,0.90,0.43,-0.02
1783988375.1439,17:19:35.143,0.92,0.38,-0.01
1783988375.6437,17:19:35.643,0.95,0.31,0.03
1783988376.1434,17:19:36.143,0.97,0.22,0.09
1783988376.6434,17:19:36.643,0.98,0.17,0.11
1783988377.1433,17:19:37.143,0.98,0.12,0.14
1783988377.6427,17:19:37.642,0.98,0.07,0.19
1783988378.1426,17:19:38.142,0.98,0.06,0.21
1783988378.6424,17:19:38.642,0.97,0.08,0.21
1783988379.1417,17:19:39.141,0.97,0.11,0.20
1783988379.6418,17:19:39.641,0.97,0.17,0.16
1783988380.1421,17:19:40.142,0.97,0.18,0.14
1783988380.6413,17:19:40.641,0.98,0.14,0.15
1783988381.1416,17:19:41.141,0.98,0.09,0.19
1783988381.6416,17:19:41.641,0.98,0.06,0.21
1783988382.1408,17:19:42.140,0.97,0.01,0.24
1783988382.6411,17:19:42.641,0.96,-0.02,0.26
1783988383.1415,17:19:43.141,0.97,-0.03,0.26
1783988383.6408,17:19:43.640,0.97,-0.03,0.26
1783988384.141,17:19:44.141,0.98,0.03,0.22
1783988384.6415,17:19:44.641,0.98,0.17,0.12
1783988385.1413,17:19:45.141,0.97,0.23,0.06
1783988385.6416,17:19:45.641,0.97,0.23,0.08
1783988386.142,17:19:46.142,0.97,0.23,0.10
1783988386.6414,17:19:46.641,0.97,0.22,0.11
1783988387.141,17:19:47.141,0.97,0.20,0.11
1783988387.6409,17:19:47.640,0.98,0.16,0.14
1783988388.1403,17:19:48.140,0.98,0.08,0.21
1783988388.64,17:19:48.640,0.97,-0.03,0.26
1783988389.1402,17:19:49.140,0.95,-0.08,0.29
1783988389.6397,17:19:49.639,0.95,-0.09,0.30
1783988390.1391,17:19:50.139,0.95,-0.08,0.29
1783988390.6398,17:19:50.639,0.96,-0.07,0.28
1783988391.1395,17:19:51.139,0.96,-0.06,0.27
1783988391.6385,17:19:51.638,0.97,-0.04,0.26
1783988392.139,17:19:52.139,0.97,-0.03,0.25
1783988392.6392,17:19:52.639,0.97,-0.03,0.24
1783988393.1391,17:19:53.139,0.97,-0.05,0.25
1783988393.6395,17:19:53.639,0.96,-0.08,0.28
1783988394.1394,17:19:54.139,0.95,-0.09,0.28
1783988394.639,17:19:54.639,0.95,-0.09,0.29
1783988395.1391,17:19:55.139,0.96,-0.08,0.28
1783988395.6389,17:19:55.638,0.96,-0.07,0.28
1783988396.1386,17:19:56.138,0.97,-0.04,0.25
1783988396.6388,17:19:56.638,0.98,0.04,0.20
1783988397.1388,17:19:57.138,0.98,0.09,0.16
1783988397.6382,17:19:57.638,0.98,0.13,0.13
1783988398.1383,17:19:58.138,0.98,0.13,0.13
1783988398.6387,17:19:58.638,0.98,0.19,0.10
1783988399.1386,17:19:59.138,0.97,0.21,0.08
1783988399.638,17:19:59.638,0.97,0.25,0.05
1783988400.1385,17:20:00.138,0.96,0.27,0.02
1783988400.6379,17:20:00.637,0.96,0.28,0.02
1783988401.1379,17:20:01.137,0.96,0.28,0.02
1783988401.6382,17:20:01.638,0.96,0.26,0.03
1783988402.1376,17:20:02.137,0.96,0.28,0.02
1783988402.6375,17:20:02.637,0.94,0.34,-0.03
1783988403.1373,17:20:03.137,0.93,0.36,-0.04
1783988403.6366,17:20:03.636,0.94,0.34,-0.01
1783988404.1362,17:20:04.136,0.94,0.33,0.03
1783988404.6363,17:20:04.636,0.94,0.33,0.05
1783988405.1358,17:20:05.135,0.94,0.34,0.08
1783988405.6355,17:20:05.635,0.94,0.32,0.09
1783988406.1358,17:20:06.135,0.95,0.27,0.12
1783988406.6359,17:20:06.635,0.95,0.27,0.13
1783988407.1355,17:20:07.135,0.95,0.27,0.12
1783988407.636,17:20:07.636,0.95,0.30,0.11
1783988408.1354,17:20:08.135,0.94,0.34,0.08
1783988408.6349,17:20:08.634,0.92,0.39,0.03
1783988409.1349,17:20:09.134,0.91,0.42,-0.01
1783988409.6346,17:20:09.634,0.88,0.47,-0.06
1783988410.1342,17:20:10.134,0.85,0.52,-0.10
1783988410.6346,17:20:10.634,0.86,0.50,-0.09
1783988411.1346,17:20:11.134,0.87,0.49,-0.10
1783988411.6342,17:20:11.634,0.87,0.48,-0.09
1783988412.1345,17:20:12.134,0.89,0.46,-0.07
1783988412.6345,17:20:12.634,0.90,0.44,-0.04
1783988413.1342,17:20:13.134,0.91,0.42,-0.01
1783988413.6336,17:20:13.633,0.91,0.42,0.01
1783988414.1337,17:20:14.133,0.91,0.42,0.01
1783988414.6329,17:20:14.632,0.92,0.38,0.04
1783988415.1332,17:20:15.133,0.94,0.34,0.07
1783988415.6333,17:20:15.633,0.95,0.31,0.09
1783988416.1324,17:20:16.132,0.95,0.30,0.09
1783988416.632,17:20:16.632,0.95,0.29,0.08
1783988417.1321,17:20:17.132,0.94,0.33,0.06
1783988417.6313,17:20:17.631,0.94,0.34,0.07
1783988418.1312,17:20:18.131,0.94,0.32,0.07
1783988418.6314,17:20:18.631,0.95,0.30,0.11
1783988419.1306,17:20:19.130,0.95,0.27,0.13
1783988419.63,17:20:19.630,0.96,0.24,0.15
1783988420.1303,17:20:20.130,0.96,0.24,0.15
1783988420.6299,17:20:20.629,0.96,0.24,0.13
1783988421.1295,17:20:21.129,0.97,0.19,0.16
1783988421.6299,17:20:21.629,0.97,0.10,0.21
1783988422.1297,17:20:22.129,0.98,0.08,0.20
1783988422.6296,17:20:22.629,0.98,0.10,0.18
1783988423.1298,17:20:23.129,0.98,0.15,0.14
1783988423.6291,17:20:23.629,0.97,0.20,0.11
1783988424.1289,17:20:24.128,0.97,0.19,0.14
1783988424.6296,17:20:24.629,0.97,0.18,0.17
1783988425.129,17:20:25.129,0.97,0.17,0.17
1783988425.6287,17:20:25.628,0.97,0.15,0.17
1783988426.1285,17:20:26.128,0.98,0.15,0.16
1783988426.628,17:20:26.628,0.98,0.16,0.15
1783988427.1276,17:20:27.127,0.98,0.15,0.14
1783988427.6275,17:20:27.627,0.97,-0.01,0.23
1783988428.1275,17:20:28.127,0.96,-0.10,0.28
1783988428.6272,17:20:28.627,0.95,-0.13,0.30
1783988429.1266,17:20:29.126,0.94,-0.14,0.30
1783988429.6264,17:20:29.626,0.95,-0.15,0.29
1783988430.1258,17:20:30.125,0.94,-0.16,0.30
1783988430.6254,17:20:30.625,0.94,-0.16,0.31
1783988431.1257,17:20:31.125,0.94,-0.17,0.31
1783988431.625,17:20:31.625,0.94,-0.16,0.30
1783988432.1251,17:20:32.125,0.95,-0.12,0.28
1783988432.6252,17:20:32.625,0.97,-0.05,0.23
1783988433.1249,17:20:33.124,0.98,0.00,0.20
1783988433.6247,17:20:33.624,0.98,0.00,0.21
1783988434.1252,17:20:34.125,0.97,0.00,0.23
1783988434.6246,17:20:34.624,0.94,-0.13,0.32
1783988435.1247,17:20:35.124,0.94,-0.14,0.32
1783988435.6249,17:20:35.624,0.94,-0.14,0.31
1783988436.1243,17:20:36.124,0.96,-0.06,0.27
1783988436.6241,17:20:36.624,0.98,0.03,0.22
1783988437.1242,17:20:37.124,0.97,0.03,0.23
1783988437.6242,17:20:37.624,0.97,0.03,0.24
1783988438.1235,17:20:38.123,0.97,0.03,0.24
1783988438.6237,17:20:38.623,0.97,0.03,0.24
1783988439.1232,17:20:39.123,0.97,0.09,0.21
1783988439.6228,17:20:39.622,0.98,0.19,0.11
1783988440.1228,17:20:40.122,0.97,0.21,0.09
1783988440.6227,17:20:40.622,0.97,0.23,0.07
1783988441.1223,17:20:41.122,0.97,0.21,0.10
1783988441.6222,17:20:41.622,0.97,0.18,0.13
1783988442.1228,17:20:42.122,0.97,0.15,0.17
1783988442.6223,17:20:42.622,0.97,0.16,0.18
1783988443.1227,17:20:43.122,0.97,0.17,0.16
1783988443.6227,17:20:43.622,0.97,0.18,0.14
1783988444.1219,17:20:44.121,0.98,0.06,0.21
1783988444.622,17:20:44.622,0.96,-0.01,0.26
1783988445.1217,17:20:45.121,0.96,-0.01,0.26
1783988445.6214,17:20:45.621,0.97,0.06,0.22
1783988446.1212,17:20:46.121,0.98,0.16,0.15
1783988446.6215,17:20:46.621,0.97,0.24,0.09
1783988447.1211,17:20:47.121,0.96,0.26,0.08
1783988447.621,17:20:47.621,0.96,0.27,0.08
1783988448.1214,17:20:48.121,0.96,0.28,0.07
1783988448.6207,17:20:48.620,0.96,0.27,0.06
1783988449.1205,17:20:49.120,0.96,0.26,0.08
1783988449.6205,17:20:49.620,0.96,0.25,0.08
1783988450.1202,17:20:50.120,0.96,0.25,0.09
1783988450.6198,17:20:50.619,0.96,0.26,0.10
1783988451.1203,17:20:51.120,0.96,0.27,0.09
1783988451.6197,17:20:51.619,0.95,0.27,0.11
1783988452.1194,17:20:52.119,0.95,0.29,0.11
1783988452.62,17:20:52.620,0.95,0.28,0.12
1783988453.1193,17:20:53.119,0.95,0.29,0.11
1783988453.6187,17:20:53.618,0.95,0.31,0.09
1783988454.1192,17:20:54.119,0.95,0.31,0.09
1783988454.6188,17:20:54.618,0.95,0.31,0.09
1783988455.1187,17:20:55.118,0.95,0.31,0.09
1783988455.6191,17:20:55.619,0.95,0.30,0.10
1783988456.1192,17:20:56.119,0.95,0.27,0.13
1783988456.619,17:20:56.619,0.96,0.26,0.13
1783988457.1187,17:20:57.118,0.96,0.26,0.13
1783988457.6183,17:20:57.618,0.95,0.29,0.11
1783988458.1182,17:20:58.118,0.95,0.29,0.12
1783988458.6184,17:20:58.618,0.95,0.29,0.12
1783988459.1186,17:20:59.118,0.95,0.30,0.09
1783988459.6185,17:20:59.618,0.95,0.31,0.08
1783988460.1185,17:21:00.118,0.94,0.34,0.04
1783988460.6186,17:21:00.618,0.94,0.35,0.02
1783988461.118,17:21:01.118,0.94,0.35,0.00
1783988461.6183,17:21:01.618,0.94,0.35,0.01
1783988462.1185,17:21:02.118,0.94,0.34,0.00
1783988462.6179,17:21:02.617,0.95,0.32,0.01
1783988463.1177,17:21:03.117,0.96,0.28,0.06
1783988463.6174,17:21:03.617,0.97,0.21,0.12
1783988464.1166,17:21:04.116,0.97,0.17,0.16
1783988464.6165,17:21:04.616,0.97,0.15,0.17
1783988465.1164,17:21:05.116,0.97,0.05,0.23
1783988465.6166,17:21:05.616,0.96,-0.02,0.27
1783988466.1163,17:21:06.116,0.96,-0.03,0.27
1783988466.6166,17:21:06.616,0.97,-0.01,0.26
1783988467.1158,17:21:07.115,0.98,0.05,0.22
1783988467.6153,17:21:07.615,0.98,0.11,0.18
1783988468.1155,17:21:08.115,0.98,0.12,0.16
1783988468.6153,17:21:08.615,0.98,0.14,0.17
1783988469.1146,17:21:09.114,0.98,0.15,0.17
1783988469.615,17:21:09.615,0.97,0.07,0.22
1783988470.1151,17:21:10.115,0.97,0.02,0.23
1783988470.6145,17:21:10.614,0.98,0.04,0.21
1783988471.1148,17:21:11.114,0.98,0.05,0.20
1783988471.6145,17:21:11.614,0.98,0.11,0.16
1783988472.114,17:21:12.114,0.98,0.17,0.12
1783988472.6142,17:21:12.614,0.97,0.21,0.10
1783988473.1145,17:21:13.114,0.96,0.26,0.06
1783988473.6137,17:21:13.613,0.96,0.25,0.07
1783988474.114,17:21:14.114,0.97,0.24,0.08
1783988474.6139,17:21:14.613,0.97,0.19,0.11
1783988475.1132,17:21:15.113,0.98,0.17,0.12
1783988475.6132,17:21:15.613,0.98,0.15,0.14
1783988476.1135,17:21:16.113,0.98,0.15,0.14
1783988476.6135,17:21:16.613,0.98,0.14,0.15
1783988477.1136,17:21:17.113,0.98,0.13,0.17
1783988477.6134,17:21:17.613,0.98,0.13,0.16
1783988478.113,17:21:18.113,0.98,0.14,0.16
1783988478.6129,17:21:18.612,0.98,0.14,0.14
1783988479.1127,17:21:19.112,0.98,0.13,0.13
1783988479.6122,17:21:19.612,0.99,0.09,0.13
1783988480.1118,17:21:20.111,0.98,0.03,0.19
1783988480.6119,17:21:20.611,0.97,0.01,0.23
1783988481.1117,17:21:21.111,0.97,-0.01,0.24
1783988481.611,17:21:21.611,0.96,-0.05,0.27
1783988482.1114,17:21:22.111,0.96,-0.05,0.27
1783988482.6115,17:21:22.611,0.97,0.00,0.23
1783988483.1105,17:21:23.110,0.98,0.05,0.17
1783988483.6108,17:21:23.610,0.98,0.14,0.10
1783988484.1104,17:21:24.110,0.98,0.16,0.10
1783988484.6101,17:21:24.610,0.98,0.15,0.13
1783988485.1101,17:21:25.110,0.98,0.13,0.16
1783988485.61,17:21:25.610,0.98,0.13,0.16
1783988486.1098,17:21:26.109,0.98,0.08,0.19
1783988486.6099,17:21:26.609,0.98,0.08,0.20
1783988487.1099,17:21:27.109,0.98,0.07,0.21
1783988487.6094,17:21:27.609,0.98,0.05,0.21
1783988488.1096,17:21:28.109,0.98,0.04,0.21
1783988488.6098,17:21:28.609,0.97,0.02,0.22
1783988489.1093,17:21:29.109,0.97,-0.01,0.24
1783988489.6093,17:21:29.609,0.97,0.01,0.24
1783988490.1094,17:21:30.109,0.98,0.06,0.21
1783988490.6086,17:21:30.608,0.98,0.13,0.16
1783988491.1083,17:21:31.108,0.98,0.15,0.15
1783988491.6085,17:21:31.608,0.97,0.20,0.12
1783988492.108,17:21:32.108,0.96,0.28,0.07
1783988492.6078,17:21:32.607,0.96,0.27,0.09
1783988493.1081,17:21:33.108,0.96,0.25,0.11
1783988493.6075,17:21:33.607,0.96,0.25,0.11
1783988494.1068,17:21:34.106,0.96,0.26,0.12
1783988494.6066,17:21:34.606,0.96,0.24,0.12
1783988495.1065,17:21:35.106,0.96,0.24,0.11
1783988495.6063,17:21:35.606,0.97,0.20,0.14
1783988496.1062,17:21:36.106,0.97,0.17,0.15
1783988496.606,17:21:36.606,0.97,0.18,0.15
1783988497.1061,17:21:37.106,0.97,0.18,0.15
1783988497.6061,17:21:37.606,0.97,0.19,0.14
1783988498.1061,17:21:38.106,0.97,0.18,0.13
1783988498.6054,17:21:38.605,0.98,0.17,0.14
1783988499.1056,17:21:39.105,0.98,0.16,0.15
1783988499.6053,17:21:39.605,0.98,0.14,0.17
1783988500.1049,17:21:40.104,0.98,0.13,0.18
1783988500.6052,17:21:40.605,0.97,0.15,0.17
1783988501.105,17:21:41.105,0.98,0.17,0.14
1783988501.6044,17:21:41.604,0.97,0.18,0.13
1783988502.1046,17:21:42.104,0.97,0.20,0.11
1783988502.6043,17:21:42.604,0.97,0.25,0.06
1783988503.1033,17:21:43.103,0.94,0.33,-0.01
1783988503.6034,17:21:43.603,0.94,0.35,-0.02
1783988504.1032,17:21:44.103,0.92,0.38,-0.03
1783988504.6029,17:21:44.602,0.93,0.37,-0.01
1783988505.1031,17:21:45.103,0.93,0.37,-0.01
1783988505.6028,17:21:45.602,0.95,0.31,0.04
1783988506.1022,17:21:46.102,0.95,0.31,0.05
1783988506.6021,17:21:46.602,0.96,0.25,0.10
1783988507.1025,17:21:47.102,0.97,0.23,0.09
1783988507.6017,17:21:47.601,0.98,0.10,0.18
1783988508.1014,17:21:48.101,0.98,0.09,0.19
1783988508.6015,17:21:48.601,0.97,0.10,0.21
1783988509.101,17:21:49.101,0.97,0.12,0.21
1783988509.6008,17:21:49.600,0.97,0.11,0.21
1783988510.1011,17:21:50.101,0.97,0.11,0.20
1783988510.6005,17:21:50.600,0.97,0.10,0.20
1783988511.1002,17:21:51.100,0.98,0.10,0.18
1783988511.6002,17:21:51.600,0.98,0.08,0.18
1783988512.0999,17:21:52.099,0.98,0.07,0.18
1783988512.5998,17:21:52.599,0.98,0.06,0.19
1783988513.1003,17:21:53.100,0.97,-0.01,0.23
1783988513.5999,17:21:53.599,0.97,-0.02,0.24
1783988514.0997,17:21:54.099,0.97,-0.03,0.25
1783988514.5997,17:21:54.599,0.97,-0.03,0.25
1783988515.0996,17:21:55.099,0.97,-0.03,0.25
1783988515.599,17:21:55.599,0.97,-0.02,0.26
1783988516.0991,17:21:56.099,0.97,0.00,0.23
1783988516.5987,17:21:56.598,0.98,0.05,0.21
1783988517.0983,17:21:57.098,0.98,0.05,0.19
1783988517.5983,17:21:57.598,0.97,0.01,0.23
1783988518.0983,17:21:58.098,0.97,0.00,0.23
1783988518.5976,17:21:58.597,0.98,0.07,0.20
1783988519.0978,17:21:59.097,0.97,0.07,0.22
1783988519.5981,17:21:59.598,0.97,0.08,0.22
1783988520.0973,17:22:00.097,0.97,0.11,0.21
1783988520.5976,17:22:00.597,0.97,0.17,0.18
1783988521.0976,17:22:01.097,0.96,0.24,0.15
1783988521.5969,17:22:01.596,0.96,0.26,0.12
1783988522.0973,17:22:02.097,0.95,0.27,0.12
1783988522.5972,17:22:02.597,0.96,0.24,0.13
1783988523.0968,17:22:03.096,0.96,0.24,0.13
1783988523.5969,17:22:03.596,0.96,0.23,0.14
1783988524.0969,17:22:04.096,0.96,0.22,0.15
1783988524.5966,17:22:04.596,0.97,0.16,0.18
1783988525.0962,17:22:05.096,0.97,0.13,0.19
1783988525.5964,17:22:05.596,0.97,0.13,0.19
1783988526.0962,17:22:06.096,0.97,0.18,0.16
1783988526.5961,17:22:06.596,0.97,0.17,0.17
1783988527.0963,17:22:07.096,0.97,0.17,0.17
1783988527.5963,17:22:07.596,0.97,0.15,0.18
1783988528.0958,17:22:08.095,0.97,0.12,0.19
1783988528.596,17:22:08.596,0.98,0.10,0.19
1783988529.0957,17:22:09.095,0.98,0.10,0.17
1783988529.5947,17:22:09.594,0.98,0.10,0.16
1783988530.095,17:22:10.095,0.98,0.13,0.14
1783988530.5947,17:22:10.594,0.98,0.17,0.10
1783988531.0942,17:22:11.094,0.98,0.16,0.11
1783988531.5946,17:22:11.594,0.98,0.15,0.11
1783988532.0946,17:22:12.094,0.98,0.12,0.14
1783988532.594,17:22:12.594,0.98,0.11,0.15
1783988533.0942,17:22:13.094,0.98,0.09,0.17
1783988533.594,17:22:13.594,0.98,0.05,0.20
1783988534.0935,17:22:14.093,0.98,0.05,0.20
1783988534.5935,17:22:14.593,0.98,0.04,0.20
1783988535.0938,17:22:15.093,0.98,0.04,0.20
1783988535.5934,17:22:15.593,0.97,0.01,0.23
1783988536.0931,17:22:16.093,0.97,0.01,0.23
1783988536.5935,17:22:16.593,0.97,0.01,0.23
1783988537.0933,17:22:17.093,0.97,0.01,0.23
1783988537.5932,17:22:17.593,0.97,0.01,0.24
1783988538.0936,17:22:18.093,0.97,-0.03,0.26
1783988538.5931,17:22:18.593,0.97,-0.03,0.26
1783988539.0931,17:22:19.093,0.97,0.00,0.24
1783988539.5934,17:22:19.593,0.98,0.07,0.19
1783988540.0932,17:22:20.093,0.98,0.07,0.20
1783988540.5929,17:22:20.592,0.98,0.06,0.20
1783988541.0933,17:22:21.093,0.97,0.00,0.25
1783988541.593,17:22:21.593,0.96,-0.03,0.27
1783988542.0932,17:22:22.093,0.96,-0.02,0.26
1783988542.5932,17:22:22.593,0.98,0.05,0.21
1783988543.0924,17:22:23.092,0.98,0.11,0.18
1783988543.592,17:22:23.592,0.98,0.14,0.17
1783988544.0922,17:22:24.092,0.97,0.15,0.17
1783988544.5915,17:22:24.591,0.97,0.18,0.15
1783988545.0905,17:22:25.090,0.97,0.22,0.12
1783988545.591,17:22:25.591,0.97,0.20,0.14
1783988546.091,17:22:26.091,0.97,0.14,0.19
1783988546.5906,17:22:26.590,0.97,0.14,0.19
1783988547.0907,17:22:27.090,0.97,0.11,0.20
1783988547.5905,17:22:27.590,0.97,0.10,0.20
1783988548.09,17:22:28.090,0.97,0.02,0.25
1783988548.59,17:22:28.590,0.96,0.00,0.27
1783988549.0901,17:22:29.090,0.96,0.00,0.27
1783988549.5893,17:22:29.589,0.96,0.00,0.27
1783988550.0896,17:22:30.089,0.96,-0.02,0.29
1783988550.5894,17:22:30.589,0.95,-0.03,0.30
1783988551.0887,17:22:31.088,0.96,-0.01,0.29
1783988551.5887,17:22:31.588,0.97,0.05,0.25
1783988552.0888,17:22:32.088,0.97,0.14,0.18
1783988552.5881,17:22:32.588,0.97,0.14,0.18
1783988553.088,17:22:33.088,0.98,0.11,0.19
1783988553.5881,17:22:33.588,0.98,0.11,0.19
1783988554.0879,17:22:34.087,0.98,0.11,0.19
1783988554.5881,17:22:34.588,0.97,0.08,0.21
1783988555.089,17:22:35.089,0.97,0.06,0.23
1783988555.5886,17:22:35.588,0.97,0.05,0.23
1783988556.0878,17:22:36.087,0.97,0.02,0.25
1783988556.5885,17:22:36.588,0.96,-0.02,0.28
1783988557.0875,17:22:37.087,0.96,-0.02,0.28
1783988557.5872,17:22:37.587,0.96,0.01,0.27
1783988558.0874,17:22:38.087,0.96,0.01,0.26
1783988558.5869,17:22:38.586,0.97,0.03,0.25
1783988559.0869,17:22:39.086,0.97,0.03,0.25
1783988559.5869,17:22:39.586,0.97,0.07,0.23
1783988560.0869,17:22:40.086,0.98,0.11,0.19
1783988560.5868,17:22:40.586,0.97,0.19,0.13
1783988561.087,17:22:41.087,0.94,0.33,0.01
1783988561.5865,17:22:41.586,0.93,0.37,-0.03
1783988562.0861,17:22:42.086,0.94,0.35,-0.01
1783988562.5866,17:22:42.586,0.96,0.27,0.05
1783988563.0862,17:22:43.086,0.98,0.18,0.12
1783988563.5855,17:22:43.585,0.98,0.16,0.12
1783988564.0853,17:22:44.085,0.98,0.12,0.15
1783988564.5851,17:22:44.585,0.98,0.12,0.17
1783988565.0845,17:22:45.084,0.98,0.14,0.16
1783988565.5847,17:22:45.584,0.98,0.17,0.14
1783988566.0846,17:22:46.084,0.98,0.17,0.13
1783988566.584,17:22:46.584,0.98,0.11,0.17
1783988567.0841,17:22:47.084,0.97,0.04,0.22
1783988567.5845,17:22:47.584,0.97,0.02,0.23
1783988568.0842,17:22:48.084,0.97,0.04,0.23
1783988568.5838,17:22:48.583,0.98,0.09,0.19
1783988569.0841,17:22:49.084,0.98,0.14,0.17
1783988569.5833,17:22:49.583,0.96,0.28,0.07
1783988570.0834,17:22:50.083,0.94,0.34,0.03
1783988570.5835,17:22:50.583,0.92,0.39,-0.01
1783988571.0834,17:22:51.083,0.91,0.42,-0.01
1783988571.5832,17:22:51.583,0.90,0.43,-0.02
1783988572.0833,17:22:52.083,0.91,0.41,-0.01
1783988572.5833,17:22:52.583,0.95,0.31,0.08
1783988573.0832,17:22:53.083,0.96,0.27,0.11
1783988573.5838,17:22:53.583,0.96,0.25,0.12
1783988574.083,17:22:54.083,0.96,0.26,0.12
1783988574.5822,17:22:54.582,0.96,0.27,0.11
1783988575.0822,17:22:55.082,0.96,0.28,0.09
1783988575.5821,17:22:55.582,0.97,0.20,0.15
1783988576.0811,17:22:56.081,0.97,0.20,0.15
1783988576.5814,17:22:56.581,0.97,0.20,0.16
1783988577.081,17:22:57.081,0.97,0.21,0.15
1783988577.5807,17:22:57.580,0.96,0.24,0.13
1783988578.0809,17:22:58.080,0.96,0.25,0.13
1783988578.5813,17:22:58.581,0.95,0.28,0.11
1783988579.0809,17:22:59.080,0.95,0.30,0.07
1783988579.581,17:22:59.581,0.95,0.31,0.06
1783988580.0802,17:23:00.080,0.96,0.28,0.08
1783988580.5798,17:23:00.579,0.96,0.28,0.09
1783988581.0796,17:23:01.079,0.95,0.29,0.09
1783988581.5791,17:23:01.579,0.94,0.32,0.07
1783988582.0781,17:23:02.078,0.95,0.29,0.09
1783988582.578,17:23:02.578,0.96,0.24,0.12
1783988583.078,17:23:03.078,0.97,0.18,0.15
1783988583.5771,17:23:03.577,0.97,0.16,0.17
1783988584.0769,17:23:04.076,0.97,0.15,0.17
1783988584.577,17:23:04.577,0.97,0.14,0.18
1783988585.0764,17:23:05.076,0.97,0.13,0.19
1783988585.576,17:23:05.576,0.97,0.12,0.20
1783988586.0763,17:23:06.076,0.97,0.13,0.20
1783988586.5757,17:23:06.575,0.97,0.13,0.20
1783988587.0756,17:23:07.075,0.97,0.14,0.19
1783988587.5758,17:23:07.575,0.97,0.17,0.18
1783988588.0753,17:23:08.075,0.97,0.20,0.14
1783988588.5751,17:23:08.575,0.97,0.20,0.13
1783988589.0754,17:23:09.075,0.97,0.21,0.13
1783988589.575,17:23:09.575,0.97,0.19,0.14
1783988590.0749,17:23:10.074,0.98,0.17,0.14
1783988590.5753,17:23:10.575,0.97,0.16,0.16
1783988591.0754,17:23:11.075,0.98,0.13,0.17
1783988591.5748,17:23:11.574,0.98,0.13,0.18
1783988592.0751,17:23:12.075,0.97,0.14,0.19
1783988592.5749,17:23:12.574,0.97,0.14,0.19
1783988593.0742,17:23:13.074,0.97,0.17,0.15
1783988593.5744,17:23:13.574,0.97,0.17,0.15
1783988594.0743,17:23:14.074,0.97,0.13,0.18
1783988594.5739,17:23:14.573,0.98,0.12,0.18
1783988595.0741,17:23:15.074,0.98,0.13,0.18
1783988595.5741,17:23:15.574,0.98,0.13,0.18
1783988596.0737,17:23:16.073,0.98,0.14,0.17
1783988596.5736,17:23:16.573,0.97,0.14,0.19
1783988597.0732,17:23:17.073,0.97,0.13,0.19
1783988597.5727,17:23:17.572,0.97,0.11,0.21
1783988598.0729,17:23:18.072,0.97,0.11,0.20
1783988598.5731,17:23:18.573,0.98,0.11,0.18
1783988599.0727,17:23:19.072,0.97,0.02,0.24
1783988599.5726,17:23:19.572,0.97,0.01,0.24
1783988600.0726,17:23:20.072,0.97,-0.02,0.25
1783988600.5721,17:23:20.572,0.97,-0.01,0.25
1783988601.0719,17:23:21.071,0.97,0.00,0.25
1783988601.5719,17:23:21.571,0.96,-0.04,0.28
1783988602.0717,17:23:22.071,0.95,-0.07,0.29
1783988602.5715,17:23:22.571,0.95,-0.09,0.29
1783988603.0719,17:23:23.071,0.97,-0.03,0.26
1783988603.5718,17:23:23.571,0.98,0.06,0.19
1783988604.0712,17:23:24.071,0.98,0.06,0.18
1783988604.5712,17:23:24.571,0.98,0.07,0.18
1783988605.0711,17:23:25.071,0.98,0.06,0.19
1783988605.5707,17:23:25.570,0.98,0.09,0.17
1783988606.0708,17:23:26.070,0.98,0.09,0.19
1783988606.5706,17:23:26.570,0.97,0.09,0.21
1783988607.0703,17:23:27.070,0.97,0.06,0.24
1783988607.5701,17:23:27.570,0.97,0.04,0.25
1783988608.07,17:23:28.070,0.97,0.04,0.25
1783988608.5692,17:23:28.569,0.97,0.05,0.25
1783988609.0695,17:23:29.069,0.97,0.07,0.24
1783988609.5693,17:23:29.569,0.97,0.07,0.24
1783988610.0686,17:23:30.068,0.97,0.09,0.22
1783988610.5686,17:23:30.568,0.97,0.10,0.22
1783988611.0687,17:23:31.068,0.97,0.17,0.16
1783988611.5681,17:23:31.568,0.97,0.17,0.15
1783988612.0684,17:23:32.068,0.97,0.18,0.16
1783988612.5682,17:23:32.568,0.97,0.12,0.19
1783988613.0683,17:23:33.068,0.97,0.09,0.21
1783988613.5685,17:23:33.568,0.97,0.08,0.21
1783988614.0685,17:23:34.068,0.97,0.08,0.21
1783988614.5684,17:23:34.568,0.98,0.08,0.20
1783988615.0688,17:23:35.068,0.98,0.08,0.20
1783988615.5689,17:23:35.568,0.98,0.16,0.12
1783988616.0683,17:23:36.068,0.98,0.18,0.10
1783988616.5686,17:23:36.568,0.97,0.20,0.11
1783988617.0684,17:23:37.068,0.97,0.23,0.10
1783988617.5685,17:23:37.568,0.96,0.26,0.09
1783988618.0684,17:23:38.068,0.96,0.27,0.10
1783988618.5691,17:23:38.569,0.95,0.28,0.10
1783988619.0683,17:23:39.068,0.96,0.27,0.12
1783988619.568,17:23:39.568,0.96,0.24,0.14
1783988620.0682,17:23:40.068,0.96,0.25,0.14
1783988620.5685,17:23:40.568,0.96,0.24,0.14
1783988621.0683,17:23:41.068,0.96,0.23,0.15
1783988621.5686,17:23:41.568,0.96,0.23,0.14
1783988622.0682,17:23:42.068,0.96,0.26,0.11
1783988622.5675,17:23:42.567,0.96,0.25,0.12
1783988623.0674,17:23:43.067,0.96,0.26,0.10
1783988623.5669,17:23:43.566,0.96,0.27,0.08
1783988624.0664,17:23:44.066,0.97,0.22,0.11
1783988624.5666,17:23:44.566,0.97,0.19,0.12
1783988625.0663,17:23:45.066,0.98,0.13,0.17
1783988625.5657,17:23:45.565,0.98,0.10,0.19
1783988626.066,17:23:46.066,0.98,0.07,0.21
1783988626.565,17:23:46.565,0.98,0.06,0.20
1783988627.0643,17:23:47.064,0.98,0.12,0.15
1783988627.5645,17:23:47.564,0.98,0.12,0.16
1783988628.0642,17:23:48.064,0.98,0.16,0.15
1783988628.5634,17:23:48.563,0.98,0.15,0.15
1783988629.0635,17:23:49.063,0.98,0.10,0.19
1783988629.5633,17:23:49.563,0.98,0.09,0.19
1783988630.0634,17:23:50.063,0.98,0.08,0.21
1783988630.5634,17:23:50.563,0.98,0.08,0.21
1783988631.0637,17:23:51.063,0.98,0.08,0.20
1783988631.5633,17:23:51.563,0.97,0.07,0.21
1783988632.063,17:23:52.063,0.98,0.08,0.20
1783988632.5632,17:23:52.563,0.97,0.05,0.22
1783988633.0629,17:23:53.062,0.97,0.05,0.23
1783988633.5631,17:23:53.563,0.97,0.05,0.23
1783988634.0633,17:23:54.063,0.97,0.12,0.20
1783988634.5626,17:23:54.562,0.97,0.18,0.17
1783988635.0628,17:23:55.062,0.97,0.21,0.14
1783988635.563,17:23:55.563,0.96,0.23,0.13
1783988636.0628,17:23:56.062,0.96,0.25,0.12
1783988636.5623,17:23:56.562,0.96,0.27,0.11
1783988637.0625,17:23:57.062,0.95,0.28,0.10
1783988637.5622,17:23:57.562,0.95,0.29,0.10
1783988638.0616,17:23:58.061,0.95,0.30,0.10
1783988638.5617,17:23:58.561,0.96,0.28,0.10
1783988639.0615,17:23:59.061,0.96,0.27,0.10
1783988639.5607,17:23:59.560,0.96,0.27,0.10
1783988640.0611,17:24:00.061,0.95,0.31,0.08
1783988640.5608,17:24:00.560,0.94,0.33,0.05
1783988641.06,17:24:01.060,0.94,0.35,0.04
1783988641.5603,17:24:01.560,0.94,0.34,0.05
1783988642.0601,17:24:02.060,0.94,0.33,0.07
1783988642.56,17:24:02.560,0.93,0.35,0.05
1783988643.0602,17:24:03.060,0.90,0.43,-0.02
1783988643.5602,17:24:03.560,0.90,0.42,-0.03
1783988644.0598,17:24:04.059,0.91,0.42,-0.02
1783988644.5596,17:24:04.559,0.93,0.36,0.03
1783988645.0603,17:24:05.060,0.94,0.32,0.06
1783988645.5599,17:24:05.559,0.96,0.28,0.09
1783988646.06,17:24:06.060,0.97,0.21,0.14
1783988646.5602,17:24:06.560,0.97,0.12,0.20
1783988647.0593,17:24:07.059,0.97,0.11,0.22
1783988647.5589,17:24:07.558,0.97,0.12,0.21
1783988648.059,17:24:08.059,0.97,0.11,0.21
1783988648.5584,17:24:08.558,0.97,0.12,0.21
1783988649.0581,17:24:09.058,0.97,0.12,0.21
1783988649.5579,17:24:09.557,0.97,0.11,0.21
1783988650.058,17:24:10.058,0.97,0.12,0.20
1783988650.5578,17:24:10.557,0.97,0.16,0.17
1783988651.0583,17:24:11.058,0.97,0.15,0.18
1783988651.5583,17:24:11.558,0.97,0.17,0.17
1783988652.0577,17:24:12.057,0.97,0.17,0.16
1783988652.5581,17:24:12.558,0.97,0.18,0.16
1783988653.0581,17:24:13.058,0.97,0.16,0.17
1783988653.5576,17:24:13.557,0.97,0.12,0.19
1783988654.0578,17:24:14.057,0.97,0.07,0.21
1783988654.5575,17:24:14.557,0.97,0.07,0.21
1783988655.0571,17:24:15.057,0.97,0.09,0.20
1783988655.557,17:24:15.557,0.97,0.11,0.19
1783988656.056,17:24:16.056,0.97,0.12,0.19
1783988656.5557,17:24:16.555,0.97,0.15,0.18
1783988657.0555,17:24:17.055,0.97,0.18,0.16
1783988657.5554,17:24:17.555,0.97,0.19,0.14
1783988658.0548,17:24:18.054,0.97,0.21,0.12
1783988658.5549,17:24:18.554,0.97,0.23,0.10
1783988659.0547,17:24:19.054,0.96,0.26,0.06
1783988659.5542,17:24:19.554,0.97,0.25,0.06
1783988660.0538,17:24:20.053,0.97,0.22,0.08
1783988660.5537,17:24:20.553,0.98,0.19,0.12
1783988661.0531,17:24:21.053,0.97,0.21,0.10
1783988661.553,17:24:21.553,0.96,0.26,0.02
1783988662.0536,17:24:22.053,0.96,0.29,0.01
1783988662.5528,17:24:22.552,0.95,0.30,0.01
1783988663.0527,17:24:23.052,0.95,0.31,0.04
1783988663.5532,17:24:23.553,0.96,0.29,0.05
1783988664.0527,17:24:24.052,0.95,0.30,0.05
1783988664.5523,17:24:24.552,0.95,0.30,0.04
1783988665.0524,17:24:25.052,0.95,0.31,0.02
1783988665.5518,17:24:25.551,0.96,0.28,0.03
1783988666.0515,17:24:26.051,0.96,0.28,0.03
1783988666.5515,17:24:26.551,0.96,0.28,0.02
1783988667.0512,17:24:27.051,0.95,0.31,0.00
1783988667.5506,17:24:27.550,0.95,0.30,0.00
1783988668.0509,17:24:28.050,0.96,0.29,0.02
1783988668.5509,17:24:28.550,0.95,0.30,0.05
1783988669.0502,17:24:29.050,0.95,0.29,0.09
1783988669.5504,17:24:29.550,0.96,0.25,0.11
1783988670.0503,17:24:30.050,0.96,0.23,0.13
1783988670.5495,17:24:30.549,0.97,0.20,0.14
1783988671.0496,17:24:31.049,0.97,0.18,0.14
1783988671.5494,17:24:31.549,0.97,0.19,0.12
1783988672.0492,17:24:32.049,0.96,0.26,0.06
1783988672.5494,17:24:32.549,0.93,0.36,-0.02
1783988673.0492,17:24:33.049,0.91,0.41,-0.07
1783988673.5489,17:24:33.548,0.91,0.41,-0.06
1783988674.0491,17:24:34.049,0.92,0.39,-0.03
1783988674.5496,17:24:34.549,0.92,0.38,-0.02
1783988675.049,17:24:35.049,0.93,0.38,-0.01
1783988675.5487,17:24:35.548,0.93,0.36,-0.01
1783988676.0491,17:24:36.049,0.92,0.40,-0.04
1783988676.5486,17:24:36.548,0.90,0.42,-0.09
1783988677.0484,17:24:37.048,0.90,0.42,-0.11
1783988677.5483,17:24:37.548,0.90,0.42,-0.11
1783988678.0479,17:24:38.047,0.94,0.34,-0.02
1783988678.5474,17:24:38.547,0.96,0.26,0.07
1783988679.0476,17:24:39.047,0.97,0.20,0.13
1783988679.5475,17:24:39.547,0.97,0.15,0.16
1783988680.0471,17:24:40.047,0.98,0.13,0.17
1783988680.5476,17:24:40.547,0.98,0.11,0.18
1783988681.0472,17:24:41.047,0.97,0.03,0.23
1783988681.5471,17:24:41.547,0.97,0.02,0.24
1783988682.0477,17:24:42.047,0.97,0.07,0.22
1783988682.5473,17:24:42.547,0.98,0.11,0.19
1783988683.0468,17:24:43.046,0.97,0.19,0.13
1783988683.5472,17:24:43.547,0.96,0.28,0.04
1783988684.0467,17:24:44.046,0.95,0.31,0.01
1783988684.5463,17:24:44.546,0.96,0.29,0.03
1783988685.0466,17:24:45.046,0.97,0.24,0.08
1783988685.5466,17:24:45.546,0.97,0.23,0.08
1783988686.0461,17:24:46.046,0.97,0.20,0.10
1783988686.5465,17:24:46.546,0.98,0.20,0.10
1783988687.0462,17:24:47.046,0.98,0.12,0.14
1783988687.5458,17:24:47.545,0.98,0.02,0.22
1783988688.0461,17:24:48.046,0.97,-0.01,0.25
1783988688.5457,17:24:48.545,0.97,0.00,0.25
1783988689.0452,17:24:49.045,0.97,0.05,0.24
1783988689.5454,17:24:49.545,0.98,0.08,0.21
1783988690.0455,17:24:50.045,0.98,0.16,0.15
1783988690.5453,17:24:50.545,0.97,0.22,0.13
1783988691.0455,17:24:51.045,0.97,0.23,0.12
1783988691.5454,17:24:51.545,0.96,0.25,0.12
1783988692.0449,17:24:52.044,0.96,0.27,0.10
1783988692.5452,17:24:52.545,0.95,0.29,0.07
1783988693.0454,17:24:53.045,0.94,0.33,0.04
1783988693.5451,17:24:53.545,0.92,0.38,-0.03
1783988694.0448,17:24:54.044,0.91,0.40,-0.07
1783988694.5453,17:24:54.545,0.91,0.40,-0.07
1783988695.0453,17:24:55.045,0.92,0.39,-0.08
1783988695.5452,17:24:55.545,0.92,0.39,-0.08
1783988696.0454,17:24:56.045,0.94,0.35,-0.04
1783988696.5451,17:24:56.545,0.95,0.33,0.00
1783988697.0449,17:24:57.044,0.95,0.30,0.05
1783988697.5452,17:24:57.545,0.95,0.30,0.06
1783988698.0448,17:24:58.044,0.94,0.34,0.01
1783988698.5441,17:24:58.544,0.95,0.32,0.02
1783988699.0445,17:24:59.044,0.95,0.32,0.03
1783988699.544,17:24:59.544,0.94,0.33,0.05
1783988700.0436,17:25:00.043,0.93,0.37,0.01
1783988700.5439,17:25:00.543,0.93,0.36,0.01
1783988701.0435,17:25:01.043,0.94,0.35,0.01
1783988701.5423,17:25:01.542,0.96,0.28,0.07
1783988702.0424,17:25:02.042,0.97,0.25,0.08
1783988702.5419,17:25:02.541,0.98,0.19,0.10
1783988703.0412,17:25:03.041,0.98,0.19,0.11
1783988703.5414,17:25:03.541,0.97,0.19,0.11
1783988704.0417,17:25:04.041,0.98,0.18,0.12
1783988704.5413,17:25:04.541,0.98,0.15,0.15
1783988705.0414,17:25:05.041,0.98,0.13,0.17
1783988705.5412,17:25:05.541,0.98,0.13,0.17
1783988706.0407,17:25:06.040,0.97,0.15,0.18
1783988706.5411,17:25:06.541,0.97,0.18,0.15
1783988707.0416,17:25:07.041,0.97,0.21,0.12
1783988707.5414,17:25:07.541,0.97,0.21,0.10
1783988708.0415,17:25:08.041,0.98,0.13,0.15
1783988708.5413,17:25:08.541,0.98,0.09,0.19
1783988709.0404,17:25:09.040,0.96,0.27,0.03
1783988709.5398,17:25:09.539,0,0,0
1783988710.0394,17:25:10.039,0.92,0.39,-0.05
1783988710.539,17:25:10.539,0.80,0.56,-0.23
1783988711.0386,17:25:11.038,0.80,0.54,-0.25
1783988711.5391,17:25:11.539,0.75,0.59,-0.32
1783988712.0389,17:25:12.038,0.65,0.65,-0.39
1783988712.5382,17:25:12.538,0.59,0.69,-0.42
1783988713.0382,17:25:13.038,0.60,0.68,-0.41
1783988713.5377,17:25:13.537,0.64,0.67,-0.38
1783988714.0373,17:25:14.037,0.87,0.47,-0.17
1783988714.5374,17:25:14.537,0.87,0.46,-0.16
1783988715.0376,17:25:15.037,0.87,0.47,-0.15
1783988715.5371,17:25:15.537,0.89,0.44,-0.11
1783988716.0377,17:25:16.037,0.93,0.36,-0.03
1783988716.5376,17:25:16.537,0.94,0.34,-0.01
1783988717.0368,17:25:17.036,0.93,0.37,-0.04
1783988717.5365,17:25:17.536,0.92,0.38,-0.05
1783988718.0361,17:25:18.036,0.92,0.38,-0.06
1783988718.5354,17:25:18.535,0.93,0.37,-0.07
1783988719.0354,17:25:19.035,0.93,0.37,-0.07
1783988719.5357,17:25:19.535,0.91,0.40,-0.11
1783988720.0353,17:25:20.035,0.89,0.43,-0.16
1783988720.5351,17:25:20.535,0.90,0.42,-0.14
1783988721.035,17:25:21.035,0.91,0.41,-0.12
1783988721.5346,17:25:21.534,0.94,0.33,-0.05
1783988722.0347,17:25:22.034,0.95,0.30,-0.03
1783988722.5351,17:25:22.535,0.95,0.30,-0.04
1783988723.0348,17:25:23.034,0.96,0.28,-0.03
1783988723.535,17:25:23.535,0.76,0.58,-0.29
1783988724.0349,17:25:24.034,0.76,0.58,-0.29
1783988724.5343,17:25:24.534,0,0,0
1783988725.0342,17:25:25.034,0.73,0.61,-0.29
1783988725.5344,17:25:25.534,0.71,0.64,-0.31
1783988726.0339,17:25:26.033,0.71,0.63,-0.31
1783988726.5337,17:25:26.533,0.71,0.63,-0.32
1783988727.0338,17:25:27.033,0.77,0.58,-0.27
1783988727.5336,17:25:27.533,0.75,0.60,-0.29
1783988728.0329,17:25:28.032,0.70,0.63,-0.35
1783988728.5329,17:25:28.532,0.67,0.65,-0.37
1783988729.0324,17:25:29.032,0.94,0.33,-0.07
1783988729.532,17:25:29.532,0.95,0.30,-0.04
1783988730.032,17:25:30.032,0.97,0.23,0.03
1783988730.5317,17:25:30.531,0.97,0.23,0.04
1783988731.0313,17:25:31.031,0.97,0.23,0.05
1783988731.5314,17:25:31.531,0.97,0.25,0.04
1783988732.0314,17:25:32.031,0.97,0.25,0.02
1783988732.5307,17:25:32.530,0.97,0.25,0.03
1783988733.0311,17:25:33.031,0.97,0.26,0.03
1783988733.5309,17:25:33.530,0.96,0.28,0.01
1783988734.0303,17:25:34.030,0.96,0.28,0.03
1783988734.5304,17:25:34.530,0.97,0.24,0.07
1783988735.0304,17:25:35.030,0.98,0.13,0.16
1783988735.5303,17:25:35.530,0.98,0.13,0.15
1783988736.0302,17:25:36.030,0,0,0
1783988736.5303,17:25:36.530,0.87,0.47,-0.13
1783988737.0295,17:25:37.029,0.87,0.47,-0.14
1783988737.5294,17:25:37.529,0.80,0.55,-0.24
1783988738.0294,17:25:38.029,0.69,0.63,-0.34
1783988738.5287,17:25:38.528,0.68,0.64,-0.36
1783988739.0285,17:25:39.028,0.67,0.64,-0.38
1783988739.529,17:25:39.529,0.97,0.25,0.01
1783988740.0283,17:25:40.028,0.98,0.17,0.09
1783988740.5279,17:25:40.527,0.98,0.05,0.20
1783988741.0284,17:25:41.028,0.97,0.00,0.22
1783988741.5282,17:25:41.528,0.98,0.01,0.21
1783988742.0281,17:25:42.028,0.98,0.06,0.17
1783988742.5281,17:25:42.528,0.98,0.14,0.12
1783988743.0276,17:25:43.027,0.98,0.15,0.13
1783988743.527,17:25:43.527,0.98,0.17,0.12
1783988744.0269,17:25:44.026,0.98,0.19,0.11
1783988744.5265,17:25:44.526,0.96,0.27,0.04
1783988745.0264,17:25:45.026,0.94,0.35,-0.03
1783988745.5266,17:25:45.526,0.93,0.35,-0.02
1783988746.0267,17:25:46.026,0.94,0.33,0.00
1783988746.5261,17:25:46.526,0.94,0.33,0.01
1783988747.0262,17:25:47.026,0.94,0.34,0.01
1783988747.526,17:25:47.526,0.94,0.33,0.01
1783988748.0253,17:25:48.025,0.95,0.32,0.00
1783988748.5253,17:25:48.525,0.96,0.29,0.01
1783988749.0256,17:25:49.025,0.96,0.29,0.02
1783988749.5248,17:25:49.524,0.96,0.28,0.02
1783988750.0248,17:25:50.024,0.96,0.28,0.03
1783988750.5247,17:25:50.524,0.97,0.26,0.04
1783988751.0241,17:25:51.024,0.98,0.20,0.09
1783988751.5242,17:25:51.524,0.97,0.19,0.12
1783988752.0244,17:25:52.024,0.97,0.20,0.13
1783988752.5237,17:25:52.523,0.98,0.14,0.16
1783988753.0239,17:25:53.023,0.98,0.09,0.18
1783988753.524,17:25:53.524,0.98,0.07,0.19
1783988754.0236,17:25:54.023,0.98,0.05,0.19
1783988754.5235,17:25:54.523,0.98,0.22,0.01
1783988755.0235,17:25:55.023,0.98,0.21,0.01
1783988755.523,17:25:55.523,0.98,0.20,0.02
1783988756.023,17:25:56.023,0.89,0.42,-0.18
1783988756.5237,17:25:56.523,0.75,0.57,-0.34
1783988757.0229,17:25:57.022,0.69,0.62,-0.38
1783988757.5226,17:25:57.522,0.69,0.62,-0.37
1783988758.0234,17:25:58.023,0.95,0.30,-0.04
1783988758.5233,17:25:58.523,0.97,0.25,0.01
1783988759.0231,17:25:59.023,0.98,0.16,0.08
1783988759.5231,17:25:59.523,0.99,0.10,0.14
1783988760.023,17:26:00.023,0.98,0.10,0.15
1783988760.5222,17:26:00.522,0.98,0.08,0.17
