Timestamp,Local time,Pleasure,Arousal,Dominance
1784747397.759,12:09:57.759,0.97,0.18,0.18
1784747398.259,12:09:58.259,0.97,0.17,0.18
1784747398.7587,12:09:58.758,0.97,0.16,0.19
1784747399.2585,12:09:59.258,0.97,0.14,0.19
1784747399.7583,12:09:59.758,0.97,0.13,0.19
1784747400.2582,12:10:00.258,0.97,0.12,0.21
1784747400.758,12:10:00.758,0.97,0.13,0.22
1784747401.258,12:10:01.258,0.97,0.15,0.21
1784747401.7577,12:10:01.757,0.96,0.18,0.20
1784747402.2577,12:10:02.257,0.97,0.19,0.18
1784747402.7579,12:10:02.757,0.96,0.23,0.16
1784747403.2576,12:10:03.257,0.96,0.24,0.14
1784747403.7579,12:10:03.757,0.96,0.22,0.15
1784747404.2583,12:10:04.258,0.97,0.19,0.15
1784747404.7576,12:10:04.757,0.97,0.15,0.18
1784747405.2568,12:10:05.256,0.97,0.12,0.19
1784747405.757,12:10:05.757,0.97,0.13,0.20
1784747406.2571,12:10:06.257,0.97,0.12,0.20
1784747406.7567,12:10:06.756,0.97,0.11,0.20
1784747407.2571,12:10:07.257,0.97,0.10,0.22
1784747407.7568,12:10:07.756,0.96,0.12,0.24
1784747408.256,12:10:08.256,0.97,0.12,0.22
1784747408.7562,12:10:08.756,0.97,0.13,0.22
1784747409.2565,12:10:09.256,0.97,0.14,0.19
1784747409.7563,12:10:09.756,0.97,0.14,0.18
1784747410.2561,12:10:10.256,0.98,0.13,0.15
1784747410.7561,12:10:10.756,0.98,0.13,0.14
1784747411.2556,12:10:11.255,0.98,0.14,0.13
1784747411.7552,12:10:11.755,0.98,0.16,0.14
1784747412.255,12:10:12.255,0.97,0.20,0.12
1784747412.7549,12:10:12.754,0.96,0.27,0.09
1784747413.2551,12:10:13.255,0.95,0.29,0.07
1784747413.7549,12:10:13.754,0.95,0.31,0.03
1784747414.2544,12:10:14.254,0.95,0.31,0.02
1784747414.7544,12:10:14.754,0.95,0.32,0.01
1784747415.2548,12:10:15.254,0.95,0.31,0.01
1784747415.7547,12:10:15.754,0.96,0.27,0.05
1784747416.2543,12:10:16.254,0.96,0.26,0.11
1784747416.7543,12:10:16.754,0.95,0.24,0.18
1784747417.2538,12:10:17.253,0.95,0.24,0.19
1784747417.7538,12:10:17.753,0.95,0.22,0.21
1784747418.2542,12:10:18.254,0.95,0.20,0.22
1784747418.7538,12:10:18.753,0.95,0.24,0.19
1784747419.2536,12:10:19.253,0.95,0.24,0.19
1784747419.7532,12:10:19.753,0.96,0.24,0.17
1784747420.2531,12:10:20.253,0.96,0.20,0.17
1784747420.7529,12:10:20.752,0.97,0.18,0.18
1784747421.2533,12:10:21.253,0.97,0.16,0.18
1784747421.7536,12:10:21.753,0.97,0.12,0.21
1784747422.253,12:10:22.253,0.97,0.10,0.21
1784747422.7532,12:10:22.753,0.97,0.09,0.22
1784747423.2529,12:10:23.252,0.98,0.13,0.16
1784747423.7523,12:10:23.752,0.98,0.17,0.14
1784747424.2523,12:10:24.252,0.98,0.18,0.13
1784747424.7517,12:10:24.751,0.97,0.20,0.10
1784747425.2511,12:10:25.251,0.99,0.15,0.06
1784747425.7513,12:10:25.751,0.99,0.16,0.04
1784747426.2516,12:10:26.251,0.98,0.17,0.03
1784747426.751,12:10:26.751,0.98,0.21,0.06
1784747427.2508,12:10:27.250,0.98,0.20,0.08
1784747427.7509,12:10:27.750,0.96,0.26,0.08
1784747428.2501,12:10:28.250,0.96,0.25,0.11
1784747428.7499,12:10:28.749,0.96,0.25,0.12
1784747429.2504,12:10:29.250,0.96,0.24,0.15
1784747429.7502,12:10:29.750,0.96,0.23,0.17
1784747430.2502,12:10:30.250,0.96,0.23,0.17
1784747430.7503,12:10:30.750,0.96,0.25,0.14
1784747431.2499,12:10:31.249,0.96,0.25,0.12
1784747431.7497,12:10:31.749,0.96,0.27,0.11
1784747432.2502,12:10:32.250,0.96,0.26,0.11
1784747432.7498,12:10:32.749,0.96,0.28,0.10
1784747433.2494,12:10:33.249,0.95,0.31,0.08
1784747433.7495,12:10:33.749,0.94,0.32,0.07
1784747434.2488,12:10:34.248,0.94,0.32,0.07
1784747434.7484,12:10:34.748,0.94,0.32,0.09
1784747435.2487,12:10:35.248,0.96,0.25,0.14
1784747435.7481,12:10:35.748,0.96,0.25,0.12
1784747436.2477,12:10:36.247,0.97,0.24,0.07
1784747436.748,12:10:36.748,0.97,0.23,0.04
1784747437.2478,12:10:37.247,0.97,0.22,0.02
1784747437.747,12:10:37.747,0.97,0.23,0.01
1784747438.2477,12:10:38.247,0.97,0.25,0.03
1784747438.7477,12:10:38.747,0.97,0.25,0.03
1784747439.2471,12:10:39.247,0.97,0.22,0.04
1784747439.747,12:10:39.747,0.98,0.17,0.07
1784747440.2467,12:10:40.246,0.98,0.16,0.09
1784747440.7459,12:10:40.745,0.98,0.16,0.10
1784747441.2462,12:10:41.246,0.98,0.13,0.13
1784747441.746,12:10:41.746,0.98,0.11,0.15
1784747442.2458,12:10:42.245,0.98,0.11,0.16
1784747442.7457,12:10:42.745,0.98,0.09,0.18
1784747443.2457,12:10:43.245,0.97,0.08,0.22
1784747443.7449,12:10:43.744,0.97,0.07,0.23
1784747444.2445,12:10:44.244,0.97,0.06,0.25
1784747444.7447,12:10:44.744,0.96,0.05,0.26
1784747445.2445,12:10:45.244,0.97,0.05,0.25
1784747445.7442,12:10:45.744,0.96,0.04,0.26
1784747446.2444,12:10:46.244,0.97,0.02,0.26
1784747446.7436,12:10:46.743,0.97,0.03,0.25
1784747447.2429,12:10:47.242,0.98,0.02,0.22
1784747447.7431,12:10:47.743,0.98,0.02,0.19
1784747448.2432,12:10:48.243,0.98,0.03,0.18
1784747448.7427,12:10:48.742,0.98,0.04,0.20
1784747449.2427,12:10:49.242,0.98,0.05,0.20
1784747449.7428,12:10:49.742,0.98,0.07,0.19
1784747450.2425,12:10:50.242,0.98,0.08,0.18
1784747450.7429,12:10:50.742,0.98,0.08,0.16
1784747451.2423,12:10:51.242,0.98,0.08,0.18
1784747451.7421,12:10:51.742,0.98,0.10,0.17
1784747452.2422,12:10:52.242,0.98,0.15,0.13
1784747452.742,12:10:52.742,0.98,0.17,0.11
1784747453.2418,12:10:53.241,0.98,0.12,0.15
1784747453.7423,12:10:53.742,0.98,0.11,0.18
1784747454.2422,12:10:54.242,0.98,0.09,0.19
1784747454.7416,12:10:54.741,0.98,0.09,0.20
1784747455.2415,12:10:55.241,0.97,0.09,0.20
1784747455.7415,12:10:55.741,0.97,0.12,0.19
1784747456.2407,12:10:56.240,0.98,0.13,0.18
1784747456.7406,12:10:56.740,0.97,0.08,0.22
1784747457.241,12:10:57.241,0.97,0.09,0.23
1784747457.741,12:10:57.741,0.97,0.09,0.25
1784747458.2407,12:10:58.240,0.96,0.05,0.26
1784747458.7405,12:10:58.740,0.96,0.00,0.29
1784747459.2403,12:10:59.240,0.96,-0.01,0.27
1784747459.7398,12:10:59.739,0.97,0.01,0.25
1784747460.2402,12:11:00.240,0.98,0.06,0.21
1784747460.7396,12:11:00.739,0.98,0.12,0.15
1784747461.2399,12:11:01.239,0.99,0.13,0.11
1784747461.7401,12:11:01.740,0.99,0.14,0.06
1784747462.2397,12:11:02.239,0.98,0.19,0.02
1784747462.7396,12:11:02.739,0.97,0.25,-0.03
1784747463.2396,12:11:03.239,0.96,0.28,-0.04
1784747463.7388,12:11:03.738,0.95,0.30,-0.04
1784747464.2383,12:11:04.238,0.95,0.30,-0.04
1784747464.7389,12:11:04.738,0.96,0.29,-0.02
1784747465.2389,12:11:05.238,0.96,0.28,-0.01
1784747465.7389,12:11:05.738,0.97,0.25,0.02
1784747466.2388,12:11:06.238,0.97,0.23,0.02
1784747466.7386,12:11:06.738,0.98,0.21,0.04
1784747467.2381,12:11:07.238,0.98,0.21,0.06
1784747467.7383,12:11:07.738,0.98,0.21,0.06
1784747468.2381,12:11:08.238,0.97,0.25,0.04
1784747468.7376,12:11:08.737,0.97,0.24,0.05
1784747469.2378,12:11:09.237,0.97,0.24,0.06
1784747469.7378,12:11:09.737,0.97,0.23,0.08
1784747470.2371,12:11:10.237,0.97,0.20,0.12
1784747470.7373,12:11:10.737,0.97,0.18,0.13
1784747471.2375,12:11:11.237,0.98,0.16,0.15
1784747471.7372,12:11:11.737,0.98,0.14,0.12
1784747472.2372,12:11:12.237,0.98,0.14,0.13
1784747472.737,12:11:12.737,0.98,0.13,0.14
1784747473.2361,12:11:13.236,0.98,0.13,0.14
1784747473.7357,12:11:13.735,0.99,0.10,0.13
1784747474.2357,12:11:14.235,0.99,0.10,0.11
1784747474.7356,12:11:14.735,0.99,0.09,0.12
1784747475.2352,12:11:15.235,0.98,0.10,0.15
1784747475.7352,12:11:15.735,0.98,0.12,0.15
1784747476.2351,12:11:16.235,0.98,0.17,0.12
1784747476.7347,12:11:16.734,0.98,0.17,0.11
1784747477.2351,12:11:17.235,0.98,0.16,0.11
1784747477.7348,12:11:17.734,0.98,0.14,0.14
1784747478.2344,12:11:18.234,0.97,0.10,0.21
1784747478.7346,12:11:18.734,0.97,0.10,0.22
1784747479.2339,12:11:19.233,0.97,0.08,0.24
1784747479.7337,12:11:19.733,0.97,0.10,0.21
1784747480.2341,12:11:20.234,0.97,0.10,0.21
1784747480.7334,12:11:20.733,0.98,0.09,0.19
1784747481.2334,12:11:21.233,0.98,0.07,0.20
1784747481.7336,12:11:21.733,0.98,0.06,0.20
1784747482.2333,12:11:22.233,0.97,0.09,0.20
1784747482.7329,12:11:22.732,0.98,0.10,0.20
1784747483.2333,12:11:23.233,0.97,0.12,0.19
1784747483.733,12:11:23.733,0.98,0.13,0.17
1784747484.2326,12:11:24.232,0.98,0.13,0.17
1784747484.7326,12:11:24.732,0.98,0.13,0.16
1784747485.2327,12:11:25.232,0.98,0.09,0.16
1784747485.7325,12:11:25.732,0.98,0.10,0.15
1784747486.2327,12:11:26.232,0.99,0.11,0.12
1784747486.7323,12:11:26.732,0.99,0.14,0.04
1784747487.2319,12:11:27.231,0.99,0.14,0.04
1784747487.7317,12:11:27.731,0.98,0.15,0.10
1784747488.2316,12:11:28.231,0.98,0.15,0.15
1784747488.7312,12:11:28.731,0.97,0.18,0.14
1784747489.2312,12:11:29.231,0.97,0.19,0.14
1784747489.7309,12:11:29.730,0.97,0.18,0.15
1784747490.2304,12:11:30.230,0.97,0.19,0.14
1784747490.7304,12:11:30.730,0.97,0.19,0.13
1784747491.2308,12:11:31.230,0.97,0.20,0.13
1784747491.73,12:11:31.730,0.97,0.20,0.13
1784747492.2298,12:11:32.229,0.97,0.18,0.16
1784747492.7305,12:11:32.730,0.97,0.14,0.20
1784747493.2307,12:11:33.230,0.97,0.06,0.24
1784747493.7309,12:11:33.730,0.97,0.04,0.24
1784747494.2304,12:11:34.230,0.97,0.05,0.23
1784747494.7299,12:11:34.729,0.97,0.09,0.22
1784747495.2297,12:11:35.229,0.97,0.08,0.23
1784747495.7295,12:11:35.729,0.97,0.09,0.23
1784747496.2294,12:11:36.229,0.97,0.10,0.22
1784747496.7296,12:11:36.729,0.97,0.13,0.20
1784747497.2298,12:11:37.229,0.97,0.14,0.18
1784747497.7293,12:11:37.729,0.97,0.15,0.17
1784747498.2289,12:11:38.228,0.98,0.13,0.17
1784747498.7289,12:11:38.728,0.98,0.12,0.16
1784747499.2288,12:11:39.228,0.98,0.09,0.17
1784747499.7286,12:11:39.728,0.98,0.06,0.19
1784747500.2289,12:11:40.228,0.98,0.06,0.20
1784747500.7282,12:11:40.728,0.98,0.04,0.21
1784747501.2278,12:11:41.227,0.97,-0.01,0.24
1784747501.7277,12:11:41.727,0.97,0.00,0.22
1784747502.2273,12:11:42.227,0.97,0.02,0.22
1784747502.7265,12:11:42.726,0.98,0.05,0.20
1784747503.2266,12:11:43.226,0.99,0.08,0.15
1784747503.7262,12:11:43.726,1.00,0.07,0.07
1784747504.226,12:11:44.226,1.00,0.07,0.07
1784747504.7262,12:11:44.726,0.99,0.09,0.04
1784747505.2257,12:11:45.225,0.99,0.13,-0.02
1784747505.725,12:11:45.725,0.99,0.13,-0.04
1784747506.2246,12:11:46.224,0.99,0.15,-0.06
1784747506.7245,12:11:46.724,0.98,0.19,-0.07
1784747507.2239,12:11:47.223,0.97,0.21,-0.07
1784747507.7243,12:11:47.724,0.97,0.23,-0.03
1784747508.2248,12:11:48.224,0.97,0.23,-0.02
1784747508.7244,12:11:48.724,0.98,0.22,-0.01
1784747509.2242,12:11:49.224,0.98,0.21,-0.03
1784747509.7241,12:11:49.724,0.98,0.21,-0.04
1784747510.2243,12:11:50.224,0.97,0.22,-0.04
1784747510.7239,12:11:50.723,0.97,0.22,-0.07
1784747511.2246,12:11:51.224,0.98,0.20,-0.04
1784747511.7244,12:11:51.724,0.98,0.19,-0.02
1784747512.2242,12:11:52.224,0.98,0.17,0.04
1784747512.7245,12:11:52.724,0.98,0.17,0.05
1784747513.2239,12:11:53.223,0.99,0.14,0.04
1784747513.7237,12:11:53.723,0.99,0.12,0.05
1784747514.2238,12:11:54.223,0.99,0.09,0.06
1784747514.7234,12:11:54.723,1.00,0.08,0.05
1784747515.2224,12:11:55.222,1.00,0.07,0.04
1784747515.7227,12:11:55.722,1.00,0.08,0.04
1784747516.2225,12:11:56.222,1.00,0.08,0.04
1784747516.7215,12:11:56.721,1.00,0.08,0.05
1784747517.2212,12:11:57.221,0.99,0.10,0.06
1784747517.7214,12:11:57.721,0.99,0.14,0.08
1784747518.221,12:11:58.221,0.98,0.15,0.14
1784747518.7215,12:11:58.721,0.98,0.14,0.17
1784747519.2215,12:11:59.221,0.97,0.13,0.18
1784747519.7215,12:11:59.721,0.97,0.13,0.20
1784747520.2215,12:12:00.221,0.97,0.11,0.20
1784747520.7221,12:12:00.722,0.97,0.11,0.20
1784747521.2217,12:12:01.221,0.98,0.11,0.16
1784747521.722,12:12:01.722,0.98,0.13,0.15
1784747522.2219,12:12:02.221,0.98,0.14,0.14
1784747522.7209,12:12:02.720,0.98,0.13,0.16
1784747523.2207,12:12:03.220,0.98,0.12,0.16
1784747523.7213,12:12:03.721,0.98,0.12,0.17
1784747524.2211,12:12:04.221,0.98,0.12,0.16
1784747524.7206,12:12:04.720,0.98,0.14,0.17
1784747525.2208,12:12:05.220,0.98,0.15,0.16
1784747525.7204,12:12:05.720,0.98,0.14,0.15
1784747526.2203,12:12:06.220,0.98,0.12,0.15
1784747526.7207,12:12:06.720,0.98,0.13,0.17
1784747527.2197,12:12:07.219,0.97,0.14,0.19
1784747527.72,12:12:07.720,0.97,0.16,0.17
1784747528.2198,12:12:08.219,0.97,0.17,0.17
1784747528.719,12:12:08.719,0.97,0.16,0.17
1784747529.2191,12:12:09.219,0.97,0.14,0.18
1784747529.7192,12:12:09.719,0.97,0.11,0.20
1784747530.2183,12:12:10.218,0.97,0.07,0.23
1784747530.7176,12:12:10.717,0.97,0.07,0.23
1784747531.2178,12:12:11.217,0.97,0.07,0.23
1784747531.7178,12:12:11.717,0.97,0.04,0.23
1784747532.2173,12:12:12.217,0.97,0.02,0.24
1784747532.7173,12:12:12.717,0.97,0.02,0.24
1784747533.2171,12:12:13.217,0.97,0.04,0.23
1784747533.717,12:12:13.717,0.98,0.09,0.20
1784747534.217,12:12:14.217,0.98,0.10,0.17
1784747534.717,12:12:14.717,0.98,0.12,0.15
1784747535.2169,12:12:15.216,0.98,0.13,0.14
1784747535.7163,12:12:15.716,0.98,0.10,0.16
1784747536.2165,12:12:16.216,0.98,0.01,0.22
1784747536.7164,12:12:16.716,0.97,0.01,0.23
1784747537.216,12:12:17.216,0.97,0.01,0.23
1784747537.7162,12:12:17.716,0.97,0.03,0.23
1784747538.216,12:12:18.216,0.97,0.04,0.24
1784747538.716,12:12:18.716,0.97,0.02,0.24
1784747539.2161,12:12:19.216,0.97,0.03,0.23
1784747539.715,12:12:19.715,0.97,0.04,0.22
1784747540.2146,12:12:20.214,0.97,0.05,0.24
1784747540.7152,12:12:20.715,0.97,0.06,0.23
1784747541.2145,12:12:21.214,0.97,0.09,0.21
1784747541.7145,12:12:21.714,0.98,0.09,0.20
1784747542.2149,12:12:22.214,0.98,0.08,0.21
1784747542.714799,12:12:22.714,0.97,0.08,0.21
1784747543.2142,12:12:23.214,0.97,0.07,0.21
1784747543.7144,12:12:23.714,0.98,0.05,0.20
1784747544.2141,12:12:24.214,0.98,0.07,0.20
1784747544.7133,12:12:24.713,0.98,0.09,0.18
1784747545.2136,12:12:25.213,0.98,0.12,0.16
1784747545.7133,12:12:25.713,0.98,0.16,0.15
1784747546.2131,12:12:26.213,0.98,0.13,0.13
1784747546.7129,12:12:26.712,0.98,0.12,0.14
1784747547.2126,12:12:27.212,0.98,0.10,0.17
1784747547.7122,12:12:27.712,0.97,0.07,0.22
1784747548.2122,12:12:28.212,0.97,0.06,0.23
1784747548.7117,12:12:28.711,0.98,0.06,0.21
1784747549.2117,12:12:29.211,0.98,0.08,0.19
1784747549.7119,12:12:29.711,0.98,0.08,0.17
1784747550.2122,12:12:30.212,0.98,0.09,0.16
1784747550.7118,12:12:30.711,0.98,0.10,0.18
1784747551.2122,12:12:31.212,0.98,0.09,0.18
1784747551.7123,12:12:31.712,0.98,0.09,0.18
1784747552.2117,12:12:32.211,0.98,0.09,0.17
1784747552.7115,12:12:32.711,0.98,0.09,0.18
1784747553.2121,12:12:33.212,0.98,0.09,0.17
1784747553.7111,12:12:33.711,0.98,0.09,0.17
1784747554.2109,12:12:34.210,0.98,0.10,0.15
1784747554.7111,12:12:34.711,0.98,0.13,0.13
1784747555.2104,12:12:35.210,0.98,0.16,0.09
1784747555.71,12:12:35.710,0.98,0.18,0.06
1784747556.2102,12:12:36.210,0.98,0.22,0.03
1784747556.7099,12:12:36.709,0.97,0.24,0.01
1784747557.2099,12:12:37.209,0.97,0.25,-0.02
1784747557.7101,12:12:37.710,0.97,0.23,0.00
1784747558.2098,12:12:38.209,0.98,0.22,0.01
1784747558.7096,12:12:38.709,0.98,0.21,0.01
1784747559.2094,12:12:39.209,0.98,0.18,0.04
1784747559.7086,12:12:39.708,0.99,0.12,0.08
1784747560.2078,12:12:40.207,0.99,0.13,0.08
1784747560.7083,12:12:40.708,0.99,0.13,0.04
1784747561.2076,12:12:41.207,0.99,0.17,0.01
1784747561.7072,12:12:41.707,0.97,0.22,0.01
1784747562.2074,12:12:42.207,0.96,0.27,-0.03
1784747562.7068,12:12:42.706,0.97,0.25,-0.01
1784747563.2064,12:12:43.206,0.97,0.24,0.02
1784747563.7064,12:12:43.706,0.97,0.21,0.10
1784747564.2073,12:12:44.207,0.98,0.16,0.14
1784747564.7069,12:12:44.706,0.98,0.13,0.15
1784747565.2065,12:12:45.206,0.98,0.12,0.14
1784747565.7062,12:12:45.706,0.99,0.11,0.11
1784747566.2054,12:12:46.205,0.99,0.09,0.08
1784747566.7052,12:12:46.705,0.99,0.09,0.06
1784747567.2055,12:12:47.205,0.99,0.12,0.02
1784747567.7049,12:12:47.704,0.99,0.12,-0.01
1784747568.2051,12:12:48.205,0.99,0.13,-0.03
1784747568.7055,12:12:48.705,0.99,0.13,-0.03
1784747569.2049,12:12:49.204,0.98,0.19,-0.10
1784747569.7049,12:12:49.704,0.98,0.19,-0.10
1784747570.205,12:12:50.205,0.97,0.21,-0.12
1784747570.7044,12:12:50.704,0.97,0.20,-0.13
1784747571.2042,12:12:51.204,0.96,0.24,-0.15
1784747571.7047,12:12:51.704,0.96,0.24,-0.15
1784747572.2045,12:12:52.204,0.94,0.29,-0.19
1784747572.7039,12:12:52.703,0.93,0.29,-0.23
1784747573.2042,12:12:53.204,0.92,0.30,-0.25
1784747573.7039,12:12:53.703,0.90,0.33,-0.27
1784747574.2033,12:12:54.203,0.90,0.36,-0.26
1784747574.7037,12:12:54.703,0.91,0.37,-0.20
1784747575.2039,12:12:55.203,0.94,0.33,-0.11
1784747575.7035,12:12:55.703,0.94,0.34,-0.09
1784747576.2038,12:12:56.203,0.94,0.34,-0.08
1784747576.7034,12:12:56.703,0.93,0.36,-0.08
1784747577.2034,12:12:57.203,0.93,0.36,-0.05
1784747577.7035,12:12:57.703,0.91,0.41,-0.04
1784747578.2029,12:12:58.202,0.91,0.41,-0.03
1784747578.7021,12:12:58.702,0.91,0.41,-0.06
1784747579.2026,12:12:59.202,0.91,0.41,-0.10
1784747579.7024,12:12:59.702,0.90,0.41,-0.13
1784747580.202,12:13:00.202,0.90,0.41,-0.13
1784747580.7019,12:13:00.701,0.91,0.41,-0.12
1784747581.2016,12:13:01.201,0.91,0.39,-0.10
1784747581.701,12:13:01.701,0.92,0.37,-0.08
1784747582.2009,12:13:02.200,0.95,0.31,0.00
1784747582.7011,12:13:02.701,0.95,0.31,0.01
1784747583.2007,12:13:03.200,0.95,0.31,0.01
1784747583.7012,12:13:03.701,0.95,0.30,0.02
1784747584.201,12:13:04.201,0.96,0.27,0.04
1784747584.7008,12:13:04.700,0.97,0.25,0.05
1784747585.2004,12:13:05.200,0.97,0.22,0.08
1784747585.7006,12:13:05.700,0.98,0.18,0.10
1784747586.2002,12:13:06.200,0.98,0.14,0.11
1784747586.7003,12:13:06.700,0.99,0.12,0.10
1784747587.2003,12:13:07.200,0.99,0.11,0.10
1784747587.6999,12:13:07.699,0.98,0.13,0.13
1784747588.1996,12:13:08.199,0.98,0.15,0.11
1784747588.6998,12:13:08.699,0.98,0.15,0.09
1784747589.1992,12:13:09.199,0.99,0.13,0.07
1784747589.6989,12:13:09.698,0.99,0.11,0.08
1784747590.1986,12:13:10.198,0.99,0.08,0.07
1784747590.698,12:13:10.698,1.00,0.08,0.02
1784747591.1979,12:13:11.197,0.99,0.14,-0.04
1784747591.6979,12:13:11.697,0.98,0.16,-0.07
1784747592.1983,12:13:12.198,0.97,0.21,-0.11
1784747592.6977,12:13:12.697,0.97,0.23,-0.11
1784747593.1979,12:13:13.197,0.97,0.22,-0.10
1784747593.6981,12:13:13.698,0.97,0.22,-0.10
1784747594.1974,12:13:14.197,0.96,0.25,-0.11
1784747594.6972,12:13:14.697,0.94,0.31,-0.11
1784747595.1975,12:13:15.197,0.93,0.35,-0.12
1784747595.6967,12:13:15.696,0.93,0.35,-0.11
1784747596.1968,12:13:16.196,0.94,0.33,-0.10
1784747596.6974,12:13:16.697,0.94,0.32,-0.10
1784747597.1969,12:13:17.196,0.95,0.30,-0.09
1784747597.6973,12:13:17.697,0.96,0.29,-0.05
1784747598.1971,12:13:18.197,0.98,0.20,0.08
1784747598.6963,12:13:18.696,0.97,0.21,0.15
1784747599.1964,12:13:19.196,0.96,0.23,0.18
1784747599.696,12:13:19.696,0.95,0.30,0.13
1784747600.1952,12:13:20.195,0.93,0.35,0.08
1784747600.6955,12:13:20.695,0.92,0.39,0.03
1784747601.1953,12:13:21.195,0.92,0.38,0.02
1784747601.6951,12:13:21.695,0.92,0.38,0.01
1784747602.195,12:13:22.195,0.93,0.36,0.01
1784747602.6952,12:13:22.695,0.95,0.31,0.04
1784747603.1951,12:13:23.195,0.97,0.24,0.10
1784747603.6948,12:13:23.694,0.97,0.16,0.16
1784747604.195,12:13:24.195,0.97,0.16,0.17
1784747604.6944,12:13:24.694,0.97,0.22,0.13
1784747605.1943,12:13:25.194,0.97,0.22,0.14
1784747605.6939,12:13:25.693,0.97,0.20,0.11
1784747606.1931,12:13:26.193,0.98,0.19,0.10
1784747606.693,12:13:26.693,0.98,0.19,0.10
1784747607.1931,12:13:27.193,0.97,0.22,0.07
1784747607.6929,12:13:27.692,0.97,0.23,0.05
1784747608.1926,12:13:28.192,0.98,0.20,0.01
1784747608.6928,12:13:28.692,0.98,0.18,-0.02
1784747609.193,12:13:29.193,0.99,0.16,-0.02
1784747609.6925,12:13:29.692,0.99,0.16,-0.02
1784747610.1928,12:13:30.192,0.98,0.18,-0.03
1784747610.6927,12:13:30.692,0.98,0.21,-0.07
1784747611.1918,12:13:31.191,0.96,0.24,-0.12
1784747611.6922,12:13:31.692,0.96,0.26,-0.14
1784747612.1922,12:13:32.192,0.95,0.27,-0.15
1784747612.6923,12:13:32.692,0.95,0.26,-0.15
1784747613.1921,12:13:33.192,0.95,0.27,-0.14
1784747613.6921,12:13:33.692,0.95,0.27,-0.13
1784747614.192,12:13:34.192,0.95,0.28,-0.14
1784747614.692,12:13:34.692,0.95,0.28,-0.14
1784747615.1918,12:13:35.191,0.97,0.23,-0.11
1784747615.6911,12:13:35.691,0.98,0.18,-0.08
1784747616.1913,12:13:36.191,0.98,0.18,-0.08
1784747616.6915,12:13:36.691,0.98,0.18,-0.10
1784747617.1912,12:13:37.191,0.97,0.22,-0.13
1784747617.6906,12:13:37.690,0.95,0.26,-0.17
1784747618.1906,12:13:38.190,0.94,0.28,-0.17
1784747618.6903,12:13:38.690,0.94,0.30,-0.18
1784747619.19,12:13:39.190,0.93,0.32,-0.17
1784747619.6908,12:13:39.690,0.92,0.33,-0.19
1784747620.1903,12:13:40.190,0.92,0.33,-0.20
1784747620.6901,12:13:40.690,0.92,0.33,-0.20
1784747621.1899,12:13:41.189,0.95,0.28,-0.15
1784747621.689,12:13:41.689,0.96,0.25,-0.11
1784747622.1888,12:13:42.188,0.98,0.20,-0.06
1784747622.6892,12:13:42.689,0.98,0.21,0.01
1784747623.1888,12:13:43.188,0.96,0.29,-0.01
1784747623.6886,12:13:43.688,0.94,0.33,-0.01
1784747624.1886,12:13:44.188,0.95,0.32,-0.01
1784747624.6884,12:13:44.688,0.95,0.31,-0.02
1784747625.188,12:13:45.188,0.96,0.30,-0.01
1784747625.688,12:13:45.688,0.96,0.28,0.00
1784747626.1878,12:13:46.187,0.96,0.29,0.01
1784747626.6876,12:13:46.687,0.96,0.29,0.01
1784747627.1876,12:13:47.187,0.95,0.31,-0.02
1784747627.6875,12:13:47.687,0.95,0.31,-0.02
1784747628.1873,12:13:48.187,0.95,0.33,-0.01
1784747628.6874,12:13:48.687,0.94,0.35,-0.03
1784747629.1875,12:13:49.187,0.93,0.37,-0.04
1784747629.6869,12:13:49.686,0.93,0.37,-0.03
1784747630.1869,12:13:50.186,0.93,0.36,-0.02
1784747630.687,12:13:50.687,0.95,0.32,0.01
1784747631.1866,12:13:51.186,0.95,0.31,0.03
1784747631.6866,12:13:51.686,0.96,0.29,0.04
1784747632.1869,12:13:52.186,0.95,0.30,0.02
1784747632.6863,12:13:52.686,0.95,0.30,-0.03
1784747633.1855,12:13:53.185,0.95,0.30,-0.04
1784747633.6858,12:13:53.685,0.95,0.30,-0.03
1784747634.1852,12:13:54.185,0.95,0.30,-0.03
1784747634.6848,12:13:54.684,0.95,0.29,-0.05
1784747635.1847,12:13:55.184,0.96,0.27,-0.04
1784747635.6843,12:13:55.684,0.96,0.27,0.00
1784747636.1843,12:13:56.184,0.96,0.29,0.02
1784747636.6844,12:13:56.684,0.94,0.33,0.03
1784747637.1836,12:13:57.183,0.94,0.34,0.05
1784747637.6832,12:13:57.683,0.93,0.36,0.04
1784747638.1837,12:13:58.183,0.94,0.35,0.04
1784747638.6835,12:13:58.683,0.94,0.33,0.06
1784747639.1831,12:13:59.183,0.95,0.31,0.06
1784747639.6832,12:13:59.683,0.96,0.29,0.07
1784747640.1835,12:14:00.183,0.96,0.28,0.05
1784747640.6829,12:14:00.682,0.96,0.27,0.07
1784747641.1834,12:14:01.183,0.96,0.27,0.07
1784747641.6832,12:14:01.683,0.96,0.28,0.07
1784747642.1828,12:14:02.182,0.96,0.26,0.08
1784747642.6831,12:14:02.683,0.96,0.25,0.06
1784747643.1829,12:14:03.182,0.96,0.26,0.01
1784747643.6825,12:14:03.682,0.96,0.28,0.01
1784747644.1826,12:14:04.182,0.96,0.29,0.00
1784747644.683,12:14:04.683,0.95,0.31,-0.01
1784747645.182,12:14:05.182,0.95,0.31,-0.04
1784747645.6817,12:14:05.681,0.95,0.32,-0.05
1784747646.1815,12:14:06.181,0.93,0.36,-0.08
1784747646.6811,12:14:06.681,0.92,0.39,-0.06
1784747647.1812,12:14:07.181,0.93,0.38,-0.05
1784747647.681,12:14:07.681,0.94,0.35,-0.03
1784747648.1802,12:14:08.180,0.95,0.32,-0.04
1784747648.68,12:14:08.680,0.97,0.26,0.00
1784747649.1801,12:14:09.180,0.97,0.25,0.00
1784747649.6795,12:14:09.679,0.97,0.24,0.03
1784747650.1793,12:14:10.179,0.95,0.31,-0.03
1784747650.6794,12:14:10.679,0.95,0.31,-0.07
1784747651.1793,12:14:11.179,0.95,0.31,-0.09
1784747651.6787,12:14:11.678,0.95,0.28,-0.11
1784747652.1794,12:14:12.179,0.95,0.30,-0.11
1784747652.6788,12:14:12.678,0.94,0.33,-0.10
1784747653.178,12:14:13.178,0.94,0.34,-0.09
1784747653.6785,12:14:13.678,0.94,0.32,-0.07
1784747654.1787,12:14:14.178,0.95,0.30,-0.06
1784747654.6781,12:14:14.678,0.95,0.30,-0.05
1784747655.1786,12:14:15.178,0.96,0.30,-0.02
1784747655.6782,12:14:15.678,0.96,0.28,-0.01
1784747656.1772,12:14:16.177,0.95,0.31,-0.03
1784747656.6775,12:14:16.677,0.95,0.30,-0.04
1784747657.1775,12:14:17.177,0.96,0.28,-0.03
1784747657.6767,12:14:17.676,0.96,0.27,-0.02
1784747658.1768,12:14:18.176,0.95,0.30,-0.03
1784747658.6776,12:14:18.677,0.95,0.31,-0.03
1784747659.177,12:14:19.177,0.95,0.32,-0.05
1784747659.6767,12:14:19.676,0.96,0.27,-0.02
1784747660.1767,12:14:20.176,0.98,0.22,0.03
1784747660.6759,12:14:20.675,0.98,0.21,0.04
1784747661.1757,12:14:21.175,0.98,0.21,0.07
1784747661.6757,12:14:21.675,0.98,0.21,0.06
1784747662.1751,12:14:22.175,0.98,0.21,0.05
1784747662.6754,12:14:22.675,0.98,0.16,0.06
1784747663.1754,12:14:23.175,0.98,0.16,0.06
1784747663.6751,12:14:23.675,0.98,0.20,0.01
1784747664.1746,12:14:24.174,0.97,0.23,-0.02
1784747664.6752,12:14:24.675,0.97,0.26,-0.03
1784747665.1748,12:14:25.174,0.96,0.27,-0.02
1784747665.6749,12:14:25.674,0.96,0.27,-0.01
1784747666.1753,12:14:26.175,0.96,0.27,-0.02
1784747666.6747,12:14:26.674,0.96,0.27,0.01
1784747667.1744,12:14:27.174,0.97,0.24,0.04
1784747667.6748,12:14:27.674,0.97,0.25,0.04
1784747668.174,12:14:28.174,0.97,0.25,0.05
1784747668.6736,12:14:28.673,0.96,0.27,0.03
1784747669.1741,12:14:29.174,0.95,0.31,0.00
1784747669.6743,12:14:29.674,0.94,0.33,-0.02
1784747670.1739,12:14:30.173,0.94,0.34,-0.02
1784747670.6738,12:14:30.673,0.93,0.35,-0.04
1784747671.1736,12:14:31.173,0.93,0.36,-0.06
1784747671.673,12:14:31.673,0.92,0.38,-0.09
1784747672.1733,12:14:32.173,0.91,0.40,-0.11
1784747672.6731,12:14:32.673,0.91,0.41,-0.11
1784747673.1725,12:14:33.172,0.91,0.41,-0.12
1784747673.6728,12:14:33.672,0.93,0.36,-0.10
1784747674.1728,12:14:34.172,0.94,0.33,-0.08
1784747674.6722,12:14:34.672,0.94,0.33,-0.08
1784747675.1719,12:14:35.171,0.94,0.32,-0.08
1784747675.6719,12:14:35.671,0.96,0.27,-0.06
1784747676.1713,12:14:36.171,0.97,0.23,-0.05
1784747676.6714,12:14:36.671,0.97,0.22,-0.04
1784747677.1716,12:14:37.171,0.98,0.21,-0.04
1784747677.671,12:14:37.671,0.98,0.21,-0.04
1784747678.171,12:14:38.171,0.97,0.24,-0.04
1784747678.671,12:14:38.671,0.97,0.24,-0.04
1784747679.1702,12:14:39.170,0.96,0.29,-0.05
1784747679.6697,12:14:39.669,0.95,0.32,-0.03
1784747680.1697,12:14:40.169,0.95,0.32,-0.04
1784747680.6693,12:14:40.669,0.95,0.31,-0.03
1784747681.1689,12:14:41.168,0.95,0.30,-0.02
1784747681.6691,12:14:41.669,0.96,0.29,0.03
1784747682.1686,12:14:42.168,0.96,0.29,0.04
1784747682.6679,12:14:42.667,0.96,0.29,0.04
1784747683.1681,12:14:43.168,0.96,0.27,0.05
1784747683.6683,12:14:43.668,0.97,0.24,0.08
1784747684.1683,12:14:44.168,0.98,0.18,0.12
1784747684.6687,12:14:44.668,0.98,0.15,0.13
1784747685.1687,12:14:45.168,0.98,0.15,0.12
1784747685.6681,12:14:45.668,0.98,0.17,0.12
1784747686.1683,12:14:46.168,0.98,0.20,0.09
1784747686.6676,12:14:46.667,0.97,0.21,0.09
1784747687.167,12:14:47.167,0.98,0.20,0.07
1784747687.6671,12:14:47.667,0.98,0.20,0.07
1784747688.1667,12:14:48.166,0.98,0.19,0.05
1784747688.6664,12:14:48.666,0.98,0.18,0.03
1784747689.1665,12:14:49.166,0.98,0.20,0.02
1784747689.6667,12:14:49.666,0.95,0.31,-0.05
1784747690.1662,12:14:50.166,0.93,0.36,-0.06
1784747690.6662,12:14:50.666,0.93,0.36,-0.02
1784747691.1662,12:14:51.166,0.94,0.33,0.01
1784747691.6656,12:14:51.665,0.96,0.26,0.07
1784747692.1654,12:14:52.165,0.98,0.19,0.12
1784747692.6654,12:14:52.665,0.98,0.15,0.14
1784747693.165,12:14:53.165,0.98,0.14,0.13
1784747693.6649,12:14:53.664,0.98,0.13,0.13
1784747694.1653,12:14:54.165,0.98,0.13,0.12
1784747694.6651,12:14:54.665,0.98,0.15,0.11
1784747695.1648,12:14:55.164,0.97,0.19,0.11
1784747695.665,12:14:55.665,0.95,0.30,0.05
1784747696.1646,12:14:56.164,0.92,0.38,0.01
1784747696.6647,12:14:56.664,0.91,0.41,0.03
1784747697.1653,12:14:57.165,0.91,0.42,0.02
1784747697.6649,12:14:57.664,0.91,0.42,0.01
1784747698.1646,12:14:58.164,0.92,0.40,0.02
1784747698.6648,12:14:58.664,0.93,0.37,0.05
1784747699.1644,12:14:59.164,0.93,0.35,0.06
1784747699.6636,12:14:59.663,0.95,0.31,0.10
1784747700.1641,12:15:00.164,0.94,0.32,0.10
1784747700.6641,12:15:00.664,0.94,0.32,0.10
1784747701.1639,12:15:01.163,0.93,0.35,0.09
1784747701.6644,12:15:01.664,0.93,0.35,0.08
1784747702.1646,12:15:02.164,0.93,0.36,0.07
1784747702.6642,12:15:02.664,0.94,0.33,0.09
1784747703.1643,12:15:03.164,0.94,0.34,0.07
1784747703.6643,12:15:03.664,0.94,0.34,0.05
1784747704.1637,12:15:04.163,0.94,0.34,0.00
1784747704.664,12:15:04.664,0.94,0.34,-0.08
1784747705.1637,12:15:05.163,0.96,0.26,-0.09
1784747705.6631,12:15:05.663,0.97,0.23,-0.07
1784747706.1628,12:15:06.162,0.97,0.23,-0.07
1784747706.6626,12:15:06.662,0.97,0.24,-0.08
1784747707.1618,12:15:07.161,0.96,0.26,-0.09
1784747707.6613,12:15:07.661,0.96,0.27,-0.06
1784747708.1619,12:15:08.161,0.96,0.28,-0.06
1784747708.6611,12:15:08.661,0.96,0.27,-0.05
1784747709.1612,12:15:09.161,0.97,0.23,-0.01
1784747709.6614,12:15:09.661,0.97,0.22,0.00
1784747710.1606,12:15:10.160,0.97,0.24,-0.01
1784747710.6607,12:15:10.660,0.96,0.27,-0.01
1784747711.1605,12:15:11.160,0.96,0.27,0.00
1784747711.6605,12:15:11.660,0.95,0.31,-0.04
1784747712.1602,12:15:12.160,0.94,0.34,-0.06
1784747712.6608,12:15:12.660,0.90,0.42,-0.12
1784747713.1604,12:15:13.160,0.90,0.41,-0.16
1784747713.6603,12:15:13.660,0.91,0.39,-0.15
1784747714.1603,12:15:14.160,0.96,0.28,-0.01
1784747714.6599,12:15:14.659,0.98,0.21,0.06
1784747715.1592,12:15:15.159,0.98,0.20,0.07
1784747715.6592,12:15:15.659,0.98,0.18,0.02
1784747716.1593,12:15:16.159,0.99,0.13,0.02
1784747716.6586,12:15:16.658,0.99,0.13,0.01
1784747717.1588,12:15:17.158,0.98,0.17,0.00
1784747717.6586,12:15:17.658,0.98,0.22,0.00
1784747718.1582,12:15:18.158,0.97,0.25,0.00
1784747718.6581,12:15:18.658,0.97,0.26,0.03
1784747719.1583,12:15:19.158,0.98,0.20,0.08
1784747719.6577,12:15:19.657,0.99,0.13,0.10
1784747720.1582,12:15:20.158,0.99,0.14,0.09
1784747720.6578,12:15:20.657,0.98,0.18,0.06
1784747721.1572,12:15:21.157,0.97,0.22,0.03
1784747721.6575,12:15:21.657,0.97,0.24,0.01
1784747722.1569,12:15:22.156,0.96,0.30,-0.02
1784747722.656,12:15:22.656,0.95,0.32,-0.02
1784747723.1561,12:15:23.156,0.95,0.31,-0.02
1784747723.6561,12:15:23.656,0.95,0.31,-0.03
1784747724.1558,12:15:24.155,0.95,0.32,-0.04
1784747724.6561,12:15:24.656,0.94,0.33,-0.06
1784747725.1565,12:15:25.156,0.93,0.35,-0.06
1784747725.6559,12:15:25.655,0.91,0.39,-0.11
1784747726.1554,12:15:26.155,0.91,0.39,-0.11
1784747726.6554,12:15:26.655,0.91,0.39,-0.11
1784747727.1546,12:15:27.154,0.90,0.43,-0.12
1784747727.6545,12:15:27.654,0.90,0.44,-0.10
1784747728.1545,12:15:28.154,0.90,0.44,-0.10
1784747728.6545,12:15:28.654,0.92,0.39,-0.06
1784747729.154,12:15:29.154,0.93,0.38,-0.05
1784747729.6546,12:15:29.654,0.93,0.37,-0.06
1784747730.154,12:15:30.154,0.94,0.34,-0.05
1784747730.6537,12:15:30.653,0.94,0.34,-0.05
1784747731.1541,12:15:31.154,0.94,0.34,-0.06
1784747731.654,12:15:31.654,0.92,0.39,-0.07
1784747732.1539,12:15:32.153,0.91,0.42,-0.07
1784747732.6543,12:15:32.654,0.90,0.42,-0.09
1784747733.1538,12:15:33.153,0.90,0.42,-0.10
1784747733.6537,12:15:33.653,0.92,0.39,-0.07
1784747734.1537,12:15:34.153,0.91,0.40,-0.06
1784747734.6537,12:15:34.653,0.93,0.37,-0.03
1784747735.1529,12:15:35.152,0.92,0.38,-0.03
1784747735.653,12:15:35.653,0.93,0.37,-0.02
1784747736.1531,12:15:36.153,0.94,0.35,-0.02
1784747736.6525,12:15:36.652,0.95,0.32,0.00
1784747737.1526,12:15:37.152,0.95,0.32,-0.01
1784747737.6526,12:15:37.652,0.92,0.38,-0.05
1784747738.1516,12:15:38.151,0.92,0.38,-0.05
1784747738.6515,12:15:38.651,0.93,0.37,-0.05
1784747739.1519,12:15:39.151,0.93,0.36,-0.05
1784747739.6517,12:15:39.651,0.94,0.34,-0.04
1784747740.1515,12:15:40.151,0.95,0.31,-0.03
1784747740.6519,12:15:40.651,0.96,0.29,-0.02
1784747741.1515,12:15:41.151,0.96,0.28,-0.01
1784747741.6512,12:15:41.651,0.95,0.32,-0.05
1784747742.1514,12:15:42.151,0.95,0.31,-0.03
1784747742.6509,12:15:42.650,0.95,0.32,-0.05
1784747743.1506,12:15:43.150,0.95,0.30,-0.03
1784747743.6509,12:15:43.650,0.95,0.29,-0.04
1784747744.1509,12:15:44.150,0.94,0.34,-0.11
1784747744.6502,12:15:44.650,0.92,0.35,-0.16
1784747745.1502,12:15:45.150,0.92,0.35,-0.19
1784747745.65,12:15:45.650,0.91,0.36,-0.19
1784747746.1496,12:15:46.149,0.90,0.38,-0.22
1784747746.6498,12:15:46.649,0.90,0.38,-0.20
1784747747.1498,12:15:47.149,0.92,0.35,-0.16
1784747747.6489,12:15:47.648,0.92,0.37,-0.12
1784747748.1491,12:15:48.149,0.93,0.36,-0.10
1784747748.6489,12:15:48.648,0.94,0.34,-0.07
1784747749.1482,12:15:49.148,0.95,0.31,0.00
1784747749.6486,12:15:49.648,0.96,0.27,0.02
1784747750.148,12:15:50.148,0.96,0.27,0.03
1784747750.6477,12:15:50.647,0.97,0.24,0.04
1784747751.1477,12:15:51.147,0.97,0.25,0.05
1784747751.6475,12:15:51.647,0.96,0.29,0.03
1784747752.1474,12:15:52.147,0.95,0.31,0.01
1784747752.6477,12:15:52.647,0.95,0.32,0.00
1784747753.1475,12:15:53.147,0.94,0.34,-0.03
1784747753.6474,12:15:53.647,0.91,0.40,-0.08
1784747754.1474,12:15:54.147,0.92,0.39,-0.06
1784747754.6474,12:15:54.647,0.90,0.43,-0.10
1784747755.1469,12:15:55.146,0.91,0.41,-0.09
1784747755.6465,12:15:55.646,0.91,0.41,-0.09
1784747756.1463,12:15:56.146,0.93,0.37,-0.05
1784747756.6462,12:15:56.646,0.93,0.36,-0.06
1784747757.146,12:15:57.146,0.95,0.30,-0.04
1784747757.6458,12:15:57.645,0.98,0.17,0.07
1784747758.1457,12:15:58.145,0.98,0.17,0.11
1784747758.6451,12:15:58.645,0.97,0.20,0.13
1784747759.1455,12:15:59.145,0.97,0.20,0.13
1784747759.6461,12:15:59.646,0.97,0.21,0.13
1784747760.1455,12:16:00.145,0.96,0.28,0.09
1784747760.6459,12:16:00.645,0.95,0.29,0.10
1784747761.1455,12:16:01.145,0.96,0.27,0.11
1784747761.6453,12:16:01.645,0.96,0.26,0.11
1784747762.1457,12:16:02.145,0.96,0.27,0.09
1784747762.6456,12:16:02.645,0.96,0.27,0.09
1784747763.1452,12:16:03.145,0.96,0.27,0.08
1784747763.6454,12:16:03.645,0.96,0.28,0.09
1784747764.1446,12:16:04.144,0.95,0.29,0.09
1784747764.644,12:16:04.644,0.96,0.28,0.09
1784747765.1438,12:16:05.143,0.95,0.29,0.07
1784747765.6435,12:16:05.643,0.96,0.29,0.06
1784747766.1429,12:16:06.142,0.95,0.31,0.05
1784747766.6432,12:16:06.643,0.95,0.30,0.06
1784747767.1431,12:16:07.143,0.96,0.28,0.08
1784747767.6427,12:16:07.642,0.97,0.24,0.11
1784747768.1423,12:16:08.142,0.97,0.22,0.06
1784747768.6421,12:16:08.642,0.97,0.24,0.01
1784747769.1418,12:16:09.141,0.97,0.25,-0.02
1784747769.6416,12:16:09.641,0.97,0.25,-0.03
1784747770.1416,12:16:10.141,0.96,0.26,-0.07
1784747770.6415,12:16:10.641,0.96,0.26,-0.07
1784747771.1411,12:16:11.141,0.96,0.26,-0.04
1784747771.6409,12:16:11.640,0.96,0.29,-0.01
1784747772.1408,12:16:12.140,0.96,0.29,0.00
1784747772.6408,12:16:12.640,0.96,0.27,0.01
1784747773.1412,12:16:13.141,0.96,0.28,-0.01
1784747773.6416,12:16:13.641,0.95,0.32,-0.04
1784747774.1408,12:16:14.140,0.94,0.35,-0.05
1784747774.6412,12:16:14.641,0.93,0.37,-0.03
1784747775.1409,12:16:15.140,0.93,0.37,-0.04
1784747775.6401,12:16:15.640,0.93,0.37,-0.05
1784747776.1406,12:16:16.140,0.93,0.35,-0.05
1784747776.6405,12:16:16.640,0.94,0.33,-0.03
1784747777.1401,12:16:17.140,0.94,0.34,-0.04
1784747777.6405,12:16:17.640,0.94,0.35,-0.06
1784747778.1406,12:16:18.140,0.90,0.43,-0.12
1784747778.6402,12:16:18.640,0.88,0.45,-0.14
1784747779.1404,12:16:19.140,0.89,0.44,-0.14
1784747779.6403,12:16:19.640,0.90,0.42,-0.11
1784747780.1395,12:16:20.139,0.93,0.36,-0.05
1784747780.6393,12:16:20.639,0.95,0.32,-0.03
1784747781.1388,12:16:21.138,0.96,0.28,-0.01
1784747781.6384,12:16:21.638,0.96,0.28,0.00
1784747782.1388,12:16:22.138,0.96,0.28,0.01
1784747782.6385,12:16:22.638,0.96,0.27,0.02
1784747783.138,12:16:23.138,0.96,0.28,0.03
1784747783.6382,12:16:23.638,0.96,0.27,0.05
1784747784.1385,12:16:24.138,0.96,0.27,0.06
1784747784.6378,12:16:24.637,0.96,0.27,0.06
1784747785.1378,12:16:25.137,0.96,0.27,0.06
1784747785.6382,12:16:25.638,0.93,0.37,-0.02
1784747786.138,12:16:26.138,0.93,0.37,-0.03
1784747786.6374,12:16:26.637,0.92,0.39,-0.04
1784747787.1379,12:16:27.137,0.92,0.38,-0.04
1784747787.6373,12:16:27.637,0.93,0.38,-0.02
1784747788.1364,12:16:28.136,0.95,0.32,0.02
1784747788.6369,12:16:28.636,0.98,0.20,0.09
1784747789.1369,12:16:29.136,0.98,0.13,0.15
1784747789.6365,12:16:29.636,0.98,0.11,0.15
1784747790.1364,12:16:30.136,0.98,0.11,0.14
1784747790.6358,12:16:30.635,0.98,0.12,0.15
1784747791.1356,12:16:31.135,0.98,0.15,0.09
1784747791.6359,12:16:31.635,0.98,0.15,0.09
1784747792.1359,12:16:32.135,0.99,0.12,0.11
1784747792.6355,12:16:32.635,0.99,0.12,0.12
1784747793.1358,12:16:33.135,0.98,0.13,0.12
1784747793.6358,12:16:33.635,0.99,0.13,0.12
1784747794.1354,12:16:34.135,0.99,0.12,0.11
1784747794.6351,12:16:34.635,0.98,0.15,0.09
1784747795.1347,12:16:35.134,0.98,0.18,0.07
1784747795.6343,12:16:35.634,0.98,0.21,0.03
1784747796.134,12:16:36.134,0.97,0.23,-0.02
1784747796.6342,12:16:36.634,0.98,0.22,-0.05
1784747797.1336,12:16:37.133,0.98,0.17,-0.04
1784747797.6337,12:16:37.633,0.98,0.17,-0.03
1784747798.1337,12:16:38.133,0.98,0.19,-0.03
1784747798.6333,12:16:38.633,0.98,0.19,-0.05
1784747799.133,12:16:39.133,0.98,0.20,-0.05
1784747799.633,12:16:39.633,0.98,0.20,-0.04
1784747800.1328,12:16:40.132,0.99,0.14,0.01
1784747800.6329,12:16:40.632,0.99,0.11,0.04
1784747801.1331,12:16:41.133,0.99,0.10,0.02
1784747801.6324,12:16:41.632,0.99,0.12,0.03
1784747802.1329,12:16:42.132,0.99,0.17,-0.02
1784747802.6327,12:16:42.632,0.98,0.17,-0.04
1784747803.1323,12:16:43.132,0.98,0.17,-0.05
1784747803.6322,12:16:43.632,0.98,0.18,-0.02
1784747804.1324,12:16:44.132,0.98,0.20,-0.04
1784747804.6324,12:16:44.632,0.98,0.22,-0.03
1784747805.1323,12:16:45.132,0.96,0.26,-0.07
1784747805.6321,12:16:45.632,0.94,0.32,-0.11
1784747806.1317,12:16:46.131,0.94,0.32,-0.09
1784747806.6312,12:16:46.631,0.94,0.32,-0.08
1784747807.1311,12:16:47.131,0.94,0.34,-0.07
1784747807.6307,12:16:47.630,0.92,0.38,-0.10
1784747808.1302,12:16:48.130,0.91,0.40,-0.12
1784747808.6304,12:16:48.630,0.92,0.38,-0.10
1784747809.1304,12:16:49.130,0.93,0.35,-0.05
1784747809.6301,12:16:49.630,0.93,0.37,-0.04
1784747810.1297,12:16:50.129,0.91,0.41,-0.06
1784747810.6293,12:16:50.629,0.87,0.48,-0.11
1784747811.1286,12:16:51.128,0.88,0.46,-0.10
1784747811.6284,12:16:51.628,0.90,0.42,-0.07
1784747812.1282,12:16:52.128,0.93,0.36,-0.01
1784747812.6277,12:16:52.627,0.95,0.32,0.04
1784747813.1275,12:16:53.127,0.95,0.30,0.05
1784747813.6282,12:16:53.628,0.95,0.31,0.04
1784747814.1278,12:16:54.127,0.95,0.31,0.04
1784747814.628,12:16:54.628,0.95,0.32,0.02
1784747815.1281,12:16:55.128,0.95,0.31,0.03
1784747815.6275,12:16:55.627,0.96,0.26,0.07
1784747816.1275,12:16:56.127,0.97,0.24,0.10
1784747816.6273,12:16:56.627,0.96,0.23,0.14
1784747817.1266,12:16:57.126,0.96,0.22,0.14
1784747817.6268,12:16:57.626,0.97,0.20,0.13
1784747818.127,12:16:58.127,0.98,0.16,0.13
1784747818.6267,12:16:58.626,0.98,0.11,0.16
1784747819.1263,12:16:59.126,0.98,0.11,0.17
1784747819.6267,12:16:59.626,0.98,0.11,0.17
1784747820.1266,12:17:00.126,0.98,0.14,0.13
1784747820.6264,12:17:00.626,0.98,0.15,0.12
1784747821.1262,12:17:01.126,0.97,0.18,0.14
1784747821.626,12:17:01.626,0.97,0.19,0.14
1784747822.1255,12:17:02.125,0.97,0.19,0.13
1784747822.6257,12:17:02.625,0.97,0.18,0.14
1784747823.1252,12:17:03.125,0.98,0.14,0.16
1784747823.6246,12:17:03.624,0.98,0.14,0.15
1784747824.125,12:17:04.125,0.98,0.15,0.15
1784747824.6253,12:17:04.625,0.98,0.15,0.14
1784747825.1247,12:17:05.124,0.98,0.14,0.15
1784747825.6245,12:17:05.624,0.98,0.13,0.15
1784747826.1247,12:17:06.124,0.98,0.12,0.14
1784747826.624,12:17:06.624,0.98,0.12,0.13
1784747827.1241,12:17:07.124,0.98,0.13,0.12
1784747827.6243,12:17:07.624,0.98,0.20,0.08
1784747828.1236,12:17:08.123,0.98,0.21,0.08
1784747828.6234,12:17:08.623,0.98,0.20,0.08
1784747829.1238,12:17:09.123,0.97,0.20,0.09
1784747829.6229,12:17:09.622,0.97,0.20,0.10
1784747830.1229,12:17:10.122,0.98,0.20,0.09
1784747830.6229,12:17:10.622,0.97,0.24,0.10
1784747831.1226,12:17:11.122,0.94,0.33,0.06
1784747831.6224,12:17:11.622,0.93,0.38,0.04
1784747832.1228,12:17:12.122,0.93,0.38,0.05
1784747832.6229,12:17:12.622,0.94,0.34,0.07
1784747833.1227,12:17:13.122,0.93,0.36,0.08
1784747833.6229,12:17:13.622,0.93,0.37,0.07
1784747834.1228,12:17:14.122,0.92,0.38,0.07
1784747834.6222,12:17:14.622,0.92,0.38,0.05
1784747835.1224,12:17:15.122,0.94,0.33,0.08
1784747835.6221,12:17:15.622,0.95,0.28,0.12
1784747836.1215,12:17:16.121,0.96,0.25,0.15
1784747836.6217,12:17:16.621,0.96,0.23,0.18
1784747837.1212,12:17:17.121,0.96,0.23,0.18
1784747837.6204,12:17:17.620,0.96,0.23,0.18
1784747838.1204,12:17:18.120,0.96,0.22,0.18
1784747838.6201,12:17:18.620,0.96,0.23,0.16
1784747839.1197,12:17:19.119,0.96,0.24,0.16
1784747839.6197,12:17:19.619,0.96,0.24,0.16
1784747840.1194,12:17:20.119,0.96,0.24,0.15
1784747840.6188,12:17:20.618,0.96,0.23,0.14
1784747841.1188,12:17:21.118,0.96,0.23,0.13
1784747841.6189,12:17:21.618,0.96,0.24,0.10
1784747842.1182,12:17:22.118,0.97,0.21,0.10
1784747842.6182,12:17:22.618,0.98,0.17,0.13
1784747843.1187,12:17:23.118,0.98,0.16,0.14
1784747843.6181,12:17:23.618,0.98,0.15,0.15
1784747844.1185,12:17:24.118,0.97,0.21,0.12
1784747844.6186,12:17:24.618,0.96,0.26,0.07
1784747845.1184,12:17:25.118,0.97,0.25,0.08
1784747845.6184,12:17:25.618,0.98,0.19,0.10
1784747846.118,12:17:26.118,0.98,0.19,0.10
1784747846.6179,12:17:26.617,0.98,0.20,0.09
1784747847.1179,12:17:27.117,0.98,0.20,0.07
1784747847.6179,12:17:27.617,0.98,0.20,0.07
1784747848.1178,12:17:28.117,0.98,0.19,0.05
1784747848.6174,12:17:28.617,0.98,0.18,0.05
1784747849.1172,12:17:29.117,0.98,0.18,0.05
1784747849.6171,12:17:29.617,0.98,0.20,0.03
1784747850.1167,12:17:30.116,0.97,0.25,-0.04
1784747850.6171,12:17:30.617,0.95,0.29,-0.08
1784747851.1166,12:17:31.116,0.94,0.33,-0.07
1784747851.616,12:17:31.616,0.93,0.35,-0.07
1784747852.1162,12:17:32.116,0.93,0.36,-0.05
1784747852.6161,12:17:32.616,0.94,0.33,0.01
1784747853.1155,12:17:33.115,0.95,0.32,0.01
1784747853.6161,12:17:33.616,0.96,0.29,0.03
1784747854.1158,12:17:34.115,0.96,0.28,0.02
1784747854.6152,12:17:34.615,0.96,0.28,0.02
1784747855.1154,12:17:35.115,0.96,0.28,0.03
1784747855.6157,12:17:35.615,0.96,0.29,0.02
1784747856.1149,12:17:36.114,0.95,0.33,0.00
1784747856.615,12:17:36.615,0.92,0.38,-0.05
1784747857.1153,12:17:37.115,0.93,0.37,-0.04
1784747857.6145,12:17:37.614,0.93,0.37,-0.03
1784747858.1147,12:17:38.114,0.93,0.37,-0.06
1784747858.6146,12:17:38.614,0.92,0.39,-0.07
1784747859.1138,12:17:39.113,0.91,0.40,-0.07
1784747859.6136,12:17:39.613,0.91,0.42,-0.06
1784747860.1137,12:17:40.113,0.90,0.44,-0.08
1784747860.6133,12:17:40.613,0.90,0.44,-0.08
1784747861.1133,12:17:41.113,0.90,0.44,-0.08
1784747861.6136,12:17:41.613,0.90,0.43,-0.08
1784747862.1134,12:17:42.113,0.93,0.36,-0.03
1784747862.613,12:17:42.613,0.95,0.32,0.02
1784747863.1131,12:17:43.113,0.96,0.29,0.05
1784747863.6127,12:17:43.612,0.96,0.25,0.09
1784747864.1119,12:17:44.111,0.97,0.19,0.14
1784747864.6124,12:17:44.612,0.97,0.20,0.14
1784747865.1124,12:17:45.112,0.97,0.18,0.14
1784747865.6116,12:17:45.611,0.97,0.22,0.11
1784747866.1121,12:17:46.112,0.97,0.23,0.10
1784747866.6119,12:17:46.611,0.97,0.23,0.11
1784747867.1111,12:17:47.111,0.98,0.16,0.14
1784747867.6112,12:17:47.611,0.98,0.15,0.14
1784747868.1112,12:17:48.111,0.98,0.14,0.13
1784747868.6106,12:17:48.610,0.98,0.14,0.12
1784747869.1109,12:17:49.110,0.98,0.16,0.10
1784747869.6104,12:17:49.610,0.98,0.17,0.10
1784747870.11,12:17:50.110,0.98,0.17,0.10
1784747870.6103,12:17:50.610,0.97,0.22,0.08
1784747871.1103,12:17:51.110,0.97,0.22,0.08
1784747871.6093,12:17:51.609,0.98,0.19,0.11
1784747872.1094,12:17:52.109,0.97,0.20,0.10
1784747872.6094,12:17:52.609,0.97,0.21,0.08
1784747873.1088,12:17:53.108,0.97,0.21,0.07
1784747873.6089,12:17:53.608,0.97,0.24,0.02
1784747874.1089,12:17:54.108,0.97,0.24,0.02
1784747874.6089,12:17:54.608,0.97,0.23,0.00
1784747875.1088,12:17:55.108,0.97,0.25,0.03
1784747875.6086,12:17:55.608,0.96,0.26,0.05
1784747876.1086,12:17:56.108,0.97,0.26,0.05
1784747876.6083,12:17:56.608,0.97,0.25,0.03
1784747877.1083,12:17:57.108,0.97,0.22,0.05
1784747877.6077,12:17:57.607,0.98,0.21,0.06
1784747878.1075,12:17:58.107,0.98,0.16,0.12
1784747878.6074,12:17:58.607,0.98,0.10,0.19
1784747879.107,12:17:59.107,0.97,0.06,0.23
1784747879.6064,12:17:59.606,0.97,0.05,0.25
1784747880.1068,12:18:00.106,0.96,0.03,0.27
1784747880.6066,12:18:00.606,0.97,0.12,0.22
1784747881.1062,12:18:01.106,0.97,0.17,0.19
1784747881.6069,12:18:01.606,0.96,0.20,0.17
1784747882.1069,12:18:02.106,0.96,0.22,0.16
1784747882.6059,12:18:02.605,0.96,0.25,0.14
1784747883.1062,12:18:03.106,0.95,0.26,0.14
1784747883.6055,12:18:03.605,0.94,0.31,0.10
1784747884.1049,12:18:04.104,0.93,0.35,0.07
1784747884.6052,12:18:04.605,0.93,0.36,0.06
1784747885.1048,12:18:05.104,0.93,0.37,0.06
1784747885.6042,12:18:05.604,0.93,0.37,0.06
1784747886.1041,12:18:06.104,0.93,0.36,0.06
1784747886.604,12:18:06.604,0.95,0.32,0.06
1784747887.104,12:18:07.104,0.95,0.31,0.06
1784747887.6041,12:18:07.604,0.96,0.29,0.04
1784747888.1043,12:18:08.104,0.97,0.25,0.08
1784747888.6039,12:18:08.603,0.97,0.20,0.12
1784747889.1038,12:18:09.103,0.97,0.18,0.14
1784747889.6034,12:18:09.603,0.98,0.16,0.14
1784747890.103,12:18:10.103,0.98,0.15,0.14
1784747890.6031,12:18:10.603,0.98,0.15,0.14
1784747891.1035,12:18:11.103,0.97,0.17,0.15
1784747891.6029,12:18:11.602,0.97,0.17,0.15
1784747892.1028,12:18:12.102,0.98,0.14,0.16
1784747892.6028,12:18:12.602,0.97,0.08,0.21
1784747893.1026,12:18:13.102,0.97,0.09,0.21
1784747893.6023,12:18:13.602,0.97,0.10,0.21
1784747894.1029,12:18:14.102,0.97,0.12,0.20
1784747894.6025,12:18:14.602,0.97,0.13,0.20
1784747895.102,12:18:15.102,0.97,0.10,0.22
1784747895.6024,12:18:15.602,0.97,0.10,0.22
1784747896.1022,12:18:16.102,0.97,0.10,0.22
1784747896.6023,12:18:16.602,0.97,0.06,0.24
1784747897.1025,12:18:17.102,0.97,0.02,0.23
1784747897.6021,12:18:17.602,0.97,-0.01,0.25
1784747898.1016,12:18:18.101,0.97,0.00,0.23
1784747898.6018,12:18:18.601,0.97,0.00,0.23
1784747899.1014,12:18:19.101,0.98,0.09,0.15
1784747899.6011,12:18:19.601,0.98,0.16,0.11
1784747900.1011,12:18:20.101,0.98,0.16,0.10
1784747900.6005,12:18:20.600,0.97,0.20,0.11
1784747901.0998,12:18:21.099,0.96,0.26,0.07
1784747901.6004,12:18:21.600,0.96,0.28,0.06
1784747902.0998,12:18:22.099,0.96,0.27,0.07
1784747902.5995,12:18:22.599,0.96,0.29,0.06
1784747903.0997,12:18:23.099,0.96,0.29,0.04
1784747903.5999,12:18:23.599,0.95,0.31,0.02
1784747904.0996,12:18:24.099,0.95,0.32,0.01
1784747904.5998,12:18:24.599,0.95,0.32,0.03
1784747905.1002,12:18:25.100,0.95,0.31,0.04
1784747905.5995,12:18:25.599,0.95,0.29,0.06
1784747906.0995,12:18:26.099,0.96,0.28,0.08
1784747906.5995,12:18:26.599,0.97,0.22,0.13
1784747907.0989,12:18:27.098,0.97,0.19,0.13
1784747907.5989,12:18:27.598,0.97,0.20,0.13
1784747908.0993,12:18:28.099,0.97,0.19,0.14
1784747908.599,12:18:28.599,0.98,0.15,0.15
1784747909.0988,12:18:29.098,0.98,0.14,0.12
1784747909.5986,12:18:29.598,0.98,0.12,0.14
1784747910.0978,12:18:30.097,0.98,0.12,0.13
1784747910.5975,12:18:30.597,0.98,0.13,0.13
1784747911.0977,12:18:31.097,0.98,0.12,0.13
1784747911.5973,12:18:31.597,0.99,0.11,0.10
1784747912.0972,12:18:32.097,0.99,0.12,0.09
1784747912.5974,12:18:32.597,0.98,0.20,0.03
1784747913.097,12:18:33.097,0.98,0.21,0.00
1784747913.5967,12:18:33.596,0.97,0.23,0.00
1784747914.0965,12:18:34.096,0.97,0.22,0.01
1784747914.5962,12:18:34.596,0.97,0.23,0.01
1784747915.0961,12:18:35.096,0.97,0.24,0.04
1784747915.5959,12:18:35.595,0.97,0.26,0.02
1784747916.0959,12:18:36.095,0.96,0.27,0.02
1784747916.596,12:18:36.596,0.95,0.30,-0.01
1784747917.0958,12:18:37.095,0.94,0.33,-0.04
1784747917.5956,12:18:37.595,0.94,0.34,-0.03
1784747918.0953,12:18:38.095,0.93,0.36,-0.02
1784747918.5953,12:18:38.595,0.94,0.35,0.01
1784747919.0955,12:18:39.095,0.94,0.34,0.03
1784747919.5948,12:18:39.594,0.94,0.34,0.03
1784747920.0946,12:18:40.094,0.96,0.29,0.03
1784747920.5948,12:18:40.594,0.97,0.22,0.07
1784747921.0941,12:18:41.094,0.97,0.23,0.06
1784747921.5941,12:18:41.594,0.97,0.23,0.07
1784747922.0941,12:18:42.094,0.97,0.26,0.05
1784747922.594,12:18:42.594,0.95,0.30,0.02
1784747923.094,12:18:43.094,0.95,0.31,0.05
1784747923.5938,12:18:43.593,0.96,0.29,0.05
1784747924.0935,12:18:44.093,0.96,0.26,0.08
1784747924.5931,12:18:44.593,0.97,0.20,0.12
1784747925.0929,12:18:45.092,0.97,0.19,0.14
1784747925.5928,12:18:45.592,0.98,0.13,0.18
1784747926.0926,12:18:46.092,0.98,0.12,0.18
1784747926.5926,12:18:46.592,0.98,0.17,0.11
1784747927.0923,12:18:47.092,0.98,0.16,0.11
1784747927.5917,12:18:47.591,0.98,0.17,0.11
1784747928.0917,12:18:48.091,0.98,0.17,0.11
1784747928.5912,12:18:48.591,0.98,0.19,0.11
1784747929.0906,12:18:49.090,0.97,0.24,0.10
1784747929.5911,12:18:49.591,0.96,0.26,0.11
1784747930.091,12:18:50.091,0.97,0.20,0.16
1784747930.5906,12:18:50.590,0.97,0.14,0.21
1784747931.091,12:18:51.091,0.97,0.11,0.22
1784747931.5905,12:18:51.590,0.97,0.09,0.23
1784747932.0899,12:18:52.089,0.98,0.10,0.19
1784747932.5897,12:18:52.589,0.98,0.15,0.16
1784747933.0902,12:18:53.090,0.98,0.16,0.14
1784747933.5898,12:18:53.589,0.97,0.16,0.15
1784747934.09,12:18:54.090,0.98,0.15,0.16
1784747934.5905,12:18:54.590,0.98,0.15,0.16
1784747935.0901,12:18:55.090,0.97,0.17,0.17
1784747935.5901,12:18:55.590,0.97,0.18,0.16
1784747936.0902,12:18:56.090,0.97,0.17,0.17
1784747936.5898,12:18:56.589,0.97,0.15,0.17
1784747937.09,12:18:57.090,0.97,0.16,0.17
1784747937.5899,12:18:57.589,0.97,0.17,0.15
1784747938.0895,12:18:58.089,0.97,0.21,0.10
1784747938.5891,12:18:58.589,0.97,0.20,0.09
1784747939.0894,12:18:59.089,0.98,0.18,0.10
1784747939.5887,12:18:59.588,0.98,0.12,0.12
1784747940.0885,12:19:00.088,0.98,0.12,0.12
1784747940.5884,12:19:00.588,0.98,0.14,0.11
1784747941.0882,12:19:01.088,0.98,0.17,0.06
1784747941.588,12:19:01.588,0.98,0.19,0.05
1784747942.0883,12:19:02.088,0.98,0.19,0.05
1784747942.5887,12:19:02.588,0.98,0.19,0.05
1784747943.0879,12:19:03.087,0.98,0.19,0.05
1784747943.5878,12:19:03.587,0.97,0.24,0.02
1784747944.0874,12:19:04.087,0.96,0.26,-0.01
1784747944.587,12:19:04.587,0.94,0.32,-0.08
1784747945.0869,12:19:05.086,0.93,0.35,-0.09
1784747945.5867,12:19:05.586,0.95,0.31,-0.05
1784747946.0859,12:19:06.085,0.96,0.28,-0.02
1784747946.5862,12:19:06.586,0.97,0.26,0.01
1784747947.0862,12:19:07.086,0.97,0.26,0.01
1784747947.5858,12:19:07.585,0.97,0.26,0.00
1784747948.0859,12:19:08.085,0.98,0.18,0.06
1784747948.5857,12:19:08.585,0.99,0.12,0.11
1784747949.0848,12:19:09.084,0.99,0.12,0.11
1784747949.5853,12:19:09.585,0.98,0.16,0.09
1784747950.0857,12:19:10.085,0.97,0.24,0.06
1784747950.5849,12:19:10.584,0.96,0.28,0.02
1784747951.0854,12:19:11.085,0.96,0.29,0.01
1784747951.5856,12:19:11.585,0.95,0.32,-0.03
1784747952.0848,12:19:12.084,0.94,0.33,-0.02
1784747952.5845,12:19:12.584,0.94,0.35,-0.03
1784747953.0849,12:19:13.084,0.93,0.35,-0.04
1784747953.5847,12:19:13.584,0.90,0.43,-0.10
1784747954.0845,12:19:14.084,0.89,0.45,-0.09
1784747954.5843,12:19:14.584,0.89,0.45,-0.09
1784747955.0841,12:19:15.084,0.88,0.47,-0.11
1784747955.5838,12:19:15.583,0.90,0.43,-0.08
1784747956.084,12:19:16.084,0.92,0.39,-0.05
1784747956.5836,12:19:16.583,0.93,0.38,-0.04
1784747957.0836,12:19:17.083,0.92,0.39,-0.05
1784747957.584,12:19:17.584,0.91,0.41,-0.05
1784747958.0834,12:19:18.083,0.91,0.42,-0.07
1784747958.5829,12:19:18.582,0.92,0.38,-0.05
1784747959.0828,12:19:19.082,0.94,0.33,-0.01
1784747959.5824,12:19:19.582,0.94,0.33,-0.02
1784747960.0815,12:19:20.081,0.93,0.37,-0.05
1784747960.5817,12:19:20.581,0.93,0.37,-0.04
1784747961.0812,12:19:21.081,0.93,0.36,-0.01
1784747961.5807,12:19:21.580,0.96,0.28,0.06
1784747962.0807,12:19:22.080,0.97,0.24,0.09
1784747962.5809,12:19:22.580,0.97,0.23,0.08
1784747963.0804,12:19:23.080,0.96,0.29,0.05
1784747963.5806,12:19:23.580,0.95,0.33,0.00
1784747964.0808,12:19:24.080,0.95,0.32,0.00
1784747964.5799,12:19:24.579,0.95,0.32,-0.01
1784747965.0801,12:19:25.080,0.95,0.31,-0.02
1784747965.5799,12:19:25.579,0.94,0.33,-0.05
1784747966.0796,12:19:26.079,0.93,0.35,-0.06
1784747966.5801,12:19:26.580,0.93,0.36,-0.06
1784747967.0798,12:19:27.079,0.93,0.37,-0.06
1784747967.5794,12:19:27.579,0.91,0.40,-0.08
1784747968.0795,12:19:28.079,0.91,0.40,-0.09
1784747968.5793,12:19:28.579,0.89,0.44,-0.13
1784747969.0785,12:19:29.078,0.88,0.46,-0.11
1784747969.5786,12:19:29.578,0.92,0.38,-0.03
1784747970.0789,12:19:30.078,0.94,0.33,0.02
1784747970.5781,12:19:30.578,0.96,0.29,0.04
1784747971.0775,12:19:31.077,0.96,0.26,0.05
1784747971.5776,12:19:31.577,0.97,0.23,0.09
1784747972.0771,12:19:32.077,0.97,0.16,0.18
1784747972.5771,12:19:32.577,0.96,0.17,0.21
1784747973.0775,12:19:33.077,0.96,0.20,0.18
1784747973.5769,12:19:33.576,0.96,0.26,0.13
1784747974.077,12:19:34.077,0.95,0.28,0.11
1784747974.577,12:19:34.577,0.96,0.27,0.10
1784747975.077,12:19:35.077,0.97,0.24,0.06
1784747975.5763,12:19:35.576,0.98,0.20,0.05
1784747976.0763,12:19:36.076,0.98,0.20,0.03
1784747976.5765,12:19:36.576,0.98,0.18,0.05
1784747977.0764,12:19:37.076,0.98,0.18,0.09
1784747977.577,12:19:37.577,0.96,0.26,0.11
1784747978.0766,12:19:38.076,0.95,0.29,0.09
1784747978.5757,12:19:38.575,0.95,0.29,0.12
1784747979.0759,12:19:39.075,0.95,0.30,0.10
1784747979.5763,12:19:39.576,0.95,0.28,0.11
1784747980.076,12:19:40.076,0.96,0.26,0.12
1784747980.576,12:19:40.576,0.96,0.26,0.11
1784747981.0756,12:19:41.075,0.96,0.27,0.10
1784747981.5753,12:19:41.575,0.95,0.30,0.06
1784747982.0753,12:19:42.075,0.95,0.29,0.06
1784747982.5755,12:19:42.575,0.95,0.30,0.05
1784747983.0754,12:19:43.075,0.95,0.31,0.04
1784747983.5752,12:19:43.575,0.96,0.27,0.07
1784747984.0754,12:19:44.075,0.97,0.23,0.12
1784747984.5749,12:19:44.574,0.97,0.17,0.17
1784747985.0745,12:19:45.074,0.97,0.16,0.18
1784747985.5747,12:19:45.574,0.97,0.16,0.18
1784747986.074,12:19:46.074,0.97,0.16,0.17
1784747986.5738,12:19:46.573,0.97,0.18,0.16
1784747987.074,12:19:47.074,0.97,0.18,0.17
1784747987.5739,12:19:47.573,0.97,0.19,0.15
1784747988.0737,12:19:48.073,0.97,0.19,0.15
1784747988.5741,12:19:48.574,0.98,0.15,0.16
1784747989.0735,12:19:49.073,0.98,0.15,0.14
1784747989.5732,12:19:49.573,0.98,0.18,0.12
1784747990.0735,12:19:50.073,0.98,0.19,0.11
1784747990.5729,12:19:50.572,0.97,0.20,0.12
1784747991.0723,12:19:51.072,0.97,0.21,0.13
1784747991.5728,12:19:51.572,0.97,0.12,0.20
1784747992.0726,12:19:52.072,0.97,0.11,0.20
1784747992.5722,12:19:52.572,0.97,0.11,0.21
1784747993.0725,12:19:53.072,0.97,0.13,0.18
1784747993.5725,12:19:53.572,0.98,0.14,0.15
1784747994.0723,12:19:54.072,0.98,0.18,0.13
1784747994.5722,12:19:54.572,0.96,0.26,0.09
1784747995.0712,12:19:55.071,0.94,0.34,0.01
1784747995.5708,12:19:55.570,0.94,0.35,0.01
1784747996.0711,12:19:56.071,0.95,0.32,0.02
1784747996.5713,12:19:56.571,0.95,0.32,0.03
1784747997.0709,12:19:57.070,0.95,0.31,0.04
1784747997.571,12:19:57.571,0.95,0.30,0.06
1784747998.0714,12:19:58.071,0.95,0.30,0.03
1784747998.5704,12:19:58.570,0.97,0.26,0.01
1784747999.0705,12:19:59.070,0.97,0.26,0.01
1784747999.5701,12:19:59.570,0.96,0.29,-0.01
1784748000.0694,12:20:00.069,0.94,0.35,-0.02
1784748000.5691,12:20:00.569,0.94,0.35,0.00
1784748001.0695,12:20:01.069,0.93,0.36,0.00
1784748001.5691,12:20:01.569,0.94,0.35,0.00
1784748002.0688,12:20:02.068,0.95,0.30,0.04
1784748002.569,12:20:02.569,0.95,0.31,0.04
1784748003.0687,12:20:03.068,0.94,0.35,0.01
1784748003.5684,12:20:03.568,0.94,0.35,0.01
1784748004.0686,12:20:04.068,0.94,0.34,0.01
1784748004.5681,12:20:04.568,0.94,0.33,0.00
1784748005.068,12:20:05.068,0.94,0.35,-0.01
1784748005.568,12:20:05.568,0.92,0.38,-0.03
1784748006.0674,12:20:06.067,0.90,0.43,-0.07
1784748006.5673,12:20:06.567,0.91,0.40,-0.04
1784748007.0675,12:20:07.067,0.92,0.39,-0.01
1784748007.5667,12:20:07.566,0.93,0.37,-0.01
1784748008.0666,12:20:08.066,0.92,0.38,-0.04
1784748008.567,12:20:08.567,0.89,0.44,-0.09
1784748009.0664,12:20:09.066,0.89,0.45,-0.09
1784748009.5664,12:20:09.566,0.90,0.43,-0.07
1784748010.0668,12:20:10.066,0.94,0.35,-0.01
1784748010.5668,12:20:10.566,0.93,0.36,0.00
1784748011.0661,12:20:11.066,0.95,0.31,0.03
1784748011.5659,12:20:11.565,0.95,0.32,0.01
1784748012.0656,12:20:12.065,0.95,0.30,0.03
1784748012.5655,12:20:12.565,0.96,0.27,0.06
1784748013.0653,12:20:13.065,0.96,0.27,0.08
1784748013.5657,12:20:13.565,0.96,0.27,0.08
1784748014.065,12:20:14.065,0.96,0.25,0.09
1784748014.565,12:20:14.565,0.97,0.23,0.06
1784748015.0653,12:20:15.065,0.97,0.23,0.07
1784748015.5652,12:20:15.565,0.97,0.22,0.07
1784748016.0646,12:20:16.064,0.97,0.22,0.11
1784748016.5648,12:20:16.564,0.97,0.22,0.12
1784748017.0645,12:20:17.064,0.97,0.21,0.15
1784748017.5643,12:20:17.564,0.96,0.20,0.17
1784748018.0644,12:20:18.064,0.96,0.23,0.18
1784748018.564,12:20:18.564,0.96,0.22,0.18
1784748019.0634,12:20:19.063,0.96,0.21,0.18
1784748019.5635,12:20:19.563,0.96,0.21,0.18
1784748020.0631,12:20:20.063,0.96,0.23,0.16
1784748020.5627,12:20:20.562,0.96,0.25,0.12
1784748021.0628,12:20:21.062,0.95,0.29,0.09
1784748021.5628,12:20:21.562,0.95,0.30,0.09
1784748022.0626,12:20:22.062,0.95,0.32,0.05
1784748022.5629,12:20:22.562,0.95,0.32,0.01
1784748023.063,12:20:23.063,0.95,0.31,-0.01
1784748023.5624,12:20:23.562,0.94,0.33,-0.05
1784748024.0627,12:20:24.062,0.94,0.34,-0.05
1784748024.5623,12:20:24.562,0.94,0.34,-0.06
1784748025.0615,12:20:25.061,0.94,0.33,-0.04
1784748025.5618,12:20:25.561,0.95,0.30,0.01
1784748026.0618,12:20:26.061,0.95,0.30,0.00
1784748026.5614,12:20:26.561,0.94,0.35,-0.04
1784748027.0616,12:20:27.061,0.92,0.38,-0.06
1784748027.5619,12:20:27.561,0.92,0.39,-0.06
1784748028.0615,12:20:28.061,0.90,0.42,-0.06
1784748028.5614,12:20:28.561,0.90,0.42,-0.07
1784748029.0616,12:20:29.061,0.90,0.43,-0.08
1784748029.5606,12:20:29.560,0.90,0.42,-0.10
1784748030.0607,12:20:30.060,0.90,0.42,-0.10
1784748030.5606,12:20:30.560,0.90,0.42,-0.09
1784748031.06,12:20:31.060,0.90,0.43,-0.08
1784748031.5599,12:20:31.559,0.90,0.43,-0.09
1784748032.0597,12:20:32.059,0.90,0.43,-0.06
1784748032.5595,12:20:32.559,0.91,0.41,-0.03
1784748033.0596,12:20:33.059,0.92,0.39,-0.01
1784748033.5598,12:20:33.559,0.94,0.35,0.02
1784748034.0592,12:20:34.059,0.95,0.32,0.03
1784748034.5589,12:20:34.558,0.96,0.27,0.07
1784748035.0589,12:20:35.058,0.97,0.24,0.07
1784748035.5581,12:20:35.558,0.96,0.27,0.05
1784748036.0579,12:20:36.057,0.94,0.35,-0.02
1784748036.5581,12:20:36.558,0.92,0.39,-0.06
1784748037.0577,12:20:37.057,0.92,0.40,-0.07
1784748037.5574,12:20:37.557,0.92,0.40,-0.07
1784748038.0576,12:20:38.057,0.92,0.40,-0.03
1784748038.5578,12:20:38.557,0.93,0.37,0.00
1784748039.0573,12:20:39.057,0.93,0.37,0.00
1784748039.5577,12:20:39.557,0.95,0.29,0.05
1784748040.0575,12:20:40.057,0.96,0.29,0.04
1784748040.5566,12:20:40.556,0.96,0.28,0.02
1784748041.0564,12:20:41.056,0.96,0.29,0.01
1784748041.5564,12:20:41.556,0.93,0.37,-0.04
1784748042.0557,12:20:42.055,0.91,0.40,-0.07
1784748042.5557,12:20:42.555,0.91,0.40,-0.07
1784748043.0561,12:20:43.056,0.94,0.35,-0.02
1784748043.5556,12:20:43.555,0.96,0.28,0.05
1784748044.0556,12:20:44.055,0.96,0.25,0.09
1784748044.5553,12:20:44.555,0.96,0.27,0.09
1784748045.0547,12:20:45.054,0.96,0.28,0.09
1784748045.5551,12:20:45.555,0.95,0.31,0.06
1784748046.055,12:20:46.055,0.95,0.30,0.05
1784748046.5543,12:20:46.554,0.96,0.28,0.03
1784748047.0539,12:20:47.053,0.96,0.28,0.01
1784748047.5544,12:20:47.554,0.94,0.33,-0.03
1784748048.054,12:20:48.054,0.93,0.36,-0.05
1784748048.5535,12:20:48.553,0.92,0.39,-0.05
1784748049.0539,12:20:49.053,0.90,0.42,-0.08
1784748049.5532,12:20:49.553,0.89,0.44,-0.08
1784748050.053,12:20:50.053,0.89,0.46,-0.10
1784748050.5534,12:20:50.553,0.91,0.40,-0.09
1784748051.0534,12:20:51.053,0.91,0.41,-0.10
1784748051.5528,12:20:51.552,0.89,0.44,-0.12
1784748052.0531,12:20:52.053,0.89,0.44,-0.06
1784748052.5527,12:20:52.552,0.88,0.47,-0.04
1784748053.0523,12:20:53.052,0.88,0.47,0.00
1784748053.5531,12:20:53.553,0.89,0.45,0.02
1784748054.0525,12:20:54.052,0.90,0.43,0.03
1784748054.5519,12:20:54.551,0.91,0.42,0.04
1784748055.0524,12:20:55.052,0.92,0.39,0.06
1784748055.5524,12:20:55.552,0.92,0.38,0.07
1784748056.0516,12:20:56.051,0.92,0.39,0.07
1784748056.5521,12:20:56.552,0.94,0.31,0.12
1784748057.0521,12:20:57.052,0.95,0.26,0.14
1784748057.5517,12:20:57.551,0.96,0.25,0.14
1784748058.052,12:20:58.052,0.96,0.25,0.12
1784748058.552,12:20:58.552,0.95,0.28,0.11
1784748059.0514,12:20:59.051,0.95,0.29,0.09
1784748059.5513,12:20:59.551,0.95,0.29,0.09
1784748060.0514,12:21:00.051,0.96,0.28,0.07
1784748060.551,12:21:00.551,0.98,0.18,0.10
1784748061.0511,12:21:01.051,0.98,0.08,0.15
1784748061.5511,12:21:01.551,0.98,0.07,0.16
1784748062.0504,12:21:02.050,0.98,0.09,0.19
1784748062.5502,12:21:02.550,0.97,0.11,0.22
1784748063.0496,12:21:03.049,0.97,0.15,0.21
1784748063.5497,12:21:03.549,0.96,0.24,0.16
1784748064.0493,12:21:04.049,0.93,0.35,0.07
1784748064.5495,12:21:04.549,0.92,0.38,0.04
1784748065.0487,12:21:05.048,0.92,0.39,0.01
1784748065.5485,12:21:05.548,0.91,0.40,-0.01
1784748066.0486,12:21:06.048,0.92,0.40,0.01
1784748066.5487,12:21:06.548,0.94,0.34,0.02
1784748067.0477,12:21:07.047,0.94,0.34,0.03
1784748067.5477,12:21:07.547,0.95,0.32,0.02
1784748068.0484,12:21:08.048,0.95,0.32,0.00
1784748068.5482,12:21:08.548,0.94,0.34,-0.02
1784748069.0482,12:21:09.048,0.94,0.35,-0.02
1784748069.5485,12:21:09.548,0.92,0.39,-0.05
1784748070.0482,12:21:10.048,0.91,0.41,-0.03
1784748070.5488,12:21:10.548,0.93,0.36,0.02
1784748071.0489,12:21:11.048,0.95,0.32,0.04
1784748071.5485,12:21:11.548,0.94,0.34,0.01
1784748072.0484,12:21:12.048,0.94,0.34,-0.01
1784748072.5485,12:21:12.548,0.91,0.41,-0.06
1784748073.0483,12:21:13.048,0.89,0.44,-0.05
1784748073.5485,12:21:13.548,0.90,0.43,-0.01
1784748074.0482,12:21:14.048,0.93,0.37,0.04
1784748074.5474,12:21:14.547,0.94,0.34,0.06
1784748075.0474,12:21:15.047,0.95,0.29,0.12
1784748075.5475,12:21:15.547,0.95,0.28,0.12
1784748076.0469,12:21:16.046,0.96,0.22,0.15
1784748076.5468,12:21:16.546,0.98,0.15,0.16
1784748077.0466,12:21:17.046,0.98,0.15,0.14
1784748077.5454,12:21:17.545,0.98,0.15,0.13
1784748078.0453,12:21:18.045,0.99,0.13,0.11
1784748078.5451,12:21:18.545,0.99,0.10,0.13
1784748079.045,12:21:19.045,0.98,0.10,0.16
1784748079.5445,12:21:19.544,0.97,0.10,0.20
1784748080.0443,12:21:20.044,0.97,0.12,0.23
1784748080.5441,12:21:20.544,0.97,0.12,0.23
1784748081.0438,12:21:21.043,0.97,0.17,0.19
1784748081.5436,12:21:21.543,0.97,0.17,0.20
1784748082.0435,12:21:22.043,0.97,0.15,0.18
1784748082.5431,12:21:22.543,0.98,0.08,0.19
1784748083.0431,12:21:23.043,0.98,0.07,0.17
1784748083.5431,12:21:23.543,0.98,0.04,0.20
1784748084.0428,12:21:24.042,0.98,0.03,0.21
1784748084.5434,12:21:24.543,0.98,0.03,0.21
1784748085.0436,12:21:25.043,0.98,0.04,0.21
1784748085.5433,12:21:25.543,0.98,0.08,0.18
1784748086.0435,12:21:26.043,0.98,0.07,0.20
1784748086.5435,12:21:26.543,0.98,0.09,0.19
1784748087.0432,12:21:27.043,0.98,0.09,0.18
1784748087.5434,12:21:27.543,0.98,0.14,0.14
1784748088.0432,12:21:28.043,0.99,0.14,0.09
1784748088.5423,12:21:28.542,0.99,0.15,0.06
1784748089.0421,12:21:29.042,0.99,0.15,0.07
1784748089.5419,12:21:29.541,0.98,0.19,0.07
1784748090.0414,12:21:30.041,0.98,0.20,0.06
1784748090.5414,12:21:30.541,0.98,0.21,0.04
1784748091.0412,12:21:31.041,0.99,0.14,0.07
1784748091.5407,12:21:31.540,0.99,0.08,0.12
1784748092.0405,12:21:32.040,0.99,0.06,0.12
1784748092.5406,12:21:32.540,0.99,0.05,0.13
1784748093.0399,12:21:33.039,0.98,0.14,0.11
1784748093.5405,12:21:33.540,0.97,0.19,0.13
1784748094.0401,12:21:34.040,0.97,0.20,0.13
1784748094.54,12:21:34.540,0.98,0.19,0.10
1784748095.0396,12:21:35.039,0.98,0.18,0.07
1784748095.5398,12:21:35.539,0.98,0.19,0.05
1784748096.0395,12:21:36.039,0.97,0.26,0.03
1784748096.5389,12:21:36.538,0.95,0.30,0.01
1784748097.0392,12:21:37.039,0.95,0.30,0.01
1784748097.5388,12:21:37.538,0.96,0.29,0.00
1784748098.038,12:21:38.038,0.97,0.25,0.03
1784748098.5385,12:21:38.538,0.97,0.23,0.05
1784748099.0381,12:21:39.038,0.97,0.23,0.05
1784748099.5379,12:21:39.537,0.97,0.24,0.06
1784748100.0382,12:21:40.038,0.97,0.24,0.06
1784748100.5381,12:21:40.538,0.96,0.29,0.04
1784748101.0379,12:21:41.037,0.92,0.38,-0.04
1784748101.538,12:21:41.538,0.93,0.37,-0.04
1784748102.0382,12:21:42.038,0.93,0.37,-0.07
1784748102.5376,12:21:42.537,0.93,0.36,-0.06
1784748103.0377,12:21:43.037,0.93,0.36,-0.04
1784748103.5374,12:21:43.537,0.94,0.35,-0.01
1784748104.0364,12:21:44.036,0.95,0.32,-0.03
1784748104.5363,12:21:44.536,0.95,0.32,-0.03
1784748105.0365,12:21:45.036,0.95,0.32,0.00
1784748105.5359,12:21:45.535,0.96,0.29,0.08
1784748106.0358,12:21:46.035,0.95,0.29,0.12
1784748106.5362,12:21:46.536,0.96,0.27,0.12
1784748107.036,12:21:47.036,0.95,0.31,0.09
1784748107.5354,12:21:47.535,0.95,0.31,0.09
1784748108.0359,12:21:48.035,0.95,0.29,0.10
1784748108.5359,12:21:48.535,0.95,0.29,0.09
1784748109.0354,12:21:49.035,0.94,0.33,0.07
1784748109.5358,12:21:49.535,0.93,0.36,0.04
1784748110.0354,12:21:50.035,0.93,0.35,0.06
1784748110.5348,12:21:50.534,0.94,0.33,0.07
1784748111.035,12:21:51.035,0.95,0.30,0.09
1784748111.5344,12:21:51.534,0.96,0.27,0.11
1784748112.0338,12:21:52.033,0.97,0.19,0.15
1784748112.5342,12:21:52.534,0.97,0.12,0.20
1784748113.0338,12:21:53.033,0.97,0.13,0.19
1784748113.5339,12:21:53.533,0.97,0.15,0.19
1784748114.0341,12:21:54.034,0.96,0.20,0.19
1784748114.5341,12:21:54.534,0.96,0.20,0.18
1784748115.0334,12:21:55.033,0.96,0.20,0.17
1784748115.5336,12:21:55.533,0.97,0.14,0.20
1784748116.0332,12:21:56.033,0.97,0.11,0.20
1784748116.5329,12:21:56.532,0.97,0.12,0.20
1784748117.0331,12:21:57.033,0.97,0.15,0.19
1784748117.5327,12:21:57.532,0.97,0.22,0.14
1784748118.0326,12:21:58.032,0.97,0.21,0.14
1784748118.5324,12:21:58.532,0.97,0.19,0.14
1784748119.0328,12:21:59.032,0.98,0.16,0.12
1784748119.5325,12:21:59.532,0.98,0.15,0.12
1784748120.0325,12:22:00.032,0.98,0.15,0.12
1784748120.5323,12:22:00.532,0.98,0.16,0.14
1784748121.0316,12:22:01.031,0.97,0.19,0.12
1784748121.5314,12:22:01.531,0.97,0.21,0.15
1784748122.0311,12:22:02.031,0.97,0.17,0.18
1784748122.5306,12:22:02.530,0.97,0.10,0.20
1784748123.0305,12:22:03.030,0.98,0.10,0.18
1784748123.5303,12:22:03.530,0.98,0.13,0.16
1784748124.03,12:22:04.030,0.97,0.21,0.10
1784748124.5295,12:22:04.529,0.96,0.27,0.08
1784748125.0296,12:22:05.029,0.96,0.26,0.08
1784748125.5293,12:22:05.529,0.96,0.26,0.09
1784748126.0291,12:22:06.029,0.96,0.27,0.10
1784748126.5294,12:22:06.529,0.95,0.29,0.09
1784748127.0294,12:22:07.029,0.95,0.30,0.06
1784748127.5286,12:22:07.528,0.95,0.30,0.05
1784748128.0291,12:22:08.029,0.94,0.35,0.01
1784748128.5294,12:22:08.529,0.93,0.37,0.00
1784748129.0288,12:22:09.028,0.93,0.37,0.01
1784748129.5285,12:22:09.528,0.94,0.35,0.02
1784748130.0287,12:22:10.028,0.95,0.31,0.05
1784748130.5283,12:22:10.528,0.96,0.27,0.11
1784748131.0282,12:22:11.028,0.96,0.25,0.14
1784748131.5276,12:22:11.527,0.95,0.29,0.12
1784748132.0274,12:22:12.027,0.94,0.33,0.10
1784748132.5279,12:22:12.527,0.94,0.31,0.12
1784748133.0277,12:22:13.027,0.94,0.31,0.11
1784748133.5269,12:22:13.526,0.95,0.30,0.12
1784748134.027,12:22:14.027,0.95,0.27,0.15
1784748134.527,12:22:14.527,0.95,0.28,0.16
1784748135.0264,12:22:15.026,0.94,0.31,0.12
1784748135.5263,12:22:15.526,0.94,0.34,0.09
1784748136.0265,12:22:16.026,0.93,0.35,0.07
1784748136.5261,12:22:16.526,0.95,0.28,0.12
1784748137.0256,12:22:17.025,0.95,0.30,0.08
1784748137.5262,12:22:17.526,0.95,0.32,0.08
1784748138.0258,12:22:18.025,0.95,0.31,0.07
1784748138.5257,12:22:18.525,0.96,0.28,0.09
1784748139.0261,12:22:19.026,0.97,0.22,0.13
1784748139.5257,12:22:19.525,0.97,0.19,0.16
1784748140.0252,12:22:20.025,0.97,0.18,0.17
1784748140.5252,12:22:20.525,0.97,0.18,0.17
1784748141.0254,12:22:21.025,0.96,0.22,0.16
1784748141.5249,12:22:21.524,0.96,0.25,0.14
1784748142.0253,12:22:22.025,0.96,0.26,0.15
1784748142.5249,12:22:22.524,0.97,0.19,0.17
1784748143.025,12:22:23.025,0.97,0.10,0.20
1784748143.5252,12:22:23.525,0.97,0.06,0.24
1784748144.0247,12:22:24.024,0.97,0.03,0.25
1784748144.5242,12:22:24.524,0.98,0.02,0.21
1784748145.0246,12:22:25.024,0.98,0.01,0.21
1784748145.5241,12:22:25.524,0.98,0.01,0.21
1784748146.0235,12:22:26.023,0.97,0.02,0.22
1784748146.5237,12:22:26.523,0.97,0.07,0.23
1784748147.0242,12:22:27.024,0.97,0.11,0.23
1784748147.5236,12:22:27.523,0.97,0.12,0.23
1784748148.0236,12:22:28.023,0.97,0.15,0.21
1784748148.5239,12:22:28.523,0.97,0.18,0.18
1784748149.0233,12:22:29.023,0.97,0.23,0.12
1784748149.5225,12:22:29.522,0.96,0.25,0.10
1784748150.0226,12:22:30.022,0.96,0.29,0.06
1784748150.5226,12:22:30.522,0.95,0.32,0.07
1784748151.0222,12:22:31.022,0.94,0.33,0.09
1784748151.5227,12:22:31.522,0.94,0.34,0.11
1784748152.0221,12:22:32.022,0.94,0.34,0.10
1784748152.5219,12:22:32.521,0.94,0.33,0.10
1784748153.0222,12:22:33.022,0.94,0.33,0.10
1784748153.5214,12:22:33.521,0.95,0.29,0.12
1784748154.0208,12:22:34.020,0.95,0.29,0.10
1784748154.5211,12:22:34.521,0.95,0.28,0.12
1784748155.0206,12:22:35.020,0.96,0.25,0.11
1784748155.5206,12:22:35.520,0.97,0.19,0.13
1784748156.0205,12:22:36.020,0.98,0.11,0.18
1784748156.5207,12:22:36.520,0.98,0.07,0.21
1784748157.0204,12:22:37.020,0.97,0.06,0.22
1784748157.5206,12:22:37.520,0.98,0.04,0.20
1784748158.0206,12:22:38.020,0.98,0.03,0.19
1784748158.5199,12:22:38.519,0.98,-0.01,0.19
1784748159.0201,12:22:39.020,0.98,-0.01,0.18
1784748159.5199,12:22:39.519,0.98,-0.01,0.21
1784748160.0194,12:22:40.019,0.97,-0.03,0.22
1784748160.5188,12:22:40.518,0.97,-0.03,0.22
1784748161.0189,12:22:41.018,0.98,0.02,0.18
1784748161.5182,12:22:41.518,0.98,0.06,0.18
1784748162.0188,12:22:42.018,0.98,0.07,0.20
1784748162.5186,12:22:42.518,0.97,0.07,0.22
1784748163.0184,12:22:43.018,0.97,0.08,0.21
1784748163.5186,12:22:43.518,0.97,0.12,0.19
1784748164.0178,12:22:44.017,0.97,0.14,0.19
1784748164.5173,12:22:44.517,0.97,0.18,0.17
1784748165.0175,12:22:45.017,0.97,0.22,0.12
1784748165.5173,12:22:45.517,0.96,0.24,0.11
1784748166.0174,12:22:46.017,0.96,0.25,0.08
1784748166.5172,12:22:46.517,0.96,0.27,0.07
1784748167.0174,12:22:47.017,0.96,0.26,0.07
1784748167.5175,12:22:47.517,0.97,0.25,0.07
1784748168.0175,12:22:48.017,0.97,0.25,0.05
1784748168.5175,12:22:48.517,0.96,0.27,0.03
1784748169.0173,12:22:49.017,0.96,0.26,0.03
1784748169.5171,12:22:49.517,0.96,0.29,0.02
1784748170.0166,12:22:50.016,0.96,0.27,0.05
1784748170.5158,12:22:50.515,0.96,0.27,0.06
1784748171.016,12:22:51.016,0.96,0.25,0.09
1784748171.5161,12:22:51.516,0.97,0.24,0.09
1784748172.0163,12:22:52.016,0.97,0.23,0.11
1784748172.5165,12:22:52.516,0.97,0.20,0.13
1784748173.0164,12:22:53.016,0.97,0.20,0.14
1784748173.5162,12:22:53.516,0.97,0.18,0.15
1784748174.0152,12:22:54.015,0.97,0.16,0.15
1784748174.5157,12:22:54.515,0.98,0.15,0.16
1784748175.0157,12:22:55.015,0.97,0.12,0.20
1784748175.5153,12:22:55.515,0.96,0.06,0.26
1784748176.0153,12:22:56.015,0.95,0.00,0.30
1784748176.5145,12:22:56.514,0.96,-0.03,0.28
1784748177.0139,12:22:57.013,0.96,-0.05,0.28
1784748177.5136,12:22:57.513,0.95,-0.08,0.30
1784748178.0134,12:22:58.013,0.95,-0.09,0.29
1784748178.5131,12:22:58.513,0.95,-0.09,0.28
1784748179.0129,12:22:59.012,0.97,-0.07,0.25
1784748179.5131,12:22:59.513,0.98,-0.05,0.21
1784748180.0127,12:23:00.012,0.98,-0.02,0.20
1784748180.5127,12:23:00.512,0.98,-0.02,0.18
1784748181.013,12:23:01.013,0.98,0.02,0.19
1784748181.5131,12:23:01.513,0.98,0.04,0.22
1784748182.0131,12:23:02.013,0.97,0.05,0.24
1784748182.5127,12:23:02.512,0.97,0.07,0.24
1784748183.0122,12:23:03.012,0.97,0.07,0.24
1784748183.5124,12:23:03.512,0.97,0.05,0.26
1784748184.012,12:23:04.012,0.97,0.04,0.24
1784748184.5117,12:23:04.511,0.98,0.08,0.20
1784748185.0113,12:23:05.011,0.98,0.08,0.18
1784748185.5111,12:23:05.511,0.98,0.08,0.19
1784748186.0112,12:23:06.011,0.97,0.07,0.22
1784748186.511,12:23:06.511,0.97,0.04,0.24
1784748187.0112,12:23:07.011,0.97,0.04,0.24
1784748187.5109,12:23:07.510,0.97,0.03,0.22
1784748188.0105,12:23:08.010,0.98,0.08,0.17
1784748188.5101,12:23:08.510,0.98,0.09,0.15
1784748189.0102,12:23:09.010,0.98,0.09,0.15
1784748189.5098,12:23:09.509,0.99,0.08,0.15
1784748190.0103,12:23:10.010,0.98,0.08,0.16
1784748190.5099,12:23:10.509,0.98,0.07,0.16
1784748191.0095,12:23:11.009,0.98,0.08,0.16
1784748191.5096,12:23:11.509,0.98,0.13,0.16
1784748192.0098,12:23:12.009,0.98,0.13,0.17
1784748192.509,12:23:12.509,0.97,0.15,0.17
1784748193.0091,12:23:13.009,0.97,0.14,0.18
1784748193.5091,12:23:13.509,0.98,0.10,0.19
1784748194.0081,12:23:14.008,0.98,0.07,0.19
1784748194.5084,12:23:14.508,0.98,0.06,0.19
1784748195.0084,12:23:15.008,0.98,0.09,0.19
1784748195.508,12:23:15.508,0.98,0.10,0.19
1784748196.0075,12:23:16.007,0.98,0.10,0.18
1784748196.5075,12:23:16.507,0.98,0.14,0.16
1784748197.0071,12:23:17.007,0.98,0.14,0.16
1784748197.507,12:23:17.507,0.97,0.16,0.18
1784748198.0071,12:23:18.007,0.97,0.12,0.20
1784748198.5069,12:23:18.506,0.97,0.05,0.24
1784748199.007,12:23:19.007,0.97,0.01,0.25
1784748199.5072,12:23:19.507,0.97,0.01,0.24
1784748200.0064,12:23:20.006,0.98,0.02,0.22
1784748200.5061,12:23:20.506,0.98,0.06,0.19
1784748201.0063,12:23:21.006,0.98,0.16,0.12
1784748201.5059,12:23:21.505,0.98,0.17,0.11
1784748202.0056,12:23:22.005,0.98,0.20,0.08
1784748202.5062,12:23:22.506,0.97,0.20,0.10
1784748203.0061,12:23:23.006,0.97,0.21,0.10
1784748203.5055,12:23:23.505,0.96,0.27,0.06
1784748204.0055,12:23:24.005,0.96,0.27,0.07
1784748204.505,12:23:24.505,0.96,0.24,0.10
1784748205.0041,12:23:25.004,0.96,0.25,0.12
1784748205.5045,12:23:25.504,0.96,0.23,0.13
1784748206.0048,12:23:26.004,0.97,0.21,0.15
1784748206.505,12:23:26.505,0.97,0.19,0.17
1784748207.005,12:23:27.005,0.97,0.19,0.16
1784748207.5045,12:23:27.504,0.97,0.20,0.15
1784748208.0043,12:23:28.004,0.96,0.22,0.16
1784748208.5041,12:23:28.504,0.96,0.23,0.17
1784748209.0042,12:23:29.004,0.96,0.19,0.19
1784748209.5036,12:23:29.503,0.96,0.09,0.25
1784748210.0032,12:23:30.003,0.97,0.09,0.22
1784748210.5029,12:23:30.502,0.98,0.08,0.19
1784748211.0025,12:23:31.002,0.98,0.10,0.17
1784748211.5029,12:23:31.502,0.98,0.13,0.17
1784748212.0028,12:23:32.002,0.97,0.14,0.19
1784748212.5019,12:23:32.501,0.97,0.16,0.17
1784748213.0019,12:23:33.001,0.97,0.18,0.17
1784748213.5023,12:23:33.502,0.97,0.19,0.17
1784748214.0023,12:23:34.002,0.97,0.18,0.18
1784748214.502,12:23:34.502,0.97,0.15,0.20
1784748215.0018,12:23:35.001,0.97,0.10,0.20
1784748215.5016,12:23:35.501,0.97,0.09,0.21
1784748216.0011,12:23:36.001,0.97,0.08,0.21
1784748216.5011,12:23:36.501,0.97,0.04,0.23
1784748217.0011,12:23:37.001,0.97,0.04,0.23
1784748217.5012,12:23:37.501,0.98,0.11,0.19
1784748218.0008,12:23:38.000,0.98,0.15,0.14
1784748218.5006,12:23:38.500,0.97,0.20,0.09
1784748219.0005,12:23:39.000,0.97,0.23,0.10
1784748219.5007,12:23:39.500,0.96,0.26,0.07
1784748220.0005,12:23:40.000,0.95,0.30,0.04
1784748220.5001,12:23:40.500,0.93,0.36,-0.01
1784748221.0005,12:23:41.000,0.92,0.40,-0.04
1784748221.4999,12:23:41.499,0.92,0.40,-0.04
1784748221.9994,12:23:41.999,0.92,0.39,-0.04
1784748222.4996,12:23:42.499,0.93,0.37,-0.03
1784748222.9995,12:23:42.999,0.93,0.37,-0.03
1784748223.4986,12:23:43.498,0.93,0.38,-0.04
1784748223.9984,12:23:43.998,0.92,0.38,-0.07
1784748224.4986,12:23:44.498,0.92,0.38,-0.07
1784748224.9979,12:23:44.997,0.92,0.39,-0.07
1784748225.4979,12:23:45.497,0.92,0.39,-0.04
1784748225.9984,12:23:45.998,0.92,0.38,-0.01
1784748226.4974,12:23:46.497,0.92,0.38,0.00
1784748226.9978,12:23:46.997,0.94,0.35,0.01
1784748227.4979,12:23:47.497,0.94,0.34,0.01
1784748227.9975,12:23:47.997,0.97,0.25,0.07
1784748228.4975,12:23:48.497,0.97,0.21,0.09
1784748228.998,12:23:48.998,0.97,0.19,0.13
1784748229.4973,12:23:49.497,0.98,0.17,0.14
1784748229.9967,12:23:49.996,0.98,0.11,0.18
1784748230.4972,12:23:50.497,0.98,0.09,0.19
1784748230.9966,12:23:50.996,0.98,0.10,0.18
1784748231.496,12:23:51.496,0.98,0.11,0.18
1784748231.9967,12:23:51.996,0.98,0.11,0.18
1784748232.4967,12:23:52.496,0.98,0.17,0.12
1784748232.9965,12:23:52.996,0.97,0.26,0.02
1784748233.497,12:23:53.497,0.95,0.32,-0.03
1784748233.9966,12:23:53.996,0.94,0.34,-0.05
1784748234.496,12:23:54.496,0.93,0.37,-0.03
1784748234.9961,12:23:54.996,0.93,0.38,-0.03
1784748235.4957,12:23:55.495,0.95,0.30,0.05
1784748235.9954,12:23:55.995,0.97,0.20,0.13
1784748236.4956,12:23:56.495,0.97,0.20,0.10
1784748236.9948,12:23:56.994,0.97,0.24,0.07
1784748237.4943,12:23:57.494,0.97,0.24,0.07
1784748237.9943,12:23:57.994,0.97,0.23,0.12
1784748238.4941,12:23:58.494,0.95,0.30,0.06
1784748238.9936,12:23:58.993,0.96,0.29,0.08
1784748239.4942,12:23:59.494,0.96,0.24,0.11
1784748239.9944,12:23:59.994,0.97,0.21,0.16
1784748240.494,12:24:00.494,0.97,0.18,0.18
1784748240.9945,12:24:00.994,0.97,0.17,0.17
1784748241.4943,12:24:01.494,0.97,0.18,0.19
1784748241.994,12:24:01.994,0.97,0.17,0.19
1784748242.4938,12:24:02.493,0.96,0.19,0.19
1784748242.9936,12:24:02.993,0.96,0.20,0.17
1784748243.4931,12:24:03.493,0.96,0.26,0.15
1784748243.9926,12:24:03.992,0.96,0.26,0.14
1784748244.4925,12:24:04.492,0.95,0.27,0.13
1784748244.9924,12:24:04.992,0.95,0.31,0.08
1784748245.4924,12:24:05.492,0.95,0.31,0.04
1784748245.9924,12:24:05.992,0.94,0.33,-0.01
1784748246.4919,12:24:06.491,0.95,0.32,0.01
1784748246.9913,12:24:06.991,0.94,0.33,-0.01
1784748247.4913,12:24:07.491,0.95,0.32,-0.02
1784748247.991,12:24:07.991,0.95,0.32,-0.03
1784748248.491,12:24:08.491,0.96,0.28,0.01
1784748248.9915,12:24:08.991,0.97,0.26,0.01
1784748249.4915,12:24:09.491,0.96,0.27,0.01
1784748249.9911,12:24:09.991,0.96,0.27,0.01
1784748250.4914,12:24:10.491,0.96,0.28,0.00
1784748250.9916,12:24:10.991,0.95,0.30,-0.01
1784748251.4912,12:24:11.491,0.95,0.31,-0.01
1784748251.9915,12:24:11.991,0.95,0.32,0.00
1784748252.4911,12:24:12.491,0.95,0.32,0.00
1784748252.9907,12:24:12.990,0.95,0.30,0.03
1784748253.491,12:24:13.491,0.97,0.20,0.13
1784748253.9908,12:24:13.990,0.97,0.16,0.17
1784748254.4903,12:24:14.490,0.97,0.14,0.19
1784748254.9901,12:24:14.990,0.97,0.12,0.20
1784748255.4903,12:24:15.490,0.98,0.12,0.19
1784748255.99,12:24:15.990,0.97,0.21,0.12
1784748256.4898,12:24:16.489,0.97,0.21,0.14
1784748256.9898,12:24:16.989,0.97,0.20,0.16
1784748257.4889,12:24:17.488,0.97,0.09,0.23
1784748257.9888,12:24:17.988,0.95,0.00,0.30
1784748258.4886,12:24:18.488,0.96,0.00,0.29
1784748258.9881,12:24:18.988,0.96,0.02,0.28
1784748259.4879,12:24:19.487,0.97,0.06,0.24
1784748259.9883,12:24:19.988,0.97,0.12,0.19
1784748260.4876,12:24:20.487,0.97,0.15,0.17
1784748260.9872,12:24:20.987,0.97,0.17,0.15
1784748261.4874,12:24:21.487,0.97,0.19,0.13
1784748261.9869,12:24:21.986,0.98,0.19,0.11
1784748262.4865,12:24:22.486,0.97,0.20,0.11
1784748262.9868,12:24:22.986,0.98,0.17,0.13
1784748263.4872,12:24:23.487,0.97,0.16,0.15
1784748263.9868,12:24:23.986,0.97,0.16,0.16
1784748264.4871,12:24:24.487,0.97,0.16,0.17
1784748264.9866,12:24:24.986,0.97,0.16,0.16
1784748265.4858,12:24:25.485,0.97,0.19,0.18
1784748265.9863,12:24:25.986,0.97,0.17,0.19
1784748266.4857,12:24:26.485,0.97,0.17,0.20
1784748266.9857,12:24:26.985,0.97,0.17,0.18
1784748267.4858,12:24:27.485,0.97,0.21,0.12
1784748267.9858,12:24:27.985,0.97,0.22,0.08
1784748268.4848,12:24:28.484,0.97,0.22,0.08
1784748268.9851,12:24:28.985,0.97,0.22,0.10
1784748269.4847,12:24:29.484,0.97,0.23,0.11
1784748269.9839,12:24:29.983,0.96,0.22,0.14
1784748270.4838,12:24:30.483,0.97,0.20,0.16
1784748270.984,12:24:30.984,0.97,0.18,0.17
1784748271.4837,12:24:31.483,0.97,0.17,0.18
1784748271.9837,12:24:31.983,0.97,0.18,0.18
1784748272.4833,12:24:32.483,0.97,0.19,0.16
1784748272.9832,12:24:32.983,0.96,0.22,0.15
1784748273.4826,12:24:33.482,0.96,0.24,0.13
1784748273.983,12:24:33.983,0.96,0.28,0.10
1784748274.4829,12:24:34.482,0.96,0.28,0.09
1784748274.9823,12:24:34.982,0.96,0.26,0.10
1784748275.4823,12:24:35.482,0.96,0.27,0.06
1784748275.982,12:24:35.982,0.96,0.29,0.05
1784748276.4816,12:24:36.481,0.95,0.30,0.02
1784748276.982,12:24:36.982,0.97,0.22,0.08
1784748277.4821,12:24:37.482,0.98,0.19,0.10
1784748277.9821,12:24:37.982,0.98,0.19,0.10
1784748278.4822,12:24:38.482,0.98,0.20,0.10
1784748278.9814,12:24:38.981,0.96,0.27,0.05
1784748279.4808,12:24:39.480,0.96,0.27,0.05
1784748279.9808,12:24:39.980,0.95,0.31,0.06
1784748280.4801,12:24:40.480,0.95,0.31,0.07
1784748280.9795,12:24:40.979,0.95,0.32,0.06
1784748281.4797,12:24:41.479,0.96,0.29,0.04
1784748281.9798,12:24:41.979,0.97,0.25,0.06
1784748282.479,12:24:42.479,0.97,0.25,0.05
1784748282.9794,12:24:42.979,0.97,0.23,0.06
1784748283.4797,12:24:43.479,0.97,0.22,0.08
1784748283.9791,12:24:43.979,0.98,0.20,0.10
1784748284.479,12:24:44.479,0.97,0.19,0.13
1784748284.9786,12:24:44.978,0.97,0.19,0.16
1784748285.4782,12:24:45.478,0.97,0.19,0.17
1784748285.9787,12:24:45.978,0.97,0.18,0.18
1784748286.4787,12:24:46.478,0.97,0.19,0.17
1784748286.9784,12:24:46.978,0.97,0.19,0.17
1784748287.4785,12:24:47.478,0.96,0.22,0.15
1784748287.9787,12:24:47.978,0.96,0.23,0.13
1784748288.478,12:24:48.478,0.96,0.26,0.12
1784748288.9779,12:24:48.977,0.96,0.27,0.10
1784748289.4783,12:24:49.478,0.95,0.30,0.06
1784748289.9775,12:24:49.977,0.95,0.31,0.07
1784748290.4773,12:24:50.477,0.95,0.31,0.05
1784748290.9771,12:24:50.977,0.97,0.24,0.10
1784748291.4767,12:24:51.476,0.97,0.23,0.09
1784748291.976,12:24:51.976,0.97,0.25,0.06
1784748292.476,12:24:52.476,0.97,0.25,0.06
1784748292.976,12:24:52.976,0.97,0.23,0.08
1784748293.4758,12:24:53.475,0.97,0.22,0.11
1784748293.9762,12:24:53.976,0.97,0.23,0.10
1784748294.4757,12:24:54.475,0.97,0.24,0.10
1784748294.9754,12:24:54.975,0.96,0.26,0.09
1784748295.4758,12:24:55.475,0.96,0.27,0.06
1784748295.975,12:24:55.975,0.96,0.29,0.05
1784748296.4749,12:24:56.474,0.97,0.25,0.07
1784748296.9753,12:24:56.975,0.96,0.26,0.05
1784748297.4751,12:24:57.475,0.95,0.30,0.02
1784748297.9746,12:24:57.974,0.96,0.28,0.05
1784748298.4748,12:24:58.474,0.96,0.25,0.08
1784748298.9744,12:24:58.974,0.97,0.19,0.13
1784748299.4741,12:24:59.474,0.98,0.16,0.11
1784748299.9739,12:24:59.973,0.98,0.14,0.13
1784748300.4743,12:25:00.474,0.98,0.14,0.13
1784748300.974,12:25:00.974,0.98,0.16,0.14
1784748301.4742,12:25:01.474,0.97,0.20,0.11
1784748301.9746,12:25:01.974,0.97,0.24,0.10
1784748302.4745,12:25:02.474,0.96,0.28,0.07
1784748302.9743,12:25:02.974,0.95,0.30,0.07
1784748303.4746,12:25:03.474,0.95,0.32,0.08
1784748303.9742,12:25:03.974,0.95,0.31,0.08
1784748304.474,12:25:04.474,0.95,0.30,0.05
1784748304.9739,12:25:04.973,0.96,0.28,0.05
1784748305.4729,12:25:05.472,0.96,0.29,0.05
1784748305.9727,12:25:05.972,0.96,0.29,0.06
1784748306.4732,12:25:06.473,0.95,0.30,0.07
1784748306.9728,12:25:06.972,0.95,0.30,0.04
1784748307.4726,12:25:07.472,0.95,0.30,0.03
1784748307.9729,12:25:07.972,0.95,0.31,0.02
1784748308.4727,12:25:08.472,0.96,0.28,0.05
1784748308.9725,12:25:08.972,0.96,0.28,0.00
1784748309.473,12:25:09.473,0.96,0.27,0.02
1784748309.9722,12:25:09.972,0.96,0.27,0.03
1784748310.4722,12:25:10.472,0.97,0.22,0.07
1784748310.9726,12:25:10.972,0.97,0.20,0.11
1784748311.4724,12:25:11.472,0.98,0.18,0.11
1784748311.9721,12:25:11.972,0.97,0.21,0.10
1784748312.4723,12:25:12.472,0.96,0.25,0.07
1784748312.9719,12:25:12.971,0.96,0.25,0.07
1784748313.4712,12:25:13.471,0.96,0.28,0.07
1784748313.9714,12:25:13.971,0.96,0.28,0.07
1784748314.471,12:25:14.471,0.94,0.33,0.02
1784748314.9705,12:25:14.970,0.92,0.39,-0.04
1784748315.4705,12:25:15.470,0.91,0.41,0.00
1784748315.9703,12:25:15.970,0.92,0.40,0.02
1784748316.4696,12:25:16.469,0.91,0.41,0.02
1784748316.97,12:25:16.970,0.92,0.39,0.07
1784748317.4704,12:25:17.470,0.92,0.37,0.10
1784748317.9699,12:25:17.969,0.93,0.37,0.09
1784748318.4703,12:25:18.470,0.93,0.36,0.10
1784748318.9698,12:25:18.969,0.92,0.38,0.06
1784748319.469,12:25:19.469,0.93,0.36,0.06
1784748319.9688,12:25:19.968,0.94,0.34,0.08
1784748320.4683,12:25:20.468,0.93,0.37,0.08
1784748320.9679,12:25:20.967,0.94,0.31,0.10
1784748321.4679,12:25:21.467,0.94,0.31,0.10
1784748321.9684,12:25:21.968,0.94,0.31,0.11
1784748322.4684,12:25:22.468,0.95,0.29,0.12
1784748322.9682,12:25:22.968,0.95,0.28,0.12
1784748323.4681,12:25:23.468,0.97,0.19,0.16
1784748323.968,12:25:23.968,0.97,0.19,0.16
1784748324.4678,12:25:24.467,0.97,0.16,0.18
1784748324.9681,12:25:24.968,0.97,0.15,0.20
1784748325.4677,12:25:25.467,0.97,0.21,0.15
1784748325.9674,12:25:25.967,0.97,0.19,0.15
1784748326.467,12:25:26.467,0.97,0.17,0.15
1784748326.9662,12:25:26.966,0.97,0.07,0.23
1784748327.4661,12:25:27.466,0.96,0.02,0.27
1784748327.9667,12:25:27.966,0.96,0.00,0.27
1784748328.4665,12:25:28.466,0.96,0.00,0.29
1784748328.9658,12:25:28.965,0.96,0.03,0.27
1784748329.4658,12:25:29.465,0.97,0.01,0.26
1784748329.9652,12:25:29.965,0.97,0.02,0.23
1784748330.4647,12:25:30.464,0.97,0.00,0.23
1784748330.9651,12:25:30.965,0.98,0.01,0.22
1784748331.4654,12:25:31.465,0.97,0.02,0.23
1784748331.9651,12:25:31.965,0.98,0.03,0.21
1784748332.4653,12:25:32.465,0.98,0.04,0.20
1784748332.9653,12:25:32.965,0.98,0.04,0.21
1784748333.465,12:25:33.465,0.98,0.03,0.22
1784748333.9651,12:25:33.965,0.98,0.03,0.22
1784748334.4648,12:25:34.464,0.98,0.04,0.21
1784748334.9642,12:25:34.964,0.98,0.05,0.21
1784748335.464,12:25:35.464,0.98,0.05,0.20
1784748335.9643,12:25:35.964,0.98,0.06,0.21
1784748336.4637,12:25:36.463,0.98,0.08,0.20
1784748336.9635,12:25:36.963,0.98,0.17,0.14
1784748337.4638,12:25:37.463,0.97,0.23,0.13
1784748337.9634,12:25:37.963,0.96,0.24,0.13
1784748338.4631,12:25:38.463,0.97,0.20,0.16
1784748338.9638,12:25:38.963,0.97,0.21,0.14
1784748339.4633,12:25:39.463,0.97,0.23,0.12
1784748339.9629,12:25:39.962,0.96,0.25,0.12
1784748340.4632,12:25:40.463,0.95,0.28,0.13
1784748340.9628,12:25:40.962,0.95,0.27,0.14
1784748341.4625,12:25:41.462,0.95,0.28,0.13
1784748341.9631,12:25:41.963,0.95,0.30,0.11
1784748342.4627,12:25:42.462,0.93,0.35,0.06
1784748342.9622,12:25:42.962,0.93,0.37,0.04
1784748343.4622,12:25:43.462,0.92,0.39,0.02
1784748343.9622,12:25:43.962,0.91,0.42,0.02
1784748344.4617,12:25:44.461,0.90,0.43,0.00
1784748344.9615,12:25:44.961,0.90,0.43,0.01
1784748345.4611,12:25:45.461,0.91,0.41,0.03
1784748345.9607,12:25:45.960,0.93,0.36,0.07
1784748346.4609,12:25:46.460,0.94,0.35,0.04
1784748346.9606,12:25:46.960,0.93,0.38,-0.01
1784748347.4602,12:25:47.460,0.91,0.41,-0.05
1784748347.9604,12:25:47.960,0.91,0.42,-0.03
1784748348.4609,12:25:48.460,0.91,0.41,0.00
1784748348.9603,12:25:48.960,0.94,0.34,0.07
1784748349.4599,12:25:49.459,0.96,0.26,0.13
1784748349.9606,12:25:49.960,0.97,0.14,0.19
1784748350.4602,12:25:50.460,0.98,0.12,0.18
1784748350.9602,12:25:50.960,0.98,0.11,0.18
1784748351.4605,12:25:51.460,0.98,0.11,0.19
1784748351.9599,12:25:51.959,0.98,0.14,0.17
1784748352.4602,12:25:52.460,0.98,0.12,0.19
1784748352.9602,12:25:52.960,0.98,0.09,0.20
1784748353.4596,12:25:53.459,0.97,0.07,0.22
1784748353.9597,12:25:53.959,0.97,0.06,0.22
1784748354.4599,12:25:54.459,0.97,0.06,0.23
1784748354.9594,12:25:54.959,0.98,0.11,0.19
1784748355.4591,12:25:55.459,0.97,0.11,0.20
1784748355.9589,12:25:55.958,0.98,0.11,0.19
1784748356.4579,12:25:56.457,0.98,0.11,0.19
1784748356.957,12:25:56.957,0.97,0.15,0.18
1784748357.457,12:25:57.457,0.97,0.17,0.18
1784748357.9569,12:25:57.956,0.97,0.15,0.18
1784748358.4559,12:25:58.455,0.97,0.16,0.16
1784748358.9561,12:25:58.956,0.97,0.19,0.14
1784748359.4558,12:25:59.455,0.97,0.21,0.12
1784748359.9554,12:25:59.955,0.96,0.23,0.14
1784748360.4552,12:26:00.455,0.96,0.22,0.14
1784748360.9551,12:26:00.955,0.97,0.21,0.11
1784748361.4551,12:26:01.455,0.97,0.22,0.08
1784748361.9554,12:26:01.955,0.97,0.21,0.09
1784748362.4551,12:26:02.455,0.98,0.20,0.10
1784748362.9547,12:26:02.954,0.97,0.18,0.16
1784748363.4549,12:26:03.454,0.96,0.19,0.18
1784748363.9548,12:26:03.954,0.96,0.19,0.19
1784748364.4546,12:26:04.454,0.96,0.24,0.17
1784748364.9546,12:26:04.954,0.95,0.28,0.15
1784748365.4543,12:26:05.454,0.95,0.26,0.14
1784748365.9539,12:26:05.953,0.95,0.26,0.14
1784748366.4535,12:26:06.453,0.96,0.24,0.14
1784748366.9538,12:26:06.953,0.96,0.23,0.14
1784748367.4534,12:26:07.453,0.96,0.23,0.13
1784748367.9533,12:26:07.953,0.96,0.24,0.13
1784748368.4534,12:26:08.453,0.96,0.25,0.13
1784748368.953,12:26:08.953,0.96,0.26,0.12
1784748369.4523,12:26:09.452,0.96,0.18,0.19
1784748369.9521,12:26:09.952,0.97,0.19,0.18
1784748370.4517,12:26:10.451,0.97,0.20,0.15
1784748370.9518,12:26:10.951,0.96,0.26,0.12
1784748371.4518,12:26:11.451,0.96,0.26,0.12
1784748371.9514,12:26:11.951,0.96,0.26,0.10
1784748372.4511,12:26:12.451,0.96,0.27,0.07
1784748372.9515,12:26:12.951,0.94,0.33,0.02
1784748373.4513,12:26:13.451,0.94,0.34,0.00
1784748373.9512,12:26:13.951,0.93,0.37,-0.02
1784748374.4516,12:26:14.451,0.93,0.36,-0.03
1784748374.9518,12:26:14.951,0.94,0.35,-0.02
1784748375.4513,12:26:15.451,0.94,0.35,0.00
1784748375.9517,12:26:15.951,0.94,0.34,0.02
1784748376.4511,12:26:16.451,0.95,0.30,0.06
1784748376.9506,12:26:16.950,0.95,0.31,0.07
1784748377.4504,12:26:17.450,0.95,0.31,0.10
1784748377.9509,12:26:17.950,0.94,0.32,0.08
1784748378.4506,12:26:18.450,0.95,0.32,0.07
1784748378.9506,12:26:18.950,0.97,0.24,0.06
1784748379.4505,12:26:19.450,0.97,0.24,0.04
1784748379.9499,12:26:19.949,0.97,0.22,0.06
1784748380.4495,12:26:20.449,0.97,0.22,0.10
1784748380.9498,12:26:20.949,0.97,0.18,0.16
1784748381.4495,12:26:21.449,0.97,0.16,0.18
1784748381.9493,12:26:21.949,0.98,0.13,0.16
1784748382.4497,12:26:22.449,0.98,0.13,0.16
1784748382.9495,12:26:22.949,0.97,0.18,0.15
1784748383.4493,12:26:23.449,0.97,0.21,0.12
1784748383.9494,12:26:23.949,0.97,0.20,0.13
1784748384.4485,12:26:24.448,0.98,0.16,0.14
1784748384.9484,12:26:24.948,0.98,0.17,0.13
1784748385.4486,12:26:25.448,0.97,0.20,0.12
1784748385.9482,12:26:25.948,0.97,0.21,0.14
1784748386.4483,12:26:26.448,0.96,0.24,0.11
1784748386.9479,12:26:26.947,0.95,0.29,0.07
1784748387.4477,12:26:27.447,0.95,0.31,0.08
1784748387.9468,12:26:27.946,0.95,0.31,0.09
1784748388.4471,12:26:28.447,0.95,0.30,0.07
1784748388.9469,12:26:28.946,0.96,0.28,0.05
1784748389.446,12:26:29.446,0.96,0.26,0.05
1784748389.9462,12:26:29.946,0.96,0.26,0.05
1784748390.4462,12:26:30.446,0.96,0.28,0.00
1784748390.9461,12:26:30.946,0.95,0.31,-0.03
1784748391.4467,12:26:31.446,0.94,0.33,0.02
1784748391.947,12:26:31.947,0.95,0.30,0.09
1784748392.4468,12:26:32.446,0.96,0.26,0.13
1784748392.9468,12:26:32.946,0.96,0.22,0.15
1784748393.4471,12:26:33.447,0.97,0.20,0.16
1784748393.9467,12:26:33.946,0.96,0.19,0.19
1784748394.446,12:26:34.446,0.96,0.17,0.22
1784748394.9457,12:26:34.945,0.96,0.16,0.21
1784748395.4447,12:26:35.444,0.96,0.14,0.22
1784748395.9447,12:26:35.944,0.97,0.14,0.22
1784748396.4448,12:26:36.444,0.97,0.13,0.21
1784748396.9444,12:26:36.944,0.97,0.14,0.20
1784748397.4442,12:26:37.444,0.97,0.14,0.19
1784748397.9443,12:26:37.944,0.97,0.20,0.15
1784748398.4437,12:26:38.443,0.96,0.23,0.13
1784748398.9433,12:26:38.943,0.97,0.21,0.15
1784748399.4432,12:26:39.443,0.97,0.16,0.18
1784748399.9428,12:26:39.942,0.97,0.15,0.18
1784748400.4425,12:26:40.442,0.98,0.14,0.17
1784748400.9425,12:26:40.942,0.97,0.15,0.17
1784748401.4423,12:26:41.442,0.97,0.15,0.17
1784748401.9422,12:26:41.942,0.97,0.14,0.18
1784748402.4424,12:26:42.442,0.97,0.17,0.15
1784748402.9424,12:26:42.942,0.96,0.25,0.10
1784748403.4419,12:26:43.441,0.96,0.26,0.12
1784748403.9423,12:26:43.942,0.96,0.25,0.13
1784748404.4415,12:26:44.441,0.97,0.20,0.15
1784748404.9412,12:26:44.941,0.97,0.19,0.16
1784748405.4413,12:26:45.441,0.97,0.18,0.16
1784748405.9411,12:26:45.941,0.97,0.17,0.17
1784748406.4408,12:26:46.440,0.97,0.14,0.20
1784748406.9406,12:26:46.940,0.97,0.11,0.22
1784748407.441,12:26:47.441,0.97,0.09,0.22
1784748407.9405,12:26:47.940,0.97,0.08,0.24
1784748408.4411,12:26:48.441,0.96,0.03,0.27
1784748408.9411,12:26:48.941,0.96,0.03,0.27
1784748409.4406,12:26:49.440,0.97,0.08,0.25
1784748409.9406,12:26:49.940,0.97,0.09,0.24
1784748410.4406,12:26:50.440,0.96,0.06,0.26
1784748410.9399,12:26:50.939,0.96,0.04,0.26
1784748411.4395,12:26:51.439,0.96,0.03,0.27
1784748411.9394,12:26:51.939,0.96,0.03,0.27
1784748412.4392,12:26:52.439,0.97,0.09,0.22
1784748412.939,12:26:52.939,0.97,0.14,0.20
1784748413.4393,12:26:53.439,0.97,0.20,0.16
1784748413.9391,12:26:53.939,0.97,0.20,0.17
1784748414.4385,12:26:54.438,0.97,0.20,0.16
1784748414.939,12:26:54.939,0.97,0.20,0.16
1784748415.4385,12:26:55.438,0.96,0.21,0.16
1784748415.9383,12:26:55.938,0.97,0.19,0.15
1784748416.4387,12:26:56.438,0.97,0.16,0.16
1784748416.9385,12:26:56.938,0.98,0.14,0.17
1784748417.4383,12:26:57.438,0.97,0.13,0.19
1784748417.9387,12:26:57.938,0.97,0.06,0.24
1784748418.4381,12:26:58.438,0.97,0.04,0.26
1784748418.9375,12:26:58.937,0.96,0.00,0.27
1784748419.4375,12:26:59.437,0.96,0.00,0.28
1784748419.9369,12:26:59.936,0.97,0.06,0.25
1784748420.4362,12:27:00.436,0.97,0.09,0.24
1784748420.9366,12:27:00.936,0.97,0.12,0.22
1784748421.437,12:27:01.437,0.97,0.12,0.22
1784748421.9367,12:27:01.936,0.97,0.14,0.21
1784748422.4371,12:27:02.437,0.96,0.14,0.22
1784748422.9371,12:27:02.937,0.96,0.13,0.23
1784748423.4366,12:27:03.436,0.97,0.16,0.20
1784748423.9368,12:27:03.936,0.96,0.23,0.15
1784748424.4366,12:27:04.436,0.96,0.22,0.16
1784748424.9361,12:27:04.936,0.96,0.19,0.19
1784748425.4357,12:27:05.435,0.97,0.18,0.19
1784748425.9357,12:27:05.935,0.97,0.19,0.16
1784748426.4352,12:27:06.435,0.97,0.19,0.15
1784748426.9352,12:27:06.935,0.97,0.18,0.15
1784748427.4351,12:27:07.435,0.97,0.17,0.17
1784748427.935,12:27:07.935,0.97,0.16,0.17
1784748428.4344,12:27:08.434,0.97,0.19,0.15
1784748428.9343,12:27:08.934,0.97,0.19,0.15
1784748429.434,12:27:09.434,0.97,0.19,0.15
1784748429.9334,12:27:09.933,0.97,0.18,0.15
1784748430.4335,12:27:10.433,0.97,0.10,0.20
1784748430.9331,12:27:10.933,0.97,0.03,0.25
1784748431.4335,12:27:11.433,0.97,0.03,0.25
1784748431.9336,12:27:11.933,0.97,0.02,0.23
1784748432.4336,12:27:12.433,0.97,0.01,0.24
1784748432.9331,12:27:12.933,0.97,0.02,0.25
1784748433.4336,12:27:13.433,0.96,0.07,0.25
1784748433.9328,12:27:13.932,0.97,0.14,0.21
1784748434.4325,12:27:14.432,0.97,0.19,0.17
1784748434.9327,12:27:14.932,0.97,0.18,0.17
1784748435.4321,12:27:15.432,0.97,0.19,0.16
1784748435.9314,12:27:15.931,0.97,0.15,0.19
1784748436.4316,12:27:16.431,0.97,0.11,0.21
1784748436.9316,12:27:16.931,0.97,0.11,0.20
1784748437.4311,12:27:17.431,0.97,0.12,0.20
1784748437.9313,12:27:17.931,0.97,0.12,0.19
1784748438.4317,12:27:18.431,0.98,0.13,0.18
1784748438.9314,12:27:18.931,0.96,0.25,0.11
1784748439.4314,12:27:19.431,0.96,0.26,0.11
1784748439.931,12:27:19.931,0.96,0.26,0.12
1784748440.4307,12:27:20.430,0.97,0.20,0.16
1784748440.9313,12:27:20.931,0.97,0.09,0.23
1784748441.4313,12:27:21.431,0.96,0.03,0.26
1784748441.9311,12:27:21.931,0.97,0.03,0.26
1784748442.4307,12:27:22.430,0.97,0.08,0.21
1784748442.931,12:27:22.931,0.98,0.11,0.19
1784748443.43,12:27:23.430,0.97,0.16,0.17
1784748443.9298,12:27:23.929,0.97,0.16,0.17
1784748444.4297,12:27:24.429,0.97,0.14,0.18
1784748444.9291,12:27:24.929,0.97,0.14,0.18
1784748445.4295,12:27:25.429,0.97,0.16,0.19
1784748445.9296,12:27:25.929,0.97,0.19,0.16
1784748446.4288,12:27:26.428,0.96,0.22,0.15
1784748446.9285,12:27:26.928,0.96,0.24,0.14
1784748447.4287,12:27:27.428,0.96,0.27,0.11
1784748447.9281,12:27:27.928,0.96,0.26,0.12
1784748448.4278,12:27:28.427,0.96,0.25,0.12
1784748448.928,12:27:28.928,0.96,0.23,0.12
1784748449.428,12:27:29.428,0.97,0.21,0.14
1784748449.9275,12:27:29.927,0.97,0.17,0.16
1784748450.4279,12:27:30.427,0.97,0.18,0.16
1784748450.9277,12:27:30.927,0.97,0.15,0.19
1784748451.4268,12:27:31.426,0.97,0.13,0.21
1784748451.927,12:27:31.927,0.97,0.11,0.22
1784748452.4272,12:27:32.427,0.97,0.06,0.25
1784748452.9263,12:27:32.926,0.97,0.06,0.25
1784748453.4265,12:27:33.426,0.97,0.07,0.25
1784748453.9264,12:27:33.926,0.97,0.09,0.24
1784748454.4261,12:27:34.426,0.97,0.11,0.23
1784748454.9259,12:27:34.925,0.97,0.15,0.21
1784748455.4264,12:27:35.426,0.96,0.25,0.14
1784748455.9262,12:27:35.926,0.96,0.25,0.14
1784748456.4262,12:27:36.426,0.96,0.25,0.14
1784748456.9263,12:27:36.926,0.96,0.23,0.15
1784748457.4259,12:27:37.425,0.96,0.23,0.15
1784748457.9258,12:27:37.925,0.96,0.25,0.13
1784748458.4254,12:27:38.425,0.96,0.26,0.12
1784748458.925,12:27:38.925,0.97,0.22,0.13
1784748459.4249,12:27:39.424,0.97,0.21,0.11
1784748459.9253,12:27:39.925,0.97,0.20,0.11
1784748460.4251,12:27:40.425,0.98,0.19,0.08
1784748460.9252,12:27:40.925,0.98,0.17,0.10
1784748461.4252,12:27:41.425,0.98,0.19,0.10
1784748461.9246,12:27:41.924,0.98,0.19,0.10
1784748462.4237,12:27:42.423,0.98,0.16,0.12
1784748462.9241,12:27:42.924,0.98,0.18,0.10
1784748463.424,12:27:43.424,0.98,0.16,0.12
1784748463.9244,12:27:43.924,0.97,0.16,0.16
1784748464.424,12:27:44.424,0.97,0.16,0.19
1784748464.9239,12:27:44.923,0.97,0.10,0.24
1784748465.4231,12:27:45.423,0.95,0.00,0.30
1784748465.9229,12:27:45.922,0.96,0.00,0.29
1784748466.4224,12:27:46.422,0.96,0.03,0.26
1784748466.9222,12:27:46.922,0.97,0.10,0.22
1784748467.4224,12:27:47.422,0.97,0.13,0.20
1784748467.9221,12:27:47.922,0.97,0.15,0.19
1784748468.4218,12:27:48.421,0.97,0.17,0.18
1784748468.9219,12:27:48.921,0.97,0.18,0.16
1784748469.4215,12:27:49.421,0.97,0.18,0.16
1784748469.9207,12:27:49.920,0.97,0.18,0.16
1784748470.4208,12:27:50.420,0.97,0.16,0.18
1784748470.9209,12:27:50.920,0.97,0.14,0.18
1784748471.4201,12:27:51.420,0.97,0.12,0.20
1784748471.9208,12:27:51.920,0.97,0.12,0.19
1784748472.4213,12:27:52.421,0.97,0.17,0.18
1784748472.9209,12:27:52.920,0.96,0.23,0.14
1784748473.4204,12:27:53.420,0.96,0.24,0.13
1784748473.9206,12:27:53.920,0.96,0.26,0.12
1784748474.42,12:27:54.420,0.96,0.25,0.12
1784748474.9197,12:27:54.919,0.96,0.25,0.13
1784748475.4196,12:27:55.419,0.97,0.23,0.12
1784748475.9191,12:27:55.919,0.97,0.20,0.13
1784748476.4193,12:27:56.419,0.98,0.16,0.15
1784748476.9193,12:27:56.919,0.97,0.17,0.15
1784748477.4186,12:27:57.418,0.97,0.20,0.15
1784748477.9182,12:27:57.918,0.97,0.21,0.14
1784748478.4186,12:27:58.418,0.97,0.20,0.15
1784748478.9183,12:27:58.918,0.97,0.21,0.15
1784748479.4175,12:27:59.417,0.96,0.25,0.14
1784748479.9181,12:27:59.918,0.96,0.25,0.14
1784748480.4182,12:28:00.418,0.96,0.25,0.14
1784748480.9176,12:28:00.917,0.96,0.21,0.17
1784748481.418,12:28:01.418,0.97,0.13,0.21
1784748481.9173,12:28:01.917,0.97,0.12,0.22
1784748482.4171,12:28:02.417,0.97,0.12,0.21
1784748482.9176,12:28:02.917,0.97,0.13,0.19
1784748483.417,12:28:03.417,0.97,0.13,0.20
1784748483.9164,12:28:03.916,0.97,0.17,0.19
1784748484.4167,12:28:04.416,0.97,0.17,0.19
1784748484.9171,12:28:04.917,0.97,0.17,0.18
1784748485.4169,12:28:05.416,0.97,0.17,0.19
1784748485.9172,12:28:05.917,0.97,0.20,0.17
1784748486.4174,12:28:06.417,0.97,0.20,0.17
1784748486.9168,12:28:06.916,0.96,0.22,0.15
1784748487.4169,12:28:07.416,0.97,0.21,0.16
1784748487.9169,12:28:07.916,0.97,0.13,0.20
1784748488.4163,12:28:08.416,0.97,0.13,0.21
1784748488.9161,12:28:08.916,0.97,0.15,0.19
1784748489.4153,12:28:09.415,0.97,0.15,0.19
1784748489.9144,12:28:09.914,0.97,0.15,0.20
1784748490.414,12:28:10.414,0.97,0.11,0.22
1784748490.9142,12:28:10.914,0.97,0.10,0.23
1784748491.4139,12:28:11.413,0.97,0.09,0.23
1784748491.9141,12:28:11.914,0.97,0.10,0.22
1784748492.4149,12:28:12.414,0.97,0.07,0.25
1784748492.9142,12:28:12.914,0.97,0.09,0.24
1784748493.4134,12:28:13.413,0.97,0.15,0.21
1784748493.9139,12:28:13.913,0.96,0.22,0.15
1784748494.4139,12:28:14.413,0.96,0.25,0.14
1784748494.9136,12:28:14.913,0.96,0.25,0.13
1784748495.4139,12:28:15.413,0.96,0.24,0.15
1784748495.9133,12:28:15.913,0.96,0.23,0.16
1784748496.4127,12:28:16.412,0.96,0.20,0.18
1784748496.9128,12:28:16.912,0.96,0.17,0.20
1784748497.4126,12:28:17.412,0.97,0.15,0.21
1784748497.9122,12:28:17.912,0.97,0.14,0.21
1784748498.4126,12:28:18.412,0.97,0.15,0.19
1784748498.9128,12:28:18.912,0.97,0.18,0.18
1784748499.412,12:28:19.412,0.97,0.20,0.15
1784748499.9121,12:28:19.912,0.96,0.23,0.12
1784748500.4125,12:28:20.412,0.97,0.23,0.10
1784748500.9118,12:28:20.911,0.97,0.22,0.09
1784748501.4116,12:28:21.411,0.97,0.22,0.10
1784748501.9114,12:28:21.911,0.98,0.17,0.13
1784748502.4111,12:28:22.411,0.97,0.18,0.15
1784748502.9109,12:28:22.910,0.97,0.20,0.14
1784748503.4107,12:28:23.410,0.97,0.21,0.11
1784748503.9104,12:28:23.910,0.97,0.22,0.09
1784748504.4108,12:28:24.410,0.97,0.24,0.06
1784748504.9109,12:28:24.910,0.97,0.24,0.06
1784748505.4104,12:28:25.410,0.97,0.22,0.08
1784748505.9106,12:28:25.910,0.96,0.24,0.11
1784748506.4107,12:28:26.410,0.96,0.27,0.12
1784748506.9103,12:28:26.910,0.96,0.25,0.12
1784748507.4097,12:28:27.409,0.96,0.22,0.15
1784748507.9104,12:28:27.910,0.97,0.19,0.18
1784748508.4094,12:28:28.409,0.97,0.18,0.19
1784748508.9096,12:28:28.909,0.97,0.20,0.16
1784748509.4095,12:28:29.409,0.96,0.21,0.16
1784748509.9089,12:28:29.908,0.97,0.14,0.22
1784748510.4089,12:28:30.408,0.97,0.15,0.20
1784748510.9091,12:28:30.909,0.97,0.23,0.12
1784748511.4087,12:28:31.408,0.97,0.23,0.12
1784748511.9084,12:28:31.908,0.96,0.22,0.15
1784748512.4086,12:28:32.408,0.97,0.22,0.14
1784748512.9082,12:28:32.908,0.96,0.24,0.13
1784748513.4079,12:28:33.407,0.96,0.23,0.14
1784748513.9079,12:28:33.907,0.97,0.23,0.12
1784748514.4077,12:28:34.407,0.97,0.21,0.12
1784748514.9072,12:28:34.907,0.97,0.22,0.11
1784748515.4074,12:28:35.407,0.97,0.21,0.13
1784748515.9071,12:28:35.907,0.97,0.20,0.14
1784748516.4065,12:28:36.406,0.97,0.20,0.13
1784748516.9067,12:28:36.906,0.96,0.26,0.11
1784748517.407,12:28:37.407,0.96,0.27,0.11
1784748517.9062,12:28:37.906,0.96,0.27,0.11
1784748518.4062,12:28:38.406,0.96,0.24,0.15
1784748518.9063,12:28:38.906,0.96,0.22,0.15
1784748519.4053,12:28:39.405,0.97,0.19,0.17
1784748519.9049,12:28:39.904,0.97,0.15,0.20
1784748520.4051,12:28:40.405,0.97,0.15,0.19
1784748520.9047,12:28:40.904,0.97,0.15,0.17
1784748521.4048,12:28:41.404,0.97,0.15,0.17
1784748521.9052,12:28:41.905,0.97,0.15,0.17
1784748522.4048,12:28:42.404,0.97,0.19,0.14
1784748522.9049,12:28:42.904,0.97,0.20,0.15
1784748523.4047,12:28:43.404,0.96,0.24,0.14
1784748523.9041,12:28:43.904,0.96,0.27,0.12
1784748524.4036,12:28:44.403,0.96,0.26,0.11
1784748524.9037,12:28:44.903,0.96,0.25,0.11
1784748525.4029,12:28:45.402,0.97,0.23,0.13
1784748525.903,12:28:45.903,0.97,0.22,0.14
1784748526.4035,12:28:46.403,0.97,0.17,0.18
1784748526.9032,12:28:46.903,0.97,0.18,0.18
1784748527.4026,12:28:47.402,0.97,0.16,0.18
1784748527.9028,12:28:47.902,0.97,0.14,0.20
1784748528.4027,12:28:48.402,0.97,0.12,0.20
1784748528.9025,12:28:48.902,0.97,0.12,0.20
1784748529.4023,12:28:49.402,0.97,0.14,0.19
1784748529.9024,12:28:49.902,0.97,0.15,0.17
1784748530.4015,12:28:50.401,0.97,0.18,0.15
1784748530.9019,12:28:50.901,0.96,0.23,0.14
1784748531.4016,12:28:51.401,0.96,0.25,0.13
1784748531.9014,12:28:51.901,0.95,0.30,0.09
1784748532.4014,12:28:52.401,0.95,0.32,0.08
1784748532.9017,12:28:52.901,0.95,0.31,0.08
1784748533.4013,12:28:53.401,0.95,0.28,0.11
1784748533.9016,12:28:53.901,0.96,0.27,0.12
1784748534.4014,12:28:54.401,0.96,0.24,0.13
1784748534.9008,12:28:54.900,0.96,0.23,0.14
1784748535.4009,12:28:55.400,0.96,0.22,0.15
1784748535.9009,12:28:55.900,0.96,0.24,0.14
1784748536.4001,12:28:56.400,0.96,0.23,0.14
1784748536.9002,12:28:56.900,0.96,0.22,0.15
1784748537.4001,12:28:57.400,0.96,0.23,0.14
1784748537.8999,12:28:57.899,0.96,0.24,0.13
1784748538.4003,12:28:58.400,0.96,0.24,0.15
1784748538.9002,12:28:58.900,0.96,0.21,0.16
1784748539.4001,12:28:59.400,0.97,0.18,0.18
1784748539.8993,12:28:59.899,0.96,0.19,0.18
1784748540.3995,12:29:00.399,0.97,0.18,0.18
1784748540.8998,12:29:00.899,0.97,0.19,0.18
1784748541.3994,12:29:01.399,0.97,0.20,0.17
1784748541.8995,12:29:01.899,0.96,0.23,0.14
1784748542.3992,12:29:02.399,0.96,0.24,0.14
1784748542.8987,12:29:02.898,0.96,0.26,0.13
1784748543.399,12:29:03.399,0.96,0.24,0.14
1784748543.8987,12:29:03.898,0.96,0.23,0.14
1784748544.3983,12:29:04.398,0.97,0.21,0.16
1784748544.8983,12:29:04.898,0.97,0.17,0.18
1784748545.398,12:29:05.398,0.97,0.15,0.19
1784748545.8974,12:29:05.897,0.97,0.16,0.20
1784748546.3981,12:29:06.398,0.97,0.16,0.19
1784748546.8973,12:29:06.897,0.97,0.14,0.20
1784748547.3965,12:29:07.396,0.97,0.14,0.20
1784748547.8968,12:29:07.896,0.97,0.12,0.21
1784748548.3964,12:29:08.396,0.97,0.12,0.20
1784748548.896,12:29:08.896,0.97,0.13,0.20
1784748549.3961,12:29:09.396,0.97,0.17,0.18
1784748549.8961,12:29:09.896,0.97,0.20,0.16
1784748550.3956,12:29:10.395,0.96,0.22,0.15
1784748550.8954,12:29:10.895,0.96,0.23,0.15
1784748551.3952,12:29:11.395,0.96,0.23,0.15
1784748551.8951,12:29:11.895,0.96,0.24,0.15
1784748552.3951,12:29:12.395,0.95,0.31,0.09
1784748552.8952,12:29:12.895,0.94,0.34,0.08
1784748553.3955,12:29:13.395,0.94,0.34,0.07
1784748553.8953,12:29:13.895,0.96,0.27,0.12
1784748554.3955,12:29:14.395,0.96,0.24,0.14
1784748554.8949,12:29:14.894,0.96,0.21,0.17
1784748555.3943,12:29:15.394,0.96,0.19,0.19
1784748555.8946,12:29:15.894,0.97,0.18,0.18
1784748556.3946,12:29:16.394,0.96,0.23,0.13
1784748556.8944,12:29:16.894,0.96,0.27,0.10
1784748557.3947,12:29:17.394,0.96,0.26,0.11
1784748557.8941,12:29:17.894,0.96,0.23,0.14
1784748558.3935,12:29:18.393,0.96,0.21,0.16
1784748558.894,12:29:18.894,0.97,0.21,0.16
1784748559.3932,12:29:19.393,0.97,0.18,0.18
1784748559.8924,12:29:19.892,0.97,0.17,0.19
1784748560.3925,12:29:20.392,0.97,0.16,0.20
1784748560.8919,12:29:20.891,0.96,0.16,0.21
1784748561.3913,12:29:21.391,0.97,0.18,0.18
1784748561.8916,12:29:21.891,0.96,0.20,0.18
1784748562.3917,12:29:22.391,0.97,0.20,0.17
1784748562.8911,12:29:22.891,0.97,0.19,0.17
1784748563.3908,12:29:23.390,0.97,0.18,0.16
1784748563.8906,12:29:23.890,0.97,0.18,0.16
1784748564.3903,12:29:24.390,0.97,0.17,0.16
1784748564.8907,12:29:24.890,0.97,0.18,0.17
1784748565.3905,12:29:25.390,0.97,0.19,0.17
1784748565.8898,12:29:25.889,0.97,0.19,0.17
1784748566.3896,12:29:26.389,0.97,0.20,0.16
1784748566.8896,12:29:26.889,0.97,0.19,0.17
1784748567.3893,12:29:27.389,0.97,0.18,0.17
1784748567.8893,12:29:27.889,0.97,0.17,0.18
1784748568.3893,12:29:28.389,0.97,0.14,0.21
1784748568.8897,12:29:28.889,0.97,0.13,0.21
1784748569.3893,12:29:29.389,0.97,0.12,0.21
1784748569.8897,12:29:29.889,0.97,0.15,0.19
1784748570.3894,12:29:30.389,0.97,0.16,0.19
1784748570.8894,12:29:30.889,0.97,0.16,0.19
1784748571.3901,12:29:31.390,0.96,0.20,0.17
1784748571.8899,12:29:31.889,0.96,0.24,0.13
1784748572.3895,12:29:32.389,0.96,0.27,0.09
1784748572.8896,12:29:32.889,0.96,0.27,0.10
1784748573.3898,12:29:33.389,0.97,0.24,0.11
1784748573.8894,12:29:33.889,0.97,0.19,0.15
1784748574.3893,12:29:34.389,0.97,0.13,0.20
1784748574.8889,12:29:34.888,0.97,0.14,0.18
1784748575.3884,12:29:35.388,0.97,0.15,0.17
1784748575.8888,12:29:35.888,0.97,0.16,0.16
1784748576.3884,12:29:36.388,0.97,0.20,0.14
1784748576.8877,12:29:36.887,0.97,0.19,0.13
1784748577.3883,12:29:37.388,0.97,0.18,0.17
1784748577.8879,12:29:37.887,0.97,0.15,0.19
1784748578.3872,12:29:38.387,0.97,0.11,0.22
1784748578.8875,12:29:38.887,0.97,0.09,0.22
1784748579.3867,12:29:39.386,0.97,0.08,0.22
1784748579.8868,12:29:39.886,0.97,0.09,0.22
1784748580.3868,12:29:40.386,0.97,0.09,0.22
1784748580.8863,12:29:40.886,0.97,0.09,0.22
1784748581.3859,12:29:41.385,0.97,0.09,0.21
1784748581.8859,12:29:41.885,0.97,0.10,0.22
1784748582.386,12:29:42.386,0.97,0.13,0.21
1784748582.8857,12:29:42.885,0.97,0.14,0.20
1784748583.3857,12:29:43.385,0.97,0.14,0.18
1784748583.8862,12:29:43.886,0.97,0.17,0.16
1784748584.3856,12:29:44.385,0.97,0.22,0.13
1784748584.8855,12:29:44.885,0.96,0.24,0.12
1784748585.3856,12:29:45.385,0.96,0.25,0.12
1784748585.8852,12:29:45.885,0.96,0.24,0.12
1784748586.3849,12:29:46.384,0.96,0.26,0.11
1784748586.8852,12:29:46.885,0.95,0.31,0.06
1784748587.3846,12:29:47.384,0.94,0.33,0.05
1784748587.8843,12:29:47.884,0.94,0.33,0.05
1784748588.3845,12:29:48.384,0.95,0.29,0.06
1784748588.8843,12:29:48.884,0.97,0.22,0.11
1784748589.3834,12:29:49.383,0.97,0.21,0.12
1784748589.8834,12:29:49.883,0.97,0.19,0.13
1784748590.383,12:29:50.383,0.97,0.18,0.16
1784748590.8823,12:29:50.882,0.97,0.20,0.15
1784748591.3823,12:29:51.382,0.97,0.19,0.16
1784748591.8822,12:29:51.882,0.97,0.22,0.13
1784748592.3816,12:29:52.381,0.97,0.22,0.13
1784748592.8822,12:29:52.882,0.96,0.25,0.11
1784748593.3823,12:29:53.382,0.96,0.26,0.11
1784748593.8819,12:29:53.881,0.96,0.24,0.12
1784748594.3817,12:29:54.381,0.97,0.22,0.13
1784748594.8816,12:29:54.881,0.97,0.21,0.14
1784748595.3808,12:29:55.380,0.97,0.18,0.15
1784748595.881,12:29:55.881,0.97,0.15,0.18
1784748596.3813,12:29:56.381,0.97,0.16,0.16
1784748596.8809,12:29:56.880,0.97,0.17,0.14
1784748597.3808,12:29:57.380,0.97,0.19,0.14
1784748597.8808,12:29:57.880,0.97,0.21,0.11
1784748598.3804,12:29:58.380,0.97,0.22,0.12
1784748598.8799,12:29:58.879,0.97,0.20,0.12
1784748599.3799,12:29:59.379,0.97,0.20,0.11
1784748599.8795,12:29:59.879,0.98,0.19,0.11
1784748600.3794,12:30:00.379,0.97,0.20,0.12
1784748600.8796,12:30:00.879,0.98,0.16,0.15
1784748601.3788,12:30:01.378,0.98,0.17,0.14
1784748601.8789,12:30:01.878,0.97,0.19,0.12
1784748602.3791,12:30:02.379,0.97,0.21,0.10
1784748602.8787,12:30:02.878,0.97,0.21,0.10
1784748603.3782,12:30:03.378,0.97,0.22,0.11
1784748603.879,12:30:03.879,0.97,0.22,0.12
1784748604.3789,12:30:04.378,0.97,0.20,0.14
1784748604.8785,12:30:04.878,0.98,0.13,0.17
1784748605.3787,12:30:05.378,0.98,0.13,0.17
1784748605.878,12:30:05.878,0.98,0.14,0.17
1784748606.3776,12:30:06.377,0.97,0.18,0.14
1784748606.8779,12:30:06.877,0.97,0.23,0.10
1784748607.378,12:30:07.378,0.96,0.24,0.10
1784748607.8776,12:30:07.877,0.97,0.20,0.14
1784748608.3778,12:30:08.377,0.97,0.20,0.14
1784748608.8777,12:30:08.877,0.97,0.20,0.14
1784748609.3775,12:30:09.377,0.97,0.20,0.14
1784748609.8774,12:30:09.877,0.97,0.20,0.14
1784748610.3772,12:30:10.377,0.97,0.19,0.13
1784748610.8764,12:30:10.876,0.98,0.18,0.13
1784748611.3765,12:30:11.376,0.98,0.18,0.13
1784748611.8769,12:30:11.876,0.98,0.08,0.20
1784748612.3767,12:30:12.376,0.97,0.02,0.24
1784748612.8764,12:30:12.876,0.97,0.01,0.25
1784748613.3766,12:30:13.376,0.97,0.01,0.26
1784748613.8763,12:30:13.876,0.97,0.01,0.26
1784748614.3757,12:30:14.375,0.97,0.01,0.25
1784748614.8763,12:30:14.876,0.98,0.08,0.20
1784748615.3756,12:30:15.375,0.98,0.16,0.15
1784748615.8756,12:30:15.875,0.97,0.18,0.14
1784748616.3762,12:30:16.376,0.97,0.20,0.13
1784748616.8763,12:30:16.876,0.97,0.22,0.13
1784748617.3755,12:30:17.375,0.97,0.23,0.11
1784748617.8758,12:30:17.875,0.96,0.25,0.11
1784748618.3754,12:30:18.375,0.96,0.28,0.09
1784748618.8754,12:30:18.875,0.96,0.28,0.10
1784748619.3757,12:30:19.375,0.96,0.27,0.11
1784748619.8753,12:30:19.875,0.95,0.28,0.11
1784748620.3748,12:30:20.374,0.94,0.33,0.08
1784748620.8747,12:30:20.874,0.93,0.36,0.07
1784748621.3737,12:30:21.373,0.93,0.36,0.07
1784748621.8738,12:30:21.873,0.94,0.34,0.08
1784748622.374,12:30:22.374,0.97,0.21,0.16
1784748622.8736,12:30:22.873,0.97,0.13,0.21
1784748623.3735,12:30:23.373,0.96,0.10,0.24
1784748623.8735,12:30:23.873,0.96,0.07,0.26
1784748624.3735,12:30:24.373,0.96,0.08,0.26
1784748624.873,12:30:24.873,0.97,0.13,0.23
1784748625.3732,12:30:25.373,0.95,0.28,0.13
1784748625.8728,12:30:25.872,0.91,0.42,-0.01
1784748626.372,12:30:26.372,0.90,0.43,-0.07
1784748626.8722,12:30:26.872,0.90,0.42,-0.11
1784748627.3716,12:30:27.371,0.91,0.39,-0.14
1784748627.8716,12:30:27.871,0.92,0.37,-0.12
1784748628.3716,12:30:28.371,0.95,0.31,-0.04
1784748628.8721,12:30:28.872,0.97,0.25,0.05
1784748629.3717,12:30:29.371,0.96,0.27,0.03
1784748629.8724,12:30:29.872,0.97,0.24,0.06
1784748630.3721,12:30:30.372,0.97,0.24,0.06
1784748630.8715,12:30:30.871,0.97,0.20,0.11
1784748631.3712,12:30:31.371,0.97,0.19,0.12
1784748631.8712,12:30:31.871,0.79,0.57,-0.21
1784748632.3708,12:30:32.370,0.78,0.58,-0.23
1784748632.8707,12:30:32.870,0.79,0.57,-0.23
1784748633.3705,12:30:33.370,0.89,0.45,-0.12
1784748633.8702,12:30:33.870,0.94,0.33,-0.06
1784748634.3698,12:30:34.369,0.95,0.30,-0.10
1784748634.87,12:30:34.870,0.99,0.11,0.09
1784748635.3698,12:30:35.369,0.99,0.12,0.10
1784748635.8692,12:30:35.869,0.99,0.14,0.08
1784748636.369,12:30:36.369,0.98,0.20,0.10
1784748636.8689,12:30:36.868,0.96,0.28,0.06
1784748637.3689,12:30:37.368,0.94,0.35,0.00
1784748637.8689,12:30:37.868,0.94,0.34,0.01
1784748638.3685,12:30:38.368,0.93,0.36,0.00
1784748638.8683,12:30:38.868,0.95,0.31,0.03
1784748639.3685,12:30:39.368,0.96,0.26,0.07
1784748639.8678,12:30:39.867,0.98,0.17,0.10
1784748640.3669,12:30:40.366,0.98,0.16,0.13
1784748640.8668,12:30:40.866,0.98,0.13,0.13
1784748641.3668,12:30:41.366,0.98,0.06,0.19
1784748641.866,12:30:41.866,0.98,0.02,0.21
1784748642.3665,12:30:42.366,0.97,-0.01,0.24
1784748642.8669,12:30:42.866,0.97,0.00,0.24
1784748643.3659,12:30:43.365,0.97,0.00,0.23
1784748643.8659,12:30:43.865,0.98,0.02,0.20
1784748644.3657,12:30:44.365,0.98,0.02,0.22
1784748644.865,12:30:44.865,0.97,0.03,0.22
1784748645.365,12:30:45.365,0.97,0.02,0.24
1784748645.8654,12:30:45.865,0.97,0.01,0.26
1784748646.3655,12:30:46.365,0.98,0.19,0.11
1784748646.8655,12:30:46.865,0,0,0
1784748647.3653,12:30:47.365,0,0,0
1784748647.8652,12:30:47.865,0,0,0
1784748648.3648,12:30:48.364,0,0,0
1784748648.8648,12:30:48.864,0,0,0
1784748649.3643,12:30:49.364,0.98,0.17,0.13
1784748649.8638,12:30:49.863,0,0,0
1784748650.364,12:30:50.364,0,0,0
1784748650.8638,12:30:50.863,0,0,0
1784748651.3632,12:30:51.363,0,0,0
1784748651.8631,12:30:51.863,0,0,0
1784748652.3629,12:30:52.362,0,0,0
1784748652.8627,12:30:52.862,0,0,0
1784748653.363,12:30:53.363,0,0,0
1784748653.8632,12:30:53.863,0,0,0
1784748654.3627,12:30:54.362,0,0,0
1784748654.8629,12:30:54.862,0,0,0
1784748655.3629,12:30:55.362,0,0,0
1784748655.862,12:30:55.862,0,0,0
1784748656.362,12:30:56.362,0,0,0
1784748656.8628,12:30:56.862,0,0,0
1784748657.3627,12:30:57.362,0,0,0
1784748657.8623,12:30:57.862,0,0,0
1784748658.3622,12:30:58.362,0,0,0
1784748658.8621,12:30:58.862,0,0,0
1784748659.3625,12:30:59.362,0,0,0
1784748659.8622,12:30:59.862,0,0,0
1784748660.3616,12:31:00.361,0,0,0
1784748660.8616,12:31:00.861,0,0,0
1784748661.3615,12:31:01.361,0,0,0
1784748661.8611,12:31:01.861,0,0,0
1784748662.3609,12:31:02.360,0,0,0
1784748662.8612,12:31:02.861,0,0,0
1784748663.361,12:31:03.361,0,0,0
1784748663.8601,12:31:03.860,0,0,0
1784748664.3603,12:31:04.360,0,0,0
1784748664.8597,12:31:04.859,0.97,0.00,0.25
1784748665.3594,12:31:05.359,0.98,0.12,0.13
1784748665.8594,12:31:05.859,0,0,0
1784748666.3592,12:31:06.359,0,0,0
1784748666.8593,12:31:06.859,0,0,0
1784748667.3595,12:31:07.359,0,0,0
1784748667.8591,12:31:07.859,0,0,0
1784748668.3583,12:31:08.358,0,0,0
1784748668.8581,12:31:08.858,0,0,0
1784748669.3576,12:31:09.357,0,0,0
1784748669.8574,12:31:09.857,0,0,0
1784748670.3574,12:31:10.357,0,0,0
1784748670.8574,12:31:10.857,0,0,0
1784748671.3571,12:31:11.357,0,0,0
1784748671.8571,12:31:11.857,0,0,0
1784748672.3572,12:31:12.357,0,0,0
1784748672.8576,12:31:12.857,0,0,0
1784748673.3579,12:31:13.357,0,0,0
1784748673.8581,12:31:13.858,0,0,0
1784748674.3577,12:31:14.357,0,0,0
1784748674.8572,12:31:14.857,0,0,0
1784748675.3568,12:31:15.356,0,0,0
1784748675.8562,12:31:15.856,0,0,0
1784748676.3561,12:31:16.356,0,0,0
1784748676.8564,12:31:16.856,0,0,0
1784748677.356,12:31:17.356,0,0,0
1784748677.8558,12:31:17.855,0,0,0
1784748678.3556,12:31:18.355,0,0,0
1784748678.8553,12:31:18.855,0,0,0
1784748679.355,12:31:19.355,0,0,0
1784748679.855,12:31:19.855,0,0,0
1784748680.3547,12:31:20.354,0,0,0
1784748680.8539,12:31:20.853,0.97,0.23,0.07
1784748681.3542,12:31:21.354,0,0,0
1784748681.8538,12:31:21.853,0,0,0
1784748682.3536,12:31:22.353,0,0,0
1784748682.8539,12:31:22.853,0,0,0
1784748683.3538,12:31:23.353,0,0,0
1784748683.853,12:31:23.853,0,0,0
1784748684.3535,12:31:24.353,0,0,0
1784748684.8533,12:31:24.853,0,0,0
1784748685.3527,12:31:25.352,0,0,0
1784748685.8534,12:31:25.853,0,0,0
1784748686.3526,12:31:26.352,0,0,0
1784748686.8519,12:31:26.851,0.96,0.28,0.02
1784748687.3521,12:31:27.352,0.96,0.27,0.02
1784748687.8515,12:31:27.851,0.97,0.26,0.03
1784748688.3508,12:31:28.350,0.96,0.28,-0.01
1784748688.8512,12:31:28.851,0.96,0.27,-0.02
1784748689.3512,12:31:29.351,0.99,0.15,0.08
1784748689.8511,12:31:29.851,0.98,-0.01,0.22
1784748690.3509,12:31:30.350,0.97,-0.01,0.23
1784748690.8507,12:31:30.850,0.98,0.01,0.20
1784748691.3506,12:31:31.350,0.98,0.05,0.17
1784748691.8504,12:31:31.850,0.98,0.07,0.19
1784748692.3505,12:31:32.350,0.97,0.08,0.21
1784748692.8505,12:31:32.850,0.97,0.07,0.23
1784748693.35,12:31:33.350,0.97,0.07,0.24
1784748693.8507,12:31:33.850,0.97,0.09,0.23
1784748694.3503,12:31:34.350,0.97,0.08,0.24
1784748694.8499,12:31:34.849,0.96,0.03,0.27
1784748695.3498,12:31:35.349,0.96,0.00,0.28
1784748695.8489,12:31:35.848,0.96,0.00,0.29
1784748696.3491,12:31:36.349,0.95,-0.02,0.30
1784748696.8494,12:31:36.849,0.95,-0.02,0.30
1784748697.3494,12:31:37.349,0.96,0.03,0.28
1784748697.8495,12:31:37.849,0.96,0.07,0.26
1784748698.3495,12:31:38.349,0.97,0.13,0.22
1784748698.8485,12:31:38.848,0.96,0.21,0.16
1784748699.3482,12:31:39.348,0.96,0.26,0.12
1784748699.8488,12:31:39.848,0.96,0.26,0.12
1784748700.3486,12:31:40.348,0.96,0.24,0.14
1784748700.8482,12:31:40.848,0.96,0.24,0.14
1784748701.3486,12:31:41.348,0.96,0.26,0.11
1784748701.8481,12:31:41.848,0.95,0.28,0.11
1784748702.3481,12:31:42.348,0.95,0.28,0.09
1784748702.8483,12:31:42.848,0.94,0.35,0.04
1784748703.348,12:31:43.348,0.93,0.37,0.04
1784748703.8478,12:31:43.847,0.94,0.35,0.04
1784748704.348,12:31:44.348,0.94,0.35,0.04
1784748704.8481,12:31:44.848,0.92,0.39,0.03
1784748705.3477,12:31:45.347,0.90,0.44,-0.01
1784748705.8482,12:31:45.848,0.90,0.43,-0.01
1784748706.3482,12:31:46.348,0.93,0.37,0.06
1784748706.8476,12:31:46.847,0.94,0.33,0.09
1784748707.3471,12:31:47.347,0.96,0.27,0.13
1784748707.8473,12:31:47.847,0.95,0.27,0.13
1784748708.3464,12:31:48.346,0.96,0.25,0.13
1784748708.8462,12:31:48.846,0.96,0.25,0.13
1784748709.3462,12:31:49.346,0.96,0.22,0.16
1784748709.8457,12:31:49.845,0.97,0.19,0.17
1784748710.3451,12:31:50.345,0.97,0.19,0.17
1784748710.8457,12:31:50.845,0.96,0.25,0.13
1784748711.3454,12:31:51.345,0.95,0.28,0.09
1784748711.8448,12:31:51.844,0.95,0.30,0.07
1784748712.3449,12:31:52.344,0.95,0.31,0.07
1784748712.8441,12:31:52.844,0.95,0.32,0.06
1784748713.3441,12:31:53.344,0.94,0.33,0.06
1784748713.8446,12:31:53.844,0.94,0.33,0.06
1784748714.344,12:31:54.344,0.95,0.28,0.11
1784748714.8436,12:31:54.843,0.96,0.26,0.14
1784748715.3439,12:31:55.343,0.96,0.24,0.15
1784748715.8439,12:31:55.843,0.96,0.24,0.15
1784748716.3438,12:31:56.343,0.96,0.23,0.15
1784748716.8438,12:31:56.843,0.96,0.23,0.16
1784748717.3438,12:31:57.343,0.96,0.23,0.15
1784748717.8433,12:31:57.843,0.96,0.23,0.14
1784748718.3431,12:31:58.343,0.97,0.21,0.14
1784748718.8433,12:31:58.843,0.97,0.19,0.14
1784748719.3426,12:31:59.342,0.97,0.19,0.15
1784748719.8428,12:31:59.842,0.97,0.19,0.15
1784748720.3429,12:32:00.342,0.97,0.19,0.16
1784748720.8421,12:32:00.842,0.97,0.18,0.17
1784748721.3421,12:32:01.342,0.97,0.18,0.17
1784748721.8422,12:32:01.842,0.97,0.18,0.16
1784748722.3418,12:32:02.341,0.97,0.18,0.16
1784748722.8418,12:32:02.841,0.97,0.16,0.17
1784748723.3419,12:32:03.341,0.97,0.14,0.20
1784748723.8415,12:32:03.841,0.97,0.14,0.20
1784748724.3418,12:32:04.341,0.97,0.18,0.17
1784748724.8416,12:32:04.841,0.96,0.26,0.12
1784748725.3408,12:32:05.340,0.95,0.30,0.08
1784748725.8405,12:32:05.840,0.94,0.35,0.05
1784748726.3405,12:32:06.340,0.95,0.30,0.08
1784748726.8399,12:32:06.839,0.97,0.19,0.17
1784748727.3399,12:32:07.339,0.97,0.19,0.17
1784748727.8399,12:32:07.839,0.97,0.18,0.18
1784748728.3398,12:32:08.339,0.97,0.18,0.18
1784748728.8392,12:32:08.839,0.96,0.25,0.13
1784748729.3392,12:32:09.339,0.95,0.30,0.08
1784748729.8391,12:32:09.839,0.95,0.29,0.08
1784748730.3387,12:32:10.338,0.96,0.23,0.14
1784748730.8389,12:32:10.838,0.96,0.23,0.14
1784748731.3392,12:32:11.339,0.96,0.24,0.14
1784748731.8388,12:32:11.838,0.96,0.24,0.14
1784748732.3389,12:32:12.338,0.96,0.25,0.15
1784748732.8389,12:32:12.838,0.96,0.25,0.15
1784748733.3383,12:32:13.338,0.96,0.26,0.13
1784748733.8386,12:32:13.838,0.96,0.26,0.12
1784748734.3384,12:32:14.338,0.96,0.25,0.12
1784748734.8375,12:32:14.837,0.96,0.25,0.13
1784748735.338,12:32:15.338,0.97,0.22,0.14
1784748735.8379,12:32:15.837,0.96,0.23,0.13
1784748736.3374,12:32:16.337,0.96,0.24,0.12
1784748736.8375,12:32:16.837,0.96,0.25,0.11
1784748737.3371,12:32:17.337,0.95,0.31,0.07
1784748737.8366,12:32:17.836,0.94,0.33,0.05
1784748738.3368,12:32:18.336,0.96,0.27,0.08
1784748738.837,12:32:18.837,0.96,0.26,0.10
1784748739.3361,12:32:19.336,0.96,0.24,0.11
1784748739.8361,12:32:19.836,0.97,0.17,0.18
1784748740.3362,12:32:20.336,0.97,0.13,0.21
1784748740.8354,12:32:20.835,0.97,0.11,0.21
1784748741.3352,12:32:21.335,0.97,0.13,0.19
1784748741.8359,12:32:21.835,0.97,0.19,0.16
1784748742.3353,12:32:22.335,0.97,0.16,0.17
1784748742.8353,12:32:22.835,0.97,0.11,0.21
1784748743.3353,12:32:23.335,0.97,0.07,0.22
1784748743.8351,12:32:23.835,0.97,0.05,0.23
1784748744.3349,12:32:24.334,0.97,0.05,0.24
1784748744.8356,12:32:24.835,0.97,0.04,0.25
1784748745.3352,12:32:25.335,0.97,0.06,0.25
1784748745.8345,12:32:25.834,0.97,0.10,0.22
1784748746.3343,12:32:26.334,0.97,0.13,0.19
1784748746.8335,12:32:26.833,0.98,0.15,0.16
1784748747.3334,12:32:27.333,0.98,0.16,0.15
1784748747.8332,12:32:27.833,0.97,0.14,0.17
1784748748.3332,12:32:28.333,0.97,0.10,0.21
1784748748.8331,12:32:28.833,0.97,0.06,0.23
1784748749.3333,12:32:29.333,0.97,0.09,0.22
1784748749.8332,12:32:29.833,0.97,0.23,0.12
1784748750.3324,12:32:30.332,0.96,0.26,0.11
1784748750.8328,12:32:30.832,0.95,0.31,0.08
1784748751.3328,12:32:31.332,0.95,0.30,0.10
1784748751.832,12:32:31.832,0.95,0.31,0.09
1784748752.332,12:32:32.332,0.95,0.29,0.10
1784748752.8317,12:32:32.831,0.96,0.23,0.14
1784748753.3317,12:32:33.331,0.96,0.22,0.16
1784748753.8316,12:32:33.831,0.97,0.21,0.16
1784748754.332,12:32:34.332,0.96,0.23,0.14
1784748754.8312,12:32:34.831,0.96,0.22,0.16
1784748755.3311,12:32:35.331,0.96,0.23,0.16
1784748755.8311,12:32:35.831,0.96,0.23,0.15
1784748756.3303,12:32:36.330,0.96,0.25,0.13
1784748756.83,12:32:36.830,0.96,0.25,0.12
1784748757.3308,12:32:37.330,0.97,0.23,0.12
1784748757.8301,12:32:37.830,0.97,0.20,0.14
1784748758.3295,12:32:38.329,0.97,0.19,0.15
1784748758.8297,12:32:38.829,0.96,0.24,0.12
1784748759.3294,12:32:39.329,0.96,0.24,0.12
1784748759.829,12:32:39.829,0.97,0.18,0.16
1784748760.3292,12:32:40.329,0.97,0.18,0.16
1784748760.8293,12:32:40.829,0.97,0.19,0.15
1784748761.3289,12:32:41.328,0.97,0.20,0.16
1784748761.8292,12:32:41.829,0.96,0.21,0.15
1784748762.3292,12:32:42.329,0.96,0.24,0.12
1784748762.8284,12:32:42.828,0.95,0.29,0.08
1784748763.3289,12:32:43.328,0.93,0.36,0.03
1784748763.8289,12:32:43.828,0.92,0.38,0.01
1784748764.3283,12:32:44.328,0.92,0.38,0.03
1784748764.8286,12:32:44.828,0.95,0.31,0.10
1784748765.328,12:32:45.328,0.95,0.29,0.11
1784748765.8276,12:32:45.827,0.95,0.29,0.11
1784748766.3277,12:32:46.327,0.95,0.30,0.11
1784748766.8281,12:32:46.828,0.95,0.30,0.11
1784748767.3276,12:32:47.327,0.95,0.28,0.11
1784748767.8279,12:32:47.827,0.95,0.30,0.10
1784748768.3281,12:32:48.328,0.95,0.31,0.09
1784748768.8276,12:32:48.827,0.94,0.32,0.07
1784748769.3274,12:32:49.327,0.95,0.32,0.06
1784748769.8273,12:32:49.827,0.95,0.29,0.08
1784748770.3263,12:32:50.326,0.96,0.27,0.09
1784748770.8261,12:32:50.826,0.97,0.22,0.12
1784748771.3264,12:32:51.326,0.97,0.22,0.12
1784748771.826,12:32:51.826,0.96,0.26,0.10
1784748772.3258,12:32:52.325,0.95,0.30,0.07
1784748772.8255,12:32:52.825,0.94,0.33,0.06
1784748773.3257,12:32:53.325,0.94,0.33,0.06
1784748773.8255,12:32:53.825,0.94,0.34,0.03
1784748774.3254,12:32:54.325,0.94,0.33,0.02
1784748774.8252,12:32:54.825,0.95,0.32,0.02
1784748775.3253,12:32:55.325,0.95,0.30,0.02
1784748775.8251,12:32:55.825,0.97,0.25,0.07
1784748776.3249,12:32:56.324,0.97,0.21,0.11
1784748776.8244,12:32:56.824,0.97,0.16,0.15
1784748777.3244,12:32:57.324,0.97,0.13,0.18
1784748777.8246,12:32:57.824,0.97,0.14,0.19
1784748778.3239,12:32:58.323,0.97,0.11,0.20
1784748778.8241,12:32:58.824,0.98,0.08,0.20
1784748779.3242,12:32:59.324,0.97,0.06,0.22
1784748779.8236,12:32:59.823,0.97,0.06,0.23
1784748780.3232,12:33:00.323,0.97,0.06,0.25
1784748780.8233,12:33:00.823,0.97,0.08,0.25
1784748781.3231,12:33:01.323,0.97,0.11,0.22
1784748781.8235,12:33:01.823,0.97,0.12,0.22
1784748782.3236,12:33:02.323,0.97,0.14,0.19
1784748782.8231,12:33:02.823,0.97,0.12,0.20
1784748783.3234,12:33:03.323,0.97,0.16,0.17
1784748783.8234,12:33:03.823,0.97,0.19,0.15
1784748784.3232,12:33:04.323,0.97,0.22,0.13
1784748784.8227,12:33:04.822,0.97,0.19,0.14
1784748785.3225,12:33:05.322,0.98,0.13,0.17
1784748785.8222,12:33:05.822,0.98,0.09,0.18
1784748786.322,12:33:06.322,0.97,0.04,0.23
1784748786.8218,12:33:06.821,0.97,0.03,0.23
1784748787.3211,12:33:07.321,0.97,-0.01,0.26
1784748787.8209,12:33:07.820,0.96,0.00,0.27
1784748788.3209,12:33:08.320,0.97,0.04,0.25
1784748788.8212,12:33:08.821,0.97,0.14,0.19
1784748789.3209,12:33:09.320,0.97,0.15,0.18
1784748789.8208,12:33:09.820,0.97,0.08,0.23
1784748790.3204,12:33:10.320,0.97,0.09,0.24
1784748790.8196,12:33:10.819,0.97,0.07,0.25
1784748791.3199,12:33:11.319,0.97,0.10,0.23
1784748791.8201,12:33:11.820,0.97,0.14,0.20
1784748792.3199,12:33:12.319,0.97,0.16,0.18
1784748792.8202,12:33:12.820,0.97,0.17,0.17
1784748793.32,12:33:13.320,0.97,0.15,0.19
1784748793.8192,12:33:13.819,0.97,0.13,0.21
1784748794.3198,12:33:14.319,0.97,0.16,0.18
1784748794.8197,12:33:14.819,0.97,0.18,0.16
1784748795.3192,12:33:15.319,0.97,0.19,0.15
1784748795.8194,12:33:15.819,0.97,0.19,0.16
1784748796.3197,12:33:16.319,0.96,0.25,0.12
1784748796.8193,12:33:16.819,0.95,0.28,0.11
1784748797.3191,12:33:17.319,0.96,0.27,0.10
1784748797.8187,12:33:17.818,0.96,0.23,0.13
1784748798.3183,12:33:18.318,0.97,0.19,0.16
1784748798.8184,12:33:18.818,0.97,0.19,0.17
1784748799.3179,12:33:19.317,0.96,0.21,0.15
1784748799.8175,12:33:19.817,0.96,0.25,0.12
1784748800.3175,12:33:20.317,0.96,0.25,0.12
1784748800.8177,12:33:20.817,0.97,0.20,0.15
1784748801.3175,12:33:21.317,0.97,0.20,0.15
1784748801.8172,12:33:21.817,0.97,0.20,0.16
1784748802.3166,12:33:22.316,0.97,0.20,0.16
1784748802.8164,12:33:22.816,0.97,0.19,0.15
1784748803.3163,12:33:23.316,0.97,0.17,0.17
1784748803.8167,12:33:23.816,0.97,0.17,0.17
1784748804.3166,12:33:24.316,0.97,0.18,0.16
1784748804.8162,12:33:24.816,0.96,0.22,0.14
1784748805.3162,12:33:25.316,0.96,0.23,0.14
1784748805.8167,12:33:25.816,0.96,0.25,0.11
1784748806.3163,12:33:26.316,0.96,0.24,0.12
1784748806.8162,12:33:26.816,0.97,0.23,0.13
1784748807.3156,12:33:27.315,0.97,0.21,0.13
1784748807.8148,12:33:27.814,0.97,0.21,0.14
1784748808.3151,12:33:28.315,0.96,0.26,0.11
1784748808.8147,12:33:28.814,0.96,0.24,0.12
1784748809.3143,12:33:29.314,0.97,0.17,0.17
1784748809.8147,12:33:29.814,0.97,0.11,0.21
1784748810.3145,12:33:30.314,0.97,0.08,0.22
1784748810.8142,12:33:30.814,0.97,0.08,0.21
1784748811.3144,12:33:31.314,0.97,0.09,0.22
1784748811.8146,12:33:31.814,0.97,0.09,0.21
1784748812.3141,12:33:32.314,0.97,0.15,0.17
1784748812.8147,12:33:32.814,0.97,0.17,0.17
1784748813.3144,12:33:33.314,0.97,0.18,0.16
1784748813.8136,12:33:33.813,0.97,0.17,0.17
1784748814.3136,12:33:34.313,0.97,0.17,0.17
1784748814.8133,12:33:34.813,0.97,0.19,0.15
1784748815.3125,12:33:35.312,0.97,0.16,0.18
1784748815.8123,12:33:35.812,0.97,0.18,0.15
1784748816.3126,12:33:36.312,0.97,0.19,0.14
1784748816.812,12:33:36.812,0.96,0.27,0.09
1784748817.3119,12:33:37.311,0.95,0.30,0.07
1784748817.8117,12:33:37.811,0.96,0.21,0.15
1784748818.3111,12:33:38.311,0.97,0.19,0.18
1784748818.8112,12:33:38.811,0.97,0.16,0.19
1784748819.311,12:33:39.311,0.97,0.13,0.21
1784748819.811,12:33:39.811,0.97,0.12,0.21
1784748820.3115,12:33:40.311,0.97,0.11,0.21
1784748820.8117,12:33:40.811,0.97,0.15,0.18
1784748821.3112,12:33:41.311,0.97,0.16,0.18
1784748821.8106,12:33:41.810,0.97,0.20,0.15
1784748822.311,12:33:42.311,0.97,0.20,0.15
1784748822.8105,12:33:42.810,0.97,0.23,0.12
1784748823.3097,12:33:43.309,0.97,0.22,0.11
1784748823.8098,12:33:43.809,0.97,0.21,0.11
1784748824.309,12:33:44.309,0.97,0.16,0.15
1784748824.8084,12:33:44.808,0.98,0.11,0.19
1784748825.3085,12:33:45.308,0.98,0.11,0.19
1784748825.8085,12:33:45.808,0.97,0.16,0.17
1784748826.3081,12:33:46.308,0.97,0.20,0.16
1784748826.808,12:33:46.808,0.97,0.21,0.15
1784748827.308,12:33:47.308,0.95,0.29,0.09
1784748827.8079,12:33:47.807,0.95,0.31,0.07
1784748828.3079,12:33:48.307,0.94,0.34,0.06
1784748828.8078,12:33:48.807,0.94,0.34,0.05
1784748829.3075,12:33:49.307,0.94,0.33,0.06
1784748829.8075,12:33:49.807,0.95,0.30,0.07
1784748830.3071,12:33:50.307,0.96,0.24,0.12
1784748830.8064,12:33:50.806,0.97,0.20,0.15
1784748831.3066,12:33:51.306,0.96,0.23,0.15
1784748831.8069,12:33:51.806,0.95,0.30,0.09
1784748832.3065,12:33:52.306,0.91,0.40,-0.01
1784748832.8065,12:33:52.806,0.86,0.50,-0.09
1784748833.3068,12:33:53.306,0.85,0.51,-0.11
1784748833.8064,12:33:53.806,0.83,0.55,-0.14
1784748834.3064,12:33:54.306,0.82,0.55,-0.17
1784748834.8069,12:33:54.806,0.82,0.55,-0.17
1784748835.3069,12:33:55.306,0.83,0.54,-0.11
1784748835.8062,12:33:55.806,0.91,0.40,0.00
1784748836.3058,12:33:56.305,0.93,0.36,0.02
1784748836.8056,12:33:56.805,0.94,0.34,0.04
1784748837.3053,12:33:57.305,0.94,0.35,0.04
1784748837.8051,12:33:57.805,0.94,0.33,0.07
1784748838.3049,12:33:58.304,0.94,0.32,0.07
1784748838.8048,12:33:58.804,0.95,0.31,0.07
1784748839.3052,12:33:59.305,0.89,0.45,-0.03
1784748839.8053,12:33:59.805,0.85,0.52,-0.09
1784748840.3053,12:34:00.305,0.86,0.50,-0.09
1784748840.8057,12:34:00.805,0.86,0.50,-0.08
1784748841.3056,12:34:01.305,0.88,0.48,-0.05
1784748841.805,12:34:01.805,0.91,0.42,0.00
1784748842.3047,12:34:02.304,0.92,0.40,0.01
1784748842.8048,12:34:02.804,0.94,0.35,0.04
1784748843.3044,12:34:03.304,0.95,0.31,0.06
1784748843.8039,12:34:03.803,0.96,0.27,0.10
1784748844.3039,12:34:04.303,0.96,0.26,0.11
1784748844.8038,12:34:04.803,0.95,0.31,0.09
1784748845.3032,12:34:05.303,0.92,0.38,0.03
1784748845.8034,12:34:05.803,0.89,0.46,-0.03
1784748846.3031,12:34:06.303,0.89,0.45,-0.03
1784748846.8032,12:34:06.803,0.92,0.38,0.02
1784748847.3034,12:34:07.303,0.95,0.30,0.07
1784748847.8028,12:34:07.802,0.96,0.28,0.08
1784748848.3022,12:34:08.302,0.96,0.25,0.11
1784748848.8027,12:34:08.802,0.97,0.23,0.12
1784748849.3017,12:34:09.301,0.97,0.19,0.16
1784748849.8017,12:34:09.801,0.97,0.18,0.16
1784748850.302,12:34:10.302,0.97,0.21,0.14
1784748850.8016,12:34:10.801,0.96,0.24,0.12
1784748851.3012,12:34:11.301,0.95,0.29,0.08
1784748851.8013,12:34:11.801,0.94,0.32,0.07
1784748852.3013,12:34:12.301,0.93,0.35,0.05
1784748852.8012,12:34:12.801,0.93,0.37,0.03
1784748853.3016,12:34:13.301,0.93,0.38,0.02
1784748853.8014,12:34:13.801,0.94,0.34,0.03
1784748854.3005,12:34:14.300,0.95,0.32,0.04
1784748854.8009,12:34:14.800,0.95,0.31,0.05
1784748855.3006,12:34:15.300,0.96,0.23,0.12
1784748855.8004,12:34:15.800,0.97,0.19,0.15
1784748856.3006,12:34:16.300,0.97,0.13,0.20
1784748856.8005,12:34:16.800,0.97,0.12,0.21
1784748857.3001,12:34:17.300,0.97,0.16,0.18
1784748857.8,12:34:17.800,0.97,0.19,0.16
1784748858.2996,12:34:18.299,0.97,0.21,0.14
1784748858.7994,12:34:18.799,0.97,0.21,0.15
1784748859.2995,12:34:19.299,0.97,0.19,0.16
1784748859.7991,12:34:19.799,0.97,0.15,0.19
1784748860.2983,12:34:20.298,0.97,0.14,0.19
1784748860.7982,12:34:20.798,0.97,0.15,0.18
1784748861.2978,12:34:21.297,0.97,0.15,0.18
1784748861.7973,12:34:21.797,0.97,0.14,0.18
1784748862.2972,12:34:22.297,0.97,0.08,0.23
1784748862.797,12:34:22.797,0.97,0.08,0.22
1784748863.2971,12:34:23.297,0.97,0.04,0.25
1784748863.7971,12:34:23.797,0.97,0.03,0.25
1784748864.2974,12:34:24.297,0.97,0.03,0.25
1784748864.797,12:34:24.797,0.97,0.03,0.25
1784748865.2966,12:34:25.296,0.97,0.05,0.23
1784748865.7968,12:34:25.796,0.97,0.06,0.23
1784748866.2964,12:34:26.296,0.97,0.15,0.17
1784748866.7962,12:34:26.796,0.97,0.20,0.15
1784748867.2959,12:34:27.295,0.97,0.21,0.14
1784748867.7955,12:34:27.795,0.97,0.22,0.14
1784748868.2953,12:34:28.295,0.97,0.23,0.13
1784748868.7956,12:34:28.795,0.97,0.21,0.15
1784748869.2956,12:34:29.295,0.97,0.18,0.17
1784748869.7949,12:34:29.794,0.97,0.15,0.19
1784748870.2951,12:34:30.295,0.97,0.14,0.20
1784748870.7945,12:34:30.794,0.97,0.13,0.20
1784748871.2942,12:34:31.294,0.97,0.16,0.17
1784748871.7946,12:34:31.794,0.97,0.21,0.14
1784748872.2941,12:34:32.294,0.97,0.22,0.13
1784748872.7937,12:34:32.793,0.97,0.21,0.13
1784748873.2935,12:34:33.293,0.97,0.20,0.15
1784748873.7936,12:34:33.793,0.97,0.16,0.18
1784748874.2934,12:34:34.293,0.97,0.17,0.18
1784748874.7934,12:34:34.793,0.97,0.15,0.20
1784748875.2937,12:34:35.293,0.97,0.15,0.20
1784748875.7933,12:34:35.793,0.97,0.15,0.19
1784748876.2934,12:34:36.293,0.97,0.17,0.17
1784748876.7932,12:34:36.793,0.97,0.14,0.19
1784748877.2924,12:34:37.292,0.97,0.17,0.18
1784748877.7929,12:34:37.792,0.97,0.16,0.18
1784748878.2933,12:34:38.293,0.96,0.26,0.11
1784748878.7932,12:34:38.793,0.96,0.27,0.08
1784748879.2928,12:34:39.292,0.96,0.27,0.09
1784748879.7936,12:34:39.793,0.96,0.24,0.11
1784748880.2929,12:34:40.292,0.96,0.23,0.13
1784748880.7924,12:34:40.792,0.97,0.21,0.14
1784748881.2928,12:34:41.292,0.97,0.20,0.15
1784748881.7926,12:34:41.792,0.97,0.17,0.17
1784748882.2922,12:34:42.292,0.97,0.17,0.17
1784748882.7929,12:34:42.792,0.97,0.13,0.20
1784748883.2923,12:34:43.292,0.97,0.13,0.21
1784748883.7917,12:34:43.791,0.97,0.17,0.18
1784748884.2918,12:34:44.291,0.97,0.17,0.17
1784748884.7912,12:34:44.791,0.97,0.19,0.14
1784748885.2907,12:34:45.290,0.97,0.22,0.11
1784748885.7909,12:34:45.790,0.96,0.26,0.08
1784748886.2903,12:34:46.290,0.96,0.26,0.09
1784748886.7901,12:34:46.790,0.96,0.27,0.09
1784748887.2903,12:34:47.290,0.97,0.23,0.12
1784748887.7904,12:34:47.790,0.97,0.21,0.14
1784748888.2904,12:34:48.290,0.97,0.20,0.15
1784748888.7902,12:34:48.790,0.97,0.18,0.17
1784748889.2901,12:34:49.290,0.97,0.19,0.16
1784748889.7895,12:34:49.789,0.97,0.19,0.16
1784748890.2896,12:34:50.289,0.97,0.19,0.16
1784748890.7894,12:34:50.789,0.97,0.19,0.16
1784748891.289,12:34:51.289,0.97,0.22,0.13
1784748891.7889,12:34:51.788,0.97,0.22,0.12
1784748892.2889,12:34:52.288,0.97,0.24,0.10
1784748892.7879,12:34:52.787,0.97,0.20,0.13
1784748893.288,12:34:53.288,0.97,0.17,0.18
1784748893.7884,12:34:53.788,0.97,0.16,0.20
1784748894.2882,12:34:54.288,0.97,0.17,0.19
1784748894.7876,12:34:54.787,0.97,0.20,0.16
1784748895.288,12:34:55.288,0.96,0.26,0.13
1784748895.7875,12:34:55.787,0.95,0.30,0.09
1784748896.2871,12:34:56.287,0.93,0.37,0.04
1784748896.7874,12:34:56.787,0.91,0.41,0.01
1784748897.2868,12:34:57.286,0.91,0.41,0.01
1784748897.7862,12:34:57.786,0.91,0.42,-0.01
1784748898.2869,12:34:58.286,0.91,0.41,0.00
1784748898.7867,12:34:58.786,0.90,0.43,-0.01
1784748899.2863,12:34:59.286,0.90,0.44,-0.02
1784748899.7866,12:34:59.786,0.90,0.44,-0.01
1784748900.286,12:35:00.286,0.90,0.44,-0.02
1784748900.7859,12:35:00.785,0.90,0.43,-0.01
1784748901.2862,12:35:01.286,0.94,0.34,0.06
1784748901.7858,12:35:01.785,0.96,0.26,0.13
1784748902.285,12:35:02.285,0.96,0.26,0.12
1784748902.7852,12:35:02.785,0.96,0.24,0.14
1784748903.2844,12:35:03.284,0.96,0.23,0.15
1784748903.7841,12:35:03.784,0.96,0.22,0.14
1784748904.2841,12:35:04.284,0.96,0.23,0.14
1784748904.7841,12:35:04.784,0.96,0.23,0.14
1784748905.2831,12:35:05.283,0.96,0.26,0.12
1784748905.7835,12:35:05.783,0.96,0.26,0.12
1784748906.283,12:35:06.283,0.96,0.25,0.14
1784748906.7823,12:35:06.782,0.96,0.25,0.15
1784748907.2825,12:35:07.282,0.96,0.24,0.14
1784748907.7826,12:35:07.782,0.95,0.27,0.13
1784748908.282,12:35:08.282,0.95,0.31,0.09
1784748908.7823,12:35:08.782,0.95,0.30,0.09
1784748909.2825,12:35:09.282,0.96,0.25,0.12
1784748909.7821,12:35:09.782,0.97,0.20,0.15
1784748910.282,12:35:10.282,0.97,0.19,0.15
1784748910.7818,12:35:10.781,0.97,0.17,0.17
1784748911.2816,12:35:11.281,0.97,0.13,0.21
1784748911.7821,12:35:11.782,0.97,0.13,0.21
1784748912.2829,12:35:12.282,0.97,0.17,0.17
1784748912.782,12:35:12.782,0.96,0.22,0.14
1784748913.2818,12:35:13.281,0.97,0.22,0.12
1784748913.7817,12:35:13.781,0.96,0.24,0.11
1784748914.2814,12:35:14.281,0.96,0.24,0.11
1784748914.781,12:35:14.781,0.97,0.23,0.13
1784748915.2809,12:35:15.280,0.97,0.18,0.15
1784748915.7807,12:35:15.780,0.97,0.19,0.15
1784748916.2801,12:35:16.280,0.96,0.26,0.10
1784748916.7806,12:35:16.780,0.94,0.33,0.07
1784748917.2807,12:35:17.280,0.93,0.36,0.05
1784748917.7804,12:35:17.780,0.93,0.36,0.06
1784748918.2808,12:35:18.280,0.94,0.33,0.07
1784748918.7808,12:35:18.780,0.94,0.32,0.07
1784748919.2803,12:35:19.280,0.95,0.29,0.09
1784748919.7801,12:35:19.780,0.96,0.28,0.09
1784748920.2793,12:35:20.279,0.95,0.30,0.08
1784748920.7788,12:35:20.778,0.95,0.30,0.07
1784748921.2786,12:35:21.278,0.94,0.33,0.06
1784748921.7787,12:35:21.778,0.95,0.32,0.07
1784748922.2783,12:35:22.278,0.97,0.21,0.14
1784748922.7783,12:35:22.778,0.97,0.20,0.16
1784748923.2782,12:35:23.278,0.97,0.18,0.16
1784748923.7778,12:35:23.777,0.97,0.19,0.16
1784748924.2781,12:35:24.278,0.97,0.19,0.15
1784748924.7783,12:35:24.778,0.97,0.20,0.14
1784748925.2777,12:35:25.277,0.97,0.23,0.11
1784748925.7776,12:35:25.777,0.96,0.24,0.11
1784748926.2782,12:35:26.278,0.96,0.25,0.11
1784748926.7779,12:35:26.777,0.96,0.26,0.13
1784748927.2779,12:35:27.277,0.96,0.23,0.15
1784748927.7779,12:35:27.777,0.96,0.23,0.15
1784748928.2774,12:35:28.277,0.96,0.24,0.15
1784748928.777,12:35:28.777,0.96,0.23,0.15
1784748929.277,12:35:29.277,0.96,0.24,0.14
1784748929.7769,12:35:29.776,0.96,0.27,0.12
1784748930.2769,12:35:30.276,0.95,0.31,0.08
1784748930.7772,12:35:30.777,0.95,0.31,0.08
1784748931.277,12:35:31.277,0.95,0.31,0.08
1784748931.7764,12:35:31.776,0.94,0.33,0.06
1784748932.2761,12:35:32.276,0.94,0.33,0.06
1784748932.7757,12:35:32.775,0.94,0.33,0.06
1784748933.2752,12:35:33.275,0.93,0.35,0.05
1784748933.7754,12:35:33.775,0.94,0.33,0.06
1784748934.2754,12:35:34.275,0.95,0.32,0.05
1784748934.7749,12:35:34.774,0.96,0.27,0.09
1784748935.2747,12:35:35.274,0.96,0.26,0.11
1784748935.7742,12:35:35.774,0.95,0.28,0.10
1784748936.2739,12:35:36.273,0.95,0.29,0.08
1784748936.7739,12:35:36.773,0.95,0.29,0.08
1784748937.2742,12:35:37.274,0.95,0.31,0.07
1784748937.7736,12:35:37.773,0.93,0.35,0.05
1784748938.2738,12:35:38.273,0.93,0.38,0.04
1784748938.7737,12:35:38.773,0.93,0.36,0.06
1784748939.2729,12:35:39.272,0.94,0.34,0.07
1784748939.7727,12:35:39.772,0.95,0.29,0.09
1784748940.2732,12:35:40.273,0.95,0.29,0.09
1784748940.7732,12:35:40.773,0.94,0.32,0.08
1784748941.2735,12:35:41.273,0.95,0.31,0.09
1784748941.7733,12:35:41.773,0.93,0.35,0.06
1784748942.2729,12:35:42.272,0.92,0.40,0.03
1784748942.7732,12:35:42.773,0.91,0.42,0.00
1784748943.2732,12:35:43.273,0.91,0.41,0.01
1784748943.7727,12:35:43.772,0.92,0.40,0.02
1784748944.2721,12:35:44.272,0.92,0.40,0.01
1784748944.7724,12:35:44.772,0.90,0.44,-0.03
1784748945.2723,12:35:45.272,0.88,0.47,-0.05
1784748945.7717,12:35:45.771,0.87,0.49,-0.07
1784748946.272,12:35:46.272,0.90,0.43,-0.03
1784748946.7719,12:35:46.771,0.92,0.40,0.00
1784748947.2713,12:35:47.271,0.92,0.40,-0.01
1784748947.7714,12:35:47.771,0.88,0.47,-0.06
1784748948.271,12:35:48.271,0.89,0.45,-0.05
1784748948.7708,12:35:48.770,0.91,0.41,-0.01
1784748949.2704,12:35:49.270,0.93,0.36,0.04
1784748949.7698,12:35:49.769,0.93,0.36,0.05
1784748950.2699,12:35:50.269,0.93,0.36,0.06
1784748950.7697,12:35:50.769,0.94,0.33,0.07
1784748951.2693,12:35:51.269,0.94,0.35,0.05
1784748951.7687,12:35:51.768,0.92,0.40,0.01
1784748952.2685,12:35:52.268,0.92,0.40,0.01
1784748952.7688,12:35:52.768,0.91,0.41,0.00
1784748953.268,12:35:53.268,0.92,0.40,0.01
1784748953.7686,12:35:53.768,0.93,0.35,0.05
1784748954.2689,12:35:54.268,0.95,0.30,0.09
1784748954.7681,12:35:54.768,0.96,0.26,0.11
1784748955.2682,12:35:55.268,0.96,0.23,0.14
1784748955.7679,12:35:55.767,0.96,0.23,0.14
1784748956.2673,12:35:56.267,0.97,0.21,0.14
1784748956.7674,12:35:56.767,0.96,0.27,0.09
1784748957.2676,12:35:57.267,0.96,0.28,0.09
1784748957.7674,12:35:57.767,0.96,0.27,0.10
1784748958.2675,12:35:58.267,0.97,0.23,0.11
1784748958.7673,12:35:58.767,0.97,0.23,0.12
1784748959.2676,12:35:59.267,0.97,0.22,0.12
1784748959.7672,12:35:59.767,0.97,0.21,0.12
1784748960.2672,12:36:00.267,0.97,0.21,0.13
1784748960.7667,12:36:00.766,0.97,0.21,0.14
1784748961.2667,12:36:01.266,0.97,0.21,0.14
1784748961.7672,12:36:01.767,0.97,0.20,0.16
1784748962.2668,12:36:02.266,0.97,0.20,0.16
1784748962.7664,12:36:02.766,0.97,0.20,0.16
1784748963.2663,12:36:03.266,0.97,0.20,0.16
1784748963.7658,12:36:03.765,0.97,0.19,0.17
1784748964.2654,12:36:04.265,0.97,0.16,0.17
1784748964.7655,12:36:04.765,0.97,0.17,0.17
1784748965.2651,12:36:05.265,0.97,0.18,0.15
1784748965.765,12:36:05.765,0.97,0.22,0.13
1784748966.2648,12:36:06.264,0.96,0.25,0.12
1784748966.7648,12:36:06.764,0.96,0.26,0.10
1784748967.2643,12:36:07.264,0.95,0.30,0.06
1784748967.7647,12:36:07.764,0.96,0.26,0.08
1784748968.2644,12:36:08.264,0.97,0.22,0.11
1784748968.7636,12:36:08.763,0.97,0.15,0.16
1784748969.2636,12:36:09.263,0.97,0.14,0.17
1784748969.7641,12:36:09.764,0.97,0.10,0.20
1784748970.2639,12:36:10.263,0.97,0.10,0.20
1784748970.7646,12:36:10.764,0.97,0.06,0.24
1784748971.2638,12:36:11.263,0.97,0.05,0.25
1784748971.7634,12:36:11.763,0.97,0.06,0.25
1784748972.2636,12:36:12.263,0.97,0.06,0.25
1784748972.7636,12:36:12.763,0.97,0.07,0.25
1784748973.2632,12:36:13.263,0.97,0.06,0.25
1784748973.7637,12:36:13.763,0.97,0.11,0.22
1784748974.2632,12:36:14.263,0.97,0.10,0.22
1784748974.7629,12:36:14.762,0.97,0.09,0.21
1784748975.2625,12:36:15.262,0.97,0.09,0.21
1784748975.7625,12:36:15.762,0.98,0.11,0.19
1784748976.2622,12:36:16.262,0.97,0.11,0.20
1784748976.762,12:36:16.762,0.97,0.12,0.20
1784748977.2623,12:36:17.262,0.97,0.09,0.21
1784748977.7619,12:36:17.761,0.97,0.11,0.20
1784748978.2615,12:36:18.261,0.97,0.16,0.16
1784748978.7618,12:36:18.761,0.97,0.18,0.14
1784748979.261,12:36:19.261,0.97,0.20,0.15
1784748979.7606,12:36:19.760,0.97,0.17,0.17
1784748980.2608,12:36:20.260,0.96,0.05,0.26
1784748980.7603,12:36:20.760,0.96,0.05,0.26
1784748981.26,12:36:21.260,0.97,0.08,0.24
1784748981.76,12:36:21.760,0.97,0.08,0.23
1784748982.2593,12:36:22.259,0.97,0.07,0.24
1784748982.7585,12:36:22.758,0.96,0.02,0.26
1784748983.2588,12:36:23.258,0.96,0.00,0.28
1784748983.7591,12:36:23.759,0.96,-0.03,0.28
1784748984.2587,12:36:24.258,0.96,-0.03,0.28
1784748984.7588,12:36:24.758,0.97,0.04,0.24
1784748985.2587,12:36:25.258,0.97,0.08,0.22
1784748985.7585,12:36:25.758,0.97,0.07,0.23
1784748986.2588,12:36:26.258,0.97,0.05,0.24
1784748986.7585,12:36:26.758,0.97,0.04,0.24
1784748987.2581,12:36:27.258,0.97,0.08,0.22
1784748987.7578,12:36:27.757,0.97,0.08,0.22
1784748988.2578,12:36:28.257,0.97,0.10,0.21
1784748988.7574,12:36:28.757,0.97,0.13,0.19
1784748989.2569,12:36:29.256,0.97,0.17,0.15
1784748989.7573,12:36:29.757,0.97,0.18,0.16
1784748990.2572,12:36:30.257,0.97,0.17,0.16
1784748990.757,12:36:30.757,0.97,0.17,0.16
1784748991.2572,12:36:31.257,0.97,0.12,0.20
1784748991.7571,12:36:31.757,0.97,0.09,0.22
1784748992.2569,12:36:32.256,0.97,0.09,0.22
1784748992.7572,12:36:32.757,0.97,0.12,0.19
1784748993.2562,12:36:33.256,0.97,0.12,0.19
1784748993.7562,12:36:33.756,0.97,0.07,0.23
1784748994.2569,12:36:34.256,0.97,0.07,0.24
1784748994.7561,12:36:34.756,0.97,0.08,0.24
1784748995.2556,12:36:35.255,0.97,0.08,0.23
1784748995.7556,12:36:35.755,0.97,0.09,0.23
1784748996.255,12:36:36.255,0.97,0.11,0.22
1784748996.7546,12:36:36.754,0.97,0.12,0.21
1784748997.2552,12:36:37.255,0.97,0.12,0.22
1784748997.7542,12:36:37.754,0.97,0.18,0.17
1784748998.2537,12:36:38.253,0.96,0.24,0.12
1784748998.7541,12:36:38.754,0.96,0.24,0.12
1784748999.2542,12:36:39.254,0.97,0.17,0.16
1784748999.7542,12:36:39.754,0.97,0.15,0.17
1784749000.2546,12:36:40.254,0.97,0.15,0.18
1784749000.7547,12:36:40.754,0.97,0.19,0.15
1784749001.2545,12:36:41.254,0.97,0.20,0.16
1784749001.7546,12:36:41.754,0.96,0.22,0.15
1784749002.2548,12:36:42.254,0.96,0.25,0.13
1784749002.7542,12:36:42.754,0.96,0.27,0.12
1784749003.2537,12:36:43.253,0.94,0.34,0.06
1784749003.7539,12:36:43.753,0.92,0.39,0.03
1784749004.2538,12:36:44.253,0.93,0.37,0.04
1784749004.7535,12:36:44.753,0.94,0.34,0.05
1784749005.2537,12:36:45.253,0.95,0.31,0.08
1784749005.7528,12:36:45.752,0.96,0.28,0.09
1784749006.2524,12:36:46.252,0.96,0.24,0.11
1784749006.7525,12:36:46.752,0.97,0.19,0.15
1784749007.2517,12:36:47.251,0.97,0.17,0.16
1784749007.7513,12:36:47.751,0.97,0.16,0.18
1784749008.2518,12:36:48.251,0.97,0.15,0.18
1784749008.7518,12:36:48.751,0.97,0.12,0.21
1784749009.2513,12:36:49.251,0.97,0.10,0.20
1784749009.7513,12:36:49.751,0.97,0.12,0.20
1784749010.2503,12:36:50.250,0.97,0.11,0.21
1784749010.7496,12:36:50.749,0.97,0.09,0.22
1784749011.2498,12:36:51.249,0.97,0.09,0.23
1784749011.7498,12:36:51.749,0.97,0.12,0.22
1784749012.2493,12:36:52.249,0.97,0.12,0.21
1784749012.7499,12:36:52.749,0.97,0.14,0.20
1784749013.25,12:36:53.250,0.97,0.13,0.20
1784749013.7496,12:36:53.749,0.97,0.19,0.15
1784749014.2494,12:36:54.249,0.97,0.19,0.15
1784749014.7497,12:36:54.749,0.97,0.19,0.15
1784749015.2492,12:36:55.249,0.97,0.15,0.18
1784749015.7494,12:36:55.749,0.97,0.15,0.18
1784749016.2494,12:36:56.249,0.97,0.16,0.18
1784749016.7486,12:36:56.748,0.97,0.22,0.14
1784749017.2487,12:36:57.248,0.96,0.26,0.11
1784749017.7489,12:36:57.748,0.96,0.25,0.11
1784749018.2479,12:36:58.247,0.96,0.24,0.13
1784749018.7476,12:36:58.747,0.97,0.21,0.14
1784749019.2476,12:36:59.247,0.97,0.17,0.17
1784749019.7477,12:36:59.747,0.97,0.11,0.21
1784749020.2473,12:37:00.247,0.97,0.10,0.21
1784749020.7479,12:37:00.747,0.97,0.09,0.20
1784749021.2472,12:37:01.247,0.97,0.07,0.21
1784749021.7472,12:37:01.747,0.98,0.07,0.21
1784749022.2475,12:37:02.247,0.98,0.08,0.19
1784749022.7473,12:37:02.747,0.98,0.10,0.18
1784749023.2469,12:37:03.246,0.98,0.13,0.16
1784749023.747,12:37:03.747,0.98,0.14,0.15
1784749024.2464,12:37:04.246,0.98,0.14,0.16
1784749024.746,12:37:04.746,0.97,0.15,0.17
1784749025.2463,12:37:05.246,0.97,0.11,0.19
1784749025.7455,12:37:05.745,0.97,0.09,0.21
1784749026.2456,12:37:06.245,0.98,0.09,0.20
1784749026.7462,12:37:06.746,0.98,0.12,0.18
1784749027.2458,12:37:07.245,0.98,0.14,0.17
1784749027.7457,12:37:07.745,0.97,0.16,0.16
1784749028.2455,12:37:08.245,0.97,0.12,0.20
1784749028.7449,12:37:08.744,0.97,0.07,0.24
1784749029.2445,12:37:09.244,0.97,0.08,0.23
1784749029.7447,12:37:09.744,0.97,0.11,0.21
1784749030.2446,12:37:10.244,0.97,0.12,0.20
1784749030.7443,12:37:10.744,0.97,0.14,0.19
1784749031.2444,12:37:11.244,0.97,0.14,0.19
1784749031.7452,12:37:11.745,0.97,0.16,0.18
1784749032.2448,12:37:12.244,0.97,0.17,0.17
1784749032.7445,12:37:12.744,0.97,0.20,0.16
1784749033.2449,12:37:13.244,0.97,0.19,0.15
1784749033.7447,12:37:13.744,0.97,0.22,0.13
1784749034.2447,12:37:14.244,0.97,0.21,0.14
1784749034.7449,12:37:14.744,0.97,0.20,0.14
1784749035.244,12:37:15.244,0.97,0.21,0.13
1784749035.744,12:37:15.744,0.96,0.24,0.12
1784749036.2443,12:37:16.244,0.96,0.24,0.12
1784749036.7433,12:37:16.743,0.96,0.25,0.12
1784749037.2429,12:37:17.242,0.96,0.26,0.11
1784749037.7427,12:37:17.742,0.96,0.27,0.10
1784749038.2423,12:37:18.242,0.96,0.24,0.12
1784749038.7424,12:37:18.742,0.97,0.21,0.14
1784749039.2428,12:37:19.242,0.97,0.17,0.16
1784749039.7422,12:37:19.742,0.97,0.19,0.15
1784749040.2415,12:37:20.241,0.97,0.22,0.12
1784749040.7421,12:37:20.742,0.96,0.26,0.10
1784749041.2418,12:37:21.241,0.96,0.27,0.09
1784749041.7416,12:37:21.741,0.96,0.27,0.10
1784749042.2416,12:37:22.241,0.96,0.23,0.13
1784749042.7419,12:37:22.741,0.96,0.23,0.13
1784749043.241,12:37:23.241,0.96,0.23,0.13
1784749043.7413,12:37:23.741,0.96,0.26,0.11
1784749044.2411,12:37:24.241,0.96,0.26,0.11
1784749044.7403,12:37:24.740,0.95,0.29,0.10
1784749045.2404,12:37:25.240,0.95,0.29,0.10
1784749045.7406,12:37:25.740,0.95,0.29,0.11
1784749046.24,12:37:26.240,0.96,0.25,0.14
1784749046.7405,12:37:26.740,0.96,0.23,0.14
1784749047.2401,12:37:27.240,0.97,0.21,0.16
1784749047.7398,12:37:27.739,0.97,0.20,0.16
1784749048.2398,12:37:28.239,0.97,0.20,0.16
1784749048.7396,12:37:28.739,0.97,0.20,0.16
1784749049.2395,12:37:29.239,0.97,0.17,0.16
1784749049.7395,12:37:29.739,0.97,0.17,0.16
1784749050.24,12:37:30.240,0.97,0.21,0.12
1784749050.739,12:37:30.739,0.97,0.22,0.11
1784749051.2388,12:37:31.238,0.97,0.23,0.11
1784749051.7389,12:37:31.738,0.97,0.23,0.12
1784749052.2387,12:37:32.238,0.96,0.24,0.12
1784749052.7382,12:37:32.738,0.95,0.30,0.08
1784749053.2382,12:37:33.238,0.93,0.36,0.04
1784749053.7378,12:37:33.737,0.93,0.37,0.04
1784749054.2377,12:37:34.237,0.93,0.36,0.05
1784749054.7377,12:37:34.737,0.94,0.32,0.08
1784749055.2376,12:37:35.237,0.95,0.29,0.10
1784749055.7373,12:37:35.737,0.95,0.31,0.09
1784749056.2371,12:37:36.237,0.95,0.29,0.10
1784749056.737,12:37:36.737,0.95,0.28,0.10
1784749057.2366,12:37:37.236,0.96,0.27,0.10
1784749057.7369,12:37:37.736,0.96,0.28,0.08
1784749058.2367,12:37:38.236,0.96,0.27,0.09
1784749058.7359,12:37:38.735,0.96,0.27,0.10
1784749059.2358,12:37:39.235,0.96,0.26,0.11
1784749059.7354,12:37:39.735,0.96,0.25,0.11
1784749060.2346,12:37:40.234,0.96,0.25,0.11
1784749060.7348,12:37:40.734,0.96,0.24,0.13
1784749061.2348,12:37:41.234,0.97,0.20,0.16
1784749061.7347,12:37:41.734,0.97,0.18,0.16
1784749062.2351,12:37:42.235,0.97,0.17,0.17
1784749062.7352,12:37:42.735,0.97,0.14,0.18
1784749063.2342,12:37:43.234,0.97,0.14,0.20
1784749063.734,12:37:43.734,0.97,0.10,0.22
1784749064.234,12:37:44.234,0.97,0.10,0.22
1784749064.7338,12:37:44.733,0.97,0.09,0.22
1784749065.2336,12:37:45.233,0.97,0.09,0.22
1784749065.7337,12:37:45.733,0.97,0.08,0.24
1784749066.2335,12:37:46.233,0.97,0.13,0.20
1784749066.7334,12:37:46.733,0.97,0.20,0.17
1784749067.2338,12:37:47.233,0.96,0.26,0.13
1784749067.7332,12:37:47.733,0.95,0.30,0.12
1784749068.2331,12:37:48.233,0.96,0.27,0.13
1784749068.7332,12:37:48.733,0.95,0.27,0.13
1784749069.2331,12:37:49.233,0.95,0.27,0.12
1784749069.7327,12:37:49.732,0.94,0.33,0.07
1784749070.2323,12:37:50.232,0.93,0.36,0.03
1784749070.7326,12:37:50.732,0.92,0.39,0.02
1784749071.232,12:37:51.232,0.93,0.38,0.02
1784749071.7319,12:37:51.731,0.93,0.36,0.03
1784749072.2323,12:37:52.232,0.93,0.36,0.04
1784749072.7321,12:37:52.732,0.95,0.32,0.08
1784749073.2324,12:37:53.232,0.96,0.28,0.10
1784749073.732,12:37:53.732,0.96,0.24,0.13
1784749074.2315,12:37:54.231,0.96,0.24,0.13
1784749074.7319,12:37:54.731,0.96,0.25,0.11
1784749075.2315,12:37:55.231,0.96,0.24,0.12
1784749075.7312,12:37:55.731,0.97,0.21,0.14
1784749076.2316,12:37:56.231,0.97,0.16,0.18
1784749076.7313,12:37:56.731,0.97,0.16,0.18
1784749077.2309,12:37:57.230,0.97,0.18,0.17
1784749077.7305,12:37:57.730,0.97,0.17,0.18
1784749078.2304,12:37:58.230,0.97,0.18,0.17
1784749078.73,12:37:58.730,0.97,0.21,0.15
1784749079.2303,12:37:59.230,0.96,0.21,0.16
1784749079.7305,12:37:59.730,0.97,0.20,0.16
1784749080.2299,12:38:00.229,0.97,0.17,0.18
1784749080.73,12:38:00.730,0.97,0.17,0.18
1784749081.2298,12:38:01.229,0.97,0.20,0.16
1784749081.7297,12:38:01.729,0.97,0.19,0.16
1784749082.2293,12:38:02.229,0.97,0.18,0.17
1784749082.7293,12:38:02.729,0.97,0.13,0.21
1784749083.2292,12:38:03.229,0.97,0.14,0.20
1784749083.7288,12:38:03.728,0.97,0.16,0.18
1784749084.2287,12:38:04.228,0.97,0.20,0.15
1784749084.7283,12:38:04.728,0.96,0.26,0.12
1784749085.2278,12:38:05.227,0.96,0.24,0.11
1784749085.7281,12:38:05.728,0.97,0.21,0.13
1784749086.2278,12:38:06.227,0.97,0.20,0.15
1784749086.7275,12:38:06.727,0.97,0.20,0.15
1784749087.2271,12:38:07.227,0.95,0.29,0.08
1784749087.7268,12:38:07.726,0.95,0.29,0.09
1784749088.2265,12:38:08.226,0.95,0.29,0.09
1784749088.7267,12:38:08.726,0.95,0.29,0.09
1784749089.2264,12:38:09.226,0.96,0.26,0.09
1784749089.7258,12:38:09.725,0.96,0.23,0.13
1784749090.226,12:38:10.226,0.97,0.22,0.12
1784749090.7259,12:38:10.725,0.97,0.22,0.12
1784749091.2249,12:38:11.224,0.96,0.24,0.12
1784749091.7252,12:38:11.725,0.95,0.31,0.07
1784749092.225,12:38:12.225,0.94,0.33,0.05
1784749092.7246,12:38:12.724,0.95,0.32,0.07
1784749093.2247,12:38:13.224,0.95,0.29,0.08
1784749093.7243,12:38:13.724,0.96,0.28,0.09
1784749094.2238,12:38:14.223,0.96,0.28,0.08
1784749094.7238,12:38:14.723,0.96,0.28,0.09
1784749095.2242,12:38:15.224,0.96,0.28,0.09
1784749095.7241,12:38:15.724,0.94,0.33,0.05
1784749096.2241,12:38:16.224,0.94,0.32,0.06
1784749096.7244,12:38:16.724,0.96,0.27,0.11
1784749097.2242,12:38:17.224,0.96,0.25,0.12
1784749097.7238,12:38:17.723,0.96,0.25,0.13
1784749098.2237,12:38:18.223,0.96,0.23,0.14
1784749098.7231,12:38:18.723,0.97,0.21,0.14
1784749099.2225,12:38:19.222,0.96,0.23,0.14
1784749099.7224,12:38:19.722,0.96,0.24,0.13
1784749100.222,12:38:20.222,0.96,0.24,0.13
1784749100.7218,12:38:20.721,0.96,0.25,0.13
1784749101.2216,12:38:21.221,0.97,0.19,0.17
1784749101.7216,12:38:21.721,0.97,0.18,0.18
1784749102.2213,12:38:22.221,0.96,0.20,0.17
1784749102.7216,12:38:22.721,0.96,0.21,0.15
1784749103.2215,12:38:23.221,0.96,0.22,0.15
1784749103.7213,12:38:23.721,0.96,0.23,0.15
1784749104.2217,12:38:24.221,0.96,0.27,0.11
1784749104.7218,12:38:24.721,0.95,0.28,0.11
1784749105.2214,12:38:25.221,0.94,0.32,0.09
1784749105.7217,12:38:25.721,0.95,0.30,0.09
1784749106.2217,12:38:26.221,0.95,0.30,0.10
1784749106.7213,12:38:26.721,0.95,0.29,0.12
1784749107.2218,12:38:27.221,0.95,0.31,0.10
1784749107.721,12:38:27.721,0.95,0.31,0.10
1784749108.22,12:38:28.220,0.95,0.31,0.09
1784749108.7203,12:38:28.720,0.95,0.31,0.09
1784749109.2195,12:38:29.219,0.94,0.32,0.10
1784749109.719,12:38:29.719,0.96,0.26,0.13
1784749110.2188,12:38:30.218,0.96,0.26,0.13
1784749110.7186,12:38:30.718,0.96,0.23,0.14
1784749111.2181,12:38:31.218,0.96,0.27,0.11
1784749111.7179,12:38:31.717,0.94,0.33,0.08
1784749112.2186,12:38:32.218,0.94,0.33,0.07
1784749112.7182,12:38:32.718,0.94,0.35,0.06
1784749113.2176,12:38:33.217,0.95,0.30,0.07
1784749113.7179,12:38:33.717,0.96,0.25,0.11
1784749114.2178,12:38:34.217,0.96,0.25,0.11
1784749114.7177,12:38:34.717,0.95,0.30,0.07
1784749115.2179,12:38:35.217,0.95,0.31,0.05
1784749115.7177,12:38:35.717,0.94,0.35,0.02
1784749116.2174,12:38:36.217,0.94,0.35,0.04
1784749116.7175,12:38:36.717,0.94,0.34,0.05
1784749117.2172,12:38:37.217,0.96,0.28,0.10
1784749117.7162,12:38:37.716,0.97,0.20,0.15
1784749118.2164,12:38:38.216,0.97,0.20,0.17
1784749118.7165,12:38:38.716,0.96,0.18,0.19
1784749119.2159,12:38:39.215,0.96,0.20,0.18
1784749119.7163,12:38:39.716,0.96,0.20,0.18
1784749120.2162,12:38:40.216,0.96,0.21,0.17
1784749120.7158,12:38:40.715,0.96,0.23,0.15
1784749121.2157,12:38:41.215,0.96,0.25,0.14
1784749121.7155,12:38:41.715,0.96,0.27,0.11
1784749122.2152,12:38:42.215,0.96,0.25,0.14
1784749122.7155,12:38:42.715,0.96,0.27,0.11
1784749123.2153,12:38:43.215,0.95,0.29,0.11
1784749123.715,12:38:43.715,0.95,0.28,0.11
1784749124.2148,12:38:44.214,0.96,0.22,0.15
1784749124.7146,12:38:44.714,0.96,0.23,0.15
1784749125.2141,12:38:45.214,0.94,0.34,0.05
1784749125.7143,12:38:45.714,0.90,0.43,-0.02
1784749126.2144,12:38:46.214,0.91,0.42,0.01
1784749126.714,12:38:46.714,0.92,0.38,0.04
1784749127.2136,12:38:47.213,0.93,0.37,0.04
1784749127.7141,12:38:47.714,0.93,0.38,0.01
1784749128.2137,12:38:48.213,0.93,0.37,0.01
1784749128.7135,12:38:48.713,0.94,0.33,0.04
1784749129.2132,12:38:49.213,0.94,0.33,0.04
1784749129.7128,12:38:49.712,0.94,0.34,0.04
1784749130.213,12:38:50.213,0.93,0.36,0.04
1784749130.7132,12:38:50.713,0.93,0.37,0.04
1784749131.213,12:38:51.213,0.93,0.36,0.04
1784749131.7125,12:38:51.712,0.93,0.36,0.03
1784749132.2128,12:38:52.212,0.93,0.37,0.02
1784749132.7121,12:38:52.712,0.91,0.42,-0.02
1784749133.2119,12:38:53.211,0.90,0.43,-0.03
1784749133.7123,12:38:53.712,0.89,0.45,-0.05
1784749134.2122,12:38:54.212,0.89,0.46,-0.05
1784749134.712,12:38:54.712,0.89,0.46,-0.04
1784749135.2125,12:38:55.212,0.90,0.44,-0.04
1784749135.7135,12:38:55.713,0.89,0.46,-0.06
1784749136.2132,12:38:56.213,0.89,0.45,-0.04
1784749136.713,12:38:56.713,0.92,0.40,0.02
1784749137.2128,12:38:57.212,0.92,0.38,0.03
1784749137.7119,12:38:57.711,0.91,0.41,0.01
1784749138.2115,12:38:58.211,0.92,0.40,0.01
1784749138.7114,12:38:58.711,0.92,0.39,0.03
1784749139.2108,12:38:59.210,0.94,0.33,0.06
1784749139.7104,12:38:59.710,0.96,0.28,0.09
1784749140.2099,12:39:00.209,0.97,0.23,0.11
1784749140.7099,12:39:00.709,0.97,0.22,0.12
1784749141.2096,12:39:01.209,0.97,0.21,0.13
1784749141.7097,12:39:01.709,0.97,0.19,0.15
1784749142.2089,12:39:02.208,0.97,0.15,0.19
1784749142.7086,12:39:02.708,0.97,0.15,0.20
1784749143.2086,12:39:03.208,0.97,0.18,0.19
1784749143.708,12:39:03.708,0.96,0.24,0.15
1784749144.2077,12:39:04.207,0.95,0.28,0.13
1784749144.7073,12:39:04.707,0.95,0.30,0.12
1784749145.2072,12:39:05.207,0.94,0.32,0.10
1784749145.707,12:39:05.707,0.95,0.29,0.11
1784749146.2074,12:39:06.207,0.94,0.33,0.08
1784749146.7071,12:39:06.707,0.94,0.33,0.07
1784749147.2071,12:39:07.207,0.94,0.33,0.06
1784749147.7076,12:39:07.707,0.94,0.33,0.05
1784749148.2069,12:39:08.206,0.95,0.32,0.05
1784749148.7063,12:39:08.706,0.96,0.25,0.10
1784749149.2066,12:39:09.206,0.97,0.25,0.09
1784749149.7058,12:39:09.705,0.96,0.25,0.11
1784749150.2056,12:39:10.205,0.97,0.23,0.13
1784749150.7065,12:39:10.706,0.96,0.23,0.14
1784749151.2064,12:39:11.206,0.96,0.22,0.14
1784749151.7059,12:39:11.705,0.97,0.18,0.17
1784749152.2061,12:39:12.206,0.97,0.09,0.23
1784749152.7058,12:39:12.705,0.97,0.12,0.21
1784749153.2051,12:39:13.205,0.97,0.12,0.20
1784749153.7049,12:39:13.704,0.97,0.14,0.17
1784749154.2046,12:39:14.204,0.97,0.15,0.17
1784749154.7042,12:39:14.704,0.96,0.24,0.11
1784749155.2046,12:39:15.204,0.96,0.25,0.11
1784749155.7047,12:39:15.704,0.96,0.24,0.13
1784749156.2041,12:39:16.204,0.96,0.24,0.12
1784749156.7041,12:39:16.704,0.95,0.29,0.08
1784749157.2044,12:39:17.204,0.95,0.31,0.05
1784749157.7042,12:39:17.704,0.95,0.31,0.05
1784749158.2039,12:39:18.203,0.94,0.33,0.05
1784749158.7043,12:39:18.704,0.94,0.33,0.05
1784749159.2035,12:39:19.203,0.95,0.30,0.07
1784749159.7037,12:39:19.703,0.95,0.30,0.06
1784749160.2035,12:39:20.203,0.95,0.30,0.06
1784749160.7028,12:39:20.702,0.93,0.37,0.03
1784749161.2024,12:39:21.202,0.91,0.42,-0.02
1784749161.703,12:39:21.703,0.88,0.47,-0.05
1784749162.2029,12:39:22.202,0.88,0.47,-0.04
1784749162.7027,12:39:22.702,0.89,0.45,-0.03
1784749163.2031,12:39:23.203,0.92,0.40,0.02
1784749163.7027,12:39:23.702,0.93,0.37,0.04
1784749164.2023,12:39:24.202,0.93,0.37,0.03
1784749164.7028,12:39:24.702,0.94,0.34,0.05
1784749165.2028,12:39:25.202,0.94,0.35,0.04
1784749165.7023,12:39:25.702,0.95,0.32,0.07
1784749166.2029,12:39:26.202,0.95,0.31,0.08
1784749166.7023,12:39:26.702,0.92,0.39,0.03
1784749167.2022,12:39:27.202,0.91,0.42,0.01
1784749167.7026,12:39:27.702,0.90,0.44,-0.01
1784749168.2023,12:39:28.202,0.90,0.43,0.00
1784749168.7019,12:39:28.701,0.90,0.44,0.00
1784749169.2022,12:39:29.202,0.90,0.43,0.01
1784749169.702,12:39:29.702,0.92,0.39,0.04
1784749170.201,12:39:30.201,0.93,0.37,0.06
1784749170.7011,12:39:30.701,0.95,0.30,0.10
1784749171.2005,12:39:31.200,0.96,0.27,0.12
1784749171.7001,12:39:31.700,0.96,0.24,0.13
1784749172.2002,12:39:32.200,0.96,0.24,0.13
1784749172.7004,12:39:32.700,0.96,0.23,0.14
1784749173.2005,12:39:33.200,0.97,0.13,0.20
1784749173.7004,12:39:33.700,0.97,0.13,0.20
1784749174.2003,12:39:34.200,0.97,0.19,0.16
1784749174.7,12:39:34.700,0.97,0.21,0.15
1784749175.2,12:39:35.200,0.96,0.23,0.15
1784749175.6999,12:39:35.699,0.95,0.28,0.11
1784749176.1987,12:39:36.198,0.95,0.28,0.11
1784749176.6984,12:39:36.698,0.96,0.27,0.11
1784749177.1986,12:39:37.198,0.96,0.26,0.12
1784749177.6986,12:39:37.698,0.97,0.22,0.13
1784749178.1991,12:39:38.199,0.97,0.21,0.13
1784749178.699,12:39:38.699,0.97,0.22,0.14
1784749179.1985,12:39:39.198,0.97,0.16,0.18
1784749179.698,12:39:39.698,0.97,0.16,0.19
1784749180.198,12:39:40.198,0.96,0.23,0.15
1784749180.6977,12:39:40.697,0.95,0.30,0.08
1784749181.1971,12:39:41.197,0.95,0.30,0.05
1784749181.6976,12:39:41.697,0.95,0.30,0.05
1784749182.197,12:39:42.197,0.95,0.30,0.04
1784749182.6964,12:39:42.696,0.95,0.32,0.08
1784749183.1968,12:39:43.196,0.94,0.32,0.07
1784749183.6966,12:39:43.696,0.94,0.32,0.08
1784749184.1965,12:39:44.196,0.95,0.29,0.10
1784749184.6969,12:39:44.696,0.96,0.26,0.12
1784749185.1961,12:39:45.196,0.96,0.20,0.18
1784749185.6954,12:39:45.695,0.96,0.20,0.18
1784749186.1956,12:39:46.195,0.96,0.20,0.18
1784749186.6957,12:39:46.695,0.96,0.26,0.13
1784749187.1949,12:39:47.194,0.94,0.33,0.08
1784749187.6953,12:39:47.695,0.94,0.34,0.08
1784749188.195,12:39:48.195,0.94,0.33,0.07
1784749188.6948,12:39:48.694,0.94,0.33,0.06
1784749189.1953,12:39:49.195,0.94,0.34,0.06
1784749189.6945,12:39:49.694,0.94,0.34,0.06
1784749190.1935,12:39:50.193,0.94,0.34,0.06
1784749190.6934,12:39:50.693,0.94,0.35,0.04
1784749191.1936,12:39:51.193,0.93,0.36,0.03
1784749191.6934,12:39:51.693,0.92,0.39,0.01
1784749192.1929,12:39:52.192,0.92,0.40,0.01
1784749192.6932,12:39:52.693,0.92,0.38,0.03
1784749193.1927,12:39:53.192,0.95,0.29,0.08
1784749193.6921,12:39:53.692,0.95,0.29,0.09
1784749194.1927,12:39:54.192,0.94,0.35,0.04
1784749194.6932,12:39:54.693,0.92,0.40,0.02
1784749195.193,12:39:55.193,0.92,0.39,0.04
1784749195.6931,12:39:55.693,0.93,0.38,0.05
1784749196.1931,12:39:56.193,0.94,0.33,0.08
1784749196.6925,12:39:56.692,0.96,0.25,0.12
1784749197.1928,12:39:57.192,0.96,0.22,0.14
1784749197.6924,12:39:57.692,0.96,0.22,0.15
1784749198.1919,12:39:58.191,0.95,0.29,0.10
1784749198.6919,12:39:58.691,0.95,0.31,0.08
1784749199.1911,12:39:59.191,0.95,0.29,0.08
1784749199.691,12:39:59.691,0.97,0.22,0.12
1784749200.1908,12:40:00.190,0.97,0.21,0.12
1784749200.6905,12:40:00.690,0.96,0.25,0.09
1784749201.1901,12:40:01.190,0.96,0.26,0.10
1784749201.6901,12:40:01.690,0.97,0.24,0.10
1784749202.1903,12:40:02.190,0.97,0.19,0.15
1784749202.6899,12:40:02.689,0.97,0.18,0.16
1784749203.1902,12:40:03.190,0.97,0.20,0.14
1784749203.6902,12:40:03.690,0.97,0.23,0.12
1784749204.1896,12:40:04.189,0.97,0.18,0.16
1784749204.6893,12:40:04.689,0.97,0.16,0.19
1784749205.1889,12:40:05.188,0.97,0.19,0.17
1784749205.6888,12:40:05.688,0.97,0.18,0.15
1784749206.1886,12:40:06.188,0.97,0.19,0.14
1784749206.6888,12:40:06.688,0.97,0.24,0.09
1784749207.1889,12:40:07.188,0.95,0.29,0.07
1784749207.6881,12:40:07.688,0.94,0.34,0.04
1784749208.1882,12:40:08.188,0.94,0.33,0.07
1784749208.6875,12:40:08.687,0.95,0.30,0.09
1784749209.1869,12:40:09.186,0.96,0.27,0.11
1784749209.6876,12:40:09.687,0.96,0.24,0.14
1784749210.188,12:40:10.188,0.96,0.23,0.15
1784749210.6879,12:40:10.687,0.96,0.24,0.15
1784749211.1883,12:40:11.188,0.95,0.27,0.12
1784749211.6878,12:40:11.687,0.95,0.30,0.09
1784749212.1879,12:40:12.187,0.93,0.36,0.03
1784749212.6879,12:40:12.687,0.91,0.42,-0.02
1784749213.1874,12:40:13.187,0.91,0.42,0.00
1784749213.6868,12:40:13.686,0.91,0.42,-0.01
1784749214.1868,12:40:14.186,0.89,0.46,-0.02
1784749214.6865,12:40:14.686,0.89,0.45,-0.03
1784749215.1863,12:40:15.186,0.90,0.44,-0.04
1784749215.6864,12:40:15.686,0.90,0.42,-0.04
1784749216.1866,12:40:16.186,0.91,0.41,-0.03
1784749216.6862,12:40:16.686,0.91,0.41,-0.06
1784749217.1861,12:40:17.186,0.89,0.44,-0.09
1784749217.6859,12:40:17.685,0.89,0.45,-0.07
1784749218.1852,12:40:18.185,0.91,0.42,-0.05
1784749218.685,12:40:18.685,0.91,0.42,-0.05
1784749219.1844,12:40:19.184,0.88,0.47,-0.08
1784749219.6837,12:40:19.683,0.85,0.52,-0.10
1784749220.1837,12:40:20.183,0.81,0.56,-0.14
1784749220.684,12:40:20.684,0.76,0.60,-0.24
1784749221.1836,12:40:21.183,0.71,0.64,-0.30
1784749221.6832,12:40:21.683,0.70,0.65,-0.30
1784749222.1839,12:40:22.183,0.70,0.65,-0.30
1784749222.6835,12:40:22.683,0.71,0.65,-0.29
1784749223.1834,12:40:23.183,0.73,0.63,-0.27
1784749223.6832,12:40:23.683,0.76,0.61,-0.24
1784749224.1827,12:40:24.182,0.80,0.56,-0.20
1784749224.6828,12:40:24.682,0.79,0.58,-0.20
1784749225.1832,12:40:25.183,0.75,0.61,-0.25
1784749225.6835,12:40:25.683,0.71,0.64,-0.27
1784749226.1835,12:40:26.183,0.72,0.64,-0.26
1784749226.6837,12:40:26.683,0.74,0.64,-0.23
1784749227.1838,12:40:27.183,0.74,0.63,-0.23
1784749227.6838,12:40:27.683,0.77,0.60,-0.20
1784749228.1834,12:40:28.183,0.80,0.58,-0.17
1784749228.6828,12:40:28.682,0.86,0.50,-0.11
1784749229.1822,12:40:29.182,0.93,0.36,0.01
1784749229.6823,12:40:29.682,0.94,0.34,0.02
1784749230.1817,12:40:30.181,0.91,0.42,-0.04
1784749230.681,12:40:30.681,0.90,0.44,-0.04
1784749231.1808,12:40:31.180,0.90,0.44,-0.04
1784749231.6802,12:40:31.680,0.90,0.43,-0.03
1784749232.1797,12:40:32.179,0.92,0.38,0.00
1784749232.6799,12:40:32.679,0.95,0.32,0.04
1784749233.1799,12:40:33.179,0.96,0.28,0.06
1784749233.6797,12:40:33.679,0.96,0.28,0.06
1784749234.1793,12:40:34.179,0.96,0.28,0.06
1784749234.68,12:40:34.680,0.95,0.30,0.04
1784749235.1796,12:40:35.179,0.94,0.35,0.00
1784749235.6792,12:40:35.679,0.93,0.36,0.00
1784749236.1797,12:40:36.179,0.94,0.33,0.05
1784749236.6789,12:40:36.678,0.96,0.25,0.10
1784749237.1788,12:40:37.178,0.97,0.22,0.12
1784749237.6792,12:40:37.679,0.97,0.23,0.12
1784749238.1792,12:40:38.179,0.95,0.29,0.09
1784749238.6793,12:40:38.679,0.95,0.30,0.08
1784749239.1797,12:40:39.179,0.92,0.39,0.01
1784749239.6796,12:40:39.679,0.92,0.39,0.01
1784749240.1792,12:40:40.179,0.92,0.38,0.02
1784749240.6793,12:40:40.679,0.93,0.38,0.02
1784749241.1787,12:40:41.178,0.93,0.37,0.03
1784749241.6783,12:40:41.678,0.93,0.36,0.05
1784749242.1784,12:40:42.178,0.94,0.34,0.06
1784749242.6778,12:40:42.677,0.95,0.32,0.08
1784749243.1771,12:40:43.177,0.95,0.31,0.07
1784749243.6771,12:40:43.677,0.93,0.37,0.02
1784749244.1767,12:40:44.176,0.93,0.37,0.03
1784749244.6764,12:40:44.676,0.94,0.34,0.04
1784749245.1766,12:40:45.176,0.94,0.33,0.04
1784749245.6767,12:40:45.676,0.95,0.32,0.06
1784749246.1766,12:40:46.176,0.95,0.29,0.07
1784749246.6768,12:40:46.676,0.96,0.28,0.09
1784749247.1771,12:40:47.177,0.96,0.28,0.08
1784749247.6765,12:40:47.676,0.96,0.26,0.10
1784749248.1768,12:40:48.176,0.95,0.30,0.07
1784749248.6762,12:40:48.676,0.94,0.34,0.04
1784749249.1757,12:40:49.175,0.93,0.36,0.03
1784749249.6757,12:40:49.675,0.92,0.39,0.02
1784749250.1757,12:40:50.175,0.92,0.39,0.01
1784749250.6754,12:40:50.675,0.90,0.44,-0.03
1784749251.1752,12:40:51.175,0.85,0.52,-0.09
1784749251.6752,12:40:51.675,0.83,0.54,-0.10
1784749252.1753,12:40:52.175,0.85,0.52,-0.08
1784749252.6751,12:40:52.675,0.86,0.50,-0.07
1784749253.1756,12:40:53.175,0.88,0.47,-0.05
1784749253.6746,12:40:53.674,0.91,0.42,-0.01
1784749254.1744,12:40:54.174,0.93,0.36,0.04
1784749254.6742,12:40:54.674,0.94,0.33,0.08
1784749255.1736,12:40:55.173,0.95,0.29,0.10
1784749255.6737,12:40:55.673,0.96,0.27,0.12
1784749256.1735,12:40:56.173,0.96,0.27,0.10
1784749256.6732,12:40:56.673,0.95,0.30,0.04
1784749257.1729,12:40:57.172,0.95,0.30,0.05
1784749257.6727,12:40:57.672,0.95,0.29,0.05
1784749258.1722,12:40:58.172,0.96,0.28,0.07
1784749258.672,12:40:58.672,0.96,0.27,0.07
1784749259.172,12:40:59.172,0.96,0.27,0.10
1784749259.6721,12:40:59.672,0.96,0.26,0.11
1784749260.1717,12:41:00.171,0.96,0.25,0.13
1784749260.6718,12:41:00.671,0.96,0.23,0.14
1784749261.1714,12:41:01.171,0.97,0.23,0.12
1784749261.671,12:41:01.671,0.97,0.20,0.14
1784749262.1707,12:41:02.170,0.97,0.20,0.15
1784749262.6701,12:41:02.670,0.96,0.21,0.15
1784749263.1699,12:41:03.169,0.96,0.26,0.10
1784749263.6698,12:41:03.669,0.95,0.31,0.06
1784749264.1702,12:41:04.170,0.93,0.35,0.02
1784749264.6699,12:41:04.669,0.92,0.38,0.00
1784749265.1703,12:41:05.170,0.91,0.41,0.00
1784749265.6704,12:41:05.670,0.94,0.34,0.05
1784749266.1702,12:41:06.170,0.93,0.36,0.03
1784749266.6702,12:41:06.670,0.91,0.41,-0.01
1784749267.1707,12:41:07.170,0.90,0.43,-0.02
1784749267.6701,12:41:07.670,0.89,0.45,-0.03
1784749268.1696,12:41:08.169,0.90,0.44,-0.05
1784749268.6698,12:41:08.669,0.91,0.41,-0.02
1784749269.1696,12:41:09.169,0.92,0.40,-0.02
1784749269.6693,12:41:09.669,0.91,0.42,-0.03
1784749270.1689,12:41:10.168,0.89,0.46,-0.03
1784749270.6686,12:41:10.668,0.90,0.44,0.00
1784749271.1682,12:41:11.168,0.91,0.42,0.03
1784749271.668,12:41:11.668,0.94,0.33,0.08
1784749272.1677,12:41:12.167,0.96,0.22,0.16
1784749272.6673,12:41:12.667,0.97,0.17,0.19
1784749273.1673,12:41:13.167,0.97,0.15,0.20
1784749273.667,12:41:13.667,0.97,0.21,0.14
1784749274.1664,12:41:14.166,0.97,0.23,0.13
1784749274.6667,12:41:14.666,0.97,0.22,0.13
1784749275.1663,12:41:15.166,0.97,0.21,0.13
1784749275.6659,12:41:15.665,0.97,0.19,0.14
1784749276.1664,12:41:16.166,0.97,0.18,0.15
1784749276.6666,12:41:16.666,0.96,0.25,0.10
1784749277.1659,12:41:17.165,0.96,0.28,0.09
1784749277.6659,12:41:17.665,0.96,0.27,0.09
1784749278.1659,12:41:18.165,0.96,0.28,0.07
1784749278.665,12:41:18.665,0.95,0.29,0.06
1784749279.1648,12:41:19.164,0.96,0.25,0.07
1784749279.6651,12:41:19.665,0.96,0.27,0.08
1784749280.1645,12:41:20.164,0.96,0.26,0.08
1784749280.6649,12:41:20.664,0.96,0.26,0.08
1784749281.1649,12:41:21.164,0.95,0.30,0.04
1784749281.6647,12:41:21.664,0.94,0.33,0.02
1784749282.1644,12:41:22.164,0.95,0.30,0.05
1784749282.6648,12:41:22.664,0.97,0.23,0.11
1784749283.1648,12:41:23.164,0.97,0.21,0.12
1784749283.6649,12:41:23.664,0.97,0.16,0.16
1784749284.1649,12:41:24.164,0.97,0.18,0.14
1784749284.6646,12:41:24.664,0.97,0.20,0.14
1784749285.1646,12:41:25.164,0.96,0.26,0.10
1784749285.6644,12:41:25.664,0.94,0.33,0.05
1784749286.1639,12:41:26.163,0.94,0.33,0.04
1784749286.6635,12:41:26.663,0.95,0.32,0.04
1784749287.164,12:41:27.164,0.95,0.31,0.05
1784749287.6632,12:41:27.663,0.95,0.32,0.04
1784749288.1626,12:41:28.162,0.94,0.35,0.05
1784749288.6627,12:41:28.662,0.91,0.42,0.00
1784749289.1626,12:41:29.162,0.91,0.42,-0.01
1784749289.6617,12:41:29.661,0.91,0.43,-0.01
1784749290.1621,12:41:30.162,0.91,0.41,-0.01
1784749290.6621,12:41:30.662,0.92,0.39,-0.01
1784749291.162,12:41:31.162,0.93,0.38,-0.01
1784749291.662,12:41:31.662,0.93,0.36,0.00
1784749292.1617,12:41:32.161,0.94,0.34,0.01
1784749292.6609,12:41:32.660,0.94,0.33,0.04
1784749293.1609,12:41:33.160,0.96,0.27,0.08
1784749293.6609,12:41:33.660,0.97,0.23,0.11
1784749294.1605,12:41:34.160,0.97,0.23,0.13
1784749294.6606,12:41:34.660,0.97,0.21,0.14
1784749295.1604,12:41:35.160,0.96,0.25,0.11
1784749295.66,12:41:35.660,0.96,0.28,0.08
1784749296.1605,12:41:36.160,0.95,0.29,0.08
1784749296.6599,12:41:36.659,0.96,0.28,0.09
1784749297.1595,12:41:37.159,0.97,0.22,0.11
1784749297.6596,12:41:37.659,0.97,0.18,0.14
1784749298.1596,12:41:38.159,0.97,0.20,0.12
1784749298.6597,12:41:38.659,0.97,0.23,0.10
1784749299.1599,12:41:39.159,0.96,0.27,0.06
1784749299.6597,12:41:39.659,0.95,0.31,0.07
1784749300.1594,12:41:40.159,0.95,0.32,0.07
1784749300.6592,12:41:40.659,0.95,0.30,0.08
1784749301.1591,12:41:41.159,0.95,0.29,0.08
1784749301.6583,12:41:41.658,0.97,0.22,0.13
1784749302.1579,12:41:42.157,0.97,0.13,0.20
1784749302.6586,12:41:42.658,0.97,0.08,0.24
1784749303.1579,12:41:43.157,0.97,0.07,0.24
1784749303.658,12:41:43.658,0.97,0.10,0.22
1784749304.1588,12:41:44.158,0.97,0.10,0.23
1784749304.6582,12:41:44.658,0.97,0.13,0.21
1784749305.1577,12:41:45.157,0.97,0.14,0.21
1784749305.6579,12:41:45.657,0.97,0.12,0.22
1784749306.1578,12:41:46.157,0.97,0.10,0.24
1784749306.6572,12:41:46.657,0.97,0.09,0.22
1784749307.1576,12:41:47.157,0.97,0.11,0.20
1784749307.6575,12:41:47.657,0.97,0.17,0.17
1784749308.1569,12:41:48.156,0.97,0.21,0.15
1784749308.6566,12:41:48.656,0.96,0.24,0.13
1784749309.1562,12:41:49.156,0.96,0.28,0.11
1784749309.6556,12:41:49.655,0.96,0.22,0.14
1784749310.1559,12:41:50.155,0.97,0.18,0.18
1784749310.6553,12:41:50.655,0.97,0.20,0.16
1784749311.1552,12:41:51.155,0.96,0.23,0.14
1784749311.6556,12:41:51.655,0.95,0.31,0.08
1784749312.1557,12:41:52.155,0.93,0.38,0.03
1784749312.6554,12:41:52.655,0.91,0.42,-0.01
1784749313.1558,12:41:53.155,0.91,0.42,0.01
1784749313.656,12:41:53.656,0.92,0.39,0.02
1784749314.1556,12:41:54.155,0.93,0.36,0.05
1784749314.6557,12:41:54.655,0.95,0.31,0.10
1784749315.1561,12:41:55.156,0.95,0.30,0.11
1784749315.6551,12:41:55.655,0.95,0.28,0.12
1784749316.1546,12:41:56.154,0.96,0.25,0.14
1784749316.6547,12:41:56.654,0.96,0.23,0.15
1784749317.154,12:41:57.154,0.96,0.25,0.12
1784749317.6538,12:41:57.653,0.96,0.25,0.13
1784749318.1538,12:41:58.153,0.97,0.21,0.15
1784749318.6531,12:41:58.653,0.97,0.18,0.18
1784749319.1527,12:41:59.152,0.97,0.17,0.17
1784749319.6528,12:41:59.652,0.97,0.18,0.16
1784749320.1526,12:42:00.152,0.97,0.18,0.16
1784749320.652,12:42:00.652,0.97,0.21,0.13
1784749321.1527,12:42:01.152,0.97,0.21,0.12
1784749321.652,12:42:01.652,0.98,0.14,0.18
1784749322.1517,12:42:02.151,0.97,0.14,0.18
1784749322.6523,12:42:02.652,0.97,0.22,0.12
1784749323.1519,12:42:03.151,0.96,0.27,0.09
1784749323.6518,12:42:03.651,0.95,0.30,0.07
1784749324.1522,12:42:04.152,0.97,0.18,0.17
1784749324.6517,12:42:04.651,0.97,0.19,0.16
1784749325.1511,12:42:05.151,0.97,0.21,0.14
1784749325.6507,12:42:05.650,0.97,0.22,0.14
1784749326.1508,12:42:06.150,0.97,0.21,0.16
1784749326.6506,12:42:06.650,0.97,0.20,0.16
1784749327.1507,12:42:07.150,0.96,0.23,0.14
1784749327.6507,12:42:07.650,0.96,0.24,0.14
1784749328.1506,12:42:08.150,0.96,0.24,0.15
1784749328.6512,12:42:08.651,0.97,0.21,0.14
1784749329.1508,12:42:09.150,0.96,0.24,0.12
1784749329.6501,12:42:09.650,0.96,0.27,0.11
1784749330.1497,12:42:10.149,0.96,0.25,0.11
1784749330.6499,12:42:10.649,0.96,0.23,0.13
1784749331.1496,12:42:11.149,0.97,0.19,0.16
1784749331.6496,12:42:11.649,0.97,0.18,0.16
1784749332.1499,12:42:12.149,0.97,0.16,0.18
1784749332.6487,12:42:12.648,0.97,0.15,0.18
1784749333.1483,12:42:13.148,0.97,0.13,0.18
1784749333.6488,12:42:13.648,0.98,0.12,0.17
1784749334.1486,12:42:14.148,0.98,0.09,0.18
1784749334.6479,12:42:14.647,0.98,0.11,0.18
1784749335.1479,12:42:15.147,0.97,0.17,0.14
1784749335.6471,12:42:15.647,0.97,0.20,0.14
1784749336.1468,12:42:16.146,0.97,0.22,0.11
1784749336.6472,12:42:16.647,0.97,0.23,0.11
1784749337.1469,12:42:17.146,0.97,0.23,0.11
1784749337.6467,12:42:17.646,0.96,0.24,0.11
1784749338.1473,12:42:18.147,0.96,0.24,0.11
1784749338.6472,12:42:18.647,0.97,0.23,0.12
1784749339.1468,12:42:19.146,0.96,0.24,0.12
1784749339.6469,12:42:19.646,0.96,0.24,0.12
1784749340.1465,12:42:20.146,0.96,0.26,0.12
1784749340.6459,12:42:20.645,0.97,0.22,0.13
1784749341.1458,12:42:21.145,0.97,0.18,0.16
1784749341.6462,12:42:21.646,0.97,0.21,0.14
1784749342.1457,12:42:22.145,0.97,0.23,0.13
1784749342.6455,12:42:22.645,0.96,0.25,0.11
1784749343.1459,12:42:23.145,0.95,0.29,0.08
1784749343.6454,12:42:23.645,0.95,0.31,0.05
1784749344.1456,12:42:24.145,0.94,0.33,0.05
1784749344.6461,12:42:24.646,0.93,0.36,0.02
1784749345.1451,12:42:25.145,0.93,0.36,0.02
1784749345.6451,12:42:25.645,0.91,0.42,-0.01
1784749346.145,12:42:26.145,0.86,0.50,-0.08
1784749346.644,12:42:26.644,0.86,0.50,-0.07
1784749347.1437,12:42:27.143,0.87,0.49,-0.05
1784749347.6437,12:42:27.643,0.88,0.47,-0.03
1784749348.1435,12:42:28.143,0.90,0.45,-0.02
1784749348.6432,12:42:28.643,0.89,0.45,-0.03
1784749349.1434,12:42:29.143,0.89,0.46,-0.04
1784749349.6429,12:42:29.642,0.89,0.45,-0.04
1784749350.1423,12:42:30.142,0.93,0.38,0.03
1784749350.6426,12:42:30.642,0.95,0.30,0.09
1784749351.1425,12:42:31.142,0.96,0.27,0.12
1784749351.6421,12:42:31.642,0.96,0.27,0.12
1784749352.1424,12:42:32.142,0.94,0.32,0.08
1784749352.6418,12:42:32.641,0.94,0.35,0.05
1784749353.1416,12:42:33.141,0.93,0.36,0.04
1784749353.6421,12:42:33.642,0.94,0.34,0.05
1784749354.1425,12:42:34.142,0.95,0.30,0.08
1784749354.642,12:42:34.642,0.97,0.21,0.14
1784749355.142,12:42:35.142,0.97,0.17,0.17
1784749355.6418,12:42:35.641,0.97,0.19,0.18
1784749356.1415,12:42:36.141,0.97,0.18,0.18
1784749356.6411,12:42:36.641,0.96,0.24,0.13
1784749357.1418,12:42:37.141,0.94,0.33,0.07
1784749357.6412,12:42:37.641,0.93,0.35,0.05
1784749358.141,12:42:38.141,0.94,0.34,0.05
1784749358.6413,12:42:38.641,0.94,0.34,0.06
1784749359.1405,12:42:39.140,0.96,0.25,0.12
1784749359.6402,12:42:39.640,0.96,0.24,0.12
1784749360.1402,12:42:40.140,0.96,0.25,0.11
1784749360.6396,12:42:40.639,0.96,0.26,0.12
1784749361.1395,12:42:41.139,0.94,0.33,0.06
1784749361.6397,12:42:41.639,0.93,0.36,0.03
1784749362.1394,12:42:42.139,0.93,0.36,0.04
1784749362.639,12:42:42.639,0.94,0.33,0.07
1784749363.1392,12:42:43.139,0.95,0.31,0.09
1784749363.6391,12:42:43.639,0.95,0.29,0.11
1784749364.1387,12:42:44.138,0.96,0.27,0.11
1784749364.6391,12:42:44.639,0.96,0.27,0.11
1784749365.139,12:42:45.139,0.95,0.29,0.10
1784749365.6388,12:42:45.638,0.95,0.29,0.10
1784749366.1389,12:42:46.138,0.95,0.29,0.12
1784749366.6387,12:42:46.638,0.96,0.26,0.13
1784749367.1379,12:42:47.137,0.96,0.18,0.19
1784749367.6377,12:42:47.637,0.97,0.16,0.20
1784749368.1379,12:42:48.137,0.96,0.21,0.16
1784749368.6376,12:42:48.637,0.96,0.27,0.11
1784749369.1377,12:42:49.137,0.95,0.29,0.09
1784749369.6376,12:42:49.637,0.95,0.29,0.10
1784749370.1372,12:42:50.137,0.96,0.27,0.11
1784749370.637,12:42:50.637,0.96,0.24,0.13
1784749371.1373,12:42:51.137,0.97,0.21,0.15
1784749371.6371,12:42:51.637,0.97,0.18,0.16
1784749372.1374,12:42:52.137,0.97,0.14,0.19
1784749372.6376,12:42:52.637,0.97,0.13,0.20
1784749373.1376,12:42:53.137,0.97,0.14,0.20
1784749373.6376,12:42:53.637,0.97,0.13,0.20
1784749374.1378,12:42:54.137,0.97,0.14,0.18
1784749374.6372,12:42:54.637,0.97,0.19,0.15
1784749375.1364,12:42:55.136,0.96,0.23,0.13
1784749375.6361,12:42:55.636,0.96,0.25,0.13
1784749376.1361,12:42:56.136,0.96,0.25,0.12
1784749376.6357,12:42:56.635,0.96,0.25,0.13
1784749377.1354,12:42:57.135,0.96,0.24,0.12
1784749377.6348,12:42:57.634,0.96,0.25,0.11
1784749378.1345,12:42:58.134,0.96,0.27,0.09
1784749378.6347,12:42:58.634,0.95,0.29,0.07
1784749379.1343,12:42:59.134,0.94,0.32,0.06
1784749379.6344,12:42:59.634,0.91,0.42,-0.01
1784749380.134,12:43:00.134,0.92,0.39,0.02
1784749380.6334,12:43:00.633,0.95,0.29,0.10
1784749381.1332,12:43:01.133,0.96,0.22,0.16
1784749381.6336,12:43:01.633,0.96,0.20,0.18
1784749382.1335,12:43:02.133,0.97,0.20,0.17
1784749382.6331,12:43:02.633,0.96,0.22,0.16
1784749383.1329,12:43:03.132,0.96,0.21,0.16
1784749383.6331,12:43:03.633,0.97,0.20,0.16
1784749384.133,12:43:04.133,0.97,0.17,0.18
1784749384.6337,12:43:04.633,0.97,0.17,0.19
1784749385.1333,12:43:05.133,0.97,0.17,0.19
1784749385.6334,12:43:05.633,0.97,0.21,0.15
1784749386.1332,12:43:06.133,0.96,0.24,0.12
1784749386.6335,12:43:06.633,0.96,0.23,0.12
1784749387.1327,12:43:07.132,0.97,0.23,0.13
1784749387.6323,12:43:07.632,0.97,0.20,0.15
1784749388.1318,12:43:08.131,0.97,0.14,0.18
1784749388.6312,12:43:08.631,0.97,0.12,0.20
1784749389.1313,12:43:09.131,0.97,0.11,0.21
1784749389.6315,12:43:09.631,0.97,0.12,0.20
1784749390.1313,12:43:10.131,0.97,0.13,0.19
1784749390.6312,12:43:10.631,0.97,0.15,0.17
1784749391.131,12:43:11.131,0.98,0.15,0.16
1784749391.6301,12:43:11.630,0.97,0.24,0.09
1784749392.1301,12:43:12.130,0.95,0.31,0.02
1784749392.6303,12:43:12.630,0.93,0.36,-0.01
1784749393.13,12:43:13.130,0.90,0.43,-0.04
1784749393.63,12:43:13.630,0.88,0.48,-0.07
1784749394.1305,12:43:14.130,0.86,0.50,-0.08
1784749394.6303,12:43:14.630,0.89,0.45,-0.05
1784749395.1301,12:43:15.130,0.94,0.34,0.04
1784749395.63,12:43:15.630,0.97,0.22,0.12
1784749396.1292,12:43:16.129,0.97,0.21,0.13
1784749396.6289,12:43:16.628,0.97,0.20,0.14
1784749397.1295,12:43:17.129,0.97,0.18,0.16
1784749397.6292,12:43:17.629,0.97,0.23,0.12
1784749398.129,12:43:18.129,0.97,0.18,0.15
1784749398.6294,12:43:18.629,0.97,0.21,0.13
1784749399.1293,12:43:19.129,0.97,0.23,0.12
1784749399.6283,12:43:19.628,0.97,0.22,0.13
1784749400.1284,12:43:20.128,0.97,0.16,0.18
1784749400.6284,12:43:20.628,0.97,0.12,0.21
1784749401.1284,12:43:21.128,0.97,0.11,0.21
1784749401.6285,12:43:21.628,0.97,0.14,0.18
1784749402.1285,12:43:22.128,0.97,0.17,0.16
1784749402.628,12:43:22.628,0.97,0.16,0.16
1784749403.1282,12:43:23.128,0.97,0.14,0.17
1784749403.628,12:43:23.628,0.97,0.09,0.21
1784749404.1278,12:43:24.127,0.97,0.09,0.21
1784749404.6278,12:43:24.627,0.97,0.09,0.21
1784749405.1278,12:43:25.127,0.97,0.11,0.21
1784749405.6272,12:43:25.627,0.97,0.12,0.20
1784749406.1269,12:43:26.126,0.97,0.12,0.20
1784749406.6265,12:43:26.626,0.97,0.06,0.23
1784749407.1259,12:43:27.125,0.97,0.07,0.23
1784749407.626,12:43:27.626,0.97,0.12,0.20
1784749408.126,12:43:28.126,0.97,0.13,0.19
1784749408.6257,12:43:28.625,0.97,0.17,0.17
1784749409.1253,12:43:29.125,0.97,0.22,0.14
1784749409.6248,12:43:29.624,0.96,0.24,0.13
1784749410.1243,12:43:30.124,0.96,0.25,0.12
1784749410.6239,12:43:30.623,0.96,0.28,0.10
1784749411.124,12:43:31.124,0.97,0.21,0.14
1784749411.6238,12:43:31.623,0.97,0.17,0.16
1784749412.1234,12:43:32.123,0.97,0.17,0.15
1784749412.6237,12:43:32.623,0.97,0.22,0.11
1784749413.1239,12:43:33.123,0.97,0.24,0.09
1784749413.6234,12:43:33.623,0.95,0.31,0.03
1784749414.1236,12:43:34.123,0.94,0.34,0.02
1784749414.6239,12:43:34.623,0.95,0.30,0.05
1784749415.1233,12:43:35.123,0.95,0.31,0.04
1784749415.6231,12:43:35.623,0.95,0.30,0.06
1784749416.123,12:43:36.123,0.95,0.29,0.08
1784749416.6228,12:43:36.622,0.95,0.32,0.07
1784749417.1233,12:43:37.123,0.94,0.34,0.04
1784749417.6231,12:43:37.623,0.94,0.33,0.06
1784749418.122,12:43:38.122,0.95,0.32,0.06
1784749418.6223,12:43:38.622,0.94,0.35,0.03
1784749419.1221,12:43:39.122,0.94,0.34,0.04
1784749419.6218,12:43:39.621,0.94,0.34,0.06
1784749420.1218,12:43:40.121,0.94,0.32,0.09
1784749420.6215,12:43:40.621,0.95,0.31,0.10
1784749421.1214,12:43:41.121,0.95,0.31,0.09
1784749421.6212,12:43:41.621,0.95,0.30,0.08
1784749422.1213,12:43:42.121,0.95,0.30,0.07
1784749422.6209,12:43:42.620,0.93,0.35,0.05
1784749423.1205,12:43:43.120,0.93,0.38,0.02
1784749423.6203,12:43:43.620,0.91,0.41,-0.01
1784749424.1199,12:43:44.119,0.90,0.43,-0.01
1784749424.6196,12:43:44.619,0.91,0.42,-0.01
1784749425.1194,12:43:45.119,0.94,0.35,0.05
1784749425.6193,12:43:45.619,0.95,0.32,0.08
1784749426.119,12:43:46.119,0.95,0.30,0.09
1784749426.6195,12:43:46.619,0.95,0.28,0.10
1784749427.119,12:43:47.119,0.96,0.26,0.12
1784749427.6188,12:43:47.618,0.96,0.24,0.13
1784749428.1186,12:43:48.118,0.97,0.18,0.17
1784749428.6187,12:43:48.618,0.97,0.16,0.18
1784749429.1179,12:43:49.117,0.97,0.18,0.16
1784749429.6184,12:43:49.618,0.97,0.17,0.16
1784749430.118,12:43:50.118,0.98,0.13,0.17
1784749430.6176,12:43:50.617,0.98,0.10,0.18
1784749431.1177,12:43:51.117,0.98,0.11,0.17
1784749431.6177,12:43:51.617,0.98,0.12,0.17
1784749432.1174,12:43:52.117,0.98,0.15,0.16
1784749432.6172,12:43:52.617,0.98,0.14,0.16
1784749433.1172,12:43:53.117,0.98,0.10,0.20
1784749433.6169,12:43:53.616,0.97,0.01,0.26
1784749434.1171,12:43:54.117,0.96,0.02,0.26
1784749434.6175,12:43:54.617,0.97,0.08,0.22
1784749435.1169,12:43:55.116,0.98,0.11,0.19
1784749435.6168,12:43:55.616,0.98,0.14,0.17
1784749436.1166,12:43:56.116,0.97,0.15,0.17
1784749436.6159,12:43:56.615,0.97,0.18,0.16
1784749437.1158,12:43:57.115,0.97,0.18,0.17
1784749437.616,12:43:57.616,0.97,0.19,0.16
1784749438.1159,12:43:58.115,0.97,0.20,0.15
1784749438.6155,12:43:58.615,0.96,0.24,0.12
1784749439.1159,12:43:59.115,0.96,0.24,0.12
1784749439.6156,12:43:59.615,0.97,0.20,0.15
1784749440.115,12:44:00.115,0.97,0.19,0.16
1784749440.6153,12:44:00.615,0.97,0.22,0.13
1784749441.1147,12:44:01.114,0.96,0.25,0.09
1784749441.6142,12:44:01.614,0.96,0.27,0.09
1784749442.1145,12:44:02.114,0.96,0.24,0.12
1784749442.6139,12:44:02.613,0.96,0.26,0.10
1784749443.114,12:44:03.114,0.96,0.27,0.08
1784749443.6142,12:44:03.614,0.95,0.31,0.07
1784749444.1139,12:44:04.113,0.94,0.32,0.07
1784749444.6137,12:44:04.613,0.95,0.31,0.08
1784749445.114,12:44:05.114,0.95,0.29,0.09
1784749445.6137,12:44:05.613,0.95,0.28,0.11
1784749446.1137,12:44:06.113,0.95,0.28,0.10
1784749446.6142,12:44:06.614,0.96,0.26,0.12
1784749447.114,12:44:07.114,0.97,0.21,0.15
1784749447.6136,12:44:07.613,0.96,0.20,0.17
1784749448.1139,12:44:08.113,0.96,0.26,0.14
1784749448.6134,12:44:08.613,0.96,0.24,0.15
1784749449.1129,12:44:09.112,0.96,0.22,0.16
1784749449.6125,12:44:09.612,0.97,0.20,0.17
1784749450.1121,12:44:10.112,0.97,0.19,0.17
1784749450.6121,12:44:10.612,0.97,0.18,0.18
1784749451.1117,12:44:11.111,0.97,0.18,0.18
1784749451.6114,12:44:11.611,0.97,0.21,0.15
1784749452.111,12:44:12.111,0.96,0.22,0.14
1784749452.6108,12:44:12.610,0.96,0.25,0.12
1784749453.1111,12:44:13.111,0.96,0.28,0.11
1784749453.6107,12:44:13.610,0.95,0.30,0.09
1784749454.1104,12:44:14.110,0.95,0.31,0.09
1784749454.6102,12:44:14.610,0.95,0.31,0.09
1784749455.1096,12:44:15.109,0.95,0.30,0.09
1784749455.6095,12:44:15.609,0.95,0.28,0.10
1784749456.1099,12:44:16.109,0.96,0.24,0.13
1784749456.6102,12:44:16.610,0.96,0.21,0.16
1784749457.1096,12:44:17.109,0.96,0.20,0.17
1784749457.6103,12:44:17.610,0.96,0.21,0.16
1784749458.1099,12:44:18.109,0.96,0.20,0.18
1784749458.6093,12:44:18.609,0.97,0.18,0.19
1784749459.1096,12:44:19.109,0.97,0.18,0.18
1784749459.6086,12:44:19.608,0.97,0.16,0.20
1784749460.1083,12:44:20.108,0.97,0.14,0.21
1784749460.6086,12:44:20.608,0.97,0.10,0.23
1784749461.1082,12:44:21.108,0.96,0.04,0.26
1784749461.6079,12:44:21.607,0.96,0.03,0.27
1784749462.1081,12:44:22.108,0.97,0.03,0.26
1784749462.6084,12:44:22.608,0.97,0.05,0.24
1784749463.108,12:44:23.108,0.97,0.05,0.24
1784749463.6078,12:44:23.607,0.97,0.05,0.23
1784749464.1081,12:44:24.108,0.97,0.08,0.21
1784749464.6074,12:44:24.607,0.98,0.14,0.17
1784749465.1075,12:44:25.107,0.97,0.20,0.13
1784749465.6071,12:44:25.607,0.97,0.22,0.12
1784749466.1069,12:44:26.106,0.97,0.23,0.11
1784749466.6066,12:44:26.606,0.97,0.24,0.11
1784749467.1068,12:44:27.106,0.96,0.26,0.09
1784749467.6063,12:44:27.606,0.96,0.26,0.10
1784749468.1061,12:44:28.106,0.96,0.25,0.11
1784749468.6061,12:44:28.606,0.96,0.23,0.12
1784749469.1058,12:44:29.105,0.97,0.21,0.14
1784749469.605,12:44:29.605,0.97,0.20,0.15
1784749470.1055,12:44:30.105,0.97,0.19,0.16
1784749470.6053,12:44:30.605,0.97,0.21,0.14
1784749471.1047,12:44:31.104,0.96,0.24,0.12
1784749471.605,12:44:31.605,0.96,0.27,0.08
1784749472.1044,12:44:32.104,0.96,0.27,0.09
1784749472.6047,12:44:32.604,0.97,0.23,0.12
1784749473.1047,12:44:33.104,0.97,0.15,0.19
1784749473.6042,12:44:33.604,0.97,0.11,0.21
1784749474.1034,12:44:34.103,0.97,0.10,0.22
1784749474.604,12:44:34.604,0.97,0.08,0.23
1784749475.1035,12:44:35.103,0.97,0.06,0.24
1784749475.6031,12:44:35.603,0.97,0.05,0.25
1784749476.1038,12:44:36.103,0.97,0.06,0.22
1784749476.604,12:44:36.604,0.97,0.09,0.20
1784749477.1034,12:44:37.103,0.98,0.10,0.19
1784749477.6037,12:44:37.603,0.97,0.15,0.17
1784749478.1033,12:44:38.103,0.97,0.17,0.16
1784749478.6028,12:44:38.602,0.97,0.17,0.16
1784749479.103,12:44:39.103,0.97,0.15,0.18
1784749479.603,12:44:39.603,0.97,0.07,0.23
1784749480.1023,12:44:40.102,0.97,0.07,0.23
1784749480.6021,12:44:40.602,0.97,0.09,0.22
1784749481.1024,12:44:41.102,0.97,0.17,0.17
1784749481.6018,12:44:41.601,0.97,0.20,0.15
1784749482.1016,12:44:42.101,0.97,0.18,0.15
1784749482.6021,12:44:42.602,0.97,0.17,0.15
1784749483.1015,12:44:43.101,0.97,0.17,0.16
1784749483.6015,12:44:43.601,0.97,0.19,0.15
1784749484.1014,12:44:44.101,0.97,0.18,0.15
1784749484.6009,12:44:44.600,0.98,0.15,0.16
1784749485.1007,12:44:45.100,0.97,0.07,0.21
1784749485.6007,12:44:45.600,0.97,0.07,0.21
1784749486.1004,12:44:46.100,0.97,0.08,0.21
1784749486.6006,12:44:46.600,0.98,0.08,0.20
1784749487.1013,12:44:47.101,0.97,0.08,0.21
1784749487.6009,12:44:47.600,0.98,0.08,0.20
1784749488.1001,12:44:48.100,0.98,0.09,0.19
1784749488.6004,12:44:48.600,0.98,0.16,0.14
1784749489.1002,12:44:49.100,0.98,0.18,0.12
1784749489.5997,12:44:49.599,0.97,0.19,0.12
1784749490.0999,12:44:50.099,0.96,0.24,0.11
1784749490.5996,12:44:50.599,0.97,0.24,0.12
1784749491.0992,12:44:51.099,0.96,0.25,0.11
1784749491.5994,12:44:51.599,0.97,0.18,0.16
1784749492.0993,12:44:52.099,0.97,0.19,0.15
1784749492.5987,12:44:52.598,0.97,0.19,0.16
1784749493.0987,12:44:53.098,0.96,0.23,0.12
1784749493.5987,12:44:53.598,0.96,0.23,0.12
1784749494.0979,12:44:54.097,0.96,0.23,0.13
1784749494.5982,12:44:54.598,0.97,0.22,0.13
1784749495.0978,12:44:55.097,0.97,0.22,0.12
1784749495.5979,12:44:55.597,0.97,0.22,0.12
1784749496.0975,12:44:56.097,0.96,0.26,0.09
1784749496.5979,12:44:56.597,0.96,0.27,0.09
1784749497.097,12:44:57.097,0.96,0.26,0.10
1784749497.5964,12:44:57.596,0.95,0.28,0.11
1784749498.0973,12:44:58.097,0.96,0.26,0.12
1784749498.5967,12:44:58.596,0.97,0.19,0.17
1784749499.0965,12:44:59.096,0.97,0.18,0.17
1784749499.597,12:44:59.597,0.97,0.14,0.19
1784749500.0966,12:45:00.096,0.97,0.14,0.19
1784749500.5963,12:45:00.596,0.97,0.13,0.19
1784749501.0965,12:45:01.096,0.97,0.13,0.18
1784749501.5962,12:45:01.596,0.97,0.13,0.18
1784749502.0964,12:45:02.096,0.97,0.08,0.22
1784749502.5964,12:45:02.596,0.97,0.09,0.21
1784749503.0957,12:45:03.095,0.97,0.16,0.17
1784749503.5953,12:45:03.595,0.97,0.22,0.12
1784749504.0956,12:45:04.095,0.96,0.26,0.09
1784749504.5952,12:45:04.595,0.96,0.28,0.07
1784749505.0948,12:45:05.094,0.95,0.31,0.06
1784749505.5946,12:45:05.594,0.94,0.33,0.06
1784749506.0942,12:45:06.094,0.93,0.35,0.04
1784749506.5933,12:45:06.593,0.93,0.38,0.02
1784749507.0939,12:45:07.093,0.91,0.41,0.00
1784749507.5936,12:45:07.593,0.92,0.40,-0.01
1784749508.0936,12:45:08.093,0.95,0.30,0.07
1784749508.5933,12:45:08.593,0.96,0.27,0.10
1784749509.0936,12:45:09.093,0.96,0.25,0.13
1784749509.5928,12:45:09.592,0.96,0.25,0.13
1784749510.0931,12:45:10.093,0.96,0.23,0.14
1784749510.5929,12:45:10.592,0.96,0.21,0.15
1784749511.0919,12:45:11.091,0.97,0.19,0.18
1784749511.5918,12:45:11.591,0.97,0.18,0.19
1784749512.0917,12:45:12.091,0.97,0.19,0.17
1784749512.5916,12:45:12.591,0.97,0.18,0.16
1784749513.0914,12:45:13.091,0.97,0.20,0.14
1784749513.5913,12:45:13.591,0.97,0.21,0.14
1784749514.0907,12:45:14.090,0.96,0.25,0.12
1784749514.5905,12:45:14.590,0.96,0.26,0.12
1784749515.0909,12:45:15.090,0.96,0.27,0.11
1784749515.5904,12:45:15.590,0.96,0.27,0.11
1784749516.0902,12:45:16.090,0.96,0.25,0.12
1784749516.5909,12:45:16.590,0.96,0.25,0.11
1784749517.0908,12:45:17.090,0.96,0.25,0.12
1784749517.5907,12:45:17.590,0.96,0.27,0.11
1784749518.091,12:45:18.091,0.97,0.21,0.16
1784749518.5905,12:45:18.590,0.96,0.22,0.14
1784749519.0903,12:45:19.090,0.96,0.24,0.11
1784749519.5903,12:45:19.590,0.94,0.32,0.05
1784749520.0902,12:45:20.090,0.94,0.34,0.05
1784749520.59,12:45:20.590,0.94,0.35,0.05
1784749521.0903,12:45:21.090,0.95,0.28,0.11
1784749521.5902,12:45:21.590,0.95,0.28,0.10
1784749522.0896,12:45:22.089,0.96,0.23,0.13
1784749522.5897,12:45:22.589,0.97,0.13,0.19
1784749523.0895,12:45:23.089,0.97,0.14,0.18
1784749523.5892,12:45:23.589,0.97,0.09,0.21
1784749524.0896,12:45:24.089,0.97,0.11,0.20
1784749524.5893,12:45:24.589,0.97,0.11,0.20
1784749525.0885,12:45:25.088,0.98,0.13,0.17
1784749525.5887,12:45:25.588,0.98,0.13,0.17
1784749526.0886,12:45:26.088,0.97,0.14,0.17
1784749526.588,12:45:26.588,0.97,0.15,0.18
1784749527.0877,12:45:27.087,0.96,0.25,0.11
1784749527.5875,12:45:27.587,0.92,0.38,0.01
1784749528.0871,12:45:28.087,0.92,0.38,0.01
1784749528.5871,12:45:28.587,0.94,0.34,0.02
1784749529.0871,12:45:29.087,0.97,0.21,0.13
1784749529.587,12:45:29.587,0.97,0.21,0.13
1784749530.087,12:45:30.087,0.96,0.28,0.08
1784749530.5868,12:45:30.586,0.95,0.30,0.06
1784749531.0863,12:45:31.086,0.94,0.34,0.03
1784749531.5861,12:45:31.586,0.90,0.43,-0.05
1784749532.0862,12:45:32.086,0.90,0.44,-0.06
1784749532.5858,12:45:32.585,0.87,0.48,-0.09
1784749533.0854,12:45:33.085,0.87,0.49,-0.08
1784749533.5857,12:45:33.585,0.87,0.48,-0.07
1784749534.0857,12:45:34.085,0.88,0.46,-0.06
1784749534.585,12:45:34.585,0.91,0.42,-0.02
1784749535.0847,12:45:35.084,0.89,0.45,-0.05
1784749535.5848,12:45:35.584,0.90,0.43,-0.03
1784749536.0844,12:45:36.084,0.94,0.35,0.03
1784749536.5844,12:45:36.584,0.96,0.27,0.09
1784749537.0845,12:45:37.084,0.96,0.25,0.11
1784749537.5843,12:45:37.584,0.96,0.24,0.13
1784749538.0846,12:45:38.084,0.97,0.23,0.13
1784749538.5847,12:45:38.584,0.97,0.22,0.14
1784749539.0837,12:45:39.083,0.96,0.27,0.10
1784749539.5836,12:45:39.583,0.96,0.28,0.10
1784749540.0832,12:45:40.083,0.96,0.27,0.10
1784749540.5831,12:45:40.583,0.96,0.25,0.11
1784749541.0837,12:45:41.083,0.96,0.25,0.13
1784749541.5839,12:45:41.583,0.96,0.25,0.13
1784749542.0827,12:45:42.082,0.96,0.25,0.12
1784749542.5827,12:45:42.582,0.96,0.24,0.13
1784749543.0826,12:45:43.082,0.96,0.25,0.12
1784749543.5822,12:45:43.582,0.96,0.27,0.11
1784749544.0821,12:45:44.082,0.95,0.28,0.11
1784749544.5819,12:45:44.581,0.95,0.28,0.12
1784749545.0815,12:45:45.081,0.95,0.29,0.11
1784749545.5819,12:45:45.581,0.95,0.31,0.09
1784749546.0823,12:45:46.082,0.95,0.28,0.10
1784749546.582,12:45:46.582,0.96,0.22,0.15
1784749547.0812,12:45:47.081,0.97,0.17,0.17
1784749547.5814,12:45:47.581,0.97,0.17,0.17
1784749548.0812,12:45:48.081,0.97,0.21,0.14
1784749548.5813,12:45:48.581,0.96,0.26,0.11
1784749549.082,12:45:49.082,0.95,0.30,0.09
1784749549.5824,12:45:49.582,0.94,0.34,0.05
1784749550.0819,12:45:50.081,0.94,0.34,0.05
1784749550.5821,12:45:50.582,0.95,0.32,0.07
1784749551.0813,12:45:51.081,0.94,0.33,0.06
1784749551.581,12:45:51.581,0.92,0.40,0.00
1784749552.0808,12:45:52.080,0.89,0.46,-0.04
1784749552.5799,12:45:52.579,0.90,0.44,-0.04
1784749553.0795,12:45:53.079,0.91,0.42,-0.02
1784749553.5797,12:45:53.579,0.94,0.35,0.03
1784749554.0796,12:45:54.079,0.94,0.35,0.00
1784749554.579,12:45:54.579,0.94,0.35,0.01
1784749555.0789,12:45:55.078,0.94,0.34,0.02
1784749555.5787,12:45:55.578,0.95,0.32,0.06
1784749556.078,12:45:56.078,0.95,0.28,0.10
1784749556.578,12:45:56.578,0.96,0.23,0.13
1784749557.078,12:45:57.078,0.97,0.15,0.19
1784749557.5777,12:45:57.577,0.97,0.14,0.19
1784749558.0773,12:45:58.077,0.97,0.14,0.20
1784749558.5774,12:45:58.577,0.97,0.12,0.21
1784749559.0772,12:45:59.077,0.97,0.12,0.22
1784749559.5772,12:45:59.577,0.97,0.17,0.19
1784749560.0777,12:46:00.077,0.97,0.18,0.18
1784749560.5775,12:46:00.577,0.97,0.15,0.19
1784749561.0776,12:46:01.077,0.98,0.07,0.21
1784749561.5774,12:46:01.577,0.98,0.05,0.19
1784749562.077,12:46:02.077,0.96,-0.05,0.26
1784749562.5769,12:46:02.576,0.96,-0.04,0.29
1784749563.0769,12:46:03.076,0.96,0.02,0.28
1784749563.5764,12:46:03.576,0.96,0.07,0.26
1784749564.0762,12:46:04.076,0.96,0.08,0.25
1784749564.5765,12:46:04.576,0.97,0.11,0.24
1784749565.0763,12:46:05.076,0.96,0.20,0.17
1784749565.5755,12:46:05.575,0.97,0.19,0.17
1784749566.0756,12:46:06.075,0.97,0.17,0.18
1784749566.5752,12:46:06.575,0.97,0.19,0.17
1784749567.0749,12:46:07.074,0.97,0.17,0.17
1784749567.5749,12:46:07.574,0.97,0.15,0.17
1784749568.0749,12:46:08.074,0.97,0.11,0.20
1784749568.5744,12:46:08.574,0.97,0.10,0.20
1784749569.074,12:46:09.074,0.97,0.11,0.20
1784749569.5739,12:46:09.573,0.97,0.08,0.21
1784749570.0735,12:46:10.073,0.97,0.08,0.21
1784749570.5738,12:46:10.573,0.98,0.09,0.20
1784749571.074,12:46:11.074,0.98,0.08,0.20
1784749571.5734,12:46:11.573,0.97,0.05,0.22
1784749572.0737,12:46:12.073,0.98,0.06,0.21
1784749572.5738,12:46:12.573,0.97,0.04,0.23
1784749573.0737,12:46:13.073,0.97,0.04,0.22
1784749573.5737,12:46:13.573,0.97,0.03,0.23
1784749574.0737,12:46:14.073,0.97,0.03,0.24
1784749574.5728,12:46:14.572,0.97,0.04,0.24
1784749575.0728,12:46:15.072,0.97,0.08,0.22
1784749575.5729,12:46:15.572,0.97,0.07,0.21
1784749576.0727,12:46:16.072,0.98,0.07,0.20
1784749576.5724,12:46:16.572,0.98,0.07,0.20
1784749577.072,12:46:17.072,0.98,0.06,0.21
1784749577.5714,12:46:17.571,0.97,0.01,0.25
1784749578.0711,12:46:18.071,0.97,0.02,0.26
1784749578.5713,12:46:18.571,0.96,0.02,0.26
1784749579.0712,12:46:19.071,0.97,0.02,0.26
1784749579.5708,12:46:19.570,0.97,0.03,0.26
1784749580.071,12:46:20.071,0.97,0.04,0.25
1784749580.5709,12:46:20.570,0.97,0.06,0.24
1784749581.0703,12:46:21.070,0.97,0.11,0.21
1784749581.5706,12:46:21.570,0.97,0.13,0.19
1784749582.0698,12:46:22.069,0.97,0.15,0.18
1784749582.569,12:46:22.569,0.98,0.17,0.14
1784749583.0695,12:46:23.069,0.98,0.17,0.14
1784749583.5692,12:46:23.569,0.98,0.17,0.14
1784749584.0687,12:46:24.068,0.98,0.10,0.18
1784749584.5691,12:46:24.569,0.98,0.11,0.18
1784749585.069,12:46:25.069,0.98,0.12,0.16
1784749585.5682,12:46:25.568,0.98,0.13,0.15
1784749586.0682,12:46:26.068,0.98,0.04,0.22
1784749586.5679,12:46:26.567,0.97,0.01,0.25
1784749587.0675,12:46:27.067,0.97,0.02,0.25
1784749587.5678,12:46:27.567,0.97,0.03,0.24
1784749588.068,12:46:28.068,0.97,0.05,0.22
1784749588.5679,12:46:28.567,0.98,0.06,0.18
1784749589.068,12:46:29.068,0.98,0.08,0.18
1784749589.568,12:46:29.568,0.98,0.08,0.19
1784749590.0679,12:46:30.067,0.98,0.03,0.22
1784749590.5681,12:46:30.568,0.96,-0.06,0.28
1784749591.0679,12:46:31.067,0.96,-0.08,0.28
1784749591.5675,12:46:31.567,0.95,-0.08,0.29
1784749592.0671,12:46:32.067,0.95,-0.07,0.31
1784749592.5669,12:46:32.566,0.94,-0.06,0.32
1784749593.0667,12:46:33.066,0.95,-0.06,0.32
1784749593.5666,12:46:33.566,0.96,0.02,0.28
1784749594.0667,12:46:34.066,0.97,0.05,0.25
1784749594.5667,12:46:34.566,0.97,0.14,0.19
1784749595.0662,12:46:35.066,0.97,0.16,0.17
1784749595.5667,12:46:35.566,0.97,0.17,0.17
1784749596.066,12:46:36.066,0.97,0.20,0.14
1784749596.5656,12:46:36.565,0.95,0.30,0.06
1784749597.0658,12:46:37.065,0.91,0.41,-0.02
1784749597.5655,12:46:37.565,0.91,0.41,-0.03
1784749598.0651,12:46:38.065,0.93,0.38,0.00
1784749598.565,12:46:38.565,0.93,0.38,-0.01
1784749599.0652,12:46:39.065,0.93,0.36,0.00
1784749599.5649,12:46:39.564,0.94,0.33,0.02
1784749600.0651,12:46:40.065,0.96,0.27,0.07
1784749600.565,12:46:40.565,0.96,0.28,0.07
1784749601.0646,12:46:41.064,0.95,0.31,0.04
1784749601.5642,12:46:41.564,0.95,0.32,0.03
1784749602.064,12:46:42.064,0.94,0.35,-0.02
1784749602.5636,12:46:42.563,0.94,0.33,0.02
1784749603.0638,12:46:43.063,0.93,0.36,0.00
1784749603.5637,12:46:43.563,0.90,0.43,-0.07
1784749604.0631,12:46:44.063,0.83,0.54,-0.15
1784749604.563,12:46:44.563,0.76,0.61,-0.22
1784749605.0636,12:46:45.063,0.77,0.60,-0.21
1784749605.5627,12:46:45.562,0.76,0.61,-0.22
1784749606.0627,12:46:46.062,0.77,0.60,-0.21
1784749606.5629,12:46:46.562,0.78,0.60,-0.20
1784749607.0622,12:46:47.062,0.79,0.59,-0.16
1784749607.5618,12:46:47.561,0.79,0.60,-0.16
1784749608.0623,12:46:48.062,0.80,0.58,-0.16
1784749608.5621,12:46:48.562,0.80,0.58,-0.18
1784749609.0619,12:46:49.061,0.79,0.59,-0.18
1784749609.5624,12:46:49.562,0.78,0.59,-0.18
1784749610.0618,12:46:50.061,0.88,0.47,-0.07
1784749610.5613,12:46:50.561,0.88,0.47,-0.07
1784749611.0617,12:46:51.061,0.88,0.47,-0.08
1784749611.5614,12:46:51.561,0.81,0.56,-0.18
1784749612.0608,12:46:52.060,0.79,0.58,-0.21
1784749612.561,12:46:52.561,0.76,0.61,-0.24
1784749613.0607,12:46:53.060,0.74,0.62,-0.25
1784749613.5603,12:46:53.560,0.74,0.63,-0.25
1784749614.0606,12:46:54.060,0.74,0.62,-0.26
1784749614.5602,12:46:54.560,0.73,0.62,-0.27
1784749615.0594,12:46:55.059,0.74,0.62,-0.27
1784749615.5593,12:46:55.559,0.78,0.59,-0.20
1784749616.0595,12:46:56.059,0.80,0.57,-0.17
1784749616.559,12:46:56.559,0.80,0.58,-0.18
1784749617.059,12:46:57.059,0.80,0.58,-0.18
1784749617.5588,12:46:57.558,0.82,0.55,-0.17
1784749618.0583,12:46:58.058,0.82,0.55,-0.17
1784749618.5589,12:46:58.558,0.85,0.51,-0.12
1784749619.0586,12:46:59.058,0.87,0.48,-0.10
1784749619.5584,12:46:59.558,0.92,0.39,-0.02
1784749620.0589,12:47:00.058,0.94,0.35,0.03
1784749620.5593,12:47:00.559,0.95,0.30,0.08
1784749621.0583,12:47:01.058,0.95,0.29,0.08
1784749621.5582,12:47:01.558,0.93,0.36,0.00
1784749622.0586,12:47:02.058,0.92,0.40,-0.04
1784749622.5583,12:47:02.558,0.91,0.41,-0.06
1784749623.0583,12:47:03.058,0.91,0.42,-0.06
1784749623.5582,12:47:03.558,0.91,0.42,-0.05
1784749624.0574,12:47:04.057,0.92,0.39,-0.02
1784749624.5568,12:47:04.556,0.93,0.37,0.01
1784749625.0564,12:47:05.056,0.95,0.29,0.07
1784749625.5562,12:47:05.556,0.96,0.28,0.08
1784749626.0564,12:47:06.056,0.94,0.33,0.02
1784749626.5568,12:47:06.556,0.93,0.36,-0.02
1784749627.0566,12:47:07.056,0.91,0.40,-0.06
1784749627.5561,12:47:07.556,0.90,0.43,-0.07
1784749628.0563,12:47:08.056,0.89,0.45,-0.08
1784749628.5556,12:47:08.555,0.88,0.47,-0.08
1784749629.0548,12:47:09.054,0.88,0.47,-0.09
1784749629.5553,12:47:09.555,0.89,0.46,-0.07
1784749630.0553,12:47:10.055,0.88,0.46,-0.07
1784749630.5545,12:47:10.554,0.88,0.46,-0.09
1784749631.0544,12:47:11.054,0.88,0.46,-0.09
1784749631.5543,12:47:11.554,0.92,0.40,-0.04
1784749632.0544,12:47:12.054,0.92,0.40,-0.03
1784749632.5544,12:47:12.554,0.91,0.41,-0.03
1784749633.0542,12:47:13.054,0.87,0.48,-0.10
1784749633.5541,12:47:13.554,0.86,0.50,-0.12
1784749634.0543,12:47:14.054,0.92,0.38,-0.02
1784749634.5544,12:47:14.554,0.94,0.34,0.04
1784749635.0542,12:47:15.054,0.95,0.32,0.04
1784749635.5543,12:47:15.554,0.96,0.25,0.09
1784749636.0537,12:47:16.053,0.96,0.25,0.10
1784749636.5533,12:47:16.553,0.95,0.31,0.06
1784749637.0536,12:47:17.053,0.93,0.36,0.02
1784749637.5533,12:47:17.553,0.94,0.35,0.02
1784749638.0528,12:47:18.052,0.95,0.32,0.06
1784749638.5522,12:47:18.552,0.95,0.29,0.09
1784749639.0526,12:47:19.052,0.96,0.24,0.13
1784749639.5521,12:47:19.552,0.97,0.20,0.16
1784749640.0513,12:47:20.051,0.97,0.17,0.17
1784749640.5522,12:47:20.552,0.97,0.09,0.22
1784749641.0515,12:47:21.051,0.97,0.08,0.24
1784749641.5509,12:47:21.550,0.97,0.09,0.23
1784749642.0513,12:47:22.051,0.97,0.11,0.20
1784749642.5509,12:47:22.550,0.97,0.13,0.18
1784749643.0506,12:47:23.050,0.96,0.27,0.09
1784749643.5508,12:47:23.550,0.91,0.41,-0.01
1784749644.0509,12:47:24.050,0.89,0.46,-0.05
1784749644.5505,12:47:24.550,0.89,0.46,-0.07
1784749645.0509,12:47:25.050,0.93,0.38,0.00
1784749645.5509,12:47:25.550,0.96,0.25,0.10
1784749646.0501,12:47:26.050,0.97,0.19,0.15
1784749646.5504,12:47:26.550,0.97,0.18,0.14
1784749647.0504,12:47:27.050,0.95,0.30,0.06
1784749647.5495,12:47:27.549,0.96,0.28,0.08
1784749648.0497,12:47:28.049,0.96,0.26,0.11
1784749648.5494,12:47:28.549,0.97,0.19,0.16
1784749649.0489,12:47:29.048,0.97,0.19,0.17
1784749649.5487,12:47:29.548,0.95,0.29,0.09
1784749650.049,12:47:30.049,0.92,0.39,0.01
1784749650.5486,12:47:30.548,0.91,0.42,-0.02
1784749651.0489,12:47:31.048,0.91,0.42,-0.03
1784749651.5483,12:47:31.548,0.89,0.45,-0.05
1784749652.0485,12:47:32.048,0.89,0.45,-0.03
1784749652.5486,12:47:32.548,0.88,0.47,-0.03
1784749653.0484,12:47:33.048,0.91,0.41,0.03
1784749653.5481,12:47:33.548,0.91,0.41,0.03
1784749654.0483,12:47:34.048,0.92,0.40,0.02
1784749654.5483,12:47:34.548,0.92,0.39,0.02
1784749655.0478,12:47:35.047,0.92,0.40,0.01
1784749655.5476,12:47:35.547,0.90,0.44,-0.01
1784749656.0479,12:47:36.047,0.89,0.45,-0.02
1784749656.5471,12:47:36.547,0.90,0.43,-0.02
1784749657.0467,12:47:37.046,0.90,0.44,-0.04
1784749657.5468,12:47:37.546,0.91,0.42,-0.05
1784749658.046,12:47:38.046,0.89,0.44,-0.09
1784749658.5453,12:47:38.545,0.85,0.50,-0.16
1784749659.0455,12:47:39.045,0.85,0.50,-0.16
1784749659.5456,12:47:39.545,0.87,0.49,-0.12
1784749660.0446,12:47:40.044,0.88,0.47,-0.11
1784749660.545,12:47:40.545,0.91,0.42,-0.04
1784749661.0449,12:47:41.044,0.92,0.40,0.01
1784749661.5441,12:47:41.544,0.92,0.40,0.01
1784749662.044,12:47:42.044,0.90,0.43,-0.02
1784749662.5438,12:47:42.543,0.85,0.52,-0.11
1784749663.0436,12:47:43.043,0.83,0.53,-0.14
1784749663.5435,12:47:43.543,0.81,0.56,-0.18
1784749664.0433,12:47:44.043,0.80,0.57,-0.19
1784749664.5432,12:47:44.543,0.82,0.55,-0.15
1784749665.0436,12:47:45.043,0.87,0.48,-0.10
1784749665.5441,12:47:45.544,0.86,0.49,-0.12
1784749666.0435,12:47:46.043,0.84,0.51,-0.17
1784749666.5433,12:47:46.543,0.75,0.60,-0.28
1784749667.0438,12:47:47.043,0.72,0.62,-0.32
1784749667.543,12:47:47.543,0.73,0.61,-0.32
1784749668.0429,12:47:48.042,0.76,0.58,-0.30
1784749668.5433,12:47:48.543,0.80,0.54,-0.26
1784749669.0429,12:47:49.042,0.81,0.53,-0.24
1784749669.5426,12:47:49.542,0.83,0.51,-0.23
1784749670.0426,12:47:50.042,0.85,0.49,-0.20
1784749670.5419,12:47:50.541,0.89,0.44,-0.10
1784749671.0413,12:47:51.041,0.91,0.42,-0.05
1784749671.5411,12:47:51.541,0.93,0.37,0.01
1784749672.0408,12:47:52.040,0.94,0.35,0.03
1784749672.5404,12:47:52.540,0.95,0.32,0.05
1784749673.0411,12:47:53.041,0.96,0.28,0.08
1784749673.5407,12:47:53.540,0.97,0.16,0.17
1784749674.0403,12:47:54.040,0.97,0.17,0.16
1784749674.541,12:47:54.541,0.97,0.18,0.16
1784749675.041,12:47:55.041,0.97,0.19,0.16
1784749675.5405,12:47:55.540,0.97,0.16,0.18
1784749676.0406,12:47:56.040,0.97,0.14,0.21
1784749676.5403,12:47:56.540,0.97,0.11,0.22
1784749677.0399,12:47:57.039,0.97,0.18,0.18
1784749677.5398,12:47:57.539,0.97,0.19,0.16
1784749678.0399,12:47:58.039,0.96,0.26,0.10
1784749678.5393,12:47:58.539,0.96,0.27,0.10
1784749679.0394,12:47:59.039,0.96,0.24,0.11
1784749679.5396,12:47:59.539,0.96,0.24,0.11
1784749680.0395,12:48:00.039,0.96,0.26,0.11
1784749680.5391,12:48:00.539,0.96,0.24,0.11
1784749681.0395,12:48:01.039,0.96,0.27,0.09
1784749681.5388,12:48:01.538,0.96,0.27,0.09
1784749682.0386,12:48:02.038,0.96,0.27,0.09
1784749682.5389,12:48:02.538,0.96,0.27,0.10
1784749683.0383,12:48:03.038,0.95,0.28,0.10
1784749683.5384,12:48:03.538,0.95,0.30,0.09
1784749684.0385,12:48:04.038,0.95,0.28,0.11
1784749684.5381,12:48:04.538,0.96,0.23,0.14
1784749685.0374,12:48:05.037,0.96,0.24,0.13
1784749685.5376,12:48:05.537,0.96,0.27,0.11
1784749686.0369,12:48:06.036,0.93,0.37,0.04
1784749686.5365,12:48:06.536,0.84,0.53,-0.10
1784749687.0371,12:48:07.037,0.84,0.53,-0.13
1784749687.537,12:48:07.537,0.82,0.55,-0.16
1784749688.0368,12:48:08.036,0.81,0.56,-0.18
1784749688.5375,12:48:08.537,0.81,0.56,-0.19
1784749689.0371,12:48:09.037,0.82,0.55,-0.19
1784749689.5364,12:48:09.536,0.92,0.40,-0.07
1784749690.0366,12:48:10.036,0.91,0.40,-0.08
1784749690.536,12:48:10.536,0.86,0.48,-0.16
1784749691.0359,12:48:11.035,0.86,0.49,-0.15
1784749691.5361,12:48:11.536,0.89,0.45,-0.12
1784749692.036,12:48:12.036,0.89,0.43,-0.14
1784749692.5356,12:48:12.535,0.82,0.53,-0.22
1784749693.0354,12:48:13.035,0.82,0.53,-0.21
1784749693.5351,12:48:13.535,0.82,0.53,-0.22
1784749694.0345,12:48:14.034,0.83,0.52,-0.19
1784749694.5348,12:48:14.534,0.83,0.52,-0.17
1784749695.035,12:48:15.035,0.83,0.53,-0.17
1784749695.5344,12:48:15.534,0.82,0.55,-0.16
1784749696.0342,12:48:16.034,0.80,0.57,-0.16
1784749696.534,12:48:16.534,0.80,0.57,-0.16
1784749697.0334,12:48:17.033,0.82,0.56,-0.15
1784749697.5332,12:48:17.533,0.82,0.56,-0.13
1784749698.0333,12:48:18.033,0.83,0.55,-0.12
1784749698.5325,12:48:18.532,0.84,0.53,-0.13
1784749699.0325,12:48:19.032,0.85,0.52,-0.11
1784749699.5326,12:48:19.532,0.86,0.51,-0.10
1784749700.032,12:48:20.032,0.86,0.51,-0.10
1784749700.5313,12:48:20.531,0.87,0.48,-0.07
1784749701.0313,12:48:21.031,0.85,0.51,-0.10
1784749701.5311,12:48:21.531,0.87,0.50,-0.07
1784749702.0308,12:48:22.030,0.88,0.47,-0.04
1784749702.5308,12:48:22.530,0.90,0.43,0.00
1784749703.0311,12:48:23.031,0.90,0.43,0.01
1784749703.5311,12:48:23.531,0.93,0.37,0.05
1784749704.0311,12:48:24.031,0.93,0.36,0.06
1784749704.5304,12:48:24.530,0.93,0.37,0.05
1784749705.0298,12:48:25.029,0.92,0.40,0.02
1784749705.5305,12:48:25.530,0.90,0.44,-0.01
1784749706.0302,12:48:26.030,0.91,0.41,0.01
1784749706.5301,12:48:26.530,0.94,0.34,0.06
1784749707.03,12:48:27.030,0.93,0.36,0.05
1784749707.5302,12:48:27.530,0.94,0.35,0.03
1784749708.0299,12:48:28.029,0.89,0.45,-0.10
1784749708.5303,12:48:28.530,0.88,0.45,-0.10
1784749709.0302,12:48:29.030,0.87,0.47,-0.12
1784749709.5298,12:48:29.529,0.88,0.47,-0.11
1784749710.0302,12:48:30.030,0.87,0.47,-0.11
1784749710.5303,12:48:30.530,0.88,0.47,-0.09
1784749711.0293,12:48:31.029,0.85,0.51,-0.11
1784749711.5292,12:48:31.529,0.85,0.51,-0.11
1784749712.0294,12:48:32.029,0.85,0.52,-0.11
1784749712.5286,12:48:32.528,0.79,0.59,-0.19
1784749713.0288,12:48:33.028,0.78,0.59,-0.22
1784749713.5288,12:48:33.528,0.80,0.57,-0.20
1784749714.0281,12:48:34.028,0.80,0.57,-0.20
1784749714.5281,12:48:34.528,0.80,0.57,-0.20
1784749715.0286,12:48:35.028,0.79,0.58,-0.19
1784749715.528,12:48:35.528,0.85,0.52,-0.14
1784749716.0281,12:48:36.028,0.93,0.37,0.00
1784749716.5279,12:48:36.527,0.95,0.32,0.05
1784749717.0275,12:48:37.027,0.97,0.24,0.10
1784749717.5271,12:48:37.527,0.96,0.24,0.11
1784749718.0271,12:48:38.027,0.97,0.23,0.11
1784749718.5267,12:48:38.526,0.96,0.28,0.07
1784749719.0263,12:48:39.026,0.93,0.38,0.01
1784749719.5267,12:48:39.526,0.93,0.38,0.02
1784749720.0266,12:48:40.026,0.91,0.41,-0.02
1784749720.5264,12:48:40.526,0.91,0.41,-0.02
1784749721.0263,12:48:41.026,0.91,0.41,-0.02
1784749721.5255,12:48:41.525,0.90,0.44,-0.04
1784749722.0256,12:48:42.025,0.88,0.47,-0.09
1784749722.526,12:48:42.526,0.83,0.54,-0.14
1784749723.026,12:48:43.026,0.83,0.54,-0.15
1784749723.5259,12:48:43.525,0.86,0.50,-0.09
1784749724.0265,12:48:44.026,0.87,0.48,-0.09
1784749724.5265,12:48:44.526,0.87,0.48,-0.09
1784749725.0255,12:48:45.025,0.93,0.37,-0.03
1784749725.526,12:48:45.526,0.97,0.24,0.07
1784749726.0256,12:48:46.025,0.97,0.23,0.08
1784749726.525,12:48:46.525,0.97,0.19,0.14
1784749727.0251,12:48:47.025,0.97,0.18,0.16
1784749727.5252,12:48:47.525,0.97,0.14,0.20
1784749728.0247,12:48:48.024,0.97,0.10,0.23
1784749728.5247,12:48:48.524,0.97,0.09,0.23
1784749729.0244,12:48:49.024,0.97,0.10,0.23
1784749729.524,12:48:49.524,0.97,0.19,0.16
1784749730.0236,12:48:50.023,0.96,0.27,0.10
1784749730.5238,12:48:50.523,0.95,0.31,0.07
1784749731.0236,12:48:51.023,0.94,0.33,0.06
1784749731.5235,12:48:51.523,0.96,0.25,0.09
1784749732.0235,12:48:52.023,0.96,0.26,0.09
1784749732.5227,12:48:52.522,0.94,0.33,0.04
1784749733.023,12:48:53.023,0.94,0.35,0.04
1784749733.5227,12:48:53.522,0.94,0.33,0.05
1784749734.0227,12:48:54.022,0.95,0.31,0.06
1784749734.5225,12:48:54.522,0.95,0.31,0.07
1784749735.0228,12:48:55.022,0.95,0.28,0.09
1784749735.5224,12:48:55.522,0.95,0.29,0.10
1784749736.0218,12:48:56.021,0.94,0.34,0.05
1784749736.5223,12:48:56.522,0.92,0.38,0.02
1784749737.0217,12:48:57.021,0.90,0.42,-0.03
1784749737.5208,12:48:57.520,0.87,0.48,-0.09
1784749738.0214,12:48:58.021,0.86,0.49,-0.12
1784749738.5205,12:48:58.520,0.85,0.51,-0.13
1784749739.0203,12:48:59.020,0.92,0.39,-0.03
1784749739.5203,12:48:59.520,0.97,0.19,0.13
1784749740.0206,12:49:00.020,0.98,0.16,0.14
1784749740.5202,12:49:00.520,0.97,0.17,0.15
1784749741.0207,12:49:01.020,0.97,0.19,0.14
1784749741.5204,12:49:01.520,0.96,0.27,0.08
1784749742.0205,12:49:02.020,0.93,0.37,0.01
1784749742.5207,12:49:02.520,0.93,0.36,0.02
1784749743.0207,12:49:03.020,0.92,0.39,-0.03
1784749743.52,12:49:03.520,0.92,0.38,-0.02
1784749744.0198,12:49:04.019,0.90,0.44,-0.04
1784749744.5201,12:49:04.520,0.87,0.48,-0.09
1784749745.019,12:49:05.019,0.86,0.51,-0.10
1784749745.5188,12:49:05.518,0.86,0.51,-0.10
1784749746.0187,12:49:06.018,0.91,0.40,-0.02
1784749746.5187,12:49:06.518,0.93,0.36,0.01
1784749747.0186,12:49:07.018,0.94,0.35,0.01
1784749747.518,12:49:07.518,0.94,0.34,0.02
1784749748.0175,12:49:08.017,0.91,0.40,-0.01
1784749748.5169,12:49:08.516,0.91,0.41,0.00
1784749749.0169,12:49:09.016,0.92,0.40,0.00
1784749749.5166,12:49:09.516,0.92,0.38,0.02
1784749750.0162,12:49:10.016,0.94,0.32,0.08
1784749750.5163,12:49:10.516,0.96,0.27,0.12
1784749751.0163,12:49:11.016,0.96,0.25,0.14
1784749751.516,12:49:11.516,0.96,0.22,0.15
1784749752.0159,12:49:12.015,0.97,0.19,0.17
1784749752.5157,12:49:12.515,0.97,0.17,0.17
1784749753.015,12:49:13.015,0.97,0.16,0.18
1784749753.5154,12:49:13.515,0.97,0.19,0.16
1784749754.0153,12:49:14.015,0.97,0.17,0.16
1784749754.5151,12:49:14.515,0.97,0.16,0.18
1784749755.0155,12:49:15.015,0.97,0.11,0.22
1784749755.5156,12:49:15.515,0.97,0.10,0.22
1784749756.015,12:49:16.015,0.97,0.07,0.24
1784749756.5154,12:49:16.515,0.97,0.09,0.23
1784749757.0152,12:49:17.015,0.97,0.09,0.23
1784749757.5149,12:49:17.514,0.97,0.14,0.18
1784749758.0151,12:49:18.015,0.97,0.15,0.18
1784749758.5149,12:49:18.514,0.97,0.16,0.16
1784749759.0146,12:49:19.014,0.97,0.22,0.13
1784749759.5144,12:49:19.514,0.97,0.23,0.12
1784749760.0138,12:49:20.013,0.97,0.24,0.11
1784749760.5134,12:49:20.513,0.97,0.20,0.14
1784749761.0135,12:49:21.013,0.97,0.21,0.14
1784749761.5133,12:49:21.513,0.97,0.22,0.14
1784749762.0131,12:49:22.013,0.97,0.22,0.13
1784749762.5132,12:49:22.513,0.97,0.21,0.14
1784749763.0136,12:49:23.013,0.96,0.25,0.12
1784749763.5132,12:49:23.513,0.97,0.20,0.16
1784749764.0135,12:49:24.013,0.97,0.20,0.16
1784749764.5138,12:49:24.513,0.97,0.21,0.14
1784749765.0134,12:49:25.013,0.97,0.21,0.13
1784749765.5127,12:49:25.512,0.97,0.17,0.16
1784749766.0128,12:49:26.012,0.97,0.17,0.17
1784749766.5128,12:49:26.512,0.97,0.17,0.18
1784749767.0129,12:49:27.012,0.97,0.18,0.17
1784749767.5131,12:49:27.513,0.97,0.18,0.17
1784749768.0126,12:49:28.012,0.97,0.18,0.15
1784749768.5122,12:49:28.512,0.96,0.27,0.08
1784749769.0123,12:49:29.012,0.94,0.35,0.03
1784749769.512,12:49:29.512,0.93,0.37,0.02
1784749770.0114,12:49:30.011,0.95,0.28,0.09
1784749770.5119,12:49:30.511,0.96,0.23,0.13
1784749771.0112,12:49:31.011,0.96,0.24,0.13
1784749771.5109,12:49:31.510,0.96,0.26,0.11
1784749772.0111,12:49:32.011,0.96,0.28,0.10
1784749772.5106,12:49:32.510,0.96,0.22,0.14
1784749773.0103,12:49:33.010,0.96,0.23,0.14
1784749773.5099,12:49:33.509,0.97,0.18,0.16
1784749774.0102,12:49:34.010,0.97,0.18,0.15
1784749774.51,12:49:34.510,0.96,0.25,0.11
1784749775.0096,12:49:35.009,0.96,0.25,0.12
1784749775.5093,12:49:35.509,0.96,0.25,0.12
1784749776.0087,12:49:36.008,0.96,0.23,0.14
1784749776.5084,12:49:36.508,0.97,0.22,0.14
1784749777.0084,12:49:37.008,0.97,0.19,0.15
1784749777.5077,12:49:37.507,0.97,0.20,0.15
1784749778.0075,12:49:38.007,0.97,0.22,0.13
1784749778.5077,12:49:38.507,0.97,0.22,0.13
1784749779.0074,12:49:39.007,0.97,0.21,0.14
1784749779.5068,12:49:39.506,0.97,0.20,0.15
1784749780.0073,12:49:40.007,0.96,0.24,0.13
1784749780.5069,12:49:40.506,0.95,0.29,0.09
1784749781.007,12:49:41.007,0.96,0.28,0.09
1784749781.5076,12:49:41.507,0.96,0.26,0.11
1784749782.0076,12:49:42.007,0.96,0.23,0.14
1784749782.5073,12:49:42.507,0.97,0.20,0.16
1784749783.0079,12:49:43.007,0.97,0.22,0.13
1784749783.507,12:49:43.507,0.97,0.20,0.14
1784749784.0064,12:49:44.006,0.97,0.19,0.14
1784749784.5067,12:49:44.506,0.97,0.16,0.18
1784749785.0065,12:49:45.006,0.97,0.15,0.19
1784749785.5063,12:49:45.506,0.97,0.12,0.22
1784749786.0066,12:49:46.006,0.97,0.13,0.21
1784749786.5066,12:49:46.506,0.97,0.13,0.21
1784749787.0061,12:49:47.006,0.97,0.14,0.20
1784749787.5055,12:49:47.505,0.97,0.15,0.20
1784749788.0052,12:49:48.005,0.97,0.15,0.20
1784749788.5049,12:49:48.504,0.97,0.16,0.19
1784749789.0047,12:49:49.004,0.96,0.23,0.14
1784749789.5042,12:49:49.504,0.96,0.25,0.11
1784749790.0036,12:49:50.003,0.96,0.28,0.10
1784749790.5039,12:49:50.503,0.96,0.27,0.10
1784749791.0041,12:49:51.004,0.96,0.26,0.12
1784749791.5034,12:49:51.503,0.96,0.25,0.12
1784749792.0033,12:49:52.003,0.96,0.25,0.11
1784749792.5037,12:49:52.503,0.96,0.26,0.11
1784749793.0038,12:49:53.003,0.96,0.25,0.11
1784749793.504,12:49:53.504,0.96,0.28,0.09
1784749794.0036,12:49:54.003,0.94,0.34,0.03
1784749794.5027,12:49:54.502,0.94,0.34,0.04
1784749795.0023,12:49:55.002,0.96,0.26,0.10
1784749795.5022,12:49:55.502,0.97,0.19,0.16
1784749796.002,12:49:56.002,0.97,0.20,0.16
1784749796.5017,12:49:56.501,0.96,0.24,0.13
1784749797.0017,12:49:57.001,0.96,0.25,0.12
1784749797.5011,12:49:57.501,0.96,0.26,0.11
1784749798.0008,12:49:58.000,0.96,0.26,0.10
1784749798.501,12:49:58.501,0.96,0.24,0.11
1784749799.0005,12:49:59.000,0.97,0.20,0.15
1784749799.4999,12:49:59.499,0.97,0.17,0.16
1784749800.0005,12:50:00.000,0.98,0.17,0.14
1784749800.501,12:50:00.501,0.97,0.09,0.21
1784749801.0006,12:50:01.000,0.97,0.11,0.20
1784749801.5007,12:50:01.500,0.97,0.13,0.20
1784749802.0009,12:50:02.000,0.97,0.18,0.17
1784749802.5006,12:50:02.500,0.96,0.23,0.14
1784749803.0003,12:50:03.000,0.96,0.23,0.13
1784749803.5001,12:50:03.500,0.96,0.23,0.13
1784749803.9998,12:50:03.999,0.96,0.24,0.13
1784749804.5,12:50:04.500,0.96,0.23,0.13
1784749804.9999,12:50:04.999,0.96,0.22,0.14
1784749805.4989,12:50:05.498,0.96,0.26,0.12
1784749805.999,12:50:05.999,0.95,0.30,0.08
1784749806.4988,12:50:06.498,0.96,0.27,0.09
1784749806.9984,12:50:06.998,0.96,0.24,0.11
1784749807.4986,12:50:07.498,0.97,0.16,0.17
1784749807.999,12:50:07.999,0.97,0.14,0.17
1784749808.4988,12:50:08.498,0.98,0.16,0.15
1784749808.9986,12:50:08.998,0.97,0.21,0.12
1784749809.4986,12:50:09.498,0.97,0.21,0.11
1784749809.9989,12:50:09.998,0.97,0.21,0.11
1784749810.4985,12:50:10.498,0.97,0.22,0.12
1784749810.999,12:50:10.999,0.97,0.21,0.12
1784749811.4983,12:50:11.498,0.97,0.24,0.10
1784749811.9978,12:50:11.997,0.97,0.25,0.08
1784749812.4978,12:50:12.497,0.97,0.21,0.12
1784749812.9975,12:50:12.997,0.97,0.13,0.18
1784749813.4973,12:50:13.497,0.97,0.16,0.16
1784749813.9969,12:50:13.996,0.97,0.17,0.17
1784749814.4968,12:50:14.496,0.96,0.24,0.11
1784749814.9966,12:50:14.996,0.96,0.25,0.11
1784749815.4971,12:50:15.497,0.96,0.25,0.12
1784749815.9965,12:50:15.996,0.97,0.20,0.16
1784749816.4959,12:50:16.495,0.97,0.11,0.23
1784749816.9964,12:50:16.996,0.97,0.09,0.23
1784749817.496,12:50:17.496,0.97,0.08,0.24
1784749817.9953,12:50:17.995,0.97,0.08,0.24
1784749818.4955,12:50:18.495,0.97,0.15,0.19
1784749818.9952,12:50:18.995,0.97,0.18,0.17
1784749819.4944,12:50:19.494,0.97,0.16,0.18
1784749819.9941,12:50:19.994,0.97,0.10,0.22
1784749820.4946,12:50:20.494,0.97,0.09,0.22
1784749820.9938,12:50:20.993,0.97,0.11,0.21
1784749821.4937,12:50:21.493,0.97,0.17,0.17
1784749821.9937,12:50:21.993,0.97,0.18,0.15
1784749822.4934,12:50:22.493,0.97,0.18,0.14
1784749822.9929,12:50:22.992,0.98,0.11,0.18
1784749823.4927,12:50:23.492,0.98,0.12,0.18
1784749823.9923,12:50:23.992,0.98,0.14,0.17
1784749824.4923,12:50:24.492,0.98,0.17,0.13
1784749824.9933,12:50:24.993,0.97,0.19,0.12
1784749825.4927,12:50:25.492,0.97,0.21,0.12
1784749825.9925,12:50:25.992,0.97,0.21,0.12
1784749826.4927,12:50:26.492,0.97,0.19,0.15
1784749826.9923,12:50:26.992,0.97,0.19,0.16
1784749827.492,12:50:27.492,0.97,0.19,0.15
1784749827.9924,12:50:27.992,0.97,0.17,0.16
1784749828.4925,12:50:28.492,0.97,0.17,0.17
1784749828.9923,12:50:28.992,0.97,0.12,0.20
1784749829.4925,12:50:29.492,0.97,0.12,0.20
1784749829.9924,12:50:29.992,0.97,0.12,0.20
1784749830.4922,12:50:30.492,0.97,0.10,0.20
1784749830.9923,12:50:30.992,0.97,0.09,0.21
1784749831.4919,12:50:31.491,0.97,0.10,0.21
1784749831.9919,12:50:31.991,0.94,0.35,0.03
1784749832.4922,12:50:32.492,0.92,0.38,0.00
1784749832.9918,12:50:32.991,0.92,0.40,-0.01
1784749833.4915,12:50:33.491,0.94,0.34,0.03
1784749833.9917,12:50:33.991,0.94,0.35,0.03
1784749834.491,12:50:34.491,0.92,0.39,-0.02
1784749834.9906,12:50:34.990,0.91,0.41,-0.05
1784749835.4906,12:50:35.490,0.96,0.29,0.06
1784749835.9903,12:50:35.990,0.96,0.25,0.08
1784749836.4898,12:50:36.489,0.97,0.23,0.10
1784749836.9899,12:50:36.989,0.97,0.19,0.13
1784749837.4901,12:50:37.490,0.97,0.18,0.13
1784749837.9892,12:50:37.989,0.97,0.20,0.12
1784749838.4888,12:50:38.488,0.97,0.22,0.13
1784749838.9888,12:50:38.988,0.96,0.27,0.11
1784749839.4885,12:50:39.488,0.95,0.30,0.09
1784749839.9889,12:50:39.988,0.94,0.33,0.07
1784749840.4888,12:50:40.488,0.94,0.34,0.06
1784749840.9882,12:50:40.988,0.94,0.34,0.06
1784749841.4883,12:50:41.488,0.94,0.35,0.06
1784749841.9883,12:50:41.988,0.94,0.32,0.08
1784749842.4879,12:50:42.487,0.95,0.30,0.11
1784749842.9878,12:50:42.987,0.95,0.28,0.12
1784749843.488,12:50:43.488,0.95,0.29,0.09
1784749843.9879,12:50:43.987,0.95,0.30,0.08
1784749844.4875,12:50:44.487,0.96,0.28,0.07
1784749844.9878,12:50:44.987,0.96,0.28,0.06
1784749845.4876,12:50:45.487,0.96,0.28,0.06
1784749845.9873,12:50:45.987,0.97,0.25,0.07
1784749846.4872,12:50:46.487,0.97,0.24,0.08
1784749846.9868,12:50:46.986,0.97,0.24,0.11
1784749847.4861,12:50:47.486,0.96,0.24,0.11
1784749847.9863,12:50:47.986,0.97,0.23,0.12
1784749848.4864,12:50:48.486,0.97,0.23,0.13
1784749848.986,12:50:48.986,0.97,0.22,0.13
1784749849.4862,12:50:49.486,0.95,0.31,0.04
1784749849.9863,12:50:49.986,0.94,0.34,0.02
1784749850.4855,12:50:50.485,0.93,0.37,0.01
1784749850.9856,12:50:50.985,0.92,0.39,0.00
1784749851.4852,12:50:51.485,0.95,0.30,0.08
1784749851.9849,12:50:51.984,0.95,0.30,0.06
1784749852.4851,12:50:52.485,0.94,0.35,0.01
1784749852.985,12:50:52.985,0.93,0.37,0.01
1784749853.4847,12:50:53.484,0.94,0.35,0.05
1784749853.9847,12:50:53.984,0.94,0.35,0.06
1784749854.4846,12:50:54.484,0.94,0.34,0.07
1784749854.9838,12:50:54.983,0.94,0.33,0.08
1784749855.4835,12:50:55.483,0.94,0.32,0.09
1784749855.9837,12:50:55.983,0.95,0.32,0.07
1784749856.4835,12:50:56.483,0.93,0.36,0.02
1784749856.9831,12:50:56.983,0.94,0.35,0.03
1784749857.4835,12:50:57.483,0.94,0.35,0.04
1784749857.9834,12:50:57.983,0.95,0.29,0.08
1784749858.4824,12:50:58.482,0.95,0.30,0.08
1784749858.9827,12:50:58.982,0.95,0.30,0.09
1784749859.4825,12:50:59.482,0.96,0.26,0.12
1784749859.9817,12:50:59.981,0.95,0.28,0.11
1784749860.4822,12:51:00.482,0.96,0.22,0.16
1784749860.982,12:51:00.982,0.96,0.22,0.15
1784749861.4821,12:51:01.482,0.96,0.28,0.10
1784749861.9817,12:51:01.981,0.94,0.34,0.06
1784749862.4818,12:51:02.481,0.93,0.35,0.05
1784749862.9814,12:51:02.981,0.94,0.35,0.05
1784749863.4812,12:51:03.481,0.93,0.38,0.01
1784749863.9811,12:51:03.981,0.91,0.42,-0.01
1784749864.4809,12:51:04.480,0.93,0.38,0.03
1784749864.981,12:51:04.981,0.93,0.35,0.05
1784749865.4804,12:51:05.480,0.95,0.30,0.09
1784749865.9796,12:51:05.979,0.95,0.30,0.08
1784749866.4797,12:51:06.479,0.95,0.31,0.06
1784749866.9794,12:51:06.979,0.92,0.39,-0.01
1784749867.4791,12:51:07.479,0.92,0.39,-0.01
1784749867.9795,12:51:07.979,0.94,0.35,0.04
1784749868.4797,12:51:08.479,0.94,0.33,0.06
1784749868.9789,12:51:08.978,0.94,0.33,0.06
1784749869.4793,12:51:09.479,0.92,0.38,0.03
1784749869.9796,12:51:09.979,0.92,0.40,0.02
1784749870.4792,12:51:10.479,0.93,0.37,0.04
1784749870.9789,12:51:10.978,0.95,0.29,0.11
1784749871.4792,12:51:11.479,0.96,0.26,0.13
1784749871.9793,12:51:11.979,0.96,0.23,0.14
1784749872.4792,12:51:12.479,0.97,0.19,0.17
1784749872.9793,12:51:12.979,0.97,0.19,0.17
1784749873.4789,12:51:13.478,0.97,0.18,0.16
1784749873.9789,12:51:13.978,0.97,0.14,0.19
1784749874.479,12:51:14.479,0.97,0.12,0.20
1784749874.9785,12:51:14.978,0.97,0.10,0.23
1784749875.4782,12:51:15.478,0.97,0.07,0.24
1784749875.978,12:51:15.978,0.97,0.15,0.19
1784749876.4779,12:51:16.477,0.97,0.15,0.19
1784749876.9775,12:51:16.977,0.97,0.14,0.20
1784749877.4776,12:51:17.477,0.97,0.14,0.20
1784749877.9775,12:51:17.977,0.97,0.13,0.20
1784749878.477,12:51:18.477,0.97,0.09,0.21
1784749878.977,12:51:18.977,0.97,0.07,0.23
1784749879.4762,12:51:19.476,0.97,0.10,0.22
1784749879.9763,12:51:19.976,0.97,0.13,0.21
1784749880.4767,12:51:20.476,0.97,0.17,0.16
1784749880.9761,12:51:20.976,0.97,0.22,0.13
1784749881.476,12:51:21.476,0.96,0.24,0.11
1784749881.976,12:51:21.976,0.96,0.27,0.09
1784749882.4758,12:51:22.475,0.97,0.19,0.15
1784749882.9754,12:51:22.975,0.97,0.20,0.13
1784749883.4758,12:51:23.475,0.97,0.22,0.12
1784749883.9758,12:51:23.975,0.97,0.22,0.11
1784749884.4756,12:51:24.475,0.97,0.23,0.12
1784749884.9753,12:51:24.975,0.96,0.27,0.11
1784749885.4745,12:51:25.474,0.96,0.27,0.13
1784749885.974,12:51:25.974,0.96,0.25,0.13
1784749886.474,12:51:26.474,0.96,0.24,0.13
1784749886.9743,12:51:26.974,0.96,0.27,0.11
1784749887.4742,12:51:27.474,0.93,0.35,0.06
1784749887.9738,12:51:27.973,0.94,0.33,0.06
1784749888.4739,12:51:28.473,0.94,0.33,0.07
1784749888.9737,12:51:28.973,0.95,0.31,0.08
1784749889.473,12:51:29.473,0.94,0.32,0.06
1784749889.9734,12:51:29.973,0.94,0.35,0.04
1784749890.4733,12:51:30.473,0.94,0.35,0.05
1784749890.9731,12:51:30.973,0.94,0.33,0.07
1784749891.4733,12:51:31.473,0.95,0.28,0.11
1784749891.9728,12:51:31.972,0.97,0.20,0.17
1784749892.4726,12:51:32.472,0.97,0.17,0.18
1784749892.9727,12:51:32.972,0.97,0.18,0.17
1784749893.4725,12:51:33.472,0.97,0.12,0.20
1784749893.9722,12:51:33.972,0.97,0.14,0.20
1784749894.472,12:51:34.472,0.97,0.13,0.20
1784749894.9712,12:51:34.971,0.97,0.16,0.17
1784749895.4709,12:51:35.470,0.97,0.16,0.17
1784749895.9709,12:51:35.970,0.97,0.19,0.15
1784749896.471,12:51:36.471,0.97,0.21,0.14
1784749896.9702,12:51:36.970,0.96,0.24,0.11
1784749897.4709,12:51:37.470,0.96,0.25,0.12
1784749897.9701,12:51:37.970,0.96,0.26,0.11
1784749898.4697,12:51:38.469,0.97,0.21,0.14
1784749898.9696,12:51:38.969,0.97,0.20,0.16
1784749899.4696,12:51:39.469,0.96,0.26,0.10
1784749899.9691,12:51:39.969,0.95,0.29,0.07
1784749900.4685,12:51:40.468,0.94,0.33,0.04
1784749900.9688,12:51:40.968,0.94,0.33,0.06
1784749901.4684,12:51:41.468,0.94,0.33,0.05
1784749901.969,12:51:41.969,0.94,0.33,0.04
1784749902.4697,12:51:42.469,0.96,0.26,0.10
1784749902.9695,12:51:42.969,0.96,0.25,0.10
1784749903.4696,12:51:43.469,0.97,0.23,0.13
1784749903.9694,12:51:43.969,0.97,0.15,0.17
1784749904.4691,12:51:44.469,0.97,0.14,0.18
1784749904.9689,12:51:44.968,0.97,0.22,0.11
1784749905.4688,12:51:45.468,0,0,0
1784749905.9687,12:51:45.968,0,0,0
1784749906.4683,12:51:46.468,0,0,0
1784749906.9688,12:51:46.968,0.98,0.19,0.09
1784749907.4686,12:51:47.468,0.99,0.09,0.12
1784749907.9681,12:51:47.968,0.99,0.02,0.16
1784749908.4679,12:51:48.467,0.99,0.02,0.16
1784749908.9674,12:51:48.967,0,0,0
1784749909.4669,12:51:49.466,0,0,0
1784749909.9667,12:51:49.966,0,0,0
1784749910.4664,12:51:50.466,0,0,0
1784749910.966,12:51:50.966,0,0,0
1784749911.4661,12:51:51.466,0,0,0
1784749911.9659,12:51:51.965,0.99,0.04,0.15
1784749912.4653,12:51:52.465,0.99,0.06,0.15
1784749912.9654,12:51:52.965,0,0,0
1784749913.4656,12:51:53.465,0.99,0.06,0.15
1784749913.9649,12:51:53.964,0.99,0.05,0.15
1784749914.4647,12:51:54.464,0,0,0
1784749914.9649,12:51:54.964,0.99,0.03,0.16
1784749915.4648,12:51:55.464,0,0,0
1784749915.9648,12:51:55.964,0,0,0
1784749916.4652,12:51:56.465,0,0,0
1784749916.9648,12:51:56.964,0,0,0
1784749917.4649,12:51:57.464,0,0,0
1784749917.9653,12:51:57.965,0,0,0
1784749918.4648,12:51:58.464,0,0,0
1784749918.9648,12:51:58.964,0,0,0
1784749919.4646,12:51:59.464,0,0,0
1784749919.9643,12:51:59.964,0,0,0
1784749920.4641,12:52:00.464,0.99,0.02,0.16
1784749920.9642,12:52:00.964,0.98,0.18,0.00
1784749921.4638,12:52:01.463,0.87,0.43,-0.24
1784749921.9635,12:52:01.963,0.88,0.42,-0.24
1784749922.4635,12:52:02.463,0.99,0.16,0.00
1784749922.9629,12:52:02.962,0.99,-0.02,0.14
1784749923.4628,12:52:03.462,0.96,-0.12,0.23
1784749923.9628,12:52:03.962,0.96,-0.12,0.24
1784749924.4625,12:52:04.462,0.97,-0.08,0.25
1784749924.9617,12:52:04.961,0,0,0
1784749925.4616,12:52:05.461,0,0,0
