Timestamp,Local time,Pleasure,Arousal,Dominance
1784152444.3124,14:54:04.312,0.91,0.42,-0.06
1784152444.8122,14:54:04.812,0.91,0.42,-0.06
1784152445.3119,14:54:05.311,0.89,0.45,-0.03
1784152445.8113,14:54:05.811,0.87,0.49,-0.07
1784152446.3118,14:54:06.311,0.87,0.49,-0.08
1784152446.8118,14:54:06.811,0.85,0.52,-0.10
1784152447.3113,14:54:07.311,0.85,0.53,-0.08
1784152447.8113,14:54:07.811,0.85,0.51,-0.09
1784152448.3111,14:54:08.311,0.86,0.51,-0.09
1784152448.8106,14:54:08.810,0.87,0.48,-0.10
1784152449.3108,14:54:09.310,0.91,0.41,-0.04
1784152449.8111,14:54:09.811,0.91,0.41,-0.04
1784152450.3103,14:54:10.310,0.92,0.39,-0.02
1784152450.8102,14:54:10.810,0.93,0.35,0.03
1784152451.31,14:54:11.310,0.93,0.35,0.03
1784152451.81,14:54:11.810,0.94,0.34,0.03
1784152452.3102,14:54:12.310,0.94,0.33,0.01
1784152452.8103,14:54:12.810,0.97,0.22,0.09
1784152453.3098,14:54:13.309,0.98,0.10,0.16
1784152453.8097,14:54:13.809,0.98,0.02,0.21
1784152454.3098,14:54:14.309,0.97,-0.08,0.22
1784152454.8088,14:54:14.808,0.97,-0.10,0.20
1784152455.3085,14:54:15.308,0.97,-0.10,0.20
1784152455.8087,14:54:15.808,0.97,-0.09,0.21
1784152456.3079,14:54:16.307,0.97,-0.09,0.22
1784152456.8077,14:54:16.807,0.97,-0.10,0.21
1784152457.3082,14:54:17.308,0.97,-0.09,0.21
1784152457.8084,14:54:17.808,0.98,-0.07,0.20
1784152458.3078,14:54:18.307,0.98,0.00,0.19
1784152458.8083,14:54:18.808,0.98,0.11,0.15
1784152459.3081,14:54:19.308,0.97,0.21,0.10
1784152459.8074,14:54:19.807,0.96,0.29,0.05
1784152460.3074,14:54:20.307,0.95,0.31,0.05
1784152460.8077,14:54:20.807,0.95,0.31,0.06
1784152461.3071,14:54:21.307,0.95,0.29,0.08
1784152461.8074,14:54:21.807,0.95,0.29,0.07
1784152462.307,14:54:22.307,0.95,0.30,0.06
1784152462.8067,14:54:22.806,0.95,0.32,0.03
1784152463.3067,14:54:23.306,0.94,0.33,-0.01
1784152463.807,14:54:23.807,0.94,0.34,-0.03
1784152464.3066,14:54:24.306,0.96,0.28,0.03
1784152464.8066,14:54:24.806,0.97,0.24,0.06
1784152465.3067,14:54:25.306,0.98,0.18,0.04
1784152465.8063,14:54:25.806,0.99,0.13,0.08
1784152466.3058,14:54:26.305,0.99,0.09,0.11
1784152466.8058,14:54:26.805,0.98,0.02,0.19
1784152467.3055,14:54:27.305,0.98,0.03,0.20
1784152467.8053,14:54:27.805,0.98,0.07,0.18
1784152468.3054,14:54:28.305,0.98,0.11,0.18
1784152468.8048,14:54:28.804,0.98,0.11,0.17
1784152469.3046,14:54:29.304,0.98,0.10,0.19
1784152469.8044,14:54:29.804,0.98,0.10,0.20
1784152470.3044,14:54:30.304,0.98,0.16,0.15
1784152470.8045,14:54:30.804,0.97,0.22,0.09
1784152471.3045,14:54:31.304,0.95,0.31,0.02
1784152471.8046,14:54:31.804,0.94,0.33,0.01
1784152472.3044,14:54:32.304,0.94,0.35,0.00
1784152472.8041,14:54:32.804,0.94,0.35,0.00
1784152473.3039,14:54:33.303,0.93,0.38,-0.01
1784152473.8038,14:54:33.803,0.93,0.37,0.01
1784152474.3036,14:54:34.303,0.93,0.37,0.00
1784152474.8033,14:54:34.803,0.93,0.37,0.01
1784152475.3025,14:54:35.302,0.92,0.39,-0.01
1784152475.8025,14:54:35.802,0.97,0.12,0.21
1784152476.3026,14:54:36.302,0.97,0.09,0.20
1784152476.8018,14:54:36.801,0.98,0.07,0.20
1784152477.3019,14:54:37.301,0.95,0.30,-0.03
1784152477.8021,14:54:37.802,0.95,0.30,-0.03
1784152478.3018,14:54:38.301,0.98,0.20,0.02
1784152478.8018,14:54:38.801,0.98,0.20,0.02
1784152479.3015,14:54:39.301,0.96,0.28,-0.02
1784152479.8009,14:54:39.800,0.94,0.34,-0.02
1784152480.3008,14:54:40.300,0.93,0.36,-0.03
1784152480.8008,14:54:40.800,0.93,0.35,-0.07
1784152481.3007,14:54:41.300,0.96,0.26,-0.04
1784152481.8009,14:54:41.800,0.98,0.17,0.03
1784152482.3008,14:54:42.300,0.98,0.18,0.07
1784152482.8007,14:54:42.800,0.98,0.18,0.08
1784152483.3005,14:54:43.300,0.98,0.18,0.09
1784152483.8004,14:54:43.800,0.98,0.19,0.09
1784152484.3,14:54:44.300,0.96,0.29,0.03
1784152484.7999,14:54:44.799,0.97,0.08,0.21
1784152485.2999,14:54:45.299,0.98,0.09,0.19
1784152485.7998,14:54:45.799,0.99,0.07,0.11
1784152486.2994,14:54:46.299,1.00,0.07,0.07
1784152486.7998,14:54:46.799,1.00,0.09,0.02
1784152487.2994,14:54:47.299,0.99,0.12,-0.03
1784152487.7987,14:54:47.798,0.99,0.13,-0.05
1784152488.2988,14:54:48.298,0.99,0.15,-0.03
1784152488.7988,14:54:48.798,0.99,0.16,-0.04
1784152489.2983,14:54:49.298,0.99,0.17,-0.04
1784152489.7985,14:54:49.798,0.94,0.29,-0.15
1784152490.298,14:54:50.298,0.95,0.28,-0.15
1784152490.7972,14:54:50.797,0.95,0.28,-0.14
1784152491.2972,14:54:51.297,0.95,0.27,-0.14
1784152491.7969,14:54:51.796,0.97,0.23,-0.10
1784152492.2963,14:54:52.296,0.99,0.15,-0.02
1784152492.7966,14:54:52.796,1.00,0.09,0.03
1784152493.2966,14:54:53.296,0.99,0.02,0.11
1784152493.7959,14:54:53.795,0.99,0.03,0.12
1784152494.2957,14:54:54.295,1.00,0.07,0.06
1784152494.796,14:54:54.796,0.99,-0.02,0.12
1784152495.2952,14:54:55.295,0.99,-0.04,0.13
1784152495.7952,14:54:55.795,0.99,-0.05,0.13
1784152496.2955,14:54:56.295,0.99,-0.04,0.12
1784152496.7949,14:54:56.794,0.99,-0.04,0.13
1784152497.2952,14:54:57.295,0.99,-0.04,0.14
1784152497.7954,14:54:57.795,0.99,-0.06,0.16
1784152498.2953,14:54:58.295,0.98,-0.08,0.18
1784152498.7949,14:54:58.794,0.98,-0.08,0.18
1784152499.2948,14:54:59.294,0.98,-0.09,0.18
1784152499.795,14:54:59.795,0.98,-0.09,0.19
1784152500.2949,14:55:00.294,0.98,-0.06,0.19
1784152500.7953,14:55:00.795,0.99,0.00,0.16
1784152501.2953,14:55:01.295,0.99,0.05,0.14
1784152501.7952,14:55:01.795,0.99,0.08,0.13
1784152502.2952,14:55:02.295,0.98,0.17,0.07
1784152502.7951,14:55:02.795,0.98,0.21,0.04
1784152503.2941,14:55:03.294,0.97,0.22,0.06
1784152503.7944,14:55:03.794,0.98,0.21,0.07
1784152504.2938,14:55:04.293,0.97,0.00,0.24
1784152504.7937,14:55:04.793,0.97,0.01,0.24
1784152505.2935,14:55:05.293,0.98,0.03,0.22
1784152505.7938,14:55:05.793,0.95,0.30,-0.01
1784152506.2934,14:55:06.293,0.96,0.29,-0.02
1784152506.7934,14:55:06.793,0.95,0.32,-0.04
1784152507.2935,14:55:07.293,0.95,0.32,-0.04
1784152507.7929,14:55:07.792,0.92,0.39,-0.05
1784152508.2928,14:55:08.292,0.92,0.40,-0.04
1784152508.7928,14:55:08.792,0.92,0.39,-0.03
1784152509.2921,14:55:09.292,0.97,0.13,0.20
1784152509.7922,14:55:09.792,0.97,0.16,0.17
1784152510.2919,14:55:10.291,0.97,0.17,0.16
1784152510.7915,14:55:10.791,0.97,0.16,0.16
1784152511.2914,14:55:11.291,0.97,0.13,0.21
1784152511.7912,14:55:11.791,0.97,0.14,0.20
1784152512.2907,14:55:12.290,0.97,0.19,0.16
1784152512.7906,14:55:12.790,0.94,0.34,-0.02
1784152513.291,14:55:13.291,0.93,0.36,-0.08
1784152513.791,14:55:13.791,0.91,0.40,-0.12
1784152514.2906,14:55:14.290,0.90,0.43,-0.13
1784152514.7911,14:55:14.791,0.90,0.43,-0.09
1784152515.2903,14:55:15.290,0.97,0.22,0.11
1784152515.79,14:55:15.790,0.97,0.19,0.13
1784152516.2902,14:55:16.290,0.97,0.19,0.13
1784152516.7903,14:55:16.790,0.92,0.38,-0.04
1784152517.2895,14:55:17.289,0.92,0.38,-0.04
1784152517.7899,14:55:17.789,0.95,0.32,-0.01
1784152518.2894,14:55:18.289,0.97,0.26,0.02
1784152518.7886,14:55:18.788,0.98,0.18,0.04
1784152519.2887,14:55:19.288,0.99,0.12,0.09
1784152519.7883,14:55:19.788,0.99,0.05,0.13
1784152520.2878,14:55:20.287,0.99,0.01,0.14
1784152520.7878,14:55:20.787,0.99,0.02,0.14
1784152521.2881,14:55:21.288,0.99,0.02,0.14
1784152521.7873,14:55:21.787,0.99,0.01,0.15
1784152522.2876,14:55:22.287,0.98,-0.02,0.18
1784152522.787,14:55:22.787,0.98,-0.03,0.18
1784152523.2862,14:55:23.286,0.98,-0.02,0.21
1784152523.7867,14:55:23.786,0.97,0.00,0.23
1784152524.2866,14:55:24.286,0.97,0.00,0.23
1784152524.7859,14:55:24.785,0.98,-0.01,0.20
1784152525.2857,14:55:25.285,0.98,0.01,0.18
1784152525.7864,14:55:25.786,0.99,0.02,0.16
1784152526.286,14:55:26.286,0.99,0.03,0.16
1784152526.7859,14:55:26.785,0.99,0.04,0.17
1784152527.2857,14:55:27.285,0.99,0.06,0.15
1784152527.7851,14:55:27.785,0.99,0.06,0.15
1784152528.285,14:55:28.285,0.99,0.06,0.16
1784152528.7848,14:55:28.784,0.99,0.05,0.16
1784152529.2847,14:55:29.284,0.99,0.03,0.17
1784152529.7851,14:55:29.785,0.99,0.03,0.16
1784152530.2855,14:55:30.285,0.99,0.03,0.17
1784152530.7855,14:55:30.785,0.98,0.03,0.18
1784152531.2856,14:55:31.285,0.98,0.03,0.17
1784152531.7856,14:55:31.785,0.98,0.02,0.17
1784152532.2855,14:55:32.285,0.98,0.00,0.18
1784152532.7853,14:55:32.785,0.98,-0.03,0.20
1784152533.2853,14:55:33.285,0.98,-0.04,0.18
1784152533.7848,14:55:33.784,0.98,-0.07,0.17
1784152534.2842,14:55:34.284,0.98,-0.07,0.17
1784152534.7843,14:55:34.784,0.99,-0.06,0.16
1784152535.2835,14:55:35.283,0.99,-0.05,0.16
1784152535.783,14:55:35.783,0.98,-0.07,0.17
1784152536.2834,14:55:36.283,0.98,-0.09,0.17
1784152536.783,14:55:36.783,0.98,-0.10,0.19
1784152537.2827,14:55:37.282,0.98,-0.11,0.18
1784152537.783,14:55:37.783,0.98,-0.11,0.19
1784152538.2834,14:55:38.283,0.98,-0.10,0.19
1784152538.7828,14:55:38.782,0.98,-0.10,0.20
1784152539.2827,14:55:39.282,0.98,-0.06,0.19
1784152539.7823,14:55:39.782,0.98,-0.05,0.19
1784152540.2822,14:55:40.282,0.98,-0.05,0.19
1784152540.7818,14:55:40.781,0.98,-0.03,0.21
1784152541.2823,14:55:41.282,0.98,0.02,0.19
1784152541.7815,14:55:41.781,0.98,0.11,0.13
1784152542.2816,14:55:42.281,0.98,0.19,0.07
1784152542.782,14:55:42.782,0.96,0.28,0.01
1784152543.2817,14:55:43.281,0.94,0.34,-0.04
1784152543.7811,14:55:43.781,0.90,0.42,-0.07
1784152544.2816,14:55:44.281,0.88,0.46,-0.08
1784152544.7818,14:55:44.781,0.85,0.51,-0.11
1784152545.2816,14:55:45.281,0.81,0.56,-0.18
1784152545.7811,14:55:45.781,0.77,0.58,-0.25
1784152546.2807,14:55:46.280,0.76,0.60,-0.25
1784152546.7804,14:55:46.780,0.76,0.60,-0.24
1784152547.2806,14:55:47.280,0.77,0.60,-0.21
1784152547.7805,14:55:47.780,0.81,0.56,-0.17
1784152548.2801,14:55:48.280,0.89,0.45,-0.09
1784152548.7806,14:55:48.780,0.94,0.33,-0.02
1784152549.2802,14:55:49.280,0.96,0.28,0.00
1784152549.7797,14:55:49.779,0.98,0.21,0.06
1784152550.2797,14:55:50.279,0.98,0.18,0.07
1784152550.7791,14:55:50.779,0.98,0.17,0.08
1784152551.2784,14:55:51.278,0.99,0.12,0.11
1784152551.7783,14:55:51.778,0.99,0.05,0.16
1784152552.2781,14:55:52.278,0.98,0.02,0.18
1784152552.7777,14:55:52.777,0.99,0.02,0.16
1784152553.2781,14:55:53.278,0.99,0.00,0.17
1784152553.7785,14:55:53.778,0.98,0.01,0.18
1784152554.278,14:55:54.278,0.95,-0.09,0.30
1784152554.778,14:55:54.778,0.99,0.09,0.14
1784152555.2775,14:55:55.277,0.98,0.20,0.08
1784152555.7773,14:55:55.777,0.95,0.31,0.01
1784152556.2773,14:55:56.277,0.93,0.36,-0.03
1784152556.7775,14:55:56.777,0.92,0.38,-0.07
1784152557.2773,14:55:57.277,0.93,0.37,-0.06
1784152557.777,14:55:57.777,0.98,0.11,0.16
1784152558.2774,14:55:58.277,0.98,0.12,0.15
1784152558.7765,14:55:58.776,0.98,0.16,0.10
1784152559.2763,14:55:59.276,0.98,0.20,0.02
1784152559.7762,14:55:59.776,0.96,0.27,-0.04
1784152560.276,14:56:00.276,0.95,0.31,-0.06
1784152560.776,14:56:00.776,0.94,0.33,-0.07
1784152561.2759,14:56:01.275,0.93,0.36,-0.04
1784152561.7751,14:56:01.775,0.80,0.55,-0.23
1784152562.275,14:56:02.275,0.79,0.54,-0.30
1784152562.775,14:56:02.775,0.80,0.53,-0.28
1784152563.2751,14:56:03.275,0.81,0.52,-0.26
1784152563.7747,14:56:03.774,0.84,0.49,-0.23
1784152564.2752,14:56:04.275,0.89,0.44,-0.14
1784152564.7746,14:56:04.774,0.93,0.36,-0.07
1784152565.2744,14:56:05.274,0.97,0.26,0.04
1784152565.7743,14:56:05.774,0.98,0.18,0.09
1784152566.2741,14:56:06.274,0.98,0.17,0.12
1784152566.7736,14:56:06.773,0.98,0.17,0.13
1784152567.2736,14:56:07.273,0.98,0.16,0.13
1784152567.7735,14:56:07.773,0.97,0.24,0.08
1784152568.2731,14:56:08.273,0.95,0.32,-0.01
1784152568.773,14:56:08.773,0.94,0.34,-0.03
1784152569.2726,14:56:09.272,0.93,0.36,-0.04
1784152569.7725,14:56:09.772,0.91,0.41,-0.04
1784152570.2724,14:56:10.272,0.86,0.51,-0.10
1784152570.7726,14:56:10.772,0.83,0.54,-0.11
1784152571.2721,14:56:11.272,0.84,0.53,-0.10
1784152571.7721,14:56:11.772,0.84,0.53,-0.11
1784152572.2724,14:56:12.272,0.87,0.48,-0.06
1784152572.7716,14:56:12.771,0.89,0.45,-0.04
1784152573.2711,14:56:13.271,0.89,0.45,-0.04
1784152573.7713,14:56:13.771,0.89,0.45,-0.05
1784152574.2712,14:56:14.271,0.88,0.47,-0.05
1784152574.7712,14:56:14.771,0.88,0.47,-0.06
1784152575.2713,14:56:15.271,0.87,0.49,-0.08
1784152575.7705,14:56:15.770,0.85,0.51,-0.11
1784152576.2701,14:56:16.270,0.82,0.55,-0.14
1784152576.7701,14:56:16.770,0.81,0.56,-0.15
1784152577.2699,14:56:17.269,0.82,0.55,-0.17
1784152577.77,14:56:17.770,0.88,0.47,-0.11
1784152578.2708,14:56:18.270,0.92,0.39,-0.04
1784152578.7707,14:56:18.770,0.93,0.36,-0.03
1784152579.2703,14:56:19.270,0.94,0.35,-0.03
1784152579.7706,14:56:19.770,0.95,0.30,0.02
1784152580.2705,14:56:20.270,0.97,0.23,0.08
1784152580.77,14:56:20.770,0.97,0.23,0.09
1784152581.2698,14:56:21.269,0.97,0.19,0.12
1784152581.7695,14:56:21.769,0.98,0.18,0.10
1784152582.2691,14:56:22.269,0.98,0.15,0.10
1784152582.7689,14:56:22.768,0.98,0.16,0.11
1784152583.269,14:56:23.269,0.98,0.20,0.08
1784152583.7684,14:56:23.768,0.96,0.27,0.02
1784152584.2685,14:56:24.268,0.93,0.37,-0.04
1784152584.7683,14:56:24.768,0.89,0.45,-0.07
1784152585.2674,14:56:25.267,0.87,0.48,-0.07
1784152585.7672,14:56:25.767,0.85,0.52,-0.09
1784152586.2675,14:56:26.267,0.85,0.52,-0.09
1784152586.7667,14:56:26.766,0.86,0.50,-0.11
1784152587.2666,14:56:27.266,0.87,0.48,-0.11
1784152587.767,14:56:27.767,0.97,0.19,0.15
1784152588.2667,14:56:28.266,0.87,0.49,-0.09
1784152588.7664,14:56:28.766,0.88,0.48,-0.08
1784152589.2668,14:56:29.266,0.89,0.46,-0.06
1784152589.7667,14:56:29.766,0.88,0.48,-0.09
1784152590.2666,14:56:30.266,0.88,0.48,-0.09
1784152590.7668,14:56:30.766,0.89,0.45,-0.04
1784152591.2668,14:56:31.266,0.89,0.46,-0.03
1784152591.7667,14:56:31.766,0.87,0.50,-0.06
1784152592.2669,14:56:32.266,0.86,0.50,-0.06
1784152592.7661,14:56:32.766,0.96,0.22,0.16
1784152593.2658,14:56:33.265,0.83,0.55,-0.12
1784152593.7658,14:56:33.765,0.80,0.59,-0.15
1784152594.2655,14:56:34.265,0.80,0.59,-0.15
1784152594.7655,14:56:34.765,0.82,0.56,-0.14
1784152595.2658,14:56:35.265,0.86,0.49,-0.12
1784152595.7656,14:56:35.765,0.92,0.39,-0.04
1784152596.2649,14:56:36.264,0.91,0.41,-0.05
1784152596.7649,14:56:36.764,0.90,0.43,-0.05
1784152597.2642,14:56:37.264,0.87,0.49,-0.10
1784152597.7632,14:56:37.763,0.84,0.53,-0.12
1784152598.2633,14:56:38.263,0.85,0.51,-0.11
1784152598.7633,14:56:38.763,0.83,0.54,-0.12
1784152599.2628,14:56:39.262,0.83,0.54,-0.12
1784152599.7626,14:56:39.762,0.85,0.52,-0.10
1784152600.2628,14:56:40.262,0.85,0.52,-0.08
1784152600.7621,14:56:40.762,0.85,0.52,-0.09
1784152601.2619,14:56:41.261,0.85,0.52,-0.08
1784152601.7624,14:56:41.762,0.85,0.52,-0.08
1784152602.262,14:56:42.262,0.84,0.54,-0.09
1784152602.7623,14:56:42.762,0.84,0.54,-0.07
1784152603.2622,14:56:43.262,0.85,0.53,-0.06
1784152603.762,14:56:43.762,0.86,0.51,-0.07
1784152604.262,14:56:44.262,0.89,0.46,-0.05
1784152604.7617,14:56:44.761,0.94,0.34,0.02
1784152605.2609,14:56:45.260,0.96,0.26,0.05
1784152605.7611,14:56:45.761,0.97,0.23,0.08
1784152606.2614,14:56:46.261,0.98,0.17,0.14
1784152606.7606,14:56:46.760,0.98,0.11,0.18
1784152607.2607,14:56:47.260,0.98,0.10,0.17
1784152607.7611,14:56:47.761,0.98,0.09,0.16
1784152608.261,14:56:48.261,0.98,0.14,0.13
1784152608.7604,14:56:48.760,0.96,0.00,0.27
1784152609.2607,14:56:49.260,0.97,0.06,0.25
1784152609.7605,14:56:49.760,0.97,0.08,0.24
1784152610.2598,14:56:50.259,0.97,0.11,0.22
1784152610.7601,14:56:50.760,0.95,0.30,0.05
1784152611.2593,14:56:51.259,0.97,0.21,0.09
1784152611.7586,14:56:51.758,0.98,0.13,0.14
1784152612.2586,14:56:52.258,0.98,0.12,0.14
1784152612.7585,14:56:52.758,0.99,0.11,0.12
1784152613.2579,14:56:53.257,0.99,0.08,0.11
1784152613.7588,14:56:53.758,0.99,0.07,0.12
1784152614.2586,14:56:54.258,0.99,0.08,0.14
1784152614.7578,14:56:54.757,0.99,0.11,0.13
1784152615.258,14:56:55.258,0.99,0.11,0.13
1784152615.7578,14:56:55.757,0.99,0.09,0.12
1784152616.2573,14:56:56.257,0.99,0.07,0.13
1784152616.7575,14:56:56.757,0.99,0.02,0.15
1784152617.2572,14:56:57.257,0.99,0.01,0.16
1784152617.757,14:56:57.757,0.99,0.02,0.17
1784152618.2573,14:56:58.257,0.98,0.02,0.18
1784152618.7575,14:56:58.757,0.98,0.01,0.20
1784152619.257,14:56:59.257,0.98,0.01,0.20
1784152619.7572,14:56:59.757,0.98,0.04,0.20
1784152620.257,14:57:00.257,0.98,0.09,0.16
1784152620.7571,14:57:00.757,0.99,0.10,0.14
1784152621.2573,14:57:01.257,0.99,0.10,0.11
1784152621.7572,14:57:01.757,0.99,0.10,0.08
1784152622.2566,14:57:02.256,0.99,0.10,0.08
1784152622.7567,14:57:02.756,0.99,0.10,0.09
1784152623.2573,14:57:03.257,0.99,0.10,0.09
1784152623.7568,14:57:03.756,0.98,0.16,0.07
1784152624.2566,14:57:04.256,0.98,0.21,0.05
1784152624.7567,14:57:04.756,0.97,0.23,0.02
1784152625.2562,14:57:05.256,0.97,0.22,0.01
1784152625.7557,14:57:05.755,0.97,0.24,0.00
1784152626.2553,14:57:06.255,0.98,0.20,0.03
1784152626.7553,14:57:06.755,0.98,0.18,0.05
1784152627.255,14:57:07.255,0.98,0.16,0.08
1784152627.7552,14:57:07.755,0.98,0.16,0.09
1784152628.2549,14:57:08.254,0.98,0.16,0.07
1784152628.7539,14:57:08.753,0.98,0.17,0.05
1784152629.2546,14:57:09.254,0.97,0.24,-0.01
1784152629.7541,14:57:09.754,0.95,0.32,-0.04
1784152630.2532,14:57:10.253,0.93,0.37,-0.06
1784152630.7536,14:57:10.753,0.92,0.38,-0.02
1784152631.2539,14:57:11.253,0.94,0.35,0.03
1784152631.7535,14:57:11.753,0.95,0.29,0.07
1784152632.2535,14:57:12.253,0.96,0.29,0.07
1784152632.754,14:57:12.754,0.95,0.29,0.06
1784152633.2534,14:57:13.253,0.95,0.30,0.05
1784152633.7532,14:57:13.753,0.95,0.31,0.04
1784152634.2526,14:57:14.252,0.95,0.30,0.05
1784152634.7522,14:57:14.752,0.96,0.29,0.06
1784152635.2524,14:57:15.252,0.96,0.27,0.07
1784152635.7527,14:57:15.752,0.97,0.26,0.05
1784152636.2523,14:57:16.252,0.97,0.23,0.08
1784152636.7522,14:57:16.752,0.97,0.22,0.11
1784152637.2524,14:57:17.252,0.97,0.24,0.10
1784152637.7516,14:57:17.751,0.95,0.30,0.05
1784152638.2509,14:57:18.250,0.89,0.46,-0.06
1784152638.7507,14:57:18.750,0.87,0.49,-0.08
1784152639.2504,14:57:19.250,0.86,0.50,-0.10
1784152639.7504,14:57:19.750,0.84,0.53,-0.11
1784152640.2503,14:57:20.250,0.85,0.52,-0.08
1784152640.7503,14:57:20.750,0.84,0.54,-0.10
1784152641.2496,14:57:21.249,0.83,0.55,-0.10
1784152641.7494,14:57:21.749,0.82,0.56,-0.13
1784152642.2493,14:57:22.249,0.81,0.57,-0.14
1784152642.7487,14:57:22.748,0.81,0.57,-0.13
1784152643.2488,14:57:23.248,0.82,0.56,-0.14
1784152643.749,14:57:23.749,0.81,0.57,-0.15
1784152644.2487,14:57:24.248,0.81,0.56,-0.14
1784152644.749,14:57:24.749,0.84,0.54,-0.11
1784152645.2484,14:57:25.248,0.91,0.40,0.00
1784152645.7479,14:57:25.747,0.92,0.38,0.02
1784152646.2481,14:57:26.248,0.93,0.37,0.02
1784152646.748,14:57:26.748,0.94,0.34,0.02
1784152647.2478,14:57:27.247,0.94,0.34,0.00
1784152647.7479,14:57:27.747,0.93,0.37,-0.02
1784152648.2475,14:57:28.247,0.90,0.42,-0.07
1784152648.747,14:57:28.747,0.89,0.45,-0.10
1784152649.2468,14:57:29.246,0.89,0.45,-0.10
1784152649.7466,14:57:29.746,0.89,0.45,-0.11
1784152650.2463,14:57:30.246,0.92,0.39,-0.06
1784152650.7465,14:57:30.746,0.94,0.35,-0.03
1784152651.247,14:57:31.247,0.95,0.31,0.00
1784152651.7466,14:57:31.746,0.97,0.22,0.06
1784152652.2465,14:57:32.246,0.97,0.22,0.07
1784152652.7467,14:57:32.746,0.95,0.31,0.04
1784152653.2458,14:57:33.245,0.93,0.35,0.03
1784152653.7458,14:57:33.745,0.91,0.41,0.00
1784152654.2458,14:57:34.245,0.88,0.48,-0.06
1784152654.7453,14:57:34.745,0.84,0.53,-0.11
1784152655.2449,14:57:35.244,0.82,0.55,-0.15
1784152655.7454,14:57:35.745,0.80,0.57,-0.18
1784152656.2452,14:57:36.245,0.80,0.58,-0.18
1784152656.7445,14:57:36.744,0.80,0.57,-0.17
1784152657.2449,14:57:37.244,0.81,0.57,-0.15
1784152657.7446,14:57:37.744,0.79,0.58,-0.20
1784152658.2442,14:57:38.244,0.79,0.57,-0.20
1784152658.7447,14:57:38.744,0.81,0.56,-0.18
1784152659.2444,14:57:39.244,0.82,0.56,-0.13
1784152659.7442,14:57:39.744,0.82,0.56,-0.13
1784152660.2445,14:57:40.244,0.85,0.52,-0.12
1784152660.7442,14:57:40.744,0.85,0.52,-0.12
1784152661.2436,14:57:41.243,0.86,0.50,-0.11
1784152661.7438,14:57:41.743,0.87,0.48,-0.11
1784152662.2441,14:57:42.244,0.87,0.47,-0.14
1784152662.7435,14:57:42.743,0.87,0.47,-0.15
1784152663.2438,14:57:43.243,0.87,0.47,-0.15
1784152663.7442,14:57:43.744,0.88,0.46,-0.15
1784152664.2435,14:57:44.243,0.86,0.49,-0.17
1784152664.7435,14:57:44.743,0.86,0.48,-0.17
1784152665.244,14:57:45.244,0.86,0.48,-0.17
1784152665.7436,14:57:45.743,0.86,0.49,-0.18
1784152666.2434,14:57:46.243,0.88,0.45,-0.15
1784152666.7431,14:57:46.743,0.88,0.45,-0.13
1784152667.2427,14:57:47.242,0.88,0.47,-0.09
1784152667.7426,14:57:47.742,0.88,0.47,-0.11
1784152668.2425,14:57:48.242,0.86,0.49,-0.12
1784152668.742,14:57:48.742,0.85,0.50,-0.13
1784152669.2418,14:57:49.241,0.85,0.51,-0.14
1784152669.7421,14:57:49.742,0.84,0.52,-0.13
1784152670.2415,14:57:50.241,0.85,0.52,-0.12
1784152670.7416,14:57:50.741,0.85,0.52,-0.11
1784152671.2416,14:57:51.241,0.84,0.52,-0.14
1784152671.7411,14:57:51.741,0.81,0.56,-0.19
1784152672.2407,14:57:52.240,0.80,0.56,-0.19
1784152672.7405,14:57:52.740,0.82,0.55,-0.17
1784152673.2404,14:57:53.240,0.82,0.56,-0.12
1784152673.74,14:57:53.740,0.85,0.52,-0.09
1784152674.2401,14:57:54.240,0.85,0.52,-0.09
1784152674.7399,14:57:54.739,0.86,0.50,-0.11
1784152675.2392,14:57:55.239,0.85,0.51,-0.12
1784152675.7392,14:57:55.739,0.85,0.51,-0.12
1784152676.2395,14:57:56.239,0.86,0.50,-0.13
1784152676.7391,14:57:56.739,0.89,0.45,-0.11
1784152677.239,14:57:57.239,0.89,0.45,-0.12
1784152677.7392,14:57:57.739,0.88,0.46,-0.09
1784152678.2382,14:57:58.238,0.89,0.46,-0.09
1784152678.7381,14:57:58.738,0.90,0.44,-0.05
1784152679.2383,14:57:59.238,0.91,0.42,-0.06
1784152679.7378,14:57:59.737,0.94,0.35,-0.02
1784152680.2376,14:58:00.237,0.96,0.28,0.03
1784152680.738,14:58:00.738,0.97,0.25,0.06
1784152681.2372,14:58:01.237,0.97,0.24,0.09
1784152681.7369,14:58:01.736,0.97,0.24,0.09
1784152682.2371,14:58:02.237,0.95,0.32,0.01
1784152682.7368,14:58:02.736,0.88,0.45,-0.11
1784152683.2368,14:58:03.236,0.87,0.49,-0.13
1784152683.7368,14:58:03.736,0.87,0.49,-0.12
1784152684.2365,14:58:04.236,0.88,0.47,-0.09
1784152684.7361,14:58:04.736,0.89,0.45,-0.08
1784152685.2359,14:58:05.235,0.91,0.40,-0.05
1784152685.7355,14:58:05.735,0.93,0.36,-0.04
1784152686.2354,14:58:06.235,0.98,0.10,0.19
1784152686.7354,14:58:06.735,0.94,0.35,-0.03
1784152687.2355,14:58:07.235,0.92,0.40,-0.03
1784152687.7355,14:58:07.735,0.91,0.41,-0.02
1784152688.2354,14:58:08.235,0.91,0.42,-0.01
1784152688.7346,14:58:08.734,0.90,0.44,-0.03
1784152689.2344,14:58:09.234,0.87,0.48,-0.06
1784152689.7349,14:58:09.734,0.87,0.49,-0.06
1784152690.2347,14:58:10.234,0.85,0.53,-0.09
1784152690.7344,14:58:10.734,0.83,0.55,-0.11
1784152691.2348,14:58:11.234,0.82,0.56,-0.12
1784152691.7347,14:58:11.734,0.80,0.58,-0.14
1784152692.2339,14:58:12.233,0.79,0.60,-0.15
1784152692.7338,14:58:12.733,0.79,0.60,-0.15
1784152693.2342,14:58:13.234,0.82,0.55,-0.13
1784152693.7335,14:58:13.733,0.97,0.19,0.17
1784152694.2337,14:58:14.233,0.92,0.39,-0.04
1784152694.7335,14:58:14.733,0.95,0.31,-0.01
1784152695.2329,14:58:15.232,0.97,0.25,0.02
1784152695.7329,14:58:15.732,0.98,0.22,0.02
1784152696.233,14:58:16.233,0.98,0.16,0.06
1784152696.7325,14:58:16.732,0.98,0.16,0.11
1784152697.2324,14:58:17.232,0.98,0.17,0.13
1784152697.7324,14:58:17.732,0.97,0.24,0.07
1784152698.2323,14:58:18.232,0.97,0.23,0.03
1784152698.7327,14:58:18.732,0.96,0.27,0.00
1784152699.233,14:58:19.233,0.95,0.32,-0.02
1784152699.7322,14:58:19.732,0.94,0.35,0.01
1784152700.232,14:58:20.232,0.93,0.38,0.00
1784152700.7321,14:58:20.732,0.92,0.39,0.00
1784152701.2314,14:58:21.231,0.92,0.39,0.00
1784152701.7313,14:58:21.731,0.92,0.40,0.00
1784152702.2315,14:58:22.231,0.92,0.40,0.00
1784152702.7316,14:58:22.731,0.91,0.41,-0.01
1784152703.2308,14:58:23.230,0.91,0.42,0.00
1784152703.7307,14:58:23.730,0.91,0.42,0.01
1784152704.2308,14:58:24.230,0.91,0.42,0.01
1784152704.7301,14:58:24.730,0.91,0.42,0.00
1784152705.2301,14:58:25.230,0.90,0.44,-0.02
1784152705.7298,14:58:25.729,0.87,0.49,-0.07
1784152706.2292,14:58:26.229,0.87,0.50,-0.06
1784152706.7292,14:58:26.729,0.88,0.47,-0.06
1784152707.2297,14:58:27.229,0.94,0.34,0.01
1784152707.7287,14:58:27.728,0.96,0.28,0.02
1784152708.229,14:58:28.229,0.96,0.28,0.03
1784152708.7294,14:58:28.729,0.96,0.28,0.02
1784152709.2291,14:58:29.229,0.95,0.30,0.00
1784152709.7293,14:58:29.729,0.95,0.31,0.01
1784152710.2292,14:58:30.229,0.95,0.30,0.02
1784152710.7281,14:58:30.728,0.96,0.29,-0.03
1784152711.2283,14:58:31.228,0.96,0.27,-0.01
1784152711.7284,14:58:31.728,0.96,0.28,0.01
1784152712.2278,14:58:32.227,0.95,0.32,0.00
1784152712.7277,14:58:32.727,0.92,0.39,-0.06
1784152713.2274,14:58:33.227,0.90,0.43,-0.08
1784152713.7269,14:58:33.726,0.90,0.43,-0.07
1784152714.2267,14:58:34.226,0.91,0.41,-0.05
1784152714.7268,14:58:34.726,0.92,0.40,-0.04
1784152715.2266,14:58:35.226,0.91,0.41,-0.04
1784152715.7265,14:58:35.726,0.90,0.43,-0.07
1784152716.2263,14:58:36.226,0.89,0.45,-0.07
1784152716.7262,14:58:36.726,0.89,0.45,-0.07
1784152717.2258,14:58:37.225,0.90,0.43,-0.05
1784152717.7258,14:58:37.725,0.90,0.44,-0.04
1784152718.2255,14:58:38.225,0.88,0.47,-0.07
1784152718.7251,14:58:38.725,0.85,0.52,-0.13
1784152719.2254,14:58:39.225,0.83,0.53,-0.15
1784152719.7254,14:58:39.725,0.83,0.53,-0.19
1784152720.2251,14:58:40.225,0.83,0.53,-0.19
1784152720.7255,14:58:40.725,0.84,0.52,-0.16
1784152721.2252,14:58:41.225,0.86,0.50,-0.11
1784152721.7248,14:58:41.724,0.86,0.51,-0.09
1784152722.2251,14:58:42.225,0.86,0.51,-0.09
1784152722.7251,14:58:42.725,0.83,0.54,-0.13
1784152723.2241,14:58:43.224,0.83,0.53,-0.15
1784152723.7238,14:58:43.723,0.84,0.52,-0.15
1784152724.2236,14:58:44.223,0.93,0.37,-0.02
1784152724.7233,14:58:44.723,0.97,0.22,0.09
1784152725.2235,14:58:45.223,0.98,0.19,0.08
1784152725.7238,14:58:45.723,0.98,0.18,0.09
1784152726.223,14:58:46.223,0.98,0.17,0.10
1784152726.7231,14:58:46.723,0.98,0.14,0.10
1784152727.2227,14:58:47.222,0.98,0.16,0.11
1784152727.722,14:58:47.722,0.96,0.27,0.04
1784152728.2224,14:58:48.222,0.91,0.41,-0.08
1784152728.7227,14:58:48.722,0.87,0.47,-0.13
1784152729.222,14:58:49.222,0.87,0.47,-0.13
1784152729.722,14:58:49.722,0.87,0.48,-0.13
1784152730.2221,14:58:50.222,0.87,0.48,-0.12
1784152730.7215,14:58:50.721,0.86,0.50,-0.12
1784152731.2213,14:58:51.221,0.84,0.54,-0.10
1784152731.7211,14:58:51.721,0.84,0.54,-0.10
1784152732.2208,14:58:52.220,0.84,0.54,-0.09
1784152732.7202,14:58:52.720,0.84,0.53,-0.11
1784152733.2205,14:58:53.220,0.86,0.50,-0.10
1784152733.7203,14:58:53.720,0.87,0.48,-0.09
1784152734.2198,14:58:54.219,0.88,0.47,-0.04
1784152734.7198,14:58:54.719,0.88,0.48,-0.05
1784152735.2194,14:58:55.219,0.87,0.49,-0.05
1784152735.7191,14:58:55.719,0.86,0.51,-0.05
1784152736.2197,14:58:56.219,0.86,0.51,-0.06
1784152736.7198,14:58:56.719,0.86,0.50,-0.08
1784152737.2194,14:58:57.219,0.87,0.49,-0.09
1784152737.7193,14:58:57.719,0.87,0.49,-0.10
1784152738.2197,14:58:58.219,0.88,0.47,-0.09
1784152738.719,14:58:58.719,0.94,0.35,0.02
1784152739.2188,14:58:59.218,0.97,0.24,0.09
1784152739.7193,14:58:59.719,0.97,0.24,0.08
1784152740.2189,14:59:00.218,0.95,0.32,0.01
1784152740.7191,14:59:00.719,0.92,0.39,-0.01
1784152741.2192,14:59:01.219,0.89,0.46,-0.06
1784152741.7186,14:59:01.718,0.88,0.47,-0.05
1784152742.2181,14:59:02.218,0.86,0.50,-0.06
1784152742.7183,14:59:02.718,0.85,0.52,-0.07
1784152743.218,14:59:03.218,0.82,0.57,-0.12
1784152743.7175,14:59:03.717,0.81,0.57,-0.12
1784152744.218,14:59:04.218,0.81,0.57,-0.12
1784152744.7178,14:59:04.717,0.81,0.58,-0.11
1784152745.2173,14:59:05.217,0.81,0.58,-0.12
1784152745.7173,14:59:05.717,0.81,0.57,-0.11
1784152746.2166,14:59:06.216,0.80,0.58,-0.15
1784152746.7162,14:59:06.716,0.81,0.57,-0.16
1784152747.2166,14:59:07.216,0.78,0.60,-0.18
1784152747.7167,14:59:07.716,0.77,0.62,-0.17
1784152748.2159,14:59:08.215,0.77,0.62,-0.15
1784152748.7162,14:59:08.716,0.77,0.62,-0.15
1784152749.2162,14:59:09.216,0.81,0.58,-0.11
1784152749.7155,14:59:09.715,0.80,0.59,-0.12
1784152750.2159,14:59:10.215,0.78,0.61,-0.15
1784152750.7162,14:59:10.716,0.76,0.61,-0.21
1784152751.2152,14:59:11.215,0.77,0.59,-0.23
1784152751.7157,14:59:11.715,0.77,0.59,-0.23
1784152752.2159,14:59:12.215,0.77,0.59,-0.23
1784152752.7157,14:59:12.715,0.75,0.62,-0.23
1784152753.2158,14:59:13.215,0.75,0.62,-0.21
1784152753.7156,14:59:13.715,0.79,0.58,-0.18
1784152754.2151,14:59:14.215,0.80,0.58,-0.16
1784152754.7153,14:59:14.715,0.82,0.55,-0.15
1784152755.215,14:59:15.215,0.87,0.49,-0.10
1784152755.7142,14:59:15.714,0.88,0.47,-0.12
1784152756.2141,14:59:16.214,0.88,0.46,-0.14
1784152756.7137,14:59:16.713,0.84,0.50,-0.20
1784152757.2132,14:59:17.213,0.85,0.49,-0.21
1784152757.7132,14:59:17.713,0.84,0.50,-0.20
1784152758.2135,14:59:18.213,0.86,0.47,-0.17
1784152758.7132,14:59:18.713,0.90,0.42,-0.11
1784152759.2128,14:59:19.212,0.91,0.40,-0.11
1784152759.7129,14:59:19.712,0.92,0.39,-0.11
1784152760.2129,14:59:20.212,0.92,0.38,-0.11
1784152760.7126,14:59:20.712,0.91,0.39,-0.10
1784152761.2124,14:59:21.212,0.86,0.48,-0.17
1784152761.7123,14:59:21.712,0.86,0.47,-0.21
1784152762.2117,14:59:22.211,0.83,0.49,-0.25
1784152762.7115,14:59:22.711,0.82,0.50,-0.26
1784152763.2111,14:59:23.211,0.83,0.52,-0.22
1784152763.7108,14:59:23.710,0.87,0.48,-0.14
1784152764.2112,14:59:24.211,0.92,0.39,-0.06
1784152764.7105,14:59:24.710,0.92,0.40,-0.05
1784152765.2101,14:59:25.210,0.90,0.44,-0.08
1784152765.7101,14:59:25.710,0.89,0.45,-0.09
1784152766.2099,14:59:26.209,0.89,0.45,-0.09
1784152766.7093,14:59:26.709,0.88,0.47,-0.12
1784152767.21,14:59:27.210,0.88,0.46,-0.12
1784152767.7098,14:59:27.709,0.88,0.46,-0.12
1784152768.2095,14:59:28.209,0.87,0.47,-0.12
1784152768.7099,14:59:28.709,0.88,0.46,-0.08
1784152769.21,14:59:29.210,0.88,0.47,-0.07
1784152769.7096,14:59:29.709,0.88,0.47,-0.06
1784152770.2095,14:59:30.209,0.84,0.53,-0.09
1784152770.7097,14:59:30.709,0.81,0.57,-0.13
1784152771.2089,14:59:31.208,0.81,0.57,-0.14
1784152771.7088,14:59:31.708,0.81,0.57,-0.14
1784152772.2086,14:59:32.208,0.81,0.57,-0.12
1784152772.7083,14:59:32.708,0.82,0.56,-0.13
1784152773.2079,14:59:33.207,0.82,0.56,-0.14
1784152773.708,14:59:33.708,0.81,0.56,-0.17
1784152774.2076,14:59:34.207,0.81,0.56,-0.19
1784152774.7073,14:59:34.707,0.81,0.56,-0.19
1784152775.2075,14:59:35.207,0.82,0.55,-0.14
1784152775.7072,14:59:35.707,0.88,0.47,-0.07
1784152776.2072,14:59:36.207,0.88,0.47,-0.06
1784152776.7071,14:59:36.707,0.89,0.46,-0.06
1784152777.2071,14:59:37.207,0.84,0.54,-0.10
1784152777.7063,14:59:37.706,0.84,0.54,-0.10
1784152778.2068,14:59:38.206,0.86,0.50,-0.08
1784152778.7066,14:59:38.706,0.87,0.49,-0.09
1784152779.2061,14:59:39.206,0.87,0.49,-0.09
1784152779.7065,14:59:39.706,0.84,0.53,-0.11
1784152780.2066,14:59:40.206,0.82,0.55,-0.13
1784152780.7062,14:59:40.706,0.83,0.55,-0.13
1784152781.2065,14:59:41.206,0.85,0.52,-0.12
1784152781.7059,14:59:41.705,0.86,0.50,-0.12
1784152782.2058,14:59:42.205,0.83,0.54,-0.15
1784152782.706,14:59:42.706,0.81,0.57,-0.16
1784152783.2059,14:59:43.205,0.80,0.58,-0.15
1784152783.7052,14:59:43.705,0.80,0.58,-0.15
1784152784.2054,14:59:44.205,0.81,0.57,-0.15
1784152784.7053,14:59:44.705,0.81,0.56,-0.15
1784152785.2043,14:59:45.204,0.82,0.55,-0.16
1784152785.7046,14:59:45.704,0.83,0.53,-0.16
1784152786.2048,14:59:46.204,0.84,0.51,-0.20
1784152786.7047,14:59:46.704,0.84,0.50,-0.22
1784152787.2045,14:59:47.204,0.86,0.48,-0.19
1784152787.705,14:59:47.705,0.91,0.40,-0.10
1784152788.204,14:59:48.204,0.92,0.39,-0.09
1784152788.7037,14:59:48.703,0.92,0.38,-0.08
1784152789.2039,14:59:49.203,0.93,0.36,-0.06
1784152789.7034,14:59:49.703,0.94,0.33,-0.05
1784152790.2031,14:59:50.203,0.94,0.33,-0.03
1784152790.7033,14:59:50.703,0.94,0.34,-0.02
1784152791.2026,14:59:51.202,0.98,0.13,0.17
1784152791.7026,14:59:51.702,0.93,0.37,-0.02
1784152792.2026,14:59:52.202,0.92,0.38,-0.02
1784152792.7019,14:59:52.701,0.92,0.39,-0.01
1784152793.2018,14:59:53.201,0.89,0.45,-0.08
1784152793.7022,14:59:53.702,0.85,0.52,-0.13
1784152794.2019,14:59:54.201,0.82,0.55,-0.14
1784152794.7015,14:59:54.701,0.82,0.55,-0.13
1784152795.202,14:59:55.202,0.80,0.58,-0.15
1784152795.7012,14:59:55.701,0.80,0.58,-0.16
1784152796.2006,14:59:56.200,0.80,0.58,-0.16
1784152796.7013,14:59:56.701,0.81,0.57,-0.13
1784152797.201,14:59:57.201,0.81,0.58,-0.13
1784152797.7011,14:59:57.701,0.81,0.57,-0.13
1784152798.2013,14:59:58.201,0.81,0.57,-0.13
1784152798.7012,14:59:58.701,0.81,0.57,-0.15
1784152799.2004,14:59:59.200,0.79,0.59,-0.14
1784152799.7007,14:59:59.700,0.81,0.58,-0.12
1784152800.2005,15:00:00.200,0.81,0.57,-0.13
1784152800.7,15:00:00.700,0.81,0.57,-0.14
1784152801.2,15:00:01.200,0.80,0.58,-0.15
1784152801.6999,15:00:01.699,0.79,0.59,-0.16
1784152802.1991,15:00:02.199,0.78,0.60,-0.16
1784152802.6989,15:00:02.698,0.79,0.59,-0.13
1784152803.1994,15:00:03.199,0.84,0.54,-0.09
1784152803.6989,15:00:03.698,0.90,0.43,-0.03
1784152804.1984,15:00:04.198,0.90,0.43,-0.08
1784152804.6987,15:00:04.698,0.94,0.34,-0.05
1784152805.198,15:00:05.198,0.95,0.30,-0.02
1784152805.698,15:00:05.698,0.95,0.30,0.01
1784152806.198,15:00:06.198,0.94,0.34,-0.03
1784152806.6972,15:00:06.697,0.91,0.41,-0.08
1784152807.1975,15:00:07.197,0.88,0.46,-0.07
1784152807.6975,15:00:07.697,0.88,0.48,-0.08
1784152808.1971,15:00:08.197,0.87,0.49,-0.08
1784152808.697,15:00:08.697,0.86,0.50,-0.08
1784152809.197,15:00:09.197,0.86,0.50,-0.09
1784152809.6967,15:00:09.696,0.88,0.47,-0.08
1784152810.1971,15:00:10.197,0.89,0.45,-0.06
1784152810.697,15:00:10.697,0.89,0.45,-0.05
1784152811.197,15:00:11.197,0.89,0.46,-0.06
1784152811.6969,15:00:11.696,0.85,0.52,-0.10
1784152812.1965,15:00:12.196,0.84,0.53,-0.09
1784152812.6964,15:00:12.696,0.84,0.54,-0.09
1784152813.1954,15:00:13.195,0.84,0.54,-0.10
1784152813.6955,15:00:13.695,0.84,0.54,-0.11
1784152814.1957,15:00:14.195,0.82,0.56,-0.12
1784152814.6949,15:00:14.694,0.82,0.56,-0.13
1784152815.195,15:00:15.195,0.78,0.60,-0.16
1784152815.695,15:00:15.695,0.77,0.61,-0.17
1784152816.1945,15:00:16.194,0.77,0.61,-0.17
1784152816.6943,15:00:16.694,0.79,0.60,-0.15
1784152817.1942,15:00:17.194,0.79,0.60,-0.12
1784152817.6934,15:00:17.693,0.79,0.60,-0.12
1784152818.1943,15:00:18.194,0.79,0.60,-0.12
1784152818.6943,15:00:18.694,0.80,0.60,-0.10
1784152819.1938,15:00:19.193,0.80,0.59,-0.10
1784152819.6938,15:00:19.693,0.80,0.59,-0.10
1784152820.1937,15:00:20.193,0.81,0.58,-0.10
1784152820.6929,15:00:20.692,0.82,0.57,-0.10
1784152821.1929,15:00:21.192,0.83,0.55,-0.11
1784152821.6932,15:00:21.693,0.86,0.50,-0.09
1784152822.1928,15:00:22.192,0.92,0.40,-0.02
1784152822.6927,15:00:22.692,0.93,0.36,-0.02
1784152823.1927,15:00:23.192,0.93,0.35,0.00
1784152823.6925,15:00:23.692,0.93,0.36,0.00
1784152824.1921,15:00:24.192,0.93,0.36,0.01
1784152824.692,15:00:24.692,0.95,0.32,0.01
1784152825.1916,15:00:25.191,0.94,0.33,-0.01
1784152825.6915,15:00:25.691,0.94,0.34,-0.01
1784152826.1915,15:00:26.191,0.90,0.42,-0.06
1784152826.6912,15:00:26.691,0.90,0.43,-0.06
1784152827.191,15:00:27.191,0.89,0.45,-0.11
1784152827.6914,15:00:27.691,0.88,0.47,-0.13
1784152828.1915,15:00:28.191,0.80,0.57,-0.21
1784152828.6911,15:00:28.691,0.74,0.63,-0.24
1784152829.1912,15:00:29.191,0.76,0.62,-0.23
1784152829.6916,15:00:29.691,0.77,0.60,-0.21
1784152830.1911,15:00:30.191,0.78,0.59,-0.21
1784152830.6911,15:00:30.691,0.78,0.58,-0.23
1784152831.1909,15:00:31.190,0.79,0.56,-0.25
1784152831.6901,15:00:31.690,0.80,0.55,-0.24
1784152832.1898,15:00:32.189,0.83,0.51,-0.21
1784152832.6902,15:00:32.690,0.87,0.47,-0.14
1784152833.1897,15:00:33.189,0.88,0.46,-0.11
1784152833.6899,15:00:33.689,0.88,0.46,-0.10
1784152834.1897,15:00:34.189,0.89,0.45,-0.07
1784152834.6889,15:00:34.688,0.90,0.44,-0.05
1784152835.1892,15:00:35.189,0.92,0.39,-0.02
1784152835.6894,15:00:35.689,0.93,0.36,-0.02
1784152836.189,15:00:36.189,0.93,0.36,-0.03
1784152836.6889,15:00:36.688,0.94,0.35,-0.05
1784152837.1887,15:00:37.188,0.94,0.34,-0.06
1784152837.688,15:00:37.688,0.97,0.25,0.01
1784152838.1878,15:00:38.187,0.98,0.16,0.08
1784152838.6879,15:00:38.687,0.98,0.16,0.08
1784152839.1871,15:00:39.187,0.98,0.18,0.07
1784152839.687,15:00:39.687,0.98,0.18,0.07
1784152840.1868,15:00:40.186,0.98,0.16,0.12
1784152840.6868,15:00:40.686,0.98,0.17,0.12
1784152841.1868,15:00:41.186,0.97,0.23,0.07
1784152841.6873,15:00:41.687,0.97,0.23,0.07
1784152842.1873,15:00:42.187,0.97,0.23,0.09
1784152842.6871,15:00:42.687,0.95,0.30,0.02
1784152843.1868,15:00:43.186,0.93,0.36,-0.04
1784152843.6864,15:00:43.686,0.90,0.43,-0.09
1784152844.186,15:00:44.186,0.86,0.49,-0.14
1784152844.6863,15:00:44.686,0.85,0.51,-0.14
1784152845.186,15:00:45.186,0.84,0.52,-0.15
1784152845.6854,15:00:45.685,0.82,0.55,-0.15
1784152846.1859,15:00:46.185,0.82,0.55,-0.13
1784152846.6852,15:00:46.685,0.86,0.51,-0.09
1784152847.1845,15:00:47.184,0.88,0.46,-0.06
1784152847.6845,15:00:47.684,0.89,0.46,-0.06
1784152848.1848,15:00:48.184,0.89,0.45,-0.03
1784152848.684,15:00:48.684,0.89,0.45,-0.03
1784152849.1842,15:00:49.184,0.87,0.49,-0.05
1784152849.6847,15:00:49.684,0.84,0.54,-0.08
1784152850.1839,15:00:50.183,0.83,0.55,-0.10
1784152850.6838,15:00:50.683,0.81,0.58,-0.13
1784152851.1838,15:00:51.183,0.80,0.59,-0.13
1784152851.6835,15:00:51.683,0.79,0.59,-0.14
1784152852.1837,15:00:52.183,0.79,0.60,-0.15
1784152852.6838,15:00:52.683,0.80,0.58,-0.13
1784152853.183,15:00:53.183,0.81,0.58,-0.12
1784152853.6827,15:00:53.682,0.81,0.57,-0.12
1784152854.183,15:00:54.183,0.81,0.57,-0.14
1784152854.6825,15:00:54.682,0.81,0.57,-0.14
1784152855.1819,15:00:55.181,0.82,0.56,-0.12
1784152855.6819,15:00:55.681,0.82,0.56,-0.12
1784152856.1818,15:00:56.181,0.81,0.57,-0.11
1784152856.6816,15:00:56.681,0.80,0.59,-0.14
1784152857.1821,15:00:57.182,0.79,0.59,-0.14
1784152857.6815,15:00:57.681,0.79,0.60,-0.14
1784152858.1816,15:00:58.181,0.79,0.60,-0.14
1784152858.682,15:00:58.682,0.79,0.59,-0.14
1784152859.1819,15:00:59.181,0.83,0.55,-0.11
1784152859.6813,15:00:59.681,0.86,0.51,-0.09
1784152860.1816,15:01:00.181,0.89,0.44,-0.07
1784152860.6814,15:01:00.681,0.94,0.34,0.01
1784152861.1813,15:01:01.181,0.94,0.34,0.03
1784152861.6813,15:01:01.681,0.94,0.35,0.01
1784152862.1811,15:01:02.181,0.98,0.20,0.08
1784152862.6806,15:01:02.680,0.99,0.11,0.13
1784152863.1806,15:01:03.180,0.99,0.02,0.16
1784152863.6805,15:01:03.680,0.99,0.01,0.16
1784152864.18,15:01:04.180,0.99,0.09,0.10
1784152864.6801,15:01:04.680,0.97,0.23,-0.01
1784152865.1801,15:01:05.180,0.93,0.35,-0.08
1784152865.6792,15:01:05.679,0.92,0.39,-0.08
1784152866.1789,15:01:06.178,0.89,0.44,-0.13
1784152866.6796,15:01:06.679,0.89,0.44,-0.13
1784152867.1788,15:01:07.178,0.87,0.47,-0.15
1784152867.6783,15:01:07.678,0.87,0.47,-0.15
1784152868.1789,15:01:08.178,0.82,0.53,-0.22
1784152868.6784,15:01:08.678,0.81,0.54,-0.23
1784152869.178,15:01:09.178,0.81,0.55,-0.21
1784152869.6784,15:01:09.678,0.86,0.48,-0.13
1784152870.1783,15:01:10.178,0.89,0.44,-0.08
1784152870.6781,15:01:10.678,0.93,0.38,-0.03
1784152871.1778,15:01:11.177,0.93,0.36,-0.03
1784152871.6774,15:01:11.677,0.93,0.36,-0.03
1784152872.1771,15:01:12.177,0.96,0.29,0.03
1784152872.6772,15:01:12.677,0.96,0.28,0.06
1784152873.1771,15:01:13.177,0.92,0.38,0.03
1784152873.6765,15:01:13.676,0.89,0.45,-0.02
1784152874.1768,15:01:14.176,0.86,0.51,-0.06
1784152874.6765,15:01:14.676,0.84,0.54,-0.09
1784152875.176,15:01:15.176,0.84,0.53,-0.10
1784152875.6758,15:01:15.675,0.89,0.46,-0.05
1784152876.1758,15:01:16.175,0.92,0.40,-0.01
1784152876.6757,15:01:16.675,0.95,0.29,0.07
1784152877.176,15:01:17.176,0.96,0.27,0.09
1784152877.6763,15:01:17.676,0.96,0.26,0.09
1784152878.1753,15:01:18.175,0.96,0.27,0.08
1784152878.6752,15:01:18.675,0.95,0.30,0.04
1784152879.175,15:01:19.175,0.94,0.33,0.00
1784152879.6745,15:01:19.674,0.93,0.37,0.00
1784152880.1745,15:01:20.174,0.91,0.42,-0.04
1784152880.6746,15:01:20.674,0.87,0.48,-0.08
1784152881.1744,15:01:21.174,0.85,0.51,-0.10
1784152881.6743,15:01:21.674,0.84,0.53,-0.11
1784152882.1747,15:01:22.174,0.86,0.51,-0.10
1784152882.6739,15:01:22.673,0.87,0.48,-0.08
1784152883.1742,15:01:23.174,0.87,0.48,-0.07
1784152883.674,15:01:23.674,0.85,0.52,-0.08
1784152884.1735,15:01:24.173,0.80,0.58,-0.14
1784152884.6737,15:01:24.673,0.80,0.58,-0.14
1784152885.1738,15:01:25.173,0.82,0.56,-0.12
1784152885.6728,15:01:25.672,0.86,0.51,-0.08
1784152886.1729,15:01:26.172,0.85,0.52,-0.09
1784152886.6727,15:01:26.672,0.85,0.52,-0.09
1784152887.1722,15:01:27.172,0.85,0.52,-0.09
1784152887.6718,15:01:27.671,0.84,0.54,-0.10
1784152888.172,15:01:28.172,0.84,0.54,-0.10
1784152888.6719,15:01:28.671,0.81,0.57,-0.12
1784152889.1717,15:01:29.171,0.80,0.59,-0.12
1784152889.6722,15:01:29.672,0.80,0.59,-0.12
1784152890.172,15:01:30.172,0.80,0.59,-0.12
1784152890.6715,15:01:30.671,0.81,0.58,-0.13
1784152891.1715,15:01:31.171,0.82,0.56,-0.13
1784152891.6714,15:01:31.671,0.83,0.54,-0.13
1784152892.171,15:01:32.171,0.88,0.47,-0.10
1784152892.6711,15:01:32.671,0.95,0.32,-0.03
1784152893.1707,15:01:33.170,0.96,0.29,-0.04
1784152893.6702,15:01:33.670,0.96,0.28,-0.03
1784152894.1702,15:01:34.170,0.97,0.23,0.00
1784152894.6699,15:01:34.669,0.99,0.15,0.05
1784152895.1691,15:01:35.169,0.99,0.07,0.12
1784152895.6695,15:01:35.669,0.99,0.08,0.13
1784152896.1698,15:01:36.169,0.99,0.07,0.13
1784152896.6691,15:01:36.669,0.99,0.07,0.13
1784152897.1689,15:01:37.168,0.99,0.10,0.12
1784152897.6693,15:01:37.669,0.98,0.18,0.09
1784152898.1694,15:01:38.169,0.97,0.26,0.04
1784152898.6689,15:01:38.668,0.95,0.32,0.00
1784152899.1692,15:01:39.169,0.94,0.35,-0.02
1784152899.6688,15:01:39.668,0.93,0.36,-0.06
1784152900.1687,15:01:40.168,0.93,0.35,-0.07
1784152900.6689,15:01:40.668,0.94,0.35,-0.06
1784152901.1688,15:01:41.168,0.94,0.34,-0.04
1784152901.6686,15:01:41.668,0.95,0.31,0.00
1784152902.1686,15:01:42.168,0.96,0.27,0.00
1784152902.6685,15:01:42.668,0.99,0.16,0.04
1784152903.1681,15:01:43.168,0.99,0.03,0.12
1784152903.6686,15:01:43.668,0.99,0.03,0.12
1784152904.1682,15:01:44.168,0.99,0.13,0.11
1784152904.6679,15:01:44.667,0.97,0.22,0.07
1784152905.1681,15:01:45.168,0.92,0.38,-0.06
1784152905.6676,15:01:45.667,0.86,0.48,-0.14
1784152906.1672,15:01:46.167,0.86,0.49,-0.14
1784152906.6675,15:01:46.667,0.85,0.50,-0.14
1784152907.167,15:01:47.167,0.88,0.46,-0.11
1784152907.6663,15:01:47.666,0.89,0.45,-0.11
1784152908.1665,15:01:48.166,0.90,0.42,-0.09
1784152908.6662,15:01:48.666,0.91,0.41,-0.08
1784152909.166,15:01:49.166,0.92,0.39,-0.06
1784152909.6661,15:01:49.666,0.91,0.40,-0.09
1784152910.1657,15:01:50.165,0.90,0.42,-0.10
1784152910.6653,15:01:50.665,0.89,0.44,-0.12
1784152911.1652,15:01:51.165,0.88,0.46,-0.14
1784152911.6651,15:01:51.665,0.88,0.46,-0.14
1784152912.165,15:01:52.165,0.93,0.37,-0.07
1784152912.6646,15:01:52.664,0.95,0.30,-0.01
1784152913.1649,15:01:53.164,0.97,0.24,0.03
1784152913.6643,15:01:53.664,0.97,0.24,0.04
1784152914.1644,15:01:54.164,0.96,0.29,0.04
1784152914.6644,15:01:54.664,0.96,0.28,0.03
1784152915.1637,15:01:55.163,0.96,0.29,0.00
1784152915.6639,15:01:55.663,0.92,0.38,-0.06
1784152916.1636,15:01:56.163,0.91,0.41,-0.08
1784152916.6631,15:01:56.663,0.88,0.46,-0.12
1784152917.1632,15:01:57.163,0.85,0.50,-0.13
1784152917.6634,15:01:57.663,0.85,0.50,-0.12
1784152918.1634,15:01:58.163,0.88,0.46,-0.08
1784152918.6631,15:01:58.663,0.88,0.46,-0.08
1784152919.1633,15:01:59.163,0.87,0.49,-0.10
1784152919.6628,15:01:59.662,0.86,0.49,-0.12
1784152920.1624,15:02:00.162,0.85,0.50,-0.13
1784152920.6625,15:02:00.662,0.85,0.51,-0.12
1784152921.1623,15:02:01.162,0.85,0.52,-0.11
1784152921.6616,15:02:01.661,0.87,0.49,-0.07
1784152922.1618,15:02:02.161,0.87,0.49,-0.07
1784152922.6613,15:02:02.661,0.92,0.40,0.01
1784152923.1606,15:02:03.160,0.92,0.38,0.03
1784152923.6609,15:02:03.660,0.92,0.39,0.04
1784152924.1605,15:02:04.160,0.88,0.47,-0.01
1784152924.6596,15:02:04.659,0.87,0.48,-0.04
1784152925.1596,15:02:05.159,0.86,0.51,-0.08
1784152925.6594,15:02:05.659,0.80,0.57,-0.16
1784152926.1587,15:02:06.158,0.79,0.58,-0.20
1784152926.6591,15:02:06.659,0.79,0.57,-0.24
1784152927.1596,15:02:07.159,0.79,0.55,-0.28
1784152927.6594,15:02:07.659,0.85,0.47,-0.25
1784152928.1597,15:02:08.159,0.90,0.39,-0.20
1784152928.6597,15:02:08.659,0.96,0.24,-0.10
1784152929.1592,15:02:09.159,1.00,0.10,0.00
1784152929.6592,15:02:09.659,0.99,-0.03,0.12
1784152930.1589,15:02:10.158,0.99,-0.02,0.13
1784152930.6585,15:02:10.658,1.00,0.07,0.06
1784152931.1585,15:02:11.158,0.98,0.17,-0.05
1784152931.6592,15:02:11.659,0.97,0.19,-0.14
1784152932.1588,15:02:12.158,0.96,0.22,-0.16
1784152932.6589,15:02:12.658,0.94,0.27,-0.22
1784152933.1593,15:02:13.159,0.94,0.27,-0.21
1784152933.6588,15:02:13.658,0.97,0.20,-0.13
1784152934.1586,15:02:14.158,0.99,0.13,-0.05
1784152934.6589,15:02:14.658,1.00,0.08,0.02
1784152935.1583,15:02:15.158,1.00,0.08,0.05
1784152935.6582,15:02:15.658,0.99,0.11,0.06
1784152936.1582,15:02:16.158,0.99,0.13,0.04
1784152936.6577,15:02:16.657,0.98,0.21,-0.02
1784152937.1569,15:02:17.156,0.95,0.29,-0.09
1784152937.6568,15:02:17.656,0.92,0.37,-0.15
1784152938.1566,15:02:18.156,0.85,0.47,-0.23
1784152938.6562,15:02:18.656,0.80,0.52,-0.30
1784152939.1564,15:02:19.156,0.76,0.57,-0.31
1784152939.6566,15:02:19.656,0.76,0.59,-0.28
1784152940.1557,15:02:20.155,0.77,0.58,-0.27
1784152940.6561,15:02:20.656,0.82,0.54,-0.21
1784152941.1556,15:02:21.155,0.86,0.49,-0.13
1784152941.6552,15:02:21.655,0.86,0.49,-0.12
1784152942.1557,15:02:22.155,0.87,0.48,-0.12
1784152942.6557,15:02:22.655,0.86,0.49,-0.12
1784152943.1556,15:02:23.155,0.85,0.50,-0.14
1784152943.6556,15:02:23.655,0.81,0.56,-0.18
1784152944.1559,15:02:24.155,0.82,0.55,-0.18
1784152944.6553,15:02:24.655,0.81,0.55,-0.20
1784152945.1552,15:02:25.155,0.76,0.60,-0.25
1784152945.655,15:02:25.655,0.74,0.62,-0.26
1784152946.1544,15:02:26.154,0.75,0.62,-0.24
1784152946.6545,15:02:26.654,0.75,0.63,-0.22
1784152947.1543,15:02:27.154,0.72,0.66,-0.22
1784152947.654,15:02:27.654,0.69,0.68,-0.25
1784152948.1538,15:02:28.153,0.69,0.68,-0.25
1784152948.6539,15:02:28.653,0.75,0.64,-0.18
1784152949.1535,15:02:29.153,0.84,0.53,-0.11
1784152949.653,15:02:29.653,0.87,0.48,-0.08
1784152950.1534,15:02:30.153,0.91,0.41,-0.05
1784152950.6529,15:02:30.652,0.94,0.34,-0.02
1784152951.1525,15:02:31.152,0.95,0.32,0.00
1784152951.6526,15:02:31.652,0.95,0.32,-0.01
1784152952.1521,15:02:32.152,0.92,0.38,-0.05
1784152952.6516,15:02:32.651,0.88,0.47,-0.12
1784152953.1516,15:02:33.151,0.86,0.48,-0.16
1784152953.6512,15:02:33.651,0.86,0.48,-0.16
1784152954.1508,15:02:34.150,0.87,0.48,-0.15
1784152954.6512,15:02:34.651,0.86,0.49,-0.13
1784152955.1511,15:02:35.151,0.88,0.47,-0.10
1784152955.6509,15:02:35.650,0.89,0.45,-0.09
1784152956.1512,15:02:36.151,0.90,0.43,-0.07
1784152956.6506,15:02:36.650,0.91,0.40,-0.05
1784152957.1505,15:02:37.150,0.92,0.38,-0.03
1784152957.6507,15:02:37.650,0.94,0.34,-0.03
1784152958.1506,15:02:38.150,0.98,0.18,0.09
1784152958.6502,15:02:38.650,0.98,0.18,0.09
1784152959.1503,15:02:39.150,0.97,0.25,0.05
1784152959.6503,15:02:39.650,0.95,0.30,0.01
1784152960.1496,15:02:40.149,0.93,0.37,-0.03
1784152960.6496,15:02:40.649,0.91,0.41,-0.04
1784152961.1498,15:02:41.149,0.88,0.46,-0.07
1784152961.6495,15:02:41.649,0.85,0.51,-0.10
1784152962.1495,15:02:42.149,0.85,0.52,-0.11
1784152962.65,15:02:42.650,0.85,0.52,-0.10
1784152963.149,15:02:43.149,0.84,0.53,-0.10
1784152963.6489,15:02:43.648,0.84,0.54,-0.09
1784152964.1487,15:02:44.148,0.80,0.58,-0.12
1784152964.6478,15:02:44.647,0.79,0.60,-0.12
1784152965.1472,15:02:45.147,0.80,0.59,-0.11
1784152965.6475,15:02:45.647,0.81,0.57,-0.09
1784152966.1471,15:02:46.147,0.82,0.57,-0.09
1784152966.6468,15:02:46.646,0.82,0.56,-0.08
1784152967.1474,15:02:47.147,0.83,0.55,-0.07
1784152967.6472,15:02:47.647,0.84,0.53,-0.05
1784152968.1467,15:02:48.146,0.87,0.48,-0.01
1784152968.6471,15:02:48.647,0.88,0.48,-0.02
1784152969.1467,15:02:49.146,0.86,0.51,-0.07
1784152969.6461,15:02:49.646,0.83,0.54,-0.11
1784152970.1466,15:02:50.146,0.84,0.53,-0.12
1784152970.6462,15:02:50.646,0.85,0.51,-0.12
1784152971.1457,15:02:51.145,0.86,0.50,-0.12
1784152971.6457,15:02:51.645,0.86,0.50,-0.11
1784152972.1456,15:02:52.145,0.86,0.49,-0.12
1784152972.6456,15:02:52.645,0.84,0.52,-0.15
1784152973.1453,15:02:53.145,0.80,0.56,-0.21
1784152973.6451,15:02:53.645,0.80,0.55,-0.23
1784152974.1448,15:02:54.144,0.82,0.53,-0.21
1784152974.6448,15:02:54.644,0.90,0.42,-0.12
1784152975.1452,15:02:55.145,0.95,0.31,-0.04
1784152975.6445,15:02:55.644,0.98,0.18,0.04
1784152976.1443,15:02:56.144,0.99,0.12,0.09
1784152976.6447,15:02:56.644,0.99,0.12,0.10
1784152977.1443,15:02:57.144,0.98,0.21,0.06
1784152977.6444,15:02:57.644,0.94,0.33,-0.02
1784152978.1442,15:02:58.144,0.98,0.17,0.12
1784152978.6439,15:02:58.643,0.97,0.21,0.11
1784152979.1437,15:02:59.143,0.86,0.49,-0.11
1784152979.6442,15:02:59.644,0.86,0.49,-0.12
1784152980.1436,15:03:00.143,0.86,0.49,-0.14
1784152980.6435,15:03:00.643,0.86,0.49,-0.15
1784152981.1435,15:03:01.143,0.87,0.48,-0.13
1784152981.643,15:03:01.643,0.89,0.44,-0.08
1784152982.1426,15:03:02.142,0.90,0.42,-0.07
1784152982.6426,15:03:02.642,0.90,0.43,-0.07
1784152983.1425,15:03:03.142,0.91,0.42,-0.06
1784152983.6421,15:03:03.642,0.90,0.43,-0.06
1784152984.1423,15:03:04.142,0.88,0.47,-0.10
1784152984.6421,15:03:04.642,0.82,0.54,-0.17
1784152985.1418,15:03:05.141,0.80,0.58,-0.17
1784152985.642,15:03:05.642,0.79,0.59,-0.17
1784152986.1419,15:03:06.141,0.79,0.60,-0.16
1784152986.6413,15:03:06.641,0.78,0.61,-0.16
1784152987.1418,15:03:07.141,0.77,0.62,-0.17
1784152987.6414,15:03:07.641,0.77,0.62,-0.17
1784152988.1409,15:03:08.140,0.76,0.63,-0.17
1784152988.6405,15:03:08.640,0.79,0.60,-0.15
1784152989.1406,15:03:09.140,0.79,0.60,-0.15
1784152989.6398,15:03:09.639,0.78,0.62,-0.14
1784152990.1396,15:03:10.139,0.77,0.62,-0.13
1784152990.6399,15:03:10.639,0.77,0.63,-0.12
1784152991.1397,15:03:11.139,0.77,0.63,-0.12
1784152991.6398,15:03:11.639,0.74,0.65,-0.16
1784152992.1398,15:03:12.139,0.72,0.67,-0.18
1784152992.6393,15:03:12.639,0.71,0.68,-0.20
1784152993.1391,15:03:13.139,0.74,0.65,-0.18
1784152993.6392,15:03:13.639,0.80,0.59,-0.13
1784152994.139,15:03:14.139,0.80,0.59,-0.13
1784152994.6392,15:03:14.639,0.80,0.59,-0.13
1784152995.1396,15:03:15.139,0.80,0.59,-0.13
1784152995.6387,15:03:15.638,0.80,0.59,-0.13
1784152996.1383,15:03:16.138,0.80,0.58,-0.13
1784152996.6386,15:03:16.638,0.81,0.58,-0.12
1784152997.1384,15:03:17.138,0.81,0.58,-0.12
1784152997.6387,15:03:17.638,0.80,0.59,-0.12
1784152998.1384,15:03:18.138,0.78,0.61,-0.14
1784152998.6376,15:03:18.637,0.77,0.62,-0.16
1784152999.1377,15:03:19.137,0.77,0.61,-0.17
1784152999.6377,15:03:19.637,0.76,0.62,-0.19
1784153000.1368,15:03:20.136,0.74,0.64,-0.20
1784153000.6363,15:03:20.636,0.71,0.67,-0.21
1784153001.137,15:03:21.137,0.72,0.67,-0.20
1784153001.6362,15:03:21.636,0.72,0.66,-0.21
1784153002.1359,15:03:22.135,0.78,0.60,-0.17
1784153002.6363,15:03:22.636,0.78,0.60,-0.19
1784153003.1361,15:03:23.136,0.79,0.58,-0.19
1784153003.6353,15:03:23.635,0.79,0.58,-0.20
1784153004.136,15:03:24.136,0.81,0.56,-0.18
1784153004.6354,15:03:24.635,0.80,0.57,-0.17
1784153005.1348,15:03:25.134,0.78,0.61,-0.16
1784153005.6351,15:03:25.635,0.77,0.62,-0.15
1784153006.1347,15:03:26.134,0.77,0.62,-0.15
1784153006.6342,15:03:26.634,0.78,0.61,-0.16
1784153007.1344,15:03:27.134,0.77,0.61,-0.17
1784153007.6345,15:03:27.634,0.80,0.59,-0.14
1784153008.1338,15:03:28.133,0.80,0.58,-0.12
1784153008.6335,15:03:28.633,0.82,0.56,-0.10
1784153009.1336,15:03:29.133,0.83,0.55,-0.09
1784153009.6331,15:03:29.633,0.83,0.56,-0.10
1784153010.1335,15:03:30.133,0.83,0.56,-0.10
1784153010.6335,15:03:30.633,0.82,0.56,-0.11
1784153011.1327,15:03:31.132,0.82,0.57,-0.11
1784153011.6324,15:03:31.632,0.81,0.57,-0.12
1784153012.1324,15:03:32.132,0.81,0.57,-0.12
1784153012.6319,15:03:32.631,0.82,0.56,-0.11
1784153013.1318,15:03:33.131,0.82,0.56,-0.11
1784153013.6321,15:03:33.632,0.88,0.47,-0.04
1784153014.132,15:03:34.132,0.89,0.45,-0.04
1784153014.6314,15:03:34.631,0.90,0.43,-0.03
1784153015.1321,15:03:35.132,0.91,0.41,-0.06
1784153015.6319,15:03:35.631,0.90,0.43,-0.10
1784153016.1321,15:03:36.132,0.90,0.43,-0.10
1784153016.6321,15:03:36.632,0.90,0.43,-0.10
1784153017.132,15:03:37.132,0.88,0.46,-0.12
1784153017.6317,15:03:37.631,0.87,0.47,-0.11
1784153018.132,15:03:38.132,0.88,0.47,-0.09
1784153018.6314,15:03:38.631,0.88,0.46,-0.08
1784153019.1309,15:03:39.130,0.88,0.46,-0.08
1784153019.6309,15:03:39.630,0.89,0.45,-0.08
1784153020.1309,15:03:40.130,0.90,0.44,-0.07
1784153020.6306,15:03:40.630,0.90,0.44,-0.07
1784153021.1308,15:03:41.130,0.90,0.43,-0.05
1784153021.6312,15:03:41.631,0.90,0.44,-0.06
1784153022.1308,15:03:42.130,0.90,0.43,-0.06
1784153022.6309,15:03:42.630,0.92,0.39,-0.04
1784153023.1307,15:03:43.130,0.92,0.40,-0.02
1784153023.6302,15:03:43.630,0.92,0.39,-0.02
1784153024.1298,15:03:44.129,0.92,0.39,-0.02
1784153024.6299,15:03:44.629,0.93,0.37,-0.02
1784153025.1295,15:03:45.129,0.93,0.36,-0.02
1784153025.6294,15:03:45.629,0.92,0.39,-0.04
1784153026.1292,15:03:46.129,0.88,0.48,-0.09
1784153026.6291,15:03:46.629,0.86,0.50,-0.11
1784153027.1285,15:03:47.128,0.82,0.55,-0.16
1784153027.6288,15:03:47.628,0.81,0.56,-0.17
1784153028.1285,15:03:48.128,0.83,0.53,-0.17
1784153028.6281,15:03:48.628,0.84,0.53,-0.16
1784153029.1284,15:03:49.128,0.86,0.49,-0.13
1784153029.628,15:03:49.628,0.90,0.42,-0.05
1784153030.1273,15:03:50.127,0.93,0.37,-0.03
1784153030.6277,15:03:50.627,0.93,0.36,0.00
1784153031.1274,15:03:51.127,0.94,0.35,0.01
1784153031.6266,15:03:51.626,0.96,0.29,0.05
1784153032.1273,15:03:52.127,0.96,0.29,0.05
1784153032.6266,15:03:52.626,0.92,0.39,-0.01
1784153033.1261,15:03:53.126,0.88,0.47,-0.07
1784153033.6263,15:03:53.626,0.87,0.49,-0.08
1784153034.1264,15:03:54.126,0.88,0.47,-0.07
1784153034.6258,15:03:54.625,0.87,0.49,-0.08
1784153035.1259,15:03:55.125,0.85,0.52,-0.10
1784153035.6265,15:03:55.626,0.85,0.52,-0.08
1784153036.1263,15:03:56.126,0.85,0.52,-0.08
1784153036.6264,15:03:56.626,0.89,0.46,-0.03
1784153037.1264,15:03:57.126,0.88,0.46,-0.05
1784153037.6259,15:03:57.625,0.89,0.46,-0.06
1784153038.1259,15:03:58.125,0.91,0.42,-0.04
1784153038.626,15:03:58.626,0.93,0.36,-0.02
1784153039.1252,15:03:59.125,0.97,0.01,0.23
1784153039.6253,15:03:59.625,0.98,-0.03,0.22
1784153040.1253,15:04:00.125,0.99,0.08,0.11
1784153040.625,15:04:00.625,0.99,0.07,0.15
1784153041.1244,15:04:01.124,0.99,0.07,0.14
1784153041.6245,15:04:01.624,0.99,0.12,0.10
1784153042.1239,15:04:02.123,0.99,0.10,0.09
1784153042.624,15:04:02.624,0.99,0.09,0.09
1784153043.1238,15:04:03.123,0.99,0.09,0.09
1784153043.6237,15:04:03.623,0.99,0.06,0.12
1784153044.1233,15:04:04.123,0.96,-0.09,0.25
1784153044.6233,15:04:04.623,0.96,-0.12,0.24
1784153045.123,15:04:05.123,0.97,-0.11,0.22
1784153045.6226,15:04:05.622,1.00,0.02,0.09
1784153046.1229,15:04:06.122,1.00,0.08,0.05
1784153046.6227,15:04:06.622,0.99,0.11,0.05
1784153047.122,15:04:07.122,0.99,0.11,0.05
1784153047.6223,15:04:07.622,0.99,0.11,0.05
1784153048.122,15:04:08.122,0.99,0.13,0.03
1784153048.6218,15:04:08.621,0.99,0.16,0.00
1784153049.1221,15:04:09.122,0.98,0.20,-0.04
1784153049.6217,15:04:09.621,0.97,0.23,-0.09
1784153050.1208,15:04:10.120,0.99,0.10,0.04
1784153050.6211,15:04:10.621,0.99,0.12,0.03
1784153051.1209,15:04:11.120,0.99,0.10,0.10
1784153051.6206,15:04:11.620,0.98,0.13,0.14
1784153052.1206,15:04:12.120,0.96,0.28,0.03
1784153052.6209,15:04:12.620,0.96,0.30,0.03
1784153053.1207,15:04:13.120,0.95,0.31,0.01
1784153053.6202,15:04:13.620,0.89,0.44,-0.07
1784153054.1198,15:04:14.119,0.88,0.47,-0.09
1784153054.6193,15:04:14.619,0.88,0.47,-0.09
1784153055.1189,15:04:15.118,0.87,0.47,-0.10
1784153055.6191,15:04:15.619,0.88,0.47,-0.10
1784153056.1187,15:04:16.118,0.84,0.52,-0.15
1784153056.6185,15:04:16.618,0.82,0.55,-0.18
1784153057.1183,15:04:17.118,0.80,0.57,-0.18
1784153057.6182,15:04:17.618,0.79,0.58,-0.17
1784153058.1178,15:04:18.117,0.80,0.58,-0.14
1784153058.6181,15:04:18.618,0.81,0.57,-0.13
1784153059.1177,15:04:19.117,0.80,0.59,-0.14
1784153059.6171,15:04:19.617,0.80,0.59,-0.11
1784153060.1176,15:04:20.117,0.80,0.59,-0.11
1784153060.6174,15:04:20.617,0.82,0.57,-0.09
1784153061.1165,15:04:21.116,0.82,0.56,-0.10
1784153061.6171,15:04:21.617,0.81,0.58,-0.12
1784153062.1174,15:04:22.117,0.79,0.60,-0.13
1784153062.6168,15:04:22.616,0.78,0.61,-0.14
1784153063.1171,15:04:23.117,0.79,0.60,-0.14
1784153063.6164,15:04:23.616,0.80,0.59,-0.14
1784153064.1161,15:04:24.116,0.81,0.57,-0.14
1784153064.6161,15:04:24.616,0.80,0.58,-0.14
1784153065.116,15:04:25.116,0.80,0.58,-0.15
1784153065.6157,15:04:25.615,0.78,0.61,-0.16
1784153066.1158,15:04:26.115,0.76,0.63,-0.16
1784153066.6156,15:04:26.615,0.77,0.62,-0.14
1784153067.1154,15:04:27.115,0.78,0.62,-0.13
1784153067.6159,15:04:27.615,0.79,0.60,-0.14
1784153068.1155,15:04:28.115,0.79,0.60,-0.14
1784153068.6154,15:04:28.615,0.76,0.62,-0.19
1784153069.115,15:04:29.115,0.76,0.62,-0.19
1784153069.6151,15:04:29.615,0.73,0.64,-0.22
1784153070.1145,15:04:30.114,0.72,0.65,-0.25
1784153070.6146,15:04:30.614,0.72,0.64,-0.26
1784153071.1144,15:04:31.114,0.80,0.57,-0.21
1784153071.6145,15:04:31.614,0.86,0.48,-0.15
1784153072.1145,15:04:32.114,0.93,0.36,-0.07
1784153072.6144,15:04:32.614,0.95,0.30,-0.01
1784153073.114,15:04:33.114,0.96,0.27,-0.01
1784153073.6133,15:04:33.613,0.97,0.22,0.02
1784153074.1135,15:04:34.113,0.99,0.15,0.04
1784153074.6133,15:04:34.613,0.99,0.15,0.04
1784153075.1132,15:04:35.113,0.99,0.16,0.05
1784153075.6136,15:04:35.613,0.98,0.16,0.07
1784153076.1136,15:04:36.113,0.96,0.26,-0.01
1784153076.6132,15:04:36.613,0.95,0.32,-0.02
1784153077.1133,15:04:37.113,0.94,0.33,-0.01
1784153077.6131,15:04:37.613,0.95,0.32,0.00
1784153078.1124,15:04:38.112,0.95,0.31,-0.02
1784153078.6126,15:04:38.612,0.97,0.22,0.05
1784153079.1119,15:04:39.111,0.97,0.22,0.05
1784153079.6115,15:04:39.611,0.96,0.28,0.03
1784153080.1116,15:04:40.111,0.94,0.34,-0.02
1784153080.6114,15:04:40.611,0.92,0.40,-0.03
1784153081.1111,15:04:41.111,0.90,0.42,-0.05
1784153081.6113,15:04:41.611,0.90,0.42,-0.06
1784153082.1113,15:04:42.111,0.92,0.40,-0.03
1784153082.611,15:04:42.611,0.91,0.41,-0.02
1784153083.1106,15:04:43.110,0.88,0.47,-0.07
1784153083.6109,15:04:43.610,0.84,0.53,-0.12
1784153084.1103,15:04:44.110,0.82,0.57,-0.11
1784153084.6098,15:04:44.609,0.79,0.60,-0.13
1784153085.1098,15:04:45.109,0.78,0.61,-0.13
1784153085.6095,15:04:45.609,0.79,0.60,-0.15
1784153086.1093,15:04:46.109,0.79,0.59,-0.16
1784153086.6094,15:04:46.609,0.79,0.58,-0.18
1784153087.1089,15:04:47.108,0.80,0.57,-0.20
1784153087.609,15:04:47.609,0.83,0.53,-0.20
1784153088.1088,15:04:48.108,0.90,0.41,-0.15
1784153088.6087,15:04:48.608,0.97,0.22,-0.01
1784153089.109,15:04:49.109,0.98,0.21,0.01
1784153089.6093,15:04:49.609,0.98,0.02,0.19
1784153090.1088,15:04:50.108,0.96,0.29,-0.01
1784153090.608,15:04:50.608,0.94,0.33,-0.06
1784153091.1084,15:04:51.108,0.91,0.39,-0.13
1784153091.608,15:04:51.608,0.90,0.39,-0.18
1784153092.1071,15:04:52.107,0.89,0.41,-0.19
1784153092.607,15:04:52.607,0.91,0.38,-0.17
1784153093.1071,15:04:53.107,0.92,0.37,-0.15
1784153093.6067,15:04:53.606,0.88,0.45,-0.16
1784153094.107,15:04:54.107,0.85,0.51,-0.16
1784153094.6067,15:04:54.606,0.85,0.51,-0.16
1784153095.1064,15:04:55.106,0.86,0.49,-0.15
1784153095.6064,15:04:55.606,0.90,0.41,-0.13
1784153096.1062,15:04:56.106,0.93,0.34,-0.11
1784153096.6058,15:04:56.605,0.93,0.34,-0.11
1784153097.1058,15:04:57.105,0.93,0.37,-0.10
1784153097.606,15:04:57.606,0.93,0.36,-0.10
1784153098.1056,15:04:58.105,0.94,0.33,-0.11
1784153098.6059,15:04:58.605,0.94,0.32,-0.11
1784153099.1059,15:04:59.105,0.99,0.09,0.12
1784153099.6054,15:04:59.605,0.99,0.11,0.11
1784153100.1054,15:05:00.105,0.92,0.37,-0.10
1784153100.6051,15:05:00.605,0.93,0.37,-0.07
1784153101.1049,15:05:01.104,0.93,0.37,-0.07
1784153101.605,15:05:01.605,0.91,0.39,-0.10
1784153102.105,15:05:02.105,0.88,0.44,-0.14
1784153102.6044,15:05:02.604,0.97,0.22,0.08
1784153103.1044,15:05:03.104,0.90,0.42,-0.10
1784153103.6045,15:05:03.604,0.93,0.36,-0.03
1784153104.1041,15:05:04.104,0.95,0.32,-0.01
1784153104.6041,15:05:04.604,0.95,0.31,-0.02
1784153105.1043,15:05:05.104,0.96,0.29,-0.02
1784153105.6037,15:05:05.603,0.96,0.29,-0.01
1784153106.1034,15:05:06.103,0.95,0.31,-0.03
1784153106.6034,15:05:06.603,0.92,0.37,-0.10
1784153107.1035,15:05:07.103,0.93,0.37,-0.09
1784153107.6029,15:05:07.602,0.92,0.37,-0.08
1784153108.1028,15:05:08.102,0.92,0.37,-0.08
1784153108.6026,15:05:08.602,0.93,0.36,-0.04
1784153109.1027,15:05:09.102,0.93,0.36,-0.05
1784153109.6029,15:05:09.602,0.93,0.37,-0.07
1784153110.1024,15:05:10.102,0.92,0.38,-0.07
1784153110.602,15:05:10.602,0.94,0.33,-0.03
1784153111.1025,15:05:11.102,0.98,0.22,0.02
1784153111.6024,15:05:11.602,0.98,0.19,0.03
1784153112.1017,15:05:12.101,0.99,0.15,0.05
1784153112.6021,15:05:12.602,0.99,0.11,0.10
1784153113.102,15:05:13.102,0.99,0.12,0.12
1784153113.6016,15:05:13.601,0.98,0.18,0.10
1784153114.1016,15:05:14.101,0.97,0.21,0.08
1784153114.6015,15:05:14.601,0.97,0.22,0.08
1784153115.1011,15:05:15.101,0.96,0.26,0.06
1784153115.6008,15:05:15.600,0.95,0.32,0.03
1784153116.1006,15:05:16.100,0.94,0.33,0.02
1784153116.5999,15:05:16.599,0.94,0.33,0.01
1784153117.0995,15:05:17.099,0.96,0.29,0.03
1784153117.5994,15:05:17.599,0.97,0.23,0.04
1784153118.0989,15:05:18.098,0.97,0.23,0.02
1784153118.599,15:05:18.599,0.96,0.29,-0.03
1784153119.099,15:05:19.099,0.94,0.33,-0.04
1784153119.5985,15:05:19.598,0.93,0.36,-0.04
1784153120.0981,15:05:20.098,0.93,0.37,-0.03
1784153120.5984,15:05:20.598,0.93,0.37,-0.04
1784153121.0984,15:05:21.098,0.95,0.31,0.01
1784153121.5985,15:05:21.598,0.95,0.31,0.01
1784153122.0983,15:05:22.098,0.94,0.33,-0.01
1784153122.5979,15:05:22.597,0.94,0.33,-0.02
1784153123.0976,15:05:23.097,0.95,0.32,0.00
1784153123.5976,15:05:23.597,0.93,0.36,-0.03
1784153124.0973,15:05:24.097,0.93,0.36,-0.03
1784153124.5967,15:05:24.596,0.93,0.37,-0.04
1784153125.0972,15:05:25.097,0.96,0.29,0.03
1784153125.597,15:05:25.597,0.96,0.29,0.03
1784153126.0969,15:05:26.096,0.93,0.36,-0.03
1784153126.5973,15:05:26.597,0.93,0.36,-0.02
1784153127.0974,15:05:27.097,0.94,0.33,-0.02
1784153127.5966,15:05:27.596,0.95,0.32,-0.01
1784153128.0965,15:05:28.096,0.95,0.32,0.00
1784153128.5961,15:05:28.596,0.96,0.29,0.03
1784153129.0956,15:05:29.095,0.96,0.26,0.04
1784153129.5954,15:05:29.595,0.97,0.23,0.07
1784153130.0952,15:05:30.095,0.97,0.23,0.08
1784153130.5949,15:05:30.594,0.96,0.26,0.06
1784153131.0949,15:05:31.094,0.96,0.28,0.04
1784153131.5954,15:05:31.595,0.95,0.30,0.03
1784153132.0946,15:05:32.094,0.95,0.32,0.01
1784153132.5945,15:05:32.594,0.95,0.32,-0.01
1784153133.0945,15:05:33.094,0.94,0.35,-0.07
1784153133.594,15:05:33.594,0.91,0.39,-0.15
1784153134.094,15:05:34.094,0.90,0.40,-0.16
1784153134.5943,15:05:34.594,0.93,0.34,-0.10
1784153135.0937,15:05:35.093,0.94,0.32,-0.07
1784153135.5932,15:05:35.593,0.94,0.35,-0.03
1784153136.0931,15:05:36.093,0.91,0.42,-0.05
1784153136.5925,15:05:36.592,0.91,0.42,-0.05
1784153137.092,15:05:37.092,0.94,0.34,0.01
1784153137.5921,15:05:37.592,0.95,0.31,0.03
1784153138.0926,15:05:38.092,0.95,0.31,0.03
1784153138.5926,15:05:38.592,0.95,0.31,0.03
1784153139.0929,15:05:39.092,0.93,0.36,0.01
1784153139.5923,15:05:39.592,0.93,0.38,-0.01
1784153140.0922,15:05:40.092,0.92,0.40,-0.04
1784153140.5921,15:05:40.592,0.91,0.41,-0.04
1784153141.0922,15:05:41.092,0.88,0.46,-0.08
1784153141.5918,15:05:41.591,0.84,0.52,-0.13
1784153142.0923,15:05:42.092,0.83,0.55,-0.12
1784153142.592,15:05:42.592,0.82,0.55,-0.13
1784153143.0917,15:05:43.091,0.85,0.52,-0.12
1784153143.5917,15:05:43.591,0.90,0.43,-0.08
1784153144.0922,15:05:44.092,0.95,0.31,0.00
1784153144.5916,15:05:44.591,0.96,0.27,0.04
1784153145.0916,15:05:45.091,0.98,0.18,0.08
1784153145.5915,15:05:45.591,0.99,0.15,0.08
1784153146.0911,15:05:46.091,0.99,0.07,0.13
1784153146.591,15:05:46.591,0.99,0.06,0.15
1784153147.0908,15:05:47.090,0.99,0.06,0.15
1784153147.5903,15:05:47.590,0.98,0.10,0.15
1784153148.0903,15:05:48.090,0.98,0.20,0.08
1784153148.5904,15:05:48.590,0.95,0.32,0.00
1784153149.09,15:05:49.090,0.90,0.42,-0.08
1784153149.5903,15:05:49.590,0.89,0.44,-0.11
1784153150.0901,15:05:50.090,0.89,0.45,-0.09
1784153150.5898,15:05:50.589,0.85,0.52,-0.10
1784153151.0892,15:05:51.089,0.80,0.58,-0.15
1784153151.5895,15:05:51.589,0.78,0.61,-0.15
1784153152.0891,15:05:52.089,0.76,0.63,-0.17
1784153152.5886,15:05:52.588,0.74,0.65,-0.17
1784153153.089,15:05:53.089,0.75,0.64,-0.16
1784153153.5886,15:05:53.588,0.78,0.61,-0.13
1784153154.0881,15:05:54.088,0.78,0.60,-0.14
1784153154.5879,15:05:54.587,0.80,0.59,-0.13
1784153155.0877,15:05:55.087,0.84,0.54,-0.10
1784153155.5869,15:05:55.586,0.91,0.41,-0.02
1784153156.0874,15:05:56.087,0.94,0.35,0.01
1784153156.5874,15:05:56.587,0.94,0.34,0.00
1784153157.0871,15:05:57.087,0.92,0.39,-0.06
1784153157.5873,15:05:57.587,0.91,0.42,-0.07
1784153158.087,15:05:58.087,0.89,0.44,-0.10
1784153158.5864,15:05:58.586,0.89,0.44,-0.12
1784153159.0867,15:05:59.086,0.89,0.44,-0.12
1784153159.5869,15:05:59.586,0.84,0.51,-0.20
1784153160.0864,15:06:00.086,0.83,0.53,-0.19
1784153160.5862,15:06:00.586,0.82,0.54,-0.19
1784153161.0867,15:06:01.086,0.83,0.53,-0.16
1784153161.5859,15:06:01.585,0.86,0.50,-0.11
1784153162.0857,15:06:02.085,0.85,0.52,-0.11
1784153162.5856,15:06:02.585,0.81,0.57,-0.14
1784153163.0848,15:06:03.084,0.80,0.58,-0.15
1784153163.5844,15:06:03.584,0.80,0.59,-0.13
1784153164.0848,15:06:04.084,0.81,0.58,-0.11
1784153164.5847,15:06:04.584,0.81,0.57,-0.11
1784153165.0843,15:06:05.084,0.79,0.59,-0.14
1784153165.5844,15:06:05.584,0.75,0.64,-0.16
1784153166.0842,15:06:06.084,0.75,0.64,-0.15
1784153166.5837,15:06:06.583,0.79,0.60,-0.11
1784153167.0841,15:06:07.084,0.79,0.60,-0.11
1784153167.5836,15:06:07.583,0.79,0.60,-0.10
1784153168.0836,15:06:08.083,0.80,0.59,-0.09
1784153168.5843,15:06:08.584,0.80,0.59,-0.12
1784153169.0846,15:06:09.084,0.81,0.57,-0.14
1784153169.5842,15:06:09.584,0.83,0.54,-0.15
1784153170.0843,15:06:10.084,0.85,0.50,-0.13
1784153170.5837,15:06:10.583,0.85,0.51,-0.14
1784153171.0832,15:06:11.083,0.84,0.52,-0.15
1784153171.5833,15:06:11.583,0.84,0.51,-0.17
1784153172.0828,15:06:12.082,0.84,0.52,-0.17
1784153172.5826,15:06:12.582,0.84,0.52,-0.18
1784153173.0827,15:06:13.082,0.84,0.52,-0.18
1784153173.5823,15:06:13.582,0.82,0.54,-0.20
1784153174.0818,15:06:14.081,0.78,0.57,-0.24
1784153174.5818,15:06:14.581,0.77,0.58,-0.26
1784153175.0815,15:06:15.081,0.80,0.56,-0.22
1784153175.5807,15:06:15.580,0.85,0.51,-0.14
1784153176.081,15:06:16.081,0.87,0.48,-0.11
1784153176.5812,15:06:16.581,0.86,0.49,-0.10
1784153177.0809,15:06:17.080,0.89,0.44,-0.07
1784153177.5807,15:06:17.580,0.95,0.30,0.02
1784153178.0813,15:06:18.081,0.97,0.25,0.04
1784153178.581,15:06:18.581,0.98,0.18,0.09
1784153179.0802,15:06:19.080,0.98,0.04,0.17
1784153179.5805,15:06:19.580,0.98,0.04,0.17
1784153180.0799,15:06:20.079,0.98,0.06,0.20
1784153180.5796,15:06:20.579,0.97,0.20,0.15
1784153181.0799,15:06:21.079,0.94,0.33,0.08
1784153181.5793,15:06:21.579,0.88,0.48,-0.04
1784153182.0789,15:06:22.078,0.88,0.48,-0.04
1784153182.5788,15:06:22.578,0.89,0.45,-0.04
1784153183.078,15:06:23.078,0.94,0.34,0.04
1784153183.5783,15:06:23.578,0.94,0.34,0.03
1784153184.0787,15:06:24.078,0.94,0.35,0.00
1784153184.5786,15:06:24.578,0.90,0.44,-0.09
1784153185.0782,15:06:25.078,0.85,0.51,-0.16
1784153185.5784,15:06:25.578,0.84,0.51,-0.20
1784153186.0781,15:06:26.078,0.88,0.44,-0.16
1784153186.5777,15:06:26.577,0.91,0.40,-0.12
1784153187.0782,15:06:27.078,0.94,0.34,-0.07
1784153187.5776,15:06:27.577,0.95,0.31,-0.08
1784153188.0771,15:06:28.077,0.94,0.33,-0.09
1784153188.5773,15:06:28.577,0.98,0.21,0.04
1784153189.0771,15:06:29.077,0.97,0.22,0.06
1784153189.5767,15:06:29.576,0.91,0.40,-0.05
1784153190.0768,15:06:30.076,0.84,0.53,-0.12
1784153190.5764,15:06:30.576,0.83,0.54,-0.12
1784153191.0761,15:06:31.076,0.83,0.55,-0.10
1784153191.5765,15:06:31.576,0.81,0.58,-0.10
1784153192.0762,15:06:32.076,0.80,0.59,-0.11
1784153192.5758,15:06:32.575,0.78,0.61,-0.13
1784153193.0763,15:06:33.076,0.78,0.61,-0.14
1784153193.576,15:06:33.576,0.78,0.61,-0.14
1784153194.0753,15:06:34.075,0.77,0.62,-0.15
1784153194.5753,15:06:34.575,0.79,0.60,-0.12
1784153195.0755,15:06:35.075,0.81,0.57,-0.11
1784153195.575,15:06:35.575,0.82,0.56,-0.13
1784153196.0749,15:06:36.074,0.89,0.44,-0.08
1784153196.5751,15:06:36.575,0.90,0.42,-0.11
1784153197.0751,15:06:37.075,0.94,0.34,-0.06
1784153197.5752,15:06:37.575,0.95,0.30,-0.02
1784153198.0748,15:06:38.074,0.95,0.30,-0.01
1784153198.5745,15:06:38.574,0.95,0.32,-0.01
1784153199.0743,15:06:39.074,0.92,0.39,-0.07
1784153199.5746,15:06:39.574,0.92,0.39,-0.07
1784153200.0738,15:06:40.073,0.91,0.40,-0.07
1784153200.5733,15:06:40.573,0.91,0.40,-0.05
1784153201.0733,15:06:41.073,0.87,0.48,-0.11
1784153201.573,15:06:41.573,0.85,0.51,-0.15
1784153202.0726,15:06:42.072,0.82,0.55,-0.17
1784153202.5725,15:06:42.572,0.78,0.59,-0.21
1784153203.0727,15:06:43.072,0.76,0.61,-0.22
1784153203.5721,15:06:43.572,0.75,0.63,-0.21
1784153204.0726,15:06:44.072,0.75,0.63,-0.20
1784153204.5719,15:06:44.571,0.76,0.62,-0.19
1784153205.0715,15:06:45.071,0.77,0.61,-0.17
1784153205.5713,15:06:45.571,0.77,0.62,-0.16
1784153206.0718,15:06:46.071,0.75,0.63,-0.17
1784153206.5712,15:06:46.571,0.75,0.64,-0.18
1784153207.0715,15:06:47.071,0.75,0.65,-0.16
1784153207.5719,15:06:47.571,0.73,0.66,-0.17
1784153208.071,15:06:48.071,0.73,0.66,-0.17
1784153208.5708,15:06:48.570,0.73,0.66,-0.17
1784153209.0713,15:06:49.071,0.74,0.65,-0.18
1784153209.5703,15:06:49.570,0.72,0.66,-0.22
1784153210.0704,15:06:50.070,0.71,0.66,-0.24
1784153210.5706,15:06:50.570,0.76,0.61,-0.23
1784153211.0699,15:06:51.069,0.79,0.57,-0.21
1784153211.5701,15:06:51.570,0.80,0.56,-0.21
1784153212.0697,15:06:52.069,0.86,0.50,-0.14
1784153212.5694,15:06:52.569,0.89,0.44,-0.08
1784153213.0688,15:06:53.068,0.90,0.42,-0.07
1784153213.5693,15:06:53.569,0.90,0.42,-0.08
1784153214.0691,15:06:54.069,0.85,0.50,-0.14
1784153214.569,15:06:54.569,0.85,0.50,-0.15
1784153215.0691,15:06:55.069,0.85,0.51,-0.15
1784153215.5686,15:06:55.568,0.85,0.49,-0.17
1784153216.0682,15:06:56.068,0.85,0.49,-0.20
1784153216.5687,15:06:56.568,0.81,0.53,-0.25
1784153217.0681,15:06:57.068,0.81,0.53,-0.25
1784153217.5678,15:06:57.567,0.80,0.55,-0.24
1784153218.0678,15:06:58.067,0.80,0.55,-0.22
1784153218.5677,15:06:58.567,0.84,0.51,-0.17
1784153219.0677,15:06:59.067,0.84,0.51,-0.17
1784153219.568,15:06:59.568,0.79,0.57,-0.22
1784153220.0679,15:07:00.067,0.77,0.59,-0.24
1784153220.5674,15:07:00.567,0.75,0.61,-0.27
1784153221.0675,15:07:01.067,0.81,0.54,-0.22
1784153221.5671,15:07:01.567,0.86,0.48,-0.18
1784153222.0666,15:07:02.066,0.91,0.39,-0.16
1784153222.567,15:07:02.567,0.95,0.29,-0.09
1784153223.0671,15:07:03.067,0.99,0.14,0.05
1784153223.5665,15:07:03.566,0.99,0.14,0.08
1784153224.0668,15:07:04.066,0.99,0.14,0.07
1784153224.5672,15:07:04.567,0.98,0.21,0.01
1784153225.0663,15:07:05.066,0.98,0.21,0.01
1784153225.5661,15:07:05.566,0.98,0.19,0.03
1784153226.0665,15:07:06.066,0.98,0.18,0.01
1784153226.5659,15:07:06.565,0.98,0.21,-0.01
1784153227.066,15:07:07.066,0.96,0.29,-0.05
1784153227.566,15:07:07.566,0.87,0.46,-0.17
1784153228.0655,15:07:08.065,0.87,0.46,-0.16
1784153228.5653,15:07:08.565,0.91,0.40,-0.10
1784153229.0653,15:07:09.065,0.95,0.32,-0.03
1784153229.565,15:07:09.565,0.97,0.02,0.22
1784153230.0646,15:07:10.064,0.97,0.00,0.25
1784153230.5647,15:07:10.564,0.97,0.01,0.26
1784153231.0644,15:07:11.064,0.97,0.02,0.25
1784153231.5641,15:07:11.564,0.97,0.06,0.22
1784153232.0645,15:07:12.064,0.95,0.30,0.01
1784153232.564,15:07:12.564,0.95,0.30,0.02
1784153233.0632,15:07:13.063,0.96,0.27,0.03
1784153233.5637,15:07:13.563,0.97,0.25,0.03
1784153234.0631,15:07:14.063,0.99,0.13,0.10
1784153234.5626,15:07:14.562,0.99,0.12,0.09
1784153235.0628,15:07:15.062,0.99,0.13,0.09
1784153235.5627,15:07:15.562,0.98,0.20,0.06
1784153236.0619,15:07:16.061,0.96,0.27,0.03
1784153236.5622,15:07:16.562,0.96,0.27,0.04
1784153237.062,15:07:17.062,0.96,0.29,0.03
1784153237.5617,15:07:17.561,0.94,0.33,0.00
1784153238.0619,15:07:18.061,0.97,0.20,0.13
1784153238.5627,15:07:18.562,0.97,0.22,0.12
1784153239.0622,15:07:19.062,0.92,0.39,-0.04
1784153239.5622,15:07:19.562,0.92,0.40,-0.03
1784153240.0625,15:07:20.062,0.87,0.49,-0.09
1784153240.5618,15:07:20.561,0.81,0.57,-0.15
1784153241.0617,15:07:21.061,0.77,0.61,-0.19
1784153241.5613,15:07:21.561,0.76,0.61,-0.20
1784153242.0609,15:07:22.060,0.76,0.62,-0.20
1784153242.5608,15:07:22.560,0.80,0.58,-0.15
1784153243.0611,15:07:23.061,0.93,0.36,0.06
1784153243.5601,15:07:23.560,0.94,0.33,0.08
1784153244.0596,15:07:24.059,0.94,0.34,0.08
1784153244.5598,15:07:24.559,0.93,0.35,0.08
1784153245.0591,15:07:25.059,0.93,0.36,0.05
1784153245.5586,15:07:25.558,0.94,0.32,0.07
1784153246.0591,15:07:26.059,0.90,0.43,-0.06
1784153246.5587,15:07:26.558,0.90,0.43,-0.08
1784153247.0589,15:07:27.058,0.90,0.42,-0.08
1784153247.5588,15:07:27.558,0.90,0.43,-0.09
1784153248.0589,15:07:28.058,0.88,0.46,-0.12
1784153248.5586,15:07:28.558,0.84,0.51,-0.17
1784153249.0594,15:07:29.059,0.84,0.52,-0.16
1784153249.5592,15:07:29.559,0.91,0.41,-0.03
1784153250.0588,15:07:30.058,0.90,0.42,-0.04
1784153250.5597,15:07:30.559,0.89,0.45,-0.04
1784153251.0587,15:07:31.058,0.80,0.58,-0.18
1784153251.558,15:07:31.558,0.82,0.56,-0.15
1784153252.0582,15:07:32.058,0.84,0.53,-0.12
1784153252.5585,15:07:32.558,0.87,0.49,-0.09
1784153253.0581,15:07:33.058,0.89,0.44,-0.06
1784153253.5588,15:07:33.558,0.93,0.37,-0.02
1784153254.0588,15:07:34.058,0.95,0.32,0.02
1784153254.5581,15:07:34.558,0.98,0.19,0.10
1784153255.0579,15:07:35.057,0.98,0.14,0.13
1784153255.5574,15:07:35.557,0.98,0.07,0.16
1784153256.0567,15:07:36.056,0.98,0.00,0.19
1784153256.5563,15:07:36.556,0.98,0.00,0.19
1784153257.0564,15:07:37.056,0.98,0.03,0.19
1784153257.556,15:07:37.556,0.98,0.05,0.17
1784153258.056,15:07:38.056,0.98,0.09,0.15
1784153258.5564,15:07:38.556,0.98,0.16,0.10
1784153259.0559,15:07:39.055,0.98,0.17,0.12
1784153259.5559,15:07:39.555,0.98,0.16,0.12
1784153260.0564,15:07:40.056,0.98,0.12,0.15
1784153260.556,15:07:40.556,0.98,0.08,0.18
1784153261.0559,15:07:41.055,0.98,0.08,0.18
1784153261.5562,15:07:41.556,0.98,0.17,0.10
1784153262.0559,15:07:42.055,0.96,0.27,0.02
1784153262.5558,15:07:42.555,0.92,0.39,-0.08
1784153263.0559,15:07:43.055,0.92,0.39,-0.08
1784153263.5551,15:07:43.555,0.92,0.38,-0.09
1784153264.055,15:07:44.055,0.95,0.32,-0.03
1784153264.5556,15:07:44.555,0.97,0.22,-0.02
1784153265.055,15:07:45.055,0.98,0.21,0.00
1784153265.5549,15:07:45.554,0.98,0.19,0.03
1784153266.0549,15:07:46.054,0.98,0.20,0.03
1784153266.5544,15:07:46.554,0.98,0.14,0.11
1784153267.054,15:07:47.054,0.98,0.15,0.14
1784153267.5537,15:07:47.553,0.95,0.31,0.01
1784153268.0537,15:07:48.053,0.95,0.30,0.08
1784153268.5534,15:07:48.553,0.92,0.39,0.05
1784153269.0536,15:07:49.053,0.91,0.40,0.06
1784153269.5537,15:07:49.553,0.91,0.42,0.05
1784153270.0539,15:07:50.053,0.86,0.50,0.00
1784153270.5538,15:07:50.553,0.87,0.50,0.01
1784153271.0534,15:07:51.053,0.87,0.48,0.01
1784153271.5533,15:07:51.553,0.89,0.45,0.04
1784153272.0525,15:07:52.052,0.89,0.45,0.03
1784153272.5526,15:07:52.552,0.89,0.45,0.02
1784153273.052,15:07:53.052,0.89,0.46,0.02
1784153273.5515,15:07:53.551,0.88,0.48,0.01
1784153274.0519,15:07:54.051,0.87,0.49,0.00
1784153274.5513,15:07:54.551,0.88,0.47,0.00
1784153275.051,15:07:55.051,0.90,0.43,0.01
1784153275.5508,15:07:55.550,0.94,0.34,0.06
1784153276.0503,15:07:56.050,0.90,0.44,-0.05
1784153276.5507,15:07:56.550,0.89,0.44,-0.07
1784153277.051,15:07:57.051,0.90,0.44,-0.08
1784153277.5508,15:07:57.550,0.90,0.42,-0.08
1784153278.0511,15:07:58.051,0.91,0.41,-0.07
1784153278.5513,15:07:58.551,0.91,0.41,-0.07
1784153279.0508,15:07:59.050,0.90,0.42,-0.07
1784153279.5506,15:07:59.550,0.91,0.41,-0.08
1784153280.0509,15:08:00.050,0.93,0.36,-0.04
1784153280.5499,15:08:00.549,0.94,0.34,-0.02
1784153281.049,15:08:01.049,0.95,0.31,0.01
1784153281.5492,15:08:01.549,0.95,0.30,0.02
1784153282.0487,15:08:02.048,0.95,0.30,0.02
1784153282.5483,15:08:02.548,0.95,0.30,0.02
1784153283.0486,15:08:03.048,0.95,0.31,0.02
1784153283.5486,15:08:03.548,0.96,0.29,0.03
1784153284.0484,15:08:04.048,0.94,0.34,0.00
1784153284.5481,15:08:04.548,0.92,0.38,-0.03
1784153285.0477,15:08:05.047,0.92,0.40,-0.05
1784153285.547,15:08:05.547,0.89,0.45,-0.10
1784153286.0464,15:08:06.046,0.86,0.48,-0.14
1784153286.5467,15:08:06.546,0.82,0.54,-0.21
1784153287.0463,15:08:07.046,0.80,0.55,-0.23
1784153287.5467,15:08:07.546,0.80,0.55,-0.24
1784153288.0469,15:08:08.046,0.80,0.55,-0.24
1784153288.5462,15:08:08.546,0.80,0.55,-0.25
1784153289.0462,15:08:09.046,0.81,0.53,-0.26
1784153289.5465,15:08:09.546,0.82,0.51,-0.25
1784153290.0458,15:08:10.045,0.82,0.51,-0.25
1784153290.5455,15:08:10.545,0.84,0.49,-0.23
1784153291.0459,15:08:11.045,0.98,0.18,0.06
1784153291.5456,15:08:11.545,0.98,0.16,0.09
1784153292.0452,15:08:12.045,0.94,0.34,-0.04
1784153292.5453,15:08:12.545,0.97,0.25,0.05
1784153293.0449,15:08:13.044,0.97,0.23,0.05
1784153293.5443,15:08:13.544,0.97,0.22,0.04
1784153294.0447,15:08:14.044,0.97,0.22,0.04
1784153294.5443,15:08:14.544,0.97,0.04,0.23
1784153295.0438,15:08:15.043,0.97,0.03,0.24
1784153295.544,15:08:15.544,0.98,0.17,0.09
1784153296.0441,15:08:16.044,0.98,0.14,0.12
1784153296.5435,15:08:16.543,0.98,0.13,0.12
1784153297.0438,15:08:17.043,0.98,0.13,0.12
1784153297.543,15:08:17.543,0.96,0.26,0.02
1784153298.0429,15:08:18.042,0.91,0.40,-0.08
1784153298.5429,15:08:18.542,0.86,0.49,-0.13
1784153299.0427,15:08:19.042,0.83,0.54,-0.16
1784153299.5423,15:08:19.542,0.82,0.56,-0.13
1784153300.0422,15:08:20.042,0.82,0.56,-0.12
1784153300.5424,15:08:20.542,0.84,0.53,-0.09
1784153301.0417,15:08:21.041,0.84,0.54,-0.10
1784153301.5415,15:08:21.541,0.83,0.55,-0.09
1784153302.0418,15:08:22.041,0.95,0.28,0.14
1784153302.5414,15:08:22.541,0.95,0.28,0.14
1784153303.0412,15:08:23.041,0.94,0.30,0.14
1784153303.5417,15:08:23.541,0.95,0.28,0.16
1784153304.0415,15:08:24.041,0.95,0.29,0.15
1784153304.5406,15:08:24.540,0.85,0.52,-0.07
1784153305.0408,15:08:25.040,0.82,0.56,-0.11
1784153305.5399,15:08:25.539,0.80,0.59,-0.15
1784153306.0395,15:08:26.039,0.79,0.59,-0.15
1784153306.5398,15:08:26.539,0.78,0.60,-0.17
1784153307.0395,15:08:27.039,0.78,0.60,-0.17
1784153307.539,15:08:27.539,0.84,0.53,-0.13
1784153308.039,15:08:28.039,0.91,0.41,-0.04
1784153308.5387,15:08:28.538,0.93,0.37,-0.02
1784153309.0385,15:08:29.038,0.94,0.34,0.01
1784153309.5392,15:08:29.539,0.94,0.33,0.02
1784153310.039,15:08:30.039,0.96,0.28,0.05
1784153310.5387,15:08:30.538,0.96,0.27,0.06
1784153311.0387,15:08:31.038,0.96,0.28,0.04
1784153311.5385,15:08:31.538,0.97,0.25,0.07
1784153312.0382,15:08:32.038,0.97,0.10,0.21
1784153312.5382,15:08:32.538,0.97,0.09,0.21
1784153313.0381,15:08:33.038,0.98,0.14,0.14
1784153313.5378,15:08:33.537,0.98,0.14,0.13
1784153314.0381,15:08:34.038,0.98,0.20,0.08
1784153314.5383,15:08:34.538,0.97,0.25,0.03
1784153315.038,15:08:35.038,0.97,0.26,0.02
1784153315.538,15:08:35.538,0.96,0.27,-0.01
1784153316.0381,15:08:36.038,0.96,0.28,0.00
1784153316.5379,15:08:36.537,0.96,0.29,-0.01
1784153317.038,15:08:37.038,0.98,0.21,0.05
1784153317.5378,15:08:37.537,0.98,0.14,0.11
1784153318.0375,15:08:38.037,0.99,0.05,0.16
1784153318.5371,15:08:38.537,0.99,0.04,0.14
1784153319.0374,15:08:39.037,0.99,0.09,0.11
1784153319.5368,15:08:39.536,0.99,0.08,0.13
1784153320.0361,15:08:40.036,0.99,0.08,0.13
1784153320.5361,15:08:40.536,0.99,0.08,0.13
1784153321.0355,15:08:41.035,0.99,0.09,0.14
1784153321.535,15:08:41.535,0.98,0.10,0.15
1784153322.0354,15:08:42.035,0.98,0.11,0.15
1784153322.5349,15:08:42.534,0.97,0.05,0.22
1784153323.0341,15:08:43.034,0.97,0.05,0.22
1784153323.5346,15:08:43.534,0.97,0.04,0.23
1784153324.0338,15:08:44.033,0.97,0.04,0.23
1784153324.5343,15:08:44.534,0.97,0.05,0.22
1784153325.035,15:08:45.035,0.98,0.09,0.19
1784153325.5351,15:08:45.535,0.98,0.13,0.17
1784153326.0347,15:08:46.034,0.98,0.13,0.16
1784153326.5352,15:08:46.535,0.97,0.22,0.09
1784153327.0352,15:08:47.035,0.94,0.33,-0.02
1784153327.5349,15:08:47.534,0.82,0.52,-0.23
1784153328.0353,15:08:48.035,0.75,0.60,-0.29
1784153328.5356,15:08:48.535,0.72,0.63,-0.29
1784153329.0348,15:08:49.034,0.72,0.63,-0.28
1784153329.5347,15:08:49.534,0.76,0.60,-0.23
1784153330.0345,15:08:50.034,0.79,0.59,-0.18
1784153330.5339,15:08:50.533,0.86,0.50,-0.07
1784153331.034,15:08:51.034,0.87,0.49,-0.07
1784153331.5338,15:08:51.533,0.81,0.57,-0.13
1784153332.0341,15:08:52.034,0.76,0.63,-0.19
1784153332.5335,15:08:52.533,0.75,0.63,-0.19
1784153333.0332,15:08:53.033,0.72,0.66,-0.23
1784153333.5323,15:08:53.532,0.75,0.62,-0.24
1784153334.0322,15:08:54.032,0.75,0.60,-0.27
1784153334.5316,15:08:54.531,0.78,0.58,-0.24
1784153335.0311,15:08:55.031,0.78,0.58,-0.24
1784153335.5309,15:08:55.530,0.75,0.61,-0.24
1784153336.031,15:08:56.031,0.75,0.62,-0.22
1784153336.5308,15:08:56.530,0.74,0.64,-0.21
1784153337.0305,15:08:57.030,0.75,0.63,-0.22
1784153337.5305,15:08:57.530,0.73,0.64,-0.26
1784153338.0306,15:08:58.030,0.71,0.65,-0.29
1784153338.5303,15:08:58.530,0.70,0.63,-0.32
1784153339.0306,15:08:59.030,0.75,0.59,-0.32
1784153339.5304,15:08:59.530,0.86,0.46,-0.24
1784153340.0296,15:09:00.029,0.94,0.32,-0.12
1784153340.5299,15:09:00.529,0.98,0.21,-0.04
1784153341.0291,15:09:01.029,0.99,0.16,0.01
1784153341.5286,15:09:01.528,0.99,0.17,0.04
1784153342.0286,15:09:02.028,0.97,0.22,0.03
1784153342.5287,15:09:02.528,0.97,0.22,0.05
1784153343.0285,15:09:03.028,0.97,0.03,0.23
1784153343.5282,15:09:03.528,0.97,0.03,0.22
1784153344.0284,15:09:04.028,0.95,0.30,-0.01
1784153344.5279,15:09:04.527,0.90,0.41,-0.11
1784153345.0283,15:09:05.028,0.86,0.48,-0.17
1784153345.528,15:09:05.528,0.86,0.48,-0.17
1784153346.0276,15:09:06.027,0.87,0.48,-0.15
1784153346.5275,15:09:06.527,0.87,0.47,-0.13
1784153347.0277,15:09:07.027,0.87,0.47,-0.12
1784153347.5274,15:09:07.527,0.89,0.44,-0.10
1784153348.0272,15:09:08.027,0.98,0.15,0.16
1784153348.5272,15:09:08.527,0.97,0.11,0.20
1784153349.0269,15:09:09.026,0.97,0.12,0.19
1784153349.5267,15:09:09.526,0.92,0.39,-0.03
1784153350.0266,15:09:10.026,0.92,0.38,-0.07
1784153350.5262,15:09:10.526,0.96,0.27,0.02
1784153351.0261,15:09:11.026,0.97,0.25,0.03
1784153351.5263,15:09:11.526,0.97,0.21,0.07
1784153352.026,15:09:12.026,0.97,0.23,0.05
1784153352.5258,15:09:12.525,0.98,0.17,0.10
1784153353.026,15:09:13.026,0.98,0.16,0.11
1784153353.5252,15:09:13.525,0.98,0.09,0.16
1784153354.0253,15:09:14.025,0.98,0.07,0.17
1784153354.5255,15:09:14.525,0.98,0.06,0.17
1784153355.0251,15:09:15.025,0.98,0.07,0.16
1784153355.5247,15:09:15.524,0.98,0.06,0.16
1784153356.0254,15:09:16.025,0.97,-0.01,0.23
1784153356.5251,15:09:16.525,0.99,0.14,0.09
1784153357.0245,15:09:17.024,0.99,0.16,0.07
1784153357.525,15:09:17.525,0.98,0.15,0.08
1784153358.0248,15:09:18.024,0.98,0.15,0.09
1784153358.5241,15:09:18.524,0.98,0.19,0.09
1784153359.0243,15:09:19.024,0.98,0.19,0.09
1784153359.5242,15:09:19.524,0.96,0.26,0.04
1784153360.0234,15:09:20.023,0.96,0.28,0.03
1784153360.5229,15:09:20.522,0.98,0.14,0.14
1784153361.0229,15:09:21.022,0.95,0.32,0.00
1784153361.5222,15:09:21.522,0.93,0.35,-0.03
1784153362.022,15:09:22.022,0.93,0.37,-0.03
1784153362.5223,15:09:22.522,0.93,0.36,-0.02
1784153363.0217,15:09:23.021,0.93,0.36,-0.01
1784153363.5218,15:09:23.521,0.92,0.39,-0.03
1784153364.0222,15:09:24.022,0.92,0.38,-0.03
1784153364.5217,15:09:24.521,0.93,0.36,-0.01
1784153365.0213,15:09:25.021,0.94,0.34,0.00
1784153365.5213,15:09:25.521,0.96,0.30,0.02
1784153366.0207,15:09:26.020,0.96,0.30,0.02
1784153366.5205,15:09:26.520,0.95,0.33,-0.01
1784153367.021,15:09:27.021,0.92,0.38,-0.05
1784153367.5208,15:09:27.520,0.90,0.43,-0.09
1784153368.0205,15:09:28.020,0.90,0.42,-0.09
1784153368.5205,15:09:28.520,0.90,0.42,-0.09
1784153369.0206,15:09:29.020,0.91,0.41,-0.08
1784153369.5198,15:09:29.519,0.91,0.40,-0.08
1784153370.0199,15:09:30.019,0.94,0.35,-0.02
1784153370.5201,15:09:30.520,0.94,0.33,-0.01
1784153371.02,15:09:31.020,0.94,0.33,0.00
1784153371.5202,15:09:31.520,0.94,0.33,0.00
1784153372.0203,15:09:32.020,0.94,0.35,-0.03
1784153372.5199,15:09:32.519,0.94,0.35,-0.03
1784153373.0198,15:09:33.019,0.92,0.38,-0.07
1784153373.5196,15:09:33.519,0.92,0.38,-0.07
1784153374.0195,15:09:34.019,0.93,0.36,-0.06
1784153374.5191,15:09:34.519,0.94,0.34,-0.04
1784153375.0195,15:09:35.019,0.95,0.31,-0.02
1784153375.5192,15:09:35.519,0.96,0.27,0.01
1784153376.019,15:09:36.019,0.96,0.28,0.01
1784153376.5185,15:09:36.518,0.96,0.28,0.02
1784153377.0179,15:09:37.017,0.96,0.26,0.04
1784153377.5176,15:09:37.517,0.97,0.25,0.04
1784153378.0174,15:09:38.017,0.97,0.23,0.06
1784153378.5171,15:09:38.517,0.97,0.22,0.06
1784153379.0169,15:09:39.016,0.96,0.29,0.01
1784153379.5169,15:09:39.516,0.94,0.34,-0.04
1784153380.0165,15:09:40.016,0.93,0.37,-0.06
1784153380.5162,15:09:40.516,0.92,0.38,-0.05
1784153381.0162,15:09:41.016,0.92,0.38,-0.05
1784153381.5163,15:09:41.516,0.92,0.38,-0.05
1784153382.0161,15:09:42.016,0.91,0.41,-0.06
1784153382.5166,15:09:42.516,0.90,0.42,-0.09
1784153383.0166,15:09:43.016,0.83,0.52,-0.19
1784153383.5161,15:09:43.516,0.76,0.58,-0.29
1784153384.0159,15:09:44.015,0.72,0.60,-0.36
1784153384.5157,15:09:44.515,0.71,0.61,-0.37
1784153385.015,15:09:45.015,0.71,0.61,-0.36
1784153385.5154,15:09:45.515,0.72,0.60,-0.34
1784153386.0157,15:09:46.015,0.77,0.58,-0.27
1784153386.5151,15:09:46.515,0.86,0.48,-0.17
1784153387.0154,15:09:47.015,0.98,0.10,0.18
1784153387.5156,15:09:47.515,0.97,0.02,0.23
1784153388.0145,15:09:48.014,0.97,0.02,0.23
1784153388.5145,15:09:48.514,0.97,0.04,0.23
1784153389.0146,15:09:49.014,0.96,0.29,0.01
1784153389.5142,15:09:49.514,0.96,0.29,0.02
1784153390.0143,15:09:50.014,0.94,0.35,-0.02
1784153390.5141,15:09:50.514,0.92,0.39,-0.05
1784153391.0132,15:09:51.013,0.92,0.38,-0.06
1784153391.5132,15:09:51.513,0.94,0.34,-0.04
1784153392.0135,15:09:52.013,0.97,0.26,0.00
1784153392.5125,15:09:52.512,0.98,0.19,0.05
1784153393.0126,15:09:53.012,0.98,0.17,0.02
1784153393.513,15:09:53.513,0.98,0.18,0.01
1784153394.0126,15:09:54.012,0.97,0.22,-0.02
1784153394.5125,15:09:54.512,0.97,0.22,-0.01
1784153395.0124,15:09:55.012,0.99,0.15,0.08
1784153395.5123,15:09:55.512,0.99,0.13,0.08
1784153396.0123,15:09:56.012,0.99,0.08,0.13
1784153396.5122,15:09:56.512,0.99,0.09,0.14
1784153397.0118,15:09:57.011,0.98,0.12,0.13
1784153397.5117,15:09:57.511,0.98,0.16,0.10
1784153398.0115,15:09:58.011,0.98,0.17,0.10
1784153398.511,15:09:58.511,0.97,0.23,0.05
1784153399.01,15:09:59.010,0.93,0.36,-0.05
1784153399.5102,15:09:59.510,0.85,0.50,-0.16
1784153400.0104,15:10:00.010,0.80,0.57,-0.19
1784153400.5102,15:10:00.510,0.80,0.58,-0.18
1784153401.0102,15:10:01.010,0.80,0.58,-0.16
1784153401.5101,15:10:01.510,0.80,0.58,-0.15
1784153402.0091,15:10:02.009,0.81,0.57,-0.15
1784153402.5096,15:10:02.509,0.81,0.57,-0.13
1784153403.0099,15:10:03.009,0.96,0.24,0.15
1784153403.5094,15:10:03.509,0.96,0.22,0.17
1784153404.0097,15:10:04.009,0.95,0.24,0.17
1784153404.5095,15:10:04.509,0.95,0.26,0.16
1784153405.0088,15:10:05.008,0.95,0.29,0.13
1784153405.5085,15:10:05.508,0.96,0.23,0.15
1784153406.0089,15:10:06.008,0.93,0.38,0.01
1784153406.5083,15:10:06.508,0.96,0.28,0.03
1784153407.008,15:10:07.008,0.98,0.16,0.06
1784153407.508,15:10:07.508,0.99,0.13,0.08
1784153408.0075,15:10:08.007,0.99,0.13,0.08
1784153408.5075,15:10:08.507,0.99,0.16,0.07
1784153409.0076,15:10:09.007,0.98,0.21,0.05
1784153409.507,15:10:09.507,0.97,0.24,0.03
1784153410.0065,15:10:10.006,0.97,0.25,0.05
1784153410.5065,15:10:10.506,0.97,0.25,0.06
1784153411.0064,15:10:11.006,0.96,0.26,0.06
1784153411.5062,15:10:11.506,0.96,0.29,0.04
1784153412.007,15:10:12.007,0.97,0.20,0.12
1784153412.5065,15:10:12.506,0.97,0.23,0.11
1784153413.0061,15:10:13.006,0.93,0.36,-0.02
1784153413.5062,15:10:13.506,0.93,0.36,-0.03
1784153414.0062,15:10:14.006,0.90,0.43,-0.08
1784153414.5061,15:10:14.506,0.84,0.51,-0.16
1784153415.0065,15:10:15.006,0.84,0.51,-0.16
1784153415.5064,15:10:15.506,0.85,0.51,-0.14
1784153416.0058,15:10:16.005,0.87,0.48,-0.13
1784153416.5059,15:10:16.505,0.87,0.47,-0.12
1784153417.0055,15:10:17.005,0.88,0.46,-0.12
1784153417.5052,15:10:17.505,0.90,0.41,-0.10
1784153418.0052,15:10:18.005,0.90,0.41,-0.10
1784153418.5052,15:10:18.505,0.90,0.43,-0.10
1784153419.0042,15:10:19.004,0.88,0.46,-0.12
1784153419.5045,15:10:19.504,0.88,0.47,-0.12
1784153420.0043,15:10:20.004,0.88,0.47,-0.11
1784153420.5038,15:10:20.503,0.88,0.47,-0.11
1784153421.0036,15:10:21.003,0.88,0.47,-0.10
1784153421.5036,15:10:21.503,0.88,0.47,-0.10
1784153422.0031,15:10:22.003,0.87,0.47,-0.11
1784153422.5027,15:10:22.502,0.94,0.34,0.01
1784153423.0032,15:10:23.003,0.93,0.36,-0.01
1784153423.5028,15:10:23.502,0.79,0.56,-0.24
1784153424.0029,15:10:24.002,0.77,0.57,-0.29
1784153424.5031,15:10:24.503,0.74,0.60,-0.29
1784153425.0025,15:10:25.002,0.75,0.61,-0.27
1784153425.5019,15:10:25.501,0.77,0.60,-0.23
1784153426.002,15:10:26.002,0.93,0.37,0.01
1784153426.5012,15:10:26.501,0.90,0.43,-0.07
1784153427.0013,15:10:27.001,0.91,0.41,-0.05
1784153427.5017,15:10:27.501,0.91,0.41,-0.04
1784153428.0022,15:10:28.002,0.87,0.49,-0.07
1784153428.5016,15:10:28.501,0.85,0.52,-0.09
1784153429.0021,15:10:29.002,0.84,0.53,-0.10
1784153429.5015,15:10:29.501,0.84,0.53,-0.08
1784153430.0012,15:10:30.001,0.84,0.53,-0.10
1784153430.5016,15:10:30.501,0.84,0.53,-0.12
1784153431.0016,15:10:31.001,0.82,0.56,-0.13
1784153431.5011,15:10:31.501,0.80,0.59,-0.13
1784153432.0013,15:10:32.001,0.77,0.62,-0.16
1784153432.5008,15:10:32.500,0.73,0.65,-0.22
1784153433.0004,15:10:33.000,0.88,0.48,-0.04
1784153433.5007,15:10:33.500,0.73,0.65,-0.21
1784153434.0009,15:10:34.000,0.71,0.66,-0.25
1784153434.5006,15:10:34.500,0.70,0.66,-0.29
1784153435.0004,15:10:35.000,0.69,0.66,-0.30
1784153435.5005,15:10:35.500,0.79,0.57,-0.23
1784153436.0001,15:10:36.000,0.84,0.52,-0.15
1784153436.5,15:10:36.500,0.90,0.43,-0.10
1784153436.9999,15:10:36.999,0.93,0.35,-0.08
1784153437.4989,15:10:37.498,0.96,0.26,-0.06
1784153437.9989,15:10:37.998,0.99,0.14,0.02
1784153438.4986,15:10:38.498,0.99,0.10,0.03
1784153438.998,15:10:38.998,1.00,0.06,0.07
1784153439.4975,15:10:39.497,1.00,0.05,0.07
1784153439.9975,15:10:39.997,0.97,0.23,-0.03
1784153440.4969,15:10:40.496,0.95,0.29,-0.09
1784153440.9964,15:10:40.996,0.95,0.30,-0.09
1784153441.497,15:10:41.497,0.95,0.31,-0.06
1784153441.9967,15:10:41.996,0.97,0.20,0.11
1784153442.4961,15:10:42.496,0.97,0.20,0.14
1784153442.9967,15:10:42.996,0.96,0.27,0.10
1784153443.4961,15:10:43.496,0.94,0.32,0.08
1784153443.9953,15:10:43.995,0.92,0.39,0.04
1784153444.4957,15:10:44.495,0.90,0.45,0.00
1784153444.9958,15:10:44.995,0.89,0.46,0.00
1784153445.4958,15:10:45.495,0.87,0.49,-0.03
1784153445.9959,15:10:45.995,0.85,0.51,-0.06
1784153446.4957,15:10:46.495,0.84,0.53,-0.07
1784153446.9956,15:10:46.995,0.84,0.53,-0.07
1784153447.4962,15:10:47.496,0.85,0.52,-0.05
1784153447.9963,15:10:47.996,0.86,0.51,-0.01
1784153448.4959,15:10:48.495,0.72,0.67,-0.16
1784153448.9962,15:10:48.996,0.73,0.67,-0.16
1784153449.4962,15:10:49.496,0.72,0.67,-0.16
1784153449.9954,15:10:49.995,0.74,0.65,-0.18
1784153450.4955,15:10:50.495,0.77,0.61,-0.19
1784153450.9953,15:10:50.995,0.83,0.54,-0.16
1784153451.4948,15:10:51.494,0.82,0.54,-0.18
1784153451.9946,15:10:51.994,0.84,0.51,-0.16
1784153452.4953,15:10:52.495,0.84,0.52,-0.17
1784153452.9945,15:10:52.994,0.84,0.52,-0.16
1784153453.494,15:10:53.494,0.88,0.46,-0.12
1784153453.9939,15:10:53.993,0.89,0.44,-0.10
1784153454.4936,15:10:54.493,0.91,0.40,-0.08
1784153454.9938,15:10:54.993,0.95,0.30,0.00
1784153455.4941,15:10:55.494,0.96,0.29,0.00
1784153455.9939,15:10:55.993,0.96,0.26,0.02
1784153456.4934,15:10:56.493,0.96,0.26,0.02
1784153456.9937,15:10:56.993,0.98,0.16,0.08
1784153457.4936,15:10:57.493,0.98,0.15,0.09
1784153457.9936,15:10:57.993,0.99,0.15,0.08
1784153458.4939,15:10:58.493,0.96,0.28,-0.01
1784153458.9935,15:10:58.993,0.90,0.42,-0.13
1784153459.4929,15:10:59.492,0.82,0.53,-0.21
1784153459.9938,15:10:59.993,0.77,0.59,-0.22
1784153460.4934,15:11:00.493,0.74,0.63,-0.23
1784153460.9929,15:11:00.992,0.72,0.64,-0.25
1784153461.4934,15:11:01.493,0.70,0.67,-0.25
1784153461.9932,15:11:01.993,0.69,0.68,-0.26
1784153462.4928,15:11:02.492,0.68,0.70,-0.21
1784153462.9931,15:11:02.993,0.67,0.71,-0.21
1784153463.4927,15:11:03.492,0.68,0.70,-0.20
1784153463.9928,15:11:03.992,0.69,0.69,-0.19
1784153464.4926,15:11:04.492,0.71,0.69,-0.17
1784153464.9921,15:11:04.992,0.71,0.68,-0.17
1784153465.4918,15:11:05.491,0.72,0.67,-0.16
1784153465.9917,15:11:05.991,0.73,0.66,-0.17
1784153466.4917,15:11:06.491,0.74,0.64,-0.18
1784153466.9914,15:11:06.991,0.73,0.64,-0.21
1784153467.4914,15:11:07.491,0.73,0.63,-0.25
1784153467.9909,15:11:07.990,0.73,0.63,-0.25
1784153468.4905,15:11:08.490,0.73,0.65,-0.22
1784153468.9901,15:11:08.990,0.95,0.28,0.12
1784153469.4897,15:11:09.489,0.95,0.27,0.14
1784153469.9895,15:11:09.989,0.96,0.26,0.14
1784153470.489,15:11:10.489,0.96,0.22,0.15
1784153470.9895,15:11:10.989,0.97,0.19,0.16
1784153471.4896,15:11:11.489,0.97,0.20,0.17
1784153471.9888,15:11:11.988,0.96,0.22,0.17
1784153472.4893,15:11:12.489,0.95,0.27,0.14
1784153472.9889,15:11:12.988,0.79,0.60,-0.14
1784153473.4884,15:11:13.488,0.75,0.64,-0.18
1784153473.9882,15:11:13.988,0.72,0.65,-0.24
1784153474.4878,15:11:14.487,0.73,0.64,-0.25
1784153474.9876,15:11:14.987,0.73,0.64,-0.26
1784153475.4876,15:11:15.487,0.78,0.60,-0.20
1784153475.9872,15:11:15.987,0.78,0.60,-0.20
1784153476.4873,15:11:16.487,0.80,0.57,-0.18
1784153476.9873,15:11:16.987,0.86,0.49,-0.11
1784153477.487,15:11:17.487,0.89,0.44,-0.06
1784153477.986,15:11:17.986,0.93,0.37,0.02
1784153478.4863,15:11:18.486,0.93,0.38,0.02
1784153478.9857,15:11:18.985,0.89,0.44,-0.07
1784153479.4851,15:11:19.485,0.88,0.46,-0.10
1784153479.9854,15:11:19.985,0.85,0.50,-0.13
1784153480.4852,15:11:20.485,0.83,0.54,-0.12
1784153480.9843,15:11:20.984,0.81,0.57,-0.15
1784153481.4837,15:11:21.483,0.76,0.62,-0.21
1784153481.984,15:11:21.984,0.71,0.64,-0.30
1784153482.4834,15:11:22.483,0.66,0.66,-0.36
1784153482.9839,15:11:22.983,0.66,0.66,-0.36
1784153483.4839,15:11:23.483,0.65,0.68,-0.35
1784153483.9834,15:11:23.983,0.67,0.67,-0.32
1784153484.4828,15:11:24.482,0.70,0.66,-0.26
1784153484.9834,15:11:24.983,0.74,0.65,-0.17
1784153485.483,15:11:25.483,0.75,0.64,-0.17
1784153485.9827,15:11:25.982,0.76,0.63,-0.17
1784153486.4833,15:11:26.483,0.80,0.58,-0.13
1784153486.983,15:11:26.983,0.81,0.57,-0.12
1784153487.483,15:11:27.483,0.81,0.58,-0.12
1784153487.9826,15:11:27.982,0.76,0.63,-0.17
1784153488.4823,15:11:28.482,0.75,0.64,-0.18
1784153488.9821,15:11:28.982,0.73,0.65,-0.20
1784153489.4827,15:11:29.482,0.72,0.66,-0.22
1784153489.9821,15:11:29.982,0.72,0.65,-0.25
1784153490.482,15:11:30.482,0.72,0.64,-0.25
1784153490.9818,15:11:30.981,0.73,0.62,-0.27
1784153491.4821,15:11:31.482,0.81,0.54,-0.21
1784153491.9817,15:11:31.981,0.87,0.47,-0.15
1784153492.482,15:11:32.482,0.91,0.40,-0.09
1784153492.982,15:11:32.982,0.93,0.36,-0.07
1784153493.4817,15:11:33.481,0.95,0.32,-0.05
1784153493.9819,15:11:33.981,0.98,0.00,0.20
1784153494.4821,15:11:34.482,0.98,-0.05,0.21
1784153494.9815,15:11:34.981,0.98,-0.08,0.21
1784153495.4814,15:11:35.481,0.98,-0.07,0.19
1784153495.981,15:11:35.981,0.98,-0.06,0.17
1784153496.4803,15:11:36.480,1.00,0.02,0.08
1784153496.9799,15:11:36.979,1.00,0.03,0.09
1784153497.4797,15:11:37.479,0.99,0.03,0.11
1784153497.9794,15:11:37.979,0.99,0.08,0.08
1784153498.4798,15:11:38.479,0.96,0.26,-0.04
1784153498.9793,15:11:38.979,0.89,0.43,-0.14
1784153499.4791,15:11:39.479,0.84,0.50,-0.21
1784153499.9784,15:11:39.978,0.83,0.51,-0.22
1784153500.4786,15:11:40.478,0.81,0.52,-0.29
1784153500.9787,15:11:40.978,0.82,0.51,-0.27
1784153501.4785,15:11:41.478,0.95,0.32,-0.01
1784153501.9786,15:11:41.978,0.88,0.46,-0.11
1784153502.4784,15:11:42.478,0.89,0.46,-0.07
1784153502.9781,15:11:42.978,0.86,0.50,-0.07
1784153503.4779,15:11:43.477,0.85,0.53,-0.08
1784153503.9781,15:11:43.978,0.82,0.57,-0.07
1784153504.4776,15:11:44.477,0.79,0.60,-0.10
1784153504.9779,15:11:44.977,0.79,0.60,-0.14
1784153505.4779,15:11:45.477,0.83,0.55,-0.13
1784153505.9774,15:11:45.977,0.86,0.49,-0.13
1784153506.478,15:11:46.478,0.93,0.36,-0.03
1784153506.9781,15:11:46.978,0.87,0.47,-0.17
1784153507.4774,15:11:47.477,0.87,0.45,-0.19
1784153507.9774,15:11:47.977,0.91,0.38,-0.14
1784153508.4773,15:11:48.477,0.95,0.30,-0.10
1784153508.9765,15:11:48.976,0.98,0.20,-0.08
1784153509.4764,15:11:49.476,0.98,0.16,-0.08
1784153509.9762,15:11:49.976,0.98,0.16,-0.10
1784153510.4761,15:11:50.476,0.98,0.16,-0.11
1784153510.9759,15:11:50.975,1.00,0.04,0.02
1784153511.4754,15:11:51.475,1.00,0.06,0.06
1784153511.9752,15:11:51.975,0.99,0.09,0.07
1784153512.4753,15:11:52.475,0.98,0.17,0.07
1784153512.9753,15:11:52.975,0.98,0.20,0.07
1784153513.475,15:11:53.475,0.97,0.22,0.05
1784153513.9752,15:11:53.975,0.97,0.21,0.06
1784153514.4751,15:11:54.475,0.97,0.21,0.06
1784153514.9741,15:11:54.974,0.97,0.22,0.06
1784153515.474,15:11:55.474,0.93,0.38,-0.06
1784153515.9736,15:11:55.973,0.91,0.40,-0.08
1784153516.4735,15:11:56.473,0.91,0.41,-0.11
1784153516.9737,15:11:56.973,0.90,0.42,-0.11
1784153517.4739,15:11:57.473,0.87,0.48,-0.14
1784153517.9742,15:11:57.974,0.85,0.51,-0.11
1784153518.4738,15:11:58.473,0.80,0.59,-0.14
1784153518.9737,15:11:58.973,0.74,0.64,-0.18
1784153519.4731,15:11:59.473,0.71,0.68,-0.21
1784153519.9726,15:11:59.972,0.69,0.70,-0.20
1784153520.4732,15:12:00.473,0.68,0.70,-0.19
1784153520.9729,15:12:00.972,0.71,0.69,-0.17
1784153521.4723,15:12:01.472,0.71,0.68,-0.17
1784153521.9728,15:12:01.972,0.71,0.69,-0.17
1784153522.4724,15:12:02.472,0.70,0.69,-0.17
1784153522.9717,15:12:02.971,0.70,0.70,-0.18
1784153523.4715,15:12:03.471,0.69,0.70,-0.21
1784153523.9713,15:12:03.971,0.69,0.69,-0.22
1784153524.4707,15:12:04.470,0.68,0.69,-0.24
1784153524.971,15:12:04.971,0.70,0.66,-0.28
1784153525.4707,15:12:05.470,0.73,0.61,-0.30
1784153525.9704,15:12:05.970,0.80,0.53,-0.27
1784153526.4704,15:12:06.470,0.86,0.46,-0.21
1784153526.9707,15:12:06.970,0.88,0.42,-0.22
1784153527.47,15:12:07.470,0.93,0.33,-0.16
1784153527.9696,15:12:07.969,0.98,0.19,-0.06
1784153528.4695,15:12:08.469,0.98,0.18,-0.05
1784153528.9689,15:12:08.968,0.98,0.18,-0.03
1784153529.4694,15:12:09.469,0.96,0.27,-0.06
1784153529.9693,15:12:09.969,0.98,0.07,0.17
1784153530.4694,15:12:10.469,0.98,0.08,0.16
1784153530.9688,15:12:10.968,0.98,0.08,0.19
1784153531.4693,15:12:11.469,0.98,0.11,0.18
1784153531.9691,15:12:11.969,0.97,0.16,0.15
1784153532.4686,15:12:12.468,0.97,0.22,0.12
1784153532.9688,15:12:12.968,0.79,0.58,-0.19
1784153533.4685,15:12:13.468,0.75,0.64,-0.18
1784153533.9679,15:12:13.967,0.70,0.69,-0.19
1784153534.4678,15:12:14.467,0.68,0.70,-0.20
1784153534.9678,15:12:14.967,0.68,0.70,-0.20
1784153535.4671,15:12:15.467,0.70,0.70,-0.18
1784153535.9675,15:12:15.967,0.72,0.68,-0.16
1784153536.4677,15:12:16.467,0.72,0.67,-0.16
1784153536.9672,15:12:16.967,0.73,0.67,-0.17
1784153537.4676,15:12:17.467,0.91,0.40,0.07
1784153537.9673,15:12:17.967,0.90,0.43,0.05
1784153538.4671,15:12:18.467,0.72,0.67,-0.18
1784153538.967,15:12:18.967,0.72,0.67,-0.18
1784153539.4668,15:12:19.466,0.72,0.67,-0.18
1784153539.9665,15:12:19.966,0.72,0.67,-0.18
1784153540.4665,15:12:20.466,0.73,0.65,-0.18
1784153540.9669,15:12:20.966,0.78,0.60,-0.18
1784153541.4661,15:12:21.466,0.82,0.55,-0.16
1784153541.9661,15:12:21.966,0.89,0.44,-0.10
1784153542.4661,15:12:22.466,0.95,0.30,0.01
1784153542.9656,15:12:22.965,0.96,0.29,0.01
1784153543.4654,15:12:23.465,0.96,0.28,-0.01
1784153543.9651,15:12:23.965,0.96,0.28,-0.05
1784153544.4651,15:12:24.465,0.97,0.23,-0.10
1784153544.9648,15:12:24.964,0.99,0.16,-0.03
1784153545.4646,15:12:25.464,0.99,0.16,0.00
1784153545.964,15:12:25.964,0.99,0.16,0.00
1784153546.4635,15:12:26.463,0.98,0.20,-0.05
1784153546.9634,15:12:26.963,0.98,0.19,-0.06
1784153547.4637,15:12:27.463,0.98,0.21,-0.04
1784153547.9635,15:12:27.963,0.92,0.35,-0.15
1784153548.464,15:12:28.464,0.83,0.50,-0.26
1784153548.9635,15:12:28.963,0.82,0.53,-0.24
1784153549.463,15:12:29.463,0.78,0.57,-0.27
1784153549.9628,15:12:29.962,0.77,0.58,-0.29
1784153550.4629,15:12:30.462,0.78,0.56,-0.27
1784153550.9627,15:12:30.962,0.78,0.56,-0.27
1784153551.4632,15:12:31.463,0.82,0.53,-0.22
1784153551.9632,15:12:31.963,0.82,0.53,-0.21
1784153552.4627,15:12:32.462,0.86,0.48,-0.18
1784153552.9629,15:12:32.962,0.87,0.47,-0.17
1784153553.4626,15:12:33.462,0.88,0.45,-0.16
1784153553.962,15:12:33.962,0.89,0.44,-0.14
1784153554.4621,15:12:34.462,0.90,0.42,-0.11
1784153554.9619,15:12:34.961,0.92,0.38,-0.07
1784153555.4613,15:12:35.461,0.95,0.32,-0.05
1784153555.9616,15:12:35.961,0.95,0.32,-0.05
1784153556.4614,15:12:36.461,0.92,0.37,-0.09
1784153556.9607,15:12:36.960,0.86,0.48,-0.16
1784153557.4613,15:12:37.461,0.82,0.54,-0.19
1784153557.9612,15:12:37.961,0.83,0.53,-0.16
1784153558.4608,15:12:38.460,0.83,0.55,-0.12
1784153558.9607,15:12:38.960,0.83,0.54,-0.11
1784153559.4609,15:12:39.460,0.83,0.55,-0.12
1784153559.9602,15:12:39.960,0.78,0.60,-0.16
1784153560.4596,15:12:40.459,0.77,0.62,-0.15
1784153560.9599,15:12:40.959,0.77,0.62,-0.15
1784153561.4591,15:12:41.459,0.73,0.66,-0.17
1784153561.9588,15:12:41.958,0.72,0.67,-0.18
1784153562.4592,15:12:42.459,0.72,0.67,-0.16
1784153562.9595,15:12:42.959,0.73,0.67,-0.16
1784153563.4587,15:12:43.458,0.75,0.65,-0.14
1784153563.9591,15:12:43.959,0.75,0.65,-0.14
1784153564.4587,15:12:44.458,0.76,0.63,-0.14
1784153564.9583,15:12:44.958,0.81,0.57,-0.15
1784153565.4586,15:12:45.458,0.85,0.52,-0.12
1784153565.9582,15:12:45.958,0.88,0.46,-0.10
1784153566.4577,15:12:46.457,0.88,0.46,-0.10
1784153566.958,15:12:46.958,0.83,0.53,-0.17
1784153567.4579,15:12:47.457,0.79,0.57,-0.24
1784153567.9577,15:12:47.957,0.78,0.58,-0.25
1784153568.4578,15:12:48.457,0.77,0.59,-0.26
1784153568.9576,15:12:48.957,0.96,0.27,0.03
1784153569.4569,15:12:49.456,0.97,0.24,0.06
1784153569.9567,15:12:49.956,0.98,0.20,0.07
1784153570.4566,15:12:50.456,0.89,0.42,-0.15
1784153570.9558,15:12:50.955,0.93,0.36,-0.08
1784153571.4559,15:12:51.455,0.92,0.38,-0.05
1784153571.9559,15:12:51.955,0.87,0.49,-0.11
1784153572.4554,15:12:52.455,0.84,0.53,-0.13
1784153572.9552,15:12:52.955,0.79,0.59,-0.18
1784153573.4555,15:12:53.455,0.75,0.62,-0.22
1784153573.9551,15:12:53.955,0.73,0.64,-0.25
1784153574.4549,15:12:54.454,0.74,0.64,-0.22
1784153574.9546,15:12:54.954,0.72,0.66,-0.22
1784153575.4542,15:12:55.454,0.71,0.67,-0.21
1784153575.9541,15:12:55.954,0.71,0.67,-0.22
1784153576.4543,15:12:56.454,0.74,0.64,-0.21
1784153576.954,15:12:56.954,0.77,0.60,-0.23
1784153577.4534,15:12:57.453,0.83,0.52,-0.22
1784153577.9539,15:12:57.953,0.88,0.44,-0.20
1784153578.4537,15:12:58.453,0.99,0.09,0.07
1784153578.9538,15:12:58.953,0.97,0.23,-0.10
1784153579.4538,15:12:59.453,0.97,0.22,-0.09
1784153579.9539,15:12:59.953,0.97,0.22,-0.08
1784153580.4531,15:13:00.453,0.94,0.32,-0.13
1784153580.9534,15:13:00.953,0.92,0.38,-0.13
1784153581.4534,15:13:01.453,0.90,0.42,-0.14
1784153581.9527,15:13:01.952,0.90,0.42,-0.13
1784153582.4527,15:13:02.452,0.91,0.40,-0.12
1784153582.953,15:13:02.953,0.91,0.39,-0.12
1784153583.4524,15:13:03.452,0.90,0.42,-0.12
1784153583.9526,15:13:03.952,0.87,0.47,-0.14
1784153584.4525,15:13:04.452,0.84,0.52,-0.15
1784153584.9519,15:13:04.951,0.77,0.60,-0.20
1784153585.452,15:13:05.452,0.75,0.63,-0.20
1784153585.9516,15:13:05.951,0.75,0.63,-0.18
1784153586.4512,15:13:06.451,0.75,0.64,-0.19
1784153586.9514,15:13:06.951,0.74,0.64,-0.21
1784153587.4509,15:13:07.450,0.71,0.67,-0.24
1784153587.9503,15:13:07.950,0.69,0.68,-0.25
1784153588.4506,15:13:08.450,0.68,0.68,-0.27
1784153588.9506,15:13:08.950,0.68,0.67,-0.28
1784153589.4505,15:13:09.450,0.69,0.67,-0.27
1784153589.9501,15:13:09.950,0.73,0.64,-0.25
1784153590.4502,15:13:10.450,0.82,0.54,-0.18
1784153590.9498,15:13:10.949,0.91,0.41,-0.10
1784153591.4497,15:13:11.449,0.98,0.12,0.14
1784153591.9499,15:13:11.949,0.96,0.29,-0.04
1784153592.4495,15:13:12.449,0.96,0.29,-0.03
1784153592.9493,15:13:12.949,0.94,0.32,-0.05
1784153593.4495,15:13:13.449,0.89,0.44,-0.14
1784153593.9492,15:13:13.949,0.82,0.53,-0.23
1784153594.4492,15:13:14.449,0.73,0.59,-0.33
1784153594.9493,15:13:14.949,0.67,0.63,-0.39
1784153595.4491,15:13:15.449,0.65,0.64,-0.40
1784153595.9488,15:13:15.948,0.66,0.66,-0.37
1784153596.449,15:13:16.449,0.73,0.62,-0.30
1784153596.9489,15:13:16.948,0.78,0.58,-0.25
1784153597.4485,15:13:17.448,0.84,0.52,-0.17
1784153597.9484,15:13:17.948,0.86,0.50,-0.13
1784153598.4483,15:13:18.448,0.86,0.51,-0.08
1784153598.9474,15:13:18.947,0.82,0.55,-0.12
1784153599.4474,15:13:19.447,0.83,0.55,-0.15
1784153599.9469,15:13:19.946,0.83,0.54,-0.14
1784153600.4462,15:13:20.446,0.82,0.55,-0.13
1784153600.9463,15:13:20.946,0.82,0.56,-0.11
1784153601.4463,15:13:21.446,0.76,0.62,-0.17
1784153601.9458,15:13:21.945,0.74,0.64,-0.22
1784153602.4458,15:13:22.445,0.74,0.64,-0.21
1784153602.9463,15:13:22.946,0.75,0.64,-0.20
1784153603.4455,15:13:23.445,0.75,0.64,-0.20
1784153603.9459,15:13:23.945,0.75,0.63,-0.18
1784153604.4458,15:13:24.445,0.75,0.63,-0.17
1784153604.9454,15:13:24.945,0.76,0.63,-0.18
1784153605.4451,15:13:25.445,0.85,0.51,-0.12
1784153605.9453,15:13:25.945,0.86,0.49,-0.12
1784153606.4446,15:13:26.444,0.87,0.48,-0.12
1784153606.9448,15:13:26.944,0.84,0.52,-0.14
1784153607.4449,15:13:27.444,0.81,0.56,-0.17
1784153607.9447,15:13:27.944,0.74,0.63,-0.22
1784153608.4446,15:13:28.444,0.75,0.64,-0.18
1784153608.9446,15:13:28.944,0.74,0.65,-0.16
1784153609.4445,15:13:29.444,0.75,0.64,-0.15
1784153609.9439,15:13:29.943,0.75,0.64,-0.16
1784153610.4446,15:13:30.444,0.75,0.64,-0.16
1784153610.9446,15:13:30.944,0.76,0.63,-0.16
1784153611.4441,15:13:31.444,0.77,0.62,-0.18
1784153611.9443,15:13:31.944,0.80,0.56,-0.21
1784153612.4442,15:13:32.444,0.83,0.51,-0.22
1784153612.9434,15:13:32.943,0.91,0.38,-0.15
1784153613.4432,15:13:33.443,0.96,0.27,-0.06
1784153613.9429,15:13:33.942,0.98,0.19,0.01
1784153614.4423,15:13:34.442,0.99,0.17,0.02
1784153614.942,15:13:34.942,0.99,0.12,0.00
1784153615.4414,15:13:35.441,0.99,0.11,-0.02
1784153615.9407,15:13:35.940,1.00,0.08,0.00
1784153616.4412,15:13:36.441,1.00,0.08,0.01
1784153616.9413,15:13:36.941,1.00,0.07,0.02
1784153617.4408,15:13:37.440,0.99,0.17,-0.04
1784153617.9409,15:13:37.940,0.98,0.18,-0.02
1784153618.4412,15:13:38.441,0.99,0.15,0.03
1784153618.9405,15:13:38.940,0.99,0.15,0.03
1784153619.4406,15:13:39.440,0.98,-0.01,0.19
1784153619.9409,15:13:39.940,0.98,-0.05,0.21
1784153620.4403,15:13:40.440,0.98,-0.04,0.21
1784153620.9406,15:13:40.940,0.98,-0.04,0.21
1784153621.441,15:13:41.441,0.98,-0.08,0.20
1784153621.9407,15:13:41.940,0.99,-0.07,0.14
1784153622.4407,15:13:42.440,0.99,-0.07,0.14
1784153622.9405,15:13:42.940,0.99,0.05,0.09
1784153623.44,15:13:43.440,0.99,0.12,0.03
1784153623.9398,15:13:43.939,0.99,0.12,0.03
1784153624.4397,15:13:44.439,0.99,0.12,0.03
1784153624.9391,15:13:44.939,0.99,0.12,0.00
1784153625.439,15:13:45.439,0.99,0.13,-0.01
1784153625.9396,15:13:45.939,0.99,0.14,0.01
1784153626.4389,15:13:46.438,0.99,0.15,0.02
1784153626.9383,15:13:46.938,0.98,0.18,0.00
1784153627.439,15:13:47.439,0.98,0.18,0.00
1784153627.9389,15:13:47.938,0.98,0.19,-0.01
1784153628.438,15:13:48.438,0.96,0.26,-0.11
1784153628.9382,15:13:48.938,0.91,0.36,-0.20
1784153629.4377,15:13:49.437,0.85,0.46,-0.25
1784153629.9373,15:13:49.937,0.79,0.54,-0.31
1784153630.4376,15:13:50.437,0.78,0.55,-0.29
1784153630.9375,15:13:50.937,0.83,0.52,-0.21
1784153631.4368,15:13:51.436,0.89,0.44,-0.13
1784153631.9368,15:13:51.936,0.93,0.37,-0.06
1784153632.437,15:13:52.437,0.93,0.35,-0.02
1784153632.9367,15:13:52.936,0.98,0.05,0.19
1784153633.4367,15:13:53.436,0.97,-0.02,0.25
1784153633.9366,15:13:53.936,0.98,0.20,0.08
1784153634.436,15:13:54.436,0.98,0.20,0.10
1784153634.9359,15:13:54.935,0.98,0.20,0.06
1784153635.4359,15:13:55.435,0.96,0.29,0.02
1784153635.9354,15:13:55.935,0.90,0.43,-0.07
1784153636.4354,15:13:56.435,0.97,0.14,0.18
1784153636.9357,15:13:56.935,0.97,0.15,0.19
1784153637.4353,15:13:57.435,0.97,0.17,0.18
1784153637.935,15:13:57.935,0.97,0.18,0.17
1784153638.435,15:13:58.435,0.97,0.19,0.16
1784153638.9352,15:13:58.935,0.97,0.19,0.15
1784153639.435,15:13:59.435,0.97,0.23,0.10
1784153639.9349,15:13:59.934,0.93,0.36,-0.04
1784153640.4345,15:14:00.434,0.96,0.29,0.01
1784153640.934,15:14:00.934,0.96,0.28,0.00
1784153641.4338,15:14:01.433,0.95,0.32,-0.03
1784153641.9337,15:14:01.933,0.95,0.32,-0.04
1784153642.4335,15:14:02.433,0.94,0.35,-0.06
1784153642.9333,15:14:02.933,0.98,0.20,0.03
1784153643.4332,15:14:03.433,0.98,0.21,-0.04
1784153643.9326,15:14:03.932,1.00,0.09,0.02
1784153644.4331,15:14:04.433,1.00,0.07,0.05
1784153644.9327,15:14:04.932,0.99,0.09,0.08
1784153645.4322,15:14:05.432,0.99,0.15,0.07
1784153645.932,15:14:05.932,0.98,0.19,0.05
1784153646.4318,15:14:06.431,0.98,0.20,0.03
1784153646.9311,15:14:06.931,0.98,0.21,0.02
1784153647.431,15:14:07.431,0.96,0.28,-0.04
1784153647.9312,15:14:07.931,0.93,0.36,-0.10
1784153648.4309,15:14:08.430,0.93,0.36,-0.11
1784153648.9311,15:14:08.931,0.95,0.29,-0.09
1784153649.4314,15:14:09.431,0.96,0.27,-0.11
1784153649.9312,15:14:09.931,0.96,0.27,-0.11
1784153650.4309,15:14:10.430,0.93,0.33,-0.16
1784153650.931,15:14:10.931,0.89,0.40,-0.19
1784153651.4305,15:14:11.430,0.90,0.41,-0.16
1784153651.9303,15:14:11.930,0.92,0.37,-0.13
1784153652.4303,15:14:12.430,0.95,0.29,-0.06
1784153652.9301,15:14:12.930,0.96,0.28,-0.06
1784153653.4301,15:14:13.430,0.94,0.32,-0.10
1784153653.9302,15:14:13.930,0.93,0.35,-0.11
1784153654.4296,15:14:14.429,0.94,0.34,-0.10
1784153654.9293,15:14:14.929,0.95,0.29,-0.07
1784153655.4293,15:14:15.429,0.96,0.28,-0.07
1784153655.929,15:14:15.929,0.95,0.30,-0.07
1784153656.4286,15:14:16.428,0.93,0.35,-0.11
1784153656.9289,15:14:16.928,0.90,0.41,-0.17
1784153657.4285,15:14:17.428,0.89,0.41,-0.18
1784153657.9276,15:14:17.927,0.96,0.27,-0.03
1784153658.4278,15:14:18.427,0.99,0.13,0.08
1784153658.9281,15:14:18.928,0.99,0.12,0.06
1784153659.4279,15:14:19.427,0.99,0.14,0.02
1784153659.9282,15:14:19.928,0.99,0.11,-0.02
1784153660.4282,15:14:20.428,0.99,-0.06,0.14
1784153660.9275,15:14:20.927,0.98,-0.09,0.17
1784153661.4275,15:14:21.427,1.00,0.03,0.06
1784153661.9273,15:14:21.927,1.00,0.03,0.06
1784153662.4272,15:14:22.427,1.00,0.05,0.06
1784153662.9276,15:14:22.927,0.99,0.15,-0.01
1784153663.4274,15:14:23.427,0.98,0.22,0.01
1784153663.927,15:14:23.927,0.97,0.22,0.03
1784153664.4273,15:14:24.427,0.98,0.06,0.17
1784153664.9265,15:14:24.926,0.98,0.10,0.15
1784153665.4257,15:14:25.425,0.98,0.12,0.16
1784153665.9255,15:14:25.925,0.92,0.40,-0.04
1784153666.4256,15:14:26.425,0.86,0.49,-0.12
1784153666.9256,15:14:26.925,0.80,0.56,-0.23
1784153667.4255,15:14:27.425,0.76,0.58,-0.28
1784153667.9257,15:14:27.925,0.75,0.59,-0.29
1784153668.4257,15:14:28.425,0.94,0.34,-0.04
1784153668.9255,15:14:28.925,0.96,0.29,0.00
1784153669.4258,15:14:29.425,0.97,0.25,0.03
1784153669.9255,15:14:29.925,0.96,0.27,-0.07
1784153670.4248,15:14:30.424,0.99,0.16,0.00
1784153670.925,15:14:30.925,0.99,0.16,-0.01
1784153671.4246,15:14:31.424,0.99,0.16,-0.02
1784153671.9243,15:14:31.924,0.99,0.12,0.02
1784153672.4249,15:14:32.424,0.99,0.14,0.06
1784153672.9246,15:14:32.924,0.97,0.26,-0.01
1784153673.424,15:14:33.424,0.90,0.41,-0.12
1784153673.9243,15:14:33.924,0.81,0.54,-0.21
1784153674.4239,15:14:34.423,0.81,0.55,-0.18
1784153674.9234,15:14:34.923,0.84,0.53,-0.15
1784153675.424,15:14:35.424,0.84,0.52,-0.14
1784153675.9241,15:14:35.924,0.87,0.48,-0.11
1784153676.4235,15:14:36.423,0.87,0.48,-0.11
1784153676.9236,15:14:36.923,0.88,0.47,-0.11
1784153677.4232,15:14:37.423,0.88,0.46,-0.12
1784153677.9225,15:14:37.922,0.91,0.41,-0.07
1784153678.4225,15:14:38.422,0.92,0.40,-0.02
1784153678.9227,15:14:38.922,0.91,0.42,-0.01
1784153679.4223,15:14:39.422,0.89,0.45,-0.04
1784153679.9224,15:14:39.922,0.86,0.50,-0.08
1784153680.4221,15:14:40.422,0.84,0.52,-0.13
1784153680.9217,15:14:40.921,0.81,0.57,-0.16
1784153681.4215,15:14:41.421,0.76,0.62,-0.22
1784153681.9213,15:14:41.921,0.72,0.64,-0.26
1784153682.4204,15:14:42.420,0.71,0.65,-0.27
1784153682.9202,15:14:42.920,0.73,0.64,-0.25
1784153683.4207,15:14:43.420,0.75,0.62,-0.23
1784153683.9203,15:14:43.920,0.77,0.59,-0.22
1784153684.4206,15:14:44.420,0.79,0.57,-0.22
1784153684.9208,15:14:44.920,0.81,0.55,-0.22
1784153685.4201,15:14:45.420,0.80,0.55,-0.23
1784153685.9197,15:14:45.919,0.76,0.58,-0.30
1784153686.4196,15:14:46.419,0.76,0.58,-0.30
1784153686.9193,15:14:46.919,0,0,0
1784153687.419,15:14:47.419,0.77,0.57,-0.28
1784153687.919,15:14:47.919,0.79,0.56,-0.26
1784153688.4187,15:14:48.418,0.80,0.56,-0.23
1784153688.9187,15:14:48.918,0.87,0.46,-0.16
1784153689.4188,15:14:49.418,0.92,0.38,-0.10
1784153689.9182,15:14:49.918,0.92,0.38,-0.11
1784153690.4175,15:14:50.417,0.88,0.45,-0.15
1784153690.9181,15:14:50.918,0.84,0.51,-0.20
1784153691.4179,15:14:51.417,0.78,0.57,-0.26
1784153691.9176,15:14:51.917,0.75,0.60,-0.25
1784153692.4176,15:14:52.417,0.74,0.62,-0.25
1784153692.9175,15:14:52.917,0.71,0.65,-0.27
1784153693.4171,15:14:53.417,0.72,0.65,-0.26
1784153693.9168,15:14:53.916,0.72,0.64,-0.27
1784153694.4164,15:14:54.416,0.79,0.56,-0.24
1784153694.9165,15:14:54.916,0.87,0.46,-0.18
1784153695.4165,15:14:55.416,0.95,0.31,-0.08
1784153695.9162,15:14:55.916,0.99,0.14,0.07
1784153696.416,15:14:56.416,0.99,0.08,0.13
1784153696.9161,15:14:56.916,0.98,0.08,0.17
1784153697.4161,15:14:57.416,0.98,0.06,0.19
1784153697.9159,15:14:57.915,0.98,0.06,0.19
1784153698.4157,15:14:58.415,0.98,0.06,0.20
1784153698.9162,15:14:58.916,0.98,0.07,0.19
1784153699.4158,15:14:59.415,0.98,0.10,0.16
1784153699.9157,15:14:59.915,0.98,0.15,0.12
1784153700.4157,15:15:00.415,0.98,0.17,0.10
1784153700.9153,15:15:00.915,0.98,0.19,0.08
1784153701.415,15:15:01.415,0.97,0.23,0.06
1784153701.915,15:15:01.915,0.97,0.24,0.08
1784153702.4149,15:15:02.414,0.96,0.26,0.06
1784153702.9147,15:15:02.914,0.96,0.27,0.05
1784153703.4148,15:15:03.414,0.97,0.22,0.08
1784153703.9142,15:15:03.914,0.98,0.19,0.09
1784153704.4139,15:15:04.413,0.98,0.19,0.08
1784153704.9141,15:15:04.914,0.96,0.27,0.02
1784153705.4134,15:15:05.413,0.96,0.27,0.02
1784153705.9128,15:15:05.912,0.97,0.26,0.02
1784153706.4129,15:15:06.412,0.97,0.23,0.05
1784153706.9129,15:15:06.912,0.97,0.23,0.07
1784153707.4126,15:15:07.412,0.97,0.21,0.08
1784153707.9128,15:15:07.912,0.98,0.20,0.08
1784153708.4127,15:15:08.412,0.98,0.20,0.06
1784153708.9125,15:15:08.912,0.96,0.27,0.00
1784153709.4132,15:15:09.413,0.97,0.26,-0.01
1784153709.9132,15:15:09.913,0.96,0.29,-0.03
1784153710.4127,15:15:10.412,0.97,0.26,0.00
1784153710.913,15:15:10.913,0.97,0.24,0.02
1784153711.4125,15:15:11.412,0.97,0.24,0.03
1784153711.912,15:15:11.912,0.97,0.24,0.03
1784153712.4118,15:15:12.411,0.97,0.24,0.01
1784153712.9113,15:15:12.911,0.96,0.27,-0.05
1784153713.4111,15:15:13.411,0.96,0.28,-0.07
1784153713.9106,15:15:13.910,0.94,0.32,-0.13
1784153714.4106,15:15:14.410,0.93,0.32,-0.15
1784153714.9103,15:15:14.910,0.94,0.30,-0.15
1784153715.4099,15:15:15.409,0.97,0.24,-0.09
1784153715.91,15:15:15.910,0.98,0.21,-0.07
1784153716.4096,15:15:16.409,0.98,0.21,-0.07
1784153716.9096,15:15:16.909,0.96,0.27,-0.11
1784153717.41,15:15:17.410,0.93,0.34,-0.12
1784153717.9093,15:15:17.909,0.91,0.38,-0.14
1784153718.4087,15:15:18.408,0.91,0.38,-0.15
1784153718.9092,15:15:18.909,0.88,0.43,-0.20
1784153719.4089,15:15:19.408,0.87,0.45,-0.18
1784153719.9081,15:15:19.908,0.92,0.38,-0.07
1784153720.4084,15:15:20.408,0.95,0.32,-0.02
1784153720.908,15:15:20.908,0.95,0.30,-0.02
1784153721.4075,15:15:21.407,0.96,0.29,-0.03
1784153721.9079,15:15:21.907,0.95,0.29,-0.06
1784153722.408,15:15:22.408,0.95,0.28,-0.12
1784153722.9076,15:15:22.907,0.98,0.21,-0.06
1784153723.4073,15:15:23.407,0.98,0.17,-0.03
1784153723.9077,15:15:23.907,0.99,0.14,0.00
1784153724.407,15:15:24.407,1.00,0.09,0.03
1784153724.9072,15:15:24.907,0.99,-0.03,0.10
1784153725.4077,15:15:25.407,0.99,-0.07,0.12
1784153725.907,15:15:25.907,0.99,-0.07,0.12
1784153726.407,15:15:26.407,1.00,-0.02,0.08
1784153726.9072,15:15:26.907,1.00,0.00,0.06
1784153727.4068,15:15:27.406,1.00,-0.01,0.06
1784153727.907,15:15:27.907,1.00,0.01,0.04
1784153728.4071,15:15:28.407,1.00,0.01,0.04
1784153728.9069,15:15:28.906,1.00,0.08,-0.02
1784153729.4065,15:15:29.406,0.99,0.14,-0.05
1784153729.907,15:15:29.907,0.98,0.19,-0.06
1784153730.4064,15:15:30.406,0.97,0.21,-0.07
1784153730.9061,15:15:30.906,0.95,0.31,-0.11
1784153731.4061,15:15:31.406,0.93,0.34,-0.12
1784153731.9056,15:15:31.905,0.93,0.36,-0.12
1784153732.405,15:15:32.405,0.91,0.39,-0.12
1784153732.9049,15:15:32.904,0.92,0.38,-0.11
1784153733.4043,15:15:33.404,0.92,0.38,-0.12
1784153733.9042,15:15:33.904,0.92,0.38,-0.14
1784153734.4042,15:15:34.404,0.92,0.37,-0.15
1784153734.9039,15:15:34.903,0.94,0.32,-0.12
1784153735.4037,15:15:35.403,0.94,0.33,-0.09
1784153735.9038,15:15:35.903,0.92,0.37,-0.11
1784153736.4032,15:15:36.403,0.93,0.37,-0.10
1784153736.9029,15:15:36.902,0.92,0.39,-0.09
1784153737.4029,15:15:37.402,0.92,0.38,-0.08
1784153737.9032,15:15:37.903,0.90,0.44,-0.08
1784153738.4026,15:15:38.402,0.88,0.46,-0.09
1784153738.9029,15:15:38.902,0.84,0.53,-0.11
1784153739.4028,15:15:39.402,0.84,0.54,-0.09
1784153739.9024,15:15:39.902,0.85,0.52,-0.06
1784153740.4027,15:15:40.402,0.87,0.49,-0.05
1784153740.9024,15:15:40.902,0.92,0.40,0.02
1784153741.4021,15:15:41.402,0.93,0.37,0.04
1784153741.9023,15:15:41.902,0.93,0.37,0.06
1784153742.4024,15:15:42.402,0.90,0.43,0.03
1784153742.9018,15:15:42.901,0.90,0.44,0.01
1784153743.4017,15:15:43.401,0.96,0.17,0.21
1784153743.9017,15:15:43.901,0.88,0.48,-0.02
1784153744.4011,15:15:44.401,0.87,0.49,-0.03
1784153744.9009,15:15:44.900,0.84,0.53,-0.08
1784153745.4014,15:15:45.401,0.84,0.53,-0.10
1784153745.901,15:15:45.901,0.83,0.55,-0.13
1784153746.4011,15:15:46.401,0.83,0.54,-0.16
1784153746.9013,15:15:46.901,0.83,0.53,-0.17
1784153747.401,15:15:47.401,0.86,0.48,-0.16
1784153747.9004,15:15:47.900,0.89,0.44,-0.13
1784153748.4003,15:15:48.400,0.89,0.44,-0.14
1784153748.8998,15:15:48.899,0.88,0.46,-0.11
1784153749.3994,15:15:49.399,0.88,0.46,-0.08
1784153749.8999,15:15:49.899,0.88,0.47,-0.07
1784153750.3996,15:15:50.399,0.88,0.47,-0.07
1784153750.8993,15:15:50.899,0.89,0.46,-0.04
1784153751.3995,15:15:51.399,0.90,0.43,-0.04
1784153751.8992,15:15:51.899,0.90,0.43,-0.04
1784153752.3986,15:15:52.398,0.91,0.42,-0.05
1784153752.8991,15:15:52.899,0.90,0.43,-0.05
1784153753.3991,15:15:53.399,0.89,0.45,-0.08
1784153753.8986,15:15:53.898,0.88,0.47,-0.07
1784153754.399,15:15:54.399,0.86,0.50,-0.08
1784153754.8991,15:15:54.899,0.85,0.52,-0.07
1784153755.3983,15:15:55.398,0.83,0.55,-0.08
1784153755.8984,15:15:55.898,0.82,0.56,-0.09
1784153756.3986,15:15:56.398,0.82,0.56,-0.09
1784153756.8979,15:15:56.897,0.86,0.51,-0.05
1784153757.3981,15:15:57.398,0.88,0.47,-0.03
1784153757.8985,15:15:57.898,0.90,0.44,-0.01
1784153758.398,15:15:58.398,0.92,0.39,-0.05
1784153758.898,15:15:58.898,0.93,0.36,-0.07
1784153759.3979,15:15:59.397,0.96,0.28,-0.02
1784153759.8971,15:15:59.897,0.96,0.28,-0.03
1784153760.397,15:16:00.397,0.96,0.28,-0.05
1784153760.8968,15:16:00.896,0.95,0.30,-0.09
1784153761.3964,15:16:01.396,0.92,0.35,-0.16
1784153761.896,15:16:01.896,0.92,0.35,-0.17
1784153762.3961,15:16:02.396,0.96,0.25,-0.10
1784153762.8955,15:16:02.895,0.98,0.19,-0.06
1784153763.3953,15:16:03.395,0.98,0.18,-0.07
1784153763.8951,15:16:03.895,0.98,0.18,-0.06
1784153764.395,15:16:04.395,0.98,0.17,-0.05
1784153764.8944,15:16:04.894,1.00,0.08,0.03
1784153765.3945,15:16:05.394,0.99,0.09,0.04
1784153765.8949,15:16:05.894,0.98,-0.02,0.18
1784153766.3942,15:16:06.394,0.99,0.04,0.13
1784153766.8942,15:16:06.894,0.94,0.33,-0.11
1784153767.3941,15:16:07.394,0.90,0.40,-0.16
1784153767.8935,15:16:07.893,0.89,0.43,-0.18
1784153768.3937,15:16:08.393,0.88,0.43,-0.19
1784153768.8938,15:16:08.893,0.88,0.42,-0.21
1784153769.3932,15:16:09.393,0.88,0.41,-0.22
1784153769.8935,15:16:09.893,0.91,0.36,-0.17
1784153770.3931,15:16:10.393,0.92,0.36,-0.16
1784153770.893,15:16:10.893,0.93,0.35,-0.15
1784153771.393,15:16:11.393,0.93,0.35,-0.14
1784153771.8933,15:16:11.893,0.92,0.37,-0.16
1784153772.3929,15:16:12.392,0.91,0.38,-0.17
1784153772.8932,15:16:12.893,0.94,0.31,-0.11
1784153773.3936,15:16:13.393,0.97,0.24,-0.05
1784153773.8931,15:16:13.893,0.97,0.24,-0.05
1784153774.3927,15:16:14.392,0.97,0.24,-0.01
1784153774.893,15:16:14.893,0.98,0.20,0.03
1784153775.3922,15:16:15.392,0.99,0.12,0.09
1784153775.8921,15:16:15.892,0.99,0.13,0.08
1784153776.3916,15:16:16.391,0.99,0.16,0.05
1784153776.8913,15:16:16.891,0.98,0.17,0.05
1784153777.3911,15:16:17.391,0.98,0.20,0.02
1784153777.8913,15:16:17.891,0.98,0.21,0.02
1784153778.3911,15:16:18.391,0.97,0.23,0.02
1784153778.8911,15:16:18.891,0.97,0.25,0.01
1784153779.391,15:16:19.391,0.97,0.25,0.00
1784153779.8908,15:16:19.890,0.97,0.24,-0.02
1784153780.3901,15:16:20.390,0.97,0.24,-0.02
1784153780.8899,15:16:20.889,0.97,0.24,-0.05
1784153781.3896,15:16:21.389,0.97,0.22,-0.07
1784153781.8892,15:16:21.889,0.97,0.22,-0.06
1784153782.3901,15:16:22.390,0.97,0.25,-0.06
1784153782.8901,15:16:22.890,0.96,0.27,-0.07
1784153783.3896,15:16:23.389,0.95,0.30,-0.12
1784153783.8896,15:16:23.889,0.99,0.09,0.08
1784153784.3897,15:16:24.389,0.95,0.31,-0.09
1784153784.8891,15:16:24.889,0.94,0.32,-0.07
1784153785.3892,15:16:25.389,0.94,0.32,-0.07
1784153785.8893,15:16:25.889,0.94,0.32,-0.07
1784153786.3886,15:16:26.388,0.94,0.32,-0.08
1784153786.8888,15:16:26.888,0.93,0.35,-0.09
1784153787.3888,15:16:27.388,0.94,0.34,-0.09
1784153787.8883,15:16:27.888,0.94,0.32,-0.12
1784153788.3881,15:16:28.388,0.95,0.30,-0.10
1784153788.8882,15:16:28.888,0.98,0.22,-0.01
1784153789.3878,15:16:29.387,0.97,0.23,-0.01
1784153789.8879,15:16:29.887,0.97,0.25,-0.03
1784153790.3879,15:16:30.387,0.97,0.25,-0.03
1784153790.8872,15:16:30.887,0.97,0.25,-0.05
1784153791.3868,15:16:31.386,0.98,0.20,-0.03
1784153791.8867,15:16:31.886,0.99,0.14,0.02
1784153792.3865,15:16:32.386,0.99,0.13,0.03
1784153792.886,15:16:32.886,0.99,0.12,0.02
1784153793.3862,15:16:33.386,0.98,0.20,-0.06
1784153793.8856,15:16:33.885,0.97,0.22,-0.08
1784153794.3854,15:16:34.385,0.97,0.23,-0.08
1784153794.8851,15:16:34.885,0.97,0.24,-0.07
1784153795.3847,15:16:35.384,0.94,0.32,-0.10
1784153795.8844,15:16:35.884,0.91,0.38,-0.14
1784153796.3848,15:16:36.384,0.90,0.41,-0.14
1784153796.8842,15:16:36.884,0.90,0.41,-0.14
1784153797.3841,15:16:37.384,0.91,0.40,-0.12
1784153797.8847,15:16:37.884,0.94,0.33,-0.09
1784153798.3844,15:16:38.384,0.95,0.29,-0.10
1784153798.8842,15:16:38.884,0.95,0.29,-0.11
1784153799.3847,15:16:39.384,0.97,0.23,-0.06
1784153799.8849,15:16:39.884,0.98,0.20,-0.02
1784153800.3841,15:16:40.384,0.98,0.20,0.02
1784153800.8843,15:16:40.884,0.99,0.16,0.05
1784153801.3838,15:16:41.383,0.99,0.11,0.07
1784153801.8834,15:16:41.883,0.99,0.10,0.06
1784153802.3831,15:16:42.383,0.99,0.10,0.06
1784153802.8825,15:16:42.882,0.99,0.05,0.09
1784153803.3819,15:16:43.381,0.99,0.05,0.09
1784153803.8817,15:16:43.881,0.99,0.12,0.03
1784153804.382,15:16:44.382,0.99,0.17,-0.01
1784153804.8818,15:16:44.881,0.98,0.20,-0.02
1784153805.3821,15:16:45.382,0.98,0.22,-0.03
1784153805.8821,15:16:45.882,0.97,0.24,-0.06
1784153806.3814,15:16:46.381,0.96,0.26,-0.05
1784153806.881,15:16:46.881,0.96,0.28,-0.06
1784153807.3815,15:16:47.381,0.96,0.29,-0.04
1784153807.881,15:16:47.881,0.95,0.30,-0.02
1784153808.3812,15:16:48.381,0.96,0.29,0.00
1784153808.8817,15:16:48.881,0.96,0.29,-0.04
1784153809.3814,15:16:49.381,0.92,0.38,-0.12
1784153809.8813,15:16:49.881,0.92,0.37,-0.12
1784153810.382,15:16:50.382,0.99,0.11,0.13
1784153810.8813,15:16:50.881,0.94,0.34,-0.07
1784153811.3813,15:16:51.381,0.93,0.36,-0.06
1784153811.8814,15:16:51.881,0.92,0.38,-0.03
1784153812.3812,15:16:52.381,0.93,0.38,-0.02
1784153812.8808,15:16:52.880,0.93,0.38,-0.02
1784153813.3805,15:16:53.380,0.91,0.41,-0.02
1784153813.88,15:16:53.880,0.91,0.41,-0.01
1784153814.38,15:16:54.380,0.90,0.44,-0.02
1784153814.8804,15:16:54.880,0.89,0.45,-0.02
1784153815.3798,15:16:55.379,0.86,0.51,-0.07
1784153815.8793,15:16:55.879,0.79,0.60,-0.16
1784153816.3795,15:16:56.379,0.76,0.63,-0.19
1784153816.8796,15:16:56.879,0.76,0.61,-0.20
1784153817.3791,15:16:57.379,0.78,0.59,-0.19
1784153817.8793,15:16:57.879,0.82,0.55,-0.17
1784153818.3792,15:16:58.379,0.81,0.55,-0.17
1784153818.8792,15:16:58.879,0.81,0.57,-0.16
1784153819.3795,15:16:59.379,0.81,0.56,-0.17
1784153819.8797,15:16:59.879,0.80,0.57,-0.19
1784153820.3792,15:17:00.379,0.86,0.49,-0.11
1784153820.8786,15:17:00.878,0.87,0.49,-0.09
1784153821.3784,15:17:01.378,0.88,0.48,-0.06
1784153821.8782,15:17:01.878,0.88,0.47,-0.08
1784153822.3781,15:17:02.378,0.88,0.45,-0.15
1784153822.8783,15:17:02.878,0.90,0.39,-0.18
1784153823.3774,15:17:03.377,0.91,0.36,-0.21
1784153823.8772,15:17:03.877,0.92,0.35,-0.19
1784153824.3773,15:17:04.377,0.96,0.27,-0.11
1784153824.8763,15:17:04.876,0.97,0.24,-0.07
1784153825.3762,15:17:05.376,0.98,0.18,-0.03
1784153825.8762,15:17:05.876,0.98,0.19,-0.01
1784153826.3752,15:17:06.375,0.98,0.21,-0.02
1784153826.8753,15:17:06.875,0.98,0.22,-0.01
1784153827.3757,15:17:07.375,0.97,0.23,-0.02
1784153827.8752,15:17:07.875,0.96,0.27,-0.08
1784153828.3748,15:17:08.374,0.96,0.27,-0.08
1784153828.8751,15:17:08.875,0.98,0.20,-0.03
1784153829.3745,15:17:09.374,0.98,0.21,-0.01
1784153829.8742,15:17:09.874,0.97,0.23,-0.01
1784153830.3748,15:17:10.374,0.97,0.22,-0.01
1784153830.8743,15:17:10.874,0.97,0.24,-0.02
1784153831.3739,15:17:11.373,0.97,0.25,-0.03
1784153831.8743,15:17:11.874,0.94,0.33,-0.11
1784153832.3745,15:17:12.374,0.94,0.33,-0.12
1784153832.8738,15:17:12.873,0.94,0.32,-0.14
1784153833.3734,15:17:13.373,0.94,0.31,-0.14
1784153833.8735,15:17:13.873,0.95,0.29,-0.13
1784153834.3727,15:17:14.372,0.95,0.30,-0.11
1784153834.873,15:17:14.873,0.95,0.29,-0.09
1784153835.3726,15:17:15.372,0.99,0.16,0.00
1784153835.8722,15:17:15.872,0.99,0.11,0.04
1784153836.3724,15:17:16.372,0.99,0.11,0.04
1784153836.8722,15:17:16.872,0.99,0.12,0.04
1784153837.3716,15:17:17.371,0.99,0.16,0.01
1784153837.8712,15:17:17.871,0.96,0.27,-0.05
1784153838.3713,15:17:18.371,0.96,0.26,-0.03
1784153838.8705,15:17:18.870,0.95,0.31,-0.07
1784153839.3702,15:17:19.370,0.99,0.10,0.12
1784153839.8706,15:17:19.870,0.99,0.10,0.11
1784153840.3703,15:17:20.370,0.99,0.03,0.14
1784153840.8701,15:17:20.870,0.98,0.18,0.01
1784153841.3702,15:17:21.370,0.99,0.16,0.01
1784153841.8698,15:17:21.869,0.99,0.15,0.02
1784153842.3698,15:17:22.369,0.99,0.15,0.02
1784153842.8698,15:17:22.869,0.97,0.22,-0.07
1784153843.3691,15:17:23.369,0.96,0.25,-0.13
1784153843.8687,15:17:23.868,0.96,0.24,-0.13
1784153844.369,15:17:24.369,0.96,0.25,-0.12
1784153844.8688,15:17:24.868,0.97,0.23,-0.12
1784153845.3682,15:17:25.368,0.98,0.20,-0.08
1784153845.8684,15:17:25.868,0.99,0.13,0.01
1784153846.3684,15:17:26.368,0.99,0.10,0.05
1784153846.8677,15:17:26.867,0.99,0.10,0.05
1784153847.3682,15:17:27.368,0.99,0.14,0.03
1784153847.8682,15:17:27.868,0.99,0.15,0.02
1784153848.3678,15:17:28.367,0.99,0.17,0.00
1784153848.8683,15:17:28.868,0.99,0.17,-0.01
1784153849.3681,15:17:29.368,0.96,0.26,-0.09
1784153849.8678,15:17:29.867,0.95,0.28,-0.13
1784153850.3676,15:17:30.367,0.95,0.28,-0.13
1784153850.8671,15:17:30.867,0.97,0.24,-0.09
1784153851.3667,15:17:31.366,0.97,0.25,-0.07
1784153851.8668,15:17:31.866,0.94,0.31,-0.13
1784153852.3672,15:17:32.367,0.95,0.29,-0.15
1784153852.8669,15:17:32.866,0.97,0.21,-0.08
1784153853.3669,15:17:33.366,0.97,0.21,-0.08
1784153853.8666,15:17:33.866,0.97,0.22,-0.09
1784153854.3664,15:17:34.366,0.97,0.24,-0.09
1784153854.8664,15:17:34.866,0.97,0.23,-0.09
1784153855.3662,15:17:35.366,0.94,0.30,-0.13
1784153855.866,15:17:35.866,0.95,0.31,-0.11
1784153856.3657,15:17:36.365,0.95,0.30,-0.10
1784153856.8657,15:17:36.865,0.97,0.24,-0.08
1784153857.3656,15:17:37.365,0.98,0.21,-0.06
1784153857.8648,15:17:37.864,0.98,0.19,-0.04
1784153858.3649,15:17:38.364,0.99,0.13,-0.01
1784153858.8649,15:17:38.864,0.99,0.11,0.01
1784153859.3648,15:17:39.364,0.99,0.11,0.01
1784153859.865,15:17:39.865,0.97,0.22,-0.09
1784153860.3649,15:17:40.364,0.92,0.36,-0.17
1784153860.8645,15:17:40.864,0.89,0.42,-0.17
1784153861.3648,15:17:41.364,0.86,0.48,-0.18
1784153861.8642,15:17:41.864,0.85,0.50,-0.14
1784153862.3637,15:17:42.363,0.87,0.47,-0.11
1784153862.8643,15:17:42.864,0.90,0.43,-0.07
1784153863.364,15:17:43.364,0.96,0.29,-0.01
1784153863.8631,15:17:43.863,0.95,0.30,0.00
1784153864.3634,15:17:44.363,0.88,0.46,-0.11
1784153864.8632,15:17:44.863,0.87,0.48,-0.11
1784153865.3624,15:17:45.362,0.87,0.49,-0.09
1784153865.8625,15:17:45.862,0.90,0.44,-0.06
1784153866.3625,15:17:46.362,0.89,0.44,-0.08
1784153866.8622,15:17:46.862,0.89,0.44,-0.09
1784153867.3624,15:17:47.362,0.94,0.35,-0.01
1784153867.8627,15:17:47.862,0.92,0.38,0.00
1784153868.3625,15:17:48.362,0.92,0.39,0.00
1784153868.8628,15:17:48.862,0.88,0.48,-0.06
1784153869.3622,15:17:49.362,0.88,0.46,-0.08
1784153869.8618,15:17:49.861,0.92,0.38,-0.05
1784153870.3619,15:17:50.361,0.94,0.35,-0.04
1784153870.862,15:17:50.862,0.95,0.31,-0.03
1784153871.3617,15:17:51.361,0.98,0.22,-0.01
1784153871.8612,15:17:51.861,0.98,0.19,0.03
1784153872.3616,15:17:52.361,0.99,0.13,0.05
1784153872.861,15:17:52.861,0.99,0.05,0.10
1784153873.3606,15:17:53.360,0.98,-0.03,0.18
1784153873.8609,15:17:53.860,0.98,-0.04,0.18
1784153874.3605,15:17:54.360,0.98,-0.05,0.18
1784153874.8597,15:17:54.859,0.98,-0.07,0.16
1784153875.3602,15:17:55.360,0.99,-0.05,0.11
1784153875.8597,15:17:55.859,1.00,-0.03,0.10
1784153876.3592,15:17:56.359,1.00,0.01,0.09
1784153876.8594,15:17:56.859,0.99,0.04,0.11
1784153877.3593,15:17:57.359,0.99,0.05,0.11
1784153877.8591,15:17:57.859,0.99,0.10,0.08
1784153878.3592,15:17:58.359,0.99,0.16,0.04
1784153878.8588,15:17:58.858,0.98,0.18,-0.01
1784153879.3585,15:17:59.358,0.97,0.23,-0.06
1784153879.8591,15:17:59.859,0.97,0.23,-0.07
1784153880.3586,15:18:00.358,0.98,0.17,-0.06
1784153880.8578,15:18:00.857,0.99,0.10,0.01
1784153881.3579,15:18:01.357,0.99,0.10,0.01
1784153881.8573,15:18:01.857,0.99,0.10,0.01
1784153882.3566,15:18:02.356,0.99,0.15,-0.03
1784153882.857,15:18:02.857,0.98,0.18,-0.06
1784153883.3569,15:18:03.356,0.97,0.21,-0.09
1784153883.8571,15:18:03.857,0.93,0.32,-0.17
1784153884.3567,15:18:04.356,0.90,0.41,-0.16
1784153884.8568,15:18:04.856,0.84,0.51,-0.16
1784153885.3566,15:18:05.356,0.79,0.58,-0.19
1784153885.8567,15:18:05.856,0.78,0.60,-0.18
1784153886.3563,15:18:06.356,0.78,0.60,-0.18
1784153886.8558,15:18:06.855,0.96,0.25,0.12
1784153887.3558,15:18:07.355,0.86,0.50,-0.12
1784153887.8559,15:18:07.855,0.94,0.35,-0.01
1784153888.3557,15:18:08.355,0.94,0.34,-0.03
1784153888.8557,15:18:08.855,0.94,0.34,-0.03
1784153889.3559,15:18:09.355,0.97,0.24,0.06
1784153889.8551,15:18:09.855,0.97,0.24,0.06
1784153890.3549,15:18:10.354,0.96,0.29,0.06
1784153890.855,15:18:10.855,0.95,0.31,0.07
1784153891.3548,15:18:11.354,0.95,0.31,0.09
1784153891.8545,15:18:11.854,0.94,0.32,0.08
1784153892.3545,15:18:12.354,0.92,0.38,0.04
1784153892.8546,15:18:12.854,0.91,0.42,0.00
1784153893.354,15:18:13.354,0.89,0.45,-0.01
1784153893.8541,15:18:13.854,0.88,0.48,-0.05
1784153894.3544,15:18:14.354,0.88,0.46,-0.06
1784153894.854,15:18:14.854,0.90,0.44,-0.07
1784153895.3543,15:18:15.354,0.92,0.39,-0.08
1784153895.8537,15:18:15.853,0.92,0.38,-0.09
1784153896.3532,15:18:16.353,0.94,0.34,-0.09
1784153896.8532,15:18:16.853,0.94,0.33,-0.08
1784153897.3531,15:18:17.353,0.96,0.27,-0.04
1784153897.8524,15:18:17.852,0.96,0.28,-0.03
1784153898.3527,15:18:18.352,0.93,0.36,-0.09
1784153898.8527,15:18:18.852,0.91,0.41,-0.12
1784153899.3524,15:18:19.352,0.87,0.47,-0.15
1784153899.8522,15:18:19.852,0.97,0.20,0.10
1784153900.3521,15:18:20.352,0.98,0.19,0.11
1784153900.8513,15:18:20.851,0.97,0.20,0.13
1784153901.3508,15:18:21.350,0.97,0.22,0.13
1784153901.851,15:18:21.851,0.96,0.24,0.12
1784153902.3515,15:18:22.351,0.96,0.25,0.11
1784153902.8513,15:18:22.851,0.96,0.24,0.13
1784153903.3515,15:18:23.351,0.97,0.16,0.18
1784153903.8514,15:18:23.851,0.97,0.09,0.24
1784153904.3506,15:18:24.350,0.95,0.31,0.05
1784153904.8511,15:18:24.851,0.94,0.35,0.02
1784153905.3508,15:18:25.350,0.91,0.42,-0.01
1784153905.8503,15:18:25.850,0.88,0.48,-0.02
1784153906.3503,15:18:26.350,0.82,0.57,-0.09
1784153906.8504,15:18:26.850,0.94,0.31,0.11
1784153907.3498,15:18:27.349,0.93,0.36,0.07
1784153907.8497,15:18:27.849,0.92,0.39,0.04
1784153908.3495,15:18:28.349,0.71,0.67,-0.21
1784153908.8492,15:18:28.849,0.70,0.68,-0.21
1784153909.3492,15:18:29.349,0.70,0.68,-0.21
1784153909.8495,15:18:29.849,0.69,0.69,-0.22
1784153910.3487,15:18:30.348,0.68,0.69,-0.23
1784153910.849,15:18:30.849,0.70,0.68,-0.22
1784153911.349,15:18:31.349,0.70,0.67,-0.24
1784153911.8482,15:18:31.848,0.70,0.67,-0.25
1784153912.3481,15:18:32.348,0.73,0.64,-0.25
1784153912.8482,15:18:32.848,0.73,0.63,-0.28
1784153913.3476,15:18:33.347,0.73,0.61,-0.31
1784153913.848,15:18:33.848,0.74,0.58,-0.33
1784153914.3483,15:18:34.348,0.84,0.49,-0.23
1784153914.8473,15:18:34.847,0.92,0.38,-0.12
1784153915.3478,15:18:35.347,0.95,0.32,-0.06
1784153915.8478,15:18:35.847,0.95,0.32,-0.03
1784153916.3473,15:18:36.347,0.93,0.37,-0.07
1784153916.847,15:18:36.847,0.92,0.38,-0.10
1784153917.3471,15:18:37.347,0.85,0.49,-0.21
1784153917.8466,15:18:37.846,0.78,0.56,-0.27
1784153918.3467,15:18:38.346,0.78,0.57,-0.25
1784153918.8467,15:18:38.846,0.81,0.54,-0.24
1784153919.346,15:18:39.346,0.84,0.51,-0.19
1784153919.8458,15:18:39.845,0.85,0.49,-0.17
1784153920.3457,15:18:40.345,0.89,0.44,-0.14
1784153920.8459,15:18:40.845,0.94,0.34,-0.08
1784153921.3458,15:18:41.345,0.93,0.35,-0.09
1784153921.8458,15:18:41.845,0.93,0.35,-0.09
1784153922.3455,15:18:42.345,0.93,0.36,-0.12
1784153922.8453,15:18:42.845,0.92,0.37,-0.12
1784153923.3451,15:18:43.345,0.91,0.40,-0.14
1784153923.8444,15:18:43.844,0.82,0.53,-0.22
1784153924.3438,15:18:44.343,0.81,0.55,-0.21
1784153924.8437,15:18:44.843,0.80,0.58,-0.16
1784153925.3433,15:18:45.343,0.79,0.59,-0.16
1784153925.8427,15:18:45.842,0.95,0.31,0.09
1784153926.3427,15:18:46.342,0.94,0.35,0.01
1784153926.8428,15:18:46.842,0.64,0.69,-0.34
1784153927.3423,15:18:47.342,0.61,0.70,-0.37
1784153927.8426,15:18:47.842,0.64,0.68,-0.34
1784153928.3428,15:18:48.342,0.73,0.62,-0.28
1784153928.8423,15:18:48.842,0.86,0.48,-0.16
1784153929.3421,15:18:49.342,0.90,0.42,-0.11
1784153929.8422,15:18:49.842,0.90,0.42,-0.08
1784153930.3418,15:18:50.341,0.88,0.47,-0.08
1784153930.8423,15:18:50.842,0.86,0.50,-0.10
1784153931.3425,15:18:51.342,0.86,0.51,-0.11
1784153931.842,15:18:51.842,0.81,0.57,-0.16
1784153932.342,15:18:52.342,0.77,0.61,-0.19
1784153932.8422,15:18:52.842,0.78,0.60,-0.18
1784153933.3414,15:18:53.341,0.80,0.58,-0.17
1784153933.8418,15:18:53.841,0.80,0.57,-0.18
1784153934.3417,15:18:54.341,0.76,0.61,-0.21
1784153934.8411,15:18:54.841,0.78,0.59,-0.21
1784153935.3412,15:18:55.341,0.79,0.57,-0.22
1784153935.8408,15:18:55.840,0.84,0.51,-0.18
1784153936.3407,15:18:56.340,0.84,0.50,-0.20
1784153936.8403,15:18:56.840,0.83,0.50,-0.24
1784153937.3402,15:18:57.340,0.84,0.50,-0.23
1784153937.8404,15:18:57.840,0.96,0.26,0.03
1784153938.3403,15:18:58.340,0.97,0.24,0.04
1784153938.8409,15:18:58.840,0.96,0.28,0.05
1784153939.3408,15:18:59.340,0.78,0.59,-0.20
1784153939.8406,15:18:59.840,0.77,0.61,-0.20
1784153940.3409,15:19:00.340,0.77,0.61,-0.19
1784153940.8404,15:19:00.840,0.76,0.62,-0.18
1784153941.3401,15:19:01.340,0.82,0.55,-0.13
1784153941.8399,15:19:01.839,0.83,0.55,-0.11
1784153942.3396,15:19:02.339,0.79,0.59,-0.16
1784153942.8389,15:19:02.838,0.80,0.59,-0.14
1784153943.3391,15:19:03.339,0.83,0.55,-0.12
1784153943.8392,15:19:03.839,0.84,0.54,-0.10
1784153944.3388,15:19:04.338,0.85,0.53,-0.07
1784153944.8389,15:19:04.838,0.84,0.54,-0.05
1784153945.3389,15:19:05.338,0.83,0.55,-0.06
1784153945.838,15:19:05.838,0.83,0.55,-0.08
1784153946.3379,15:19:06.337,0.83,0.54,-0.10
1784153946.8384,15:19:06.838,0.79,0.59,-0.16
1784153947.3378,15:19:07.337,0.79,0.58,-0.19
1784153947.8377,15:19:07.837,0.80,0.57,-0.18
1784153948.3375,15:19:08.337,0.98,0.16,0.15
1784153948.8372,15:19:08.837,0.97,0.19,0.13
1784153949.337,15:19:09.337,0.97,0.22,0.13
1784153949.8371,15:19:09.837,0.95,0.29,0.09
1784153950.3363,15:19:10.336,0.93,0.36,0.03
1784153950.8368,15:19:10.836,0.92,0.38,0.01
1784153951.3372,15:19:11.337,0.91,0.42,0.02
1784153951.8368,15:19:11.836,0.93,0.36,0.07
1784153952.3369,15:19:12.336,0.94,0.33,0.08
1784153952.8369,15:19:12.836,0.96,0.25,0.09
1784153953.3364,15:19:13.336,0.97,0.18,0.15
1784153953.8362,15:19:13.836,0.92,0.39,-0.04
1784153954.3369,15:19:14.336,0.89,0.45,-0.07
1784153954.8362,15:19:14.836,0.88,0.47,-0.08
1784153955.3357,15:19:15.335,0.86,0.50,-0.11
1784153955.8355,15:19:15.835,0.87,0.49,-0.09
1784153956.3353,15:19:16.335,0.88,0.46,-0.10
1784153956.8347,15:19:16.834,0.94,0.34,-0.04
1784153957.335,15:19:17.335,0.96,0.27,-0.03
1784153957.8348,15:19:17.834,0.99,0.15,0.04
1784153958.3346,15:19:18.334,0.98,-0.02,0.20
1784153958.8346,15:19:18.834,0.98,-0.05,0.18
1784153959.3343,15:19:19.334,0.98,-0.05,0.18
1784153959.8335,15:19:19.833,0.99,-0.01,0.14
1784153960.3336,15:19:20.333,0.99,0.06,0.10
1784153960.833,15:19:20.833,0.99,0.10,0.10
1784153961.3327,15:19:21.332,0.98,0.14,0.11
1784153961.8327,15:19:21.832,0.98,0.18,0.06
1784153962.3328,15:19:22.332,0.98,0.18,0.06
1784153962.8323,15:19:22.832,0.98,0.18,0.07
1784153963.3317,15:19:23.331,0.98,0.21,0.04
1784153963.8318,15:19:23.831,0.97,0.25,0.00
1784153964.3314,15:19:24.331,0.96,0.27,-0.01
1784153964.8311,15:19:24.831,0.96,0.28,-0.01
1784153965.3311,15:19:25.331,0.95,0.31,-0.05
1784153965.8308,15:19:25.830,0.92,0.38,-0.10
1784153966.3306,15:19:26.330,0.82,0.52,-0.24
1784153966.8309,15:19:26.830,0.74,0.60,-0.30
1784153967.3307,15:19:27.330,0.71,0.63,-0.33
1784153967.8306,15:19:27.830,0.70,0.64,-0.32
1784153968.3308,15:19:28.330,0.70,0.65,-0.30
1784153968.8308,15:19:28.830,0.75,0.63,-0.22
1784153969.3306,15:19:29.330,0.81,0.56,-0.16
1784153969.8313,15:19:29.831,0.87,0.49,-0.09
1784153970.3309,15:19:30.330,0.94,0.34,0.06
1784153970.8306,15:19:30.830,0.88,0.47,-0.09
1784153971.3304,15:19:31.330,0.88,0.47,-0.09
1784153971.83,15:19:31.830,0.81,0.57,-0.14
1784153972.3295,15:19:32.329,0.75,0.63,-0.20
1784153972.8297,15:19:32.829,0.74,0.64,-0.20
1784153973.329,15:19:33.329,0.74,0.64,-0.21
1784153973.8286,15:19:33.828,0.83,0.54,-0.14
1784153974.3293,15:19:34.329,0.88,0.46,-0.11
1784153974.8291,15:19:34.829,0.88,0.46,-0.14
1784153975.3288,15:19:35.328,0.92,0.39,-0.10
1784153975.8286,15:19:35.828,0.93,0.36,-0.08
1784153976.3283,15:19:36.328,0.97,0.22,0.03
1784153976.8279,15:19:36.827,0.98,0.19,0.03
1784153977.328,15:19:37.328,0.99,0.16,0.03
1784153977.8284,15:19:37.828,0.97,0.25,-0.05
1784153978.3279,15:19:38.327,0.94,0.33,-0.12
1784153978.8277,15:19:38.827,0.86,0.46,-0.24
1784153979.3284,15:19:39.328,0.82,0.52,-0.26
1784153979.8275,15:19:39.827,0.81,0.55,-0.22
1784153980.3274,15:19:40.327,0.83,0.54,-0.13
1784153980.8276,15:19:40.827,0.82,0.55,-0.14
1784153981.327,15:19:41.327,0.78,0.60,-0.19
1784153981.8269,15:19:41.826,0.78,0.60,-0.19
1784153982.3271,15:19:42.327,0.78,0.59,-0.21
1784153982.8268,15:19:42.826,0.81,0.56,-0.19
1784153983.327,15:19:43.327,0.97,0.19,0.14
1784153983.8271,15:19:43.827,0.97,0.19,0.18
1784153984.3265,15:19:44.326,0.75,0.64,-0.18
1784153984.8262,15:19:44.826,0.71,0.68,-0.18
1784153985.3262,15:19:45.326,0.71,0.69,-0.18
1784153985.8257,15:19:45.825,0.74,0.66,-0.16
1784153986.3249,15:19:46.324,0.80,0.59,-0.15
1784153986.8252,15:19:46.825,0.88,0.46,-0.08
1784153987.3252,15:19:47.325,0.91,0.40,-0.09
1784153987.8249,15:19:47.824,0.95,0.31,-0.07
1784153988.3251,15:19:48.325,0.96,0.27,-0.04
1784153988.8245,15:19:48.824,0.99,0.15,0.04
1784153989.3241,15:19:49.324,0.99,0.13,0.05
1784153989.8246,15:19:49.824,0.99,0.13,0.07
1784153990.3243,15:19:50.324,0.98,0.20,0.02
1784153990.8237,15:19:50.823,0.93,0.35,-0.12
1784153991.3238,15:19:51.323,0.90,0.42,-0.13
1784153991.824,15:19:51.824,0.89,0.45,-0.10
1784153992.3235,15:19:52.323,0.85,0.52,-0.11
1784153992.8235,15:19:52.823,0.84,0.53,-0.10
1784153993.3236,15:19:53.323,0.87,0.49,-0.08
1784153993.823,15:19:53.823,0.98,0.09,0.20
1784153994.323,15:19:54.323,0.91,0.40,-0.08
1784153994.8232,15:19:54.823,0.90,0.43,-0.10
1784153995.3227,15:19:55.322,0.83,0.54,-0.17
1784153995.8227,15:19:55.822,0.83,0.54,-0.17
1784153996.3224,15:19:56.322,0.85,0.50,-0.15
1784153996.822,15:19:56.822,0.87,0.48,-0.13
1784153997.3221,15:19:57.322,0.87,0.49,-0.08
1784153997.8219,15:19:57.821,0.87,0.49,-0.09
1784153998.3214,15:19:58.321,0.83,0.54,-0.12
1784153998.821,15:19:58.821,0.80,0.57,-0.15
1784153999.3217,15:19:59.321,0.77,0.61,-0.19
1784153999.8209,15:19:59.820,0.76,0.62,-0.17
1784154000.3201,15:20:00.320,0.78,0.61,-0.16
1784154000.8203,15:20:00.820,0.86,0.50,-0.10
1784154001.32,15:20:01.320,0.98,0.15,0.14
1784154001.8193,15:20:01.819,0.98,0.08,0.15
1784154002.3199,15:20:02.319,0.96,0.27,-0.05
1784154002.8194,15:20:02.819,0.98,0.22,0.00
1784154003.3188,15:20:03.318,0.97,0.22,0.02
1784154003.8189,15:20:03.818,0.97,0.23,0.01
1784154004.3189,15:20:04.318,0.95,0.30,-0.02
1784154004.8186,15:20:04.818,0.95,0.30,-0.01
1784154005.3184,15:20:05.318,0.95,0.31,0.01
1784154005.8185,15:20:05.818,0.95,0.31,0.06
1784154006.3178,15:20:06.317,0.94,0.34,0.05
1784154006.8177,15:20:06.817,0.88,0.48,-0.05
1784154007.3177,15:20:07.317,0.88,0.47,-0.04
1784154007.8175,15:20:07.817,0.89,0.46,-0.07
1784154008.3173,15:20:08.317,0.89,0.44,-0.11
1784154008.8178,15:20:08.817,0.90,0.42,-0.14
1784154009.3172,15:20:09.317,0.90,0.42,-0.14
1784154009.8169,15:20:09.816,0.86,0.48,-0.17
1784154010.3173,15:20:10.317,0.98,0.20,0.08
1784154010.8167,15:20:10.816,0.96,0.27,0.04
1784154011.3164,15:20:11.316,0.95,0.30,0.01
1784154011.8166,15:20:11.816,0.75,0.63,-0.21
1784154012.3161,15:20:12.316,0.74,0.65,-0.17
1784154012.8163,15:20:12.816,0.78,0.61,-0.15
1784154013.3166,15:20:13.316,0.77,0.61,-0.17
1784154013.8156,15:20:13.815,0.77,0.61,-0.20
1784154014.3155,15:20:14.315,0.77,0.61,-0.20
1784154014.8157,15:20:14.815,0.78,0.59,-0.20
1784154015.3152,15:20:15.315,0.85,0.49,-0.20
1784154015.815,15:20:15.815,0.98,0.17,0.04
1784154016.3155,15:20:16.315,0.89,0.41,-0.20
1784154016.8147,15:20:16.814,0.88,0.42,-0.22
1784154017.3142,15:20:17.314,0.88,0.43,-0.21
1784154017.8144,15:20:17.814,0.86,0.46,-0.21
1784154018.3137,15:20:18.313,0.80,0.54,-0.26
1784154018.8132,15:20:18.813,0.78,0.57,-0.26
1784154019.3137,15:20:19.313,0.78,0.59,-0.21
1784154019.814,15:20:19.814,0.78,0.59,-0.19
1784154020.3136,15:20:20.313,0.77,0.61,-0.17
1784154020.8139,15:20:20.813,0.77,0.61,-0.16
1784154021.3137,15:20:21.313,0.81,0.58,-0.12
1784154021.8132,15:20:21.813,0.86,0.50,-0.07
1784154022.3134,15:20:22.313,0.87,0.50,-0.06
1784154022.8139,15:20:22.813,0.87,0.50,-0.06
1784154023.3131,15:20:23.313,0.84,0.54,-0.09
1784154023.8134,15:20:23.813,0.84,0.54,-0.09
1784154024.313,15:20:24.313,0.83,0.55,-0.08
1784154024.8124,15:20:24.812,0.95,0.25,0.16
1784154025.3126,15:20:25.312,0.95,0.26,0.14
1784154025.8123,15:20:25.812,0.94,0.33,0.09
1784154026.3117,15:20:26.311,0.93,0.36,0.04
1784154026.8116,15:20:26.811,0.94,0.33,0.04
1784154027.3122,15:20:27.312,0.94,0.33,0.04
1784154027.8119,15:20:27.811,0.97,0.22,0.09
1784154028.3119,15:20:28.311,0.97,0.23,0.06
1784154028.8124,15:20:28.812,0.90,0.40,-0.16
1784154029.312,15:20:29.312,0.89,0.41,-0.19
1784154029.8114,15:20:29.811,0.89,0.41,-0.20
1784154030.3117,15:20:30.311,0.91,0.37,-0.18
1784154030.8113,15:20:30.811,0.94,0.31,-0.12
1784154031.3112,15:20:31.311,0.94,0.35,-0.05
1784154031.8112,15:20:31.811,0.89,0.45,-0.08
1784154032.3111,15:20:32.311,0.84,0.53,-0.11
1784154032.8109,15:20:32.810,0.82,0.56,-0.11
1784154033.3108,15:20:33.310,0.81,0.57,-0.12
1784154033.8102,15:20:33.810,0.81,0.58,-0.13
1784154034.3095,15:20:34.309,0.81,0.57,-0.11
1784154034.8095,15:20:34.809,0.81,0.57,-0.11
1784154035.3098,15:20:35.309,0.82,0.56,-0.10
1784154035.8094,15:20:35.809,0.86,0.51,-0.06
1784154036.3093,15:20:36.309,0.86,0.51,-0.05
1784154036.8093,15:20:36.809,0.88,0.48,-0.03
1784154037.3084,15:20:37.308,0.91,0.42,-0.02
1784154037.8082,15:20:37.808,0.92,0.39,-0.04
1784154038.3087,15:20:38.308,0.97,0.20,0.12
1784154038.8085,15:20:38.808,0.97,0.20,0.11
1784154039.3081,15:20:39.308,0.98,0.19,0.09
1784154039.8083,15:20:39.808,0.98,0.20,0.06
1784154040.3077,15:20:40.307,0.96,0.29,-0.06
1784154040.8072,15:20:40.807,0.98,0.17,0.02
1784154041.3074,15:20:41.307,0.99,0.16,0.02
1784154041.8071,15:20:41.807,0.97,0.25,-0.07
1784154042.3073,15:20:42.307,0.93,0.35,-0.09
1784154042.8072,15:20:42.807,0.89,0.43,-0.15
1784154043.3064,15:20:43.306,0.80,0.55,-0.24
1784154043.8063,15:20:43.806,0.73,0.62,-0.28
1784154044.3065,15:20:44.306,0.73,0.64,-0.25
1784154044.8058,15:20:44.805,0.74,0.64,-0.21
1784154045.3056,15:20:45.305,0.74,0.64,-0.20
1784154045.8059,15:20:45.805,0.74,0.65,-0.18
1784154046.3055,15:20:46.305,0.77,0.63,-0.13
1784154046.8052,15:20:46.805,0.79,0.61,-0.11
1784154047.3056,15:20:47.305,0.78,0.62,-0.12
1784154047.8049,15:20:47.804,0.79,0.60,-0.11
1784154048.3041,15:20:48.304,0.83,0.56,-0.05
1784154048.8045,15:20:48.804,0.88,0.48,0.04
1784154049.3048,15:20:49.304,0.88,0.47,0.04
1784154049.8042,15:20:49.804,0.87,0.49,0.01
1784154050.3046,15:20:50.304,0.82,0.57,-0.06
1784154050.8048,15:20:50.804,0.78,0.62,-0.09
1784154051.3045,15:20:51.304,0.78,0.62,-0.12
1784154051.8051,15:20:51.805,0.78,0.61,-0.14
1784154052.305,15:20:52.305,0.78,0.61,-0.14
1784154052.8043,15:20:52.804,0.81,0.58,-0.11
1784154053.3042,15:20:53.304,0.82,0.57,-0.09
1784154053.8035,15:20:53.803,0.83,0.55,-0.07
1784154054.303,15:20:54.303,0.85,0.52,-0.04
1784154054.8028,15:20:54.802,0.88,0.47,-0.03
1784154055.3029,15:20:55.302,0.89,0.45,-0.03
1784154055.802,15:20:55.802,0.91,0.42,-0.04
1784154056.3017,15:20:56.301,0.92,0.40,-0.04
1784154056.8021,15:20:56.802,0.98,0.08,0.17
1784154057.3018,15:20:57.301,0.98,-0.03,0.22
1784154057.8016,15:20:57.801,0.99,0.13,0.06
1784154058.302,15:20:58.302,0.99,0.13,0.06
1784154058.8015,15:20:58.801,0.98,0.18,0.02
1784154059.3011,15:20:59.301,0.96,0.29,-0.03
1784154059.8013,15:20:59.801,0.93,0.37,-0.05
1784154060.3005,15:21:00.300,0.98,0.12,0.17
1784154060.8002,15:21:00.800,0.98,0.15,0.16
1784154061.3004,15:21:01.300,0.84,0.53,-0.13
1784154061.8003,15:21:01.800,0.84,0.53,-0.15
1784154062.2999,15:21:02.299,0.89,0.46,-0.08
1784154062.8002,15:21:02.800,0.91,0.42,-0.06
1784154063.3004,15:21:03.300,0.92,0.40,-0.03
1784154063.8001,15:21:03.800,0.97,0.09,0.23
1784154064.3009,15:21:04.300,0.89,0.45,-0.03
1784154064.801,15:21:04.801,0.87,0.49,-0.07
1784154065.3002,15:21:05.300,0.80,0.58,-0.15
1784154065.8005,15:21:05.800,0.78,0.60,-0.18
1784154066.3003,15:21:06.300,0.76,0.60,-0.24
1784154066.7996,15:21:06.799,0.96,0.26,0.07
1784154067.2992,15:21:07.299,0.97,0.22,0.10
1784154067.7995,15:21:07.799,0.98,0.16,0.13
1784154068.2992,15:21:08.299,0.98,0.13,0.13
1784154068.7992,15:21:08.799,0.99,0.13,0.10
1784154069.2996,15:21:09.299,0.99,0.14,0.05
1784154069.7986,15:21:09.798,0.99,0.15,0.02
1784154070.2989,15:21:10.298,0.98,0.18,0.01
1784154070.7985,15:21:10.798,0.97,0.25,-0.05
1784154071.298,15:21:11.298,0.95,0.30,-0.03
1784154071.798,15:21:11.798,0.93,0.37,-0.02
1784154072.2981,15:21:12.298,0.83,0.54,-0.15
1784154072.7975,15:21:12.797,0.83,0.54,-0.13
1784154073.2974,15:21:13.297,0.84,0.53,-0.10
1784154073.7974,15:21:13.797,0.86,0.50,-0.07
1784154074.2967,15:21:14.296,0.90,0.45,-0.02
1784154074.7963,15:21:14.796,0.96,0.25,0.15
1784154075.2964,15:21:15.296,0.96,0.23,0.16
1784154075.7966,15:21:15.796,0.96,0.23,0.17
1784154076.2961,15:21:16.296,0.96,0.22,0.19
1784154076.7961,15:21:16.796,0.96,0.19,0.19
1784154077.296,15:21:17.296,0.88,0.47,-0.06
1784154077.7954,15:21:17.795,0.89,0.46,-0.05
1784154078.2952,15:21:18.295,0.89,0.46,-0.05
1784154078.7953,15:21:18.795,0.89,0.46,-0.04
1784154079.2947,15:21:19.294,0.85,0.53,-0.08
1784154079.7952,15:21:19.795,0.84,0.53,-0.11
1784154080.2949,15:21:20.294,0.87,0.48,-0.11
1784154080.7942,15:21:20.794,0.93,0.36,-0.04
1784154081.2947,15:21:21.294,0.95,0.32,-0.03
1784154081.7946,15:21:21.794,0.95,0.32,-0.04
1784154082.2938,15:21:22.293,0.98,0.18,0.09
1784154082.7943,15:21:22.794,0.98,0.18,0.08
1784154083.2945,15:21:23.294,0.97,0.26,0.06
1784154083.7942,15:21:23.794,0.96,0.27,0.07
1784154084.2941,15:21:24.294,0.96,0.26,0.10
1784154084.7938,15:21:24.793,0.97,0.21,0.15
1784154085.2935,15:21:25.293,0.93,0.37,-0.04
1784154085.7934,15:21:25.793,0.94,0.34,-0.01
1784154086.2928,15:21:26.292,0.96,0.27,0.01
1784154086.7925,15:21:26.792,0.97,0.24,0.02
1784154087.2925,15:21:27.292,0.98,0.21,0.02
1784154087.7925,15:21:27.792,0.98,-0.01,0.19
1784154088.2923,15:21:28.292,0.98,-0.06,0.19
1784154088.7923,15:21:28.792,0.99,-0.06,0.14
1784154089.2925,15:21:29.292,0.99,-0.06,0.14
1784154089.7921,15:21:29.792,1.00,-0.01,0.10
1784154090.2918,15:21:30.291,0.99,0.14,-0.01
1784154090.7916,15:21:30.791,0.99,0.13,-0.01
1784154091.2909,15:21:31.290,1.00,0.01,0.08
1784154091.7903,15:21:31.790,0.99,-0.03,0.10
1784154092.2907,15:21:32.290,1.00,-0.02,0.08
1784154092.7903,15:21:32.790,1.00,-0.02,0.07
1784154093.2896,15:21:33.289,1.00,0.03,0.04
1784154093.7896,15:21:33.789,1.00,0.04,0.04
1784154094.2895,15:21:34.289,0.99,0.10,-0.03
1784154094.7887,15:21:34.788,0.99,0.10,-0.02
1784154095.2888,15:21:35.288,1.00,0.09,0.00
1784154095.7886,15:21:35.788,1.00,0.09,0.01
1784154096.2881,15:21:36.288,0.98,0.18,-0.03
1784154096.7883,15:21:36.788,0.97,0.26,-0.04
1784154097.2881,15:21:37.288,0.96,0.28,0.03
1784154097.7876,15:21:37.787,0.88,0.47,-0.08
1784154098.2878,15:21:38.287,0.84,0.53,-0.13
1784154098.7876,15:21:38.787,0.83,0.54,-0.14
1784154099.2872,15:21:39.287,0.86,0.50,-0.12
1784154099.7875,15:21:39.787,0.88,0.46,-0.09
1784154100.2875,15:21:40.287,0.88,0.48,-0.05
1784154100.7872,15:21:40.787,0.86,0.50,-0.07
1784154101.2874,15:21:41.287,0.85,0.51,-0.12
1784154101.7873,15:21:41.787,0.85,0.51,-0.16
1784154102.2871,15:21:42.287,0.90,0.43,-0.11
1784154102.7868,15:21:42.786,0.88,0.45,-0.16
1784154103.2866,15:21:43.286,0.90,0.41,-0.15
1784154103.7867,15:21:43.786,0.85,0.47,-0.23
1784154104.2863,15:21:44.286,0.85,0.47,-0.23
1784154104.7866,15:21:44.786,0.84,0.50,-0.21
1784154105.2864,15:21:45.286,0.85,0.50,-0.14
1784154105.7859,15:21:45.785,0.89,0.44,-0.11
1784154106.2859,15:21:46.285,0.95,0.32,-0.04
1784154106.7857,15:21:46.785,0.97,0.24,-0.06
1784154107.2854,15:21:47.285,0.99,0.10,0.01
1784154107.7854,15:21:47.785,1.00,-0.02,0.09
1784154108.2856,15:21:48.285,0.99,-0.07,0.14
1784154108.785,15:21:48.785,0.99,-0.07,0.14
1784154109.2853,15:21:49.285,1.00,0.05,0.07
1784154109.7851,15:21:49.785,0.97,0.23,-0.04
1784154110.2844,15:21:50.284,0.91,0.40,-0.11
1784154110.7848,15:21:50.784,0.85,0.51,-0.14
1784154111.285,15:21:51.285,0.83,0.54,-0.13
1784154111.7842,15:21:51.784,0.81,0.57,-0.14
1784154112.2845,15:21:52.284,0.82,0.56,-0.12
1784154112.7845,15:21:52.784,0.83,0.55,-0.09
1784154113.284,15:21:53.284,0.84,0.53,-0.05
1784154113.7838,15:21:53.783,0.85,0.52,-0.04
1784154114.2839,15:21:54.283,0.85,0.53,-0.05
1784154114.7831,15:21:54.783,0.70,0.67,-0.23
1784154115.2834,15:21:55.283,0.71,0.65,-0.27
1784154115.7836,15:21:55.783,0.76,0.61,-0.23
1784154116.2829,15:21:56.282,0.86,0.49,-0.14
1784154116.7831,15:21:56.783,0.84,0.50,-0.19
1784154117.283,15:21:57.283,0.82,0.53,-0.21
1784154117.7823,15:21:57.782,0.79,0.57,-0.24
1784154118.2823,15:21:58.282,0.79,0.58,-0.19
1784154118.7828,15:21:58.782,0.83,0.54,-0.14
1784154119.2824,15:21:59.282,0.90,0.43,-0.06
1784154119.7821,15:21:59.782,0.95,0.30,-0.03
1784154120.2821,15:22:00.282,0.98,0.20,0.03
1784154120.782,15:22:00.782,0.98,0.19,0.02
1784154121.2816,15:22:01.281,0.96,0.27,-0.03
1784154121.7815,15:22:01.781,0.97,0.23,0.05
1784154122.2809,15:22:02.280,0.97,0.24,0.06
1784154122.7808,15:22:02.780,0.97,0.24,0.07
1784154123.281,15:22:03.281,0.97,0.22,0.09
1784154123.7809,15:22:03.780,0.93,0.36,-0.06
1784154124.2807,15:22:04.280,0.92,0.38,-0.06
1784154124.7811,15:22:04.781,0.91,0.41,-0.09
1784154125.2803,15:22:05.280,0.81,0.55,-0.19
1784154125.7802,15:22:05.780,0.77,0.60,-0.21
1784154126.2802,15:22:06.280,0.92,0.39,0.04
1784154126.7798,15:22:06.779,0.94,0.33,0.09
1784154127.2793,15:22:07.279,0.95,0.25,0.16
1784154127.7793,15:22:07.779,0.96,0.24,0.17
1784154128.2796,15:22:08.279,0.84,0.54,-0.07
1784154128.7792,15:22:08.779,0.81,0.58,-0.11
1784154129.2789,15:22:09.278,0.79,0.59,-0.14
1784154129.7791,15:22:09.779,0.81,0.57,-0.15
1784154130.2787,15:22:10.278,0.87,0.49,-0.11
1784154130.7787,15:22:10.778,0.98,0.15,0.11
1784154131.2788,15:22:11.278,0.99,0.07,0.11
1784154131.7782,15:22:11.778,0.99,-0.02,0.15
1784154132.2781,15:22:12.278,0.98,-0.07,0.19
1784154132.7781,15:22:12.778,0.99,0.04,0.10
1784154133.2774,15:22:13.277,0.97,0.24,0.03
1784154133.7772,15:22:13.777,0.89,0.45,-0.09
1784154134.2771,15:22:14.277,0.84,0.52,-0.14
1784154134.7765,15:22:14.776,0.79,0.58,-0.19
1784154135.2768,15:22:15.276,0.79,0.57,-0.21
1784154135.7774,15:22:15.777,0.79,0.57,-0.22
1784154136.277,15:22:16.277,0.79,0.57,-0.24
1784154136.7769,15:22:16.776,0.83,0.52,-0.19
1784154137.2771,15:22:17.277,0.85,0.50,-0.17
1784154137.7766,15:22:17.776,0.85,0.51,-0.12
1784154138.2768,15:22:18.276,0.85,0.51,-0.12
1784154138.7772,15:22:18.777,0.82,0.55,-0.15
1784154139.2772,15:22:19.277,0.96,0.28,0.08
1784154139.7772,15:22:19.777,0.76,0.61,-0.22
1784154140.2768,15:22:20.276,0.75,0.61,-0.24
1784154140.7767,15:22:20.776,0.75,0.63,-0.21
1784154141.2767,15:22:21.276,0.79,0.60,-0.15
1784154141.7766,15:22:21.776,0.84,0.53,-0.11
1784154142.2768,15:22:22.276,0.96,0.25,0.09
1784154142.7765,15:22:22.776,0.98,0.15,0.10
1784154143.2769,15:22:23.276,0.93,0.36,-0.10
1784154143.7766,15:22:23.776,0.91,0.39,-0.14
1784154144.2758,15:22:24.275,0.91,0.39,-0.14
1784154144.7761,15:22:24.776,0.92,0.37,-0.11
1784154145.2761,15:22:25.276,0.93,0.37,-0.10
1784154145.7755,15:22:25.775,0.92,0.38,-0.06
1784154146.2754,15:22:26.275,0.96,0.24,0.12
1784154146.7756,15:22:26.775,0.96,0.26,0.10
1784154147.2751,15:22:27.275,0.96,0.25,0.10
1784154147.7753,15:22:27.775,0.96,0.25,0.13
1784154148.2752,15:22:28.275,0.83,0.56,-0.10
1784154148.7744,15:22:28.774,0.81,0.57,-0.10
1784154149.2743,15:22:29.274,0.81,0.57,-0.12
1784154149.774,15:22:29.774,0.81,0.57,-0.13
1784154150.2737,15:22:30.273,0.81,0.57,-0.12
1784154150.7735,15:22:30.773,0.82,0.57,-0.09
1784154151.2734,15:22:31.273,0.84,0.53,-0.07
1784154151.773,15:22:31.773,0.90,0.44,0.00
1784154152.2731,15:22:32.273,0.91,0.41,0.00
1784154152.7731,15:22:32.773,0.92,0.39,-0.02
1784154153.2726,15:22:33.272,0.96,0.28,0.01
1784154153.7721,15:22:33.772,0.97,0.25,0.01
1784154154.2726,15:22:34.272,0.97,0.24,0.01
1784154154.7722,15:22:34.772,0.99,0.03,0.16
1784154155.2718,15:22:35.271,0.98,0.01,0.18
1784154155.7718,15:22:35.771,0.98,-0.03,0.19
1784154156.2718,15:22:36.271,0.98,-0.08,0.19
1784154156.7711,15:22:36.771,0.98,-0.08,0.18
1784154157.2715,15:22:37.271,0.99,-0.03,0.16
1784154157.7716,15:22:37.771,0.93,0.36,-0.13
1784154158.271,15:22:38.271,0.84,0.50,-0.22
1784154158.7713,15:22:38.771,0.79,0.57,-0.25
1784154159.2711,15:22:39.271,0.78,0.58,-0.25
1784154159.7708,15:22:39.770,0.79,0.58,-0.20
1784154160.2708,15:22:40.270,0.97,0.20,0.15
1784154160.7699,15:22:40.769,0.97,0.21,0.14
1784154161.2689,15:22:41.268,0.97,0.21,0.13
1784154161.7694,15:22:41.769,0.97,0.22,0.12
1784154162.2693,15:22:42.269,0.97,0.20,0.12
1784154162.7686,15:22:42.768,0.98,0.16,0.12
1784154163.2686,15:22:43.268,0.98,0.14,0.13
1784154163.769,15:22:43.769,0.98,0.13,0.15
1784154164.2682,15:22:44.268,0.98,0.12,0.16
1784154164.7682,15:22:44.768,0.98,0.13,0.16
1784154165.2685,15:22:45.268,0.98,0.13,0.15
1784154165.7681,15:22:45.768,0.87,0.47,-0.14
1784154166.2678,15:22:46.267,0.84,0.51,-0.19
1784154166.7676,15:22:46.767,0.83,0.51,-0.24
1784154167.2669,15:22:47.266,0.80,0.54,-0.28
1784154167.7669,15:22:47.766,0.80,0.54,-0.28
1784154168.2672,15:22:48.267,0.91,0.39,-0.13
1784154168.7674,15:22:48.767,0.93,0.35,-0.08
1784154169.2671,15:22:49.267,0.96,0.28,0.02
1784154169.7675,15:22:49.767,0.96,0.28,0.02
1784154170.2672,15:22:50.267,0.93,0.36,-0.07
1784154170.7667,15:22:50.766,0.86,0.47,-0.19
1784154171.2674,15:22:51.267,0.83,0.49,-0.27
1784154171.767,15:22:51.767,0.82,0.48,-0.31
1784154172.2664,15:22:52.266,0.99,0.11,0.03
1784154172.7668,15:22:52.766,0.99,0.11,0.03
1784154173.2667,15:22:53.266,0.99,0.13,0.01
1784154173.7665,15:22:53.766,0.98,0.19,-0.03
1784154174.267,15:22:54.267,0.97,0.24,-0.08
1784154174.7671,15:22:54.767,0.76,0.54,-0.36
1784154175.2661,15:22:55.266,0.77,0.54,-0.35
1784154175.766,15:22:55.766,0.76,0.54,-0.37
1784154176.2658,15:22:56.265,0.78,0.57,-0.26
1784154176.7651,15:22:56.765,0.85,0.51,-0.11
1784154177.2649,15:22:57.264,0.96,0.25,0.12
1784154177.7646,15:22:57.764,0.96,0.28,0.08
1784154178.2642,15:22:58.264,0.81,0.56,-0.18
1784154178.7641,15:22:58.764,0.78,0.59,-0.22
1784154179.2641,15:22:59.264,0.73,0.63,-0.26
1784154179.7632,15:22:59.763,0.73,0.65,-0.21
1784154180.2634,15:23:00.263,0.76,0.63,-0.16
1784154180.7637,15:23:00.763,0.91,0.40,0.07
1784154181.2633,15:23:01.263,0.91,0.42,0.04
1784154181.7634,15:23:01.763,0.90,0.43,0.04
1784154182.264,15:23:02.264,0.90,0.43,0.04
1784154182.7636,15:23:02.763,0.91,0.42,0.06
1784154183.2626,15:23:03.262,0.90,0.43,0.02
1784154183.7629,15:23:03.762,0.90,0.43,-0.03
1784154184.2623,15:23:04.262,0.89,0.45,-0.07
1784154184.7621,15:23:04.762,0.87,0.48,-0.10
1784154185.2622,15:23:05.262,0.87,0.48,-0.10
1784154185.762,15:23:05.762,0.89,0.46,-0.05
1784154186.2613,15:23:06.261,0.89,0.46,0.00
1784154186.7615,15:23:06.761,0.90,0.44,0.02
1784154187.2612,15:23:07.261,0.91,0.42,0.02
1784154187.7608,15:23:07.760,0.90,0.43,0.02
1784154188.2613,15:23:08.261,0.92,0.40,0.03
1784154188.7609,15:23:08.760,0.93,0.36,0.03
1784154189.2608,15:23:09.260,0.94,0.35,-0.01
1784154189.7612,15:23:09.761,0.94,0.33,-0.04
1784154190.2607,15:23:10.260,0.94,0.34,-0.04
1784154190.7601,15:23:10.760,0.93,0.36,-0.07
1784154191.2608,15:23:11.260,0.92,0.38,-0.06
1784154191.7608,15:23:11.760,0.91,0.41,-0.01
1784154192.2605,15:23:12.260,0.88,0.47,-0.02
1784154192.7605,15:23:12.760,0.75,0.63,-0.18
1784154193.2608,15:23:13.260,0.73,0.65,-0.20
1784154193.7603,15:23:13.760,0.68,0.69,-0.24
1784154194.2607,15:23:14.260,0.68,0.69,-0.24
1784154194.7606,15:23:14.760,0.69,0.68,-0.23
1784154195.2596,15:23:15.259,0.84,0.54,-0.03
1784154195.7595,15:23:15.759,0.84,0.55,-0.04
1784154196.2601,15:23:16.260,0.83,0.55,-0.08
1784154196.7597,15:23:16.759,0.81,0.57,-0.12
1784154197.2597,15:23:17.259,0.81,0.57,-0.12
1784154197.7601,15:23:17.760,0.82,0.57,-0.10
1784154198.2593,15:23:18.259,0.83,0.55,-0.07
1784154198.759,15:23:18.759,0.74,0.65,-0.18
1784154199.2589,15:23:19.258,0.74,0.65,-0.19
1784154199.759,15:23:19.759,0.75,0.62,-0.23
1784154200.2588,15:23:20.258,0.85,0.49,-0.20
1784154200.7589,15:23:20.758,0.94,0.33,-0.08
1784154201.2581,15:23:21.258,0.99,0.11,0.09
1784154201.757,15:23:21.757,0.99,0.02,0.13
1784154202.2572,15:23:22.257,0.99,-0.03,0.14
1784154202.7567,15:23:22.756,0.99,-0.03,0.13
1784154203.2557,15:23:23.255,0.99,-0.03,0.11
1784154203.7557,15:23:23.755,0.99,-0.07,0.14
1784154204.2554,15:23:24.255,0.99,-0.06,0.12
1784154204.7552,15:23:24.755,1.00,0.00,0.06
1784154205.2555,15:23:25.255,0.99,0.10,-0.01
1784154205.7547,15:23:25.754,0.97,0.22,-0.08
1784154206.2546,15:23:26.254,0.97,0.24,-0.08
1784154206.7546,15:23:26.754,0.97,0.22,-0.08
1784154207.2545,15:23:27.254,0.98,0.18,-0.04
1784154207.7539,15:23:27.753,0.99,0.13,-0.01
1784154208.254,15:23:28.254,0.99,0.13,-0.02
1784154208.7536,15:23:28.753,1.00,0.03,0.08
1784154209.2535,15:23:29.253,1.00,0.04,0.09
1784154209.7535,15:23:29.753,0.99,0.04,0.14
1784154210.2536,15:23:30.253,0.99,0.10,0.09
1784154210.7532,15:23:30.753,0.99,0.14,0.03
1784154211.253,15:23:31.253,0.98,0.18,-0.01
1784154211.7534,15:23:31.753,0.97,0.25,-0.06
1784154212.2531,15:23:32.253,0.93,0.35,-0.09
1784154212.7529,15:23:32.752,0.91,0.40,-0.10
1784154213.2533,15:23:33.253,0.88,0.46,-0.12
1784154213.753,15:23:33.753,0.88,0.46,-0.11
1784154214.2524,15:23:34.252,0.90,0.44,-0.08
1784154214.753,15:23:34.753,0.94,0.33,0.04
1784154215.2524,15:23:35.252,0.95,0.31,0.08
1784154215.7526,15:23:35.752,0.94,0.31,0.11
1784154216.2528,15:23:36.252,0.94,0.31,0.12
1784154216.7527,15:23:36.752,0.94,0.32,0.12
1784154217.2525,15:23:37.252,0.94,0.30,0.15
1784154217.7525,15:23:37.752,0.94,0.31,0.14
1784154218.2521,15:23:38.252,0.93,0.35,0.12
1784154218.7518,15:23:38.751,0.93,0.36,0.11
1784154219.252,15:23:39.252,0.93,0.34,0.12
1784154219.7514,15:23:39.751,0.78,0.62,-0.12
1784154220.2506,15:23:40.250,0.80,0.60,-0.10
1784154220.7511,15:23:40.751,0.82,0.57,-0.09
1784154221.2509,15:23:41.250,0.87,0.49,-0.06
1784154221.7508,15:23:41.750,0.92,0.39,-0.01
1784154222.251,15:23:42.251,0.95,0.30,0.04
1784154222.7506,15:23:42.750,0.98,0.12,0.18
1784154223.2501,15:23:43.250,0.98,0.13,0.13
1784154223.7503,15:23:43.750,0.98,0.15,0.10
1784154224.2498,15:23:44.249,0.98,0.17,0.09
1784154224.7492,15:23:44.749,0.98,0.18,0.10
1784154225.2491,15:23:45.249,0.97,0.21,0.10
1784154225.7493,15:23:45.749,0.97,0.21,0.11
1784154226.249,15:23:46.249,0.96,0.28,0.09
1784154226.7492,15:23:46.749,0.96,0.27,0.11
1784154227.2495,15:23:47.249,0.96,0.26,0.11
1784154227.7491,15:23:47.749,0.96,0.25,0.11
1784154228.249,15:23:48.249,0.95,0.29,0.07
1784154228.7494,15:23:48.749,0.95,0.31,0.03
1784154229.2491,15:23:49.249,0.95,0.30,0.01
1784154229.7488,15:23:49.748,0.95,0.31,0.01
1784154230.2493,15:23:50.249,0.96,0.26,0.06
1784154230.7491,15:23:50.749,0.97,0.21,0.10
1784154231.2488,15:23:51.248,0.98,0.17,0.14
1784154231.7486,15:23:51.748,0.94,0.34,-0.01
1784154232.2484,15:23:52.248,0.93,0.35,-0.01
1784154232.7483,15:23:52.748,0.93,0.36,-0.06
1784154233.2485,15:23:53.248,0.94,0.34,-0.10
1784154233.748,15:23:53.748,0.95,0.27,-0.12
1784154234.2474,15:23:54.247,0.99,0.01,0.11
1784154234.7473,15:23:54.747,1.00,0.02,0.10
1784154235.2463,15:23:55.246,0.98,0.21,-0.06
1784154235.7456,15:23:55.745,0.98,0.21,-0.04
1784154236.246,15:23:56.246,0.99,0.16,0.01
1784154236.7459,15:23:56.745,0.99,0.15,0.03
1784154237.2453,15:23:57.245,0.99,0.14,0.06
1784154237.7456,15:23:57.745,0.99,0.10,0.09
1784154238.2454,15:23:58.245,0.99,0.09,0.08
1784154238.7447,15:23:58.744,0.99,0.11,0.03
1784154239.2451,15:23:59.245,0.99,-0.02,0.12
1784154239.745,15:23:59.745,0.99,-0.02,0.10
1784154240.2448,15:24:00.244,1.00,-0.01,0.09
1784154240.7453,15:24:00.745,1.00,0.01,0.08
1784154241.2451,15:24:01.245,1.00,0.04,0.07
1784154241.7446,15:24:01.744,0.99,-0.01,0.10
1784154242.2444,15:24:02.244,1.00,-0.01,0.08
1784154242.7442,15:24:02.744,1.00,0.00,0.06
1784154243.2439,15:24:03.243,1.00,0.01,0.05
1784154243.7439,15:24:03.743,1.00,0.02,0.04
1784154244.2444,15:24:04.244,1.00,0.07,-0.01
1784154244.7438,15:24:04.743,1.00,0.07,0.00
1784154245.2433,15:24:05.243,1.00,0.06,0.01
1784154245.7429,15:24:05.742,1.00,0.07,0.03
1784154246.242,15:24:06.242,0.97,0.23,-0.07
1784154246.7418,15:24:06.741,0.90,0.39,-0.19
1784154247.2418,15:24:07.241,0.89,0.42,-0.17
1784154247.7414,15:24:07.741,0.86,0.48,-0.18
1784154248.2413,15:24:08.241,0.84,0.50,-0.19
1784154248.7418,15:24:08.741,0.86,0.48,-0.20
1784154249.2421,15:24:09.242,0.85,0.46,-0.24
1784154249.7411,15:24:09.741,0.85,0.46,-0.24
1784154250.2414,15:24:10.241,0.83,0.49,-0.27
1784154250.741,15:24:10.741,0.82,0.50,-0.26
1784154251.2403,15:24:11.240,0.79,0.56,-0.25
1784154251.7403,15:24:11.740,0.73,0.62,-0.29
1784154252.2399,15:24:12.239,0.73,0.62,-0.28
1784154252.7402,15:24:12.740,0.72,0.64,-0.26
1784154253.24,15:24:13.240,0.73,0.64,-0.25
1784154253.7405,15:24:13.740,0.80,0.58,-0.15
1784154254.2397,15:24:14.239,0.77,0.62,-0.15
1784154254.7402,15:24:14.740,0.77,0.62,-0.12
1784154255.2399,15:24:15.239,0.75,0.64,-0.14
1784154255.7398,15:24:15.739,0.78,0.62,-0.10
1784154256.2402,15:24:16.240,0.83,0.55,-0.03
1784154256.7405,15:24:16.740,0.87,0.49,0.01
1784154257.2395,15:24:17.239,0.90,0.42,0.06
1784154257.7398,15:24:17.739,0.71,0.68,-0.18
1784154258.2396,15:24:18.239,0.72,0.67,-0.18
1784154258.7392,15:24:18.739,0.72,0.67,-0.17
1784154259.2396,15:24:19.239,0.73,0.66,-0.19
1784154259.7397,15:24:19.739,0.75,0.63,-0.19
1784154260.2389,15:24:20.238,0.94,0.33,0.05
1784154260.7388,15:24:20.738,0.88,0.45,-0.14
1784154261.239,15:24:21.239,0.97,0.24,-0.01
1784154261.7386,15:24:21.738,0.99,0.16,0.01
1784154262.2382,15:24:22.238,0.99,0.05,0.10
1784154262.738,15:24:22.738,0.99,0.05,0.09
1784154263.2377,15:24:23.237,0.99,0.02,0.14
1784154263.7373,15:24:23.737,0.99,0.10,0.08
1784154264.2378,15:24:24.237,0.99,0.13,0.05
1784154264.7374,15:24:24.737,0.97,0.26,-0.01
1784154265.2365,15:24:25.236,0.95,0.32,-0.04
1784154265.7365,15:24:25.736,0.94,0.33,0.00
1784154266.2362,15:24:26.236,0.94,0.33,0.04
1784154266.7354,15:24:26.735,0.94,0.34,0.06
1784154267.2355,15:24:27.235,0.93,0.36,0.06
1784154267.7355,15:24:27.735,0.94,0.35,0.04
1784154268.235,15:24:28.235,0.94,0.35,0.01
1784154268.7354,15:24:28.735,0.93,0.37,-0.01
1784154269.2357,15:24:29.235,0.92,0.38,0.00
1784154269.7349,15:24:29.734,0.93,0.37,0.01
1784154270.2348,15:24:30.234,0.93,0.36,0.02
1784154270.7352,15:24:30.735,0.93,0.37,0.02
1784154271.2344,15:24:31.234,0.93,0.37,0.06
1784154271.7349,15:24:31.734,0.92,0.39,0.09
1784154272.2351,15:24:32.235,0.92,0.38,0.12
1784154272.7341,15:24:32.734,0.92,0.38,0.11
1784154273.2343,15:24:33.234,0.93,0.34,0.14
1784154273.7346,15:24:33.734,0.93,0.35,0.12
1784154274.2344,15:24:34.234,0.93,0.35,0.10
1784154274.7341,15:24:34.734,0.93,0.35,0.08
1784154275.234,15:24:35.234,0.93,0.35,0.06
1784154275.7341,15:24:35.734,0.92,0.38,0.03
1784154276.2337,15:24:36.233,0.92,0.39,0.05
1784154276.7338,15:24:36.733,0.91,0.40,0.05
1784154277.2334,15:24:37.233,0.91,0.41,0.06
1784154277.7331,15:24:37.733,0.91,0.42,0.04
1784154278.233,15:24:38.233,0.93,0.38,0.03
1784154278.7329,15:24:38.732,0.95,0.32,0.05
1784154279.2326,15:24:39.232,0.96,0.26,0.08
1784154279.7327,15:24:39.732,0.97,0.23,0.08
1784154280.2321,15:24:40.232,0.98,0.22,0.04
1784154280.7316,15:24:40.731,0.98,0.22,0.01
1784154281.2314,15:24:41.231,0.96,0.27,-0.04
1784154281.7312,15:24:41.731,0.95,0.31,-0.09
1784154282.2303,15:24:42.230,0.94,0.32,-0.12
1784154282.7303,15:24:42.730,0.95,0.29,-0.11
1784154283.23,15:24:43.230,0.97,0.22,-0.06
1784154283.7292,15:24:43.729,0.97,0.23,-0.09
1784154284.2299,15:24:44.229,0.93,0.33,-0.16
1784154284.7297,15:24:44.729,0.86,0.45,-0.25
1784154285.2292,15:24:45.229,0.82,0.51,-0.27
1784154285.7297,15:24:45.729,0.83,0.52,-0.18
1784154286.2296,15:24:46.229,0.76,0.61,-0.24
1784154286.7294,15:24:46.729,0.85,0.51,-0.15
1784154287.2299,15:24:47.229,0.94,0.35,-0.02
1784154287.7295,15:24:47.729,0.96,0.29,0.02
1784154288.229,15:24:48.229,0.96,0.27,0.03
1784154288.7286,15:24:48.728,0.98,0.19,0.11
1784154289.2287,15:24:49.228,0.96,0.29,0.03
1784154289.7283,15:24:49.728,0.96,0.27,0.03
1784154290.2286,15:24:50.228,0.97,0.26,0.05
1784154290.7288,15:24:50.728,0.96,0.26,0.08
1784154291.2283,15:24:51.228,0.95,0.30,0.11
1784154291.728,15:24:51.728,0.94,0.32,0.10
1784154292.2282,15:24:52.228,0.93,0.34,0.11
1784154292.7279,15:24:52.727,0.92,0.39,0.06
1784154293.2275,15:24:53.227,0.92,0.39,0.07
1784154293.7274,15:24:53.727,0.92,0.39,0.07
1784154294.2272,15:24:54.227,0.93,0.37,0.07
1784154294.7271,15:24:54.727,0.92,0.38,0.06
1784154295.2271,15:24:55.227,0.91,0.40,0.06
1784154295.727,15:24:55.727,0.90,0.42,0.06
1784154296.226,15:24:56.226,0.90,0.42,0.07
1784154296.726,15:24:56.726,0.91,0.40,0.08
1784154297.2258,15:24:57.225,0.91,0.39,0.10
1784154297.7253,15:24:57.725,0.92,0.38,0.09
1784154298.2258,15:24:58.225,0.93,0.34,0.12
1784154298.7257,15:24:58.725,0.95,0.30,0.09
1784154299.2253,15:24:59.225,0.96,0.27,0.04
1784154299.7256,15:24:59.725,0.97,0.23,0.02
1784154300.2252,15:25:00.225,0.97,0.25,-0.03
1784154300.7244,15:25:00.724,0.95,0.29,-0.07
1784154301.2247,15:25:01.224,0.94,0.34,-0.05
1784154301.7249,15:25:01.724,0.94,0.35,-0.01
1784154302.2246,15:25:02.224,0.92,0.40,0.00
1784154302.7247,15:25:02.724,0.92,0.40,0.01
1784154303.2248,15:25:03.224,0.92,0.38,0.03
1784154303.7242,15:25:03.724,0.93,0.37,0.04
1784154304.2239,15:25:04.223,0.93,0.36,0.04
1784154304.7239,15:25:04.723,0.95,0.31,0.08
1784154305.2236,15:25:05.223,0.95,0.29,0.08
1784154305.7238,15:25:05.723,0.95,0.28,0.10
1784154306.2241,15:25:06.224,0.96,0.26,0.08
1784154306.7234,15:25:06.723,0.96,0.25,0.10
1784154307.2233,15:25:07.223,0.96,0.25,0.12
1784154307.7233,15:25:07.723,0.96,0.23,0.13
1784154308.2228,15:25:08.222,0.96,0.23,0.14
1784154308.7224,15:25:08.722,0.97,0.22,0.13
1784154309.2225,15:25:09.222,0.97,0.20,0.12
1784154309.7219,15:25:09.721,0.97,0.19,0.14
1784154310.2215,15:25:10.221,0.97,0.18,0.14
1784154310.7221,15:25:10.722,0.98,0.14,0.13
1784154311.2221,15:25:11.222,0.98,0.15,0.10
1784154311.7216,15:25:11.721,0.99,0.15,0.09
1784154312.2216,15:25:12.221,0.99,0.15,0.06
1784154312.7215,15:25:12.721,0.99,0.16,0.04
1784154313.2211,15:25:13.221,0.99,0.15,0.01
1784154313.7214,15:25:13.721,0.99,0.09,0.05
1784154314.221,15:25:14.221,1.00,0.06,0.05
1784154314.7209,15:25:14.720,1.00,0.01,0.09
1784154315.2209,15:25:15.220,1.00,0.01,0.09
1784154315.7205,15:25:15.720,1.00,0.01,0.10
1784154316.2201,15:25:16.220,1.00,0.03,0.09
1784154316.7204,15:25:16.720,1.00,0.09,0.05
1784154317.2206,15:25:17.220,0.99,0.09,0.05
1784154317.7202,15:25:17.720,0.99,0.13,0.03
1784154318.22,15:25:18.220,0.98,0.17,0.06
1784154318.7203,15:25:18.720,0.97,0.23,0.03
1784154319.2195,15:25:19.219,0.95,0.32,-0.04
1784154319.7193,15:25:19.719,0.93,0.37,-0.08
1784154320.2198,15:25:20.219,0.92,0.39,-0.08
1784154320.719,15:25:20.719,0.91,0.41,-0.03
1784154321.2191,15:25:21.219,0.90,0.43,-0.02
1784154321.7193,15:25:21.719,0.73,0.64,-0.24
1784154322.2186,15:25:22.218,0.74,0.63,-0.23
1784154322.7186,15:25:22.718,0.76,0.61,-0.24
1784154323.2186,15:25:23.218,0.74,0.59,-0.31
1784154323.7178,15:25:23.717,0.75,0.58,-0.32
1784154324.2181,15:25:24.218,0.78,0.54,-0.30
1784154324.7179,15:25:24.717,0.98,0.20,0.04
1784154325.2172,15:25:25.217,0.98,0.14,0.12
1784154325.717,15:25:25.717,0.98,0.11,0.15
1784154326.2173,15:25:26.217,0.98,0.18,0.11
1784154326.7165,15:25:26.716,0.97,0.18,0.13
1784154327.2166,15:25:27.216,0.98,0.16,0.12
1784154327.7168,15:25:27.716,0.99,0.11,0.13
1784154328.2163,15:25:28.216,0.95,0.30,-0.07
1784154328.7155,15:25:28.715,0.95,0.29,-0.08
1784154329.2158,15:25:29.215,0.98,0.21,-0.02
1784154329.7154,15:25:29.715,0.99,0.13,0.04
1784154330.215,15:25:30.215,0.99,0.12,0.08
1784154330.7153,15:25:30.715,0.99,0.05,0.14
1784154331.2153,15:25:31.215,0.98,-0.02,0.19
1784154331.7146,15:25:31.714,0.98,-0.03,0.18
1784154332.2148,15:25:32.214,0.99,-0.02,0.16
1784154332.7153,15:25:32.715,0.99,-0.01,0.15
1784154333.2147,15:25:33.214,0.99,0.00,0.15
1784154333.7152,15:25:33.715,0.99,0.02,0.13
1784154334.2155,15:25:34.215,0.99,0.02,0.13
1784154334.7146,15:25:34.714,0.99,0.03,0.13
1784154335.2142,15:25:35.214,0.99,0.06,0.10
1784154335.7139,15:25:35.713,0.99,0.00,0.17
1784154336.2131,15:25:36.213,0.99,0.13,0.04
1784154336.7128,15:25:36.712,0.99,0.13,0.02
1784154337.213,15:25:37.213,0.98,0.20,-0.05
1784154337.7127,15:25:37.712,0.95,0.31,-0.11
1784154338.2127,15:25:38.212,0.89,0.43,-0.17
1784154338.7128,15:25:38.712,0.81,0.54,-0.24
1784154339.213,15:25:39.213,0.76,0.59,-0.26
1784154339.7126,15:25:39.712,0.72,0.63,-0.28
1784154340.2129,15:25:40.212,0.72,0.63,-0.30
1784154340.7127,15:25:40.712,0.75,0.60,-0.27
1784154341.2124,15:25:41.212,0.80,0.54,-0.25
1784154341.7123,15:25:41.712,0.86,0.47,-0.20
1784154342.2116,15:25:42.211,0.86,0.47,-0.20
1784154342.7114,15:25:42.711,0.83,0.52,-0.21
1784154343.2117,15:25:43.211,0.83,0.55,-0.14
1784154343.7113,15:25:43.711,0.80,0.58,-0.13
1784154344.2116,15:25:44.211,0.75,0.63,-0.18
1784154344.7118,15:25:44.711,0.93,0.38,0.02
1784154345.2121,15:25:45.212,0.69,0.67,-0.27
1784154345.7118,15:25:45.711,0.69,0.67,-0.26
1784154346.2121,15:25:46.212,0.73,0.64,-0.23
1784154346.7121,15:25:46.712,0.76,0.62,-0.18
1784154347.2114,15:25:47.211,0.77,0.61,-0.16
1784154347.7115,15:25:47.711,0.79,0.60,-0.16
1784154348.2112,15:25:48.211,0.76,0.62,-0.18
1784154348.7104,15:25:48.710,0.73,0.65,-0.21
1784154349.2104,15:25:49.210,0.69,0.68,-0.25
1784154349.7105,15:25:49.710,0.71,0.65,-0.25
1784154350.2099,15:25:50.209,0.73,0.63,-0.25
1784154350.71,15:25:50.710,0.72,0.63,-0.28
1784154351.2096,15:25:51.209,0.72,0.64,-0.28
1784154351.7091,15:25:51.709,0.71,0.65,-0.28
1784154352.2087,15:25:52.208,0.93,0.36,0.01
1784154352.7088,15:25:52.708,0.94,0.34,0.05
1784154353.2082,15:25:53.208,0.95,0.32,0.04
1784154353.7083,15:25:53.708,0.97,0.23,0.08
1784154354.2081,15:25:54.208,0.98,0.07,0.16
1784154354.7078,15:25:54.707,0.98,-0.03,0.21
1784154355.2076,15:25:55.207,0.99,0.03,0.10
1784154355.7079,15:25:55.707,0.99,0.01,0.10
1784154356.2073,15:25:56.207,0.99,0.00,0.11
1784154356.7072,15:25:56.707,0.99,0.00,0.12
1784154357.2072,15:25:57.207,0.99,0.00,0.12
1784154357.7069,15:25:57.706,0.99,0.02,0.13
1784154358.2071,15:25:58.207,0.99,0.06,0.12
1784154358.7074,15:25:58.707,0.98,0.19,0.03
1784154359.2071,15:25:59.207,0.91,0.40,-0.11
1784154359.7063,15:25:59.706,0.81,0.54,-0.23
1784154360.2064,15:26:00.206,0.74,0.62,-0.27
1784154360.7066,15:26:00.706,0.72,0.65,-0.24
1784154361.2063,15:26:01.206,0.70,0.68,-0.23
1784154361.7063,15:26:01.706,0.88,0.47,0.00
1784154362.206,15:26:02.206,0.88,0.47,-0.01
1784154362.7056,15:26:02.705,0.69,0.67,-0.26
1784154363.2059,15:26:03.205,0.69,0.67,-0.27
1784154363.7057,15:26:03.705,0.68,0.68,-0.29
1784154364.2052,15:26:04.205,0.68,0.68,-0.27
1784154364.7052,15:26:04.705,0.68,0.70,-0.24
1784154365.2052,15:26:05.205,0.89,0.45,0.05
1784154365.7044,15:26:05.704,0.90,0.43,0.08
1784154366.2043,15:26:06.204,0.90,0.42,0.10
1784154366.7043,15:26:06.704,0.90,0.42,0.09
1784154367.2038,15:26:07.203,0.92,0.38,0.09
1784154367.7036,15:26:07.703,0.93,0.36,0.08
1784154368.2036,15:26:08.203,0.95,0.32,0.06
1784154368.7029,15:26:08.702,0.96,0.26,0.06
1784154369.2031,15:26:09.203,0.98,0.21,0.07
1784154369.7034,15:26:09.703,0.98,0.19,0.07
1784154370.2028,15:26:10.202,0.97,0.24,-0.01
1784154370.7029,15:26:10.702,0.99,0.16,0.05
1784154371.2029,15:26:11.202,0.99,0.15,0.05
1784154371.7024,15:26:11.702,0.99,0.15,0.03
1784154372.2024,15:26:12.202,0.99,0.15,0.02
1784154372.7025,15:26:12.702,0.99,0.11,0.04
1784154373.2021,15:26:13.202,1.00,0.06,0.08
1784154373.7016,15:26:13.701,0.99,0.07,0.09
1784154374.2017,15:26:14.201,0.99,0.07,0.09
1784154374.7016,15:26:14.701,0.99,0.10,0.06
1784154375.2012,15:26:15.201,0.94,0.31,-0.12
1784154375.7011,15:26:15.701,0.96,0.28,-0.05
1784154376.2011,15:26:16.201,0.94,0.34,-0.07
1784154376.7008,15:26:16.700,0.93,0.37,-0.05
1784154377.2012,15:26:17.201,0.92,0.38,-0.02
1784154377.7014,15:26:17.701,0.92,0.40,0.00
1784154378.201,15:26:18.201,0.92,0.40,0.00
1784154378.7014,15:26:18.701,0.92,0.39,0.01
1784154379.2013,15:26:19.201,0.75,0.62,-0.23
1784154379.7007,15:26:19.700,0.74,0.62,-0.24
1784154380.201,15:26:20.201,0.73,0.63,-0.25
1784154380.7004,15:26:20.700,0.73,0.65,-0.22
1784154381.1999,15:26:21.199,0.74,0.65,-0.17
1784154381.7003,15:26:21.700,0.79,0.60,-0.13
1784154382.2006,15:26:22.200,0.94,0.35,0.08
1784154382.7002,15:26:22.700,0.93,0.35,0.07
1784154383.2003,15:26:23.200,0.79,0.59,-0.16
1784154383.6997,15:26:23.699,0.77,0.61,-0.18
1784154384.1992,15:26:24.199,0.77,0.61,-0.21
1784154384.6986,15:26:24.698,0.76,0.61,-0.23
1784154385.1987,15:26:25.198,0.75,0.61,-0.24
1784154385.6981,15:26:25.698,0.76,0.61,-0.23
1784154386.198,15:26:26.198,0.94,0.34,0.00
1784154386.698,15:26:26.698,0.94,0.34,0.00
1784154387.1974,15:26:27.197,0.92,0.38,-0.04
1784154387.697,15:26:27.697,0.91,0.42,-0.04
1784154388.197,15:26:28.197,0.90,0.43,-0.04
1784154388.6971,15:26:28.697,0.90,0.44,-0.01
1784154389.1965,15:26:29.196,0.91,0.41,0.00
1784154389.6966,15:26:29.696,0.91,0.41,0.01
1784154390.1966,15:26:30.196,0.92,0.38,0.03
1784154390.6967,15:26:30.696,0.92,0.39,0.04
1784154391.1972,15:26:31.197,0.91,0.40,0.03
1784154391.6967,15:26:31.696,0.91,0.42,0.01
1784154392.1965,15:26:32.196,0.90,0.43,0.02
1784154392.697,15:26:32.697,0.90,0.43,0.01
1784154393.1969,15:26:33.196,0.93,0.36,0.03
1784154393.6966,15:26:33.696,0.96,0.29,0.01
1784154394.1968,15:26:34.196,0.89,0.42,-0.16
1784154394.6969,15:26:34.696,0.90,0.41,-0.16
1784154395.1963,15:26:35.196,0.90,0.41,-0.14
1784154395.696,15:26:35.696,0.86,0.47,-0.18
1784154396.196,15:26:36.196,0.78,0.58,-0.25
1784154396.6957,15:26:36.695,0.92,0.38,-0.03
1784154397.1953,15:26:37.195,0.92,0.39,-0.02
1784154397.6951,15:26:37.695,0.93,0.38,0.00
1784154398.1948,15:26:38.194,0.93,0.36,0.03
1784154398.6946,15:26:38.694,0.93,0.36,0.02
1784154399.1947,15:26:39.194,0.75,0.61,-0.25
1784154399.6937,15:26:39.693,0.75,0.61,-0.23
1784154400.1934,15:26:40.193,0.75,0.62,-0.24
1784154400.6934,15:26:40.693,0.72,0.65,-0.25
1784154401.1929,15:26:41.192,0.71,0.63,-0.31
1784154401.6929,15:26:41.692,0.67,0.65,-0.37
1784154402.193,15:26:42.193,0.91,0.40,-0.11
1784154402.6922,15:26:42.692,0.92,0.38,-0.08
1784154403.1917,15:26:43.191,0.71,0.64,-0.29
1784154403.6921,15:26:43.692,0.78,0.60,-0.19
1784154404.1918,15:26:44.191,0.81,0.56,-0.15
1784154404.6918,15:26:44.691,0.83,0.54,-0.13
1784154405.1919,15:26:45.191,0.88,0.47,-0.09
1784154405.6919,15:26:45.691,0.97,0.20,0.13
1784154406.1914,15:26:46.191,0.97,0.18,0.14
1784154406.6922,15:26:46.692,0.98,0.09,0.15
1784154407.1912,15:26:47.191,0.99,0.07,0.14
1784154407.6905,15:26:47.690,0.99,0.03,0.15
1784154408.1911,15:26:48.191,0.97,-0.09,0.21
1784154408.6904,15:26:48.690,0.98,-0.10,0.18
1784154409.1898,15:26:49.189,0.98,-0.11,0.17
1784154409.6901,15:26:49.690,0.98,-0.10,0.16
1784154410.1899,15:26:50.189,0.99,-0.05,0.13
1784154410.6898,15:26:50.689,1.00,0.08,0.04
1784154411.1896,15:26:51.189,0.97,0.23,-0.02
1784154411.6899,15:26:51.689,0.90,0.42,-0.09
1784154412.1895,15:26:52.189,0.81,0.56,-0.18
1784154412.6896,15:26:52.689,0.83,0.54,-0.11
1784154413.1898,15:26:53.189,0.83,0.55,-0.12
1784154413.6891,15:26:53.689,0.82,0.56,-0.14
1784154414.1893,15:26:54.189,0.80,0.57,-0.16
1784154414.689,15:26:54.689,0.77,0.60,-0.21
1784154415.1881,15:26:55.188,0.77,0.60,-0.20
1784154415.6882,15:26:55.688,0.79,0.59,-0.18
1784154416.1884,15:26:56.188,0.79,0.58,-0.16
1784154416.6878,15:26:56.687,0.80,0.58,-0.13
1784154417.1881,15:26:57.188,0.80,0.59,-0.10
1784154417.6883,15:26:57.688,0.80,0.60,-0.07
1784154418.188,15:26:58.188,0.79,0.61,-0.06
1784154418.6878,15:26:58.687,0.66,0.73,-0.20
1784154419.1881,15:26:59.188,0.66,0.72,-0.19
1784154419.6879,15:26:59.687,0.67,0.71,-0.21
1784154420.1881,15:27:00.188,0.69,0.70,-0.19
1784154420.6878,15:27:00.687,0.69,0.70,-0.19
1784154421.1873,15:27:01.187,0.70,0.69,-0.20
1784154421.6867,15:27:01.686,0.83,0.55,-0.08
1784154422.1868,15:27:02.186,0.83,0.55,-0.08
1784154422.6866,15:27:02.686,0.86,0.51,-0.05
1784154423.1865,15:27:03.186,0.92,0.39,0.02
1784154423.6865,15:27:03.686,0.97,0.22,0.13
1784154424.1868,15:27:04.186,0.98,0.13,0.13
1784154424.6864,15:27:04.686,0.98,0.01,0.19
1784154425.1865,15:27:05.186,0.98,-0.02,0.19
1784154425.6861,15:27:05.686,0.98,-0.05,0.19
1784154426.1851,15:27:06.185,0.98,-0.06,0.18
1784154426.6852,15:27:06.685,0.98,-0.06,0.18
1784154427.1856,15:27:07.185,0.99,0.04,0.11
1784154427.6855,15:27:07.685,0.99,0.12,0.08
1784154428.1855,15:27:08.185,0.98,0.18,0.07
1784154428.6856,15:27:08.685,0.98,0.18,0.08
1784154429.1852,15:27:09.185,0.98,0.17,0.09
1784154429.6849,15:27:09.684,0.98,0.11,0.13
1784154430.1847,15:27:10.184,0.99,0.05,0.15
1784154430.684,15:27:10.684,0.99,0.01,0.17
1784154431.1836,15:27:11.183,0.98,-0.04,0.19
1784154431.6835,15:27:11.683,0.96,-0.12,0.24
1784154432.1828,15:27:12.182,0.96,-0.15,0.23
1784154432.6825,15:27:12.682,0.96,-0.16,0.23
1784154433.1829,15:27:13.182,0.98,-0.11,0.18
1784154433.6826,15:27:13.682,0.97,-0.14,0.20
1784154434.1828,15:27:14.182,0.97,-0.13,0.21
1784154434.6829,15:27:14.682,0.97,-0.14,0.20
1784154435.1821,15:27:15.182,0.97,-0.13,0.21
1784154435.682,15:27:15.682,0.96,-0.14,0.26
1784154436.1826,15:27:16.182,0.98,-0.05,0.20
1784154436.682,15:27:16.682,0.99,0.06,0.11
1784154437.1817,15:27:17.181,0.99,0.14,0.08
1784154437.6819,15:27:17.681,0.97,0.24,0.03
1784154438.1816,15:27:18.181,0.95,0.32,-0.01
1784154438.6814,15:27:18.681,0.95,0.32,0.00
1784154439.1813,15:27:19.181,0.94,0.33,0.01
1784154439.6813,15:27:19.681,0.92,0.39,-0.01
1784154440.1812,15:27:20.181,0.91,0.42,-0.02
1784154440.681,15:27:20.681,0.90,0.43,-0.03
1784154441.1807,15:27:21.180,0.71,0.65,-0.26
1784154441.6805,15:27:21.680,0.71,0.66,-0.25
1784154442.1806,15:27:22.180,0.69,0.67,-0.27
1784154442.6806,15:27:22.680,0.68,0.67,-0.30
1784154443.1799,15:27:23.179,0.66,0.66,-0.35
1784154443.6799,15:27:23.679,0.86,0.49,-0.14
1784154444.18,15:27:24.180,0.63,0.68,-0.37
1784154444.6792,15:27:24.679,0.63,0.71,-0.32
1784154445.1791,15:27:25.179,0.64,0.72,-0.28
1784154445.6789,15:27:25.678,0.64,0.71,-0.29
1784154446.1785,15:27:26.178,0.65,0.71,-0.28
1784154446.6786,15:27:26.678,0.84,0.53,-0.07
1784154447.1788,15:27:27.178,0.84,0.53,-0.08
1784154447.6783,15:27:27.678,0.67,0.70,-0.23
1784154448.1779,15:27:28.177,0.73,0.66,-0.16
1784154448.678,15:27:28.678,0.73,0.67,-0.15
1784154449.1774,15:27:29.177,0.79,0.61,-0.08
1784154449.6775,15:27:29.677,0.79,0.60,-0.08
1784154450.1775,15:27:30.177,0.78,0.61,-0.13
1784154450.6773,15:27:30.677,0.79,0.60,-0.14
1784154451.1771,15:27:31.177,0.79,0.60,-0.14
1784154451.6775,15:27:31.677,0.89,0.45,-0.03
1784154452.1771,15:27:32.177,0.90,0.44,-0.01
1784154452.6771,15:27:32.677,0.82,0.56,-0.12
1784154453.1774,15:27:33.177,0.89,0.45,-0.02
1784154453.6771,15:27:33.677,0.88,0.47,-0.05
1784154454.1761,15:27:34.176,0.86,0.50,-0.09
1784154454.677,15:27:34.677,0.85,0.51,-0.14
1784154455.1765,15:27:35.176,0.83,0.52,-0.21
1784154455.6757,15:27:35.675,0.62,0.67,-0.41
1784154456.1758,15:27:36.175,0.64,0.66,-0.39
1784154456.6756,15:27:36.675,0.69,0.65,-0.32
1784154457.1751,15:27:37.175,0.83,0.53,-0.20
1784154457.6749,15:27:37.674,0.93,0.35,-0.08
1784154458.1754,15:27:38.175,0.96,0.27,-0.02
1784154458.675,15:27:38.675,0.97,0.25,0.01
1784154459.1749,15:27:39.174,0.98,0.09,0.15
1784154459.6749,15:27:39.674,0.98,0.06,0.17
1784154460.1746,15:27:40.174,0.99,0.05,0.16
1784154460.674,15:27:40.674,0.98,0.05,0.18
1784154461.1741,15:27:41.174,0.98,0.20,0.09
1784154461.6739,15:27:41.673,0.92,0.38,-0.06
1784154462.1738,15:27:42.173,0.86,0.49,-0.16
1784154462.6742,15:27:42.674,0.81,0.55,-0.21
1784154463.1737,15:27:43.173,0.76,0.60,-0.24
1784154463.6737,15:27:43.673,0.71,0.65,-0.28
1784154464.1736,15:27:44.173,0.86,0.49,-0.11
1784154464.6728,15:27:44.672,0.86,0.49,-0.11
1784154465.1723,15:27:45.172,0.75,0.61,-0.26
1784154465.6724,15:27:45.672,0.77,0.60,-0.23
1784154466.172,15:27:46.172,0.78,0.59,-0.22
1784154466.6715,15:27:46.671,0.79,0.57,-0.22
1784154467.1715,15:27:47.171,0.82,0.52,-0.22
1784154467.6714,15:27:47.671,0.95,0.32,-0.04
1784154468.1706,15:27:48.170,0.97,0.23,-0.08
1784154468.6709,15:27:48.670,1.00,0.08,0.02
1784154469.1705,15:27:49.170,1.00,0.02,0.08
1784154469.67,15:27:49.670,0.99,0.00,0.10
1784154470.1704,15:27:50.170,0.99,-0.03,0.14
1784154470.6703,15:27:50.670,0.99,-0.01,0.16
1784154471.1697,15:27:51.169,0.99,0.09,0.14
1784154471.67,15:27:51.670,0.95,0.30,-0.03
1784154472.1696,15:27:52.169,0.90,0.43,-0.12
1784154472.6689,15:27:52.668,0.88,0.46,-0.14
1784154473.1693,15:27:53.169,0.87,0.47,-0.14
1784154473.6693,15:27:53.669,0.91,0.41,-0.09
1784154474.1687,15:27:54.168,0.96,0.26,0.07
1784154474.669,15:27:54.669,0.96,0.27,0.10
1784154475.169,15:27:55.169,0.91,0.42,-0.04
1784154475.6686,15:27:55.668,0.89,0.45,-0.08
1784154476.1685,15:27:56.168,0.82,0.53,-0.20
1784154476.6683,15:27:56.668,0.82,0.53,-0.20
1784154477.168,15:27:57.168,0.81,0.55,-0.19
1784154477.668,15:27:57.668,0.81,0.56,-0.18
1784154478.1681,15:27:58.168,0.79,0.59,-0.16
1784154478.6675,15:27:58.667,0.77,0.61,-0.19
1784154479.1678,15:27:59.167,0.77,0.61,-0.20
1784154479.668,15:27:59.668,0.72,0.65,-0.24
1784154480.1673,15:28:00.167,0.70,0.67,-0.26
1784154480.6669,15:28:00.666,0.69,0.67,-0.28
1784154481.167,15:28:01.167,0.72,0.65,-0.23
1784154481.6666,15:28:01.666,0.74,0.64,-0.20
1784154482.1662,15:28:02.166,0.76,0.62,-0.19
1784154482.6663,15:28:02.666,0.90,0.43,0.02
1784154483.1665,15:28:03.166,0.93,0.37,0.06
1784154483.6657,15:28:03.665,0.93,0.36,0.06
1784154484.1658,15:28:04.165,0.94,0.35,0.06
1784154484.6654,15:28:04.665,0.90,0.43,-0.09
1784154485.1648,15:28:05.164,0.93,0.36,-0.06
1784154485.6651,15:28:05.665,0.93,0.36,-0.06
1784154486.1649,15:28:06.164,0.90,0.43,-0.09
1784154486.6646,15:28:06.664,0.86,0.49,-0.15
1784154487.1646,15:28:07.164,0.86,0.49,-0.15
1784154487.6645,15:28:07.664,0.83,0.53,-0.18
1784154488.1639,15:28:08.163,0.83,0.52,-0.19
1784154488.664,15:28:08.664,0.95,0.31,0.03
1784154489.1641,15:28:09.164,0.93,0.37,-0.03
1784154489.664,15:28:09.664,0.90,0.43,-0.05
1784154490.1642,15:28:10.164,0.90,0.43,-0.04
1784154490.6641,15:28:10.664,0.91,0.42,-0.02
1784154491.1633,15:28:11.163,0.92,0.38,0.05
1784154491.6634,15:28:11.663,0.93,0.36,0.08
1784154492.1634,15:28:12.163,0.93,0.36,0.10
1784154492.6629,15:28:12.662,0.93,0.34,0.12
1784154493.1629,15:28:13.162,0.74,0.65,-0.15
1784154493.6633,15:28:13.663,0.72,0.67,-0.17
1784154494.1631,15:28:14.163,0.72,0.67,-0.18
1784154494.6627,15:28:14.662,0.72,0.66,-0.21
1784154495.1628,15:28:15.162,0.72,0.66,-0.22
1784154495.6624,15:28:15.662,0.68,0.68,-0.27
1784154496.1623,15:28:16.162,0.68,0.68,-0.27
1784154496.6623,15:28:16.662,0.70,0.67,-0.25
1784154497.162,15:28:17.162,0.74,0.62,-0.26
1784154497.6616,15:28:17.661,0.79,0.57,-0.24
1784154498.1617,15:28:18.161,0.81,0.53,-0.25
1784154498.6611,15:28:18.661,0.99,0.16,0.05
1784154499.161,15:28:19.161,0.99,0.14,0.04
1784154499.6612,15:28:19.661,0.98,0.20,-0.02
1784154500.1611,15:28:20.161,0.96,0.28,-0.05
1784154500.6603,15:28:20.660,0.95,0.30,-0.01
1784154501.1606,15:28:21.160,0.95,0.33,0.01
1784154501.6607,15:28:21.660,0.94,0.33,0.06
1784154502.1602,15:28:22.160,0.94,0.33,0.07
1784154502.6604,15:28:22.660,0.95,0.30,0.08
1784154503.1603,15:28:23.160,0.97,0.23,0.13
1784154503.6599,15:28:23.659,0.97,0.20,0.14
1784154504.1603,15:28:24.160,0.97,0.18,0.15
1784154504.66,15:28:24.660,0.85,0.50,-0.15
1784154505.1594,15:28:25.159,0.84,0.51,-0.17
1784154505.6595,15:28:25.659,0.83,0.52,-0.21
1784154506.1593,15:28:26.159,0.82,0.53,-0.23
1784154506.6588,15:28:26.658,0.82,0.52,-0.22
1784154507.1589,15:28:27.158,0.98,0.16,0.11
1784154507.6588,15:28:27.658,0.98,0.07,0.16
1784154508.1586,15:28:28.158,0.98,0.01,0.18
1784154508.6585,15:28:28.658,0.98,-0.05,0.21
1784154509.1585,15:28:29.158,0.97,-0.04,0.22
1784154509.6582,15:28:29.658,0.98,0.02,0.19
1784154510.158,15:28:30.158,0.98,0.04,0.22
1784154510.6581,15:28:30.658,0.98,0.03,0.22
1784154511.1579,15:28:31.157,0.97,-0.03,0.25
1784154511.6574,15:28:31.657,0.97,-0.07,0.25
1784154512.1574,15:28:32.157,0.97,-0.10,0.24
1784154512.6573,15:28:32.657,0.94,-0.18,0.27
1784154513.1569,15:28:33.156,0.95,-0.18,0.26
1784154513.6569,15:28:33.656,0.95,-0.16,0.26
1784154514.1568,15:28:34.156,0.97,-0.11,0.23
1784154514.6566,15:28:34.656,0.98,-0.06,0.20
1784154515.1567,15:28:35.156,0.99,0.02,0.16
1784154515.6565,15:28:35.656,0.99,0.01,0.17
1784154516.1562,15:28:36.156,0.98,-0.05,0.20
1784154516.6566,15:28:36.656,0.97,-0.11,0.23
1784154517.1563,15:28:37.156,0.96,-0.16,0.25
1784154517.6555,15:28:37.655,0.95,-0.17,0.25
1784154518.1556,15:28:38.155,0.95,-0.18,0.26
1784154518.6554,15:28:38.655,0.95,-0.18,0.25
1784154519.1549,15:28:39.154,0.97,-0.11,0.21
1784154519.6549,15:28:39.654,0.99,-0.02,0.15
1784154520.1548,15:28:40.154,0.94,0.31,-0.17
1784154520.6542,15:28:40.654,0.84,0.45,-0.29
1784154521.1545,15:28:41.154,0.80,0.51,-0.31
1784154521.6543,15:28:41.654,0.77,0.56,-0.30
1784154522.1538,15:28:42.153,0.76,0.58,-0.30
1784154522.6538,15:28:42.653,0.95,0.33,-0.01
1784154523.1538,15:28:43.153,0.95,0.32,0.05
1784154523.6534,15:28:43.653,0.79,0.59,-0.15
1784154524.1532,15:28:44.153,0.79,0.59,-0.16
1784154524.6534,15:28:44.653,0.80,0.58,-0.18
1784154525.153,15:28:45.153,0.81,0.56,-0.17
1784154525.6528,15:28:45.652,0.81,0.57,-0.15
1784154526.153,15:28:46.153,0.94,0.34,0.08
1784154526.6527,15:28:46.652,0.92,0.38,0.06
1784154527.1525,15:28:47.152,0.91,0.41,0.04
1784154527.6528,15:28:47.652,0.91,0.43,0.01
1784154528.1522,15:28:48.152,0.90,0.43,0.01
1784154528.6517,15:28:48.651,0.90,0.44,0.03
1784154529.1521,15:28:49.152,0.90,0.44,0.05
1784154529.652,15:28:49.652,0.89,0.45,0.05
1784154530.1514,15:28:50.151,0.88,0.47,0.00
1784154530.6517,15:28:50.651,0.88,0.47,-0.02
1784154531.1513,15:28:51.151,0.88,0.47,-0.04
1784154531.6508,15:28:51.650,0.89,0.45,-0.06
1784154532.151,15:28:52.151,0.92,0.40,-0.04
1784154532.6508,15:28:52.650,0.95,0.30,0.05
1784154533.1504,15:28:53.150,0.79,0.57,-0.21
1784154533.6506,15:28:53.650,0.79,0.58,-0.20
1784154534.1503,15:28:54.150,0.78,0.58,-0.22
1784154534.6497,15:28:54.649,0.78,0.59,-0.23
1784154535.1502,15:28:55.150,0.76,0.60,-0.24
1784154535.6498,15:28:55.649,0.73,0.63,-0.25
1784154536.1498,15:28:56.149,0.73,0.63,-0.25
1784154536.6498,15:28:56.649,0.74,0.63,-0.24
1784154537.1499,15:28:57.149,0.94,0.35,0.05
1784154537.6495,15:28:57.649,0.93,0.35,0.06
1784154538.1492,15:28:58.149,0.71,0.66,-0.23
1784154538.6496,15:28:58.649,0.72,0.65,-0.25
1784154539.1491,15:28:59.149,0.72,0.64,-0.25
1784154539.6487,15:28:59.648,0.75,0.62,-0.23
1784154540.149,15:29:00.149,0.76,0.62,-0.20
1784154540.6485,15:29:00.648,0.94,0.34,0.07
1784154541.1481,15:29:01.148,0.93,0.37,0.04
1784154541.6481,15:29:01.648,0.92,0.39,0.04
1784154542.1474,15:29:02.147,0.72,0.66,-0.22
1784154542.647,15:29:02.647,0.74,0.64,-0.21
1784154543.1472,15:29:03.147,0.75,0.59,-0.28
1784154543.6471,15:29:03.647,0.74,0.58,-0.33
1784154544.1469,15:29:04.146,0.74,0.59,-0.33
1784154544.6474,15:29:04.647,0.95,0.32,-0.06
1784154545.1468,15:29:05.146,0.94,0.33,-0.04
1784154545.6465,15:29:05.646,0.94,0.35,-0.03
1784154546.1467,15:29:06.146,0.69,0.66,-0.30
1784154546.6462,15:29:06.646,0.68,0.68,-0.27
1784154547.146,15:29:07.146,0.67,0.69,-0.27
1784154547.6467,15:29:07.646,0.67,0.69,-0.27
1784154548.1463,15:29:08.146,0.66,0.70,-0.28
1784154548.646,15:29:08.646,0.66,0.70,-0.28
1784154549.146,15:29:09.146,0.91,0.41,-0.03
1784154549.6461,15:29:09.646,0.92,0.38,-0.04
1784154550.1455,15:29:10.145,0.92,0.38,-0.07
1784154550.6456,15:29:10.645,0.94,0.35,-0.04
1784154551.1458,15:29:11.145,0.94,0.35,-0.03
1784154551.6455,15:29:11.645,0.93,0.37,-0.02
1784154552.1459,15:29:12.145,0.93,0.37,0.00
1784154552.6457,15:29:12.645,0.93,0.38,0.03
1784154553.1452,15:29:13.145,0.93,0.37,0.03
1784154553.645,15:29:13.645,0.93,0.37,0.06
1784154554.1447,15:29:14.144,0.92,0.39,0.05
1784154554.6445,15:29:14.644,0.92,0.38,0.04
1784154555.1443,15:29:15.144,0.93,0.37,0.06
1784154555.6447,15:29:15.644,0.93,0.37,0.09
1784154556.1444,15:29:16.144,0.93,0.34,0.11
1784154556.644,15:29:16.644,0.94,0.32,0.12
1784154557.1441,15:29:17.144,0.93,0.34,0.11
1784154557.6439,15:29:17.643,0.94,0.32,0.11
1784154558.1436,15:29:18.143,0.94,0.32,0.10
1784154558.6438,15:29:18.643,0.95,0.30,0.08
1784154559.1432,15:29:19.143,0.95,0.30,0.07
1784154559.6432,15:29:19.643,0.71,0.65,-0.27
1784154560.1435,15:29:20.143,0.71,0.65,-0.27
1784154560.6433,15:29:20.643,0.70,0.66,-0.29
1784154561.1434,15:29:21.143,0.68,0.67,-0.31
1784154561.6433,15:29:21.643,0.68,0.66,-0.33
1784154562.1431,15:29:22.143,0.95,0.30,0.03
1784154562.6426,15:29:22.642,0.96,0.26,0.06
1784154563.1432,15:29:23.143,0.96,0.25,0.13
1784154563.6425,15:29:23.642,0.95,0.26,0.17
1784154564.1423,15:29:24.142,0.95,0.27,0.14
1784154564.6424,15:29:24.642,0.95,0.28,0.12
1784154565.1426,15:29:25.142,0.94,0.32,0.08
1784154565.6417,15:29:25.641,0.93,0.36,0.06
1784154566.1419,15:29:26.141,0.94,0.35,0.06
1784154566.6418,15:29:26.641,0.93,0.37,0.01
1784154567.1413,15:29:27.141,0.93,0.38,-0.02
1784154567.6414,15:29:27.641,0.93,0.37,-0.04
1784154568.1412,15:29:28.141,0.93,0.36,-0.01
1784154568.6405,15:29:28.640,0.93,0.36,-0.01
1784154569.1409,15:29:29.140,0.93,0.37,0.04
1784154569.6412,15:29:29.641,0.93,0.35,0.05
1784154570.14,15:29:30.140,0.96,0.24,0.12
1784154570.6401,15:29:30.640,0.96,0.26,0.10
1784154571.1399,15:29:31.139,0.96,0.27,0.07
1784154571.6395,15:29:31.639,0.96,0.28,0.07
1784154572.1396,15:29:32.139,0.95,0.29,0.08
1784154572.6402,15:29:32.640,0.95,0.29,0.10
1784154573.1399,15:29:33.139,0.95,0.30,0.09
1784154573.6393,15:29:33.639,0.95,0.30,0.07
1784154574.14,15:29:34.140,0.95,0.32,0.04
1784154574.6394,15:29:34.639,0.93,0.38,0.00
1784154575.1387,15:29:35.138,0.92,0.39,0.01
1784154575.6387,15:29:35.638,0.91,0.41,0.01
1784154576.1382,15:29:36.138,0.92,0.39,0.04
1784154576.6382,15:29:36.638,0.93,0.35,0.06
1784154577.1383,15:29:37.138,0.95,0.31,0.09
1784154577.6377,15:29:37.637,0.95,0.29,0.11
1784154578.1372,15:29:38.137,0.95,0.28,0.12
1784154578.6376,15:29:38.637,0.95,0.29,0.12
1784154579.1375,15:29:39.137,0.93,0.36,0.07
1784154579.6369,15:29:39.636,0.93,0.36,0.08
1784154580.1368,15:29:40.136,0.94,0.33,0.11
1784154580.6368,15:29:40.636,0.94,0.32,0.11
1784154581.1362,15:29:41.136,0.94,0.33,0.10
1784154581.6362,15:29:41.636,0.94,0.33,0.08
1784154582.1364,15:29:42.136,0.95,0.32,0.01
1784154582.6357,15:29:42.635,0.98,0.20,0.08
1784154583.1361,15:29:43.136,0.99,0.09,0.14
1784154583.6364,15:29:43.636,0.98,-0.03,0.18
1784154584.1362,15:29:44.136,0.98,-0.04,0.18
1784154584.6362,15:29:44.636,0.98,-0.05,0.18
1784154585.1365,15:29:45.136,0.99,-0.03,0.14
1784154585.636,15:29:45.636,0.99,-0.06,0.13
1784154586.1354,15:29:46.135,0.99,-0.09,0.14
1784154586.6359,15:29:46.635,0.99,-0.10,0.13
1784154587.1353,15:29:47.135,0.99,-0.06,0.10
1784154587.6354,15:29:47.635,1.00,-0.02,0.08
1784154588.1356,15:29:48.135,0.99,0.11,-0.01
1784154588.6352,15:29:48.635,0.97,0.23,-0.06
1784154589.1348,15:29:49.134,0.96,0.28,-0.06
1784154589.6349,15:29:49.634,0.95,0.30,-0.01
1784154590.1341,15:29:50.134,0.95,0.31,0.01
1784154590.6336,15:29:50.633,0.95,0.33,0.03
1784154591.134,15:29:51.134,0.94,0.35,0.06
1784154591.6334,15:29:51.633,0.92,0.39,0.07
1784154592.1329,15:29:52.132,0.91,0.42,0.05
1784154592.6329,15:29:52.632,0.91,0.42,0.04
1784154593.1325,15:29:53.132,0.92,0.40,0.03
1784154593.6317,15:29:53.631,0.92,0.40,0.03
1784154594.1318,15:29:54.131,0.92,0.38,0.05
1784154594.6317,15:29:54.631,0.94,0.34,0.08
1784154595.1312,15:29:55.131,0.94,0.31,0.11
1784154595.6316,15:29:55.631,0.95,0.28,0.12
1784154596.1315,15:29:56.131,0.96,0.25,0.12
1784154596.6311,15:29:56.631,0.97,0.24,0.11
1784154597.1314,15:29:57.131,0.97,0.21,0.12
1784154597.6314,15:29:57.631,0.97,0.19,0.13
1784154598.1309,15:29:58.130,0.97,0.20,0.12
1784154598.6307,15:29:58.630,0.97,0.19,0.14
1784154599.1308,15:29:59.130,0.96,0.24,0.16
1784154599.63,15:29:59.630,0.74,0.66,-0.15
1784154600.1301,15:30:00.130,0.72,0.67,-0.18
1784154600.6303,15:30:00.630,0.75,0.65,-0.16
1784154601.13,15:30:01.130,0.78,0.60,-0.18
1784154601.6297,15:30:01.629,0.84,0.53,-0.15
1784154602.1298,15:30:02.129,0.86,0.50,-0.11
1784154602.6295,15:30:02.629,0.92,0.40,-0.04
1784154603.1295,15:30:03.129,0.92,0.38,-0.09
1784154603.6302,15:30:03.630,0.93,0.35,-0.12
1784154604.1292,15:30:04.129,0.99,0.09,0.11
1784154604.6297,15:30:04.629,0.99,0.10,0.11
1784154605.1297,15:30:05.129,0.99,0.13,0.09
1784154605.6292,15:30:05.629,0.98,0.18,0.06
1784154606.1286,15:30:06.128,0.98,0.21,0.05
1784154606.6289,15:30:06.628,0.97,0.24,0.02
1784154607.1283,15:30:07.128,0.96,0.27,-0.02
1784154607.6276,15:30:07.627,0.96,0.28,-0.06
1784154608.128,15:30:08.128,0.94,0.33,-0.09
1784154608.6278,15:30:08.627,0.94,0.34,-0.07
1784154609.1272,15:30:09.127,0.94,0.33,0.00
1784154609.6279,15:30:09.627,0.96,0.28,0.07
1784154610.1277,15:30:10.127,0.97,0.24,0.08
1784154610.6267,15:30:10.626,0.98,0.21,0.04
1784154611.1272,15:30:11.127,0.99,0.12,0.10
1784154611.627,15:30:11.627,0.99,0.12,0.09
1784154612.1269,15:30:12.126,0.97,0.23,0.03
1784154612.6268,15:30:12.626,0.95,0.31,-0.03
1784154613.1264,15:30:13.126,0.94,0.34,-0.01
1784154613.6262,15:30:13.626,0.95,0.31,0.01
1784154614.1259,15:30:14.125,0.97,0.24,0.05
1784154614.6263,15:30:14.626,0.97,0.24,0.00
1784154615.1258,15:30:15.125,0.99,0.12,0.02
1784154615.6255,15:30:15.625,0.98,-0.09,0.17
1784154616.1262,15:30:16.126,0.96,-0.16,0.24
1784154616.6256,15:30:16.625,0.95,-0.19,0.25
1784154617.1253,15:30:17.125,0.94,-0.20,0.27
1784154617.6253,15:30:17.625,0.94,-0.21,0.27
1784154618.1244,15:30:18.124,0.94,-0.20,0.28
1784154618.6244,15:30:18.624,0.94,-0.19,0.28
1784154619.1247,15:30:19.124,0.95,-0.17,0.27
1784154619.6249,15:30:19.624,0.95,-0.17,0.26
1784154620.1245,15:30:20.124,0.95,-0.16,0.26
1784154620.6248,15:30:20.624,0.99,-0.02,0.15
1784154621.124,15:30:21.124,0.99,0.02,0.12
1784154621.6233,15:30:21.623,0.99,0.05,0.12
1784154622.1237,15:30:22.123,0.99,0.07,0.11
1784154622.6234,15:30:22.623,0.99,0.15,0.08
1784154623.123,15:30:23.123,0.97,0.24,-0.02
1784154623.6235,15:30:23.623,0.91,0.39,-0.16
1784154624.1231,15:30:24.123,0.98,0.17,0.03
1784154624.6224,15:30:24.622,0.98,0.16,0.06
1784154625.1222,15:30:25.122,0.98,0.19,0.08
1784154625.6221,15:30:25.622,0.97,0.21,0.09
1784154626.1213,15:30:26.121,0.96,0.26,0.11
1784154626.6216,15:30:26.621,0.95,0.28,0.11
1784154627.122,15:30:27.122,0.94,0.32,0.09
1784154627.6215,15:30:27.621,0.94,0.34,0.08
1784154628.1215,15:30:28.121,0.93,0.37,0.07
1784154628.6216,15:30:28.621,0.92,0.38,0.06
1784154629.1212,15:30:29.121,0.92,0.38,0.07
1784154629.6208,15:30:29.620,0.92,0.38,0.09
1784154630.1215,15:30:30.121,0.92,0.38,0.09
1784154630.6209,15:30:30.620,0.92,0.37,0.09
1784154631.1212,15:30:31.121,0.78,0.62,-0.11
1784154631.6216,15:30:31.621,0.86,0.51,-0.05
1784154632.1213,15:30:32.121,0.93,0.37,-0.01
1784154632.6211,15:30:32.621,0.96,0.26,0.04
1784154633.1212,15:30:33.121,0.98,0.16,0.09
1784154633.6202,15:30:33.620,0.99,0.08,0.13
1784154634.1203,15:30:34.120,0.99,0.04,0.14
1784154634.6205,15:30:34.620,0.98,-0.01,0.17
1784154635.1202,15:30:35.120,0.97,-0.06,0.22
1784154635.6201,15:30:35.620,0.97,-0.08,0.24
1784154636.12,15:30:36.120,0.97,-0.09,0.22
1784154636.6191,15:30:36.619,0.98,-0.07,0.20
1784154637.1188,15:30:37.118,0.98,-0.08,0.20
1784154637.6189,15:30:37.618,0.98,-0.09,0.19
1784154638.1184,15:30:38.118,0.95,-0.16,0.26
1784154638.6182,15:30:38.618,0.95,-0.15,0.27
1784154639.1184,15:30:39.118,0.97,-0.09,0.22
1784154639.6183,15:30:39.618,0.98,0.18,-0.03
1784154640.1179,15:30:40.117,0.88,0.42,-0.23
1784154640.6178,15:30:40.617,0.80,0.52,-0.30
1784154641.1174,15:30:41.117,0.81,0.53,-0.26
1784154641.6173,15:30:41.617,0.82,0.53,-0.24
1784154642.1174,15:30:42.117,0.88,0.45,-0.17
1784154642.6169,15:30:42.616,0.94,0.33,-0.08
1784154643.1165,15:30:43.116,0.94,0.34,-0.05
1784154643.6166,15:30:43.616,0.94,0.33,-0.05
1784154644.1165,15:30:44.116,0.93,0.35,-0.08
1784154644.6162,15:30:44.616,0.92,0.38,-0.11
1784154645.1166,15:30:45.116,0.89,0.45,-0.10
1784154645.6169,15:30:45.616,0.95,0.28,0.12
1784154646.1159,15:30:46.115,0.95,0.27,0.13
1784154646.6166,15:30:46.616,0.95,0.27,0.12
1784154647.116,15:30:47.116,0.95,0.30,0.12
1784154647.6155,15:30:47.615,0.94,0.31,0.12
1784154648.1151,15:30:48.115,0.95,0.30,0.13
1784154648.6151,15:30:48.615,0.94,0.30,0.13
1784154649.1149,15:30:49.114,0.94,0.30,0.14
1784154649.6147,15:30:49.614,0.95,0.28,0.15
1784154650.115,15:30:50.115,0.94,0.29,0.15
1784154650.6142,15:30:50.614,0.95,0.30,0.14
1784154651.1136,15:30:51.113,0.71,0.68,-0.17
1784154651.6137,15:30:51.613,0.69,0.69,-0.19
1784154652.113,15:30:52.113,0.77,0.62,-0.15
1784154652.6126,15:30:52.612,0.89,0.45,-0.03
1784154653.1133,15:30:53.113,0.96,0.28,0.07
1784154653.6127,15:30:53.612,0.97,0.19,0.12
1784154654.1124,15:30:54.112,0.98,0.15,0.12
1784154654.6126,15:30:54.612,0.98,0.13,0.11
1784154655.1122,15:30:55.112,0.97,0.26,0.01
1784154655.612,15:30:55.612,0.93,0.37,-0.09
1784154656.1123,15:30:56.112,0.89,0.44,-0.14
1784154656.6121,15:30:56.612,0.88,0.45,-0.13
1784154657.1118,15:30:57.111,0.88,0.46,-0.09
1784154657.612,15:30:57.612,0.97,0.18,0.16
1784154658.1123,15:30:58.112,0.96,0.25,0.12
1784154658.6115,15:30:58.611,0.95,0.32,0.08
1784154659.1113,15:30:59.111,0.94,0.35,0.01
1784154659.6118,15:30:59.611,0.92,0.40,-0.05
1784154660.1114,15:31:00.111,0.90,0.43,-0.09
1784154660.6115,15:31:00.611,0.88,0.45,-0.12
1784154661.1115,15:31:01.111,0.88,0.45,-0.13
1784154661.6114,15:31:01.611,0.85,0.51,-0.10
1784154662.1114,15:31:02.111,0.84,0.53,-0.09
1784154662.6113,15:31:02.611,0.85,0.52,-0.09
1784154663.1107,15:31:03.110,0.86,0.50,-0.12
1784154663.6106,15:31:03.610,0.90,0.43,-0.08
1784154664.111,15:31:04.111,0.97,0.23,0.03
1784154664.6105,15:31:04.610,0.99,0.08,0.13
1784154665.1105,15:31:05.110,0.99,0.03,0.14
1784154665.6104,15:31:05.610,0.99,0.02,0.16
1784154666.11,15:31:06.110,0.97,-0.08,0.23
1784154666.6095,15:31:06.609,0.99,-0.04,0.16
1784154667.1098,15:31:07.109,0.98,-0.08,0.17
1784154667.6097,15:31:07.609,0.98,-0.09,0.17
1784154668.1093,15:31:08.109,0.98,-0.09,0.17
1784154668.6093,15:31:08.609,1.00,0.05,0.06
1784154669.1092,15:31:09.109,0.99,0.05,0.09
1784154669.6084,15:31:09.608,0.89,0.40,-0.21
1784154670.1083,15:31:10.108,0.85,0.49,-0.19
1784154670.6083,15:31:10.608,0.85,0.52,-0.12
1784154671.1076,15:31:11.107,0.89,0.46,-0.05
1784154671.6074,15:31:11.607,0.95,0.31,0.06
1784154672.1077,15:31:12.107,0.97,0.21,0.10
1784154672.6069,15:31:12.606,0.99,0.13,0.09
1784154673.107,15:31:13.107,0.99,-0.03,0.12
1784154673.6072,15:31:13.607,0.98,-0.11,0.17
1784154674.1068,15:31:14.106,0.98,-0.11,0.17
1784154674.6072,15:31:14.607,0.98,-0.12,0.17
1784154675.1071,15:31:15.107,0.98,-0.13,0.18
1784154675.6068,15:31:15.606,0.97,-0.13,0.19
1784154676.1071,15:31:16.107,0.98,-0.12,0.18
1784154676.6072,15:31:16.607,0.96,-0.19,0.20
1784154677.1065,15:31:17.106,0.96,-0.20,0.21
1784154677.6067,15:31:17.606,0.96,-0.20,0.21
1784154678.1069,15:31:18.106,0.98,-0.13,0.15
1784154678.6066,15:31:18.606,1.00,0.00,0.07
1784154679.1066,15:31:19.106,0.98,0.18,-0.03
1784154679.6065,15:31:19.606,0.95,0.31,-0.09
1784154680.1061,15:31:20.106,0.98,0.10,0.15
1784154680.606,15:31:20.606,0.98,0.14,0.13
1784154681.1058,15:31:21.105,0.98,0.18,0.12
1784154681.6049,15:31:21.604,0.97,0.20,0.10
1784154682.1047,15:31:22.104,0.98,0.15,0.12
1784154682.6047,15:31:22.604,0.98,0.04,0.18
1784154683.1041,15:31:23.104,0.97,-0.05,0.25
1784154683.6034,15:31:23.603,0.99,-0.03,0.16
1784154684.1034,15:31:24.103,0.99,-0.03,0.15
1784154684.6034,15:31:24.603,0.99,-0.03,0.16
1784154685.103,15:31:25.103,0.99,-0.04,0.16
1784154685.603,15:31:25.603,0.99,-0.03,0.16
1784154686.1028,15:31:26.102,0.96,-0.12,0.25
1784154686.6023,15:31:26.602,0.96,-0.12,0.25
1784154687.1023,15:31:27.102,0.95,-0.15,0.25
1784154687.6023,15:31:27.602,0.95,-0.20,0.25
1784154688.1018,15:31:28.101,0.95,-0.20,0.26
1784154688.6025,15:31:28.602,0.94,-0.20,0.26
1784154689.1024,15:31:29.102,0.96,-0.15,0.23
1784154689.6014,15:31:29.601,0.99,-0.03,0.14
1784154690.1013,15:31:30.101,0.99,0.08,0.08
1784154690.6013,15:31:30.601,0.80,0.52,-0.31
1784154691.1006,15:31:31.100,0.78,0.54,-0.31
1784154691.6004,15:31:31.600,0.77,0.56,-0.30
1784154692.1009,15:31:32.100,0.76,0.58,-0.30
1784154692.6001,15:31:32.600,0.72,0.61,-0.32
1784154693.1006,15:31:33.100,0.69,0.65,-0.33
1784154693.6006,15:31:33.600,0.95,0.30,0.02
1784154694.1005,15:31:34.100,0.68,0.66,-0.31
1784154694.6003,15:31:34.600,0.68,0.66,-0.31
1784154695.1004,15:31:35.100,0.67,0.68,-0.31
1784154695.6,15:31:35.600,0.67,0.66,-0.35
1784154696.0999,15:31:36.099,0.71,0.62,-0.34
1784154696.5995,15:31:36.599,0.76,0.58,-0.31
1784154697.099,15:31:37.099,0.76,0.59,-0.28
1784154697.5988,15:31:37.598,0.96,0.28,0.06
1784154698.0988,15:31:38.098,0.95,0.29,0.08
1784154698.5991,15:31:38.599,0.80,0.57,-0.17
1784154699.0987,15:31:39.098,0.85,0.51,-0.14
1784154699.5994,15:31:39.599,0.96,0.30,0.00
1784154700.099,15:31:40.099,0.99,0.09,0.13
1784154700.5987,15:31:40.598,0.99,0.01,0.16
1784154701.0985,15:31:41.098,0.99,-0.02,0.16
1784154701.5989,15:31:41.598,0.99,-0.04,0.16
1784154702.0983,15:31:42.098,0.99,-0.04,0.16
1784154702.5988,15:31:42.598,0.99,-0.04,0.16
1784154703.0988,15:31:43.098,0.98,-0.07,0.18
1784154703.5985,15:31:43.598,0.98,-0.07,0.18
1784154704.0985,15:31:44.098,0.99,-0.04,0.15
1784154704.5984,15:31:44.598,0.99,-0.04,0.17
1784154705.0978,15:31:45.097,0.99,0.06,0.10
1784154705.5981,15:31:45.598,0.99,0.13,0.07
1784154706.0975,15:31:46.097,0.98,0.21,0.05
1784154706.5972,15:31:46.597,0.97,0.23,0.05
1784154707.0972,15:31:47.097,0.97,0.25,0.07
1784154707.5972,15:31:47.597,0.81,0.55,-0.20
1784154708.0965,15:31:48.096,0.81,0.55,-0.20
1784154708.5965,15:31:48.596,0.79,0.58,-0.22
1784154709.0966,15:31:49.096,0.78,0.59,-0.21
1784154709.596,15:31:49.596,0.79,0.59,-0.19
1784154710.096,15:31:50.096,0.79,0.59,-0.19
1784154710.5962,15:31:50.596,0.85,0.51,-0.14
1784154711.0956,15:31:51.095,0.91,0.41,-0.08
1784154711.5952,15:31:51.595,0.95,0.31,-0.02
1784154712.0955,15:31:52.095,0.98,0.01,0.20
1784154712.5951,15:31:52.595,0.98,-0.03,0.18
1784154713.0949,15:31:53.094,0.98,-0.07,0.17
1784154713.5947,15:31:53.594,0.98,-0.08,0.18
1784154714.0946,15:31:54.094,0.98,-0.08,0.20
1784154714.594,15:31:54.594,0.99,0.12,0.04
1784154715.0941,15:31:55.094,0.97,0.25,-0.07
1784154715.5939,15:31:55.593,0.93,0.33,-0.14
1784154716.0932,15:31:56.093,0.93,0.33,-0.18
1784154716.5934,15:31:56.593,0.96,0.26,-0.11
1784154717.0934,15:31:57.093,0.99,0.06,0.15
1784154717.5933,15:31:57.593,0.98,0.06,0.17
1784154718.0937,15:31:58.093,0.98,0.02,0.20
1784154718.5938,15:31:58.593,0.96,-0.06,0.26
1784154719.0932,15:31:59.093,0.96,-0.07,0.27
1784154719.5932,15:31:59.593,0.97,-0.03,0.26
1784154720.0928,15:32:00.092,0.97,0.03,0.23
1784154720.5925,15:32:00.592,0.97,0.03,0.23
1784154721.0925,15:32:01.092,0.98,0.10,0.18
1784154721.5928,15:32:01.592,0.97,0.20,0.12
1784154722.0922,15:32:02.092,0.96,0.26,0.09
1784154722.5919,15:32:02.591,0.95,0.29,0.11
1784154723.0919,15:32:03.091,0.94,0.34,0.09
1784154723.5912,15:32:03.591,0.94,0.34,0.09
1784154724.0912,15:32:04.091,0.93,0.34,0.09
1784154724.5915,15:32:04.591,0.94,0.32,0.09
1784154725.0908,15:32:05.090,0.95,0.31,0.08
1784154725.5909,15:32:05.590,0.93,0.35,0.06
1784154726.0907,15:32:06.090,0.93,0.35,0.06
1784154726.5904,15:32:06.590,0.94,0.34,0.06
1784154727.0899,15:32:07.089,0.96,0.28,0.08
1784154727.5899,15:32:07.589,0.98,0.18,0.08
1784154728.0898,15:32:08.089,0.99,0.12,0.11
1784154728.5892,15:32:08.589,0.99,0.12,0.08
1784154729.0895,15:32:09.089,0.90,0.40,-0.17
1784154729.5891,15:32:09.589,0.83,0.49,-0.25
1784154730.089,15:32:10.089,0.79,0.53,-0.31
1784154730.5892,15:32:10.589,0.73,0.59,-0.35
1784154731.0891,15:32:11.089,0.70,0.62,-0.35
1784154731.5883,15:32:11.588,0.94,0.34,-0.03
1784154732.0888,15:32:12.088,0.94,0.35,-0.02
1784154732.5892,15:32:12.589,0.93,0.36,-0.02
1784154733.0889,15:32:13.088,0.92,0.38,0.03
1784154733.5891,15:32:13.589,0.91,0.42,0.03
1784154734.0894,15:32:14.089,0.90,0.43,0.03
1784154734.589,15:32:14.589,0.89,0.46,-0.02
1784154735.0889,15:32:15.088,0.89,0.46,-0.05
1784154735.5884,15:32:15.588,0.88,0.47,-0.09
1784154736.088,15:32:16.088,0.87,0.47,-0.10
1784154736.5879,15:32:16.587,0.85,0.51,-0.15
1784154737.0876,15:32:17.087,0.84,0.53,-0.12
1784154737.5869,15:32:17.586,0.83,0.55,-0.09
1784154738.0867,15:32:18.086,0.83,0.55,-0.08
1784154738.5866,15:32:18.586,0.83,0.54,-0.11
1784154739.086,15:32:19.086,0.84,0.52,-0.14
1784154739.5859,15:32:19.585,0.86,0.50,-0.11
1784154740.0864,15:32:20.086,0.87,0.48,-0.09
1784154740.5859,15:32:20.585,0.89,0.46,-0.03
1784154741.0855,15:32:21.085,0.91,0.41,0.00
1784154741.586,15:32:21.586,0.94,0.34,-0.02
1784154742.0856,15:32:22.085,0.98,0.18,0.05
1784154742.5855,15:32:22.585,0.99,0.05,0.11
1784154743.0853,15:32:23.085,0.99,-0.03,0.14
1784154743.5846,15:32:23.584,0.99,-0.04,0.15
1784154744.0845,15:32:24.084,0.98,-0.04,0.18
1784154744.585,15:32:24.585,0.98,-0.03,0.20
1784154745.0846,15:32:25.084,0.98,-0.06,0.21
1784154745.5844,15:32:25.584,0.99,0.04,0.09
1784154746.0847,15:32:26.084,1.00,0.04,0.09
1784154746.5837,15:32:26.583,1.00,0.07,0.07
1784154747.0834,15:32:27.083,0.99,0.11,0.03
1784154747.584,15:32:27.584,0.99,0.10,-0.01
1784154748.0839,15:32:28.083,0.99,0.12,-0.01
1784154748.5836,15:32:28.583,0.99,0.13,0.00
1784154749.0841,15:32:29.084,0.96,0.27,-0.08
1784154749.5843,15:32:29.584,0.90,0.41,-0.13
1784154750.0838,15:32:30.083,0.86,0.48,-0.17
1784154750.5838,15:32:30.583,0.86,0.49,-0.15
1784154751.0841,15:32:31.084,0.97,0.20,0.11
1784154751.5831,15:32:31.583,0.97,0.19,0.13
1784154752.0834,15:32:32.083,0.97,0.19,0.15
1784154752.5834,15:32:32.583,0.97,0.21,0.13
1784154753.0827,15:32:33.082,0.97,0.20,0.13
1784154753.5827,15:32:33.582,0.97,0.21,0.13
1784154754.0826,15:32:34.082,0.96,0.25,0.10
1784154754.5816,15:32:34.581,0.95,0.28,0.09
1784154755.0818,15:32:35.081,0.94,0.33,0.08
1784154755.5818,15:32:35.581,0.92,0.37,0.10
1784154756.081,15:32:36.081,0.92,0.39,0.08
1784154756.5813,15:32:36.581,0.91,0.41,0.06
1784154757.0813,15:32:37.081,0.91,0.41,0.04
1784154757.581,15:32:37.581,0.92,0.40,0.03
1784154758.0806,15:32:38.080,0.92,0.40,0.01
1784154758.5809,15:32:38.580,0.78,0.59,-0.20
1784154759.0803,15:32:39.080,0.90,0.42,-0.08
1784154759.58,15:32:39.580,0.98,0.19,0.03
1784154760.08,15:32:40.080,0.99,0.15,0.06
1784154760.5793,15:32:40.579,0.98,0.16,0.07
1784154761.0789,15:32:41.078,0.98,0.09,0.16
1784154761.5792,15:32:41.579,0.98,0.14,0.10
1784154762.0793,15:32:42.079,0.98,0.22,0.04
1784154762.5792,15:32:42.579,0.96,0.29,0.00
1784154763.0792,15:32:43.079,0.92,0.39,-0.09
1784154763.5791,15:32:43.579,0.92,0.37,-0.08
1784154764.0783,15:32:44.078,0.93,0.36,-0.05
1784154764.5784,15:32:44.578,0.94,0.34,0.00
1784154765.0786,15:32:45.078,0.95,0.31,0.06
1784154765.578,15:32:45.578,0.96,0.23,0.14
1784154766.0781,15:32:46.078,0.97,0.19,0.17
1784154766.5779,15:32:46.577,0.96,0.20,0.18
1784154767.077,15:32:47.077,0.89,0.46,-0.04
1784154767.5774,15:32:47.577,0.89,0.45,-0.05
1784154768.0775,15:32:48.077,0.89,0.45,-0.06
1784154768.5767,15:32:48.576,0.90,0.44,-0.09
1784154769.077,15:32:49.077,0.92,0.38,-0.09
1784154769.5768,15:32:49.576,0.93,0.35,-0.11
1784154770.0761,15:32:50.076,0.93,0.33,-0.12
1784154770.5756,15:32:50.575,0.96,0.28,-0.09
1784154771.0764,15:32:51.076,0.99,0.05,0.12
1784154771.576,15:32:51.576,0.99,0.05,0.14
1784154772.0757,15:32:52.075,0.99,0.06,0.13
1784154772.5761,15:32:52.576,0.98,0.22,-0.03
1784154773.076,15:32:53.076,0.94,0.31,-0.13
1784154773.5757,15:32:53.575,0.93,0.33,-0.15
1784154774.0759,15:32:54.075,0.89,0.41,-0.18
1784154774.5749,15:32:54.574,0.87,0.46,-0.20
1784154775.0751,15:32:55.075,0.96,0.28,0.04
1784154775.5752,15:32:55.575,0.96,0.29,0.06
1784154776.0748,15:32:56.074,0.96,0.28,0.08
1784154776.5749,15:32:56.574,0.96,0.25,0.10
1784154777.0749,15:32:57.074,0.97,0.23,0.13
1784154777.575,15:32:57.575,0.96,0.22,0.16
1784154778.0746,15:32:58.074,0.95,0.28,0.13
1784154778.5747,15:32:58.574,0.95,0.30,0.12
1784154779.0745,15:32:59.074,0.95,0.29,0.12
1784154779.5742,15:32:59.574,0.94,0.31,0.11
1784154780.0744,15:33:00.074,0.94,0.31,0.11
1784154780.5745,15:33:00.574,0.94,0.33,0.10
1784154781.0739,15:33:01.073,0.93,0.36,0.09
1784154781.574,15:33:01.574,0.70,0.69,-0.20
1784154782.0736,15:33:02.073,0.72,0.67,-0.18
1784154782.5729,15:33:02.572,0.78,0.61,-0.16
1784154783.0731,15:33:03.073,0.78,0.57,-0.27
1784154783.573,15:33:03.573,0.83,0.47,-0.30
1784154784.072,15:33:04.072,0.85,0.43,-0.30
1784154784.5718,15:33:04.571,0.87,0.39,-0.30
1784154785.0715,15:33:05.071,0.88,0.38,-0.29
1784154785.5711,15:33:05.571,0.88,0.38,-0.28
1784154786.071,15:33:06.071,0.83,0.46,-0.31
1784154786.5712,15:33:06.571,0.84,0.47,-0.28
1784154787.0709,15:33:07.070,0.82,0.48,-0.30
1784154787.5709,15:33:07.570,0.81,0.50,-0.30
1784154788.071,15:33:08.071,0.79,0.53,-0.30
1784154788.571,15:33:08.571,0.78,0.54,-0.32
1784154789.0709,15:33:09.070,0.96,0.27,0.05
1784154789.5711,15:33:09.571,0.97,0.21,0.13
1784154790.0704,15:33:10.070,0.97,0.20,0.14
1784154790.5702,15:33:10.570,0.97,0.20,0.15
1784154791.0702,15:33:11.070,0.97,0.21,0.13
1784154791.5698,15:33:11.569,0.97,0.20,0.15
1784154792.0697,15:33:12.069,0.96,0.21,0.16
1784154792.5697,15:33:12.569,0.97,0.20,0.17
1784154793.0698,15:33:13.069,0.73,0.65,-0.22
1784154793.5696,15:33:13.569,0.73,0.64,-0.25
1784154794.07,15:33:14.070,0.72,0.64,-0.26
1784154794.5697,15:33:14.569,0.73,0.63,-0.27
1784154795.0691,15:33:15.069,0.74,0.61,-0.26
1784154795.5694,15:33:15.569,0.79,0.57,-0.22
1784154796.0692,15:33:16.069,0.87,0.47,-0.16
1784154796.5691,15:33:16.569,0.97,0.23,-0.01
1784154797.0692,15:33:17.069,0.99,0.10,0.03
1784154797.5691,15:33:17.569,1.00,0.08,-0.01
1784154798.0685,15:33:18.068,0.99,0.10,-0.03
1784154798.5684,15:33:18.568,0.98,0.17,-0.07
1784154799.0686,15:33:19.068,0.99,0.06,0.09
1784154799.5679,15:33:19.567,0.99,0.16,0.03
1784154800.0683,15:33:20.068,0.98,0.19,0.01
1784154800.5677,15:33:20.567,0.98,0.20,0.04
1784154801.0671,15:33:21.067,0.98,0.10,0.15
1784154801.567,15:33:21.567,0.97,0.09,0.22
1784154802.0668,15:33:22.066,0.97,0.09,0.24
1784154802.5661,15:33:22.566,0.97,0.16,0.20
1784154803.0659,15:33:23.065,0.97,0.15,0.19
1784154803.5658,15:33:23.565,0.97,0.12,0.23
1784154804.0652,15:33:24.065,0.96,0.09,0.25
1784154804.5647,15:33:24.564,0.96,0.06,0.26
1784154805.065,15:33:25.065,0.85,0.52,-0.10
1784154805.5644,15:33:25.564,0.77,0.61,-0.19
1784154806.0644,15:33:26.064,0.77,0.61,-0.19
1784154806.5644,15:33:26.564,0.79,0.58,-0.18
1784154807.0643,15:33:27.064,0.77,0.60,-0.22
1784154807.5639,15:33:27.563,0.78,0.57,-0.24
1784154808.064,15:33:28.064,0.80,0.54,-0.25
1784154808.5638,15:33:28.563,0.84,0.50,-0.19
1784154809.0633,15:33:29.063,0.84,0.50,-0.20
1784154809.5637,15:33:29.563,0.84,0.51,-0.21
1784154810.0636,15:33:30.063,0.81,0.54,-0.24
1784154810.5632,15:33:30.563,0.76,0.59,-0.27
1784154811.0637,15:33:31.063,0.71,0.63,-0.32
1784154811.5637,15:33:31.563,0.98,0.19,0.08
1784154812.0632,15:33:32.063,0.98,0.19,0.06
1784154812.5634,15:33:32.563,0.97,0.23,0.05
1784154813.0633,15:33:33.063,0.97,0.25,0.06
1784154813.5629,15:33:33.562,0.96,0.26,0.07
1784154814.0629,15:33:34.062,0.97,0.23,0.09
1784154814.5629,15:33:34.562,0.97,0.23,0.09
1784154815.0623,15:33:35.062,0.88,0.46,-0.15
1784154815.5623,15:33:35.562,0.94,0.32,-0.05
1784154816.0618,15:33:36.061,0.95,0.31,-0.05
1784154816.5613,15:33:36.561,0.94,0.35,-0.06
1784154817.0611,15:33:37.061,0.89,0.43,-0.13
1784154817.561,15:33:37.561,0.85,0.50,-0.18
1784154818.0602,15:33:38.060,0.80,0.55,-0.22
1784154818.5606,15:33:38.560,0.77,0.60,-0.22
1784154819.0612,15:33:39.061,0.76,0.61,-0.22
1784154819.561,15:33:39.561,0.80,0.58,-0.15
1784154820.0608,15:33:40.060,0.88,0.48,-0.07
1784154820.5607,15:33:40.560,0.90,0.44,-0.06
1784154821.0603,15:33:41.060,0.90,0.44,-0.06
1784154821.5602,15:33:41.560,0.87,0.48,-0.12
1784154822.0606,15:33:42.060,0.84,0.52,-0.17
1784154822.5607,15:33:42.560,0.79,0.56,-0.24
1784154823.0605,15:33:43.060,0.74,0.61,-0.27
1784154823.5607,15:33:43.560,0.72,0.63,-0.28
1784154824.0606,15:33:44.060,0.71,0.64,-0.30
1784154824.56,15:33:44.560,0.72,0.63,-0.28
1784154825.0603,15:33:45.060,0.76,0.61,-0.22
1784154825.5597,15:33:45.559,0.74,0.63,-0.22
1784154826.0594,15:33:46.059,0.73,0.65,-0.22
1784154826.5596,15:33:46.559,0.71,0.67,-0.22
1784154827.0595,15:33:47.059,0.68,0.69,-0.23
1784154827.5589,15:33:47.558,0.66,0.70,-0.28
1784154828.059,15:33:48.059,0.63,0.70,-0.34
1784154828.5586,15:33:48.558,0.62,0.70,-0.35
1784154829.0581,15:33:49.058,0.62,0.70,-0.35
1784154829.5584,15:33:49.558,0.62,0.70,-0.35
1784154830.0583,15:33:50.058,0.60,0.72,-0.35
1784154830.5575,15:33:50.557,0.60,0.71,-0.36
1784154831.0578,15:33:51.057,0.61,0.71,-0.36
1784154831.5584,15:33:51.558,0.62,0.71,-0.34
1784154832.0581,15:33:52.058,0.94,0.32,0.05
1784154832.5583,15:33:52.558,0.94,0.34,0.05
1784154833.0581,15:33:53.058,0.57,0.72,-0.40
1784154833.5576,15:33:53.557,0.55,0.73,-0.40
1784154834.0572,15:33:54.057,0.59,0.72,-0.37
1784154834.5575,15:33:54.557,0.61,0.71,-0.34
1784154835.0569,15:33:55.056,0.62,0.72,-0.33
1784154835.5566,15:33:55.556,0.94,0.34,0.05
1784154836.0568,15:33:56.056,0.94,0.34,0.03
1784154836.5561,15:33:56.556,0.94,0.34,0.03
1784154837.0557,15:33:57.055,0.97,0.24,0.04
1784154837.5562,15:33:57.556,0.99,0.04,0.11
1784154838.0562,15:33:58.056,0.98,-0.08,0.16
1784154838.5567,15:33:58.556,0.98,-0.09,0.18
1784154839.0566,15:33:59.056,0.98,-0.10,0.18
1784154839.5563,15:33:59.556,0.97,-0.12,0.19
1784154840.0557,15:34:00.055,0.97,-0.14,0.20
1784154840.5556,15:34:00.555,0.97,-0.13,0.18
1784154841.055,15:34:01.055,0.97,-0.12,0.19
1784154841.5545,15:34:01.554,0.98,-0.11,0.19
1784154842.0547,15:34:02.054,0.98,-0.08,0.17
1784154842.5545,15:34:02.554,1.00,0.01,0.10
1784154843.0542,15:34:03.054,0.99,0.08,0.07
1784154843.554,15:34:03.554,0.99,0.10,0.10
1784154844.0539,15:34:04.053,0.99,0.04,0.16
1784154844.5533,15:34:04.553,0.99,-0.02,0.16
1784154845.0534,15:34:05.053,0.99,-0.03,0.12
1784154845.553,15:34:05.553,1.00,0.01,0.09
1784154846.0529,15:34:06.052,0.98,0.18,-0.01
1784154846.5531,15:34:06.553,0.93,0.35,-0.11
1784154847.0528,15:34:07.052,0.93,0.35,-0.09
1784154847.5523,15:34:07.552,0.92,0.38,-0.09
1784154848.0525,15:34:08.052,0.91,0.40,-0.08
1784154848.5528,15:34:08.552,0.71,0.62,-0.32
1784154849.0527,15:34:09.052,0.67,0.66,-0.33
1784154849.5525,15:34:09.552,0.67,0.67,-0.33
1784154850.0525,15:34:10.052,0.68,0.66,-0.31
1784154850.5519,15:34:10.551,0.68,0.66,-0.31
1784154851.0514,15:34:11.051,0.69,0.64,-0.34
1784154851.5514,15:34:11.551,0.89,0.44,-0.12
1784154852.051,15:34:12.051,0.89,0.44,-0.11
1784154852.5509,15:34:12.550,0.90,0.43,-0.09
1784154853.0509,15:34:13.050,0.90,0.44,-0.08
1784154853.5502,15:34:13.550,0.89,0.46,-0.08
1784154854.0504,15:34:14.050,0.67,0.68,-0.30
1784154854.5507,15:34:14.550,0.67,0.67,-0.32
1784154855.0503,15:34:15.050,0.77,0.59,-0.24
1784154855.5502,15:34:15.550,0.80,0.55,-0.25
1784154856.05,15:34:16.050,0.82,0.50,-0.27
1784154856.5497,15:34:16.549,0.98,0.20,0.00
1784154857.0489,15:34:17.048,0.99,0.14,0.05
1784154857.5488,15:34:17.548,0.99,0.13,0.06
1784154858.0484,15:34:18.048,0.99,0.13,0.04
1784154858.5481,15:34:18.548,0.94,0.31,-0.10
1784154859.0483,15:34:19.048,0.88,0.44,-0.16
1784154859.5482,15:34:19.548,0.84,0.50,-0.18
1784154860.0477,15:34:20.047,0.81,0.55,-0.22
1784154860.5476,15:34:20.547,0.78,0.57,-0.24
1784154861.0478,15:34:21.047,0.76,0.60,-0.25
1784154861.5475,15:34:21.547,0.85,0.51,-0.07
1784154862.0479,15:34:22.047,0.84,0.53,-0.06
1784154862.5479,15:34:22.547,0.85,0.52,-0.05
1784154863.0472,15:34:23.047,0.86,0.51,-0.02
1784154863.5468,15:34:23.546,0.86,0.52,-0.02
1784154864.0471,15:34:24.047,0.86,0.51,-0.02
1784154864.5461,15:34:24.546,0.87,0.49,-0.01
1784154865.046,15:34:25.046,0.68,0.70,-0.21
1784154865.546,15:34:25.546,0.69,0.70,-0.21
1784154866.0463,15:34:26.046,0.67,0.70,-0.22
1784154866.5462,15:34:26.546,0.71,0.67,-0.22
1784154867.0467,15:34:27.046,0.86,0.48,-0.13
1784154867.5461,15:34:27.546,0.99,0.14,0.07
1784154868.0458,15:34:28.045,0.99,0.02,0.13
1784154868.5458,15:34:28.545,0.99,0.02,0.13
1784154869.046,15:34:29.046,0.99,0.10,0.09
1784154869.5459,15:34:29.545,0.98,0.22,0.01
1784154870.0462,15:34:30.046,0.96,0.27,0.00
1784154870.5456,15:34:30.545,0.96,0.27,0.04
1784154871.0448,15:34:31.044,0.96,0.26,0.07
1784154871.545,15:34:31.545,0.95,0.29,0.06
1784154872.0443,15:34:32.044,0.94,0.33,0.07
1784154872.5439,15:34:32.543,0.92,0.39,0.08
1784154873.0439,15:34:33.043,0.92,0.38,0.08
1784154873.5436,15:34:33.543,0.91,0.40,0.06
1784154874.0432,15:34:34.043,0.92,0.39,0.06
1784154874.5436,15:34:34.543,0.91,0.41,0.04
1784154875.043,15:34:35.043,0.91,0.40,0.01
1784154875.5425,15:34:35.542,0.92,0.40,0.00
1784154876.0423,15:34:36.042,0.93,0.38,0.00
1784154876.5434,15:34:36.543,0.92,0.40,-0.03
1784154877.0425,15:34:37.042,0.92,0.39,-0.01
1784154877.5424,15:34:37.542,0.93,0.36,0.01
1784154878.0426,15:34:38.042,0.93,0.36,0.01
1784154878.5423,15:34:38.542,0.93,0.37,-0.01
1784154879.0421,15:34:39.042,0.93,0.37,-0.02
1784154879.5426,15:34:39.542,0.97,0.25,0.03
1784154880.042,15:34:40.042,0.99,0.09,0.08
1784154880.542,15:34:40.542,1.00,0.03,0.07
1784154881.0422,15:34:41.042,1.00,0.01,0.10
1784154881.5414,15:34:41.541,0.99,-0.01,0.12
1784154882.0415,15:34:42.041,0.99,-0.06,0.16
1784154882.5415,15:34:42.541,0.99,-0.06,0.16
1784154883.0414,15:34:43.041,0.98,-0.10,0.20
1784154883.541,15:34:43.541,0.97,-0.14,0.22
1784154884.0409,15:34:44.040,0.97,-0.14,0.22
1784154884.5409,15:34:44.540,0.97,-0.14,0.22
1784154885.0408,15:34:45.040,0.97,-0.14,0.21
1784154885.5408,15:34:45.540,0.98,-0.11,0.18
1784154886.0407,15:34:46.040,0.99,-0.02,0.12
1784154886.5399,15:34:46.539,0.99,0.12,0.08
1784154887.0404,15:34:47.040,0.97,0.25,0.05
1784154887.5398,15:34:47.539,0.95,0.32,0.04
1784154888.0391,15:34:48.039,0.95,0.32,0.06
1784154888.5392,15:34:48.539,0.94,0.34,0.06
1784154889.0392,15:34:49.039,0.93,0.35,0.06
1784154889.5388,15:34:49.538,0.94,0.34,0.05
1784154890.0387,15:34:50.038,0.94,0.33,0.06
1784154890.5385,15:34:50.538,0.95,0.32,0.06
1784154891.0375,15:34:51.037,0.96,0.26,0.09
1784154891.5378,15:34:51.537,0.97,0.24,0.08
1784154892.0381,15:34:52.038,0.98,0.22,0.05
1784154892.5375,15:34:52.537,0.97,0.23,0.04
1784154893.0375,15:34:53.037,0.97,0.22,0.06
1784154893.5376,15:34:53.537,0.98,0.19,0.10
1784154894.0368,15:34:54.036,0.98,0.19,0.12
1784154894.5369,15:34:54.536,0.96,0.24,0.12
1784154895.0373,15:34:55.037,0.96,0.26,0.10
1784154895.5366,15:34:55.536,0.96,0.26,0.10
1784154896.0366,15:34:56.036,0.96,0.27,0.08
1784154896.5367,15:34:56.536,0.96,0.28,0.08
1784154897.0367,15:34:57.036,0.94,0.34,0.03
1784154897.5366,15:34:57.536,0.65,0.69,-0.32
1784154898.037,15:34:58.037,0.65,0.69,-0.32
1784154898.5371,15:34:58.537,0.70,0.66,-0.28
1784154899.0367,15:34:59.036,0.77,0.59,-0.23
1784154899.5371,15:34:59.537,0.81,0.54,-0.21
1784154900.0365,15:35:00.036,0.91,0.40,-0.14
1784154900.5361,15:35:00.536,0.97,0.26,-0.03
1784154901.0365,15:35:01.036,0.99,0.04,0.14
1784154901.5361,15:35:01.536,0.98,-0.08,0.20
1784154902.0352,15:35:02.035,0.96,-0.14,0.24
1784154902.5352,15:35:02.535,0.96,-0.14,0.25
1784154903.0353,15:35:03.035,0.96,-0.14,0.25
1784154903.5347,15:35:03.534,0.96,-0.12,0.24
1784154904.035,15:35:04.035,0.98,-0.10,0.19
1784154904.5349,15:35:04.534,0.98,-0.10,0.20
1784154905.0342,15:35:05.034,0.97,-0.09,0.21
1784154905.5344,15:35:05.534,0.96,-0.13,0.24
1784154906.0341,15:35:06.034,0.96,-0.14,0.24
1784154906.5335,15:35:06.533,0.96,-0.16,0.22
1784154907.0338,15:35:07.033,0.95,-0.19,0.26
1784154907.5334,15:35:07.533,0.96,-0.17,0.23
1784154908.0329,15:35:08.032,0.97,-0.15,0.20
1784154908.5333,15:35:08.533,0.98,-0.10,0.17
1784154909.0331,15:35:09.033,0.98,-0.12,0.17
1784154909.5321,15:35:09.532,0.98,-0.12,0.18
1784154910.0324,15:35:10.032,0.96,-0.16,0.21
1784154910.5322,15:35:10.532,0.96,-0.17,0.22
1784154911.032,15:35:11.032,0.96,-0.17,0.24
1784154911.5321,15:35:11.532,0.96,-0.16,0.25
1784154912.0321,15:35:12.032,0.95,-0.16,0.26
1784154912.532,15:35:12.532,0.95,-0.15,0.27
1784154913.032,15:35:13.032,0.95,-0.15,0.27
1784154913.5317,15:35:13.531,0.95,-0.16,0.26
1784154914.0311,15:35:14.031,0.96,-0.17,0.24
1784154914.531,15:35:14.531,0.96,-0.16,0.24
1784154915.0312,15:35:15.031,0.96,-0.16,0.22
1784154915.5311,15:35:15.531,0.96,-0.17,0.23
1784154916.0309,15:35:16.030,0.96,-0.16,0.23
1784154916.531,15:35:16.531,0.96,-0.14,0.23
1784154917.0306,15:35:17.030,0.96,-0.11,0.24
1784154917.5305,15:35:17.530,0.97,-0.06,0.21
1784154918.0303,15:35:18.030,0.99,0.03,0.15
1784154918.5298,15:35:18.529,0.99,0.14,0.08
1784154919.0296,15:35:19.029,0.99,0.15,0.08
1784154919.5299,15:35:19.529,0.98,0.17,0.07
1784154920.0291,15:35:20.029,0.97,0.24,0.05
1784154920.5287,15:35:20.528,0.95,0.30,0.03
1784154921.0288,15:35:21.028,0.95,0.32,0.04
1784154921.5292,15:35:21.529,0.94,0.33,0.04
1784154922.0285,15:35:22.028,0.95,0.32,0.05
1784154922.5283,15:35:22.528,0.95,0.30,0.06
1784154923.0286,15:35:23.028,0.96,0.26,0.08
1784154923.5278,15:35:23.527,0.97,0.23,0.10
1784154924.0279,15:35:24.027,0.98,0.17,0.13
1784154924.5279,15:35:24.527,0.98,0.11,0.16
1784154925.0271,15:35:25.027,0.98,0.05,0.20
1784154925.5269,15:35:25.526,0.98,0.05,0.20
1784154926.0271,15:35:26.027,0.98,0.04,0.19
1784154926.5267,15:35:26.526,0.98,0.05,0.17
1784154927.0267,15:35:27.026,0.98,-0.02,0.18
1784154927.5267,15:35:27.526,0.98,-0.08,0.20
1784154928.0266,15:35:28.026,0.96,-0.14,0.23
1784154928.5262,15:35:28.526,0.96,-0.14,0.24
1784154929.0263,15:35:29.026,0.96,-0.15,0.24
1784154929.5257,15:35:29.525,0.96,-0.16,0.25
1784154930.0251,15:35:30.025,0.96,-0.15,0.24
1784154930.5256,15:35:30.525,0.97,-0.11,0.22
1784154931.0254,15:35:31.025,0.98,-0.01,0.19
1784154931.5251,15:35:31.525,0.98,0.09,0.19
1784154932.0251,15:35:32.025,0.97,0.17,0.18
1784154932.5252,15:35:32.525,0.96,0.20,0.18
1784154933.0246,15:35:33.024,0.96,0.22,0.18
1784154933.5251,15:35:33.525,0.95,0.29,0.14
1784154934.025,15:35:34.025,0.95,0.28,0.11
1784154934.5245,15:35:34.524,0.95,0.29,0.08
1784154935.0245,15:35:35.024,0.96,0.27,0.10
1784154935.5244,15:35:35.524,0.96,0.28,0.09
1784154936.0236,15:35:36.023,0.96,0.28,0.07
1784154936.5237,15:35:36.523,0.84,0.52,-0.19
1784154937.0236,15:35:37.023,0.84,0.51,-0.18
1784154937.5231,15:35:37.523,0.85,0.49,-0.17
1784154938.0237,15:35:38.023,0.85,0.50,-0.15
1784154938.5238,15:35:38.523,0.86,0.49,-0.13
1784154939.0234,15:35:39.023,0.88,0.46,-0.11
1784154939.5238,15:35:39.523,0.98,0.13,0.12
1784154940.0235,15:35:40.023,0.99,0.05,0.14
1784154940.5229,15:35:40.522,0.99,0.04,0.11
1784154941.0229,15:35:41.022,1.00,0.04,0.09
1784154941.5226,15:35:41.522,1.00,0.07,0.06
1784154942.0223,15:35:42.022,0.99,0.10,0.03
1784154942.5223,15:35:42.522,0.99,0.12,0.03
1784154943.0226,15:35:43.022,0.99,0.12,0.03
1784154943.522,15:35:43.522,0.99,0.16,0.03
1784154944.0219,15:35:44.021,0.98,0.21,0.04
1784154944.5221,15:35:44.522,0.97,0.24,0.05
1784154945.0216,15:35:45.021,0.96,0.26,0.07
1784154945.5214,15:35:45.521,0.85,0.51,-0.16
1784154946.0217,15:35:46.021,0.90,0.43,-0.09
1784154946.5213,15:35:46.521,0.96,0.29,0.02
1784154947.0206,15:35:47.020,0.96,0.29,0.01
1784154947.5208,15:35:47.520,0.96,0.26,0.00
1784154948.0205,15:35:48.020,0.92,0.37,-0.11
1784154948.5195,15:35:48.519,0.91,0.39,-0.16
1784154949.0201,15:35:49.020,0.89,0.41,-0.19
1784154949.52,15:35:49.520,0.88,0.43,-0.20
1784154950.0196,15:35:50.019,0.79,0.54,-0.28
1784154950.5201,15:35:50.520,0.75,0.59,-0.30
1784154951.0201,15:35:51.020,0.95,0.31,0.04
1784154951.5196,15:35:51.519,0.95,0.30,0.05
1784154952.0192,15:35:52.019,0.95,0.30,0.08
1784154952.5201,15:35:52.520,0.95,0.31,0.09
1784154953.0199,15:35:53.019,0.94,0.34,0.05
1784154953.5196,15:35:53.519,0.95,0.32,0.02
1784154954.0196,15:35:54.019,0.98,0.21,0.03
1784154954.5185,15:35:54.518,0.99,0.03,0.12
1784154955.0183,15:35:55.018,0.99,0.02,0.10
1784154955.5182,15:35:55.518,1.00,0.01,0.09
1784154956.0175,15:35:56.017,1.00,0.04,0.06
1784154956.5176,15:35:56.517,1.00,0.06,0.06
1784154957.0178,15:35:57.017,0.99,0.16,0.04
1784154957.5175,15:35:57.517,0.97,0.26,0.03
1784154958.0173,15:35:58.017,0.96,0.27,0.05
1784154958.5177,15:35:58.517,0.96,0.28,0.06
1784154959.017,15:35:59.017,0.96,0.28,0.07
1784154959.5168,15:35:59.516,0.94,0.34,0.04
1784154960.0171,15:36:00.017,0.93,0.36,0.03
1784154960.5169,15:36:00.516,0.93,0.37,0.08
1784154961.0166,15:36:01.016,0.93,0.36,0.11
1784154961.517,15:36:01.517,0.91,0.40,0.08
1784154962.0161,15:36:02.016,0.91,0.40,0.09
1784154962.5157,15:36:02.515,0.92,0.39,0.08
1784154963.0162,15:36:03.016,0.92,0.39,0.09
1784154963.5158,15:36:03.515,0.93,0.37,0.07
1784154964.0151,15:36:04.015,0.93,0.37,0.06
1784154964.5153,15:36:04.515,0.79,0.59,-0.14
1784154965.0146,15:36:05.014,0.81,0.58,-0.13
1784154965.514,15:36:05.514,0.86,0.49,-0.10
1784154966.0143,15:36:06.014,0.91,0.41,-0.07
1784154966.5139,15:36:06.513,0.96,0.28,0.02
1784154967.0138,15:36:07.013,0.98,0.22,0.03
1784154967.514,15:36:07.514,0.99,0.14,0.06
1784154968.0145,15:36:08.014,0.99,0.02,0.12
1784154968.5141,15:36:08.514,0.98,-0.05,0.19
1784154969.0141,15:36:09.014,0.98,-0.03,0.18
1784154969.5136,15:36:09.513,0.99,0.01,0.15
1784154970.0129,15:36:10.012,0.99,0.02,0.14
1784154970.5126,15:36:10.512,0.99,0.01,0.14
1784154971.013,15:36:11.013,0.99,0.01,0.13
1784154971.5129,15:36:11.512,0.99,0.04,0.11
1784154972.0129,15:36:12.012,0.99,0.06,0.10
1784154972.5134,15:36:12.513,0.99,0.13,0.08
1784154973.0126,15:36:13.012,0.97,0.24,0.04
1784154973.5127,15:36:13.512,0.96,0.28,0.03
1784154974.0127,15:36:14.012,0.96,0.29,0.04
1784154974.5122,15:36:14.512,0.95,0.30,0.05
1784154975.0122,15:36:15.012,0.95,0.30,0.06
1784154975.5123,15:36:15.512,0.96,0.26,0.09
1784154976.012,15:36:16.012,0.98,0.20,0.06
1784154976.5115,15:36:16.511,0.98,0.18,0.08
1784154977.0117,15:36:17.011,0.98,0.19,0.09
1784154977.511,15:36:17.511,0.97,0.23,0.11
1784154978.0102,15:36:18.010,0.96,0.21,0.17
1784154978.5108,15:36:18.510,0.96,0.22,0.17
1784154979.0101,15:36:19.010,0.97,0.22,0.12
1784154979.5103,15:36:19.510,0.98,0.19,0.09
1784154980.0106,15:36:20.010,0.99,0.11,0.10
1784154980.5104,15:36:20.510,0.99,0.10,0.08
1784154981.0101,15:36:21.010,0.99,0.08,0.09
1784154981.5099,15:36:21.509,1.00,0.05,0.09
1784154982.01,15:36:22.010,1.00,0.03,0.08
1784154982.5098,15:36:22.509,0.99,-0.02,0.11
1784154983.0096,15:36:23.009,0.99,-0.01,0.11
1784154983.5096,15:36:23.509,1.00,0.02,0.09
1784154984.0093,15:36:24.009,1.00,0.07,0.07
1784154984.5093,15:36:24.509,0.99,0.14,0.01
1784154985.009,15:36:25.009,0.98,0.20,-0.01
1784154985.5086,15:36:25.508,0.97,0.23,0.02
1784154986.0083,15:36:26.008,0.97,0.22,0.08
1784154986.5081,15:36:26.508,0.97,0.22,0.12
1784154987.008,15:36:27.008,0.97,0.20,0.14
1784154987.5076,15:36:27.507,0.97,0.19,0.16
1784154988.008,15:36:28.008,0.97,0.20,0.17
1784154988.5075,15:36:28.507,0.96,0.19,0.18
1784154989.0073,15:36:29.007,0.96,0.16,0.21
1784154989.5078,15:36:29.507,0.97,0.12,0.22
1784154990.0076,15:36:30.007,0.97,0.10,0.22
1784154990.5073,15:36:30.507,0.97,0.07,0.23
1784154991.0073,15:36:31.007,0.97,0.06,0.23
1784154991.507,15:36:31.507,0.97,0.05,0.25
1784154992.007,15:36:32.007,0.97,0.01,0.25
1784154992.5069,15:36:32.506,0.96,-0.04,0.27
1784154993.0061,15:36:33.006,0.96,-0.07,0.26
1784154993.5056,15:36:33.505,0.97,-0.08,0.24
1784154994.006,15:36:34.006,0.97,-0.09,0.24
1784154994.5057,15:36:34.505,0.97,-0.08,0.24
1784154995.0054,15:36:35.005,0.98,-0.04,0.20
1784154995.5061,15:36:35.506,0.98,0.00,0.18
1784154996.0061,15:36:36.006,0.99,0.05,0.13
1784154996.5053,15:36:36.505,0.99,0.10,0.09
1784154997.0055,15:36:37.005,0.99,0.13,0.06
1784154997.5053,15:36:37.505,0.98,0.16,0.09
1784154998.0045,15:36:38.004,0.98,0.15,0.11
1784154998.5049,15:36:38.504,0.98,0.13,0.14
1784154999.0054,15:36:39.005,0.98,0.09,0.16
1784154999.5046,15:36:39.504,0.98,0.06,0.17
1784155000.0043,15:36:40.004,0.98,0.05,0.17
1784155000.5041,15:36:40.504,0.99,0.04,0.16
1784155001.0038,15:36:41.003,0.99,0.02,0.15
1784155001.504,15:36:41.504,0.98,-0.02,0.19
1784155002.0045,15:36:42.004,0.97,-0.04,0.25
1784155002.5043,15:36:42.504,0.97,-0.04,0.25
1784155003.0046,15:36:43.004,0.97,-0.02,0.25
1784155003.504,15:36:43.504,0.97,0.02,0.25
1784155004.0039,15:36:44.003,0.97,0.06,0.23
1784155004.5037,15:36:44.503,0.97,0.08,0.24
1784155005.0034,15:36:45.003,0.97,0.08,0.23
1784155005.5028,15:36:45.502,0.97,0.10,0.23
1784155006.0023,15:36:46.002,0.97,0.09,0.23
1784155006.5021,15:36:46.502,0.97,0.10,0.23
1784155007.0017,15:36:47.001,0.76,0.63,-0.17
1784155007.5014,15:36:47.501,0.78,0.61,-0.17
1784155008.0014,15:36:48.001,0.85,0.52,-0.10
1784155008.5009,15:36:48.500,0.88,0.47,-0.10
1784155009.0005,15:36:49.000,0.90,0.43,-0.09
1784155009.5007,15:36:49.500,0.98,0.05,0.18
1784155010.0009,15:36:50.000,0.98,-0.02,0.20
1784155010.501,15:36:50.501,0.97,-0.04,0.22
1784155011.0014,15:36:51.001,0.97,-0.06,0.25
1784155011.5016,15:36:51.501,0.97,-0.07,0.25
1784155012.0008,15:36:52.000,0.97,-0.06,0.25
1784155012.5009,15:36:52.500,0.96,-0.06,0.27
1784155013.0005,15:36:53.000,0.96,-0.04,0.28
1784155013.5,15:36:53.500,0.96,0.00,0.27
1784155014.0002,15:36:54.000,0.97,0.03,0.24
1784155014.4999,15:36:54.499,0.97,0.03,0.25
1784155014.9992,15:36:54.999,0.97,0.01,0.26
1784155015.4991,15:36:55.499,0.97,-0.01,0.24
1784155015.9991,15:36:55.999,0.97,-0.04,0.26
1784155016.4987,15:36:56.498,0.86,0.49,-0.12
1784155016.9983,15:36:56.998,0.86,0.50,-0.11
1784155017.4987,15:36:57.498,0.84,0.53,-0.10
1784155017.9986,15:36:57.998,0.85,0.51,-0.11
1784155018.4988,15:36:58.498,0.85,0.50,-0.13
1784155018.9989,15:36:58.998,0.99,0.10,0.12
1784155019.4987,15:36:59.498,0.99,0.09,0.12
1784155019.9982,15:36:59.998,0.99,0.05,0.12
1784155020.4984,15:37:00.498,0.99,0.05,0.11
1784155020.9977,15:37:00.997,0.99,0.06,0.09
1784155021.4979,15:37:01.497,0.99,0.15,0.04
1784155021.9982,15:37:01.998,0.84,0.49,-0.23
1784155022.4976,15:37:02.497,0.83,0.51,-0.22
1784155022.9973,15:37:02.997,0.82,0.52,-0.22
1784155023.4972,15:37:03.497,0.85,0.50,-0.18
1784155023.9967,15:37:03.996,0.85,0.50,-0.16
1784155024.4961,15:37:04.496,0.97,0.11,0.20
1784155024.9964,15:37:04.996,0.97,0.11,0.21
1784155025.496,15:37:05.496,0.98,0.05,0.22
1784155025.9955,15:37:05.995,0.97,0.04,0.22
1784155026.4955,15:37:06.495,0.97,0.04,0.23
1784155026.9957,15:37:06.995,0.96,0.03,0.27
1784155027.4952,15:37:07.495,0.96,0.01,0.29
1784155027.9956,15:37:07.995,0.96,-0.01,0.29
1784155028.4957,15:37:08.495,0.96,-0.01,0.28
1784155028.9953,15:37:08.995,0.97,0.01,0.24
1784155029.4952,15:37:09.495,0.97,-0.08,0.24
1784155029.9952,15:37:09.995,0.97,-0.10,0.21
1784155030.4949,15:37:10.494,0.97,-0.11,0.22
1784155030.9949,15:37:10.994,0.97,-0.11,0.22
1784155031.4948,15:37:11.494,0.97,-0.11,0.21
1784155031.9946,15:37:11.994,0.98,-0.05,0.19
1784155032.4947,15:37:12.494,0.99,0.07,0.13
1784155032.9943,15:37:12.994,0.99,0.09,0.13
1784155033.4938,15:37:13.493,0.99,0.08,0.14
1784155033.9938,15:37:13.993,0.98,0.03,0.18
1784155034.4939,15:37:14.493,0.98,0.00,0.21
1784155034.9935,15:37:14.993,0.98,0.02,0.21
1784155035.4932,15:37:15.493,0.98,0.06,0.17
1784155035.9931,15:37:15.993,0.99,0.05,0.15
1784155036.4933,15:37:16.493,0.99,0.04,0.16
1784155036.9927,15:37:16.992,0.99,0.05,0.16
1784155037.4927,15:37:17.492,0.99,0.06,0.14
1784155037.9928,15:37:17.992,0.99,0.07,0.13
1784155038.4926,15:37:18.492,0.99,0.10,0.13
1784155038.9929,15:37:18.992,0.98,0.11,0.14
1784155039.4925,15:37:19.492,0.98,0.10,0.16
1784155039.9922,15:37:19.992,0.98,0.07,0.21
1784155040.4926,15:37:20.492,0.97,0.06,0.24
1784155040.9921,15:37:20.992,0.96,0.06,0.26
1784155041.4911,15:37:21.491,0.97,0.04,0.26
1784155041.9918,15:37:21.991,0.97,0.02,0.26
1784155042.4913,15:37:22.491,0.97,0.03,0.22
1784155042.9906,15:37:22.990,0.98,0.04,0.18
1784155043.4905,15:37:23.490,0.99,0.06,0.15
1784155043.9908,15:37:23.990,0.99,0.09,0.14
1784155044.4904,15:37:24.490,0.98,0.14,0.11
1784155044.9905,15:37:24.990,0.98,0.15,0.10
1784155045.4899,15:37:25.489,0.98,0.16,0.09
1784155045.9899,15:37:25.989,0.98,0.11,0.15
1784155046.4896,15:37:26.489,0.98,0.12,0.13
1784155046.99,15:37:26.990,0.98,0.14,0.13
1784155047.4893,15:37:27.489,0.98,0.14,0.14
1784155047.9889,15:37:27.988,0.98,0.14,0.15
1784155048.4892,15:37:28.489,0.98,0.15,0.16
1784155048.9888,15:37:28.988,0.97,0.15,0.18
1784155049.4889,15:37:29.488,0.97,0.13,0.20
1784155049.9889,15:37:29.988,0.97,0.07,0.25
1784155050.4884,15:37:30.488,0.96,0.00,0.28
1784155050.9878,15:37:30.987,0.96,-0.02,0.29
1784155051.4877,15:37:31.487,0.96,0.00,0.29
1784155051.9874,15:37:31.987,0.96,0.03,0.27
1784155052.4867,15:37:32.486,0.96,0.04,0.26
1784155052.9867,15:37:32.986,0.97,0.08,0.25
1784155053.4869,15:37:33.486,0.97,0.12,0.21
1784155053.9863,15:37:33.986,0.98,0.13,0.18
1784155054.4868,15:37:34.486,0.85,0.50,-0.16
1784155054.9862,15:37:34.986,0.85,0.50,-0.20
1784155055.4856,15:37:35.485,0.91,0.40,-0.12
1784155055.9857,15:37:35.985,0.96,0.27,0.01
1784155056.4857,15:37:36.485,0.99,0.12,0.11
1784155056.9858,15:37:36.985,0.99,0.12,0.11
1784155057.4862,15:37:37.486,0.98,0.12,0.13
1784155057.9858,15:37:37.985,0.98,0.19,0.07
1784155058.4854,15:37:38.485,0.95,0.31,-0.04
1784155058.9855,15:37:38.985,0.94,0.33,-0.11
1784155059.4855,15:37:39.485,0.99,0.07,0.13
1784155059.985,15:37:39.985,0.93,0.37,-0.09
1784155060.4848,15:37:40.484,0.96,0.28,0.00
1784155060.9853,15:37:40.985,0.96,0.29,-0.02
1784155061.4847,15:37:41.484,0.94,0.33,-0.06
1784155061.9846,15:37:41.984,0.92,0.38,-0.08
1784155062.4849,15:37:42.484,0.92,0.39,-0.07
1784155062.9844,15:37:42.984,0.88,0.46,-0.11
1784155063.4842,15:37:43.484,0.87,0.48,-0.11
1784155063.9843,15:37:43.984,0.87,0.50,-0.06
1784155064.4843,15:37:44.484,0.96,0.14,0.24
1784155064.9837,15:37:44.983,0.96,0.18,0.21
1784155065.4836,15:37:45.483,0.96,0.21,0.20
1784155065.9834,15:37:45.983,0.95,0.27,0.15
1784155066.4828,15:37:46.482,0.95,0.30,0.13
1784155066.9832,15:37:46.983,0.94,0.31,0.12
1784155067.4829,15:37:47.482,0.94,0.34,0.10
1784155067.9825,15:37:47.982,0.93,0.37,0.09
1784155068.483,15:37:48.483,0.92,0.39,0.05
1784155068.9826,15:37:48.982,0.93,0.36,0.02
1784155069.4821,15:37:49.482,0.95,0.32,0.04
1784155069.9823,15:37:49.982,0.96,0.26,0.07
1784155070.482,15:37:50.482,0.97,0.21,0.09
1784155070.9814,15:37:50.981,0.96,0.28,0.00
1784155071.4817,15:37:51.481,0.97,0.24,0.02
1784155071.9813,15:37:51.981,0.97,0.23,0.03
1784155072.481,15:37:52.481,0.97,0.23,0.03
1784155072.9812,15:37:52.981,0.94,0.33,-0.04
1784155073.4807,15:37:53.480,0.94,0.33,-0.03
1784155073.9801,15:37:53.980,0.94,0.35,-0.03
1784155074.4799,15:37:54.479,0.93,0.35,-0.05
1784155074.9797,15:37:54.979,0.91,0.41,-0.10
1784155075.4791,15:37:55.479,0.95,0.31,0.03
1784155075.9794,15:37:55.979,0.94,0.33,0.03
1784155076.4796,15:37:56.479,0.94,0.33,0.03
1784155076.9792,15:37:56.979,0.94,0.33,0.04
1784155077.4788,15:37:57.478,0.95,0.32,0.05
1784155077.9791,15:37:57.979,0.95,0.30,0.06
1784155078.4786,15:37:58.478,0.95,0.31,0.06
1784155078.9784,15:37:58.978,0.94,0.33,0.02
1784155079.4784,15:37:59.478,0.94,0.35,-0.03
1784155079.9783,15:37:59.978,0.94,0.35,-0.06
1784155080.4783,15:38:00.478,0.93,0.35,-0.07
1784155080.9784,15:38:00.978,0.96,0.27,-0.03
1784155081.4783,15:38:01.478,0.98,0.16,0.07
1784155081.9778,15:38:01.977,0.99,0.04,0.15
1784155082.4778,15:38:02.477,0.99,-0.02,0.15
1784155082.9775,15:38:02.977,0.99,-0.02,0.15
1784155083.4773,15:38:03.477,0.99,-0.03,0.16
1784155083.9774,15:38:03.977,0.99,-0.01,0.13
1784155084.4768,15:38:04.476,0.98,-0.11,0.18
1784155084.976,15:38:04.976,0.97,-0.13,0.21
1784155085.4763,15:38:05.476,0.97,-0.13,0.22
1784155085.9761,15:38:05.976,0.97,-0.10,0.21
1784155086.476,15:38:06.476,0.98,-0.04,0.19
1784155086.9764,15:38:06.976,0.99,0.03,0.14
1784155087.4763,15:38:07.476,0.99,0.12,0.06
1784155087.9755,15:38:07.975,0.97,0.24,-0.04
1784155088.4758,15:38:08.475,0.91,0.38,-0.15
1784155088.975,15:38:08.975,0.87,0.46,-0.20
1784155089.4743,15:38:09.474,0.86,0.48,-0.19
1784155089.9741,15:38:09.974,0.85,0.49,-0.19
1784155090.4748,15:38:10.474,0.92,0.39,-0.09
1784155090.9745,15:38:10.974,0.92,0.39,-0.08
1784155091.4748,15:38:11.474,0.90,0.42,-0.06
1784155091.9748,15:38:11.974,0.90,0.42,-0.04
1784155092.4741,15:38:12.474,0.90,0.42,-0.04
1784155092.9737,15:38:12.973,0.91,0.41,0.02
1784155093.474,15:38:13.474,0.93,0.36,0.09
1784155093.9736,15:38:13.973,0.94,0.30,0.13
1784155094.4736,15:38:14.473,0.95,0.27,0.15
1784155094.9741,15:38:14.974,0.96,0.23,0.16
1784155095.4735,15:38:15.473,0.96,0.26,0.12
1784155095.973,15:38:15.973,0.96,0.25,0.10
1784155096.4728,15:38:16.472,0.97,0.22,0.05
1784155096.9725,15:38:16.972,0.99,0.12,0.05
1784155097.4721,15:38:17.472,1.00,0.02,0.08
1784155097.9724,15:38:17.972,1.00,-0.03,0.09
1784155098.472,15:38:18.472,1.00,-0.02,0.09
1784155098.9719,15:38:18.971,0.99,0.16,-0.02
1784155099.4725,15:38:19.472,0.86,0.45,-0.24
1784155099.972,15:38:19.972,0.77,0.57,-0.28
1784155100.4713,15:38:20.471,0.76,0.59,-0.27
1784155100.9716,15:38:20.971,0.77,0.60,-0.23
1784155101.4718,15:38:21.471,0.79,0.59,-0.18
1784155101.9715,15:38:21.971,0.78,0.61,-0.16
1784155102.4717,15:38:22.471,0.91,0.42,0.03
1784155102.9715,15:38:22.971,0.91,0.42,0.01
1784155103.4707,15:38:23.470,0.76,0.62,-0.19
1784155103.9703,15:38:23.970,0.76,0.62,-0.19
1784155104.4702,15:38:24.470,0.74,0.64,-0.21
1784155104.9696,15:38:24.969,0.69,0.69,-0.22
1784155105.4699,15:38:25.469,0.70,0.68,-0.19
1784155105.9697,15:38:25.969,0.89,0.44,0.05
1784155106.4691,15:38:26.469,0.90,0.42,0.08
1784155106.9689,15:38:26.968,0.91,0.40,0.10
1784155107.4692,15:38:27.469,0.91,0.39,0.13
1784155107.9684,15:38:27.968,0.92,0.37,0.15
1784155108.4681,15:38:28.468,0.93,0.35,0.14
1784155108.9687,15:38:28.968,0.94,0.31,0.15
1784155109.4684,15:38:29.468,0.96,0.20,0.20
1784155109.9681,15:38:29.968,0.97,0.12,0.21
1784155110.4687,15:38:30.468,0.98,0.07,0.21
1784155110.9681,15:38:30.968,0.98,0.03,0.21
1784155111.4679,15:38:31.467,0.97,-0.06,0.22
1784155111.9679,15:38:31.967,0.96,-0.15,0.24
1784155112.4672,15:38:32.467,0.96,-0.16,0.24
1784155112.967,15:38:32.967,0.96,-0.14,0.26
1784155113.4672,15:38:33.467,0.97,-0.05,0.23
1784155113.9667,15:38:33.966,0.98,0.06,0.18
1784155114.4663,15:38:34.466,0.98,0.16,0.12
1784155114.9668,15:38:34.966,0.97,0.20,0.09
1784155115.4666,15:38:35.466,0.97,0.20,0.11
1784155115.9663,15:38:35.966,0.97,0.22,0.08
1784155116.4665,15:38:36.466,0.97,0.24,0.05
1784155116.9664,15:38:36.966,0.97,0.23,0.04
1784155117.466,15:38:37.466,0.98,0.20,0.06
1784155117.9665,15:38:37.966,0.98,0.13,0.12
1784155118.4657,15:38:38.465,0.98,0.09,0.15
1784155118.9652,15:38:38.965,0.98,0.10,0.14
1784155119.4652,15:38:39.465,0.98,0.11,0.15
1784155119.9657,15:38:39.965,0.95,0.30,-0.03
1784155120.4652,15:38:40.465,0.95,0.32,-0.04
1784155120.9651,15:38:40.965,0.91,0.40,-0.12
1784155121.4649,15:38:41.464,0.90,0.43,-0.13
1784155121.9646,15:38:41.964,0.88,0.46,-0.14
1784155122.4646,15:38:42.464,0.97,0.21,0.08
1784155122.9646,15:38:42.964,0.98,0.16,0.08
1784155123.4641,15:38:43.464,0.99,0.02,0.13
1784155123.9641,15:38:43.964,0.99,-0.04,0.14
1784155124.4644,15:38:44.464,0.99,-0.05,0.14
1784155124.964,15:38:44.964,0.98,-0.09,0.17
1784155125.4639,15:38:45.463,0.98,-0.09,0.18
1784155125.9642,15:38:45.964,0.99,-0.04,0.15
1784155126.4635,15:38:46.463,0.99,0.06,0.11
1784155126.9629,15:38:46.962,0.99,0.13,0.10
1784155127.4636,15:38:47.463,0.98,0.15,0.11
1784155127.9628,15:38:47.962,0.98,0.16,0.13
1784155128.4627,15:38:48.462,0.98,0.09,0.18
1784155128.9631,15:38:48.963,0.97,0.10,0.21
1784155129.463,15:38:49.463,0.97,0.15,0.19
1784155129.9626,15:38:49.962,0.97,0.16,0.18
1784155130.4628,15:38:50.462,0.97,0.17,0.17
1784155130.9624,15:38:50.962,0.97,0.15,0.20
1784155131.4627,15:38:51.462,0.97,0.13,0.22
1784155131.9625,15:38:51.962,0.97,0.10,0.23
1784155132.4626,15:38:52.462,0.97,0.07,0.24
1784155132.9624,15:38:52.962,0.96,-0.03,0.26
1784155133.4621,15:38:53.462,0.95,-0.09,0.30
1784155133.9622,15:38:53.962,0.95,-0.11,0.30
1784155134.4616,15:38:54.461,0.95,-0.10,0.29
1784155134.9619,15:38:54.961,0.96,-0.08,0.27
1784155135.4619,15:38:55.461,0.97,-0.03,0.25
1784155135.9614,15:38:55.961,0.97,-0.02,0.23
1784155136.4616,15:38:56.461,0.98,-0.02,0.21
1784155136.9615,15:38:56.961,0.99,-0.01,0.17
1784155137.4609,15:38:57.460,0.99,0.02,0.14
1784155137.9608,15:38:57.960,0.99,0.04,0.12
1784155138.461,15:38:58.461,0.99,0.09,0.13
1784155138.9609,15:38:58.960,0.99,0.08,0.13
1784155139.4609,15:38:59.460,0.99,0.08,0.15
1784155139.9612,15:38:59.961,0.99,0.07,0.16
1784155140.4606,15:39:00.460,0.98,0.06,0.17
1784155140.9606,15:39:00.960,0.98,0.07,0.20
1784155141.4602,15:39:01.460,0.98,0.08,0.20
1784155141.9597,15:39:01.959,0.98,0.11,0.17
1784155142.4595,15:39:02.459,0.98,0.13,0.16
1784155142.9595,15:39:02.959,0.98,0.14,0.16
1784155143.4598,15:39:03.459,0.98,0.13,0.17
1784155143.96,15:39:03.960,0.97,0.09,0.22
1784155144.4603,15:39:04.460,0.97,0.08,0.21
1784155144.9598,15:39:04.959,0.98,0.08,0.20
1784155145.4589,15:39:05.458,0.98,0.10,0.18
1784155145.9591,15:39:05.959,0.98,0.10,0.18
1784155146.4586,15:39:06.458,0.97,0.10,0.20
1784155146.9582,15:39:06.958,0.97,0.07,0.22
1784155147.4585,15:39:07.458,0.97,0.05,0.25
1784155147.9581,15:39:07.958,0.97,0.03,0.25
1784155148.4578,15:39:08.457,0.97,0.03,0.24
1784155148.9582,15:39:08.958,0.97,0.01,0.23
1784155149.4577,15:39:09.457,0.97,-0.03,0.22
1784155149.9571,15:39:09.957,0.98,-0.05,0.21
1784155150.4572,15:39:10.457,0.98,-0.05,0.20
1784155150.957,15:39:10.957,0.98,-0.03,0.17
1784155151.4569,15:39:11.456,0.99,0.06,0.10
1784155151.9567,15:39:11.956,0.88,0.44,-0.18
1784155152.4567,15:39:12.456,0.78,0.57,-0.24
1784155152.956,15:39:12.956,0.77,0.59,-0.24
1784155153.4556,15:39:13.455,0.77,0.61,-0.21
1784155153.9555,15:39:13.955,0.76,0.62,-0.19
1784155154.4546,15:39:14.454,0.96,0.25,0.13
1784155154.9547,15:39:14.954,0.96,0.26,0.12
1784155155.4555,15:39:15.455,0.96,0.27,0.11
1784155155.9548,15:39:15.954,0.95,0.28,0.11
1784155156.4544,15:39:16.454,0.95,0.28,0.14
1784155156.9549,15:39:16.954,0.95,0.26,0.15
1784155157.4541,15:39:17.454,0.96,0.24,0.16
1784155157.9536,15:39:17.953,0.96,0.22,0.16
1784155158.4536,15:39:18.453,0.97,0.18,0.15
1784155158.9537,15:39:18.953,0.97,0.15,0.18
1784155159.4537,15:39:19.453,0.97,0.17,0.17
1784155159.954,15:39:19.954,0.78,0.59,-0.19
1784155160.4538,15:39:20.453,0.81,0.57,-0.15
1784155160.9532,15:39:20.953,0.90,0.44,-0.07
1784155161.4532,15:39:21.453,0.92,0.38,-0.07
1784155161.9532,15:39:21.953,0.94,0.33,-0.08
1784155162.4523,15:39:22.452,0.99,0.05,0.16
1784155162.9529,15:39:22.952,0.98,-0.02,0.18
1784155163.4528,15:39:23.452,0.98,-0.07,0.18
1784155163.9524,15:39:23.952,0.98,-0.07,0.18
1784155164.4523,15:39:24.452,0.98,-0.07,0.19
1784155164.9521,15:39:24.952,0.99,0.05,0.10
1784155165.4514,15:39:25.451,0.99,0.12,0.05
1784155165.951,15:39:25.951,0.98,0.19,0.03
1784155166.4509,15:39:26.450,0.96,0.29,0.03
1784155166.9505,15:39:26.950,0.78,0.59,-0.19
1784155167.4508,15:39:27.450,0.80,0.58,-0.18
1784155167.9512,15:39:27.951,0.82,0.55,-0.15
1784155168.4505,15:39:28.450,0.85,0.50,-0.15
1784155168.9501,15:39:28.950,0.88,0.46,-0.11
1784155169.4502,15:39:29.450,0.88,0.46,-0.11
1784155169.9494,15:39:29.949,0.98,0.16,0.13
1784155170.4497,15:39:30.449,0.98,0.16,0.13
1784155170.9496,15:39:30.949,0.98,0.17,0.13
1784155171.4493,15:39:31.449,0.97,0.17,0.17
1784155171.9491,15:39:31.949,0.97,0.15,0.21
1784155172.4489,15:39:32.448,0.96,0.17,0.23
1784155172.9486,15:39:32.948,0.95,0.21,0.24
1784155173.4482,15:39:33.448,0.95,0.22,0.24
1784155173.9489,15:39:33.948,0.95,0.21,0.23
1784155174.4489,15:39:34.448,0.95,0.22,0.22
1784155174.9484,15:39:34.948,0.95,0.21,0.21
1784155175.4486,15:39:35.448,0.95,0.21,0.21
1784155175.9483,15:39:35.948,0.96,0.22,0.20
1784155176.4477,15:39:36.447,0.96,0.21,0.19
1784155176.9482,15:39:36.948,0.96,0.21,0.19
1784155177.4482,15:39:37.448,0.96,0.20,0.21
1784155177.9479,15:39:37.947,0.95,0.20,0.22
1784155178.4483,15:39:38.448,0.96,0.19,0.22
1784155178.948,15:39:38.948,0.96,0.19,0.19
1784155179.4476,15:39:39.447,0.97,0.15,0.18
1784155179.9476,15:39:39.947,0.98,0.10,0.17
1784155180.4474,15:39:40.447,0.98,0.03,0.20
1784155180.9469,15:39:40.946,0.98,0.00,0.21
1784155181.4469,15:39:41.446,0.98,-0.01,0.18
1784155181.9465,15:39:41.946,0.98,-0.03,0.19
1784155182.4458,15:39:42.445,0.97,-0.07,0.23
1784155182.9456,15:39:42.945,0.97,-0.06,0.23
1784155183.4453,15:39:43.445,0.97,-0.07,0.21
1784155183.9451,15:39:43.945,0.97,-0.07,0.22
1784155184.4449,15:39:44.444,0.97,-0.07,0.24
1784155184.9451,15:39:44.945,0.97,-0.07,0.23
1784155185.4452,15:39:45.445,0.97,-0.05,0.22
1784155185.945,15:39:45.945,0.98,-0.07,0.19
1784155186.4451,15:39:46.445,0.97,-0.11,0.21
1784155186.9447,15:39:46.944,0.96,-0.14,0.23
1784155187.4442,15:39:47.444,1.00,0.01,0.09
1784155187.944,15:39:47.944,1.00,0.03,0.08
1784155188.4437,15:39:48.443,1.00,0.04,0.06
1784155188.9431,15:39:48.943,0.99,0.16,-0.05
1784155189.4432,15:39:49.443,0.95,0.27,-0.14
1784155189.943,15:39:49.943,0.95,0.29,-0.11
1784155190.4431,15:39:50.443,0.96,0.26,-0.05
1784155190.9431,15:39:50.943,0.98,0.22,-0.02
1784155191.4427,15:39:51.442,0.98,0.19,0.05
1784155191.9422,15:39:51.942,0.98,0.19,0.04
1784155192.4424,15:39:52.442,0.98,0.19,0.06
1784155192.9425,15:39:52.942,0.95,0.30,-0.03
1784155193.4421,15:39:53.442,0.95,0.30,-0.05
1784155193.9422,15:39:53.942,0.97,0.23,-0.03
1784155194.4419,15:39:54.441,0.99,0.11,0.08
1784155194.9412,15:39:54.941,0.99,0.13,0.08
1784155195.441,15:39:55.441,0.99,0.11,0.10
1784155195.9417,15:39:55.941,0.99,0.07,0.15
1784155196.4411,15:39:56.441,0.99,0.07,0.15
1784155196.9414,15:39:56.941,0.98,0.20,0.09
1784155197.4418,15:39:57.441,0.93,0.38,-0.03
1784155197.9411,15:39:57.941,0.86,0.50,-0.13
1784155198.4406,15:39:58.440,0.82,0.54,-0.18
1784155198.9405,15:39:58.940,0.80,0.57,-0.19
1784155199.4399,15:39:59.439,0.79,0.59,-0.18
1784155199.9404,15:39:59.940,0.80,0.58,-0.17
1784155200.4403,15:40:00.440,0.85,0.52,-0.11
1784155200.9399,15:40:00.939,0.88,0.47,-0.09
1784155201.4394,15:40:01.439,0.88,0.47,-0.10
1784155201.9394,15:40:01.939,0.92,0.38,-0.06
1784155202.4393,15:40:02.439,0.97,0.07,0.21
1784155202.9389,15:40:02.938,0.98,0.04,0.22
1784155203.4392,15:40:03.439,0.97,-0.01,0.25
1784155203.9388,15:40:03.938,0.98,0.20,0.07
1784155204.4383,15:40:04.438,0.96,0.27,0.04
1784155204.9383,15:40:04.938,0.93,0.37,-0.04
1784155205.4384,15:40:05.438,0.90,0.43,-0.10
1784155205.9376,15:40:05.937,0.88,0.47,-0.11
1784155206.4377,15:40:06.437,0.97,0.14,0.18
1784155206.9373,15:40:06.937,0.97,0.18,0.17
1784155207.4366,15:40:07.436,0.97,0.21,0.15
1784155207.9368,15:40:07.936,0.96,0.21,0.17
1784155208.437,15:40:08.437,0.96,0.22,0.18
1784155208.9364,15:40:08.936,0.96,0.24,0.17
1784155209.4367,15:40:09.436,0.95,0.26,0.16
1784155209.9368,15:40:09.936,0.95,0.27,0.18
1784155210.4362,15:40:10.436,0.95,0.28,0.16
1784155210.9365,15:40:10.936,0.95,0.28,0.14
1784155211.4363,15:40:11.436,0.79,0.60,-0.14
1784155211.9362,15:40:11.936,0.86,0.51,-0.09
1784155212.4368,15:40:12.436,0.93,0.35,-0.03
1784155212.9365,15:40:12.936,0.96,0.28,-0.01
1784155213.4363,15:40:13.436,0.96,0.28,-0.01
1784155213.936,15:40:13.936,0.89,0.43,-0.14
1784155214.4358,15:40:14.435,0.98,0.16,0.11
1784155214.9357,15:40:14.935,0.98,0.12,0.16
1784155215.4357,15:40:15.435,0.98,0.13,0.17
1784155215.9358,15:40:15.935,0.98,0.14,0.17
1784155216.4354,15:40:16.435,0.97,0.15,0.18
1784155216.9353,15:40:16.935,0.97,0.13,0.19
1784155217.4353,15:40:17.435,0.98,0.10,0.19
1784155217.935,15:40:17.935,0.96,0.26,0.00
1784155218.4346,15:40:18.434,0.98,0.18,0.04
1784155218.9349,15:40:18.934,0.99,0.15,0.07
1784155219.4345,15:40:19.434,0.98,0.15,0.10
1784155219.9343,15:40:19.934,0.97,0.22,0.06
1784155220.4346,15:40:20.434,0.95,0.30,0.00
1784155220.9344,15:40:20.934,0.95,0.31,0.00
1784155221.4337,15:40:21.433,0.94,0.35,0.01
1784155221.934,15:40:21.934,0.94,0.35,0.01
1784155222.4337,15:40:22.433,0.95,0.29,0.05
1784155222.9329,15:40:22.932,0.96,0.28,0.04
1784155223.4332,15:40:23.433,0.96,0.29,-0.01
1784155223.9332,15:40:23.933,0.96,0.29,-0.02
1784155224.4325,15:40:24.432,0.96,0.29,-0.05
1784155224.9321,15:40:24.932,0.97,0.24,-0.04
1784155225.432,15:40:25.432,0.99,0.07,0.10
1784155225.9312,15:40:25.931,0.99,0.07,0.07
1784155226.4313,15:40:26.431,0.96,0.24,-0.11
1784155226.9313,15:40:26.931,0.96,0.24,-0.11
1784155227.431,15:40:27.431,0.96,0.26,-0.08
1784155227.9308,15:40:27.930,0.96,0.26,-0.09
1784155228.4311,15:40:28.431,0.96,0.27,-0.08
1784155228.9303,15:40:28.930,0.97,0.22,-0.04
1784155229.4304,15:40:29.430,0.97,0.22,-0.04
1784155229.9308,15:40:29.930,0.98,0.21,-0.05
1784155230.4305,15:40:30.430,0.98,0.20,-0.09
1784155230.9306,15:40:30.930,0.96,0.23,-0.13
1784155231.4308,15:40:31.430,0.97,0.23,-0.12
1784155231.9303,15:40:31.930,0.97,0.23,-0.09
1784155232.4299,15:40:32.429,0.97,0.22,-0.09
1784155232.9298,15:40:32.929,0.97,0.22,-0.09
1784155233.4294,15:40:33.429,0.98,0.18,-0.06
1784155233.9295,15:40:33.929,0.98,0.18,-0.06
1784155234.4299,15:40:34.429,0.97,0.22,-0.09
1784155234.9294,15:40:34.929,0.97,0.22,-0.09
1784155235.4294,15:40:35.429,0.98,0.19,-0.03
1784155235.9299,15:40:35.929,0.98,0.18,0.00
1784155236.4299,15:40:36.429,0.97,0.24,-0.01
1784155236.9296,15:40:36.929,0.96,0.28,-0.05
1784155237.4298,15:40:37.429,0.96,0.28,-0.08
1784155237.9295,15:40:37.929,0.97,0.23,-0.08
1784155238.4287,15:40:38.428,0.97,0.23,-0.12
1784155238.9288,15:40:38.928,0.97,0.22,-0.12
1784155239.4288,15:40:39.428,0.98,0.18,-0.10
1784155239.9284,15:40:39.928,1.00,0.09,-0.01
1784155240.4285,15:40:40.428,1.00,0.10,0.02
1784155240.9283,15:40:40.928,1.00,0.09,0.03
1784155241.428,15:40:41.428,0.99,0.11,0.02
1784155241.9282,15:40:41.928,0.99,0.15,0.01
1784155242.4281,15:40:42.428,0.97,0.25,-0.06
1784155242.9275,15:40:42.927,0.95,0.29,-0.08
1784155243.4276,15:40:43.427,0.98,0.11,0.15
1784155243.9276,15:40:43.927,0.97,0.12,0.19
1784155244.4273,15:40:44.427,0.97,0.16,0.19
1784155244.9273,15:40:44.927,0.97,0.15,0.20
1784155245.4274,15:40:45.427,0.97,0.14,0.20
1784155245.9268,15:40:45.926,0.90,0.44,-0.05
1784155246.4265,15:40:46.426,0.93,0.36,0.01
1784155246.9263,15:40:46.926,0.94,0.34,0.00
1784155247.4262,15:40:47.426,0.94,0.33,-0.06
1784155247.926,15:40:47.926,0.94,0.34,-0.09
1784155248.4261,15:40:48.426,0.96,0.29,-0.05
1784155248.9255,15:40:48.925,0.97,0.23,0.00
1784155249.4253,15:40:49.425,0.98,0.19,0.00
1784155249.9252,15:40:49.925,0.96,0.27,-0.10
1784155250.425,15:40:50.425,0.92,0.33,-0.18
1784155250.9249,15:40:50.924,0.91,0.35,-0.23
1784155251.4251,15:40:51.425,0.91,0.34,-0.25
1784155251.925,15:40:51.925,0.91,0.33,-0.27
1784155252.4244,15:40:52.424,0.90,0.34,-0.28
1784155252.9241,15:40:52.924,0.88,0.39,-0.28
1784155253.4237,15:40:53.423,0.85,0.45,-0.28
1784155253.9234,15:40:53.923,0.81,0.51,-0.29
1784155254.4232,15:40:54.423,0.81,0.53,-0.27
1784155254.9231,15:40:54.923,0.81,0.54,-0.25
1784155255.4225,15:40:55.422,0.81,0.54,-0.22
1784155255.9226,15:40:55.922,0.83,0.53,-0.17
1784155256.4231,15:40:56.423,0.97,0.24,0.08
1784155256.9222,15:40:56.922,0.97,0.23,0.09
1784155257.4218,15:40:57.421,0.98,0.19,0.11
1784155257.9223,15:40:57.922,0.98,0.11,0.16
1784155258.4219,15:40:58.421,0.98,0.06,0.20
1784155258.9217,15:40:58.921,0.98,0.08,0.21
1784155259.422,15:40:59.422,0.98,0.15,0.09
1784155259.9212,15:40:59.921,0.98,0.15,0.09
1784155260.4215,15:41:00.421,0.98,0.18,0.06
1784155260.9213,15:41:00.921,0.98,0.20,0.04
1784155261.4208,15:41:01.420,0.98,0.20,0.04
1784155261.921,15:41:01.921,0.98,0.16,0.07
1784155262.4213,15:41:02.421,0.98,0.16,0.08
1784155262.9211,15:41:02.921,0.94,0.33,-0.03
1784155263.4208,15:41:03.420,0.91,0.40,-0.09
1784155263.921,15:41:03.921,0.91,0.40,-0.10
1784155264.4205,15:41:04.420,0.92,0.38,-0.06
1784155264.9199,15:41:04.919,0.93,0.36,-0.04
1784155265.42,15:41:05.420,0.92,0.39,-0.06
1784155265.9194,15:41:05.919,0.88,0.44,-0.18
1784155266.4195,15:41:06.419,0.88,0.41,-0.23
1784155266.9199,15:41:06.919,0.89,0.41,-0.22
1784155267.42,15:41:07.420,0.91,0.38,-0.19
1784155267.9194,15:41:07.919,0.92,0.36,-0.17
1784155268.4194,15:41:08.419,0.93,0.34,-0.16
1784155268.9193,15:41:08.919,0.92,0.36,-0.18
1784155269.4187,15:41:09.418,0.91,0.36,-0.20
1784155269.919,15:41:09.919,0.90,0.37,-0.21
1784155270.4182,15:41:10.418,0.90,0.38,-0.20
1784155270.918,15:41:10.918,0.99,0.09,0.09
1784155271.4178,15:41:11.417,0.98,0.07,0.19
1784155271.918,15:41:11.918,0.96,0.01,0.27
1784155272.4172,15:41:12.417,0.95,-0.05,0.30
1784155272.9173,15:41:12.917,0.94,-0.08,0.32
1784155273.4173,15:41:13.417,0.94,-0.10,0.33
1784155273.9166,15:41:13.916,0.95,-0.06,0.31
1784155274.4166,15:41:14.416,0.96,-0.03,0.29
1784155274.9167,15:41:14.916,0.96,0.00,0.27
1784155275.4163,15:41:15.416,0.97,0.03,0.25
1784155275.9165,15:41:15.916,0.97,0.02,0.25
1784155276.4163,15:41:16.416,0.97,0.02,0.25
1784155276.9156,15:41:16.915,0.96,-0.05,0.28
1784155277.4154,15:41:17.415,0.96,-0.05,0.26
1784155277.9158,15:41:17.915,0.97,-0.02,0.23
1784155278.4155,15:41:18.415,0.89,0.45,-0.08
1784155278.9157,15:41:18.915,0.89,0.45,-0.06
1784155279.4158,15:41:19.415,0.90,0.43,-0.06
1784155279.9156,15:41:19.915,0.90,0.43,-0.08
1784155280.4155,15:41:20.415,0.87,0.46,-0.16
1784155280.9151,15:41:20.915,0.86,0.46,-0.21
1784155281.4148,15:41:21.414,0.87,0.44,-0.20
1784155281.9144,15:41:21.914,0.88,0.43,-0.20
1784155282.4149,15:41:22.414,0.89,0.42,-0.19
1784155282.9144,15:41:22.914,0.95,0.31,-0.08
1784155283.4143,15:41:23.414,0.98,0.18,0.04
1784155283.9147,15:41:23.914,0.94,-0.13,0.32
1784155284.4142,15:41:24.414,0.94,-0.12,0.32
1784155284.9136,15:41:24.913,0.94,-0.12,0.33
1784155285.4137,15:41:25.413,0.94,-0.12,0.33
1784155285.9137,15:41:25.913,0.97,0.17,0.14
1784155286.413,15:41:26.413,0.96,0.24,0.15
1784155286.9129,15:41:26.912,0.96,0.26,0.13
1784155287.4131,15:41:27.413,0.96,0.27,0.08
1784155287.9129,15:41:27.912,0.98,0.13,0.14
1784155288.4125,15:41:28.412,0.98,0.04,0.21
1784155288.9128,15:41:28.912,0.98,0.03,0.20
1784155289.412,15:41:29.412,0.99,0.05,0.14
1784155289.9121,15:41:29.912,0.98,0.18,0.03
1784155290.4123,15:41:30.412,0.94,0.34,-0.07
1784155290.912,15:41:30.912,0.91,0.40,-0.11
1784155291.4122,15:41:31.412,0.91,0.40,-0.11
1784155291.9127,15:41:31.912,0.91,0.39,-0.13
1784155292.4117,15:41:32.411,0.89,0.43,-0.16
1784155292.9114,15:41:32.911,0.89,0.42,-0.15
1784155293.4119,15:41:33.411,0.98,0.03,0.17
1784155293.9115,15:41:33.911,0.98,-0.02,0.21
1784155294.4111,15:41:34.411,0.97,-0.01,0.24
1784155294.9116,15:41:34.911,0.97,0.00,0.25
1784155295.4112,15:41:35.411,0.92,0.40,-0.01
1784155295.9109,15:41:35.910,0.91,0.41,-0.02
1784155296.4113,15:41:36.411,0.90,0.44,-0.05
1784155296.9106,15:41:36.910,0.89,0.45,-0.06
1784155297.4104,15:41:37.410,0.87,0.48,-0.11
1784155297.9106,15:41:37.910,0.97,0.01,0.26
1784155298.4102,15:41:38.410,0.92,0.38,0.00
1784155298.9097,15:41:38.909,0.94,0.35,0.01
1784155299.4098,15:41:39.409,0.96,0.29,0.04
1784155299.909,15:41:39.909,0.98,0.17,0.11
1784155300.4087,15:41:40.408,0.99,0.07,0.13
1784155300.9087,15:41:40.908,0.91,-0.21,0.35
1784155301.4087,15:41:41.408,0.91,-0.22,0.35
1784155301.9081,15:41:41.908,0.91,-0.22,0.34
1784155302.4084,15:41:42.408,0.93,-0.19,0.32
1784155302.9082,15:41:42.908,0.95,-0.13,0.28
1784155303.4077,15:41:43.407,0.97,-0.05,0.24
1784155303.9081,15:41:43.908,0.98,0.01,0.19
1784155304.408,15:41:44.408,0.98,0.02,0.18
1784155304.907,15:41:44.907,0.99,0.01,0.15
1784155305.4072,15:41:45.407,0.97,0.25,-0.07
1784155305.9067,15:41:45.906,0.97,0.25,-0.05
1784155306.4066,15:41:46.406,0.97,0.24,-0.01
1784155306.9068,15:41:46.906,0.98,0.17,0.05
1784155307.4068,15:41:47.406,0.98,0.18,0.06
1784155307.9061,15:41:47.906,0.97,0.26,-0.01
1784155308.4059,15:41:48.405,0.94,0.34,-0.07
1784155308.9064,15:41:48.906,0.94,0.34,-0.08
1784155309.4062,15:41:49.406,0.94,0.33,-0.10
1784155309.9057,15:41:49.905,0.98,-0.02,0.18
1784155310.4063,15:41:50.406,0.98,-0.02,0.19
1784155310.9058,15:41:50.905,0.98,0.18,0.05
1784155311.4053,15:41:51.405,0.98,0.20,0.08
1784155311.9054,15:41:51.905,0.97,0.25,0.04
1784155312.405,15:41:52.405,0.95,0.32,0.02
1784155312.9051,15:41:52.905,0.95,0.32,0.03
1784155313.4053,15:41:53.405,0.95,0.32,-0.02
1784155313.9052,15:41:53.905,0.95,0.32,-0.07
1784155314.4046,15:41:54.404,0.95,0.31,-0.09
1784155314.9051,15:41:54.905,0.99,0.14,0.02
1784155315.4047,15:41:55.404,0.99,0.08,0.06
1784155315.904,15:41:55.904,1.00,0.08,0.05
1784155316.4042,15:41:56.404,0.99,0.13,0.05
1784155316.9034,15:41:56.903,0.99,0.14,0.06
1784155317.4028,15:41:57.402,0.98,0.15,0.11
1784155317.9032,15:41:57.903,0.98,0.15,0.16
1784155318.4029,15:41:58.402,0.97,0.17,0.16
1784155318.9023,15:41:58.902,0.97,0.17,0.17
1784155319.4026,15:41:59.402,0.96,0.25,0.13
1784155319.9022,15:41:59.902,0.95,0.29,0.08
1784155320.4019,15:42:00.401,0.96,0.29,0.06
1784155320.9021,15:42:00.902,0.97,0.25,0.05
1784155321.4026,15:42:01.402,0.98,0.20,0.07
1784155321.9022,15:42:01.902,0.97,-0.02,0.25
1784155322.4025,15:42:02.402,0.97,-0.02,0.26
1784155322.9025,15:42:02.902,0.97,-0.03,0.25
1784155323.402,15:42:03.402,0.97,-0.01,0.24
1784155323.9014,15:42:03.901,0.98,0.05,0.16
1784155324.4017,15:42:04.401,0.99,0.09,0.13
1784155324.9015,15:42:04.901,0.98,0.13,0.12
1784155325.4012,15:42:05.401,0.98,0.20,0.06
1784155325.9013,15:42:05.901,0.96,0.29,-0.02
1784155326.4005,15:42:06.400,0.94,0.34,-0.08
1784155326.9006,15:42:06.900,0.92,0.38,-0.09
1784155327.4008,15:42:07.400,0.92,0.38,-0.08
1784155327.9009,15:42:07.900,0.92,0.39,-0.06
1784155328.4005,15:42:08.400,0.91,0.40,-0.07
1784155328.901,15:42:08.901,0.89,0.44,-0.14
1784155329.4004,15:42:09.400,0.84,0.49,-0.23
1784155329.8999,15:42:09.899,0.84,0.50,-0.22
1784155330.3999,15:42:10.399,0.73,0.61,-0.31
1784155330.9002,15:42:10.900,0.77,0.58,-0.26
1784155331.3998,15:42:11.399,0.78,0.58,-0.22
1784155331.8997,15:42:11.899,0.81,0.56,-0.16
1784155332.3991,15:42:12.399,0.86,0.49,-0.10
1784155332.8991,15:42:12.899,0.90,0.43,-0.07
1784155333.3991,15:42:13.399,0.96,0.27,0.03
1784155333.899,15:42:13.899,0.97,0.21,0.08
1784155334.3984,15:42:14.398,0.98,0.19,0.08
1784155334.8987,15:42:14.898,0.99,0.14,0.08
1784155335.3982,15:42:15.398,0.99,0.08,0.11
1784155335.8978,15:42:15.897,0.99,0.05,0.13
1784155336.3981,15:42:16.398,0.99,0.06,0.15
1784155336.8977,15:42:16.897,0.98,0.13,0.13
1784155337.397,15:42:17.397,0.97,0.22,0.05
1784155337.8972,15:42:17.897,0.97,0.23,0.05
1784155338.3977,15:42:18.397,0.97,0.24,0.04
1784155338.8971,15:42:18.897,0.97,0.25,0.04
1784155339.3966,15:42:19.396,0.94,0.35,-0.01
1784155339.8968,15:42:19.896,0.86,0.50,-0.14
1784155340.3963,15:42:20.396,0.84,0.51,-0.17
1784155340.8957,15:42:20.895,0.97,0.18,0.14
1784155341.3962,15:42:21.396,0.98,0.15,0.16
1784155341.8958,15:42:21.895,0.97,0.17,0.15
1784155342.3961,15:42:22.396,0.97,0.16,0.18
1784155342.8961,15:42:22.896,0.97,0.17,0.18
1784155343.396,15:42:23.396,0.97,0.18,0.18
1784155343.8954,15:42:23.895,0.96,0.19,0.18
1784155344.3955,15:42:24.395,0.96,0.19,0.20
1784155344.895,15:42:24.895,0.96,0.19,0.19
1784155345.3945,15:42:25.394,0.97,0.12,0.22
1784155345.8946,15:42:25.894,0.96,0.30,0.02
1784155346.394,15:42:26.394,0.97,0.26,0.00
1784155346.8941,15:42:26.894,0.97,0.25,-0.04
1784155347.3943,15:42:27.394,0.97,0.22,-0.09
1784155347.8942,15:42:27.894,1.00,0.10,0.00
1784155348.3936,15:42:28.393,1.00,0.09,0.02
1784155348.8941,15:42:28.894,1.00,0.09,0.02
1784155349.3933,15:42:29.393,0.99,0.02,0.16
1784155349.8934,15:42:29.893,0.98,0.13,0.14
1784155350.3932,15:42:30.393,0.98,0.19,0.09
1784155350.8935,15:42:30.893,0.97,0.25,0.05
1784155351.3927,15:42:31.392,0.96,0.26,0.04
1784155351.8934,15:42:31.893,0.96,0.26,0.03
1784155352.3932,15:42:32.393,0.84,0.50,-0.23
1784155352.8932,15:42:32.893,0.90,0.42,-0.15
1784155353.3936,15:42:33.393,0.93,0.36,-0.11
1784155353.8937,15:42:33.893,0.92,0.37,-0.11
1784155354.3929,15:42:34.392,0.91,0.39,-0.12
1784155354.893,15:42:34.893,0.84,0.51,-0.19
1784155355.3928,15:42:35.392,0.84,0.50,-0.19
1784155355.892,15:42:35.892,0.87,0.47,-0.16
1784155356.3921,15:42:36.392,0.86,0.48,-0.18
1784155356.8921,15:42:36.892,0.84,0.51,-0.17
1784155357.3916,15:42:37.391,0.86,0.50,-0.14
1784155357.8914,15:42:37.891,0.92,0.40,-0.07
1784155358.3919,15:42:38.391,0.93,0.36,-0.06
1784155358.8915,15:42:38.891,0.94,0.33,-0.11
1784155359.3908,15:42:39.390,0.99,0.07,0.10
1784155359.8908,15:42:39.890,0.99,0.05,0.09
1784155360.3901,15:42:40.390,1.00,0.05,0.07
1784155360.8897,15:42:40.889,1.00,0.06,0.05
1784155361.3904,15:42:41.390,1.00,0.09,0.04
1784155361.8898,15:42:41.889,0.96,0.24,-0.13
1784155362.3895,15:42:42.389,0.96,0.26,-0.13
1784155362.8893,15:42:42.889,0.90,0.38,-0.19
1784155363.3888,15:42:43.388,0.88,0.42,-0.22
1784155363.8884,15:42:43.888,0.89,0.41,-0.20
1784155364.3889,15:42:44.388,0.92,0.37,-0.15
1784155364.8889,15:42:44.888,0.91,0.39,-0.12
1784155365.3884,15:42:45.388,0.90,0.42,-0.09
1784155365.8889,15:42:45.888,0.86,0.49,-0.13
1784155366.3883,15:42:46.388,0.81,0.56,-0.18
1784155366.8879,15:42:46.887,0.79,0.58,-0.19
1784155367.3879,15:42:47.387,0.77,0.59,-0.22
1784155367.888,15:42:47.888,0.95,0.31,0.06
1784155368.3878,15:42:48.387,0.96,0.25,0.12
1784155368.888,15:42:48.888,0.97,0.20,0.15
1784155369.388,15:42:49.388,0.98,0.16,0.14
1784155369.8877,15:42:49.887,0.99,0.14,0.09
1784155370.3877,15:42:50.387,0.99,0.13,0.05
1784155370.8873,15:42:50.887,0.99,0.16,-0.02
1784155371.3867,15:42:51.386,0.99,0.16,-0.04
1784155371.8866,15:42:51.886,0.99,0.16,-0.05
1784155372.3864,15:42:52.386,0.99,0.15,-0.04
1784155372.8858,15:42:52.885,0.99,0.13,-0.02
1784155373.3856,15:42:53.385,0.99,0.15,-0.02
1784155373.8855,15:42:53.885,0.99,0.16,-0.02
1784155374.3851,15:42:54.385,0.98,0.18,-0.04
1784155374.8847,15:42:54.884,0.98,0.22,0.02
1784155375.3848,15:42:55.384,0.96,0.27,0.03
1784155375.885,15:42:55.885,0.91,0.41,-0.09
1784155376.3847,15:42:56.384,0.91,0.42,-0.08
1784155376.8847,15:42:56.884,0.93,0.37,-0.03
1784155377.3848,15:42:57.384,0.93,0.36,0.00
1784155377.884,15:42:57.884,0.96,0.28,0.06
1784155378.3841,15:42:58.384,0.96,0.29,0.05
1784155378.8839,15:42:58.883,0.95,0.32,0.02
1784155379.3838,15:42:59.383,0.97,0.21,0.12
1784155379.8842,15:42:59.884,0.98,0.19,0.11
1784155380.3841,15:43:00.384,0.96,0.28,0.00
1784155380.8833,15:43:00.883,0.96,0.29,-0.01
1784155381.3838,15:43:01.383,0.95,0.32,0.00
1784155381.8836,15:43:01.883,0.94,0.34,0.00
1784155382.3831,15:43:02.383,0.94,0.34,0.01
1784155382.8833,15:43:02.883,0.98,0.13,0.17
1784155383.3836,15:43:03.383,0.98,0.12,0.19
1784155383.8832,15:43:03.883,0.97,0.16,0.17
1784155384.383,15:43:04.383,0.97,0.21,0.13
1784155384.8823,15:43:04.882,0.96,0.25,0.08
1784155385.3817,15:43:05.381,0.95,0.31,0.02
1784155385.8816,15:43:05.881,0.94,0.35,-0.01
1784155386.3814,15:43:06.381,0.94,0.34,-0.03
1784155386.8813,15:43:06.881,0.94,0.34,-0.05
1784155387.3813,15:43:07.381,0.96,0.26,0.00
1784155387.8816,15:43:07.881,0.97,0.24,0.03
1784155388.3812,15:43:08.381,0.98,0.18,0.07
1784155388.8811,15:43:08.881,0.99,0.14,0.08
1784155389.3811,15:43:09.381,0.99,0.14,0.08
1784155389.8807,15:43:09.880,0.98,0.17,0.05
1784155390.3803,15:43:10.380,0.98,0.19,0.04
1784155390.8804,15:43:10.880,0.98,0.21,0.05
1784155391.38,15:43:11.380,0.96,0.26,0.02
1784155391.8795,15:43:11.879,0.92,0.36,-0.13
1784155392.3795,15:43:12.379,0.89,0.42,-0.19
1784155392.8797,15:43:12.879,0.88,0.42,-0.23
1784155393.3793,15:43:13.379,0.86,0.44,-0.25
1784155393.8798,15:43:13.879,0.86,0.44,-0.26
1784155394.3794,15:43:14.379,0.85,0.47,-0.26
1784155394.8792,15:43:14.879,0.84,0.47,-0.25
1784155395.3797,15:43:15.379,0.87,0.44,-0.23
1784155395.8794,15:43:15.879,0.88,0.42,-0.21
1784155396.3793,15:43:16.379,0.96,0.27,-0.05
1784155396.8797,15:43:16.879,0.93,0.34,-0.14
1784155397.3791,15:43:17.379,0.99,0.16,0.01
1784155397.8791,15:43:17.879,0.99,0.12,0.02
1784155398.379,15:43:18.379,0.99,0.11,0.00
1784155398.8786,15:43:18.878,0.99,0.12,-0.02
1784155399.378,15:43:19.378,0.99,0.12,-0.02
1784155399.8784,15:43:19.878,1.00,0.04,0.07
1784155400.3786,15:43:20.378,1.00,0.05,0.07
1784155400.878,15:43:20.878,0.99,0.09,0.07
1784155401.3781,15:43:21.378,0.99,0.11,0.03
1784155401.8773,15:43:21.877,0.98,0.20,0.02
1784155402.3772,15:43:22.377,0.97,0.22,0.08
1784155402.877,15:43:22.877,0.97,0.23,0.10
1784155403.3773,15:43:23.377,0.97,0.21,0.12
1784155403.8769,15:43:23.876,0.95,0.30,0.03
1784155404.3759,15:43:24.375,0.95,0.30,0.01
1784155404.8758,15:43:24.875,0.95,0.31,-0.03
1784155405.3756,15:43:25.375,0.94,0.33,-0.06
1784155405.8752,15:43:25.875,0.94,0.34,-0.08
1784155406.3754,15:43:26.375,0.94,0.32,-0.11
1784155406.8755,15:43:26.875,0.97,0.24,-0.07
1784155407.3749,15:43:27.374,0.99,0.17,0.01
1784155407.8748,15:43:27.874,0.99,0.17,0.01
1784155408.3748,15:43:28.374,0.98,0.21,0.00
1784155408.8741,15:43:28.874,0.98,0.21,0.02
1784155409.3743,15:43:29.374,0.98,0.20,0.05
1784155409.8746,15:43:29.874,0.98,0.18,0.09
1784155410.3742,15:43:30.374,0.98,0.17,0.09
1784155410.8747,15:43:30.874,0.97,0.19,0.12
1784155411.3745,15:43:31.374,0.97,0.24,0.07
1784155411.8736,15:43:31.873,0.97,0.25,0.03
1784155412.3736,15:43:32.373,0.97,0.25,-0.02
1784155412.8739,15:43:32.873,0.97,0.25,-0.07
1784155413.3735,15:43:33.373,0.97,0.22,-0.08
1784155413.8735,15:43:33.873,0.97,0.23,-0.09
1784155414.3736,15:43:34.373,0.97,0.24,-0.09
1784155414.8734,15:43:34.873,0.99,0.11,0.01
1784155415.3731,15:43:35.373,0.99,-0.05,0.15
1784155415.8729,15:43:35.872,0.98,-0.06,0.18
1784155416.3726,15:43:36.372,0.98,-0.07,0.18
1784155416.8726,15:43:36.872,0.98,-0.06,0.20
1784155417.3725,15:43:37.372,0.98,-0.07,0.20
1784155417.8719,15:43:37.871,0.98,-0.07,0.19
1784155418.372,15:43:38.372,0.98,-0.06,0.17
1784155418.872,15:43:38.872,0.99,0.01,0.11
1784155419.3717,15:43:39.371,0.97,-0.08,0.22
1784155419.8713,15:43:39.871,0.98,-0.04,0.21
1784155420.3717,15:43:40.371,0.98,0.02,0.17
1784155420.8713,15:43:40.871,0.96,0.27,-0.09
1784155421.3706,15:43:41.370,0.95,0.29,-0.13
1784155421.8706,15:43:41.870,0.94,0.31,-0.14
1784155422.3705,15:43:42.370,0.88,0.42,-0.23
1784155422.8695,15:43:42.869,0.79,0.53,-0.31
1784155423.3695,15:43:43.369,0.80,0.54,-0.27
1784155423.87,15:43:43.870,0.84,0.51,-0.18
1784155424.3696,15:43:44.369,0.91,0.42,-0.07
1784155424.8703,15:43:44.870,0.98,0.09,0.20
1784155425.3697,15:43:45.369,0.97,0.08,0.21
1784155425.8698,15:43:45.869,0.97,0.09,0.21
1784155426.3693,15:43:46.369,0.97,0.14,0.18
1784155426.8692,15:43:46.869,0.98,0.17,0.11
1784155427.3687,15:43:47.368,0.98,0.18,0.04
1784155427.869,15:43:47.869,0.91,0.39,-0.17
1784155428.3693,15:43:48.369,0.91,0.40,-0.12
1784155428.869,15:43:48.869,0.92,0.37,-0.08
1784155429.3688,15:43:49.368,0.98,0.19,0.06
1784155429.8687,15:43:49.868,0.99,0.11,0.11
1784155430.3681,15:43:50.368,0.99,0.10,0.09
1784155430.8679,15:43:50.867,0.99,0.08,0.10
1784155431.3679,15:43:51.367,0.99,0.06,0.08
1784155431.868,15:43:51.868,1.00,0.06,0.08
1784155432.3678,15:43:52.367,1.00,0.06,0.07
1784155432.868,15:43:52.868,1.00,0.05,0.05
1784155433.3677,15:43:53.367,0.99,0.14,-0.05
1784155433.8667,15:43:53.866,0.98,0.17,-0.10
1784155434.3668,15:43:54.366,0.98,0.17,-0.10
1784155434.8666,15:43:54.866,0.98,0.19,-0.09
1784155435.3663,15:43:55.366,0.98,0.20,-0.05
1784155435.8661,15:43:55.866,0.91,0.38,-0.16
1784155436.3658,15:43:56.365,0.89,0.41,-0.20
1784155436.866,15:43:56.866,0.89,0.40,-0.21
1784155437.3661,15:43:57.366,0.96,0.26,-0.08
1784155437.8651,15:43:57.865,0.99,-0.03,0.14
1784155438.365,15:43:58.365,0.99,-0.05,0.13
1784155438.8656,15:43:58.865,0.99,-0.07,0.15
1784155439.3653,15:43:59.365,1.00,0.09,0.00
1784155439.8643,15:43:59.864,0.97,0.22,-0.12
1784155440.3648,15:44:00.364,0.94,0.30,-0.15
1784155440.865,15:44:00.865,0.92,0.36,-0.15
1784155441.3643,15:44:01.364,0.92,0.37,-0.13
1784155441.8643,15:44:01.864,0.93,0.36,-0.09
1784155442.3645,15:44:02.364,0.97,0.25,0.01
1784155442.8641,15:44:02.864,0.99,0.06,0.15
1784155443.3641,15:44:03.364,0.99,0.06,0.15
1784155443.8642,15:44:03.864,0.99,0.06,0.11
1784155444.3638,15:44:04.363,0.97,-0.06,0.22
1784155444.8643,15:44:04.864,0.99,0.08,0.08
1784155445.3637,15:44:05.363,0.99,0.01,0.12
1784155445.8632,15:44:05.863,0.99,0.00,0.11
1784155446.3628,15:44:06.362,0.99,0.00,0.11
1784155446.8629,15:44:06.862,1.00,0.06,0.07
1784155447.3621,15:44:07.362,0.99,0.16,0.03
1784155447.8619,15:44:07.861,0.98,0.18,0.07
1784155448.3621,15:44:08.362,0.98,0.18,0.09
1784155448.8618,15:44:08.861,0.98,0.15,0.10
1784155449.362,15:44:09.362,0.99,0.14,0.10
1784155449.8625,15:44:09.862,0.97,0.22,0.00
1784155450.3621,15:44:10.362,0.95,0.30,-0.12
1784155450.862,15:44:10.862,0.95,0.29,-0.13
1784155451.3622,15:44:11.362,0.95,0.28,-0.13
1784155451.862,15:44:11.862,0.95,0.28,-0.12
1784155452.3615,15:44:12.361,0.99,0.10,0.06
1784155452.8617,15:44:12.861,0.99,0.15,0.03
1784155453.3618,15:44:13.361,0.97,0.24,-0.01
1784155453.8612,15:44:13.861,0.97,0.23,0.01
1784155454.3611,15:44:14.361,0.93,0.36,-0.11
1784155454.8609,15:44:14.860,0.97,0.25,-0.01
1784155455.3606,15:44:15.360,0.97,0.24,-0.02
1784155455.8608,15:44:15.860,0.97,0.23,0.00
1784155456.3609,15:44:16.360,0.99,0.13,0.05
1784155456.8603,15:44:16.860,0.99,0.00,0.12
1784155457.3605,15:44:17.360,0.99,0.00,0.12
1784155457.8607,15:44:17.860,0.99,-0.01,0.12
1784155458.3602,15:44:18.360,0.99,0.00,0.12
1784155458.86,15:44:18.860,0.99,0.07,0.09
1784155459.36,15:44:19.360,0.99,0.15,0.06
1784155459.8592,15:44:19.859,0.98,0.07,0.18
1784155460.3595,15:44:20.359,0.98,0.13,0.17
1784155460.8591,15:44:20.859,0.98,0.13,0.15
1784155461.3581,15:44:21.358,0.99,0.13,0.10
1784155461.8581,15:44:21.858,0.99,0.09,0.09
1784155462.3579,15:44:22.357,0.99,0.04,0.13
1784155462.8572,15:44:22.857,0.99,0.05,0.12
1784155463.357,15:44:23.357,0.99,0.07,0.11
1784155463.8572,15:44:23.857,0.98,0.18,0.04
1784155464.3566,15:44:24.356,0.99,0.16,0.03
1784155464.8563,15:44:24.856,0.99,0.16,0.02
1784155465.3567,15:44:25.356,0.97,0.24,-0.07
1784155465.856,15:44:25.856,0.96,0.26,-0.07
1784155466.3554,15:44:26.355,0.96,0.28,-0.09
1784155466.8559,15:44:26.855,0.91,0.37,-0.18
1784155467.3551,15:44:27.355,0.91,0.37,-0.18
1784155467.8552,15:44:27.855,0.89,0.41,-0.21
1784155468.3558,15:44:28.355,0.90,0.40,-0.19
1784155468.8551,15:44:28.855,0.90,0.40,-0.19
1784155469.3549,15:44:29.354,0.89,0.43,-0.17
1784155469.855,15:44:29.855,0.89,0.45,-0.13
1784155470.3549,15:44:30.354,0.93,0.37,-0.07
1784155470.8546,15:44:30.854,0.97,0.26,0.01
1784155471.355,15:44:31.355,0.98,0.17,0.07
1784155471.8552,15:44:31.855,0.98,0.16,0.07
1784155472.3549,15:44:32.354,0.97,0.24,0.05
1784155472.8551,15:44:32.855,0.95,0.31,0.01
1784155473.3547,15:44:33.354,0.93,0.38,-0.06
1784155473.8537,15:44:33.853,0.92,0.39,-0.04
1784155474.3537,15:44:34.353,0.92,0.39,-0.04
1784155474.8535,15:44:34.853,0.96,0.29,0.02
1784155475.3532,15:44:35.353,0.97,0.03,0.24
1784155475.8532,15:44:35.853,0.98,-0.01,0.22
1784155476.3541,15:44:36.354,0.98,-0.02,0.20
1784155476.8535,15:44:36.853,0.98,-0.02,0.19
1784155477.3532,15:44:37.353,0.99,0.11,0.03
1784155477.8532,15:44:37.853,0.99,0.13,0.01
1784155478.3525,15:44:38.352,0.99,0.15,0.00
1784155478.8525,15:44:38.852,0.98,0.22,-0.04
1784155479.3528,15:44:39.352,0.94,0.32,-0.11
1784155479.852,15:44:39.852,0.98,0.20,0.05
1784155480.3521,15:44:40.352,0.97,0.23,0.05
1784155480.8519,15:44:40.851,0.96,0.28,0.04
1784155481.3513,15:44:41.351,0.94,0.34,0.01
1784155481.8514,15:44:41.851,0.93,0.36,0.00
1784155482.3518,15:44:42.351,0.80,0.56,-0.21
1784155482.8515,15:44:42.851,0.79,0.57,-0.22
1784155483.3511,15:44:43.351,0.80,0.55,-0.21
1784155483.8516,15:44:43.851,0.84,0.51,-0.19
1784155484.3518,15:44:44.351,0.92,0.38,-0.10
1784155484.8513,15:44:44.851,0.98,0.16,0.12
1784155485.3515,15:44:45.351,0.98,0.16,0.15
1784155485.8514,15:44:45.851,0.98,0.13,0.16
1784155486.3507,15:44:46.350,0.97,0.17,0.18
1784155486.8512,15:44:46.851,0.88,0.47,-0.09
1784155487.3512,15:44:47.351,0.86,0.50,-0.11
1784155487.8509,15:44:47.850,0.86,0.50,-0.12
1784155488.3507,15:44:48.350,0.88,0.45,-0.12
1784155488.8508,15:44:48.850,0.94,0.33,-0.07
1784155489.3504,15:44:49.350,0.99,0.06,0.15
1784155489.8505,15:44:49.850,0.98,0.02,0.18
1784155490.3503,15:44:50.350,0.99,0.08,0.10
1784155490.8499,15:44:50.849,0.99,0.07,0.10
1784155491.3498,15:44:51.349,0.99,0.14,0.04
1784155491.8495,15:44:51.849,0.97,0.22,0.01
1784155492.3492,15:44:52.349,0.95,0.31,-0.03
1784155492.8488,15:44:52.848,0.93,0.36,-0.07
1784155493.3489,15:44:53.348,0.89,0.44,-0.12
1784155493.8487,15:44:53.848,0.88,0.45,-0.13
1784155494.3485,15:44:54.348,0.90,0.43,-0.11
1784155494.8487,15:44:54.848,0.97,0.21,0.15
1784155495.348,15:44:55.348,0.89,0.46,-0.06
1784155495.8474,15:44:55.847,0.88,0.47,-0.06
1784155496.3477,15:44:56.347,0.89,0.46,-0.05
1784155496.8475,15:44:56.847,0.88,0.47,-0.06
1784155497.3472,15:44:57.347,0.87,0.49,-0.08
1784155497.8476,15:44:57.847,0.86,0.50,-0.13
1784155498.3475,15:44:58.347,0.83,0.53,-0.18
1784155498.8469,15:44:58.846,0.83,0.53,-0.20
1784155499.3468,15:44:59.346,0.82,0.53,-0.21
1784155499.8466,15:44:59.846,0.81,0.53,-0.26
1784155500.3461,15:45:00.346,0.84,0.50,-0.23
1784155500.8463,15:45:00.846,0.84,0.51,-0.17
1784155501.3453,15:45:01.345,0.83,0.54,-0.13
1784155501.8446,15:45:01.844,0.82,0.54,-0.17
1784155502.345,15:45:02.345,0.83,0.52,-0.19
1784155502.8453,15:45:02.845,0.84,0.49,-0.22
1784155503.3445,15:45:03.344,0.97,0.26,-0.01
1784155503.8448,15:45:03.844,0.97,0.25,0.00
1784155504.3443,15:45:04.344,0.87,0.46,-0.17
1784155504.844,15:45:04.844,0.87,0.46,-0.16
1784155505.3439,15:45:05.343,0.86,0.48,-0.18
1784155505.844,15:45:05.844,0.84,0.50,-0.22
1784155506.3434,15:45:06.343,0.82,0.51,-0.25
1784155506.8431,15:45:06.843,0.72,0.60,-0.34
1784155507.3437,15:45:07.343,0.73,0.60,-0.31
1784155507.8432,15:45:07.843,0.79,0.56,-0.25
1784155508.3432,15:45:08.343,0.85,0.50,-0.18
1784155508.8437,15:45:08.843,0.93,0.36,-0.07
1784155509.3433,15:45:09.343,0.97,0.26,0.03
1784155509.843,15:45:09.843,0.97,0.22,0.05
1784155510.3426,15:45:10.342,0.97,0.22,0.04
1784155510.8418,15:45:10.841,0.96,0.29,-0.03
1784155511.3415,15:45:11.341,0.90,0.41,-0.13
1784155511.8417,15:45:11.841,0.94,0.33,-0.03
1784155512.341,15:45:12.341,0.76,0.59,-0.27
1784155512.841,15:45:12.841,0.76,0.60,-0.26
1784155513.3415,15:45:13.341,0.75,0.61,-0.24
1784155513.8413,15:45:13.841,0.73,0.63,-0.25
1784155514.341,15:45:14.341,0.72,0.64,-0.25
1784155514.8414,15:45:14.841,0.72,0.65,-0.24
1784155515.3414,15:45:15.341,0.73,0.64,-0.23
1784155515.8404,15:45:15.840,0.80,0.58,-0.15
1784155516.3409,15:45:16.340,0.86,0.51,-0.10
1784155516.8407,15:45:16.840,0.88,0.47,-0.07
1784155517.3406,15:45:17.340,0.96,0.27,0.10
1784155517.8406,15:45:17.840,0.94,0.33,0.03
1784155518.3407,15:45:18.340,0.94,0.35,0.00
1784155518.8401,15:45:18.840,0.81,0.55,-0.20
1784155519.3398,15:45:19.339,0.85,0.51,-0.13
1784155519.84,15:45:19.840,0.85,0.50,-0.14
1784155520.3394,15:45:20.339,0.85,0.51,-0.15
1784155520.8397,15:45:20.839,0.85,0.50,-0.16
1784155521.3395,15:45:21.339,0.84,0.51,-0.18
1784155521.839,15:45:21.839,0.97,0.15,0.17
1784155522.3388,15:45:22.338,0.97,0.14,0.20
1784155522.839,15:45:22.839,0.97,0.13,0.22
1784155523.3382,15:45:23.338,0.97,0.16,0.21
1784155523.8385,15:45:23.838,0.96,0.23,0.15
1784155524.3381,15:45:24.338,0.95,0.30,0.10
1784155524.8378,15:45:24.837,0.94,0.32,0.09
1784155525.3372,15:45:25.337,0.94,0.33,0.08
1784155525.8373,15:45:25.837,0.94,0.32,0.09
1784155526.3369,15:45:26.336,0.94,0.32,0.09
1784155526.8368,15:45:26.836,0.94,0.33,0.07
1784155527.3374,15:45:27.337,0.94,0.34,0.07
