Timestamp,Local time,Pleasure,Arousal,Dominance
1783962837.9307,10:13:57.930,0,0,0
1783962838.4298,10:13:58.429,0,0,0
1783962838.93,10:13:58.930,0,0,0
1783962839.43,10:13:59.430,0,0,0
1783962839.9293,10:13:59.929,0,0,0
1783962840.4293,10:14:00.429,0,0,0
1783962840.9294,10:14:00.929,0,0,0
1783962841.4286,10:14:01.428,0,0,0
1783962841.9293,10:14:01.929,0,0,0
1783962842.4294,10:14:02.429,0,0,0
1783962842.9282,10:14:02.928,0.99,0.09,0.12
1783962843.4289,10:14:03.428,0,0,0
1783962843.9288,10:14:03.928,0,0,0
1783962844.4274,10:14:04.427,0,0,0
1783962844.9279,10:14:04.927,0,0,0
1783962845.4277,10:14:05.427,0,0,0
1783962845.9272,10:14:05.927,0,0,0
1783962846.4276,10:14:06.427,0,0,0
1783962846.9275,10:14:06.927,0,0,0
1783962847.4263,10:14:07.426,0,0,0
1783962847.9272,10:14:07.927,0,0,0
1783962848.4269,10:14:08.426,0,0,0
1783962848.9262,10:14:08.926,0,0,0
1783962849.4267,10:14:09.426,0,0,0
1783962849.9266,10:14:09.926,0,0,0
1783962850.4258,10:14:10.425,0,0,0
1783962850.9267,10:14:10.926,0,0,0
1783962851.4263,10:14:11.426,0,0,0
1783962851.9256,10:14:11.925,0,0,0
1783962852.4258,10:14:12.425,0,0,0
1783962852.9253,10:14:12.925,0,0,0
1783962853.4247,10:14:13.424,0,0,0
1783962853.9256,10:14:13.925,0,0,0
1783962854.4251,10:14:14.425,0,0,0
1783962854.9243,10:14:14.924,0,0,0
1783962855.4246,10:14:15.424,0,0,0
1783962855.9238,10:14:15.923,0,0,0
1783962856.4235,10:14:16.423,0,0,0
1783962856.9244,10:14:16.924,0,0,0
1783962857.4236,10:14:17.423,0.98,0.09,0.15
1783962857.9231,10:14:17.923,0,0,0
1783962858.4237,10:14:18.423,0,0,0
1783962858.923,10:14:18.923,0,0,0
1783962859.4228,10:14:19.422,0,0,0
1783962859.9235,10:14:19.923,0,0,0
1783962860.4228,10:14:20.422,0,0,0
1783962860.9224,10:14:20.922,0,0,0
1783962861.4229,10:14:21.422,0,0,0
1783962861.9221,10:14:21.922,0,0,0
1783962862.422,10:14:22.422,0,0,0
1783962862.9222,10:14:22.922,0,0,0
1783962863.4213,10:14:23.421,0,0,0
1783962863.9216,10:14:23.921,0,0,0
1783962864.422,10:14:24.422,0,0,0
1783962864.9213,10:14:24.921,0,0,0
1783962865.4213,10:14:25.421,0,0,0
1783964714.8042,10:45:14.804,0.92,0.39,0.02
1783964715.304,10:45:15.304,0.92,0.38,0.03
1783964715.8043,10:45:15.804,0.88,0.47,-0.04
1783964716.3039,10:45:16.303,0.85,0.52,-0.10
1783964716.804,10:45:16.804,0.84,0.53,-0.11
1783964717.3036,10:45:17.303,0.83,0.54,-0.13
1783964717.8029,10:45:17.802,0.84,0.53,-0.14
1783964718.3029,10:45:18.302,0.87,0.49,-0.10
1783964718.803,10:45:18.803,0.87,0.49,-0.10
1783964719.3024,10:45:19.302,0.90,0.43,-0.02
1783964719.8022,10:45:19.802,0.94,0.33,0.04
1783964720.3027,10:45:20.302,0.94,0.33,0.06
1783964720.8019,10:45:20.801,0.94,0.33,0.05
1783964721.3012,10:45:21.301,0.94,0.33,0.04
1783964721.8018,10:45:21.801,0.94,0.33,0.04
1783964722.3014,10:45:22.301,0.95,0.32,0.03
1783964722.8012,10:45:22.801,0.95,0.31,0.03
1783964723.3015,10:45:23.301,0.93,0.36,-0.02
1783964723.8013,10:45:23.801,0.91,0.41,-0.07
1783964724.3009,10:45:24.300,0.90,0.43,-0.09
1783964724.8014,10:45:24.801,0.85,0.50,-0.16
1783964725.3015,10:45:25.301,0.85,0.50,-0.16
1783964725.8012,10:45:25.801,0.89,0.45,-0.11
1783964726.3014,10:45:26.301,0.89,0.44,-0.10
1783964726.8014,10:45:26.801,0.93,0.36,-0.04
1783964727.3006,10:45:27.300,0.97,0.25,0.01
1783964727.8,10:45:27.800,0.98,0.19,0.05
1783964728.3002,10:45:28.300,0.99,0.13,0.08
1783964728.7996,10:45:28.799,0.99,0.09,0.12
1783964729.2995,10:45:29.299,0.99,0.09,0.13
1783964729.7999,10:45:29.799,0.98,0.13,0.13
1783964730.2996,10:45:30.299,0.96,0.27,0.05
1783964730.7995,10:45:30.799,0.95,0.30,0.02
1783964731.2995,10:45:31.299,0.95,0.30,0.02
1783964731.7986,10:45:31.798,0.96,0.29,0.01
1783964732.2984,10:45:32.298,0.96,0.29,0.00
1783964732.7983,10:45:32.798,0.96,0.26,-0.07
1783964733.2975,10:45:33.297,0.97,0.23,-0.09
1783964733.7974,10:45:33.797,0.99,0.12,0.00
1783964734.2977,10:45:34.297,1.00,0.09,0.03
1783964734.7976,10:45:34.797,1.00,0.08,0.02
1783964735.2972,10:45:35.297,1.00,0.06,0.01
1783964735.797,10:45:35.797,1.00,-0.02,0.08
1783964736.2969,10:45:36.296,1.00,-0.02,0.08
1783964736.7965,10:45:36.796,1.00,0.00,0.07
1783964737.2968,10:45:37.296,1.00,0.03,0.06
1783964737.7966,10:45:37.796,0.99,0.09,0.04
1783964738.2966,10:45:38.296,0.98,0.20,0.03
1783964738.797,10:45:38.797,0.95,0.30,0.00
1783964739.2964,10:45:39.296,0.95,0.31,0.01
1783964739.7965,10:45:39.796,0.95,0.32,0.03
1783964740.2969,10:45:40.296,0.94,0.33,0.05
1783964740.7964,10:45:40.796,0.94,0.34,0.05
1783964741.296,10:45:41.296,0.93,0.37,0.02
1783964741.7963,10:45:41.796,0.93,0.37,0.03
1783964742.2964,10:45:42.296,0.93,0.37,0.03
1783964742.7959,10:45:42.795,0.93,0.38,0.04
1783964743.2955,10:45:43.295,0.91,0.40,0.03
1783964743.7956,10:45:43.795,0.90,0.45,0.00
1783964744.2952,10:45:44.295,0.89,0.46,-0.01
1783964744.7952,10:45:44.795,0.89,0.46,0.00
1783964745.2953,10:45:45.295,0.89,0.45,0.01
1783964745.7949,10:45:45.794,0.94,0.34,0.06
1783964746.2946,10:45:46.294,0.97,0.26,0.03
1783964746.7942,10:45:46.794,0.98,0.21,-0.05
1783964747.294,10:45:47.294,0.96,0.24,-0.12
1783964747.794,10:45:47.794,0.97,0.23,-0.12
1783964748.294,10:45:48.294,0.97,0.22,-0.13
1783964748.7933,10:45:48.793,0.97,0.20,-0.14
1783964749.2933,10:45:49.293,0.97,0.19,-0.15
1783964749.7932,10:45:49.793,0.97,0.19,-0.15
1783964750.293,10:45:50.293,0.97,0.18,-0.14
1783964750.7933,10:45:50.793,0.97,0.18,-0.13
1783964751.2931,10:45:51.293,0.91,0.34,-0.22
1783964751.7928,10:45:51.792,0.88,0.43,-0.21
1783964752.2926,10:45:52.292,0.87,0.46,-0.17
1783964752.7927,10:45:52.792,0.87,0.48,-0.12
1783964753.2927,10:45:53.292,0.87,0.49,-0.09
1783964753.792,10:45:53.792,0.86,0.50,-0.07
1783964754.2925,10:45:54.292,0.86,0.51,-0.06
1783964754.7923,10:45:54.792,0.89,0.46,0.00
1783964755.2926,10:45:55.292,0.91,0.42,0.05
1783964755.7928,10:45:55.792,0.92,0.38,0.07
1783964756.2927,10:45:56.292,0.94,0.31,0.12
1783964756.7921,10:45:56.792,0.94,0.31,0.12
1783964757.2926,10:45:57.292,0.93,0.34,0.10
1783964757.7922,10:45:57.792,0.91,0.41,0.02
1783964758.2914,10:45:58.291,0.87,0.47,-0.15
1783964758.7913,10:45:58.791,0.89,0.41,-0.21
1783964759.2911,10:45:59.291,0.90,0.38,-0.22
1783964759.7902,10:45:59.790,0.94,0.29,-0.17
1783964760.2906,10:46:00.290,0.98,0.16,-0.08
1783964760.7907,10:46:00.790,0.99,0.14,-0.07
1783964761.2903,10:46:01.290,0.99,0.16,-0.05
1783964761.7901,10:46:01.790,0.96,0.26,-0.08
1783964762.2902,10:46:02.290,0.94,0.33,-0.05
1783964762.7892,10:46:02.789,0.94,0.35,-0.01
1783964763.289,10:46:03.289,0.91,0.40,-0.03
1783964763.7894,10:46:03.789,0.89,0.45,-0.06
1783964764.2889,10:46:04.288,0.89,0.46,-0.04
1783964764.7887,10:46:04.788,0.86,0.50,-0.05
1783964765.2888,10:46:05.288,0.86,0.50,-0.05
1783964765.7878,10:46:05.787,0.86,0.50,-0.05
1783964766.2875,10:46:06.287,0.86,0.51,-0.04
1783964766.7876,10:46:06.787,0.84,0.54,-0.06
1783964767.287,10:46:07.287,0.82,0.57,-0.09
1783964767.7871,10:46:07.787,0.82,0.56,-0.08
1783964768.2875,10:46:08.287,0.83,0.56,-0.08
1783964768.7872,10:46:08.787,0.85,0.52,-0.04
1783964769.2864,10:46:09.286,0.87,0.49,-0.04
1783964769.7869,10:46:09.786,0.88,0.47,-0.05
1783964770.2864,10:46:10.286,0.89,0.45,-0.05
1783964770.7858,10:46:10.785,0.90,0.44,-0.07
1783964771.2857,10:46:11.285,0.88,0.46,-0.09
1783964771.7853,10:46:11.785,0.87,0.48,-0.09
1783964772.2848,10:46:12.284,0.87,0.49,-0.08
1783964772.7848,10:46:12.784,0.86,0.50,-0.08
1783964773.2857,10:46:13.285,0.82,0.55,-0.14
1783964773.7853,10:46:13.785,0.78,0.59,-0.21
1783964774.2853,10:46:14.285,0.79,0.56,-0.25
1783964774.7851,10:46:14.785,0.83,0.52,-0.21
1783964775.2845,10:46:15.284,0.82,0.53,-0.20
1783964775.7846,10:46:15.784,0.82,0.54,-0.20
1783964776.2844,10:46:16.284,0.81,0.56,-0.16
1783964776.7839,10:46:16.783,0.84,0.53,-0.12
1783964777.2835,10:46:17.283,0.85,0.52,-0.09
1783964777.7839,10:46:17.783,0.81,0.57,-0.12
1783964778.2838,10:46:18.283,0.80,0.59,-0.11
1783964778.784,10:46:18.784,0.79,0.60,-0.11
1783964779.2841,10:46:19.284,0.82,0.56,-0.07
1783964779.7835,10:46:19.783,0.86,0.50,-0.03
1783964780.2832,10:46:20.283,0.90,0.44,0.02
1783964780.7829,10:46:20.782,0.90,0.44,0.02
1783964781.2822,10:46:21.282,0.91,0.42,0.05
1783964781.7824,10:46:21.782,0.91,0.42,0.07
1783964782.2824,10:46:22.282,0.91,0.42,0.08
1783964782.7821,10:46:22.782,0.90,0.44,0.05
1783964783.2821,10:46:23.282,0.89,0.46,0.00
1783964783.7826,10:46:23.782,0.86,0.49,-0.10
1783964784.2828,10:46:24.282,0.83,0.49,-0.27
1783964784.7829,10:46:24.782,0.83,0.46,-0.33
1783964785.2829,10:46:25.282,0.84,0.43,-0.34
1783964785.783,10:46:25.783,0.88,0.36,-0.29
1783964786.2824,10:46:26.282,0.88,0.36,-0.30
1783964786.7822,10:46:26.782,0.88,0.36,-0.31
1783964787.2818,10:46:27.281,0.93,0.29,-0.24
1783964787.7814,10:46:27.781,0.97,0.19,-0.13
1783964788.2819,10:46:28.281,0.97,0.20,-0.12
1783964788.7819,10:46:28.781,0.90,0.39,-0.19
1783964789.2824,10:46:29.282,0.88,0.44,-0.18
1783964789.7824,10:46:29.782,0.87,0.49,-0.12
1783964790.2817,10:46:30.281,0.87,0.48,-0.11
1783964790.7813,10:46:30.781,0.90,0.44,-0.07
1783964791.2816,10:46:31.281,0.92,0.40,-0.05
1783964791.7818,10:46:31.781,0.91,0.42,-0.05
1783964792.281,10:46:32.281,0.87,0.48,-0.08
1783964792.7808,10:46:32.780,0.82,0.55,-0.13
1783964793.2804,10:46:33.280,0.84,0.54,-0.09
1783964793.7801,10:46:33.780,0.84,0.54,-0.09
1783964794.2797,10:46:34.279,0.84,0.53,-0.10
1783964794.7798,10:46:34.779,0.85,0.52,-0.10
1783964795.2794,10:46:35.279,0.84,0.53,-0.10
1783964795.7793,10:46:35.779,0.84,0.54,-0.08
1783964796.2791,10:46:36.279,0.85,0.52,-0.08
1783964796.7786,10:46:36.778,0.84,0.53,-0.11
1783964797.2782,10:46:37.278,0.85,0.51,-0.16
1783964797.7787,10:46:37.778,0.85,0.47,-0.23
1783964798.2784,10:46:38.278,0.86,0.46,-0.23
1783964798.778,10:46:38.778,0.86,0.45,-0.22
1783964799.2779,10:46:39.277,0.87,0.45,-0.21
1783964799.7773,10:46:39.777,0.88,0.44,-0.20
1783964800.277,10:46:40.277,0.93,0.34,-0.14
1783964800.7775,10:46:40.777,0.97,0.21,-0.07
1783964801.2768,10:46:41.276,0.98,0.18,-0.05
1783964801.7764,10:46:41.776,0.98,0.20,-0.01
1783964802.277,10:46:42.277,0.96,0.28,-0.02
1783964802.7767,10:46:42.776,0.94,0.35,-0.04
1783964803.2759,10:46:43.275,0.93,0.38,-0.03
1783964803.7762,10:46:43.776,0.91,0.41,-0.05
1783964804.2762,10:46:44.276,0.84,0.53,-0.12
1783964804.7755,10:46:44.775,0.83,0.55,-0.13
1783964805.2755,10:46:45.275,0.82,0.55,-0.13
1783964805.7756,10:46:45.775,0.84,0.53,-0.10
1783964806.2752,10:46:46.275,0.89,0.46,-0.05
1783964806.775,10:46:46.775,0.90,0.43,-0.03
1783964807.2755,10:46:47.275,0.92,0.38,0.02
1783964807.7747,10:46:47.774,0.93,0.37,0.03
1783964808.2743,10:46:48.274,0.93,0.36,0.05
1783964808.7743,10:46:48.774,0.93,0.36,0.06
1783964809.2738,10:46:49.273,0.94,0.34,0.06
1783964809.7742,10:46:49.774,0.94,0.33,0.07
1783964810.274,10:46:50.274,0.91,0.41,0.00
1783964810.7737,10:46:50.773,0.91,0.41,-0.04
1783964811.2735,10:46:51.273,0.92,0.39,-0.08
1783964811.774,10:46:51.774,0.92,0.39,-0.08
1783964812.273,10:46:52.273,0.90,0.42,-0.10
1783964812.7733,10:46:52.773,0.85,0.51,-0.12
1783964813.2737,10:46:53.273,0.80,0.58,-0.18
1783964813.7735,10:46:53.773,0.75,0.62,-0.22
1783964814.2729,10:46:54.272,0.76,0.61,-0.21
1783964814.7734,10:46:54.773,0.77,0.60,-0.22
1783964815.2734,10:46:55.273,0.82,0.53,-0.21
1783964815.7732,10:46:55.773,0.88,0.43,-0.17
1783964816.2733,10:46:56.273,0.94,0.33,-0.09
1783964816.7725,10:46:56.772,0.94,0.33,-0.06
1783964817.2717,10:46:57.271,0.95,0.32,-0.02
1783964817.7719,10:46:57.771,0.95,0.30,0.02
1783964818.2715,10:46:58.271,0.95,0.31,0.04
1783964818.7713,10:46:58.771,0.94,0.33,0.04
1783964819.272,10:46:59.272,0.94,0.33,0.04
1783964819.7716,10:46:59.771,0.93,0.36,0.04
1783964820.2706,10:47:00.270,0.91,0.42,0.01
1783964820.7709,10:47:00.770,0.91,0.42,0.02
1783964821.2705,10:47:01.270,0.92,0.40,0.04
1783964821.77,10:47:01.770,0.92,0.38,0.05
1783964822.2702,10:47:02.270,0.92,0.38,0.05
1783964822.7701,10:47:02.770,0.92,0.39,0.04
1783964823.2695,10:47:03.269,0.91,0.41,0.03
1783964823.7698,10:47:03.769,0.91,0.41,0.03
1783964824.2696,10:47:04.269,0.92,0.39,0.04
1783964824.7692,10:47:04.769,0.89,0.45,0.01
1783964825.2695,10:47:05.269,0.86,0.50,-0.03
1783964825.7693,10:47:05.769,0.86,0.50,-0.03
1783964826.269,10:47:06.269,0.87,0.50,-0.03
1783964826.7692,10:47:06.769,0.89,0.46,0.00
1783964827.2693,10:47:07.269,0.91,0.41,0.03
1783964827.7689,10:47:07.768,0.92,0.40,0.03
1783964828.2682,10:47:08.268,0.89,0.45,-0.05
1783964828.768,10:47:08.768,0.89,0.45,-0.08
1783964829.2673,10:47:09.267,0.87,0.47,-0.14
1783964829.7676,10:47:09.767,0.87,0.45,-0.19
1783964830.2678,10:47:10.267,0.92,0.37,-0.14
1783964830.7675,10:47:10.767,0.92,0.36,-0.13
1783964831.2673,10:47:11.267,0.90,0.41,-0.13
1783964831.7674,10:47:11.767,0.90,0.42,-0.10
1783964832.267,10:47:12.267,0.90,0.43,-0.07
1783964832.7666,10:47:12.766,0.92,0.39,-0.01
1783964833.2668,10:47:13.266,0.92,0.38,0.01
1783964833.766,10:47:13.766,0.93,0.38,0.03
1783964834.2659,10:47:14.265,0.94,0.34,0.05
1783964834.7665,10:47:14.766,0.95,0.31,0.06
1783964835.2668,10:47:15.266,0.95,0.31,0.06
1783964835.7666,10:47:15.766,0.92,0.39,0.00
1783964836.2663,10:47:16.266,0.92,0.40,0.00
1783964836.7658,10:47:16.765,0.91,0.41,0.00
1783964837.2653,10:47:17.265,0.94,0.34,0.06
1783964837.765,10:47:17.765,0.95,0.29,0.09
1783964838.2654,10:47:18.265,0.95,0.29,0.09
1783964838.7653,10:47:18.765,0.95,0.29,0.11
1783964839.2649,10:47:19.264,0.94,0.32,0.10
1783964839.7648,10:47:19.764,0.94,0.34,0.08
1783964840.2646,10:47:20.264,0.94,0.35,0.06
1783964840.7646,10:47:20.764,0.94,0.35,0.05
1783964841.2648,10:47:21.264,0.94,0.34,0.06
1783964841.7641,10:47:21.764,0.96,0.27,0.11
1783964842.2641,10:47:22.264,0.96,0.27,0.10
1783964842.7644,10:47:22.764,0.96,0.27,0.10
1783964843.2641,10:47:23.264,0.94,0.33,0.07
1783964843.7637,10:47:23.763,0.92,0.40,0.02
1783964844.2642,10:47:24.264,0.88,0.48,-0.06
1783964844.7635,10:47:24.763,0.85,0.52,-0.10
1783964845.2638,10:47:25.263,0.79,0.59,-0.17
1783964845.7636,10:47:25.763,0.79,0.59,-0.16
1783964846.2633,10:47:26.263,0.80,0.58,-0.18
1783964846.763,10:47:26.763,0.80,0.58,-0.18
1783964847.263,10:47:27.263,0.79,0.58,-0.18
1783964847.7625,10:47:27.762,0.80,0.58,-0.17
1783964848.2621,10:47:28.262,0.76,0.61,-0.20
1783964848.762,10:47:28.762,0.76,0.61,-0.20
1783964849.2615,10:47:29.261,0.77,0.60,-0.20
1783964849.7612,10:47:29.761,0.78,0.60,-0.20
1783964850.2616,10:47:30.261,0.77,0.61,-0.20
1783964850.7615,10:47:30.761,0.74,0.64,-0.22
1783964851.2605,10:47:31.260,0.73,0.64,-0.25
1783964851.7603,10:47:31.760,0.73,0.64,-0.24
1783964852.26,10:47:32.260,0.78,0.60,-0.19
1783964852.7592,10:47:32.759,0.78,0.61,-0.15
1783964853.2595,10:47:33.259,0.78,0.60,-0.15
1783964853.7601,10:47:33.760,0.85,0.52,-0.07
1783964854.2596,10:47:34.259,0.91,0.41,-0.01
1783964854.7596,10:47:34.759,0.92,0.38,-0.03
1783964855.2595,10:47:35.259,0.94,0.35,-0.01
1783964855.7586,10:47:35.758,0.94,0.34,0.00
1783964856.2588,10:47:36.258,0.93,0.36,-0.02
1783964856.7587,10:47:36.758,0.93,0.36,-0.03
1783964857.2581,10:47:37.258,0.93,0.37,-0.06
1783964857.7586,10:47:37.758,0.88,0.45,-0.16
1783964858.259,10:47:38.259,0.88,0.45,-0.18
1783964858.7589,10:47:38.758,0.88,0.43,-0.18
1783964859.2591,10:47:39.259,0.88,0.42,-0.21
1783964859.7592,10:47:39.759,0.88,0.43,-0.21
1783964860.2588,10:47:40.258,0.91,0.39,-0.15
1783964860.7586,10:47:40.758,0.91,0.39,-0.14
1783964861.2588,10:47:41.258,0.92,0.38,-0.13
1783964861.758,10:47:41.758,0.93,0.35,-0.11
1783964862.2575,10:47:42.257,0.94,0.34,-0.08
1783964862.7574,10:47:42.757,0.93,0.37,-0.08
1783964863.2573,10:47:43.257,0.92,0.39,-0.05
1783964863.7565,10:47:43.756,0.91,0.40,-0.06
1783964864.2571,10:47:44.257,0.90,0.43,-0.08
1783964864.7574,10:47:44.757,0.88,0.45,-0.10
1783964865.2566,10:47:45.256,0.88,0.47,-0.09
1783964865.7569,10:47:45.756,0.88,0.47,-0.09
1783964866.2567,10:47:46.256,0.88,0.46,-0.07
1783964866.7564,10:47:46.756,0.88,0.47,-0.07
1783964867.2564,10:47:47.256,0.87,0.48,-0.08
1783964867.7567,10:47:47.756,0.87,0.48,-0.09
1783964868.2559,10:47:48.255,0.86,0.50,-0.10
1783964868.7561,10:47:48.756,0.86,0.51,-0.09
1783964869.256,10:47:49.256,0.85,0.52,-0.11
1783964869.7554,10:47:49.755,0.85,0.52,-0.12
1783964870.2557,10:47:50.255,0.84,0.53,-0.11
1783964870.7555,10:47:50.755,0.81,0.57,-0.15
1783964871.255,10:47:51.255,0.79,0.59,-0.17
1783964871.7554,10:47:51.755,0.79,0.59,-0.17
1783964872.2553,10:47:52.255,0.81,0.57,-0.15
1783964872.7549,10:47:52.754,0.86,0.50,-0.09
1783964873.255,10:47:53.255,0.87,0.48,-0.08
1783964873.755,10:47:53.755,0.89,0.45,-0.07
1783964874.2546,10:47:54.254,0.90,0.42,-0.10
1783964874.7546,10:47:54.754,0.94,0.34,-0.03
1783964875.2544,10:47:55.254,0.96,0.26,0.06
1783964875.7545,10:47:55.754,0.96,0.26,0.06
1783964876.254,10:47:56.254,0.96,0.28,0.04
1783964876.7543,10:47:56.754,0.92,0.39,-0.06
1783964877.2539,10:47:57.253,0.92,0.38,-0.07
1783964877.7534,10:47:57.753,0.90,0.42,-0.09
1783964878.2536,10:47:58.253,0.89,0.44,-0.10
1783964878.7531,10:47:58.753,0.87,0.48,-0.13
1783964879.2525,10:47:59.252,0.86,0.50,-0.13
1783964879.7525,10:47:59.752,0.83,0.53,-0.16
1783964880.2522,10:48:00.252,0.82,0.54,-0.17
1783964880.7516,10:48:00.751,0.84,0.52,-0.17
1783964881.2519,10:48:01.251,0.84,0.52,-0.17
1783964881.7517,10:48:01.751,0.86,0.49,-0.13
1783964882.251,10:48:02.251,0.87,0.48,-0.12
1783964882.7516,10:48:02.751,0.87,0.48,-0.12
1783964883.2515,10:48:03.251,0.87,0.47,-0.14
1783964883.7513,10:48:03.751,0.88,0.46,-0.14
1783964884.2514,10:48:04.251,0.83,0.53,-0.16
1783964884.7513,10:48:04.751,0.83,0.54,-0.15
1783964885.2505,10:48:05.250,0.84,0.52,-0.12
1783964885.7506,10:48:05.750,0.84,0.52,-0.12
1783964886.2502,10:48:06.250,0.84,0.53,-0.13
1783964886.7499,10:48:06.749,0.81,0.57,-0.14
1783964887.2501,10:48:07.250,0.81,0.58,-0.14
1783964887.7504,10:48:07.750,0.80,0.58,-0.16
1783964888.2502,10:48:08.250,0.78,0.59,-0.18
1783964888.7501,10:48:08.750,0.79,0.59,-0.18
1783964889.2505,10:48:09.250,0.78,0.60,-0.17
1783964889.7496,10:48:09.749,0.82,0.55,-0.14
1783964890.2496,10:48:10.249,0.87,0.49,-0.09
1783964890.7498,10:48:10.749,0.89,0.44,-0.06
1783964891.2495,10:48:11.249,0.90,0.43,-0.06
1783964891.7491,10:48:11.749,0.85,0.51,-0.14
1783964892.2496,10:48:12.249,0.81,0.54,-0.21
1783964892.7494,10:48:12.749,0.81,0.53,-0.23
1783964893.2489,10:48:13.248,0.85,0.48,-0.23
1783964893.7491,10:48:13.749,0.89,0.41,-0.19
1783964894.2485,10:48:14.248,0.89,0.44,-0.16
1783964894.7482,10:48:14.748,0.87,0.47,-0.17
1783964895.248,10:48:15.248,0.83,0.52,-0.20
1783964895.7475,10:48:15.747,0.82,0.54,-0.19
1783964896.2469,10:48:16.246,0.81,0.56,-0.19
1783964896.7468,10:48:16.746,0.79,0.58,-0.20
1783964897.2464,10:48:17.246,0.79,0.58,-0.21
1783964897.7456,10:48:17.745,0.78,0.58,-0.21
1783964898.2453,10:48:18.245,0.78,0.59,-0.21
1783964898.7449,10:48:18.744,0.74,0.62,-0.24
1783964899.2442,10:48:19.244,0.76,0.61,-0.23
1783964899.7442,10:48:19.744,0.75,0.62,-0.23
1783964900.2443,10:48:20.244,0.72,0.64,-0.25
1783964900.7441,10:48:20.744,0.72,0.65,-0.24
1783964901.2446,10:48:21.244,0.77,0.62,-0.17
1783964901.7448,10:48:21.744,0.78,0.60,-0.16
1783964902.2446,10:48:22.244,0.83,0.55,-0.11
1783964902.7445,10:48:22.744,0.85,0.52,-0.10
1783964903.2451,10:48:23.245,0.87,0.49,-0.09
1783964903.745,10:48:23.745,0.88,0.47,-0.11
1783964904.2442,10:48:24.244,0.88,0.45,-0.15
1783964904.7443,10:48:24.744,0.89,0.44,-0.13
1783964905.2437,10:48:25.243,0.90,0.42,-0.10
1783964905.7433,10:48:25.743,0.91,0.41,-0.08
1783964906.2436,10:48:26.243,0.90,0.42,-0.09
1783964906.7432,10:48:26.743,0.89,0.43,-0.11
1783964907.2435,10:48:27.243,0.89,0.44,-0.13
1783964907.7433,10:48:27.743,0.88,0.44,-0.14
1783964908.2436,10:48:28.243,0.90,0.42,-0.10
1783964908.743,10:48:28.743,0.93,0.36,-0.03
1783964909.2431,10:48:29.243,0.93,0.37,-0.02
1783964909.7429,10:48:29.742,0.92,0.40,0.00
1783964910.2423,10:48:30.242,0.89,0.46,-0.06
1783964910.7428,10:48:30.742,0.87,0.49,-0.08
1783964911.2426,10:48:31.242,0.84,0.53,-0.11
1783964911.7421,10:48:31.742,0.84,0.53,-0.14
1783964912.2424,10:48:32.242,0.85,0.52,-0.13
1783964912.7427,10:48:32.742,0.84,0.53,-0.12
1783964913.2423,10:48:33.242,0.85,0.52,-0.12
1783964913.7424,10:48:33.742,0.84,0.52,-0.14
1783964914.2428,10:48:34.242,0.85,0.50,-0.14
1783964914.7423,10:48:34.742,0.85,0.50,-0.14
1783964915.2425,10:48:35.242,0.84,0.52,-0.13
1783964915.7423,10:48:35.742,0.84,0.53,-0.14
1783964916.2417,10:48:36.241,0.84,0.53,-0.12
1783964916.7414,10:48:36.741,0.86,0.50,-0.07
1783964917.241,10:48:37.241,0.93,0.37,0.02
1783964917.7406,10:48:37.740,0.93,0.35,0.01
1783964918.2405,10:48:38.240,0.96,0.29,0.04
1783964918.7403,10:48:38.740,0.96,0.28,0.03
1783964919.24,10:48:39.240,0.97,0.23,0.09
1783964919.7398,10:48:39.739,0.98,0.19,0.11
1783964920.2399,10:48:40.239,0.98,0.18,0.10
1783964920.7391,10:48:40.739,0.97,0.21,0.07
1783964921.2392,10:48:41.239,0.96,0.29,0.00
1783964921.7394,10:48:41.739,0.94,0.34,-0.06
1783964922.2387,10:48:42.238,0.92,0.38,-0.11
1783964922.7384,10:48:42.738,0.91,0.40,-0.12
1783964923.2386,10:48:43.238,0.84,0.50,-0.21
1783964923.7386,10:48:43.738,0.82,0.52,-0.24
1783964924.238,10:48:44.238,0.81,0.53,-0.23
1783964924.7382,10:48:44.738,0.84,0.50,-0.20
1783964925.238,10:48:45.238,0.84,0.52,-0.18
1783964925.7373,10:48:45.737,0.83,0.53,-0.18
1783964926.2376,10:48:46.237,0.82,0.54,-0.19
1783964926.7375,10:48:46.737,0.82,0.54,-0.19
1783964927.2372,10:48:47.237,0.85,0.50,-0.16
1783964927.7374,10:48:47.737,0.85,0.50,-0.15
1783964928.2369,10:48:48.236,0.86,0.49,-0.12
1783964928.7371,10:48:48.737,0.87,0.49,-0.10
1783964929.2374,10:48:49.237,0.89,0.46,-0.05
1783964929.7372,10:48:49.737,0.92,0.38,-0.01
1783964930.2367,10:48:50.236,0.95,0.32,0.01
1783964930.7373,10:48:50.737,0.95,0.30,0.01
1783964931.2369,10:48:51.236,0.94,0.33,0.00
1783964931.7363,10:48:51.736,0.94,0.33,0.05
1783964932.2363,10:48:52.236,0.94,0.32,0.05
1783964932.7362,10:48:52.736,0.95,0.32,0.02
1783964933.2356,10:48:53.235,0.93,0.37,-0.05
1783964933.7357,10:48:53.735,0.90,0.42,-0.12
1783964934.2356,10:48:54.235,0.90,0.43,-0.11
1783964934.7353,10:48:54.735,0.89,0.45,-0.11
1783964935.2353,10:48:55.235,0.89,0.45,-0.11
1783964935.7356,10:48:55.735,0.83,0.53,-0.17
1783964936.2349,10:48:56.234,0.82,0.54,-0.19
1783964936.7345,10:48:56.734,0.81,0.55,-0.21
1783964937.2348,10:48:57.234,0.82,0.53,-0.21
1783964937.734,10:48:57.734,0.83,0.52,-0.19
1783964938.2341,10:48:58.234,0.87,0.47,-0.14
1783964938.7341,10:48:58.734,0.86,0.49,-0.11
1783964939.2332,10:48:59.233,0.82,0.54,-0.16
1783964939.733,10:48:59.733,0.78,0.59,-0.19
1783964940.2329,10:49:00.232,0.78,0.60,-0.18
1783964940.732,10:49:00.732,0.80,0.57,-0.16
1783964941.2314,10:49:01.231,0.86,0.49,-0.10
1783964941.7319,10:49:01.731,0.89,0.45,-0.11
1783964942.2315,10:49:02.231,0.89,0.43,-0.11
1783964942.7308,10:49:02.730,0.94,0.33,-0.04
1783964943.2312,10:49:03.231,0.95,0.31,0.03
1783964943.7311,10:49:03.731,0.96,0.29,0.05
1783964944.2307,10:49:04.230,0.96,0.26,0.06
1783964944.7312,10:49:04.731,0.97,0.25,0.03
1783964945.2312,10:49:05.231,0.97,0.26,0.00
1783964945.7311,10:49:05.731,0.97,0.26,0.00
1783964946.2308,10:49:06.230,0.99,0.14,0.10
1783964946.7308,10:49:06.730,0.99,0.14,0.08
1783964947.2305,10:49:07.230,0.99,0.14,0.07
1783964947.7311,10:49:07.731,0.98,0.19,0.02
1783964948.2309,10:49:08.230,0.98,0.19,0.02
1783964948.7301,10:49:08.730,0.99,0.14,0.07
1783964949.2302,10:49:09.230,0.99,0.13,0.08
1783964949.73,10:49:09.730,0.99,0.08,0.12
1783964950.2296,10:49:10.229,0.99,0.08,0.12
1783964950.7295,10:49:10.729,0.98,0.17,0.05
1783964951.2297,10:49:11.229,0.95,0.30,-0.06
1783964951.7296,10:49:11.729,0.94,0.32,-0.09
1783964952.2292,10:49:12.229,0.94,0.31,-0.11
1783964952.7295,10:49:12.729,0.95,0.30,-0.10
1783964953.2293,10:49:13.229,0.96,0.27,-0.05
1783964953.7287,10:49:13.728,0.96,0.27,-0.05
1783964954.229,10:49:14.229,0.95,0.31,-0.09
1783964954.7282,10:49:14.728,0.95,0.31,-0.08
1783964955.2277,10:49:15.227,0.95,0.32,-0.08
1783964955.7281,10:49:15.728,0.94,0.33,-0.10
1783964956.2278,10:49:16.227,0.94,0.33,-0.11
1783964956.7274,10:49:16.727,0.93,0.33,-0.14
1783964957.2277,10:49:17.227,0.94,0.31,-0.14
1783964957.7269,10:49:17.726,0.94,0.32,-0.15
1783964958.2265,10:49:18.226,0.95,0.29,-0.12
1783964958.7266,10:49:18.726,0.96,0.27,-0.07
1783964959.2268,10:49:19.226,0.97,0.26,-0.03
1783964959.7265,10:49:19.726,0.97,0.24,-0.01
1783964960.2267,10:49:20.226,0.97,0.22,-0.03
1783964960.7267,10:49:20.726,0.98,0.21,-0.02
1783964961.2262,10:49:21.226,0.98,0.17,0.01
1783964961.7266,10:49:21.726,0.99,0.14,0.07
1783964962.2268,10:49:22.226,0.99,0.15,0.07
1783964962.7263,10:49:22.726,0.99,0.16,0.02
1783964963.2261,10:49:23.226,0.97,0.22,-0.03
1783964963.7263,10:49:23.726,0.95,0.29,-0.04
1783964964.2258,10:49:24.225,0.94,0.33,-0.06
1783964964.7256,10:49:24.725,0.94,0.34,-0.07
1783964965.2259,10:49:25.225,0.92,0.39,-0.07
1783964965.7253,10:49:25.725,0.92,0.39,-0.04
1783964966.2254,10:49:26.225,0.90,0.42,-0.07
1783964966.7254,10:49:26.725,0.91,0.41,-0.08
1783964967.2249,10:49:27.224,0.92,0.38,-0.08
1783964967.7247,10:49:27.724,0.93,0.36,-0.07
1783964968.2247,10:49:28.224,0.94,0.34,-0.06
1783964968.724,10:49:28.724,0.95,0.31,-0.08
1783964969.2234,10:49:29.223,0.95,0.31,-0.08
1783964969.7239,10:49:29.723,0.92,0.37,-0.11
1783964970.2233,10:49:30.223,0.93,0.35,-0.09
1783964970.723,10:49:30.723,0.93,0.34,-0.11
1783964971.223,10:49:31.223,0.95,0.29,-0.08
1783964971.7223,10:49:31.722,0.99,0.13,0.06
1783964972.2221,10:49:32.222,0.99,0.10,0.05
1783964972.7219,10:49:32.721,0.99,0.09,0.05
1783964973.222,10:49:33.222,0.98,0.17,0.00
1783964973.7214,10:49:33.721,0.98,0.19,0.03
1783964974.2213,10:49:34.221,0.98,0.22,0.03
1783964974.7219,10:49:34.721,0.97,0.26,0.03
1783964975.2216,10:49:35.221,0.94,0.35,-0.05
1783964975.7212,10:49:35.721,0.90,0.43,-0.11
1783964976.2217,10:49:36.221,0.84,0.52,-0.17
1783964976.7213,10:49:36.721,0.79,0.57,-0.22
1783964977.2214,10:49:37.221,0.77,0.59,-0.23
1783964977.7214,10:49:37.721,0.76,0.60,-0.24
1783964978.2206,10:49:38.220,0.75,0.61,-0.26
1783964978.7206,10:49:38.720,0.74,0.62,-0.27
1783964979.2202,10:49:39.220,0.74,0.62,-0.24
1783964979.7199,10:49:39.719,0.73,0.65,-0.23
1783964980.2201,10:49:40.220,0.73,0.65,-0.23
1783964980.7202,10:49:40.720,0.74,0.64,-0.22
1783964981.2198,10:49:41.219,0.76,0.61,-0.22
1783964981.72,10:49:41.720,0.77,0.60,-0.21
1783964982.2201,10:49:42.220,0.79,0.59,-0.18
1783964982.7197,10:49:42.719,0.83,0.55,-0.13
1783964983.2192,10:49:43.219,0.84,0.52,-0.13
1783964983.719,10:49:43.719,0.88,0.46,-0.11
1783964984.2188,10:49:44.218,0.94,0.34,-0.06
1783964984.7184,10:49:44.718,0.98,0.20,-0.04
1783964985.2183,10:49:45.218,0.98,0.17,-0.08
1783964985.7181,10:49:45.718,0.96,0.24,-0.14
1783964986.2177,10:49:46.217,0.93,0.30,-0.21
1783964986.7178,10:49:46.717,0.88,0.37,-0.30
1783964987.218,10:49:47.218,0.82,0.43,-0.38
1783964987.7175,10:49:47.717,0.82,0.43,-0.38
1783964988.2175,10:49:48.217,0.87,0.35,-0.33
1783964988.7175,10:49:48.717,0.93,0.28,-0.25
1783964989.2171,10:49:49.217,0.93,0.28,-0.25
1783964989.717,10:49:49.717,0.86,0.38,-0.34
1783964990.2174,10:49:50.217,0.87,0.38,-0.32
1783964990.7175,10:49:50.717,0.93,0.29,-0.21
1783964991.2177,10:49:51.217,0.95,0.26,-0.17
1783964991.7179,10:49:51.717,0.98,0.16,-0.09
1783964992.2174,10:49:52.217,0.99,0.12,-0.07
1783964992.7174,10:49:52.717,0.99,0.10,-0.04
1783964993.2171,10:49:53.217,0.99,0.10,-0.04
1783964993.7167,10:49:53.716,0.98,0.17,-0.12
1783964994.2164,10:49:54.216,0.93,0.29,-0.22
1783964994.7161,10:49:54.716,0.89,0.35,-0.29
1783964995.2162,10:49:55.216,0.85,0.41,-0.34
1783964995.716,10:49:55.716,0.83,0.42,-0.36
1783964996.2163,10:49:56.216,0.81,0.45,-0.38
1783964996.7157,10:49:56.715,0.81,0.45,-0.37
1783964997.2155,10:49:57.215,0.88,0.38,-0.29
1783964997.7152,10:49:57.715,0.94,0.29,-0.18
1783964998.2148,10:49:58.214,0.98,0.16,-0.06
1783964998.7147,10:49:58.714,1.00,0.06,0.04
1783964999.2147,10:49:59.214,1.00,0.06,0.06
1783964999.7142,10:49:59.714,1.00,0.06,0.07
1783965000.214,10:50:00.214,0.99,0.16,-0.02
1783965000.7147,10:50:00.714,0.95,0.26,-0.16
1783965001.2145,10:50:01.214,0.92,0.32,-0.23
1783965001.7137,10:50:01.713,0.90,0.34,-0.26
1783965002.2142,10:50:02.214,0.90,0.34,-0.27
1783965002.7142,10:50:02.714,0.90,0.34,-0.27
1783965003.2139,10:50:03.213,0.91,0.32,-0.26
1783965003.7141,10:50:03.714,0.91,0.32,-0.26
1783965004.214,10:50:04.214,0.93,0.28,-0.24
1783965004.7136,10:50:04.713,0.96,0.21,-0.16
1783965005.2137,10:50:05.213,0.99,0.13,-0.09
1783965005.7134,10:50:05.713,0.99,0.14,-0.08
1783965006.2125,10:50:06.212,0.99,0.14,-0.08
1783965006.7127,10:50:06.712,0.94,0.28,-0.21
1783965007.2127,10:50:07.212,0.94,0.28,-0.21
1783965007.7122,10:50:07.712,0.95,0.24,-0.18
1783965008.2122,10:50:08.212,0.96,0.24,-0.17
1783965008.7125,10:50:08.712,0.93,0.28,-0.22
1783965009.2113,10:50:09.211,0.90,0.34,-0.27
1783965009.7114,10:50:09.711,0.90,0.34,-0.27
1783965010.2116,10:50:10.211,0.91,0.33,-0.25
1783965010.7113,10:50:10.711,0.91,0.32,-0.24
1783965011.2111,10:50:11.211,0.89,0.35,-0.27
1783965011.7108,10:50:11.710,0.85,0.41,-0.33
1783965012.2106,10:50:12.210,0.77,0.48,-0.41
1783965012.71,10:50:12.710,0.77,0.48,-0.41
1783965013.2105,10:50:13.210,0.84,0.41,-0.34
1783965013.7099,10:50:13.709,0.88,0.38,-0.29
1783965014.2096,10:50:14.209,0.90,0.35,-0.25
1783965014.7098,10:50:14.709,0.99,0.16,-0.06
1783965015.2093,10:50:15.209,0.99,0.14,-0.03
1783965015.7087,10:50:15.708,0.99,0.14,-0.03
1783965016.209,10:50:16.209,0.96,0.26,-0.14
1783965016.7084,10:50:16.708,0.94,0.29,-0.18
1783965017.2078,10:50:17.207,0.90,0.36,-0.24
1783965017.7077,10:50:17.707,0.86,0.41,-0.29
1783965018.2075,10:50:18.207,0.84,0.44,-0.32
1783965018.7068,10:50:18.706,0.82,0.48,-0.32
1783965019.207,10:50:19.207,0.79,0.51,-0.32
1783965019.7071,10:50:19.707,0.79,0.51,-0.32
1783965020.2061,10:50:20.206,0.78,0.53,-0.35
1783965020.7068,10:50:20.706,0.78,0.52,-0.35
1783965021.2072,10:50:21.207,0.80,0.49,-0.34
1783965021.707,10:50:21.707,0.86,0.42,-0.28
1783965022.2073,10:50:22.207,0.87,0.42,-0.26
1783965022.7076,10:50:22.707,0.88,0.41,-0.25
1783965023.2073,10:50:23.207,0.94,0.29,-0.18
1783965023.7071,10:50:23.707,0.97,0.21,-0.12
1783965024.2068,10:50:24.206,0.97,0.21,-0.12
1783965024.7062,10:50:24.706,0.97,0.22,-0.12
1783965025.2061,10:50:25.206,0.96,0.23,-0.12
1783965025.7066,10:50:25.706,0.96,0.23,-0.12
1783965026.206,10:50:26.206,0.96,0.24,-0.15
1783965026.706,10:50:26.706,0.92,0.31,-0.23
1783965027.2058,10:50:27.205,0.91,0.33,-0.24
1783965027.7053,10:50:27.705,0.92,0.32,-0.23
1783965028.2051,10:50:28.205,0.95,0.27,-0.17
1783965028.7052,10:50:28.705,0.96,0.24,-0.15
1783965029.2044,10:50:29.204,0.96,0.24,-0.15
1783965029.704,10:50:29.704,0.96,0.25,-0.16
1783965030.2042,10:50:30.204,0.95,0.27,-0.18
1783965030.7044,10:50:30.704,0.95,0.27,-0.18
1783965031.2037,10:50:31.203,0.96,0.24,-0.16
1783965031.7039,10:50:31.703,0.97,0.21,-0.12
1783965032.2036,10:50:32.203,0.98,0.19,-0.10
1783965032.7026,10:50:32.702,0.97,0.19,-0.12
1783965033.2031,10:50:33.203,0.97,0.20,-0.12
1783965033.7031,10:50:33.703,0.96,0.22,-0.14
1783965034.2032,10:50:34.203,0.97,0.21,-0.15
1783965034.7032,10:50:34.703,0.96,0.22,-0.16
1783965035.2031,10:50:35.203,0.96,0.23,-0.17
1783965035.7023,10:50:35.702,0.97,0.21,-0.14
1783965036.2025,10:50:36.202,0.97,0.19,-0.12
1783965036.7022,10:50:36.702,0.98,0.19,-0.11
1783965037.2016,10:50:37.201,0.97,0.21,-0.12
1783965037.7021,10:50:37.702,0.95,0.26,-0.17
1783965038.2019,10:50:38.201,0.91,0.33,-0.24
1783965038.7014,10:50:38.701,0.90,0.34,-0.25
1783965039.2014,10:50:39.201,0.90,0.35,-0.26
1783965039.7012,10:50:39.701,0.95,0.26,-0.19
1783965040.2008,10:50:40.200,0.98,0.17,-0.11
1783965040.7008,10:50:40.700,0.99,0.12,-0.06
1783965041.2009,10:50:41.200,0.99,0.12,-0.05
1783965041.7005,10:50:41.700,0.99,0.16,-0.07
1783965042.2002,10:50:42.200,0.99,0.16,-0.06
1783965042.7007,10:50:42.700,0.98,0.17,-0.07
1783965043.2002,10:50:43.200,0.98,0.17,-0.07
1783965043.6996,10:50:43.699,0.98,0.19,-0.09
1783965044.1995,10:50:44.199,0.98,0.18,-0.09
1783965044.6991,10:50:44.699,0.98,0.17,-0.09
1783965045.1989,10:50:45.198,0.98,0.16,-0.06
1783965045.6992,10:50:45.699,0.99,0.16,-0.02
1783965046.199,10:50:46.199,0.99,0.14,0.04
1783965046.6989,10:50:46.698,0.99,0.16,0.05
1783965047.1991,10:50:47.199,0.96,0.28,-0.02
1783965047.6988,10:50:47.698,0.89,0.44,-0.13
1783965048.1982,10:50:48.198,0.84,0.52,-0.17
1783965048.6987,10:50:48.698,0.83,0.53,-0.16
1783965049.1985,10:50:49.198,0.84,0.53,-0.14
1783965049.6984,10:50:49.698,0.84,0.53,-0.12
1783965050.1986,10:50:50.198,0.81,0.56,-0.17
1783965050.6983,10:50:50.698,0.81,0.56,-0.17
1783965051.1976,10:50:51.197,0.85,0.51,-0.13
1783965051.6978,10:50:51.697,0.91,0.41,-0.04
1783965052.1983,10:50:52.198,0.91,0.41,-0.03
1783965052.6981,10:50:52.698,0.86,0.50,-0.10
1783965053.1978,10:50:53.197,0.84,0.54,-0.11
1783965053.6978,10:50:53.697,0.81,0.56,-0.15
1783965054.1973,10:50:54.197,0.76,0.62,-0.21
1783965054.6967,10:50:54.696,0.76,0.62,-0.21
1783965055.1965,10:50:55.196,0.75,0.63,-0.21
1783965055.6961,10:50:55.696,0.74,0.63,-0.22
1783965056.1957,10:50:56.195,0.73,0.64,-0.22
1783965056.6962,10:50:56.696,0.73,0.65,-0.22
1783965057.196,10:50:57.196,0.77,0.62,-0.18
1783965057.6959,10:50:57.695,0.87,0.49,-0.07
1783965058.196,10:50:58.196,0.93,0.38,0.00
1783965058.6955,10:50:58.695,0.96,0.27,0.06
1783965059.1955,10:50:59.195,0.97,0.25,0.04
1783965059.6954,10:50:59.695,0.97,0.25,0.01
1783965060.1952,10:51:00.195,0.92,0.37,-0.16
1783965060.6946,10:51:00.694,0.92,0.36,-0.18
1783965061.1947,10:51:01.194,0.88,0.41,-0.24
1783965061.6945,10:51:01.694,0.89,0.39,-0.22
1783965062.1938,10:51:02.193,0.90,0.38,-0.20
1783965062.6942,10:51:02.694,0.94,0.30,-0.14
1783965063.1942,10:51:03.194,0.95,0.28,-0.14
1783965063.6941,10:51:03.694,0.94,0.30,-0.17
1783965064.1946,10:51:04.194,0.94,0.29,-0.17
1783965064.6946,10:51:04.694,0.94,0.28,-0.18
1783965065.1943,10:51:05.194,0.94,0.28,-0.18
1783965065.6937,10:51:05.693,0.95,0.27,-0.18
1783965066.1943,10:51:06.194,0.94,0.28,-0.19
1783965066.6942,10:51:06.694,0.90,0.35,-0.27
1783965067.1945,10:51:07.194,0.90,0.35,-0.27
1783965067.6946,10:51:07.694,0.94,0.27,-0.19
1783965068.194,10:51:08.194,0.99,0.13,-0.06
1783965068.6943,10:51:08.694,0.99,0.13,-0.05
1783965069.1939,10:51:09.193,0.96,0.23,-0.16
1783965069.6928,10:51:09.692,0.94,0.27,-0.19
1783965070.1928,10:51:10.192,0.93,0.29,-0.21
1783965070.6926,10:51:10.692,0.90,0.34,-0.26
1783965071.192,10:51:11.192,0.81,0.46,-0.37
1783965071.6921,10:51:11.692,0.81,0.46,-0.36
1783965072.1923,10:51:12.192,0.85,0.42,-0.31
1783965072.6915,10:51:12.691,0.85,0.42,-0.31
1783965073.1912,10:51:13.191,0.82,0.45,-0.36
1783965073.6914,10:51:13.691,0.82,0.45,-0.36
1783965074.1911,10:51:14.191,0.79,0.48,-0.38
1783965074.6911,10:51:14.691,0.78,0.48,-0.39
1783965075.1914,10:51:15.191,0.85,0.41,-0.32
1783965075.6908,10:51:15.690,0.90,0.36,-0.26
1783965076.1903,10:51:16.190,0.93,0.30,-0.22
1783965076.6901,10:51:16.690,0.93,0.30,-0.21
1783965077.1895,10:51:17.189,0.95,0.27,-0.19
1783965077.6892,10:51:17.689,0.95,0.27,-0.19
1783965078.1898,10:51:18.189,0.94,0.27,-0.18
1783965078.6905,10:51:18.690,0.93,0.30,-0.21
1783965079.1901,10:51:19.190,0.95,0.26,-0.17
1783965079.6905,10:51:19.690,0.97,0.21,-0.12
1783965080.1903,10:51:20.190,0.99,0.13,-0.02
1783965080.6898,10:51:20.689,0.99,0.13,-0.03
1783965081.1896,10:51:21.189,0.99,0.14,-0.03
1783965081.6898,10:51:21.689,0.99,0.16,-0.05
1783965082.1888,10:51:22.188,0.99,0.16,-0.04
1783965082.6886,10:51:22.688,0.98,0.18,-0.07
1783965083.1889,10:51:23.188,0.98,0.18,-0.07
1783965083.6881,10:51:23.688,0.98,0.18,-0.07
1783965084.1876,10:51:24.187,0.94,0.30,-0.15
1783965084.6882,10:51:24.688,0.92,0.36,-0.16
1783965085.1879,10:51:25.187,0.91,0.38,-0.13
1783965085.6879,10:51:25.687,0.92,0.38,-0.12
1783965086.188,10:51:26.188,0.92,0.36,-0.15
1783965086.6876,10:51:26.687,0.98,0.18,-0.04
1783965087.1875,10:51:27.187,1.00,0.06,0.05
1783965087.6873,10:51:27.687,1.00,0.07,0.04
1783965088.1869,10:51:28.186,1.00,0.06,0.03
1783965088.6867,10:51:28.686,1.00,0.06,0.03
1783965089.1871,10:51:29.187,1.00,0.04,0.04
1783965089.6866,10:51:29.686,1.00,0.02,0.07
1783965090.1864,10:51:30.186,1.00,0.02,0.07
1783965090.6865,10:51:30.686,1.00,0.02,0.07
1783965091.1855,10:51:31.185,1.00,0.02,0.06
1783965091.6846,10:51:31.684,1.00,0.05,0.04
1783965092.185,10:51:32.185,1.00,0.05,0.03
1783965092.6845,10:51:32.684,1.00,0.05,0.01
1783965093.1843,10:51:33.184,0.97,0.20,-0.13
1783965093.6841,10:51:33.684,0.94,0.28,-0.20
1783965094.1837,10:51:34.183,0.88,0.38,-0.30
1783965094.6833,10:51:34.683,0.88,0.38,-0.30
1783965095.1834,10:51:35.183,0.88,0.38,-0.27
1783965095.6833,10:51:35.683,0.90,0.36,-0.26
1783965096.1832,10:51:36.183,0.90,0.35,-0.26
1783965096.683,10:51:36.683,0.92,0.32,-0.22
1783965097.1831,10:51:37.183,0.94,0.29,-0.18
1783965097.6829,10:51:37.682,0.97,0.22,-0.12
1783965098.1832,10:51:38.183,0.98,0.19,-0.08
1783965098.6833,10:51:38.683,0.99,0.13,-0.03
1783965099.1822,10:51:39.182,0.99,0.13,-0.03
1783965099.6821,10:51:39.682,0.99,0.15,-0.06
1783965100.1827,10:51:40.182,0.96,0.25,-0.16
1783965100.682,10:51:40.682,0.96,0.25,-0.16
1783965101.1814,10:51:41.181,0.95,0.27,-0.16
1783965101.6821,10:51:41.682,0.96,0.25,-0.15
1783965102.1818,10:51:42.181,0.96,0.25,-0.15
1783965102.6815,10:51:42.681,0.96,0.24,-0.14
1783965103.1814,10:51:43.181,0.96,0.24,-0.13
1783965103.6812,10:51:43.681,0.95,0.27,-0.17
1783965104.1808,10:51:44.180,0.95,0.27,-0.17
1783965104.6806,10:51:44.680,0.97,0.21,-0.12
1783965105.1803,10:51:45.180,0.98,0.20,-0.10
1783965105.6803,10:51:45.680,0.99,0.13,-0.03
1783965106.1808,10:51:46.180,0.99,0.13,-0.03
1783965106.6808,10:51:46.680,0.96,0.23,-0.14
1783965107.1807,10:51:47.180,0.92,0.32,-0.22
1783965107.6805,10:51:47.680,0.91,0.34,-0.25
1783965108.1806,10:51:48.180,0.93,0.31,-0.21
1783965108.6806,10:51:48.680,0.94,0.30,-0.17
1783965109.1805,10:51:49.180,0.95,0.26,-0.14
1783965109.6803,10:51:49.680,0.99,0.14,-0.03
1783965110.1797,10:51:50.179,0.99,0.14,-0.03
1783965110.68,10:51:50.680,0.98,0.18,-0.07
1783965111.18,10:51:51.180,0.98,0.18,-0.07
1783965111.6797,10:51:51.679,0.99,0.16,-0.06
1783965112.1797,10:51:52.179,0.99,0.16,-0.06
1783965112.68,10:51:52.680,0.99,0.16,-0.06
1783965113.1795,10:51:53.179,0.98,0.20,-0.07
1783965113.6798,10:51:53.679,0.98,0.20,-0.07
1783965114.1797,10:51:54.179,0.99,0.10,0.00
1783965114.679,10:51:54.679,0.99,0.10,0.00
1783965115.1786,10:51:55.178,0.99,0.14,-0.02
1783965115.6784,10:51:55.678,0.98,0.18,-0.06
1783965116.1783,10:51:56.178,0.97,0.23,-0.12
1783965116.6781,10:51:56.678,0.96,0.24,-0.13
1783965117.1786,10:51:57.178,0.96,0.24,-0.13
1783965117.678,10:51:57.678,0.96,0.24,-0.12
1783965118.1777,10:51:58.177,0.96,0.25,-0.13
1783965118.6775,10:51:58.677,0.96,0.25,-0.13
1783965119.1772,10:51:59.177,0.97,0.22,-0.11
1783965119.677,10:51:59.677,0.97,0.21,-0.11
1783965120.1773,10:52:00.177,0.94,0.29,-0.18
1783965120.6767,10:52:00.676,0.94,0.29,-0.18
1783965121.1763,10:52:01.176,0.97,0.23,-0.12
1783965121.6764,10:52:01.676,0.97,0.22,-0.12
1783965122.1764,10:52:02.176,0.94,0.30,-0.18
1783965122.6759,10:52:02.675,0.91,0.34,-0.22
1783965123.1759,10:52:03.175,0.92,0.33,-0.20
1783965123.676,10:52:03.676,0.93,0.32,-0.18
1783965124.1758,10:52:04.175,0.94,0.31,-0.17
1783965124.6761,10:52:04.676,0.94,0.31,-0.17
1783965125.1761,10:52:05.176,0.95,0.28,-0.14
1783965125.6754,10:52:05.675,0.94,0.28,-0.17
1783965126.1754,10:52:06.175,0.95,0.27,-0.16
1783965126.6755,10:52:06.675,0.96,0.23,-0.13
1783965127.1748,10:52:07.174,1.00,0.10,0.00
1783965127.6748,10:52:07.674,1.00,0.08,0.01
1783965128.1749,10:52:08.174,1.00,0.08,0.01
1783965128.6743,10:52:08.674,1.00,0.08,0.01
1783965129.1742,10:52:09.174,0.96,0.24,-0.12
1783965129.6741,10:52:09.674,0.96,0.23,-0.14
1783965130.1734,10:52:10.173,0.95,0.27,-0.18
1783965130.6734,10:52:10.673,0.95,0.27,-0.18
1783965131.1734,10:52:11.173,0.93,0.30,-0.19
1783965131.6732,10:52:11.673,0.95,0.28,-0.16
1783965132.173,10:52:12.173,0.98,0.20,-0.08
1783965132.6727,10:52:12.672,0.98,0.20,-0.08
1783965133.1719,10:52:13.171,0.98,0.19,-0.08
1783965133.6716,10:52:13.671,0.98,0.20,-0.08
1783965134.1718,10:52:14.171,0.99,0.16,-0.05
1783965134.6713,10:52:14.671,0.98,0.19,-0.08
1783965135.1711,10:52:15.171,0.98,0.19,-0.08
1783965135.6716,10:52:15.671,0.98,0.19,-0.08
1783965136.1716,10:52:16.171,0.99,0.16,-0.06
1783965136.6711,10:52:16.671,0.99,0.16,-0.06
1783965137.1709,10:52:17.170,0.97,0.23,-0.12
1783965137.6701,10:52:17.670,0.97,0.23,-0.12
1783965138.1694,10:52:18.169,0.97,0.23,-0.12
1783965138.6696,10:52:18.669,0.96,0.25,-0.15
1783965139.1699,10:52:19.169,0.94,0.29,-0.17
1783965139.6695,10:52:19.669,0.95,0.27,-0.15
1783965140.1698,10:52:20.169,0.95,0.28,-0.15
1783965140.6696,10:52:20.669,0.95,0.27,-0.14
1783965141.1693,10:52:21.169,0.97,0.21,-0.08
1783965141.6695,10:52:21.669,0.97,0.21,-0.09
1783965142.1695,10:52:22.169,0.97,0.21,-0.09
1783965142.6689,10:52:22.668,0.99,0.13,-0.02
1783965143.1691,10:52:23.169,0.99,0.13,-0.02
1783965143.6686,10:52:23.668,0.98,0.19,-0.08
1783965144.1682,10:52:24.168,0.98,0.21,-0.08
1783965144.6679,10:52:24.667,0.98,0.20,-0.08
1783965145.1681,10:52:25.168,0.97,0.21,-0.11
1783965145.6674,10:52:25.667,0.95,0.27,-0.15
1783965146.1674,10:52:26.167,0.95,0.27,-0.15
1783965146.6679,10:52:26.667,0.95,0.27,-0.15
1783965147.1675,10:52:27.167,0.94,0.29,-0.16
1783965147.667,10:52:27.667,0.89,0.38,-0.24
1783965148.1671,10:52:28.167,0.89,0.38,-0.25
1783965148.667,10:52:28.667,0.95,0.26,-0.14
1783965149.167,10:52:29.167,0.95,0.26,-0.14
1783965149.6672,10:52:29.667,0.95,0.27,-0.14
1783965150.1669,10:52:30.166,0.95,0.27,-0.14
1783965150.6663,10:52:30.666,0.99,0.17,-0.03
1783965151.167,10:52:31.167,0.98,0.18,-0.02
1783965151.6668,10:52:31.666,0.97,0.24,-0.05
1783965152.1661,10:52:32.166,0.97,0.25,-0.04
1783965152.6665,10:52:32.666,0.97,0.23,-0.04
1783965153.1664,10:52:33.166,0.97,0.23,-0.03
1783965153.6658,10:52:33.665,0.95,0.29,-0.11
1783965154.1658,10:52:34.165,0.95,0.29,-0.12
1783965154.6662,10:52:34.666,0.98,0.21,-0.05
1783965155.1652,10:52:35.165,0.98,0.21,-0.05
1783965155.6653,10:52:35.665,0.98,0.21,-0.07
1783965156.1653,10:52:36.165,0.98,0.21,-0.06
1783965156.6652,10:52:36.665,0.98,0.17,-0.01
1783965157.1652,10:52:37.165,0.99,0.17,0.00
1783965157.6653,10:52:37.665,0.97,0.23,-0.04
1783965158.1645,10:52:38.164,0.98,0.22,-0.02
1783965158.6647,10:52:38.664,0.98,0.19,0.01
1783965159.1642,10:52:39.164,0.99,0.13,0.06
1783965159.6634,10:52:39.663,0.99,0.12,0.03
1783965160.1635,10:52:40.163,0.99,0.12,0.03
1783965160.6629,10:52:40.662,1.00,0.05,0.09
1783965161.1624,10:52:41.162,1.00,0.05,0.08
1783965161.6626,10:52:41.662,0.99,0.10,0.05
1783965162.1629,10:52:42.162,0.96,0.26,-0.06
1783965162.6623,10:52:42.662,0.96,0.26,-0.06
1783965163.1622,10:52:43.162,0.98,0.17,-0.01
1783965163.662,10:52:43.662,0.99,0.16,-0.01
1783965164.1615,10:52:44.161,0.99,0.15,-0.02
1783965164.6609,10:52:44.660,1.00,0.05,0.09
1783965165.1609,10:52:45.160,1.00,0.05,0.09
1783965165.6606,10:52:45.660,0.99,0.10,0.04
1783965166.1602,10:52:46.160,0.99,0.10,0.04
1783965166.6609,10:52:46.660,0.99,0.10,0.04
1783965167.1611,10:52:47.161,0.99,0.12,0.02
1783965167.6606,10:52:47.660,0.99,0.12,0.01
1783965168.1606,10:52:48.160,1.00,0.07,0.05
1783965168.6608,10:52:48.660,1.00,0.07,0.04
1783965169.1608,10:52:49.160,1.00,0.06,0.04
1783965169.6612,10:52:49.661,1.00,0.07,0.03
1783965170.1609,10:52:50.160,1.00,0.06,0.05
1783965170.6603,10:52:50.660,1.00,0.05,0.06
1783965171.1606,10:52:51.160,1.00,0.04,0.05
1783965171.6598,10:52:51.659,1.00,0.02,0.08
1783965172.1593,10:52:52.159,1.00,0.03,0.08
1783965172.6595,10:52:52.659,1.00,0.02,0.07
1783965173.1598,10:52:53.159,1.00,0.02,0.07
1783965173.6592,10:52:53.659,1.00,0.07,0.05
1783965174.1592,10:52:54.159,1.00,0.07,0.04
1783965174.6588,10:52:54.658,1.00,0.07,0.05
1783965175.1582,10:52:55.158,1.00,0.03,0.07
1783965175.6581,10:52:55.658,1.00,0.03,0.07
1783965176.1577,10:52:56.157,1.00,0.02,0.07
1783965176.6572,10:52:56.657,1.00,0.01,0.08
1783965177.157,10:52:57.157,0.98,-0.09,0.17
1783965177.6573,10:52:57.657,0.98,-0.09,0.17
1783965178.157,10:52:58.157,0.98,-0.09,0.18
1783965178.6569,10:52:58.656,0.99,-0.05,0.15
1783965179.1567,10:52:59.156,0.99,-0.02,0.13
1783965179.6565,10:52:59.656,0.99,-0.01,0.13
1783965180.1565,10:53:00.156,0.99,-0.01,0.12
1783965180.6563,10:53:00.656,0.99,-0.02,0.13
1783965181.1564,10:53:01.156,0.99,-0.02,0.13
1783965181.6558,10:53:01.655,0.99,-0.04,0.15
1783965182.1563,10:53:02.156,0.99,-0.04,0.14
1783965182.6559,10:53:02.655,0.99,-0.04,0.14
1783965183.1556,10:53:03.155,0.98,-0.07,0.17
1783965183.6558,10:53:03.655,0.98,-0.08,0.17
1783965184.1556,10:53:04.155,0.98,-0.08,0.17
1783965184.6552,10:53:04.655,0.99,-0.05,0.15
1783965185.1552,10:53:05.155,0.99,-0.01,0.12
1783965185.6551,10:53:05.655,0.99,0.02,0.10
1783965186.1549,10:53:06.154,1.00,0.04,0.08
1783965186.6552,10:53:06.655,1.00,0.04,0.08
1783965187.1549,10:53:07.154,1.00,0.04,0.09
1783965187.6544,10:53:07.654,0.99,0.02,0.11
1783965188.1544,10:53:08.154,0.99,0.00,0.12
1783965188.6543,10:53:08.654,0.99,0.00,0.11
1783965189.1539,10:53:09.153,0.99,0.01,0.11
1783965189.654,10:53:09.654,0.99,0.00,0.11
1783965190.1538,10:53:10.153,1.00,0.03,0.08
1783965190.6532,10:53:10.653,1.00,0.03,0.07
1783965191.1535,10:53:11.153,0.95,0.28,-0.11
1783965191.6537,10:53:11.653,0.86,0.46,-0.22
1783965192.1529,10:53:12.152,0.81,0.53,-0.24
1783965192.6529,10:53:12.652,0.80,0.55,-0.23
1783965193.153,10:53:13.153,0.80,0.57,-0.20
1783965193.653,10:53:13.653,0.79,0.58,-0.20
1783965194.1531,10:53:14.153,0.75,0.62,-0.21
1783965194.6529,10:53:14.652,0.75,0.63,-0.21
1783965195.1526,10:53:15.152,0.76,0.62,-0.20
1783965195.6518,10:53:15.651,0.80,0.58,-0.16
1783965196.1522,10:53:16.152,0.84,0.53,-0.11
1783965196.6521,10:53:16.652,0.86,0.51,-0.07
1783965197.1515,10:53:17.151,0.87,0.50,-0.07
1783965197.652,10:53:17.652,0.87,0.49,-0.08
1783965198.1518,10:53:18.151,0.90,0.43,-0.03
1783965198.6515,10:53:18.651,0.96,0.28,0.09
1783965199.1515,10:53:19.151,0.95,0.29,0.09
1783965199.6514,10:53:19.651,0.95,0.29,0.09
1783965200.151,10:53:20.151,0.95,0.29,0.09
1783965200.6515,10:53:20.651,0.95,0.28,0.10
1783965201.1513,10:53:21.151,0.96,0.24,0.13
1783965201.6509,10:53:21.650,0.96,0.22,0.15
1783965202.1506,10:53:22.150,0.96,0.21,0.16
1783965202.6506,10:53:22.650,0.96,0.21,0.17
1783965203.1499,10:53:23.149,0.95,0.29,0.11
1783965203.6497,10:53:23.649,0.92,0.38,0.05
1783965204.1496,10:53:24.149,0.86,0.51,-0.07
1783965204.649,10:53:24.649,0.86,0.51,-0.07
1783965205.1491,10:53:25.149,0.88,0.47,-0.05
1783965205.6487,10:53:25.648,0.88,0.47,-0.05
1783965206.1484,10:53:26.148,0.81,0.57,-0.13
1783965206.6484,10:53:26.648,0.73,0.65,-0.21
1783965207.1483,10:53:27.148,0.72,0.66,-0.21
1783965207.6476,10:53:27.647,0.71,0.66,-0.23
1783965208.1477,10:53:28.147,0.78,0.60,-0.16
1783965208.6482,10:53:28.648,0.87,0.49,-0.05
1783965209.1476,10:53:29.147,0.92,0.39,0.02
1783965209.6475,10:53:29.647,0.95,0.31,0.07
1783965210.1477,10:53:30.147,0.95,0.31,0.06
1783965210.6474,10:53:30.647,0.89,0.45,-0.06
1783965211.1474,10:53:31.147,0.87,0.48,-0.08
1783965211.6479,10:53:31.647,0.87,0.48,-0.10
1783965212.1469,10:53:32.146,0.92,0.40,-0.02
1783965212.6468,10:53:32.646,0.94,0.34,0.03
1783965213.1472,10:53:33.147,0.95,0.32,0.04
1783965213.647,10:53:33.647,0.95,0.33,0.04
1783965214.1463,10:53:34.146,0.93,0.36,0.01
1783965214.6465,10:53:34.646,0.93,0.36,0.03
1783965215.1464,10:53:35.146,0.93,0.37,0.04
1783965215.646,10:53:35.646,0.93,0.37,0.03
1783965216.1459,10:53:36.145,0.91,0.43,0.00
1783965216.6459,10:53:36.645,0.86,0.51,-0.07
1783965217.1456,10:53:37.145,0.78,0.60,-0.15
1783965217.6451,10:53:37.645,0.78,0.61,-0.14
1783965218.1448,10:53:38.144,0.81,0.58,-0.11
1783965218.6444,10:53:38.644,0.84,0.53,-0.07
1783965219.1448,10:53:39.144,0.85,0.53,-0.06
1783965219.6451,10:53:39.645,0.86,0.51,-0.06
1783965220.1445,10:53:40.144,0.86,0.51,-0.05
1783965220.6448,10:53:40.644,0.87,0.49,-0.04
1783965221.1444,10:53:41.144,0.89,0.46,-0.02
1783965221.6439,10:53:41.643,0.92,0.40,0.01
1783965222.1437,10:53:42.143,0.93,0.35,0.06
1783965222.6438,10:53:42.643,0.93,0.36,0.05
1783965223.1432,10:53:43.143,0.91,0.41,0.00
1783965223.6435,10:53:43.643,0.86,0.51,-0.07
1783965224.1435,10:53:44.143,0.81,0.57,-0.15
1783965224.6429,10:53:44.642,0.79,0.59,-0.17
1783965225.143,10:53:45.143,0.78,0.60,-0.17
1783965225.6429,10:53:45.642,0.75,0.63,-0.20
1783965226.1422,10:53:46.142,0.73,0.65,-0.21
1783965226.642,10:53:46.642,0.73,0.65,-0.21
1783965227.1425,10:53:47.142,0.75,0.63,-0.20
1783965227.6428,10:53:47.642,0.81,0.57,-0.14
1783965228.1423,10:53:48.142,0.81,0.56,-0.14
1783965228.6425,10:53:48.642,0.83,0.55,-0.10
1783965229.1422,10:53:49.142,0.87,0.49,-0.04
1783965229.6415,10:53:49.641,0.90,0.43,0.01
1783965230.1416,10:53:50.141,0.90,0.43,0.01
1783965230.6413,10:53:50.641,0.85,0.52,-0.07
1783965231.1409,10:53:51.140,0.84,0.54,-0.08
1783965231.641,10:53:51.641,0.83,0.55,-0.09
1783965232.1411,10:53:52.141,0.80,0.59,-0.14
1783965232.6408,10:53:52.640,0.80,0.58,-0.15
1783965233.1408,10:53:53.140,0.80,0.58,-0.17
1783965233.6411,10:53:53.641,0.95,0.32,0.04
1783965234.1405,10:53:54.140,0.96,0.29,0.06
1783965234.6406,10:53:54.640,0.96,0.29,0.07
1783965235.1402,10:53:55.140,0.91,0.41,-0.03
1783965235.6394,10:53:55.639,0.85,0.51,-0.11
1783965236.1401,10:53:56.140,0.79,0.59,-0.16
1783965236.6401,10:53:56.640,0.78,0.60,-0.17
1783965237.1393,10:53:57.139,0.74,0.65,-0.21
1783965237.6395,10:53:57.639,0.72,0.66,-0.21
1783965238.1398,10:53:58.139,0.72,0.66,-0.21
1783965238.6392,10:53:58.639,0.75,0.64,-0.19
1783965239.1393,10:53:59.139,0.75,0.63,-0.19
1783965239.6393,10:53:59.639,0.74,0.64,-0.21
1783965240.1383,10:54:00.138,0.74,0.64,-0.21
1783965240.6381,10:54:00.638,0.74,0.64,-0.20
1783965241.1386,10:54:01.138,0.73,0.65,-0.21
1783965241.6382,10:54:01.638,0.69,0.69,-0.24
1783965242.1384,10:54:02.138,0.68,0.69,-0.26
1783965242.6381,10:54:02.638,0.67,0.70,-0.25
1783965243.1377,10:54:03.137,0.67,0.70,-0.25
1783965243.6374,10:54:03.637,0.70,0.68,-0.24
1783965244.1376,10:54:04.137,0.76,0.61,-0.21
1783965244.6373,10:54:04.637,0.85,0.50,-0.15
1783965245.1369,10:54:05.136,0.92,0.38,-0.04
1783965245.6372,10:54:05.637,0.92,0.38,-0.04
1783965246.1368,10:54:06.136,0.91,0.42,-0.06
1783965246.6361,10:54:06.636,0.89,0.45,-0.06
1783965247.1361,10:54:07.136,0.88,0.47,-0.08
1783965247.6362,10:54:07.636,0.86,0.50,-0.10
1783965248.1354,10:54:08.135,0.81,0.57,-0.15
1783965248.6354,10:54:08.635,0.79,0.60,-0.16
1783965249.1351,10:54:09.135,0.79,0.60,-0.16
1783965249.6343,10:54:09.634,0.78,0.61,-0.17
1783965250.1346,10:54:10.134,0.79,0.59,-0.13
1783965250.6346,10:54:10.634,0.81,0.57,-0.12
1783965251.1343,10:54:11.134,0.80,0.58,-0.13
1783965251.6341,10:54:11.634,0.81,0.57,-0.12
1783965252.1346,10:54:12.134,0.81,0.57,-0.12
1783965252.6336,10:54:12.633,0.85,0.53,-0.07
1783965253.1335,10:54:13.133,0.85,0.53,-0.07
1783965253.6336,10:54:13.633,0.84,0.54,-0.07
1783965254.1333,10:54:14.133,0.84,0.54,-0.08
1783965254.6333,10:54:14.633,0.81,0.57,-0.11
1783965255.1331,10:54:15.133,0.81,0.57,-0.11
1783965255.6324,10:54:15.632,0.78,0.61,-0.14
1783965256.1324,10:54:16.132,0.78,0.61,-0.14
1783965256.6329,10:54:16.632,0.78,0.61,-0.14
1783965257.1325,10:54:17.132,0.80,0.59,-0.12
1783965257.6322,10:54:17.632,0.81,0.57,-0.11
1783965258.1324,10:54:18.132,0.81,0.57,-0.11
1783965258.6325,10:54:18.632,0.77,0.61,-0.16
1783965259.1323,10:54:19.132,0.76,0.62,-0.17
1783965259.6319,10:54:19.631,0.76,0.63,-0.18
1783965260.1318,10:54:20.131,0.76,0.63,-0.16
1783965260.6314,10:54:20.631,0.75,0.64,-0.17
1783965261.1317,10:54:21.131,0.72,0.67,-0.19
1783965261.6315,10:54:21.631,0.72,0.67,-0.19
1783965262.1312,10:54:22.131,0.76,0.63,-0.17
1783965262.631,10:54:22.631,0.78,0.60,-0.15
1783965263.1311,10:54:23.131,0.77,0.62,-0.17
1783965263.6305,10:54:23.630,0.73,0.65,-0.20
1783965264.1302,10:54:24.130,0.74,0.64,-0.18
1783965264.6306,10:54:24.630,0.78,0.61,-0.14
1783965265.1303,10:54:25.130,0.82,0.57,-0.11
1783965265.6305,10:54:25.630,0.82,0.57,-0.11
1783965266.1305,10:54:26.130,0.76,0.62,-0.17
1783965266.6302,10:54:26.630,0.70,0.67,-0.22
1783965267.1304,10:54:27.130,0.65,0.72,-0.25
1783965267.6302,10:54:27.630,0.65,0.71,-0.25
1783965268.1296,10:54:28.129,0.66,0.71,-0.26
1783965268.6297,10:54:28.629,0.70,0.67,-0.22
1783965269.1295,10:54:29.129,0.71,0.66,-0.22
1783965269.6288,10:54:29.628,0.71,0.66,-0.22
1783965270.1288,10:54:30.128,0.71,0.67,-0.23
1783965270.6289,10:54:30.628,0.71,0.67,-0.23
1783965271.1287,10:54:31.128,0.74,0.64,-0.20
1783965271.6282,10:54:31.628,0.75,0.64,-0.19
1783965272.1284,10:54:32.128,0.72,0.66,-0.22
1783965272.6282,10:54:32.628,0.72,0.66,-0.23
1783965273.1279,10:54:33.127,0.75,0.62,-0.21
1783965273.6281,10:54:33.628,0.84,0.54,-0.12
1783965274.1278,10:54:34.127,0.85,0.51,-0.12
1783965274.6272,10:54:34.627,0.84,0.51,-0.17
1783965275.1275,10:54:35.127,0.91,0.39,-0.12
1783965275.6271,10:54:35.627,0.96,0.28,-0.07
1783965276.1264,10:54:36.126,0.99,0.12,0.04
1783965276.6268,10:54:36.626,0.99,0.11,0.03
1783965277.1265,10:54:37.126,0.99,0.16,0.00
1783965277.6263,10:54:37.626,0.98,0.19,-0.03
1783965278.1264,10:54:38.126,0.98,0.19,-0.03
1783965278.6258,10:54:38.625,0.98,0.19,-0.03
1783965279.125,10:54:39.125,0.98,0.18,-0.04
1783965279.6255,10:54:39.625,1.00,0.05,0.08
1783965280.1257,10:54:40.125,0.99,-0.02,0.15
1783965280.625,10:54:40.625,0.99,-0.02,0.15
1783965281.1252,10:54:41.125,0.99,0.00,0.13
1783965281.6255,10:54:41.625,0.99,-0.01,0.12
1783965282.1249,10:54:42.124,0.99,0.00,0.13
1783965282.6248,10:54:42.624,0.99,0.00,0.13
1783965283.1246,10:54:43.124,1.00,0.06,0.08
1783965283.6242,10:54:43.624,1.00,0.08,0.05
1783965284.1244,10:54:44.124,0.99,0.11,0.01
1783965284.6248,10:54:44.624,0.99,0.12,0.00
1783965285.1247,10:54:45.124,0.98,0.19,-0.05
1783965285.6247,10:54:45.624,0.94,0.30,-0.13
1783965286.125,10:54:46.125,0.95,0.31,-0.09
1783965286.624,10:54:46.624,0.97,0.23,-0.01
1783965287.1241,10:54:47.124,0.97,0.25,0.00
1783965287.6241,10:54:47.624,0.96,0.30,-0.01
1783965288.1234,10:54:48.123,0.94,0.33,-0.02
1783965288.6234,10:54:48.623,0.89,0.44,-0.11
1783965289.1237,10:54:49.123,0.87,0.48,-0.12
1783965289.6233,10:54:49.623,0.87,0.48,-0.12
1783965290.1229,10:54:50.122,0.87,0.48,-0.11
1783965290.623,10:54:50.623,0.87,0.49,-0.09
1783965291.123,10:54:51.123,0.89,0.46,-0.08
1783965291.6227,10:54:51.622,0.91,0.42,-0.08
1783965292.1231,10:54:52.123,0.91,0.40,-0.10
1783965292.6224,10:54:52.622,0.96,0.27,-0.02
1783965293.122,10:54:53.122,0.99,0.13,0.06
1783965293.6221,10:54:53.622,0.99,0.13,0.06
1783965294.1215,10:54:54.121,0.97,0.24,0.00
1783965294.6212,10:54:54.621,0.95,0.30,-0.04
1783965295.1214,10:54:55.121,0.95,0.32,-0.05
1783965295.6212,10:54:55.621,0.94,0.33,-0.05
1783965296.1208,10:54:56.120,0.94,0.35,-0.05
1783965296.6209,10:54:56.620,0.97,0.22,0.07
1783965297.1207,10:54:57.120,0.97,0.22,0.07
1783965297.6207,10:54:57.620,0.96,0.29,0.02
1783965298.121,10:54:58.121,0.94,0.33,0.00
1783965298.6207,10:54:58.620,0.94,0.34,0.00
1783965299.1205,10:54:59.120,0.95,0.31,0.03
1783965299.6198,10:54:59.619,0.95,0.31,0.02
1783965300.1201,10:55:00.120,0.93,0.36,-0.03
1783965300.62,10:55:00.620,0.92,0.40,-0.07
1783965301.1197,10:55:01.119,0.88,0.46,-0.13
1783965301.6197,10:55:01.619,0.88,0.46,-0.13
1783965302.1192,10:55:02.119,0.88,0.47,-0.11
1783965302.619,10:55:02.619,0.90,0.43,-0.06
1783965303.1192,10:55:03.119,0.90,0.44,-0.06
1783965303.6185,10:55:03.618,0.89,0.45,-0.06
1783965304.1187,10:55:04.118,0.92,0.39,-0.01
1783965304.6186,10:55:04.618,0.94,0.34,0.03
1783965305.118,10:55:05.118,0.94,0.33,0.04
1783965305.6181,10:55:05.618,0.97,0.25,0.05
1783965306.1187,10:55:06.118,0.98,0.18,0.07
1783965306.6188,10:55:06.618,0.98,0.18,0.08
1783965307.118,10:55:07.118,0.98,0.18,0.06
1783965307.6183,10:55:07.618,0.99,0.15,0.08
1783965308.1177,10:55:08.117,0.99,0.14,0.06
1783965308.6172,10:55:08.617,0.98,0.22,-0.04
1783965309.1173,10:55:09.117,0.97,0.22,-0.05
1783965309.6174,10:55:09.617,0.99,0.10,0.04
1783965310.1169,10:55:10.116,0.99,0.00,0.11
1783965310.6167,10:55:10.616,0.99,0.00,0.12
1783965311.1172,10:55:11.117,1.00,0.04,0.08
1783965311.6168,10:55:11.616,1.00,0.04,0.07
1783965312.1168,10:55:12.116,0.99,-0.01,0.12
1783965312.6166,10:55:12.616,0.99,-0.03,0.14
1783965313.1163,10:55:13.116,0.99,-0.03,0.14
1783965313.6163,10:55:13.616,0.99,-0.04,0.14
1783965314.1164,10:55:14.116,0.99,-0.04,0.14
1783965314.6154,10:55:14.615,0.99,-0.04,0.14
1783965315.1157,10:55:15.115,0.99,-0.02,0.11
1783965315.6161,10:55:15.616,0.99,-0.01,0.12
1783965316.1153,10:55:16.115,1.00,0.06,0.06
1783965316.6145,10:55:16.614,0.99,0.15,0.00
1783965317.1145,10:55:17.114,0.98,0.22,-0.02
1783965317.6139,10:55:17.613,0.96,0.27,-0.03
1783965318.1135,10:55:18.113,0.93,0.35,-0.08
1783965318.6138,10:55:18.613,0.90,0.43,-0.10
1783965319.1132,10:55:19.113,0.87,0.48,-0.13
1783965319.6131,10:55:19.613,0.86,0.49,-0.11
1783965320.1131,10:55:20.113,0.90,0.43,-0.04
1783965320.6126,10:55:20.612,0.90,0.43,-0.04
1783965321.112,10:55:21.112,0.88,0.47,-0.04
1783965321.6125,10:55:21.612,0.86,0.51,-0.08
1783965322.1117,10:55:22.111,0.83,0.55,-0.11
1783965322.6113,10:55:22.611,0.83,0.55,-0.11
1783965323.1118,10:55:23.111,0.83,0.55,-0.11
1783965323.6119,10:55:23.611,0.83,0.55,-0.11
1783965324.1114,10:55:24.111,0.80,0.59,-0.13
1783965324.6111,10:55:24.611,0.76,0.63,-0.16
1783965325.1114,10:55:25.111,0.77,0.62,-0.16
1783965325.611,10:55:25.611,0.84,0.53,-0.08
1783965326.1115,10:55:26.111,0.87,0.49,-0.04
1783965326.6111,10:55:26.611,0.88,0.48,-0.01
1783965327.1106,10:55:27.110,0.88,0.47,0.00
1783965327.6109,10:55:27.610,0.87,0.50,-0.03
1783965328.1115,10:55:28.111,0.81,0.58,-0.11
1783965328.6104,10:55:28.610,0.80,0.59,-0.12
1783965329.1103,10:55:29.110,0.81,0.58,-0.10
1783965329.6104,10:55:29.610,0.92,0.40,0.04
1783965330.1098,10:55:30.109,0.92,0.39,0.03
1783965330.6097,10:55:30.609,0.92,0.39,0.04
1783965331.11,10:55:31.110,0.92,0.38,0.05
1783965331.6092,10:55:31.609,0.94,0.31,0.10
1783965332.109,10:55:32.109,0.94,0.33,0.08
1783965332.6091,10:55:32.609,0.94,0.34,0.09
1783965333.1089,10:55:33.108,0.93,0.36,0.07
1783965333.6084,10:55:33.608,0.93,0.36,0.07
1783965334.1086,10:55:34.108,0.91,0.42,0.03
1783965334.6085,10:55:34.608,0.87,0.49,-0.02
1783965335.1079,10:55:35.107,0.82,0.57,-0.09
1783965335.608,10:55:35.608,0.80,0.60,-0.11
1783965336.1079,10:55:36.107,0.79,0.60,-0.12
1783965336.6073,10:55:36.607,0.80,0.59,-0.10
1783965337.1076,10:55:37.107,0.81,0.58,-0.09
1783965337.6072,10:55:37.607,0.86,0.51,-0.04
1783965338.1071,10:55:38.107,0.85,0.52,-0.07
1783965338.6075,10:55:38.607,0.84,0.53,-0.08
1783965339.1074,10:55:39.107,0.83,0.54,-0.11
1783965339.607,10:55:39.607,0.85,0.52,-0.08
1783965340.1069,10:55:40.106,0.87,0.49,-0.06
1783965340.6069,10:55:40.606,0.87,0.49,-0.06
1783965341.1064,10:55:41.106,0.90,0.43,-0.01
1783965341.606,10:55:41.606,0.92,0.39,0.02
1783965342.1062,10:55:42.106,0.92,0.39,0.01
1783965342.6057,10:55:42.605,0.92,0.40,0.00
1783965343.1061,10:55:43.106,0.92,0.38,-0.01
1783965343.6062,10:55:43.606,0.92,0.39,-0.06
1783965344.1054,10:55:44.105,0.90,0.42,-0.08
1783965344.6055,10:55:44.605,0.91,0.42,-0.08
1783965345.1055,10:55:45.105,0.90,0.43,-0.07
1783965345.605,10:55:45.605,0.87,0.48,-0.10
1783965346.105,10:55:46.105,0.87,0.48,-0.11
1783965346.6047,10:55:46.604,0.95,0.32,-0.01
1783965347.1045,10:55:47.104,0.95,0.31,-0.03
1783965347.6046,10:55:47.604,0.96,0.28,-0.02
1783965348.1051,10:55:48.105,0.96,0.29,-0.04
1783965348.6049,10:55:48.604,0.99,0.14,0.05
1783965349.1048,10:55:49.104,0.99,0.05,0.10
1783965349.6044,10:55:49.604,0.99,-0.01,0.15
1783965350.1043,10:55:50.104,0.99,-0.01,0.14
1783965350.604,10:55:50.604,1.00,0.03,0.09
1783965351.1041,10:55:51.104,0.96,0.26,-0.11
1783965351.6035,10:55:51.603,0.96,0.26,-0.11
1783965352.1034,10:55:52.103,0.96,0.26,-0.11
1783965352.6033,10:55:52.603,0.98,0.17,-0.03
1783965353.1034,10:55:53.103,0.98,0.17,-0.03
1783965353.603,10:55:53.603,0.99,0.15,-0.01
1783965354.1035,10:55:54.103,1.00,0.07,0.05
1783965354.6027,10:55:54.602,1.00,0.07,0.05
1783965355.1019,10:55:55.101,1.00,0.08,0.04
1783965355.602,10:55:55.602,1.00,0.08,0.04
1783965356.1018,10:55:56.101,0.99,0.12,0.00
1783965356.6013,10:55:56.601,0.99,0.15,-0.03
1783965357.1015,10:55:57.101,0.99,0.15,-0.03
1783965357.6018,10:55:57.601,0.99,0.11,0.02
1783965358.1014,10:55:58.101,0.99,0.11,0.02
1783965358.6017,10:55:58.601,0.97,0.22,-0.09
1783965359.1015,10:55:59.101,0.97,0.22,-0.09
1783965359.6018,10:55:59.601,0.97,0.22,-0.09
1783965360.1016,10:56:00.101,0.98,0.19,-0.06
1783965360.602,10:56:00.602,0.98,0.19,-0.06
1783965361.1017,10:56:01.101,0.99,0.12,0.00
1783965361.6015,10:56:01.601,0.99,0.11,0.01
1783965362.1018,10:56:02.101,1.00,0.02,0.09
1783965362.6018,10:56:02.601,1.00,0.02,0.09
1783965363.1016,10:56:03.101,1.00,0.03,0.09
1783965363.6016,10:56:03.601,1.00,0.03,0.09
1783965364.1011,10:56:04.101,1.00,0.03,0.09
1783965364.6003,10:56:04.600,0.99,0.00,0.11
1783965365.1004,10:56:05.100,0.99,0.00,0.11
1783965365.5996,10:56:05.599,0.99,0.00,0.11
1783965366.0989,10:56:06.098,0.99,-0.01,0.11
1783965366.5991,10:56:06.599,0.99,-0.01,0.11
1783965367.0992,10:56:07.099,0.99,-0.02,0.11
1783965367.5984,10:56:07.598,0.99,-0.02,0.11
1783965368.0987,10:56:08.098,0.99,-0.04,0.14
1783965368.5983,10:56:08.598,1.00,0.00,0.10
1783965369.0972,10:56:09.097,1.00,0.01,0.09
1783965369.5974,10:56:09.597,1.00,0.01,0.09
1783965370.0974,10:56:10.097,1.00,-0.01,0.10
1783965370.5967,10:56:10.596,1.00,-0.01,0.10
1783965371.0967,10:56:11.096,1.00,0.03,0.07
1783965371.5965,10:56:11.596,1.00,0.03,0.07
1783965372.0959,10:56:12.095,1.00,0.02,0.09
1783965372.596,10:56:12.596,0.99,0.00,0.10
1783965373.0963,10:56:13.096,0.99,0.00,0.10
1783965373.5963,10:56:13.596,0.99,0.00,0.11
1783965374.0965,10:56:14.096,1.00,0.01,0.10
1783965374.5963,10:56:14.596,1.00,0.04,0.07
1783965375.0959,10:56:15.095,1.00,0.03,0.07
1783965375.596,10:56:15.596,0.99,0.02,0.10
1783965376.0958,10:56:16.095,0.99,0.02,0.10
1783965376.595,10:56:16.595,1.00,0.02,0.09
1783965377.0947,10:56:17.094,1.00,0.02,0.09
1783965377.5945,10:56:17.594,1.00,0.04,0.07
1783965378.095,10:56:18.095,1.00,0.04,0.07
1783965378.5948,10:56:18.594,1.00,0.05,0.07
1783965379.0947,10:56:19.094,1.00,0.07,0.06
1783965379.5941,10:56:19.594,0.98,0.20,-0.06
1783965380.0944,10:56:20.094,0.98,0.20,-0.06
1783965380.5946,10:56:20.594,0.98,0.20,-0.06
1783965381.0945,10:56:21.094,0.97,0.22,-0.07
1783965381.5939,10:56:21.593,0.97,0.22,-0.07
1783965382.0946,10:56:22.094,0.99,0.14,0.00
1783965382.5942,10:56:22.594,0.99,-0.03,0.15
1783965383.0938,10:56:23.093,0.99,-0.04,0.16
1783965383.594,10:56:23.594,0.99,-0.04,0.16
1783965384.0934,10:56:24.093,1.00,0.07,0.05
1783965384.5937,10:56:24.593,0.97,0.24,-0.10
1783965385.0939,10:56:25.093,0.97,0.23,-0.09
1783965385.5933,10:56:25.593,0.99,0.17,-0.02
1783965386.0925,10:56:26.092,0.99,0.03,0.10
1783965386.593,10:56:26.593,0.99,-0.02,0.14
1783965387.0926,10:56:27.092,0.99,-0.02,0.15
1783965387.5923,10:56:27.592,0.99,-0.02,0.14
1783965388.0922,10:56:28.092,1.00,0.07,0.06
1783965388.5921,10:56:28.592,0.97,0.23,-0.08
1783965389.0917,10:56:29.091,0.89,0.40,-0.23
1783965389.5918,10:56:29.591,0.78,0.52,-0.34
1783965390.0918,10:56:30.091,0.80,0.50,-0.33
1783965390.5911,10:56:30.591,0.81,0.49,-0.33
1783965391.0907,10:56:31.090,0.85,0.45,-0.26
1783965391.5913,10:56:31.591,0.87,0.43,-0.24
1783965392.0908,10:56:32.090,0.91,0.37,-0.19
1783965392.5906,10:56:32.590,0.95,0.29,-0.10
1783965393.0905,10:56:33.090,0.98,0.20,-0.03
1783965393.5899,10:56:33.589,0.99,0.11,0.05
1783965394.0903,10:56:34.090,0.99,0.07,0.08
1783965394.5905,10:56:34.590,0.99,0.05,0.10
1783965395.0901,10:56:35.090,0.99,0.05,0.10
1783965395.5895,10:56:35.589,0.99,0.05,0.09
1783965396.0896,10:56:36.089,0.99,0.05,0.10
1783965396.5894,10:56:36.589,0.99,0.05,0.11
1783965397.0891,10:56:37.089,0.99,0.09,0.06
1783965397.5895,10:56:37.589,0.99,0.10,0.04
1783965398.0892,10:56:38.089,0.99,0.11,0.04
1783965398.589,10:56:38.589,0.99,0.10,0.05
1783965399.0888,10:56:39.088,0.99,0.10,0.05
1783965399.5887,10:56:39.588,0.99,0.12,0.03
1783965400.0883,10:56:40.088,0.99,0.12,0.03
1783965400.5886,10:56:40.588,0.99,0.12,0.03
1783965401.0882,10:56:41.088,0.99,0.10,0.03
1783965401.5875,10:56:41.587,0.99,0.09,0.05
1783965402.0877,10:56:42.087,0.99,0.07,0.07
1783965402.5871,10:56:42.587,0.99,0.07,0.07
1783965403.0865,10:56:43.086,1.00,0.07,0.07
1783965403.5868,10:56:43.586,1.00,0.06,0.08
1783965404.0868,10:56:44.086,0.99,0.10,0.04
1783965404.5863,10:56:44.586,0.97,0.22,-0.06
1783965405.0863,10:56:45.086,0.91,0.37,-0.19
1783965405.5868,10:56:45.586,0.89,0.40,-0.22
1783965406.0864,10:56:46.086,0.80,0.50,-0.33
1783965406.5862,10:56:46.586,0.74,0.56,-0.37
1783965407.0861,10:56:47.086,0.74,0.57,-0.37
1783965407.5855,10:56:47.585,0.78,0.53,-0.32
1783965408.0852,10:56:48.085,0.91,0.37,-0.18
1783965408.5852,10:56:48.585,0.98,0.18,-0.02
1783965409.0851,10:56:49.085,0.99,0.09,0.06
1783965409.5847,10:56:49.584,0.99,0.09,0.06
1783965410.0848,10:56:50.084,0.98,0.19,-0.03
1783965410.5842,10:56:50.584,0.92,0.34,-0.19
1783965411.0841,10:56:51.084,0.92,0.34,-0.19
1783965411.5843,10:56:51.584,0.95,0.29,-0.14
1783965412.084,10:56:52.084,0.99,0.12,0.02
1783965412.5836,10:56:52.583,1.00,0.06,0.08
1783965413.0837,10:56:53.083,1.00,0.05,0.07
1783965413.5835,10:56:53.583,0.99,0.16,-0.03
1783965414.0831,10:56:54.083,0.86,0.43,-0.26
1783965414.5832,10:56:54.583,0.79,0.51,-0.34
1783965415.0832,10:56:55.083,0.80,0.51,-0.33
1783965415.5829,10:56:55.582,0.92,0.35,-0.18
1783965416.0833,10:56:56.083,0.99,0.15,0.01
1783965416.5832,10:56:56.583,0.99,0.06,0.09
1783965417.0832,10:56:57.083,0.99,0.04,0.10
1783965417.5834,10:56:57.583,0.99,0.04,0.10
1783965418.0834,10:56:58.083,0.98,0.18,-0.04
1783965418.5831,10:56:58.583,0.95,0.27,-0.12
1783965419.0827,10:56:59.082,0.95,0.27,-0.12
1783965419.5826,10:56:59.582,0.99,0.16,-0.01
1783965420.082,10:57:00.082,1.00,0.08,0.06
1783965420.5823,10:57:00.582,1.00,0.08,0.06
1783965421.0819,10:57:01.081,0.99,0.10,0.04
1783965421.5811,10:57:01.581,0.98,0.18,-0.03
1783965422.0811,10:57:02.081,0.96,0.26,-0.10
1783965422.5813,10:57:02.581,0.96,0.26,-0.10
1783965423.0812,10:57:03.081,0.96,0.27,-0.09
1783965423.581,10:57:03.581,0.99,0.17,-0.01
1783965424.0813,10:57:04.081,0.99,0.08,0.06
1783965424.5807,10:57:04.580,0.99,0.07,0.07
1783965425.0808,10:57:05.080,0.99,0.07,0.07
1783965425.5802,10:57:05.580,0.97,0.23,-0.07
1783965426.0797,10:57:06.079,0.97,0.23,-0.07
1783965426.5795,10:57:06.579,0.98,0.20,-0.04
1783965427.08,10:57:07.080,0.99,0.06,0.08
1783965427.5796,10:57:07.579,0.99,-0.01,0.13
1783965428.0793,10:57:08.079,0.99,-0.01,0.13
1783965428.5793,10:57:08.579,0.99,0.00,0.10
1783965429.079,10:57:09.079,1.00,0.08,0.04
1783965429.579,10:57:09.579,0.98,0.20,-0.06
1783965430.0786,10:57:10.078,0.93,0.32,-0.17
1783965430.5781,10:57:10.578,0.83,0.47,-0.30
1783965431.0777,10:57:11.077,0.76,0.53,-0.36
1783965431.5781,10:57:11.578,0.75,0.55,-0.37
1783965432.0778,10:57:12.077,0.75,0.55,-0.37
1783965432.5774,10:57:12.577,0.75,0.55,-0.37
1783965433.0776,10:57:13.077,0.74,0.56,-0.38
1783965433.5777,10:57:13.577,0.70,0.59,-0.41
1783965434.0771,10:57:14.077,0.63,0.63,-0.45
1783965434.5774,10:57:14.577,0.61,0.64,-0.47
1783965435.0776,10:57:15.077,0.62,0.64,-0.45
1783965435.577,10:57:15.577,0.66,0.62,-0.43
1783965436.0773,10:57:16.077,0.70,0.59,-0.40
1783965436.5773,10:57:16.577,0.73,0.57,-0.37
1783965437.077,10:57:17.077,0.73,0.57,-0.37
1783965437.5766,10:57:17.576,0.73,0.57,-0.37
1783965438.0765,10:57:18.076,0.70,0.59,-0.40
1783965438.5759,10:57:18.575,0.71,0.58,-0.40
1783965439.076,10:57:19.076,0.69,0.62,-0.39
1783965439.5758,10:57:19.575,0.69,0.63,-0.37
1783965440.0753,10:57:20.075,0.74,0.60,-0.31
1783965440.5751,10:57:20.575,0.76,0.59,-0.26
1783965441.0752,10:57:21.075,0.76,0.60,-0.24
1783965441.5748,10:57:21.574,0.79,0.58,-0.20
1783965442.0745,10:57:22.074,0.81,0.56,-0.17
1783965442.5749,10:57:22.574,0.83,0.53,-0.14
1783965443.0744,10:57:23.074,0.82,0.55,-0.15
1783965443.5738,10:57:23.573,0.83,0.54,-0.15
1783965444.0742,10:57:24.074,0.81,0.56,-0.16
1783965444.5737,10:57:24.573,0.81,0.57,-0.16
1783965445.0733,10:57:25.073,0.78,0.60,-0.19
1783965445.5734,10:57:25.573,0.71,0.65,-0.25
1783965446.073,10:57:26.073,0.72,0.66,-0.24
1783965446.5729,10:57:26.572,0.74,0.64,-0.22
1783965447.0731,10:57:27.073,0.74,0.63,-0.22
1783965447.5728,10:57:27.572,0.74,0.64,-0.22
1783965448.0726,10:57:28.072,0.77,0.61,-0.18
1783965448.5727,10:57:28.572,0.77,0.61,-0.17
1783965449.0725,10:57:29.072,0.77,0.62,-0.18
1783965449.5722,10:57:29.572,0.77,0.62,-0.18
1783965450.0718,10:57:30.071,0.86,0.51,-0.08
1783965450.5717,10:57:30.571,0.86,0.51,-0.08
1783965451.0713,10:57:31.071,0.85,0.53,-0.07
1783965451.5709,10:57:31.570,0.85,0.53,-0.07
1783965452.0714,10:57:32.071,0.86,0.51,-0.06
1783965452.5706,10:57:32.570,0.86,0.50,-0.07
1783965453.0707,10:57:33.070,0.83,0.54,-0.17
1783965453.5711,10:57:33.571,0.82,0.53,-0.19
1783965454.071,10:57:34.071,0.82,0.54,-0.21
1783965454.571,10:57:34.571,0.82,0.54,-0.21
1783965455.0706,10:57:35.070,0.81,0.55,-0.22
1783965455.5702,10:57:35.570,0.79,0.57,-0.22
1783965456.0701,10:57:36.070,0.76,0.61,-0.22
1783965456.5697,10:57:36.569,0.74,0.63,-0.22
1783965457.0692,10:57:37.069,0.72,0.66,-0.21
1783965457.5694,10:57:37.569,0.69,0.68,-0.24
1783965458.0699,10:57:38.069,0.69,0.69,-0.22
1783965458.5695,10:57:38.569,0.68,0.69,-0.25
1783965459.0696,10:57:39.069,0.67,0.69,-0.25
1783965459.5696,10:57:39.569,0.63,0.73,-0.26
1783965460.0692,10:57:40.069,0.64,0.72,-0.26
1783965460.5689,10:57:40.568,0.68,0.70,-0.23
1783965461.0691,10:57:41.069,0.71,0.67,-0.21
1783965461.5684,10:57:41.568,0.77,0.61,-0.19
1783965462.0677,10:57:42.067,0.87,0.48,-0.12
1783965462.568,10:57:42.568,0.97,0.25,0.02
1783965463.0678,10:57:43.067,0.99,0.15,0.07
1783965463.5673,10:57:43.567,0.99,0.10,0.09
1783965464.0671,10:57:44.067,0.99,0.06,0.10
1783965464.567,10:57:44.567,0.99,0.06,0.10
1783965465.0664,10:57:45.066,0.99,0.10,0.07
1783965465.5663,10:57:45.566,0.96,0.27,-0.09
1783965466.0667,10:57:46.066,0.95,0.29,-0.10
1783965466.5659,10:57:46.565,0.95,0.29,-0.10
1783965467.0664,10:57:47.066,0.99,0.14,0.02
1783965467.5664,10:57:47.566,0.99,0.14,0.02
1783965468.0663,10:57:48.066,0.96,0.26,-0.08
1783965468.5667,10:57:48.566,0.96,0.26,-0.08
1783965469.0664,10:57:49.066,0.99,0.11,0.05
1783965469.5658,10:57:49.565,0.99,0.11,0.05
1783965470.0657,10:57:50.065,0.99,0.14,0.02
1783965470.5653,10:57:50.565,0.99,0.15,0.02
1783965471.0648,10:57:51.064,0.99,0.16,0.00
1783965471.565,10:57:51.565,0.99,0.15,0.01
1783965472.0651,10:57:52.065,0.99,0.15,0.01
1783965472.5651,10:57:52.565,0.99,0.15,0.01
1783965473.0652,10:57:53.065,0.98,0.19,-0.02
1783965473.5654,10:57:53.565,0.98,0.19,-0.03
1783965474.0646,10:57:54.064,0.98,0.20,-0.03
1783965474.5643,10:57:54.564,0.98,0.20,-0.04
1783965475.0645,10:57:55.064,0.98,0.17,-0.02
1783965475.5642,10:57:55.564,0.98,0.17,-0.02
1783965476.0636,10:57:56.063,0.99,0.14,0.01
1783965476.5638,10:57:56.563,0.99,0.14,0.01
1783965477.0636,10:57:57.063,0.99,0.13,0.03
1783965477.5629,10:57:57.562,0.99,0.11,0.04
1783965478.0631,10:57:58.063,0.99,0.06,0.09
1783965478.5632,10:57:58.563,0.99,0.05,0.10
1783965479.0624,10:57:59.062,1.00,0.03,0.09
1783965479.5629,10:57:59.562,0.99,0.02,0.11
1783965480.063,10:58:00.063,0.99,0.02,0.12
1783965480.562,10:58:00.562,0.99,0.02,0.11
1783965481.0623,10:58:01.062,0.99,0.03,0.10
1783965481.5623,10:58:01.562,0.99,0.05,0.09
1783965482.0614,10:58:02.061,0.99,0.09,0.05
1783965482.5618,10:58:02.561,0.99,0.09,0.05
1783965483.0617,10:58:03.061,1.00,0.07,0.07
1783965483.5613,10:58:03.561,1.00,0.07,0.07
1783965484.0618,10:58:04.061,0.99,0.08,0.06
1783965484.5616,10:58:04.561,0.99,0.08,0.06
1783965485.0609,10:58:05.060,0.99,0.08,0.06
1783965485.5607,10:58:05.560,1.00,0.07,0.06
1783965486.0608,10:58:06.060,1.00,0.07,0.06
1783965486.5604,10:58:06.560,0.99,0.08,0.07
1783965487.0605,10:58:07.060,0.99,0.07,0.08
1783965487.5603,10:58:07.560,0.99,0.03,0.11
1783965488.0604,10:58:08.060,0.99,-0.02,0.15
1783965488.5604,10:58:08.560,0.99,-0.02,0.15
1783965489.0608,10:58:09.060,0.99,0.02,0.10
1783965489.5605,10:58:09.560,1.00,0.04,0.09
1783965490.0605,10:58:10.060,1.00,0.06,0.07
1783965490.561,10:58:10.561,0.99,0.09,0.04
1783965491.0604,10:58:11.060,0.99,0.09,0.05
1783965491.5595,10:58:11.559,0.99,0.07,0.08
1783965492.0595,10:58:12.059,0.99,0.01,0.13
1783965492.5589,10:58:12.558,0.99,-0.02,0.14
1783965493.058,10:58:13.058,0.99,-0.02,0.14
1783965493.5586,10:58:13.558,0.99,0.01,0.12
1783965494.0582,10:58:14.058,0.99,0.01,0.12
1783965494.5579,10:58:14.557,0.99,-0.02,0.15
1783965495.0577,10:58:15.057,0.99,-0.04,0.16
1783965495.5573,10:58:15.557,0.98,-0.07,0.18
1783965496.0574,10:58:16.057,0.98,-0.07,0.18
1783965496.5574,10:58:16.557,0.98,-0.07,0.18
1783965497.0573,10:58:17.057,0.99,-0.03,0.15
1783965497.5569,10:58:17.556,0.99,-0.02,0.14
1783965498.0572,10:58:18.057,0.99,0.00,0.14
1783965498.5568,10:58:18.556,0.99,-0.02,0.15
1783965499.0563,10:58:19.056,0.99,-0.01,0.14
1783965499.5563,10:58:19.556,0.99,-0.03,0.16
1783965500.0566,10:58:20.056,0.99,-0.03,0.16
1783965500.5558,10:58:20.555,0.98,-0.06,0.18
1783965501.0559,10:58:21.055,0.98,-0.08,0.19
1783965501.5557,10:58:21.555,0.98,-0.08,0.19
1783965502.0552,10:58:22.055,0.98,-0.06,0.17
1783965502.5552,10:58:22.555,0.99,-0.05,0.16
1783965503.0553,10:58:23.055,0.99,-0.04,0.16
1783965503.5549,10:58:23.554,0.99,0.04,0.10
1783965504.0545,10:58:24.054,0.99,0.05,0.09
1783965504.5546,10:58:24.554,0.99,0.05,0.09
1783965505.0544,10:58:25.054,0.99,0.06,0.09
1783965505.5543,10:58:25.554,0.99,0.11,0.04
1783965506.0547,10:58:26.054,0.99,0.13,0.03
1783965506.5546,10:58:26.554,0.99,0.13,0.03
1783965507.0544,10:58:27.054,0.99,0.15,0.02
1783965507.5542,10:58:27.554,0.99,0.14,0.01
1783965508.0538,10:58:28.053,1.00,0.08,0.06
1783965508.5541,10:58:28.554,1.00,0.07,0.06
1783965509.0541,10:58:29.054,1.00,0.07,0.06
1783965509.5536,10:58:29.553,1.00,0.05,0.08
1783965510.0533,10:58:30.053,1.00,0.04,0.09
1783965510.5536,10:58:30.553,0.99,0.05,0.10
1783965511.0533,10:58:31.053,0.99,0.11,0.04
1783965511.5523,10:58:31.552,0.99,0.14,0.01
1783965512.0528,10:58:32.052,0.99,0.11,0.04
1783965512.5532,10:58:32.553,0.99,0.10,0.06
1783965513.0531,10:58:33.053,0.99,0.05,0.09
1783965513.553,10:58:33.553,0.99,0.00,0.13
1783965514.0533,10:58:34.053,0.99,-0.01,0.14
1783965514.5525,10:58:34.552,0.98,-0.05,0.18
1783965515.0525,10:58:35.052,0.98,-0.05,0.18
1783965515.5523,10:58:35.552,0.98,-0.05,0.17
1783965516.0516,10:58:36.051,0.99,-0.03,0.15
1783965516.5514,10:58:36.551,0.99,-0.03,0.16
1783965517.0517,10:58:37.051,0.99,0.00,0.14
1783965517.5511,10:58:37.551,0.99,0.13,0.04
1783965518.0504,10:58:38.050,0.97,0.24,-0.01
1783965518.5504,10:58:38.550,0.97,0.24,0.01
1783965519.0501,10:58:39.050,0.97,0.24,0.00
1783965519.5499,10:58:39.549,0.99,0.15,0.05
1783965520.0505,10:58:40.050,0.99,0.12,0.06
1783965520.55,10:58:40.550,0.99,0.07,0.09
1783965521.0501,10:58:41.050,0.99,0.07,0.08
1783965521.5504,10:58:41.550,0.99,0.06,0.09
1783965522.0504,10:58:42.050,0.99,0.01,0.13
1783965522.5499,10:58:42.549,0.99,0.01,0.13
1783965523.0501,10:58:43.050,0.99,0.01,0.13
1783965523.5494,10:58:43.549,0.99,-0.03,0.16
1783965524.0488,10:58:44.048,0.99,-0.03,0.16
1783965524.5491,10:58:44.549,0.99,0.01,0.13
1783965525.0492,10:58:45.049,0.99,0.03,0.11
1783965525.5493,10:58:45.549,0.99,0.06,0.10
1783965526.0491,10:58:46.049,0.99,0.05,0.10
1783965526.5488,10:58:46.548,0.99,0.07,0.08
1783965527.0482,10:58:47.048,0.99,0.05,0.09
1783965527.5483,10:58:47.548,0.99,0.02,0.12
1783965528.0477,10:58:48.047,0.99,0.02,0.12
1783965528.5475,10:58:48.547,0.99,0.01,0.12
1783965529.0476,10:58:49.047,0.99,-0.02,0.16
1783965529.5472,10:58:49.547,0.98,-0.03,0.17
1783965530.0467,10:58:50.046,0.99,-0.03,0.16
1783965530.5467,10:58:50.546,0.98,-0.05,0.17
1783965531.047,10:58:51.047,0.98,-0.05,0.17
1783965531.5464,10:58:51.546,0.98,-0.05,0.17
1783965532.0461,10:58:52.046,1.00,0.07,0.07
1783965532.5465,10:58:52.546,0.99,0.11,0.06
1783965533.046,10:58:53.046,0.99,0.11,0.06
1783965533.5452,10:58:53.545,0.99,0.08,0.06
1783965534.0451,10:58:54.045,0.99,0.08,0.06
1783965534.5449,10:58:54.544,0.99,0.08,0.06
1783965535.0452,10:58:55.045,0.99,0.12,0.04
1783965535.5454,10:58:55.545,0.99,0.09,0.06
1783965536.0448,10:58:56.044,0.99,0.07,0.08
1783965536.545,10:58:56.545,0.99,0.07,0.09
1783965537.0448,10:58:57.044,0.99,0.07,0.08
1783965537.5449,10:58:57.544,0.99,0.06,0.10
1783965538.0446,10:58:58.044,0.99,0.06,0.10
1783965538.5451,10:58:58.545,0.99,0.06,0.10
1783965539.0445,10:58:59.044,0.99,0.08,0.08
1783965539.544,10:58:59.544,0.99,0.11,0.04
1783965540.0444,10:59:00.044,0.99,0.11,0.04
1783965540.5441,10:59:00.544,0.99,0.10,0.04
1783965541.0433,10:59:01.043,0.99,0.10,0.05
1783965541.543,10:59:01.543,0.99,0.10,0.05
1783965542.0428,10:59:02.042,0.99,0.12,0.03
1783965542.5421,10:59:02.542,0.99,0.12,0.04
1783965543.0419,10:59:03.041,0.99,0.08,0.07
1783965543.542,10:59:03.542,0.99,0.07,0.08
1783965544.0418,10:59:04.041,0.99,0.07,0.08
1783965544.5416,10:59:04.541,0.99,0.06,0.08
1783965545.0421,10:59:05.042,0.99,0.05,0.10
1783965545.5411,10:59:05.541,0.99,0.02,0.11
1783965546.0414,10:59:06.041,0.99,0.00,0.13
1783965546.5412,10:59:06.541,0.99,0.00,0.14
1783965547.0407,10:59:07.040,0.99,-0.01,0.14
1783965547.5403,10:59:07.540,0.99,0.00,0.13
1783965548.0404,10:59:08.040,1.00,0.06,0.08
1783965548.5401,10:59:08.540,0.98,0.20,-0.01
1783965549.0398,10:59:09.039,0.95,0.30,-0.06
1783965549.5398,10:59:09.539,0.95,0.32,-0.04
1783965550.0393,10:59:10.039,0.93,0.36,-0.07
1783965550.5387,10:59:10.538,0.92,0.38,-0.04
1783965551.0391,10:59:11.039,0.82,0.55,-0.16
1783965551.5392,10:59:11.539,0.83,0.54,-0.12
1783965552.039,10:59:12.039,0.83,0.55,-0.12
1783965552.5393,10:59:12.539,0.93,0.37,0.03
1783965553.0393,10:59:13.039,0.95,0.30,0.09
1783965553.5388,10:59:13.538,0.95,0.30,0.09
1783965554.039,10:59:14.039,0.90,0.43,0.00
1783965554.5389,10:59:14.538,0.89,0.46,-0.02
1783965555.0383,10:59:15.038,0.89,0.46,0.00
1783965555.539,10:59:15.539,0.90,0.44,0.00
1783965556.0388,10:59:16.038,0.88,0.48,-0.02
1783965556.5383,10:59:16.538,0.84,0.54,-0.07
1783965557.0385,10:59:17.038,0.79,0.60,-0.12
1783965557.5386,10:59:17.538,0.78,0.61,-0.13
1783965558.038,10:59:18.038,0.78,0.61,-0.13
1783965558.538,10:59:18.538,0.77,0.62,-0.16
1783965559.0379,10:59:19.037,0.77,0.61,-0.19
1783965559.5373,10:59:19.537,0.78,0.59,-0.22
1783965560.0372,10:59:20.037,0.78,0.58,-0.22
1783965560.5374,10:59:20.537,0.80,0.55,-0.23
1783965561.0367,10:59:21.036,0.88,0.45,-0.18
1783965561.5363,10:59:21.536,0.90,0.41,-0.15
1783965562.0366,10:59:22.036,0.92,0.37,-0.12
1783965562.536,10:59:22.536,0.96,0.27,-0.04
1783965563.0357,10:59:23.035,0.96,0.26,-0.06
1783965563.5359,10:59:23.535,0.94,0.32,-0.12
1783965564.0358,10:59:24.035,0.94,0.32,-0.12
1783965564.5352,10:59:24.535,0.98,0.20,-0.01
1783965565.0355,10:59:25.035,0.99,0.07,0.08
1783965565.5357,10:59:25.535,0.99,0.07,0.08
1783965566.0358,10:59:26.035,0.97,0.25,-0.07
1783965566.5358,10:59:26.535,0.97,0.25,-0.07
1783965567.0357,10:59:27.035,0.99,0.15,0.02
1783965567.5353,10:59:27.535,0.99,0.12,0.05
1783965568.0355,10:59:28.035,0.99,0.12,0.05
1783965568.5356,10:59:28.535,0.97,0.23,-0.04
1783965569.035,10:59:29.035,0.89,0.41,-0.19
1783965569.5347,10:59:29.534,0.89,0.41,-0.18
1783965570.0347,10:59:30.034,0.96,0.26,-0.06
1783965570.5344,10:59:30.534,0.96,0.26,-0.06
1783965571.0346,10:59:31.034,0.94,0.32,-0.12
1783965571.5345,10:59:31.534,0.84,0.48,-0.26
1783965572.0333,10:59:32.033,0.81,0.52,-0.26
1783965572.5334,10:59:32.533,0.81,0.53,-0.26
1783965573.0332,10:59:33.033,0.85,0.49,-0.22
1783965573.5333,10:59:33.533,0.90,0.41,-0.17
1783965574.0333,10:59:34.033,0.97,0.23,-0.03
1783965574.5334,10:59:34.533,0.97,0.23,-0.04
1783965575.0328,10:59:35.032,0.95,0.31,-0.11
1783965575.5326,10:59:35.532,0.94,0.32,-0.12
1783965576.0323,10:59:36.032,0.97,0.24,-0.07
1783965576.5316,10:59:36.531,0.97,0.24,-0.07
1783965577.0313,10:59:37.031,0.97,0.24,-0.07
1783965577.5319,10:59:37.531,0.97,0.24,-0.06
1783965578.0318,10:59:38.031,0.97,0.23,-0.05
1783965578.5318,10:59:38.531,0.99,0.17,0.00
1783965579.0313,10:59:39.031,0.99,0.17,0.00
1783965579.5305,10:59:39.530,0.99,0.17,0.00
1783965580.03,10:59:40.030,0.98,0.19,-0.02
1783965580.5303,10:59:40.530,0.99,0.15,0.00
1783965581.0302,10:59:41.030,0.99,0.16,-0.01
1783965581.53,10:59:41.530,0.99,0.16,-0.01
1783965582.0303,10:59:42.030,0.98,0.18,0.01
1783965582.5303,10:59:42.530,0.97,0.24,0.00
1783965583.03,10:59:43.030,0.96,0.30,0.00
1783965583.5305,10:59:43.530,0.93,0.35,-0.04
1783965584.0305,10:59:44.030,0.94,0.35,-0.07
1783965584.5302,10:59:44.530,0.97,0.24,-0.01
1783965585.0302,10:59:45.030,0.97,0.24,-0.01
1783965585.5298,10:59:45.529,0.97,0.22,0.00
1783965586.0292,10:59:46.029,0.98,0.21,-0.01
1783965586.5295,10:59:46.529,0.98,0.19,0.01
1783965587.0289,10:59:47.028,0.99,0.16,0.03
1783965587.5282,10:59:47.528,0.99,0.09,0.08
1783965588.0286,10:59:48.028,0.99,0.09,0.07
1783965588.5285,10:59:48.528,0.99,0.05,0.11
1783965589.0275,10:59:49.027,0.99,0.03,0.12
1783965589.5276,10:59:49.527,0.99,0.01,0.14
1783965590.0276,10:59:50.027,0.99,0.01,0.14
1783965590.5267,10:59:50.526,0.99,0.05,0.11
1783965591.0267,10:59:51.026,0.99,0.08,0.10
1783965591.5267,10:59:51.526,0.99,0.09,0.08
1783965592.0266,10:59:52.026,0.99,0.10,0.07
1783965592.5264,10:59:52.526,0.99,0.11,0.06
1783965593.0267,10:59:53.026,0.99,0.09,0.07
1783965593.5263,10:59:53.526,0.99,0.07,0.08
1783965594.026,10:59:54.026,0.99,0.06,0.09
1783965594.526,10:59:54.526,0.99,0.06,0.09
1783965595.0259,10:59:55.025,0.99,0.06,0.09
1783965595.5261,10:59:55.526,0.99,0.10,0.05
1783965596.0264,10:59:56.026,0.99,0.13,0.02
1783965596.5262,10:59:56.526,0.98,0.21,-0.05
1783965597.0257,10:59:57.025,0.98,0.21,-0.05
1783965597.5261,10:59:57.526,0.99,0.13,0.02
1783965598.026,10:59:58.026,0.99,0.10,0.05
1783965598.5254,10:59:58.525,0.99,0.10,0.05
1783965599.0254,10:59:59.025,0.99,0.09,0.05
1783965599.5255,10:59:59.525,0.99,0.07,0.07
1783965600.0249,11:00:00.024,0.99,0.07,0.07
1783965600.5252,11:00:00.525,0.99,0.07,0.07
1783965601.0246,11:00:01.024,0.99,0.10,0.05
1783965601.5244,11:00:01.524,0.99,0.13,0.02
1783965602.024,11:00:02.024,0.99,0.13,0.03
1783965602.5241,11:00:02.524,0.99,0.13,0.03
1783965603.0233,11:00:03.023,0.99,0.17,-0.01
1783965603.5232,11:00:03.523,0.98,0.17,-0.01
1783965604.0235,11:00:04.023,0.98,0.18,-0.01
1783965604.5232,11:00:04.523,0.98,0.18,-0.01
1783965605.0236,11:00:05.023,0.99,0.09,0.07
1783965605.5233,11:00:05.523,0.99,0.04,0.10
1783965606.0229,11:00:06.022,0.99,0.05,0.10
1783965606.5226,11:00:06.522,0.99,0.05,0.11
1783965607.023,11:00:07.023,0.99,0.05,0.11
1783965607.5226,11:00:07.522,0.99,0.03,0.12
1783965608.0223,11:00:08.022,0.99,0.03,0.12
1783965608.5222,11:00:08.522,0.99,0.06,0.09
1783965609.0221,11:00:09.022,0.98,0.19,0.01
1783965609.5223,11:00:09.522,0.91,0.41,-0.11
1783965610.0222,11:00:10.022,0.91,0.41,-0.12
1783965610.5222,11:00:10.522,0.95,0.31,-0.05
1783965611.0221,11:00:11.022,0.96,0.27,-0.03
1783965611.5223,11:00:11.522,0.96,0.27,-0.05
1783965612.0218,11:00:12.021,0.96,0.28,-0.07
1783965612.5213,11:00:12.521,0.98,0.19,0.01
1783965613.0212,11:00:13.021,0.99,0.09,0.06
1783965613.521,11:00:13.521,0.99,0.05,0.10
1783965614.0206,11:00:14.020,0.99,0.06,0.10
1783965614.5209,11:00:14.520,0.99,0.09,0.06
1783965615.0203,11:00:15.020,0.99,0.10,0.07
1783965615.5198,11:00:15.519,0.99,0.10,0.07
1783965616.02,11:00:16.020,0.99,0.08,0.08
1783965616.5197,11:00:16.519,0.99,0.08,0.08
1783965617.0189,11:00:17.018,0.99,0.05,0.10
1783965617.519,11:00:17.519,0.99,0.08,0.07
1783965618.0188,11:00:18.018,0.99,0.08,0.07
1783965618.5184,11:00:18.518,0.98,0.18,-0.01
1783965619.0185,11:00:19.018,0.98,0.18,0.00
1783965619.5182,11:00:19.518,0.98,0.18,0.00
1783965620.0178,11:00:20.017,0.99,0.15,0.02
1783965620.5181,11:00:20.518,0.99,0.15,0.01
1783965621.0185,11:00:21.018,0.99,0.16,0.01
1783965621.5181,11:00:21.518,0.99,0.09,0.07
1783965622.0182,11:00:22.018,0.99,0.09,0.08
1783965622.5182,11:00:22.518,0.99,0.07,0.09
1783965623.0177,11:00:23.017,0.99,0.13,0.05
1783965623.5179,11:00:23.517,0.99,0.13,0.04
1783965624.0176,11:00:24.017,0.99,0.13,0.04
1783965624.5174,11:00:24.517,0.99,0.04,0.11
1783965625.017,11:00:25.017,0.99,0.02,0.12
1783965625.5172,11:00:25.517,0.99,0.02,0.13
1783965626.0167,11:00:26.016,0.99,0.02,0.13
1783965626.5164,11:00:26.516,0.99,0.00,0.14
1783965627.0167,11:00:27.016,0.99,0.01,0.14
1783965627.5165,11:00:27.516,0.99,0.01,0.14
1783965628.0164,11:00:28.016,0.99,0.07,0.09
1783965628.5168,11:00:28.516,0.99,0.07,0.09
1783965629.0158,11:00:29.015,0.99,0.06,0.10
1783965629.5149,11:00:29.514,0.99,0.06,0.10
1783965630.0149,11:00:30.014,0.99,0.10,0.06
1783965630.5146,11:00:30.514,0.99,0.11,0.06
1783965631.015,11:00:31.015,0.99,0.11,0.06
1783965631.5153,11:00:31.515,0.99,0.17,0.00
1783965632.0151,11:00:32.015,0.97,0.24,-0.06
1783965632.5144,11:00:32.514,0.97,0.25,-0.04
1783965633.0143,11:00:33.014,0.97,0.24,-0.04
1783965633.5143,11:00:33.514,0.97,0.24,-0.04
1783965634.0139,11:00:34.013,0.98,0.21,-0.01
1783965634.5142,11:00:34.514,0.98,0.21,-0.01
1783965635.014,11:00:35.014,0.99,0.08,0.08
1783965635.5131,11:00:35.513,0.99,0.07,0.08
1783965636.0133,11:00:36.013,0.99,0.10,0.05
1783965636.5136,11:00:36.513,0.99,0.11,0.05
1783965637.013,11:00:37.013,0.99,0.10,0.07
1783965637.5131,11:00:37.513,0.99,0.07,0.10
1783965638.0133,11:00:38.013,0.99,0.08,0.09
1783965638.5129,11:00:38.512,0.99,0.11,0.06
1783965639.0124,11:00:39.012,0.99,0.12,0.06
1783965639.5128,11:00:39.512,0.99,0.05,0.12
1783965640.0127,11:00:40.012,0.99,0.02,0.15
1783965640.5123,11:00:40.512,0.99,0.02,0.14
1783965641.0128,11:00:41.012,0.99,0.08,0.10
1783965641.5122,11:00:41.512,0.97,0.22,0.02
1783965642.0118,11:00:42.011,0.91,0.40,-0.09
1783965642.512,11:00:42.512,0.91,0.41,-0.07
1783965643.0121,11:00:43.012,0.91,0.41,-0.04
1783965643.5119,11:00:43.511,0.93,0.36,-0.01
1783965644.0116,11:00:44.011,0.96,0.28,0.04
1783965644.5111,11:00:44.511,0.96,0.26,0.05
1783965645.0106,11:00:45.010,0.95,0.32,-0.01
1783965645.5108,11:00:45.510,0.94,0.34,-0.02
1783965646.0104,11:00:46.010,0.91,0.41,-0.05
1783965646.5099,11:00:46.509,0.91,0.41,-0.05
1783965647.0104,11:00:47.010,0.91,0.40,-0.08
1783965647.5104,11:00:47.510,0.96,0.27,-0.01
1783965648.01,11:00:48.010,0.98,0.18,0.05
1783965648.5097,11:00:48.509,0.98,0.18,0.03
1783965649.0095,11:00:49.009,0.99,0.12,0.07
1783965649.5094,11:00:49.509,0.99,0.08,0.10
1783965650.0096,11:00:50.009,0.99,0.04,0.14
1783965650.5093,11:00:50.509,0.99,0.00,0.17
1783965651.0088,11:00:51.008,0.98,-0.02,0.18
1783965651.5082,11:00:51.508,0.98,-0.06,0.20
1783965652.008,11:00:52.008,0.98,-0.08,0.20
1783965652.5079,11:00:52.507,0.97,-0.09,0.21
1783965653.0076,11:00:53.007,0.97,-0.09,0.21
1783965653.5075,11:00:53.507,0.97,-0.09,0.21
1783965654.0073,11:00:54.007,0.98,-0.05,0.18
1783965654.5067,11:00:54.506,0.99,-0.03,0.16
1783965655.007,11:00:55.007,0.99,-0.02,0.16
1783965655.5064,11:00:55.506,0.99,-0.02,0.17
1783965656.0063,11:00:56.006,0.98,-0.03,0.17
1783965656.5069,11:00:56.506,0.98,-0.04,0.18
1783965657.0068,11:00:57.006,0.98,-0.05,0.18
1783965657.5068,11:00:57.506,0.98,-0.05,0.18
1783965658.0073,11:00:58.007,0.98,-0.05,0.18
1783965658.5067,11:00:58.506,0.99,-0.03,0.17
1783965659.0066,11:00:59.006,0.99,-0.03,0.17
1783965659.5068,11:00:59.506,0.99,-0.03,0.17
1783965660.0065,11:01:00.006,0.98,-0.04,0.18
1783965660.5061,11:01:00.506,0.98,-0.07,0.20
1783965661.0062,11:01:01.006,0.98,-0.07,0.20
1783965661.5064,11:01:01.506,0.98,-0.05,0.19
1783965662.0056,11:01:02.005,0.99,-0.02,0.17
1783965662.5059,11:01:02.505,0.99,-0.02,0.16
1783965663.0055,11:01:03.005,0.99,0.00,0.15
1783965663.505,11:01:03.505,0.99,0.00,0.15
1783965664.005,11:01:04.005,0.99,0.00,0.14
1783965664.5051,11:01:04.505,0.99,0.00,0.14
1783965665.0047,11:01:05.004,0.99,0.00,0.15
1783965665.5044,11:01:05.504,0.99,0.00,0.15
1783965666.0044,11:01:06.004,0.99,0.02,0.14
1783965666.5042,11:01:06.504,0.99,0.09,0.11
1783965667.004,11:01:07.004,0.96,0.29,-0.02
1783965667.5043,11:01:07.504,0.87,0.47,-0.15
1783965668.0037,11:01:08.003,0.83,0.54,-0.17
1783965668.504,11:01:08.504,0.82,0.55,-0.16
1783965669.0044,11:01:09.004,0.83,0.54,-0.14
1783965669.5037,11:01:09.503,0.83,0.54,-0.13
1783965670.0033,11:01:10.003,0.84,0.54,-0.12
1783965670.5032,11:01:10.503,0.84,0.53,-0.10
1783965671.0033,11:01:11.003,0.84,0.54,-0.11
1783965671.5026,11:01:11.502,0.81,0.57,-0.14
1783965672.0031,11:01:12.003,0.78,0.60,-0.17
1783965672.5029,11:01:12.502,0.74,0.64,-0.20
1783965673.0026,11:01:13.002,0.71,0.66,-0.24
1783965673.5026,11:01:13.502,0.71,0.66,-0.23
1783965674.0027,11:01:14.002,0.75,0.64,-0.20
1783965674.5015,11:01:14.501,0.76,0.63,-0.19
1783965675.002,11:01:15.002,0.77,0.61,-0.20
1783965675.5018,11:01:15.501,0.82,0.54,-0.18
1783965676.0013,11:01:16.001,0.89,0.43,-0.12
1783965676.5014,11:01:16.501,0.93,0.35,-0.09
1783965677.0013,11:01:17.001,0.98,0.18,0.04
1783965677.5005,11:01:17.500,0.99,0.10,0.09
1783965678.0006,11:01:18.000,0.99,0.09,0.09
1783965678.5004,11:01:18.500,0.99,0.06,0.11
1783965679.0,11:01:19.000,0.99,0.04,0.12
1783965679.4999,11:01:19.499,0.99,0.02,0.14
1783965680.0002,11:01:20.000,0.99,0.00,0.14
1783965680.4997,11:01:20.499,0.99,-0.01,0.16
1783965680.9991,11:01:20.999,0.99,-0.02,0.16
1783965681.4998,11:01:21.499,0.99,-0.02,0.16
1783965681.999,11:01:21.999,0.99,-0.01,0.14
1783965682.499,11:01:22.499,0.99,0.00,0.14
1783965682.9992,11:01:22.999,0.99,0.00,0.15
1783965683.4991,11:01:23.499,0.99,0.00,0.15
1783965683.9987,11:01:23.998,0.99,-0.01,0.15
1783965684.4992,11:01:24.499,0.98,-0.03,0.18
1783965684.9984,11:01:24.998,0.98,-0.05,0.19
1783965685.4983,11:01:25.498,0.98,-0.07,0.20
1783965685.9985,11:01:25.998,0.98,-0.06,0.20
1783965686.4982,11:01:26.498,0.98,-0.04,0.20
1783965686.9978,11:01:26.997,0.99,-0.01,0.17
1783965687.4977,11:01:27.497,0.99,0.00,0.16
1783965687.9975,11:01:27.997,0.99,0.01,0.16
1783965688.4973,11:01:28.497,0.98,0.21,0.03
1783965688.9976,11:01:28.997,0.97,0.22,0.01
1783965689.4976,11:01:29.497,0.97,0.22,0.00
1783965689.9973,11:01:29.997,0.98,0.18,0.03
1783965690.4973,11:01:30.497,0.99,0.11,0.07
1783965690.9974,11:01:30.997,0.99,0.10,0.07
1783965691.4968,11:01:31.496,0.99,0.08,0.09
1783965691.9973,11:01:31.997,0.99,0.05,0.11
1783965692.4965,11:01:32.496,0.99,0.05,0.11
1783965692.996,11:01:32.996,0.99,0.00,0.15
1783965693.4958,11:01:33.495,0.98,-0.05,0.19
1783965693.9955,11:01:33.995,0.98,-0.06,0.20
1783965694.4953,11:01:34.495,0.98,-0.06,0.20
1783965694.9952,11:01:34.995,0.98,-0.03,0.18
1783965695.4946,11:01:35.494,0.98,-0.03,0.18
1783965695.9937,11:01:35.993,0.99,-0.03,0.15
1783965696.4939,11:01:36.493,0.99,-0.03,0.15
1783965696.9935,11:01:36.993,0.99,-0.03,0.15
1783965697.4931,11:01:37.493,0.98,-0.05,0.18
1783965697.9927,11:01:37.992,0.98,-0.04,0.18
1783965698.4933,11:01:38.493,0.98,-0.04,0.18
1783965698.9929,11:01:38.992,0.98,-0.04,0.18
1783965699.4926,11:01:39.492,0.98,-0.05,0.18
1783965699.9926,11:01:39.992,0.98,-0.05,0.19
1783965700.4927,11:01:40.492,0.98,-0.06,0.19
1783965700.9929,11:01:40.992,0.98,-0.06,0.19
1783965701.4934,11:01:41.493,0.98,-0.06,0.19
1783965701.9926,11:01:41.992,0.98,-0.05,0.20
1783965702.4925,11:01:42.492,0.99,0.02,0.16
1783965702.9923,11:01:42.992,0.99,0.02,0.16
1783965703.4918,11:01:43.491,0.99,0.01,0.15
1783965703.9912,11:01:43.991,0.99,0.00,0.15
1783965704.4914,11:01:44.491,0.99,-0.01,0.16
1783965704.9909,11:01:44.990,0.98,-0.05,0.19
1783965705.4905,11:01:45.490,0.98,-0.05,0.18
1783965705.9911,11:01:45.991,0.98,-0.06,0.18
1783965706.4905,11:01:46.490,0.98,-0.04,0.18
1783965706.9904,11:01:46.990,0.98,-0.03,0.17
1783965707.4906,11:01:47.490,0.99,0.01,0.14
1783965707.9907,11:01:47.990,0.99,0.01,0.15
1783965708.4902,11:01:48.490,0.99,0.00,0.15
1783965708.9901,11:01:48.990,0.99,0.00,0.15
1783965709.4897,11:01:49.489,0.99,0.02,0.13
1783965709.9894,11:01:49.989,0.99,0.02,0.13
1783965710.489,11:01:50.489,0.99,0.01,0.14
1783965710.9893,11:01:50.989,0.99,0.01,0.14
1783965711.4893,11:01:51.489,0.99,0.00,0.14
1783965711.9891,11:01:51.989,0.99,0.02,0.11
1783965712.489,11:01:52.489,0.99,0.02,0.12
1783965712.989,11:01:52.989,0.99,0.02,0.12
1783965713.4893,11:01:53.489,0.99,0.04,0.11
1783965713.9895,11:01:53.989,0.99,0.14,0.04
1783965714.4888,11:01:54.488,0.99,0.13,0.04
1783965714.9884,11:01:54.988,0.99,0.11,0.06
1783965715.4886,11:01:55.488,0.99,0.05,0.10
1783965715.9878,11:01:55.987,0.99,0.03,0.12
1783965716.4875,11:01:56.487,0.99,0.02,0.14
1783965716.9877,11:01:56.987,0.99,0.02,0.15
1783965717.4874,11:01:57.487,0.98,0.00,0.17
1783965717.9872,11:01:57.987,0.98,-0.03,0.18
1783965718.4875,11:01:58.487,0.98,-0.04,0.19
1783965718.9875,11:01:58.987,0.98,-0.03,0.18
1783965719.4871,11:01:59.487,0.98,-0.05,0.19
1783965719.9869,11:01:59.986,0.98,-0.03,0.18
1783965720.4867,11:02:00.486,0.98,-0.05,0.19
1783965720.986,11:02:00.986,0.98,-0.04,0.19
1783965721.4864,11:02:01.486,0.98,-0.04,0.20
1783965721.9865,11:02:01.986,0.99,0.11,0.13
1783965722.4863,11:02:02.486,0.97,0.23,0.06
1783965722.9862,11:02:02.986,0.97,0.24,0.04
1783965723.4862,11:02:03.486,0.97,0.23,0.02
1783965723.9857,11:02:03.985,0.99,0.13,0.09
1783965724.4855,11:02:04.485,0.99,0.08,0.11
1783965724.986,11:02:04.986,0.99,0.05,0.13
1783965725.4856,11:02:05.485,0.99,0.04,0.12
1783965725.9853,11:02:05.985,0.99,0.00,0.16
1783965726.4854,11:02:06.485,0.99,-0.01,0.17
1783965726.9847,11:02:06.984,0.98,-0.02,0.18
1783965727.4845,11:02:07.484,0.99,-0.02,0.17
1783965727.9845,11:02:07.984,0.99,-0.01,0.16
1783965728.4842,11:02:08.484,0.99,-0.01,0.16
1783965728.9841,11:02:08.984,0.99,-0.01,0.16
1783965729.4848,11:02:09.484,0.99,0.00,0.15
1783965729.9846,11:02:09.984,0.99,0.03,0.12
1783965730.4843,11:02:10.484,0.99,0.03,0.11
1783965730.9847,11:02:10.984,0.99,0.03,0.11
1783965731.4846,11:02:11.484,0.99,0.03,0.11
1783965731.9839,11:02:11.983,0.99,0.05,0.12
1783965732.484,11:02:12.484,0.99,0.04,0.12
1783965732.9833,11:02:12.983,0.99,0.04,0.14
1783965733.483,11:02:13.483,0.99,0.02,0.15
1783965733.9834,11:02:13.983,0.99,-0.02,0.17
1783965734.4829,11:02:14.482,0.98,-0.05,0.20
1783965734.9821,11:02:14.982,0.97,-0.06,0.21
1783965735.4826,11:02:15.482,0.98,-0.07,0.21
1783965735.9822,11:02:15.982,0.97,-0.08,0.22
1783965736.4816,11:02:16.481,0.97,-0.08,0.22
1783965736.9821,11:02:16.982,0.97,-0.08,0.22
1783965737.4817,11:02:17.481,0.97,-0.08,0.21
1783965737.9812,11:02:17.981,0.98,-0.05,0.19
1783965738.4818,11:02:18.481,0.98,-0.03,0.17
1783965738.9817,11:02:18.981,0.98,-0.03,0.17
1783965739.4809,11:02:19.480,0.98,-0.06,0.20
1783965739.981,11:02:19.981,0.98,-0.06,0.20
1783965740.4816,11:02:20.481,0.98,-0.04,0.18
1783965740.9811,11:02:20.981,0.99,-0.01,0.15
1783965741.4813,11:02:21.481,0.99,0.01,0.15
1783965741.9812,11:02:21.981,0.99,0.03,0.13
1783965742.4809,11:02:22.480,0.99,0.04,0.13
1783965742.981,11:02:22.981,0.99,0.04,0.12
1783965743.4804,11:02:23.480,0.99,0.04,0.12
1783965743.9795,11:02:23.979,0.99,0.05,0.12
1783965744.4795,11:02:24.479,0.99,0.05,0.11
1783965744.9793,11:02:24.979,0.99,0.05,0.11
1783965745.4792,11:02:25.479,0.99,0.05,0.11
1783965745.9786,11:02:25.978,0.99,0.04,0.12
1783965746.4791,11:02:26.479,0.99,0.04,0.13
1783965746.9787,11:02:26.978,0.99,0.04,0.12
1783965747.4784,11:02:27.478,0.99,0.06,0.12
1783965747.9782,11:02:27.978,0.99,0.13,0.08
1783965748.4783,11:02:28.478,0.99,0.13,0.07
1783965748.9783,11:02:28.978,0.99,0.09,0.12
1783965749.4784,11:02:29.478,0.99,0.09,0.12
1783965749.978,11:02:29.978,0.99,0.11,0.10
1783965750.4777,11:02:30.477,0.99,0.10,0.10
1783965750.9775,11:02:30.977,0.99,0.09,0.10
1783965751.4772,11:02:31.477,0.99,0.16,0.03
1783965751.9769,11:02:31.976,0.93,0.35,-0.11
1783965752.4772,11:02:32.477,0.87,0.45,-0.18
1783965752.977,11:02:32.977,0.87,0.46,-0.16
1783965753.4764,11:02:33.476,0.87,0.47,-0.13
1783965753.9767,11:02:33.976,0.82,0.54,-0.18
1783965754.4767,11:02:34.476,0.74,0.63,-0.24
1783965754.9762,11:02:34.976,0.71,0.66,-0.25
1783965755.4764,11:02:35.476,0.72,0.66,-0.23
1783965755.9763,11:02:35.976,0.73,0.65,-0.21
1783965756.4759,11:02:36.475,0.73,0.65,-0.21
1783965756.9758,11:02:36.975,0.72,0.66,-0.22
1783965757.4756,11:02:37.475,0.73,0.65,-0.21
1783965757.9755,11:02:37.975,0.77,0.61,-0.16
1783965758.4753,11:02:38.475,0.77,0.61,-0.16
1783965758.9756,11:02:38.975,0.72,0.66,-0.21
1783965759.475,11:02:39.475,0.72,0.66,-0.21
1783965759.9749,11:02:39.974,0.78,0.61,-0.16
1783965760.4749,11:02:40.474,0.76,0.62,-0.17
1783965760.9748,11:02:40.974,0.77,0.62,-0.17
1783965761.4741,11:02:41.474,0.77,0.61,-0.16
1783965761.974,11:02:41.974,0.79,0.59,-0.14
1783965762.4734,11:02:42.473,0.81,0.57,-0.14
1783965762.9734,11:02:42.973,0.87,0.49,-0.10
1783965763.4739,11:02:43.473,0.93,0.37,-0.04
1783965763.9735,11:02:43.973,0.95,0.32,-0.03
1783965764.4726,11:02:44.472,0.97,0.26,-0.01
1783965764.9732,11:02:44.973,0.98,0.19,0.03
1783965765.4727,11:02:45.472,0.99,0.12,0.07
1783965765.9722,11:02:45.972,0.99,0.07,0.11
1783965766.4727,11:02:46.472,0.99,0.06,0.12
1783965766.9723,11:02:46.972,0.99,0.05,0.12
1783965767.4718,11:02:47.471,0.99,0.04,0.12
1783965767.972,11:02:47.972,0.99,0.04,0.12
1783965768.4715,11:02:48.471,0.99,0.04,0.12
1783965768.9711,11:02:48.971,0.99,0.04,0.13
1783965769.4712,11:02:49.471,0.99,0.04,0.12
1783965769.971,11:02:49.971,0.99,0.04,0.12
1783965770.4707,11:02:50.470,0.99,0.03,0.12
1783965770.9709,11:02:50.970,0.99,0.03,0.12
1783965771.4712,11:02:51.471,0.99,0.00,0.15
1783965771.9708,11:02:51.970,0.99,0.00,0.15
1783965772.4709,11:02:52.470,0.99,0.02,0.13
1783965772.9705,11:02:52.970,0.99,0.02,0.13
1783965773.4701,11:02:53.470,0.99,0.02,0.13
1783965773.97,11:02:53.970,0.99,0.00,0.15
1783965774.4704,11:02:54.470,0.99,0.00,0.15
1783965774.9701,11:02:54.970,0.99,0.01,0.13
1783965775.4701,11:02:55.470,0.99,0.01,0.13
1783965775.9708,11:02:55.970,0.99,0.00,0.14
1783965776.4702,11:02:56.470,0.99,-0.01,0.15
1783965776.9701,11:02:56.970,0.98,-0.02,0.17
1783965777.4707,11:02:57.470,0.98,-0.05,0.20
1783965777.9696,11:02:57.969,0.98,-0.05,0.19
1783965778.4692,11:02:58.469,0.98,-0.04,0.20
1783965778.9695,11:02:58.969,0.98,-0.05,0.20
1783965779.4687,11:02:59.468,0.98,-0.03,0.18
1783965779.9682,11:02:59.968,0.99,-0.01,0.17
1783965780.4681,11:03:00.468,0.99,-0.01,0.16
1783965780.9673,11:03:00.967,0.99,-0.01,0.16
1783965781.4666,11:03:01.466,0.99,0.04,0.12
1783965781.9672,11:03:01.967,0.99,0.05,0.11
1783965782.4665,11:03:02.466,0.99,0.05,0.10
1783965782.9659,11:03:02.965,0.99,0.07,0.09
1783965783.4664,11:03:03.466,0.99,0.10,0.06
1783965783.9664,11:03:03.966,0.99,0.11,0.05
1783965784.4655,11:03:04.465,0.99,0.12,0.05
1783965784.9663,11:03:04.966,0.99,0.12,0.05
1783965785.4662,11:03:05.466,0.99,0.14,0.04
1783965785.9656,11:03:05.965,0.99,0.14,0.04
1783965786.4657,11:03:06.465,0.99,0.14,0.04
1783965786.9661,11:03:06.966,0.99,0.17,0.01
1783965787.4658,11:03:07.465,0.99,0.17,0.02
1783965787.9654,11:03:07.965,0.99,0.13,0.05
1783965788.4656,11:03:08.465,0.99,0.13,0.05
1783965788.9651,11:03:08.965,0.98,0.19,-0.01
1783965789.4649,11:03:09.464,0.98,0.20,-0.01
1783965789.9652,11:03:09.965,0.98,0.17,0.01
1783965790.465,11:03:10.465,0.99,0.08,0.09
1783965790.9647,11:03:10.964,0.99,0.08,0.08
1783965791.4647,11:03:11.464,0.98,0.21,-0.04
1783965791.964,11:03:11.964,0.92,0.36,-0.16
1783965792.4638,11:03:12.463,0.91,0.38,-0.18
1783965792.9643,11:03:12.964,0.91,0.38,-0.16
1783965793.4633,11:03:13.463,0.94,0.32,-0.09
1783965793.9631,11:03:13.963,0.97,0.25,-0.03
1783965794.4633,11:03:14.463,0.99,0.12,0.07
1783965794.9632,11:03:14.963,0.99,0.04,0.13
1783965795.4624,11:03:15.462,0.99,0.01,0.14
1783965795.9627,11:03:15.962,0.99,0.01,0.14
1783965796.4623,11:03:16.462,0.99,0.09,0.08
1783965796.962,11:03:16.962,0.97,0.22,-0.04
1783965797.462,11:03:17.462,0.93,0.33,-0.14
1783965797.9616,11:03:17.961,0.88,0.42,-0.21
1783965798.4615,11:03:18.461,0.85,0.47,-0.24
1783965798.9619,11:03:18.961,0.86,0.46,-0.23
1783965799.4616,11:03:19.461,0.88,0.44,-0.20
1783965799.961,11:03:19.961,0.93,0.34,-0.12
1783965800.4611,11:03:20.461,0.97,0.25,-0.04
1783965800.9609,11:03:20.960,0.98,0.22,0.00
1783965801.4607,11:03:21.460,0.99,0.12,0.08
1783965801.9609,11:03:21.960,0.99,0.03,0.15
1783965802.4612,11:03:22.461,0.99,0.01,0.17
1783965802.9608,11:03:22.960,0.99,0.01,0.16
1783965803.4611,11:03:23.461,0.99,0.06,0.11
1783965803.9607,11:03:23.960,0.99,0.06,0.11
1783965804.4604,11:03:24.460,0.99,0.02,0.15
1783965804.9598,11:03:24.959,0.99,0.02,0.15
1783965805.4602,11:03:25.460,0.99,0.06,0.11
1783965805.9593,11:03:25.959,0.97,0.24,0.01
1783965806.4589,11:03:26.458,0.92,0.38,-0.09
1783965806.9594,11:03:26.959,0.83,0.52,-0.18
1783965807.459,11:03:27.459,0.79,0.58,-0.21
1783965807.9587,11:03:27.958,0.78,0.59,-0.19
1783965808.4589,11:03:28.458,0.82,0.55,-0.15
1783965808.9587,11:03:28.958,0.80,0.57,-0.17
1783965809.4579,11:03:29.457,0.77,0.60,-0.21
1783965809.9584,11:03:29.958,0.77,0.60,-0.21
1783965810.4584,11:03:30.458,0.77,0.60,-0.21
1783965810.9581,11:03:30.958,0.75,0.63,-0.22
1783965811.4585,11:03:31.458,0.76,0.62,-0.20
1783965811.9584,11:03:31.958,0.76,0.62,-0.20
1783965812.4578,11:03:32.457,0.81,0.56,-0.14
1783965812.9577,11:03:32.957,0.83,0.54,-0.13
1783965813.4573,11:03:33.457,0.82,0.55,-0.16
1783965813.9566,11:03:33.956,0.76,0.62,-0.20
1783965814.4568,11:03:34.456,0.76,0.62,-0.20
1783965814.9564,11:03:34.956,0.75,0.62,-0.20
1783965815.4563,11:03:35.456,0.76,0.62,-0.20
1783965815.9564,11:03:35.956,0.77,0.61,-0.18
1783965816.4563,11:03:36.456,0.78,0.60,-0.18
1783965816.9561,11:03:36.956,0.87,0.49,-0.10
1783965817.4562,11:03:37.456,0.96,0.29,0.05
1783965817.9561,11:03:37.956,0.96,0.28,0.04
1783965818.4556,11:03:38.455,0.92,0.40,-0.04
1783965818.9554,11:03:38.955,0.86,0.50,-0.12
1783965819.4557,11:03:39.455,0.86,0.50,-0.12
1783965819.9553,11:03:39.955,0.87,0.48,-0.13
1783965820.4556,11:03:40.455,0.88,0.46,-0.12
1783965820.9556,11:03:40.955,0.88,0.47,-0.11
1783965821.4553,11:03:41.455,0.87,0.48,-0.11
1783965821.9551,11:03:41.955,0.83,0.54,-0.15
1783965822.455,11:03:42.455,0.82,0.55,-0.14
1783965822.9547,11:03:42.954,0.84,0.52,-0.13
1783965823.4542,11:03:43.454,0.84,0.53,-0.12
1783965823.9541,11:03:43.954,0.83,0.54,-0.12
1783965824.4539,11:03:44.453,0.83,0.54,-0.12
1783965824.9534,11:03:44.953,0.86,0.50,-0.10
1783965825.4536,11:03:45.453,0.87,0.49,-0.08
1783965825.9533,11:03:45.953,0.87,0.49,-0.08
1783965826.4535,11:03:46.453,0.87,0.48,-0.09
1783965826.9534,11:03:46.953,0.83,0.55,-0.14
1783965827.4524,11:03:47.452,0.80,0.58,-0.15
1783965827.9519,11:03:47.951,0.81,0.57,-0.15
1783965828.4519,11:03:48.451,0.81,0.57,-0.15
1783965828.9524,11:03:48.952,0.85,0.52,-0.10
1783965829.4521,11:03:49.452,0.85,0.52,-0.10
1783965829.952,11:03:49.952,0.85,0.52,-0.11
1783965830.452,11:03:50.452,0.85,0.52,-0.11
1783965830.9513,11:03:50.951,0.84,0.53,-0.12
1783965831.4511,11:03:51.451,0.84,0.53,-0.12
1783965831.9516,11:03:51.951,0.81,0.56,-0.16
1783965832.4508,11:03:52.450,0.81,0.57,-0.15
1783965832.951,11:03:52.951,0.80,0.58,-0.15
1783965833.4505,11:03:53.450,0.79,0.58,-0.16
1783965833.9499,11:03:53.949,0.81,0.57,-0.14
1783965834.4504,11:03:54.450,0.84,0.53,-0.10
1783965834.95,11:03:54.950,0.88,0.46,-0.06
1783965835.4499,11:03:55.449,0.94,0.35,0.00
1783965835.9499,11:03:55.949,0.97,0.24,0.06
1783965836.4498,11:03:56.449,0.98,0.17,0.09
1783965836.9496,11:03:56.949,0.99,0.12,0.12
1783965837.4497,11:03:57.449,0.99,0.09,0.12
1783965837.9495,11:03:57.949,0.99,0.07,0.13
1783965838.4491,11:03:58.449,0.99,0.07,0.12
1783965838.9489,11:03:58.948,0.99,0.07,0.13
1783965839.449,11:03:59.449,0.96,0.29,-0.04
1783965839.9486,11:03:59.948,0.93,0.36,-0.07
1783965840.4481,11:04:00.448,0.89,0.44,-0.13
1783965840.9485,11:04:00.948,0.88,0.45,-0.13
1783965841.4486,11:04:01.448,0.88,0.46,-0.12
1783965841.9484,11:04:01.948,0.88,0.47,-0.11
1783965842.448,11:04:02.448,0.88,0.47,-0.10
1783965842.9481,11:04:02.948,0.88,0.47,-0.09
1783965843.4475,11:04:03.447,0.88,0.46,-0.06
1783965843.948,11:04:03.948,0.88,0.47,-0.05
1783965844.448,11:04:04.448,0.89,0.46,-0.05
1783965844.9483,11:04:04.948,0.90,0.44,-0.04
1783965845.4479,11:04:05.447,0.90,0.44,-0.05
1783965845.9478,11:04:05.947,0.89,0.45,-0.05
1783965846.4468,11:04:06.446,0.85,0.52,-0.09
1783965846.9465,11:04:06.946,0.85,0.52,-0.09
1783965847.4464,11:04:07.446,0.83,0.55,-0.12
1783965847.9461,11:04:07.946,0.82,0.56,-0.13
1783965848.4462,11:04:08.446,0.82,0.56,-0.13
1783965848.9464,11:04:08.946,0.78,0.60,-0.17
1783965849.4458,11:04:09.445,0.77,0.61,-0.18
1783965849.9461,11:04:09.946,0.75,0.63,-0.20
1783965850.4461,11:04:10.446,0.72,0.66,-0.22
1783965850.9455,11:04:10.945,0.69,0.68,-0.24
1783965851.4452,11:04:11.445,0.69,0.68,-0.25
1783965851.9452,11:04:11.945,0.72,0.65,-0.23
1783965852.4447,11:04:12.444,0.75,0.63,-0.21
1783965852.9445,11:04:12.944,0.77,0.60,-0.20
1783965853.4442,11:04:13.444,0.80,0.57,-0.17
1783965853.9438,11:04:13.943,0.86,0.50,-0.10
1783965854.4437,11:04:14.443,0.89,0.44,-0.07
1783965854.9435,11:04:14.943,0.90,0.43,-0.08
1783965855.4432,11:04:15.443,0.89,0.45,-0.12
1783965855.943,11:04:15.943,0.87,0.48,-0.14
1783965856.4431,11:04:16.443,0.82,0.53,-0.20
1783965856.9427,11:04:16.942,0.79,0.57,-0.22
1783965857.4422,11:04:17.442,0.80,0.57,-0.21
1783965857.942,11:04:17.942,0.83,0.53,-0.17
1783965858.4421,11:04:18.442,0.87,0.47,-0.13
1783965858.9419,11:04:18.941,0.87,0.47,-0.13
1783965859.4426,11:04:19.442,0.84,0.52,-0.18
1783965859.9427,11:04:19.942,0.82,0.53,-0.20
1783965860.4423,11:04:20.442,0.82,0.54,-0.20
1783965860.9428,11:04:20.942,0.83,0.53,-0.20
1783965861.4424,11:04:21.442,0.84,0.50,-0.19
1783965861.9421,11:04:21.942,0.85,0.49,-0.18
1783965862.4422,11:04:22.442,0.97,0.23,0.09
1783965862.9417,11:04:22.941,0.97,0.21,0.10
1783965863.4416,11:04:23.441,0.88,0.46,-0.15
1783965863.9417,11:04:23.941,0.87,0.47,-0.14
1783965864.4411,11:04:24.441,0.90,0.43,-0.11
1783965864.9404,11:04:24.940,0.90,0.42,-0.10
1783965865.4408,11:04:25.440,0.89,0.44,-0.11
1783965865.9411,11:04:25.941,0.89,0.45,-0.09
1783965866.4403,11:04:26.440,0.88,0.46,-0.11
1783965866.9404,11:04:26.940,0.88,0.46,-0.09
1783965867.4406,11:04:27.440,0.88,0.46,-0.09
1783965867.9401,11:04:27.940,0.87,0.48,-0.09
1783965868.4397,11:04:28.439,0.87,0.49,-0.09
1783965868.9401,11:04:28.940,0.87,0.49,-0.09
1783965869.4399,11:04:29.439,0.89,0.46,-0.07
1783965869.9393,11:04:29.939,0.89,0.44,-0.08
1783965870.4394,11:04:30.439,0.91,0.41,-0.06
1783965870.9388,11:04:30.938,0.90,0.43,-0.08
1783965871.4388,11:04:31.438,0.90,0.42,-0.08
1783965871.9386,11:04:31.938,0.91,0.41,-0.07
1783965872.4386,11:04:32.438,0.90,0.44,-0.07
1783965872.938,11:04:32.938,0.88,0.46,-0.08
1783965873.4379,11:04:33.437,0.84,0.53,-0.10
1783965873.9378,11:04:33.937,0.85,0.52,-0.10
1783965874.4377,11:04:34.437,0.81,0.57,-0.13
1783965874.9377,11:04:34.937,0.75,0.64,-0.18
1783965875.438,11:04:35.438,0.73,0.65,-0.21
1783965875.9376,11:04:35.937,0.75,0.63,-0.20
1783965876.4383,11:04:36.438,0.75,0.63,-0.20
1783965876.9381,11:04:36.938,0.77,0.60,-0.21
1783965877.4371,11:04:37.437,0.80,0.58,-0.18
1783965877.9374,11:04:37.937,0.85,0.52,-0.13
1783965878.4375,11:04:38.437,0.88,0.47,-0.09
1783965878.9368,11:04:38.936,0.88,0.47,-0.09
1783965879.4372,11:04:39.437,0.86,0.50,-0.12
1783965879.9375,11:04:39.937,0.85,0.51,-0.12
1783965880.4371,11:04:40.437,0.89,0.45,-0.08
1783965880.9367,11:04:40.936,0.88,0.47,-0.09
1783965881.4365,11:04:41.436,0.87,0.48,-0.10
1783965881.936,11:04:41.936,0.88,0.47,-0.08
1783965882.4356,11:04:42.435,0.90,0.44,-0.05
1783965882.9357,11:04:42.935,0.90,0.43,-0.05
1783965883.4349,11:04:43.434,0.89,0.45,-0.07
1783965883.9348,11:04:43.934,0.88,0.46,-0.06
1783965884.435,11:04:44.435,0.86,0.51,-0.08
1783965884.9346,11:04:44.934,0.82,0.56,-0.12
1783965885.4342,11:04:45.434,0.80,0.58,-0.15
1783965885.9345,11:04:45.934,0.81,0.57,-0.14
1783965886.4343,11:04:46.434,0.85,0.52,-0.08
1783965886.9339,11:04:46.933,0.90,0.44,-0.03
1783965887.4342,11:04:47.434,0.89,0.45,-0.02
1783965887.9334,11:04:47.933,0.88,0.48,-0.04
1783965888.4333,11:04:48.433,0.87,0.50,-0.06
1783965888.9337,11:04:48.933,0.86,0.50,-0.06
1783965889.4332,11:04:49.433,0.87,0.49,-0.07
1783965889.9328,11:04:49.932,0.85,0.52,-0.07
1783965890.4331,11:04:50.433,0.86,0.51,-0.07
1783965890.9331,11:04:50.933,0.87,0.49,-0.05
1783965891.4328,11:04:51.432,0.87,0.49,-0.04
1783965891.933,11:04:51.933,0.84,0.53,-0.08
1783965892.4331,11:04:52.433,0.84,0.53,-0.08
1783965892.9327,11:04:52.932,0.84,0.53,-0.08
1783965893.4328,11:04:53.432,0.88,0.48,-0.03
1783965893.9322,11:04:53.932,0.87,0.49,-0.04
1783965894.4317,11:04:54.431,0.87,0.49,-0.04
1783965894.9317,11:04:54.931,0.86,0.51,-0.07
1783965895.4322,11:04:55.432,0.83,0.55,-0.10
1783965895.9314,11:04:55.931,0.80,0.58,-0.15
1783965896.4314,11:04:56.431,0.80,0.58,-0.16
1783965896.9313,11:04:56.931,0.86,0.49,-0.12
1783965897.4309,11:04:57.430,0.86,0.49,-0.11
1783965897.9308,11:04:57.930,0.89,0.44,-0.08
1783965898.4306,11:04:58.430,0.93,0.35,-0.02
1783965898.9305,11:04:58.930,0.98,0.12,0.18
1783965899.4301,11:04:59.430,0.93,0.35,-0.05
1783965899.9298,11:04:59.929,0.89,0.43,-0.15
1783965900.4298,11:05:00.429,0.87,0.47,-0.16
1783965900.9299,11:05:00.929,0.82,0.54,-0.21
1783965901.4299,11:05:01.429,0.77,0.60,-0.23
1783965901.9292,11:05:01.929,0.77,0.60,-0.22
1783965902.429,11:05:02.429,0.76,0.61,-0.21
1783965902.9291,11:05:02.929,0.78,0.60,-0.19
1783965903.4291,11:05:03.429,0.79,0.58,-0.17
1783965903.9294,11:05:03.929,0.80,0.59,-0.15
1783965904.4298,11:05:04.429,0.76,0.62,-0.18
1783965904.9297,11:05:04.929,0.74,0.64,-0.20
1783965905.4289,11:05:05.428,0.70,0.67,-0.23
1783965905.9289,11:05:05.928,0.70,0.67,-0.23
1783965906.4286,11:05:06.428,0.70,0.68,-0.22
1783965906.928,11:05:06.928,0.70,0.68,-0.21
1783965907.4283,11:05:07.428,0.70,0.68,-0.21
1783965907.9283,11:05:07.928,0.71,0.68,-0.19
1783965908.428,11:05:08.428,0.69,0.69,-0.21
1783965908.928,11:05:08.928,0.68,0.70,-0.22
1783965909.4281,11:05:09.428,0.68,0.70,-0.22
1783965909.9275,11:05:09.927,0.67,0.71,-0.23
1783965910.4273,11:05:10.427,0.68,0.70,-0.22
1783965910.9275,11:05:10.927,0.67,0.71,-0.22
1783965911.4274,11:05:11.427,0.67,0.71,-0.22
1783965911.9274,11:05:11.927,0.67,0.70,-0.22
1783965912.4274,11:05:12.427,0.67,0.71,-0.22
1783965912.9266,11:05:12.926,0.67,0.71,-0.22
1783965913.4261,11:05:13.426,0.67,0.71,-0.22
1783965913.9257,11:05:13.925,0.74,0.65,-0.17
1783965914.4254,11:05:14.425,0.74,0.65,-0.17
1783965914.925,11:05:14.925,0.72,0.67,-0.18
1783965915.4256,11:05:15.425,0.69,0.69,-0.20
1783965915.9248,11:05:15.924,0.65,0.72,-0.23
1783965916.4242,11:05:16.424,0.65,0.72,-0.23
1783965916.9247,11:05:16.924,0.65,0.72,-0.24
1783965917.4245,11:05:17.424,0.68,0.70,-0.22
1783965917.9242,11:05:17.924,0.68,0.70,-0.22
1783965918.4248,11:05:18.424,0.69,0.69,-0.21
1783965918.9247,11:05:18.924,0.69,0.69,-0.21
1783965919.4249,11:05:19.424,0.72,0.67,-0.20
1783965919.9252,11:05:19.925,0.77,0.62,-0.15
1783965920.4246,11:05:20.424,0.80,0.59,-0.13
1783965920.9243,11:05:20.924,0.82,0.56,-0.11
1783965921.4241,11:05:21.424,0.84,0.53,-0.09
1783965921.9238,11:05:21.923,0.84,0.54,-0.09
1783965922.4236,11:05:22.423,0.83,0.54,-0.10
1783965922.9239,11:05:22.923,0.83,0.54,-0.10
1783965923.4237,11:05:23.423,0.84,0.54,-0.07
1783965923.9228,11:05:23.922,0.81,0.58,-0.11
1783965924.4226,11:05:24.422,0.79,0.60,-0.14
1783965924.9224,11:05:24.922,0.79,0.60,-0.14
1783965925.4217,11:05:25.421,0.77,0.62,-0.14
1783965925.9215,11:05:25.921,0.77,0.62,-0.14
1783965926.4214,11:05:26.421,0.76,0.63,-0.17
1783965926.921,11:05:26.921,0.77,0.62,-0.16
1783965927.4209,11:05:27.420,0.77,0.61,-0.16
1783965927.9211,11:05:27.921,0.77,0.63,-0.15
1783965928.4204,11:05:28.420,0.76,0.64,-0.15
1783965928.9202,11:05:28.920,0.77,0.62,-0.15
1783965929.4203,11:05:29.420,0.78,0.61,-0.15
1783965929.9195,11:05:29.919,0.77,0.62,-0.16
1783965930.4199,11:05:30.419,0.71,0.67,-0.21
1783965930.9197,11:05:30.919,0.71,0.67,-0.22
1783965931.4192,11:05:31.419,0.72,0.66,-0.21
1783965931.919,11:05:31.919,0.77,0.62,-0.17
1783965932.4197,11:05:32.419,0.78,0.61,-0.15
1783965932.9192,11:05:32.919,0.77,0.61,-0.16
1783965933.4191,11:05:33.419,0.77,0.62,-0.17
1783965933.9197,11:05:33.919,0.75,0.63,-0.21
1783965934.4195,11:05:34.419,0.78,0.59,-0.18
1783965934.9192,11:05:34.919,0.79,0.58,-0.20
1783965935.419,11:05:35.419,0.73,0.64,-0.24
1783965935.9185,11:05:35.918,0.70,0.67,-0.26
1783965936.4177,11:05:36.417,0.68,0.68,-0.27
1783965936.9184,11:05:36.918,0.64,0.71,-0.29
1783965937.4181,11:05:37.418,0.64,0.71,-0.29
1783965937.918,11:05:37.918,0.64,0.70,-0.30
1783965938.4182,11:05:38.418,0.69,0.67,-0.27
1783965938.9183,11:05:38.918,0.70,0.66,-0.28
1783965939.418,11:05:39.418,0.71,0.65,-0.28
1783965939.9177,11:05:39.917,0.71,0.65,-0.28
1783965940.4179,11:05:40.417,0.75,0.62,-0.24
1783965940.9174,11:05:40.917,0.80,0.57,-0.19
1783965941.4172,11:05:41.417,0.82,0.54,-0.17
1783965941.9173,11:05:41.917,0.86,0.50,-0.14
1783965942.4167,11:05:42.416,0.87,0.47,-0.11
1783965942.9168,11:05:42.916,0.97,0.08,0.22
1783965943.417,11:05:43.417,0.97,0.02,0.26
1783965943.9162,11:05:43.916,0.97,0.02,0.26
1783965944.4161,11:05:44.416,0.92,0.39,-0.04
1783965944.9161,11:05:44.916,0.86,0.50,-0.14
1783965945.4156,11:05:45.415,0.86,0.48,-0.15
1783965945.9158,11:05:45.915,0.87,0.48,-0.14
1783965946.4162,11:05:46.416,0.82,0.53,-0.20
1783965946.9152,11:05:46.915,0.75,0.60,-0.26
1783965947.4149,11:05:47.414,0.73,0.63,-0.28
1783965947.9151,11:05:47.915,0.73,0.63,-0.28
1783965948.4146,11:05:48.414,0.73,0.63,-0.28
1783965948.9144,11:05:48.914,0.81,0.54,-0.22
1783965949.4148,11:05:49.414,0.89,0.43,-0.14
1783965949.9148,11:05:49.914,0.90,0.41,-0.14
1783965950.4143,11:05:50.414,0.94,0.34,-0.09
1783965950.9146,11:05:50.914,0.98,0.18,0.03
1783965951.4143,11:05:51.414,0.98,0.18,0.03
1783965951.9141,11:05:51.914,0.99,0.16,0.06
1783965952.4145,11:05:52.414,0.98,0.18,0.04
1783965952.9141,11:05:52.914,0.98,0.20,0.02
1783965953.4135,11:05:53.413,0.98,0.20,0.02
1783965953.9138,11:05:53.913,0.99,0.15,0.06
1783965954.4129,11:05:54.412,0.99,0.14,0.07
1783965954.912,11:05:54.912,0.96,0.27,-0.02
1783965955.4124,11:05:55.412,0.92,0.37,-0.11
1783965955.9123,11:05:55.912,0.90,0.42,-0.14
1783965956.4119,11:05:56.411,0.97,0.22,0.07
1783965956.912,11:05:56.912,0.97,0.21,0.09
1783965957.412,11:05:57.412,0.97,0.19,0.12
1783965957.9115,11:05:57.911,0.91,0.41,-0.09
1783965958.4111,11:05:58.411,0.91,0.40,-0.08
1783965958.9112,11:05:58.911,0.92,0.38,-0.08
1783965959.4108,11:05:59.410,0.90,0.42,-0.10
1783965959.9105,11:05:59.910,0.89,0.44,-0.09
1783965960.4107,11:06:00.410,0.91,0.41,-0.05
1783965960.9104,11:06:00.910,0.95,0.30,0.06
1783965961.4101,11:06:01.410,0.97,0.23,0.11
1783965961.91,11:06:01.910,0.98,0.08,0.21
1783965962.4093,11:06:02.409,0.98,0.07,0.19
1783965962.9093,11:06:02.909,0.98,0.09,0.18
1783965963.4094,11:06:03.409,0.97,0.24,0.07
1783965963.9092,11:06:03.909,0.97,0.23,0.07
1783965964.4089,11:06:04.408,0.98,0.17,0.10
1783965964.9089,11:06:04.908,0.98,0.10,0.14
1783965965.4088,11:06:05.408,0.98,0.06,0.17
1783965965.9086,11:06:05.908,0.98,0.06,0.16
1783965966.4089,11:06:06.408,0.99,0.05,0.16
1783965966.9091,11:06:06.909,0.99,0.05,0.16
1783965967.4082,11:06:07.408,0.99,0.07,0.14
1783965967.9082,11:06:07.908,0.99,0.12,0.11
1783965968.4083,11:06:08.408,0.97,0.24,0.02
1783965968.9075,11:06:08.907,0.94,0.33,-0.04
1783965969.4074,11:06:09.407,0.92,0.38,-0.05
1783965969.9077,11:06:09.907,0.88,0.46,-0.11
1783965970.407,11:06:10.407,0.80,0.57,-0.19
1783965970.9074,11:06:10.907,0.77,0.60,-0.21
1783965971.4076,11:06:11.407,0.70,0.67,-0.25
1783965971.9073,11:06:11.907,0.69,0.68,-0.26
1783965972.4073,11:06:12.407,0.68,0.69,-0.26
1783965972.908,11:06:12.908,0.72,0.66,-0.21
1783965973.4074,11:06:13.407,0.76,0.63,-0.18
1783965973.9075,11:06:13.907,0.84,0.53,-0.13
1783965974.4079,11:06:14.407,0.92,0.40,-0.05
1783965974.907,11:06:14.907,0.97,0.23,0.05
1783965975.4067,11:06:15.406,0.99,0.10,0.14
1783965975.9067,11:06:15.906,0.98,0.02,0.19
1783965976.4064,11:06:16.406,0.98,0.02,0.19
1783965976.9063,11:06:16.906,0.99,0.05,0.16
1783965977.4063,11:06:17.406,0.98,0.15,0.09
1783965977.906,11:06:17.906,0.97,0.26,0.02
1783965978.4058,11:06:18.405,0.94,0.33,0.00
1783965978.9061,11:06:18.906,0.91,0.41,-0.04
1783965979.4061,11:06:19.406,0.86,0.50,-0.10
1783965979.9058,11:06:19.905,0.86,0.50,-0.09
1783965980.4064,11:06:20.406,0.87,0.48,-0.07
1783965980.9058,11:06:20.905,0.88,0.48,-0.07
1783965981.4049,11:06:21.404,0.90,0.44,-0.03
1783965981.9051,11:06:21.905,0.90,0.44,-0.03
1783965982.405,11:06:22.405,0.89,0.44,-0.04
1783965982.9038,11:06:22.903,0.88,0.47,-0.07
1783965983.4041,11:06:23.404,0.87,0.48,-0.06
1783965983.9041,11:06:23.904,0.85,0.52,-0.09
1783965984.4036,11:06:24.403,0.85,0.53,-0.09
1783965984.9038,11:06:24.903,0.90,0.44,-0.03
1783965985.4033,11:06:25.403,0.96,0.28,0.05
1783965985.9025,11:06:25.902,0.98,0.17,0.11
1783965986.4024,11:06:26.402,0.98,0.11,0.14
1783965986.9026,11:06:26.902,0.98,0.11,0.14
1783965987.4023,11:06:27.402,0.97,0.26,0.03
1783965987.9025,11:06:27.902,0.92,0.38,-0.05
1783965988.4024,11:06:28.402,0.93,0.37,-0.06
1783965988.9018,11:06:28.901,0.98,0.20,0.06
1783965989.4019,11:06:29.401,0.98,0.20,0.06
1783965989.9017,11:06:29.901,0.97,0.23,0.03
1783965990.4013,11:06:30.401,0.95,0.31,-0.02
1783965990.9013,11:06:30.901,0.95,0.30,-0.01
1783965991.4013,11:06:31.401,0.95,0.32,0.00
1783965991.9013,11:06:31.901,0.91,0.41,-0.04
1783965992.4014,11:06:32.401,0.87,0.48,-0.09
1783965992.9013,11:06:32.901,0.86,0.50,-0.10
1783965993.4009,11:06:33.400,0.89,0.45,-0.07
1783965993.9004,11:06:33.900,0.89,0.45,-0.08
1783965994.4002,11:06:34.400,0.89,0.45,-0.07
1783965994.8999,11:06:34.899,0.91,0.42,-0.04
1783965995.3999,11:06:35.399,0.95,0.32,0.04
1783965995.8998,11:06:35.899,0.95,0.31,0.05
1783965996.3996,11:06:36.399,0.95,0.30,0.06
1783965996.8989,11:06:36.898,0.95,0.30,0.05
1783965997.3989,11:06:37.398,0.96,0.26,0.06
1783965997.8984,11:06:37.898,0.98,0.14,0.12
1783965998.3978,11:06:38.397,0.99,0.05,0.16
1783965998.8981,11:06:38.898,0.98,0.02,0.18
1783965999.3981,11:06:39.398,0.98,-0.01,0.20
1783965999.8974,11:06:39.897,0.98,-0.03,0.22
1783966000.3976,11:06:40.397,0.98,-0.03,0.21
1783966000.8973,11:06:40.897,0.98,-0.02,0.20
1783966001.3965,11:06:41.396,0.98,-0.02,0.19
1783966001.8967,11:06:41.896,0.98,-0.03,0.20
1783966002.3974,11:06:42.397,0.98,-0.01,0.20
1783966002.897,11:06:42.897,0.98,-0.02,0.20
1783966003.3971,11:06:43.397,0.98,-0.03,0.21
1783966003.8972,11:06:43.897,0.98,-0.03,0.21
1783966004.3969,11:06:44.396,0.98,-0.04,0.21
1783966004.8967,11:06:44.896,0.98,-0.04,0.21
1783966005.3966,11:06:45.396,0.98,-0.04,0.21
1783966005.8962,11:06:45.896,0.98,-0.04,0.21
1783966006.3965,11:06:46.396,0.98,-0.03,0.20
1783966006.8963,11:06:46.896,0.98,-0.03,0.20
1783966007.396,11:06:47.396,0.98,-0.05,0.21
1783966007.8952,11:06:47.895,0.98,-0.06,0.20
1783966008.3951,11:06:48.395,0.98,-0.06,0.20
1783966008.8947,11:06:48.894,0.98,-0.02,0.17
1783966009.3944,11:06:49.394,0.99,0.02,0.14
1783966009.895,11:06:49.895,0.99,0.03,0.14
1783966010.3944,11:06:50.394,0.99,0.03,0.14
1783966010.8945,11:06:50.894,0.99,0.03,0.14
1783966011.3949,11:06:51.394,0.99,0.03,0.16
1783966011.8956,11:06:51.895,0.99,0.03,0.15
1783966012.3949,11:06:52.394,0.99,0.05,0.11
1783966012.8948,11:06:52.894,0.99,0.07,0.10
1783966013.3944,11:06:53.394,0.99,0.07,0.10
1783966013.8939,11:06:53.893,0.99,0.02,0.14
1783966014.3939,11:06:54.393,0.98,0.01,0.18
1783966014.894,11:06:54.894,0.98,0.01,0.17
1783966015.3932,11:06:55.393,0.98,-0.01,0.18
1783966015.8933,11:06:55.893,0.98,-0.01,0.17
1783966016.3929,11:06:56.392,0.98,-0.01,0.17
1783966016.8924,11:06:56.892,0.98,-0.02,0.17
1783966017.3926,11:06:57.392,0.99,-0.01,0.17
1783966017.8933,11:06:57.893,0.99,0.00,0.17
1783966018.3927,11:06:58.392,0.99,0.00,0.17
1783966018.8928,11:06:58.892,0.99,-0.01,0.17
1783966019.3928,11:06:59.392,0.98,-0.03,0.19
1783966019.8918,11:06:59.891,0.98,-0.03,0.19
1783966020.3913,11:07:00.391,0.98,-0.01,0.18
1783966020.8913,11:07:00.891,0.98,0.00,0.18
1783966021.391,11:07:01.391,0.98,0.00,0.18
1783966021.891,11:07:01.891,0.98,0.00,0.18
1783966022.3915,11:07:02.391,0.99,-0.01,0.17
1783966022.8913,11:07:02.891,0.98,-0.02,0.18
1783966023.3914,11:07:03.391,0.98,-0.06,0.20
1783966023.8914,11:07:03.891,0.98,-0.06,0.20
1783966024.3913,11:07:04.391,0.98,-0.04,0.19
1783966024.8911,11:07:04.891,0.99,-0.02,0.16
1783966025.3912,11:07:05.391,0.99,-0.02,0.16
1783966025.8906,11:07:05.890,0.98,-0.04,0.18
1783966026.3905,11:07:06.390,0.98,-0.03,0.18
1783966026.8905,11:07:06.890,0.98,-0.03,0.18
1783966027.3902,11:07:07.390,0.99,0.01,0.15
1783966027.8898,11:07:07.889,0.99,0.07,0.11
1783966028.3898,11:07:08.389,0.99,0.07,0.11
1783966028.8894,11:07:08.889,0.99,0.05,0.12
1783966029.389,11:07:09.389,0.99,0.05,0.12
1783966029.8891,11:07:09.889,0.99,0.08,0.09
1783966030.3889,11:07:10.388,0.99,0.09,0.09
1783966030.8888,11:07:10.888,0.99,0.09,0.08
1783966031.389,11:07:11.389,0.99,0.10,0.08
1783966031.8885,11:07:11.888,0.99,0.10,0.06
1783966032.3877,11:07:12.387,0.99,0.10,0.07
1783966032.8878,11:07:12.887,0.99,0.09,0.08
1783966033.3876,11:07:13.387,0.99,0.16,0.05
1783966033.8873,11:07:13.887,0.97,0.25,0.04
1783966034.3873,11:07:14.387,0.92,0.39,-0.05
1783966034.8871,11:07:14.887,0.91,0.41,-0.08
1783966035.3865,11:07:15.386,0.89,0.44,-0.15
1783966035.8864,11:07:15.886,0.96,0.27,-0.04
1783966036.3865,11:07:16.386,0.99,0.16,0.05
1783966036.8858,11:07:16.885,0.99,0.15,0.04
1783966037.3856,11:07:17.385,0.99,0.14,0.04
1783966037.8857,11:07:17.885,0.99,0.07,0.10
1783966038.3854,11:07:18.385,0.99,0.07,0.10
1783966038.885,11:07:18.885,0.99,0.09,0.09
1783966039.3855,11:07:19.385,0.99,0.09,0.09
1783966039.8859,11:07:19.885,0.99,0.10,0.08
1783966040.3852,11:07:20.385,0.99,0.12,0.06
1783966040.8854,11:07:20.885,0.99,0.12,0.06
1783966041.3853,11:07:21.385,0.99,0.11,0.06
1783966041.8851,11:07:21.885,0.99,0.13,0.06
1783966042.3856,11:07:22.385,0.97,0.24,0.00
1783966042.8852,11:07:22.885,0.96,0.27,0.01
1783966043.3843,11:07:23.384,0.93,0.37,-0.04
1783966043.8845,11:07:23.884,0.89,0.45,-0.10
1783966044.384,11:07:24.384,0.89,0.45,-0.09
1783966044.8834,11:07:24.883,0.89,0.44,-0.08
1783966045.3839,11:07:25.383,0.89,0.45,-0.08
1783966045.8837,11:07:25.883,0.88,0.47,-0.08
1783966046.3834,11:07:26.383,0.88,0.47,-0.08
1783966046.8838,11:07:26.883,0.89,0.44,-0.10
1783966047.3837,11:07:27.383,0.95,0.32,-0.03
1783966047.8831,11:07:27.883,0.97,0.25,0.01
1783966048.3829,11:07:28.382,0.98,0.18,0.07
1783966048.8829,11:07:28.882,0.99,0.09,0.13
1783966049.3825,11:07:29.382,0.98,0.00,0.18
1783966049.8822,11:07:29.882,0.99,0.00,0.17
1783966050.3824,11:07:30.382,0.99,0.03,0.15
1783966050.8821,11:07:30.882,0.99,0.03,0.15
1783966051.3815,11:07:31.381,0.99,0.05,0.13
1783966051.8821,11:07:31.882,0.99,0.05,0.14
1783966052.3816,11:07:32.381,0.99,0.03,0.15
1783966052.8817,11:07:32.881,0.99,0.03,0.15
1783966053.3816,11:07:33.381,0.99,0.01,0.16
1783966053.8813,11:07:33.881,0.99,0.01,0.17
1783966054.3815,11:07:34.381,0.99,0.02,0.16
1783966054.8816,11:07:34.881,0.99,0.05,0.13
1783966055.3812,11:07:35.381,0.99,0.06,0.12
1783966055.8811,11:07:35.881,0.99,0.06,0.12
1783966056.3812,11:07:36.381,0.99,0.06,0.11
1783966056.8811,11:07:36.881,0.99,0.03,0.15
1783966057.3807,11:07:37.380,0.99,0.03,0.16
1783966057.8811,11:07:37.881,0.99,0.02,0.14
1783966058.3808,11:07:38.380,0.99,0.09,0.09
1783966058.88,11:07:38.880,0.98,0.18,0.01
1783966059.3803,11:07:39.380,0.99,0.17,0.02
1783966059.8801,11:07:39.880,0.99,0.14,0.05
1783966060.3796,11:07:40.379,0.99,0.15,0.05
1783966060.8798,11:07:40.879,0.99,0.12,0.08
1783966061.3795,11:07:41.379,0.99,0.11,0.10
1783966061.8789,11:07:41.878,0.99,0.05,0.14
1783966062.379,11:07:42.379,0.99,0.02,0.17
1783966062.8784,11:07:42.878,0.98,-0.01,0.19
1783966063.3781,11:07:43.378,0.98,-0.01,0.18
1783966063.8783,11:07:43.878,0.98,-0.01,0.18
1783966064.3782,11:07:44.378,0.99,0.03,0.15
1783966064.8778,11:07:44.877,0.99,0.08,0.10
1783966065.3783,11:07:45.378,0.99,0.12,0.07
1783966065.8784,11:07:45.878,0.99,0.12,0.07
1783966066.3781,11:07:46.378,0.99,0.12,0.07
1783966066.8781,11:07:46.878,0.99,0.10,0.09
1783966067.3783,11:07:47.378,0.99,0.08,0.10
1783966067.878,11:07:47.878,0.99,0.04,0.14
1783966068.3782,11:07:48.378,0.99,0.04,0.14
1783966068.878,11:07:48.878,0.99,0.08,0.10
1783966069.3776,11:07:49.377,0.99,0.13,0.06
1783966069.8771,11:07:49.877,0.99,0.13,0.06
1783966070.3767,11:07:50.376,0.99,0.08,0.10
1783966070.8766,11:07:50.876,0.99,0.09,0.11
1783966071.3764,11:07:51.376,0.99,0.10,0.10
1783966071.8761,11:07:51.876,0.98,0.19,0.03
1783966072.3751,11:07:52.375,0.98,0.18,0.03
1783966072.8752,11:07:52.875,0.99,0.16,0.03
1783966073.3748,11:07:53.374,0.99,0.10,0.07
1783966073.8749,11:07:53.874,0.99,0.04,0.12
1783966074.3743,11:07:54.374,0.99,0.04,0.12
1783966074.8746,11:07:54.874,0.99,0.09,0.09
1783966075.3746,11:07:55.374,0.99,0.09,0.09
1783966075.8741,11:07:55.874,0.99,0.10,0.09
1783966076.3743,11:07:56.374,0.99,0.07,0.11
1783966076.8743,11:07:56.874,0.99,0.05,0.13
1783966077.374,11:07:57.374,0.99,0.05,0.13
1783966077.874,11:07:57.874,0.99,0.05,0.13
1783966078.3741,11:07:58.374,0.99,0.05,0.13
1783966078.8737,11:07:58.873,0.99,0.05,0.13
1783966079.3738,11:07:59.373,0.99,0.01,0.16
1783966079.8736,11:07:59.873,0.99,-0.02,0.17
1783966080.373,11:08:00.373,0.98,-0.03,0.18
1783966080.8727,11:08:00.872,0.98,-0.03,0.19
1783966081.3728,11:08:01.372,0.99,-0.02,0.17
1783966081.8726,11:08:01.872,0.99,0.00,0.15
1783966082.3723,11:08:02.372,0.99,0.02,0.13
1783966082.8726,11:08:02.872,0.99,0.05,0.12
1783966083.3722,11:08:03.372,0.99,0.05,0.12
1783966083.8722,11:08:03.872,0.99,0.06,0.12
1783966084.3725,11:08:04.372,0.99,0.07,0.09
1783966084.8721,11:08:04.872,0.99,0.13,0.05
1783966085.372,11:08:05.372,0.99,0.12,0.04
1783966085.8718,11:08:05.871,0.99,0.04,0.10
1783966086.371,11:08:06.371,0.99,0.04,0.11
1783966086.8709,11:08:06.870,0.99,0.05,0.11
1783966087.3707,11:08:07.370,0.99,0.06,0.12
1783966087.87,11:08:07.870,0.99,0.02,0.16
1783966088.3696,11:08:08.369,0.99,0.02,0.16
1783966088.8697,11:08:08.869,0.99,0.02,0.16
1783966089.3695,11:08:09.369,0.99,0.00,0.17
1783966089.869,11:08:09.869,0.98,-0.04,0.20
1783966090.3692,11:08:10.369,0.98,-0.04,0.21
1783966090.8689,11:08:10.868,0.98,-0.04,0.21
1783966091.3683,11:08:11.368,0.98,-0.04,0.21
1783966091.8688,11:08:11.868,0.98,-0.02,0.19
1783966092.3688,11:08:12.368,0.98,0.00,0.17
1783966092.8686,11:08:12.868,0.98,0.00,0.17
1783966093.3684,11:08:13.368,0.99,0.03,0.15
1783966093.8687,11:08:13.868,0.99,0.04,0.14
1783966094.3677,11:08:14.367,0.99,0.07,0.12
1783966094.868,11:08:14.868,0.99,0.07,0.12
1783966095.368,11:08:15.368,0.99,0.10,0.09
1783966095.8677,11:08:15.867,0.98,0.18,0.05
1783966096.3677,11:08:16.367,0.98,0.19,0.07
1783966096.8677,11:08:16.867,0.98,0.19,0.09
1783966097.3674,11:08:17.367,0.98,0.16,0.13
1783966097.8673,11:08:17.867,0.98,0.16,0.12
1783966098.3673,11:08:18.367,0.96,0.26,0.03
1783966098.8671,11:08:18.867,0.97,0.24,0.03
1783966099.3672,11:08:19.367,0.97,0.24,0.03
1783966099.8668,11:08:19.866,0.98,0.16,0.08
1783966100.3665,11:08:20.366,0.99,0.08,0.13
1783966100.8663,11:08:20.866,0.99,0.05,0.13
1783966101.3666,11:08:21.366,0.99,0.05,0.14
1783966101.8662,11:08:21.866,0.99,0.03,0.14
1783966102.3659,11:08:22.365,0.99,0.03,0.15
1783966102.8661,11:08:22.866,0.99,0.02,0.15
1783966103.3659,11:08:23.365,0.99,0.01,0.17
1783966103.8655,11:08:23.865,0.98,-0.02,0.19
1783966104.366,11:08:24.366,0.98,-0.02,0.19
1783966104.8654,11:08:24.865,0.98,-0.01,0.18
1783966105.3649,11:08:25.364,0.99,0.05,0.14
1783966105.8653,11:08:25.865,0.99,0.05,0.14
1783966106.365,11:08:26.365,0.99,0.04,0.15
1783966106.8645,11:08:26.864,0.99,0.05,0.15
1783966107.3645,11:08:27.364,0.99,0.10,0.13
1783966107.8644,11:08:27.864,0.98,0.21,0.07
1783966108.3642,11:08:28.364,0.98,0.21,0.07
1783966108.8643,11:08:28.864,0.98,0.20,0.06
1783966109.3641,11:08:29.364,0.98,0.17,0.07
1783966109.8638,11:08:29.863,0.99,0.13,0.11
1783966110.3638,11:08:30.363,0.99,0.09,0.10
1783966110.8641,11:08:30.864,0.99,0.08,0.12
1783966111.3635,11:08:31.363,0.99,0.08,0.12
1783966111.8638,11:08:31.863,0.99,0.07,0.12
1783966112.3636,11:08:32.363,0.99,0.05,0.13
1783966112.8627,11:08:32.862,0.99,0.05,0.13
1783966113.3627,11:08:33.362,0.99,0.05,0.13
1783966113.8628,11:08:33.862,0.99,0.03,0.14
1783966114.3623,11:08:34.362,0.99,0.03,0.14
1783966114.862,11:08:34.862,0.99,0.13,0.07
1783966115.3624,11:08:35.362,0.97,0.23,0.04
1783966115.8619,11:08:35.861,0.97,0.25,0.05
1783966116.362,11:08:36.362,0.96,0.27,0.04
1783966116.8622,11:08:36.862,0.96,0.28,0.06
1783966117.3619,11:08:37.361,0.95,0.29,0.06
1783966117.8617,11:08:37.861,0.95,0.30,0.06
1783966118.362,11:08:38.362,0.95,0.32,0.05
1783966118.8615,11:08:38.861,0.91,0.42,-0.02
1783966119.361,11:08:39.361,0.90,0.42,-0.03
1783966119.8606,11:08:39.860,0.91,0.42,-0.03
1783966120.3603,11:08:40.360,0.85,0.52,-0.13
1783966120.8595,11:08:40.859,0.85,0.49,-0.16
1783966121.3598,11:08:41.359,0.87,0.48,-0.15
1783966121.8596,11:08:41.859,0.92,0.38,-0.06
1783966122.3589,11:08:42.358,0.96,0.28,0.01
1783966122.8593,11:08:42.859,0.99,0.12,0.11
1783966123.3588,11:08:43.358,0.99,0.11,0.11
1783966123.8584,11:08:43.858,0.99,0.11,0.12
1783966124.3589,11:08:44.358,0.99,0.11,0.11
1783966124.8581,11:08:44.858,0.99,0.13,0.09
1783966125.3575,11:08:45.357,0.99,0.13,0.09
1783966125.8576,11:08:45.857,0.99,0.10,0.12
1783966126.3578,11:08:46.357,0.99,0.10,0.12
1783966126.8576,11:08:46.857,0.99,0.10,0.13
1783966127.3574,11:08:47.357,0.99,0.10,0.12
1783966127.8571,11:08:47.857,0.99,0.10,0.12
1783966128.3569,11:08:48.356,0.99,0.11,0.10
1783966128.8568,11:08:48.856,0.99,0.07,0.13
1783966129.3566,11:08:49.356,0.99,0.06,0.14
1783966129.8561,11:08:49.856,0.99,0.05,0.14
1783966130.3563,11:08:50.356,0.99,0.08,0.12
1783966130.8562,11:08:50.856,0.99,0.12,0.09
1783966131.356,11:08:51.356,0.98,0.21,0.04
1783966131.8559,11:08:51.855,0.97,0.24,0.02
1783966132.356,11:08:52.356,0.96,0.29,-0.02
1783966132.8557,11:08:52.855,0.95,0.32,-0.07
1783966133.3555,11:08:53.355,0.95,0.32,-0.07
1783966133.856,11:08:53.856,0.95,0.31,-0.06
1783966134.3554,11:08:54.355,0.97,0.26,0.01
1783966134.8549,11:08:54.854,0.98,0.20,0.04
1783966135.3555,11:08:55.355,0.98,0.19,0.05
1783966135.8549,11:08:55.854,0.99,0.15,0.07
1783966136.3544,11:08:56.354,0.99,0.13,0.09
1783966136.8546,11:08:56.854,0.99,0.09,0.12
1783966137.3551,11:08:57.355,0.99,0.07,0.14
1783966137.8551,11:08:57.855,0.99,0.07,0.13
1783966138.3552,11:08:58.355,0.99,0.07,0.13
1783966138.855,11:08:58.855,0.99,0.05,0.14
1783966139.3547,11:08:59.354,0.98,0.00,0.18
1783966139.8547,11:08:59.854,0.98,0.00,0.18
1783966140.355,11:09:00.355,0.99,0.01,0.17
1783966140.8546,11:09:00.854,0.99,0.05,0.14
1783966141.3543,11:09:01.354,0.99,0.05,0.13
1783966141.8545,11:09:01.854,0.99,0.05,0.13
1783966142.3536,11:09:02.353,0.99,0.05,0.13
1783966142.8533,11:09:02.853,0.99,0.06,0.13
1783966143.3536,11:09:03.353,0.99,0.09,0.11
1783966143.853,11:09:03.853,0.99,0.08,0.12
1783966144.3531,11:09:04.353,0.99,0.09,0.12
1783966144.8535,11:09:04.853,0.99,0.12,0.10
1783966145.3527,11:09:05.352,0.98,0.19,0.04
1783966145.8526,11:09:05.852,0.94,0.33,-0.06
1783966146.353,11:09:06.353,0.90,0.43,-0.11
1783966146.8519,11:09:06.851,0.86,0.49,-0.13
1783966147.3515,11:09:07.351,0.86,0.50,-0.11
1783966147.852,11:09:07.852,0.86,0.50,-0.10
1783966148.3514,11:09:08.351,0.86,0.50,-0.11
1783966148.8515,11:09:08.851,0.85,0.52,-0.10
1783966149.3515,11:09:09.351,0.83,0.55,-0.11
1783966149.8509,11:09:09.850,0.79,0.60,-0.16
1783966150.3504,11:09:10.350,0.77,0.62,-0.18
1783966150.8507,11:09:10.850,0.75,0.63,-0.19
1783966151.3503,11:09:11.350,0.75,0.63,-0.19
1783966151.85,11:09:11.850,0.75,0.64,-0.19
1783966152.3504,11:09:12.350,0.75,0.64,-0.19
1783966152.8505,11:09:12.850,0.76,0.63,-0.16
1783966153.3499,11:09:13.349,0.75,0.64,-0.17
1783966153.85,11:09:13.850,0.75,0.64,-0.18
1783966154.35,11:09:14.350,0.74,0.65,-0.19
1783966154.8492,11:09:14.849,0.74,0.65,-0.19
1783966155.349,11:09:15.349,0.74,0.65,-0.19
1783966155.849,11:09:15.849,0.77,0.62,-0.15
1783966156.3485,11:09:16.348,0.79,0.60,-0.14
1783966156.8485,11:09:16.848,0.78,0.61,-0.15
1783966157.349,11:09:17.349,0.77,0.62,-0.16
1783966157.8482,11:09:17.848,0.76,0.63,-0.18
1783966158.3477,11:09:18.347,0.75,0.63,-0.19
1783966158.8479,11:09:18.847,0.74,0.64,-0.20
1783966159.3474,11:09:19.347,0.74,0.64,-0.21
1783966159.8474,11:09:19.847,0.77,0.62,-0.17
1783966160.3474,11:09:20.347,0.79,0.60,-0.15
1783966160.8468,11:09:20.846,0.80,0.58,-0.14
1783966161.3467,11:09:21.346,0.80,0.58,-0.15
1783966161.8469,11:09:21.846,0.80,0.57,-0.17
1783966162.3462,11:09:22.346,0.82,0.54,-0.17
1783966162.8458,11:09:22.845,0.81,0.55,-0.20
1783966163.3465,11:09:23.346,0.81,0.55,-0.20
1783966163.8461,11:09:23.846,0.79,0.57,-0.21
1783966164.3461,11:09:24.346,0.81,0.56,-0.17
1783966164.8462,11:09:24.846,0.81,0.56,-0.16
1783966165.3458,11:09:25.345,0.78,0.60,-0.17
1783966165.8455,11:09:25.845,0.76,0.62,-0.19
1783966166.3459,11:09:26.345,0.77,0.61,-0.17
1783966166.845,11:09:26.845,0.75,0.63,-0.18
1783966167.3444,11:09:27.344,0.76,0.63,-0.17
1783966167.8445,11:09:27.844,0.79,0.60,-0.15
1783966168.3445,11:09:28.344,0.80,0.59,-0.15
1783966168.844,11:09:28.844,0.80,0.58,-0.15
1783966169.3438,11:09:29.343,0.84,0.53,-0.10
1783966169.8437,11:09:29.843,0.84,0.53,-0.11
1783966170.3433,11:09:30.343,0.82,0.56,-0.15
1783966170.8434,11:09:30.843,0.79,0.60,-0.16
1783966171.343,11:09:31.343,0.79,0.60,-0.16
1783966171.8427,11:09:31.842,0.78,0.60,-0.16
1783966172.3431,11:09:32.343,0.78,0.60,-0.16
1783966172.8436,11:09:32.843,0.79,0.59,-0.15
1783966173.343,11:09:33.343,0.79,0.59,-0.14
1783966173.843,11:09:33.843,0.80,0.59,-0.13
1783966174.3433,11:09:34.343,0.78,0.61,-0.15
1783966174.8427,11:09:34.842,0.77,0.62,-0.16
1783966175.343,11:09:35.343,0.75,0.64,-0.20
1783966175.843,11:09:35.843,0.74,0.64,-0.20
1783966176.3427,11:09:36.342,0.74,0.64,-0.20
1783966176.8423,11:09:36.842,0.74,0.64,-0.20
1783966177.3425,11:09:37.342,0.72,0.66,-0.21
1783966177.8416,11:09:37.841,0.71,0.66,-0.22
1783966178.3415,11:09:38.341,0.71,0.67,-0.22
1783966178.8414,11:09:38.841,0.72,0.66,-0.22
1783966179.3411,11:09:39.341,0.72,0.66,-0.22
1783966179.8411,11:09:39.841,0.73,0.65,-0.22
1783966180.3416,11:09:40.341,0.72,0.66,-0.22
1783966180.8414,11:09:40.841,0.72,0.67,-0.21
1783966181.3411,11:09:41.341,0.71,0.67,-0.22
1783966181.8415,11:09:41.841,0.75,0.63,-0.20
1783966182.3408,11:09:42.340,0.80,0.57,-0.17
1783966182.8402,11:09:42.840,0.84,0.52,-0.17
1783966183.3402,11:09:43.340,0.92,0.39,-0.09
1783966183.8401,11:09:43.840,0.92,0.39,-0.09
1783966184.3395,11:09:44.339,0.92,0.38,-0.08
1783966184.8398,11:09:44.839,0.91,0.40,-0.07
1783966185.3396,11:09:45.339,0.92,0.39,-0.05
1783966185.8391,11:09:45.839,0.91,0.41,-0.05
1783966186.3393,11:09:46.339,0.90,0.44,-0.04
1783966186.8395,11:09:46.839,0.90,0.42,-0.05
1783966187.3389,11:09:47.338,0.90,0.42,-0.05
1783966187.8394,11:09:47.839,0.87,0.48,-0.10
1783966188.3396,11:09:48.339,0.86,0.50,-0.11
1783966188.8391,11:09:48.839,0.86,0.50,-0.11
1783966189.3391,11:09:49.339,0.88,0.46,-0.06
1783966189.839,11:09:49.839,0.91,0.42,-0.03
1783966190.3382,11:09:50.338,0.90,0.42,-0.06
1783966190.8381,11:09:50.838,0.90,0.42,-0.07
1783966191.3383,11:09:51.338,0.93,0.37,-0.05
1783966191.8378,11:09:51.837,0.97,0.24,0.02
1783966192.3376,11:09:52.337,0.99,0.10,0.11
1783966192.838,11:09:52.838,0.99,0.00,0.17
1783966193.3371,11:09:53.337,0.98,0.00,0.18
1783966193.8365,11:09:53.836,0.98,-0.01,0.18
1783966194.3366,11:09:54.336,0.98,0.00,0.18
1783966194.8358,11:09:54.835,0.98,-0.01,0.17
1783966195.3357,11:09:55.335,0.99,0.00,0.17
1783966195.8357,11:09:55.835,0.99,0.03,0.15
1783966196.3357,11:09:56.335,0.99,0.09,0.13
1783966196.8355,11:09:56.835,0.98,0.20,0.07
1783966197.3354,11:09:57.335,0.96,0.30,0.01
1783966197.8346,11:09:57.834,0.94,0.33,0.00
1783966198.3345,11:09:58.334,0.94,0.33,0.01
1783966198.8347,11:09:58.834,0.95,0.31,0.04
1783966199.335,11:09:59.335,0.95,0.32,0.04
1783966199.8346,11:09:59.834,0.94,0.35,0.02
1783966200.3347,11:10:00.334,0.92,0.38,0.00
1783966200.8348,11:10:00.834,0.91,0.42,-0.03
1783966201.3339,11:10:01.333,0.89,0.45,-0.05
1783966201.8341,11:10:01.834,0.90,0.44,-0.05
1783966202.3344,11:10:02.334,0.91,0.41,-0.03
1783966202.8334,11:10:02.833,0.93,0.38,0.01
1783966203.3333,11:10:03.333,0.93,0.37,0.00
1783966203.8338,11:10:03.833,0.95,0.32,0.04
1783966204.333,11:10:04.333,0.95,0.32,0.05
1783966204.8331,11:10:04.833,0.93,0.36,0.02
1783966205.3333,11:10:05.333,0.93,0.37,0.00
1783966205.8326,11:10:05.832,0.93,0.36,-0.01
1783966206.3324,11:10:06.332,0.95,0.30,0.00
1783966206.8325,11:10:06.832,0.96,0.29,-0.02
1783966207.3317,11:10:07.331,0.96,0.28,-0.02
1783966207.8318,11:10:07.831,0.96,0.26,-0.03
1783966208.332,11:10:08.332,0.99,0.15,0.05
1783966208.8315,11:10:08.831,0.99,0.14,0.05
1783966209.3311,11:10:09.331,0.99,0.14,0.05
1783966209.8315,11:10:09.831,0.98,0.18,0.04
1783966210.3315,11:10:10.331,0.98,0.19,0.06
1783966210.8312,11:10:10.831,0.96,0.27,0.02
1783966211.3314,11:10:11.331,0.96,0.29,0.01
1783966211.8317,11:10:11.831,0.96,0.29,0.03
1783966212.3313,11:10:12.331,0.95,0.30,0.04
1783966212.8311,11:10:12.831,0.94,0.34,0.00
1783966213.331,11:10:13.331,0.94,0.34,0.00
1783966213.8304,11:10:13.830,0.96,0.28,0.03
1783966214.3305,11:10:14.330,0.97,0.24,0.05
1783966214.8301,11:10:14.830,0.98,0.20,0.06
1783966215.3296,11:10:15.329,0.98,0.16,0.08
1783966215.8298,11:10:15.829,0.99,0.15,0.08
1783966216.3299,11:10:16.329,0.99,0.15,0.07
1783966216.8295,11:10:16.829,0.99,0.11,0.10
1783966217.3296,11:10:17.329,0.99,0.06,0.14
1783966217.8298,11:10:17.829,0.99,0.06,0.14
1783966218.3291,11:10:18.329,0.99,0.04,0.16
1783966218.8291,11:10:18.829,0.98,0.01,0.18
1783966219.3294,11:10:19.329,0.98,0.00,0.19
1783966219.8288,11:10:19.828,0.98,0.02,0.18
1783966220.3285,11:10:20.328,0.99,0.06,0.15
1783966220.8289,11:10:20.828,0.99,0.05,0.16
1783966221.3284,11:10:21.328,0.99,0.05,0.16
1783966221.8286,11:10:21.828,0.99,0.05,0.16
1783966222.3284,11:10:22.328,0.99,0.06,0.15
1783966222.8281,11:10:22.828,0.99,0.07,0.13
1783966223.3273,11:10:23.327,0.99,0.08,0.12
1783966223.8276,11:10:23.827,0.99,0.08,0.12
1783966224.3272,11:10:24.327,0.99,0.07,0.13
1783966224.8268,11:10:24.826,0.99,0.06,0.13
1783966225.3272,11:10:25.327,0.99,0.08,0.14
1783966225.8265,11:10:25.826,0.99,0.09,0.13
1783966226.3261,11:10:26.326,0.99,0.10,0.12
1783966226.8266,11:10:26.826,0.99,0.11,0.12
1783966227.3262,11:10:27.326,0.99,0.11,0.12
1783966227.8256,11:10:27.825,0.99,0.09,0.13
1783966228.326,11:10:28.326,0.99,0.06,0.14
1783966228.8265,11:10:28.826,0.99,0.06,0.14
1783966229.3259,11:10:29.325,0.99,0.06,0.14
1783966229.8263,11:10:29.826,0.99,0.10,0.14
1783966230.3261,11:10:30.326,0.99,0.10,0.13
1783966230.8254,11:10:30.825,0.99,0.12,0.12
1783966231.3254,11:10:31.325,0.98,0.14,0.10
1783966231.8256,11:10:31.825,0.98,0.14,0.10
1783966232.3251,11:10:32.325,0.99,0.09,0.13
1783966232.8249,11:10:32.824,0.99,0.09,0.11
1783966233.325,11:10:33.325,0.99,0.13,0.06
1783966233.8246,11:10:33.824,0.99,0.13,0.07
1783966234.3251,11:10:34.325,0.99,0.15,0.08
1783966234.8247,11:10:34.824,0.98,0.21,0.05
1783966235.3238,11:10:35.323,0.98,0.21,0.05
1783966235.8234,11:10:35.823,0.99,0.13,0.11
1783966236.3233,11:10:36.323,0.99,0.11,0.13
1783966236.8227,11:10:36.822,0.99,0.09,0.12
1783966237.3226,11:10:37.322,0.99,0.09,0.12
1783966237.8228,11:10:37.822,0.99,0.11,0.12
1783966238.3225,11:10:38.322,0.98,0.15,0.09
1783966238.8223,11:10:38.822,0.97,0.22,0.07
1783966239.3224,11:10:39.322,0.97,0.24,0.05
1783966239.822,11:10:39.822,0.97,0.24,0.05
1783966240.3215,11:10:40.321,0.97,0.24,0.05
1783966240.8215,11:10:40.821,0.98,0.19,0.08
1783966241.3217,11:10:41.321,0.98,0.19,0.08
1783966241.8216,11:10:41.821,0.97,0.25,0.04
1783966242.3215,11:10:42.321,0.89,0.44,-0.12
1783966242.8218,11:10:42.821,0.89,0.45,-0.11
1783966243.321,11:10:43.321,0.89,0.44,-0.11
1783966243.8213,11:10:43.821,0.94,0.34,-0.05
1783966244.3213,11:10:44.321,0.98,0.21,0.05
1783966244.8211,11:10:44.821,0.99,0.10,0.12
1783966245.3213,11:10:45.321,0.99,0.06,0.13
1783966245.8209,11:10:45.820,0.99,0.05,0.13
1783966246.3201,11:10:46.320,0.98,0.02,0.17
1783966246.8203,11:10:46.820,0.98,0.01,0.18
1783966247.3197,11:10:47.319,0.98,0.00,0.20
1783966247.819,11:10:47.819,0.98,-0.01,0.19
1783966248.3192,11:10:48.319,0.98,-0.01,0.19
1783966248.8201,11:10:48.820,0.99,0.09,0.14
1783966249.3193,11:10:49.319,0.98,0.14,0.10
1783966249.819,11:10:49.819,0.98,0.17,0.09
1783966250.3194,11:10:50.319,0.98,0.19,0.07
1783966250.8191,11:10:50.819,0.98,0.21,0.04
1783966251.3185,11:10:51.318,0.98,0.19,0.06
1783966251.8185,11:10:51.818,0.98,0.20,0.05
1783966252.3182,11:10:52.318,0.98,0.18,0.06
1783966252.8182,11:10:52.818,0.98,0.18,0.07
1783966253.3189,11:10:53.318,0.98,0.15,0.08
1783966253.8185,11:10:53.818,0.99,0.11,0.12
1783966254.3182,11:10:54.318,0.99,0.07,0.15
1783966254.8182,11:10:54.818,0.98,0.08,0.16
1783966255.3177,11:10:55.317,0.98,0.10,0.16
1783966255.8173,11:10:55.817,0.98,0.18,0.11
1783966256.3178,11:10:56.317,0.97,0.23,0.06
1783966256.8172,11:10:56.817,0.97,0.23,0.06
1783966257.3168,11:10:57.316,0.97,0.23,0.06
1783966257.817,11:10:57.817,0.98,0.20,0.08
1783966258.3169,11:10:58.316,0.98,0.19,0.06
1783966258.8163,11:10:58.816,0.98,0.17,0.06
1783966259.3166,11:10:59.316,0.98,0.19,0.05
1783966259.8168,11:10:59.816,0.98,0.19,0.06
1783966260.3165,11:11:00.316,0.98,0.15,0.08
1783966260.8169,11:11:00.816,0.99,0.09,0.13
1783966261.3167,11:11:01.316,0.99,0.09,0.13
1783966261.8164,11:11:01.816,0.98,0.13,0.12
1783966262.316,11:11:02.316,0.98,0.19,0.07
1783966262.8159,11:11:02.815,0.98,0.19,0.07
1783966263.3153,11:11:03.315,0.98,0.19,0.06
1783966263.8152,11:11:03.815,0.97,0.22,0.06
1783966264.3152,11:11:04.315,0.96,0.28,0.01
1783966264.8143,11:11:04.814,0.95,0.32,-0.01
1783966265.3143,11:11:05.314,0.93,0.36,-0.05
1783966265.8146,11:11:05.814,0.93,0.37,-0.07
1783966266.3138,11:11:06.313,0.93,0.36,-0.07
1783966266.8139,11:11:06.813,0.95,0.30,-0.02
1783966267.3138,11:11:07.313,0.98,0.16,0.09
1783966267.8137,11:11:07.813,0.98,0.17,0.09
1783966268.3135,11:11:08.313,0.98,0.18,0.10
1783966268.8137,11:11:08.813,0.96,0.28,0.03
1783966269.3135,11:11:09.313,0.95,0.31,0.02
1783966269.8134,11:11:09.813,0.95,0.32,0.01
1783966270.3134,11:11:10.313,0.94,0.33,0.02
1783966270.8134,11:11:10.813,0.95,0.31,0.03
1783966271.3135,11:11:11.313,0.96,0.29,0.04
1783966271.8137,11:11:11.813,0.96,0.28,0.04
1783966272.3132,11:11:12.313,0.96,0.28,0.04
1783966272.8124,11:11:12.812,0.96,0.28,0.04
1783966273.3126,11:11:13.312,0.93,0.37,-0.02
1783966273.8124,11:11:13.812,0.92,0.39,-0.06
1783966274.3121,11:11:14.312,0.92,0.38,-0.06
1783966274.8121,11:11:14.812,0.94,0.35,-0.03
1783966275.3118,11:11:15.311,0.94,0.34,-0.01
1783966275.8113,11:11:15.811,0.95,0.30,0.02
1783966276.3116,11:11:16.311,0.95,0.30,0.01
1783966276.8114,11:11:16.811,0.95,0.31,0.00
1783966277.3105,11:11:17.310,0.95,0.31,0.00
1783966277.8103,11:11:17.810,0.94,0.34,-0.02
1783966278.3108,11:11:18.310,0.91,0.40,-0.07
1783966278.8102,11:11:18.810,0.88,0.46,-0.13
1783966279.3101,11:11:19.310,0.86,0.49,-0.15
1783966279.8101,11:11:19.810,0.86,0.50,-0.14
1783966280.3094,11:11:20.309,0.85,0.51,-0.16
1783966280.8095,11:11:20.809,0.85,0.50,-0.15
1783966281.3095,11:11:21.309,0.85,0.50,-0.15
1783966281.809,11:11:21.809,0.85,0.50,-0.15
1783966282.3088,11:11:22.308,0.93,0.37,-0.04
1783966282.8087,11:11:22.808,0.94,0.34,-0.02
1783966283.3087,11:11:23.308,0.94,0.34,-0.03
1783966283.809,11:11:23.809,0.90,0.44,-0.10
1783966284.3092,11:11:24.309,0.87,0.47,-0.13
1783966284.8089,11:11:24.808,0.87,0.47,-0.13
1783966285.3083,11:11:25.308,0.87,0.47,-0.13
1783966285.8084,11:11:25.808,0.88,0.46,-0.12
1783966286.3078,11:11:26.307,0.88,0.46,-0.12
1783966286.8076,11:11:26.807,0.92,0.39,-0.05
1783966287.3078,11:11:27.307,0.92,0.39,-0.06
1783966287.8071,11:11:27.807,0.92,0.39,-0.05
1783966288.3069,11:11:28.306,0.93,0.37,-0.07
1783966288.807,11:11:28.807,0.92,0.39,-0.10
1783966289.3069,11:11:29.306,0.92,0.39,-0.11
1783966289.8063,11:11:29.806,0.82,0.53,-0.22
1783966290.3064,11:11:30.306,0.82,0.53,-0.22
1783966290.8057,11:11:30.805,0.81,0.54,-0.22
1783966291.3056,11:11:31.305,0.81,0.55,-0.21
1783966291.8063,11:11:31.806,0.80,0.56,-0.22
1783966292.3066,11:11:32.306,0.80,0.56,-0.20
1783966292.8062,11:11:32.806,0.83,0.53,-0.19
1783966293.3069,11:11:33.306,0.87,0.47,-0.15
1783966293.8061,11:11:33.806,0.87,0.47,-0.16
1783966294.3056,11:11:34.305,0.88,0.46,-0.14
1783966294.8054,11:11:34.805,0.87,0.47,-0.13
1783966295.3053,11:11:35.305,0.90,0.43,-0.09
1783966295.8047,11:11:35.804,0.91,0.40,-0.07
1783966296.3048,11:11:36.304,0.93,0.37,-0.05
1783966296.8046,11:11:36.804,0.96,0.30,0.01
1783966297.3041,11:11:37.304,0.97,0.25,0.03
1783966297.8037,11:11:37.803,0.98,0.21,0.05
1783966298.3037,11:11:38.303,0.99,0.12,0.10
1783966298.8033,11:11:38.803,0.99,0.11,0.13
1783966299.3034,11:11:39.303,0.98,0.10,0.14
1783966299.8038,11:11:39.803,0.99,0.12,0.12
1783966300.3036,11:11:40.303,0.98,0.15,0.09
1783966300.8035,11:11:40.803,0.98,0.18,0.09
1783966301.3031,11:11:41.303,0.98,0.20,0.07
1783966301.8022,11:11:41.802,0.95,0.30,0.00
1783966302.3022,11:11:42.302,0.95,0.30,-0.01
1783966302.8027,11:11:42.802,0.95,0.30,0.00
1783966303.3027,11:11:43.302,0.96,0.29,0.01
1783966303.8022,11:11:43.802,0.96,0.29,0.00
1783966304.3022,11:11:44.302,0.97,0.24,0.05
1783966304.8019,11:11:44.801,0.97,0.22,0.06
1783966305.3012,11:11:45.301,0.98,0.18,0.09
1783966305.8017,11:11:45.801,0.98,0.13,0.12
1783966306.3019,11:11:46.301,0.99,0.11,0.13
1783966306.8012,11:11:46.801,0.99,0.11,0.13
1783966307.3016,11:11:47.301,0.99,0.10,0.12
1783966307.8013,11:11:47.801,0.99,0.14,0.10
1783966308.3008,11:11:48.300,0.98,0.21,0.02
1783966308.8009,11:11:48.800,0.97,0.22,0.03
1783966309.3007,11:11:49.300,0.97,0.23,0.02
1783966309.8005,11:11:49.800,0.97,0.26,0.02
1783966310.3006,11:11:50.300,0.94,0.35,-0.03
1783966310.8002,11:11:50.800,0.88,0.45,-0.11
1783966311.2999,11:11:51.299,0.88,0.46,-0.11
1783966311.8001,11:11:51.800,0.88,0.46,-0.12
1783966312.3,11:11:52.300,0.92,0.38,-0.06
1783966312.7998,11:11:52.799,0.94,0.34,-0.03
1783966313.2999,11:11:53.299,0.94,0.35,-0.03
1783966313.7997,11:11:53.799,0.89,0.45,-0.11
1783966314.2988,11:11:54.298,0.89,0.45,-0.10
1783966314.799,11:11:54.799,0.92,0.39,-0.05
1783966315.2991,11:11:55.299,0.94,0.34,-0.01
1783966315.7989,11:11:55.798,0.94,0.33,0.00
1783966316.2986,11:11:56.298,0.94,0.33,0.00
1783966316.7983,11:11:56.798,0.93,0.37,-0.03
1783966317.298,11:11:57.298,0.93,0.37,-0.04
1783966317.7978,11:11:57.797,0.92,0.39,-0.04
1783966318.2977,11:11:58.297,0.91,0.41,-0.05
1783966318.7969,11:11:58.796,0.91,0.41,-0.05
1783966319.2961,11:11:59.296,0.93,0.38,-0.05
1783966319.7961,11:11:59.796,0.93,0.35,-0.04
1783966320.2963,11:12:00.296,0.94,0.33,-0.02
1783966320.7964,11:12:00.796,0.95,0.31,-0.02
1783966321.2964,11:12:01.296,0.92,0.38,-0.07
1783966321.7962,11:12:01.796,0.92,0.39,-0.07
1783966322.2956,11:12:02.295,0.92,0.39,-0.06
1783966322.7959,11:12:02.795,0.91,0.41,-0.07
1783966323.2961,11:12:03.296,0.91,0.41,-0.07
1783966323.7956,11:12:03.795,0.95,0.31,0.01
1783966324.2954,11:12:04.295,0.95,0.32,0.01
1783966324.7957,11:12:04.795,0.92,0.38,-0.04
1783966325.2949,11:12:05.294,0.93,0.37,-0.03
1783966325.7948,11:12:05.794,0.93,0.37,-0.03
1783966326.2946,11:12:06.294,0.89,0.44,-0.10
1783966326.7944,11:12:06.794,0.90,0.42,-0.07
1783966327.2944,11:12:07.294,0.90,0.43,-0.06
1783966327.7945,11:12:07.794,0.92,0.38,-0.03
1783966328.294,11:12:08.294,0.92,0.38,-0.03
1783966328.7936,11:12:08.793,0.92,0.38,-0.04
1783966329.2939,11:12:09.293,0.94,0.35,-0.03
1783966329.7937,11:12:09.793,0.94,0.33,-0.01
1783966330.2936,11:12:10.293,0.95,0.33,-0.01
1783966330.7938,11:12:10.793,0.96,0.28,0.03
1783966331.2932,11:12:11.293,0.97,0.26,0.05
1783966331.7932,11:12:11.793,0.96,0.27,0.04
1783966332.2929,11:12:12.292,0.95,0.30,0.01
1783966332.7925,11:12:12.792,0.95,0.31,0.00
1783966333.2922,11:12:13.292,0.95,0.31,-0.01
1783966333.7922,11:12:13.792,0.94,0.33,-0.02
1783966334.2927,11:12:14.292,0.91,0.40,-0.07
1783966334.7919,11:12:14.791,0.90,0.43,-0.08
1783966335.2924,11:12:15.292,0.88,0.46,-0.10
1783966335.7923,11:12:15.792,0.89,0.46,-0.09
1783966336.2916,11:12:16.291,0.90,0.43,-0.07
1783966336.792,11:12:16.792,0.93,0.37,-0.03
1783966337.2919,11:12:17.291,0.93,0.37,-0.03
1783966337.7913,11:12:17.791,0.92,0.39,-0.05
1783966338.2913,11:12:18.291,0.89,0.45,-0.10
1783966338.7914,11:12:18.791,0.87,0.47,-0.12
1783966339.2906,11:12:19.290,0.86,0.49,-0.13
1783966339.7905,11:12:19.790,0.86,0.49,-0.13
1783966340.2903,11:12:20.290,0.86,0.49,-0.13
1783966340.7902,11:12:20.790,0.85,0.51,-0.14
1783966341.2904,11:12:21.290,0.87,0.48,-0.13
1783966341.7905,11:12:21.790,0.89,0.45,-0.12
1783966342.2895,11:12:22.289,0.89,0.43,-0.11
1783966342.7898,11:12:22.789,0.89,0.45,-0.11
1783966343.29,11:12:23.290,0.88,0.45,-0.11
1783966343.7896,11:12:23.789,0.86,0.49,-0.13
1783966344.2896,11:12:24.289,0.85,0.51,-0.15
1783966344.7893,11:12:24.789,0.85,0.51,-0.15
1783966345.2887,11:12:25.288,0.90,0.43,-0.09
1783966345.7884,11:12:25.788,0.94,0.33,-0.01
1783966346.2882,11:12:26.288,0.94,0.33,-0.02
1783966346.7885,11:12:26.788,0.97,0.26,0.03
1783966347.2881,11:12:27.288,0.98,0.17,0.08
1783966347.7882,11:12:27.788,0.98,0.17,0.08
1783966348.2883,11:12:28.288,0.97,0.22,0.06
1783966348.7883,11:12:28.788,0.97,0.25,0.04
1783966349.2882,11:12:29.288,0.97,0.26,0.04
1783966349.7878,11:12:29.787,0.94,0.35,-0.04
1783966350.2871,11:12:30.287,0.93,0.37,-0.06
1783966350.7873,11:12:30.787,0.93,0.36,-0.04
1783966351.2872,11:12:31.287,0.95,0.32,-0.01
1783966351.787,11:12:31.787,0.97,0.23,0.07
1783966352.2875,11:12:32.287,0.97,0.23,0.07
1783966352.7871,11:12:32.787,0.97,0.25,0.06
1783966353.2864,11:12:33.286,0.96,0.26,0.04
1783966353.7866,11:12:33.786,0.94,0.33,-0.02
1783966354.2867,11:12:34.286,0.92,0.39,-0.06
1783966354.7859,11:12:34.785,0.90,0.42,-0.09
1783966355.2864,11:12:35.286,0.87,0.47,-0.13
1783966355.7858,11:12:35.785,0.86,0.49,-0.14
1783966356.2857,11:12:36.285,0.84,0.52,-0.17
1783966356.7853,11:12:36.785,0.83,0.54,-0.17
1783966357.285,11:12:37.285,0.87,0.48,-0.12
1783966357.7845,11:12:37.784,0.93,0.38,-0.02
1783966358.2845,11:12:38.284,0.93,0.37,-0.03
1783966358.7843,11:12:38.784,0.93,0.38,-0.04
1783966359.2837,11:12:39.283,0.93,0.38,-0.04
1783966359.7842,11:12:39.784,0.93,0.38,-0.04
1783966360.2846,11:12:40.284,0.93,0.37,-0.04
1783966360.7844,11:12:40.784,0.93,0.37,-0.04
1783966361.2838,11:12:41.283,0.93,0.35,-0.02
1783966361.7837,11:12:41.783,0.96,0.27,0.06
1783966362.2833,11:12:42.283,0.97,0.24,0.08
1783966362.7832,11:12:42.783,0.97,0.22,0.07
1783966363.2838,11:12:43.283,0.97,0.26,0.04
1783966363.7835,11:12:43.783,0.96,0.26,0.05
1783966364.2832,11:12:44.283,0.96,0.30,0.02
1783966364.7837,11:12:44.783,0.96,0.30,0.02
1783966365.2833,11:12:45.283,0.95,0.32,0.01
1783966365.7828,11:12:45.782,0.95,0.30,0.03
1783966366.2834,11:12:46.283,0.96,0.28,0.05
1783966366.7829,11:12:46.782,0.96,0.28,0.05
1783966367.2823,11:12:47.282,0.97,0.25,0.06
1783966367.7827,11:12:47.782,0.97,0.25,0.05
1783966368.2822,11:12:48.282,0.97,0.25,0.05
1783966368.7814,11:12:48.781,0.95,0.31,0.01
1783966369.2815,11:12:49.281,0.94,0.34,0.00
1783966369.7813,11:12:49.781,0.94,0.34,0.00
1783966370.2808,11:12:50.280,0.95,0.32,0.01
1783966370.7812,11:12:50.781,0.96,0.29,0.04
1783966371.2807,11:12:51.280,0.96,0.29,0.04
1783966371.7803,11:12:51.780,0.94,0.33,0.00
1783966372.2806,11:12:52.280,0.94,0.33,0.00
1783966372.781,11:12:52.781,0.95,0.32,-0.01
1783966373.2809,11:12:53.280,0.95,0.32,-0.01
1783966373.7804,11:12:53.780,0.93,0.37,-0.04
1783966374.2803,11:12:54.280,0.92,0.38,-0.04
1783966374.7797,11:12:54.779,0.92,0.39,-0.04
1783966375.2794,11:12:55.279,0.93,0.36,-0.03
1783966375.7798,11:12:55.779,0.95,0.31,0.00
1783966376.2799,11:12:56.279,0.98,0.18,0.09
1783966376.7795,11:12:56.779,0.98,0.13,0.12
1783966377.2797,11:12:57.279,0.99,0.13,0.11
1783966377.7792,11:12:57.779,0.99,0.13,0.10
1783966378.279,11:12:58.279,0.98,0.15,0.09
1783966378.7791,11:12:58.779,0.97,0.23,0.02
1783966379.2785,11:12:59.278,0.95,0.31,-0.06
1783966379.7784,11:12:59.778,0.92,0.38,-0.11
1783966380.279,11:13:00.279,0.92,0.39,-0.10
1783966380.7785,11:13:00.778,0.95,0.32,-0.03
1783966381.2781,11:13:01.278,0.97,0.24,0.04
1783966381.7788,11:13:01.778,0.98,0.12,0.13
1783966382.2782,11:13:02.278,0.98,0.07,0.17
1783966382.7773,11:13:02.777,0.98,0.02,0.20
1783966383.2775,11:13:03.277,0.98,0.00,0.21
1783966383.777,11:13:03.777,0.97,-0.02,0.22
1783966384.2764,11:13:04.276,0.98,-0.02,0.22
1783966384.7763,11:13:04.776,0.98,-0.02,0.22
1783966385.2759,11:13:05.275,0.98,-0.02,0.22
1783966385.7758,11:13:05.775,0.98,0.01,0.20
1783966386.2761,11:13:06.276,0.99,0.09,0.15
1783966386.7757,11:13:06.775,0.98,0.14,0.11
1783966387.2754,11:13:07.275,0.98,0.14,0.11
1783966387.7756,11:13:07.775,0.98,0.06,0.17
1783966388.2756,11:13:08.275,0.98,0.02,0.18
1783966388.7751,11:13:08.775,0.98,0.02,0.18
1783966389.275,11:13:09.275,0.98,0.02,0.18
1783966389.7748,11:13:09.774,0.98,0.03,0.17
1783966390.2747,11:13:10.274,0.98,0.02,0.19
1783966390.7749,11:13:10.774,0.98,-0.01,0.21
1783966391.2752,11:13:11.275,0.98,-0.02,0.21
1783966391.7748,11:13:11.774,0.98,-0.02,0.21
1783966392.2741,11:13:12.274,0.98,0.00,0.20
1783966392.7745,11:13:12.774,0.98,0.00,0.20
1783966393.2742,11:13:13.274,0.98,0.02,0.19
1783966393.7736,11:13:13.773,0.98,0.02,0.20
1783966394.2738,11:13:14.273,0.98,0.03,0.19
1783966394.773,11:13:14.773,0.98,0.09,0.17
1783966395.2723,11:13:15.272,0.98,0.13,0.14
1783966395.7727,11:13:15.772,0.98,0.13,0.15
1783966396.2723,11:13:16.272,0.98,0.13,0.15
1783966396.7718,11:13:16.771,0.98,0.16,0.12
1783966397.272,11:13:17.272,0.98,0.16,0.12
1783966397.7719,11:13:17.771,0.98,0.16,0.11
1783966398.2713,11:13:18.271,0.98,0.08,0.16
1783966398.7717,11:13:18.771,0.98,0.04,0.18
1783966399.2715,11:13:19.271,0.98,0.03,0.18
1783966399.7714,11:13:19.771,0.99,0.10,0.11
1783966400.272,11:13:20.272,0.99,0.15,0.09
1783966400.7721,11:13:20.772,0.97,0.23,0.02
1783966401.2713,11:13:21.271,0.97,0.25,0.02
1783966401.7716,11:13:21.771,0.97,0.25,0.03
1783966402.272,11:13:22.272,0.97,0.25,0.04
1783966402.7715,11:13:22.771,0.97,0.25,0.06
1783966403.2721,11:13:23.272,0.97,0.25,0.06
1783966403.7722,11:13:23.772,0.96,0.26,0.05
1783966404.2718,11:13:24.271,0.96,0.25,0.07
1783966404.7719,11:13:24.771,0.96,0.27,0.07
1783966405.2717,11:13:25.271,0.96,0.27,0.08
1783966405.7707,11:13:25.770,0.96,0.27,0.08
1783966406.2708,11:13:26.270,0.95,0.30,0.07
1783966406.7708,11:13:26.770,0.93,0.38,0.01
1783966407.2697,11:13:27.269,0.86,0.50,-0.09
1783966407.7695,11:13:27.769,0.84,0.53,-0.10
1783966408.2698,11:13:28.269,0.84,0.53,-0.12
1783966408.7692,11:13:28.769,0.90,0.42,-0.04
1783966409.2687,11:13:29.268,0.90,0.42,-0.05
1783966409.7691,11:13:29.769,0.89,0.45,-0.06
1783966410.2692,11:13:30.269,0.88,0.46,-0.07
1783966410.7688,11:13:30.768,0.89,0.46,-0.06
1783966411.2693,11:13:31.269,0.92,0.39,0.00
1783966411.7693,11:13:31.769,0.94,0.35,0.03
1783966412.2684,11:13:32.268,0.95,0.31,0.07
1783966412.7686,11:13:32.768,0.95,0.31,0.08
1783966413.2683,11:13:33.268,0.90,0.44,-0.02
1783966413.7681,11:13:33.768,0.87,0.49,-0.08
1783966414.2684,11:13:34.268,0.86,0.50,-0.09
1783966414.768,11:13:34.768,0.87,0.48,-0.08
1783966415.2678,11:13:35.267,0.87,0.48,-0.08
1783966415.7677,11:13:35.767,0.88,0.46,-0.07
1783966416.2671,11:13:36.267,0.87,0.48,-0.08
1783966416.7666,11:13:36.766,0.89,0.44,-0.06
1783966417.2668,11:13:37.266,0.90,0.43,-0.06
1783966417.7667,11:13:37.766,0.88,0.47,-0.08
1783966418.2662,11:13:38.266,0.89,0.46,-0.08
1783966418.7661,11:13:38.766,0.89,0.46,-0.07
1783966419.2657,11:13:39.265,0.92,0.39,-0.02
1783966419.7652,11:13:39.765,0.94,0.34,0.01
1783966420.2646,11:13:40.264,0.94,0.33,0.01
1783966420.7647,11:13:40.764,0.94,0.33,0.01
1783966421.2643,11:13:41.264,0.94,0.34,0.00
1783966421.7646,11:13:41.764,0.94,0.34,0.00
1783966422.265,11:13:42.265,0.94,0.34,0.01
1783966422.7649,11:13:42.764,0.95,0.32,0.03
1783966423.2645,11:13:43.264,0.95,0.32,0.04
1783966423.7646,11:13:43.764,0.94,0.34,0.02
1783966424.2644,11:13:44.264,0.94,0.35,0.01
1783966424.7647,11:13:44.764,0.94,0.35,0.00
1783966425.2653,11:13:45.265,0.95,0.32,0.03
1783966425.7651,11:13:45.765,0.95,0.30,0.05
1783966426.265,11:13:46.265,0.95,0.29,0.06
1783966426.7652,11:13:46.765,0.95,0.29,0.06
1783966427.2647,11:13:47.264,0.95,0.32,0.02
1783966427.7641,11:13:47.764,0.94,0.33,0.02
1783966428.264,11:13:48.264,0.95,0.30,0.05
1783966428.7636,11:13:48.763,0.96,0.28,0.04
1783966429.2631,11:13:49.263,0.96,0.25,0.06
1783966429.7631,11:13:49.763,0.97,0.23,0.08
1783966430.263,11:13:50.263,0.98,0.17,0.12
1783966430.7624,11:13:50.762,0.98,0.18,0.12
1783966431.2625,11:13:51.262,0.98,0.19,0.11
1783966431.7627,11:13:51.762,0.97,0.19,0.12
1783966432.2622,11:13:52.262,0.96,0.26,0.08
1783966432.7626,11:13:52.762,0.96,0.29,0.05
1783966433.2629,11:13:53.262,0.96,0.28,0.05
1783966433.7623,11:13:53.762,0.97,0.21,0.09
1783966434.2622,11:13:54.262,0.98,0.17,0.11
1783966434.7622,11:13:54.762,0.98,0.17,0.11
1783966435.2616,11:13:55.261,0.98,0.17,0.12
1783966435.7619,11:13:55.761,0.98,0.09,0.16
1783966436.2621,11:13:56.262,0.98,0.01,0.21
1783966436.7616,11:13:56.761,0.98,-0.02,0.22
1783966437.2618,11:13:57.261,0.98,-0.02,0.22
1783966437.7617,11:13:57.761,0.98,-0.01,0.20
1783966438.2609,11:13:58.260,0.99,0.02,0.17
1783966438.7606,11:13:58.760,0.99,0.02,0.17
1783966439.2604,11:13:59.260,0.99,0.01,0.16
1783966439.7599,11:13:59.759,0.98,-0.03,0.17
1783966440.2594,11:14:00.259,0.98,-0.04,0.19
1783966440.7599,11:14:00.759,0.98,-0.05,0.20
1783966441.2599,11:14:01.259,0.98,-0.05,0.19
1783966441.7598,11:14:01.759,0.98,-0.03,0.18
1783966442.26,11:14:02.260,0.98,-0.03,0.18
1783966442.7595,11:14:02.759,0.98,-0.04,0.19
1783966443.2585,11:14:03.258,0.98,-0.05,0.19
1783966443.7586,11:14:03.758,0.98,-0.05,0.20
1783966444.2584,11:14:04.258,0.98,-0.03,0.18
1783966444.758,11:14:04.758,0.98,-0.03,0.18
1783966445.2585,11:14:05.258,0.98,-0.06,0.20
1783966445.7585,11:14:05.758,0.98,-0.06,0.21
1783966446.2581,11:14:06.258,0.98,-0.06,0.21
1783966446.7581,11:14:06.758,0.98,-0.05,0.19
1783966447.2581,11:14:07.258,0.98,-0.05,0.19
1783966447.7571,11:14:07.757,0.98,-0.04,0.19
1783966448.2572,11:14:08.257,0.98,-0.03,0.20
1783966448.7568,11:14:08.756,0.98,-0.02,0.20
1783966449.2559,11:14:09.255,0.98,-0.02,0.20
1783966449.7557,11:14:09.755,0.98,-0.02,0.20
1783966450.2563,11:14:10.256,0.98,-0.01,0.21
1783966450.7565,11:14:10.756,0.98,-0.03,0.22
1783966451.2564,11:14:11.256,0.98,-0.03,0.21
1783966451.7568,11:14:11.756,0.98,0.01,0.19
1783966452.2563,11:14:12.256,0.98,0.11,0.13
1783966452.7565,11:14:12.756,0.97,0.24,0.05
1783966453.2566,11:14:13.256,0.95,0.31,0.02
1783966453.756,11:14:13.756,0.96,0.29,0.03
1783966454.2554,11:14:14.255,0.96,0.27,0.05
1783966454.7553,11:14:14.755,0.97,0.24,0.07
1783966455.2548,11:14:15.254,0.97,0.25,0.06
1783966455.7545,11:14:15.754,0.97,0.26,0.04
1783966456.2551,11:14:16.255,0.96,0.26,0.03
1783966456.7548,11:14:16.754,0.98,0.20,0.06
1783966457.254,11:14:17.254,0.99,0.15,0.07
1783966457.7547,11:14:17.754,0.99,0.12,0.09
1783966458.2542,11:14:18.254,0.99,0.06,0.13
1783966458.7537,11:14:18.753,0.99,0.04,0.14
1783966459.2534,11:14:19.253,0.99,0.04,0.16
1783966459.7537,11:14:19.753,0.99,0.11,0.12
1783966460.2529,11:14:20.252,0.98,0.15,0.10
1783966460.7526,11:14:20.752,0.98,0.16,0.09
1783966461.2524,11:14:21.252,0.97,0.22,0.07
1783966461.7519,11:14:21.751,0.96,0.29,0.04
1783966462.2519,11:14:22.251,0.94,0.35,-0.02
1783966462.7526,11:14:22.752,0.94,0.35,-0.02
1783966463.2518,11:14:23.251,0.93,0.37,-0.04
1783966463.7519,11:14:23.751,0.92,0.38,-0.06
1783966464.2515,11:14:24.251,0.91,0.40,-0.07
1783966464.7507,11:14:24.750,0.91,0.40,-0.07
1783966465.2508,11:14:25.250,0.91,0.42,-0.08
1783966465.7514,11:14:25.751,0.90,0.43,-0.09
1783966466.2513,11:14:26.251,0.90,0.43,-0.08
1783966466.7511,11:14:26.751,0.89,0.45,-0.09
1783966467.2515,11:14:27.251,0.88,0.47,-0.11
1783966467.7511,11:14:27.751,0.83,0.53,-0.18
1783966468.2508,11:14:28.250,0.83,0.52,-0.18
1783966468.7514,11:14:28.751,0.91,0.40,-0.06
1783966469.251,11:14:29.251,0.91,0.40,-0.06
1783966469.7504,11:14:29.750,0.90,0.43,-0.07
1783966470.2507,11:14:30.250,0.86,0.50,-0.12
1783966470.7501,11:14:30.750,0.85,0.51,-0.13
1783966471.25,11:14:31.250,0.84,0.52,-0.15
1783966471.7502,11:14:31.750,0.86,0.49,-0.13
1783966472.2497,11:14:32.249,0.85,0.50,-0.14
1783966472.7489,11:14:32.748,0.86,0.49,-0.13
1783966473.249,11:14:33.249,0.89,0.44,-0.09
1783966473.7493,11:14:33.749,0.90,0.43,-0.07
1783966474.2485,11:14:34.248,0.92,0.39,-0.07
1783966474.749,11:14:34.749,0.92,0.38,-0.05
1783966475.2488,11:14:35.248,0.97,0.25,0.05
1783966475.7479,11:14:35.747,0.97,0.24,0.06
1783966476.2481,11:14:36.248,0.97,0.25,0.06
1783966476.7486,11:14:36.748,0.93,0.37,-0.02
1783966477.2482,11:14:37.248,0.91,0.40,-0.05
1783966477.7484,11:14:37.748,0.88,0.47,-0.10
1783966478.2481,11:14:38.248,0.86,0.49,-0.12
1783966478.7476,11:14:38.747,0.86,0.49,-0.11
1783966479.2476,11:14:39.247,0.87,0.48,-0.10
1783966479.7475,11:14:39.747,0.89,0.44,-0.06
1783966480.2469,11:14:40.246,0.92,0.40,-0.03
1783966480.747,11:14:40.747,0.92,0.40,-0.03
1783966481.2466,11:14:41.246,0.92,0.39,-0.04
1783966481.7465,11:14:41.746,0.95,0.33,0.00
1783966482.2467,11:14:42.246,0.95,0.30,0.03
1783966482.7468,11:14:42.746,0.96,0.26,0.04
1783966483.2459,11:14:43.245,0.96,0.26,0.04
1783966483.7459,11:14:43.745,0.96,0.29,0.02
1783966484.2461,11:14:44.246,0.95,0.30,0.03
1783966484.7455,11:14:44.745,0.95,0.33,0.01
1783966485.2454,11:14:45.245,0.94,0.33,0.01
1783966485.7458,11:14:45.745,0.96,0.29,0.04
1783966486.2457,11:14:46.245,0.97,0.25,0.06
1783966486.7455,11:14:46.745,0.97,0.25,0.06
1783966487.246,11:14:47.246,0.94,0.34,-0.02
1783966487.7456,11:14:47.745,0.88,0.46,-0.14
1783966488.2449,11:14:48.244,0.88,0.45,-0.14
1783966488.7449,11:14:48.744,0.85,0.49,-0.19
1783966489.2446,11:14:49.244,0.85,0.50,-0.18
1783966489.7442,11:14:49.744,0.82,0.53,-0.20
1783966490.2443,11:14:50.244,0.84,0.51,-0.17
1783966490.7439,11:14:50.743,0.87,0.48,-0.14
1783966491.2436,11:14:51.243,0.87,0.47,-0.13
1783966491.7436,11:14:51.743,0.88,0.45,-0.13
1783966492.2438,11:14:52.243,0.91,0.40,-0.07
1783966492.7432,11:14:52.743,0.91,0.40,-0.06
1783966493.2434,11:14:53.243,0.93,0.38,-0.03
1783966493.7437,11:14:53.743,0.94,0.35,0.00
1783966494.2431,11:14:54.243,0.94,0.34,-0.01
1783966494.743,11:14:54.743,0.96,0.29,0.03
1783966495.2428,11:14:55.242,0.95,0.31,0.00
1783966495.7426,11:14:55.742,0.94,0.34,-0.02
1783966496.243,11:14:56.243,0.94,0.34,-0.03
1783966496.7431,11:14:56.743,0.93,0.36,-0.03
1783966497.2425,11:14:57.242,0.93,0.36,-0.03
1783966497.7426,11:14:57.742,0.95,0.32,0.01
1783966498.243,11:14:58.243,0.95,0.30,0.02
1783966498.7419,11:14:58.741,0.96,0.28,0.03
1783966499.2413,11:14:59.241,0.96,0.29,0.03
1783966499.7416,11:14:59.741,0.96,0.28,0.01
1783966500.2412,11:15:00.241,0.97,0.23,0.05
1783966500.7407,11:15:00.740,0.97,0.23,0.04
1783966501.2407,11:15:01.240,0.97,0.24,0.04
1783966501.7406,11:15:01.740,0.97,0.24,0.04
1783966502.24,11:15:02.240,0.98,0.20,0.06
1783966502.7402,11:15:02.740,0.98,0.18,0.09
1783966503.2395,11:15:03.239,0.97,0.26,0.03
1783966503.7389,11:15:03.738,0.95,0.31,-0.01
1783966504.239,11:15:04.239,0.93,0.36,-0.02
1783966504.7382,11:15:04.738,0.93,0.38,-0.04
1783966505.2379,11:15:05.237,0.94,0.33,-0.03
1783966505.7383,11:15:05.738,0.95,0.32,-0.02
1783966506.2382,11:15:06.238,0.95,0.31,-0.01
1783966506.7378,11:15:06.737,0.97,0.26,0.03
1783966507.2381,11:15:07.238,0.98,0.19,0.08
1783966507.7383,11:15:07.738,0.98,0.15,0.11
1783966508.2378,11:15:08.237,0.99,0.13,0.11
1783966508.738,11:15:08.738,0.99,0.13,0.11
1783966509.2375,11:15:09.237,0.99,0.13,0.11
1783966509.7367,11:15:09.736,0.98,0.19,0.07
1783966510.237,11:15:10.237,0.98,0.22,0.04
1783966510.7373,11:15:10.737,0.97,0.25,0.03
1783966511.237,11:15:11.237,0.95,0.32,-0.03
1783966511.737,11:15:11.737,0.95,0.32,-0.04
1783966512.2374,11:15:12.237,0.96,0.28,0.00
1783966512.7368,11:15:12.736,0.96,0.27,0.01
1783966513.2366,11:15:13.236,0.96,0.27,0.03
1783966513.7365,11:15:13.736,0.97,0.25,0.06
1783966514.2359,11:15:14.235,0.97,0.25,0.05
1783966514.7352,11:15:14.735,0.97,0.24,0.05
1783966515.2354,11:15:15.235,0.97,0.22,0.05
1783966515.7351,11:15:15.735,0.98,0.19,0.06
1783966516.2351,11:15:16.235,0.98,0.15,0.08
1783966516.7358,11:15:16.735,0.98,0.15,0.09
1783966517.235,11:15:17.235,0.98,0.18,0.08
1783966517.7341,11:15:17.734,0.96,0.26,0.02
1783966518.2345,11:15:18.234,0.95,0.31,-0.02
1783966518.7342,11:15:18.734,0.95,0.31,0.00
1783966519.2334,11:15:19.233,0.95,0.31,0.00
1783966519.7337,11:15:19.733,0.91,0.40,-0.07
1783966520.2335,11:15:20.233,0.91,0.40,-0.07
1783966520.7334,11:15:20.733,0.95,0.31,0.01
1783966521.2334,11:15:21.233,0.96,0.27,0.02
1783966521.7335,11:15:21.733,0.96,0.27,0.02
1783966522.2333,11:15:22.233,0.94,0.33,-0.02
1783966522.7332,11:15:22.733,0.90,0.42,-0.09
1783966523.2331,11:15:23.233,0.90,0.42,-0.10
1783966523.7325,11:15:23.732,0.94,0.35,-0.04
1783966524.2328,11:15:24.232,0.94,0.35,-0.05
1783966524.7326,11:15:24.732,0.93,0.37,-0.07
1783966525.2323,11:15:25.232,0.93,0.37,-0.06
1783966525.7319,11:15:25.731,0.94,0.34,-0.03
1783966526.2328,11:15:26.232,0.95,0.32,-0.02
1783966526.7319,11:15:26.731,0.95,0.33,-0.02
1783966527.232,11:15:27.232,0.95,0.33,-0.02
1783966527.7318,11:15:27.731,0.94,0.34,-0.03
1783966528.2315,11:15:28.231,0.95,0.32,-0.03
1783966528.7309,11:15:28.730,0.94,0.34,-0.03
1783966529.2313,11:15:29.231,0.92,0.39,-0.08
1783966529.7309,11:15:29.730,0.89,0.43,-0.11
1783966530.2308,11:15:30.230,0.89,0.44,-0.12
1783966530.731,11:15:30.731,0.89,0.44,-0.12
1783966531.2311,11:15:31.231,0.92,0.40,-0.07
1783966531.7309,11:15:31.730,0.92,0.40,-0.06
1783966532.2311,11:15:32.231,0.92,0.39,-0.04
1783966532.7302,11:15:32.730,0.92,0.40,-0.04
1783966533.23,11:15:33.230,0.92,0.39,-0.03
1783966533.7305,11:15:33.730,0.92,0.40,-0.02
1783966534.2298,11:15:34.229,0.94,0.35,0.04
1783966534.7295,11:15:34.729,0.94,0.32,0.07
1783966535.2297,11:15:35.229,0.92,0.38,0.04
1783966535.7301,11:15:35.730,0.89,0.45,-0.02
1783966536.2293,11:15:36.229,0.89,0.45,-0.02
1783966536.7298,11:15:36.729,0.92,0.40,0.02
1783966537.2294,11:15:37.229,0.91,0.42,0.01
1783966537.7291,11:15:37.729,0.90,0.43,0.00
1783966538.2293,11:15:38.229,0.91,0.42,0.01
1783966538.7291,11:15:38.729,0.87,0.49,-0.06
1783966539.2285,11:15:39.228,0.85,0.52,-0.08
1783966539.7284,11:15:39.728,0.85,0.53,-0.08
1783966540.2283,11:15:40.228,0.85,0.53,-0.07
1783966540.7278,11:15:40.727,0.83,0.55,-0.10
1783966541.2278,11:15:41.227,0.80,0.58,-0.13
1783966541.7282,11:15:41.728,0.81,0.58,-0.12
1783966542.2281,11:15:42.228,0.81,0.57,-0.11
1783966542.7275,11:15:42.727,0.83,0.55,-0.10
1783966543.2276,11:15:43.227,0.87,0.50,-0.05
1783966543.7272,11:15:43.727,0.86,0.50,-0.06
1783966544.2269,11:15:44.226,0.82,0.56,-0.10
1783966544.7269,11:15:44.726,0.82,0.56,-0.11
1783966545.2264,11:15:45.226,0.84,0.54,-0.07
1783966545.726,11:15:45.726,0.86,0.51,-0.06
1783966546.2263,11:15:46.226,0.86,0.51,-0.04
1783966546.7256,11:15:46.725,0.89,0.46,0.00
1783966547.2257,11:15:47.225,0.89,0.46,-0.01
1783966547.7257,11:15:47.725,0.90,0.44,0.00
1783966548.2254,11:15:48.225,0.89,0.45,-0.01
1783966548.725,11:15:48.725,0.86,0.50,-0.05
1783966549.2251,11:15:49.225,0.84,0.54,-0.09
1783966549.7247,11:15:49.724,0.83,0.55,-0.09
1783966550.2246,11:15:50.224,0.81,0.57,-0.10
1783966550.7244,11:15:50.724,0.81,0.57,-0.10
1783966551.2246,11:15:51.224,0.86,0.50,-0.08
1783966551.7239,11:15:51.723,0.87,0.48,-0.05
1783966552.2239,11:15:52.223,0.88,0.47,-0.03
1783966552.7241,11:15:52.724,0.88,0.47,-0.04
1783966553.2233,11:15:53.223,0.85,0.51,-0.09
1783966553.723,11:15:53.723,0.83,0.55,-0.11
1783966554.2232,11:15:54.223,0.83,0.55,-0.12
1783966554.7223,11:15:54.722,0.80,0.58,-0.13
1783966555.2223,11:15:55.222,0.77,0.62,-0.18
1783966555.7228,11:15:55.722,0.77,0.62,-0.18
1783966556.2224,11:15:56.222,0.84,0.53,-0.10
1783966556.7225,11:15:56.722,0.90,0.44,-0.03
1783966557.2227,11:15:57.222,0.91,0.42,0.00
1783966557.7222,11:15:57.722,0.90,0.44,-0.02
1783966558.2224,11:15:58.222,0.89,0.45,-0.03
1783966558.7225,11:15:58.722,0.87,0.48,-0.06
1783966559.2224,11:15:59.222,0.86,0.51,-0.09
1783966559.7225,11:15:59.722,0.85,0.51,-0.10
1783966560.2223,11:16:00.222,0.87,0.48,-0.08
1783966560.7215,11:16:00.721,0.89,0.45,-0.05
1783966561.221,11:16:01.221,0.92,0.39,-0.01
1783966561.7214,11:16:01.721,0.92,0.39,-0.01
1783966562.2209,11:16:02.220,0.92,0.40,-0.01
1783966562.7209,11:16:02.720,0.88,0.47,-0.06
1783966563.221,11:16:03.221,0.87,0.49,-0.07
1783966563.7208,11:16:03.720,0.86,0.50,-0.08
1783966564.2205,11:16:04.220,0.84,0.53,-0.11
1783966564.7202,11:16:04.720,0.85,0.52,-0.11
1783966565.2201,11:16:05.220,0.84,0.53,-0.11
1783966565.7197,11:16:05.719,0.84,0.54,-0.11
1783966566.2196,11:16:06.219,0.85,0.52,-0.09
1783966566.7198,11:16:06.719,0.85,0.51,-0.09
1783966567.219,11:16:07.219,0.86,0.51,-0.08
1783966567.7188,11:16:07.718,0.86,0.51,-0.08
1783966568.2191,11:16:08.219,0.85,0.52,-0.10
1783966568.7181,11:16:08.718,0.88,0.47,-0.07
1783966569.2187,11:16:09.218,0.90,0.43,-0.04
1783966569.7187,11:16:09.718,0.91,0.42,-0.03
1783966570.2178,11:16:10.217,0.93,0.36,0.03
1783966570.7178,11:16:10.717,0.94,0.35,0.02
1783966571.2178,11:16:11.217,0.94,0.34,0.03
1783966571.7171,11:16:11.717,0.95,0.30,0.06
1783966572.2173,11:16:12.217,0.96,0.25,0.09
1783966572.7178,11:16:12.717,0.96,0.26,0.10
1783966573.2174,11:16:13.217,0.92,0.40,0.00
1783966573.7173,11:16:13.717,0.88,0.47,-0.04
1783966574.2175,11:16:14.217,0.88,0.47,-0.05
1783966574.7168,11:16:14.716,0.88,0.48,-0.06
1783966575.2166,11:16:15.216,0.90,0.43,-0.03
1783966575.7169,11:16:15.716,0.95,0.32,0.04
1783966576.2165,11:16:16.216,0.95,0.31,0.05
1783966576.7166,11:16:16.716,0.95,0.30,0.07
1783966577.2168,11:16:17.216,0.95,0.30,0.07
1783966577.7163,11:16:17.716,0.95,0.31,0.07
1783966578.2163,11:16:18.216,0.95,0.30,0.07
1783966578.7166,11:16:18.716,0.95,0.29,0.08
1783966579.216,11:16:19.216,0.96,0.28,0.07
1783966579.7157,11:16:19.715,0.96,0.25,0.09
1783966580.2163,11:16:20.216,0.96,0.25,0.09
1783966580.7164,11:16:20.716,0.97,0.24,0.10
1783966581.2157,11:16:21.215,0.96,0.24,0.10
1783966581.7159,11:16:21.715,0.97,0.21,0.13
1783966582.216,11:16:22.216,0.98,0.16,0.16
1783966582.7156,11:16:22.715,0.97,0.07,0.22
1783966583.2155,11:16:23.215,0.97,0.08,0.23
1783966583.7157,11:16:23.715,0.97,0.10,0.22
1783966584.2146,11:16:24.214,0.97,0.12,0.22
1783966584.7144,11:16:24.714,0.97,0.17,0.18
1783966585.2147,11:16:25.214,0.96,0.22,0.14
1783966585.7142,11:16:25.714,0.95,0.29,0.10
1783966586.2142,11:16:26.214,0.94,0.33,0.06
1783966586.7142,11:16:26.714,0.94,0.33,0.06
1783966587.2133,11:16:27.213,0.94,0.33,0.06
1783966587.7137,11:16:27.713,0.91,0.42,-0.01
1783966588.214,11:16:28.214,0.87,0.48,-0.08
1783966588.7134,11:16:28.713,0.87,0.49,-0.08
1783966589.2135,11:16:29.213,0.86,0.50,-0.11
1783966589.7137,11:16:29.713,0.85,0.51,-0.12
1783966590.2131,11:16:30.213,0.85,0.51,-0.13
1783966590.7126,11:16:30.712,0.92,0.40,-0.02
1783966591.2126,11:16:31.212,0.93,0.37,-0.02
1783966591.7125,11:16:31.712,0.93,0.37,-0.03
1783966592.2123,11:16:32.212,0.91,0.41,-0.07
1783966592.7122,11:16:32.712,0.91,0.41,-0.08
1783966593.2118,11:16:33.211,0.90,0.43,-0.09
1783966593.7111,11:16:33.711,0.90,0.43,-0.09
1783966594.2113,11:16:34.211,0.90,0.42,-0.11
1783966594.7114,11:16:34.711,0.86,0.49,-0.16
1783966595.2106,11:16:35.210,0.86,0.49,-0.13
1783966595.7107,11:16:35.710,0.87,0.48,-0.13
1783966596.2103,11:16:36.210,0.88,0.47,-0.12
1783966596.7098,11:16:36.709,0.87,0.47,-0.14
1783966597.2096,11:16:37.209,0.90,0.43,-0.11
1783966597.7097,11:16:37.709,0.92,0.39,-0.06
1783966598.2096,11:16:38.209,0.93,0.37,-0.04
1783966598.7099,11:16:38.709,0.92,0.38,-0.04
1783966599.2097,11:16:39.209,0.96,0.29,0.03
1783966599.7093,11:16:39.709,0.96,0.29,0.03
1783966600.2096,11:16:40.209,0.90,0.43,-0.07
1783966600.7097,11:16:40.709,0.85,0.52,-0.13
1783966601.2092,11:16:41.209,0.84,0.52,-0.14
1783966601.7086,11:16:41.708,0.85,0.51,-0.12
1783966602.2085,11:16:42.208,0.87,0.48,-0.10
1783966602.7081,11:16:42.708,0.93,0.38,-0.03
1783966603.2078,11:16:43.207,0.92,0.38,-0.04
1783966603.7084,11:16:43.708,0.93,0.35,-0.04
1783966604.2081,11:16:44.208,0.94,0.33,-0.01
1783966604.7075,11:16:44.707,0.95,0.32,-0.01
1783966605.2076,11:16:45.207,0.95,0.31,-0.02
1783966605.7074,11:16:45.707,0.93,0.37,-0.06
1783966606.2071,11:16:46.207,0.91,0.40,-0.08
1783966606.7071,11:16:46.707,0.88,0.46,-0.12
1783966607.207,11:16:47.207,0.87,0.49,-0.11
1783966607.707,11:16:47.707,0.90,0.43,-0.06
1783966608.2073,11:16:48.207,0.91,0.41,-0.04
1783966608.7063,11:16:48.706,0.95,0.31,0.03
1783966609.2057,11:16:49.205,0.96,0.29,0.05
1783966609.706,11:16:49.706,0.96,0.27,0.06
1783966610.2057,11:16:50.205,0.97,0.23,0.08
1783966610.7054,11:16:50.705,0.98,0.20,0.09
1783966611.206,11:16:51.206,0.98,0.14,0.10
1783966611.7065,11:16:51.706,0.99,0.13,0.10
1783966612.2055,11:16:52.205,0.99,0.13,0.09
1783966612.7056,11:16:52.705,0.99,0.11,0.10
1783966613.2058,11:16:53.205,0.99,0.06,0.13
1783966613.7055,11:16:53.705,0.99,0.02,0.15
1783966614.2055,11:16:54.205,0.99,0.01,0.15
1783966614.7056,11:16:54.705,0.99,0.11,0.08
1783966615.2052,11:16:55.205,0.99,0.15,0.05
1783966615.7055,11:16:55.705,0.98,0.17,0.05
1783966616.2049,11:16:56.204,0.99,0.12,0.07
1783966616.7042,11:16:56.704,0.99,0.12,0.07
1783966617.2043,11:16:57.204,0.98,0.19,0.04
1783966617.7042,11:16:57.704,0.97,0.25,0.02
1783966618.2036,11:16:58.203,0.96,0.26,0.03
1783966618.7032,11:16:58.703,0.96,0.27,0.03
1783966619.2035,11:16:59.203,0.95,0.30,0.02
1783966619.7027,11:16:59.702,0.95,0.32,0.00
1783966620.203,11:17:00.203,0.95,0.31,-0.02
1783966620.7035,11:17:00.703,0.97,0.26,0.03
1783966621.2028,11:17:01.202,0.98,0.19,0.09
1783966621.7024,11:17:01.702,0.98,0.19,0.10
1783966622.2024,11:17:02.202,0.96,0.29,0.02
1783966622.702,11:17:02.702,0.92,0.38,-0.04
1783966623.2017,11:17:03.201,0.92,0.38,-0.04
1783966623.7021,11:17:03.702,0.92,0.39,-0.04
1783966624.2017,11:17:04.201,0.87,0.47,-0.12
1783966624.7013,11:17:04.701,0.87,0.47,-0.11
1783966625.2018,11:17:05.201,0.87,0.47,-0.12
1783966625.7011,11:17:05.701,0.88,0.47,-0.12
1783966626.2009,11:17:06.200,0.88,0.47,-0.11
1783966626.7014,11:17:06.701,0.88,0.47,-0.12
1783966627.2007,11:17:07.200,0.89,0.44,-0.10
1783966627.7005,11:17:07.700,0.93,0.36,-0.04
1783966628.2007,11:17:08.200,0.93,0.36,-0.04
1783966628.6999,11:17:08.699,0.91,0.40,-0.07
1783966629.1997,11:17:09.199,0.91,0.41,-0.08
1783966629.7,11:17:09.700,0.91,0.41,-0.08
1783966630.2002,11:17:10.200,0.90,0.42,-0.09
1783966630.6999,11:17:10.699,0.94,0.34,-0.03
1783966631.1999,11:17:11.199,0.94,0.35,-0.02
1783966631.6998,11:17:11.699,0.92,0.40,-0.05
1783966632.1992,11:17:12.199,0.90,0.42,-0.07
1783966632.6991,11:17:12.699,0.91,0.42,-0.06
1783966633.1994,11:17:13.199,0.91,0.41,-0.06
1783966633.6985,11:17:13.698,0.92,0.40,-0.07
1783966634.198,11:17:14.198,0.90,0.41,-0.11
1783966634.6979,11:17:14.697,0.90,0.41,-0.11
1783966635.1972,11:17:15.197,0.94,0.35,-0.03
1783966635.6975,11:17:15.697,0.94,0.35,-0.03
1783966636.1976,11:17:16.197,0.88,0.46,-0.12
1783966636.6971,11:17:16.697,0.82,0.53,-0.19
1783966637.1969,11:17:17.196,0.81,0.55,-0.21
1783966637.6968,11:17:17.696,0.80,0.56,-0.22
1783966638.1964,11:17:18.196,0.86,0.49,-0.15
1783966638.6964,11:17:18.696,0.92,0.38,-0.07
1783966639.1969,11:17:19.196,0.92,0.37,-0.07
1783966639.6969,11:17:19.696,0.89,0.44,-0.12
1783966640.1968,11:17:20.196,0.88,0.45,-0.14
1783966640.6971,11:17:20.697,0.78,0.57,-0.24
1783966641.1966,11:17:21.196,0.75,0.61,-0.26
1783966641.6968,11:17:21.696,0.74,0.62,-0.25
1783966642.1973,11:17:22.197,0.78,0.59,-0.21
1783966642.6975,11:17:22.697,0.80,0.57,-0.20
1783966643.197,11:17:23.197,0.79,0.58,-0.19
1783966643.6974,11:17:23.697,0.76,0.62,-0.21
1783966644.1969,11:17:24.196,0.75,0.63,-0.21
1783966644.6959,11:17:24.695,0.75,0.63,-0.21
1783966645.1958,11:17:25.195,0.80,0.58,-0.16
1783966645.6952,11:17:25.695,0.83,0.54,-0.13
1783966646.1943,11:17:26.194,0.86,0.51,-0.10
1783966646.6947,11:17:26.694,0.91,0.41,-0.06
1783966647.195,11:17:27.195,0.96,0.28,0.03
1783966647.6942,11:17:27.694,0.97,0.24,0.03
1783966648.194,11:17:28.194,0.99,0.12,0.10
1783966648.6938,11:17:28.693,0.99,0.11,0.10
1783966649.1929,11:17:29.192,0.99,0.09,0.10
1783966649.6928,11:17:29.692,0.99,0.04,0.15
1783966650.193,11:17:30.193,0.99,0.04,0.15
1783966650.6927,11:17:30.692,0.99,0.04,0.16
1783966651.1923,11:17:31.192,0.99,0.05,0.15
1783966651.6924,11:17:31.692,0.98,0.03,0.18
1783966652.1922,11:17:32.192,0.98,0.03,0.18
1783966652.6921,11:17:32.692,0.98,0.06,0.17
1783966653.1922,11:17:33.192,0.98,0.07,0.17
1783966653.6913,11:17:33.691,0.99,0.07,0.16
1783966654.1909,11:17:34.190,0.99,0.07,0.14
1783966654.6912,11:17:34.691,0.99,0.07,0.14
1783966655.1906,11:17:35.190,0.99,0.07,0.14
1783966655.6903,11:17:35.690,0.98,0.06,0.16
1783966656.1905,11:17:36.190,0.98,0.02,0.19
1783966656.6902,11:17:36.690,0.98,0.02,0.18
1783966657.1896,11:17:37.189,0.98,0.03,0.18
1783966657.6898,11:17:37.689,0.98,0.03,0.18
1783966658.1897,11:17:38.189,0.98,0.03,0.18
1783966658.6891,11:17:38.689,0.98,0.02,0.19
1783966659.1898,11:17:39.189,0.98,0.03,0.20
1783966659.6892,11:17:39.689,0.98,0.02,0.19
1783966660.1885,11:17:40.188,0.98,0.06,0.17
1783966660.6883,11:17:40.688,0.99,0.08,0.15
1783966661.1882,11:17:41.188,0.98,0.08,0.16
1783966661.6876,11:17:41.687,0.99,0.07,0.14
1783966662.1881,11:17:42.188,0.99,0.02,0.16
1783966662.6879,11:17:42.687,0.98,0.00,0.18
1783966663.1874,11:17:43.187,0.98,-0.01,0.18
1783966663.6874,11:17:43.687,0.98,-0.05,0.21
1783966664.1877,11:17:44.187,0.97,-0.04,0.23
1783966664.6871,11:17:44.687,0.98,-0.01,0.20
1783966665.187,11:17:45.187,0.98,0.01,0.19
1783966665.6868,11:17:45.686,0.98,0.00,0.19
1783966666.1865,11:17:46.186,0.99,0.11,0.12
1783966666.6861,11:17:46.686,0.96,0.28,0.01
1783966667.1866,11:17:47.186,0.95,0.33,0.00
1783966667.6868,11:17:47.686,0.94,0.34,0.00
1783966668.186,11:17:48.186,0.93,0.36,-0.01
1783966668.6863,11:17:48.686,0.88,0.47,-0.09
1783966669.1863,11:17:49.186,0.86,0.51,-0.09
1783966669.6862,11:17:49.686,0.85,0.51,-0.07
1783966670.1866,11:17:50.186,0.85,0.53,-0.05
1783966670.6867,11:17:50.686,0.82,0.57,-0.09
1783966671.1869,11:17:51.186,0.82,0.56,-0.10
1783966671.6868,11:17:51.686,0.80,0.58,-0.12
1783966672.1862,11:17:52.186,0.80,0.58,-0.14
1783966672.6861,11:17:52.686,0.75,0.64,-0.20
1783966673.1859,11:17:53.185,0.71,0.66,-0.26
1783966673.6859,11:17:53.685,0.71,0.65,-0.28
1783966674.1855,11:17:54.185,0.73,0.61,-0.30
1783966674.6858,11:17:54.685,0.76,0.59,-0.28
1783966675.1858,11:17:55.185,0.82,0.53,-0.20
1783966675.6854,11:17:55.685,0.90,0.42,-0.07
1783966676.185,11:17:56.185,0.89,0.45,-0.06
1783966676.6852,11:17:56.685,0.86,0.51,-0.10
1783966677.1847,11:17:57.184,0.86,0.51,-0.10
1783966677.6845,11:17:57.684,0.93,0.37,-0.03
1783966678.1848,11:17:58.184,0.93,0.36,-0.04
1783966678.6838,11:17:58.683,0.93,0.35,-0.05
1783966679.1839,11:17:59.183,0.93,0.35,-0.05
1783966679.6837,11:17:59.683,0.93,0.36,-0.05
1783966680.1832,11:18:00.183,0.94,0.35,-0.02
1783966680.6826,11:18:00.682,0.93,0.36,-0.02
1783966681.1827,11:18:01.182,0.97,0.23,0.06
1783966681.6821,11:18:01.682,0.98,0.18,0.09
1783966682.1817,11:18:02.181,0.98,0.17,0.08
1783966682.6818,11:18:02.681,0.99,0.10,0.13
1783966683.1815,11:18:03.181,0.98,0.05,0.17
1783966683.6819,11:18:03.681,0.97,-0.03,0.22
1783966684.1824,11:18:04.182,0.97,-0.04,0.24
1783966684.6824,11:18:04.682,0.96,-0.07,0.26
1783966685.1827,11:18:05.182,0.96,-0.07,0.26
1783966685.6825,11:18:05.682,0.98,0.00,0.21
1783966686.1825,11:18:06.182,0.98,0.10,0.14
1783966686.6823,11:18:06.682,0.98,0.15,0.10
1783966687.1823,11:18:07.182,0.98,0.17,0.10
1783966687.6822,11:18:07.682,0.98,0.17,0.10
1783966688.1818,11:18:08.181,0.97,0.24,0.05
1783966688.6821,11:18:08.682,0.97,0.24,0.05
1783966689.1817,11:18:09.181,0.98,0.14,0.13
1783966689.6814,11:18:09.681,0.98,0.07,0.18
1783966690.1816,11:18:10.181,0.98,0.06,0.18
1783966690.6811,11:18:10.681,0.98,0.06,0.17
1783966691.1807,11:18:11.180,0.98,0.06,0.17
1783966691.6811,11:18:11.681,0.98,0.05,0.19
1783966692.1807,11:18:12.180,0.98,0.06,0.20
1783966692.6802,11:18:12.680,0.98,0.07,0.19
1783966693.1801,11:18:13.180,0.98,0.13,0.14
1783966693.6804,11:18:13.680,0.97,0.25,0.06
1783966694.1798,11:18:14.179,0.96,0.29,0.04
1783966694.6801,11:18:14.680,0.96,0.28,0.03
1783966695.1803,11:18:15.180,0.98,0.17,0.10
1783966695.6796,11:18:15.679,0.98,0.06,0.17
1783966696.1796,11:18:16.179,0.98,0.06,0.18
1783966696.6795,11:18:16.679,0.98,0.01,0.21
1783966697.1788,11:18:17.178,0.97,-0.07,0.24
1783966697.678,11:18:17.678,0.97,-0.07,0.25
1783966698.1779,11:18:18.177,0.96,-0.08,0.25
1783966698.6772,11:18:18.677,0.96,-0.10,0.25
1783966699.1771,11:18:19.177,0.96,-0.12,0.26
1783966699.6777,11:18:19.677,0.96,-0.12,0.26
1783966700.1774,11:18:20.177,0.97,-0.07,0.24
1783966700.6768,11:18:20.676,0.98,-0.03,0.22
1783966701.1771,11:18:21.177,0.98,-0.03,0.22
1783966701.6769,11:18:21.676,0.98,-0.03,0.22
1783966702.1764,11:18:22.176,0.97,-0.05,0.22
1783966702.6766,11:18:22.676,0.97,-0.06,0.23
1783966703.1759,11:18:23.175,0.97,-0.06,0.24
1783966703.6753,11:18:23.675,0.97,-0.05,0.24
1783966704.1756,11:18:24.175,0.97,-0.02,0.23
1783966704.6749,11:18:24.674,0.98,0.05,0.19
1783966705.1744,11:18:25.174,0.98,0.05,0.20
1783966705.6744,11:18:25.674,0.98,0.04,0.20
1783966706.1744,11:18:26.174,0.97,-0.03,0.24
1783966706.6741,11:18:26.674,0.97,-0.03,0.23
1783966707.1741,11:18:27.174,0.98,0.03,0.20
1783966707.6746,11:18:27.674,0.98,0.07,0.17
1783966708.1744,11:18:28.174,0.98,0.14,0.12
1783966708.6749,11:18:28.674,0.97,0.23,0.05
1783966709.1746,11:18:29.174,0.95,0.30,0.00
1783966709.6743,11:18:29.674,0.95,0.31,0.00
1783966710.1741,11:18:30.174,0.95,0.30,0.01
1783966710.674,11:18:30.674,0.96,0.29,0.01
1783966711.1736,11:18:31.173,0.96,0.28,0.03
1783966711.6739,11:18:31.673,0.98,0.19,0.09
1783966712.1737,11:18:32.173,0.98,0.12,0.12
1783966712.673,11:18:32.673,0.98,0.02,0.19
1783966713.1724,11:18:33.172,0.98,0.02,0.19
1783966713.6731,11:18:33.673,0.98,0.00,0.20
1783966714.1725,11:18:34.172,0.98,-0.02,0.21
1783966714.672,11:18:34.672,0.97,-0.04,0.24
1783966715.1723,11:18:35.172,0.97,-0.04,0.24
1783966715.6727,11:18:35.672,0.98,0.03,0.20
1783966716.172,11:18:36.172,0.98,0.05,0.19
1783966716.672,11:18:36.672,0.98,0.04,0.17
1783966717.1719,11:18:37.171,0.98,0.00,0.20
1783966717.6709,11:18:37.670,0.97,-0.04,0.23
1783966718.1714,11:18:38.171,0.97,-0.04,0.22
1783966718.6716,11:18:38.671,0.97,-0.06,0.23
1783966719.1709,11:18:39.170,0.97,-0.06,0.23
1783966719.6707,11:18:39.670,0.97,-0.06,0.23
1783966720.1706,11:18:40.170,0.97,-0.06,0.23
1783966720.67,11:18:40.670,0.97,-0.04,0.22
1783966721.1705,11:18:41.170,0.98,0.03,0.18
1783966721.6705,11:18:41.670,0.99,0.08,0.15
1783966722.17,11:18:42.170,0.98,0.08,0.16
1783966722.6704,11:18:42.670,0.98,0.00,0.22
1783966723.1699,11:18:43.169,0.98,0.00,0.22
1783966723.6693,11:18:43.669,0.98,0.03,0.19
1783966724.1694,11:18:44.169,0.98,0.05,0.19
1783966724.6691,11:18:44.669,0.98,0.05,0.18
1783966725.1688,11:18:45.168,0.98,0.12,0.14
1783966725.6686,11:18:45.668,0.98,0.14,0.11
1783966726.1686,11:18:46.168,0.97,0.22,0.06
1783966726.6685,11:18:46.668,0.97,0.25,0.03
1783966727.1683,11:18:47.168,0.97,0.25,0.03
1783966727.6684,11:18:47.668,0.98,0.10,0.15
1783966728.168,11:18:48.168,0.98,0.02,0.21
1783966728.6675,11:18:48.667,0.98,0.01,0.21
1783966729.1673,11:18:49.167,0.98,0.01,0.20
1783966729.6672,11:18:49.667,0.98,0.01,0.21
1783966730.1672,11:18:50.167,0.98,0.02,0.22
1783966730.6677,11:18:50.667,0.98,0.07,0.18
1783966731.1673,11:18:51.167,0.98,0.08,0.17
1783966731.6672,11:18:51.667,0.98,0.11,0.14
1783966732.1672,11:18:52.167,0.98,0.18,0.10
1783966732.6671,11:18:52.667,0.98,0.18,0.09
1783966733.1665,11:18:53.166,0.98,0.13,0.12
1783966733.6668,11:18:53.666,0.98,0.03,0.19
1783966734.1669,11:18:54.166,0.97,-0.04,0.24
1783966734.6668,11:18:54.666,0.97,-0.04,0.23
1783966735.1672,11:18:55.167,0.98,0.00,0.20
1783966735.667,11:18:55.667,0.98,0.02,0.18
1783966736.1669,11:18:56.166,0.99,0.01,0.16
1783966736.6669,11:18:56.666,0.98,-0.02,0.20
1783966737.1668,11:18:57.166,0.97,-0.05,0.22
1783966737.6664,11:18:57.666,0.98,-0.06,0.21
1783966738.1665,11:18:58.166,0.98,-0.04,0.18
1783966738.6665,11:18:58.666,0.98,-0.04,0.18
1783966739.1664,11:18:59.166,0.98,-0.03,0.17
1783966739.6664,11:18:59.666,0.99,0.00,0.15
1783966740.1663,11:19:00.166,0.99,-0.02,0.14
1783966740.6657,11:19:00.665,0.99,0.08,0.06
1783966741.166,11:19:01.166,0.94,0.33,-0.12
1783966741.6658,11:19:01.665,0.90,0.40,-0.16
1783966742.1649,11:19:02.164,0.90,0.41,-0.16
1783966742.6647,11:19:02.664,0.93,0.35,-0.09
1783966743.1646,11:19:03.164,0.98,0.19,0.05
1783966743.6634,11:19:03.663,0.99,0.13,0.07
1783966744.1632,11:19:04.163,0.99,0.10,0.09
1783966744.6632,11:19:04.663,0.99,0.11,0.10
1783966745.1632,11:19:05.163,0.99,0.11,0.10
1783966745.6629,11:19:05.662,0.98,0.17,0.08
1783966746.1633,11:19:06.163,0.98,0.20,0.08
1783966746.663,11:19:06.663,0.97,0.25,0.07
1783966747.1622,11:19:07.162,0.97,0.25,0.07
1783966747.6627,11:19:07.662,0.97,0.26,0.06
1783966748.1625,11:19:08.162,0.97,0.25,0.03
1783966748.6626,11:19:08.662,0.96,0.27,0.02
1783966749.1628,11:19:09.162,0.96,0.28,0.02
1783966749.6627,11:19:09.662,0.97,0.23,0.05
1783966750.1621,11:19:10.162,0.97,0.22,0.05
1783966750.6622,11:19:10.662,0.98,0.19,0.06
1783966751.1618,11:19:11.161,0.99,0.16,0.05
1783966751.6615,11:19:11.661,0.99,0.08,0.09
1783966752.1615,11:19:12.161,0.99,0.06,0.11
1783966752.6612,11:19:12.661,0.99,0.06,0.11
1783966753.1608,11:19:13.160,0.99,0.09,0.10
1783966753.6607,11:19:13.660,0.99,0.16,0.04
1783966754.1601,11:19:14.160,0.97,0.23,0.01
1783966754.6599,11:19:14.659,0.97,0.26,0.02
1783966755.1598,11:19:15.159,0.96,0.28,0.02
1783966755.6597,11:19:15.659,0.94,0.33,0.00
1783966756.1593,11:19:16.159,0.94,0.33,0.02
1783966756.6597,11:19:16.659,0.95,0.30,0.05
1783966757.16,11:19:17.160,0.96,0.28,0.09
1783966757.6594,11:19:17.659,0.96,0.27,0.09
1783966758.1595,11:19:18.159,0.95,0.28,0.09
1783966758.6597,11:19:18.659,0.96,0.26,0.11
1783966759.1593,11:19:19.159,0.96,0.24,0.13
1783966759.6593,11:19:19.659,0.96,0.24,0.14
1783966760.1598,11:19:20.159,0.95,0.28,0.11
1783966760.6596,11:19:20.659,0.95,0.29,0.10
1783966761.1595,11:19:21.159,0.96,0.27,0.10
1783966761.6597,11:19:21.659,0.97,0.24,0.09
1783966762.1595,11:19:22.159,0.98,0.10,0.15
1783966762.6587,11:19:22.658,0.99,0.08,0.14
1783966763.1586,11:19:23.158,0.99,0.11,0.11
1783966763.6578,11:19:23.657,0.97,0.24,0.01
1783966764.1574,11:19:24.157,0.97,0.26,0.01
1783966764.6577,11:19:24.657,0.97,0.24,0.02
1783966765.1575,11:19:25.157,0.97,0.25,0.03
1783966765.6572,11:19:25.657,0.96,0.26,0.04
1783966766.1572,11:19:26.157,0.97,0.23,0.07
1783966766.6571,11:19:26.657,0.98,0.15,0.13
1783966767.1568,11:19:27.156,0.98,0.14,0.16
1783966767.6568,11:19:27.656,0.98,0.14,0.15
1783966768.1564,11:19:28.156,0.98,0.18,0.12
1783966768.6557,11:19:28.655,0.97,0.21,0.11
1783966769.1562,11:19:29.156,0.97,0.22,0.09
1783966769.6563,11:19:29.656,0.96,0.25,0.08
1783966770.1559,11:19:30.155,0.96,0.25,0.08
1783966770.656,11:19:30.656,0.97,0.24,0.09
1783966771.1558,11:19:31.155,0.96,0.25,0.08
1783966771.6559,11:19:31.655,0.95,0.30,0.05
1783966772.1559,11:19:32.155,0.92,0.39,-0.01
1783966772.6564,11:19:32.656,0.90,0.44,-0.04
1783966773.1564,11:19:33.156,0.90,0.44,-0.02
1783966773.6566,11:19:33.656,0.91,0.41,-0.03
1783966774.1563,11:19:34.156,0.84,0.52,-0.15
1783966774.6559,11:19:34.655,0.85,0.50,-0.16
1783966775.1561,11:19:35.156,0.89,0.44,-0.13
1783966775.6559,11:19:35.655,0.96,0.28,-0.01
1783966776.1556,11:19:36.155,0.98,0.16,0.06
1783966776.6556,11:19:36.655,0.99,0.13,0.07
1783966777.1559,11:19:37.155,0.99,0.05,0.12
1783966777.6553,11:19:37.655,0.99,0.04,0.13
1783966778.1552,11:19:38.155,0.98,0.00,0.17
1783966778.6548,11:19:38.654,0.99,0.04,0.14
1783966779.1547,11:19:39.154,0.99,0.05,0.14
1783966779.6539,11:19:39.653,0.98,0.20,0.02
1783966780.1538,11:19:40.153,0.96,0.27,-0.03
1783966780.6533,11:19:40.653,0.94,0.32,-0.07
1783966781.1528,11:19:41.152,0.94,0.33,-0.06
1783966781.653,11:19:41.653,0.96,0.26,0.00
1783966782.1529,11:19:42.152,0.99,0.10,0.11
1783966782.6523,11:19:42.652,0.99,0.04,0.16
1783966783.1519,11:19:43.151,0.99,0.04,0.16
1783966783.6517,11:19:43.651,0.99,0.05,0.15
1783966784.1511,11:19:44.151,0.99,0.13,0.08
1783966784.6514,11:19:44.651,0.98,0.19,0.05
1783966785.1508,11:19:45.150,0.95,0.30,-0.05
1783966785.6501,11:19:45.650,0.94,0.34,-0.08
1783966786.1505,11:19:46.150,0.93,0.35,-0.09
1783966786.6506,11:19:46.650,0.93,0.35,-0.09
1783966787.1496,11:19:47.149,0.93,0.36,-0.09
1783966787.6497,11:19:47.649,0.91,0.39,-0.10
1783966788.1501,11:19:48.150,0.86,0.49,-0.15
1783966788.6492,11:19:48.649,0.85,0.51,-0.14
1783966789.1495,11:19:49.149,0.86,0.49,-0.10
1783966789.6504,11:19:49.650,0.86,0.50,-0.10
1783966790.1502,11:19:50.150,0.84,0.53,-0.10
1783966790.6501,11:19:50.650,0.82,0.56,-0.11
1783966791.1497,11:19:51.149,0.80,0.58,-0.15
1783966791.65,11:19:51.650,0.80,0.58,-0.16
1783966792.1494,11:19:52.149,0.81,0.57,-0.15
1783966792.6497,11:19:52.649,0.83,0.54,-0.11
1783966793.1496,11:19:53.149,0.89,0.45,-0.05
1783966793.6494,11:19:53.649,0.95,0.32,0.03
1783966794.1499,11:19:54.149,0.95,0.31,-0.01
1783966794.6499,11:19:54.649,0.94,0.33,-0.04
1783966795.1498,11:19:55.149,0.92,0.38,-0.10
1783966795.6502,11:19:55.650,0.90,0.41,-0.13
1783966796.1496,11:19:56.149,0.87,0.47,-0.16
1783966796.6496,11:19:56.649,0.87,0.46,-0.15
1783966797.1495,11:19:57.149,0.86,0.49,-0.15
1783966797.6485,11:19:57.648,0.85,0.50,-0.15
1783966798.1474,11:19:58.147,0.84,0.52,-0.17
1783966798.6476,11:19:58.647,0.86,0.50,-0.15
1783966799.1471,11:19:59.147,0.86,0.50,-0.14
1783966799.6463,11:19:59.646,0.85,0.50,-0.14
1783966800.1462,11:20:00.146,0.87,0.48,-0.13
1783966800.6462,11:20:00.646,0.97,0.10,0.20
1783966801.1461,11:20:01.146,0.96,0.27,0.05
1783966801.6461,11:20:01.646,0.96,0.28,0.05
1783966802.1458,11:20:02.145,0.93,0.38,-0.01
1783966802.6456,11:20:02.645,0.91,0.42,-0.04
1783966803.1454,11:20:03.145,0.91,0.42,-0.03
1783966803.6453,11:20:03.645,0.92,0.40,-0.03
1783966804.1449,11:20:04.144,0.94,0.35,0.00
1783966804.645,11:20:04.645,0.94,0.34,0.01
1783966805.1449,11:20:05.144,0.94,0.35,-0.01
1783966805.644,11:20:05.644,0.91,0.40,-0.06
1783966806.144,11:20:06.144,0.86,0.50,-0.12
1783966806.6445,11:20:06.644,0.84,0.52,-0.15
1783966807.1443,11:20:07.144,0.82,0.54,-0.16
1783966807.6442,11:20:07.644,0.82,0.56,-0.15
1783966808.1438,11:20:08.143,0.82,0.55,-0.14
1783966808.6435,11:20:08.643,0.83,0.55,-0.13
1783966809.1429,11:20:09.142,0.84,0.52,-0.15
1783966809.643,11:20:09.643,0.86,0.48,-0.17
1783966810.1432,11:20:10.143,0.94,0.32,-0.07
1783966810.6427,11:20:10.642,0.98,0.18,0.01
1783966811.1429,11:20:11.142,0.99,0.04,0.13
1783966811.6424,11:20:11.642,0.99,0.04,0.13
1783966812.142,11:20:12.142,0.99,0.16,0.04
1783966812.6416,11:20:12.641,0.99,0.16,0.05
1783966813.1415,11:20:13.141,0.96,0.28,-0.04
1783966813.6411,11:20:13.641,0.93,0.36,-0.10
1783966814.141,11:20:14.141,0.91,0.39,-0.11
1783966814.6406,11:20:14.640,0.91,0.39,-0.12
1783966815.1403,11:20:15.140,0.91,0.40,-0.10
1783966815.6407,11:20:15.640,0.92,0.39,-0.07
1783966816.1406,11:20:16.140,0.94,0.33,-0.01
1783966816.6402,11:20:16.640,0.95,0.30,0.03
1783966817.1403,11:20:17.140,0.95,0.31,0.04
1783966817.6401,11:20:17.640,0.94,0.35,0.03
1783966818.1402,11:20:18.140,0.93,0.36,0.04
1783966818.6401,11:20:18.640,0.93,0.37,0.02
1783966819.14,11:20:19.140,0.87,0.49,-0.06
1783966819.64,11:20:19.640,0.84,0.54,-0.10
1783966820.1397,11:20:20.139,0.84,0.53,-0.12
1783966820.6405,11:20:20.640,0.85,0.51,-0.10
1783966821.1405,11:20:21.140,0.86,0.51,-0.09
1783966821.6401,11:20:21.640,0.83,0.55,-0.12
1783966822.1404,11:20:22.140,0.83,0.55,-0.12
1783966822.6403,11:20:22.640,0.83,0.55,-0.11
1783966823.1397,11:20:23.139,0.87,0.49,-0.06
1783966823.64,11:20:23.640,0.89,0.45,0.00
1783966824.1394,11:20:24.139,0.93,0.38,0.05
1783966824.6391,11:20:24.639,0.92,0.38,0.05
1783966825.1391,11:20:25.139,0.90,0.44,-0.01
1783966825.6384,11:20:25.638,0.86,0.51,-0.06
1783966826.1376,11:20:26.137,0.84,0.54,-0.07
1783966826.6379,11:20:26.637,0.82,0.57,-0.10
1783966827.1377,11:20:27.137,0.82,0.57,-0.10
1783966827.637,11:20:27.637,0.82,0.56,-0.09
1783966828.1372,11:20:28.137,0.82,0.56,-0.10
1783966828.6369,11:20:28.636,0.83,0.55,-0.10
1783966829.1365,11:20:29.136,0.79,0.60,-0.15
1783966829.6366,11:20:29.636,0.79,0.60,-0.16
1783966830.1368,11:20:30.136,0.84,0.53,-0.11
1783966830.6363,11:20:30.636,0.86,0.50,-0.08
1783966831.1361,11:20:31.136,0.85,0.51,-0.08
1783966831.6363,11:20:31.636,0.85,0.52,-0.08
1783966832.136,11:20:32.136,0.85,0.52,-0.09
1783966832.6358,11:20:32.635,0.85,0.51,-0.09
1783966833.1353,11:20:33.135,0.86,0.50,-0.10
1783966833.6351,11:20:33.635,0.85,0.51,-0.10
1783966834.1358,11:20:34.135,0.83,0.55,-0.13
1783966834.6358,11:20:34.635,0.84,0.54,-0.12
1783966835.1355,11:20:35.135,0.86,0.51,-0.09
1783966835.6355,11:20:35.635,0.88,0.47,-0.05
1783966836.136,11:20:36.136,0.89,0.46,-0.04
1783966836.6352,11:20:36.635,0.89,0.45,-0.03
1783966837.1345,11:20:37.134,0.89,0.45,-0.02
1783966837.6346,11:20:37.634,0.90,0.43,-0.01
1783966838.1343,11:20:38.134,0.92,0.39,0.03
1783966838.6345,11:20:38.634,0.92,0.39,0.04
1783966839.135,11:20:39.135,0.92,0.39,0.03
1783966839.6346,11:20:39.634,0.93,0.38,0.03
1783966840.1345,11:20:40.134,0.95,0.32,0.07
1783966840.6347,11:20:40.634,0.96,0.24,0.14
1783966841.1339,11:20:41.133,0.96,0.25,0.12
1783966841.6336,11:20:41.633,0.95,0.30,0.08
1783966842.1336,11:20:42.133,0.93,0.36,0.02
1783966842.6335,11:20:42.633,0.91,0.42,-0.01
1783966843.1331,11:20:43.133,0.89,0.45,-0.04
1783966843.633,11:20:43.633,0.86,0.50,-0.06
1783966844.1328,11:20:44.132,0.86,0.50,-0.05
1783966844.6331,11:20:44.633,0.87,0.50,-0.04
1783966845.1327,11:20:45.132,0.87,0.49,-0.02
1783966845.6322,11:20:45.632,0.88,0.47,-0.04
1783966846.132,11:20:46.132,0.93,0.38,0.02
1783966846.6321,11:20:46.632,0.93,0.37,0.01
1783966847.1319,11:20:47.131,0.89,0.45,-0.06
1783966847.6314,11:20:47.631,0.86,0.50,-0.09
1783966848.1314,11:20:48.131,0.83,0.54,-0.13
1783966848.6309,11:20:48.630,0.78,0.60,-0.18
1783966849.1307,11:20:49.130,0.72,0.65,-0.23
1783966849.6306,11:20:49.630,0.72,0.65,-0.23
1783966850.1306,11:20:50.130,0.75,0.63,-0.20
1783966850.6307,11:20:50.630,0.77,0.61,-0.17
1783966851.1307,11:20:51.130,0.78,0.61,-0.16
1783966851.6309,11:20:51.630,0.78,0.60,-0.16
1783966852.1306,11:20:52.130,0.79,0.59,-0.15
1783966852.6306,11:20:52.630,0.74,0.65,-0.20
1783966853.1305,11:20:53.130,0.71,0.67,-0.23
1783966853.6301,11:20:53.630,0.71,0.67,-0.21
1783966854.1296,11:20:54.129,0.72,0.67,-0.20
1783966854.6297,11:20:54.629,0.73,0.66,-0.18
1783966855.1292,11:20:55.129,0.74,0.65,-0.18
1783966855.6284,11:20:55.628,0.75,0.64,-0.17
1783966856.1287,11:20:56.128,0.75,0.64,-0.17
1783966856.6287,11:20:56.628,0.80,0.58,-0.12
1783966857.1284,11:20:57.128,0.85,0.53,-0.09
1783966857.6286,11:20:57.628,0.84,0.53,-0.11
1783966858.1283,11:20:58.128,0.86,0.50,-0.11
1783966858.6275,11:20:58.627,0.84,0.53,-0.15
1783966859.1278,11:20:59.127,0.96,0.24,0.11
1783966859.628,11:20:59.628,0.96,0.25,0.11
1783966860.1273,11:21:00.127,0.96,0.27,0.09
1783966860.6273,11:21:00.627,0.96,0.28,0.08
1783966861.1269,11:21:01.126,0.96,0.28,0.08
1783966861.6266,11:21:01.626,0.95,0.29,0.08
1783966862.1262,11:21:02.126,0.96,0.26,0.10
1783966862.6263,11:21:02.626,0.96,0.27,0.10
1783966863.1258,11:21:03.125,0.96,0.28,0.10
1783966863.6261,11:21:03.626,0.95,0.32,0.06
1783966864.1265,11:21:04.126,0.94,0.34,0.05
1783966864.6257,11:21:04.625,0.83,0.53,-0.19
1783966865.1253,11:21:05.125,0.83,0.53,-0.17
1783966865.626,11:21:05.626,0.80,0.56,-0.20
1783966866.1254,11:21:06.125,0.80,0.56,-0.20
1783966866.6253,11:21:06.625,0.81,0.55,-0.21
1783966867.1253,11:21:07.125,0.81,0.55,-0.21
1783966867.6254,11:21:07.625,0.71,0.64,-0.29
1783966868.1252,11:21:08.125,0.68,0.67,-0.30
1783966868.6253,11:21:08.625,0.70,0.66,-0.27
1783966869.1253,11:21:09.125,0.72,0.65,-0.26
1783966869.6252,11:21:09.625,0.73,0.64,-0.24
1783966870.1254,11:21:10.125,0.79,0.58,-0.21
1783966870.6246,11:21:10.624,0.86,0.48,-0.17
1783966871.1239,11:21:11.123,0.89,0.42,-0.15
1783966871.6241,11:21:11.624,0.90,0.42,-0.15

