Timestamp,Local time,Pleasure,Arousal,Dominance
1784315531.5957,12:12:11.595,0.97,0.06,0.24
1784315532.0953,12:12:12.095,0.96,0.07,0.27
1784315532.5949,12:12:12.594,0.96,0.08,0.27
1784315533.0957,12:12:13.095,0.96,0.09,0.27
1784315533.5953,12:12:13.595,0.96,0.25,0.09
1784315534.0945,12:12:14.094,0.97,0.24,0.07
1784315534.5946,12:12:14.594,0.99,0.10,0.08
1784315535.0939,12:12:15.093,1.00,0.02,0.08
1784315535.5933,12:12:15.593,1.00,0.01,0.08
1784315536.0931,12:12:16.093,1.00,0.07,0.04
1784315536.5928,12:12:16.592,0.99,0.03,0.14
1784315537.092,12:12:17.092,0.98,0.09,0.16
1784315537.5922,12:12:17.592,0.98,0.13,0.15
1784315538.0922,12:12:18.092,0.98,0.14,0.15
1784315538.592,12:12:18.592,0.98,0.15,0.15
1784315539.0925,12:12:19.092,0.98,0.16,0.13
1784315539.5921,12:12:19.592,0.98,0.16,0.12
1784315540.0921,12:12:20.092,0.97,0.18,0.14
1784315540.5923,12:12:20.592,0.96,0.27,0.02
1784315541.0927,12:12:21.092,0.97,0.25,0.03
1784315541.5923,12:12:21.592,0.97,0.25,0.03
1784315542.0922,12:12:22.092,0.99,0.10,0.12
1784315542.5924,12:12:22.592,0.99,0.01,0.15
1784315543.0922,12:12:23.092,0.99,-0.05,0.15
1784315543.5919,12:12:23.591,0.99,-0.07,0.12
1784315544.0917,12:12:24.091,0.99,-0.05,0.10
1784315544.5915,12:12:24.591,1.00,-0.05,0.08
1784315545.0911,12:12:25.091,0.99,-0.05,0.09
1784315545.5914,12:12:25.591,0.99,-0.07,0.10
1784315546.0911,12:12:26.091,0.99,-0.07,0.10
1784315546.5907,12:12:26.590,0.99,-0.06,0.10
1784315547.0907,12:12:27.090,0.99,-0.06,0.10
1784315547.5905,12:12:27.590,0.99,-0.08,0.10
1784315548.0902,12:12:28.090,0.99,-0.08,0.10
1784315548.5904,12:12:28.590,0.99,-0.07,0.09
1784315549.0901,12:12:29.090,0.99,-0.06,0.09
1784315549.5895,12:12:29.589,0.99,-0.07,0.09
1784315550.0898,12:12:30.089,0.99,-0.08,0.10
1784315550.5891,12:12:30.589,0.99,-0.08,0.11
1784315551.0887,12:12:31.088,0.99,-0.07,0.10
1784315551.5887,12:12:31.588,0.99,-0.06,0.08
1784315552.0883,12:12:32.088,1.00,-0.05,0.08
1784315552.588,12:12:32.588,1.00,-0.03,0.08
1784315553.0883,12:12:33.088,1.00,-0.02,0.07
1784315553.5881,12:12:33.588,1.00,-0.02,0.07
1784315554.0877,12:12:34.087,0.99,-0.05,0.10
1784315554.5877,12:12:34.587,0.99,-0.06,0.11
1784315555.0876,12:12:35.087,0.99,-0.06,0.12
1784315555.5876,12:12:35.587,0.99,-0.04,0.13
1784315556.0876,12:12:36.087,0.99,0.00,0.13
1784315556.5882,12:12:36.588,0.99,0.00,0.13
1784315557.0876,12:12:37.087,0.99,-0.01,0.14
1784315557.5879,12:12:37.587,0.98,-0.03,0.18
1784315558.0877,12:12:38.087,0.98,-0.01,0.20
1784315558.5873,12:12:38.587,0.98,0.03,0.21
1784315559.0871,12:12:39.087,0.98,0.04,0.20
1784315559.5872,12:12:39.587,0.98,0.07,0.20
1784315560.0866,12:12:40.086,0.98,0.07,0.20
1784315560.5862,12:12:40.586,0.98,0.07,0.18
1784315561.0868,12:12:41.086,0.99,0.04,0.14
1784315561.5864,12:12:41.586,0.99,0.03,0.11
1784315562.0862,12:12:42.086,0.99,0.07,0.07
1784315562.5862,12:12:42.586,0.97,-0.02,0.23
1784315563.0856,12:12:43.085,0.97,0.02,0.24
1784315563.5848,12:12:43.584,0.97,0.06,0.22
1784315564.0849,12:12:44.084,0.97,0.12,0.20
1784315564.5843,12:12:44.584,0.97,0.16,0.20
1784315565.0843,12:12:45.084,0.97,0.16,0.21
1784315565.5847,12:12:45.584,0.97,0.15,0.21
1784315566.0841,12:12:46.084,0.97,0.14,0.22
1784315566.584,12:12:46.584,0.96,0.12,0.24
1784315567.0838,12:12:47.083,0.97,0.11,0.24
1784315567.584,12:12:47.584,0.96,0.11,0.25
1784315568.0834,12:12:48.083,0.90,0.44,0.01
1784315568.5838,12:12:48.583,0.95,0.32,0.03
1784315569.0841,12:12:49.084,0.98,0.19,0.05
1784315569.5833,12:12:49.583,0.99,0.11,0.06
1784315570.0829,12:12:50.082,1.00,0.07,0.06
1784315570.5831,12:12:50.583,1.00,0.03,0.07
1784315571.0825,12:12:51.082,1.00,-0.01,0.09
1784315571.5825,12:12:51.582,1.00,-0.01,0.08
1784315572.0829,12:12:52.082,1.00,0.01,0.06
1784315572.5821,12:12:52.582,0.99,0.10,0.03
1784315573.0816,12:12:53.081,0.98,0.19,0.00
1784315573.5815,12:12:53.581,0.98,0.01,0.21
1784315574.0811,12:12:54.081,0.98,0.03,0.21
1784315574.5809,12:12:54.580,0.98,0.07,0.20
1784315575.0809,12:12:55.080,0.98,0.14,0.16
1784315575.5808,12:12:55.580,0.97,0.15,0.17
1784315576.0806,12:12:56.080,0.92,0.40,-0.05
1784315576.581,12:12:56.581,0.93,0.36,-0.03
1784315577.0802,12:12:57.080,0.98,0.22,0.02
1784315577.5796,12:12:57.579,0.99,0.12,0.04
1784315578.0801,12:12:58.080,1.00,0.08,0.04
1784315578.5795,12:12:58.579,1.00,0.04,0.08
1784315579.0791,12:12:59.079,0.99,0.06,0.10
1784315579.5794,12:12:59.579,0.99,0.09,0.12
1784315580.0799,12:13:00.079,0.97,0.22,0.05
1784315580.5795,12:13:00.579,0.97,0.23,0.07
1784315581.0792,12:13:01.079,0.98,0.19,0.10
1784315581.5786,12:13:01.578,0.99,0.11,0.13
1784315582.0784,12:13:02.078,0.99,0.05,0.13
1784315582.5783,12:13:02.578,0.99,0.00,0.12
1784315583.0787,12:13:03.078,0.97,-0.11,0.23
1784315583.5781,12:13:03.578,0.97,-0.10,0.22
1784315584.0781,12:13:04.078,0.99,-0.03,0.16
1784315584.5788,12:13:04.578,0.99,0.09,0.11
1784315585.078,12:13:05.078,0.98,0.18,0.08
1784315585.5776,12:13:05.577,0.97,0.20,0.11
1784315586.078,12:13:06.078,0.97,0.22,0.12
1784315586.5779,12:13:06.577,0.96,0.25,0.15
1784315587.0779,12:13:07.077,0.96,0.24,0.16
1784315587.5781,12:13:07.578,0.96,0.25,0.16
1784315588.0779,12:13:08.077,0.95,0.26,0.15
1784315588.5778,12:13:08.577,0.96,0.25,0.16
1784315589.078,12:13:09.078,0.96,0.23,0.17
1784315589.5774,12:13:09.577,0.96,0.19,0.19
1784315590.0772,12:13:10.077,0.97,0.19,0.18
1784315590.577,12:13:10.577,0.96,0.21,0.16
1784315591.0763,12:13:11.076,0.96,0.22,0.17
1784315591.5761,12:13:11.576,0.96,0.20,0.19
1784315592.0769,12:13:12.076,0.96,0.18,0.20
1784315592.5761,12:13:12.576,0.88,0.47,-0.04
1784315593.0756,12:13:13.075,0.90,0.44,-0.02
1784315593.5756,12:13:13.575,0.94,0.33,0.06
1784315594.0756,12:13:14.075,0.97,0.24,0.11
1784315594.5752,12:13:14.575,0.97,0.20,0.13
1784315595.0751,12:13:15.075,0.97,0.20,0.12
1784315595.5749,12:13:15.574,0.97,0.22,0.10
1784315596.0747,12:13:16.074,0.97,0.26,0.02
1784315596.5743,12:13:16.574,0.98,0.08,0.19
1784315597.0742,12:13:17.074,0.98,0.10,0.18
1784315597.5744,12:13:17.574,0.98,0.16,0.16
1784315598.0744,12:13:18.074,0.97,0.18,0.16
1784315598.5741,12:13:18.574,0.96,0.22,0.15
1784315599.0739,12:13:19.073,0.96,0.25,0.14
1784315599.5742,12:13:19.574,0.95,0.28,0.14
1784315600.0742,12:13:20.074,0.95,0.30,0.10
1784315600.5736,12:13:20.573,0.95,0.30,0.08
1784315601.0732,12:13:21.073,0.95,0.32,0.04
1784315601.5729,12:13:21.572,0.96,0.27,0.06
1784315602.0724,12:13:22.072,0.96,0.27,0.06
1784315602.5726,12:13:22.572,0.97,0.24,0.08
1784315603.073,12:13:23.073,0.97,0.20,0.12
1784315603.5727,12:13:23.572,0.98,0.14,0.15
1784315604.0725,12:13:24.072,0.98,0.10,0.15
1784315604.5721,12:13:24.572,0.98,0.04,0.17
1784315605.0717,12:13:25.071,0.99,0.06,0.12
1784315605.5714,12:13:25.571,0.99,0.05,0.10
1784315606.0714,12:13:26.071,0.99,0.03,0.13
1784315606.5712,12:13:26.571,0.98,-0.02,0.18
1784315607.0707,12:13:27.070,0.99,-0.02,0.17
1784315607.5711,12:13:27.571,0.99,-0.03,0.15
1784315608.071,12:13:28.071,0.98,-0.04,0.18
1784315608.5703,12:13:28.570,0.98,-0.03,0.18
1784315609.0703,12:13:29.070,0.98,0.00,0.19
1784315609.5695,12:13:29.569,0.98,0.03,0.18
1784315610.0697,12:13:30.069,0.98,0.05,0.18
1784315610.5701,12:13:30.570,0.99,0.07,0.16
1784315611.07,12:13:31.070,0.99,0.08,0.15
1784315611.5692,12:13:31.569,0.99,0.08,0.15
1784315612.0693,12:13:32.069,0.98,0.09,0.17
1784315612.5696,12:13:32.569,0.98,0.11,0.15
1784315613.0686,12:13:33.068,0.98,0.11,0.15
1784315613.569,12:13:33.569,0.98,0.13,0.13
1784315614.0694,12:13:34.069,0.98,0.14,0.12
1784315614.5687,12:13:34.568,0.98,0.20,0.10
1784315615.0691,12:13:35.069,0.97,0.24,0.08
1784315615.5691,12:13:35.569,0.97,0.24,0.09
1784315616.0689,12:13:36.068,0.97,0.22,0.11
1784315616.5688,12:13:36.568,0.96,0.25,0.09
1784315617.0688,12:13:37.068,0.95,0.30,0.02
1784315617.5686,12:13:37.568,0.95,0.30,0.03
1784315618.0686,12:13:38.068,0.95,0.29,0.07
1784315618.5691,12:13:38.569,0.95,0.29,0.09
1784315619.0687,12:13:39.068,0.96,0.28,0.10
1784315619.5683,12:13:39.568,0.96,0.22,0.15
1784315620.0683,12:13:40.068,0.96,0.27,0.11
1784315620.568,12:13:40.568,0.96,0.26,0.10
1784315621.0676,12:13:41.067,0.96,0.26,0.10
1784315621.5678,12:13:41.567,0.97,0.21,0.13
1784315622.0673,12:13:42.067,0.97,0.21,0.13
1784315622.5668,12:13:42.566,0.97,0.19,0.13
1784315623.0672,12:13:43.067,0.97,0.22,0.13
1784315623.5666,12:13:43.566,0.97,0.24,0.11
1784315624.0662,12:13:44.066,0.96,0.28,0.08
1784315624.5665,12:13:44.566,0.95,0.29,0.07
1784315625.0663,12:13:45.066,0.95,0.31,0.06
1784315625.5655,12:13:45.565,0.95,0.32,0.06
1784315626.0657,12:13:46.065,0.94,0.32,0.08
1784315626.5658,12:13:46.565,0.94,0.33,0.08
1784315627.0658,12:13:47.065,0.94,0.32,0.09
1784315627.566,12:13:47.566,0.95,0.27,0.12
1784315628.066,12:13:48.066,0.96,0.24,0.14
1784315628.5657,12:13:48.565,0.97,0.17,0.18
1784315629.0655,12:13:49.065,0.97,0.10,0.22
1784315629.5651,12:13:49.565,0.97,0.06,0.24
1784315630.0641,12:13:50.064,0.97,0.07,0.25
1784315630.5644,12:13:50.564,0.96,0.08,0.25
1784315631.0642,12:13:51.064,0.97,0.08,0.24
1784315631.5638,12:13:51.563,0.97,0.08,0.24
1784315632.0636,12:13:52.063,0.97,0.09,0.24
1784315632.5639,12:13:52.563,0.97,0.10,0.23
1784315633.0631,12:13:53.063,0.97,0.13,0.20
1784315633.5629,12:13:53.562,0.97,0.14,0.19
1784315634.0633,12:13:54.063,0.95,0.31,0.03
1784315634.563,12:13:54.563,0.94,0.34,0.01
1784315635.063,12:13:55.063,0.94,0.34,0.03
1784315635.5636,12:13:55.563,0.93,0.36,0.02
1784315636.0632,12:13:56.063,0.92,0.39,-0.02
1784315636.5631,12:13:56.563,0.95,0.29,0.10
1784315637.0632,12:13:57.063,0.95,0.29,0.09
1784315637.5626,12:13:57.562,0.95,0.29,0.09
1784315638.062,12:13:58.062,0.95,0.30,0.08
1784315638.5621,12:13:58.562,0.95,0.30,0.08
1784315639.0616,12:13:59.061,0.95,0.30,0.07
1784315639.5617,12:13:59.561,0.97,0.23,0.12
1784315640.0615,12:14:00.061,0.97,0.16,0.16
1784315640.5611,12:14:00.561,0.97,0.11,0.20
1784315641.0607,12:14:01.060,0.97,0.09,0.22
1784315641.5607,12:14:01.560,0.97,0.05,0.24
1784315642.0606,12:14:02.060,0.98,0.05,0.22
1784315642.5602,12:14:02.560,0.98,0.06,0.20
1784315643.0606,12:14:03.060,0.98,0.04,0.19
1784315643.5604,12:14:03.560,0.98,0.05,0.18
1784315644.0599,12:14:04.059,0.98,0.07,0.17
1784315644.5599,12:14:04.559,0.98,0.13,0.12
1784315645.0601,12:14:05.060,0.98,0.17,0.12
1784315645.5597,12:14:05.559,0.98,0.17,0.14
1784315646.0597,12:14:06.059,0.97,0.16,0.16
1784315646.5595,12:14:06.559,0.97,0.18,0.14
1784315647.0591,12:14:07.059,0.97,0.17,0.16
1784315647.5589,12:14:07.558,0.97,0.17,0.17
1784315648.059,12:14:08.059,0.97,0.16,0.19
1784315648.5586,12:14:08.558,0.97,0.14,0.20
1784315649.0584,12:14:09.058,0.97,0.14,0.21
1784315649.5584,12:14:09.558,0.97,0.14,0.22
1784315650.0579,12:14:10.057,0.97,0.13,0.21
1784315650.5579,12:14:10.557,0.97,0.13,0.22
1784315651.0577,12:14:11.057,0.97,0.10,0.23
1784315651.557,12:14:11.557,0.97,0.10,0.23
1784315652.0569,12:14:12.056,0.88,0.47,-0.08
1784315652.5569,12:14:12.556,0.86,0.49,-0.15
1784315653.0563,12:14:13.056,0.87,0.46,-0.20
1784315653.5561,12:14:13.556,0.95,0.29,-0.08
1784315654.0564,12:14:14.056,0.96,0.26,-0.06
1784315654.556,12:14:14.556,0.96,0.27,-0.02
1784315655.0552,12:14:15.055,0.96,0.29,-0.01
1784315655.5554,12:14:15.555,0.95,0.31,0.00
1784315656.0553,12:14:16.055,0.95,0.32,0.00
1784315656.5549,12:14:16.554,0.94,0.33,-0.01
1784315657.0557,12:14:17.055,0.93,0.37,-0.04
1784315657.5551,12:14:17.555,0.89,0.45,-0.11
1784315658.0546,12:14:18.054,0.97,0.18,0.13
1784315658.555,12:14:18.555,0.97,0.19,0.14
1784315659.0545,12:14:19.054,0.97,0.19,0.16
1784315659.5545,12:14:19.554,0.97,0.17,0.17
1784315660.0548,12:14:20.054,0.97,0.17,0.18
1784315660.5549,12:14:20.554,0.97,0.16,0.18
1784315661.0545,12:14:21.054,0.97,0.16,0.20
1784315661.5546,12:14:21.554,0.97,0.15,0.21
1784315662.0543,12:14:22.054,0.97,0.14,0.22
1784315662.5539,12:14:22.553,0.97,0.13,0.22
1784315663.0539,12:14:23.053,0.97,0.14,0.21
1784315663.5539,12:14:23.553,0.97,0.15,0.20
1784315664.0534,12:14:24.053,0.97,0.15,0.20
1784315664.5536,12:14:24.553,0.86,0.51,-0.10
1784315665.054,12:14:25.054,0.86,0.50,-0.10
1784315665.5535,12:14:25.553,0.86,0.50,-0.10
1784315666.0535,12:14:26.053,0.89,0.45,-0.04
1784315666.5535,12:14:26.553,0.92,0.40,0.00
1784315667.0529,12:14:27.052,0.92,0.38,-0.01
1784315667.5526,12:14:27.552,0.93,0.37,-0.02
1784315668.0526,12:14:28.052,0.98,0.14,0.15
1784315668.5524,12:14:28.552,0.98,0.18,0.10
1784315669.0522,12:14:29.052,0.97,0.25,0.06
1784315669.5521,12:14:29.552,0.96,0.27,0.05
1784315670.0518,12:14:30.051,0.96,0.28,0.06
1784315670.5516,12:14:30.551,0.96,0.28,0.08
1784315671.0516,12:14:31.051,0.95,0.32,0.08
1784315671.5513,12:14:31.551,0.94,0.32,0.07
1784315672.0507,12:14:32.050,0.94,0.32,0.08
1784315672.5507,12:14:32.550,0.95,0.29,0.08
1784315673.0501,12:14:33.050,0.95,0.30,0.09
1784315673.5494,12:14:33.549,0.95,0.30,0.10
1784315674.0494,12:14:34.049,0.95,0.28,0.11
1784315674.5499,12:14:34.549,0.95,0.29,0.12
1784315675.0495,12:14:35.049,0.95,0.28,0.12
1784315675.5499,12:14:35.549,0.95,0.28,0.12
1784315676.0497,12:14:36.049,0.82,0.56,-0.12
1784315676.5493,12:14:36.549,0.84,0.54,-0.09
1784315677.049,12:14:37.049,0.84,0.53,-0.10
1784315677.5494,12:14:37.549,0.87,0.48,-0.11
1784315678.049,12:14:38.049,0.89,0.45,-0.11
1784315678.5492,12:14:38.549,0.93,0.37,-0.06
1784315679.0495,12:14:39.049,0.93,0.36,-0.06
1784315679.5489,12:14:39.548,0.93,0.37,-0.05
1784315680.0485,12:14:40.048,0.93,0.37,-0.05
1784315680.5491,12:14:40.549,0.97,0.21,0.10
1784315681.0486,12:14:41.048,0.97,0.22,0.09
1784315681.5486,12:14:41.548,0.97,0.23,0.08
1784315682.0482,12:14:42.048,0.97,0.23,0.08
1784315682.5481,12:14:42.548,0.97,0.23,0.10
1784315683.048,12:14:43.048,0.96,0.25,0.11
1784315683.5478,12:14:43.547,0.96,0.26,0.09
1784315684.0472,12:14:44.047,0.96,0.25,0.09
1784315684.5467,12:14:44.546,0.96,0.25,0.10
1784315685.0469,12:14:45.046,0.96,0.24,0.12
1784315685.5463,12:14:45.546,0.96,0.25,0.13
1784315686.0461,12:14:46.046,0.96,0.27,0.12
1784315686.5466,12:14:46.546,0.96,0.27,0.12
1784315687.0466,12:14:47.046,0.95,0.29,0.13
1784315687.5462,12:14:47.546,0.95,0.30,0.12
1784315688.0461,12:14:48.046,0.94,0.31,0.10
1784315688.5461,12:14:48.546,0.95,0.31,0.09
1784315689.0453,12:14:49.045,0.95,0.31,0.09
1784315689.5453,12:14:49.545,0.94,0.32,0.10
1784315690.0454,12:14:50.045,0.94,0.33,0.09
1784315690.545,12:14:50.545,0.95,0.31,0.09
1784315691.045,12:14:51.045,0.95,0.31,0.07
1784315691.5448,12:14:51.544,0.96,0.29,0.07
1784315692.0441,12:14:52.044,0.96,0.27,0.08
1784315692.5445,12:14:52.544,0.96,0.25,0.09
1784315693.0447,12:14:53.044,0.96,0.25,0.08
1784315693.5439,12:14:53.543,0.97,0.25,0.07
1784315694.0442,12:14:54.044,0.96,0.26,0.02
1784315694.544,12:14:54.544,0.97,0.25,0.03
1784315695.0434,12:14:55.043,0.97,0.24,0.04
1784315695.5432,12:14:55.543,0.97,0.23,0.07
1784315696.0434,12:14:56.043,0.97,0.19,0.12
1784315696.5428,12:14:56.542,0.98,0.17,0.14
1784315697.0428,12:14:57.042,0.97,0.16,0.16
1784315697.5428,12:14:57.542,0.97,0.17,0.16
1784315698.0424,12:14:58.042,0.97,0.17,0.16
1784315698.542,12:14:58.542,0.97,0.17,0.17
1784315699.0422,12:14:59.042,0.97,0.14,0.19
1784315699.5417,12:14:59.541,0.97,0.10,0.23
1784315700.0417,12:15:00.041,0.97,0.09,0.24
1784315700.5419,12:15:00.541,0.97,0.12,0.23
1784315701.0415,12:15:01.041,0.97,0.15,0.21
1784315701.5414,12:15:01.541,0.82,0.56,-0.13
1784315702.0416,12:15:02.041,0.81,0.56,-0.17
1784315702.5412,12:15:02.541,0.81,0.56,-0.17
1784315703.0411,12:15:03.041,0.85,0.52,-0.14
1784315703.5409,12:15:03.540,0.87,0.49,-0.12
1784315704.041,12:15:04.041,0.87,0.47,-0.11
1784315704.541,12:15:04.541,0.87,0.47,-0.12
1784315705.0413,12:15:05.041,0.98,0.16,0.12
1784315705.5411,12:15:05.541,0.98,0.16,0.15
1784315706.0405,12:15:06.040,0.97,0.16,0.16
1784315706.5403,12:15:06.540,0.97,0.14,0.18
1784315707.0402,12:15:07.040,0.98,0.09,0.20
1784315707.5396,12:15:07.539,0.98,0.09,0.20
1784315708.0392,12:15:08.039,0.97,0.08,0.21
1784315708.5395,12:15:08.539,0.97,0.08,0.21
1784315709.0391,12:15:09.039,0.97,0.08,0.23
1784315709.5393,12:15:09.539,0.97,0.09,0.22
1784315710.0397,12:15:10.039,0.97,0.10,0.21
1784315710.5396,12:15:10.539,0.97,0.09,0.21
1784315711.0394,12:15:11.039,0.97,0.08,0.21
1784315711.5394,12:15:11.539,0.98,0.07,0.20
1784315712.0389,12:15:12.038,0.98,0.08,0.19
1784315712.5387,12:15:12.538,0.93,0.37,-0.02
1784315713.0387,12:15:13.038,0.93,0.37,-0.01
1784315713.5381,12:15:13.538,0.92,0.38,0.00
1784315714.038,12:15:14.038,0.93,0.36,0.01
1784315714.5376,12:15:14.537,0.94,0.33,0.05
1784315715.0374,12:15:15.037,0.97,0.10,0.21
1784315715.5371,12:15:15.537,0.97,0.14,0.18
1784315716.0375,12:15:16.037,0.97,0.21,0.11
1784315716.5377,12:15:16.537,0.97,0.23,0.10
1784315717.0371,12:15:17.037,0.97,0.21,0.13
1784315717.5372,12:15:17.537,0.96,0.22,0.15
1784315718.0372,12:15:18.037,0.96,0.23,0.15
1784315718.5368,12:15:18.536,0.96,0.25,0.14
1784315719.0367,12:15:19.036,0.96,0.25,0.13
1784315719.5365,12:15:19.536,0.96,0.25,0.13
1784315720.0363,12:15:20.036,0.96,0.26,0.12
1784315720.5367,12:15:20.536,0.96,0.25,0.13
1784315721.0364,12:15:21.036,0.96,0.26,0.12
1784315721.536,12:15:21.536,0.96,0.27,0.11
1784315722.0354,12:15:22.035,0.95,0.31,0.08
1784315722.535,12:15:22.535,0.94,0.32,0.07
1784315723.0345,12:15:23.034,0.95,0.31,0.08
1784315723.5351,12:15:23.535,0.95,0.28,0.10
1784315724.0351,12:15:24.035,0.96,0.27,0.11
1784315724.5348,12:15:24.534,0.96,0.27,0.09
1784315725.0348,12:15:25.034,0.96,0.25,0.09
1784315725.5342,12:15:25.534,0.96,0.24,0.10
1784315726.0334,12:15:26.033,0.97,0.16,0.17
1784315726.5331,12:15:26.533,0.97,0.10,0.20
1784315727.0329,12:15:27.032,0.98,0.10,0.20
1784315727.5323,12:15:27.532,0.98,0.13,0.15
1784315728.0324,12:15:28.032,0.97,0.20,0.10
1784315728.5328,12:15:28.532,0.97,0.24,0.08
1784315729.0324,12:15:29.032,0.96,0.27,0.07
1784315729.5322,12:15:29.532,0.95,0.31,0.05
1784315730.0323,12:15:30.032,0.95,0.31,0.07
1784315730.5322,12:15:30.532,0.94,0.33,0.06
1784315731.0319,12:15:31.031,0.95,0.29,0.07
1784315731.5322,12:15:31.532,0.96,0.27,0.09
1784315732.032,12:15:32.032,0.96,0.28,0.08
1784315732.5318,12:15:32.531,0.96,0.28,0.08
1784315733.0318,12:15:33.031,0.95,0.31,0.06
1784315733.5319,12:15:33.531,0.94,0.35,0.04
1784315734.0315,12:15:34.031,0.93,0.37,0.02
1784315734.5317,12:15:34.531,0.92,0.39,0.03
1784315735.0313,12:15:35.031,0.93,0.37,0.04
1784315735.5312,12:15:35.531,0.93,0.36,0.04
1784315736.0316,12:15:36.031,0.94,0.33,0.04
1784315736.5316,12:15:36.531,0.97,0.22,0.13
1784315737.0313,12:15:37.031,0.98,0.12,0.19
1784315737.5311,12:15:37.531,0.98,0.06,0.19
1784315738.0311,12:15:38.031,0.98,0.06,0.20
1784315738.5301,12:15:38.530,0.97,0.04,0.23
1784315739.0306,12:15:39.030,0.97,0.01,0.25
1784315739.5304,12:15:39.530,0.97,0.00,0.24
1784315740.0298,12:15:40.029,0.97,0.00,0.24
1784315740.5303,12:15:40.530,0.98,0.06,0.18
1784315741.0301,12:15:41.030,0.98,0.14,0.10
1784315741.5299,12:15:41.529,0.98,0.15,0.12
1784315742.0301,12:15:42.030,0.98,0.10,0.17
1784315742.5301,12:15:42.530,0.98,0.04,0.21
1784315743.0297,12:15:43.029,0.98,0.04,0.21
1784315743.5295,12:15:43.529,0.98,0.09,0.18
1784315744.0296,12:15:44.029,0.98,0.16,0.12
1784315744.529,12:15:44.529,0.97,0.20,0.10
1784315745.0288,12:15:45.028,0.97,0.23,0.10
1784315745.5289,12:15:45.528,0.97,0.23,0.08
1784315746.0285,12:15:46.028,0.98,0.18,0.11
1784315746.5281,12:15:46.528,0.98,0.18,0.11
1784315747.0284,12:15:47.028,0.98,0.15,0.12
1784315747.5282,12:15:47.528,0.98,0.17,0.10
1784315748.0278,12:15:48.027,0.98,0.17,0.11
1784315748.5276,12:15:48.527,0.98,0.17,0.12
1784315749.0281,12:15:49.028,0.98,0.16,0.12
1784315749.5277,12:15:49.527,0.98,0.18,0.12
1784315750.0277,12:15:50.027,0.98,0.17,0.13
1784315750.5276,12:15:50.527,0.98,0.17,0.13
1784315751.0274,12:15:51.027,0.97,0.20,0.12
1784315751.5276,12:15:51.527,0.97,0.19,0.13
1784315752.0277,12:15:52.027,0.97,0.19,0.14
1784315752.5275,12:15:52.527,0.97,0.21,0.13
1784315753.0273,12:15:53.027,0.97,0.20,0.15
1784315753.5273,12:15:53.527,0.97,0.18,0.17
1784315754.0268,12:15:54.026,0.97,0.15,0.19
1784315754.5266,12:15:54.526,0.97,0.14,0.22
1784315755.0264,12:15:55.026,0.96,0.11,0.25
1784315755.5259,12:15:55.525,0.96,0.10,0.25
1784315756.0265,12:15:56.026,0.96,0.11,0.25
1784315756.5261,12:15:56.526,0.96,0.13,0.24
1784315757.0256,12:15:57.025,0.96,0.14,0.23
1784315757.5252,12:15:57.525,0.97,0.14,0.20
1784315758.025,12:15:58.025,0.97,0.11,0.21
1784315758.5244,12:15:58.524,0.97,0.07,0.21
1784315759.0239,12:15:59.023,0.98,0.03,0.19
1784315759.5239,12:15:59.523,0.98,-0.02,0.18
1784315760.0237,12:16:00.023,0.98,-0.02,0.18
1784315760.5232,12:16:00.523,0.98,-0.02,0.19
1784315761.0232,12:16:01.023,0.99,0.03,0.15
1784315761.5228,12:16:01.522,0.99,0.04,0.15
1784315762.0223,12:16:02.022,0.99,0.06,0.14
1784315762.5223,12:16:02.522,0.99,0.06,0.15
1784315763.0219,12:16:03.021,0.99,0.07,0.15
1784315763.5219,12:16:03.521,0.99,0.07,0.13
1784315764.0225,12:16:04.022,0.99,0.05,0.12
1784315764.5219,12:16:04.521,0.99,0.06,0.12
1784315765.0217,12:16:05.021,0.99,0.05,0.13
1784315765.5222,12:16:05.522,0.98,0.02,0.17
1784315766.0218,12:16:06.021,0.98,0.02,0.19
1784315766.5212,12:16:06.521,0.98,0.02,0.19
1784315767.0217,12:16:07.021,0.99,0.08,0.13
1784315767.5211,12:16:07.521,0.99,0.13,0.09
1784315768.0207,12:16:08.020,0.99,0.12,0.05
1784315768.5205,12:16:08.520,0.99,0.12,0.03
1784315769.0204,12:16:09.020,0.99,0.11,0.04
1784315769.5202,12:16:09.520,0.99,0.07,0.12
1784315770.0204,12:16:10.020,0.98,0.05,0.18
1784315770.5201,12:16:10.520,0.98,0.05,0.18
1784315771.0199,12:16:11.019,0.99,0.03,0.17
1784315771.5195,12:16:11.519,0.99,0.09,0.11
1784315772.0191,12:16:12.019,0.99,0.16,0.02
1784315772.5188,12:16:12.518,0.97,0.25,-0.06
1784315773.0188,12:16:13.018,0.95,0.29,-0.07
1784315773.5184,12:16:13.518,0.94,0.32,-0.09
1784315774.0177,12:16:14.017,0.80,0.54,-0.27
1784315774.518,12:16:14.518,0.78,0.57,-0.25
1784315775.0182,12:16:15.018,0.78,0.57,-0.25
1784315775.518,12:16:15.518,0.80,0.56,-0.23
1784315776.0175,12:16:16.017,0.80,0.56,-0.23
1784315776.5183,12:16:16.518,0.80,0.56,-0.23
1784315777.0177,12:16:17.017,0.80,0.55,-0.23
1784315777.5176,12:16:17.517,0.79,0.57,-0.24
1784315778.0178,12:16:18.017,0.79,0.56,-0.25
1784315778.517,12:16:18.517,0.93,0.37,-0.05
1784315779.0165,12:16:19.016,0.93,0.37,-0.06
1784315779.5167,12:16:19.516,0.93,0.36,-0.07
1784315780.0169,12:16:20.016,0.93,0.35,-0.05
1784315780.5165,12:16:20.516,0.93,0.35,-0.06
1784315781.017,12:16:21.017,0.95,0.32,-0.08
1784315781.5174,12:16:21.517,0.95,0.32,-0.08
1784315782.0168,12:16:22.016,0.96,0.28,-0.01
1784315782.517,12:16:22.517,0.96,0.29,0.04
1784315783.017,12:16:23.017,0.97,0.25,0.07
1784315783.5162,12:16:23.516,0.98,0.19,0.10
1784315784.0163,12:16:24.016,0.98,0.17,0.09
1784315784.5159,12:16:24.515,0.97,0.22,0.05
1784315785.0149,12:16:25.014,0.97,0.25,0.05
1784315785.5149,12:16:25.514,0.97,0.24,0.07
1784315786.015,12:16:26.015,0.98,0.18,0.12
1784315786.5142,12:16:26.514,0.98,0.18,0.12
1784315787.0142,12:16:27.014,0.97,0.22,0.08
1784315787.5147,12:16:27.514,0.97,0.23,0.03
1784315788.0143,12:16:28.014,0.95,0.30,-0.03
1784315788.5141,12:16:28.514,0.93,0.37,-0.04
1784315789.014,12:16:29.014,0.93,0.37,-0.01
1784315789.5136,12:16:29.513,0.92,0.38,0.00
1784315790.014,12:16:30.014,0.93,0.37,0.02
1784315790.5139,12:16:30.513,0.94,0.35,0.03
1784315791.0138,12:16:31.013,0.94,0.34,0.04
1784315791.5134,12:16:31.513,0.95,0.31,0.02
1784315792.0134,12:16:32.013,0.95,0.30,-0.01
1784315792.5127,12:16:32.512,0.93,0.36,-0.07
1784315793.0133,12:16:33.013,0.77,0.58,-0.28
1784315793.5132,12:16:33.513,0.78,0.56,-0.27
1784315794.0127,12:16:34.012,0.86,0.48,-0.18
1784315794.5123,12:16:34.512,0.92,0.37,-0.09
1784315795.0129,12:16:35.012,0.92,0.37,-0.10
1784315795.5127,12:16:35.512,0.92,0.37,-0.10
1784315796.0125,12:16:36.012,0.97,0.23,0.08
1784315796.5127,12:16:36.512,0.97,0.22,0.08
1784315797.0129,12:16:37.012,0.98,0.17,0.09
1784315797.5123,12:16:37.512,0.98,0.17,0.09
1784315798.0125,12:16:38.012,0.97,0.25,0.02
1784315798.5121,12:16:38.512,0.96,0.29,-0.01
1784315799.0118,12:16:39.011,0.96,0.29,0.03
1784315799.5116,12:16:39.511,0.95,0.31,0.03
1784315800.0109,12:16:40.010,0.95,0.31,0.06
1784315800.5104,12:16:40.510,0.95,0.30,0.07
1784315801.0106,12:16:41.010,0.96,0.28,0.08
1784315801.5106,12:16:41.510,0.96,0.26,0.10
1784315802.0101,12:16:42.010,0.96,0.24,0.12
1784315802.5099,12:16:42.509,0.96,0.24,0.13
1784315803.0095,12:16:43.009,0.97,0.23,0.12
1784315803.509,12:16:43.509,0.97,0.24,0.09
1784315804.009,12:16:44.009,0.96,0.26,0.06
1784315804.509,12:16:44.509,0.96,0.28,0.03
1784315805.0084,12:16:45.008,0.96,0.29,0.03
1784315805.5085,12:16:45.508,0.97,0.23,0.06
1784315806.0085,12:16:46.008,0.97,0.24,0.06
1784315806.5081,12:16:46.508,0.97,0.24,0.05
1784315807.008,12:16:47.008,0.95,0.30,0.01
1784315807.5081,12:16:47.508,0.95,0.32,0.03
1784315808.0071,12:16:48.007,0.95,0.32,0.05
1784315808.507,12:16:48.507,0.95,0.29,0.09
1784315809.007,12:16:49.007,0.96,0.27,0.11
1784315809.5062,12:16:49.506,0.96,0.25,0.13
1784315810.0063,12:16:50.006,0.96,0.20,0.18
1784315810.5066,12:16:50.506,0.96,0.20,0.17
1784315811.0064,12:16:51.006,0.96,0.20,0.17
1784315811.5061,12:16:51.506,0.96,0.22,0.16
1784315812.0065,12:16:52.006,0.96,0.23,0.16
1784315812.5065,12:16:52.506,0.96,0.23,0.16
1784315813.0057,12:16:53.005,0.96,0.25,0.15
1784315813.5062,12:16:53.506,0.96,0.26,0.15
1784315814.0064,12:16:54.006,0.95,0.26,0.16
1784315814.5058,12:16:54.505,0.95,0.28,0.15
1784315815.0061,12:16:55.006,0.94,0.30,0.15
1784315815.5057,12:16:55.505,0.94,0.30,0.15
1784315816.0054,12:16:56.005,0.94,0.30,0.15
1784315816.5052,12:16:56.505,0.94,0.30,0.14
1784315817.0055,12:16:57.005,0.94,0.31,0.12
1784315817.5045,12:16:57.504,0.94,0.32,0.10
1784315818.0047,12:16:58.004,0.93,0.37,0.00
1784315818.5048,12:16:58.504,0.92,0.38,-0.04
1784315819.0042,12:16:59.004,0.94,0.33,-0.05
1784315819.5036,12:16:59.503,0.95,0.30,-0.07
1784315820.0045,12:17:00.004,0.95,0.30,-0.10
1784315820.5035,12:17:00.503,0.94,0.32,-0.12
1784315821.0039,12:17:01.003,0.91,0.40,-0.11
1784315821.5044,12:17:01.504,0.89,0.44,-0.09
1784315822.004,12:17:02.004,0.89,0.45,-0.09
1784315822.5034,12:17:02.503,0.89,0.45,-0.08
1784315823.003,12:17:03.003,0.90,0.43,-0.08
1784315823.5027,12:17:03.502,0.92,0.38,-0.03
1784315824.0027,12:17:04.002,0.95,0.32,0.02
1784315824.5027,12:17:04.502,0.95,0.33,0.02
1784315825.0028,12:17:05.002,0.95,0.31,0.00
1784315825.5026,12:17:05.502,0.97,0.24,-0.03
1784315826.0022,12:17:06.002,0.99,0.16,0.05
1784315826.5023,12:17:06.502,0.99,0.11,0.08
1784315827.0017,12:17:07.001,0.99,0.10,0.11
1784315827.5019,12:17:07.501,0.99,0.04,0.16
1784315828.0017,12:17:08.001,0.98,0.02,0.17
1784315828.5007,12:17:08.500,0.99,0.01,0.16
1784315829.0009,12:17:09.000,0.99,0.02,0.13
1784315829.501,12:17:09.501,0.99,0.03,0.12
1784315830.0008,12:17:10.000,0.99,0.07,0.11
1784315830.5006,12:17:10.500,0.99,0.08,0.13
1784315831.0005,12:17:11.000,0.99,0.10,0.11
1784315831.5002,12:17:11.500,0.99,0.12,0.09
1784315832.0002,12:17:12.000,0.99,0.16,0.06
1784315832.5006,12:17:12.500,0.98,0.20,0.02
1784315833.0001,12:17:13.000,0.95,0.31,-0.01
1784315833.4997,12:17:13.499,0.91,0.42,-0.06
1784315833.9996,12:17:13.999,0.90,0.44,-0.06
1784315834.4987,12:17:14.498,0.90,0.44,-0.05
1784315834.9987,12:17:14.998,0.90,0.43,-0.03
1784315835.4991,12:17:15.499,0.91,0.42,0.00
1784315835.9992,12:17:15.999,0.92,0.40,0.03
1784315836.4988,12:17:16.498,0.93,0.37,0.06
1784315836.9994,12:17:16.999,0.93,0.37,0.07
1784315837.4993,12:17:17.499,0.92,0.39,0.05
1784315837.9989,12:17:17.998,0.92,0.39,0.04
1784315838.4991,12:17:18.499,0.92,0.39,0.04
1784315838.9987,12:17:18.998,0.93,0.36,0.07
1784315839.4982,12:17:19.498,0.93,0.37,0.04
1784315839.9984,12:17:19.998,0.94,0.34,0.01
1784315840.4984,12:17:20.498,0.97,0.24,0.08
1784315840.9977,12:17:20.997,0.98,0.18,0.09
1784315841.4979,12:17:21.497,0.98,0.19,0.09
1784315841.9975,12:17:21.997,0.99,0.16,0.05
1784315842.4968,12:17:22.496,0.98,0.17,0.04
1784315842.997,12:17:22.997,0.98,0.21,0.01
1784315843.497,12:17:23.497,0.97,0.24,-0.03
1784315843.9969,12:17:23.996,0.94,0.33,-0.11
1784315844.4971,12:17:24.497,0.93,0.35,-0.11
1784315844.9964,12:17:24.996,0.95,0.29,-0.07
1784315845.4959,12:17:25.495,0.96,0.26,-0.06
1784315845.9959,12:17:25.995,0.96,0.26,-0.06
1784315846.4959,12:17:26.495,0.94,0.33,-0.11
1784315846.9952,12:17:26.995,0.91,0.39,-0.14
1784315847.495,12:17:27.495,0.92,0.39,-0.10
1784315847.9948,12:17:27.994,0.91,0.42,-0.05
1784315848.4945,12:17:28.494,0.88,0.47,-0.09
1784315848.9943,12:17:28.994,0.87,0.48,-0.09
1784315849.4941,12:17:29.494,0.87,0.48,-0.08
1784315849.9939,12:17:29.993,0.90,0.42,-0.05
1784315850.494,12:17:30.494,0.93,0.38,-0.02
1784315850.9944,12:17:30.994,0.95,0.32,-0.01
1784315851.494,12:17:31.494,0.96,0.29,-0.02
1784315851.9941,12:17:31.994,0.95,0.31,-0.05
1784315852.4942,12:17:32.494,0.95,0.31,-0.06
1784315852.9942,12:17:32.994,0.95,0.31,-0.10
1784315853.4938,12:17:33.493,0.95,0.31,-0.10
1784315853.9938,12:17:33.993,0.95,0.30,-0.10
1784315854.4938,12:17:34.493,0.95,0.30,-0.11
1784315854.9937,12:17:34.993,0.94,0.31,-0.11
1784315855.4937,12:17:35.493,0.95,0.29,-0.10
1784315855.9933,12:17:35.993,0.96,0.27,-0.09
1784315856.493,12:17:36.493,0.97,0.25,-0.06
1784315856.9932,12:17:36.993,0.97,0.24,-0.05
1784315857.4926,12:17:37.492,0.97,0.24,-0.03
1784315857.9919,12:17:37.991,0.97,0.23,-0.03
1784315858.4919,12:17:38.491,0.98,0.20,-0.02
1784315858.9921,12:17:38.992,0.98,0.18,0.00
1784315859.4916,12:17:39.491,0.98,0.18,0.00
1784315859.992,12:17:39.992,0.98,0.19,-0.02
1784315860.4921,12:17:40.492,0.96,0.25,-0.07
1784315860.9917,12:17:40.991,0.96,0.27,-0.09
1784315861.4918,12:17:41.491,0.96,0.27,-0.09
1784315861.9912,12:17:41.991,0.96,0.26,-0.07
1784315862.4902,12:17:42.490,0.97,0.25,-0.06
1784315862.9907,12:17:42.990,0.98,0.19,-0.01
1784315863.4907,12:17:43.490,0.99,0.15,0.03
1784315863.9899,12:17:43.989,0.99,0.15,0.03
1784315864.4901,12:17:44.490,0.99,0.16,0.04
1784315864.9903,12:17:44.990,0.99,0.16,0.03
1784315865.49,12:17:45.490,0.98,0.21,0.00
1784315865.9897,12:17:45.989,0.98,0.20,0.00
1784315866.4903,12:17:46.490,0.98,0.20,0.00
1784315866.9899,12:17:46.989,0.98,0.20,0.00
1784315867.4894,12:17:47.489,0.98,0.19,0.01
1784315867.9894,12:17:47.989,0.98,0.19,0.01
1784315868.4894,12:17:48.489,0.98,0.19,0.02
1784315868.9887,12:17:48.988,0.98,0.21,0.02
1784315869.4893,12:17:49.489,0.98,0.21,0.02
1784315869.9888,12:17:49.988,0.98,0.18,0.03
1784315870.4883,12:17:50.488,0.98,0.18,0.03
1784315870.9885,12:17:50.988,0.98,0.20,0.01
1784315871.4889,12:17:51.488,0.98,0.21,0.01
1784315871.9884,12:17:51.988,0.97,0.23,-0.01
1784315872.4888,12:17:52.488,0.97,0.23,-0.02
1784315872.9882,12:17:52.988,0.98,0.20,0.01
1784315873.4878,12:17:53.487,0.98,0.19,0.00
1784315873.9881,12:17:53.988,0.98,0.19,0.00
1784315874.4878,12:17:54.487,0.98,0.18,0.01
1784315874.9872,12:17:54.987,0.98,0.18,0.01
1784315875.4871,12:17:55.487,0.98,0.18,0.03
1784315875.9867,12:17:55.986,0.98,0.18,0.03
1784315876.4861,12:17:56.486,0.98,0.19,0.05
1784315876.9862,12:17:56.986,0.98,0.19,0.05
1784315877.4858,12:17:57.485,0.97,0.24,0.01
1784315877.9858,12:17:57.985,0.97,0.23,-0.01
1784315878.4856,12:17:58.485,0.97,0.23,0.00
1784315878.986,12:17:58.986,0.97,0.23,0.00
1784315879.4858,12:17:59.485,0.96,0.28,-0.02
1784315879.9857,12:17:59.985,0.90,0.42,-0.11
1784315880.4855,12:18:00.485,0.90,0.42,-0.09
1784315880.9853,12:18:00.985,0.91,0.41,-0.08
1784315881.4848,12:18:01.484,0.91,0.41,-0.08
1784315881.9842,12:18:01.984,0.91,0.42,-0.06
1784315882.4836,12:18:02.483,0.94,0.34,0.01
1784315882.9841,12:18:02.984,0.96,0.25,0.09
1784315883.4843,12:18:03.484,0.97,0.20,0.14
1784315883.9835,12:18:03.983,0.97,0.19,0.15
1784315884.4832,12:18:04.483,0.97,0.18,0.16
1784315884.9838,12:18:04.983,0.97,0.14,0.19
1784315885.4836,12:18:05.483,0.97,0.14,0.20
1784315885.983,12:18:05.983,0.97,0.13,0.21
1784315886.4833,12:18:06.483,0.97,0.13,0.20
1784315886.9831,12:18:06.983,0.97,0.11,0.19
1784315887.4821,12:18:07.482,0.98,0.11,0.17
1784315887.9828,12:18:07.982,0.98,0.09,0.16
1784315888.4828,12:18:08.482,0.98,0.10,0.16
1784315888.9824,12:18:08.982,0.99,0.08,0.15
1784315889.4827,12:18:09.482,0.99,0.08,0.15
1784315889.9827,12:18:09.982,0.98,0.10,0.14
1784315890.4827,12:18:10.482,0.98,0.12,0.12
1784315890.983,12:18:10.983,0.99,0.13,0.11
1784315891.4824,12:18:11.482,0.99,0.14,0.09
1784315891.9818,12:18:11.981,0.98,0.17,0.06
1784315892.482,12:18:12.482,0.98,0.21,0.04
1784315892.9812,12:18:12.981,0.95,0.32,-0.03
1784315893.481,12:18:13.481,0.93,0.36,-0.02
1784315893.9807,12:18:13.980,0.93,0.37,0.00
1784315894.4808,12:18:14.480,0.92,0.38,0.00
1784315894.9806,12:18:14.980,0.92,0.39,0.01
1784315895.4809,12:18:15.480,0.94,0.35,0.04
1784315895.9811,12:18:15.981,0.95,0.30,0.10
1784315896.4807,12:18:16.480,0.95,0.28,0.12
1784315896.9804,12:18:16.980,0.95,0.26,0.14
1784315897.4806,12:18:17.480,0.96,0.26,0.13
1784315897.9803,12:18:17.980,0.97,0.21,0.16
1784315898.4802,12:18:18.480,0.97,0.14,0.22
1784315898.9802,12:18:18.980,0.96,0.09,0.25
1784315899.4792,12:18:19.479,0.96,0.08,0.26
1784315899.9793,12:18:19.979,0.96,0.05,0.28
1784315900.4795,12:18:20.479,0.96,0.01,0.29
1784315900.9789,12:18:20.978,0.96,0.02,0.27
1784315901.4784,12:18:21.478,0.97,0.03,0.25
1784315901.9787,12:18:21.978,0.98,0.04,0.21
1784315902.4781,12:18:22.478,0.98,0.05,0.20
1784315902.9774,12:18:22.977,0.98,0.07,0.19
1784315903.4779,12:18:23.477,0.98,0.11,0.18
1784315903.9777,12:18:23.977,0.97,0.18,0.14
1784315904.4769,12:18:24.476,0.97,0.20,0.16
1784315904.977,12:18:24.977,0.97,0.12,0.21
1784315905.4773,12:18:25.477,0.97,0.08,0.23
1784315905.9767,12:18:25.976,0.97,0.08,0.22
1784315906.477,12:18:26.477,0.97,0.15,0.17
1784315906.9766,12:18:26.976,0.97,0.22,0.12
1784315907.4761,12:18:27.476,0.96,0.26,0.11
1784315907.976,12:18:27.976,0.95,0.30,0.10
1784315908.4766,12:18:28.476,0.94,0.35,0.07
1784315908.976,12:18:28.976,0.93,0.35,0.09
1784315909.4757,12:18:29.475,0.92,0.37,0.09
1784315909.9761,12:18:29.976,0.92,0.38,0.07
1784315910.4755,12:18:30.475,0.92,0.38,0.07
1784315910.9757,12:18:30.975,0.92,0.38,0.07
1784315911.4758,12:18:31.475,0.95,0.28,0.10
1784315911.9756,12:18:31.975,0.97,0.20,0.15
1784315912.4749,12:18:32.474,0.97,0.15,0.19
1784315912.9745,12:18:32.974,0.97,0.15,0.20
1784315913.4744,12:18:33.474,0.97,0.16,0.19
1784315913.9745,12:18:33.974,0.97,0.15,0.19
1784315914.4745,12:18:34.474,0.97,0.14,0.19
1784315914.9744,12:18:34.974,0.97,0.14,0.19
1784315915.4742,12:18:35.474,0.97,0.23,0.11
1784315915.9744,12:18:35.974,0.95,0.32,0.05
1784315916.474,12:18:36.474,0.91,0.41,-0.05
1784315916.9736,12:18:36.973,0.92,0.40,-0.07
1784315917.4737,12:18:37.473,0.89,0.42,-0.15
1784315917.9736,12:18:37.973,0.89,0.42,-0.17
1784315918.4728,12:18:38.472,0.95,0.32,-0.05
1784315918.9732,12:18:38.973,0.97,0.26,0.03
1784315919.4728,12:18:39.472,0.96,0.27,0.03
1784315919.972,12:18:39.972,0.97,0.22,0.08
1784315920.4721,12:18:40.472,0.98,0.12,0.15
1784315920.9721,12:18:40.972,0.98,0.11,0.19
1784315921.4713,12:18:41.471,0.97,0.10,0.20
1784315921.9716,12:18:41.971,0.97,0.09,0.22
1784315922.4716,12:18:42.471,0.97,0.09,0.22
1784315922.9712,12:18:42.971,0.97,0.10,0.21
1784315923.4709,12:18:43.470,0.97,0.14,0.20
1784315923.9707,12:18:43.970,0.97,0.16,0.18
1784315924.4701,12:18:44.470,0.97,0.15,0.18
1784315924.9708,12:18:44.970,0.97,0.11,0.20
1784315925.471,12:18:45.471,0.98,0.06,0.19
1784315925.9708,12:18:45.970,0.98,0.04,0.19
1784315926.4711,12:18:46.471,0.98,0.02,0.21
1784315926.9715,12:18:46.971,0.98,0.02,0.21
1784315927.4711,12:18:47.471,0.98,-0.02,0.21
1784315927.9706,12:18:47.970,0.99,0.00,0.17
1784315928.4702,12:18:48.470,0.99,0.02,0.15
1784315928.9694,12:18:48.969,0.99,0.12,0.10
1784315929.4693,12:18:49.469,0.98,0.20,0.04
1784315929.9693,12:18:49.969,0.95,0.31,-0.01
1784315930.4693,12:18:50.469,0.94,0.34,-0.01
1784315930.9688,12:18:50.968,0.94,0.34,0.02
1784315931.4686,12:18:51.468,0.94,0.33,0.03
1784315931.968,12:18:51.968,0.94,0.33,0.07
1784315932.4676,12:18:52.467,0.93,0.38,0.03
1784315932.9679,12:18:52.967,0.93,0.37,0.03
1784315933.4679,12:18:53.467,0.94,0.35,0.02
1784315933.9675,12:18:53.967,0.94,0.34,0.02
1784315934.4679,12:18:54.467,0.95,0.33,0.03
1784315934.9675,12:18:54.967,0.67,0.67,-0.31
1784315935.4673,12:18:55.467,0.67,0.67,-0.32
1784315935.9674,12:18:55.967,0.70,0.65,-0.29
1784315936.4672,12:18:56.467,0.70,0.64,-0.30
1784315936.9666,12:18:56.966,0.71,0.64,-0.28
1784315937.4665,12:18:57.466,0.95,0.30,0.04
1784315937.9671,12:18:57.967,0.97,0.25,0.06
1784315938.4663,12:18:58.466,0.96,0.26,0.03
1784315938.9667,12:18:58.966,0.95,0.32,-0.04
1784315939.4671,12:18:59.467,0.95,0.32,-0.05
1784315939.9667,12:18:59.966,0.95,0.31,-0.02
1784315940.4668,12:19:00.466,0.96,0.27,0.01
1784315940.9666,12:19:00.966,0.97,0.25,0.04
1784315941.4658,12:19:01.465,0.96,0.26,0.04
1784315941.9658,12:19:01.965,0.97,0.25,0.05
1784315942.4654,12:19:02.465,0.97,0.23,0.08
1784315942.965,12:19:02.965,0.97,0.21,0.12
1784315943.4649,12:19:03.464,0.97,0.18,0.15
1784315943.9649,12:19:03.964,0.97,0.19,0.15
1784315944.4643,12:19:04.464,0.97,0.21,0.15
1784315944.9644,12:19:04.964,0.96,0.23,0.14
1784315945.4648,12:19:05.464,0.96,0.25,0.13
1784315945.9646,12:19:05.964,0.96,0.26,0.12
1784315946.4643,12:19:06.464,0.96,0.26,0.13
1784315946.9647,12:19:06.964,0.96,0.25,0.14
1784315947.4644,12:19:07.464,0.97,0.20,0.16
1784315947.9638,12:19:07.963,0.97,0.17,0.16
1784315948.4639,12:19:08.463,0.97,0.16,0.16
1784315948.9636,12:19:08.963,0.97,0.19,0.14
1784315949.4628,12:19:09.462,0.97,0.20,0.15
1784315949.9633,12:19:09.963,0.96,0.19,0.19
1784315950.4633,12:19:10.463,0.96,0.19,0.19
1784315950.9627,12:19:10.962,0.96,0.20,0.18
1784315951.4623,12:19:11.462,0.96,0.21,0.18
1784315951.9625,12:19:11.962,0.96,0.21,0.17
1784315952.4621,12:19:12.462,0.98,0.15,0.14
1784315952.9622,12:19:12.962,0.98,0.17,0.11
1784315953.4622,12:19:13.462,0.97,0.24,0.07
1784315953.9614,12:19:13.961,0.96,0.25,0.07
1784315954.4615,12:19:14.461,0.96,0.26,0.11
1784315954.9615,12:19:14.961,0.96,0.26,0.11
1784315955.4605,12:19:15.460,0.96,0.26,0.14
1784315955.9607,12:19:15.960,0.95,0.25,0.15
1784315956.4611,12:19:16.461,0.96,0.24,0.15
1784315956.9604,12:19:16.960,0.95,0.27,0.15
1784315957.4607,12:19:17.460,0.95,0.25,0.17
1784315957.9611,12:19:17.961,0.95,0.24,0.19
1784315958.4603,12:19:18.460,0.95,0.24,0.18
1784315958.9602,12:19:18.960,0.95,0.24,0.19
1784315959.4606,12:19:19.460,0.95,0.25,0.19
1784315959.9602,12:19:19.960,0.94,0.28,0.18
1784315960.4599,12:19:20.459,0.94,0.28,0.17
1784315960.9605,12:19:20.960,0.94,0.30,0.16
1784315961.4599,12:19:21.459,0.94,0.30,0.16
1784315961.9595,12:19:21.959,0.94,0.29,0.17
1784315962.4593,12:19:22.459,0.94,0.29,0.16
1784315962.9589,12:19:22.958,0.94,0.30,0.16
1784315963.4587,12:19:23.458,0.94,0.28,0.18
1784315963.9591,12:19:23.959,0.95,0.28,0.17
1784315964.4587,12:19:24.458,0.95,0.28,0.17
1784315964.9585,12:19:24.958,0.94,0.32,0.12
1784315965.4586,12:19:25.458,0.94,0.33,0.10
1784315965.9582,12:19:25.958,0.93,0.35,0.07
1784315966.4572,12:19:26.457,0.95,0.31,0.07
1784315966.9571,12:19:26.957,0.96,0.28,0.08
1784315967.4571,12:19:27.457,0.96,0.25,0.09
1784315967.9563,12:19:27.956,0.97,0.23,0.12
1784315968.4565,12:19:28.456,0.97,0.24,0.10
1784315968.9567,12:19:28.956,0.95,0.30,0.04
1784315969.4561,12:19:29.456,0.94,0.33,0.01
1784315969.9564,12:19:29.956,0.94,0.34,0.00
1784315970.456,12:19:30.456,0.94,0.35,0.00
1784315970.955,12:19:30.955,0.94,0.35,-0.02
1784315971.4547,12:19:31.454,0.94,0.33,-0.04
1784315971.9547,12:19:31.954,0.93,0.36,-0.06
1784315972.4539,12:19:32.453,0.92,0.39,-0.09
1784315972.9538,12:19:32.953,0.72,0.62,-0.32
1784315973.454,12:19:33.454,0.70,0.64,-0.30
1784315973.9534,12:19:33.953,0.71,0.64,-0.30
1784315974.4537,12:19:34.453,0.73,0.62,-0.28
1784315974.9537,12:19:34.953,0.73,0.62,-0.29
1784315975.4535,12:19:35.453,0.78,0.58,-0.24
1784315975.9532,12:19:35.953,0.79,0.57,-0.24
1784315976.4532,12:19:36.453,0.95,0.33,0.01
1784315976.9526,12:19:36.952,0.95,0.33,0.02
1784315977.4523,12:19:37.452,0.95,0.30,0.04
1784315977.9525,12:19:37.952,0.97,0.23,0.09
1784315978.4525,12:19:38.452,0.98,0.11,0.18
1784315978.952,12:19:38.952,0.98,0.10,0.20
1784315979.452,12:19:39.452,0.97,0.07,0.21
1784315979.9518,12:19:39.951,0.98,0.07,0.20
1784315980.4511,12:19:40.451,0.98,0.17,0.10
1784315980.9513,12:19:40.951,0.97,0.22,0.05
1784315981.4517,12:19:41.451,0.98,0.21,0.06
1784315981.951,12:19:41.951,0.98,0.21,0.07
1784315982.451,12:19:42.451,0.98,0.15,0.15
1784315982.9511,12:19:42.951,0.97,0.08,0.22
1784315983.4506,12:19:43.450,0.97,0.07,0.24
1784315983.9507,12:19:43.950,0.96,0.10,0.25
1784315984.4513,12:19:44.451,0.96,0.12,0.24
1784315984.9512,12:19:44.951,0.96,0.12,0.24
1784315985.4519,12:19:45.451,0.97,0.11,0.20
1784315985.9523,12:19:45.952,0.98,0.10,0.16
1784315986.4519,12:19:46.451,0.98,0.03,0.19
1784315986.9518,12:19:46.951,0.98,0.00,0.21
1784315987.4516,12:19:47.451,0.98,-0.02,0.22
1784315987.9508,12:19:47.950,0.98,0.00,0.20
1784315988.4508,12:19:48.450,0.98,0.02,0.21
1784315988.9508,12:19:48.950,0.98,0.06,0.21
1784315989.4506,12:19:49.450,0.98,0.09,0.20
1784315989.9507,12:19:49.950,0.98,0.15,0.15
1784315990.4511,12:19:50.451,0.98,0.16,0.14
1784315990.9507,12:19:50.950,0.98,0.16,0.15
1784315991.4502,12:19:51.450,0.97,0.18,0.14
1784315991.9502,12:19:51.950,0.97,0.23,0.12
1784315992.4494,12:19:52.449,0.97,0.22,0.12
1784315992.9487,12:19:52.948,0.98,0.17,0.13
1784315993.4491,12:19:53.449,0.98,0.04,0.19
1784315993.9489,12:19:53.948,0.97,-0.03,0.23
1784315994.4483,12:19:54.448,0.97,-0.05,0.25
1784315994.9485,12:19:54.948,0.97,-0.04,0.25
1784315995.4481,12:19:55.448,0.96,-0.03,0.29
1784315995.9474,12:19:55.947,0.96,0.00,0.28
1784315996.448,12:19:56.448,0.97,0.06,0.25
1784315996.9473,12:19:56.947,0.97,0.08,0.23
1784315997.4468,12:19:57.446,0.97,0.09,0.22
1784315997.947,12:19:57.947,0.98,0.10,0.19
1784315998.447,12:19:58.447,0.97,0.04,0.22
1784315998.9468,12:19:58.946,0.97,0.03,0.23
1784315999.4469,12:19:59.446,0.97,0.03,0.24
1784315999.9472,12:19:59.947,0.97,0.03,0.23
1784316000.4466,12:20:00.446,0.97,0.02,0.23
1784316000.9469,12:20:00.946,0.98,0.03,0.22
1784316001.4467,12:20:01.446,0.98,0.03,0.22
1784316001.9465,12:20:01.946,0.97,0.05,0.22
1784316002.4461,12:20:02.446,0.97,0.08,0.21
1784316002.9461,12:20:02.946,0.97,0.08,0.21
1784316003.4457,12:20:03.445,0.98,0.07,0.18
1784316003.9454,12:20:03.945,0.98,0.09,0.16
1784316004.446,12:20:04.446,0.98,0.17,0.14
1784316004.9457,12:20:04.945,0.97,0.22,0.12
1784316005.4456,12:20:05.445,0.96,0.23,0.13
1784316005.946,12:20:05.946,0.95,0.31,0.06
1784316006.4452,12:20:06.445,0.94,0.35,0.01
1784316006.9449,12:20:06.944,0.94,0.35,0.00
1784316007.4449,12:20:07.444,0.95,0.30,0.04
1784316007.9441,12:20:07.944,0.96,0.27,0.06
1784316008.4438,12:20:08.443,0.97,0.25,0.04
1784316008.944,12:20:08.944,0.97,0.24,0.04
1784316009.444,12:20:09.444,0.95,0.30,0.00
1784316009.9435,12:20:09.943,0.96,0.29,0.02
1784316010.4437,12:20:10.443,0.96,0.27,0.05
1784316010.9435,12:20:10.943,0.97,0.25,0.08
1784316011.4434,12:20:11.443,0.97,0.20,0.13
1784316011.9436,12:20:11.943,0.97,0.20,0.15
1784316012.4428,12:20:12.442,0.97,0.19,0.17
1784316012.9427,12:20:12.942,0.97,0.19,0.16
1784316013.4427,12:20:13.442,0.97,0.18,0.16
1784316013.9425,12:20:13.942,0.97,0.20,0.16
1784316014.4422,12:20:14.442,0.96,0.23,0.15
1784316014.9428,12:20:14.942,0.96,0.28,0.11
1784316015.4423,12:20:15.442,0.96,0.28,0.10
1784316015.942,12:20:15.942,0.96,0.24,0.11
1784316016.4416,12:20:16.441,0.97,0.18,0.17
1784316016.942,12:20:16.942,0.97,0.16,0.19
1784316017.4414,12:20:17.441,0.97,0.15,0.20
1784316017.9417,12:20:17.941,0.97,0.12,0.21
1784316018.4419,12:20:18.441,0.97,0.09,0.22
1784316018.9413,12:20:18.941,0.97,0.09,0.22
1784316019.441,12:20:19.441,0.97,0.09,0.20
1784316019.9412,12:20:19.941,0.98,0.10,0.19
1784316020.4408,12:20:20.440,0.98,0.10,0.18
1784316020.9409,12:20:20.940,0.98,0.08,0.19
1784316021.4407,12:20:21.440,0.98,0.06,0.21
1784316021.9403,12:20:21.940,0.97,0.04,0.22
1784316022.4401,12:20:22.440,0.97,0.07,0.22
1784316022.9403,12:20:22.940,0.96,0.04,0.26
1784316023.44,12:20:23.440,0.96,0.05,0.28
1784316023.9397,12:20:23.939,0.96,0.09,0.25
1784316024.4402,12:20:24.440,0.97,0.18,0.19
1784316024.94,12:20:24.940,0.96,0.21,0.19
1784316025.4397,12:20:25.439,0.96,0.20,0.19
1784316025.9395,12:20:25.939,0.96,0.20,0.18
1784316026.4393,12:20:26.439,0.96,0.21,0.16
1784316026.9388,12:20:26.938,0.96,0.22,0.17
1784316027.4388,12:20:27.438,0.96,0.22,0.17
1784316027.9389,12:20:27.938,0.96,0.22,0.16
1784316028.4384,12:20:28.438,0.96,0.24,0.15
1784316028.9386,12:20:28.938,0.95,0.28,0.13
1784316029.4382,12:20:29.438,0.96,0.26,0.13
1784316029.9375,12:20:29.937,0.96,0.24,0.14
1784316030.4373,12:20:30.437,0.96,0.23,0.15
1784316030.9373,12:20:30.937,0.96,0.21,0.17
1784316031.4365,12:20:31.436,0.96,0.14,0.22
1784316031.9367,12:20:31.936,0.97,0.14,0.22
1784316032.4369,12:20:32.436,0.96,0.23,0.14
1784316032.9365,12:20:32.936,0.96,0.26,0.11
1784316033.4366,12:20:33.436,0.96,0.25,0.14
1784316033.9364,12:20:33.936,0.96,0.22,0.16
1784316034.4358,12:20:34.435,0.96,0.25,0.14
1784316034.9359,12:20:34.935,0.96,0.26,0.14
1784316035.4361,12:20:35.436,0.96,0.27,0.12
1784316035.9357,12:20:35.935,0.96,0.23,0.13
1784316036.4358,12:20:36.435,0.97,0.20,0.15
1784316036.9356,12:20:36.935,0.97,0.17,0.18
1784316037.4352,12:20:37.435,0.97,0.16,0.19
1784316037.935,12:20:37.935,0.97,0.13,0.21
1784316038.435,12:20:38.435,0.97,0.11,0.22
1784316038.9346,12:20:38.934,0.97,0.11,0.24
1784316039.4347,12:20:39.434,0.97,0.10,0.24
1784316039.9347,12:20:39.934,0.97,0.10,0.23
1784316040.4347,12:20:40.434,0.97,0.08,0.25
1784316040.9344,12:20:40.934,0.97,0.08,0.24
1784316041.4343,12:20:41.434,0.97,0.09,0.24
1784316041.9341,12:20:41.934,0.97,0.10,0.24
1784316042.4336,12:20:42.433,0.97,0.15,0.21
1784316042.9336,12:20:42.933,0.97,0.14,0.21
1784316043.4334,12:20:43.433,0.97,0.15,0.20
1784316043.9329,12:20:43.932,0.97,0.16,0.18
1784316044.4335,12:20:44.433,0.97,0.17,0.17
1784316044.9333,12:20:44.933,0.97,0.17,0.17
1784316045.4324,12:20:45.432,0.97,0.15,0.20
1784316045.9328,12:20:45.932,0.97,0.15,0.20
1784316046.4328,12:20:46.432,0.97,0.13,0.21
1784316046.9327,12:20:46.932,0.97,0.14,0.19
1784316047.4327,12:20:47.432,0.97,0.15,0.19
1784316047.9323,12:20:47.932,0.97,0.18,0.16
1784316048.4321,12:20:48.432,0.96,0.24,0.11
1784316048.9318,12:20:48.931,0.96,0.24,0.11
1784316049.4312,12:20:49.431,0.97,0.22,0.13
1784316049.931,12:20:49.931,0.97,0.18,0.17
1784316050.4307,12:20:50.430,0.97,0.18,0.17
1784316050.9307,12:20:50.930,0.97,0.19,0.17
1784316051.4301,12:20:51.430,0.97,0.18,0.18
1784316051.9304,12:20:51.930,0.97,0.18,0.19
1784316052.4308,12:20:52.430,0.97,0.17,0.19
1784316052.9304,12:20:52.930,0.97,0.18,0.18
1784316053.4301,12:20:53.430,0.97,0.20,0.15
1784316053.9303,12:20:53.930,0.97,0.21,0.14
1784316054.4294,12:20:54.429,0.97,0.21,0.13
1784316054.9291,12:20:54.929,0.97,0.21,0.13
1784316055.4293,12:20:55.429,0.97,0.21,0.14
1784316055.9293,12:20:55.929,0.97,0.22,0.12
1784316056.4288,12:20:56.428,0.96,0.25,0.11
1784316056.9288,12:20:56.928,0.96,0.26,0.12
1784316057.4284,12:20:57.428,0.96,0.25,0.13
1784316057.9287,12:20:57.928,0.96,0.25,0.13
1784316058.4289,12:20:58.428,0.95,0.29,0.12
1784316058.9293,12:20:58.929,0.95,0.29,0.12
1784316059.4292,12:20:59.429,0.95,0.30,0.12
1784316059.9302,12:20:59.930,0.95,0.26,0.16
1784316060.4302,12:21:00.430,0.96,0.22,0.18
1784316060.9299,12:21:00.929,0.97,0.19,0.18
1784316061.4298,12:21:01.429,0.97,0.19,0.18
1784316061.9294,12:21:01.929,0.97,0.18,0.17
1784316062.4283,12:21:02.428,0.97,0.21,0.15
1784316062.9284,12:21:02.928,0.96,0.25,0.13
1784316063.4278,12:21:03.427,0.96,0.26,0.12
1784316063.9275,12:21:03.927,0.96,0.26,0.12
1784316064.4275,12:21:04.427,0.96,0.28,0.09
1784316064.9277,12:21:04.927,0.96,0.28,0.09
1784316065.4265,12:21:05.426,0.96,0.28,0.10
1784316065.9262,12:21:05.926,0.96,0.22,0.15
1784316066.426,12:21:06.426,0.97,0.20,0.15
1784316066.9252,12:21:06.925,0.97,0.20,0.16
1784316067.4253,12:21:07.425,0.97,0.20,0.16
1784316067.9255,12:21:07.925,0.97,0.21,0.15
1784316068.4251,12:21:08.425,0.89,0.45,-0.05
1784316068.9251,12:21:08.925,0.86,0.50,-0.10
1784316069.4253,12:21:09.425,0.83,0.54,-0.16
1784316069.9249,12:21:09.924,0.78,0.58,-0.23
1784316070.4246,12:21:10.424,0.77,0.58,-0.25
1784316070.9246,12:21:10.924,0.77,0.58,-0.27
1784316071.4246,12:21:11.424,0.82,0.53,-0.22
1784316071.9245,12:21:11.924,0.94,0.35,-0.02
1784316072.4242,12:21:12.424,0.92,0.39,-0.06
1784316072.9237,12:21:12.923,0.92,0.39,-0.07
1784316073.4232,12:21:13.423,0.96,0.29,0.00
1784316073.9236,12:21:13.923,0.98,0.19,0.09
1784316074.4238,12:21:14.423,0.98,0.10,0.15
1784316074.9235,12:21:14.923,0.98,0.06,0.19
1784316075.4237,12:21:15.423,0.97,0.00,0.24
1784316075.9241,12:21:15.924,0.97,0.00,0.25
1784316076.4236,12:21:16.423,0.97,0.05,0.23
1784316076.9236,12:21:16.923,0.98,0.11,0.19
1784316077.4234,12:21:17.423,0.97,0.20,0.14
1784316077.9229,12:21:17.922,0.97,0.20,0.15
1784316078.4229,12:21:18.422,0.97,0.14,0.19
1784316078.9223,12:21:18.922,0.97,0.10,0.22
1784316079.4213,12:21:19.421,0.97,0.12,0.21
1784316079.9212,12:21:19.921,0.97,0.18,0.16
1784316080.4214,12:21:20.421,0.97,0.20,0.16
1784316080.9208,12:21:20.920,0.97,0.20,0.15
1784316081.4211,12:21:21.421,0.96,0.21,0.15
1784316081.9211,12:21:21.921,0.96,0.28,0.09
1784316082.4203,12:21:22.420,0.96,0.28,0.08
1784316082.9204,12:21:22.920,0.96,0.28,0.09
1784316083.4204,12:21:23.420,0.96,0.23,0.13
1784316083.92,12:21:23.920,0.97,0.20,0.15
1784316084.4197,12:21:24.419,0.97,0.21,0.14
1784316084.9195,12:21:24.919,0.97,0.22,0.11
1784316085.4196,12:21:25.419,0.96,0.26,0.10
1784316085.9194,12:21:25.919,0.95,0.28,0.10
1784316086.4194,12:21:26.419,0.95,0.28,0.11
1784316086.9195,12:21:26.919,0.96,0.25,0.14
1784316087.4192,12:21:27.419,0.96,0.25,0.15
1784316087.9196,12:21:27.919,0.96,0.23,0.14
1784316088.419,12:21:28.419,0.96,0.23,0.14
1784316088.9187,12:21:28.918,0.96,0.22,0.15
1784316089.4191,12:21:29.419,0.97,0.18,0.19
1784316089.9188,12:21:29.918,0.97,0.17,0.20
1784316090.4185,12:21:30.418,0.97,0.15,0.21
1784316090.9189,12:21:30.918,0.97,0.14,0.20
1784316091.4187,12:21:31.418,0.97,0.16,0.17
1784316091.9178,12:21:31.917,0.97,0.19,0.15
1784316092.4178,12:21:32.417,0.97,0.18,0.16
1784316092.9175,12:21:32.917,0.96,0.23,0.14
1784316093.4173,12:21:33.417,0.95,0.28,0.11
1784316093.9174,12:21:33.917,0.96,0.27,0.12
1784316094.417,12:21:34.417,0.94,0.33,0.06
1784316094.9166,12:21:34.916,0.95,0.32,0.03
1784316095.4165,12:21:35.416,0.95,0.31,-0.01
1784316095.9161,12:21:35.916,0.96,0.28,0.02
1784316096.4153,12:21:36.415,0.98,0.20,0.07
1784316096.9152,12:21:36.915,0.98,0.15,0.13
1784316097.415,12:21:37.415,0.98,0.10,0.15
1784316097.9146,12:21:37.914,0.98,0.06,0.16
1784316098.4149,12:21:38.414,0.98,0.09,0.15
1784316098.9147,12:21:38.914,0.98,0.14,0.13
1784316099.4149,12:21:39.414,0.98,0.12,0.14
1784316099.9146,12:21:39.914,0.98,0.05,0.21
1784316100.4146,12:21:40.414,0.96,-0.01,0.27
1784316100.9144,12:21:40.914,0.96,-0.01,0.29
1784316101.4143,12:21:41.414,0.96,-0.01,0.29
1784316101.9147,12:21:41.914,0.97,0.02,0.26
1784316102.4145,12:21:42.414,0.97,0.11,0.21
1784316102.914,12:21:42.914,0.97,0.16,0.17
1784316103.414,12:21:43.414,0.97,0.21,0.12
1784316103.914,12:21:43.914,0.96,0.27,0.09
1784316104.4139,12:21:44.413,0.95,0.31,0.06
1784316104.9143,12:21:44.914,0.95,0.31,0.06
1784316105.4139,12:21:45.413,0.95,0.31,0.08
1784316105.9136,12:21:45.913,0.95,0.27,0.12
1784316106.4138,12:21:46.413,0.96,0.22,0.19
1784316106.9138,12:21:46.913,0.96,0.16,0.22
1784316107.4132,12:21:47.413,0.96,0.13,0.24
1784316107.9131,12:21:47.913,0.96,0.07,0.27
1784316108.4127,12:21:48.412,0.95,0.01,0.31
1784316108.9123,12:21:48.912,0.95,-0.01,0.31
1784316109.412,12:21:49.412,0.95,-0.01,0.32
1784316109.9124,12:21:49.912,0.95,-0.02,0.32
1784316110.4118,12:21:50.411,0.95,-0.01,0.32
1784316110.9121,12:21:50.912,0.95,-0.01,0.32
1784316111.4121,12:21:51.412,0.95,-0.01,0.32
1784316111.9115,12:21:51.911,0.95,0.00,0.32
1784316112.4118,12:21:52.411,0.95,0.02,0.31
1784316112.912,12:21:52.912,0.95,0.01,0.31
1784316113.4112,12:21:53.411,0.94,0.00,0.33
1784316113.9112,12:21:53.911,0.95,0.00,0.32
1784316114.4116,12:21:54.411,0.95,0.05,0.29
1784316114.9106,12:21:54.910,0.96,0.09,0.27
1784316115.4105,12:21:55.410,0.96,0.10,0.26
1784316115.9103,12:21:55.910,0.96,0.13,0.25
1784316116.4097,12:21:56.409,0.96,0.14,0.25
1784316116.9098,12:21:56.909,0.96,0.13,0.25
1784316117.4102,12:21:57.410,0.96,0.13,0.25
1784316117.9098,12:21:57.909,0.96,0.12,0.26
1784316118.4097,12:21:58.409,0.96,0.09,0.28
1784316118.9101,12:21:58.910,0.96,0.08,0.28
1784316119.4099,12:21:59.409,0.96,0.07,0.27
1784316119.9098,12:21:59.909,0.96,0.09,0.26
1784316120.41,12:22:00.410,0.96,0.09,0.26
1784316120.9098,12:22:00.909,0.96,0.09,0.26
1784316121.4093,12:22:01.409,0.96,0.08,0.26
1784316121.9095,12:22:01.909,0.96,0.06,0.28
1784316122.4087,12:22:02.408,0.96,0.08,0.27
1784316122.9083,12:22:02.908,0.96,0.09,0.26
1784316123.4086,12:22:03.408,0.96,0.03,0.28
1784316123.9086,12:22:03.908,0.96,0.01,0.27
1784316124.408,12:22:04.408,0.96,0.02,0.26
1784316124.9081,12:22:04.908,0.97,0.03,0.25
1784316125.4083,12:22:05.408,0.97,0.06,0.24
1784316125.9075,12:22:05.907,0.97,0.07,0.22
1784316126.4074,12:22:06.407,0.97,0.09,0.20
1784316126.9075,12:22:06.907,0.97,0.14,0.19
1784316127.4067,12:22:07.406,0.97,0.15,0.17
1784316127.9062,12:22:07.906,0.97,0.13,0.18
1784316128.4064,12:22:08.406,0.97,0.08,0.23
1784316128.9064,12:22:08.906,0.97,0.04,0.26
1784316129.4061,12:22:09.406,0.97,0.04,0.25
1784316129.9062,12:22:09.906,0.97,0.06,0.24
1784316130.4054,12:22:10.405,0.97,0.08,0.22
1784316130.9051,12:22:10.905,0.97,0.08,0.22
1784316131.4053,12:22:11.405,0.97,0.07,0.24
1784316131.9045,12:22:11.904,0.97,0.06,0.25
1784316132.4044,12:22:12.404,0.97,0.07,0.24
1784316132.9048,12:22:12.904,0.97,0.09,0.23
1784316133.4046,12:22:13.404,0.97,0.13,0.21
1784316133.9046,12:22:13.904,0.97,0.15,0.19
1784316134.405,12:22:14.405,0.97,0.14,0.20
1784316134.9048,12:22:14.904,0.97,0.14,0.21
1784316135.4043,12:22:15.404,0.97,0.12,0.21
1784316135.9045,12:22:15.904,0.97,0.07,0.24
1784316136.4045,12:22:16.404,0.97,0.07,0.25
1784316136.9043,12:22:16.904,0.97,0.13,0.20
1784316137.4045,12:22:17.404,0.97,0.17,0.16
1784316137.9043,12:22:17.904,0.97,0.25,0.08
1784316138.4035,12:22:18.403,0.96,0.29,0.03
1784316138.9031,12:22:18.903,0.96,0.28,0.03
1784316139.4027,12:22:19.402,0.97,0.25,0.05
1784316139.9022,12:22:19.902,0.98,0.19,0.08
1784316140.4022,12:22:20.402,0.98,0.19,0.07
1784316140.9024,12:22:20.902,0.98,0.19,0.08
1784316141.402,12:22:21.402,0.97,0.23,0.08
1784316141.9019,12:22:21.901,0.97,0.24,0.09
1784316142.4018,12:22:22.401,0.96,0.25,0.10
1784316142.9012,12:22:22.901,0.96,0.25,0.10
1784316143.4013,12:22:23.401,0.97,0.24,0.09
1784316143.9017,12:22:23.901,0.97,0.21,0.08
1784316144.4011,12:22:24.401,0.98,0.12,0.14
1784316144.901,12:22:24.901,0.98,0.05,0.18
1784316145.4014,12:22:25.401,0.98,0.05,0.19
1784316145.901,12:22:25.901,0.98,0.10,0.16
1784316146.4003,12:22:26.400,0.98,0.16,0.12
1784316146.9005,12:22:26.900,0.98,0.18,0.09
1784316147.4005,12:22:27.400,0.97,0.26,0.03
1784316147.9004,12:22:27.900,0.94,0.34,-0.06
1784316148.4008,12:22:28.400,0.92,0.37,-0.11
1784316148.9007,12:22:28.900,0.92,0.38,-0.11
1784316149.4006,12:22:29.400,0.93,0.37,-0.09
1784316149.9007,12:22:29.900,0.93,0.37,-0.07
1784316150.4007,12:22:30.400,0.94,0.34,-0.02
1784316150.9004,12:22:30.900,0.94,0.33,0.01
1784316151.4004,12:22:31.400,0.95,0.31,0.04
1784316151.9004,12:22:31.900,0.95,0.29,0.06
1784316152.4001,12:22:32.400,0.95,0.29,0.06
1784316152.9001,12:22:32.900,0.95,0.30,0.03
1784316153.4002,12:22:33.400,0.95,0.30,0.05
1784316153.8995,12:22:33.899,0.97,0.23,0.11
1784316154.3993,12:22:34.399,0.97,0.18,0.15
1784316154.8994,12:22:34.899,0.97,0.15,0.17
1784316155.3987,12:22:35.398,0.97,0.13,0.19
1784316155.8983,12:22:35.898,0.98,0.12,0.18
1784316156.3981,12:22:36.398,0.98,0.12,0.18
1784316156.8974,12:22:36.897,0.98,0.10,0.19
1784316157.3974,12:22:37.397,0.98,0.08,0.21
1784316157.8976,12:22:37.897,0.97,0.07,0.21
1784316158.3968,12:22:38.396,0.98,0.12,0.16
1784316158.8967,12:22:38.896,0.97,0.21,0.09
1784316159.3968,12:22:39.396,0.97,0.21,0.09
1784316159.8966,12:22:39.896,0.97,0.25,0.06
1784316160.3969,12:22:40.396,0.95,0.31,0.00
1784316160.8964,12:22:40.896,0.95,0.32,-0.02
1784316161.396,12:22:41.396,0.95,0.32,-0.02
1784316161.8959,12:22:41.895,0.95,0.30,-0.02
1784316162.3955,12:22:42.395,0.96,0.28,0.03
1784316162.8951,12:22:42.895,0.96,0.28,0.06
1784316163.3948,12:22:43.394,0.97,0.22,0.13
1784316163.895,12:22:43.895,0.97,0.17,0.17
1784316164.395,12:22:44.395,0.97,0.16,0.18
1784316164.8951,12:22:44.895,0.97,0.15,0.18
1784316165.3955,12:22:45.395,0.97,0.17,0.16
1784316165.8955,12:22:45.895,0.97,0.16,0.18
1784316166.3952,12:22:46.395,0.97,0.13,0.19
1784316166.8956,12:22:46.895,0.97,0.10,0.21
1784316167.3956,12:22:47.395,0.97,0.07,0.23
1784316167.8953,12:22:47.895,0.96,0.01,0.26
1784316168.3955,12:22:48.395,0.97,-0.02,0.25
1784316168.8951,12:22:48.895,0.98,0.00,0.21
1784316169.3946,12:22:49.394,0.99,0.03,0.17
1784316169.8945,12:22:49.894,0.99,0.05,0.14
1784316170.3937,12:22:50.393,0.99,0.06,0.11
1784316170.8934,12:22:50.893,0.99,0.09,0.10
1784316171.3938,12:22:51.393,0.99,0.11,0.11
1784316171.8936,12:22:51.893,0.98,0.16,0.07
1784316172.3935,12:22:52.393,0.98,0.16,0.07
1784316172.8933,12:22:52.893,0.99,0.15,0.09
1784316173.3931,12:22:53.393,0.98,0.13,0.12
1784316173.8923,12:22:53.892,0.98,0.16,0.12
1784316174.3924,12:22:54.392,0.98,0.14,0.14
1784316174.892,12:22:54.892,0.98,0.14,0.14
1784316175.3912,12:22:55.391,0.98,0.13,0.15
1784316175.8909,12:22:55.890,0.98,0.13,0.17
1784316176.3909,12:22:56.390,0.98,0.15,0.14
1784316176.8905,12:22:56.890,0.98,0.13,0.15
1784316177.3908,12:22:57.390,0.99,0.10,0.14
1784316177.8908,12:22:57.890,0.99,0.10,0.12
1784316178.3906,12:22:58.390,0.98,0.05,0.19
1784316178.8903,12:22:58.890,0.97,0.01,0.23
1784316179.3907,12:22:59.390,0.97,0.03,0.22
1784316179.891,12:22:59.891,0.97,0.04,0.23
1784316180.3903,12:23:00.390,0.98,0.08,0.20
1784316180.8907,12:23:00.890,0.98,0.11,0.19
1784316181.3903,12:23:01.390,0.98,0.12,0.18
1784316181.8904,12:23:01.890,0.98,0.12,0.18
1784316182.3904,12:23:02.390,0.98,0.14,0.17
1784316182.89,12:23:02.890,0.98,0.18,0.13
1784316183.3895,12:23:03.389,0.97,0.25,0.07
1784316183.8897,12:23:03.889,0.95,0.29,0.04
1784316184.3893,12:23:04.389,0.95,0.31,0.03
1784316184.8892,12:23:04.889,0.94,0.33,0.02
1784316185.3894,12:23:05.389,0.94,0.33,0.02
1784316185.8892,12:23:05.889,0.95,0.32,0.04
1784316186.3887,12:23:06.388,0.96,0.27,0.08
1784316186.8888,12:23:06.888,0.97,0.23,0.12
1784316187.3884,12:23:07.388,0.97,0.19,0.14
1784316187.8881,12:23:07.888,0.98,0.17,0.15
1784316188.3883,12:23:08.388,0.98,0.15,0.14
1784316188.8875,12:23:08.887,0.98,0.12,0.16
1784316189.3872,12:23:09.387,0.98,0.08,0.20
1784316189.8874,12:23:09.887,0.97,0.09,0.24
1784316190.3876,12:23:10.387,0.97,0.09,0.24
1784316190.8869,12:23:10.886,0.97,0.10,0.23
1784316191.3868,12:23:11.386,0.97,0.12,0.22
1784316191.8873,12:23:11.887,0.96,0.17,0.20
1784316192.3868,12:23:12.386,0.97,0.18,0.18
1784316192.8869,12:23:12.886,0.97,0.19,0.14
1784316193.3875,12:23:13.387,0.98,0.16,0.14
1784316193.8867,12:23:13.886,0.98,0.14,0.14
1784316194.3868,12:23:14.386,0.98,0.15,0.14
1784316194.8872,12:23:14.887,0.98,0.19,0.11
1784316195.3865,12:23:15.386,0.97,0.21,0.08
1784316195.886,12:23:15.886,0.97,0.22,0.05
1784316196.3862,12:23:16.386,0.98,0.17,0.08
1784316196.8858,12:23:16.885,0.99,0.12,0.11
1784316197.3856,12:23:17.385,0.99,0.09,0.12
1784316197.8856,12:23:17.885,0.99,0.09,0.12
1784316198.385,12:23:18.385,0.99,0.12,0.09
1784316198.8847,12:23:18.884,0.99,0.14,0.09
1784316199.3847,12:23:19.384,0.98,0.17,0.12
1784316199.8847,12:23:19.884,0.97,0.21,0.08
1784316200.3842,12:23:20.384,0.97,0.23,0.07
1784316200.8842,12:23:20.884,0.97,0.23,0.07
1784316201.3832,12:23:21.383,0.97,0.22,0.08
1784316201.8829,12:23:21.882,0.98,0.11,0.17
1784316202.3827,12:23:22.382,0.97,0.02,0.22
1784316202.8831,12:23:22.883,0.98,0.00,0.21
1784316203.3828,12:23:23.382,0.98,0.02,0.18
1784316203.8826,12:23:23.882,0.98,0.07,0.17
1784316204.3826,12:23:24.382,0.99,0.13,0.11
1784316204.8827,12:23:24.882,0.98,0.20,0.06
1784316205.3821,12:23:25.382,0.98,0.21,0.05
1784316205.8819,12:23:25.881,0.97,0.22,0.05
1784316206.3814,12:23:26.381,0.97,0.24,0.04
1784316206.8812,12:23:26.881,0.96,0.27,0.01
1784316207.3808,12:23:27.380,0.96,0.30,-0.02
1784316207.8802,12:23:27.880,0.96,0.28,0.01
1784316208.3799,12:23:28.379,0.98,0.20,0.07
1784316208.8803,12:23:28.880,0.98,0.16,0.10
1784316209.3801,12:23:29.380,0.98,0.15,0.12
1784316209.8804,12:23:29.880,0.98,0.12,0.15
1784316210.3804,12:23:30.380,0.98,0.07,0.20
1784316210.88,12:23:30.880,0.97,0.06,0.21
1784316211.3799,12:23:31.379,0.97,0.09,0.20
1784316211.8801,12:23:31.880,0.98,0.11,0.18
1784316212.3803,12:23:32.380,0.98,0.14,0.17
1784316212.8798,12:23:32.879,0.98,0.13,0.16
1784316213.38,12:23:33.380,0.98,0.14,0.15
1784316213.8792,12:23:33.879,0.98,0.14,0.15
1784316214.3789,12:23:34.378,0.98,0.15,0.15
1784316214.8789,12:23:34.878,0.98,0.12,0.16
1784316215.3792,12:23:35.379,0.98,0.09,0.17
1784316215.8787,12:23:35.878,0.98,0.11,0.14
1784316216.3791,12:23:36.379,0.98,0.18,0.07
1784316216.8783,12:23:36.878,0.98,0.21,0.05
1784316217.378,12:23:37.378,0.97,0.23,0.03
1784316217.8785,12:23:37.878,0.97,0.24,0.07
1784316218.3783,12:23:38.378,0.97,0.24,0.07
1784316218.8776,12:23:38.877,0.97,0.03,0.24
1784316219.3776,12:23:39.377,0.96,-0.03,0.27
1784316219.878,12:23:39.878,0.96,-0.04,0.28
1784316220.3775,12:23:40.377,0.96,-0.01,0.27
1784316220.8777,12:23:40.877,0.97,0.02,0.25
1784316221.3776,12:23:41.377,0.98,0.09,0.19
1784316221.8771,12:23:41.877,0.98,0.17,0.13
1784316222.3769,12:23:42.376,0.97,0.24,0.06
1784316222.8771,12:23:42.877,0.97,0.24,0.06
1784316223.3764,12:23:43.376,0.96,0.27,0.05
1784316223.8764,12:23:43.876,0.95,0.31,0.01
1784316224.3764,12:23:44.376,0.95,0.30,0.03
1784316224.8763,12:23:44.876,0.97,0.24,0.09
1784316225.3759,12:23:45.375,0.97,0.24,0.10
1784316225.8759,12:23:45.875,0.97,0.23,0.11
1784316226.3757,12:23:46.375,0.97,0.24,0.09
1784316226.8756,12:23:46.875,0.97,0.25,0.06
1784316227.3758,12:23:47.375,0.97,0.24,0.04
1784316227.8754,12:23:47.875,0.97,0.22,0.06
1784316228.3751,12:23:48.375,0.98,0.21,0.07
1784316228.8751,12:23:48.875,0.98,0.20,0.08
1784316229.3745,12:23:49.374,0.98,0.20,0.08
1784316229.8742,12:23:49.874,0.98,0.20,0.07
1784316230.3746,12:23:50.374,0.97,0.22,0.07
1784316230.874,12:23:50.874,0.98,0.21,0.07
1784316231.3735,12:23:51.373,0.97,0.21,0.08
1784316231.8737,12:23:51.873,0.97,0.22,0.07
1784316232.3737,12:23:52.373,0.96,0.28,0.03
1784316232.8734,12:23:52.873,0.94,0.33,-0.01
1784316233.3736,12:23:53.373,0.93,0.37,-0.04
1784316233.8736,12:23:53.873,0.92,0.39,-0.04
1784316234.3731,12:23:54.373,0.92,0.39,-0.05
1784316234.8733,12:23:54.873,0.93,0.36,-0.04
1784316235.3731,12:23:55.373,0.96,0.27,0.04
1784316235.8726,12:23:55.872,0.98,0.17,0.13
1784316236.3728,12:23:56.372,0.98,0.16,0.15
1784316236.873,12:23:56.873,0.98,0.14,0.17
1784316237.3725,12:23:57.372,0.98,0.10,0.19
1784316237.8727,12:23:57.872,0.97,0.11,0.20
1784316238.3729,12:23:58.372,0.98,0.12,0.18
1784316238.8726,12:23:58.872,0.97,0.13,0.19
1784316239.3727,12:23:59.372,0.97,0.13,0.20
1784316239.8729,12:23:59.872,0.97,0.13,0.19
1784316240.3726,12:24:00.372,0.97,0.08,0.22
1784316240.8722,12:24:00.872,0.96,0.00,0.27
1784316241.3726,12:24:01.372,0.97,0.00,0.25
1784316241.8719,12:24:01.871,0.97,0.00,0.24
1784316242.3711,12:24:02.371,0.98,0.03,0.21
1784316242.8709,12:24:02.870,0.98,0.07,0.16
1784316243.3704,12:24:03.370,0.99,0.11,0.12
1784316243.8704,12:24:03.870,0.99,0.12,0.12
1784316244.3704,12:24:04.370,0.98,0.15,0.10
1784316244.8701,12:24:04.870,0.98,0.21,0.08
1784316245.3697,12:24:05.369,0.98,0.19,0.08
1784316245.8698,12:24:05.869,0.99,0.11,0.13
1784316246.3694,12:24:06.369,0.98,0.04,0.18
1784316246.8691,12:24:06.869,0.98,0.03,0.21
1784316247.3691,12:24:07.369,0.98,0.04,0.21
1784316247.8689,12:24:07.868,0.97,0.03,0.22
1784316248.3686,12:24:08.368,0.98,0.06,0.20
1784316248.8686,12:24:08.868,0.98,0.13,0.14
1784316249.3682,12:24:09.368,0.98,0.15,0.11
1784316249.8679,12:24:09.867,0.98,0.14,0.10
1784316250.3682,12:24:10.368,0.98,0.13,0.11
1784316250.868,12:24:10.868,0.99,0.12,0.12
1784316251.3679,12:24:11.367,0.98,0.14,0.15
1784316251.8679,12:24:11.867,0.98,0.09,0.20
1784316252.3683,12:24:12.368,0.98,0.09,0.19
1784316252.8676,12:24:12.867,0.98,0.14,0.14
1784316253.3672,12:24:13.367,0.98,0.17,0.12
1784316253.8674,12:24:13.867,0.98,0.16,0.11
1784316254.3667,12:24:14.366,0.98,0.16,0.11
1784316254.8668,12:24:14.866,0.98,0.10,0.14
1784316255.3671,12:24:15.367,0.98,0.05,0.17
1784316255.867,12:24:15.867,0.98,0.04,0.18
1784316256.367,12:24:16.367,0.98,0.05,0.19
1784316256.8672,12:24:16.867,0.98,0.05,0.20
1784316257.3667,12:24:17.366,0.97,0.05,0.22
1784316257.8661,12:24:17.866,0.97,0.04,0.24
1784316258.3665,12:24:18.366,0.97,0.04,0.25
1784316258.8662,12:24:18.866,0.97,0.07,0.24
1784316259.3658,12:24:19.365,0.97,0.07,0.23
1784316259.8654,12:24:19.865,0.98,0.12,0.18
1784316260.3655,12:24:20.365,0.98,0.11,0.16
1784316260.8649,12:24:20.864,0.98,0.12,0.15
1784316261.3647,12:24:21.364,0.98,0.14,0.15
1784316261.8646,12:24:21.864,0.97,0.20,0.10
1784316262.3638,12:24:22.363,0.97,0.21,0.11
1784316262.8636,12:24:22.863,0.98,0.18,0.08
1784316263.3635,12:24:23.363,0.98,0.04,0.19
1784316263.8633,12:24:23.863,0.97,0.05,0.22
1784316264.3631,12:24:24.363,0.97,0.06,0.22
1784316264.8632,12:24:24.863,0.98,0.07,0.20
1784316265.3624,12:24:25.362,0.98,0.08,0.19
1784316265.8628,12:24:25.862,0.98,0.08,0.18
1784316266.363,12:24:26.363,0.98,0.11,0.15
1784316266.8627,12:24:26.862,0.98,0.14,0.11
1784316267.3631,12:24:27.363,0.98,0.17,0.08
1784316267.8631,12:24:27.863,0.98,0.20,0.05
1784316268.3628,12:24:28.362,0.97,0.25,0.00
1784316268.8628,12:24:28.862,0.97,0.25,0.04
1784316269.363,12:24:29.363,0.97,0.22,0.08
1784316269.8627,12:24:29.862,0.98,0.16,0.15
1784316270.3625,12:24:30.362,0.98,0.14,0.17
1784316270.8627,12:24:30.862,0.98,0.13,0.17
1784316271.3618,12:24:31.361,0.97,0.17,0.14
1784316271.8612,12:24:31.861,0.97,0.21,0.11
1784316272.3612,12:24:32.361,0.98,0.20,0.09
1784316272.8611,12:24:32.861,0.97,0.21,0.09
1784316273.3609,12:24:33.360,0.98,0.17,0.13
1784316273.8611,12:24:33.861,0.98,0.13,0.16
1784316274.3608,12:24:34.360,0.98,0.05,0.17
1784316274.8604,12:24:34.860,0.98,0.04,0.18
1784316275.3606,12:24:35.360,0.99,0.05,0.16
1784316275.8607,12:24:35.860,0.98,0.04,0.20
1784316276.3605,12:24:36.360,0.97,0.08,0.22
1784316276.8605,12:24:36.860,0.97,0.09,0.21
1784316277.3603,12:24:37.360,0.98,0.08,0.20
1784316277.8599,12:24:37.859,0.98,0.05,0.21
1784316278.3601,12:24:38.360,0.98,0.15,0.12
1784316278.86,12:24:38.860,0.98,0.20,0.08
1784316279.3596,12:24:39.359,0.98,0.20,0.07
1784316279.8596,12:24:39.859,0.98,0.20,0.09
1784316280.3593,12:24:40.359,0.98,0.18,0.10
1784316280.8588,12:24:40.858,0.98,0.14,0.14
1784316281.3586,12:24:41.358,0.98,0.12,0.17
1784316281.8587,12:24:41.858,0.97,0.09,0.21
1784316282.3577,12:24:42.357,0.97,0.09,0.21
1784316282.8575,12:24:42.857,0.97,0.10,0.21
1784316283.3576,12:24:43.357,0.97,0.12,0.19
1784316283.8575,12:24:43.857,0.98,0.15,0.16
1784316284.3575,12:24:44.357,0.97,0.16,0.16
1784316284.8578,12:24:44.857,0.98,0.17,0.13
1784316285.3574,12:24:45.357,0.98,0.18,0.13
1784316285.857,12:24:45.857,0.97,0.21,0.10
1784316286.357,12:24:46.357,0.97,0.22,0.08
1784316286.8569,12:24:46.856,0.97,0.24,0.07
1784316287.3567,12:24:47.356,0.96,0.26,0.05
1784316287.8569,12:24:47.856,0.96,0.28,0.02
1784316288.3564,12:24:48.356,0.95,0.30,0.00
1784316288.8562,12:24:48.856,0.95,0.30,0.00
1784316289.356,12:24:49.356,0.95,0.30,0.01
1784316289.856,12:24:49.856,0.96,0.29,0.05
1784316290.355,12:24:50.355,0.97,0.22,0.10
1784316290.855,12:24:50.855,0.97,0.17,0.15
1784316291.355,12:24:51.355,0.98,0.17,0.14
1784316291.855,12:24:51.855,0.98,0.17,0.11
1784316292.3552,12:24:52.355,0.98,0.17,0.11
1784316292.8547,12:24:52.854,0.98,0.16,0.13
1784316293.3543,12:24:53.354,0.98,0.13,0.18
1784316293.8543,12:24:53.854,0.97,0.08,0.22
1784316294.3537,12:24:54.353,0.97,0.05,0.24
1784316294.8533,12:24:54.853,0.97,0.04,0.25
1784316295.3537,12:24:55.353,0.97,0.07,0.24
1784316295.8542,12:24:55.854,0.97,0.07,0.22
1784316296.3538,12:24:56.353,0.97,0.07,0.22
1784316296.8541,12:24:56.854,0.97,0.07,0.22
1784316297.3541,12:24:57.354,0.97,0.08,0.22
1784316297.8537,12:24:57.853,0.98,0.13,0.17
1784316298.3538,12:24:58.353,0.98,0.17,0.11
1784316298.8545,12:24:58.854,0.98,0.17,0.11
1784316299.3537,12:24:59.353,0.98,0.14,0.14
1784316299.8529,12:24:59.852,0.98,0.11,0.19
1784316300.3532,12:25:00.353,0.98,0.13,0.16
1784316300.8528,12:25:00.852,0.98,0.13,0.16
1784316301.352,12:25:01.352,0.97,0.18,0.14
1784316301.8525,12:25:01.852,0.97,0.20,0.13
1784316302.3516,12:25:02.351,0.97,0.18,0.14
1784316302.8508,12:25:02.850,0.98,0.15,0.16
1784316303.3511,12:25:03.351,0.76,0.61,-0.21
1784316303.8509,12:25:03.850,0.73,0.63,-0.26
1784316304.3501,12:25:04.350,0.74,0.61,-0.30
1784316304.8503,12:25:04.850,0.74,0.59,-0.31
1784316305.3504,12:25:05.350,0.76,0.56,-0.32
1784316305.8498,12:25:05.849,0.82,0.52,-0.25
1784316306.35,12:25:06.350,0.82,0.53,-0.23
1784316306.8501,12:25:06.850,0.98,0.19,0.06
1784316307.3495,12:25:07.349,0.98,0.17,0.09
1784316307.8501,12:25:07.850,0.98,0.13,0.13
1784316308.35,12:25:08.350,0.98,0.08,0.17
1784316308.8492,12:25:08.849,0.98,0.06,0.19
1784316309.3496,12:25:09.349,0.98,0.05,0.19
1784316309.8497,12:25:09.849,0.98,0.07,0.18
1784316310.3491,12:25:10.349,0.98,0.09,0.17
1784316310.8491,12:25:10.849,0.98,0.11,0.15
1784316311.3492,12:25:11.349,0.98,0.11,0.14
1784316311.849,12:25:11.849,0.98,0.04,0.18
1784316312.3488,12:25:12.348,0.98,0.02,0.20
1784316312.8483,12:25:12.848,0.97,-0.01,0.24
1784316313.3481,12:25:13.348,0.97,-0.01,0.24
1784316313.8479,12:25:13.847,0.98,0.04,0.19
1784316314.3484,12:25:14.348,0.98,0.11,0.14
1784316314.848,12:25:14.848,0.98,0.17,0.10
1784316315.3472,12:25:15.347,0.98,0.20,0.09
1784316315.8473,12:25:15.847,0.98,0.17,0.11
1784316316.3469,12:25:16.346,0.98,0.15,0.13
1784316316.8467,12:25:16.846,0.98,0.10,0.18
1784316317.347,12:25:17.347,0.98,0.11,0.19
1784316317.8469,12:25:17.846,0.98,0.14,0.16
1784316318.3461,12:25:18.346,0.97,0.16,0.16
1784316318.8463,12:25:18.846,0.97,0.19,0.13
1784316319.3459,12:25:19.345,0.97,0.22,0.09
1784316319.8449,12:25:19.844,0.97,0.23,0.03
1784316320.3456,12:25:20.345,0.97,0.25,0.00
1784316320.8458,12:25:20.845,0.96,0.27,-0.01
1784316321.3454,12:25:21.345,0.97,0.23,0.03
1784316321.8455,12:25:21.845,0.97,0.24,0.03
1784316322.3457,12:25:22.345,0.97,0.24,0.03
1784316322.8449,12:25:22.844,0.97,0.23,0.04
1784316323.3449,12:25:23.344,0.97,0.22,0.06
1784316323.8446,12:25:23.844,0.97,0.23,0.07
1784316324.3446,12:25:24.344,0.97,0.23,0.10
1784316324.8442,12:25:24.844,0.97,0.22,0.12
1784316325.344,12:25:25.344,0.96,0.23,0.13
1784316325.8438,12:25:25.843,0.96,0.26,0.10
1784316326.3438,12:25:26.343,0.95,0.30,0.07
1784316326.8437,12:25:26.843,0.95,0.32,0.05
1784316327.3433,12:25:27.343,0.94,0.33,0.03
1784316327.8435,12:25:27.843,0.94,0.33,0.01
1784316328.3434,12:25:28.343,0.96,0.29,0.04
1784316328.843,12:25:28.843,0.97,0.24,0.08
1784316329.3428,12:25:29.342,0.98,0.13,0.16
1784316329.8435,12:25:29.843,0.98,0.03,0.21
1784316330.3435,12:25:30.343,0.97,-0.01,0.24
1784316330.8435,12:25:30.843,0.97,-0.02,0.25
1784316331.3437,12:25:31.343,0.97,-0.04,0.25
1784316331.8429,12:25:31.842,0.97,-0.05,0.25
1784316332.3425,12:25:32.342,0.96,-0.07,0.26
1784316332.8426,12:25:32.842,0.96,-0.09,0.28
1784316333.3422,12:25:33.342,0.94,-0.13,0.31
1784316333.8416,12:25:33.841,0.94,-0.14,0.31
1784316334.3419,12:25:34.341,0.94,-0.15,0.31
1784316334.8415,12:25:34.841,0.94,-0.14,0.31
1784316335.3409,12:25:35.340,0.94,-0.14,0.31
1784316335.841,12:25:35.841,0.94,-0.13,0.32
1784316336.3413,12:25:36.341,0.94,-0.11,0.31
1784316336.8409,12:25:36.840,0.95,-0.08,0.29
1784316337.341,12:25:37.341,0.96,-0.06,0.29
1784316337.8408,12:25:37.840,0.96,-0.04,0.27
1784316338.3402,12:25:38.340,0.97,-0.02,0.26
1784316338.8407,12:25:38.840,0.97,-0.01,0.25
1784316339.3405,12:25:39.340,0.97,0.01,0.24
1784316339.8399,12:25:39.839,0.97,0.01,0.23
1784316340.34,12:25:40.340,0.97,-0.02,0.26
1784316340.8402,12:25:40.840,0.97,-0.02,0.23
1784316341.3396,12:25:41.339,0.98,0.04,0.19
1784316341.8399,12:25:41.839,0.98,0.07,0.16
1784316342.3397,12:25:42.339,0.98,0.08,0.16
1784316342.8387,12:25:42.838,0.98,0.09,0.17
1784316343.3386,12:25:43.338,0.98,0.10,0.16
1784316343.8388,12:25:43.838,0.98,0.09,0.16
1784316344.3382,12:25:44.338,0.98,0.09,0.16
1784316344.8382,12:25:44.838,0.98,0.08,0.18
1784316345.3381,12:25:45.338,0.98,0.09,0.18
1784316345.8379,12:25:45.837,0.98,0.10,0.19
1784316346.3375,12:25:46.337,0.97,0.13,0.18
1784316346.8376,12:25:46.837,0.97,0.16,0.18
1784316347.3372,12:25:47.337,0.97,0.16,0.18
1784316347.8366,12:25:47.836,0.97,0.17,0.17
1784316348.3369,12:25:48.336,0.97,0.18,0.16
1784316348.8365,12:25:48.836,0.97,0.18,0.15
1784316349.3361,12:25:49.336,0.97,0.16,0.17
1784316349.8366,12:25:49.836,0.97,0.12,0.21
1784316350.3362,12:25:50.336,0.97,0.10,0.23
1784316350.8358,12:25:50.835,0.97,0.04,0.24
1784316351.3357,12:25:51.335,0.97,0.04,0.24
1784316351.836,12:25:51.836,0.97,0.05,0.24
1784316352.3356,12:25:52.335,0.97,0.05,0.25
1784316352.8355,12:25:52.835,0.97,0.05,0.26
1784316353.3353,12:25:53.335,0.97,0.03,0.26
1784316353.8353,12:25:53.835,0.97,0.04,0.25
1784316354.3354,12:25:54.335,0.97,0.06,0.25
1784316354.8352,12:25:54.835,0.97,0.06,0.25
1784316355.3344,12:25:55.334,0.96,0.06,0.26
1784316355.8347,12:25:55.834,0.96,0.08,0.25
1784316356.3353,12:25:56.335,0.96,0.09,0.25
1784316356.8345,12:25:56.834,0.97,0.11,0.23
1784316357.3343,12:25:57.334,0.97,0.11,0.22
1784316357.8343,12:25:57.834,0.97,0.06,0.24
1784316358.3337,12:25:58.333,0.94,0.32,0.09
1784316358.8335,12:25:58.833,0.96,0.24,0.13
1784316359.334,12:25:59.334,0.97,0.21,0.11
1784316359.8338,12:25:59.833,0.96,0.25,0.07
1784316360.3337,12:26:00.333,0.95,0.30,0.01
1784316360.8338,12:26:00.833,0.98,-0.01,0.22
1784316361.3334,12:26:01.333,0.98,-0.01,0.21
1784316361.8328,12:26:01.832,0.98,0.02,0.19
1784316362.3327,12:26:02.332,0.98,0.05,0.17
1784316362.8321,12:26:02.832,0.98,0.09,0.15
1784316363.3319,12:26:03.331,0.98,0.12,0.13
1784316363.8322,12:26:03.832,0.98,0.16,0.11
1784316364.3316,12:26:04.331,0.98,0.15,0.13
1784316364.8312,12:26:04.831,0.98,0.14,0.17
1784316365.3315,12:26:05.331,0.97,0.11,0.20
1784316365.8305,12:26:05.830,0.97,0.08,0.22
1784316366.3303,12:26:06.330,0.97,0.03,0.26
1784316366.8305,12:26:06.830,0.95,-0.03,0.30
1784316367.3305,12:26:07.330,0.94,-0.08,0.33
1784316367.8301,12:26:07.830,0.94,-0.10,0.34
1784316368.3304,12:26:08.330,0.94,-0.10,0.33
1784316368.8308,12:26:08.830,0.95,-0.08,0.31
1784316369.3302,12:26:09.330,0.95,-0.07,0.29
1784316369.83,12:26:09.830,0.96,-0.06,0.27
1784316370.3296,12:26:10.329,0.97,-0.04,0.26
1784316370.8292,12:26:10.829,0.98,0.04,0.22
1784316371.3291,12:26:11.329,0.97,0.04,0.23
1784316371.8289,12:26:11.828,0.97,0.03,0.23
1784316372.3281,12:26:12.328,0.97,0.01,0.22
1784316372.8285,12:26:12.828,0.98,0.00,0.21
1784316373.3286,12:26:13.328,0.98,-0.02,0.20
1784316373.8286,12:26:13.828,0.98,0.00,0.20
1784316374.3284,12:26:14.328,0.98,0.03,0.18
1784316374.8285,12:26:14.828,0.98,0.02,0.20
1784316375.328,12:26:15.328,0.98,0.01,0.22
1784316375.828,12:26:15.828,0.97,-0.01,0.23
1784316376.3282,12:26:16.328,0.97,-0.04,0.23
1784316376.8278,12:26:16.827,0.96,-0.07,0.25
1784316377.3274,12:26:17.327,0.96,-0.09,0.28
1784316377.8277,12:26:17.827,0.95,-0.13,0.30
1784316378.3273,12:26:18.327,0.94,-0.13,0.31
1784316378.8267,12:26:18.826,0.94,-0.13,0.30
1784316379.3268,12:26:19.326,0.94,-0.14,0.30
1784316379.8262,12:26:19.826,0.94,-0.17,0.31
1784316380.3262,12:26:20.326,0.93,-0.21,0.31
1784316380.8265,12:26:20.826,0.92,-0.21,0.32
1784316381.3261,12:26:21.326,0.92,-0.21,0.33
1784316381.8259,12:26:21.825,0.92,-0.21,0.34
1784316382.326,12:26:22.326,0.91,-0.21,0.34
1784316382.8256,12:26:22.825,0.91,-0.21,0.34
1784316383.325,12:26:23.325,0.94,-0.16,0.30
1784316383.8251,12:26:23.825,0.95,-0.13,0.28
1784316384.3254,12:26:24.325,0.95,-0.13,0.28
1784316384.825,12:26:24.825,0.95,-0.13,0.28
1784316385.3255,12:26:25.325,0.95,-0.13,0.28
1784316385.8255,12:26:25.825,0.95,-0.12,0.29
1784316386.3245,12:26:26.324,0.95,-0.13,0.30
1784316386.8251,12:26:26.825,0.93,-0.17,0.31
1784316387.3254,12:26:27.325,0.93,-0.18,0.32
1784316387.8248,12:26:27.824,0.92,-0.20,0.34
1784316388.325,12:26:28.325,0.92,-0.21,0.34
1784316388.8248,12:26:28.824,0.91,-0.23,0.33
1784316389.3242,12:26:29.324,0.91,-0.23,0.34
1784316389.8236,12:26:29.823,0.91,-0.25,0.34
1784316390.3239,12:26:30.323,0.91,-0.26,0.33
1784316390.8235,12:26:30.823,0.91,-0.25,0.33
1784316391.3233,12:26:31.323,0.91,-0.25,0.32
1784316391.8233,12:26:31.823,0.91,-0.26,0.33
1784316392.3225,12:26:32.322,0.91,-0.26,0.33
1784316392.8225,12:26:32.822,0.91,-0.25,0.33
1784316393.3224,12:26:33.322,0.91,-0.24,0.34
1784316393.8216,12:26:33.821,0.90,-0.26,0.35
1784316394.3214,12:26:34.321,0.90,-0.26,0.35
1784316394.8219,12:26:34.821,0.90,-0.25,0.35
1784316395.3219,12:26:35.321,0.90,-0.25,0.35
1784316395.8215,12:26:35.821,0.90,-0.25,0.35
1784316396.322,12:26:36.322,0.90,-0.25,0.35
1784316396.8218,12:26:36.821,0.91,-0.22,0.34
1784316397.3212,12:26:37.321,0.93,-0.18,0.32
1784316397.8217,12:26:37.821,0.94,-0.15,0.30
1784316398.3215,12:26:38.321,0.95,-0.11,0.28
1784316398.8209,12:26:38.820,0.96,-0.09,0.26
1784316399.3214,12:26:39.321,0.96,-0.09,0.27
1784316399.8212,12:26:39.821,0.96,-0.09,0.27
1784316400.321,12:26:40.321,0.97,-0.04,0.24
1784316400.821,12:26:40.821,0.98,0.04,0.19
1784316401.3209,12:26:41.320,0.98,0.04,0.19
1784316401.8201,12:26:41.820,0.97,0.01,0.23
1784316402.3199,12:26:42.319,0.97,0.02,0.22
1784316402.82,12:26:42.820,0.98,0.06,0.21
1784316403.3194,12:26:43.319,0.97,0.08,0.21
1784316403.8194,12:26:43.819,0.97,0.08,0.21
1784316404.3191,12:26:44.319,0.98,0.07,0.21
1784316404.8183,12:26:44.818,0.97,0.07,0.22
1784316405.3183,12:26:45.318,0.97,0.06,0.22
1784316405.8186,12:26:45.818,0.97,-0.01,0.26
1784316406.318,12:26:46.318,0.94,-0.11,0.32
1784316406.818,12:26:46.818,0.93,-0.13,0.33
1784316407.3179,12:26:47.317,0.93,-0.13,0.34
1784316407.8171,12:26:47.817,0.94,-0.13,0.33
1784316408.3167,12:26:48.316,0.96,-0.06,0.26
1784316408.817,12:26:48.817,0.99,0.06,0.15
1784316409.3162,12:26:49.316,0.99,0.09,0.14
1784316409.816,12:26:49.816,0.98,0.10,0.14
1784316410.3165,12:26:50.316,0.98,0.10,0.19
1784316410.8163,12:26:50.816,0.97,0.10,0.22
1784316411.3159,12:26:51.315,0.97,0.09,0.24
1784316411.8164,12:26:51.816,0.97,0.09,0.24
1784316412.3159,12:26:52.315,0.98,0.13,0.18
1784316412.8159,12:26:52.815,0.97,0.23,0.11
1784316413.3164,12:26:53.316,0.97,0.23,0.12
1784316413.8162,12:26:53.816,0.97,0.19,0.17
1784316414.3154,12:26:54.315,0.97,0.11,0.21
1784316414.8161,12:26:54.816,0.97,0.05,0.23
1784316415.3158,12:26:55.315,0.97,0.03,0.23
1784316415.8156,12:26:55.815,0.98,0.04,0.21
1784316416.3158,12:26:56.315,0.98,0.13,0.17
1784316416.8159,12:26:56.815,0.98,0.13,0.17
1784316417.3155,12:26:57.315,0.98,0.09,0.19
1784316417.8156,12:26:57.815,0.97,0.03,0.24
1784316418.3155,12:26:58.315,0.97,0.04,0.24
1784316418.8151,12:26:58.815,0.98,0.08,0.19
1784316419.3147,12:26:59.314,0.98,0.09,0.15
1784316419.8143,12:26:59.814,0.99,0.10,0.13
1784316420.3139,12:27:00.313,0.99,0.11,0.11
1784316420.8135,12:27:00.813,0.99,0.14,0.08
1784316421.314,12:27:01.314,0.98,0.20,0.04
1784316421.8132,12:27:01.813,0.84,0.50,-0.22
1784316422.313,12:27:02.313,0.81,0.52,-0.28
1784316422.8131,12:27:02.813,0.77,0.54,-0.33
1784316423.3123,12:27:03.312,0.73,0.57,-0.37
1784316423.812,12:27:03.812,0.75,0.57,-0.34
1784316424.3123,12:27:04.312,0.95,0.31,-0.06
1784316424.8123,12:27:04.812,0.94,0.33,-0.04
1784316425.3123,12:27:05.312,0.76,0.60,-0.26
1784316425.8128,12:27:05.812,0.79,0.58,-0.22
1784316426.3122,12:27:06.312,0.86,0.50,-0.15
1784316426.8116,12:27:06.811,0.87,0.48,-0.12
1784316427.3122,12:27:07.312,0.86,0.50,-0.10
1784316427.8118,12:27:07.811,0.79,0.59,-0.18
1784316428.3116,12:27:08.311,0.75,0.62,-0.23
1784316428.8121,12:27:08.812,0.74,0.63,-0.25
1784316429.3119,12:27:09.311,0.74,0.62,-0.25
1784316429.8115,12:27:09.811,0.78,0.59,-0.21
1784316430.3117,12:27:10.311,0.95,0.29,0.04
1784316430.812,12:27:10.812,0.78,0.59,-0.21
1784316431.3112,12:27:11.311,0.78,0.57,-0.26
1784316431.811,12:27:11.811,0.78,0.55,-0.29
1784316432.3113,12:27:12.311,0.81,0.50,-0.31
1784316432.8109,12:27:12.810,0.81,0.49,-0.32
1784316433.3111,12:27:13.311,0.80,0.50,-0.33
1784316433.811,12:27:13.811,0.93,0.34,-0.14
1784316434.3104,12:27:14.310,0.91,0.38,-0.15
1784316434.8106,12:27:14.810,0.92,0.37,-0.13
1784316435.3105,12:27:15.310,0.94,0.33,-0.09
1784316435.8097,12:27:15.809,0.96,0.28,0.00
1784316436.3095,12:27:16.309,0.96,0.27,0.05
1784316436.8096,12:27:16.809,0.97,0.25,0.07
1784316437.3091,12:27:17.309,0.96,0.27,0.04
1784316437.8089,12:27:17.808,0.97,0.25,0.05
1784316438.3094,12:27:18.309,0.97,0.23,0.07
1784316438.8088,12:27:18.808,0.97,0.22,0.09
1784316439.3078,12:27:19.307,0.97,0.23,0.05
1784316439.8079,12:27:19.807,0.96,0.27,-0.02
1784316440.3077,12:27:20.307,0.95,0.30,-0.04
1784316440.8073,12:27:20.807,0.96,0.27,0.00
1784316441.308,12:27:21.308,0.97,0.23,0.03
1784316441.8075,12:27:21.807,0.98,0.14,0.11
1784316442.3073,12:27:22.307,0.98,0.15,0.11
1784316442.8078,12:27:22.807,0.98,0.17,0.08
1784316443.3076,12:27:23.307,0.97,0.24,0.03
1784316443.8072,12:27:23.807,0.97,0.26,0.03
1784316444.3074,12:27:24.307,0.96,0.27,0.03
1784316444.807,12:27:24.807,0.96,0.27,0.06
1784316445.3062,12:27:25.306,0.95,0.30,0.06
1784316445.8062,12:27:25.806,0.95,0.30,0.06
1784316446.3061,12:27:26.306,0.97,0.23,0.11
1784316446.8051,12:27:26.805,0.98,0.19,0.11
1784316447.3056,12:27:27.305,0.98,0.18,0.08
1784316447.8059,12:27:27.805,0.97,0.23,0.03
1784316448.3051,12:27:28.305,0.96,0.28,-0.01
1784316448.8051,12:27:28.805,0.95,0.32,-0.02
1784316449.3052,12:27:29.305,0.95,0.31,0.01
1784316449.8047,12:27:29.804,0.95,0.29,0.06
1784316450.3042,12:27:30.304,0.95,0.30,0.05
1784316450.8043,12:27:30.804,0.95,0.31,0.03
1784316451.3039,12:27:31.303,0.95,0.31,0.00
1784316451.8035,12:27:31.803,0.96,0.29,0.01
1784316452.3034,12:27:32.303,0.95,0.30,0.00
1784316452.8029,12:27:32.802,0.94,0.33,-0.04
1784316453.3027,12:27:33.302,0.94,0.34,-0.04
1784316453.8026,12:27:33.802,0.97,0.25,0.04
1784316454.302,12:27:34.302,0.97,0.25,0.04
1784316454.8024,12:27:34.802,0.97,0.25,0.03
1784316455.3029,12:27:35.302,0.97,0.26,0.03
1784316455.8027,12:27:35.802,0.96,0.26,0.04
1784316456.3025,12:27:36.302,0.96,0.29,0.03
1784316456.803,12:27:36.803,0.95,0.30,0.05
1784316457.3028,12:27:37.302,0.95,0.31,0.06
1784316457.8024,12:27:37.802,0.95,0.29,0.08
1784316458.3027,12:27:38.302,0.97,0.20,0.14
1784316458.8023,12:27:38.802,0.97,0.20,0.13
1784316459.3021,12:27:39.302,0.97,0.18,0.14
1784316459.8026,12:27:39.802,0.97,0.25,0.05
1784316460.3024,12:27:40.302,0.96,0.28,0.05
1784316460.802,12:27:40.802,0.96,0.29,0.04
1784316461.3018,12:27:41.301,0.95,0.30,0.04
1784316461.8019,12:27:41.801,0.95,0.31,0.05
1784316462.3011,12:27:42.301,0.95,0.31,0.07
1784316462.8015,12:27:42.801,0.95,0.30,0.07
1784316463.3018,12:27:43.301,0.96,0.29,0.05
1784316463.8012,12:27:43.801,0.95,0.32,-0.01
1784316464.3014,12:27:44.301,0.95,0.31,-0.02
1784316464.8011,12:27:44.801,0.95,0.31,-0.02
1784316465.3003,12:27:45.300,0.95,0.31,-0.03
1784316465.8003,12:27:45.800,0.95,0.32,-0.05
1784316466.3002,12:27:46.300,0.95,0.30,-0.04
1784316466.7999,12:27:46.799,0.95,0.30,-0.06
1784316467.2997,12:27:47.299,0.96,0.29,-0.05
1784316467.7996,12:27:47.799,0.96,0.27,-0.01
1784316468.2992,12:27:48.299,0.96,0.27,0.02
1784316468.799,12:27:48.799,0.96,0.28,0.02
1784316469.2989,12:27:49.298,0.96,0.29,-0.03
1784316469.7989,12:27:49.798,0.94,0.34,-0.07
1784316470.2981,12:27:50.298,0.94,0.35,-0.06
1784316470.7984,12:27:50.798,0.94,0.34,-0.01
1784316471.298,12:27:51.298,0.96,0.28,0.06
1784316471.7982,12:27:51.798,0.96,0.25,0.08
1784316472.2985,12:27:52.298,0.96,0.25,0.10
1784316472.7983,12:27:52.798,0.96,0.26,0.10
1784316473.2981,12:27:53.298,0.96,0.27,0.10
1784316473.798,12:27:53.798,0.95,0.29,0.08
1784316474.2976,12:27:54.297,0.95,0.29,0.08
1784316474.7972,12:27:54.797,0.96,0.29,0.05
1784316475.2971,12:27:55.297,0.97,0.25,0.03
1784316475.7973,12:27:55.797,0.97,0.25,0.02
1784316476.2963,12:27:56.296,0.96,0.26,0.01
1784316476.7964,12:27:56.796,0.97,0.24,0.05
1784316477.2962,12:27:57.296,0.97,0.19,0.11
1784316477.7954,12:27:57.795,0.98,0.17,0.13
1784316478.2956,12:27:58.295,0.98,0.18,0.11
1784316478.7958,12:27:58.795,0.97,0.20,0.10
1784316479.2954,12:27:59.295,0.97,0.22,0.09
1784316479.7958,12:27:59.795,0.97,0.23,0.09
1784316480.2959,12:28:00.295,0.97,0.21,0.11
1784316480.7957,12:28:00.795,0.80,0.58,-0.18
1784316481.2953,12:28:01.295,0.79,0.57,-0.21
1784316481.7954,12:28:01.795,0.74,0.63,-0.25
1784316482.2945,12:28:02.294,0.74,0.63,-0.25
1784316482.7943,12:28:02.794,0.73,0.62,-0.29
1784316483.2946,12:28:03.294,0.75,0.58,-0.30
1784316483.794,12:28:03.794,0.77,0.57,-0.29
1784316484.2938,12:28:04.293,0.86,0.47,-0.17
1784316484.7939,12:28:04.793,0.89,0.44,-0.11
1784316485.2937,12:28:05.293,0.98,0.12,0.16
1784316485.7935,12:28:05.793,0.98,0.13,0.17
1784316486.2934,12:28:06.293,0.98,0.15,0.14
1784316486.793,12:28:06.793,0.97,0.21,0.09
1784316487.293,12:28:07.293,0.97,0.23,0.06
1784316487.7931,12:28:07.793,0.97,0.24,0.05
1784316488.2931,12:28:08.293,0.96,0.26,0.03
1784316488.7925,12:28:08.792,0.97,0.25,0.06
1784316489.2926,12:28:09.292,0.97,0.24,0.05
1784316489.7927,12:28:09.792,0.97,0.23,0.04
1784316490.2925,12:28:10.292,0.97,0.22,0.03
1784316490.7932,12:28:10.793,0.97,0.25,0.00
1784316491.2932,12:28:11.293,0.97,0.26,-0.01
1784316491.7924,12:28:11.792,0.97,0.25,0.01
1784316492.2921,12:28:12.292,0.97,0.25,0.05
1784316492.7919,12:28:12.791,0.97,0.24,0.09
1784316493.2909,12:28:13.290,0.97,0.25,0.09
1784316493.7914,12:28:13.791,0.96,0.26,0.08
1784316494.2916,12:28:14.291,0.96,0.27,0.06
1784316494.7908,12:28:14.790,0.96,0.28,0.04
1784316495.2907,12:28:15.290,0.96,0.28,0.03
1784316495.7907,12:28:15.790,0.96,0.29,0.02
1784316496.2897,12:28:16.289,0.96,0.29,0.01
1784316496.7897,12:28:16.789,0.96,0.29,0.03
1784316497.2904,12:28:17.290,0.96,0.28,0.07
1784316497.7898,12:28:17.789,0.96,0.25,0.13
1784316498.2895,12:28:18.289,0.97,0.17,0.19
1784316498.7897,12:28:18.789,0.97,0.20,0.17
1784316499.2891,12:28:19.289,0.96,0.21,0.17
1784316499.7889,12:28:19.788,0.97,0.20,0.16
1784316500.289,12:28:20.289,0.96,0.23,0.14
1784316500.789,12:28:20.789,0.97,0.20,0.15
1784316501.2889,12:28:21.288,0.97,0.21,0.13
1784316501.7893,12:28:21.789,0.97,0.22,0.12
1784316502.2891,12:28:22.289,0.97,0.23,0.10
1784316502.7885,12:28:22.788,0.97,0.22,0.11
1784316503.2888,12:28:23.288,0.96,0.26,0.09
1784316503.7884,12:28:23.788,0.96,0.28,0.07
1784316504.288,12:28:24.288,0.96,0.28,0.07
1784316504.7887,12:28:24.788,0.96,0.26,0.07
1784316505.2881,12:28:25.288,0.96,0.25,0.08
1784316505.7875,12:28:25.787,0.97,0.21,0.09
1784316506.2882,12:28:26.288,0.98,0.17,0.12
1784316506.7874,12:28:26.787,0.98,0.13,0.15
1784316507.2868,12:28:27.286,0.98,0.13,0.15
1784316507.7865,12:28:27.786,0.98,0.13,0.18
1784316508.2863,12:28:28.286,0.97,0.14,0.17
1784316508.7861,12:28:28.786,0.97,0.18,0.15
1784316509.2858,12:28:29.285,0.97,0.18,0.15
1784316509.7856,12:28:29.785,0.97,0.17,0.16
1784316510.2853,12:28:30.285,0.97,0.18,0.14
1784316510.7848,12:28:30.784,0.97,0.20,0.12
1784316511.2848,12:28:31.284,0.97,0.24,0.08
1784316511.7846,12:28:31.784,0.96,0.27,0.03
1784316512.2845,12:28:32.284,0.96,0.28,0.02
1784316512.7849,12:28:32.784,0.96,0.27,0.01
1784316513.2847,12:28:33.284,0.96,0.29,-0.04
1784316513.7844,12:28:33.784,0.95,0.32,-0.08
1784316514.2846,12:28:34.284,0.94,0.33,-0.10
1784316514.7836,12:28:34.783,0.95,0.32,-0.08
1784316515.2832,12:28:35.283,0.94,0.32,-0.06
1784316515.7839,12:28:35.783,0.95,0.30,-0.03
1784316516.2839,12:28:36.283,0.95,0.30,-0.03
1784316516.7835,12:28:36.783,0.95,0.30,-0.01
1784316517.2838,12:28:37.283,0.96,0.29,0.01
1784316517.7836,12:28:37.783,0.96,0.27,0.07
1784316518.2828,12:28:38.282,0.96,0.26,0.09
1784316518.7833,12:28:38.783,0.96,0.26,0.10
1784316519.2831,12:28:39.283,0.95,0.29,0.11
1784316519.7827,12:28:39.782,0.95,0.29,0.09
1784316520.2828,12:28:40.282,0.96,0.28,0.08
1784316520.783,12:28:40.783,0.95,0.31,0.06
1784316521.2824,12:28:41.282,0.94,0.33,0.07
1784316521.7825,12:28:41.782,0.96,0.26,0.12
1784316522.2823,12:28:42.282,0.96,0.23,0.15
1784316522.7817,12:28:42.781,0.96,0.23,0.15
1784316523.2818,12:28:43.281,0.96,0.22,0.14
1784316523.7816,12:28:43.781,0.97,0.21,0.12
1784316524.2808,12:28:44.280,0.97,0.21,0.13
1784316524.7807,12:28:44.780,0.97,0.19,0.13
1784316525.2807,12:28:45.280,0.97,0.19,0.14
1784316525.7801,12:28:45.780,0.97,0.21,0.12
1784316526.2802,12:28:46.280,0.96,0.26,0.08
1784316526.7808,12:28:46.780,0.95,0.30,0.05
1784316527.2802,12:28:47.280,0.95,0.32,0.03
1784316527.7803,12:28:47.780,0.94,0.35,0.00
1784316528.2803,12:28:48.280,0.94,0.35,0.00
1784316528.7795,12:28:48.779,0.95,0.31,0.02
1784316529.2793,12:28:49.279,0.95,0.30,0.03
1784316529.7792,12:28:49.779,0.95,0.29,0.06
1784316530.2788,12:28:50.278,0.96,0.27,0.09
1784316530.7787,12:28:50.778,0.96,0.26,0.08
1784316531.2792,12:28:51.279,0.96,0.26,0.08
1784316531.7792,12:28:51.779,0.96,0.25,0.09
1784316532.2787,12:28:52.278,0.97,0.23,0.09
1784316532.7788,12:28:52.778,0.97,0.23,0.12
1784316533.2784,12:28:53.278,0.96,0.23,0.13
1784316533.7776,12:28:53.777,0.96,0.23,0.14
1784316534.2783,12:28:54.278,0.96,0.24,0.13
1784316534.7783,12:28:54.778,0.96,0.26,0.12
1784316535.2775,12:28:55.277,0.96,0.28,0.09
1784316535.778,12:28:55.778,0.96,0.28,0.08
1784316536.278,12:28:56.278,0.96,0.26,0.07
1784316536.7774,12:28:56.777,0.97,0.25,0.06
1784316537.2775,12:28:57.277,0.97,0.24,0.06
1784316537.7773,12:28:57.777,0.97,0.22,0.08
1784316538.2767,12:28:58.276,0.97,0.22,0.09
1784316538.777,12:28:58.777,0.97,0.21,0.11
1784316539.277,12:28:59.277,0.97,0.21,0.10
1784316539.7764,12:28:59.776,0.97,0.23,0.10
1784316540.2769,12:29:00.276,0.97,0.22,0.09
1784316540.7768,12:29:00.776,0.97,0.22,0.07
1784316541.2762,12:29:01.276,0.97,0.22,0.09
1784316541.7763,12:29:01.776,0.97,0.23,0.06
1784316542.2758,12:29:02.275,0.96,0.28,-0.01
1784316542.7755,12:29:02.775,0.94,0.33,-0.10
1784316543.2754,12:29:03.275,0.92,0.36,-0.13
1784316543.7754,12:29:03.775,0.92,0.37,-0.13
1784316544.275,12:29:04.275,0.92,0.38,-0.13
1784316544.7748,12:29:04.774,0.90,0.40,-0.15
1784316545.2753,12:29:05.275,0.89,0.41,-0.17
1784316545.7749,12:29:05.774,0.91,0.39,-0.14
1784316546.2745,12:29:06.274,0.92,0.38,-0.13
1784316546.7744,12:29:06.774,0.92,0.38,-0.12
1784316547.2744,12:29:07.274,0.93,0.36,-0.09
1784316547.7738,12:29:07.773,0.94,0.32,-0.05
1784316548.2737,12:29:08.273,0.96,0.29,0.00
1784316548.7733,12:29:08.773,0.97,0.26,0.03
1784316549.2729,12:29:09.272,0.97,0.25,0.04
1784316549.7732,12:29:09.773,0.97,0.23,0.05
1784316550.273,12:29:10.273,0.97,0.22,0.09
1784316550.7726,12:29:10.772,0.97,0.19,0.12
1784316551.2729,12:29:11.272,0.98,0.17,0.14
1784316551.7727,12:29:11.772,0.97,0.20,0.11
1784316552.2723,12:29:12.272,0.97,0.22,0.10
1784316552.7728,12:29:12.772,0.97,0.24,0.07
1784316553.2726,12:29:13.272,0.97,0.25,0.05
1784316553.7718,12:29:13.771,0.96,0.27,0.04
1784316554.2721,12:29:14.272,0.97,0.24,0.05
1784316554.7719,12:29:14.771,0.98,0.21,0.05
1784316555.2709,12:29:15.270,0.97,0.23,-0.01
1784316555.7712,12:29:15.771,0.97,0.24,-0.04
1784316556.2712,12:29:16.271,0.96,0.26,-0.07
1784316556.7708,12:29:16.770,0.96,0.26,-0.06
1784316557.2707,12:29:17.270,0.97,0.25,-0.04
1784316557.7707,12:29:17.770,0.97,0.24,-0.01
1784316558.2705,12:29:18.270,0.97,0.22,0.02
1784316558.7707,12:29:18.770,0.98,0.21,0.07
1784316559.2708,12:29:19.270,0.97,0.20,0.12
1784316559.7704,12:29:19.770,0.97,0.22,0.13
1784316560.2704,12:29:20.270,0.97,0.22,0.14
1784316560.7705,12:29:20.770,0.97,0.20,0.13
1784316561.2695,12:29:21.269,0.97,0.22,0.10
1784316561.7689,12:29:21.768,0.97,0.23,0.09
1784316562.2696,12:29:22.269,0.97,0.24,0.10
1784316562.7692,12:29:22.769,0.97,0.18,0.17
1784316563.2686,12:29:23.268,0.97,0.17,0.19
1784316563.7691,12:29:23.769,0.97,0.15,0.20
1784316564.2695,12:29:24.269,0.97,0.15,0.20
1784316564.7687,12:29:24.768,0.96,0.20,0.17
1784316565.2687,12:29:25.268,0.97,0.20,0.16
1784316565.7685,12:29:25.768,0.97,0.19,0.17
1784316566.2679,12:29:26.267,0.97,0.18,0.16
1784316566.7682,12:29:26.768,0.71,0.65,-0.28
1784316567.268,12:29:27.268,0.72,0.62,-0.30
1784316567.7676,12:29:27.767,0.73,0.60,-0.33
1784316568.2681,12:29:28.268,0.75,0.57,-0.32
1784316568.7675,12:29:28.767,0.77,0.55,-0.33
1784316569.2667,12:29:29.266,0.78,0.53,-0.32
1784316569.767,12:29:29.767,0,0,0
1784316570.2669,12:29:30.266,0.80,0.51,-0.31
1784316570.7663,12:29:30.766,0.79,0.52,-0.32
1784316571.267,12:29:31.267,0.78,0.54,-0.31
1784316571.7668,12:29:31.766,0.77,0.56,-0.29
1784316572.2662,12:29:32.266,0.77,0.57,-0.29
1784316572.7659,12:29:32.765,0.97,0.24,0.02
1784316573.2658,12:29:33.265,0.97,0.23,0.05
1784316573.7654,12:29:33.765,0.97,0.25,0.03
1784316574.265,12:29:34.265,0.97,0.23,0.06
1784316574.7651,12:29:34.765,0.98,0.13,0.13
1784316575.2647,12:29:35.264,0.98,0.11,0.18
1784316575.7645,12:29:35.764,0.98,0.09,0.20
1784316576.265,12:29:36.265,0.97,0.07,0.22
1784316576.7646,12:29:36.764,0.97,0.07,0.23
1784316577.264,12:29:37.264,0.97,0.08,0.24
1784316577.7639,12:29:37.763,0.97,0.08,0.23
1784316578.2641,12:29:38.264,0.97,0.10,0.23
1784316578.7635,12:29:38.763,0.97,0.09,0.22
1784316579.264,12:29:39.264,0.97,0.08,0.22
1784316579.7638,12:29:39.763,0.97,0.08,0.22
1784316580.2634,12:29:40.263,0.97,0.07,0.22
1784316580.7637,12:29:40.763,0.97,0.08,0.22
1784316581.2633,12:29:41.263,0.97,0.08,0.21
1784316581.7631,12:29:41.763,0.98,0.08,0.20
1784316582.2635,12:29:42.263,0.97,0.08,0.21
1784316582.7631,12:29:42.763,0.98,0.09,0.19
1784316583.2625,12:29:43.262,0.98,0.12,0.16
1784316583.7626,12:29:43.762,0.98,0.11,0.16
1784316584.2622,12:29:44.262,0.98,0.10,0.16
1784316584.7622,12:29:44.762,0.98,0.09,0.18
1784316585.2621,12:29:45.262,0.98,0.09,0.18
1784316585.7622,12:29:45.762,0.98,0.09,0.18
1784316586.2618,12:29:46.261,0.98,0.09,0.19
1784316586.7619,12:29:46.761,0.98,0.10,0.20
1784316587.2621,12:29:47.262,0.98,0.10,0.19
1784316587.7618,12:29:47.761,0.98,0.09,0.18
1784316588.2617,12:29:48.261,0.98,0.09,0.16
1784316588.7617,12:29:48.761,0.98,0.11,0.15
1784316589.2607,12:29:49.260,0.98,0.13,0.14
1784316589.7605,12:29:49.760,0.98,0.16,0.12
1784316590.261,12:29:50.261,0.98,0.20,0.08
1784316590.7607,12:29:50.760,0.96,0.27,0.01
1784316591.2605,12:29:51.260,0.95,0.31,-0.05
1784316591.761,12:29:51.761,0.95,0.32,-0.05
1784316592.2606,12:29:52.260,0.95,0.30,-0.01
1784316592.76,12:29:52.760,0.96,0.27,0.03
1784316593.2605,12:29:53.260,0.97,0.26,0.04
1784316593.7599,12:29:53.759,0.96,0.26,0.06
1784316594.2595,12:29:54.259,0.97,0.24,0.08
1784316594.76,12:29:54.760,0.97,0.23,0.09
1784316595.259,12:29:55.259,0.97,0.19,0.14
1784316595.7584,12:29:55.758,0.97,0.16,0.17
1784316596.2585,12:29:56.258,0.97,0.14,0.19
1784316596.7577,12:29:56.757,0.97,0.15,0.19
1784316597.2571,12:29:57.257,0.97,0.11,0.20
1784316597.7572,12:29:57.757,0.98,0.11,0.17
1784316598.2571,12:29:58.257,0.98,0.13,0.15
1784316598.757,12:29:58.757,0.98,0.16,0.11
1784316599.2577,12:29:59.257,0.98,0.16,0.12
1784316599.7575,12:29:59.757,0.98,0.17,0.11
1784316600.2573,12:30:00.257,0.97,0.19,0.12
1784316600.7576,12:30:00.757,0.97,0.21,0.09
1784316601.2572,12:30:01.257,0.98,0.20,0.08
1784316601.7564,12:30:01.756,0.98,0.19,0.09
1784316602.2563,12:30:02.256,0.98,0.19,0.08
1784316602.7563,12:30:02.756,0.98,0.15,0.13
1784316603.2562,12:30:03.256,0.98,0.13,0.16
1784316603.7561,12:30:03.756,0.98,0.08,0.20
1784316604.2563,12:30:04.256,0.97,0.07,0.22
1784316604.7557,12:30:04.755,0.97,0.06,0.22
1784316605.2558,12:30:05.255,0.97,0.09,0.21
1784316605.756,12:30:05.756,0.97,0.11,0.20
1784316606.2552,12:30:06.255,0.97,0.13,0.20
1784316606.7556,12:30:06.755,0.97,0.13,0.19
1784316607.2555,12:30:07.255,0.98,0.13,0.18
1784316607.7549,12:30:07.754,0.98,0.08,0.21
1784316608.2547,12:30:08.254,0.97,0.05,0.24
1784316608.755,12:30:08.755,0.96,0.05,0.26
1784316609.2544,12:30:09.254,0.96,0.03,0.29
1784316609.7544,12:30:09.754,0.96,0.07,0.27
1784316610.2545,12:30:10.254,0.96,0.12,0.24
1784316610.7537,12:30:10.753,0.97,0.13,0.22
1784316611.2531,12:30:11.253,0.97,0.11,0.21
1784316611.7534,12:30:11.753,0.97,0.10,0.21
1784316612.2524,12:30:12.252,0.98,0.11,0.19
1784316612.752,12:30:12.752,0.98,0.11,0.17
1784316613.2529,12:30:13.252,0.98,0.11,0.15
1784316613.7526,12:30:13.752,0.98,0.09,0.16
1784316614.2524,12:30:14.252,0.98,0.08,0.17
1784316614.7531,12:30:14.753,0.98,0.08,0.20
1784316615.2529,12:30:15.252,0.98,0.06,0.21
1784316615.7533,12:30:15.753,0.97,0.04,0.24
1784316616.253,12:30:16.253,0.97,0.02,0.25
1784316616.7526,12:30:16.752,0.96,0.00,0.27
1784316617.2518,12:30:17.251,0.96,-0.03,0.29
1784316617.7519,12:30:17.751,0.95,-0.03,0.30
1784316618.2521,12:30:18.252,0.96,-0.01,0.29
1784316618.7515,12:30:18.751,0.96,0.00,0.29
1784316619.2514,12:30:19.251,0.96,0.02,0.26
1784316619.7516,12:30:19.751,0.97,0.05,0.26
1784316620.251,12:30:20.251,0.97,0.05,0.25
1784316620.7513,12:30:20.751,0.96,0.06,0.26
1784316621.2518,12:30:21.251,0.96,0.04,0.27
1784316621.7514,12:30:21.751,0.96,0.01,0.29
1784316622.2514,12:30:22.251,0.96,0.03,0.28
1784316622.7517,12:30:22.751,0.97,0.04,0.24
1784316623.2511,12:30:23.251,0.98,0.09,0.19
1784316623.7507,12:30:23.750,0.98,0.10,0.19
1784316624.2511,12:30:24.251,0.97,0.12,0.19
1784316624.7506,12:30:24.750,0.97,0.11,0.20
1784316625.2506,12:30:25.250,0.97,0.12,0.20
1784316625.7505,12:30:25.750,0.97,0.11,0.20
1784316626.2499,12:30:26.249,0.97,0.10,0.21
1784316626.7491,12:30:26.749,0.97,0.10,0.21
1784316627.2494,12:30:27.249,0.98,0.10,0.19
1784316627.7488,12:30:27.748,0.97,0.07,0.22
1784316628.2485,12:30:28.248,0.98,0.08,0.21
1784316628.749,12:30:28.749,0.98,0.12,0.17
1784316629.2488,12:30:29.248,0.98,0.15,0.15
1784316629.7479,12:30:29.747,0.98,0.16,0.14
1784316630.2488,12:30:30.248,0.97,0.18,0.13
1784316630.7488,12:30:30.748,0.98,0.19,0.10
1784316631.2482,12:30:31.248,0.98,0.20,0.09
1784316631.7484,12:30:31.748,0.97,0.20,0.11
1784316632.2482,12:30:32.248,0.97,0.22,0.09
1784316632.7474,12:30:32.747,0.97,0.23,0.10
1784316633.2475,12:30:33.247,0.97,0.24,0.10
1784316633.7479,12:30:33.747,0.97,0.24,0.08
1784316634.2469,12:30:34.246,0.96,0.26,0.06
1784316634.7468,12:30:34.746,0.96,0.26,0.05
1784316635.2468,12:30:35.246,0.97,0.25,0.07
1784316635.7462,12:30:35.746,0.97,0.21,0.11
1784316636.2463,12:30:36.246,0.97,0.20,0.15
1784316636.7461,12:30:36.746,0.96,0.22,0.17
1784316637.2457,12:30:37.245,0.96,0.22,0.17
1784316637.7454,12:30:37.745,0.96,0.21,0.15
1784316638.2456,12:30:38.245,0.96,0.22,0.15
1784316638.7452,12:30:38.745,0.96,0.25,0.13
1784316639.2453,12:30:39.245,0.95,0.28,0.13
1784316639.7455,12:30:39.745,0.96,0.26,0.13
1784316640.2447,12:30:40.244,0.96,0.25,0.14
1784316640.7444,12:30:40.744,0.96,0.23,0.13
1784316641.2448,12:30:41.244,0.97,0.19,0.15
1784316641.7446,12:30:41.744,0.97,0.19,0.14
1784316642.2443,12:30:42.244,0.97,0.19,0.14
1784316642.7442,12:30:42.744,0.97,0.23,0.12
1784316643.2438,12:30:43.243,0.95,0.29,0.07
1784316643.7434,12:30:43.743,0.95,0.30,0.07
1784316644.2433,12:30:44.243,0.96,0.25,0.11
1784316644.7437,12:30:44.743,0.96,0.23,0.12
1784316645.2433,12:30:45.243,0.96,0.24,0.12
1784316645.7435,12:30:45.743,0.96,0.28,0.09
1784316646.2433,12:30:46.243,0.96,0.26,0.11
1784316646.7423,12:30:46.742,0.96,0.25,0.11
1784316647.2426,12:30:47.242,0.96,0.24,0.12
1784316647.742,12:30:47.742,0.97,0.23,0.13
1784316648.2414,12:30:48.241,0.97,0.18,0.17
1784316648.7415,12:30:48.741,0.96,0.20,0.19
1784316649.242,12:30:49.242,0.96,0.17,0.21
1784316649.7416,12:30:49.741,0.96,0.18,0.21
1784316650.2419,12:30:50.241,0.96,0.18,0.22
1784316650.7419,12:30:50.741,0.96,0.17,0.23
1784316651.2413,12:30:51.241,0.96,0.14,0.25
1784316651.7413,12:30:51.741,0.96,0.12,0.24
1784316652.2415,12:30:52.241,0.97,0.11,0.21
1784316652.7413,12:30:52.741,0.97,0.12,0.21
1784316653.2408,12:30:53.240,0.97,0.14,0.19
1784316653.7408,12:30:53.740,0.98,0.15,0.15
1784316654.2404,12:30:54.240,0.98,0.16,0.15
1784316654.7397,12:30:54.739,0.97,0.18,0.15
1784316655.2396,12:30:55.239,0.97,0.20,0.17
1784316655.7392,12:30:55.739,0.96,0.19,0.20
1784316656.2391,12:30:56.239,0.97,0.16,0.21
1784316656.7391,12:30:56.739,0.96,0.16,0.22
1784316657.2389,12:30:57.238,0.96,0.16,0.22
1784316657.7382,12:30:57.738,0.96,0.13,0.24
1784316658.238,12:30:58.238,0.96,0.14,0.23
1784316658.7378,12:30:58.737,0.96,0.16,0.22
1784316659.2375,12:30:59.237,0.96,0.16,0.21
1784316659.7375,12:30:59.737,0.97,0.16,0.19
1784316660.238,12:31:00.238,0.97,0.16,0.18
1784316660.7377,12:31:00.737,0.98,0.14,0.15
1784316661.2377,12:31:01.237,0.98,0.17,0.11
1784316661.738,12:31:01.738,0.98,0.20,0.07
1784316662.237,12:31:02.237,0.97,0.22,0.06
1784316662.7369,12:31:02.736,0.98,0.20,0.08
1784316663.2372,12:31:03.237,0.98,0.15,0.15
1784316663.7368,12:31:03.736,0.97,0.14,0.19
1784316664.2369,12:31:04.236,0.97,0.14,0.19
1784316664.7373,12:31:04.737,0.97,0.14,0.21
1784316665.2369,12:31:05.236,0.97,0.13,0.22
1784316665.7368,12:31:05.736,0.97,0.13,0.21
1784316666.2366,12:31:06.236,0.97,0.13,0.20
1784316666.7362,12:31:06.736,0.97,0.14,0.18
1784316667.2365,12:31:07.236,0.97,0.15,0.17
1784316667.7367,12:31:07.736,0.97,0.14,0.17
1784316668.2359,12:31:08.235,0.98,0.13,0.16
1784316668.736,12:31:08.736,0.97,0.11,0.19
1784316669.2358,12:31:09.235,0.97,0.11,0.19
1784316669.7358,12:31:09.735,0.97,0.13,0.19
1784316670.2353,12:31:10.235,0.97,0.14,0.19
1784316670.7353,12:31:10.735,0.97,0.08,0.22
1784316671.2353,12:31:11.235,0.97,0.08,0.21
1784316671.7348,12:31:11.734,0.97,0.08,0.24
1784316672.2348,12:31:12.234,0.97,0.09,0.24
1784316672.7346,12:31:12.734,0.97,0.07,0.24
1784316673.2343,12:31:13.234,0.97,0.07,0.23
1784316673.7343,12:31:13.734,0.97,0.06,0.23
1784316674.2341,12:31:14.234,0.97,0.07,0.21
1784316674.7336,12:31:14.733,0.97,0.08,0.22
1784316675.2339,12:31:15.233,0.97,0.08,0.22
1784316675.7335,12:31:15.733,0.96,0.04,0.27
1784316676.2332,12:31:16.233,0.96,0.05,0.27
1784316676.7336,12:31:16.733,0.97,0.08,0.23
1784316677.233,12:31:17.233,0.97,0.11,0.21
1784316677.7325,12:31:17.732,0.97,0.13,0.19
1784316678.2328,12:31:18.232,0.98,0.13,0.16
1784316678.7322,12:31:18.732,0.98,0.08,0.20
1784316679.2318,12:31:19.231,0.98,0.06,0.20
1784316679.7317,12:31:19.731,0.98,0.07,0.19
1784316680.2319,12:31:20.231,0.98,0.08,0.18
1784316680.7317,12:31:20.731,0.98,0.10,0.17
1784316681.2314,12:31:21.231,0.98,0.12,0.16
1784316681.731,12:31:21.731,0.98,0.14,0.16
1784316682.2306,12:31:22.230,0.97,0.20,0.13
1784316682.7305,12:31:22.730,0.97,0.20,0.14
1784316683.2305,12:31:23.230,0.97,0.18,0.14
1784316683.7299,12:31:23.729,0.98,0.13,0.17
1784316684.2302,12:31:24.230,0.98,0.09,0.17
1784316684.7306,12:31:24.730,0.98,0.06,0.19
1784316685.2296,12:31:25.229,0.98,0.04,0.21
1784316685.7293,12:31:25.729,0.97,0.03,0.22
1784316686.2295,12:31:26.229,0.97,0.02,0.24
1784316686.7291,12:31:26.729,0.96,0.01,0.26
1784316687.2286,12:31:27.228,0.96,0.01,0.28
1784316687.729,12:31:27.729,0.96,0.02,0.27
1784316688.2289,12:31:28.228,0.97,0.05,0.25
1784316688.7282,12:31:28.728,0.97,0.03,0.24
1784316689.2288,12:31:29.228,0.98,0.06,0.20
1784316689.7282,12:31:29.728,0.98,0.06,0.21
1784316690.2279,12:31:30.227,0.97,0.04,0.24
1784316690.7283,12:31:30.728,0.97,0.03,0.26
1784316691.228,12:31:31.228,0.96,0.02,0.27
1784316691.728,12:31:31.728,0.96,0.02,0.27
1784316692.2282,12:31:32.228,0.97,0.03,0.25
1784316692.7281,12:31:32.728,0.97,0.04,0.23
1784316693.2277,12:31:33.227,0.98,0.07,0.19
1784316693.7274,12:31:33.727,0.98,0.07,0.19
1784316694.2274,12:31:34.227,0.98,0.08,0.19
1784316694.727,12:31:34.727,0.98,0.09,0.18
1784316695.2269,12:31:35.226,0.98,0.09,0.17
1784316695.7269,12:31:35.726,0.98,0.09,0.16
1784316696.2265,12:31:36.226,0.98,0.08,0.19
1784316696.7268,12:31:36.726,0.98,0.10,0.17
1784316697.2268,12:31:37.226,0.98,0.12,0.16
1784316697.726,12:31:37.726,0.98,0.14,0.14
1784316698.2261,12:31:38.226,0.98,0.16,0.11
1784316698.7261,12:31:38.726,0.98,0.17,0.11
1784316699.2259,12:31:39.225,0.98,0.17,0.12
1784316699.7256,12:31:39.725,0.98,0.17,0.12
1784316700.2254,12:31:40.225,0.98,0.16,0.14
1784316700.7248,12:31:40.724,0.98,0.17,0.12
1784316701.2244,12:31:41.224,0.98,0.18,0.11
1784316701.7246,12:31:41.724,0.98,0.17,0.11
1784316702.2242,12:31:42.224,0.98,0.15,0.13
1784316702.7242,12:31:42.724,0.98,0.12,0.17
1784316703.2246,12:31:43.224,0.98,0.10,0.19
1784316703.7238,12:31:43.723,0.98,0.09,0.18
1784316704.2237,12:31:44.223,0.98,0.12,0.14
1784316704.7243,12:31:44.724,0.98,0.12,0.14
1784316705.2239,12:31:45.223,0.98,0.13,0.16
1784316705.7231,12:31:45.723,0.97,0.16,0.17
1784316706.2238,12:31:46.223,0.97,0.21,0.12
1784316706.7238,12:31:46.723,0.97,0.21,0.09
1784316707.2234,12:31:47.223,0.98,0.22,0.01
1784316707.7237,12:31:47.723,0.97,0.23,-0.02
1784316708.2239,12:31:48.223,0.97,0.24,-0.04
1784316708.7231,12:31:48.723,0.97,0.25,-0.02
1784316709.2228,12:31:49.222,0.97,0.26,-0.02
1784316709.7226,12:31:49.722,0.97,0.22,0.04
1784316710.2224,12:31:50.222,0.98,0.18,0.07
1784316710.7225,12:31:50.722,0.98,0.18,0.07
1784316711.2225,12:31:51.222,0.98,0.18,0.05
1784316711.7219,12:31:51.721,0.98,0.19,0.02
1784316712.2222,12:31:52.222,0.98,0.19,0.00
1784316712.7222,12:31:52.722,0.98,0.19,0.01
1784316713.2216,12:31:53.221,0.99,0.17,0.01
1784316713.7215,12:31:53.721,0.99,0.15,0.06
1784316714.2219,12:31:54.221,0.98,0.17,0.11
1784316714.7213,12:31:54.721,0.98,0.17,0.13
1784316715.2211,12:31:55.221,0.98,0.15,0.14
1784316715.7213,12:31:55.721,0.98,0.12,0.15
1784316716.2207,12:31:56.220,0.98,0.07,0.16
1784316716.7205,12:31:56.720,0.98,0.00,0.21
1784316717.2207,12:31:57.220,0.97,-0.03,0.23
1784316717.7201,12:31:57.720,0.97,-0.01,0.23
1784316718.2201,12:31:58.220,0.98,0.02,0.21
1784316718.7203,12:31:58.720,0.98,0.04,0.18
1784316719.2193,12:31:59.219,0.98,0.06,0.17
1784316719.7194,12:31:59.719,0.98,0.14,0.12
1784316720.2196,12:32:00.219,0.98,0.20,0.07
1784316720.7188,12:32:00.718,0.98,0.21,0.05
1784316721.218,12:32:01.218,0.98,0.21,0.04
1784316721.7185,12:32:01.718,0.97,0.26,-0.01
1784316722.2181,12:32:02.218,0.96,0.26,-0.02
1784316722.7175,12:32:02.717,0.97,0.25,0.00
1784316723.2181,12:32:03.218,0.97,0.25,0.03
1784316723.7183,12:32:03.718,0.97,0.25,0.04
1784316724.2175,12:32:04.217,0.97,0.24,0.04
1784316724.7183,12:32:04.718,0.97,0.25,0.04
1784316725.2183,12:32:05.218,0.96,0.26,0.02
1784316725.7179,12:32:05.717,0.97,0.25,0.03
1784316726.218,12:32:06.218,0.97,0.22,0.06
1784316726.7182,12:32:06.718,0.98,0.19,0.09
1784316727.2176,12:32:07.217,0.98,0.16,0.09
1784316727.7177,12:32:07.717,0.98,0.15,0.09
1784316728.2181,12:32:08.218,0.98,0.12,0.13
1784316728.7175,12:32:08.717,0.98,0.07,0.16
1784316729.2176,12:32:09.217,0.98,0.08,0.18
1784316729.7176,12:32:09.717,0.98,0.09,0.18
1784316730.2168,12:32:10.216,0.97,0.09,0.20
1784316730.7171,12:32:10.717,0.98,0.11,0.19
1784316731.2173,12:32:11.217,0.98,0.16,0.15
1784316731.7169,12:32:11.716,0.97,0.21,0.10
1784316732.2164,12:32:12.216,0.96,0.27,0.06
1784316732.7165,12:32:12.716,0.96,0.26,0.06
1784316733.2156,12:32:13.215,0.96,0.26,0.06
1784316733.7154,12:32:13.715,0.98,0.20,0.10
1784316734.2154,12:32:14.215,0.98,0.14,0.13
1784316734.7146,12:32:14.714,0.99,0.06,0.12
1784316735.2143,12:32:15.214,0.99,0.00,0.17
1784316735.7149,12:32:15.714,0.98,-0.04,0.21
1784316736.2147,12:32:16.214,0.97,-0.04,0.24
1784316736.7144,12:32:16.714,0.97,-0.04,0.24
1784316737.2146,12:32:17.214,0.98,0.03,0.20
1784316737.7142,12:32:17.714,0.98,0.09,0.15
1784316738.2141,12:32:18.214,0.98,0.10,0.15
1784316738.7141,12:32:18.714,0.98,0.13,0.13
1784316739.2143,12:32:19.214,0.98,0.14,0.13
1784316739.7141,12:32:19.714,0.99,0.15,0.08
1784316740.2146,12:32:20.214,0.99,0.15,0.06
1784316740.714,12:32:20.714,0.99,0.15,0.06
1784316741.2134,12:32:21.213,0.99,0.10,0.10
1784316741.7137,12:32:21.713,0.99,0.10,0.12
1784316742.2133,12:32:22.213,0.99,0.13,0.10
1784316742.7127,12:32:22.712,0.98,0.14,0.13
1784316743.2126,12:32:23.212,0.98,0.13,0.17
1784316743.7128,12:32:23.712,0.98,0.09,0.20
1784316744.2122,12:32:24.212,0.97,0.06,0.23
1784316744.7119,12:32:24.711,0.97,0.05,0.24
1784316745.212,12:32:25.212,0.97,0.04,0.25
1784316745.7112,12:32:25.711,0.97,0.02,0.26
1784316746.2111,12:32:26.211,0.96,-0.03,0.29
1784316746.7113,12:32:26.711,0.95,-0.04,0.30
1784316747.2113,12:32:27.211,0.96,-0.05,0.29
1784316747.7108,12:32:27.710,0.95,-0.08,0.29
1784316748.2108,12:32:28.210,0.96,-0.08,0.28
1784316748.7104,12:32:28.710,0.96,-0.07,0.26
1784316749.2101,12:32:29.210,0.97,-0.06,0.25
1784316749.7099,12:32:29.709,0.97,-0.07,0.25
1784316750.2099,12:32:30.209,0.96,-0.11,0.25
1784316750.71,12:32:30.710,0.96,-0.10,0.25
1784316751.2104,12:32:31.210,0.97,-0.08,0.22
1784316751.71,12:32:31.710,0.98,-0.05,0.19
1784316752.2093,12:32:32.209,0.98,-0.04,0.19
1784316752.7091,12:32:32.709,0.98,-0.02,0.18
1784316753.2091,12:32:33.209,0.99,0.01,0.16
1784316753.709,12:32:33.709,0.99,0.02,0.14
1784316754.2088,12:32:34.208,0.99,0.02,0.11
1784316754.709,12:32:34.709,0.99,0.03,0.10
1784316755.2085,12:32:35.208,0.99,0.05,0.09
1784316755.7085,12:32:35.708,0.99,0.07,0.10
1784316756.2089,12:32:36.208,0.99,0.08,0.09
1784316756.7084,12:32:36.708,0.99,0.06,0.11
1784316757.2083,12:32:37.208,0.99,0.01,0.16
1784316757.7081,12:32:37.708,0.98,-0.02,0.19
1784316758.2076,12:32:38.207,0.98,-0.03,0.21
1784316758.7076,12:32:38.707,0.98,0.00,0.21
1784316759.2077,12:32:39.207,0.98,0.01,0.20
1784316759.707,12:32:39.707,0.98,0.01,0.20
1784316760.2066,12:32:40.206,0.98,0.02,0.20
1784316760.7068,12:32:40.706,0.98,0.02,0.19
1784316761.2064,12:32:41.206,0.98,0.06,0.16
1784316761.7065,12:32:41.706,0.99,0.10,0.12
1784316762.2071,12:32:42.207,0.99,0.14,0.05
1784316762.7067,12:32:42.706,0.99,0.16,0.00
1784316763.2064,12:32:43.206,0.99,0.14,0.02
1784316763.706,12:32:43.706,0.99,0.17,0.01
1784316764.2056,12:32:44.205,0.97,0.24,0.00
1784316764.7053,12:32:44.705,0.96,0.28,-0.03
1784316765.2051,12:32:45.205,0.96,0.27,0.00
1784316765.7049,12:32:45.704,0.97,0.24,0.02
1784316766.2048,12:32:46.204,0.98,0.22,0.03
1784316766.7052,12:32:46.705,0.97,0.22,0.04
1784316767.2048,12:32:47.204,0.97,0.22,0.05
1784316767.7041,12:32:47.704,0.97,0.26,0.02
1784316768.2041,12:32:48.204,0.96,0.27,-0.02
1784316768.704,12:32:48.704,0.96,0.29,-0.04
1784316769.2035,12:32:49.203,0.96,0.28,-0.03
1784316769.7039,12:32:49.703,0.97,0.25,0.06
1784316770.2041,12:32:50.204,0.97,0.22,0.07
1784316770.704,12:32:50.704,0.98,0.18,0.10
1784316771.2044,12:32:51.204,0.99,0.14,0.08
1784316771.704,12:32:51.704,0.99,0.12,0.09
1784316772.2035,12:32:52.203,0.98,0.14,0.11
1784316772.7037,12:32:52.703,0.98,0.15,0.14
1784316773.2033,12:32:53.203,0.98,0.11,0.18
1784316773.7028,12:32:53.702,0.98,0.12,0.19
1784316774.2026,12:32:54.202,0.98,0.13,0.17
1784316774.7028,12:32:54.702,0.97,0.15,0.17
1784316775.2021,12:32:55.202,0.97,0.17,0.16
1784316775.7021,12:32:55.702,0.97,0.22,0.12
1784316776.2021,12:32:56.202,0.97,0.24,0.08
1784316776.7016,12:32:56.701,0.97,0.22,0.09
1784316777.201,12:32:57.201,0.97,0.20,0.11
1784316777.7014,12:32:57.701,0.97,0.19,0.15
1784316778.2011,12:32:58.201,0.97,0.15,0.19
1784316778.7009,12:32:58.700,0.97,0.14,0.21
1784316779.2009,12:32:59.200,0.97,0.10,0.23
1784316779.7008,12:32:59.700,0.97,0.12,0.23
1784316780.2004,12:33:00.200,0.96,0.12,0.24
1784316780.7002,12:33:00.700,0.96,0.18,0.22
1784316781.2003,12:33:01.200,0.96,0.17,0.22
1784316781.6997,12:33:01.699,0.96,0.17,0.23
1784316782.1995,12:33:02.199,0.96,0.15,0.24
1784316782.6994,12:33:02.699,0.96,0.15,0.23
1784316783.1992,12:33:03.199,0.96,0.16,0.21
1784316783.6996,12:33:03.699,0.96,0.16,0.21
1784316784.1994,12:33:04.199,0.97,0.14,0.21
1784316784.6991,12:33:04.699,0.97,0.13,0.21
1784316785.1995,12:33:05.199,0.97,0.13,0.20
1784316785.6989,12:33:05.698,0.97,0.15,0.18
1784316786.1986,12:33:06.198,0.97,0.17,0.15
1784316786.6986,12:33:06.698,0.97,0.19,0.13
1784316787.1984,12:33:07.198,0.97,0.22,0.11
1784316787.6983,12:33:07.698,0.96,0.26,0.08
1784316788.198,12:33:08.198,0.96,0.27,0.08
1784316788.698,12:33:08.698,0.97,0.22,0.10
1784316789.1977,12:33:09.197,0.98,0.14,0.11
1784316789.6977,12:33:09.697,0.99,0.10,0.11
1784316790.1976,12:33:10.197,0.99,0.10,0.11
1784316790.6973,12:33:10.697,0.98,0.14,0.14
1784316791.1971,12:33:11.197,0.97,0.19,0.13
1784316791.6971,12:33:11.697,0.97,0.20,0.15
1784316792.1968,12:33:12.196,0.96,0.20,0.18
1784316792.6968,12:33:12.696,0.97,0.15,0.21
1784316793.197,12:33:13.197,0.97,0.14,0.21
1784316793.6969,12:33:13.696,0.97,0.16,0.18
1784316794.1965,12:33:14.196,0.97,0.17,0.15
1784316794.6963,12:33:14.696,0.98,0.17,0.09
1784316795.1958,12:33:15.195,0.98,0.16,0.08
1784316795.6953,12:33:15.695,0.98,0.17,0.07
1784316796.1957,12:33:16.195,0.98,0.16,0.09
1784316796.6954,12:33:16.695,0.98,0.18,0.12
1784316797.1952,12:33:17.195,0.98,0.17,0.11
1784316797.6956,12:33:17.695,0.98,0.17,0.11
1784316798.1951,12:33:18.195,0.98,0.20,0.10
1784316798.6949,12:33:18.694,0.97,0.18,0.13
1784316799.1951,12:33:19.195,0.97,0.16,0.16
1784316799.6948,12:33:19.694,0.97,0.12,0.20
1784316800.1942,12:33:20.194,0.97,0.09,0.22
1784316800.6947,12:33:20.694,0.97,0.08,0.23
1784316801.194,12:33:21.194,0.97,0.07,0.22
1784316801.6934,12:33:21.693,0.98,0.08,0.20
1784316802.1936,12:33:22.193,0.98,0.08,0.16
1784316802.6934,12:33:22.693,0.99,0.07,0.15
1784316803.1927,12:33:23.192,0.99,0.08,0.14
1784316803.6929,12:33:23.692,0.99,0.09,0.14
1784316804.1925,12:33:24.192,0.98,0.11,0.15
1784316804.6924,12:33:24.692,0.98,0.06,0.18
1784316805.1922,12:33:25.192,0.98,0.06,0.18
1784316805.6922,12:33:25.692,0.98,0.01,0.19
1784316806.1915,12:33:26.191,0.98,0.01,0.19
1784316806.6911,12:33:26.691,0.98,0.02,0.19
1784316807.1913,12:33:27.191,0.99,0.11,0.10
1784316807.6912,12:33:27.691,0.99,0.15,0.06
1784316808.1916,12:33:28.191,0.98,0.20,0.02
1784316808.692,12:33:28.692,0.96,0.26,-0.02
1784316809.1913,12:33:29.191,0.96,0.29,-0.03
1784316809.6907,12:33:29.690,0.95,0.31,0.02
1784316810.1911,12:33:30.191,0.94,0.33,0.06
1784316810.6906,12:33:30.690,0.95,0.31,0.09
1784316811.19,12:33:31.190,0.96,0.27,0.11
1784316811.6906,12:33:31.690,0.95,0.29,0.09
1784316812.1905,12:33:32.190,0.96,0.28,0.08
1784316812.6903,12:33:32.690,0.96,0.29,0.05
1784316813.1909,12:33:33.190,0.96,0.29,0.04
1784316813.6908,12:33:33.690,0.93,0.36,-0.01
1784316814.1906,12:33:34.190,0.93,0.36,0.00
1784316814.6902,12:33:34.690,0.94,0.35,-0.02
1784316815.1899,12:33:35.189,0.94,0.35,-0.03
1784316815.6895,12:33:35.689,0.93,0.35,-0.06
1784316816.1895,12:33:36.189,0.94,0.35,-0.04
1784316816.6898,12:33:36.689,0.94,0.34,-0.02
1784316817.1896,12:33:37.189,0.93,0.36,-0.02
1784316817.6896,12:33:37.689,0.93,0.35,-0.06
1784316818.1889,12:33:38.188,0.93,0.35,-0.08
1784316818.6889,12:33:38.688,0.93,0.35,-0.09
1784316819.1889,12:33:39.188,0.93,0.35,-0.11
1784316819.689,12:33:39.689,0.93,0.34,-0.11
1784316820.1888,12:33:40.188,0.92,0.36,-0.13
1784316820.6884,12:33:40.688,0.93,0.36,-0.06
1784316821.1885,12:33:41.188,0.93,0.36,-0.02
1784316821.6881,12:33:41.688,0.95,0.32,0.04
1784316822.1875,12:33:42.187,0.95,0.30,0.06
1784316822.6874,12:33:42.687,0.95,0.30,0.07
1784316823.187,12:33:43.187,0.95,0.30,0.07
1784316823.6866,12:33:43.686,0.95,0.29,0.06
1784316824.187,12:33:44.187,0.96,0.28,0.05
1784316824.6868,12:33:44.686,0.96,0.26,0.07
1784316825.1866,12:33:45.186,0.97,0.25,0.03
1784316825.6873,12:33:45.687,0.96,0.28,0.02
1784316826.1869,12:33:46.186,0.96,0.30,0.00
1784316826.6871,12:33:46.687,0.96,0.28,0.01
1784316827.1872,12:33:47.187,0.95,0.30,0.02
1784316827.6868,12:33:47.686,0.95,0.30,0.02
1784316828.1862,12:33:48.186,0.95,0.30,0.01
1784316828.6864,12:33:48.686,0.94,0.34,-0.03
1784316829.1854,12:33:49.185,0.93,0.35,-0.06
1784316829.685,12:33:49.685,0.92,0.39,-0.09
1784316830.1855,12:33:50.185,0.90,0.41,-0.12
1784316830.6853,12:33:50.685,0.91,0.39,-0.13
1784316831.1849,12:33:51.184,0.93,0.36,-0.11
1784316831.6854,12:33:51.685,0.94,0.31,-0.10
1784316832.1854,12:33:52.185,0.95,0.29,-0.08
1784316832.6848,12:33:52.684,0.96,0.28,-0.05
1784316833.1847,12:33:53.184,0.96,0.29,-0.04
1784316833.6843,12:33:53.684,0.96,0.28,0.00
1784316834.1839,12:33:54.183,0.96,0.28,0.01
1784316834.6838,12:33:54.683,0.97,0.25,0.08
1784316835.1836,12:33:55.183,0.97,0.25,0.07
1784316835.683,12:33:55.683,0.96,0.27,0.06
1784316836.1831,12:33:56.183,0.96,0.29,0.05
1784316836.6827,12:33:56.682,0.95,0.29,0.05
1784316837.1821,12:33:57.182,0.96,0.26,0.05
1784316837.6823,12:33:57.682,0.97,0.22,0.07
1784316838.1826,12:33:58.182,0.97,0.21,0.09
1784316838.6822,12:33:58.682,0.97,0.24,0.07
1784316839.1822,12:33:59.182,0.96,0.29,0.05
1784316839.6829,12:33:59.682,0.94,0.35,-0.03
1784316840.1819,12:34:00.181,0.94,0.34,-0.07
1784316840.6821,12:34:00.682,0.94,0.33,-0.10
1784316841.1822,12:34:01.182,0.95,0.31,-0.08
1784316841.682,12:34:01.682,0.94,0.33,-0.09
1784316842.1812,12:34:02.181,0.94,0.33,-0.07
1784316842.6813,12:34:02.681,0.94,0.33,-0.05
1784316843.1811,12:34:03.181,0.95,0.30,-0.02
1784316843.6809,12:34:03.680,0.96,0.27,0.00
1784316844.1808,12:34:04.180,0.97,0.24,-0.01
1784316844.6804,12:34:04.680,0.97,0.23,-0.01
1784316845.18,12:34:05.180,0.98,0.22,0.01
1784316845.6805,12:34:05.680,0.97,0.23,0.00
1784316846.1801,12:34:06.180,0.96,0.29,-0.03
1784316846.6791,12:34:06.679,0.95,0.30,-0.04
1784316847.18,12:34:07.180,0.95,0.31,-0.05
1784316847.68,12:34:07.680,0.96,0.29,0.00
1784316848.1794,12:34:08.179,0.96,0.28,0.04
1784316848.6803,12:34:08.680,0.96,0.28,0.04
1784316849.1797,12:34:09.179,0.96,0.29,0.07
1784316849.6789,12:34:09.678,0.97,0.22,0.14
1784316850.1792,12:34:10.179,0.96,0.23,0.12
1784316850.679,12:34:10.679,0.97,0.24,0.10
1784316851.1782,12:34:11.178,0.96,0.27,0.07
1784316851.6781,12:34:11.678,0.96,0.29,0.06
1784316852.1781,12:34:12.178,0.95,0.32,0.02
1784316852.6777,12:34:12.677,0.95,0.31,0.00
1784316853.1778,12:34:13.177,0.95,0.32,-0.04
1784316853.6779,12:34:13.677,0.95,0.30,-0.07
1784316854.1775,12:34:14.177,0.96,0.27,-0.04
1784316854.6778,12:34:14.677,0.96,0.27,-0.03
1784316855.1776,12:34:15.177,0.95,0.30,-0.04
1784316855.6778,12:34:15.677,0.93,0.36,-0.08
1784316856.1775,12:34:16.177,0.92,0.38,-0.11
1784316856.6777,12:34:16.677,0.92,0.38,-0.09
1784316857.1771,12:34:17.177,0.93,0.37,-0.04
1784316857.6764,12:34:17.676,0.93,0.36,-0.03
1784316858.1764,12:34:18.176,0.94,0.35,-0.02
1784316858.6758,12:34:18.675,0.95,0.30,0.02
1784316859.1757,12:34:19.175,0.80,0.55,-0.24
1784316859.6761,12:34:19.676,0.84,0.50,-0.22
1784316860.1757,12:34:20.175,0.85,0.47,-0.22
1784316860.6758,12:34:20.675,0.83,0.48,-0.28
1784316861.1756,12:34:21.175,0.83,0.48,-0.29
1784316861.6758,12:34:21.675,0.96,0.27,-0.07
1784316862.1753,12:34:22.175,0.97,0.25,-0.05
1784316862.6755,12:34:22.675,0.98,0.22,-0.01
1784316863.1749,12:34:23.174,0.98,0.21,0.01
1784316863.6744,12:34:23.674,0.99,0.15,0.07
1784316864.1742,12:34:24.174,0.99,0.14,0.10
1784316864.6742,12:34:24.674,0.98,0.19,0.08
1784316865.1736,12:34:25.173,0.97,0.20,0.09
1784316865.6737,12:34:25.673,0.97,0.22,0.10
1784316866.1736,12:34:26.173,0.97,0.23,0.10
1784316866.673,12:34:26.673,0.97,0.21,0.12
1784316867.1729,12:34:27.172,0.97,0.21,0.09
1784316867.6734,12:34:27.673,0.97,0.25,0.06
1784316868.1724,12:34:28.172,0.96,0.29,0.03
1784316868.6723,12:34:28.672,0.96,0.28,0.03
1784316869.1724,12:34:29.172,0.96,0.27,0.05
1784316869.672,12:34:29.672,0.97,0.22,0.10
1784316870.1719,12:34:30.171,0.97,0.20,0.12
1784316870.6721,12:34:30.672,0.97,0.18,0.14
1784316871.1715,12:34:31.171,0.97,0.15,0.18
1784316871.6711,12:34:31.671,0.97,0.12,0.20
1784316872.1715,12:34:32.171,0.97,0.11,0.19
1784316872.6709,12:34:32.670,0.98,0.14,0.14
1784316873.1706,12:34:33.170,0.98,0.16,0.12
1784316873.671,12:34:33.671,0.98,0.18,0.08
1784316874.1702,12:34:34.170,0.98,0.18,0.06
1784316874.6701,12:34:34.670,0.98,0.19,0.05
1784316875.1701,12:34:35.170,0.99,0.14,0.08
1784316875.6693,12:34:35.669,0.99,0.09,0.11
1784316876.1692,12:34:36.169,0.99,0.09,0.11
1784316876.6694,12:34:36.669,0.99,0.10,0.11
1784316877.1696,12:34:37.169,0.99,0.10,0.11
1784316877.6692,12:34:37.669,0.99,0.09,0.12
1784316878.1694,12:34:38.169,0.99,0.05,0.14
1784316878.6694,12:34:38.669,0.99,0.05,0.12
1784316879.1688,12:34:39.168,0.99,0.06,0.13
1784316879.6689,12:34:39.668,0.99,0.09,0.14
1784316880.1687,12:34:40.168,0.98,0.10,0.15
1784316880.6683,12:34:40.668,0.98,0.08,0.18
1784316881.1688,12:34:41.168,0.98,0.07,0.20
1784316881.6688,12:34:41.668,0.98,0.07,0.19
1784316882.1684,12:34:42.168,0.98,0.09,0.17
1784316882.6686,12:34:42.668,0.99,0.09,0.15
1784316883.168,12:34:43.168,0.98,0.07,0.16
1784316883.6676,12:34:43.667,0.98,0.07,0.16
1784316884.1675,12:34:44.167,0.99,0.12,0.12
1784316884.6671,12:34:44.667,0.99,0.12,0.11
1784316885.1667,12:34:45.166,0.99,0.13,0.08
1784316885.667,12:34:45.667,0.99,0.11,0.09
1784316886.1674,12:34:46.167,0.99,0.13,0.08
1784316886.667,12:34:46.667,0.99,0.12,0.08
1784316887.1665,12:34:47.166,0.99,0.11,0.09
1784316887.6667,12:34:47.666,0.99,0.10,0.09
1784316888.1663,12:34:48.166,0.99,0.08,0.11
1784316888.6664,12:34:48.666,0.99,0.07,0.11
1784316889.1666,12:34:49.166,0.99,0.05,0.13
1784316889.6666,12:34:49.666,0.99,0.03,0.13
1784316890.1663,12:34:50.166,0.99,0.01,0.13
1784316890.6662,12:34:50.666,0.99,0.02,0.11
1784316891.166,12:34:51.166,0.99,0.06,0.11
1784316891.6653,12:34:51.665,0.99,0.13,0.09
1784316892.1655,12:34:52.165,0.98,0.17,0.09
1784316892.6646,12:34:52.664,0.98,0.18,0.11
1784316893.1641,12:34:53.164,0.98,0.18,0.12
1784316893.6643,12:34:53.664,0.97,0.21,0.11
1784316894.1637,12:34:54.163,0.97,0.21,0.14
1784316894.6629,12:34:54.662,0.97,0.21,0.15
1784316895.1632,12:34:55.163,0.97,0.17,0.18
1784316895.6633,12:34:55.663,0.97,0.14,0.19
1784316896.1629,12:34:56.162,0.97,0.09,0.22
1784316896.663,12:34:56.663,0.96,0.02,0.27
1784316897.1633,12:34:57.163,0.97,0.03,0.26
1784316897.6629,12:34:57.662,0.97,0.08,0.23
1784316898.1628,12:34:58.162,0.97,0.12,0.20
1784316898.6632,12:34:58.663,0.98,0.13,0.18
1784316899.1629,12:34:59.162,0.98,0.10,0.16
1784316899.6626,12:34:59.662,0.98,0.12,0.15
1784316900.1624,12:35:00.162,0.98,0.14,0.13
1784316900.6627,12:35:00.662,0.98,0.18,0.09
1784316901.163,12:35:01.163,0.98,0.21,0.06
1784316901.663,12:35:01.663,0.98,0.19,0.10
1784316902.1628,12:35:02.162,0.98,0.16,0.13
1784316902.6623,12:35:02.662,0.98,0.14,0.16
1784316903.1623,12:35:03.162,0.97,0.09,0.23
1784316903.6619,12:35:03.661,0.97,0.07,0.23
1784316904.1618,12:35:04.161,0.97,0.09,0.21
1784316904.6618,12:35:04.661,0.97,0.09,0.21
1784316905.1614,12:35:05.161,0.98,0.09,0.19
1784316905.6613,12:35:05.661,0.98,0.11,0.18
1784316906.1611,12:35:06.161,0.98,0.12,0.18
1784316906.6611,12:35:06.661,0.98,0.12,0.16
1784316907.1604,12:35:07.160,0.98,0.15,0.14
1784316907.6604,12:35:07.660,0.97,0.21,0.10
1784316908.16,12:35:08.160,0.97,0.22,0.08
1784316908.6603,12:35:08.660,0.97,0.22,0.08
1784316909.1607,12:35:09.160,0.98,0.16,0.12
1784316909.6601,12:35:09.660,0.98,0.15,0.13
1784316910.1596,12:35:10.159,0.98,0.13,0.15
1784316910.6592,12:35:10.659,0.98,0.11,0.15
1784316911.1586,12:35:11.158,0.99,0.07,0.14
1784316911.6587,12:35:11.658,0.99,0.06,0.16
1784316912.1589,12:35:12.158,0.98,0.06,0.17
1784316912.6585,12:35:12.658,0.98,0.06,0.19
1784316913.1581,12:35:13.158,0.98,0.09,0.17
1784316913.6586,12:35:13.658,0.98,0.11,0.15
1784316914.1586,12:35:14.158,0.98,0.13,0.12
1784316914.658,12:35:14.658,0.99,0.16,0.06
1784316915.1583,12:35:15.158,0.98,0.20,0.02
1784316915.6581,12:35:15.658,0.98,0.21,0.01
1784316916.1575,12:35:16.157,0.98,0.19,0.02
1784316916.6574,12:35:16.657,0.99,0.16,0.06
1784316917.1578,12:35:17.157,0.98,0.17,0.06
1784316917.6574,12:35:17.657,0.98,0.16,0.08
1784316918.1573,12:35:18.157,0.99,0.12,0.09
1784316918.6575,12:35:18.657,0.99,0.13,0.08
1784316919.1571,12:35:19.157,0.99,0.13,0.06
1784316919.657,12:35:19.657,0.99,0.14,0.04
1784316920.1572,12:35:20.157,0.99,0.08,0.10
1784316920.6568,12:35:20.656,0.99,0.05,0.11
1784316921.1565,12:35:21.156,0.99,0.05,0.13
1784316921.6563,12:35:21.656,0.99,0.04,0.14
1784316922.1559,12:35:22.155,0.99,0.07,0.09
1784316922.6554,12:35:22.655,0.99,0.06,0.09
1784316923.1554,12:35:23.155,0.99,0.09,0.08
1784316923.655,12:35:23.655,0.99,0.07,0.11
1784316924.1545,12:35:24.154,0.99,0.05,0.14
1784316924.6547,12:35:24.654,0.99,0.02,0.15
1784316925.1544,12:35:25.154,0.98,0.00,0.18
1784316925.6539,12:35:25.653,0.98,0.01,0.20
1784316926.1539,12:35:26.153,0.98,0.01,0.20
1784316926.6535,12:35:26.653,0.98,0.02,0.18
1784316927.153,12:35:27.153,0.98,0.04,0.19
1784316927.6532,12:35:27.653,0.98,0.02,0.20
1784316928.1538,12:35:28.153,0.98,0.03,0.21
1784316928.6533,12:35:28.653,0.97,-0.01,0.23
1784316929.1529,12:35:29.152,0.97,-0.03,0.25
1784316929.6529,12:35:29.652,0.97,-0.01,0.23
1784316930.1529,12:35:30.152,0.98,0.01,0.20
1784316930.6529,12:35:30.652,0.99,0.05,0.14
1784316931.1531,12:35:31.153,0.99,0.05,0.11
1784316931.6529,12:35:31.652,1.00,0.04,0.08
1784316932.1528,12:35:32.152,1.00,0.05,0.08
1784316932.6532,12:35:32.653,1.00,0.06,0.07
1784316933.1528,12:35:33.152,0.99,0.07,0.08
1784316933.6527,12:35:33.652,0.99,0.07,0.10
1784316934.1523,12:35:34.152,0.99,0.07,0.13
1784316934.6521,12:35:34.652,0.99,0.08,0.14
1784316935.1518,12:35:35.151,0.99,0.09,0.13
1784316935.6524,12:35:35.652,0.99,0.12,0.11
1784316936.152,12:35:36.152,0.99,0.14,0.10
1784316936.6521,12:35:36.652,0.99,0.15,0.09
1784316937.1517,12:35:37.151,0.99,0.13,0.09
1784316937.651,12:35:37.651,0.99,0.12,0.06
1784316938.1505,12:35:38.150,0.99,0.17,0.01
1784316938.6505,12:35:38.650,0.98,0.19,-0.02
1784316939.1502,12:35:39.150,0.98,0.20,-0.02
1784316939.6495,12:35:39.649,0.98,0.21,-0.02
1784316940.1497,12:35:40.149,0.98,0.21,0.00
1784316940.6497,12:35:40.649,0.98,0.22,0.01
1784316941.1492,12:35:41.149,0.97,0.25,0.01
1784316941.6494,12:35:41.649,0.97,0.26,-0.01
1784316942.1494,12:35:42.149,0.97,0.25,-0.03
1784316942.6489,12:35:42.648,0.97,0.25,-0.04
1784316943.1493,12:35:43.149,0.97,0.23,-0.03
1784316943.6493,12:35:43.649,0.98,0.21,-0.02
1784316944.149,12:35:44.149,0.99,0.15,0.04
1784316944.649,12:35:44.649,0.99,0.10,0.07
1784316945.1488,12:35:45.148,0.99,0.09,0.09
1784316945.6481,12:35:45.648,0.99,0.13,0.08
1784316946.1483,12:35:46.148,0.98,0.14,0.11
1784316946.6481,12:35:46.648,0.98,0.16,0.10
1784316947.1478,12:35:47.147,0.98,0.16,0.09
1784316947.6478,12:35:47.647,0.98,0.16,0.09
1784316948.1476,12:35:48.147,0.99,0.14,0.10
1784316948.6474,12:35:48.647,0.99,0.11,0.11
1784316949.1469,12:35:49.146,0.99,0.09,0.10
1784316949.6473,12:35:49.647,0.99,0.15,0.06
1784316950.1471,12:35:50.147,0.98,0.19,0.02
1784316950.647,12:35:50.647,0.98,0.20,0.01
1784316951.1472,12:35:51.147,0.98,0.21,0.01
1784316951.6468,12:35:51.646,0.98,0.22,0.01
1784316952.1463,12:35:52.146,0.98,0.21,0.02
1784316952.6461,12:35:52.646,0.98,0.18,0.03
1784316953.1458,12:35:53.145,0.98,0.18,0.02
1784316953.6457,12:35:53.645,0.97,0.23,-0.03
1784316954.1457,12:35:54.145,0.96,0.29,-0.06
1784316954.6455,12:35:54.645,0.96,0.29,-0.04
1784316955.1446,12:35:55.144,0.96,0.28,-0.04
1784316955.645,12:35:55.645,0.97,0.23,-0.03
1784316956.1452,12:35:56.145,0.98,0.20,0.00
1784316956.6447,12:35:56.644,0.99,0.14,0.07
1784316957.1445,12:35:57.144,0.95,0.30,-0.05
1784316957.6445,12:35:57.644,0.95,0.30,-0.04
1784316958.1438,12:35:58.143,0.92,0.37,-0.11
1784316958.644,12:35:58.644,0.85,0.48,-0.21
1784316959.1442,12:35:59.144,0.86,0.47,-0.18
1784316959.6439,12:35:59.643,0.91,0.39,-0.10
1784316960.1439,12:36:00.143,0.97,0.19,0.12
1784316960.6441,12:36:00.644,0.97,0.19,0.15
1784316961.1436,12:36:01.143,0.97,0.20,0.16
1784316961.6434,12:36:01.643,0.96,0.24,0.13
1784316962.143,12:36:02.143,0.96,0.26,0.11
1784316962.6426,12:36:02.642,0.96,0.25,0.10
1784316963.1429,12:36:03.142,0.97,0.25,0.07
1784316963.6433,12:36:03.643,0.97,0.24,0.08
1784316964.1427,12:36:04.142,0.96,0.26,0.07
1784316964.6426,12:36:04.642,0.96,0.26,0.06
1784316965.143,12:36:05.143,0.95,0.31,-0.01
1784316965.6426,12:36:05.642,0.95,0.32,-0.04
1784316966.1423,12:36:06.142,0.95,0.30,-0.01
1784316966.6427,12:36:06.642,0.96,0.27,0.01
1784316967.1423,12:36:07.142,0.97,0.21,0.08
1784316967.6418,12:36:07.641,0.98,0.09,0.17
1784316968.142,12:36:08.142,0.98,0.05,0.20
1784316968.641,12:36:08.641,0.98,0.05,0.21
1784316969.1407,12:36:09.140,0.98,0.08,0.21
1784316969.6405,12:36:09.640,0.97,0.12,0.20
1784316970.1403,12:36:10.140,0.97,0.16,0.18
1784316970.64,12:36:10.640,0.97,0.20,0.14
1784316971.14,12:36:11.140,0.97,0.19,0.13
1784316971.6402,12:36:11.640,0.97,0.19,0.12
1784316972.1396,12:36:12.139,0.98,0.16,0.13
1784316972.6394,12:36:12.639,0.98,0.14,0.14
1784316973.1392,12:36:13.139,0.98,0.09,0.17
1784316973.6385,12:36:13.638,0.98,0.08,0.16
1784316974.1387,12:36:14.138,0.98,0.07,0.16
1784316974.6393,12:36:14.639,0.98,0.07,0.17
1784316975.139,12:36:15.139,0.98,0.05,0.20
1784316975.639,12:36:15.639,0.98,0.05,0.21
1784316976.139,12:36:16.139,0.98,0.05,0.19
1784316976.6385,12:36:16.638,0.99,0.06,0.16
1784316977.1385,12:36:17.138,0.99,0.05,0.12
1784316977.6381,12:36:17.638,0.99,0.02,0.13
1784316978.1378,12:36:18.137,0.99,0.03,0.12
1784316978.638,12:36:18.638,0.99,0.08,0.10
1784316979.138,12:36:19.138,0.99,0.11,0.08
1784316979.6375,12:36:19.637,0.99,0.12,0.08
1784316980.1375,12:36:20.137,0.99,0.11,0.08
1784316980.6375,12:36:20.637,0.99,0.11,0.10
1784316981.1372,12:36:21.137,0.98,0.12,0.13
1784316981.6366,12:36:21.636,0.98,0.11,0.14
1784316982.137,12:36:22.137,0.98,0.12,0.13
1784316982.6369,12:36:22.636,0.98,0.15,0.15
1784316983.1367,12:36:23.136,0.98,0.17,0.14
1784316983.6367,12:36:23.636,0.98,0.18,0.11
1784316984.1364,12:36:24.136,0.98,0.20,0.09
1784316984.6354,12:36:24.635,0.98,0.20,0.09
1784316985.1356,12:36:25.135,0.98,0.19,0.10
1784316985.6355,12:36:25.635,0.98,0.19,0.11
1784316986.1347,12:36:26.134,0.98,0.18,0.08
1784316986.6347,12:36:26.634,0.98,0.18,0.07
1784316987.135,12:36:27.135,0.98,0.19,0.07
1784316987.6346,12:36:27.634,0.97,0.22,0.08
1784316988.1344,12:36:28.134,0.97,0.24,0.06
1784316988.6347,12:36:28.634,0.97,0.25,0.05
1784316989.1339,12:36:29.133,0.97,0.22,0.07
1784316989.6345,12:36:29.634,0.97,0.21,0.08
1784316990.1345,12:36:30.134,0.97,0.21,0.09
1784316990.6338,12:36:30.633,0.97,0.21,0.11
1784316991.1336,12:36:31.133,0.97,0.20,0.10
1784316991.6335,12:36:31.633,0.98,0.19,0.08
1784316992.1332,12:36:32.133,0.99,0.16,0.06
1784316992.6332,12:36:32.633,0.99,0.15,0.07
1784316993.1337,12:36:33.133,0.98,0.16,0.11
1784316993.6335,12:36:33.633,0.98,0.18,0.10
1784316994.1331,12:36:34.133,0.98,0.18,0.09
1784316994.6333,12:36:34.633,0.98,0.17,0.10
1784316995.1326,12:36:35.132,0.98,0.15,0.11
1784316995.6322,12:36:35.632,0.98,0.15,0.13
1784316996.1326,12:36:36.132,0.98,0.16,0.13
1784316996.6321,12:36:36.632,0.97,0.16,0.16
1784316997.1321,12:36:37.132,0.97,0.17,0.19
1784316997.6323,12:36:37.632,0.97,0.17,0.19
1784316998.1322,12:36:38.132,0.97,0.16,0.17
1784316998.6322,12:36:38.632,0.98,0.15,0.15
1784316999.1324,12:36:39.132,0.98,0.13,0.16
1784316999.6323,12:36:39.632,0.98,0.12,0.14
1784317000.1317,12:36:40.131,0.98,0.14,0.11
1784317000.632,12:36:40.632,0.98,0.18,0.04
1784317001.1317,12:36:41.131,0.99,0.17,0.00
1784317001.6309,12:36:41.630,0.99,0.15,0.02
1784317002.1311,12:36:42.131,0.99,0.14,0.03
1784317002.631,12:36:42.631,0.99,0.14,0.04
1784317003.1309,12:36:43.130,0.99,0.14,0.06
1784317003.6309,12:36:43.630,0.99,0.14,0.03
1784317004.1308,12:36:44.130,0.99,0.16,0.01
1784317004.63,12:36:44.630,0.98,0.18,-0.01
1784317005.1296,12:36:45.129,0.99,0.17,-0.02
1784317005.6301,12:36:45.630,0.99,0.17,-0.02
1784317006.1293,12:36:46.129,0.99,0.16,0.00
1784317006.6295,12:36:46.629,0.99,0.14,0.03
1784317007.1292,12:36:47.129,0.99,0.15,0.04
1784317007.6286,12:36:47.628,0.98,0.20,0.04
1784317008.1284,12:36:48.128,0.95,0.31,0.00
1784317008.6293,12:36:48.629,0.95,0.32,0.00
1784317009.1283,12:36:49.128,0.95,0.32,-0.02
1784317009.6283,12:36:49.628,0.96,0.27,0.01
1784317010.1284,12:36:50.128,0.97,0.24,0.04
1784317010.6278,12:36:50.627,0.97,0.21,0.08
1784317011.1272,12:36:51.127,0.98,0.18,0.11
1784317011.6271,12:36:51.627,0.98,0.16,0.13
1784317012.1267,12:36:52.126,0.98,0.16,0.09
1784317012.6261,12:36:52.626,0.98,0.18,0.05
1784317013.1262,12:36:53.126,0.98,0.21,0.01
1784317013.6262,12:36:53.626,0.98,0.22,-0.02
1784317014.1259,12:36:54.125,0.96,0.26,-0.07
1784317014.626,12:36:54.626,0.94,0.31,-0.11
1784317015.1256,12:36:55.125,0.95,0.30,-0.11
1784317015.6252,12:36:55.625,0.96,0.28,-0.09
1784317016.1255,12:36:56.125,0.95,0.29,-0.09
1784317016.6256,12:36:56.625,0.95,0.30,-0.07
1784317017.1254,12:36:57.125,0.96,0.28,-0.03
1784317017.6252,12:36:57.625,0.95,0.32,-0.05
1784317018.1253,12:36:58.125,0.94,0.33,-0.07
1784317018.6247,12:36:58.624,0.93,0.35,-0.09
1784317019.1248,12:36:59.124,0.92,0.37,-0.11
1784317019.6251,12:36:59.625,0.92,0.38,-0.11
1784317020.1249,12:37:00.124,0.94,0.33,-0.05
1784317020.6247,12:37:00.624,0.94,0.33,-0.06
1784317021.1251,12:37:01.125,0.96,0.26,-0.03
1784317021.6244,12:37:01.624,0.96,0.27,-0.04
1784317022.1248,12:37:02.124,0.95,0.29,-0.05
1784317022.6249,12:37:02.624,0.95,0.30,-0.07
1784317023.1243,12:37:03.124,0.90,0.40,-0.16
1784317023.6245,12:37:03.624,0.88,0.43,-0.19
1784317024.1244,12:37:04.124,0.89,0.42,-0.20
1784317024.6238,12:37:04.623,0.94,0.33,-0.10
1784317025.1234,12:37:05.123,0.97,0.25,-0.03
1784317025.6237,12:37:05.623,0.99,0.17,0.03
1784317026.1233,12:37:06.123,0.99,0.11,0.11
1784317026.6229,12:37:06.622,0.99,0.09,0.12
1784317027.1228,12:37:07.122,0.99,0.09,0.10
1784317027.622,12:37:07.622,1.00,0.09,0.03
1784317028.1216,12:37:08.121,0.99,0.11,0.00
1784317028.6223,12:37:08.622,0.99,0.14,-0.03
1784317029.1219,12:37:09.121,0.97,0.23,-0.07
1784317029.6215,12:37:09.621,0.95,0.30,-0.11
1784317030.1217,12:37:10.121,0.94,0.32,-0.09
1784317030.6213,12:37:10.621,0.94,0.33,-0.05
1784317031.1207,12:37:11.120,0.95,0.32,-0.05
1784317031.621,12:37:11.621,0.95,0.30,-0.07
1784317032.1208,12:37:12.120,0.96,0.27,-0.08
1784317032.6206,12:37:12.620,0.97,0.23,-0.05
1784317033.1211,12:37:13.121,0.98,0.20,0.03
1784317033.6211,12:37:13.621,0.98,0.20,0.05
1784317034.1206,12:37:14.120,0.98,0.19,0.05
1784317034.6207,12:37:14.620,0.98,0.13,0.13
1784317035.1205,12:37:15.120,0.98,0.11,0.13
1784317035.6203,12:37:15.620,0.99,0.10,0.12
1784317036.1206,12:37:16.120,0.99,0.04,0.12
1784317036.6202,12:37:16.620,0.99,0.02,0.11
1784317037.1192,12:37:17.119,0.99,-0.03,0.13
1784317037.619,12:37:17.619,0.99,-0.04,0.14
1784317038.1191,12:37:18.119,0.99,-0.04,0.15
1784317038.6183,12:37:18.618,0.99,-0.02,0.16
1784317039.1182,12:37:19.118,0.98,-0.06,0.19
1784317039.6181,12:37:19.618,0.98,-0.06,0.18
1784317040.1183,12:37:20.118,0.99,-0.01,0.12
1784317040.6183,12:37:20.618,1.00,0.03,0.09
1784317041.1182,12:37:21.118,0.99,0.10,0.07
1784317041.6178,12:37:21.617,0.98,0.17,0.07
1784317042.1178,12:37:22.117,0.97,0.21,0.08
1784317042.6179,12:37:22.617,0.98,0.20,0.08
1784317043.1172,12:37:23.117,0.98,0.19,0.06
1784317043.6168,12:37:23.616,0.99,0.17,0.04
1784317044.1169,12:37:24.116,0.99,0.14,0.01
1784317044.6165,12:37:24.616,0.99,0.15,0.00
1784317045.1165,12:37:25.116,0.98,0.18,0.01
1784317045.6168,12:37:25.616,0.98,0.20,0.00
1784317046.1166,12:37:26.116,0.97,0.24,-0.02
1784317046.616,12:37:26.616,0.97,0.26,-0.02
1784317047.1159,12:37:27.115,0.98,0.21,0.02
1784317047.6162,12:37:27.616,0.98,0.21,0.02
1784317048.1154,12:37:28.115,0.97,0.23,-0.02
1784317048.6155,12:37:28.615,0.97,0.24,-0.08
1784317049.1153,12:37:29.115,0.96,0.26,-0.08
1784317049.6145,12:37:29.614,0.97,0.26,-0.04
1784317050.1151,12:37:30.115,0.96,0.27,-0.01
1784317050.6153,12:37:30.615,0.97,0.23,0.03
1784317051.1151,12:37:31.115,0.97,0.23,0.03
1784317051.6152,12:37:31.615,0.97,0.23,0.02
1784317052.1156,12:37:32.115,0.98,0.22,0.03
1784317052.6154,12:37:32.615,0.98,0.20,0.04
1784317053.1155,12:37:33.115,0.98,0.18,0.08
1784317053.6151,12:37:33.615,0.98,0.19,0.11
1784317054.1145,12:37:34.114,0.97,0.19,0.13
1784317054.6142,12:37:34.614,0.97,0.17,0.14
1784317055.1138,12:37:35.113,0.97,0.20,0.11
1784317055.6134,12:37:35.613,0.98,0.19,0.11
1784317056.1133,12:37:36.113,0.98,0.18,0.11
1784317056.6133,12:37:36.613,0.98,0.20,0.09
1784317057.1128,12:37:37.112,0.97,0.22,0.09
1784317057.6132,12:37:37.613,0.97,0.22,0.12
1784317058.1131,12:37:38.113,0.96,0.23,0.14
1784317058.6127,12:37:38.612,0.97,0.20,0.15
1784317059.1125,12:37:39.112,0.97,0.20,0.14
1784317059.6126,12:37:39.612,0.97,0.20,0.15
1784317060.1124,12:37:40.112,0.97,0.18,0.13
1784317060.612,12:37:40.612,0.97,0.19,0.13
1784317061.1125,12:37:41.112,0.97,0.19,0.13
1784317061.6125,12:37:41.612,0.97,0.21,0.13
1784317062.1113,12:37:42.111,0.97,0.21,0.15
1784317062.6114,12:37:42.611,0.97,0.20,0.16
1784317063.1114,12:37:43.111,0.97,0.15,0.17
1784317063.6108,12:37:43.610,0.98,0.16,0.13
1784317064.1111,12:37:44.111,0.98,0.18,0.10
1784317064.6113,12:37:44.611,0.97,0.23,0.03
1784317065.1107,12:37:45.110,0.97,0.24,0.02
1784317065.6112,12:37:45.611,0.97,0.23,0.04
1784317066.1113,12:37:46.111,0.97,0.21,0.08
1784317066.6107,12:37:46.610,0.97,0.21,0.10
1784317067.1112,12:37:47.111,0.97,0.23,0.09
1784317067.6112,12:37:47.611,0.98,0.17,0.09
1784317068.1102,12:37:48.110,0.99,0.09,0.14
1784317068.6105,12:37:48.610,0.99,0.09,0.11
1784317069.1099,12:37:49.109,0.99,0.10,0.06
1784317069.6099,12:37:49.609,0.98,0.18,-0.02
1784317070.1095,12:37:50.109,0.96,0.27,-0.06
1784317070.6093,12:37:50.609,0.95,0.31,-0.05
1784317071.1089,12:37:51.108,0.95,0.30,-0.06
1784317071.6088,12:37:51.608,0.94,0.31,-0.11
1784317072.1088,12:37:52.108,0.95,0.29,-0.14
1784317072.6086,12:37:52.608,0.95,0.29,-0.11
1784317073.1087,12:37:53.108,0.96,0.28,-0.10
1784317073.6087,12:37:53.608,0.96,0.28,-0.08
1784317074.1083,12:37:54.108,0.96,0.28,-0.08
1784317074.6082,12:37:54.608,0.96,0.27,-0.06
1784317075.1082,12:37:55.108,0.97,0.24,-0.05
1784317075.6074,12:37:55.607,0.98,0.21,-0.03
1784317076.1079,12:37:56.107,0.99,0.16,0.07
1784317076.6079,12:37:56.607,0.98,0.14,0.12
1784317077.1075,12:37:57.107,0.98,0.07,0.18
1784317077.6072,12:37:57.607,0.98,0.05,0.19
1784317078.1072,12:37:58.107,0.98,0.06,0.17
1784317078.607,12:37:58.607,0.99,0.09,0.13
1784317079.1067,12:37:59.106,0.99,0.14,0.10
1784317079.6071,12:37:59.607,0.99,0.15,0.07
1784317080.1069,12:38:00.106,0.99,0.13,0.06
1784317080.6066,12:38:00.606,0.99,0.14,0.04
1784317081.107,12:38:01.107,0.99,0.15,0.03
1784317081.6065,12:38:01.606,0.99,0.13,0.04
1784317082.1058,12:38:02.105,0.99,0.12,0.06
1784317082.6053,12:38:02.605,0.99,0.12,0.09
1784317083.1051,12:38:03.105,0.98,0.09,0.16
1784317083.6051,12:38:03.605,0.98,0.09,0.16
1784317084.1055,12:38:04.105,0.98,0.16,0.11
1784317084.6055,12:38:04.605,0.98,0.20,0.10
1784317085.1052,12:38:05.105,0.97,0.21,0.09
1784317085.605,12:38:05.605,0.98,0.20,0.09
1784317086.1048,12:38:06.104,0.97,0.20,0.09
1784317086.6043,12:38:06.604,0.97,0.21,0.09
1784317087.1037,12:38:07.103,0.96,0.26,0.06
1784317087.6035,12:38:07.603,0.96,0.29,0.04
1784317088.1032,12:38:08.103,0.96,0.29,0.04
1784317088.6028,12:38:08.602,0.96,0.27,0.05
1784317089.1028,12:38:09.102,0.96,0.27,0.05
1784317089.6026,12:38:09.602,0.96,0.26,0.05
1784317090.1029,12:38:10.102,0.96,0.26,0.06
1784317090.6029,12:38:10.602,0.96,0.25,0.07
1784317091.1025,12:38:11.102,0.96,0.24,0.12
1784317091.6022,12:38:11.602,0.96,0.24,0.14
1784317092.1022,12:38:12.102,0.96,0.21,0.16
1784317092.6018,12:38:12.601,0.97,0.15,0.18
1784317093.1011,12:38:13.101,0.98,0.14,0.13
1784317093.6015,12:38:13.601,0.98,0.15,0.09
1784317094.1013,12:38:14.101,0.98,0.17,0.05
1784317094.601,12:38:14.601,0.99,0.16,0.02
1784317095.1012,12:38:15.101,0.98,0.18,0.01
1784317095.6008,12:38:15.600,0.98,0.18,0.01
1784317096.1005,12:38:16.100,0.99,0.17,0.00
1784317096.6009,12:38:16.600,0.98,0.17,-0.02
1784317097.1009,12:38:17.100,0.98,0.18,-0.02
1784317097.6004,12:38:17.600,0.98,0.20,-0.02
1784317098.1004,12:38:18.100,0.98,0.21,-0.02
1784317098.6006,12:38:18.600,0.97,0.24,-0.06
1784317099.1001,12:38:19.100,0.97,0.24,-0.06
1784317099.6001,12:38:19.600,0.97,0.24,-0.05
1784317100.1001,12:38:20.100,0.97,0.25,-0.06
1784317100.5996,12:38:20.599,0.96,0.26,-0.07
1784317101.0992,12:38:21.099,0.96,0.28,-0.04
1784317101.5988,12:38:21.598,0.95,0.30,-0.01
1784317102.0985,12:38:22.098,0.95,0.31,0.04
1784317102.5985,12:38:22.598,0.96,0.27,0.09
1784317103.0983,12:38:23.098,0.97,0.21,0.14
1784317103.5982,12:38:23.598,0.97,0.22,0.13
1784317104.0982,12:38:24.098,0.97,0.23,0.11
1784317104.5988,12:38:24.598,0.97,0.22,0.07
1784317105.0987,12:38:25.098,0.98,0.14,0.10
1784317105.5985,12:38:25.598,0.98,0.15,0.09
1784317106.0989,12:38:26.098,0.98,0.17,0.13
1784317106.5988,12:38:26.598,0.97,0.20,0.09
1784317107.0982,12:38:27.098,0.97,0.26,0.04
1784317107.5984,12:38:27.598,0.96,0.27,0.00
1784317108.0985,12:38:28.098,0.96,0.29,-0.01
1784317108.5977,12:38:28.597,0.96,0.29,-0.05
1784317109.0979,12:38:29.097,0.96,0.26,-0.05
1784317109.5974,12:38:29.597,0.97,0.24,-0.02
1784317110.097,12:38:30.097,0.97,0.24,-0.03
1784317110.5972,12:38:30.597,0.98,0.22,-0.01
1784317111.0971,12:38:31.097,0.98,0.21,-0.01
1784317111.5965,12:38:31.596,0.97,0.23,0.03
1784317112.0973,12:38:32.097,0.96,0.27,0.05
1784317112.5972,12:38:32.597,0.96,0.27,0.09
1784317113.0964,12:38:33.096,0.95,0.30,0.08
1784317113.5964,12:38:33.596,0.95,0.29,0.09
1784317114.0963,12:38:34.096,0.95,0.28,0.10
1784317114.5959,12:38:34.595,0.95,0.28,0.10
1784317115.0959,12:38:35.095,0.96,0.27,0.10
1784317115.5959,12:38:35.595,0.96,0.26,0.08
1784317116.0953,12:38:36.095,0.96,0.26,0.07
1784317116.5954,12:38:36.595,0.97,0.22,0.05
1784317117.0948,12:38:37.094,0.97,0.22,0.01
1784317117.5943,12:38:37.594,0.98,0.18,0.02
1784317118.0939,12:38:38.093,0.98,0.17,0.00
1784317118.5943,12:38:38.594,0.98,0.17,-0.03
1784317119.0939,12:38:39.093,0.98,0.20,-0.07
1784317119.5939,12:38:39.593,0.98,0.18,-0.08
1784317120.0943,12:38:40.094,0.98,0.17,-0.08
1784317120.5938,12:38:40.593,0.98,0.17,-0.07
1784317121.0936,12:38:41.093,0.99,0.14,-0.05
1784317121.5937,12:38:41.593,0.99,0.15,-0.07
1784317122.093,12:38:42.093,0.98,0.18,-0.11
1784317122.5926,12:38:42.592,0.97,0.20,-0.12
1784317123.093,12:38:43.093,0.97,0.22,-0.13
1784317123.5929,12:38:43.592,0.96,0.24,-0.11
1784317124.0925,12:38:44.092,0.97,0.25,-0.07
1784317124.5925,12:38:44.592,0.96,0.29,-0.05
1784317125.0924,12:38:45.092,0.96,0.28,0.03
1784317125.5918,12:38:45.591,0.96,0.27,0.05
1784317126.092,12:38:46.092,0.97,0.25,0.06
1784317126.5917,12:38:46.591,0.96,0.25,0.07
1784317127.0907,12:38:47.090,0.96,0.25,0.07
1784317127.5907,12:38:47.590,0.97,0.23,0.04
1784317128.0907,12:38:48.090,0.98,0.21,0.00
1784317128.5901,12:38:48.590,0.98,0.20,-0.03
1784317129.0897,12:38:49.089,0.99,0.16,0.00
1784317129.5898,12:38:49.589,0.99,0.13,0.02
1784317130.0898,12:38:50.089,0.99,0.12,0.03
1784317130.5896,12:38:50.589,0.99,0.10,0.05
1784317131.0899,12:38:51.089,0.99,0.08,0.06
1784317131.5893,12:38:51.589,0.99,0.10,0.04
1784317132.0891,12:38:52.089,0.99,0.14,0.01
1784317132.5888,12:38:52.588,0.99,0.15,0.00
1784317133.088,12:38:53.088,0.98,0.20,-0.03
1784317133.5876,12:38:53.587,0.97,0.25,-0.04
1784317134.0879,12:38:54.087,0.97,0.26,-0.05
1784317134.5873,12:38:54.587,0.97,0.25,-0.02
1784317135.0873,12:38:55.087,0.97,0.25,-0.01
1784317135.5877,12:38:55.587,0.97,0.25,-0.01
1784317136.0871,12:38:56.087,0.96,0.28,-0.01
1784317136.5869,12:38:56.586,0.96,0.29,0.04
1784317137.0875,12:38:57.087,0.96,0.27,0.06
1784317137.5876,12:38:57.587,0.96,0.25,0.09
1784317138.0876,12:38:58.087,0.97,0.24,0.09
1784317138.5876,12:38:58.587,0.97,0.23,0.10
1784317139.0871,12:38:59.087,0.97,0.21,0.11
1784317139.5867,12:38:59.586,0.98,0.14,0.17
1784317140.0869,12:39:00.086,0.98,0.16,0.15
1784317140.5866,12:39:00.586,0.98,0.17,0.12
1784317141.0866,12:39:01.086,0.98,0.18,0.06
1784317141.587,12:39:01.587,0.98,0.19,0.02
1784317142.0873,12:39:02.087,0.98,0.19,-0.01
1784317142.5863,12:39:02.586,0.97,0.22,-0.04
1784317143.0861,12:39:03.086,0.97,0.24,-0.09
1784317143.5858,12:39:03.585,0.96,0.27,-0.11
1784317144.0852,12:39:04.085,0.95,0.29,-0.14
1784317144.5854,12:39:04.585,0.93,0.33,-0.14
1784317145.0859,12:39:05.085,0.92,0.35,-0.14
1784317145.5849,12:39:05.584,0.94,0.33,-0.10
1784317146.0844,12:39:06.084,0.97,0.23,0.02
1784317146.5847,12:39:06.584,0.97,0.22,0.03
1784317147.0839,12:39:07.083,0.98,0.21,0.04
1784317147.5835,12:39:07.583,0.98,0.18,0.01
1784317148.084,12:39:08.084,0.98,0.18,0.00
1784317148.5836,12:39:08.583,0.98,0.21,-0.03
1784317149.0838,12:39:09.083,0.98,0.20,-0.05
1784317149.5839,12:39:09.583,0.98,0.18,-0.04
1784317150.0831,12:39:10.083,0.99,0.10,0.02
1784317150.5829,12:39:10.582,1.00,0.09,0.02
1784317151.0834,12:39:11.083,1.00,0.08,0.01
1784317151.5828,12:39:11.582,0.99,0.10,0.02
1784317152.0826,12:39:12.082,0.99,0.14,0.03
1784317152.5829,12:39:12.582,0.98,0.17,0.00
1784317153.0829,12:39:13.082,0.98,0.20,0.03
1784317153.5828,12:39:13.582,0.98,0.19,0.11
1784317154.0833,12:39:14.083,0.98,0.20,0.08
1784317154.5831,12:39:14.583,0.97,0.25,0.02
1784317155.082,12:39:15.082,0.95,0.30,-0.11
1784317155.5822,12:39:15.582,0.95,0.28,-0.14
1784317156.0829,12:39:16.082,0.95,0.27,-0.13
1784317156.5819,12:39:16.581,0.98,0.20,-0.06
1784317157.0821,12:39:17.082,0.98,0.19,-0.03
1784317157.5818,12:39:17.581,0.98,0.19,-0.03
1784317158.0816,12:39:18.081,0.97,0.23,-0.01
1784317158.5814,12:39:18.581,0.97,0.25,0.00
1784317159.0813,12:39:19.081,0.98,0.20,0.07
1784317159.5807,12:39:19.580,0.98,0.17,0.08
1784317160.0807,12:39:20.080,0.98,0.17,0.08
1784317160.5806,12:39:20.580,0.97,0.23,0.04
1784317161.0798,12:39:21.079,0.97,0.23,0.07
1784317161.5798,12:39:21.579,0.97,0.22,0.11
1784317162.0799,12:39:22.079,0.97,0.22,0.12
1784317162.5795,12:39:22.579,0.97,0.20,0.15
1784317163.0789,12:39:23.078,0.97,0.17,0.18
1784317163.5791,12:39:23.579,0.97,0.14,0.21
1784317164.0787,12:39:24.078,0.97,0.11,0.22
1784317164.5787,12:39:24.578,0.97,0.12,0.19
1784317165.0786,12:39:25.078,0.97,0.21,0.10
1784317165.5782,12:39:25.578,0.96,0.29,0.02
1784317166.0778,12:39:26.077,0.95,0.31,-0.03
1784317166.5779,12:39:26.577,0.95,0.32,-0.07
1784317167.0777,12:39:27.077,0.94,0.33,-0.09
1784317167.5777,12:39:27.577,0.93,0.35,-0.08
1784317168.0777,12:39:28.077,0.92,0.38,-0.08
1784317168.5781,12:39:28.578,0.93,0.37,-0.06
1784317169.0776,12:39:29.077,0.93,0.36,-0.02
1784317169.5777,12:39:29.577,0.94,0.34,0.04
1784317170.0771,12:39:30.077,0.94,0.33,0.05
1784317170.5767,12:39:30.576,0.94,0.33,0.03
1784317171.0772,12:39:31.077,0.95,0.32,0.02
1784317171.5768,12:39:31.576,0.95,0.32,0.02
1784317172.076,12:39:32.076,0.95,0.29,0.05
1784317172.5762,12:39:32.576,0.96,0.29,0.07
1784317173.0763,12:39:33.076,0.96,0.27,0.09
1784317173.5755,12:39:33.575,0.96,0.26,0.10
1784317174.0755,12:39:34.075,0.95,0.28,0.09
1784317174.5754,12:39:34.575,0.96,0.28,0.09
1784317175.0754,12:39:35.075,0.96,0.28,0.09
1784317175.5751,12:39:35.575,0.96,0.24,0.13
1784317176.0758,12:39:36.075,0.97,0.22,0.14
1784317176.5752,12:39:36.575,0.97,0.19,0.15
1784317177.0752,12:39:37.075,0.97,0.18,0.17
1784317177.5748,12:39:37.574,0.97,0.13,0.18
1784317178.074,12:39:38.074,0.97,0.08,0.22
1784317178.574,12:39:38.574,0.98,0.07,0.21
1784317179.0741,12:39:39.074,0.98,0.09,0.19
1784317179.5733,12:39:39.573,0.99,0.08,0.14
1784317180.0733,12:39:40.073,0.99,0.07,0.08
1784317180.5732,12:39:40.573,0.99,0.09,0.07
1784317181.0732,12:39:41.073,0.99,0.16,0.00
1784317181.573,12:39:41.573,0.98,0.19,-0.02
1784317182.0735,12:39:42.073,0.98,0.19,-0.01
1784317182.5731,12:39:42.573,0.98,0.18,0.03
1784317183.0729,12:39:43.072,0.98,0.18,0.03
1784317183.5732,12:39:43.573,0.98,0.17,0.04
1784317184.0726,12:39:44.072,0.99,0.12,0.09
1784317184.572,12:39:44.572,0.99,0.08,0.12
1784317185.0723,12:39:45.072,0.99,0.07,0.14
1784317185.5725,12:39:45.572,0.99,0.08,0.12
1784317186.0717,12:39:46.071,0.99,0.11,0.10
1784317186.5722,12:39:46.572,0.99,0.09,0.13
1784317187.072,12:39:47.072,0.98,0.05,0.18
1784317187.5714,12:39:47.571,0.98,0.08,0.19
1784317188.0716,12:39:48.071,0.98,0.14,0.16
1784317188.5715,12:39:48.571,0.98,0.16,0.13
1784317189.0707,12:39:49.070,0.98,0.16,0.07
1784317189.5709,12:39:49.570,0.99,0.16,0.01
1784317190.071,12:39:50.071,0.99,0.14,0.00
1784317190.5703,12:39:50.570,0.99,0.14,0.00
1784317191.0705,12:39:51.070,0.99,0.16,-0.02
1784317191.5704,12:39:51.570,0.99,0.17,-0.03
1784317192.07,12:39:52.070,0.98,0.19,-0.05
1784317192.57,12:39:52.570,0.97,0.23,-0.02
1784317193.0705,12:39:53.070,0.97,0.25,-0.01
1784317193.5695,12:39:53.569,0.97,0.26,0.03
1784317194.0692,12:39:54.069,0.97,0.26,0.03
1784317194.5695,12:39:54.569,0.97,0.25,0.03
1784317195.0696,12:39:55.069,0.96,0.28,0.01
1784317195.5692,12:39:55.569,0.96,0.27,0.03
1784317196.0697,12:39:56.069,0.97,0.25,0.08
1784317196.5695,12:39:56.569,0.97,0.21,0.14
1784317197.0692,12:39:57.069,0.97,0.20,0.16
1784317197.5693,12:39:57.569,0.96,0.21,0.16
1784317198.0683,12:39:58.068,0.96,0.23,0.14
1784317198.5679,12:39:58.567,0.96,0.22,0.14
1784317199.0684,12:39:59.068,0.97,0.20,0.16
1784317199.5676,12:39:59.567,0.97,0.16,0.19
1784317200.0669,12:40:00.066,0.97,0.16,0.19
1784317200.5676,12:40:00.567,0.98,0.15,0.13
1784317201.0678,12:40:01.067,0.99,0.14,0.06
1784317201.5674,12:40:01.567,0.99,0.15,0.01
1784317202.0677,12:40:02.067,0.99,0.14,-0.03
1784317202.567,12:40:02.567,0.99,0.15,-0.04
1784317203.0664,12:40:03.066,0.98,0.20,-0.07
1784317203.5665,12:40:03.566,0.97,0.23,-0.07
1784317204.0661,12:40:04.066,0.97,0.25,-0.03
1784317204.5653,12:40:04.565,0.97,0.26,0.01
1784317205.0656,12:40:05.065,0.96,0.27,0.04
1784317205.5657,12:40:05.565,0.96,0.28,0.06
1784317206.0649,12:40:06.064,0.97,0.14,0.18
1784317206.5649,12:40:06.564,0.98,0.15,0.16
1784317207.0649,12:40:07.064,0.97,0.17,0.15
1784317207.5643,12:40:07.564,0.98,0.17,0.13
1784317208.0643,12:40:08.064,0.98,0.17,0.11
1784317208.5648,12:40:08.564,0.98,0.05,0.22
1784317209.0646,12:40:09.064,0.97,0.03,0.24
1784317209.5644,12:40:09.564,0.97,0.03,0.24
1784317210.0645,12:40:10.064,0.97,0.07,0.21
1784317210.5639,12:40:10.563,0.98,0.09,0.18
1784317211.0639,12:40:11.063,0.98,0.08,0.19
1784317211.5638,12:40:11.563,0.98,0.08,0.18
1784317212.0634,12:40:12.063,0.99,0.09,0.14
1784317212.5626,12:40:12.562,0.99,0.16,0.07
1784317213.0631,12:40:13.063,0.97,0.23,-0.01
1784317213.5631,12:40:13.563,0.97,0.24,-0.01
1784317214.0629,12:40:14.062,0.97,0.25,-0.04
1784317214.563,12:40:14.563,0.97,0.24,-0.06
1784317215.0626,12:40:15.062,0.95,0.28,-0.11
1784317215.562,12:40:15.562,0.94,0.32,-0.11
1784317216.062,12:40:16.062,0.93,0.35,-0.13
1784317216.5617,12:40:16.561,0.94,0.34,-0.08
1784317217.0611,12:40:17.061,0.95,0.31,-0.03
1784317217.5614,12:40:17.561,0.96,0.27,0.06
1784317218.0614,12:40:18.061,0.96,0.24,0.12
1784317218.5606,12:40:18.560,0.96,0.23,0.16
1784317219.061,12:40:19.061,0.96,0.22,0.18
1784317219.5605,12:40:19.560,0.96,0.18,0.21
1784317220.0597,12:40:20.059,0.96,0.17,0.22
1784317220.5603,12:40:20.560,0.96,0.18,0.21
1784317221.0609,12:40:21.060,0.97,0.19,0.17
1784317221.5603,12:40:21.560,0.97,0.20,0.15
1784317222.0605,12:40:22.060,0.97,0.18,0.16
1784317222.5606,12:40:22.560,0.97,0.18,0.17
1784317223.06,12:40:23.060,0.97,0.18,0.18
1784317223.56,12:40:23.560,0.97,0.21,0.13
1784317224.0601,12:40:24.060,0.97,0.24,0.07
1784317224.5599,12:40:24.559,0.97,0.23,0.05
1784317225.0597,12:40:25.059,0.98,0.20,0.04
1784317225.56,12:40:25.560,0.98,0.19,0.05
1784317226.0594,12:40:26.059,0.98,0.05,0.17
1784317226.559,12:40:26.559,0.97,-0.04,0.24
1784317227.0591,12:40:27.059,0.97,-0.03,0.23
1784317227.5585,12:40:27.558,0.98,0.07,0.19
1784317228.0581,12:40:28.058,0.98,0.08,0.18
1784317228.5586,12:40:28.558,0.98,0.13,0.16
1784317229.0586,12:40:29.058,0.98,0.14,0.16
1784317229.5584,12:40:29.558,0.98,0.13,0.16
1784317230.0587,12:40:30.058,0.98,0.10,0.20
1784317230.5581,12:40:30.558,0.97,0.11,0.20
1784317231.0575,12:40:31.057,0.97,0.11,0.20
1784317231.558,12:40:31.558,0.97,0.19,0.13
1784317232.058,12:40:32.058,0.97,0.23,0.09
1784317232.5574,12:40:32.557,0.97,0.24,0.07
1784317233.0578,12:40:33.057,0.97,0.23,0.06
1784317233.5571,12:40:33.557,0.98,0.22,0.01
1784317234.0569,12:40:34.056,0.97,0.25,-0.01
1784317234.5569,12:40:34.556,0.97,0.25,-0.01
1784317235.0568,12:40:35.056,0.97,0.25,0.03
1784317235.5562,12:40:35.556,0.97,0.25,0.05
1784317236.0564,12:40:36.056,0.97,0.24,0.05
1784317236.5565,12:40:36.556,0.97,0.24,0.03
1784317237.0561,12:40:37.056,0.95,0.31,-0.04
1784317237.5558,12:40:37.555,0.94,0.33,-0.07
1784317238.0557,12:40:38.055,0.94,0.34,-0.06
1784317238.5555,12:40:38.555,0.95,0.32,-0.03
1784317239.0557,12:40:39.055,0.96,0.29,0.02
1784317239.556,12:40:39.556,0.95,0.30,0.05
1784317240.0554,12:40:40.055,0.96,0.29,0.05
1784317240.5548,12:40:40.554,0.96,0.29,0.03
1784317241.0551,12:40:41.055,0.96,0.27,-0.01
1784317241.5543,12:40:41.554,0.96,0.27,-0.03
1784317242.0541,12:40:42.054,0.96,0.27,-0.04
1784317242.554,12:40:42.554,0.96,0.27,-0.04
1784317243.0534,12:40:43.053,0.97,0.23,0.01
1784317243.5528,12:40:43.552,0.98,0.21,0.04
1784317244.0533,12:40:44.053,0.98,0.21,0.05
1784317244.5535,12:40:44.553,0.98,0.20,0.06
1784317245.0529,12:40:45.052,0.98,0.17,0.08
1784317245.5534,12:40:45.553,0.99,0.15,0.09
1784317246.0534,12:40:46.053,0.99,0.10,0.12
1784317246.5528,12:40:46.552,0.99,0.09,0.12
1784317247.053,12:40:47.053,0.99,0.11,0.10
1784317247.5531,12:40:47.553,0.99,0.11,0.09
1784317248.0523,12:40:48.052,0.99,0.09,0.12
1784317248.5528,12:40:48.552,0.99,0.07,0.15
1784317249.0524,12:40:49.052,0.98,0.02,0.19
1784317249.5518,12:40:49.551,0.98,0.01,0.18
1784317250.0518,12:40:50.051,0.98,0.03,0.17
1784317250.5523,12:40:50.552,0.99,0.05,0.15
1784317251.0515,12:40:51.051,0.99,0.05,0.11
1784317251.5511,12:40:51.551,0.99,0.05,0.09
1784317252.051,12:40:52.051,0.99,0.10,0.04
1784317252.5506,12:40:52.550,0.99,0.15,0.00
1784317253.0502,12:40:53.050,0.98,0.22,-0.04
1784317253.5507,12:40:53.550,0.97,0.24,-0.05
1784317254.0503,12:40:54.050,0.96,0.27,-0.07
1784317254.5499,12:40:54.549,0.96,0.27,-0.04
1784317255.0502,12:40:55.050,0.95,0.30,-0.03
1784317255.5494,12:40:55.549,0.96,0.29,0.01
1784317256.0492,12:40:56.049,0.96,0.26,0.04
1784317256.5493,12:40:56.549,0.97,0.25,0.07
1784317257.0488,12:40:57.048,0.97,0.22,0.09
1784317257.549,12:40:57.549,0.98,0.20,0.10
1784317258.0493,12:40:58.049,0.98,0.18,0.12
1784317258.5495,12:40:58.549,0.98,0.11,0.17
1784317259.0493,12:40:59.049,0.98,0.11,0.16
1784317259.5496,12:40:59.549,0.98,0.11,0.14
1784317260.049,12:41:00.049,0.98,0.12,0.14
1784317260.5484,12:41:00.548,0.98,0.14,0.13
1784317261.0491,12:41:01.049,0.98,0.16,0.13
1784317261.5486,12:41:01.548,0.98,0.15,0.13
1784317262.048,12:41:02.048,0.98,0.09,0.15
1784317262.548,12:41:02.548,0.99,0.09,0.13
1784317263.0479,12:41:03.047,0.99,0.11,0.06
1784317263.5477,12:41:03.547,0.99,0.12,0.04
1784317264.0473,12:41:04.047,0.99,0.14,0.02
1784317264.5476,12:41:04.547,0.98,0.18,0.01
1784317265.0472,12:41:05.047,0.97,0.24,-0.04
1784317265.5476,12:41:05.547,0.96,0.26,0.01
1784317266.0475,12:41:06.047,0.97,0.21,0.09
1784317266.5471,12:41:06.547,0.97,0.21,0.10
1784317267.0467,12:41:07.046,0.97,0.19,0.13
1784317267.547,12:41:07.547,0.97,0.18,0.15
1784317268.046,12:41:08.046,0.97,0.18,0.16
1784317268.546,12:41:08.546,0.97,0.23,0.12
1784317269.0463,12:41:09.046,0.97,0.23,0.07
1784317269.546,12:41:09.546,0.97,0.22,0.04
1784317270.0459,12:41:10.045,0.98,0.22,0.04
1784317270.5464,12:41:10.546,0.98,0.20,0.06
1784317271.046,12:41:11.046,0.97,0.22,0.08
1784317271.5458,12:41:11.545,0.97,0.21,0.10
1784317272.0463,12:41:12.046,0.97,0.21,0.10
1784317272.5457,12:41:12.545,0.98,0.20,0.06
1784317273.0455,12:41:13.045,0.98,0.21,0.03
1784317273.5458,12:41:13.545,0.98,0.21,0.03
1784317274.0451,12:41:14.045,0.97,0.22,0.03
1784317274.545,12:41:14.545,0.97,0.26,0.01
1784317275.0451,12:41:15.045,0.96,0.28,0.02
1784317275.5447,12:41:15.544,0.97,0.25,0.06
1784317276.0441,12:41:16.044,0.97,0.22,0.07
1784317276.5444,12:41:16.544,0.97,0.22,0.05
1784317277.044,12:41:17.044,0.96,0.27,-0.02
1784317277.543,12:41:17.543,0.96,0.29,-0.04
1784317278.0434,12:41:18.043,0.94,0.33,-0.07
1784317278.5429,12:41:18.542,0.93,0.36,-0.08
1784317279.0423,12:41:19.042,0.94,0.33,-0.05
1784317279.5423,12:41:19.542,0.96,0.28,0.03
1784317280.0422,12:41:20.042,0.97,0.17,0.16
1784317280.5418,12:41:20.541,0.97,0.15,0.19
1784317281.0416,12:41:21.041,0.97,0.16,0.17
1784317281.5417,12:41:21.541,0.97,0.17,0.14
1784317282.0411,12:41:22.041,0.97,0.22,0.08
1784317282.5413,12:41:22.541,0.97,0.23,0.06
1784317283.0416,12:41:23.041,0.97,0.25,0.05
1784317283.5412,12:41:23.541,0.98,0.12,0.16
1784317284.041,12:41:24.041,0.97,0.00,0.26
1784317284.5414,12:41:24.541,0.97,0.00,0.25
1784317285.0406,12:41:25.040,0.97,0.01,0.24
1784317285.5407,12:41:25.540,0.98,-0.01,0.21
1784317286.0412,12:41:26.041,0.99,0.07,0.15
1784317286.541,12:41:26.541,0.98,0.17,0.05
1784317287.041,12:41:27.041,0.98,0.18,0.04
1784317287.5413,12:41:27.541,0.98,0.18,0.02
1784317288.0407,12:41:28.040,0.99,0.15,0.06
1784317288.5403,12:41:28.540,0.99,0.13,0.07
1784317289.0402,12:41:29.040,0.99,0.15,0.05
1784317289.5396,12:41:29.539,0.97,0.22,-0.02
1784317290.039,12:41:30.039,0.95,0.30,-0.04
1784317290.5394,12:41:30.539,0.95,0.32,-0.03
1784317291.0386,12:41:31.038,0.95,0.32,0.01
1784317291.5384,12:41:31.538,0.96,0.27,0.10
1784317292.0385,12:41:32.038,0.96,0.26,0.11
1784317292.5383,12:41:32.538,0.96,0.25,0.11
1784317293.0381,12:41:33.038,0.97,0.23,0.11
1784317293.5385,12:41:33.538,0.97,0.20,0.11
1784317294.0382,12:41:34.038,0.98,0.12,0.16
1784317294.5376,12:41:34.537,0.97,0.02,0.24
1784317295.0382,12:41:35.038,0.96,0.01,0.27
1784317295.5377,12:41:35.537,0.97,0.02,0.25
1784317296.0369,12:41:36.036,0.98,0.10,0.19
1784317296.5373,12:41:36.537,0.98,0.13,0.12
1784317297.037,12:41:37.037,0.99,0.12,0.10
1784317297.5364,12:41:37.536,0.99,0.14,0.10
1784317298.0368,12:41:38.036,0.99,0.14,0.08
1784317298.5369,12:41:38.536,0.99,0.11,0.11
1784317299.0361,12:41:39.036,0.99,0.11,0.10
1784317299.5359,12:41:39.535,0.99,0.13,0.08
1784317300.036,12:41:40.036,0.98,0.20,0.07
1784317300.5358,12:41:40.535,0.97,0.25,0.07
1784317301.0358,12:41:41.035,0.96,0.25,0.08
1784317301.5363,12:41:41.536,0.97,0.24,0.11
1784317302.0354,12:41:42.035,0.97,0.22,0.14
1784317302.5354,12:41:42.535,0.97,0.18,0.17
1784317303.0355,12:41:43.035,0.97,0.17,0.18
1784317303.5345,12:41:43.534,0.96,0.21,0.18
1784317304.0341,12:41:44.034,0.96,0.23,0.16
1784317304.5346,12:41:44.534,0.96,0.21,0.17
1784317305.0344,12:41:45.034,0.97,0.19,0.17
1784317305.534,12:41:45.534,0.97,0.19,0.17
1784317306.0345,12:41:46.034,0.96,0.20,0.19
1784317306.5341,12:41:46.534,0.96,0.20,0.18
1784317307.0335,12:41:47.033,0.96,0.22,0.17
1784317307.5342,12:41:47.534,0.96,0.22,0.15
1784317308.0338,12:41:48.033,0.97,0.21,0.15
1784317308.5328,12:41:48.532,0.98,0.19,0.11
1784317309.0332,12:41:49.033,0.98,0.17,0.08
1784317309.5331,12:41:49.533,0.98,0.15,0.09
1784317310.0325,12:41:50.032,0.98,0.15,0.13
1784317310.5329,12:41:50.532,0.98,0.17,0.12
1784317311.0328,12:41:51.032,0.98,0.18,0.12
1784317311.5322,12:41:51.532,0.98,0.18,0.12
1784317312.0323,12:41:52.032,0.98,0.19,0.11
1784317312.5318,12:41:52.531,0.98,0.21,0.02
1784317313.0314,12:41:53.031,0.96,0.26,-0.03
1784317313.5318,12:41:53.531,0.95,0.30,-0.06
1784317314.0317,12:41:54.031,0.95,0.30,-0.05
1784317314.5313,12:41:54.531,0.95,0.30,-0.04
1784317315.0313,12:41:55.031,0.95,0.30,-0.01
1784317315.5314,12:41:55.531,0.97,0.26,0.02
1784317316.031,12:41:56.031,0.97,0.23,0.06
1784317316.531,12:41:56.531,0.99,0.12,0.09
1784317317.0315,12:41:57.031,0.99,0.02,0.13
1784317317.531,12:41:57.531,0.98,-0.05,0.18
1784317318.0308,12:41:58.030,0.98,-0.06,0.19
1784317318.5313,12:41:58.531,0.98,-0.05,0.17
1784317319.0307,12:41:59.030,0.99,-0.02,0.16
1784317319.5303,12:41:59.530,0.99,0.00,0.17
1784317320.0302,12:42:00.030,0.99,0.02,0.16
1784317320.5296,12:42:00.529,0.99,0.06,0.13
1784317321.0292,12:42:01.029,0.99,0.07,0.15
1784317321.5297,12:42:01.529,0.98,0.10,0.16
1784317322.0295,12:42:02.029,0.98,0.11,0.13
1784317322.5289,12:42:02.528,0.99,0.12,0.11
1784317323.0289,12:42:03.028,0.99,0.12,0.10
1784317323.5285,12:42:03.528,0.99,0.11,0.10
1784317324.0283,12:42:04.028,0.99,0.14,0.04
1784317324.5283,12:42:04.528,0.99,0.14,0.04
1784317325.0282,12:42:05.028,0.99,0.10,0.04
1784317325.5274,12:42:05.527,0.99,0.10,0.04
1784317326.0278,12:42:06.027,0.99,0.13,0.03
1784317326.5279,12:42:06.527,0.99,0.15,0.02
1784317327.0273,12:42:07.027,0.99,0.16,-0.03
1784317327.5277,12:42:07.527,0.97,0.22,-0.10
1784317328.028,12:42:08.028,0.96,0.24,-0.12
1784317328.527,12:42:08.527,0.97,0.21,-0.08
1784317329.027,12:42:09.027,0.97,0.21,-0.07
1784317329.5269,12:42:09.526,0.98,0.19,0.00
1784317330.0265,12:42:10.026,0.97,0.23,0.02
1784317330.5265,12:42:10.526,0.97,0.24,0.03
1784317331.0262,12:42:11.026,0.95,0.30,-0.03
1784317331.5258,12:42:11.525,0.96,0.28,-0.03
1784317332.0257,12:42:12.025,0.97,0.26,-0.01
1784317332.526,12:42:12.526,0.97,0.24,0.06
1784317333.0254,12:42:13.025,0.97,0.23,0.07
1784317333.5254,12:42:13.525,0.96,0.26,0.06
1784317334.0259,12:42:14.025,0.96,0.27,0.03
1784317334.5259,12:42:14.525,0.96,0.27,-0.01
1784317335.0257,12:42:15.025,0.95,0.30,-0.03
1784317335.5256,12:42:15.525,0.93,0.36,-0.05
1784317336.0254,12:42:16.025,0.92,0.38,-0.06
1784317336.5254,12:42:16.525,0.92,0.38,-0.05
1784317337.0255,12:42:17.025,0.96,0.29,0.04
1784317337.5253,12:42:17.525,0.96,0.25,0.09
1784317338.0247,12:42:18.024,0.97,0.25,0.08
1784317338.5248,12:42:18.524,0.97,0.25,0.06
1784317339.0244,12:42:19.024,0.97,0.24,0.07
1784317339.5236,12:42:19.523,0.97,0.24,0.08
1784317340.0239,12:42:20.023,0.96,0.25,0.08
1784317340.5231,12:42:20.523,0.78,0.58,-0.24
1784317341.0227,12:42:21.022,0.78,0.57,-0.25
1784317341.5232,12:42:21.523,0,0,0
1784317342.0228,12:42:22.022,0,0,0
1784317342.5224,12:42:22.522,0.78,0.57,-0.25
1784317343.0227,12:42:23.022,0.76,0.59,-0.29
1784317343.5227,12:42:23.522,0.72,0.60,-0.33
1784317344.0221,12:42:24.022,0.72,0.60,-0.33
1784317344.5221,12:42:24.522,0.85,0.49,-0.21
1784317345.0222,12:42:25.022,0.91,0.39,-0.14
1784317345.5218,12:42:25.521,0.91,0.38,-0.14
1784317346.0218,12:42:26.021,0.84,0.49,-0.22
1784317346.5215,12:42:26.521,0.75,0.58,-0.32
1784317347.0207,12:42:27.020,0.71,0.61,-0.36
1784317347.5205,12:42:27.520,0.70,0.62,-0.36
1784317348.0208,12:42:28.020,0.72,0.62,-0.32
1784317348.5206,12:42:28.520,0.75,0.61,-0.25
1784317349.0206,12:42:29.020,0.96,0.28,0.02
1784317349.5209,12:42:29.520,0.97,0.24,0.06
1784317350.0202,12:42:30.020,0.97,0.23,0.07
1784317350.5202,12:42:30.520,0.98,0.15,0.14
1784317351.0202,12:42:31.020,0.98,0.14,0.16
1784317351.5198,12:42:31.519,0.98,0.15,0.16
1784317352.0192,12:42:32.019,0.98,0.16,0.15
1784317352.5194,12:42:32.519,0.97,0.17,0.15
1784317353.0191,12:42:33.019,0.97,0.18,0.14
1784317353.5189,12:42:33.518,0.97,0.17,0.15
1784317354.0194,12:42:34.019,0.97,0.17,0.14
1784317354.5191,12:42:34.519,0.97,0.16,0.17
1784317355.0183,12:42:35.018,0.98,0.13,0.17
1784317355.5186,12:42:35.518,0.98,0.11,0.16
1784317356.0178,12:42:36.017,0.99,0.06,0.15
1784317356.5174,12:42:36.517,0.98,0.03,0.19
1784317357.0177,12:42:37.017,0.98,0.02,0.22
1784317357.5175,12:42:37.517,0.98,0.06,0.18
1784317358.0173,12:42:38.017,0.98,0.14,0.12
1784317358.5176,12:42:38.517,0.98,0.15,0.09
1784317359.0172,12:42:39.017,0.98,0.15,0.09
1784317359.5168,12:42:39.516,0.99,0.14,0.08
1784317360.0173,12:42:40.017,0.99,0.10,0.11
1784317360.5173,12:42:40.517,0.99,0.11,0.12
1784317361.0165,12:42:41.016,0.98,0.17,0.09
1784317361.5166,12:42:41.516,0.97,0.24,0.04
1784317362.0168,12:42:42.016,0.96,0.28,0.03
1784317362.516,12:42:42.516,0.96,0.29,0.03
1784317363.0162,12:42:43.016,0.96,0.28,0.04
1784317363.5165,12:42:43.516,0.97,0.25,0.05
1784317364.016,12:42:44.016,0.97,0.24,0.06
1784317364.5156,12:42:44.515,0.97,0.22,0.09
1784317365.0159,12:42:45.015,0.97,0.20,0.10
1784317365.5153,12:42:45.515,0.97,0.21,0.12
1784317366.0151,12:42:46.015,0.97,0.17,0.16
1784317366.5155,12:42:46.515,0.97,0.13,0.19
1784317367.0149,12:42:47.014,0.98,0.15,0.17
1784317367.5147,12:42:47.514,0.97,0.17,0.16
1784317368.0145,12:42:48.014,0.97,0.18,0.16
1784317368.5139,12:42:48.513,0.97,0.20,0.11
1784317369.0137,12:42:49.013,0.98,0.21,0.07
1784317369.5138,12:42:49.513,0.98,0.19,0.07
1784317370.0134,12:42:50.013,0.98,0.20,0.05
1784317370.5128,12:42:50.512,0.98,0.17,0.06
1784317371.0133,12:42:51.013,0.98,0.21,0.03
1784317371.5129,12:42:51.512,0.98,0.21,0.04
1784317372.0123,12:42:52.012,0.98,0.21,0.04
1784317372.5128,12:42:52.512,0.97,0.22,0.07
1784317373.0126,12:42:53.012,0.97,0.23,0.09
1784317373.5122,12:42:53.512,0.97,0.22,0.10
1784317374.0125,12:42:54.012,0.97,0.22,0.12
1784317374.5127,12:42:54.512,0.97,0.22,0.13
1784317375.0119,12:42:55.011,0.97,0.20,0.15
1784317375.5117,12:42:55.511,0.97,0.18,0.17
1784317376.0117,12:42:56.011,0.97,0.18,0.16
1784317376.5111,12:42:56.511,0.97,0.17,0.14
1784317377.0112,12:42:57.011,0.98,0.19,0.10
1784317377.5114,12:42:57.511,0.98,0.19,0.08
1784317378.0112,12:42:58.011,0.98,0.17,0.09
1784317378.5112,12:42:58.511,0.98,0.18,0.09
1784317379.011,12:42:59.011,0.98,0.20,0.10
1784317379.5104,12:42:59.510,0.97,0.22,0.08
1784317380.0105,12:43:00.010,0.97,0.22,0.04
1784317380.5107,12:43:00.510,0.98,0.21,0.02
1784317381.0107,12:43:01.010,0.98,0.19,-0.01
1784317381.5103,12:43:01.510,0.98,0.19,-0.01
1784317382.0102,12:43:02.010,0.98,0.20,-0.02
1784317382.5096,12:43:02.509,0.98,0.20,-0.02
1784317383.0094,12:43:03.009,0.99,0.16,0.02
1784317383.5097,12:43:03.509,0.99,0.15,0.04
1784317384.0095,12:43:04.009,0.99,0.15,0.06
1784317384.5091,12:43:04.509,0.98,0.17,0.03
1784317385.0094,12:43:05.009,0.98,0.19,0.01
1784317385.5092,12:43:05.509,0.97,0.23,-0.04
1784317386.0088,12:43:06.008,0.97,0.23,-0.03
1784317386.5087,12:43:06.508,0.97,0.23,-0.03
1784317387.0085,12:43:07.008,0.97,0.24,-0.04
1784317387.5081,12:43:07.508,0.97,0.24,-0.03
1784317388.0086,12:43:08.008,0.97,0.24,-0.03
1784317388.5088,12:43:08.508,0.96,0.25,-0.07
1784317389.0084,12:43:09.008,0.95,0.28,-0.10
1784317389.5086,12:43:09.508,0.95,0.29,-0.10
1784317390.0086,12:43:10.008,0.96,0.28,-0.09
1784317390.5077,12:43:10.507,0.97,0.24,-0.06
1784317391.0078,12:43:11.007,0.97,0.23,-0.05
1784317391.508,12:43:11.508,0.98,0.21,-0.03
1784317392.0072,12:43:12.007,0.98,0.21,0.00
1784317392.5069,12:43:12.506,0.97,0.25,0.01
1784317393.0071,12:43:13.007,0.96,0.28,0.02
1784317393.5065,12:43:13.506,0.94,0.33,-0.02
1784317394.0064,12:43:14.006,0.70,0.64,-0.32
1784317394.5066,12:43:14.506,0.68,0.65,-0.36
1784317395.0062,12:43:15.006,0.67,0.64,-0.38
1784317395.5061,12:43:15.506,0.67,0.61,-0.42
1784317396.0065,12:43:16.006,0.67,0.61,-0.43
1784317396.5063,12:43:16.506,0.85,0.45,-0.28
1784317397.0057,12:43:17.005,0.65,0.61,-0.45
1784317397.5059,12:43:17.505,0.66,0.61,-0.43
1784317398.0053,12:43:18.005,0.67,0.61,-0.42
1784317398.5051,12:43:18.505,0.70,0.60,-0.39
1784317399.0052,12:43:19.005,0.74,0.59,-0.32
1784317399.5051,12:43:19.505,0.75,0.59,-0.29
1784317400.0048,12:43:20.004,0.76,0.58,-0.28
1784317400.5049,12:43:20.504,0.77,0.58,-0.28
1784317401.0044,12:43:21.004,0.78,0.56,-0.27
1784317401.5038,12:43:21.503,0.80,0.54,-0.24
1784317402.0043,12:43:22.004,0.83,0.51,-0.21
1784317402.5045,12:43:22.504,0.96,0.29,-0.04
1784317403.0039,12:43:23.003,0.96,0.27,-0.01
1784317403.504,12:43:23.504,0.97,0.24,0.03
1784317404.0042,12:43:24.004,0.97,0.22,0.07
1784317404.5034,12:43:24.503,0.98,0.14,0.14
1784317405.0037,12:43:25.003,0.98,0.06,0.18
1784317405.5031,12:43:25.503,0.98,0.05,0.19
1784317406.0027,12:43:26.002,0.98,0.09,0.16
1784317406.5032,12:43:26.503,0.98,0.10,0.18
1784317407.0028,12:43:27.002,0.98,0.10,0.19
1784317407.5024,12:43:27.502,0.98,0.12,0.19
1784317408.0027,12:43:28.002,0.97,0.16,0.16
1784317408.5019,12:43:28.501,0.97,0.22,0.12
1784317409.0015,12:43:29.001,0.96,0.28,0.07
1784317409.5014,12:43:29.501,0.94,0.33,0.02
1784317410.0014,12:43:30.001,0.94,0.34,0.02
1784317410.501,12:43:30.501,0.94,0.32,0.06
1784317411.0013,12:43:31.001,0.95,0.29,0.12
1784317411.5011,12:43:31.501,0.96,0.18,0.20
1784317412.0009,12:43:32.000,0.96,0.09,0.26
1784317412.5006,12:43:32.500,0.95,0.05,0.29
1784317413.0004,12:43:33.000,0.96,0.05,0.29
1784317413.5008,12:43:33.500,0.95,0.08,0.29
1784317414.0003,12:43:34.000,0.96,0.19,0.22
1784317414.5003,12:43:34.500,0.95,0.26,0.18
1784317414.9999,12:43:34.999,0.95,0.28,0.16
1784317415.4994,12:43:35.499,0.95,0.27,0.17
1784317415.9994,12:43:35.999,0.95,0.25,0.18
1784317416.499,12:43:36.499,0.96,0.22,0.19
1784317416.9983,12:43:36.998,0.96,0.23,0.18
1784317417.4986,12:43:37.498,0.96,0.22,0.19
1784317417.9988,12:43:37.998,0.96,0.21,0.19
1784317418.4982,12:43:38.498,0.96,0.19,0.20
1784317418.9989,12:43:38.998,0.96,0.17,0.22
1784317419.4991,12:43:39.499,0.96,0.19,0.20
1784317419.9987,12:43:39.998,0.97,0.17,0.19
1784317420.499,12:43:40.499,0.97,0.18,0.16
1784317420.9986,12:43:40.998,0.97,0.21,0.13
1784317421.4984,12:43:41.498,0.97,0.25,0.05
1784317421.9985,12:43:41.998,0.97,0.25,0.03
1784317422.4981,12:43:42.498,0.96,0.27,0.00
1784317422.9975,12:43:42.997,0.96,0.27,-0.02
1784317423.4978,12:43:43.497,0.97,0.25,0.00
1784317423.9974,12:43:43.997,0.98,0.22,0.03
1784317424.497,12:43:44.497,0.98,0.18,0.08
1784317424.9965,12:43:44.996,0.98,0.07,0.19
1784317425.4965,12:43:45.496,0.98,0.05,0.21
1784317425.9957,12:43:45.995,0.98,0.05,0.21
1784317426.4956,12:43:46.495,0.98,0.08,0.18
1784317426.9959,12:43:46.995,0.98,0.09,0.18
1784317427.4953,12:43:47.495,0.98,0.12,0.14
1784317427.9956,12:43:47.995,0.98,0.12,0.14
1784317428.496,12:43:48.496,0.98,0.10,0.16
1784317428.9956,12:43:48.995,0.98,0.11,0.14
1784317429.4951,12:43:49.495,0.98,0.13,0.11
1784317429.9955,12:43:49.995,0.98,0.16,0.09
1784317430.4951,12:43:50.495,0.98,0.18,0.07
1784317430.9945,12:43:50.994,0.98,0.21,0.03
1784317431.4949,12:43:51.494,0.99,0.14,0.07
1784317431.9947,12:43:51.994,0.99,0.13,0.08
1784317432.494,12:43:52.494,0.99,0.14,0.08
1784317432.994,12:43:52.994,0.98,0.20,0.04
1784317433.4936,12:43:53.493,0.97,0.23,0.02
1784317433.9935,12:43:53.993,0.97,0.22,0.05
1784317434.4939,12:43:54.493,0.98,0.20,0.09
1784317434.9941,12:43:54.994,0.97,0.20,0.11
1784317435.4934,12:43:55.493,0.97,0.20,0.12
1784317435.994,12:43:55.994,0.98,0.17,0.13
1784317436.494,12:43:56.494,0.98,0.15,0.11
1784317436.9934,12:43:56.993,0.98,0.14,0.12
1784317437.4933,12:43:57.493,0.98,0.17,0.09
1784317437.9929,12:43:57.992,0.98,0.19,0.06
1784317438.4921,12:43:58.492,0.98,0.20,0.08
