id,start_timestamp,duration,start_frame_index,end_frame_index,norm_pos_x,norm_pos_y,dispersion,confidence,method,gaze_point_3d_x,gaze_point_3d_y,gaze_point_3d_z,base_data
0,923762.7753395,112.96599986962974,0,2,0.3818962553695955,0.4411431536446543,1.3070070410181112,0.9843015835202974,3d gaze,-43.30641324736649,1.4888174614128915,235.11407093583864,923762.7753395 923762.7793739999 923762.7834085 923762.787443 923762.7914775 923762.795512 923762.7995465 923762.8035810001 923762.8076155 923762.81165 923762.8156844999 923762.819719 923762.8237534999 923762.827788 923762.8318225001 923762.835857 923762.8398915001 923762.843926 923762.8479605 923762.8519949999 923762.8560295 923762.860064 923762.8640985 923762.868133 923762.8721675 923762.8762020001 923762.8802365 923762.884271 923762.8883054999
1,923763.0093415,80.690500093624,5,8,0.3914963226914762,0.46089764034990877,1.424690277166494,0.9993252186548143,3d gaze,-44.79934818707137,-3.1658645695987766,266.67047950119183,923763.0093415 923763.013376 923763.0174105 923763.0214450001 923763.0254795 923763.029514 923763.0335484999 923763.037583 923763.0416174999 923763.045652 923763.0496865001 923763.053721 923763.0577555001 923763.06179 923763.0658245 923763.0698589999 923763.0738935 923763.077928 923763.081963 923763.0859975 923763.0900320001
2,923763.0940665,125.07000006735325,8,11,0.37918101261533,0.4566189836119866,1.4250626225366536,0.9904730562120676,3d gaze,-47.42815246364941,-2.001986580260713,251.34202051041595,923763.0940665 923763.0981010001 923763.1021360001 923763.1061704999 923763.110205 923763.1142394999 923763.118274 923763.1223085 923763.126343 923763.1303775001 923763.134412 923763.1384465001 923763.1424809999 923763.1465155 923763.1505499999 923763.1545845 923763.158619 923763.1626535 923763.1666880001 923763.1707225 923763.1747570001 923763.1787914999 923763.182826 923763.1868604999 923763.190895 923763.1949295 923763.198964 923763.2029985001 923763.207033 923763.2110675001 923763.2151019999 923763.2191365
3,923763.2836895001,104.89699989557266,13,16,0.388553114250339,0.4582256440575052,1.295511210392157,0.9904216947378935,3d gaze,-46.53711186706334,-2.5348478525065024,269.0600166651027,923763.2836895001 923763.2877239999 923763.2917585 923763.2957929999 923763.2998275 923763.303862 923763.3078965 923763.3119310001 923763.3159655 923763.3200000001 923763.3240344999 923763.328069 923763.3321034999 923763.336138 923763.3401725 923763.344207 923763.3482415001 923763.352276 923763.3563105001 923763.3603449999 923763.3643795 923763.3684139999 923763.3724485 923763.376483 923763.3805175 923763.3845520001 923763.3885865
4,923763.3926210001,217.86500001326203,17,23,0.40098702793701346,0.47239124013220657,1.3613872599686263,0.9838396007364446,3d gaze,-43.67240909702085,-6.41075174043556,286.6887064233143,923763.3926210001 923763.396656 923763.4006904999 923763.404725 923763.4087595 923763.412794 923763.4168285 923763.420863 923763.424898 923763.4289325001 923763.432967 923763.4370015 923763.4410359999 923763.4450705 923763.449105 923763.4531395 923763.457174 923763.4612085 923763.4652430001 923763.4692775 923763.473312 923763.4773464999 923763.481381 923763.4854155 923763.48945 923763.4934845001 923763.497519 923763.5015535001 923763.5055879999 923763.5096225 923763.5136569999 923763.5176915 923763.521726 923763.5257605 923763.529795 923763.5338295 923763.5378640001 923763.5418990001 923763.5459334999 923763.549968 923763.5540025 923763.558037 923763.5620715 923763.566106 923763.5701405001 923763.574175 923763.5782095001 923763.5822439999 923763.5862789999 923763.5903135 923763.594348 923763.5983825 923763.602417 923763.6064515 923763.6104860001
5,923763.6225894999,96.82850004173815,23,26,0.4122930560123872,0.4834695549307371,1.4338320693166355,0.984272015094757,3d gaze,-40.8926048926562,-9.995318616866491,306.30605508450515,923763.6225894999 923763.626624 923763.6306584999 923763.634693 923763.6387275001 923763.642762 923763.6467965001 923763.650831 923763.6548655 923763.6588999999 923763.6629345 923763.666969 923763.6710035 923763.675038 923763.6790725 923763.6831070001 923763.6871415 923763.691176 923763.695211 923763.6992454999 923763.70328 923763.7073145 923763.711349 923763.7153835 923763.719418
6,923763.7516940001,92.79399993829429,27,30,0.38554147218410356,0.4516377863342124,1.292704997462484,0.9958489413062731,3d gaze,-46.24755654678194,-0.858550788612698,259.5852779249056,923763.7516940001 923763.7557285 923763.7597630001 923763.763798 923763.7678324999 923763.771867 923763.7759014999 923763.779936 923763.7839705 923763.788005 923763.7920395001 923763.796074 923763.8001085 923763.8041429999 923763.8081775 923763.812212 923763.8162465 923763.820281 923763.8243155 923763.8283500001 923763.8323845 923763.836419 923763.8404534999 923763.844488
7,923763.913075,197.69199995789677,32,38,0.39504118006587463,0.45116932449486696,1.3244873526433463,0.995739071927172,3d gaze,-41.45224959703738,-0.7331733144463579,255.49454001681218,923763.913075 923763.91711 923763.9211444999 923763.925179 923763.9292135 923763.933248 923763.9372825001 923763.941317 923763.9453515001 923763.9493859999 923763.9534205 923763.9574549999 923763.965524 923763.9695585 923763.9735930001 923763.9776275 923763.9816620001 923763.9856964999 923763.989731 923763.9937654999 923763.9978 923764.001835 923764.0058695 923764.009904 923764.0139385001 923764.017973 923764.0220075 923764.0300765 923764.0341109999 923764.0381455 923764.04218 923764.0462145 923764.0502490001 923764.0542835 923764.0623524999 923764.066387 923764.0704215 923764.074456 923764.0784905 923764.082525 923764.08656 923764.0905945001 923764.0946289999 923764.0986635 923764.1026979999 923764.1067325 923764.110767
8,923764.1148015,137.1740000322461,38,42,0.39741787833817177,0.45200157358403603,1.439576753472286,0.9917459683758872,3d gaze,-40.75373687291808,-0.9205821875312584,257.82628000536903,923764.1148015 923764.1188360001 923764.1228705 923764.1269050001 923764.1309394999 923764.134974 923764.1390084999 923764.143043 923764.1470775 923764.151112 923764.1551465001 923764.159181 923764.163216 923764.1672505001 923764.1712849999 923764.1753195 923764.1793539999 923764.1833885 923764.187423 923764.1914575 923764.1954920001 923764.1995265 923764.2035610001 923764.2075954999 923764.21163 923764.2156645 923764.219699 923764.2237335 923764.227768 923764.2318025001 923764.235837 923764.2398715001 923764.2439059999 923764.2479409999 923764.2519755
9,923764.3286315,92.79399993829429,45,47,0.5057427773206683,0.542358348487935,1.4402356074728073,0.9703226784865061,3d gaze,6.506137496573891,-31.227656373490618,363.2932791906789,923764.3286315 923764.332666 923764.3367005 923764.3407350001 923764.3447695 923764.3488040001 923764.3528384999 923764.356873 923764.3609074999 923764.364942 923764.3689765 923764.373011 923764.3770455001 923764.38108 923764.3851145001 923764.3891489999 923764.3931835 923764.3972179999 923764.4012525 923764.405287 923764.4093215 923764.4133560001 923764.4173910001 923764.4214255
10,923764.42546,100.86299991235137,47,50,0.5133960655506351,0.5487157786558071,1.4958592210890118,0.9977135291466346,3d gaze,10.736109828850816,-32.20397024106955,350.75963339706385,923764.42546 923764.4294944999 923764.433529 923764.4375634999 923764.441598 923764.4456325001 923764.449667 923764.4537015001 923764.457736 923764.461771 923764.4658055 923764.4698399999 923764.4738745 923764.477909 923764.4819435 923764.4859780001 923764.4900125 923764.4940470001 923764.4980815 923764.502116 923764.5061504999 923764.510185 923764.5142195 923764.518254 923764.5222885 923764.526323
11,923764.5303575001,181.55350000597537,51,56,0.5016302114711708,0.5332046494238497,1.0375447845219843,0.9828254995138749,3d gaze,3.7963427726402377,-25.50907455320818,329.01220721147155,923764.5303575001 923764.534392 923764.5384265 923764.5424609999 923764.5464955 923764.55053 923764.5545645 923764.5585990001 923764.5626335 923764.5666680001 923764.5707025 923764.574737 923764.578772 923764.5828064999 923764.586841 923764.5908755 923764.59491 923764.5989445001 923764.602979 923764.6070135001 923764.6110479999 923764.6150825 923764.6191169999 923764.6231519999 923764.6271865 923764.6312210001 923764.6352555 923764.6392900001 923764.6433245 923764.647359 923764.6513934999 923764.655428 923764.6594625 923764.663497 923764.6675315 923764.671566 923764.6756005001 923764.679635 923764.6836695 923764.6877039999 923764.6917385 923764.6957729999 923764.6998075 923764.7038420001 923764.7078765 923764.7119110001
12,923764.7522565001,80.69049986079335,57,60,0.5082716752001111,0.5395933386290964,1.3298824832736595,0.9788859373047238,3d gaze,7.71874072611637,-28.99029047092471,347.86770238329046,923764.7522565001 923764.7562909999 923764.7603255 923764.7643599999 923764.7683949999 923764.7724295 923764.776464 923764.7804985 923764.7845330001 923764.7885675 923764.7926020001 923764.7966364999 923764.800671 923764.8047055 923764.80874 923764.8127745 923764.816809 923764.8208435001 923764.824878 923764.8289125001 923764.8329469999
13,923765.212192,213.8305000262335,71,77,0.46168708960233357,0.48522658129488067,1.461658562286027,0.9885429802040259,3d gaze,-13.638426508946049,-8.644962681187636,256.41633011828986,923765.212192 923765.2162265 923765.2242955 923765.2283300001 923765.2323650001 923765.2404344999 923765.244469 923765.2485035 923765.252538 923765.2565725 923765.260607 923765.2646415001 923765.268676 923765.2727105 923765.2767449999 923765.2807795 923765.2848139999 923765.2888485 923765.2928830001 923765.2969175 923765.3009520001 923765.3049865 923765.309021 923765.3130554999 923765.31709 923765.3211245 923765.325159 923765.3291935 923765.333228 923765.341297 923765.3493659999 923765.3534005 923765.3574349999 923765.365504 923765.3695385 923765.3735730001 923765.3776075 923765.381642 923765.3856764999 923765.393746 923765.3977805 923765.4018155 923765.40585 923765.4098845001 923765.413919 923765.4179535001 923765.4219879999 923765.4260225
14,923765.4340915,100.86250002495944,78,81,0.46353532813858395,0.47260549533512725,1.2634330229226185,0.9971307776868343,3d gaze,-10.259838854537842,-4.611034290303816,205.38162741061853,923765.4340915 923765.438126 923765.4421605 923765.4461950001 923765.4502295 923765.454264 923765.4582984999 923765.462333 923765.4663675 923765.470402 923765.4744365 923765.478471 923765.48654 923765.4905745 923765.4946089999 923765.502678 923765.5067125 923765.510747 923765.5147815 923765.5188160001 923765.5228505 923765.526885 923765.5309194999 923765.534954
15,923765.5672309999,112.96600010246038,81,85,0.4829243964195103,0.4957436404922842,1.3911508402222512,0.9952414960696779,3d gaze,-5.278778780519657,-12.267904291235759,282.31040895515775,923765.5672309999 923765.5712655 923765.5752999999 923765.5793345 923765.583369 923765.5874035 923765.5914380001 923765.5954725 923765.5995070001 923765.6035414999 923765.607576 923765.6116104999 923765.615645 923765.6196795 923765.623714 923765.6277485001 923765.631783 923765.6358175001 923765.6398519999 923765.6438865 923765.6479209999 923765.6519555 923765.65599 923765.6600245 923765.6640590001 923765.6680935 923765.6721280001 923765.6761624999 923765.680197
16,923765.6842314999,149.27750010974705,85,89,0.4889712575265485,0.5138816656327057,1.2575156110412335,0.993209280901485,3d gaze,-2.7799590809328967,-18.863636816906038,314.87304218730384,923765.6842314999 923765.6882664999 923765.692301 923765.6963355 923765.70037 923765.7044045001 923765.708439 923765.7124735 923765.7165079999 923765.7205425 923765.728612 923765.7326465 923765.7366810001 923765.7407155 923765.7447500001 923765.7487844999 923765.752819 923765.7568534999 923765.760888 923765.7649225 923765.768957 923765.7729915 923765.777026 923765.7810605001 923765.7850949999 923765.7891295 923765.7971985 923765.801233 923765.8052675 923765.8093020001 923765.8133365 923765.8173710001 923765.8214054999 923765.82544 923765.8294744999 923765.833509
17,923765.8577165001,121.03549996390939,90,94,0.480969180965936,0.519061572212118,1.4560290303563157,0.9818865637625417,3d gaze,-6.6672439800763525,-19.880524921317516,307.0941395545181,923765.8577165001 923765.8617509999 923765.8657855 923765.86982 923765.8738545 923765.877889 923765.8819235 923765.8859580001 923765.8899925 923765.8940275 923765.898062 923765.9020964999 923765.906131 923765.9101655 923765.9142 923765.9182345 923765.922269 923765.9263035001 923765.930338 923765.9343725 923765.9384069999 923765.9424415 923765.9464759999 923765.9505105 923765.9545450001 923765.9585795 923765.9626140001 923765.9666485 923765.970683 923765.9747174999 923765.978752
18,923765.9827865,205.76099993195385,94,100,0.4919194432504792,0.5174561744810167,1.3786990452443906,0.9873444437980652,3d gaze,-1.2001889943849782,-19.822033943217022,313.40889789488057,923765.9827865 923765.986821 923765.9908555 923765.99489 923765.9989245001 923766.0029595001 923766.0069939999 923766.0110285 923766.0150629999 923766.0190975 923766.023132 923766.0271665 923766.031201 923766.0352355 923766.0392700001 923766.0433044999 923766.0473394999 923766.051374 923766.0554085 923766.059443 923766.0634775 923766.067512 923766.0715465001 923766.075581 923766.0796155 923766.0836499999 923766.0876845 923766.0917189999 923766.0957535 923766.099788 923766.1038225 923766.1078570001 923766.1118915 923766.115926 923766.1199604999 923766.123995 923766.1280295 923766.132064 923766.1360985 923766.140133 923766.1441675001 923766.148202 923766.1522365 923766.1562709999 923766.1603055 923766.1643405 923766.168375 923766.1724095 923766.176444 923766.1804785 923766.1845130001 923766.1885475
19,923766.1966164999,88.75950006768107,100,103,0.4873980497529734,0.49745333743213804,1.234660597925161,0.9848971315052198,3d gaze,-3.2480810675007983,-12.683614463126041,282.34050601519965,923766.1966164999 923766.200651 923766.2046855 923766.20872 923766.2127545001 923766.2167895001 923766.220824 923766.2248585001 923766.2288929999 923766.2329275 923766.2369619999 923766.2409965 923766.245031 923766.2490655 923766.2531000001 923766.2571345 923766.2611690001 923766.2652034999 923766.269238 923766.2732724999 923766.277307 923766.2813415 923766.285376
20,923766.2894105001,92.79399993829429,103,106,0.4959504477510052,0.5146393162899847,1.4432445729145214,0.985045442978541,3d gaze,0.7836998938541567,-19.536488248695665,321.3049693263565,923766.2894105001 923766.293445 923766.2974795001 923766.3015139999 923766.3055485 923766.3095829999 923766.3136175 923766.3176525 923766.321687 923766.3257215 923766.3297560001 923766.3337905 923766.337825 923766.3418594999 923766.345894 923766.3499285 923766.353963 923766.3579975 923766.362032 923766.3660665001 923766.370101 923766.3741355 923766.3781699999 923766.3822045
21,923766.42255,80.69049997720867,107,109,0.4844455250176078,0.49782886866052617,1.167837837935661,0.9810786928449359,3d gaze,-4.66842007886867,-13.031284768809336,288.34678198013484,923766.42255 923766.4265845 923766.430619 923766.4346535 923766.438688 923766.4427225001 923766.4467569999 923766.4507915 923766.4548259999 923766.4588605 923766.462895 923766.4669295 923766.4709645 923766.4749990001 923766.4790335 923766.4830680001 923766.4871024999 923766.491137 923766.4951714999 923766.499206 923766.5032405
22,923766.507275,125.07049995474517,110,113,0.49553886327448954,0.512683755685824,1.2376511395397698,0.987665512599051,3d gaze,0.5167357592343114,-17.933866680623154,305.619921873874,923766.507275 923766.5113095001 923766.515344 923766.5193785001 923766.5234129999 923766.5274475 923766.531482 923766.5355165 923766.539551 923766.5435855 923766.5476205 923766.5516550001 923766.5556895 923766.559724 923766.5637584999 923766.567793 923766.5718275 923766.575862 923766.5798965 923766.583931 923766.5879655001 923766.592 923766.5960345 923766.6000689999 923766.6041035 923766.608138 923766.6121725 923766.6162070001 923766.6202415 923766.6242765 923766.6283110001 923766.6323454999
23,923766.6807595,213.83000002242625,115,121,0.5114506550829611,0.5532112319915277,1.1619003517427076,0.9728372804820538,3d gaze,10.967026111708398,-38.21863991503793,398.8550240444991,923766.6807595 923766.684794 923766.6888285 923766.692863 923766.6968975 923766.7009320001 923766.7049664999 923766.7090014999 923766.713036 923766.7170705 923766.721105 923766.7251395 923766.729174 923766.737243 923766.7412775 923766.7453119999 923766.7493465 923766.7533809999 923766.7574155 923766.76145 923766.769519 923766.7735540001 923766.7775885 923766.781623 923766.789692 923766.7937265 923766.797761 923766.8017955001 923766.80583 923766.8098645001 923766.813899 923766.8179335 923766.8219679999 923766.8300369999 923766.8340715 923766.8421405 923766.8461750001 923766.8502095 923766.854244 923766.8582784999 923766.862313 923766.8663475 923766.874417 923766.8784515001 923766.882486 923766.8865205001 923766.8905549999 923766.8945895
24,923767.0035214999,84.72550008445978,124,127,0.49163245412451334,0.48277417330358946,1.4404639453144803,0.9928382228721272,3d gaze,-1.2631250300558312,-8.862889008906976,279.6500734904796,923767.0035214999 923767.007556 923767.0115905 923767.015625 923767.0196595 923767.023694 923767.0277285001 923767.031763 923767.0357975 923767.0398325 923767.0438669999 923767.0479015 923767.051936 923767.0559705 923767.0600050001 923767.0640395 923767.0680740001 923767.0721084999 923767.076143 923767.0801774999 923767.0842124999 923767.088247
25,923767.1568334999,88.76000018790364,129,132,0.4953823250240889,0.504971678809267,1.4900379311939445,0.9638711939687314,3d gaze,0.4441008370908783,-15.389498322369382,296.5228504928402,923767.1568334999 923767.160868 923767.1649025 923767.168937 923767.1729715001 923767.177006 923767.1810405 923767.1850749999 923767.1891095 923767.193144 923767.1971785 923767.201213 923767.2052475 923767.2092825 923767.2133170001 923767.2173515 923767.221386 923767.2254204999 923767.229455 923767.2334895 923767.2375245 923767.241559 923767.2455935001
26,923767.249628,217.86400000564754,132,138,0.48574033963190527,0.4824919816538641,1.381491796724934,0.9858459212563254,3d gaze,-3.7304700708280505,-8.271025520125052,264.547755198525,923767.249628 923767.2536625001 923767.2576969999 923767.2617315 923767.265766 923767.2698005 923767.273835 923767.2778695 923767.281904 923767.2859385 923767.2899730001 923767.2940074999 923767.298042 923767.3020764999 923767.306111 923767.3101455 923767.31418 923767.3182145001 923767.322249 923767.3262835001 923767.3303179999 923767.3343525 923767.338387 923767.3424215 923767.346456 923767.3504905 923767.354525 923767.3585595 923767.3625945 923767.366629 923767.3706634999 923767.374698 923767.3787325 923767.382767 923767.3868015 923767.3908365001 923767.394871 923767.3989055001 923767.4029399999 923767.4069745 923767.4110089999 923767.4150435 923767.419078 923767.4231125 923767.427147 923767.4311815 923767.4352160001 923767.4392504999 923767.443285 923767.4473194999 923767.451354 923767.4553885 923767.459423 923767.4634575001 923767.467492
27,923767.5118714999,80.69099998101592,140,142,0.5009098270649281,0.5004562627260135,1.208925971889983,0.9839626025585901,3d gaze,3.096009057928985,-14.39642236949453,301.3490972542978,923767.5118714999 923767.515906 923767.5199404999 923767.5239755 923767.52801 923767.532044 923767.5360785001 923767.5401135001 923767.5441485001 923767.548183 923767.5522175 923767.5562519999 923767.5602865 923767.564321 923767.5683555 923767.57239 923767.5764245 923767.5804590001 923767.5844935 923767.588528 923767.5925624999
28,923767.596597,217.86400000564754,142,149,0.49194136403741767,0.4850878227990094,1.0317403412787853,0.9869568530056212,3d gaze,-1.1471332661253515,-9.239097789547209,274.8342958516951,923767.596597 923767.6006315 923767.604666 923767.6087005 923767.612735 923767.6167695001 923767.620804 923767.6248385 923767.6288729999 923767.6329075 923767.636942 923767.6409765 923767.645011 923767.6490455 923767.6530800001 923767.6571145 923767.661149 923767.6651834999 923767.669218 923767.6732525 923767.677287 923767.6813215 923767.685356 923767.689391 923767.693426 923767.6974605 923767.7014949999 923767.7055295 923767.7135985 923767.717633 923767.7216675 923767.7257020001 923767.7297365 923767.733771 923767.7378054999 923767.74184 923767.7458744999 923767.749909 923767.7539435 923767.757978 923767.7620125001 923767.766047 923767.7700815 923767.7741159999 923767.7781505 923767.782185 923767.7862195 923767.790254 923767.7942885 923767.7983230001 923767.8023575 923767.806392 923767.8104264999 923767.814461
29,923768.048464,84.72450007684529,156,158,0.48995366916393956,0.5529277421116582,1.4416061340969863,0.9942658001726324,3d gaze,-2.284871842558569,-29.5701830510406,309.59920700979904,923768.048464 923768.0524985001 923768.056533 923768.0605675001 923768.0646019999 923768.0686365 923768.0726709999 923768.0767055 923768.08074 923768.0847745 923768.088809 923768.0928435 923768.0968780001 923768.1009124999 923768.104947 923768.1089814999 923768.113016 923768.1170505 923768.121085 923768.1251195001 923768.129154 923768.1331885001
30,923768.1372229999,104.8980001360178,158,161,0.5062687696528857,0.5414355695157147,1.346965391798877,0.9891806487683896,3d gaze,5.429685085069019,-24.476842080922243,287.52321718112483,923768.1372229999 923768.1412575 923768.1452919999 923768.1493265 923768.153361 923768.1573955 923768.16143 923768.1654650001 923768.1694995 923768.1735340001 923768.1775684999 923768.181603 923768.185638 923768.1896725 923768.193707 923768.1977415 923768.201776 923768.2058105001 923768.209845 923768.2138795 923768.2179139999 923768.2219485 923768.225983 923768.2300175 923768.234052 923768.2380865 923768.2421210001
31,923768.2461555,137.1740000322461,161,166,0.5009190513840361,0.5345897448672667,1.4857041310916317,0.9736959780965533,3d gaze,2.9007096564395156,-22.170602747439446,280.381841765365,923768.2461555 923768.25019 923768.2542244999 923768.258259 923768.2622935 923768.266328 923768.2703625001 923768.274397 923768.2784315001 923768.282466 923768.2865005 923768.2905349999 923768.2945695 923768.298604 923768.3026385 923768.306673 923768.3107075 923768.3147420001 923768.3187770001 923768.3228114999 923768.326846 923768.3308805 923768.334915 923768.3389495 923768.342984 923768.3470185 923768.351053 923768.355088 923768.3591225 923768.3631569999 923768.3671915 923768.371226 923768.3752605 923768.379295 923768.3833295
32,923768.5285725,88.7589999474585,170,173,0.49766778859917987,0.5176763672081177,1.1560029244074261,0.9828214619470679,3d gaze,1.4138266208629973,-17.59923542151607,277.9625091977838,923768.5285725 923768.5326070001 923768.5366415 923768.5406760001 923768.5447104999 923768.548745 923768.5527794999 923768.556814 923768.5608485 923768.564883 923768.5689175001 923768.572952 923768.5769865001 923768.5810209999 923768.5850555 923768.58909 923768.5931245 923768.597159 923768.6011935 923768.6052280001 923768.6092625 923768.6132970001 923768.6173314999
33,923768.7060915,169.45000004488975,175,180,0.4955438111593593,0.5069749590032027,1.4021199414490735,0.975180143533751,3d gaze,0.481975083923359,-13.768749160103923,256.717786071279,923768.7060915 923768.710126 923768.7141605001 923768.718195 923768.7222295001 923768.7262639999 923768.7302985 923768.7343329999 923768.7383675 923768.742402 923768.7464365 923768.750471 923768.7545055 923768.7585400001 923768.7625744999 923768.766609 923768.770644 923768.7746785 923768.778713 923768.7827475 923768.786782 923768.7908165001 923768.794851 923768.7988855001 923768.8029199999 923768.8069545 923768.8109889999 923768.8150235 923768.819058 923768.8230925 923768.8271270001 923768.8311615 923768.835196 923768.839231 923768.8432654999 923768.8473 923768.8513345 923768.855369 923768.8594035001 923768.863438 923768.8674725001 923768.871507 923768.8755415
34,923768.923956,96.82850004173815,182,185,0.5105340506631351,0.5450318184729561,1.4559160042968133,0.9834513664245605,3d gaze,8.955706083434496,-30.585688654429365,345.1431187612008,923768.923956 923768.9279905 923768.932025 923768.9360595 923768.940094 923768.9441285001 923768.9481629999 923768.9521975 923768.9562319999 923768.9602665 923768.964301 923768.9683355 923768.9723700001 923768.9764045 923768.9804390001 923768.9844734999 923768.988508 923768.9925425 923768.996577 923769.0006115 923769.004646 923769.008681 923769.0127155001 923769.01675 923769.0207845
35,923769.0248189999,181.55350000597537,185,190,0.5093437741896895,0.5510987436895285,1.329566858640093,0.9802379970965178,3d gaze,8.123681831025841,-31.908344695826717,339.1614381921216,923769.0248189999 923769.0288535 923769.032888 923769.0369225 923769.040957 923769.0449915 923769.0490260001 923769.0530605 923769.057095 923769.0611294999 923769.065164 923769.0691984999 923769.073233 923769.0772675 923769.081302 923769.085337 923769.0893715001 923769.0934059999 923769.0974405 923769.1014749999 923769.1055095 923769.109544 923769.1135785 923769.1176130001 923769.1216475 923769.1256820001 923769.1297164999 923769.133751 923769.1377854999 923769.14182 923769.1458545 923769.149889 923769.1539235 923769.157958 923769.1619925001 923769.1660269999 923769.1700619999 923769.1740965 923769.178131 923769.1821655 923769.1862 923769.1902345 923769.1942690001 923769.1983035 923769.2023380001 923769.2063724999
36,923769.2305795001,121.03599985130131,191,194,0.5054103128583296,0.5117096351464647,1.1246403225805492,0.9884191328479398,3d gaze,5.37773021539095,-17.64179393462633,304.8306985085183,923769.2305795001 923769.234614 923769.238649 923769.2426835 923769.2467179999 923769.2507525 923769.254787 923769.2588215 923769.262856 923769.2668905 923769.2709250001 923769.2749595 923769.278994 923769.2830284999 923769.287063 923769.2910975 923769.295132 923769.2991665 923769.303201 923769.3072355001 923769.31127 923769.3153045 923769.3193389999 923769.3233735 923769.327408 923769.3314425 923769.335477 923769.339512 923769.3435465 923769.3475810001 923769.3516154999
37,923769.3919609999,104.89750001579523,196,199,0.5108454653748021,0.5274468785595698,1.398482077126573,0.9755597754761025,3d gaze,7.71000746511736,-21.101448721742706,292.09615443250954,923769.3919609999 923769.3959955 923769.4000299999 923769.4040645 923769.408099 923769.4121335 923769.4161680001 923769.4202025 923769.424237 923769.4282714999 923769.432306 923769.4363405 923769.440375 923769.4444095 923769.448444 923769.4524785001 923769.456513 923769.4605475 923769.4645819999 923769.4686165 923769.472651 923769.4766855 923769.48072 923769.4847545 923769.4887890001 923769.4928240001 923769.4968585
38,923769.527856,96.8280000379309,200,203,0.46347251628729913,0.48285782679741557,1.3968062489874316,0.9964851232675406,3d gaze,-38.737201630112615,-24.39057290647818,771.6339331468041,923769.527856 923769.535925 923769.543994 923769.552063 923769.560132 923769.568201 923769.57627 923769.584339 923769.592408 923769.600477 923769.608546 923769.616615 923769.624684
39,923769.900311,80.68999997340143,211,213,0.45007823226708815,0.6179079355176006,1.4940458050901733,0.9968113189651853,3d gaze,-17.960647452517474,-38.62337798904092,247.26451947888802,923769.900311 923769.9043455 923769.9083799999 923769.9124145 923769.916449 923769.9204835 923769.924518 923769.9285525 923769.9325870001 923769.9366215 923769.940656 923769.9446904999 923769.948725 923769.9527595 923769.956794 923769.9608285 923769.964863 923769.9688975001 923769.972932 923769.9769665 923769.9810009999
40,923769.985036,80.69049997720867,213,216,0.44104687423114136,0.641792099188401,1.1252058438514534,1.0,3d gaze,-21.126818418744417,-43.12986254447719,241.0057923880227,923769.985036 923769.9890705 923769.993105 923769.9971395 923770.001174 923770.0052090001 923770.0092435 923770.013278 923770.0173124999 923770.021347 923770.0253815 923770.029416 923770.0334505 923770.037485 923770.0415195001 923770.045554 923770.0495885 923770.0536229999 923770.0576575 923770.061692 923770.0657265
41,923770.069761,104.89800001960248,216,219,0.4284638160049416,0.6331069091978322,1.4151671320703763,0.9936943032123424,3d gaze,-27.214350024451075,-42.96210828114819,250.83075012084066,923770.069761 923770.0737955 923770.0778300001 923770.0818645 923770.085899 923770.0899334999 923770.093968 923770.0980025 923770.102037 923770.1060715 923770.110106 923770.1141405001 923770.118175 923770.1222095 923770.1262439999 923770.1302785 923770.134313 923770.1383475 923770.142382 923770.1464165 923770.1504510001 923770.1544855 923770.1585205 923770.1625554999 923770.16659 923770.1706245 923770.174659
42,923770.1786935,181.55350000597537,219,225,0.43684343968626593,0.6475129717053923,1.4431993348902306,0.9896738367236179,3d gaze,-28.520338835713286,-55.55128187765483,301.41043724354904,923770.1786935 923770.182728 923770.1867625 923770.190797 923770.1948315001 923770.1988659999 923770.2029005 923770.2069349999 923770.2109695 923770.215004 923770.2190385 923770.2230730001 923770.2271075 923770.2311420001 923770.2351764999 923770.239211 923770.2432455 923770.24728 923770.2513145 923770.255349 923770.2593835 923770.263418 923770.2674525001 923770.2714869999 923770.2755215 923770.2795559999 923770.2835905 923770.287625 923770.2916595 923770.2956940001 923770.2997285 923770.3037630001 923770.3077974999 923770.311832 923770.315867 923770.319902 923770.3239365 923770.327971 923770.3320055 923770.33604 923770.3400745001 923770.3441089999 923770.3481435 923770.3521779999 923770.3562125 923770.360247
43,923770.3683160001,217.86399988923222,225,231,0.4566501168416509,0.6418688110785983,1.3412800589955798,0.9859239827502858,3d gaze,-19.36426544943131,-55.83211001631003,312.42592945309656,923770.3683160001 923770.3723505 923770.3763850001 923770.3804194999 923770.384454 923770.3884885 923770.392523 923770.3965575 923770.400592 923770.4046265 923770.408661 923770.4126955001 923770.4167299999 923770.4207645 923770.4247989999 923770.4288335 923770.432868 923770.4369025 923770.4409370001 923770.4449715 923770.4490060001 923770.4530404999 923770.457075 923770.4611095 923770.465144 923770.4691785 923770.4732135 923770.477248 923770.4812825001 923770.4853175001 923770.489352 923770.4933865 923770.4974209999 923770.5014555 923770.50549 923770.5095245 923770.513559 923770.5175935 923770.5216280001 923770.5256625 923770.529697 923770.5337314999 923770.537766 923770.5418005 923770.545835 923770.5498695 923770.553904 923770.5579385001 923770.561973 923770.5660075 923770.5700419999 923770.5740765 923770.578111 923770.5821455 923770.58618
44,923770.650733,104.89700001198798,233,236,0.4476650635437505,0.6290799425058241,1.3417698946976069,0.9783773046952707,3d gaze,-19.87556621048673,-43.22601325525713,259.13429173467244,923770.650733 923770.6547675 923770.658802 923770.6628365 923770.6668710001 923770.6709055 923770.67494 923770.6789744999 923770.683009 923770.6870435 923770.691078 923770.6951125 923770.699147 923770.7031815001 923770.707216 923770.7112505 923770.7152849999 923770.7193195 923770.723354 923770.7273885 923770.731423 923770.7354575 923770.7394920001 923770.7435265 923770.747561 923770.7515954999 923770.75563
45,923770.900873,197.69199995789677,241,247,0.5020200279176925,0.5444682768702247,1.4391408796947942,0.9904120290279388,3d gaze,3.905731460738175,-28.270014778090008,321.01432582692087,923770.900873 923770.9049075 923770.908942 923770.9129765 923770.917011 923770.9210455 923770.9250805001 923770.929115 923770.9331495 923770.9371839999 923770.9412185 923770.945253 923770.9492875 923770.953322 923770.9573565 923770.9613910001 923770.9654255 923770.96946 923770.9734944999 923770.9775295 923770.981564 923770.9855985 923770.989633 923770.9936675 923770.997702 923771.0017365001 923771.0057709999 923771.0098055 923771.0138399999 923771.0178745 923771.021909 923771.0259435 923771.0299780001 923771.0340125 923771.0380470001 923771.0420814999 923771.046116 923771.0501505 923771.054185 923771.0582195 923771.062254 923771.0662885 923771.070323 923771.0743575001 923771.0783919999 923771.0824265 923771.0864615 923771.090496 923771.0945305 923771.098565
46,923771.149735,258.20899999234825,248,256,0.46911878002119,0.46643216088430667,1.280162078916161,0.8674092769537457,3d gaze,-31.176336029770084,-12.601279117071527,758.3125975901518,923771.149735 923771.407944
47,923771.4858794999,84.72500008065253,258,261,0.47744285856666446,0.5277471169406244,1.409410878548896,0.9935493259538304,3d gaze,-12.983703209960323,-33.61839760919974,464.6406904021689,923771.4858794999 923771.489914 923771.4939485 923771.497983 923771.5020175 923771.506052 923771.5100865 923771.514121 923771.5181555001 923771.5221899999 923771.5262245 923771.5302589999 923771.5342935 923771.538328 923771.5423625 923771.5463970001 923771.5504315 923771.5544665 923771.558501 923771.5625354999 923771.56657 923771.5706045
48,923771.635157,117.00099997688085,263,266,0.4763153679785823,0.4946020713755392,1.478180972250624,0.9925404588381449,3d gaze,-7.3387174882510555,-10.633247126666156,250.50206893524557,923771.635157 923771.6391915 923771.643226 923771.6472605 923771.651295 923771.6553295 923771.659364 923771.6633985001 923771.6674329999 923771.6714675 923771.6755019999 923771.6795365 923771.683571 923771.6876055 923771.6916400001 923771.6956745 923771.6997095 923771.703744 923771.7077784999 923771.711813 923771.7158475 923771.719882 923771.7239165 923771.727951 923771.7319855001 923771.73602 923771.7400545 923771.7440889999 923771.7481235 923771.752158
49,923771.8610904999,153.3120000967756,269,274,0.48228024158603006,0.4964106540179635,1.4771588731129797,0.9821633772972302,3d gaze,-4.976441780085258,-11.1603676158702,253.82551764501383,923771.8610904999 923771.865125 923771.8691595 923771.873194 923771.8772285001 923771.881263 923771.8852975001 923771.8893319999 923771.8933665 923771.897401 923771.9014355 923771.90547 923771.9095045 923771.913539 923771.9175735 923771.9216080001 923771.9256424999 923771.929677 923771.9337114999 923771.937746 923771.9417805 923771.945815 923771.9498495001 923771.953884 923771.9579185001 923771.9619535 923771.9659879999 923771.9700225 923771.974057 923771.9780915 923771.982126 923771.9861605 923771.9901950001 923771.9942295 923771.998264 923772.0022984999 923772.0063334999 923772.010368 923772.0144025
50,923772.0466785,88.75950006768107,275,277,0.49768573006659783,0.4966104017680595,1.4358307660249932,0.9939804414044255,3d gaze,1.5364631200971262,-12.924119232578917,293.25827366116937,923772.0466785 923772.050713 923772.0547475 923772.058782 923772.0628165 923772.0668510001 923772.0708854999 923772.07492 923772.0789544999 923772.082989 923772.0870235 923772.091058 923772.0950925001 923772.099127 923772.1031615001 923772.1071959999 923772.1112305 923772.1152655 923772.1192999999 923772.1233345 923772.127369 923772.1314035 923772.1354380001
51,923772.1757835001,80.68999997340143,279,281,0.48255808793446164,0.5260945658887719,1.4721347318974531,0.9875925069763547,3d gaze,-5.745048741666825,-21.087470417373446,297.0217920255088,923772.1757835001 923772.179818 923772.1838525 923772.1878869999 923772.1919215 923772.195956 923772.1999905 923772.204025 923772.2080595 923772.2120940001 923772.2161285 923772.220163 923772.2241974999 923772.228232 923772.2322665 923772.236301 923772.2403355 923772.24437 923772.2484045001 923772.252439 923772.2564735
52,923772.2605079999,217.86500001326203,281,288,0.4951075413785939,0.5392530161227774,1.3139539862012688,0.994185381044041,3d gaze,0.3474391906160691,-28.085879601182967,338.1765169007735,923772.2605079999 923772.2645425 923772.268577 923772.2726115 923772.276646 923772.2806805 923772.2847150001 923772.2887495 923772.2927844999 923772.296819 923772.3008535 923772.304888 923772.3089225 923772.312957 923772.3169915 923772.3210265001 923772.325061 923772.3290955 923772.3331299999 923772.3371645 923772.341199 923772.3452335 923772.349268 923772.3533025 923772.3573370001 923772.3613715 923772.365406 923772.3694404999 923772.373475 923772.3775095 923772.381544 923772.3855785 923772.389613 923772.3936475001 923772.397682 923772.4017165 923772.4057509999 923772.4097855 923772.41382 923772.4178545 923772.421889 923772.4259235 923772.4299580001 923772.4339925 923772.438027 923772.4420614999 923772.446096 923772.4501305 923772.4541655 923772.4582 923772.4622345 923772.466269 923772.4703035001 923772.4743385001 923772.4783729999
53,923772.4824075,104.89699989557266,288,291,0.49783439874063773,0.5144555047472322,1.4450219441097958,0.9962172364747083,3d gaze,1.617092167551592,-18.192256966206283,300.9588832090277,923772.4824075 923772.486442 923772.4904765 923772.494511 923772.4985455 923772.50258 923772.5066145 923772.5106490001 923772.5146834999 923772.518718 923772.5227524999 923772.526787 923772.5308215 923772.534856 923772.5388905001 923772.542925 923772.5469595001 923772.5509939999 923772.5550285 923772.559063 923772.5630975 923772.567132 923772.5711665 923772.575201 923772.5792355 923772.5832700001 923772.5873044999
54,923772.682854,121.03599996771663,294,297,0.45435431384983865,0.501017017947531,0.5728980488493537,0.8191762834130877,3d gaze,-51.20002222339184,-37.959388779416194,788.2322465288245,923772.682854 923772.707061 923772.80389
55,923773.0068955,80.69049997720867,303,306,0.46522233164466587,0.49101229115549994,1.4728246351854015,0.9829311810788655,3d gaze,-13.269830061643793,-11.081818880339936,283.260792965198,923773.0068955 923773.01093 923773.0149645 923773.0189990001 923773.0230335 923773.027068 923773.0311024999 923773.035137 923773.0391715 923773.043206 923773.0472405 923773.051275 923773.0553095001 923773.059344 923773.0633785 923773.0674129999 923773.0714475 923773.075482 923773.079517 923773.0835515 923773.087586
56,923773.5152455,137.1740000322461,319,323,0.47818577207207,0.5228064437053359,1.4574560927860172,0.9945957975728171,3d gaze,-8.277448799920299,-21.339390275195825,314.22162962467365,923773.5152455 923773.51928 923773.5233145 923773.527349 923773.5313835 923773.5354180001 923773.5394525 923773.543487 923773.547522 923773.5515565 923773.555591 923773.5596255 923773.56366 923773.5676945 923773.571729 923773.5757635001 923773.5797979999 923773.5838325 923773.587867 923773.5919015 923773.595936 923773.599971 923773.6040055 923773.6080400001 923773.6120745 923773.616109 923773.6201434999 923773.624178 923773.6282125 923773.632247 923773.6362815 923773.640316 923773.6443505001 923773.648385 923773.6524195
57,923773.910629,177.51949990633875,330,336,0.49528796051221247,0.5097786516330862,1.4691998068798062,0.9883611486071632,3d gaze,0.39628369504075844,-18.887449612204772,335.2184536977552,923773.910629 923773.9146635 923773.918698 923773.922733 923773.9267675 923773.930802 923773.9348365001 923773.938871 923773.9429055001 923773.9469399999 923773.9509745 923773.955009 923773.9590435 923773.963078 923773.9671125 923773.971147 923773.9751815 923773.9792160001 923773.9832504999 923773.987285 923773.9913194999 923773.995354 923773.9993885 923774.003423 923774.007458 923774.0114925 923774.0195615 923774.0276305 923774.031665 923774.0356995 923774.039734 923774.0437685 923774.0478030001 923774.0518375 923774.055872 923774.0599064999 923774.063941 923774.0679755 923774.07201 923774.0760445 923774.080079 923774.0881485
58,923774.092183,217.86400000564754,336,342,0.49962425101392066,0.5268573883544045,1.151198624300188,0.985308947386565,3d gaze,3.3017410784999064,-29.6529787330358,413.28102024620097,923774.092183 923774.0962175 923774.100252 923774.1042865 923774.108321 923774.1123555 923774.1204245 923774.1244590001 923774.1284935 923774.132528 923774.1365624999 923774.140597 923774.1446315 923774.148666 923774.1527005 923774.156735 923774.16077 923774.1648045001 923774.1688389999 923774.1728735 923774.176908 923774.1809425 923774.184977 923774.1890115 923774.1930460001 923774.1970805 923774.2011150001 923774.2051494999 923774.209184 923774.2132185 923774.217253 923774.2212875 923774.225322 923774.2293565 923774.233391 923774.2374255001 923774.2414599999 923774.2454945 923774.249529 923774.253564 923774.2575985 923774.261633 923774.2656675 923774.2697020001 923774.2737365 923774.277771 923774.2818054999 923774.28584 923774.2898745 923774.293909 923774.2979435 923774.301978 923774.3060125001 923774.310047
59,923774.3140815,117.0014999806881,343,346,0.5036127594595058,0.543227712990463,1.3849129861733713,0.9810220122337341,3d gaze,5.92049711731859,-35.50331240791831,409.6169188054843,923774.3140815 923774.3181159999 923774.3221509999 923774.3261855 923774.33022 923774.3342545 923774.338289 923774.3423235 923774.3463580001 923774.3503924999 923774.354427 923774.3584615 923774.362496 923774.3665305 923774.370565 923774.3745995 923774.378634 923774.3826685001 923774.3867029999 923774.3907375 923774.3947719999 923774.3988065 923774.402841 923774.4068755 923774.41091 923774.4149445 923774.4189790001 923774.423014 923774.4270484999 923774.431083
60,923774.475463,96.8280000379309,347,350,0.5239863469992729,0.5614380712964081,1.3547760532705597,0.9710794579982758,3d gaze,16.421882643033975,-35.593828198464315,344.003666373133,923774.475463 923774.4794975 923774.483532 923774.4875665 923774.4916010001 923774.4956355 923774.49967 923774.5037045 923774.507739 923774.5117735 923774.515808 923774.5198425 923774.523877 923774.5279115001 923774.531946 923774.5359805 923774.5400149999 923774.5440495 923774.548084 923774.5521185 923774.556153 923774.5601875 923774.5642220001 923774.5682565 923774.572291
61,923774.661051,80.69049997720867,353,355,0.5042033110106368,0.5577070314302967,0.9289689359796028,0.9860750039418539,3d gaze,7.83097739333668,-49.40642875853265,494.82601221912546,923774.661051 923774.6650855 923774.66912 923774.6731545 923774.677189 923774.6812235 923774.6852579999 923774.6892925 923774.693327 923774.6973615 923774.701396 923774.7054305 923774.7094650001 923774.7134995 923774.717534 923774.7215684999 923774.725603 923774.7296375 923774.733672 923774.737707 923774.7417415
62,923774.7498105001,104.89750001579523,356,359,0.48931722663178967,0.5376484284616698,1.3215125231496776,0.9795324075222015,3d gaze,-3.345995627869812,-33.27257115865974,407.84449109328153,923774.7498105001 923774.7578795 923774.761914 923774.7659485 923774.7740175 923774.778052 923774.7820870001 923774.7861215 923774.7901560001 923774.7941904999 923774.798225 923774.8022595 923774.806294 923774.8103285 923774.814363 923774.8183975 923774.822432 923774.8264665001 923774.8305009999 923774.8345355 923774.83857 923774.8426045 923774.846639 923774.8506735 923774.8547080001
63,923774.8627770001,88.759999955073,359,362,0.5017233200424637,0.5449952189270044,1.2051439675090767,0.9601488307766293,3d gaze,5.495309913917919,-41.111618995115535,464.53206772265304,923774.8627770001 923774.8668114999 923774.870846 923774.8748805 923774.878915 923774.8829495 923774.886984 923774.8910185 923774.895053 923774.8990875001 923774.9031219999 923774.9071565 923774.911191 923774.915226 923774.9192605 923774.923295 923774.92733 923774.9313645 923774.9353990001 923774.9394334999 923774.943468 923774.9475025 923774.951537
64,923774.9591099999,145.2430000063032,362,366,0.4854506028160068,0.5248137326384505,1.1557138414869403,0.9677879327052349,3d gaze,-4.678681784213798,-22.466259191388954,321.681327256825,923774.9591099999 923774.9631445 923774.9671789999 923774.9712135 923774.975248 923774.9792825 923774.983317 923774.9873515 923774.9913860001 923774.9954204999 923774.999455 923775.0034894999 923775.007524 923775.0115585 923775.015593 923775.0196275001 923775.023662 923775.0276965001 923775.0317309999 923775.0357655 923775.0397999999 923775.0438345 923775.047869 923775.0519035 923775.055938 923775.0599725 923775.0640070001 923775.068042 923775.0720764999 923775.076111 923775.0801455 923775.08418 923775.088215 923775.0922495001 923775.096284 923775.1003185001 923775.104353
65,923775.1366290001,157.3464998509735,367,372,0.5175891125345141,0.5499638335832323,1.4295601306844474,0.9718543514609337,3d gaze,14.6210303085084,-36.41725056107927,391.2319672311576,923775.1366290001 923775.1406635 923775.144698 923775.1487324999 923775.152767 923775.1568015 923775.160836 923775.1648705001 923775.168905 923775.1729395001 923775.176974 923775.1810085 923775.1850429999 923775.1890775 923775.193112 923775.1971465 923775.201181 923775.2052155 923775.2092500001 923775.2132845 923775.217319 923775.2213534999 923775.225388 923775.2294225 923775.233457 923775.237492 923775.2415265 923775.245561 923775.2495955001 923775.2536299999 923775.2576645 923775.2616989999 923775.2657335 923775.269768 923775.273803 923775.2778375 923775.2818720001 923775.2859065 923775.289941 923775.2939754999
66,923775.3585275,92.79400005470961,374,376,0.466692487377059,0.5435317223083193,1.4977694868282463,0.9947107682625452,3d gaze,-14.655142558242643,-28.40426701886409,326.3858438341061,923775.3585275 923775.362562 923775.3665964999 923775.370631 923775.3746654999 923775.3787 923775.3827345 923775.386769 923775.3908035001 923775.394838 923775.3988725 923775.4029069999 923775.4069419999 923775.4109765 923775.415011 923775.4190455 923775.4230800001 923775.4271145 923775.4311490001 923775.4351834999 923775.439218 923775.4432524999 923775.447287 923775.4513215
67,923775.5723575,84.72499996423721,380,383,0.4002621932861726,0.46205926534615105,1.282500672548654,0.9721554097804156,3d gaze,-50.28387483771033,-4.246454668883692,327.96842478703513,923775.5723575 923775.5763920001 923775.5804265 923775.584461 923775.5884954999 923775.59253 923775.5965645 923775.600599 923775.6046335 923775.608668 923775.6127025001 923775.616737 923775.6207715 923775.6248059999 923775.6288405 923775.632875 923775.6369095 923775.640944 923775.6449785 923775.6490130001 923775.6530480001 923775.6570824999
68,923775.7176,145.2430000063032,384,389,0.3897505008150815,0.4457270247460517,1.4385003037981527,0.9925889316442851,3d gaze,-53.88177421942561,0.714999109612759,314.99568573812047,923775.7176 923775.7216345 923775.7256690001 923775.729704 923775.7337384999 923775.737773 923775.7418075 923775.745842 923775.7498765 923775.753911 923775.7579455001 923775.76198 923775.7660145 923775.7700489999 923775.7740835 923775.7781179999 923775.7821525 923775.786187 923775.7902215 923775.7942560001 923775.7982905 923775.802325 923775.8063594999 923775.810394 923775.8144285 923775.818463 923775.8224975 923775.826532 923775.8305665001 923775.834601 923775.8386355 923775.8426699999 923775.8467049999 923775.8507395 923775.854774 923775.8588085 923775.862843
69,923775.8668775,133.13900004141033,389,393,0.39103180011874167,0.4654697981576901,1.4946539475177523,0.9687377179370207,3d gaze,-62.771275827560096,-5.981871198976393,371.3032816668027,923775.8668775 923775.8709120001 923775.8749465 923775.878981 923775.8830154999 923775.88705 923775.891085 923775.8951195 923775.899154 923775.9031885 923775.907223 923775.9112575001 923775.9152919999 923775.9193265 923775.9233609999 923775.9273955 923775.93143 923775.9354645 923775.9394990001 923775.9435335 923775.9475680001 923775.9516024999 923775.955637 923775.9596715 923775.963706 923775.9677405 923775.971775 923775.9758095 923775.979844 923775.9838785001 923775.9879129999 923775.9919475 923775.9959819999 923776.0000165
70,923776.076673,108.93149999901652,395,398,0.39294695820413084,0.4529404399506034,1.4423920646473325,0.9889942450182778,3d gaze,-54.74681005791282,-1.4956524447043331,330.3232528369869,923776.076673 923776.0807075 923776.0847420001 923776.0887765 923776.0928110001 923776.0968454999 923776.10088 923776.1049145 923776.108949 923776.1129835 923776.117018 923776.1210525 923776.125087 923776.1291215001 923776.1331559999 923776.1371905 923776.1412249999 923776.1452595 923776.149294 923776.1533285 923776.1573630001 923776.1613975 923776.1654320001 923776.1694664999 923776.173501 923776.1775355 923776.18157 923776.1856045
71,923776.488194,80.690500093624,407,410,0.38731693434336345,0.49110506969353035,1.3366498503271267,0.981839382648468,3d gaze,-66.69257664452063,-15.081609512663169,380.7460292638453,923776.488194 923776.4922285001 923776.496263 923776.5002975 923776.5043319999 923776.5083665 923776.512401 923776.5164355 923776.52047 923776.528539 923776.5325735 923776.536608 923776.5406424999 923776.544677 923776.5487115 923776.5527465 923776.556781 923776.5608155001 923776.56485 923776.5688845001
72,923776.8190250001,117.00099986046553,417,421,0.4452166805005983,0.44536590329290326,1.2885534779955548,0.9783294409513473,3d gaze,-24.833905814032565,0.5706931104571036,312.4625404043348,923776.8190250001 923776.8230595 923776.8270940001 923776.8311284999 923776.835163 923776.8391975 923776.843232 923776.8472665 923776.851301 923776.8553355 923776.85937 923776.8634045001 923776.8674389999 923776.8714735 923776.8755085 923776.879543 923776.8835775 923776.887612 923776.8916465 923776.8956810001 923776.8997155 923776.90375 923776.9077844999 923776.911819 923776.9158535 923776.919888 923776.9239225 923776.927957 923776.9319915001 923776.936026
73,923776.9400605,117.0014999806881,421,424,0.45049366156491727,0.46391945726029166,1.1972059299240077,0.9813342680533726,3d gaze,-29.202092120817884,-5.9662599765005995,410.63227629419686,923776.9400605 923776.9440949999 923776.9481295 923776.952164 923776.9561985 923776.960233 923776.9642675 923776.9683020001 923776.9723365 923776.976371 923776.9804054999 923776.98444 923776.9884745 923776.9925095 923776.996544 923777.0005785 923777.004613 923777.0086475001 923777.012682 923777.0167165 923777.0207509999 923777.0247855 923777.02882 923777.0328545 923777.0368890001 923777.0409235 923777.0449585 923777.0489930001 923777.0530274999 923777.057062
74,923777.15389,108.93250000663102,427,430,0.4654570919495736,0.5005685047488437,1.4116577620864854,0.9590896900211062,3d gaze,-23.64975488048903,-24.031556573399836,501.99779295252245,923777.15389 923777.1579245001 923777.1619589999 923777.1659935 923777.170028 923777.1740625 923777.178097 923777.1821315 923777.1861665 923777.1902010001 923777.1942355 923777.19827 923777.2023044999 923777.2063394999 923777.210374 923777.2144085 923777.218443 923777.2224775001 923777.226512 923777.2305465001 923777.2345809999 923777.2386155 923777.24265 923777.2466845 923777.250719 923777.2547535 923777.258788 923777.2628225
75,923777.371755,88.7589999474585,434,436,0.41613999657107925,0.41487554911028773,1.3346440743715098,0.991770666270029,3d gaze,-31.65101778020339,7.569010198937302,248.91476195398528,923777.371755 923777.3757895001 923777.379824 923777.3838585 923777.3878929999 923777.3919275 923777.395962 923777.3999965 923777.404031 923777.4080655 923777.4121000001 923777.4161345 923777.420169 923777.4242034999 923777.4322725 923777.436307 923777.4403415 923777.4484105 923777.452445 923777.4564795 923777.4605139999
76,923777.4645485,108.93250000663102,437,440,0.4051119065910914,0.43824679883418943,1.4194578126953734,0.9849401226750126,3d gaze,-36.53515435840594,2.2297601260655435,251.05249354904643,923777.4645485 923777.468583 923777.4726175 923777.476652 923777.4806865 923777.4847210001 923777.4887555 923777.4968245 923777.500859 923777.5048935 923777.508928 923777.5129625 923777.516997 923777.5210315001 923777.525066 923777.5291005 923777.5331349999 923777.5371699999 923777.5412045 923777.545239 923777.5492735 923777.5533080001 923777.5573425 923777.5613770001 923777.5654114999 923777.569446 923777.573481
77,923777.6057569999,96.82850004173815,441,444,0.42655840103075954,0.48158351349479295,1.4789825105439576,0.9789650344848633,3d gaze,-31.051708858945272,-8.703893774853196,281.61649200394146,923777.6057569999 923777.6097915 923777.613826 923777.6178605 923777.621895 923777.6259295 923777.6299640001 923777.6339985 923777.638033 923777.6420674999 923777.646102 923777.6501365 923777.654171 923777.6582055 923777.66224 923777.6662745001 923777.670309 923777.6743435 923777.6783779999 923777.6824125 923777.686447 923777.690482 923777.6945165 923777.698551 923777.7025855
78,923777.7106544999,185.58800010941923,444,449,0.4243906987097612,0.4652999326865343,1.4909173787992847,0.9756118452295344,3d gaze,-28.278116885014747,-3.980067283833459,248.74743333151616,923777.7106544999 923777.714689 923777.7187235 923777.722758 923777.7267925 923777.730827 923777.7348615 923777.738896 923777.7429305001 923777.7469649999 923777.7509995 923777.7550339999 923777.7590685 923777.763103 923777.767138 923777.7711725 923777.775207 923777.7792415 923777.7832760001 923777.7873104999 923777.791345 923777.7953794999 923777.799414 923777.8034485 923777.807483 923777.8115175001 923777.815552 923777.8195865001 923777.8236209999 923777.8276555 923777.83169 923777.8357245 923777.839759 923777.8437935 923777.847828 923777.8518625 923777.8558970001 923777.859932 923777.8639664999 923777.868001 923777.8720355 923777.87607 923777.8801045 923777.884139 923777.8881735001 923777.892208 923777.8962425
79,923777.9365875,88.75949995126575,451,453,0.439695950986559,0.5067170513118082,1.3715629445614943,0.9612156813559325,3d gaze,-24.57235839555999,-14.90384639024825,276.7748399727103,923777.9365875 923777.940622 923777.9446565 923777.948691 923777.9527255 923777.95676 923777.960795 923777.9648295001 923777.9688639999 923777.9728985 923777.976933 923777.9809675 923777.985002 923777.9890365 923777.993071 923777.9971055 923778.0011400001 923778.0051744999 923778.009209 923778.0132434999 923778.017278 923778.0213125 923778.025347
80,923778.029382,173.4845000319183,453,459,0.4445614184351664,0.5114682143633962,1.4023649406894771,0.9576822343197736,3d gaze,-25.23034417061311,-18.04043820339876,312.1466981950556,923778.029382 923778.0334165 923778.037451 923778.0414855 923778.0455199999 923778.0495545 923778.053589 923778.0576235 923778.061658 923778.0656925 923778.0697270001 923778.0737615 923778.077796 923778.0818304999 923778.085865 923778.0898995 923778.093934 923778.0979685 923778.102003 923778.1060375 923778.110072 923778.1141065 923778.1181409999 923778.1221755 923778.12621 923778.1302445 923778.134279 923778.1383135 923778.1423480001 923778.1463825 923778.150417 923778.154452 923778.1584864999 923778.162521 923778.1665555 923778.17059 923778.1746245 923778.178659 923778.182694 923778.1867285001 923778.1907629999 923778.1947975 923778.198832 923778.2028665
81,923778.3642475,121.03500007651746,463,467,0.3989468740670123,0.4673832255308289,1.4727582149422587,0.9797890426651124,3d gaze,-48.579776858696015,-5.547750074927283,312.16881555900494,923778.3642475 923778.3682820001 923778.3723164999 923778.376351 923778.3803855 923778.38442 923778.3884545 923778.392489 923778.3965235 923778.400558 923778.4045925001 923778.4086269999 923778.4126615 923778.4166959999 923778.4207305 923778.424765 923778.4287995 923778.432834 923778.4368685 923778.4409030001 923778.4449374999 923778.448972 923778.4530065 923778.457041 923778.4610755 923778.46511 923778.4691445 923778.473179 923778.4772135001 923778.4812479999 923778.4852825
82,923778.5336975,92.79349993448704,468,471,0.4517938702724913,0.51743161011242,1.4791921162639874,0.9554335350791613,3d gaze,-43.776007455507596,-40.34632794703909,636.5086923953107,923778.5336975 923778.537732 923778.5417665 923778.545801 923778.5498355001 923778.55387 923778.5579045 923778.5619389999 923778.5659735 923778.570008 923778.5740425 923778.578077 923778.5821115 923778.5861460001 923778.5901805 923778.594215 923778.5982495 923778.602284 923778.6063185 923778.610353 923778.6143875 923778.618422 923778.6224565001 923778.626491
83,923779.009771,145.24250000249594,483,487,0.4086958676932401,0.4813040746293578,1.26225088570362,0.985779494852633,3d gaze,-57.242290459645524,-12.50738695505608,410.462344143044,923779.009771 923779.0138055 923779.01784 923779.0218745 923779.025909 923779.0299435 923779.033978 923779.0380124999 923779.042047 923779.0460815 923779.050116 923779.0541505 923779.058185 923779.0622195001 923779.066254 923779.0702885 923779.074323 923779.0783575 923779.082392 923779.0864265 923779.0904615 923779.094496 923779.0985305 923779.1025650001 923779.1065994999 923779.110634 923779.1146685 923779.118703 923779.1227375 923779.126772 923779.1308065 923779.134841 923779.1388755001 923779.1429099999 923779.1469445 923779.1509789999 923779.1550135
84,923779.1623,161.38100007083267,487,492,0.4217368411022757,0.45725831320768545,1.3714981175875254,0.8881501340866089,3d gaze,-95.70860302236224,-6.809116776952337,810.4192524365795,923779.1623 923779.283336 923779.291405 923779.299474 923779.315612 923779.323681
85,923779.477775,96.82899992913008,497,499,0.41891515818367414,0.4854502686228926,1.4505342202178666,0.9859359835584959,3d gaze,-49.574207406093514,-13.908397075450969,405.17178073520466,923779.477775 923779.485844 923779.489879 923779.4939135 923779.4979485 923779.501983 923779.5060175001 923779.5100519999 923779.5140865 923779.518121 923779.5221555 923779.52619 923779.5302245 923779.534259 923779.5382935 923779.5423280001 923779.5463624999 923779.550397 923779.5544314999 923779.558466 923779.5625005 923779.566535 923779.5705695 923779.574604
86,923780.446061,96.82850004173815,525,528,0.394085300795351,0.46162804300850013,1.316468765142518,0.9866347169876098,3d gaze,-55.35940915126616,-4.318736777378501,338.21484723725007,923780.446061 923780.4500955 923780.45413 923780.4581645001 923780.462199 923780.4662335 923780.470268 923780.4743025 923780.478337 923780.482372 923780.4864065 923780.490441 923780.4944755 923780.4985100001 923780.5025444999 923780.506579 923780.5106135 923780.514648 923780.5186825 923780.522717 923780.5267515 923780.530786 923780.5348205001 923780.5388549999 923780.5428895
87,923780.546924,84.72499996423721,528,531,0.38539402597787215,0.4379571551594299,1.3635829252621197,0.9931065115061674,3d gaze,-48.89208856628807,2.516002560772769,274.293069888975,923780.546924 923780.5509585 923780.554993 923780.5590275 923780.563062 923780.5670965 923780.5711310001 923780.5751654999 923780.5792 923780.5832345 923780.587269 923780.5913035 923780.595338 923780.5993725 923780.603407 923780.6074415001 923780.6114759999 923780.6155105 923780.619545 923780.6235795 923780.627614 923780.631649
88,923780.6356835,217.8645000094548,531,538,0.38324163435800573,0.43432858098562527,1.3446859896485304,0.9861474048007618,3d gaze,-54.15628811310216,3.716117666782637,297.7851783805004,923780.6356835 923780.639718 923780.6437525 923780.647787 923780.651822 923780.6558565 923780.659891 923780.6639255 923780.66796 923780.6719945 923780.676029 923780.6800635001 923780.6840979999 923780.6881325 923780.692167 923780.6962015 923780.700236 923780.7042705 923780.708305 923780.7123395 923780.7163740001 923780.7204084999 923780.724443 923780.7284775 923780.732512 923780.7365465 923780.740581 923780.7446155 923780.74865 923780.7526845001 923780.7567189999 923780.7607535 923780.764788 923780.7688225 923780.772857 923780.7768915 923780.780926 923780.7849605 923780.7889950001 923780.7930294999 923780.797064 923780.8010985 923780.8051335 923780.809168 923780.8132025 923780.8172375 923780.821272 923780.8253065 923780.829341 923780.8333755 923780.8374099999 923780.8414445 923780.845479 923780.8495135 923780.853548
89,923780.9786175,92.79449994210154,541,544,0.42280478836389407,0.45947579841370406,1.4770534793238426,0.976485208918651,3d gaze,-41.6128770961296,-3.6484823879019888,357.8458722687057,923780.9786175 923780.9826525 923780.986687 923780.9907215 923780.994756 923780.9987905 923781.002825 923781.0068595 923781.0108945 923781.014929 923781.0189635 923781.022998 923781.0270325 923781.031067 923781.0351015 923781.039136 923781.0431705 923781.047205 923781.0512395 923781.0552739999 923781.0593085 923781.063343 923781.0673775 923781.071412
90,923781.1077225,80.69049997720867,545,548,0.43003659491886215,0.47481634187174543,1.4280757871883922,0.9839879840612411,3d gaze,-42.194690942283856,-9.959864530552894,405.0080441169282,923781.1077225 923781.111757 923781.1157915 923781.119826 923781.1238605 923781.1278949999 923781.1319295 923781.1359645 923781.139999 923781.148068 923781.1521025 923781.156137 923781.1601714999 923781.164206 923781.1682405 923781.172275 923781.1763095 923781.180344 923781.1843785 923781.188413
91,923781.1924475001,108.93199988640845,548,551,0.4157335191853311,0.4631297493000363,1.467552702396009,0.9725694987508986,3d gaze,-44.97599848527303,-5.10314812520053,352.4023870302715,923781.1924475001 923781.1964819999 923781.2005165 923781.2045515 923781.208586 923781.2126205 923781.216655 923781.2206895 923781.224724 923781.2287585 923781.2327930001 923781.2368274999 923781.240862 923781.2448965 923781.248931 923781.2529655 923781.257 923781.2610345 923781.265069 923781.2691035001 923781.2731379999 923781.2771725 923781.281207 923781.2852415 923781.289276 923781.297345 923781.3013795
92,923781.349794,104.89749989937991,552,556,0.3998810303374463,0.4542384632252042,1.3905457949498132,0.9813361631499397,3d gaze,-49.68781027174146,-1.839870616201669,322.37075219193474,923781.349794 923781.3538285 923781.357863 923781.3618975 923781.365932 923781.3699665 923781.374001 923781.3780355 923781.38207 923781.3861044999 923781.390139 923781.3941735 923781.3982085 923781.402243 923781.4062775 923781.410312 923781.4143465001 923781.4183809999 923781.4224155 923781.42645 923781.4304845 923781.434519 923781.4385535 923781.442588 923781.4466225 923781.4506570001 923781.4546914999
93,923781.503106,104.89750001579523,557,560,0.38219857515641187,0.4229154941113438,1.3350583908686227,0.9932735661665598,3d gaze,-44.253541060182535,5.579069163828718,240.88410923481115,923781.503106 923781.5071405 923781.511175 923781.5152095 923781.519244 923781.5232785 923781.527313 923781.5313474999 923781.535382 923781.5394165 923781.543451 923781.5474855 923781.55152 923781.5555545 923781.559589 923781.5636235 923781.567658 923781.5716925 923781.575727 923781.5797615 923781.583796 923781.5878305 923781.5918655 923781.5959000001 923781.5999345 923781.603969 923781.6080035
94,923781.612038,92.79399993829429,560,563,0.3746216863895926,0.4204849624910598,1.4093563759914247,0.9969859148065249,3d gaze,-45.458920318286054,5.870969579521305,231.1468559528502,923781.612038 923781.6160725 923781.620107 923781.6241415 923781.6281765 923781.632211 923781.6362455001 923781.6402799999 923781.6443145 923781.648349 923781.6523835 923781.656418 923781.6604525 923781.664487 923781.6685215 923781.6725560001 923781.6765904999 923781.680625 923781.6846595 923781.688694 923781.6927285 923781.696763 923781.7007975 923781.704832
95,923781.7250045,104.89800001960248,564,567,0.3645970269678645,0.4271278016006605,1.493455239399158,0.9947090910540687,3d gaze,-49.87356884796191,4.523522103388201,233.32752770954355,923781.7250045 923781.729039 923781.7330735 923781.737108 923781.7411425 923781.7451770001 923781.7492114999 923781.753246 923781.7572805 923781.761315 923781.7653495 923781.769384 923781.7734185 923781.7774535 923781.781488 923781.7855225 923781.7895569999 923781.7935915 923781.7976265 923781.801661 923781.8056955 923781.80973 923781.8137645 923781.817799 923781.8218334999 923781.825868 923781.8299025
96,923782.092146,80.69099998101592,575,577,0.3904956506685326,0.4151425618029154,1.3327386114227657,0.9770596509888059,3d gaze,-46.022066957095994,8.203602239126903,270.9048240419106,923782.092146 923782.0961805 923782.100215 923782.1042495 923782.108284 923782.1123185 923782.116353 923782.120388 923782.1244225 923782.128457 923782.1324915 923782.136526 923782.1405605 923782.144595 923782.1486295 923782.1526639999 923782.156699 923782.1607335 923782.164768 923782.1688025 923782.172837
97,923782.1768715,80.68999997340143,577,580,0.386738727335367,0.4219145960703493,1.4697446021460256,0.9650990281786237,3d gaze,-45.49401304749835,6.193302017074548,258.5940321741782,923782.1768715 923782.180906 923782.1849405 923782.188975 923782.1930094999 923782.197044 923782.2010785 923782.205113 923782.2091475 923782.213182 923782.2172165 923782.221251 923782.2252855 923782.22932 923782.2333545 923782.237389 923782.2414235 923782.245458 923782.2494925 923782.253527 923782.2575615
98,923782.3019415,88.75949995126575,581,584,0.3709175489145393,0.40490032099863127,1.4517329970446486,0.9891292686047761,3d gaze,-47.57514914018904,9.359312888798101,234.59865981320198,923782.3019415 923782.305976 923782.3100105 923782.314045 923782.3180795 923782.322114 923782.3261485 923782.3301830001 923782.3342174999 923782.338252 923782.3422865 923782.346321 923782.350356 923782.3543905 923782.358425 923782.3624595 923782.366494 923782.3705285001 923782.3745629999 923782.3785975 923782.382632 923782.3866665 923782.390701
99,923782.4955985,133.13950004521757,587,591,0.45222834569289394,0.630004228693631,1.4506189428684388,0.9954499409479254,3d gaze,-20.173991607440207,-48.74940978239983,290.8312314017884,923782.4955985 923782.499633 923782.5036675 923782.507702 923782.5117365 923782.515771 923782.5198055 923782.52384 923782.5278745 923782.531909 923782.5359435 923782.539978 923782.544013 923782.5480475 923782.5520820001 923782.5561164999 923782.560151 923782.5641855 923782.56822 923782.5722545 923782.576289 923782.5803235 923782.584358 923782.5883925001 923782.5924269999 923782.5964615 923782.600496 923782.6045305 923782.608565 923782.6126 923782.6166345 923782.620669 923782.6247035 923782.628738
100,923782.761877,80.69049997720867,595,597,0.4134327403783052,0.6415390321014077,1.4528589044144842,0.9774130157061985,3d gaze,-44.942162271147545,-60.362960055548726,335.7980905097999,923782.761877 923782.7659115 923782.769946 923782.7739805 923782.778015 923782.78205 923782.7860845 923782.790119 923782.7941535 923782.798188 923782.8022225 923782.806257 923782.8102915001 923782.8143259999 923782.8183605 923782.822395 923782.8264295 923782.830464 923782.8344985 923782.838533 923782.8425675
101,923782.8506365,104.89799990318716,597,600,0.4013902636772728,0.6399448986545385,1.477514647336231,0.9876398598706281,3d gaze,-41.54999766282712,-48.480207899634834,271.2279274207897,923782.8506365 923782.854671 923782.8587055 923782.86274 923782.8667745 923782.870809 923782.8748435 923782.878878 923782.8829125001 923782.8869469999 923782.8909815 923782.895016 923782.8990505 923782.903085 923782.9071195 923782.911154 923782.9151885 923782.9192230001 923782.923258 923782.9272924999 923782.931327 923782.935362 923782.9393965 923782.943431 923782.9474655 923782.9515 923782.9555345
102,923783.0200865,112.96699999365956,602,606,0.3911293819674881,0.627768897805219,1.4947409692872762,0.9870856404304504,3d gaze,-41.1778429893423,-40.33631311883318,241.04883833722783,923783.0200865 923783.024121 923783.0281555 923783.0321899999 923783.0362245 923783.040259 923783.0442935 923783.048328 923783.0523625 923783.056397 923783.0604315 923783.0644660001 923783.0685004999 923783.072535 923783.0765695 923783.080604 923783.0846385 923783.088673 923783.0927075 923783.096742 923783.1007765 923783.1048109999 923783.1088455 923783.1128805 923783.1169155 923783.12095 923783.1249845 923783.129019 923783.1330535
103,923783.1370880001,84.72449996042997,606,608,0.4015411206008261,0.6372095706031676,1.2568705834703053,0.9898803775960748,3d gaze,-38.418562521964674,-44.00145423612594,250.13774074404128,923783.1370880001 923783.1411225 923783.145157 923783.1491915 923783.153226 923783.1572605 923783.161295 923783.1653295 923783.169364 923783.1733985 923783.177433 923783.1814675 923783.185502 923783.1895365 923783.193571 923783.1976055 923783.20164 923783.2056745 923783.2097090001 923783.2137435 923783.217778 923783.2218125
104,923783.7906805,80.68999997340143,625,628,0.44243725890045454,0.519550797640533,1.3712056033061542,0.9865505561232567,3d gaze,-30.99554457395888,-23.967302328318215,367.8152417187552,923783.7906805 923783.794715 923783.802784 923783.8068184999 923783.810853 923783.8148875 923783.818922 923783.8229565 923783.826991 923783.8310255 923783.83506 923783.8390945 923783.843129 923783.8471635 923783.851198 923783.8552325 923783.859267 923783.8633015 923783.867336 923783.8713705
105,923783.9076815,133.13900004141033,629,633,0.4854634069356545,0.526988197220592,1.2893695533201246,0.9868600491215201,3d gaze,-5.340926554955945,-26.33330770895686,365.9906281154549,923783.9076815 923783.911716 923783.9157505 923783.919785 923783.9238195 923783.9278545 923783.931889 923783.9359235 923783.939958 923783.9439925 923783.948027 923783.9520614999 923783.956096 923783.9601305 923783.964165 923783.9681995 923783.972234 923783.9762685 923783.980303 923783.9843375001 923783.988372 923783.9924065 923783.996441 923784.0004755 923784.00451 923784.0085445 923784.012579 923784.0166135 923784.020648 923784.0246824999 923784.028717 923784.0327515 923784.036786 923784.0408205
106,923784.109408,80.68999997340143,635,637,0.4862585354197978,0.5143651732700638,1.4602180964311815,0.9878368434451875,3d gaze,-4.132833496751384,-18.54199763948,307.3309760553787,923784.109408 923784.1134425 923784.117477 923784.1215115 923784.125546 923784.1295805001 923784.1336149999 923784.1376495 923784.141684 923784.1457185 923784.149753 923784.1537875 923784.157822 923784.1618565 923784.165891 923784.1699254999 923784.17396 923784.1779945 923784.182029 923784.1860635 923784.190098
107,923784.230443,80.69099998101592,638,641,0.4832933398529709,0.4929720647094089,1.4881112354555002,0.9949776842480614,3d gaze,-4.420824103661832,-10.14458248577217,248.8140115467867,923784.230443 923784.2344775 923784.238512 923784.2425464999 923784.246581 923784.250616 923784.2546505 923784.258685 923784.26272 923784.2667545 923784.270789 923784.2748235 923784.278858 923784.2828925 923784.286927 923784.2909615 923784.294996 923784.2990305 923784.303065 923784.3070995 923784.311134
108,923784.3151685,84.72450007684529,641,643,0.48224411320120253,0.5125699022872642,1.4909794443842475,0.9962075515226885,3d gaze,-5.2182438979874854,-16.443016703500682,276.64799294082945,923784.3151685 923784.319203 923784.3232375 923784.327272 923784.3313065 923784.335341 923784.3393755 923784.34341 923784.3474445 923784.351479 923784.3555135 923784.359548 923784.3635825 923784.367617 923784.3716515 923784.375686 923784.3797205 923784.383755 923784.3877895 923784.391824 923784.3958585 923784.399893
109,923784.4039275,133.13950004521757,644,648,0.4908013976249245,0.5338315304622797,1.3810096475206688,0.9870225787162781,3d gaze,-2.20661308923504,-28.519113557366957,365.00851110328523,923784.4039275 923784.407962 923784.4119965 923784.416031 923784.420066 923784.4241005 923784.4281349999 923784.4321695 923784.436204 923784.4402385 923784.444273 923784.4483075 923784.452342 923784.4563765 923784.4604110001 923784.464446 923784.4684804999 923784.472515 923784.4765495 923784.480584 923784.4846185 923784.488653 923784.4926875 923784.496722 923784.5007565 923784.504791 923784.5088255 923784.51286 923784.5168945 923784.520929 923784.5249635 923784.528998 923784.5330325 923784.537067
110,923784.561274,121.03599996771663,648,652,0.483593991748188,0.5376368895445196,1.4633845300405124,0.9868879452828438,3d gaze,-6.60356404078548,-30.81431345674819,376.91398493843616,923784.561274 923784.5653085 923784.569343 923784.5733775 923784.577412 923784.581447 923784.5854815 923784.589516 923784.5935505 923784.597585 923784.6016195 923784.605654 923784.6096885 923784.613723 923784.6177575 923784.621792 923784.6258265 923784.629861 923784.6338955 923784.63793 923784.6419645 923784.645999 923784.650034 923784.6540685 923784.658103 923784.6621375 923784.666172 923784.6702065 923784.674241 923784.6782755 923784.68231
111,923784.742828,153.31149997655302,654,658,0.49530750374968674,0.5179064634116914,1.4492872205358547,0.9906803491788033,3d gaze,0.3604048053239874,-20.44559385463475,321.8601673999326,923784.742828 923784.7468625 923784.750897 923784.7549315 923784.758966 923784.7630005 923784.767035 923784.7710695 923784.775104 923784.7791385 923784.783173 923784.7872075 923784.791242 923784.7952765 923784.799311 923784.8033455 923784.80738 923784.8114145 923784.815449 923784.8194835 923784.823518 923784.8275525 923784.831587 923784.835622 923784.8396565 923784.843691 923784.8477255 923784.85176 923784.8557945 923784.859829 923784.8638635001 923784.867898 923784.8719325 923784.875967 923784.8800015 923784.884036 923784.8880705 923784.892105 923784.8961395
112,923784.900174,165.4155000578612,658,663,0.5003538188490999,0.5325397707620521,1.3546460028165588,0.9906953119096302,3d gaze,2.7393743147459606,-22.482958401881376,292.7824242694237,923784.900174 923784.9042084999 923784.908243 923784.9122775 923784.916312 923784.920347 923784.9243815 923784.928416 923784.9324505 923784.936485 923784.9405195 923784.944554 923784.9485885 923784.952623 923784.9566575 923784.960692 923784.9647265 923784.968761 923784.9727955 923784.97683 923784.9808645 923784.984899 923784.9889335 923784.992968 923784.9970025 923785.001037 923785.0050715 923785.009106 923785.0131405 923785.017175 923785.0212095 923785.025244 923785.029279 923785.0333135 923785.037348 923785.0413825 923785.045417 923785.0494515 923785.053486 923785.0575205 923785.061555 923785.0655895
113,923785.069624,189.6229999838397,663,669,0.49053133266073456,0.521284469666344,1.4339659694895563,0.992209838082393,3d gaze,-2.214397900284656,-22.272249228937028,333.4792994147871,923785.069624 923785.073659 923785.0776935 923785.081728 923785.0857625 923785.0897969999 923785.0938315 923785.097866 923785.1019005 923785.105935 923785.1099695 923785.114004 923785.1180385 923785.1220730001 923785.1261075 923785.130142 923785.1341765 923785.138211 923785.1422455 923785.14628 923785.1503145 923785.154349 923785.1583835 923785.1624179999 923785.1664525 923785.170487 923785.1745215 923785.178556 923785.1825905 923785.186625 923785.1906595 923785.1946940001 923785.1987285 923785.202763 923785.2067975 923785.210832 923785.214867 923785.2189015 923785.222936 923785.2269705 923785.231005 923785.2350395 923785.239074 923785.243109 923785.2471435 923785.251178 923785.2552125 923785.259247
114,923785.2632815,80.68999997340143,669,672,0.48617004257242985,0.5032207236470638,1.4030755837464075,0.9812988411812555,3d gaze,-4.150109112811167,-15.608288774469393,310.11413049021877,923785.2632815 923785.267316 923785.2713504999 923785.275385 923785.2794195 923785.283454 923785.2874885 923785.291523 923785.2955575 923785.299592 923785.3036265 923785.3076609999 923785.3116955 923785.31573 923785.3197645 923785.323799 923785.3278335 923785.331868 923785.3359025 923785.339937 923785.3439714999
115,923785.3520405,137.1739999158308,672,676,0.49436781965103327,0.5411931931819789,1.359284702906136,0.9943885905402047,3d gaze,-0.053727805037150286,-27.78771387179061,327.8018950418879,923785.3520405 923785.356075 923785.3601095 923785.364144 923785.3681785 923785.372213 923785.3762475 923785.3802819999 923785.3843165 923785.388351 923785.3923855 923785.39642 923785.4004545 923785.4044895 923785.4085245 923785.412559 923785.4165935 923785.420628 923785.4246625 923785.428697 923785.4327315 923785.436766 923785.4408005 923785.444835 923785.4488695 923785.452904 923785.4569385 923785.460973 923785.4650075 923785.469042 923785.4730765 923785.477111 923785.4811455 923785.48518 923785.4892145
116,923785.493249,133.13949992880225,676,680,0.48141010109719223,0.5356987859465814,1.4242547563987853,0.9929665169295143,3d gaze,-5.993808297235572,-22.67440124455092,284.0660818140372,923785.493249 923785.4972835 923785.501318 923785.5053525 923785.509387 923785.5134215 923785.517456 923785.5214905 923785.525525 923785.5295595 923785.533594 923785.5376285 923785.541663 923785.5456975 923785.549732 923785.5537665 923785.5578015 923785.561836 923785.5658704999 923785.569905 923785.5739395 923785.577974 923785.5820085 923785.586043 923785.5900775 923785.594112 923785.5981465 923785.6021815 923785.606216 923785.6102505 923785.614285 923785.6183195 923785.622354 923785.6263885
117,923785.630423,197.69150007050484,680,686,0.491316269428022,0.5543656006248266,1.3281877430847537,0.9923306069475539,3d gaze,-1.7359157334979995,-32.01420989849159,330.49004107742786,923785.630423 923785.6344575 923785.638492 923785.6425265 923785.646561 923785.6505955 923785.65463 923785.6586645 923785.662699 923785.6667335 923785.670768 923785.6748025 923785.678837 923785.6828715 923785.686906 923785.6909405 923785.694975 923785.6990095 923785.703044 923785.7070785 923785.711113 923785.7151475 923785.719182 923785.7232165 923785.727251 923785.7312855 923785.739355 923785.747424 923785.7514585 923785.7595275 923785.763562 923785.7675965 923785.771631 923785.7756655 923785.7797 923785.7837345 923785.787769 923785.7918035 923785.7958385 923785.799873 923785.8039075 923785.807942 923785.8119765 923785.816011 923785.8200455 923785.8240799999 923785.8281145
118,923785.832149,165.4154999414459,686,691,0.5002471226050519,0.5579368995756275,1.1842045648768242,0.9769927178110395,3d gaze,3.514161604175036,-38.095364677968405,380.29953757347283,923785.832149 923785.8361835 923785.840218 923785.8442525 923785.848287 923785.8523215 923785.8563560001 923785.8603905 923785.864425 923785.8684595 923785.872494 923785.8765285 923785.880563 923785.8845975 923785.888632 923785.8926665 923785.8967015 923785.900736 923785.9047705 923785.908805 923785.9128395 923785.916874 923785.9209085 923785.924943 923785.9289775 923785.933012 923785.9370465 923785.941081 923785.9451155 923785.94915 923785.9531845 923785.957219 923785.9612535 923785.965288 923785.9693225 923785.973357 923785.9773915 923785.981426 923785.9854605 923785.9894955 923785.99353 923785.9975645
119,923786.0015990001,92.79399993829429,691,694,0.4904259300649194,0.5624715356379859,1.2483906368549598,0.9766845340314119,3d gaze,-2.7067960540233513,-42.79159241603634,409.6737472828237,923786.0015990001 923786.0056335 923786.009668 923786.0137025 923786.017737 923786.0217715 923786.025806 923786.0298405 923786.033875 923786.0379095 923786.0419439999 923786.0459785 923786.050013 923786.0540475 923786.062117 923786.0661515 923786.070186 923786.0742205 923786.0782550001 923786.0822895 923786.086324 923786.0903585 923786.094393
120,923786.0984275,173.4845000319183,694,699,0.5004332336433663,0.562386981710983,1.4613020500263514,0.9780916578885985,3d gaze,3.7092604554194404,-41.305396748819994,396.24391728675704,923786.0984275 923786.102462 923786.1064965 923786.110531 923786.1145655001 923786.1186 923786.1226345 923786.126669 923786.1307035 923786.134738 923786.1387725 923786.142807 923786.1468415 923786.150876 923786.1549105 923786.158945 923786.1629795 923786.167014 923786.1710485 923786.175083 923786.1791175 923786.1831525 923786.187187 923786.195256 923786.1992905 923786.203325 923786.211394 923786.2154285 923786.219463 923786.2234975 923786.2275324999 923786.231567 923786.239636 923786.2436705 923786.247705 923786.2517395 923786.255774 923786.2598085001 923786.263843 923786.2678775 923786.271912
121,923786.2759465,141.20850001927465,699,704,0.5023508838747732,0.5700378833251918,1.3448030368321966,0.9732768692904048,3d gaze,5.533237777177417,-48.65963404866291,437.06209090921067,923786.2759465 923786.279981 923786.2840155 923786.28805 923786.2920845 923786.296119 923786.3001534999 923786.304188 923786.3082225 923786.312257 923786.3162915 923786.320326 923786.3243605 923786.328395 923786.3324295001 923786.336464 923786.3404985 923786.344533 923786.3485675 923786.352602 923786.3566365 923786.360671 923786.3647055 923786.3687405 923786.372775 923786.3768095 923786.3808445 923786.384879 923786.3889135 923786.392948 923786.3969825 923786.401017 923786.4050515 923786.4090859999 923786.4131205 923786.417155
122,923786.433293,112.96599998604506,704,708,0.481064775326303,0.551367655750323,1.3615029332323532,0.9981097250149168,3d gaze,-7.964916321374828,-34.856311420015544,369.39917135893444,923786.433293 923786.4373275 923786.441362 923786.4453964999 923786.449431 923786.4534655 923786.4575 923786.4615345 923786.465569 923786.4696035 923786.473638 923786.4776725 923786.4817069999 923786.4857415 923786.489776 923786.4938105 923786.497845 923786.5018795 923786.505914 923786.5099485 923786.513983 923786.5180174999 923786.522052 923786.5260865 923786.530121 923786.5341555 923786.53819 923786.5422245 923786.546259
123,923786.9577810001,80.68999997340143,720,722,0.49553575952855183,0.5095119057160986,1.3374233544136818,0.9889704400584811,3d gaze,0.4683898352025591,-16.42878755093461,292.4145116807175,923786.9577810001 923786.9618155 923786.96585 923786.9698845 923786.973919 923786.9779535 923786.981988 923786.9860225 923786.990057 923786.9940915001 923786.998126 923787.0021605 923787.006195 923787.0102295 923787.014264 923787.0182985 923787.022333 923787.0263675 923787.0304020001 923787.0344365 923787.038471
124,923787.2805425,80.69049997720867,729,732,0.5002947788145807,0.5202723488601322,1.1632480174077102,0.9906717226618812,3d gaze,3.1385128042143937,-22.111193523167465,336.7278076276804,923787.2805425 923787.284577 923787.2886115001 923787.292646 923787.2966805 923787.300715 923787.3047495 923787.308784 923787.3128185 923787.316853 923787.320888 923787.3249225 923787.328957 923787.3329915 923787.337026 923787.3410605 923787.345095 923787.3491295 923787.353164 923787.3571985 923787.361233
125,923787.4661305,80.69099998101592,735,737,0.531710137805756,0.5759904569001778,1.4943140001316721,0.9542262781234014,3d gaze,14.682610243261298,-28.574347723598425,244.43576946222194,923787.4661305 923787.470165 923787.4741994999 923787.478234 923787.4822685 923787.486303 923787.4903375 923787.494372 923787.4984065 923787.502441 923787.5064755001 923787.51051 923787.514545 923787.5185795 923787.522614 923787.5266485 923787.530683 923787.534718 923787.5387525 923787.542787 923787.5468215
126,923787.7888925,217.86400000564754,745,751,0.501163879569981,0.5097172542260929,0.9602672492916482,0.9891045028513128,3d gaze,3.289367452490588,-17.156347126288974,306.22912225626044,923787.7888925 923787.792927 923787.7969615 923787.800996 923787.8050305 923787.809065 923787.8130995 923787.817134 923787.8211685 923787.825203 923787.8292375 923787.833272 923787.8373065 923787.841341 923787.8453755 923787.84941 923787.8534445 923787.857479 923787.8615135 923787.8655485 923787.869583 923787.8736175 923787.8776519999 923787.8816865 923787.885721 923787.8897555 923787.89379 923787.8978245 923787.9018595 923787.905894 923787.9099285 923787.913963 923787.9179975 923787.922032 923787.9260665 923787.930101 923787.9341355 923787.93817 923787.9422045 923787.946239 923787.9502735 923787.954308 923787.9583425 923787.962377 923787.9664115 923787.970446 923787.9744805 923787.978515 923787.9825495 923787.986584 923787.9906185 923787.994653 923787.9986875 923788.002722 923788.0067565
127,923788.010791,217.8645000094548,751,758,0.4978671163796464,0.5189909638499823,1.22207922613072,0.9910515737983415,3d gaze,1.9029354424147327,-22.912579670515104,354.7289180779005,923788.010791 923788.0148255 923788.01886 923788.0228945 923788.0269295 923788.030964 923788.0349985 923788.039033 923788.0430675 923788.047102 923788.0511365 923788.055171 923788.0592055 923788.06324 923788.0672745 923788.071309 923788.0753435 923788.079378 923788.0834125 923788.091482 923788.0955165001 923788.099551 923788.1035855 923788.10762 923788.1116545 923788.115689 923788.1197235 923788.123758 923788.1277925 923788.131827 923788.1358614999 923788.139896 923788.1439305 923788.147965 923788.1519995 923788.156034 923788.1600685 923788.164103 923788.1681375001 923788.172172 923788.1762065 923788.180241 923788.1842755 923788.1883105 923788.192345 923788.1963795 923788.2044485 923788.208483 923788.2125175 923788.216552 923788.2205865 923788.224621 923788.2286555
128,923788.23269,217.86400000564754,758,764,0.4956463794328348,0.508926541926487,1.406224668809717,0.9914868300611323,3d gaze,0.6145025292109517,-17.837147409616403,320.2699933767019,923788.23269 923788.2367245 923788.240759 923788.2447935 923788.248828 923788.2528625 923788.256897 923788.2609315 923788.264966 923788.2690005 923788.2730355 923788.27707 923788.2811044999 923788.285139 923788.2891735 923788.293208 923788.2972425 923788.301277 923788.3053115 923788.309346 923788.3133805 923788.3174149999 923788.3214495 923788.325484 923788.3295185 923788.333553 923788.3375875 923788.341622 923788.3456565 923788.349691 923788.3537254999 923788.3577605 923788.361795 923788.3658295 923788.369864 923788.3738985 923788.377933 923788.3819675 923788.386002 923788.3900365 923788.3940709999 923788.3981055 923788.40214 923788.4061745 923788.410209 923788.4142435 923788.418278 923788.4223125 923788.4263470001 923788.4303815 923788.434416 923788.4384505 923788.442485 923788.4465195 923788.450554
129,923788.4545885,125.0705000711605,764,768,0.4898853264141735,0.5013570518215217,1.4796586073717806,0.9962609317153692,3d gaze,-2.1268778981775025,-14.20505371448902,292.69548753327143,923788.4545885 923788.458623 923788.4626575 923788.4666925 923788.470727 923788.4747615 923788.478796 923788.4828305 923788.486865 923788.4908995 923788.494934 923788.4989685 923788.503003 923788.5070375 923788.511072 923788.5151065 923788.5191415 923788.523176 923788.5272105 923788.531245 923788.5352795 923788.5393139999 923788.5433485 923788.547383 923788.5514175 923788.555452 923788.5594865 923788.563521 923788.5675555 923788.5715900001 923788.5756245 923788.579659
130,923788.6119349999,153.3120000967756,769,774,0.4702354834879932,0.4888225445808672,1.4224771328540426,0.990799028139848,3d gaze,-9.482352999722474,-8.992929665908603,242.78735247211523,923788.6119349999 923788.6159695 923788.620004 923788.6240385 923788.628073 923788.6321075 923788.636142 923788.6401765 923788.6442110001 923788.6482455 923788.6522805 923788.656315 923788.6603495 923788.664384 923788.6684185 923788.672453 923788.6764875 923788.6805225 923788.684557 923788.6885915 923788.692626 923788.6966605 923788.700695 923788.7047295 923788.708764 923788.7127985 923788.716833 923788.7208675 923788.724902 923788.7289365 923788.732971 923788.7370055 923788.74104 923788.7450745 923788.749109 923788.7531435 923788.7571779999 923788.7612125 923788.765247
131,923788.7692815,80.69099998101592,774,776,0.4795959084434011,0.4877809219893531,0.8256176160826694,0.9788849013192313,3d gaze,-5.932835438472651,-8.889852047062325,246.48608381626292,923788.7692815 923788.773316 923788.7773505 923788.781385 923788.7854195 923788.7894540001 923788.7934885 923788.797523 923788.8015575 923788.805592 923788.8096265 923788.813661 923788.8176955 923788.82173 923788.8257645 923788.8297989999 923788.8338335 923788.837868 923788.8419025 923788.8459375 923788.8499725
132,923789.055733,88.7589999474585,782,785,0.4198322592984174,0.4648400337366694,1.4486846807752158,0.9724029043446416,3d gaze,-54.00886075449717,-6.874190075545834,446.7578709931055,923789.055733 923789.0597675 923789.063802 923789.0678365 923789.071871 923789.0759055 923789.07994 923789.0839745 923789.088009 923789.0920435 923789.096078 923789.1001125 923789.104147 923789.1081815 923789.112216 923789.1162505 923789.120285 923789.1243195 923789.128354 923789.1323885 923789.136423 923789.1404575 923789.144492
133,923789.2251825,165.4155000578612,787,792,0.396339924493306,0.4412387591629652,1.4977679460889644,0.9783442506664678,3d gaze,-56.78618838242103,2.192274985339967,355.0134700068635,923789.2251825 923789.229217 923789.2332520001 923789.2372865 923789.241321 923789.2453555 923789.24939 923789.257459 923789.265528 923789.2735969999 923789.2776315 923789.281666 923789.2857005 923789.289735 923789.2937695 923789.297804 923789.3018385 923789.3058730001 923789.3099075 923789.3179765 923789.322011 923789.3260455 923789.33008 923789.3341145 923789.338149 923789.342184 923789.3462185 923789.350253 923789.3542875 923789.358322 923789.3623565 923789.366391 923789.3704255 923789.37446 923789.3784945 923789.382529 923789.3865635 923789.390598
134,923789.4027015,80.69049997720867,793,795,0.4064711639370562,0.43659837976963667,1.4739455423508832,0.9931757819084894,3d gaze,-52.03926858918354,3.801772039284328,363.38764911154783,923789.4027015 923789.406736 923789.4107705 923789.414805 923789.4188395 923789.422874 923789.426909 923789.4309435 923789.434978 923789.4390125 923789.443047 923789.4470815 923789.4511160001 923789.4551505 923789.459185 923789.4632195 923789.467254 923789.4712885 923789.475323 923789.4793575 923789.483392
135,923789.503565,96.8280000379309,796,799,0.390434166215057,0.46264705529082123,1.4392613432054369,0.9839364762107531,3d gaze,-57.66789016781826,-4.5276167635698625,339.4914685189185,923789.503565 923789.5075995 923789.511634 923789.5156685 923789.519703 923789.5237375 923789.5277720001 923789.5318064999 923789.5398755 923789.54391 923789.5479445 923789.551979 923789.5560135 923789.560048 923789.5640825001 923789.568117 923789.5721515 923789.576186 923789.5802205 923789.584255 923789.5882895 923789.592324 923789.5963585 923789.6003930001
136,923789.6044274999,80.69100009743124,799,801,0.3855425033744132,0.45895455916188427,1.0592178791029212,0.9839392276037306,3d gaze,-56.27574826064214,-3.2163374742212163,315.91363978287706,923789.6044274999 923789.608462 923789.6124965 923789.616531 923789.620566 923789.6246005 923789.628635 923789.6326695 923789.636704 923789.6407385 923789.644773 923789.6488075 923789.652842 923789.6568765 923789.660911 923789.6649455 923789.66898 923789.673015 923789.6770494999 923789.681084 923789.6851185
137,923789.689153,108.93149999901652,801,805,0.3757745958974444,0.44867092485936055,1.1980300641972845,0.989213941352708,3d gaze,-55.380105037306315,-0.18862202430644456,284.73462870311243,923789.689153 923789.6931875 923789.697222 923789.7012565 923789.705291 923789.7093255001 923789.71336 923789.7173945 923789.721429 923789.7254635 923789.729498 923789.7335325 923789.737567 923789.7416015 923789.745636 923789.7496704999 923789.753705 923789.7577395 923789.761774 923789.7658085 923789.769843 923789.7738775 923789.777912 923789.7819465001 923789.785981 923789.7900155 923789.79405 923789.7980845
138,923789.806154,217.8645000094548,805,811,0.39287166935885937,0.44403973046034784,1.3761701098692747,0.9878949165344239,3d gaze,-57.23923252224046,1.2828871186951463,345.4622446645205,923789.806154 923789.8101885 923789.814223 923789.8182575 923789.822292 923789.826327 923789.8303615 923789.834396 923789.8384305 923789.842465 923789.8464995 923789.850534 923789.8545685001 923789.858603 923789.8626375 923789.866672 923789.8707065 923789.874741 923789.8787755 923789.88281 923789.8868445 923789.890879 923789.8949135 923789.898948 923789.9029825 923789.907017 923789.9110515 923789.915086 923789.9191205 923789.923155 923789.9271895001 923789.9312239999 923789.9352585 923789.939293 923789.9433275 923789.947362 923789.9513965 923789.955431 923789.9594655 923789.9635 923789.9675344999 923789.971569 923789.9756035 923789.979638 923789.9836725 923789.987707 923789.991742 923789.995777 923789.9998115 923790.003846 923790.0078805 923790.011915 923790.0159495 923790.019984 923790.0240185
139,923790.028053,173.4845000319183,811,817,0.3961348385387656,0.45006044637676806,1.3906726421994615,0.9907421645793048,3d gaze,-57.54782156934977,-0.6641899540106521,359.14766047674703,923790.028053 923790.0320875 923790.036122 923790.0401565 923790.044191 923790.0482255 923790.05226 923790.0562945 923790.060329 923790.0643635 923790.068398 923790.0724325 923790.076467 923790.0805015 923790.084536 923790.0885705 923790.092605 923790.0966395 923790.100674 923790.1047085 923790.108743 923790.1127775 923790.116812 923790.1208465 923790.124881 923790.1289155 923790.13295 923790.1369845 923790.141019 923790.1450535 923790.149088 923790.1531225 923790.1571575 923790.161192 923790.1652265 923790.169261 923790.1732955 923790.17733 923790.1813645 923790.1853995 923790.189434 923790.1934684999 923790.197503 923790.2015375
140,923790.205572,80.68999997340143,817,819,0.3876739415922143,0.43473842469600693,1.3297174057575198,0.9935680571056548,3d gaze,-56.77792730678017,3.968836523204432,325.4580541813096,923790.205572 923790.2096065 923790.213641 923790.2176755 923790.22171 923790.2257445 923790.229779 923790.2338135 923790.237848 923790.2418825 923790.245917 923790.2499515 923790.253986 923790.2580205 923790.262055 923790.2660894999 923790.270124 923790.2741585 923790.278193 923790.2822275 923790.286262
141,923790.2902965,108.93250000663102,819,823,0.39861013247132765,0.45194786557386074,1.278028773583837,0.9868697077035904,3d gaze,-57.42291395249992,-1.3104632959072156,367.8383712957525,923790.2902965 923790.294331 923790.2983655 923790.3024 923790.3064345 923790.310469 923790.3145035 923790.3185385 923790.322573 923790.3266075 923790.3306420001 923790.3346765 923790.338711 923790.3427455 923790.34678 923790.3508145 923790.354849 923790.3588835 923790.362918 923790.3669525 923790.3709875001 923790.375022 923790.3790565 923790.383091 923790.3871255 923790.39116 923790.3951945 923790.399229
142,923790.4032635,88.75950006768107,823,825,0.3883861428042502,0.4512208492164142,1.2432427086721007,0.9917424735815629,3d gaze,-59.97613512758534,-1.0031040264052873,346.2308060579704,923790.4032635 923790.407298 923790.4113324999 923790.415367 923790.4194015 923790.423436 923790.4274705 923790.431505 923790.4355395 923790.439574 923790.4436085001 923790.447643 923790.4516775 923790.455712 923790.4597465 923790.463781 923790.4678155 923790.47185 923790.4758845 923790.479919 923790.4839534999 923790.4879885 923790.492023
143,923790.51623,80.690500093624,826,828,0.37659337465032855,0.41807081539741714,1.0717200927944217,0.9807676247188023,3d gaze,-52.471590939939446,7.498399674140984,271.4218935197587,923790.51623 923790.5202645 923790.5242989999 923790.5283335 923790.532368 923790.5364025 923790.540437 923790.5444715 923790.548506 923790.5525405 923790.556575 923790.5606095 923790.5646445 923790.568679 923790.5727135 923790.576748 923790.5807825 923790.584817 923790.5888515001 923790.5928859999 923790.5969205
144,923790.600955,157.3464999673888,829,833,0.3827785852261914,0.4356896677231713,1.3454726353568371,0.9839488416910172,3d gaze,-54.954181463419914,3.3935086070791294,300.52573819606533,923790.600955 923790.6049895 923790.609024 923790.6130585 923790.617093 923790.6211275 923790.625162 923790.6291964999 923790.633231 923790.6372655 923790.6413 923790.6453345 923790.6493695 923790.653404 923790.6574385 923790.661473 923790.6655075001 923790.6695419999 923790.6735765 923790.677611 923790.6816455 923790.68568 923790.6897145 923790.693749 923790.6977835 923790.7018180001 923790.7058525 923790.709887 923790.7139215 923790.717956 923790.7219905 923790.726025 923790.7300595 923790.734094 923790.7381285001 923790.7421629999 923790.7461975 923790.750232 923790.7542665 923790.7583015
145,923790.762336,92.79400005470961,833,836,0.39767537512977413,0.4382469176588733,1.4463544892634206,0.9939024696747462,3d gaze,-55.88206416409752,3.200618039668114,354.4144748827311,923790.762336 923790.7663705 923790.770405 923790.7744395 923790.778474 923790.7825085 923790.786543 923790.7905775 923790.794612 923790.7986465 923790.802681 923790.8067155 923790.8107505 923790.8147849999 923790.8188195 923790.822854 923790.8268885 923790.830923 923790.8349575 923790.838992 923790.8430265 923790.8470610001 923790.8510954999 923790.85513
146,923790.8591645,84.72449996042997,836,839,0.3876205622192247,0.42451229553819475,1.1236841796287482,0.9897732463749972,3d gaze,-54.3455368355847,6.664272465832574,311.12696164067955,923790.8591645 923790.863199 923790.8672335 923790.871268 923790.8753025 923790.879337 923790.8833715001 923790.8874059999 923790.8914405 923790.895475 923790.8995095 923790.903544 923790.9075785 923790.911613 923790.9156475 923790.9196820001 923790.9237164999 923790.927751 923790.9317855 923790.93582 923790.9398545 923790.943889
147,923790.9519585,112.96650010626763,839,842,0.37378511741154336,0.4032173976283101,1.4404762483519482,0.98683860589718,3d gaze,-52.05207269725251,10.877040843224151,262.7015820196103,923790.9519585 923790.955993 923790.9600275 923790.964062 923790.9680965 923790.972131 923790.9761655 923790.9802005 923790.984235 923790.9882695 923790.9923040001 923790.9963385 923791.000373 923791.0044075 923791.008442 923791.0124765 923791.016511 923791.0205455 923791.02458 923791.0286145 923791.032649 923791.0366835 923791.040718 923791.0447525 923791.048787 923791.0528215 923791.056856 923791.0608905 923791.0649250001
148,923791.129477,88.76000007148832,844,847,0.36935383970830715,0.40255044279076424,1.2321969740720666,0.9897019500317781,3d gaze,-61.47005152864667,12.575891279799203,298.78379664125754,923791.129477 923791.1335115 923791.1375460001 923791.1415810001 923791.1456154999 923791.14965 923791.153685 923791.1577195 923791.161754 923791.1657885 923791.169823 923791.1738575 923791.177892 923791.1819265 923791.1859609999 923791.1899955 923791.19403 923791.1980645 923791.202099 923791.2061335 923791.2101680001 923791.2142025 923791.218237
149,923791.2222715,84.72499996423721,847,850,0.36238202471104697,0.38398982932798803,1.4592980191030704,0.9792020496996966,3d gaze,-57.89046546195015,15.778430583267573,265.7860784212634,923791.2222715 923791.226306 923791.2303405 923791.234375 923791.2384095 923791.242444 923791.2464785 923791.250513 923791.2545475 923791.2585819999 923791.2626165 923791.266651 923791.2706855 923791.27472 923791.2787545 923791.2827890001 923791.2868235 923791.290858 923791.2948925 923791.298927 923791.302962 923791.3069965
150,923791.436101,117.0014999806881,853,857,0.36482628916802345,0.4570603497027166,1.3387663035758672,0.9841747502485911,3d gaze,-55.03493311948129,-2.137559568921,257.9585405941132,923791.436101 923791.4401355 923791.44417 923791.4482045 923791.452239 923791.4562735 923791.460308 923791.4643425 923791.468377 923791.472412 923791.4764465 923791.480481 923791.4845155 923791.48855 923791.4925845 923791.496619 923791.5006535 923791.504688 923791.5087225 923791.512757 923791.5167914999 923791.520826 923791.524861 923791.5288955 923791.53293 923791.5369645 923791.540999 923791.5450335001 923791.5490679999 923791.5531025
151,923791.557137,84.72499996423721,857,860,0.37629620489001375,0.4546185680629714,1.2090687338685528,0.9702322103760459,3d gaze,-51.33431197937948,-1.6404138598350102,264.84489317289496,923791.557137 923791.5611715 923791.565206 923791.5692405 923791.573275 923791.5773095 923791.5813440001 923791.5853784999 923791.589413 923791.5934475 923791.597482 923791.6015165 923791.605551 923791.6095855 923791.61362 923791.6176545001 923791.6216889999 923791.625724 923791.6297585 923791.633793 923791.6378275 923791.641862
152,923791.6458965,185.5879999930039,860,865,0.3669099659206059,0.4623968965473418,1.3547033112095865,0.9793617547826564,3d gaze,-56.154884733371794,-3.5846709785554713,267.7486425604335,923791.6458965 923791.649931 923791.6539655 923791.658 923791.6620344999 923791.666069 923791.6701035 923791.674138 923791.6781725 923791.682207 923791.6862415001 923791.690276 923791.6943105 923791.698345 923791.7023795 923791.706414 923791.710449 923791.7144835 923791.718518 923791.7225525 923791.7265870001 923791.7306214999 923791.734656 923791.7386905 923791.742725 923791.7467595 923791.750794 923791.7548285 923791.758863 923791.7628975 923791.7669319999 923791.7709665 923791.775001 923791.7790355 923791.78307 923791.7871045 923791.791139 923791.7951735 923791.7992080001 923791.8032430001 923791.8072774999 923791.811312 923791.8153465 923791.819381 923791.8234155 923791.82745 923791.8314845
153,923792.07759,100.86350003257394,873,876,0.3770990086217123,0.4395811281154096,1.3790723663762674,0.9945427655256711,3d gaze,-47.33190161817648,1.9313235747920623,245.95090922078495,923792.07759 923792.0816245 923792.085659 923792.0896935 923792.0937280001 923792.097763 923792.1017975 923792.105832 923792.1098665 923792.113901 923792.1179355 923792.12197 923792.126005 923792.1300395001 923792.134074 923792.1381085 923792.142143 923792.1461775 923792.150212 923792.1542465 923792.158281 923792.1623155 923792.16635 923792.1703845 923792.174419 923792.1784535
154,923792.3882485,104.89800001960248,882,885,0.41583710173116933,0.42446327220948377,1.0901215101441486,0.9791007373068068,3d gaze,-44.32451536955759,7.548630876607148,347.1680765904515,923792.3882485 923792.392283 923792.3963174999 923792.400352 923792.4043865 923792.408421 923792.4124555 923792.41649 923792.4205245001 923792.424559 923792.4285935 923792.432628 923792.4366625 923792.440697 923792.4447315 923792.448766 923792.4528005 923792.4568355 923792.4608700001 923792.4649044999 923792.468939 923792.4729735 923792.477008 923792.4810425 923792.4850775 923792.489112 923792.4931465
155,923792.5980435,96.8290000455454,888,891,0.39887217574999967,0.4329497938069945,1.426770396549593,0.989625289440155,3d gaze,-47.51086147093778,4.151201908677354,305.0162287340141,923792.5980435 923792.602078 923792.6061125 923792.610147 923792.6141814999 923792.6182165 923792.622251 923792.6262855 923792.63032 923792.6343545 923792.638389 923792.6424235 923792.646458 923792.6504925 923792.6545269999 923792.6585615 923792.662596 923792.6666305 923792.670665 923792.6746995 923792.6787345 923792.6827690001 923792.6868034999 923792.690838 923792.6948725
156,923792.698907,117.00099997688085,891,895,0.3904097536073585,0.41663943455872576,1.4502857871688457,0.9869729697704315,3d gaze,-48.42828861357717,8.166120968747117,284.93928277104845,923792.698907 923792.7029415 923792.706976 923792.7110105 923792.715045 923792.7190795001 923792.7231139999 923792.7271485 923792.731183 923792.7352175 923792.739252 923792.7432865 923792.747321 923792.7513555 923792.7553900001 923792.7594244999 923792.763459 923792.7674935 923792.771528 923792.7755625 923792.7795975 923792.783632 923792.7876665 923792.791701 923792.7957355 923792.7997699999 923792.8038045 923792.807839 923792.8118735 923792.815908
157,923792.8199425,100.86300002876669,895,898,0.3955566570810394,0.4314781706262151,1.3190588097826155,0.9876079673950489,3d gaze,-49.74872741610602,4.807216002406729,308.4107979191136,923792.8199425 923792.8239770001 923792.8280115 923792.832046 923792.8360805 923792.840115 923792.8441495 923792.848184 923792.8522185 923792.856253 923792.8602875 923792.864322 923792.8683565 923792.8723915 923792.876426 923792.8804605 923792.884495 923792.8885295 923792.892564 923792.8965985 923792.900633 923792.9046674999 923792.908702 923792.9127365 923792.916771 923792.9208055
158,923792.9288745,181.55350000597537,898,903,0.3996006746490968,0.46483251498390016,1.3323163556040614,0.9873581489791041,3d gaze,-45.665463579839646,-4.569303744611376,294.9611842321562,923792.9288745 923792.932909 923792.9369435001 923792.9409785001 923792.9450129999 923792.9490475 923792.953082 923792.9571165 923792.961151 923792.9651855 923792.9692200001 923792.9732545 923792.9772890001 923792.9813234999 923792.985358 923792.9893925 923792.993427 923792.9974615 923793.001496 923793.0055305 923793.009565 923793.0135995001 923793.0176339999 923793.0216685 923793.025703 923793.0297375 923793.033772 923793.0378065 923793.0418410001 923793.0458755 923793.0499100001 923793.0539444999 923793.0579794999 923793.062014 923793.0660485 923793.070083 923793.0741175 923793.078152 923793.0821865001 923793.086221 923793.0902555 923793.09429 923793.0983245 923793.102359 923793.1063935 923793.110428
159,923793.130601,88.7589999474585,904,907,0.3902112080235936,0.5012970985871223,1.4768776422049192,0.979470933261125,3d gaze,-51.19239401972237,-14.740166380191686,300.1869808668985,923793.130601 923793.1346355 923793.13867 923793.1427045 923793.146739 923793.1507735 923793.154808 923793.1588425001 923793.1628769999 923793.1669115 923793.170946 923793.1749805 923793.179015 923793.1830495 923793.187084 923793.1911185 923793.1951530001 923793.1991874999 923793.203222 923793.2072565 923793.211291 923793.2153255 923793.21936
160,923793.247602,88.75949995126575,908,910,0.3868938986221719,0.493920227266209,1.480280537781183,0.9938013592491979,3d gaze,-52.3682970804988,-12.57350258605067,297.5454427882189,923793.247602 923793.2516365 923793.255671 923793.2597055 923793.26374 923793.2677745 923793.2718095 923793.275844 923793.2798785 923793.283913 923793.2879475 923793.291982 923793.2960165 923793.300051 923793.3040855001 923793.30812 923793.3121545 923793.3161889999 923793.3202235 923793.324258 923793.3282925 923793.332327 923793.3363615
161,923793.3403960001,88.7589999474585,910,913,0.37869875486264265,0.47825428473705994,1.416066854235608,0.9889084035935609,3d gaze,-52.20445544015524,-7.684929597385749,275.1151673261845,923793.3403960001 923793.3444305 923793.348465 923793.3524995 923793.356534 923793.3605685 923793.364603 923793.3686375 923793.372672 923793.3767065001 923793.380741 923793.3847755 923793.3888099999 923793.3928445 923793.396879 923793.4009135 923793.404948 923793.4089825 923793.4130170001 923793.4170515 923793.421086 923793.4251205 923793.429155
162,923793.43319,88.75949995126575,913,916,0.38044157875064005,0.4475460825575838,1.4208846062590215,0.9898324712463047,3d gaze,-48.84093338764592,0.14622873303599754,261.43608633809197,923793.43319 923793.437225 923793.4412595 923793.445294 923793.4493285 923793.453363 923793.4573975 923793.4614319999 923793.4654665 923793.469501 923793.4735355 923793.47757 923793.4816045 923793.4856390001 923793.4896735 923793.493708 923793.4977425 923793.501777 923793.5058115 923793.509846 923793.5138805 923793.517915 923793.5219495
163,923793.525984,104.8980001360178,916,919,0.36776783623858544,0.4341705012659598,1.3693541327457053,0.9860497889695344,3d gaze,-57.158001217536416,3.4860872612154483,274.4346484889536,923793.525984 923793.5300185 923793.5340529999 923793.5380875 923793.542122 923793.5461565 923793.550191 923793.5542255 923793.5582600001 923793.5622945 923793.566329 923793.5703635 923793.574398 923793.5784325 923793.582467 923793.5865015 923793.590536 923793.5945705 923793.598605 923793.6026399999 923793.6066745 923793.610709 923793.6147435 923793.618778 923793.622813 923793.6268475 923793.6308820001
164,923793.6349165,80.68999997340143,919,921,0.37517523072446135,0.45057696013444176,1.4838575982129518,0.981708376180558,3d gaze,-55.67531204555947,-0.6639416277516301,284.86060551981456,923793.6349165 923793.6389510001 923793.6429854999 923793.64702 923793.6510545 923793.655089 923793.6591235 923793.663158 923793.6671925 923793.671227 923793.6752615001 923793.6792959999 923793.6833305 923793.687365 923793.6913995 923793.695434 923793.6994685 923793.7035030001 923793.7075375 923793.7115720001 923793.7156064999
165,923793.72771,112.96699999365956,922,925,0.3739860488301707,0.4545149756002282,1.3908175832847176,0.9884966488542228,3d gaze,-57.60179659839338,-1.739984033756227,291.4948178935068,923793.72771 923793.7317445 923793.735779 923793.7398135 923793.743848 923793.7478825 923793.7519169999 923793.7559515 923793.759986 923793.764021 923793.7680555 923793.77209 923793.7761245 923793.7801590001 923793.7841935 923793.788228 923793.7922624999 923793.796297 923793.8003315 923793.804366 923793.8084005 923793.812435 923793.81647 923793.8205045001 923793.8245389999 923793.8285735 923793.832608 923793.8366425 923793.840677
166,923794.1158,88.759999955073,933,936,0.4389645865906712,0.6306905423520877,1.3895700865146707,0.8414267071088156,3d gaze,-51.286794857516725,-94.98412407847331,563.2731263007839,923794.1158 923794.123869 923794.20456
167,923794.227215,185.5879999930039,937,942,0.4087874786213891,0.5069027218944755,0.30188630155829804,0.8611244295756023,3d gaze,-117.047463492053,-45.197899947643165,838.4160233242919,923794.227215 923794.412803
168,923794.6072365,185.5879999930039,948,954,0.37852390450752105,0.42675010257979135,1.4206450491256557,0.9949438495838896,3d gaze,-45.46399725669766,4.72190912498689,239.52111312326568,923794.6072365 923794.611271 923794.6153055 923794.61934 923794.6233745001 923794.627409 923794.6314435 923794.6354779999 923794.6395125 923794.643547 923794.6475815 923794.651616 923794.6556505 923794.659685 923794.6637195 923794.667754 923794.6717884999 923794.675823 923794.6798575 923794.683892 923794.6879265 923794.691961 923794.6959955001 923794.70003 923794.7040645 923794.7080989999 923794.7121335 923794.716168 923794.7202025 923794.724237 923794.7282715 923794.732306 923794.7363405 923794.740375 923794.7444094999 923794.7484445 923794.752479 923794.7565135 923794.760548 923794.7645825 923794.768617 923794.7726515001 923794.7766865001 923794.7807209999 923794.7847555 923794.78879 923794.7928245
169,923794.796859,100.86250002495944,954,957,0.37493722862116347,0.4302397695742292,1.4920065571751824,0.9947357177734375,3d gaze,-45.96752327401194,3.8544228812026544,234.2885218388753,923794.796859 923794.8008935 923794.804928 923794.8089625 923794.8129970001 923794.8170314999 923794.821066 923794.8251005 923794.829135 923794.8331695 923794.837204 923794.8412385001 923794.845273 923794.8493075001 923794.8533419999 923794.8573765 923794.861411 923794.8654455 923794.86948 923794.8735145 923794.877549 923794.8815835 923794.8856180001 923794.8896524999 923794.893687 923794.8977215
170,923794.901756,108.93250000663102,957,960,0.383066227668878,0.44010688978835366,1.376405838965265,0.9958037670169558,3d gaze,-52.94961799634013,1.9792851332009995,289.96645322565206,923794.901756 923794.9057905 923794.909825 923794.9138595001 923794.9178945001 923794.921929 923794.9259635 923794.9299979999 923794.9340325 923794.938067 923794.9421015 923794.946136 923794.9501705 923794.9542050001 923794.9582395 923794.9622744999 923794.966309 923794.9703434999 923794.974378 923794.9784125 923794.982447 923794.9864815 923794.990516 923794.9945505001 923794.9985849999 923795.0026195 923795.006654 923795.0106885
171,923795.0954135,84.72499996423721,963,965,0.401409238578343,0.4476428019739432,1.4552459598272118,0.9797125892205671,3d gaze,-56.27618487682324,0.13693305109778048,371.45592867208273,923795.0954135 923795.0994480001 923795.1034825 923795.107517 923795.1115514999 923795.115586 923795.1196205 923795.123655 923795.1276895 923795.131724 923795.1357585001 923795.139793 923795.1438275 923795.1478619999 923795.1518965 923795.1559315 923795.159966 923795.1640005 923795.168035 923795.1720695 923795.1761040001 923795.1801384999
172,923795.184173,117.00099997688085,965,969,0.4113511618582322,0.45579056722077044,1.2585584729062924,0.9950388461351395,3d gaze,-53.23872262043775,-2.8114309413540663,394.86332413609654,923795.184173 923795.1882074999 923795.192242 923795.1962765 923795.200311 923795.2043455 923795.20838 923795.2124145001 923795.2164489999 923795.2204835 923795.224518 923795.2285525 923795.232587 923795.2366215 923795.2406565 923795.2446910001 923795.2487255 923795.2527600001 923795.2567944999 923795.260829 923795.2648635 923795.268898 923795.2729325 923795.276967 923795.2810015 923795.285036 923795.2890705001 923795.2931049999 923795.2971395 923795.301174
173,923795.414141,96.82799992151558,972,975,0.38437088414626147,0.4660548383875756,1.3110722037400746,0.994511521110932,3d gaze,-48.87510044940252,-4.498158134122743,271.37884968112695,923795.414141 923795.4181755 923795.42221 923795.4262445 923795.430279 923795.4343135001 923795.4383479999 923795.4423825 923795.4464169999 923795.4504515 923795.454486 923795.4585205 923795.4665895 923795.4706240001 923795.4746584999 923795.478693 923795.4827275 923795.486762 923795.4907965 923795.494831 923795.4988655 923795.5029 923795.5069345001 923795.5109689999
174,923795.5150035,92.79449994210154,975,978,0.37968601155944054,0.4437941815066774,1.0637241736443277,0.99198793457902,3d gaze,-51.58794081025318,1.0825550449791144,274.3720506365583,923795.5150035 923795.5190379999 923795.5230725 923795.527107 923795.5311415 923795.5351765 923795.539211 923795.5432455 923795.54728 923795.5513144999 923795.555349 923795.5593835 923795.5634185 923795.567453 923795.575522 923795.5795565001 923795.583591 923795.5876255 923795.5916599999 923795.5956945 923795.599729 923795.6037635 923795.607798
175,923795.6118325,117.00100009329617,978,982,0.3667179970424971,0.44320904311133114,1.4344536925098008,0.9964603344599406,3d gaze,-54.59742896317972,1.155479345605879,260.09301870782264,923795.6118325 923795.6158670001 923795.6199015 923795.623936 923795.6279705 923795.632005 923795.6360395 923795.640074 923795.6441085 923795.648143 923795.6521775001 923795.656212 923795.6602465 923795.6642809999 923795.6683155 923795.67235 923795.6763845 923795.680419 923795.6844535 923795.6884880001 923795.6925225 923795.696557 923795.7005915 923795.704626 923795.7086605 923795.712695 923795.7167295 923795.720764 923795.7247985001 923795.7288335001
176,923795.938629,104.89700001198798,988,991,0.49524627549277284,0.5162724003726002,1.3651832179256667,0.9799510505464342,3d gaze,0.4045551015755911,-20.478628393712345,329.279997745486,923795.938629 923795.9426635 923795.946698 923795.9507325001 923795.9547669999 923795.9588015 923795.962836 923795.9668705 923795.970905 923795.9749395 923795.9789740001 923795.9830085 923795.9870430001 923795.9910774999 923795.995112 923795.9991465 923796.003181 923796.0072155 923796.01125 923796.0152845 923796.019319 923796.0233535001 923796.0273879999 923796.0314225 923796.035457 923796.0394915 923796.043526
177,923796.0515950001,104.89799990318716,991,994,0.4856567920853506,0.49017025829950783,1.2367251052591075,0.991669010232996,3d gaze,-3.960518435166393,-10.80999546017935,282.1105645213768,923796.0515950001 923796.0556295 923796.0596640001 923796.063699 923796.0677334999 923796.071768 923796.0758025 923796.079837 923796.0838715 923796.087906 923796.0919405001 923796.095975 923796.1000095 923796.1040439999 923796.1080785 923796.112113 923796.116148 923796.1201825 923796.1242170001 923796.1282515 923796.1322860001 923796.1363204999 923796.140355 923796.1443895 923796.148424 923796.1524585 923796.156493
178,923796.1968380001,100.86299991235137,996,999,0.4937652146878363,0.5470339458550519,1.1928034890852737,0.98320551101978,3d gaze,-0.35337981805109947,-30.08200318075183,333.51076247316183,923796.1968380001 923796.2008725 923796.2049070001 923796.2089414999 923796.212976 923796.2170105 923796.221045 923796.22508 923796.2291145 923796.233149 923796.2371835001 923796.241218 923796.2452525 923796.2492869999 923796.2533215 923796.257356 923796.2613905 923796.265425 923796.2694595 923796.2734940001 923796.2775285 923796.281563 923796.2855974999 923796.289632 923796.2936665 923796.297701
179,923796.402599,217.86400000564754,1002,1008,0.5043318882732631,0.5225062256073001,1.4780919497135925,0.9760268926620483,3d gaze,4.8006392932316535,-20.727613954276162,305.40654391369077,923796.402599 923796.4066335 923796.410668 923796.4147025 923796.418737 923796.4227715 923796.4268060001 923796.4308404999 923796.434875 923796.4389094999 923796.442944 923796.4469785 923796.451013 923796.4550475001 923796.459082 923796.4631165001 923796.4671509999 923796.4711855 923796.47522 923796.4792545 923796.483289 923796.4873235 923796.491358 923796.4953930001 923796.4994275 923796.503462 923796.5074964999 923796.511531 923796.5155655 923796.5196 923796.5236345 923796.527669 923796.5317035001 923796.535738 923796.5397725 923796.5438069999 923796.5478415 923796.551876 923796.555911 923796.5599455 923796.56398 923796.5680145 923796.5720490001 923796.5760834999 923796.580118 923796.5841524999 923796.588187 923796.5922215 923796.596256 923796.6002905001 923796.604325 923796.6083595001 923796.6123939999 923796.6164285 923796.620463
180,923796.6244975,185.5879999930039,1008,1014,0.49549345625194036,0.5172647995278716,1.3240218587517074,0.9801940968696107,3d gaze,0.47985343301770284,-20.179262732871166,320.9366297062651,923796.6244975 923796.628532 923796.6325665 923796.636601 923796.6406355 923796.6446700001 923796.6487044999 923796.652739 923796.6567734999 923796.660808 923796.6648425 923796.668877 923796.6729115001 923796.676946 923796.680981 923796.6850155 923796.6890499999 923796.6930845 923796.697119 923796.7011535 923796.705188 923796.7092225 923796.7132570001 923796.7172920001 923796.7213265 923796.725361 923796.7293954999 923796.73343 923796.7374645 923796.741499 923796.7455335 923796.749568 923796.7536025001 923796.757637 923796.7616715 923796.7657059999 923796.7697405 923796.773775 923796.7778095 923796.781844 923796.7858785 923796.7899130001 923796.7939475 923796.797982 923796.8020164999 923796.806051 923796.8100855
181,923796.81412,217.86400000564754,1014,1020,0.4894359557966877,0.5077360508043499,1.4794807483125667,0.9767137007279829,3d gaze,-2.631042972402222,-17.779479773180576,327.93751292658345,923796.81412 923796.8181545 923796.822189 923796.8262235001 923796.830258 923796.8342925 923796.8383269999 923796.8423615 923796.846396 923796.8504305 923796.854465 923796.8584995 923796.8625340001 923796.8665685 923796.870603 923796.874638 923796.878673 923796.8827075 923796.886742 923796.8907765 923796.894811 923796.8988455001 923796.90288 923796.9069145 923796.9109489999 923796.9149835 923796.919018 923796.9230525 923796.927087 923796.9311215 923796.9351560001 923796.9391905 923796.943225 923796.9472594999 923796.951294 923796.9553285 923796.959363 923796.9633975 923796.967432 923796.9714665001 923796.975501 923796.9795355 923796.9835699999 923796.9876045 923796.991639 923796.9956735 923796.999708 923797.0037425 923797.0077770001 923797.0118115 923797.015846 923797.0198804999 923797.023915 923797.0279495 923797.031984
182,923797.0360185,80.69100009743124,1021,1023,0.4919764730014816,0.5215891344973959,1.1924288985342777,0.9815014373688471,3d gaze,-1.2937906952609122,-21.541609840978225,321.73432674836016,923797.0360185 923797.040053 923797.0440875001 923797.0481225001 923797.0521569999 923797.0561915 923797.0602259999 923797.0642605 923797.0682955 923797.07233 923797.0763645 923797.080399 923797.0844335 923797.0884680001 923797.0925024999 923797.096537 923797.1005714999 923797.104606 923797.1086405 923797.112675 923797.1167095001
183,923797.185296,108.93250000663102,1025,1028,0.5026089431406625,0.5134742445521835,1.3686907731181277,0.9920007501329694,3d gaze,3.9780096103879052,-18.06717408870988,303.8866257871873,923797.185296 923797.1893305001 923797.193365 923797.1973995001 923797.2014339999 923797.2054685 923797.2095035 923797.213538 923797.2175725 923797.2216070001 923797.2256415 923797.2296760001 923797.2337105 923797.237745 923797.2417794999 923797.245814 923797.2498485 923797.2538835 923797.257918 923797.261952 923797.2659865001 923797.2700215001 923797.2740559999 923797.2780905 923797.282125 923797.2861595 923797.290194 923797.2942285
184,923797.3184354999,88.75950006768107,1029,1032,0.5103411834393373,0.535457419284597,1.38164760348584,0.98673066885575,3d gaze,7.996206514262442,-24.763743472902473,311.0813977980319,923797.3184354999 923797.32247 923797.3265045 923797.330539 923797.3345735001 923797.338608 923797.3426425001 923797.3466769999 923797.3507115 923797.354746 923797.3587805 923797.362815 923797.3668495 923797.3708845 923797.3749190001 923797.3789535 923797.382988 923797.3870224999 923797.391057 923797.3950915 923797.399126 923797.4031605 923797.407195
185,923797.4112295001,217.86400000564754,1032,1038,0.512846359249665,0.5373612520067865,1.4374868605078912,0.9759267460216176,3d gaze,10.348167235547686,-28.64618540877488,351.53523408226516,923797.4112295001 923797.415264 923797.4192985 923797.4233329999 923797.4273675 923797.4314019999 923797.4354365 923797.439471 923797.4435055 923797.4475405 923797.4515750001 923797.4556095 923797.459644 923797.4636784999 923797.467713 923797.4717475 923797.475782 923797.4798165001 923797.483851 923797.4878855001 923797.49192 923797.4959545 923797.4999889999 923797.5040235 923797.508058 923797.5120925 923797.516127 923797.5201615 923797.5241960001 923797.5282305 923797.532265 923797.5362994999 923797.5403345 923797.544369 923797.5484035 923797.552438 923797.5564725001 923797.560507 923797.5645415001 923797.5685759999 923797.5726105 923797.5766449999 923797.5806795 923797.584714 923797.5887485 923797.5927830001 923797.5968175 923797.6008520001 923797.6048864999 923797.608921 923797.6129555 923797.61699 923797.6210245 923797.625059 923797.6290935001
186,923797.7460950001,177.5189999025315,1042,1047,0.5100787278163957,0.5394343235865819,1.3386824276461815,0.9910855253537496,3d gaze,8.620174765076191,-28.463663599678227,341.59510728371816,923797.7460950001 923797.7501294999 923797.754164 923797.7581984999 923797.762233 923797.7662675 923797.770302 923797.7743365 923797.778371 923797.7824055001 923797.7864399999 923797.7904745 923797.7945089999 923797.7985435 923797.802578 923797.8066125 923797.8106470001 923797.8146815 923797.8187160001 923797.8227504999 923797.826785 923797.8308194999 923797.8348544999 923797.838889 923797.8429235 923797.846958 923797.8509925001 923797.855027 923797.8590615 923797.8630959999 923797.8671305 923797.8711655 923797.8752 923797.8792345 923797.8832690001 923797.8873035 923797.8913380001 923797.8953725 923797.899407 923797.9034414999 923797.907476 923797.9115105 923797.915545 923797.9195795 923797.923614
187,923797.9276485001,181.55350000597537,1047,1053,0.5044495167571984,0.5411924098809798,1.450118190962293,0.9897126710933187,3d gaze,5.330961203412346,-27.55640445553771,324.0018124434087,923797.9276485001 923797.931683 923797.9357175 923797.9397519999 923797.9437865 923797.947821 923797.9518555 923797.9558900001 923797.9599245 923797.9639590001 923797.9679935 923797.972028 923797.9760624999 923797.980097 923797.9841315 923797.988166 923797.9922005 923797.996235 923798.0002695001 923798.004304 923798.0083385 923798.0123729999 923798.0164075 923798.020442 923798.024477 923798.028512 923798.0325465 923798.0365810001 923798.0406155 923798.04465 923798.0486844999 923798.052719 923798.0567535 923798.060788 923798.0648225 923798.068857 923798.0728915001 923798.076926 923798.0809605 923798.0849949999 923798.0890295 923798.0930639999 923798.0970985 923798.101133 923798.1051675 923798.1092020001
188,923798.1818230001,80.69099998101592,1055,1057,0.48981487732711554,0.5169638193312155,1.3324412504311012,0.9926728379158747,3d gaze,-2.1957653147014455,-18.502284063447387,295.13013234719034,923798.1818230001 923798.1858580001 923798.1898924999 923798.1939264999 923798.197961 923798.201996 923798.2060305 923798.210065 923798.2141 923798.2181345001 923798.222169 923798.2262035001 923798.2302379999 923798.2342725 923798.2383069999 923798.2423415 923798.246376 923798.2504105 923798.2544450001 923798.2584795 923798.2625140001
189,923798.2665484999,177.51900013536215,1057,1063,0.49692199237355866,0.5353768332973045,1.39410568992632,0.9895591364966498,3d gaze,1.2955637003195588,-26.36835679432548,331.49696018744515,923798.2665484999 923798.270583 923798.2746175 923798.278652 923798.2826865 923798.286721 923798.2907555001 923798.29479 923798.2988245001 923798.3028589999 923798.3068935 923798.3109279999 923798.3149625 923798.318997 923798.3230315 923798.3270660001 923798.3311005 923798.3351350001 923798.3391694999 923798.343204 923798.3472385 923798.351273 923798.3553075 923798.359342 923798.363377 923798.3674115001 923798.371446 923798.3754805 923798.3795149999 923798.3835495 923798.387584 923798.3916185 923798.395653 923798.3996880001 923798.4037225 923798.4077570001 923798.4117914999 923798.415826 923798.4198605 923798.423895 923798.4279295 923798.431964 923798.4359985 923798.440033 923798.4440675001
190,923798.4481019999,121.03549996390939,1063,1066,0.49631093165510465,0.5529217350755792,1.4589817817392674,0.9908176747060591,3d gaze,1.018974515769653,-30.236770391427633,316.0531096982331,923798.4481019999 923798.4521365 923798.4561709999 923798.4602055 923798.46424 923798.4682745 923798.4723090001 923798.4763435 923798.4803780001 923798.4844124999 923798.488447 923798.4924815 923798.496516 923798.5005505 923798.504585 923798.5086195 923798.512654 923798.516689 923798.5207235 923798.5247579999 923798.5287925 923798.532827 923798.5368615 923798.540896 923798.5449305 923798.5489650001 923798.5529995 923798.557034 923798.5610684999 923798.565103 923798.5691374999
191,923798.573172,121.03600008413196,1066,1070,0.5065223349815501,0.5404519934881091,1.361543526091049,0.9951751145624346,3d gaze,7.371941791113063,-31.573911617028266,374.21245866779617,923798.573172 923798.5772065 923798.581241 923798.5852755001 923798.58931 923798.593345 923798.5973795 923798.6014139999 923798.6054485 923798.609483 923798.6135175 923798.6175520001 923798.6215865 923798.6256210001 923798.6296555 923798.63369 923798.6377244999 923798.641759 923798.6457935 923798.649828 923798.6538625 923798.657897 923798.6619315001 923798.665966 923798.6700005 923798.6740349999 923798.6780695 923798.682104 923798.686139 923798.6901735 923798.6942080001
192,923798.6982425,129.1045000543818,1070,1074,0.5103163144310587,0.5637048498792614,1.343833136731694,0.9872300453258284,3d gaze,10.374440686234902,-42.524189223662205,403.95391068627094,923798.6982425 923798.7022770001 923798.7063114999 923798.710346 923798.7143804999 923798.718415 923798.7224495 923798.726484 923798.7305185001 923798.734553 923798.7385875001 923798.7426219999 923798.7466565 923798.750691 923798.7547255 923798.75876 923798.7627945 923798.7668290001 923798.7708635 923798.7748980001 923798.7789324999 923798.782967 923798.787002 923798.7910365 923798.795071 923798.7991055 923798.80314 923798.8071745001 923798.811209 923798.8152435 923798.8192779999 923798.8233125 923798.827347
193,923798.8313815,92.79399993829429,1074,1077,0.5182847751512317,0.5581144979883375,1.4800964679973752,0.980288740247488,3d gaze,14.007638227426412,-36.57599388648347,363.6431565927844,923798.8313815 923798.835416 923798.8394505 923798.8434850001 923798.8475200001 923798.8515544999 923798.855589 923798.8596234999 923798.863658 923798.8676925 923798.871727 923798.8757615001 923798.879796 923798.8838305001 923798.8878649999 923798.8918995 923798.8959339999 923798.8999685 923798.904003 923798.9080375 923798.912072 923798.9161065 923798.9201410001 923798.9241754999
194,923798.92821,84.72499996423721,1077,1080,0.5108734523034281,0.5469901843002473,1.1933189025532038,0.9823870049281553,3d gaze,8.759664422233644,-29.833148494031136,331.0541868917467,923798.92821 923798.9322444999 923798.936279 923798.9403135 923798.944348 923798.9483825001 923798.952417 923798.9564515001 923798.9604859999 923798.9645205 923798.9685549999 923798.9725895 923798.976624 923798.9806585 923798.984693 923798.9887280001 923798.9927625 923798.996797 923799.0008314999 923799.004866 923799.0089005 923799.012935
195,923799.01697,181.55350000597537,1080,1085,0.5069223309391263,0.5465758377182702,1.3562773010121576,0.9825963915690131,3d gaze,7.013716050427791,-31.190695895189116,347.5673053654161,923799.01697 923799.0210045001 923799.025039 923799.0290735001 923799.033108 923799.0371425 923799.0411769999 923799.0452115 923799.049246 923799.0532805 923799.057315 923799.0613495 923799.0653840001 923799.0694185 923799.073453 923799.0774874999 923799.081522 923799.0855565 923799.089591 923799.0936255001 923799.09766 923799.1016945001 923799.105729 923799.1097635 923799.1137979999 923799.1178325 923799.121867 923799.1259015 923799.129936 923799.1339705 923799.1380050001 923799.1420395 923799.146074 923799.1501084999 923799.154143 923799.1581775 923799.162212 923799.1662465001 923799.170281 923799.174316 923799.178351 923799.1823855 923799.1864199999 923799.1904545 923799.194489 923799.1985235
196,923799.26711,80.69049997720867,1087,1090,0.4970830094585241,0.5377114575476112,1.4803966417504046,0.9781023448421842,3d gaze,1.4083347390692673,-26.847015336116616,328.2695762421281,923799.26711 923799.2711445 923799.275179 923799.2792135 923799.2832480001 923799.2872825 923799.291317 923799.2953514999 923799.299386 923799.3034204999 923799.307455 923799.3114895001 923799.315524 923799.3195585001 923799.323593 923799.3276275 923799.3316619999 923799.3356965 923799.3397315 923799.343766 923799.3478005
197,923799.3518350001,112.96649998985231,1090,1093,0.5103092386838591,0.5503152269504642,1.4494670664141247,0.9793580976025812,3d gaze,8.62730327199182,-31.342662884669654,336.0653647732531,923799.3518350001 923799.3558695 923799.3599040001 923799.3639384999 923799.3679734999 923799.372008 923799.3760424999 923799.380077 923799.3841115 923799.388146 923799.3921805001 923799.396215 923799.4002495001 923799.4042839999 923799.4083185 923799.412353 923799.4163875 923799.420422 923799.4244565 923799.4284910001 923799.4325255 923799.4365600001 923799.4405944999 923799.444629 923799.4486634999 923799.452698 923799.4567325 923799.460767 923799.4648015001
198,923799.468836,205.76100004836917,1093,1099,0.5004447834103543,0.526118415254855,1.329964525862124,0.9759864772741611,3d gaze,2.629451265670359,-19.591884740595507,275.9289227194727,923799.468836 923799.4728705001 923799.4769049999 923799.4809395 923799.484974 923799.4890085 923799.493043 923799.4970775 923799.5011125 923799.5051470001 923799.5091815 923799.513216 923799.5172504999 923799.521285 923799.5253195 923799.529354 923799.5333885 923799.537423 923799.5414575001 923799.545492 923799.5495265 923799.5535609999 923799.5575955 923799.5616305 923799.565665 923799.5696995 923799.5737340001 923799.5777685 923799.5818030001 923799.5858374999 923799.589872 923799.5939064999 923799.597941 923799.6019755 923799.60601 923799.6100445001 923799.614079 923799.6181135001 923799.6221479999 923799.6261825 923799.6302169999 923799.6342515 923799.638286 923799.6423205 923799.6463550001 923799.6503895 923799.6544240001 923799.6584584999 923799.662493 923799.6665274999 923799.6705625 923799.674597
199,923799.6786315,217.86400000564754,1099,1106,0.5028598516382559,0.5301115358754105,1.346795444605301,0.9795963677493009,3d gaze,3.8384509765218686,-21.38740887293826,286.22974672547724,923799.6786315 923799.682666 923799.6867005001 923799.690735 923799.6947695 923799.6988039999 923799.7028385 923799.7068729999 923799.7109075 923799.7149420001 923799.7189765 923799.7230110001 923799.7270455 923799.73108 923799.7351144999 923799.739149 923799.7431835 923799.7472185 923799.751253 923799.7552875001 923799.759322 923799.7633565001 923799.767391 923799.7714255 923799.7754599999 923799.7794945 923799.783529 923799.7875635 923799.791598 923799.7956325 923799.7996670001 923799.8037015 923799.807736 923799.8117704999 923799.815805 923799.8198395 923799.823874 923799.8279085001 923799.8319435001 923799.835978 923799.8400125001 923799.8440469999 923799.8480815 923799.8521159999 923799.8561505 923799.860185 923799.8642195 923799.8682540001 923799.8722885 923799.8763230001 923799.8803574999 923799.884392 923799.8884264999 923799.892461 923799.8964955
200,923799.90053,185.58800010941923,1106,1112,0.4988412913579314,0.5243014323230776,1.2734763821010415,0.9751350093395152,3d gaze,2.1357327124668313,-21.250650265343438,306.44920882472184,923799.90053 923799.9045645001 923799.908599 923799.9126335001 923799.9166679999 923799.9207025 923799.9247369999 923799.9287715 923799.9328065 923799.936841 923799.9408755 923799.9449100001 923799.9489445 923799.952979 923799.9570134999 923799.961048 923799.9650824999 923799.969117 923799.9731515001 923799.977186 923799.9812205001 923799.985255 923799.9892895 923799.9933239999 923799.9973585 923800.0013935 923800.005428 923800.0094625 923800.0134970001 923800.0175315 923800.0215660001 923800.0256004999 923800.029635 923800.0336694999 923800.037704 923800.0417385 923800.045773 923800.0498075001 923800.053842 923800.0578765001 923800.0619109999 923800.0659455 923800.0699799999 923800.0740145 923800.078049 923800.0820835 923800.0861180001
201,923800.102256,104.89799990318716,1112,1115,0.5133700406720784,0.5497155556219506,1.2861254223331537,0.9896849239314044,3d gaze,10.345574568759265,-31.247517160699292,337.12160561703536,923800.102256 923800.1062904999 923800.110325 923800.1143595 923800.118394 923800.1224285001 923800.1264635001 923800.130498 923800.1345325001 923800.1385669999 923800.1426015 923800.146636 923800.1506705 923800.154705 923800.1587395 923800.1627745 923800.1668090001 923800.1708435 923800.174878 923800.1789124999 923800.182947 923800.1869815 923800.191016 923800.1950505 923800.199085 923800.2031195001 923800.207154
202,923800.2111885,108.93199988640845,1115,1119,0.5078711379046409,0.5330716447295967,1.2636880929792222,0.9761182027203696,3d gaze,6.648380517928068,-23.93801097849018,308.94351388632157,923800.2111885 923800.2152229999 923800.2192575 923800.2232919999 923800.2273265 923800.2313610001 923800.2353955 923800.2394300001 923800.2434645 923800.247499 923800.2515334999 923800.255568 923800.2596025 923800.263637 923800.2676715 923800.271706 923800.2757405001 923800.279775 923800.2838095 923800.2878439999 923800.2918785 923800.2959129999 923800.2999475 923800.3039820001 923800.3080165 923800.3120510001 923800.3160855 923800.3201204999
203,923800.5057085,80.69049986079335,1124,1127,0.4017289885941736,0.511671495616071,1.4249065776411296,0.9794040861583891,3d gaze,-56.194444360811175,-21.763473485212266,371.7557237940888,923800.5057085 923800.5097429999 923800.5137779999 923800.5178125 923800.521847 923800.5258815 923800.5299160001 923800.5339505 923800.5379850001 923800.5420194999 923800.546054 923800.5500884999 923800.554123 923800.5581575 923800.562192 923800.5662265001 923800.570261 923800.5742955001 923800.5783299999 923800.5823645 923800.5863989999
204,923800.5985025,125.07049995474517,1127,1131,0.3840850488651723,0.49886405072062,1.4828815945320886,0.9801297245487091,3d gaze,-56.11684545333129,-14.56203309373468,310.7279543314447,923800.5985025 923800.6025370001 923800.6065715 923800.6106060001 923800.6146404999 923800.618675 923800.6227094999 923800.626744 923800.6307785 923800.634813 923800.6388475001 923800.642882 923800.646917 923800.6509515 923800.6549859999 923800.6590205 923800.663055 923800.6670895 923800.671124 923800.6751585 923800.6791930001 923800.6832275 923800.687262 923800.6912964999 923800.695331 923800.7034005 923800.707435 923800.7114695001 923800.715504 923800.7195385001 923800.7235729999
205,923800.763918,169.44999992847443,1132,1137,0.39963238097713893,0.4879190304826816,1.4695161709231142,0.9826053450273913,3d gaze,-47.689346129893146,-11.302643538366327,308.79467010229894,923800.763918 923800.7679524999 923800.771987 923800.7760215 923800.780056 923800.7840905001 923800.788125 923800.7921595001 923800.7961939999 923800.8002285 923800.8042629999 923800.8082975 923800.812332 923800.8163665 923800.8204010001 923800.8244360001 923800.8284705 923800.832505 923800.8365394999 923800.840574 923800.8446084999 923800.848643 923800.8526775001 923800.856712 923800.8607465001 923800.864781 923800.8688155 923800.8728499999 923800.8768845 923800.8809189999 923800.8849535 923800.888988 923800.8930225 923800.8970570001 923800.9010920001 923800.9051265 923800.909161 923800.9131954999 923800.91723 923800.9212645 923800.925299 923800.9293335 923800.933368
206,923801.3529584999,217.86400000564754,1149,1156,0.4067154126931047,0.47650673723408304,1.494062920683254,0.9920728249983354,3d gaze,-41.09476260437346,-7.52761982443854,288.11284543834813,923801.3529584999 923801.356993 923801.3610274999 923801.365062 923801.3690965001 923801.373131 923801.3771655001 923801.3812 923801.3852345 923801.3892689999 923801.3933035 923801.397338 923801.4013725 923801.405407 923801.4094415 923801.4134760001 923801.4175105 923801.421545 923801.4255794999 923801.429614 923801.4336484999 923801.437683 923801.4417175001 923801.445752 923801.4497865001 923801.453821 923801.4578555 923801.4618899999 923801.4659249999 923801.4699599999 923801.4739945 923801.478029 923801.4820635 923801.4860980001 923801.4901325 923801.494167 923801.4982014999 923801.502236 923801.5062704999 923801.510305 923801.5143395001 923801.518374 923801.5224085001 923801.526443 923801.5304775 923801.5345119999 923801.5385465 923801.542581 923801.5466155 923801.55065 923801.5546845 923801.5587190001 923801.5627535 923801.566788 923801.5708224999
207,923801.574857,125.07049995474517,1156,1160,0.40920555693837773,0.4765020534488603,1.1950143130067532,0.9913327898830175,3d gaze,-51.61346164381294,-9.76457300172725,372.2081348124242,923801.574857 923801.5788914999 923801.582926 923801.5869605001 923801.590995 923801.5950295001 923801.599064 923801.6030985 923801.6071329999 923801.6111675 923801.615202 923801.6192365 923801.623271 923801.6273055 923801.6313400001 923801.6353745 923801.6394094999 923801.643444 923801.6474784999 923801.6515134999 923801.655548 923801.6595825001 923801.663617 923801.6676515001 923801.671686 923801.6757205001 923801.6797549999 923801.6837895 923801.6878239999 923801.6918585 923801.695893 923801.6999275
208,923801.7160654999,96.82850004173815,1160,1163,0.3931428757169096,0.4557613208488677,1.490420066574518,0.9944768428802491,3d gaze,-54.60738113001871,-2.3696005637330755,330.5490004512199,923801.7160654999 923801.7201 923801.7241344999 923801.728169 923801.7322035001 923801.736238 923801.7402725001 923801.744307 923801.7483415001 923801.7523759999 923801.7564105 923801.7604449999 923801.7644795 923801.768514 923801.7725485 923801.7765830001 923801.7806175 923801.7846520001 923801.7886864999 923801.792721 923801.7967554999 923801.80079 923801.8048245001 923801.8088595001 923801.812894
209,923801.8169285001,80.69049986079335,1163,1166,0.3892625387788736,0.4689432928146941,1.3699769634984966,0.9942193258376348,3d gaze,-54.810007727523235,-6.200538560530923,319.30716391251826,923801.8169285001 923801.820963 923801.8249975 923801.8290319999 923801.8330665 923801.8371009999 923801.8411355 923801.8451705 923801.8492050001 923801.8532395 923801.8572740001 923801.8613084999 923801.865343 923801.8693774999 923801.873412 923801.8774465 923801.881481 923801.8855155001 923801.88955 923801.8935845001 923801.8976189999
210,923801.9016535,112.96649998985231,1166,1169,0.38426288089283267,0.4489892634698587,1.1926429047360627,0.9901671841226775,3d gaze,-52.14678561606411,-0.22520450812609966,289.2385675278448,923801.9016535 923801.9056879999 923801.9097225 923801.913757 923801.9177915 923801.9218260001 923801.9258605 923801.9298950001 923801.9339294999 923801.937964 923801.9419984999 923801.946033 923801.9500675 923801.954102 923801.9581365001 923801.9621715001 923801.966206 923801.9702405 923801.9742749999 923801.9783095 923801.9823439999 923801.9863785 923801.9904130001 923801.9944475 923801.9984820001 923802.0025165 923802.006551 923802.0105854999 923802.01462
211,923802.0186544999,217.8645001258701,1169,1176,0.3873916684209399,0.47852209252295635,1.4635217968247922,0.9874367974021218,3d gaze,-54.602232256258716,-8.775087056624656,311.85091991611733,923802.0186544999 923802.022689 923802.0267235 923802.030758 923802.0347925001 923802.0388275001 923802.042862 923802.0468965 923802.0509309999 923802.0549655 923802.059 923802.0630345 923802.0670690001 923802.0711035 923802.0751380001 923802.0791725 923802.083207 923802.0872414999 923802.091276 923802.0953104999 923802.099345 923802.1033795001 923802.107414 923802.1114485001 923802.115483 923802.1195175 923802.1235525 923802.1275869999 923802.131621 923802.1356555 923802.1396905 923802.1437250001 923802.1477595 923802.1517940001 923802.1558284999 923802.159863 923802.1638974999 923802.167932 923802.1719665 923802.176001 923802.1800355001 923802.18407 923802.1881045001 923802.1921389999 923802.1961735 923802.2002079999 923802.2042425 923802.2082770001 923802.2123115 923802.2163460001 923802.2203805 923802.2244150001 923802.2284494999 923802.2324844999 923802.236519
212,923802.2405534999,173.48400014452636,1176,1181,0.3895328275541294,0.47918575203364716,1.3505805422198645,0.986049238931049,3d gaze,-55.1197060210736,-9.191863962356642,321.5802153389601,923802.2405534999 923802.244588 923802.2486225001 923802.252657 923802.2566915001 923802.260726 923802.2647605 923802.2687949999 923802.2728295 923802.276864 923802.2808985 923802.284933 923802.2889675 923802.2930025 923802.2970370001 923802.3010714999 923802.305106 923802.3091404999 923802.313175 923802.3172095 923802.321244 923802.3252785001 923802.329313 923802.3333475001 923802.3373819999 923802.3414165 923802.3454509999 923802.3494855 923802.3535199999 923802.3575545 923802.3615890001 923802.3656235 923802.3696580001 923802.3736924999 923802.377727 923802.3817614999 923802.385796 923802.3898305 923802.393865 923802.3978995001 923802.401934 923802.4059685001 923802.4100029999 923802.4140375
213,923802.7529374999,92.79450005851686,1191,1194,0.4064597145253415,0.4733324405470094,1.4913139645471432,0.9761868019898733,3d gaze,-57.13309219615787,-9.248435049571922,398.85611069064754,923802.7529374999 923802.756972 923802.7610065 923802.765041 923802.7690755001 923802.77311 923802.7771445 923802.7811789999 923802.7852139999 923802.7892485 923802.793283 923802.7973175 923802.8013520001 923802.8053870001 923802.8094215 923802.8134560001 923802.8174904999 923802.821525 923802.8255594999 923802.829594 923802.8336285 923802.837663 923802.8416975001 923802.845732
214,923802.8497665001,92.79350005090237,1194,1197,0.3940490026205972,0.4727707930003758,1.2864310304934314,0.9609195304413637,3d gaze,-56.19955865018141,-7.7959150359924925,343.2314924783797,923802.8497665001 923802.8538009999 923802.8578355 923802.8618699999 923802.8659045 923802.8699390001 923802.8739735 923802.8780080001 923802.8820425 923802.8860770001 923802.8901114999 923802.894146 923802.8981804999 923802.902215 923802.9062495 923802.910284 923802.9143185001 923802.918353 923802.9223875001 923802.9264219999 923802.9304565 923802.9344909999 923802.9385255 923802.9425600001
215,923803.0353544999,84.72499996423721,1200,1202,0.4089961596304489,0.4882677302637578,1.4791094243184961,0.9804971055551008,3d gaze,-60.66696481140666,-16.103527207925637,437.30186040314584,923803.0353544999 923803.039389 923803.0434234999 923803.047458 923803.0514925 923803.055527 923803.0595615001 923803.063596 923803.0676305001 923803.0716649999 923803.0756995 923803.0797339999 923803.0837685 923803.0878029999 923803.0918375 923803.0958720001 923803.0999065 923803.1039410001 923803.1079754999 923803.11201 923803.116045 923803.1200794999
216,923803.1442865,209.79500003159046,1203,1209,0.4106180406651759,0.47661525483042455,1.4790493560971552,0.98424572089933,3d gaze,-60.1264411576662,-11.56545670348796,441.5706837929929,923803.1442865 923803.1483209999 923803.1523555 923803.1563899999 923803.1604245 923803.164459 923803.1684935 923803.1725280001 923803.1765625 923803.180597 923803.184632 923803.1886664999 923803.192701 923803.1967355 923803.20077 923803.2048045001 923803.208839 923803.2128735001 923803.216908 923803.2209425 923803.2249769999 923803.2290115 923803.2330459999 923803.2370805 923803.2411150001 923803.2451495 923803.2491840001 923803.2532185 923803.257253 923803.2612874999 923803.265322 923803.2693565 923803.273391 923803.277426 923803.2814605001 923803.285495 923803.2895295001 923803.2935639999 923803.2975985 923803.3016329999 923803.3056675 923803.309702 923803.3137365 923803.3177710001 923803.3218055 923803.3258400001 923803.3298744999 923803.333909 923803.3379434999 923803.341978 923803.3460125 923803.350047 923803.3540815001
217,923803.4589795,129.10449993796647,1212,1216,0.3937670058023988,0.47341916975908827,1.4331489145853031,0.984224512721553,3d gaze,-60.619320803769206,-8.62901252106895,369.3980380672623,923803.4589795 923803.4630140001 923803.4670485 923803.4710830001 923803.4751174999 923803.479152 923803.4831864999 923803.487221 923803.4912554999 923803.49529 923803.4993245001 923803.503359 923803.5073935001 923803.5114279999 923803.5154625 923803.5194969999 923803.5235315 923803.527566 923803.5316005 923803.5356350001 923803.5396695 923803.5437040001 923803.5477384999 923803.551773 923803.5558074999 923803.559842 923803.563877 923803.5679115 923803.571946 923803.5759805001 923803.580015 923803.5840495001 923803.5880839999
218,923803.6607055,125.07049995474517,1218,1222,0.3852906894942578,0.4551431748827054,1.4959938537924018,0.9861232545226812,3d gaze,-58.88983513753908,-2.1448280255145633,329.9592655475253,923803.6607055 923803.6647399999 923803.6687745 923803.6728089999 923803.6768435 923803.6808780001 923803.6849125 923803.6889470001 923803.6929815 923803.697016 923803.7010504999 923803.705085 923803.7091194999 923803.713154 923803.7171885001 923803.721223 923803.7252575001 923803.729292 923803.7333265 923803.7373609999 923803.7413955 923803.7454299999 923803.7494645 923803.7534990001 923803.7575340001 923803.7615685 923803.7656030001 923803.769638 923803.7736724999 923803.777707 923803.7817414999 923803.785776
219,923803.8382245,153.31199998036027,1224,1228,0.3961002818189158,0.4690164470063303,1.428915136167367,0.9860871434211731,3d gaze,-59.55070318459058,-7.201793574556314,371.29040229698774,923803.8382245 923803.842259 923803.8462934999 923803.850328 923803.8543624999 923803.858397 923803.8624315001 923803.866466 923803.8705005001 923803.874535 923803.8785695 923803.8826039999 923803.8866385 923803.8906729999 923803.8947075 923803.8987420001 923803.9027765 923803.9068110001 923803.9108455 923803.91488 923803.9189144999 923803.922949 923803.9269834999 923803.9310184999 923803.935053 923803.9390875001 923803.943122 923803.9471565001 923803.9511915001 923803.9552259999 923803.9592605 923803.9632949999 923803.9673295 923803.971364 923803.9753985 923803.9794330001 923803.9834675 923803.9875020001 923803.9915364999
220,923803.995571,80.68999997340143,1228,1231,0.39395232638314065,0.47299258286637974,1.195654736340275,0.9970057890528724,3d gaze,-57.69294751342087,-8.083150985432681,352.0428056445721,923803.995571 923803.9996054999 923804.00364 923804.0076745 923804.011709 923804.0157435001 923804.019778 923804.0238125001 923804.0278469999 923804.0318815 923804.0359159999 923804.0399505 923804.043985 923804.0480195 923804.0520540001 923804.0560885 923804.0601230001 923804.0641574999 923804.068192 923804.0722264999 923804.076261
221,923804.1851935,80.69049997720867,1234,1236,0.3865727011283422,0.47517662222390034,1.4578746124974138,0.9958946023668561,3d gaze,-49.67531753220665,-7.035421813558506,281.8012253678975,923804.1851935 923804.189228 923804.1932625 923804.1972970001 923804.2013315 923804.2053660001 923804.2094004999 923804.213435 923804.2174694999 923804.221504 923804.2255385 923804.229573 923804.2336075001 923804.237642 923804.2416765001 923804.2457109999 923804.2497455 923804.2537799999 923804.2578145 923804.2618495 923804.265884
222,923804.2699185,125.07000006735325,1236,1240,0.3897173079221384,0.4757547144848478,1.4174102172490475,0.9903785232454538,3d gaze,-52.26691973106251,-7.7742579040932505,305.3546885664674,923804.2699185 923804.2739530001 923804.2779875 923804.282022 923804.2860564999 923804.290091 923804.2941254999 923804.29816 923804.3021945001 923804.306229 923804.3102635001 923804.314298 923804.3183325 923804.3223669999 923804.3264015 923804.3304359999 923804.3344705 923804.3385055 923804.3425400001 923804.3465745 923804.3506090001 923804.3546435 923804.358678 923804.3627124999 923804.366747 923804.3707814999 923804.374816 923804.3788505001 923804.382885 923804.3869195001 923804.390954 923804.3949885
223,923804.478711,80.69100009743124,1243,1245,0.3890713384936041,0.4955569379917134,1.4970344667876916,0.996454099814097,3d gaze,-52.52846453138774,-13.401530607298106,304.90504578361237,923804.478711 923804.4827455 923804.48678 923804.4908145 923804.494849 923804.4988835 923804.502918 923804.5069525 923804.510987 923804.5150215 923804.5190564999 923804.5230915 923804.527126 923804.5311605 923804.535195 923804.5392295 923804.543264 923804.5472985 923804.551333 923804.5553675 923804.559402
224,923804.6037815,88.7589999474585,1246,1249,0.3751752048064938,0.48548036049095267,1.4050444718062227,0.9983711527741473,3d gaze,-57.4459893031265,-10.098860266593295,293.4484251675243,923804.6037815 923804.607816 923804.6118505 923804.615885 923804.6199195 923804.623954 923804.6279885 923804.632023 923804.6360575 923804.640092 923804.6441265 923804.648161 923804.6521955 923804.65623 923804.6602645 923804.664299 923804.6683335 923804.672368 923804.6764025 923804.680437 923804.6844715 923804.688506 923804.6925405
225,923804.696575,80.690500093624,1249,1252,0.3806598904203125,0.47216291436579766,0.9164538210562543,0.978986538591839,3d gaze,-55.84963374741888,-6.638608232126831,299.40735804717104,923804.696575 923804.7006095 923804.704644 923804.7086785 923804.712713 923804.716748 923804.7207825 923804.724817 923804.7288515 923804.732886 923804.7369204999 923804.740955 923804.7449895 923804.749024 923804.7530585 923804.757093 923804.7611275 923804.765162 923804.7691965001 923804.7732309999 923804.7772655
226,923804.779526,121.03599996771663,1252,1255,0.43117686185939985,0.5035119638520474,1.409351816461188,0.8680973959372541,3d gaze,-83.7552011765415,-41.289272289335166,814.9681852624176,923804.779526 923804.787595 923804.900562
227,923805.402616,88.75949995126575,1270,1273,0.47354815870496064,0.49152362698546403,1.3554540571451559,0.9963323603505674,3d gaze,-9.013184371934123,-10.522082413938312,266.0865572017646,923805.402616 923805.4066505 923805.410685 923805.4147195 923805.418754 923805.4227885 923805.426823 923805.4308575001 923805.434892 923805.4389265 923805.442961 923805.4469955 923805.45103 923805.4550645 923805.459099 923805.4631335 923805.4671680001 923805.4712024999 923805.4752375 923805.479272 923805.4833065 923805.487341 923805.4913755
228,923805.49541,108.93149999901652,1273,1276,0.4616842404783072,0.47854576164962276,1.136221200283914,0.9979630217381886,3d gaze,-13.283361072697543,-6.957099065182097,250.6288224409531,923805.49541 923805.4994445 923805.503479 923805.5075135 923805.5115479999 923805.5155825 923805.519617 923805.5236515 923805.527686 923805.5317205 923805.5357550001 923805.5397895 923805.543824 923805.5478585 923805.551893 923805.5559275 923805.559962 923805.5639965 923805.568031 923805.5720655 923805.5761 923805.5801345 923805.5841689999 923805.5882035 923805.592238 923805.5962725 923805.600307 923805.6043415
229,923805.7657225,112.96649998985231,1281,1284,0.5643161303740641,0.5742994005951199,1.3877099994638173,0.9439956381403166,3d gaze,31.06666356554704,-31.711843893739424,273.27858327418164,923805.7657225 923805.769757 923805.7737915 923805.777826 923805.7818605 923805.785895 923805.7899295 923805.793964 923805.7979985 923805.8020329999 923805.8060675 923805.810102 923805.8141365 923805.818171 923805.8222055 923805.82624 923805.8302745 923805.834309 923805.8383435 923805.842378 923805.8464125 923805.850447 923805.8544815 923805.858516 923805.8625505 923805.866585 923805.87062 923805.8746545 923805.878689
230,923806.0400695,88.75950006768107,1289,1292,0.4917012760210739,0.5747414848627823,1.4441932619606757,0.9678740993790005,3d gaze,-1.0067130758204832,-25.568599586865115,221.1496612697182,923806.0400695 923806.044104 923806.0481385 923806.0521730001 923806.056208 923806.0602424999 923806.064277 923806.0683115 923806.072346 923806.0763805 923806.080415 923806.0844495001 923806.088484 923806.0925185 923806.096553 923806.1005875 923806.104622 923806.1086565 923806.112691 923806.1167255 923806.12076 923806.1247945 923806.128829
231,923806.354762,80.69099998101592,1299,1301,0.500791357123481,0.5867876399383208,1.446183684278158,0.9629472408975873,3d gaze,2.1889931701662304,-26.805146049786817,211.23200875789098,923806.354762 923806.3587965 923806.362831 923806.3668655 923806.3709 923806.3749345 923806.378969 923806.3830035 923806.387038 923806.3910725 923806.395107 923806.3991415 923806.403176 923806.4072105 923806.411245 923806.4152795 923806.419314 923806.4233484999 923806.427383 923806.431418 923806.435453
232,923807.1213205,177.5189999025315,1322,1327,0.49264142631800384,0.5833298289614011,1.452891429692705,0.9895151188207227,3d gaze,-0.8461668005016753,-33.30160887645199,269.3905939943015,923807.1213205 923807.125355 923807.1293895 923807.133424 923807.1374585 923807.141493 923807.1455275 923807.1495620001 923807.1535964999 923807.157631 923807.1616655 923807.1657 923807.1697345 923807.173769 923807.1778035 923807.181838 923807.1858725001 923807.1899069999 923807.1939415 923807.197976 923807.202011 923807.2060455 923807.21008 923807.2141145 923807.218149 923807.2221835 923807.226218 923807.2302524999 923807.234287 923807.2383215 923807.242356 923807.2463905 923807.250425 923807.2544595001 923807.258494 923807.2625285 923807.2665629999 923807.2705975 923807.274632 923807.278667 923807.286736 923807.2907705 923807.2988394999
233,923807.403737,137.17300002463162,1330,1334,0.5149478844972682,0.572549251688723,1.3891297771508095,0.9906674938542502,3d gaze,7.299174693105976,-24.97455861719855,219.6226438210343,923807.403737 923807.4077715001 923807.4118059999 923807.4158405 923807.419875 923807.4239095 923807.427944 923807.4319785 923807.436013 923807.4400475 923807.4440820001 923807.4481164999 923807.452151 923807.4561855 923807.46022 923807.4642545 923807.468289 923807.4723235001 923807.476358 923807.4803925001 923807.4844269999 923807.4884615 923807.492496 923807.4965305 923807.500565 923807.5045995 923807.508634 923807.5126685 923807.5167030001 923807.5207374999 923807.524772 923807.5288065 923807.532841 923807.5368755 923807.54091
234,923807.548979,104.89800001960248,1334,1337,0.5282090413013643,0.5689772175530066,1.402076290697769,0.9772361218929291,3d gaze,14.014796889096699,-28.233054110763142,255.2829314069925,923807.548979 923807.553014 923807.5570485 923807.5610829999 923807.5651175 923807.569152 923807.5731865 923807.577221 923807.5812555 923807.5852900001 923807.5893250001 923807.5933594999 923807.597394 923807.6014284999 923807.605463 923807.6094975 923807.613532 923807.6175665 923807.621601 923807.6256355001 923807.6296699999 923807.6337045 923807.637739 923807.6417735 923807.645808 923807.6498425 923807.653877
235,923807.6579115,104.89700001198798,1338,1341,0.5259187079066893,0.580932304513665,1.2486216719113117,0.9690480331579844,3d gaze,12.899117165078362,-30.597399164062946,251.67603404960138,923807.6579115 923807.6619460001 923807.6659804999 923807.670015 923807.6740494999 923807.678084 923807.6821185 923807.686153 923807.6901875 923807.694222 923807.6982565001 923807.7022909999 923807.7063255 923807.71036 923807.7143945 923807.718429 923807.7224635 923807.726498 923807.7305325 923807.7345670001 923807.7386014999 923807.742636 923807.7466704999 923807.750705 923807.7547395 923807.758774 923807.7628085
236,923807.766843,88.76000007148832,1341,1343,0.5291397414652712,0.5779023200300653,1.4629081722369426,0.9627196620339933,3d gaze,13.693551395710497,-28.899787590081736,243.14755445434952,923807.766843 923807.7708775001 923807.7749125 923807.7789469999 923807.7829815 923807.787016 923807.7910505 923807.795085 923807.7991195 923807.8031540001 923807.8071885 923807.8112235 923807.815258 923807.8192924999 923807.823327 923807.8273615 923807.831396 923807.8354305 923807.839465 923807.8434995001 923807.847534 923807.8515685 923807.855603
237,923807.8596375,108.93200000282377,1344,1347,0.5197417289811804,0.5726327865975503,1.3166455462009008,0.964210566665445,3d gaze,9.330789499052766,-25.866920929109146,227.21961665378112,923807.8596375 923807.863672 923807.8677065 923807.871741 923807.8757755 923807.8798100001 923807.8838445 923807.887879 923807.8919134999 923807.895948 923807.8999825 923807.904017 923807.9080515 923807.912086 923807.9161205001 923807.9201549999 923807.9241895 923807.928224 923807.9322585 923807.936293 923807.9403275 923807.944362 923807.9483965 923807.9524310001 923807.9564654999 923807.9605004999 923807.964535 923807.9685695
238,923808.121881,80.69049997720867,1351,1354,0.4447710138271592,0.5115598317979669,1.397488538674471,0.9953207998048692,3d gaze,-23.856377853022344,-17.204710958580343,296.7632864269547,923808.121881 923808.1259155 923808.12995 923808.1339845001 923808.138019 923808.1420535 923808.146088 923808.1501225 923808.1541575 923808.158192 923808.1622265 923808.1662610001 923808.1702955 923808.1743300001 923808.1783644999 923808.182399 923808.1864335 923808.190468 923808.1945025 923808.198537 923808.2025715
239,923808.206606,161.38099995441735,1354,1359,0.43256222231063496,0.5036508545061411,1.3440028065404501,0.9710842254685192,3d gaze,-29.34247600672544,-14.87403735407084,292.12829891816483,923808.206606 923808.2106405001 923808.2146749999 923808.2187095 923808.2227439999 923808.2267785 923808.230813 923808.2348475 923808.2388820001 923808.2429165 923808.2469510001 923808.2509854999 923808.25502 923808.2590545 923808.263089 923808.2671235 923808.271158 923808.2751925 923808.279227 923808.2832615001 923808.2872959999 923808.2913305 923808.2953649999 923808.2993995 923808.303434 923808.3074685 923808.3115030001 923808.3155375 923808.3195720001 923808.3236064999 923808.327641 923808.3316755 923808.33571 923808.339745 923808.3437795 923808.347814 923808.3518485001 923808.355883 923808.3599175 923808.3639519999 923808.3679869999
240,923808.3720215,100.86250002495944,1359,1362,0.43607071132932396,0.5222408818444,1.1457464617294846,0.980828372331766,3d gaze,-28.12700717323477,-20.088533506077663,296.61888520168617,923808.3720215 923808.376056 923808.3800905 923808.384125 923808.3881595 923808.3921940001 923808.3962285 923808.400263 923808.4042975 923808.408332 923808.4123665 923808.416401 923808.4204355 923808.42447 923808.4285045001 923808.432539 923808.4365735 923808.4406079999 923808.4446425 923808.448677 923808.4527115 923808.456746 923808.4607805 923808.4648150001 923808.4688495 923808.472884
241,923808.5818159999,84.72500008065253,1365,1368,0.36630810238987443,0.4614040063011378,1.4076519945992065,0.9847208424047991,3d gaze,-59.29123239089916,-3.5091250104247362,281.3628113721795,923808.5818159999 923808.5858505 923808.589885 923808.5939195 923808.597954 923808.6019885 923808.606023 923808.6100575 923808.6140920001 923808.6181264999 923808.622161 923808.6261954999 923808.63023 923808.6342645 923808.638299 923808.6423335001 923808.646368 923808.650403 923808.6544375 923808.6584719999 923808.6625065 923808.666541
242,923808.96913,145.24250000249594,1377,1381,0.42956483651022365,0.5618633596913098,1.4316895530426306,0.992215008349032,3d gaze,-32.01106280437886,-31.62329021207998,302.8764302139954,923808.96913 923808.9731645 923808.9771990001 923808.9812335 923808.985268 923808.9893024999 923808.993337 923808.9973715 923809.001406 923809.0054405 923809.009475 923809.0135095001 923809.017544 923809.0215785 923809.0256129999 923809.0296475 923809.033682 923809.0377165 923809.041751 923809.0457855 923809.0498200001 923809.0538545 923809.057889 923809.0619234999 923809.065958 923809.0699925 923809.074027 923809.0780615 923809.082096 923809.0861305001 923809.090165 923809.0941995 923809.0982339999 923809.1022685 923809.106303 923809.1103375 923809.1143725
243,923809.186994,92.79349993448704,1383,1386,0.42157516758500746,0.683572860792819,1.4043750025742112,0.998761922121048,3d gaze,-35.67400508887521,-64.80154835987973,295.24655784149394,923809.186994 923809.1910285 923809.1950630001 923809.1990975 923809.203132 923809.2071664999 923809.211201 923809.2152355 923809.21927 923809.2233045 923809.227339 923809.2313735001 923809.235408 923809.2394425 923809.2434769999 923809.2475115 923809.251546 923809.2555805 923809.259615 923809.2636495 923809.2676840001 923809.2717185 923809.275753 923809.2797874999
244,923809.3403055,80.68999997340143,1388,1390,0.43949221641582686,0.6730333612780492,1.4381998184493092,0.9909213596866244,3d gaze,-28.485909832596057,-65.58874436223992,313.8794318461388,923809.3403055 923809.3443400001 923809.3483744999 923809.352409 923809.3564434999 923809.360478 923809.3645125 923809.368547 923809.3725815 923809.376616 923809.3806505001 923809.3846849999 923809.3887195 923809.3927539999 923809.3967885 923809.400823 923809.4048575 923809.4088920001 923809.4129265 923809.4169610001 923809.4209954999
245,923809.42503,92.79449994210154,1390,1393,0.4420424180048614,0.6740651531892707,1.4745331686496121,0.9950795670350393,3d gaze,-28.620004051780686,-69.35578765132833,330.5374665002148,923809.42503 923809.4290644999 923809.433099 923809.4371335 923809.441168 923809.4452025 923809.449237 923809.4532715001 923809.4573059999 923809.4613405 923809.4653755 923809.46941 923809.4734445 923809.477479 923809.4815135 923809.4855480001 923809.4895825 923809.4936175 923809.497652 923809.5016864999 923809.505721 923809.5097555 923809.51379 923809.5178245
246,923809.521859,96.8280000379309,1393,1396,0.43178950244442904,0.6655807125051733,1.132929437108035,0.9910392236709594,3d gaze,-30.84092932912613,-60.17042955549694,297.64174131244545,923809.521859 923809.5258935001 923809.529928 923809.5339625 923809.5379969999 923809.5420315 923809.546066 923809.5501005 923809.5541350001 923809.5581695 923809.5622040001 923809.5662385 923809.570273 923809.5743074999 923809.578342 923809.5823765 923809.586411 923809.5904455 923809.59448 923809.5985145001 923809.602549 923809.6065835 923809.6106179999 923809.6146525 923809.618687
247,923809.667101,80.69099998101592,1398,1400,0.4258698284586948,0.5797548203265495,1.474260235632222,0.9920879857880729,3d gaze,-33.961921860939626,-36.78582623923541,303.8965492258371,923809.667101 923809.6711355001 923809.67517 923809.6792049999 923809.6832395 923809.6872739999 923809.6913085 923809.695343 923809.6993775 923809.7034120001 923809.7074465 923809.7114810001 923809.7155154999 923809.71955 923809.7235844999 923809.727619 923809.7316535 923809.735688 923809.7397225001 923809.743757 923809.747792
248,923810.0342425001,112.96649998985231,1408,1412,0.394993168543897,0.4439052966757849,1.4786219029244603,0.9790137338227239,3d gaze,-44.78527202305613,1.0579285730894743,275.89144838988045,923810.0342425001 923810.038277 923810.0423115001 923810.0463459999 923810.0503805 923810.0544149999 923810.05845 923810.0624845 923810.066519 923810.0705535 923810.0745880001 923810.0786225 923810.082657 923810.0866914999 923810.090726 923810.0947604999 923810.098795 923810.1028295001 923810.106864 923810.1108985001 923810.114933 923810.1189675 923810.1230019999 923810.1270365 923810.131071 923810.1351055 923810.13914 923810.1431745 923810.1472090001
249,923810.163347,80.68999997340143,1412,1415,0.3952350663338556,0.44090757355359744,1.496232972101158,0.9894402850241888,3d gaze,-46.14220470923148,1.8395614722711615,284.948317072131,923810.163347 923810.1673815 923810.171416 923810.1754505001 923810.179485 923810.1835195001 923810.187554 923810.1915885 923810.1956229999 923810.1996575 923810.203692 923810.2077265 923810.211761 923810.2157955 923810.2198300001 923810.2238645 923810.227899 923810.2319334999 923810.235968 923810.2400025 923810.244037
250,923810.548882,112.96699999365956,1424,1427,0.4471402441659517,0.4635185546961719,0.6759256276589766,0.891534664734978,3d gaze,-60.10266166828046,-11.015694119054487,784.3024759150954,923810.548882 923810.661849
251,923810.8250075,80.69099998101592,1432,1434,0.42542845348610037,0.5077690374148068,1.4669860476562622,0.9946540338652474,3d gaze,-28.620607674317096,-13.906759412559763,254.4908646119358,923810.8250075 923810.829042 923810.833077 923810.8371115001 923810.841146 923810.845181 923810.8492155 923810.8532499999 923810.8572845 923810.8613189999 923810.8653535 923810.8693880001 923810.8734225 923810.8774570001 923810.8814915 923810.885526 923810.8895604999 923810.893595 923810.8976295 923810.901664 923810.9056985
252,923810.909733,181.55300011858344,1435,1440,0.4204078145117934,0.5332424044884967,1.260870617315975,0.991645626227061,3d gaze,-34.314279344778335,-22.21521703832419,284.8337970621285,923810.909733 923810.9137675001 923810.917802 923810.9218365 923810.9299055 923810.9339399999 923810.9379745 923810.9420090001 923810.9460435 923810.9500780001 923810.9541125 923810.958147 923810.9621814999 923810.966216 923810.9702505 923810.974285 923810.9783195 923810.982354 923810.9863885001 923810.990423 923810.9944575 923810.9984919999 923811.0025265 923811.0065609999 923811.0105955 923811.0146300001 923811.0186645 923811.0226990001 923811.0267340001 923811.0307685 923811.034803 923811.0388374999 923811.042872 923811.0469064999 923811.050941 923811.0549755001 923811.05901 923811.0630445001 923811.067079 923811.0711135 923811.0751479999 923811.0791825 923811.083217 923811.0872515 923811.0912860001
253,923811.1800454999,104.89750001579523,1443,1446,0.4381701330083566,0.6001333931385412,1.4367426921855089,0.9705286997335928,3d gaze,-31.037266990917395,-47.4360126623042,338.4315746475288,923811.1800454999 923811.18408 923811.1881144999 923811.192149 923811.1961835 923811.200218 923811.2042525001 923811.208287 923811.212322 923811.2163565 923811.2203909999 923811.2244255 923811.22846 923811.2324945 923811.236529 923811.2405635 923811.2445980001 923811.2486325 923811.252667 923811.2567014999 923811.260736 923811.2647704999 923811.268805 923811.2728395001 923811.276874 923811.2809085001 923811.284943
254,923811.2889775,96.82799992151558,1446,1449,0.4532233241728221,0.6127781234811575,1.4649169782116305,0.9556484603881836,3d gaze,-29.26371842640463,-66.12786257531114,436.0775907940195,923811.2889775 923811.2930119999 923811.2970465 923811.301081 923811.3051155 923811.30915 923811.3131845 923811.3172190001 923811.3212535 923811.325288 923811.3293224999 923811.333357 923811.3373914999 923811.341426 923811.3454605001 923811.349495 923811.3535295001 923811.357564 923811.3615985 923811.3656329999 923811.3696675 923811.373702 923811.3777365 923811.381771 923811.3858055
255,923811.3898400001,88.759999955073,1449,1452,0.44487414466035047,0.5813696025214182,1.4754411314669078,0.9732926047366598,3d gaze,-27.763924624090176,-42.080585056996554,344.2590928859478,923811.3898400001 923811.3938745 923811.3979094999 923811.4019444999 923811.405979 923811.4100134999 923811.414048 923811.4180825001 923811.422117 923811.4261515001 923811.430186 923811.4342205 923811.4382549999 923811.4422895 923811.4463239999 923811.4503585 923811.454393 923811.4584275 923811.4624620001 923811.4664965 923811.470531 923811.4745654999 923811.4786
256,923811.502807,80.68999997340143,1452,1455,0.4591071297453129,0.6139847040175603,1.4989503179606654,0.9919042927878243,3d gaze,-26.90119175245913,-71.20359792568703,466.7491436064286,923811.502807 923811.5068415 923811.5108759999 923811.5149105 923811.5189449999 923811.5229795 923811.527014 923811.5310485 923811.5350830001 923811.5391175 923811.543152 923811.5471864999 923811.551221 923811.5552554999 923811.55929 923811.5633245001 923811.567359 923811.5713935001 923811.575428 923811.5794625 923811.5834969999
257,923811.6883950001,141.2080000154674,1458,1462,0.49707798197191594,0.6047596090680014,1.446307007677758,0.9901656756798426,3d gaze,1.2109820828543496,-41.11646496224755,286.1744741028223,923811.6883950001 923811.6924294999 923811.696464 923811.7004984999 923811.704533 923811.7085675 923811.712602 923811.7166365001 923811.720671 923811.7247055001 923811.7287399999 923811.7327745 923811.7368089999 923811.7408435 923811.744878 923811.7489125 923811.7529470001 923811.7569815 923811.7610160001 923811.7650504999 923811.769085 923811.7731194999 923811.7771544999 923811.781189 923811.785223 923811.7892575001 923811.7932925001 923811.797327 923811.8013615 923811.8053959999 923811.8094305 923811.8134649999 923811.8174995 923811.8215340001 923811.8255685 923811.8296030001
258,923812.1886750001,129.10449993796647,1473,1477,0.5414860362395915,0.6685718307213667,1.3176960569916047,0.9878279982191144,3d gaze,18.228294337314274,-48.13211439022199,235.3529471410146,923812.1886750001 923812.1927095 923812.1967440001 923812.2007785 923812.204813 923812.2088474999 923812.212882 923812.2169164999 923812.220951 923812.224986 923812.2290205001 923812.233055 923812.2370895001 923812.2411239999 923812.2451585 923812.2491929999 923812.2532275 923812.2572620001 923812.2612965 923812.2653310001 923812.2693655 923812.2734000001 923812.2774344999 923812.281469 923812.2855034999 923812.289538 923812.2935725 923812.297607 923812.3016415001 923812.305676 923812.3097105001 923812.3137449999 923812.3177795
259,923812.3339175,80.690500093624,1477,1479,0.5348298215072034,0.7088635680253413,1.4290887800914447,0.994447526477632,3d gaze,16.027491247922494,-58.32527548447473,239.4096092803348,923812.3339175 923812.3379520001 923812.3419865 923812.3460210001 923812.3500554999 923812.35409 923812.358125 923812.3621594999 923812.366194 923812.3702285001 923812.374263 923812.3782975001 923812.382332 923812.3863665 923812.3904009999 923812.3944355 923812.3984699999 923812.4025045 923812.4065390001 923812.4105735 923812.4146080001
260,923812.4186425,80.690500093624,1480,1482,0.5238969528981084,0.693218752825721,1.2209838613400221,0.9842359040464673,3d gaze,10.73711469928971,-50.32545966986762,220.77953087703958,923812.4186425 923812.422677 923812.4267114999 923812.430746 923812.4347804999 923812.438815 923812.4428495001 923812.446884 923812.4509185001 923812.454953 923812.4589875 923812.4630219999 923812.4670565 923812.4710909999 923812.4751255 923812.4791600001 923812.4831945 923812.4872290001 923812.4912635 923812.495298 923812.499333
261,923812.5033674999,129.1045001707971,1482,1486,0.5305250343665526,0.7215908245900713,1.4751753309861892,0.9923222001754877,3d gaze,13.83876324755827,-59.07758235507864,230.78325750052372,923812.5033674999 923812.507402 923812.5114365 923812.515471 923812.5195055001 923812.52354 923812.5275745001 923812.5316089999 923812.5356435 923812.5396779999 923812.5437125 923812.5477469999 923812.5517815 923812.5558160001 923812.5598510001 923812.5638855 923812.5679200001 923812.5719544999 923812.575989 923812.5800234999 923812.584058 923812.5880925001 923812.592127 923812.5961615001 923812.600196 923812.6042305001 923812.6082649999 923812.6122995 923812.6163339999 923812.6203685 923812.624403 923812.6284375 923812.6324720001
262,923812.9068189999,141.20850013568997,1494,1498,0.4445741781934692,0.573600284334209,1.4643627502135992,0.9812823947932985,3d gaze,-26.48816105292715,-37.50171128300122,326.4063106718541,923812.9068189999 923812.9108535 923812.914888 923812.9189225 923812.9229570001 923812.9269915 923812.9310265 923812.935061 923812.9390954999 923812.94313 923812.9471644999 923812.951199 923812.9552335001 923812.959268 923812.9633025001 923812.967337 923812.9713715 923812.9754059999 923812.9794405 923812.9834749999 923812.9875095 923812.9915440001 923812.9955785 923812.9996130001 923813.0036475 923813.007682 923813.0117164999 923813.015751 923813.0197854999 923813.02382 923813.0278545001 923813.031889 923813.0359235001 923813.039958 923813.0439925 923813.0480275
263,923813.100476,80.690500093624,1500,1502,0.45204863499779047,0.5124709688191639,1.2456283933692265,0.973672445331301,3d gaze,-22.419796913710165,-19.126960518376304,325.7184802773658,923813.100476 923813.1045105001 923813.108545 923813.1125795001 923813.1166145001 923813.1206489999 923813.1246835 923813.1287179999 923813.1327525 923813.136787 923813.1408215 923813.1448560001 923813.1488905 923813.1529250001 923813.1569594999 923813.160994 923813.1650284999 923813.169063 923813.1730975 923813.177132 923813.1811665001
264,923813.2376494999,80.69100009743124,1504,1506,0.4851742791001848,0.5478943014526597,1.480913505673282,0.9753193401155018,3d gaze,-7.2835658486734784,-43.86853027717223,481.52928456538405,923813.2376494999 923813.241684 923813.2457185001 923813.249753 923813.2537875001 923813.257822 923813.2618565001 923813.2658909999 923813.2699255 923813.2739599999 923813.2779945 923813.282029 923813.2860635 923813.2900980001 923813.2941325 923813.2981670001 923813.3022014999 923813.306236 923813.310271 923813.314306 923813.3183405
265,923813.4797205001,153.31199998036027,1511,1516,0.38191539715356676,0.503297564225194,1.3775916934849248,0.9951431050493911,3d gaze,-53.32166831120287,-14.714678948947638,289.1354428965751,923813.4797205001 923813.4837549999 923813.4877895 923813.4918239999 923813.4958585 923813.499893 923813.5039275 923813.5119965 923813.5160315 923813.520066 923813.5241004999 923813.528135 923813.5321694999 923813.536204 923813.5402385 923813.544273 923813.5483075001 923813.552342 923813.5563765 923813.5604109999 923813.5644455 923813.5684799999 923813.5725145 923813.5765490001 923813.5805835 923813.5886525 923813.592687 923813.596722 923813.6007564999 923813.604791 923813.6088254999 923813.61286 923813.6168945001 923813.620929 923813.6249635001 923813.628998 923813.6330325
266,923813.770206,137.1740000322461,1520,1524,0.4391804899212267,0.49500144194917317,1.3646287719184826,0.9826982975006103,3d gaze,-28.426877503740393,-13.61001621744067,317.3481250845727,923813.770206 923813.7742405001 923813.7782749999 923813.7823095 923813.7863439999 923813.7903785 923813.7944130001 923813.7984475 923813.8024820001 923813.8065165 923813.8105510001 923813.8145854999 923813.81862 923813.8226544999 923813.826689 923813.8307235 923813.834758 923813.8387925001 923813.842827 923813.8468615001 923813.8508959999 923813.8549305 923813.8589649999 923813.8629995 923813.8670340001 923813.8710685 923813.8751030001 923813.8791380001 923813.8831725 923813.887207 923813.891242 923813.8952764999 923813.899311 923813.9033455 923813.90738
267,923813.9235179999,88.7589999474585,1525,1527,0.41657640424907844,0.507233320455387,1.2089376174896398,0.9787617209164993,3d gaze,-35.170204798190746,-15.059519839865583,277.83256977628787,923813.9235179999 923813.9275525 923813.9315869999 923813.9356215 923813.9396559999 923813.9436905 923813.9477250001 923813.9517595 923813.9557940001 923813.9598284999 923813.963863 923813.9678974999 923813.971932 923813.9759665 923813.980001 923813.9840355001 923813.98807 923813.9921045001 923813.9961389999 923814.0001735 923814.0042079999 923814.0082425 923814.0122769999
268,923814.0163115,92.79399993829429,1527,1530,0.4309481073853693,0.5079471808140353,1.3706279270588395,0.9821443234880766,3d gaze,-32.42419151401559,-17.23988478199806,315.0192957501101,923814.0163115 923814.0203460001 923814.0243805 923814.0284150001 923814.0324494999 923814.036484 923814.0405184999 923814.044553 923814.0485875 923814.052622 923814.0566565001 923814.060691 923814.0647255001 923814.0687599999 923814.0727945 923814.0768289999 923814.0808635 923814.0848985 923814.088933 923814.0929675 923814.0970020001 923814.1010365 923814.105071 923814.1091054999
269,923814.11314,80.69049997720867,1530,1533,0.4414262493282363,0.518764018600376,1.416719153229076,0.9745076994101206,3d gaze,-25.969212710654077,-19.460194877385078,302.00763107789436,923814.11314 923814.1171744999 923814.121209 923814.1252435001 923814.129278 923814.1333125001 923814.137347 923814.1413815 923814.1454159999 923814.1494505 923814.1534849999 923814.1575195 923814.1615545 923814.1655890001 923814.1696235 923814.1736580001 923814.1776925 923814.181727 923814.1857614999 923814.189796 923814.1938305
270,923814.2583824999,125.07000006735325,1535,1538,0.4369153720954067,0.5800216823100737,1.4315036898780635,0.9911702908575535,3d gaze,-33.35704778069077,-43.0164179725841,355.2059827271532,923814.2583824999 923814.262417 923814.2664515 923814.270486 923814.2745205001 923814.2785555001 923814.28259 923814.2866245001 923814.2906589999 923814.2946935 923814.2987279999 923814.3027625 923814.306797 923814.3108315 923814.3148660001 923814.3189005 923814.3229350001 923814.3269694999 923814.331004 923814.3350384999 923814.339073 923814.3431075001 923814.347142 923814.3511765001 923814.355211 923814.3592455001 923814.3632799999 923814.3673145 923814.3713489999 923814.3753835 923814.379418 923814.3834525
271,923814.431867,100.86300014518201,1540,1543,0.40783201390748236,0.5403323119987586,1.3948504100905668,0.9910553556222182,3d gaze,-33.05356681969648,-19.83746123507419,234.0656115208805,923814.431867 923814.4359015 923814.4399359999 923814.4439705 923814.4480049999 923814.4520395 923814.4560740001 923814.4601085 923814.4641435 923814.4681780001 923814.4722124999 923814.476247 923814.4802814999 923814.484316 923814.4883504999 923814.492385 923814.4964195001 923814.500454 923814.5044885001 923814.5085229999 923814.5125575 923814.5165919999 923814.5206265 923814.524661 923814.5286955 923814.5327300001
272,923814.5367645,80.68999997340143,1543,1545,0.408412129393368,0.5747406285971319,1.4318047677366457,0.9953373386746361,3d gaze,-35.05486688286094,-29.130940935666892,249.1897485103021,923814.5367645 923814.5407990001 923814.5448334999 923814.548868 923814.5529024999 923814.556937 923814.5609715 923814.565006 923814.5690405001 923814.573075 923814.5771095001 923814.5811439999 923814.5851785 923814.5892129999 923814.5932475 923814.597282 923814.6013165 923814.6053510001 923814.6093855 923814.6134200001 923814.6174544999
273,923814.621489,169.44999992847443,1545,1550,0.4164614819942775,0.564399426356694,1.2405410709938585,0.9962154513313657,3d gaze,-34.24183394512601,-28.785394433840825,269.0929939312199,923814.621489 923814.6255234999 923814.629558 923814.6335925 923814.637627 923814.6416615001 923814.645696 923814.649731 923814.6537655 923814.6577999999 923814.6618345 923814.6658689999 923814.6699035 923814.6739380001 923814.6779725 923814.6820070001 923814.6860415 923814.690076 923814.694111 923814.6981454999 923814.70218 923814.710249 923814.7142835001 923814.718318 923814.7223525001 923814.726387 923814.7304215 923814.7344559999 923814.7384905 923814.742525 923814.7465595 923814.7505940001 923814.7546285 923814.7586630001 923814.7626975 923814.766732 923814.7707664999 923814.774801 923814.7788354999 923814.78287 923814.7869045001 923814.790939
274,923814.891802,80.69000008981675,1553,1556,0.4690339586580387,0.6443005455857327,1.4602924952155152,0.9927638939448765,3d gaze,-10.898698372415115,-47.188944203137645,260.59900119808265,923814.891802 923814.8958365 923814.8998710001 923814.9039055 923814.9079400001 923814.9119744999 923814.916009 923814.9200434999 923814.924078 923814.9281125 923814.932147 923814.9361815001 923814.940216 923814.9442505001 923814.9482849999 923814.9523195 923814.9563539999 923814.9603885 923814.964423 923814.9684575 923814.9724920001
275,923814.9765270001,217.86349988542497,1556,1562,0.459782367191159,0.6663295664187475,1.3784638085763432,0.995185632055456,3d gaze,-14.819493543056542,-52.61371642833727,260.38122171221886,923814.9765270001 923814.9805615 923814.984596 923814.9886304999 923814.992665 923814.9966994999 923815.000734 923815.0047685001 923815.008803 923815.0128375001 923815.016872 923815.0209065 923815.0249409999 923815.0289755 923815.03301 923815.037045 923815.0410795 923815.0451140001 923815.0491485 923815.0531830001 923815.0572174999 923815.061252 923815.0652864999 923815.069321 923815.0733555 923815.07739 923815.0814245001 923815.085459 923815.0894935001 923815.0935279999 923815.0975625 923815.1015969999 923815.1056315 923815.109666 923815.1137005 923815.1177350001 923815.1217695 923815.1258040001 923815.1298384999 923815.133873 923815.1379074999 923815.141942 923815.1459765 923815.150011 923815.1540455001 923815.15808 923815.1621145001 923815.1661489999 923815.1701835 923815.1742179999 923815.1782525 923815.182287 923815.1863215 923815.1903560001 923815.1943905
276,923815.1984250001,112.96699987724423,1563,1566,0.44979404461069133,0.6609013033955469,1.1630755639387649,0.9908343348009833,3d gaze,-16.887610627331664,-45.263882810887736,229.77736317908165,923815.1984250001 923815.2024594999 923815.206494 923815.2105284999 923815.214563 923815.2185975 923815.222632 923815.2266665001 923815.2307015001 923815.234736 923815.2387705001 923815.2428049999 923815.2468395 923815.250874 923815.2549085 923815.2589435 923815.2629780001 923815.2670125 923815.2710470001 923815.2750815 923815.279116 923815.2831504999 923815.287185 923815.2912195 923815.295254 923815.2992885 923815.303323 923815.3073575001 923815.311392
277,923815.444531,213.829500018619,1570,1576,0.44836125687544137,0.6111230447131688,1.4866507522127594,0.9886219518689009,3d gaze,-18.091888117938787,-36.06348128746268,240.50019914941842,923815.444531 923815.4485655001 923815.4526 923815.4566345001 923815.4606689999 923815.4647035 923815.4687379999 923815.4727725 923815.476807 923815.4808415 923815.4848760001 923815.4889105 923815.4929450001 923815.4969794999 923815.501014 923815.5050484999 923815.509083 923815.5131175 923815.517152 923815.5211865001 923815.525221 923815.5292555001 923815.5332905 923815.5373249999 923815.5413595 923815.5453939999 923815.5494285 923815.5534630001 923815.5574975 923815.5615320001 923815.5655665 923815.569601 923815.5736354999 923815.57767 923815.5817045 923815.585739 923815.5897735 923815.593808 923815.5978425001 923815.601877 923815.6059115 923815.6099465 923815.6139809999 923815.6180155 923815.62205 923815.6260845 923815.6341535 923815.6381880001 923815.6422224999 923815.6502915 923815.654326 923815.6583605
278,923815.6664295,80.69000008981675,1577,1579,0.44837445475790655,0.6103166876246577,1.3540235263300764,0.9927575446310497,3d gaze,-17.800308600382273,-35.33947790729486,236.82603943707775,923815.6664295 923815.670464 923815.6744985001 923815.6785329999 923815.6825675 923815.6866019999 923815.6906365 923815.694671 923815.6987055 923815.70274 923815.7067745 923815.7108090001 923815.7148434999 923815.718878 923815.7229124999 923815.726947 923815.7309815 923815.735016 923815.7390505001 923815.743085 923815.7471195001
279,923815.7793955,96.82899992913008,1580,1583,0.4689994985236581,0.6482870345513504,1.234049073662996,0.9896951168775558,3d gaze,-11.895513989598713,-52.73237571253563,285.36762031190034,923815.7793955 923815.7834300001 923815.7874644999 923815.791499 923815.7955334999 923815.7995684999 923815.8036034999 923815.807638 923815.8116725001 923815.815707 923815.8197415001 923815.823776 923815.8278105 923815.8318449999 923815.8399139999 923815.8439485 923815.847983 923815.8520175 923815.8560520001 923815.8600865 923815.864121 923815.8681554999 923815.87219 923815.8762244999
280,923815.9569145001,96.82849980890751,1585,1588,0.44911162501466934,0.6490088610931323,1.3215687208996845,0.9706773286064466,3d gaze,-18.780313193469777,-46.82081638838891,252.20803395585472,923815.9569145001 923815.960949 923815.9649835001 923815.969018 923815.9730525 923815.9770869999 923815.9811215 923815.985156 923815.9891905 923815.993225 923816.0012945 923816.0053290001 923816.0093634999 923816.013398 923816.0174325 923816.021467 923816.0255015 923816.029536 923816.0335705 923816.037605 923816.0416395001 923816.0456739999 923816.0497085 923816.0537429999
281,923816.1263645,80.69049997720867,1590,1593,0.498225123151473,0.6529802677769928,1.4347326806748533,0.9717951189903986,3d gaze,2.616471179820589,-79.77576849629193,422.2684529837461,923816.1263645 923816.130399 923816.1344335 923816.138468 923816.1425025 923816.1465370001 923816.1505715 923816.154606 923816.1586404999 923816.162675 923816.1667094999 923816.170744 923816.1747785 923816.178813 923816.182848 923816.1868825001 923816.1909169999 923816.1949515 923816.1989859999 923816.2030205 923816.207055
282,923816.2110895,80.68999997340143,1593,1595,0.48593050489823897,0.6519530723911606,1.3476001578749106,0.9662803553399586,3d gaze,-5.038445541529366,-68.86727013663479,367.0072300592352,923816.2110895 923816.2151240001 923816.2191585 923816.2231930001 923816.2272274999 923816.231262 923816.2352964999 923816.239331 923816.2433655 923816.2474 923816.2514345 923816.255469 923816.2595035001 923816.2635379999 923816.2675725 923816.2716069999 923816.2756415 923816.279676 923816.2837105 923816.2877450001 923816.2917795
283,923816.3442279999,112.96700011007488,1597,1600,0.4348687842881726,0.5732001048115148,1.3289190813346614,0.9927111658556708,3d gaze,-25.264565697254973,-29.92561642968418,260.3763829315234,923816.3442279999 923816.3482625 923816.352297 923816.356332 923816.3603665 923816.3644010001 923816.3684360001 923816.3724705 923816.376505 923816.3805394999 923816.384574 923816.3886085 923816.392643 923816.3966775 923816.400712 923816.4047465001 923816.408781 923816.4128155 923816.4168499999 923816.4208845 923816.424919 923816.4289535 923816.432988 923816.4370225 923816.4410570001 923816.4450915 923816.449126 923816.4531604999 923816.457195
284,923816.465264,205.7604999281466,1600,1607,0.44413502458371834,0.5970771009303136,1.447110207240498,0.9884938998864248,3d gaze,-25.437722680847816,-42.34352836277021,309.63416569617476,923816.465264 923816.4692985 923816.473333 923816.4773675001 923816.481402 923816.4854365 923816.4894709999 923816.4935055 923816.49754 923816.5015745 923816.5056090001 923816.5096435 923816.5136780001 923816.5177125 923816.521747 923816.5257814999 923816.529816 923816.5338505 923816.537885 923816.5419195 923816.545954 923816.5499885001 923816.554023 923816.5580575 923816.5620925 923816.566127 923816.5701615 923816.574196 923816.5782305 923816.582265 923816.5862995 923816.5903340001 923816.5943684999 923816.598403 923816.6024374999 923816.606472 923816.6105065 923816.614541 923816.6185755001 923816.62261 923816.6266445001 923816.6306795 923816.6347139999 923816.6387485 923816.6427829999 923816.6468175 923816.650852 923816.6548865 923816.6589210001 923816.6629555 923816.66699 923816.6710244999
285,923816.675059,96.82850004173815,1607,1610,0.4389825873929663,0.580050936760326,1.4453398036854153,0.9884457302093506,3d gaze,-25.724265358466482,-34.45566397475975,284.5989512989472,923816.675059 923816.6790935 923816.683128 923816.6871625 923816.691197 923816.6952315001 923816.699266 923816.7033005 923816.7073349999 923816.7113695 923816.7154039999 923816.7194385 923816.723473 923816.7275075 923816.7315420001 923816.7355765 923816.739611 923816.7436454999 923816.74768 923816.7517145 923816.7557495 923816.759784 923816.7638185001 923816.767853 923816.7718875001
286,923816.775922,157.34599996358156,1610,1614,0.44516093549168917,0.5897573007866976,1.4987149543005935,0.9835310742259026,3d gaze,-23.583034713416207,-38.18884578333227,293.79766085228687,923816.775922 923816.7799565 923816.7839909999 923816.7880255 923816.79206 923816.7960945 923816.800129 923816.8041635 923816.8081980001 923816.8122325 923816.816267 923816.8203014999 923816.824336 923816.8283705 923816.832405 923816.8364395001 923816.840474 923816.8445085001 923816.848543 923816.8525775 923816.8566119999 923816.8606465 923816.864681 923816.8687155 923816.87275 923816.8767845 923816.8808190001 923816.8848534999 923816.888888 923816.8929224999 923816.896957 923816.9009915 923816.905026 923816.9090605001 923816.9130955001 923816.91713 923816.9211645001 923816.9251989999 923816.9292335 923816.9332679999
287,923817.050269,96.82850004173815,1618,1621,0.47541219173093646,0.5148030202837034,1.3054780971015933,0.9872497367858887,3d gaze,-8.332426465204362,-16.394718756226204,270.1964781134822,923817.050269 923817.0543035 923817.058338 923817.0623725001 923817.066407 923817.0704415 923817.0744759999 923817.0785105 923817.082545 923817.0865795 923817.090614 923817.0946485 923817.0986830001 923817.1027175 923817.106752 923817.1107864999 923817.114821 923817.1188555 923817.12289 923817.1269245 923817.130959 923817.1349935001 923817.139028 923817.1430629999 923817.1470975
288,923817.1511319999,112.96650010626763,1621,1624,0.47069763013628857,0.5338995396232018,1.250021078275273,0.9824168774588354,3d gaze,-10.205618687046261,-20.75742618594457,265.44929308441885,923817.1511319999 923817.1551665 923817.159201 923817.1632355 923817.1672700001 923817.1713050001 923817.1753395 923817.179374 923817.1834084999 923817.187443 923817.1914774999 923817.195512 923817.1995465 923817.203581 923817.2076155001 923817.21165 923817.2156845 923817.2197189999 923817.2237535 923817.227788 923817.2318225 923817.235857 923817.2398915 923817.2439260001 923817.2479605 923817.251995 923817.2560294999 923817.260064 923817.2640985
289,923817.268133,80.69049997720867,1624,1627,0.4864819117763511,0.5352755095550203,1.4448503317435544,0.9748098921208155,3d gaze,-3.693168295588722,-22.79899890596886,287.3950383531745,923817.268133 923817.2721675 923817.276202 923817.2802365001 923817.284271 923817.2883055 923817.2923399999 923817.2963745 923817.300409 923817.3044435 923817.308478 923817.3125125 923817.3165470001 923817.3205815 923817.324616 923817.328651 923817.3326855 923817.33672 923817.3407545 923817.344789 923817.3488235
290,923817.3810995,149.27749999333173,1628,1632,0.4966970566383998,0.5340633398293545,1.4921350234372848,0.9843001475459651,3d gaze,1.3261968942730196,-29.01452047749494,369.83510672056354,923817.3810995 923817.385134 923817.3891685 923817.3932030001 923817.3972375 923817.401272 923817.4053065 923817.409341 923817.4133755 923817.41741 923817.4214445 923817.425479 923817.4295135001 923817.433548 923817.4375825 923817.4416169999 923817.445652 923817.4496865 923817.453721 923817.4577555 923817.46179 923817.4658245 923817.4698590001 923817.4738934999 923817.477928 923817.4819624999 923817.485997 923817.4900315 923817.494066 923817.4981005001 923817.502135 923817.5061695001 923817.5102039999 923817.5142385 923817.518273 923817.522308 923817.5263425 923817.530377
291,923817.5344115,217.86400000564754,1632,1639,0.49621297859245234,0.5561205081868373,1.257053435330996,0.9844881198622963,3d gaze,1.133325090033903,-40.641145299870914,412.16386221255834,923817.5344115 923817.5384460001 923817.5424805 923817.546515 923817.5505494999 923817.554584 923817.5586185 923817.562653 923817.5666875 923817.570722 923817.5747565001 923817.578791 923817.5828255 923817.5868599999 923817.5908945 923817.594929 923817.5989635 923817.602998 923817.6070325 923817.6110670001 923817.6151015 923817.619136 923817.6231704999 923817.627205 923817.6312395 923817.635274 923817.6393085 923817.643343 923817.6473775001 923817.651412 923817.6554465 923817.6594809999 923817.6635155 923817.66755 923817.6715845 923817.675619 923817.6796535 923817.6836880001 923817.6877225 923817.691757 923817.6957914999 923817.699826 923817.7038605 923817.707895 923817.7119295 923817.7159645 923817.719999 923817.7240335001 923817.7280685001 923817.7321029999 923817.7361375 923817.740172 923817.7442065 923817.748241 923817.7522755
292,923817.7563100001,217.86349988542497,1639,1645,0.4948308742258541,0.5624155997343565,1.4439068931676875,0.9876768021629407,3d gaze,0.3011237103448928,-46.48008642016401,445.0016890464579,923817.7563100001 923817.7603445 923817.7643790001 923817.772448 923817.7764825 923817.780517 923817.788586 923817.7926205 923817.796655 923817.8006895 923817.8047239999 923817.8087585 923817.812793 923817.8168275 923817.820862 923817.8248965 923817.8329655 923817.837 923817.8410344999 923817.845069 923817.8491035 923817.853138 923817.8571725 923817.861207 923817.8652415 923817.869276 923817.8733105 923817.8773449999 923817.8813795 923817.885414 923817.8894485 923817.893483 923817.8975175 923817.9015525 923817.9055870001 923817.9096215 923817.913656 923817.9176904999 923817.921725 923817.9257595 923817.929794 923817.9338285 923817.937863 923817.9418975001 923817.945932 923817.9499665 923817.954001 923817.9580355 923817.96207 923817.9661045 923817.970139 923817.9741735
293,923817.9782080001,104.89749989937991,1646,1649,0.4981271638256525,0.565263215430729,1.409423757092218,0.9971501277043269,3d gaze,2.513277191907981,-43.16784513457123,403.3392126510111,923817.9782080001 923817.9822425 923817.986277 923817.9903114999 923817.994346 923817.9983805 923818.002415 923818.0064495 923818.0104845 923818.014519 923818.0225879999 923818.0266225 923818.0306569999 923818.0346915 923818.038726 923818.0427605 923818.0467950001 923818.0508295 923818.0548640001 923818.0588984999 923818.062933 923818.0669675 923818.071002 923818.0750365 923818.079071 923818.0831055
294,923818.0871405001,96.82799992151558,1649,1652,0.49274211856000155,0.5616898180308199,1.0661962986589766,0.9777256511151791,3d gaze,-1.1320122709325726,-44.65269369849607,431.00737772898964,923818.0871405001 923818.091175 923818.0952095 923818.0992439999 923818.1032785 923818.107313 923818.1113475 923818.1194165 923818.123451 923818.1274855 923818.13152 923818.1355544999 923818.139589 923818.1436235 923818.147658 923818.1516925 923818.155727 923818.1597615001 923818.163796 923818.1678305 923818.1718649999 923818.1758995 923818.179934 923818.1839685
295,923818.6035585001,104.89750001579523,1664,1667,0.4608807117533043,0.5506502033414021,1.2434861678046996,0.9972829531740259,3d gaze,-15.449799122569427,-26.546166139247386,283.28951789708964,923818.6035585001 923818.6075929999 923818.6116275 923818.615662 923818.6196965 923818.623731 923818.6277655 923818.6318 923818.6358345 923818.6398690001 923818.6439034999 923818.647938 923818.6519725 923818.656007 923818.6600415 923818.664076 923818.6681105001 923818.672145 923818.67618 923818.6802145 923818.6842489999 923818.6882835 923818.692318 923818.6963525 923818.700387 923818.7044215 923818.7084560001
296,923818.716525,96.82799992151558,1668,1670,0.4560364757047538,0.5138509230057913,1.3871284280713485,0.9825022292137146,3d gaze,-15.39275329960803,-14.80912854082372,246.91748657068035,923818.716525 923818.7205595 923818.724594 923818.7286285 923818.732663 923818.7366975 923818.740732 923818.7447665 923818.748801 923818.7528355 923818.7568699999 923818.7609045 923818.764939 923818.7689735 923818.773008 923818.7770425 923818.7810770001 923818.7851115 923818.789146 923818.7931805 923818.797215 923818.8012495 923818.805284 923818.8093185 923818.813353
297,923818.910182,145.24250000249594,1673,1678,0.504930243676817,0.5557756733639452,1.4176956264265392,0.9729854142343676,3d gaze,5.911197719350756,-33.97000870077635,345.7670679019844,923818.910182 923818.9142165 923818.918251 923818.9222855 923818.9263200001 923818.9303545 923818.9343890001 923818.9384234999 923818.942458 923818.9464925 923818.950527 923818.9545615 923818.958596 923818.9626305 923818.966665 923818.9706995001 923818.9747339999 923818.9787685 923818.982803 923818.9868375 923818.990872 923818.9949065 923818.9989410001 923819.0029755 923819.0070100001 923819.0110444999 923819.015079 923819.0191135 923819.023148 923819.0271825 923819.031217 923819.0352515 923819.039286 923819.0433205001 923819.0473549999 923819.0513895 923819.0554245
298,923819.0877004999,121.03550008032471,1679,1682,0.5130384480118361,0.5835345957594764,1.4734826263214231,0.9372239212195078,3d gaze,11.253294294166752,-46.43730995455924,374.43776579098346,923819.0877004999 923819.091735 923819.0957695 923819.099804 923819.1038385 923819.1078735 923819.111908 923819.1159425001 923819.1199769999 923819.1240115 923819.128046 923819.1320805 923819.136115 923819.1401495 923819.144184 923819.1482185 923819.1522530001 923819.1562874999 923819.160322 923819.1643565 923819.168391 923819.1724255 923819.17646 923819.1804945 923819.184529 923819.1885635001 923819.1966325 923819.200667 923819.2047015 923819.208736
299,923819.4225655,100.86299991235137,1689,1692,0.35932141471268325,0.47666137958025145,1.4216349943411644,0.9763119988716565,3d gaze,-72.06459529733768,-8.625650161036766,323.52769600307545,923819.4225655 923819.4266 923819.4306345 923819.4346695 923819.438704 923819.4427385 923819.4467730001 923819.4508074999 923819.454842 923819.4588765 923819.462911 923819.4669455 923819.47098 923819.4750145 923819.479049 923819.4830835001 923819.4871179999 923819.4911525 923819.495187 923819.4992215 923819.503256 923819.5072905 923819.511325 923819.5153595 923819.5193940001 923819.5234284999
300,923819.527463,133.13900004141033,1692,1696,0.3679892947579259,0.47421200387294477,1.4066837346632723,0.9707308841102263,3d gaze,-60.23676661441591,-7.022350482290556,290.23153831284486,923819.527463 923819.5314975 923819.535532 923819.5395665 923819.543601 923819.5476355 923819.55167 923819.5557045001 923819.5597389999 923819.5637735 923819.567808 923819.5718425 923819.575877 923819.5799115 923819.583946 923819.5879805 923819.5920150001 923819.5960494999 923819.600084 923819.6041185 923819.608153 923819.6121875 923819.616222 923819.620257 923819.6242915 923819.628326 923819.6323605 923819.6363949999 923819.6404295 923819.644464 923819.6484985 923819.652533 923819.6565675 923819.6606020001
301,923819.6646370001,117.0004999730736,1696,1699,0.3713516151488984,0.47694801595998654,1.3922774354423073,0.9814008017381032,3d gaze,-56.342457438493085,-7.450348486181601,279.2362793066582,923819.6646370001 923819.6686714999 923819.672706 923819.6767405 923819.680775 923819.6848095 923819.688844 923819.6928785 923819.696913 923819.7009475001 923819.7049819999 923819.7090165 923819.713051 923819.7170855 923819.72112 923819.7251545 923819.729189 923819.7332235 923819.7372580001 923819.7412924999 923819.745327 923819.7493615 923819.753396 923819.7574305 923819.761465 923819.7654995 923819.769534 923819.7735685001 923819.7776029999 923819.7816375
302,923819.785672,92.79399993829429,1699,1702,0.3591460470890846,0.46572309608209633,1.423017511007558,0.9777461936076483,3d gaze,-55.64132924484364,-4.086985389449814,249.36263175057422,923819.785672 923819.7897065 923819.793741 923819.7977755 923819.80181 923819.805845 923819.8098795 923819.813914 923819.8179485 923819.821983 923819.8260175 923819.830052 923819.8340865 923819.838121 923819.8421555 923819.84619 923819.8502245 923819.8542589999 923819.8582935 923819.862328 923819.8663625 923819.870397 923819.8744315 923819.878466
303,923819.9833635,96.82850004173815,1705,1708,0.3946838934098047,0.5120817150251646,1.4460240145643442,0.9670025825500488,3d gaze,-46.05233206536037,-16.687598304995348,282.6116404485674,923819.9833635 923819.987398 923819.9914325001 923819.995467 923819.9995019999 923820.0035365 923820.007571 923820.0116055 923820.01564 923820.0196745 923820.023709 923820.0277435 923820.0317780001 923820.0358125 923820.039847 923820.0438815 923820.047916 923820.0519505 923820.055985 923820.0600195 923820.064054 923820.0680885001 923820.0721229999 923820.0761575 923820.080192
304,923820.0842265,165.4155000578612,1708,1713,0.3924362918129381,0.4879901195839186,1.2947515803732244,0.9704015865212395,3d gaze,-44.322047999134064,-9.74649846794776,265.94052420917706,923820.0842265 923820.088261 923820.0922955 923820.09633 923820.1003645 923820.1043990001 923820.1084335 923820.112468 923820.1165025 923820.120537 923820.1245715 923820.128606 923820.1326405 923820.136675 923820.1407095001 923820.1447439999 923820.1487785 923820.152813 923820.1568475 923820.160882 923820.1649165 923820.168951 923820.1729855 923820.1770200001 923820.1810545 923820.185089 923820.1891235 923820.193158 923820.1971925 923820.2012275 923820.2052625 923820.209297 923820.2133315 923820.2173659999 923820.2214005 923820.225435 923820.2294695 923820.233504 923820.2375385 923820.241573 923820.2456075 923820.2496420001
305,923820.2536764999,117.00050008948892,1713,1717,0.39551858298292886,0.4757439724369329,1.4452222697002706,0.9852116237084071,3d gaze,-43.9673379022716,-6.935184459578943,272.71089040385294,923820.2536764999 923820.257711 923820.2617455 923820.26578 923820.2698145 923820.273849 923820.2778835 923820.281918 923820.2859525 923820.2899869999 923820.2940215 923820.298056 923820.3020905 923820.306125 923820.3101595 923820.314194 923820.3182285 923820.3222630001 923820.3262974999 923820.330332 923820.3343665 923820.338401 923820.3424355 923820.34647 923820.3505045 923820.354539 923820.3585735 923820.3626079999 923820.3666425 923820.370677
306,923820.3747115,181.55350000597537,1717,1722,0.39344343212141336,0.48023545715204563,1.424617658437631,0.974734888776489,3d gaze,-47.17469394245772,-8.483757294674543,286.3538852235255,923820.3747115 923820.378746 923820.3827805 923820.386815 923820.3908495 923820.3948845 923820.398919 923820.4029534999 923820.406988 923820.4110225 923820.415057 923820.4190915 923820.423126 923820.4271605 923820.431195 923820.4352295 923820.439264 923820.4432985 923820.447333 923820.4513675 923820.455402 923820.4594365 923820.463471 923820.4675055 923820.47154 923820.4755744999 923820.4796095 923820.483644 923820.4876785 923820.491713 923820.4957475 923820.499782 923820.5038165 923820.507851 923820.5118855 923820.51592 923820.5199545 923820.523989 923820.5280235 923820.532058 923820.5360925 923820.5401270001 923820.5441615 923820.548196 923820.5522305 923820.556265
307,923820.6692315,104.89800001960248,1726,1729,0.4038575107671511,0.6109408253173434,1.4998381699965202,0.9930032204698633,3d gaze,-48.330933197670205,-48.91391563624117,324.143070972711,923820.6692315 923820.673266 923820.6773005 923820.681335 923820.6853695 923820.6894040001 923820.6934384999 923820.697473 923820.7015075 923820.705542 923820.7095765 923820.713611 923820.7176455 923820.72168 923820.7257145001 923820.729749 923820.7337835 923820.737818 923820.7418525 923820.745887 923820.7499215 923820.753956 923820.7579905 923820.7620255 923820.76606 923820.7700945 923820.7741295
308,923820.8548195,193.65699996706098,1731,1737,0.4198129513422702,0.6883017467025557,1.4225752292154308,0.9953361409051078,3d gaze,-29.622338044641673,-53.646230408731014,238.86391683067018,923820.8548195 923820.858854 923820.8628885 923820.866923 923820.8709575001 923820.8749919999 923820.8790265 923820.883061 923820.8870955 923820.89113 923820.8951645 923820.899199 923820.9032335 923820.907268 923820.9113024999 923820.915337 923820.9193715 923820.923406 923820.9274405 923820.931475 923820.9355095 923820.939544 923820.9435785001 923820.9476129999 923820.9516475 923820.955682 923820.959717 923820.9637515 923820.967786 923820.9718205 923820.975855 923820.9798895 923820.9839240001 923820.9879585 923820.991993 923820.9960275 923821.000062 923821.0040965 923821.008131 923821.0121655 923821.0162 923821.0202345 923821.0242689999 923821.0283035 923821.032338 923821.0363725 923821.040407 923821.044442 923821.0484765
309,923821.100925,217.86400000564754,1739,1745,0.4440437753095232,0.7454558826952057,1.4859235841457887,0.9959232081066478,3d gaze,-24.725278906246402,-82.08658184776036,292.85531566217304,923821.100925 923821.1049595 923821.108994 923821.1130285 923821.117063 923821.1210975 923821.125132 923821.1291665 923821.133201 923821.1372355 923821.14127 923821.1453045 923821.149339 923821.153374 923821.1574085 923821.161443 923821.1654775 923821.1695119999 923821.1735465 923821.177581 923821.1816155 923821.18565 923821.1896845 923821.193719 923821.1977535 923821.2017880001 923821.2058225 923821.209857 923821.2138915 923821.217926 923821.2219605 923821.225995 923821.2300295 923821.234064 923821.2380985 923821.2421329999 923821.2461675 923821.250202 923821.2542365 923821.258271 923821.2623055 923821.26634 923821.2703745 923821.2744090001 923821.2784435 923821.282478 923821.2865125 923821.290547 923821.2945815 923821.298616 923821.3026505 923821.306685 923821.31072 923821.3147545 923821.318789
310,923821.7343445,112.96599998604506,1758,1761,0.4274613492443761,0.48956379316459464,1.348730618584369,0.9936436517485256,3d gaze,-29.58367723827673,-10.30505692746294,272.4462813253474,923821.7343445 923821.738379 923821.7424135 923821.746448 923821.7504825001 923821.754517 923821.7585515 923821.762586 923821.7666205 923821.770655 923821.7746895 923821.778724 923821.7827585 923821.786793 923821.7908274999 923821.794862 923821.7988965 923821.802931 923821.8069655 923821.811 923821.8150345 923821.819069 923821.8231035001 923821.827138 923821.8311725 923821.835207 923821.8392415 923821.843276 923821.8473105
311,923821.851345,92.79450005851686,1761,1764,0.4211452864888814,0.4635193078288434,1.4000317809014002,0.9843224709232649,3d gaze,-30.944561054225147,-3.748101183216848,259.83397416416386,923821.851345 923821.8553795 923821.8594145 923821.863449 923821.8674835 923821.871518 923821.8755525 923821.879587 923821.8836215 923821.887656 923821.8916905 923821.895725 923821.8997595 923821.903794 923821.9078285 923821.911863 923821.9158975 923821.9199325 923821.923967 923821.9280015 923821.932036 923821.9360704999 923821.940105 923821.9441395
312,923821.948174,100.86250002495944,1764,1767,0.42627888103414396,0.4518338929327506,1.3498635503819227,0.9781715755279248,3d gaze,-30.386699502161115,-0.990360214868711,274.79877617841026,923821.948174 923821.9522085 923821.956243 923821.9602775 923821.964312 923821.9683465 923821.9723809999 923821.9764155 923821.98045 923821.9844845 923821.988519 923821.9925535 923821.996588 923822.0006225 923822.004657 923822.0086914999 923822.012726 923822.0167605 923822.020795 923822.0248295 923822.028864 923822.0328985 923822.036933 923822.0409675 923822.0450019999 923822.0490365
313,923822.0571055,80.69049997720867,1767,1770,0.4310691940360251,0.48044737987907815,1.4690535428479505,0.9893353354363215,3d gaze,-34.83959599309871,-10.071363848237457,339.0947843199164,923822.0571055 923822.06114 923822.0651745 923822.069209 923822.0732435 923822.077278 923822.0813124999 923822.085347 923822.0893815 923822.093416 923822.0974505 923822.101485 923822.1055195 923822.109554 923822.113589 923822.1176235001 923822.121658 923822.1256925 923822.129727 923822.1337615 923822.137796
314,923822.1862105,209.79450002778322,1771,1777,0.42579661148538656,0.4789914493287274,1.3533660488367962,0.9941938182093063,3d gaze,-30.129454377620608,-7.674176037708465,270.3015429507452,923822.1862105 923822.190245 923822.1942795 923822.198314 923822.2023485 923822.206383 923822.2104175 923822.214452 923822.2184865 923822.222521 923822.2265555 923822.23059 923822.2346245 923822.238659 923822.2426935 923822.246728 923822.2507625 923822.254797 923822.2588315 923822.262866 923822.2669005 923822.270935 923822.2749695 923822.279004 923822.2830385 923822.287073 923822.2911075 923822.295142 923822.2991765 923822.303211 923822.307246 923822.3112805 923822.315315 923822.3193495 923822.323384 923822.3274185 923822.331453 923822.3354875 923822.3395219999 923822.3435565 923822.347591 923822.3516255 923822.35566 923822.3596945 923822.363729 923822.3677635 923822.371798 923822.3758324999 923822.379867 923822.3839015 923822.387936 923822.3919705 923822.396005
315,923822.4000395,84.72500008065253,1777,1780,0.43936500555477237,0.4914993346001722,1.3793777318907283,0.9925583018497988,3d gaze,-25.959078303872616,-11.616980231682865,292.0832456335256,923822.4000395 923822.404074 923822.4081085001 923822.412143 923822.4161775 923822.420212 923822.424247 923822.4282815 923822.432316 923822.4363505 923822.440385 923822.4444195 923822.448454 923822.4524885 923822.456523 923822.4605575 923822.464592 923822.4686265 923822.472661 923822.4766955 923822.48073 923822.4847645
316,923822.8882165,137.17349991202354,1792,1796,0.4129542082863897,0.45092009339494665,1.4424584079677287,0.9915201050894601,3d gaze,-33.56591120138648,-0.6741255373404511,253.4371211840044,923822.8882165 923822.892251 923822.8962855 923822.90032 923822.9043545 923822.908389 923822.9124235 923822.916458 923822.9204925 923822.9245269999 923822.9285615 923822.932596 923822.9366305 923822.940665 923822.9446995 923822.948734 923822.9527685 923822.9568035 923822.960838 923822.9648725 923822.968907 923822.9729415 923822.976976 923822.9810105 923822.985045 923822.9890795 923822.993114 923822.9971485 923823.001183 923823.0052175 923823.009252 923823.0132865 923823.017321 923823.0213555 923823.02539
317,923823.2674615,96.8280000379309,1803,1806,0.452510633797772,0.5186892841693962,1.3847394160216489,0.9936696553230285,3d gaze,-22.468008074808477,-21.290040543995886,330.71491078332934,923823.2674615 923823.271496 923823.2755305 923823.279565 923823.2835995 923823.287634 923823.2916685 923823.295703 923823.2997375 923823.303772 923823.3078065 923823.311841 923823.3158755 923823.31991 923823.3239445 923823.327979 923823.3320135 923823.336048 923823.3400825 923823.344117 923823.3481515 923823.352186 923823.3562205 923823.360255 923823.3642895
318,923823.517601,88.75949995126575,1811,1813,0.48150177205191247,0.512418219611306,1.492719430256303,0.9882220340811688,3d gaze,-7.36456522910986,-20.675272197663254,352.7783891940597,923823.517601 923823.521636 923823.5256705 923823.529705 923823.5337395 923823.537774 923823.5418085 923823.545843 923823.5498775 923823.553912 923823.5579465 923823.561981 923823.5660155 923823.57005 923823.5740845 923823.578119 923823.5821535 923823.586188 923823.5902225 923823.594257 923823.5982915 923823.602326 923823.6063605
319,923823.69512,153.31199998036027,1816,1821,0.46875795214331006,0.5120064743789902,1.3749681649349756,0.9888894878900968,3d gaze,-16.530723411984134,-23.281436515318003,398.7649983353945,923823.69512 923823.6991545 923823.703189 923823.7072235 923823.711258 923823.7152925 923823.719327 923823.7233615 923823.727396 923823.7314305 923823.735465 923823.7394995 923823.743534 923823.7475685 923823.751603 923823.7556375 923823.759672 923823.7637065 923823.767741 923823.7717755 923823.77581 923823.7798445 923823.783879 923823.7879135 923823.791948 923823.795983 923823.8000175 923823.8040519999 923823.8080865 923823.812121 923823.8161555 923823.82019 923823.8242245 923823.828259 923823.832294 923823.8363285 923823.840363 923823.8443975 923823.848432
320,923823.880708,193.65699996706098,1822,1827,0.4565151628589059,0.514452848207429,1.4133512908126495,0.9873571176918186,3d gaze,-24.133033761393364,-23.833483600451984,393.6690947551047,923823.880708 923823.8847425 923823.888777 923823.8928115 923823.896846 923823.9008805 923823.904915 923823.9089495 923823.912984 923823.9170185 923823.921053 923823.9250875 923823.929122 923823.9331565 923823.937191 923823.9412255 923823.94526 923823.9492945 923823.953329 923823.9573635 923823.961398 923823.9654325 923823.969467 923823.9735015 923823.977536 923823.9815705 923823.985605 923823.9896395 923823.993674 923823.9977085 923824.001743 923824.0057775 923824.009812 923824.0138465 923824.017881 923824.0219155 923824.0259505 923824.029985 923824.0340195 923824.038054 923824.0420885 923824.046123 923824.0501575 923824.0541925 923824.0582270001 923824.0622614999 923824.066296 923824.0703305 923824.074365
321,923824.0783995,205.76000004075468,1828,1834,0.4488458293210915,0.5025566913290205,1.4378501259148673,0.9881294610408636,3d gaze,-26.322251694268836,-17.735521875038305,356.8399315049222,923824.0783995 923824.082434 923824.0864685 923824.090503 923824.0945375001 923824.098572 923824.1026065 923824.106641 923824.1106755 923824.11471 923824.1187445 923824.122779 923824.1268135 923824.1308480001 923824.1348824999 923824.138917 923824.1429515 923824.146986 923824.1510205 923824.155055 923824.1590895 923824.163124 923824.1671585001 923824.171193 923824.1752275 923824.179262 923824.1832965 923824.187331 923824.1913655 923824.1954 923824.1994345 923824.2034690001 923824.2075034999 923824.2115385 923824.215573 923824.2196075 923824.223642 923824.2276765 923824.231711 923824.2357455 923824.23978 923824.2438145 923824.247849 923824.2518835 923824.255918 923824.2599525 923824.263987 923824.2680215 923824.2720560001 923824.2760905 923824.280125 923824.2841595
322,923824.340643,96.82850004173815,1835,1838,0.4557860035892526,0.5040786874462165,1.4290775210311069,0.9904505491256714,3d gaze,-22.774171361056563,-18.607705480204462,364.5982966966312,923824.340643 923824.3446775 923824.348712 923824.3527464999 923824.356781 923824.3608155 923824.36485 923824.3688845 923824.372919 923824.3769535 923824.380988 923824.3850225001 923824.389057 923824.3930915 923824.3971265 923824.401161 923824.4051955 923824.40923 923824.4132645 923824.417299 923824.4213335 923824.425368 923824.4294025 923824.433437 923824.4374715
323,923824.441506,217.86400000564754,1838,1845,0.447623980987733,0.49579405014941824,1.3811281960919257,0.9895435836580064,3d gaze,-25.1291431178705,-14.476392801927389,332.70002138213226,923824.441506 923824.4455405 923824.449575 923824.4536095 923824.457644 923824.4616785 923824.4657129999 923824.4697475 923824.473782 923824.4778165 923824.481851 923824.4858855 923824.48992 923824.4939545 923824.497989 923824.5020235 923824.506058 923824.5100925 923824.514127 923824.5181615 923824.522196 923824.5262305 923824.530265 923824.5342995 923824.5383339999 923824.5423685 923824.546403 923824.5504375 923824.554472 923824.5585065 923824.562541 923824.5665755 923824.57061 923824.5746445 923824.5827135 923824.586748 923824.590783 923824.5948175 923824.598852 923824.6028865001 923824.6069209999 923824.6109559999 923824.6149905 923824.619025 923824.6230595 923824.627094 923824.6311285 923824.635163 923824.6391975 923824.6432320001 923824.6472665 923824.651301 923824.6553355 923824.65937
324,923824.6634045,96.8280000379309,1845,1848,0.44252021582591416,0.4938477144213463,1.3597316911618778,0.9917632627487183,3d gaze,-28.85445084211674,-14.3309326511505,344.0259004339574,923824.6634045 923824.667439 923824.6714735 923824.675508 923824.6795425001 923824.6835769999 923824.6876115 923824.691646 923824.6956805 923824.699715 923824.7037495 923824.707784 923824.7118185 923824.7158530001 923824.7198875 923824.723922 923824.7279565 923824.731991 923824.7360255 923824.74006 923824.7440945 923824.748129 923824.7521635001 923824.7561979999 923824.7602325
325,923824.9135445,121.03549996390939,1852,1856,0.4454133287929591,0.49616582251898655,1.4586245766139943,0.9945553272001205,3d gaze,-25.944613260509325,-14.350212228351985,327.653050899422,923824.9135445 923824.917579 923824.9216135 923824.925648 923824.9296825 923824.9337170001 923824.9377515 923824.941786 923824.9458205 923824.949855 923824.9538895 923824.957924 923824.9619585 923824.965993 923824.970028 923824.9740625 923824.978097 923824.9821315 923824.986166 923824.9902005 923824.994235 923824.9982695 923825.002304 923825.0063385 923825.010373 923825.0144074999 923825.018442 923825.0224765 923825.026511 923825.0305455 923825.03458
326,923825.058787,129.1049999417737,1857,1861,0.44844815185301984,0.49944341931884945,1.2982992783943943,0.9983537684787404,3d gaze,-24.499990553120764,-15.359477025853517,328.27255113626234,923825.058787 923825.0628215 923825.066856 923825.0708905 923825.074925 923825.0789595 923825.082994 923825.0870284999 923825.091063 923825.0950975 923825.099132 923825.1031665 923825.107201 923825.1112355001 923825.11527 923825.1193045 923825.123339 923825.1273735 923825.131408 923825.1354425 923825.139477 923825.1435115 923825.147546 923825.1515805 923825.155615 923825.1596494999 923825.1636845 923825.167719 923825.1717535 923825.1757885 923825.179823 923825.1838575 923825.187892
327,923825.470308,80.69049997720867,1869,1872,0.47002977939393453,0.52417254694235,1.2313045255144444,0.9880962173144022,3d gaze,-21.40902216357936,-37.64567534134015,541.1225844426153,923825.470308 923825.4743425 923825.478377 923825.4824115001 923825.4864459999 923825.4904805 923825.494515 923825.4985495 923825.502584 923825.5066185 923825.510653 923825.5146875 923825.5187220001 923825.5227564999 923825.526791 923825.5308255 923825.53486 923825.5388945 923825.542929 923825.5469635 923825.5509985
328,923825.5994125,104.89700001198798,1873,1876,0.4263112272839618,0.4607108681159052,1.2611636554352001,0.9761939026691295,3d gaze,-33.768226964119954,-3.5630087649743696,305.3728720333761,923825.5994125 923825.603447 923825.6074815 923825.611516 923825.6155505 923825.619585 923825.6236195 923825.627654 923825.6316885 923825.6357229999 923825.6397575 923825.643792 923825.6478265 923825.651861 923825.6558955 923825.6599300001 923825.6639645 923825.667999 923825.6720335 923825.676068 923825.6801025 923825.684137 923825.6881715 923825.692206 923825.6962405 923825.700275 923825.7043095
329,923826.0190025,137.17350002843887,1885,1890,0.4443587593021839,0.4396166774391182,1.251124040408761,0.9818164127213614,3d gaze,-26.10844134071896,2.490277157411486,322.0487422064342,923826.0190025 923826.023037 923826.0270715 923826.0311060001 923826.0351404999 923826.039175 923826.0432095 923826.047244 923826.0512785 923826.055313 923826.0593475 923826.063382 923826.0674165001 923826.0714509999 923826.0754855 923826.07952 923826.0835545 923826.087589 923826.0916235 923826.095658 923826.0996925 923826.1037270001 923826.1077614999 923826.111796 923826.115831 923826.1198655 923826.1239 923826.1279345 923826.131969 923826.1360035001 923826.140038 923826.1440725 923826.1481069999 923826.1521415 923826.156176
330,923826.2852805,88.75950006768107,1893,1896,0.4662451572438356,0.49565433064376385,1.4958352042798753,0.9845194674056509,3d gaze,-15.29841519375854,-14.577352926302996,335.96950430064345,923826.2852805 923826.289315 923826.2933495 923826.2973839999 923826.3014185 923826.305453 923826.3094875 923826.313522 923826.317557 923826.3215915 923826.3256260001 923826.3296604999 923826.333695 923826.3377295 923826.341764 923826.3457985 923826.349833 923826.3538675 923826.357902 923826.3619365001 923826.3659709999 923826.3700055 923826.37404
331,923826.3780745,92.79350005090237,1896,1899,0.4580837797818776,0.4800280664109004,1.3107982420280442,0.9933931852380434,3d gaze,-19.579479340180676,-9.722741176721847,332.71368697256054,923826.3780745 923826.382109 923826.3861435 923826.390178 923826.3942125 923826.3982470001 923826.4022814999 923826.406316 923826.4103505 923826.414385 923826.4184195 923826.422454 923826.4264885 923826.430523 923826.4345575001 923826.4385919999 923826.4426265 923826.446661 923826.4506955 923826.45473 923826.4587645 923826.462799 923826.4668335 923826.4708680001
332,923826.4749024999,80.69099998101592,1899,1901,0.4659184958361885,0.5029542273659849,1.066786965266514,0.9731445213158926,3d gaze,-17.420961015944652,-18.858908335248593,377.49713163589496,923826.4749024999 923826.478937 923826.4829715 923826.487006 923826.4910405 923826.4950755 923826.49911 923826.5031445001 923826.507179 923826.5112135 923826.5152479999 923826.5192825 923826.523317 923826.5273515 923826.531386 923826.5354205 923826.5394550001 923826.5434895 923826.5475244999 923826.551559 923826.5555934999
333,923826.559628,100.86250002495944,1902,1905,0.4618375642524238,0.48563397912887846,1.3467950015675396,0.9795524317484635,3d gaze,-17.591899971763283,-11.426685301946396,332.71763881678066,923826.559628 923826.5636625 923826.567697 923826.5717315 923826.575766 923826.5798005001 923826.5838349999 923826.5878695 923826.591904 923826.5959385 923826.599973 923826.6040075 923826.608042 923826.6120765 923826.6161110001 923826.6201454999 923826.62418 923826.6282144999 923826.632249 923826.6362835 923826.640318 923826.6443525 923826.648387 923826.6524215001 923826.6564559999 923826.6604905
334,923826.680663,80.69049997720867,1905,1908,0.45022975105268626,0.4512363220115612,1.4871709403824884,0.9593152645088378,3d gaze,-19.47834641836584,-0.8253756862173663,273.1458115074959,923826.680663 923826.6846975 923826.6887325 923826.6927670001 923826.6968014999 923826.700836 923826.7048705 923826.708905 923826.7129395 923826.716974 923826.7210085 923826.725043 923826.7290775001 923826.7331119999 923826.7371465 923826.741181 923826.7452155 923826.74925 923826.7532845 923826.7573190001 923826.7613535
335,923827.1244605,169.4495000410825,1918,1924,0.429588200495446,0.4687269511419017,1.4175582543052065,0.9691706272058709,3d gaze,-30.48773441265954,-5.546796635126634,290.8593249200639,923827.1244605 923827.1284950001 923827.1325294999 923827.136564 923827.1405985 923827.144633 923827.1486675 923827.152702 923827.1567365 923827.160771 923827.1648055001 923827.1688399999 923827.1728745 923827.1769089999 923827.1809435 923827.184978 923827.1890125 923827.193047 923827.1970815 923827.2011160001 923827.2051504999 923827.209185 923827.2132195 923827.217254 923827.2212885 923827.225323 923827.2293575 923827.233392 923827.2374265001 923827.2414609999 923827.2454955 923827.2495299999 923827.2535645 923827.257599 923827.2616335 923827.265668 923827.2697025 923827.2737370001 923827.2777720001 923827.2818064999 923827.285841 923827.2898755 923827.29391
336,923827.2979445,84.72500008065253,1924,1926,0.424972258459082,0.4518808701927648,1.3285320638118514,0.9752282500267029,3d gaze,-30.2694686516719,-0.9470330132311523,268.58476933271214,923827.2979445 923827.301979 923827.3060135001 923827.310048 923827.3140825001 923827.3181169999 923827.3221515 923827.326186 923827.3302205 923827.334255 923827.3382895 923827.342324 923827.3463585 923827.3503930001 923827.3544274999 923827.358462 923827.3624965 923827.366531 923827.370566 923827.3746005 923827.378635 923827.3826695001
337,923827.4310835,88.75949995126575,1928,1930,0.4583257656597532,0.4783716478383323,1.3514219362314004,0.9850602979245393,3d gaze,-21.195107139364037,-10.114786311464178,364.59049473669603,923827.4310835 923827.435118 923827.4391525 923827.443187 923827.4472215 923827.451256 923827.4552905001 923827.459325 923827.4633599999 923827.4673945 923827.471429 923827.4754635 923827.479498 923827.4835325 923827.487567 923827.4916015 923827.4956360001 923827.4996704999 923827.503705 923827.5077394999 923827.511774 923827.5158085 923827.519843
338,923827.5238775001,125.0699998345226,1930,1934,0.45614997589152295,0.46673419155944784,1.284401644204168,0.9907495696097612,3d gaze,-20.278875167904886,-5.602014355707744,327.8584310047396,923827.5238775001 923827.527912 923827.5319465001 923827.5359809999 923827.5400155 923827.54405 923827.5480845 923827.552119 923827.5561535 923827.560188 923827.5642225 923827.5682570001 923827.5722914999 923827.576326 923827.5803604999 923827.584395 923827.5884295 923827.592464 923827.5964985001 923827.600533 923827.6045675001 923827.6086019999 923827.6126365 923827.616671 923827.6207055 923827.62474 923827.6287745 923827.632809 923827.6368435 923827.6408780001 923827.6449124999 923827.6489474999
339,923827.7538449999,80.690500093624,1937,1940,0.4850869756514678,0.5339164296922831,1.3168116147623423,0.9784160824049086,3d gaze,-8.290477521889155,-42.236354407760096,541.1461666027195,923827.7538449999 923827.7578795 923827.761914 923827.7659485 923827.769983 923827.7740175 923827.778052 923827.7820865 923827.7861210001 923827.7901554999 923827.79419 923827.7982244999 923827.802259 923827.8062935 923827.810328 923827.8143625001 923827.818397 923827.8224315001 923827.8264659999 923827.8305005 923827.8345355
340,923827.8426045,112.96649998985231,1940,1943,0.4748168258356581,0.493171010567248,1.3882839309552286,0.9793514763486797,3d gaze,-14.674043572982164,-18.976240852111594,459.87610103604015,923827.8426045 923827.846639 923827.8506735 923827.8547080001 923827.8587425 923827.8627770001 923827.8668114999 923827.870846 923827.8748805 923827.878915 923827.8829495 923827.886984 923827.8910185001 923827.895053 923827.8990875001 923827.9031219999 923827.9071565 923827.9111909999 923827.9152255 923827.91926 923827.9232945 923827.9273295 923827.9313640001 923827.9353985 923827.939433 923827.9434674999 923827.947502 923827.9515365 923827.955571
341,923828.0443305001,88.7589999474585,1946,1949,0.4558465592282184,0.4450303410044019,1.4502519156225255,0.981553984724957,3d gaze,-17.322786636422077,0.749973581340781,277.97477730642225,923828.0443305001 923828.0483649999 923828.0523995 923828.0564339999 923828.0604685 923828.064503 923828.0685375 923828.0725720001 923828.0766065 923828.0806410001 923828.0846754999 923828.08871 923828.0927445 923828.096779 923828.1008135 923828.104848 923828.1088825 923828.112917 923828.1169515001 923828.1209859999 923828.1250205 923828.1290549999 923828.1330895
342,923828.1895725001,80.69099998101592,1950,1953,0.4870790467238531,0.48811372426557914,1.4743233291007283,0.9867416052591234,3d gaze,-4.652278836005501,-14.074697162886574,386.69752301471124,923828.1895725001 923828.1936075 923828.1976419999 923828.2016765 923828.205711 923828.2097455 923828.21378 923828.2178145 923828.2218495 923828.2258840001 923828.2299185 923828.233953 923828.2379874999 923828.242022 923828.2460565 923828.250091 923828.2541255 923828.25816 923828.2621945001 923828.266229 923828.2702635
343,923828.2742979999,197.69150007050484,1953,1959,0.4802138871656062,0.49132532326840306,1.4480065983673698,0.9889789938926696,3d gaze,-9.790147547856888,-16.76035698643211,424.7559900957503,923828.2742979999 923828.2783325 923828.282367 923828.2864015 923828.2904360001 923828.2944705 923828.2985050001 923828.3025395 923828.306574 923828.3106084999 923828.314643 923828.3186775 923828.322712 923828.3267465 923828.330781 923828.3348155001 923828.33885 923828.3428845 923828.3469189999 923828.3509535 923828.354988 923828.3590225 923828.3630570001 923828.3670915 923828.3711260001 923828.3751604999 923828.379195 923828.3832294999 923828.387264 923828.3912985 923828.395333 923828.3993675 923828.403402 923828.4074365001 923828.4114709999 923828.4155059999 923828.4195405 923828.423575 923828.4276095 923828.431644 923828.4356785 923828.4397130001 923828.4437475 923828.4477820001 923828.4518164999 923828.455851 923828.4598854999 923828.46392 923828.467955 923828.4719895
344,923828.476024,100.86250002495944,1959,1962,0.47293072865485125,0.48663501684343413,1.3023044735257594,0.9891462555298438,3d gaze,-15.810384877554798,-15.837315681876145,453.1008493470784,923828.476024 923828.4800585001 923828.484093 923828.4881275 923828.4921619999 923828.4961965 923828.500231 923828.5042655 923828.5083 923828.5123345 923828.5163690001 923828.5204035 923828.524438 923828.5284724999 923828.532507 923828.5365415 923828.540576 923828.5446105 923828.548645 923828.5526795001 923828.556714 923828.5607485 923828.5647829999 923828.5688175 923828.572852 923828.5768865
345,923828.6656460001,96.82849992532283,1964,1967,0.43983141812491944,0.49382353513101246,1.438927487864664,0.9914150166511536,3d gaze,-36.9854418940348,-17.52782895261364,418.90200038593247,923828.6656460001 923828.6696804999 923828.673715 923828.6777494999 923828.681784 923828.6858185 923828.689853 923828.6938875001 923828.697922 923828.7019565001 923828.7059909999 923828.7100255 923828.7140599999 923828.7180945 923828.722129 923828.7261635 923828.730198 923828.7342325 923828.7382670001 923828.742302 923828.7463364999 923828.750371 923828.7544055 923828.75844 923828.7624745
346,923828.766509,100.86300002876669,1967,1970,0.4454483578637877,0.4989336616932913,1.4332451317724324,0.9995528023976546,3d gaze,-34.51707064739429,-20.456652172816405,437.387507538225,923828.766509 923828.7705435001 923828.774578 923828.7786125 923828.7826469999 923828.7866815 923828.7907159999 923828.7947505 923828.798785 923828.80282 923828.8068545 923828.8108890001 923828.8149235 923828.818958 923828.8229924999 923828.827027 923828.8310615 923828.835096 923828.8391305001 923828.843165 923828.8471995001 923828.851234 923828.8552685 923828.8593029999 923828.8633375 923828.867372
347,923828.980338,149.27749999333173,1974,1978,0.4249230374389111,0.4659605266865034,1.463078902972987,0.9872308510380823,3d gaze,-31.397437606938343,-4.576372807345179,278.10574887997626,923828.980338 923828.9843725001 923828.988407 923828.9924415001 923828.9964765001 923829.0005109999 923829.0045455 923829.0085799999 923829.0126145 923829.016649 923829.0206835 923829.0287530001 923829.0327875 923829.036822 923829.0408564999 923829.044891 923829.0489254999 923829.05296 923829.0569945 923829.061029 923829.0650635001 923829.069098 923829.0731325 923829.0771669999 923829.0812015 923829.085236 923829.0892705 923829.093305 923829.0973395 923829.1013740001 923829.1054085 923829.109443 923829.1134774999 923829.117512 923829.1215464999 923829.125581 923829.1296155
348,923829.2062715001,80.68999997340143,1981,1983,0.4405281774447093,0.46430957281564467,1.348588698625893,0.9849785466988882,3d gaze,-27.699189142826114,-4.718026439181006,317.3264637807641,923829.2062715001 923829.210306 923829.2143405001 923829.2183749999 923829.2224095 923829.2264439999 923829.234513 923829.2385475 923829.2425820001 923829.2506510001 923829.2546854999 923829.25872 923829.266789 923829.2708235 923829.274858 923829.2788925001 923829.282927 923829.2869615001
349,923829.3394104999,80.690500093624,1985,1987,0.43335195978479746,0.45396769366416917,1.4203214659581815,0.990691772529057,3d gaze,-28.198860332953842,-1.569544719381685,284.9199787167369,923829.3394104999 923829.343445 923829.3474795 923829.351514 923829.3555485001 923829.359583 923829.3636175 923829.3676525 923829.3716869999 923829.3757215 923829.3797559999 923829.3837905 923829.3878250001 923829.3918595 923829.3958940001 923829.3999285 923829.403963 923829.4079974999 923829.412032 923829.4160665 923829.420101
350,923829.4241355,96.8280000379309,1987,1990,0.42626734227040797,0.4721021084601809,1.4875512062337828,0.9871434533596039,3d gaze,-31.328798720255318,-6.236771477440096,283.5041268602243,923829.4241355 923829.42817 923829.4322045001 923829.436239 923829.4402735 923829.4443079999 923829.4483425 923829.452377 923829.4564115 923829.4604460001 923829.4644805 923829.4685150001 923829.4725495 923829.476584 923829.4806184999 923829.484653 923829.4886875 923829.492722 923829.4967565 923829.500791 923829.5048255001 923829.50886 923829.5128945 923829.5169289999 923829.5209635
351,923829.5290325,185.5879999930039,1990,1996,0.4099745215055687,0.4737313606334409,1.4258584081585548,0.9848538700570452,3d gaze,-31.72076621995804,-5.3999871572725935,230.9332554013597,923829.5290325 923829.5330670001 923829.5371015 923829.5411360001 923829.5451705 923829.549205 923829.5532394999 923829.5572744999 923829.5613095 923829.5653435 923829.569378 923829.573413 923829.5774475001 923829.581482 923829.5855165 923829.5895509999 923829.5935855 923829.5976199999 923829.6016545 923829.6056890001 923829.6097235 923829.6137580001 923829.6177925 923829.621827 923829.6258614999 923829.629896 923829.6339305 923829.637965 923829.6419995 923829.646034 923829.6500685001 923829.654103 923829.6581375 923829.6621719999 923829.6662065 923829.6702409999 923829.6742755 923829.6783100001 923829.6823445 923829.6863790001 923829.6904135 923829.694448 923829.6984824999 923829.702517 923829.7065515 923829.710586 923829.7146205
352,923830.1059685,80.69099998101592,2007,2010,0.4180652464107661,0.493832357906556,1.492692299144127,0.9946842732883635,3d gaze,-33.71074359819199,-11.371442238930362,271.5425739481968,923830.1059685 923830.110003 923830.1140375 923830.118072 923830.1221070001 923830.1261415 923830.1301760001 923830.134211 923830.1382454999 923830.14228 923830.1463144999 923830.150349 923830.1543835001 923830.158418 923830.1624525001 923830.166487 923830.1705215 923830.1745559999 923830.1785905 923830.182625 923830.1866595
353,923830.190694,117.00050008948892,2010,2013,0.41771416606005835,0.5065272477049062,1.3836915989652334,0.9905635158220927,3d gaze,-33.50971968683479,-14.353151565934924,268.55762440727295,923830.190694 923830.1947285 923830.1987630001 923830.2027975 923830.206832 923830.2108664999 923830.214901 923830.2189354999 923830.22297 923830.2270045001 923830.231039 923830.2350735001 923830.239108 923830.2431425 923830.2471769999 923830.2512115 923830.255246 923830.2592805 923830.263315 923830.2673495 923830.2713840001 923830.2754185 923830.279453 923830.2834874999 923830.287522 923830.2915564999 923830.295591 923830.2996255001 923830.30366 923830.3076945001
354,923830.3924195,96.82850004173815,2016,2019,0.4578855138886472,0.524707832575659,1.4124639488341837,0.9955552625656128,3d gaze,-24.287928941002022,-28.76375586165959,410.0175961366695,923830.3924195 923830.3964539999 923830.4004885 923830.4045235 923830.408558 923830.4125925 923830.4166270001 923830.4206615 923830.4246960001 923830.4287304999 923830.432765 923830.4367994999 923830.440834 923830.4448685 923830.448903 923830.4529375001 923830.456972 923830.4610065001 923830.4650409999 923830.4690755 923830.4731099999 923830.4771445 923830.481179 923830.4852135 923830.4892480001
355,923830.5013514999,100.86300014518201,2019,2022,0.4504199066967182,0.520204247255622,1.3684474394010382,0.9875255433412699,3d gaze,-28.49615581246652,-26.347348215120107,399.1376612003987,923830.5013514999 923830.505386 923830.5094204999 923830.513455 923830.5174895001 923830.5215245001 923830.525559 923830.5295935001 923830.533628 923830.5376625 923830.5416969999 923830.5457315 923830.5497659999 923830.5538005 923830.5578350001 923830.5618695 923830.5659040001 923830.5699385 923830.573973 923830.5780074999 923830.582042 923830.5860765 923830.590111 923830.5941455001 923830.59818 923830.6022145001
356,923830.7393885,84.72449996042997,2026,2029,0.45394776527292485,0.5148679591336195,1.3117135361176273,0.9886410642753948,3d gaze,-20.765094635623278,-19.297481407821227,316.8502474650122,923830.7393885 923830.743423 923830.7474575001 923830.751492 923830.7555265 923830.7595609999 923830.7635955 923830.7676299999 923830.7716645 923830.7756990001 923830.7797335 923830.7837680001 923830.7878025 923830.791837 923830.7958714999 923830.799906 923830.8039404999 923830.807975 923830.8120095 923830.816044 923830.8200785001 923830.824113
357,923830.8281475,129.1049999417737,2029,2033,0.44622683864982676,0.5000783080035824,1.2763867240965505,0.9550064386743488,3d gaze,-24.020348321810296,-14.604599971758919,307.55138796902054,923830.8281475 923830.8321819999 923830.8362165 923830.8402509999 923830.8442855 923830.8483200001 923830.8523545 923830.8563890001 923830.8604235 923830.864458 923830.8684924999 923830.872527 923830.8765614999 923830.880596 923830.8846305 923830.888665 923830.8926995001 923830.896734 923830.9007689999 923830.9048035 923830.9088379999 923830.9128725 923830.916907 923830.9209415 923830.9249760001 923830.9290105 923830.9330450001 923830.9370800001 923830.9411144999 923830.945149 923830.9491834999 923830.953218 923830.9572525
358,923830.9975975,88.75950006768107,2034,2037,0.40984448079631103,0.4559456340650802,1.3674567078428588,0.9697403221026711,3d gaze,-36.34994127134429,-1.9187750992033767,264.2506561897688,923830.9975975 923831.0016320001 923831.0056665 923831.0097010001 923831.0137354999 923831.01777 923831.0218044999 923831.025839 923831.0298735 923831.033908 923831.0379425001 923831.041977 923831.0460115001 923831.0500459999 923831.0540805 923831.0581149999 923831.0621495 923831.0661840001 923831.0702185 923831.0742530001 923831.0782875 923831.0823220001 923831.086357
359,923831.094426,169.4495000410825,2037,2042,0.4266673742716826,0.45802455691073485,1.4251696453109335,0.9795858652092689,3d gaze,-39.46487063016979,-3.372922020713817,359.82038109887804,923831.094426 923831.0984604999 923831.102495 923831.1065295001 923831.110564 923831.1145985001 923831.118633 923831.1226675 923831.1267019999 923831.1307365 923831.1347709999 923831.1388055 923831.1428400001 923831.1468745 923831.1509090001 923831.1549435 923831.158978 923831.1630124999 923831.167047 923831.1710814999 923831.175116 923831.1791505001 923831.183185 923831.1872195001 923831.191254 923831.1952885 923831.1993229999 923831.2033575 923831.2073919999 923831.2114265 923831.2154610001 923831.2194960001 923831.2235305 923831.2275650001 923831.2315994999 923831.235634 923831.2396684999 923831.243703 923831.2477375 923831.251772 923831.2558065001 923831.259841 923831.2638755001
360,923831.2679099999,80.690500093624,2042,2045,0.4138769731605611,0.45789183756032176,1.4928414270799146,0.9837740446840014,3d gaze,-43.19658390039993,-2.9839658453005597,330.44684770071916,923831.2679099999 923831.2719445 923831.2759789999 923831.2800139999 923831.2840485 923831.288083 923831.2921175 923831.2961520001 923831.3001865 923831.304221 923831.3082554999 923831.31229 923831.3163244999 923831.320359 923831.3243935001 923831.328428 923831.3324625001 923831.336497 923831.3405315 923831.3445659999 923831.3486005
361,923831.3970145001,100.86299991235137,2046,2049,0.44191607478075423,0.48655772705461536,1.4845904868360347,0.9411732107400894,3d gaze,-38.681173937745314,-16.11774247917631,455.7888131226289,923831.3970145001 923831.401049 923831.4050835001 923831.409118 923831.4131525 923831.4171869999 923831.4212215 923831.4252559999 923831.4292905 923831.433325 923831.4373595 923831.4413940001 923831.4454285 923831.449463 923831.4534974999 923831.457532 923831.4615664999 923831.465601 923831.4696355001 923831.4736705001 923831.477705 923831.4817395001 923831.485774 923831.4898085 923831.4938429999 923831.4978775
362,923831.5704989999,88.75900018028915,2051,2054,0.4909830672209567,0.56179542403634,1.166563687526886,0.9548845964929332,3d gaze,-2.5619250797199324,-46.92317920445567,451.86993403922764,923831.5704989999 923831.5745335 923831.578568 923831.5826025 923831.5866370001 923831.5906715 923831.5947060001 923831.5987404999 923831.602775 923831.6068094999 923831.610844 923831.6148785001 923831.618913 923831.6229475001 923831.626982 923831.6310165001 923831.6350509999 923831.6390855 923831.6431199999 923831.6471545 923831.651189 923831.6552235 923831.6592580001
363,923831.8609845,149.27649986930192,2060,2064,0.4751065928880026,0.5311285245710154,1.3478088017000482,0.9673583295784498,3d gaze,-11.52471052146116,-27.912117529147892,368.8689049004922,923831.8609845 923831.8650189999 923831.8690535 923831.8730880001 923831.8771225 923831.8811570001 923831.8851915 923831.889226 923831.8932604999 923831.897295 923831.9013294999 923831.905364 923831.9093985001 923831.913433 923831.9174675001 923831.921502 923831.9255365 923831.9295709999 923831.9336055 923831.9376399999 923831.9416745 923831.9457090001 923831.9497435 923831.9537780001 923831.9578125 923831.961847 923831.9658814999 923831.969916 923831.9739504999 923831.977985 923831.9820195001 923831.986054 923831.9900885001 923831.994123 923831.9981575 923832.0021919999 923832.0062265 923832.0102609999
364,923832.0788485,96.82799992151558,2066,2069,0.49028020873330325,0.5475146171545457,1.2327781342348323,0.9880019116401673,3d gaze,-2.941770800521374,-39.32392080867967,433.17243583007513,923832.0788485 923832.0828829999 923832.0869175 923832.090952 923832.0949865 923832.0990210001 923832.1030555 923832.1070900001 923832.1111244999 923832.115159 923832.1191934999 923832.123228 923832.1272625 923832.131297 923832.1353315001 923832.139366 923832.1434005001 923832.1474349999 923832.1514695 923832.1555039999 923832.1595385 923832.163573 923832.1676075 923832.1716420001 923832.1756765
365,923832.198088,88.75900006387383,2070,2073,0.44235292252518926,0.46308049111910393,0.9939826561827902,0.9241620532675462,3d gaze,-66.63787262519774,-10.79076729953752,789.2842233073003,923832.198088 923832.246502 923832.286847
366,923832.5145759999,104.8980001360178,2079,2082,0.4582899615992523,0.5320649326689054,1.4312773782645465,0.9873803478700144,3d gaze,-21.949387501530882,-28.8903901787822,376.33218497715995,923832.5145759999 923832.5186105 923832.5226449999 923832.5266795 923832.5307140001 923832.5347485 923832.5387830001 923832.5428175 923832.546852 923832.5508864999 923832.554921 923832.5589554999 923832.56299 923832.5670245 923832.571059 923832.5750935001 923832.579128 923832.5831625 923832.5871969999 923832.5912315 923832.5952659999 923832.5993005 923832.6033350001 923832.6073700001 923832.6114045 923832.6154390001 923832.6194740001
367,923832.65175,217.86350011825562,2083,2090,0.4429418388584807,0.4987793222764663,1.4340894565993216,0.9894335681741888,3d gaze,-21.422325093788718,-11.851620930369474,256.09741634873336,923832.65175 923832.6557845001 923832.6598189999 923832.6638535 923832.6678879999 923832.6719225 923832.675957 923832.6799915 923832.6840260001 923832.6880605 923832.6920950001 923832.6961294999 923832.700164 923832.7041984999 923832.708233 923832.7122675 923832.716302 923832.7203365001 923832.724371 923832.7284055001 923832.7324399999 923832.7364745 923832.7405089999 923832.7445435 923832.748578 923832.7526125 923832.7566470001 923832.7606815 923832.7647160001 923832.7687504999 923832.772785 923832.7768194999 923832.780854 923832.7848885 923832.788923 923832.7929575001 923832.796992 923832.8010265001 923832.8050615 923832.8090959999 923832.8131305 923832.8171649999 923832.8211995 923832.825234 923832.8292685 923832.8333030001 923832.8373375 923832.841372 923832.8454064999 923832.849441 923832.8534754999 923832.85751 923832.8615445001 923832.865579 923832.8696135001
368,923832.9583729999,105.68250005599111,2093,2096,0.4910874770742215,0.5330126799509146,1.3422789658131202,0.9766650994618734,3d gaze,-1.540747022560295,-21.79806818747073,281.60885121808275,923832.9583729999 923832.9624075 923832.9664419999 923832.9704765 923832.9745110001 923832.9785455 923832.9825800001 923832.9866144999 923832.990649 923832.9946834999 923832.9987184999 923833.002753 923833.0067875001 923833.010822 923833.0148565001 923833.018891 923833.0229255001 923833.0269599999 923833.0309945 923833.0350289999 923833.0390635 923833.043098 923833.0471325 923833.0511670001 923833.0559865 923833.060021 923833.0640555
369,923833.338403,104.89799990318716,2104,2107,0.4207697068624658,0.5565322950745732,1.4855469647458543,0.9893109423142893,3d gaze,-32.977449418817464,-27.29301851944251,274.3494620454019,923833.338403 923833.3424375 923833.346472 923833.3505065 923833.354541 923833.3585755 923833.36261 923833.3666445 923833.370679 923833.3747135 923833.378748 923833.3827825 923833.386817 923833.3908515 923833.394886 923833.3989205 923833.402955 923833.4069895 923833.411024 923833.4150585 923833.419093 923833.423128 923833.427163 923833.4311975 923833.435232 923833.4392665 923833.4433009999
370,923833.4473355,84.72449996042997,2107,2110,0.43678027446825163,0.5630764606947865,1.3081758996439632,0.9985846470702778,3d gaze,-24.085158851413688,-26.981623111917756,256.42413872303814,923833.4473355 923833.45137 923833.4554045 923833.459439 923833.4634735 923833.467508 923833.4715425 923833.4755770001 923833.4796115 923833.483646 923833.4876805 923833.491715 923833.4957495 923833.499784 923833.5038185 923833.507853 923833.5118875 923833.5159219999 923833.5199565 923833.523991 923833.5280255 923833.53206
371,923833.5360945,141.2080000154674,2110,2114,0.4417743757786219,0.5869333830430961,1.3194383977392028,0.9957312287555801,3d gaze,-23.091471438060207,-34.32211253357861,269.32470475749665,923833.5360945 923833.540129 923833.5441635 923833.5481980001 923833.5522325 923833.5562675 923833.560302 923833.5643365 923833.568371 923833.5724055 923833.57644 923833.5804745 923833.584509 923833.5885435 923833.592578 923833.5966125 923833.600647 923833.6046815 923833.608716 923833.6127505 923833.616785 923833.6208195 923833.624854 923833.6288885 923833.632923 923833.6369575 923833.640992 923833.6450265 923833.649061 923833.6530955 923833.65713 923833.6611645 923833.665199 923833.6692335 923833.673268 923833.6773025
372,923834.589105,92.79350005090237,2141,2144,0.539283539605529,0.620282756377139,1.1094629761787715,0.983133835097154,3d gaze,19.09947182533318,-41.20122346822162,260.0676289064332,923834.589105 923834.5931395 923834.597174 923834.6012085 923834.605243 923834.6092775001 923834.613312 923834.6173465 923834.621381 923834.6254155 923834.62945 923834.6334845 923834.637519 923834.6415535 923834.645588 923834.6496225 923834.653657 923834.6576915 923834.661726 923834.6657605 923834.669795 923834.6738295 923834.677864 923834.6818985001
373,923834.9037975,80.690500093624,2151,2153,0.5470265245311726,0.6016130267891999,1.3988003058867504,0.9832411181359064,3d gaze,22.942778161716625,-37.86424401477031,268.18303420547613,923834.9037975 923834.9078319999 923834.9118665 923834.915901 923834.9199355 923834.92397 923834.9280045 923834.932039 923834.9360735 923834.9401080001 923834.9441424999 923834.948177 923834.9522115 923834.956246 923834.9602805 923834.964315 923834.9683495 923834.972384 923834.976419 923834.9804535001 923834.984488
374,923835.4847685,88.75950006768107,2168,2171,0.5331214921371304,0.5961911289138265,1.4373627842381236,0.9824829580991165,3d gaze,18.616072578337047,-40.014964518926284,294.7163882372144,923835.4847685 923835.488803 923835.4928375001 923835.4968719999 923835.5009065 923835.504941 923835.5089755 923835.51301 923835.5170445 923835.521079 923835.5251135 923835.5291480001 923835.5331824999 923835.537217 923835.541252 923835.5452865 923835.549321 923835.5533555 923835.55739 923835.5614245001 923835.565459 923835.5694935 923835.573528
375,923835.6985985,80.69000008981675,2174,2177,0.46381583187949055,0.5601487151572037,1.4861990269344962,0.9870526038465046,3d gaze,-8.557988605747529,-17.605332166545153,171.90755883928188,923835.6985985 923835.702633 923835.7066675001 923835.710702 923835.7147365 923835.7187709999 923835.7228055 923835.72684 923835.7308745 923835.734909 923835.7389435 923835.742978 923835.7470125 923835.751047 923835.7550814999 923835.759116 923835.7631505 923835.767185 923835.7712195 923835.775254 923835.7792885001
376,923835.783323,88.75950006768107,2177,2180,0.4679062890936326,0.5706940769500908,1.1213949527653746,0.9972600665959445,3d gaze,-7.5998701756404845,-19.737356200649845,176.14101143875067,923835.783323 923835.7873575 923835.7913919999 923835.7954265 923835.799461 923835.8034955 923835.80753 923835.8115645 923835.815599 923835.8196335 923835.8236685 923835.827703 923835.8317375 923835.835772 923835.8398065 923835.843841 923835.8478755 923835.85191 923835.8559445001 923835.859979 923835.8640135 923835.8720825
377,923836.0738085001,129.1049999417737,2186,2189,0.5255085684811529,0.6198373291823267,1.3604065668554295,0.9823229466423844,3d gaze,11.232980268459569,-34.909989257526775,221.29429847700257,923836.0738085001 923836.077843 923836.0818775 923836.0859119999 923836.0899465 923836.093981 923836.0980155 923836.10205 923836.106085 923836.1101195 923836.1141540001 923836.1181884999 923836.122223 923836.1262574999 923836.130292 923836.1343265 923836.138361 923836.1423955001 923836.14643 923836.1504645001 923836.1544989999 923836.1585335 923836.162568 923836.1666025 923836.170637 923836.174672 923836.1787065 923836.1827410001 923836.1867755 923836.1908100001 923836.1948444999 923836.198879 923836.2029135
378,923836.4288465,80.69049997720867,2196,2199,0.5332787157079901,0.6291131562009392,1.3042183386675155,0.9739750850768316,3d gaze,17.677105255456834,-46.45489841893846,278.61447562455186,923836.4288465 923836.432881 923836.4369155 923836.44095 923836.4449845001 923836.4490189999 923836.4530535 923836.4570885 923836.461123 923836.4651575 923836.469192 923836.4732265 923836.4772610001 923836.4812955 923836.48533 923836.4893644999 923836.493399 923836.4974335 923836.501468 923836.5055025 923836.509537
379,923836.7072284999,100.86350003257394,2204,2207,0.5374876766945518,0.6316265216745888,1.4795210740268718,0.9703407883644104,3d gaze,17.904701810238375,-42.98588333851712,253.95804762010857,923836.7072284999 923836.711263 923836.7152974999 923836.719332 923836.7233665 923836.727401 923836.7314355001 923836.73547 923836.739505 923836.7435395 923836.7475739999 923836.7516085 923836.755643 923836.7596775 923836.763712 923836.7677465 923836.7717810001 923836.7758155 923836.77985 923836.7838844999 923836.787919 923836.7919535 923836.795988 923836.8000225 923836.804057 923836.808092
380,923836.880713,80.690500093624,2210,2212,0.5518784425732631,0.6375693940261977,1.1589983107739026,0.9587578092302594,3d gaze,27.265306124347003,-50.726772134084726,289.82897121879114,923836.880713 923836.8847475001 923836.8887819999 923836.8928165 923836.8968509999 923836.9008855 923836.90492 923836.9089545 923836.912989 923836.9170235 923836.9210580001 923836.9250924999 923836.929127 923836.9331614999 923836.9371965 923836.941231 923836.9452655 923836.9493 923836.9533345001 923836.957369 923836.9614035
381,923836.9856105,161.38099995441735,2213,2218,0.5272579562649999,0.6217820250706043,1.4326365874477454,0.9784148480834031,3d gaze,14.875268722371596,-44.38962610653605,277.84775364454157,923836.9856105 923836.9896450001 923836.9936795 923836.997714 923837.0017484999 923837.0057834999 923837.009818 923837.0138525 923837.017887 923837.0219215001 923837.025956 923837.0299905001 923837.034025 923837.0380595 923837.0420939999 923837.0461285 923837.050163 923837.0541975 923837.058232 923837.0622665 923837.0663010001 923837.0703355 923837.07437 923837.0784044999 923837.0824394999 923837.086474 923837.0905085 923837.094543 923837.0985775001 923837.102612 923837.1066465001 923837.1106809999 923837.1147155 923837.1187499999 923837.1227845 923837.126819 923837.1308535 923837.1348880001 923837.1389225 923837.1429570001 923837.1469914999
382,923837.4132699999,88.75900018028915,2225,2228,0.5616853247886624,0.6284654811948823,1.0212194711517684,0.981017001297163,3d gaze,33.6537502020102,-50.83728614120952,304.92156745222684,923837.4132699999 923837.4173045 923837.421339 923837.4253735 923837.4294080001 923837.4334425 923837.437477 923837.4415114999 923837.445546 923837.4495804999 923837.453615 923837.4576495001 923837.461684 923837.4657185001 923837.469753 923837.4737875 923837.4778219999 923837.4818565 923837.485891 923837.4899255 923837.49396 923837.4979945 923837.5020290001
383,923837.5343055001,80.69049986079335,2229,2232,0.5607300685864403,0.6504279356564643,1.3195634381535983,0.9805959761142731,3d gaze,32.64894026655101,-55.98983263436552,298.57989946715577,923837.5343055001 923837.53834 923837.5423745001 923837.546409 923837.5504435 923837.5544785 923837.5585129999 923837.5625475 923837.566582 923837.5706165 923837.5746510001 923837.5786855 923837.5827200001 923837.5867544999 923837.590789 923837.5948234999 923837.598858 923837.6028925 923837.606927 923837.6109615001 923837.614996
384,923837.8691710001,133.138999924995,2239,2243,0.34396745740588114,0.4523130623231267,1.4762652717552862,0.9831158133114085,3d gaze,-71.1059897421631,-1.1125878822762685,284.8823158505041,923837.8691710001 923837.8732055 923837.8772400001 923837.8812744999 923837.885309 923837.8893434999 923837.893378 923837.8974125 923837.901447 923837.9054815001 923837.909516 923837.9135505001 923837.9175849999 923837.9216195 923837.9256539999 923837.9296889999 923837.9337235 923837.9377580001 923837.9417925 923837.9458270001 923837.9498615 923837.953896 923837.9579304999 923837.961965 923837.9659994999 923837.970034 923837.9740685001 923837.978103 923837.9821375001 923837.986172 923837.9902065 923837.9942409999 923837.9982755 923838.00231
385,923838.0063445,133.13949992880225,2243,2247,0.3356428398069187,0.4507960166071077,1.3852422866412477,0.9913799455937218,3d gaze,-71.44116321666142,-0.6963380559423947,270.5158959018671,923838.0063445 923838.0103790001 923838.0144135 923838.0184480001 923838.0224825 923838.026517 923838.0305514999 923838.034586 923838.0386204999 923838.042655 923838.0466895001 923838.050724 923838.0547585001 923838.058793 923838.0628275 923838.0668619999 923838.0708965 923838.0749315 923838.078966 923838.0830005 923838.0870350001 923838.0910695 923838.0951040001 923838.0991384999 923838.1031734999 923838.107208 923838.1112424999 923838.115277 923838.1193115001 923838.123346 923838.1273805001 923838.131415 923838.1354495 923838.1394839999
386,923838.1435185,197.6910000666976,2247,2253,0.3433270577336955,0.444663757621292,1.3632779898384204,0.9824117350578309,3d gaze,-67.62277742137422,0.8109926125403264,269.8528564442884,923838.1435185 923838.1475529999 923838.1515875 923838.155622 923838.1596565 923838.1636910001 923838.1677255 923838.17176 923838.1757944999 923838.179829 923838.1838634999 923838.187898 923838.1919325001 923838.195967 923838.2000015001 923838.2040365001 923838.208071 923838.2121055 923838.2161399999 923838.2201745 923838.2242089999 923838.2282435 923838.2322780001 923838.2363125 923838.2403470001 923838.2443815 923838.248416 923838.2524504999 923838.256485 923838.2605195 923838.264554 923838.2685885001 923838.272623 923838.2766575001 923838.280692 923838.2847265 923838.2887609999 923838.2927955 923838.2968299999 923838.3008645 923838.3048990001 923838.3089335 923838.3129680001 923838.3170024999 923838.321037 923838.3250714999 923838.329106 923838.3331405 923838.337175 923838.3412095001
387,923838.345244,80.69099998101592,2253,2256,0.34794806018914043,0.4527162389936873,1.1275746071791148,0.9898540335042136,3d gaze,-65.41600688857993,-1.172242896749688,269.81532821218474,923838.345244 923838.3492785001 923838.3533129999 923838.3573479999 923838.3613825 923838.3654169999 923838.3694515 923838.373486 923838.3775205 923838.3815550001 923838.3855900001 923838.3896245 923838.393659 923838.3976934999 923838.401728 923838.4057624999 923838.409797 923838.4138315001 923838.417866 923838.4219005001 923838.425935
388,923838.4299695,80.69049986079335,2256,2258,0.3332279094306496,0.4507691587159132,1.3265027924938428,0.9888596279280526,3d gaze,-67.56237444230499,-0.6541871221904438,251.76401418166304,923838.4299695 923838.4340039999 923838.4380385 923838.4420729999 923838.4461075 923838.4501420001 923838.4541765 923838.4582110001 923838.4622455 923838.46628 923838.4703144999 923838.474349 923838.4783834999 923838.482418 923838.486453 923838.4904875001 923838.494522 923838.4985565001 923838.5025909999 923838.5066255 923838.5106599999
389,923838.518729,141.20799989905208,2258,2263,0.3505502122974023,0.47390881878554886,1.4484997242747817,0.9881351043780645,3d gaze,-68.331518097137,-6.827518314862417,287.3169848702769,923838.518729 923838.5227635 923838.5267980001 923838.5308325 923838.5348670001 923838.5389014999 923838.542936 923838.5469704999 923838.551005 923838.5550395 923838.559074 923838.5631085001 923838.567143 923838.5711775001 923838.5752119999 923838.5792465 923838.5832809999 923838.5873155 923838.59135 923838.5953845 923838.5994190001 923838.6034535 923838.6074880001 923838.6115224999 923838.615557 923838.6195914999 923838.623626 923838.6276605 923838.631695 923838.6357295001 923838.6397645001 923838.643799 923838.6478335 923838.6518679999 923838.6559025 923838.6599369999
390,923838.7850075001,129.10449993796647,2266,2270,0.3858955472065164,0.6089788052878783,1.3265066309836258,0.9952469209829966,3d gaze,-64.46365299448092,-53.85025327466688,359.76560771081716,923838.7850075001 923838.789042 923838.7930765001 923838.7971109999 923838.8011455 923838.8051799999 923838.8092145 923838.8172835 923838.8253525 923838.8293870001 923838.8334214999 923838.837456 923838.8414904999 923838.845525 923838.8495595001 923838.853594 923838.8576285001 923838.861663 923838.8656975001 923838.8737665 923838.8778009999 923838.8818355 923838.88587 923838.8899045 923838.8939390001 923838.8979735 923838.9020080001 923838.9060424999 923838.910077 923838.914112
391,923838.9181465,201.72599994111806,2270,2276,0.3830744287946041,0.6259960187921293,1.3113289216210675,0.9947803109250171,3d gaze,-65.79467067435709,-59.16967966122208,356.46081275875963,923838.9181465 923838.922181 923838.926216 923838.9302505001 923838.934285 923838.9383195001 923838.9423539999 923838.9463885 923838.9504229999 923838.9544575 923838.9625265 923838.9665610001 923838.9705955 923838.9746300001 923838.9786644999 923838.982699 923838.9867334999 923838.990768 923838.9948024999 923838.998837 923839.0028715001 923839.006906 923839.0109405001 923839.0149749999 923839.0190095 923839.0270785 923839.031113 923839.0391820001 923839.0432165 923839.0472510001 923839.0512854999 923839.05532 923839.059355 923839.0633894999 923839.067424 923839.0714585 923839.075493 923839.0795275001 923839.0875965001 923839.0916309999 923839.0956655 923839.0996999999 923839.1037345 923839.1077690001 923839.1118035 923839.1158380001 923839.1198725
392,923839.1239070001,104.89799990318716,2277,2280,0.3791080216321634,0.6217002695067796,1.48647177219247,0.997048602104187,3d gaze,-71.11141588096713,-60.3847773250439,372.100113197355,923839.1239070001 923839.1279414999 923839.131976 923839.140045 923839.1440795 923839.148114 923839.1521485001 923839.156183 923839.1602175001 923839.1642519999 923839.1682865 923839.1723209999 923839.1763555 923839.1803900001 923839.1844245 923839.1884590001 923839.1924935 923839.1965285 923839.200563 923839.208632 923839.212667 923839.2167015 923839.220736 923839.2247705001 923839.228805
393,923839.293357,117.00100009329617,2282,2285,0.3528827625859375,0.5051354498026387,1.1420181987919125,0.996787680046899,3d gaze,-66.51475652581976,-15.108703364077199,284.0567906889764,923839.293357 923839.2973915001 923839.301426 923839.3054605001 923839.3094949999 923839.317564 923839.3215985 923839.325633 923839.3296675 923839.3337020001 923839.3377365 923839.3417715 923839.345806 923839.3498404999 923839.353875 923839.361944 923839.3659785001 923839.370013 923839.3740475001 923839.378082 923839.3821165 923839.3861509999 923839.3901855 923839.39422 923839.3982545 923839.402289 923839.4063235 923839.4103580001
394,923839.507187,80.68999997340143,2288,2290,0.38733502725744273,0.503176635520935,1.440909453068365,0.9843551658448719,3d gaze,-75.6877079100848,-22.08794327041464,431.93231972341795,923839.507187 923839.5112215 923839.515256 923839.5192905001 923839.523325 923839.5273595001 923839.5313939999 923839.5354285 923839.5394629999 923839.5434975 923839.547532 923839.5515665 923839.5556010001 923839.5596355 923839.5636700001 923839.5677044999 923839.571739 923839.5757734999 923839.579808 923839.5838425 923839.587877
395,923839.5919115001,96.82849980890751,2291,2293,0.37294901652393475,0.5024389808849835,1.043338504413097,0.9951920485496522,3d gaze,-77.11501507726636,-19.41695734839931,386.17427991871324,923839.5919115001 923839.595946 923839.5999805001 923839.6040149999 923839.6080495 923839.6120839999 923839.6161185 923839.620153 923839.6241880001 923839.6282225 923839.6322570001 923839.6362915 923839.640326 923839.6443604999 923839.648395 923839.6524295 923839.656464 923839.6604985 923839.664533 923839.6685675001 923839.672602 923839.6766365 923839.6806709999 923839.6847055 923839.6887399999
396,923839.712947,88.759999955073,2294,2297,0.34598828951353633,0.4987849693000287,1.4368185259188837,0.9880468871282495,3d gaze,-82.90037705795068,-15.969091019453797,337.26644769725266,923839.712947 923839.7169814999 923839.721016 923839.7250505 923839.729085 923839.7331195 923839.737154 923839.7411885001 923839.745223 923839.7492575 923839.7532919999 923839.7573265 923839.7613615 923839.7653965 923839.769431 923839.7734655 923839.7775000001 923839.7815345 923839.785569 923839.7896034999 923839.793638 923839.7976725 923839.801707
397,923839.874328,112.96649998985231,2299,2302,0.3342620052901562,0.4694019874137351,1.4151196818165879,0.995949362886363,3d gaze,-76.23268249191364,-5.712571919052929,285.9304471089175,923839.874328 923839.8783625 923839.882397 923839.8864315001 923839.890466 923839.8945005 923839.8985349999 923839.9025695 923839.9066045 923839.910639 923839.9146735 923839.918708 923839.9227425 923839.9267770001 923839.9308115 923839.934846 923839.9388804999 923839.942915 923839.9469495 923839.950984 923839.9550185001 923839.959053 923839.9630875001 923839.967122 923839.9711565 923839.9751909999 923839.9792255 923839.98326 923839.9872945
398,923839.991329,108.93250000663102,2302,2306,0.3198384809301156,0.47857009692741986,1.4546097249748984,0.9970743315560477,3d gaze,-78.64576426330711,-7.74431171133254,269.00925588952884,923839.991329 923839.9953635 923839.9993980001 923840.0034325 923840.007467 923840.0115014999 923840.015536 923840.0195705 923840.023605 923840.0276395001 923840.031674 923840.0357085001 923840.0397435001 923840.0437785 923840.0478129999 923840.0518475 923840.055882 923840.0599165 923840.063951 923840.0679855 923840.0720200001 923840.0760545 923840.080089 923840.0841234999 923840.088158 923840.0921925 923840.096227 923840.1002615
399,923840.1244685,121.03549996390939,2306,2310,0.3224894306312079,0.47005942970806014,1.490085666843951,0.9923756026452587,3d gaze,-75.90695276880214,-5.504067833371381,264.05752512065607,923840.1244685 923840.128503 923840.1325375 923840.136572 923840.1406065 923840.1446410001 923840.1486755 923840.15271 923840.1567444999 923840.160779 923840.1648135 923840.168848 923840.1728825 923840.176917 923840.1809515001 923840.184986 923840.1890209999 923840.1930555 923840.1970899999 923840.2011245 923840.205159 923840.2091935 923840.2132280001 923840.2172625 923840.2212970001 923840.2253314999 923840.229366 923840.2334005 923840.237435 923840.2414695 923840.245504
400,923840.301987,121.03599996771663,2312,2315,0.3436931852454011,0.4604735745523793,1.4798761391975594,0.9876750919126696,3d gaze,-77.76254605274715,-3.6761291150947506,311.25165866749387,923840.301987 923840.306022 923840.3100564999 923840.314091 923840.3181255 923840.32216 923840.326195 923840.3302295001 923840.334264 923840.3382985 923840.3423329999 923840.3463675 923840.350402 923840.3544365 923840.358471 923840.3625055 923840.3665400001 923840.3705745 923840.374609 923840.3786434999 923840.382678 923840.3867125 923840.390747 923840.3947815 923840.398816 923840.4028505001 923840.406885 923840.4109195 923840.4149539999 923840.4189885 923840.423023
401,923840.4270575,84.72499996423721,2315,2318,0.3302376311090787,0.4615443537565833,1.3793260387627106,0.996968461708589,3d gaze,-76.2209865304429,-3.5460401029460162,278.4322243236756,923840.4270575 923840.431092 923840.4351265 923840.4391610001 923840.4431955 923840.44723 923840.4512644999 923840.455299 923840.4593335 923840.463368 923840.4674025 923840.4714375001 923840.475472 923840.4795065001 923840.4835409999 923840.4875755 923840.49161 923840.4956445 923840.499679 923840.5037135 923840.507748 923840.5117825
402,923840.5158170001,157.3464998509735,2318,2323,0.340182165030526,0.4871572916150875,1.4727753735634874,0.9954754441976548,3d gaze,-73.25126793339919,-10.448347252199769,285.7964451627745,923840.5158170001 923840.5198514999 923840.523886 923840.5279204999 923840.531955 923840.5359895 923840.540024 923840.5440585001 923840.548093 923840.5521275001 923840.5561619999 923840.5601965 923840.564231 923840.5682655 923840.5723 923840.5763345 923840.580369 923840.5844035 923840.5884385 923840.592473 923840.5965074999 923840.600542 923840.6045765 923840.6086115 923840.612646 923840.6166805 923840.620715 923840.6247495001 923840.628784 923840.6328185 923840.636853 923840.6408875 923840.644922 923840.6489565 923840.652991 923840.6570255 923840.6610600001 923840.6650945 923840.669129 923840.6731634999
403,923840.677198,92.79399993829429,2323,2326,0.34261525520884745,0.4663604524325447,1.3680127600762486,0.9896998405456543,3d gaze,-71.8586395657446,-4.8777918631004615,285.36971623726413,923840.677198 923840.6812325 923840.685267 923840.6893015 923840.693336 923840.6973705001 923840.7014049999 923840.7054395 923840.709474 923840.7135085 923840.717543 923840.7215775 923840.725612 923840.7296465 923840.7336810001 923840.7377154999 923840.74175 923840.745785 923840.7498195 923840.753854 923840.7578885 923840.761923 923840.7659575 923840.769992
404,923840.775466,80.69099998101592,2326,2328,0.41467147895200274,0.47520871457252306,0.9824681627942787,0.919564786486565,3d gaze,-106.7686118383979,-20.42047639386942,822.697841196747,923840.775466 923840.783535 923840.848087 923840.856157
405,923841.0282015,161.38100007083267,2333,2338,0.33055805897809826,0.4485856180349613,1.4629978824377612,0.9952824610035594,3d gaze,-69.714991463037,-0.11344636581327935,255.15158177534843,923841.0282015 923841.032236 923841.0362704999 923841.040305 923841.0443395 923841.048374 923841.0524085 923841.056443 923841.0604775001 923841.064512 923841.0685465 923841.0725809999 923841.0766155 923841.08065 923841.0846845 923841.088719 923841.0927535 923841.096788 923841.1008225 923841.104857 923841.1088914999 923841.112926 923841.1169605 923841.120995 923841.1250295 923841.129064 923841.1330985001 923841.1371335001 923841.141168 923841.1452025 923841.1492369999 923841.1532715 923841.157306 923841.1613405 923841.165375 923841.1694095 923841.1734445 923841.1774790001 923841.1815134999 923841.185548 923841.1895825
406,923841.193617,100.86250002495944,2338,2341,0.3403008735274252,0.47311741979112176,1.444261951533261,0.9839465824457315,3d gaze,-80.0864342699702,-7.444850423280867,313.0540615131806,923841.193617 923841.1976515 923841.201686 923841.2057205 923841.209755 923841.2137895001 923841.2178239999 923841.2218585 923841.225893 923841.2299275 923841.233962 923841.2379965 923841.242031 923841.2460655 923841.2501000001 923841.2541344999 923841.258169 923841.2622035 923841.266238 923841.2702725 923841.274307 923841.2783415 923841.282376 923841.2864105001 923841.2904449999 923841.2944795
407,923841.3025485,137.1740000322461,2342,2346,0.346987674980919,0.5034763110453451,1.3939252618281845,0.9885146651949202,3d gaze,-86.99357846858409,-18.44686047186447,356.0591532806437,923841.3025485 923841.306583 923841.310618 923841.3146525 923841.3186870001 923841.3227215 923841.326756 923841.3307905 923841.334825 923841.3388595 923841.342894 923841.3469285 923841.350963 923841.3549975 923841.359032 923841.3630665 923841.3671009999 923841.3711355 923841.37517 923841.3792045 923841.383239 923841.3872735 923841.3913080001 923841.3953425 923841.399377 923841.4034115 923841.407446 923841.4114805 923841.415515 923841.41955 923841.4235845 923841.427619 923841.4316535001 923841.4356879999 923841.4397225
408,923841.488137,88.7589999474585,2347,2350,0.3152740499546943,0.4722897454041484,1.4510635809143255,0.9951345272686171,3d gaze,-84.48962666086561,-6.43538837463947,280.98105250932525,923841.488137 923841.4921715 923841.496206 923841.5002405 923841.504275 923841.5083095001 923841.5123439999 923841.5163785 923841.520413 923841.5244475 923841.528482 923841.5325165 923841.536551 923841.5405855 923841.5446200001 923841.5486545 923841.552689 923841.5567235 923841.560758 923841.5647925 923841.568827 923841.5728615 923841.576896
409,923841.6253105,104.89800001960248,2351,2354,0.35466299224123427,0.4776442996462138,1.3116891067498184,0.9916667585019712,3d gaze,-77.91616681641551,-9.257430906724121,337.55316628635296,923841.6253105 923841.629345 923841.6333795 923841.637414 923841.6414485 923841.645483 923841.6495175001 923841.653552 923841.6575865 923841.661621 923841.6656555 923841.66969 923841.6737245 923841.677759 923841.6817935 923841.6858285 923841.6898630001 923841.6938974999 923841.697932 923841.7019665 923841.706001 923841.7100355 923841.71407 923841.7181045 923841.722139 923841.7261735001 923841.7302085
410,923841.734243,205.75999992433935,2354,2361,0.3500249322695272,0.4711869279893578,1.2351831586671864,0.9920039314490098,3d gaze,-78.25348957999883,-7.036974980641509,327.65027202768084,923841.734243 923841.7382775 923841.742312 923841.7463465 923841.750381 923841.7544155 923841.75845 923841.7624845 923841.766519 923841.7705534999 923841.774588 923841.7786225 923841.782657 923841.7866915 923841.790726 923841.7947605 923841.798795 923841.8028295 923841.806864 923841.8108985 923841.814933 923841.8189675 923841.823002 923841.8270365 923841.831071 923841.8351055 923841.83914 923841.8431744999 923841.847209 923841.8512435 923841.855278 923841.8593125 923841.863347 923841.8673815 923841.871416 923841.8754509999 923841.8794855 923841.88352 923841.8875545 923841.891589 923841.8956235 923841.899658 923841.9036925 923841.9077270001 923841.9117614999 923841.915796 923841.9198305 923841.923865 923841.9278995 923841.931934 923841.9359685 923841.940003
411,923841.9440375,80.69100009743124,2361,2363,0.35415757889555416,0.4852308869125504,0.966094283367215,0.992289716289157,3d gaze,-79.35679733943365,-11.843082481691612,342.3912816340322,923841.9440375 923841.9480719999 923841.9521065 923841.956141 923841.960176 923841.9642105 923841.968245 923841.9722795 923841.976314 923841.9803485 923841.9843830001 923841.9884174999 923841.992452 923841.9964865 923842.000521 923842.0045555 923842.00859 923842.012625 923842.0166595 923842.020694 923842.0247285
412,923842.061039,84.72449996042997,2364,2367,0.33673232321413427,0.4682368992573745,1.4557438198908015,0.9942946081811731,3d gaze,-74.38442151330773,-5.370084623881779,283.8990426396574,923842.061039 923842.0650735 923842.069108 923842.0731425 923842.077177 923842.0812115 923842.085246 923842.0892805 923842.093315 923842.0973495 923842.101384 923842.1054185 923842.109453 923842.1134875 923842.117522 923842.1215565 923842.125591 923842.1296255 923842.13366 923842.1376945 923842.141729 923842.1457635
413,923842.1901435,112.96699999365956,2368,2371,0.3305381646040314,0.48530455004992035,1.4261523782030323,0.9872991607106966,3d gaze,-76.71370729655372,-9.838848177534379,280.67484816380323,923842.1901435 923842.194178 923842.1982125 923842.202247 923842.2062814999 923842.210316 923842.2143505 923842.218385 923842.2224195 923842.226454 923842.2304885 923842.2345235 923842.238558 923842.2425925 923842.2466269999 923842.2506615 923842.254696 923842.2587305 923842.262765 923842.2667995 923842.270834 923842.2748685 923842.278903 923842.2829375 923842.286972 923842.2910065 923842.2950415 923842.299076 923842.3031105
414,923842.81146,88.75949995126575,2387,2389,0.5305655404589085,0.59703096152274,1.4866382453582818,0.994139728338822,3d gaze,12.871097898461672,-29.937304852526985,218.8365751786895,923842.81146 923842.8154945 923842.819529 923842.8235635 923842.827598 923842.8316325 923842.835667 923842.8397015 923842.843736 923842.8477705 923842.851805 923842.8558395 923842.8598745 923842.8639090001 923842.8679435 923842.871978 923842.8760125 923842.880047 923842.8840815 923842.888116 923842.8921505 923842.896185 923842.9002195
415,923842.9567025,80.69049997720867,2391,2393,0.4925310503397929,0.5896577004133803,1.4310872842398379,0.9969271534965152,3d gaze,-0.5690990265800833,-23.610310185728824,182.35773908518715,923842.9567025 923842.960737 923842.9647715 923842.968806 923842.9728405 923842.9768749999 923842.9809095 923842.984944 923842.9889785 923842.993013 923842.9970475 923843.001082 923843.005117 923843.0091515 923843.013186 923843.0172205 923843.021255 923843.0252895 923843.029324 923843.0333585 923843.037393
416,923843.1180835,104.89750001579523,2396,2399,0.5192135337459874,0.6084046023986781,1.1781860723476967,0.9893017885861574,3d gaze,8.64875868472323,-31.52552098386315,214.4200458908262,923843.1180835 923843.1221179999 923843.1261525 923843.130187 923843.1342215 923843.138256 923843.142291 923843.1463255 923843.15036 923843.1543945 923843.158429 923843.1624634999 923843.166498 923843.1705325 923843.174567 923843.1786015 923843.182636 923843.1866705 923843.190705 923843.1947395001 923843.198774 923843.2028085 923843.206843 923843.2108775 923843.214912 923843.2189465 923843.222981
417,923843.2270155,145.2430000063032,2399,2403,0.525474126729784,0.5978987037652754,1.4538142876214772,0.9882037051626154,3d gaze,10.691986370894588,-28.992255646427388,211.31099636257736,923843.2270155 923843.23105 923843.2350844999 923843.239119 923843.2431535 923843.247188 923843.2512225 923843.255257 923843.2592915 923843.263326 923843.2673605001 923843.271395 923843.2754295 923843.279464 923843.2834985 923843.2875335 923843.291568 923843.2956025 923843.299637 923843.3036715 923843.307706 923843.3117405 923843.315775 923843.3198095 923843.323844 923843.3278785 923843.331913 923843.3359475 923843.3399825001 923843.344017 923843.3480515 923843.352086 923843.3561205 923843.360155 923843.3641895 923843.368224 923843.3722585
418,923843.7368,250.14000001829118,2414,2422,0.5130745071231915,0.5059028917105504,0.3830909234887157,0.9094437925020854,3d gaze,21.21714506196891,-37.25875623985137,709.2158553268872,923843.7368 923843.744869 923843.98694
419,923844.2074045,96.82850004173815,2428,2431,0.5585355784511169,0.5874039092852549,1.4605633712971533,0.949319236278534,3d gaze,27.484265015142164,-33.693082209583636,262.9077358085694,923844.2074045 923844.211439 923844.2154735 923844.219508 923844.2235425 923844.2275769999 923844.2316115 923844.235646 923844.2396805 923844.243715 923844.2477495 923844.2517840001 923844.2558185 923844.259853 923844.2638875 923844.267922 923844.271957 923844.2759915 923844.280026 923844.2840605 923844.288095 923844.2921295001 923844.2961639999 923844.3001985 923844.304233
420,923844.344578,104.89800001960248,2432,2435,0.5876177288923361,0.6161740413240794,1.3858041486915602,0.9537066938700499,3d gaze,39.14568585871126,-39.82372084327145,255.39058656441273,923844.344578 923844.3486125 923844.352647 923844.3566815 923844.360716 923844.3647505001 923844.3687849999 923844.3728195 923844.376854 923844.3808885 923844.384923 923844.3889575 923844.392992 923844.3970265 923844.4010610001 923844.4050954999 923844.4091304999 923844.413165 923844.4171995 923844.421234 923844.4252685 923844.429303 923844.4333375 923844.4373725001 923844.441407 923844.4454415 923844.449476
421,923844.691547,129.1045000543818,2443,2447,0.5471966000965708,0.6223250672042681,1.383509456473651,0.9651679649497523,3d gaze,18.284517146493783,-34.03296381683345,212.18678331788738,923844.691547 923844.6955815 923844.699616 923844.7036504999 923844.707685 923844.7117195 923844.715754 923844.719789 923844.7238235 923844.727858 923844.7318925001 923844.735927 923844.7399615 923844.7439959999 923844.7480305 923844.752065 923844.7560995 923844.760134 923844.7641685 923844.7682030001 923844.7722375 923844.776272 923844.7803065 923844.784341 923844.7883755 923844.79241 923844.7964445 923844.800479 923844.8045135001 923844.808548 923844.8125825 923844.8166169999 923844.8206515
422,923844.9295834999,80.69100009743124,2450,2452,0.5537258794529119,0.5956106064530275,1.492717098455006,0.9413430110404366,3d gaze,20.63299667360024,-28.90515383735011,213.0232290294812,923844.9295834999 923844.9376525 923844.941687 923844.9457215001 923844.949756 923844.9537905001 923844.9578249999 923844.9618595 923844.965894 923844.9699285 923844.9739635 923844.977998 923844.9820325 923844.9860675 923844.9901020001 923844.994136 923844.9981704999 923845.0022054999 923845.0102745
423,923845.014309,121.03549996390939,2452,2456,0.5636925934792602,0.6080463543259234,1.2550570626667417,0.9368488259853855,3d gaze,25.524419228043076,-33.20822543957984,225.36168419201627,923845.014309 923845.0183435 923845.022378 923845.0264125001 923845.0304469999 923845.0344815 923845.038516 923845.0425505 923845.046585 923845.0506195 923845.054654 923845.0586885 923845.0627230001 923845.0667574999 923845.070792 923845.0748264999 923845.078861 923845.0828955 923845.08693 923845.0909645 923845.094999 923845.0990335001 923845.1030679999 923845.1071025 923845.111137 923845.1151715 923845.1192065 923845.123241 923845.1272755 923845.1313100001 923845.1353445
424,923845.4258300001,88.7589999474585,2465,2467,0.4985805377228491,0.6024740419948541,1.4944970427706974,0.9550105320370715,3d gaze,1.4223911102579299,-30.525122534383062,215.52468323486212,923845.4258300001 923845.4298645 923845.433899 923845.4379334999 923845.441968 923845.4460025 923845.450037 923845.4540715 923845.458106 923845.4621405001 923845.466175 923845.4702095 923845.4742439999 923845.4782785 923845.482313 923845.4863475 923845.490382 923845.4944165 923845.4984510001 923845.5024855 923845.50652 923845.5105544999 923845.514589
425,923845.522658,80.69099998101592,2467,2470,0.5015245134555594,0.6026877221189985,1.4319142982436666,0.9711002792630877,3d gaze,2.730801514254527,-33.87727414966631,239.09306481335742,923845.522658 923845.5266925 923845.530727 923845.5347615001 923845.5387965001 923845.5428309999 923845.5468655 923845.5509005 923845.554935 923845.5589695 923845.563004 923845.5670385 923845.5710730001 923845.5751075 923845.5791420001 923845.5831764999 923845.587211 923845.5912454999 923845.59528 923845.5993145 923845.603349
426,923845.7082465,96.82799992151558,2473,2476,0.5000439054583823,0.5974466399129208,1.4085852707733426,0.9684153699874878,3d gaze,1.9247912387581758,-29.113998083366106,212.8309672998863,923845.7082465 923845.7122810001 923845.7163155 923845.7203500001 923845.7243845 923845.728419 923845.7324534999 923845.736488 923845.7405225 923845.744557 923845.7485915 923845.752626 923845.7566605001 923845.760695 923845.7647295 923845.7687639999 923845.7727985 923845.776833 923845.7808675 923845.7849020001 923845.7889365 923845.7929710001 923845.7970055 923845.80104 923845.8050744999
427,923846.071353,100.86349991615862,2484,2487,0.5233427416957844,0.7420596351348073,1.4305043458050957,0.9897085130214691,3d gaze,14.071195423679615,-80.62295081728165,291.90856484818755,923846.071353 923846.0753875 923846.079422 923846.0834565 923846.0874910001 923846.0915260001 923846.0955604999 923846.099595 923846.10363 923846.1076644999 923846.111699 923846.1157335001 923846.119768 923846.1238025001 923846.127837 923846.1318715 923846.1359059999 923846.1399405 923846.143975 923846.1480095 923846.152044 923846.1560785 923846.1601130001 923846.1641475 923846.168182 923846.1722164999
428,923846.216596,92.79400005470961,2488,2491,0.5304968695681812,0.7207905650373813,1.3274459894270119,0.9700081472595533,3d gaze,18.600981340734148,-78.82921335824985,308.7917356556686,923846.216596 923846.2206305 923846.224665 923846.2286995 923846.2327340001 923846.2367685 923846.2408034999 923846.244838 923846.2488724999 923846.252907 923846.2569415 923846.260976 923846.2650105001 923846.269045 923846.2730795001 923846.2771139999 923846.2811485 923846.2851829999 923846.2892175 923846.293252 923846.2972865 923846.3013210001 923846.3053555 923846.3093900001
429,923846.4102535,84.72449996042997,2494,2497,0.5464836698232758,0.7475581380034995,1.297399453431158,0.996969458731738,3d gaze,28.97741553049542,-93.95292005307411,332.55508467599736,923846.4102535 923846.414288 923846.4183225001 923846.422357 923846.4263915 923846.4304259999 923846.4344605 923846.4384949999 923846.4425295 923846.4465640001 923846.4505985 923846.4546330001 923846.4586675 923846.462702 923846.4667364999 923846.470771 923846.4748055 923846.47884 923846.4828745 923846.486909 923846.4909435001 923846.494978
430,923846.781429,80.690500093624,2505,2507,0.5265540998060962,0.5887443218981699,1.129952906826005,0.9567626430874779,3d gaze,12.024626778297048,-29.670063449904415,230.52504972488993,923846.781429 923846.7854635001 923846.7894979999 923846.7935325 923846.7975669999 923846.8016015 923846.8056365 923846.8096710001 923846.8137055 923846.8177400001 923846.8217745 923846.8258090001 923846.8298434999 923846.833878 923846.8379124999 923846.841947 923846.8459815 923846.850016 923846.8540505001 923846.858085 923846.8621195001
431,923847.0154315,80.69049986079335,2512,2514,0.37209638884438745,0.45985248515312555,1.463731682537548,0.9960765007295107,3d gaze,-64.35210220976892,-3.667521002566191,320.22707246813366,923847.0154315 923847.0194659999 923847.0235005 923847.0315695 923847.0356040001 923847.0396385 923847.0436730001 923847.0477074999 923847.0557764999 923847.059811 923847.0638455 923847.06788 923847.0719145001 923847.075949 923847.0799835001 923847.0840179999 923847.0880529999 923847.0920875 923847.0961219999
432,923847.1001565,84.72450007684529,2515,2517,0.363672561233884,0.47401446011808057,1.492026058301574,0.9879163444042206,3d gaze,-81.02980915343832,-9.066232161989918,376.5151457830284,923847.1001565 923847.1041910001 923847.1082255 923847.1122600001 923847.1162945 923847.1243634999 923847.128398 923847.1324324999 923847.136467 923847.144536 923847.1485705001 923847.152605 923847.1566395 923847.1606739999 923847.1647085 923847.1687429999 923847.1727775 923847.1768120001 923847.1808465 923847.1848810001
433,923847.4834360001,145.24249988608062,2526,2530,0.33946379349765327,0.4543120979582582,1.4308640791124807,0.9875105732196087,3d gaze,-67.59955741697254,-1.5261738115875738,262.84258195353533,923847.4834360001 923847.4874704999 923847.491505 923847.4955394999 923847.499574 923847.5036085 923847.5076435001 923847.511678 923847.5157125001 923847.519747 923847.5237815001 923847.5278159999 923847.5318505 923847.5358849999 923847.5399195 923847.543954 923847.5479885 923847.5520230001 923847.5560575 923847.560092 923847.5641264999 923847.568161 923847.5721954999 923847.57623 923847.5802645001 923847.584299 923847.5883335001 923847.592368 923847.5964025 923847.6004369999 923847.6044715 923847.6085059999 923847.6125405 923847.616575 923847.6206095 923847.6246440001 923847.6286785
434,923847.632713,217.86449989303946,2530,2537,0.3335686731322568,0.4391693599130959,1.3602517092233055,0.9824721986055374,3d gaze,-66.21977741557917,2.0849496756163597,247.36089359527145,923847.632713 923847.6367474999 923847.6448165 923847.648851 923847.652886 923847.6569205001 923847.660955 923847.669024 923847.6730585 923847.6770929999 923847.685162 923847.6891965 923847.6972655 923847.7053345 923847.709369 923847.7134034999 923847.717438 923847.7214725 923847.725507 923847.7295415001 923847.733576 923847.7376105001 923847.741645 923847.7456795 923847.7497139999 923847.7537489999 923847.7577835 923847.761818 923847.7658525 923847.7698870001 923847.7739215 923847.7779560001 923847.7819904999 923847.786025 923847.79006 923847.7940944999 923847.798129 923847.8021635 923847.806198 923847.8102325001 923847.814267 923847.8183015 923847.8223359999 923847.8263705 923847.8304049999 923847.8344395 923847.8384740001 923847.8425085 923847.8465430001 923847.8505775
435,923847.9030259999,88.75950006768107,2539,2541,0.3356734634690725,0.44269288574445104,1.292686986562071,0.991074238134467,3d gaze,-62.96909346176563,1.197835344742531,238.51145589757147,923847.9030259999 923847.9070605 923847.9110950001 923847.9151295 923847.9191640001 923847.9231985 923847.927233 923847.9312674999 923847.9353024999 923847.939337 923847.9433715 923847.947406 923847.9514405001 923847.955475 923847.9595095001 923847.9635439999 923847.9675785 923847.9716129999 923847.9756475 923847.979682 923847.9837165 923847.9877510001 923847.9917855
436,923847.9958200001,80.69099998101592,2541,2544,0.3403364256803202,0.4586610622193624,1.484045581624614,0.9927524895895095,3d gaze,-63.28391920692876,-2.4611705631311005,247.5250809845739,923847.9958200001 923847.9998544999 923848.003889 923848.0079234999 923848.011958 923848.0159925 923848.020027 923848.0240615001 923848.028096 923848.0321305001 923848.0361655001 923848.0401999999 923848.0442345 923848.0482689999 923848.0523035 923848.0563380001 923848.0603725 923848.0644070001 923848.0684415 923848.0724765 923848.076511
437,923848.5162734999,137.1740000322461,2557,2561,0.35370394096184704,0.45937201954745505,1.18420164513262,0.9838160344532558,3d gaze,-67.03495943150466,-3.0668792993035443,288.20259165389115,923848.5162734999 923848.520308 923848.5243424999 923848.528377 923848.5324115 923848.536446 923848.5404805001 923848.544515 923848.5485495001 923848.5525839999 923848.5566185 923848.560653 923848.5646875 923848.5687225 923848.5727570001 923848.5767915 923848.5808260001 923848.5848605 923848.588895 923848.5929294999 923848.596964 923848.6009985 923848.605033 923848.6090675 923848.613102 923848.6171365001 923848.621171 923848.6252055 923848.6292399999 923848.6332745 923848.6373095 923848.641344 923848.6453785 923848.649413 923848.6534475
438,923848.7744829999,112.96649998985231,2565,2568,0.30668572966914476,0.4298340984004876,1.3098487102661476,0.982733396620586,3d gaze,-81.32026426150918,4.416119581949959,257.0153535445324,923848.7744829999 923848.7785175 923848.7825519999 923848.7865865 923848.790621 923848.7946555 923848.7986900001 923848.8027245 923848.806759 923848.8107934999 923848.814828 923848.8188625 923848.822897 923848.8269315 923848.830966 923848.8350005001 923848.839035 923848.8430695 923848.8471039999 923848.8511389999 923848.8551735 923848.859208 923848.8632425 923848.867277 923848.8713115 923848.8753460001 923848.8793805 923848.883415 923848.8874494999
439,923848.891484,80.69049997720867,2568,2570,0.3125000972267295,0.4462315751843759,1.4043885627336619,0.9800918726694017,3d gaze,-77.89809736584714,0.44904453170620556,254.78623254084388,923848.891484 923848.8955185 923848.899553 923848.9035875001 923848.907622 923848.9116565001 923848.915691 923848.9197259999 923848.9237605 923848.9277949999 923848.9318295 923848.935864 923848.9398985 923848.9439330001 923848.9479675 923848.9520020001 923848.9560364999 923848.960071 923848.9641055 923848.96814 923848.9721745
440,923848.976209,80.690500093624,2571,2573,0.3266203375993769,0.4723226048084137,1.4590398418273591,0.9848261191731408,3d gaze,-80.36649598124785,-6.5871453695722915,287.0490369854281,923848.976209 923848.9802435 923848.984278 923848.9883125001 923848.9923469999 923848.9963815 923849.0004159999 923849.0044505 923849.008485 923849.0125195 923849.0165540001 923849.0205885 923849.0246230001 923849.0286574999 923849.032692 923849.0367265 923849.040761 923849.0447955 923849.04883 923849.0528645 923849.0568995001
441,923849.077072,84.72500008065253,2574,2576,0.34006622802867986,0.49696385768870976,1.42759940251016,0.9897328642281619,3d gaze,-86.33163717123062,-15.446330996355933,336.83677071114306,923849.077072 923849.0811065 923849.085141 923849.0891755 923849.0932100001 923849.0972445 923849.101279 923849.1053134999 923849.109348 923849.1133825 923849.1174175 923849.121452 923849.1254865 923849.129521 923849.1335555001 923849.1375899999 923849.1416245 923849.1456589999 923849.1496935 923849.153728 923849.1577625 923849.1617970001
442,923849.206177,92.79350005090237,2577,2580,0.3442995875966736,0.47069516568449793,1.3734354026079272,0.9920637793838978,3d gaze,-74.77243409542167,-6.369687980011835,300.4071221073375,923849.206177 923849.2102115001 923849.2142459999 923849.2182805 923849.222315 923849.2263495 923849.230384 923849.2344185 923849.238453 923849.2424875 923849.2465220001 923849.2505564999 923849.254591 923849.2586255 923849.26266 923849.2666945 923849.270729 923849.2747635001 923849.278798 923849.2828325001 923849.2868669999 923849.2909015 923849.294936 923849.2989705
443,923849.303005,80.69049997720867,2580,2583,0.33396663218799455,0.46297726750024265,1.4897612778371752,0.9959958891073862,3d gaze,-71.89280685098136,-3.778133911626439,269.17888520868684,923849.303005 923849.3070395 923849.311074 923849.3151085 923849.3191430001 923849.3231774999 923849.327212 923849.3312465 923849.335281 923849.339316 923849.3433505 923849.347385 923849.3514195001 923849.355454 923849.3594885 923849.3635229999 923849.3675575 923849.371592 923849.3756265 923849.379661 923849.3836955
444,923849.3877300001,112.96699987724423,2583,2586,0.3505514847035491,0.47607511978532924,1.3035364247151877,1.0,3d gaze,-76.16115201822608,-8.364355222725525,320.0768860040934,923849.3877300001 923849.3917645 923849.395799 923849.399834 923849.4038684999 923849.407903 923849.4119375 923849.415972 923849.4200065001 923849.424041 923849.4280755001 923849.4321099999 923849.4361445 923849.440179 923849.4442135 923849.448248 923849.4522825 923849.456317 923849.4603515 923849.4643860001 923849.4684204999 923849.472455 923849.47649 923849.4805245 923849.484559 923849.4885935 923849.492628 923849.4966625 923849.500697
445,923849.5087659999,104.8970001284033,2586,2590,0.33750106780947814,0.4432561903007938,1.4128757977439903,0.9881484861727114,3d gaze,-74.65007346696092,1.2783166216740907,286.21076555500946,923849.5087659999 923849.5128005 923849.516835 923849.5208695 923849.524904 923849.5289385 923849.5329730001 923849.5370075 923849.541042 923849.5450764999 923849.549111 923849.5531455 923849.55718 923849.5612145 923849.565249 923849.5692835 923849.573318 923849.5773525 923849.5813869999 923849.5854215 923849.589456 923849.5934905 923849.597525 923849.6015595 923849.6055940001 923849.6096285 923849.613663
446,923849.6176974999,88.76000007148832,2590,2592,0.33644859177797226,0.4343758057489039,1.49148973333712,0.995782020299331,3d gaze,-70.35885257832841,3.4251406533883473,267.7504711740372,923849.6176974999 923849.6217324999 923849.625767 923849.6298015 923849.633836 923849.6378705 923849.641905 923849.6459395001 923849.6499739999 923849.6540085 923849.658043 923849.6620775 923849.666112 923849.6701465 923849.6741815 923849.6782160001 923849.6822505 923849.6862850001 923849.6903194999 923849.694354 923849.6983885 923849.702423 923849.7064575
447,923849.710492,145.24250000249594,2592,2597,0.3434648115794296,0.4222282702510973,1.4946843926968847,0.9992097938382948,3d gaze,-63.66402352320379,6.130907105353949,254.3222364375297,923849.710492 923849.7145265 923849.718561 923849.7225955001 923849.7266299999 923849.7306645 923849.734699 923849.7387335 923849.742768 923849.7468025 923849.7508370001 923849.7548715 923849.7589065 923849.762941 923849.7669754999 923849.77101 923849.7750445 923849.779079 923849.7831135 923849.787148 923849.7911825001 923849.795217 923849.7992515 923849.803286 923849.8073205 923849.811355 923849.8153895 923849.819424 923849.8234585 923849.827493 923849.8315275 923849.835562 923849.8395964999 923849.843631 923849.8476655 923849.8517 923849.8557345
448,923849.920287,80.69049997720867,2599,2601,0.364758470095155,0.4541822108366941,1.4633790914260654,0.9837367932001749,3d gaze,-65.76771218646967,-1.82793878443758,308.36736878686577,923849.920287 923849.9243215 923849.928356 923849.9323905 923849.936425 923849.9404595001 923849.9444939999 923849.9485289999 923849.9525635 923849.956598 923849.9606325 923849.964667 923849.9687015 923849.972736 923849.9767705 923849.980805 923849.9848394999 923849.988874 923849.9929085 923849.996943 923850.0009775
449,923850.005012,100.86300002876669,2601,2604,0.34976912677320154,0.460554785289561,1.4124258760908657,0.9949444280220912,3d gaze,-73.22308939092781,-3.581344136211068,305.88661370728715,923850.005012 923850.0090465001 923850.013081 923850.0171155 923850.0211499999 923850.0251845 923850.029219 923850.0332535 923850.037288 923850.041323 923850.0453575 923850.0493920001 923850.0534265 923850.057461 923850.0614955 923850.06553 923850.0695645 923850.073599 923850.0776335 923850.081668 923850.0857025 923850.089737 923850.0937715 923850.0978059999 923850.1018405 923850.105875
450,923850.1099095,80.69049997720867,2604,2607,0.3606617910611305,0.4698966156993502,1.2717540443086948,0.9899629524775914,3d gaze,-78.13381679884422,-7.093881447529107,354.3245538522821,923850.1099095 923850.113944 923850.1179785 923850.1220130001 923850.1260475 923850.130082 923850.1341165 923850.138151 923850.1421855 923850.14622 923850.1502545 923850.154289 923850.1583235 923850.162358 923850.1663925 923850.1704269999 923850.1744615 923850.178496 923850.1825305 923850.1865655 923850.1906
451,923850.226911,104.89750001579523,2608,2611,0.36207886223569224,0.4705057884769057,1.4624405098519808,0.9880730311075846,3d gaze,-85.06666265282144,-8.196566841272334,390.18582866118226,923850.226911 923850.2309455 923850.23498 923850.2390145 923850.2430489999 923850.2470835 923850.251118 923850.2551525 923850.259187 923850.2632215 923850.2672560001 923850.2712905 923850.275325 923850.2793595 923850.283394 923850.291463 923850.299532 923850.3035665 923850.307601 923850.3116355 923850.3197049999 923850.3237395 923850.327774 923850.3318085
452,923850.335843,84.72449996042997,2611,2614,0.3517296668019018,0.4649858112977015,1.1087118028348424,0.985059998252175,3d gaze,-82.21702543605447,-5.474027929716895,348.4264244717568,923850.335843 923850.3398775 923850.343912 923850.3479464999 923850.351981 923850.3560155 923850.36005 923850.3640845 923850.368119 923850.3721535 923850.376188 923850.3802225001 923850.3842569999 923850.3882915 923850.392326 923850.3963605 923850.400395 923850.4044295 923850.408464 923850.4124985 923850.416533 923850.4205674999
453,923850.464947,217.8645000094548,2615,2621,0.3602644652926329,0.4650597572300426,1.3441389938283959,0.9923874638297341,3d gaze,-80.58084084396145,-5.734352785761789,364.495866595394,923850.464947 923850.468982 923850.4730165 923850.477051 923850.4810855 923850.48512 923850.4891545 923850.4931890001 923850.4972235 923850.501258 923850.505293 923850.5093275 923850.513362 923850.5173965 923850.521431 923850.5254655001 923850.5295 923850.5335345 923850.537569 923850.5416035 923850.545638 923850.5496725 923850.553707 923850.5577415 923850.561776 923850.5658105 923850.569845 923850.5738795 923850.577914 923850.5819485 923850.585983 923850.5900175 923850.594052 923850.5980865001 923850.602121 923850.6061559999 923850.6101905 923850.614225 923850.6182595 923850.622294 923850.6263285 923850.630363 923850.6343975 923850.6384320001 923850.6424665 923850.646501 923850.6505355 923850.65457 923850.6586045 923850.662639 923850.6666735 923850.670708 923850.6747425 923850.6787769999 923850.6828115
454,923850.686846,80.69049997720867,2622,2624,0.36152745027644867,0.4565032107395889,1.2998333223519583,0.9953973179771787,3d gaze,-71.2514337874818,-2.6117212436933093,325.497152212341,923850.686846 923850.6908805 923850.694915 923850.6989495 923850.702984 923850.7070185 923850.7110530001 923850.7150875 923850.719122 923850.7231565 923850.727191 923850.7312255 923850.73526 923850.7392945 923850.743329 923850.7473635 923850.7513985 923850.755433 923850.7594675 923850.763502 923850.7675365
455,923850.771571,117.0014999806881,2624,2628,0.34835870465836705,0.44737280675196683,1.3991158718012389,0.9990790301355822,3d gaze,-75.44820996966646,0.19752174115734986,312.14430407279013,923850.771571 923850.7756055 923850.77964 923850.7836745 923850.7877095 923850.791744 923850.7957785 923850.799813 923850.8038475 923850.807882 923850.8119165 923850.815951 923850.8199855 923850.82402 923850.8280545 923850.832089 923850.8361235 923850.840158 923850.8441925 923850.848227 923850.8522615 923850.8562960001 923850.8603304999 923850.864365 923850.872434 923850.8764685 923850.880503 923850.8845375 923850.8885725
456,923851.1467815,96.82850004173815,2635,2638,0.5307532853059933,0.5814649807819414,1.3835431630317823,0.9877838945388794,3d gaze,13.00801016339468,-26.893524431528117,220.01885005849115,923851.1467815 923851.150816 923851.1548504999 923851.158885 923851.1629195 923851.166954 923851.170989 923851.1750235 923851.179058 923851.1830925 923851.187127 923851.1911615 923851.195196 923851.1992305 923851.203265 923851.2072995 923851.211334 923851.2153685 923851.219403 923851.2234375 923851.227472 923851.2315065 923851.235541 923851.2395755 923851.24361
457,923851.251679,161.38099995441735,2638,2643,0.5134688912763887,0.5649105967579028,1.4946227810459674,0.9857927071742523,3d gaze,5.34002006922588,-18.41374765445334,172.70115821927246,923851.251679 923851.2557135 923851.259748 923851.2637825 923851.2718515 923851.275886 923851.2799205 923851.283955 923851.2879895 923851.292024 923851.2960585 923851.300093 923851.3041275 923851.3081625 923851.312197 923851.3162315 923851.3202665 923851.324301 923851.3283355 923851.33237 923851.3364045 923851.3404389999 923851.3444735 923851.348508 923851.3525425 923851.356577 923851.3606115 923851.364646 923851.3686805 923851.3727150001 923851.3767495 923851.380784 923851.3848185 923851.3928875 923851.396922 923851.4009565 923851.404991 923851.4090255 923851.4130599999
458,923851.6228555,88.75900006387383,2650,2652,0.5335606162400528,0.6012480718715553,1.1584674033777844,0.9737739096517148,3d gaze,17.372620692662885,-38.374867137514286,273.10834964533404,923851.6228555 923851.62689 923851.6309245001 923851.634959 923851.6389935 923851.643028 923851.6470625 923851.651097 923851.6551315 923851.659166 923851.6632005 923851.6672350001 923851.6712695 923851.675304 923851.6793385 923851.683373 923851.6874075 923851.691442 923851.6954765 923851.699511 923851.7035455001 923851.70758 923851.7116145
459,923851.7196835,88.75949995126575,2652,2655,0.5142792363496301,0.5940395645211803,1.3613454118709867,0.9743103773697562,3d gaze,7.981016252969577,-33.10963763747169,247.74464816527495,923851.7196835 923851.723718 923851.7277525 923851.731787 923851.7358215 923851.7398560001 923851.743891 923851.7479255 923851.75196 923851.7559945 923851.760029 923851.7640635 923851.768098 923851.7721325 923851.776167 923851.7802015 923851.784236 923851.7882705 923851.792305 923851.7963395 923851.800374 923851.8044085 923851.808443
460,923851.985962,145.24250000249594,2660,2665,0.5322229226943958,0.5735332704334075,1.3923256904640413,0.9834840458792609,3d gaze,14.59878136385076,-27.316440969466015,238.19769640226798,923851.985962 923851.9899965 923851.994031 923851.9980655 923852.0021 923852.0061345 923852.010169 923852.0142035 923852.0182385 923852.022273 923852.0263075 923852.0303420001 923852.0343764999 923852.038411 923852.0424455 923852.04648 923852.0505145 923852.054549 923852.0585835 923852.062618 923852.0666525 923852.0706869999 923852.0747215 923852.078756 923852.0827905 923852.086825 923852.0908595 923852.094894 923852.0989285 923852.1029630001 923852.1069974999 923852.111032 923852.1150665 923852.119101 923852.1231355 923852.12717 923852.1312045
461,923852.135239,84.72550008445978,2665,2667,0.5389844141349175,0.5531283079009213,1.4557694101762866,0.9616837772456083,3d gaze,18.43509709224997,-24.487213233229955,255.080759683883,923852.135239 923852.1392735 923852.1433079999 923852.1473425 923852.1513775 923852.1554125 923852.1594465 923852.163481 923852.167516 923852.1715505 923852.175585 923852.1796195 923852.183654 923852.1876885 923852.191723 923852.1957575 923852.199792 923852.2038265 923852.207861 923852.2118955 923852.21593 923852.2199645
462,923852.223999,165.41499993763864,2667,2672,0.5465764941508005,0.5625139837733638,1.455269767135702,0.9783414758741855,3d gaze,20.109114525429582,-24.856263705192337,237.0609625257194,923852.223999 923852.2280335 923852.232068 923852.2361025 923852.240137 923852.2441715 923852.248206 923852.2522405 923852.256275 923852.2603095 923852.2683785 923852.272413 923852.280482 923852.2845165 923852.288551 923852.2925855 923852.29662 923852.300655 923852.3046895 923852.308724 923852.3127585 923852.316793 923852.3208275 923852.324862 923852.3288964999 923852.332931 923852.3369655 923852.341 923852.3450345 923852.349069 923852.3531035 923852.357138 923852.3611725001 923852.3652069999 923852.3692415 923852.373276 923852.3773105 923852.381345 923852.3853795 923852.389414
463,923852.486243,96.82850004173815,2675,2678,0.547678462057782,0.5473733218775635,1.3823151753120417,0.9729387350380421,3d gaze,21.379184987694448,-22.441888379901894,247.5536749205746,923852.486243 923852.4902775 923852.4983465 923852.502381 923852.5064155001 923852.51045 923852.5144845 923852.518519 923852.5225535 923852.526588 923852.5306225 923852.534657 923852.5386915 923852.542726 923852.5467605 923852.550795 923852.5548295 923852.558864 923852.5628985 923852.566933 923852.5709675 923852.575002 923852.5790365001 923852.5830715001
464,923852.6314855,96.82899992913008,2680,2683,0.48558242342645924,0.5298367551083303,1.3760059501694804,0.97820157289505,3d gaze,-2.3281815925463336,-12.15551973225293,163.37923265558342,923852.6314855 923852.63552 923852.6395545 923852.643589 923852.6476235 923852.651658 923852.6556925001 923852.6597269999 923852.6637615 923852.667796 923852.6718305 923852.675865 923852.6798995 923852.683934 923852.6879685 923852.6920030001 923852.6960375 923852.7000725 923852.704107 923852.7081415 923852.712176 923852.7162105 923852.7202455 923852.72428 923852.7283145
465,923852.8332115,92.79400005470961,2686,2688,0.48834522464908875,0.5391975517649228,1.4899154111682855,0.985326757033666,3d gaze,-1.7594256360870293,-14.604614377588886,176.28284299196824,923852.8332115 923852.8372460001 923852.8412804999 923852.845315 923852.8493495 923852.853384 923852.8574185 923852.861453 923852.865488 923852.8695225 923852.873557 923852.8775915001 923852.8816259999 923852.8856605 923852.889695 923852.8937295 923852.897764 923852.9017985 923852.905833 923852.9098675 923852.9139020001 923852.9179364999 923852.921971 923852.9260055
466,923853.2770090001,88.75949995126575,2699,2702,0.4935719094931854,0.5838613172353262,1.374444327215651,0.9810786273168481,3d gaze,-0.3322618436892449,-27.932085294971227,224.4375827637245,923853.2770090001 923853.2810434999 923853.285078 923853.2891125 923853.2931475 923853.297182 923853.3012165 923853.305251 923853.3092855 923853.31332 923853.3173545001 923853.3213889999 923853.3254235 923853.329458 923853.3334925 923853.337527 923853.3415615 923853.3455960001 923853.3496305 923853.3536650001 923853.3576994999 923853.361734 923853.3657685
467,923853.3899755001,80.69049997720867,2702,2705,0.5063974505380713,0.5738759771733708,1.2756528275186987,0.9720268334661212,3d gaze,4.2870305143826934,-25.783105059628074,224.04735674155768,923853.3899755001 923853.3940099999 923853.3980445 923853.402079 923853.4061135 923853.410148 923853.4141825 923853.4182170001 923853.4222520001 923853.4262865 923853.430321 923853.4343554999 923853.43839 923853.4424245 923853.446459 923853.4504935 923853.454528 923853.4585625001 923853.462597 923853.4666315 923853.470666
468,923854.5277104999,121.03600008413196,2736,2740,0.5217699405254276,0.4567022984090516,1.2201710400313848,0.9622504288150419,3d gaze,10.192120098906033,-1.8229670847324706,231.57535067477576,923854.5277104999 923854.531745 923854.5357794999 923854.539814 923854.5438485 923854.547883 923854.5519175 923854.555952 923854.559987 923854.5640215001 923854.5680559999 923854.5720905 923854.576125 923854.5801595 923854.584194 923854.5882285 923854.5922630001 923854.5962975 923854.6003320001 923854.6043664999 923854.608401 923854.6124354999 923854.61647 923854.6205045 923854.624539 923854.6285735001 923854.632608 923854.636643 923854.6406775 923854.6447119999 923854.6487465
469,923854.8343345,137.1739999158308,2745,2749,0.512437801025429,0.5976467196480759,1.4497763540692166,0.9868056578295571,3d gaze,6.998354380696517,-32.56045661740551,238.11567957562215,923854.8343345 923854.838369 923854.8424035 923854.846438 923854.8504725001 923854.854507 923854.8585415 923854.8625759999 923854.8666105 923854.8706449999 923854.8746795 923854.8787140001 923854.8827485 923854.8867830001 923854.8908175 923854.894852 923854.8988864999 923854.902921 923854.9069555 923854.91099 923854.9150245 923854.9190595001 923854.923094 923854.9271285001 923854.931163 923854.9351975 923854.9392319999 923854.9432665 923854.947301 923854.9513355 923854.95537 923854.9594045 923854.9634390001 923854.9674735 923854.9715084999
470,923855.2821665001,84.72449984401464,2759,2761,0.5258768405362424,0.7282781185655637,1.488437302099024,0.9728815934874795,3d gaze,12.38083887248015,-62.31209306420115,237.344077734806,923855.2821665001 923855.286201 923855.2902355001 923855.29427 923855.2983045001 923855.3023389999 923855.3063735 923855.3104079999 923855.3144425 923855.318477 923855.3225115 923855.3265460001 923855.3305805 923855.334615 923855.3386494999 923855.342684 923855.3467184999 923855.350753 923855.3547875001 923855.358822 923855.3628565001 923855.366891
471,923855.3870635,84.72550008445978,2762,2764,0.523988385246411,0.7495842343144823,1.41879592649241,0.9494796219197187,3d gaze,12.311833280567036,-70.82743485531658,249.35735831086143,923855.3870635 923855.391098 923855.3951325 923855.3991675 923855.4032020001 923855.4072365 923855.411271 923855.4153054999 923855.41934 923855.4233745 923855.427409 923855.4314435001 923855.435478 923855.4395125001 923855.443547 923855.4475815 923855.4516165 923855.4556509999 923855.4596855 923855.46372 923855.4677545 923855.4717890001
472,923855.6251005,104.89750001579523,2769,2772,0.55583039326388,0.7017018742477887,1.1534091384765235,0.9935668022544296,3d gaze,30.247166034634567,-70.42353570483327,297.1416181071275,923855.6251005 923855.629135 923855.6331694999 923855.637204 923855.6412384999 923855.645273 923855.6493075 923855.653342 923855.6573765001 923855.661411 923855.6654455 923855.6694799999 923855.6735145 923855.6775489999 923855.681584 923855.6856185 923855.6896530001 923855.6936875 923855.6977220001 923855.7017564999 923855.705791 923855.7098254999 923855.71386 923855.7178945 923855.721929 923855.7259635001 923855.729998
473,923855.9075170001,84.72499996423721,2777,2780,0.5092803352025868,0.7204212125463446,1.333707600393225,0.9809331677176736,3d gaze,6.4674266916356,-66.9307179682823,263.27642237057387,923855.9075170001 923855.9115515 923855.9155860001 923855.9196205 923855.923655 923855.9276894999 923855.931724 923855.9357584999 923855.939793 923855.9438275001 923855.947862 923855.9518965001 923855.9559315001 923855.9599659999 923855.9640005 923855.9680349999 923855.9720695 923855.976104 923855.9801385 923855.9841730001 923855.9882075 923855.9922420001
474,923856.2585205,80.69049986079335,2788,2790,0.5189298987276223,0.5872497564116896,1.4699658980024237,0.9593111290818169,3d gaze,7.388494615548332,-23.575120109341707,185.5197149625967,923856.2585205 923856.2625549999 923856.2665895 923856.2706240001 923856.2746585 923856.2786930001 923856.2827280001 923856.2867625 923856.2907964999 923856.294831 923856.298866 923856.3029004999 923856.306935 923856.3109695001 923856.315004 923856.3190385001 923856.323073 923856.3271075 923856.3311419999 923856.3351765 923856.3392109999
475,923856.3755214999,129.1045001707971,2791,2795,0.48616613467447023,0.595405185194293,1.4144001533631942,0.9927490859320669,3d gaze,-2.0155535327633864,-20.182685866863675,149.72080695504135,923856.3755214999 923856.379556 923856.3835905001 923856.387625 923856.39166 923856.3956945001 923856.3997289999 923856.4037635 923856.4077979999 923856.4118325 923856.4158669999 923856.4199015 923856.4239360001 923856.4279705 923856.4320050001 923856.4360394999 923856.440074 923856.4441084999 923856.448143 923856.4521775 923856.456212 923856.4602465001 923856.464281 923856.4683155001 923856.4723499999 923856.4763845 923856.4804189999 923856.4844535 923856.4884879999 923856.4925225 923856.4965570001 923856.5005915 923856.5046260001
476,923856.5086604999,100.86350003257394,2795,2798,0.48161381923276425,0.5920527198466032,1.4048972814595078,0.9951562732458115,3d gaze,-2.9627141754037214,-18.643470396276882,141.55256137880235,923856.5086604999 923856.512695 923856.5167294999 923856.5207644999 923856.524799 923856.5288335001 923856.532868 923856.5369025001 923856.540937 923856.5449715 923856.5490065 923856.5530409999 923856.5570755 923856.5611099999 923856.5651445 923856.5691790001 923856.5732135 923856.5772480001 923856.5812825 923856.585317 923856.5893514999 923856.593386 923856.5974205 923856.601455 923856.6054895001 923856.609524
477,923856.6135585001,84.72499996423721,2798,2801,0.4968810916926824,0.5934630581677669,1.2094411438908814,0.9834170504049822,3d gaze,0.5607637978647189,-19.337352048380993,145.39099327581343,923856.6135585001 923856.617593 923856.6216275 923856.6256619999 923856.6296965 923856.6337309999 923856.6377655 923856.6418000001 923856.6458345 923856.6498690001 923856.6539035 923856.657938 923856.6619724999 923856.6660074999 923856.670042 923856.6740765 923856.678111 923856.6821455001 923856.68618 923856.6902145001 923856.6942489999 923856.6982835
478,923856.7063525,153.31199998036027,2801,2806,0.4781322061622744,0.589900979465582,1.448123618886789,0.9766755883510296,3d gaze,-3.686789066940903,-17.98391622194935,138.61920835527047,923856.7063525 923856.710387 923856.7144215 923856.7184560001 923856.7224905 923856.7265250001 923856.7305594999 923856.734594 923856.7386284999 923856.742663 923856.7466975 923856.750732 923856.7547665001 923856.758801 923856.7628355001 923856.7668699999 923856.7709045 923856.7749389999 923856.7789735 923856.783008 923856.7870425 923856.7910770001 923856.7951115 923856.7991460001 923856.803181 923856.8072154999 923856.81125 923856.8152845 923856.819319 923856.8233535 923856.827388 923856.831423 923856.8354575001 923856.8394919999 923856.8435265 923856.8475609999 923856.8515955 923856.85563 923856.8596645
479,923857.077528,80.69100009743124,2812,2815,0.5591105521711844,0.5917040491419175,1.4795101217484685,0.9645942790167672,3d gaze,25.835682292614244,-32.28425366065899,244.59846039785415,923857.077528 923857.0815625 923857.0855970001 923857.0896315 923857.0936665 923857.097701 923857.1017354999 923857.10577 923857.1098045 923857.1138395 923857.117874 923857.1219085001 923857.125943 923857.1299775001 923857.1340119999 923857.1380465 923857.1420809999 923857.1461155 923857.15015 923857.1541845 923857.1582190001
480,923857.300838,104.89800001960248,2819,2822,0.4706475163893034,0.5075410226275773,1.27936659608934,0.9413866243133295,3d gaze,-29.71292076753582,-41.661042576389384,770.0316967001455,923857.300838 923857.357321 923857.405736
481,923858.0135375,80.69049986079335,2840,2843,0.5175964619603349,0.6087148764366661,1.3197352797859352,0.9982730519203913,3d gaze,7.527368844097305,-29.423745206981877,199.73359047442045,923858.0135375 923858.0175719999 923858.0216065 923858.025641 923858.0296755 923858.03371 923858.0377445 923858.0417790001 923858.0458135 923858.049848 923858.0538824999 923858.057917 923858.0619515 923858.065986 923858.070021 923858.0740555 923858.07809 923858.0821245001 923858.0861589999 923858.0901935 923858.0942279999
482,923858.3685755,80.69000008981675,2851,2853,0.5691854542309049,0.5996486173711515,1.380202514170267,0.9710248254594349,3d gaze,31.569198481074448,-36.034870787877935,258.0150192722408,923858.3685755 923858.37261 923858.3766445001 923858.3806789999 923858.3847135 923858.388748 923858.3927825 923858.396817 923858.4008515 923858.404886 923858.4089205 923858.4129550001 923858.4169894999 923858.421024 923858.4250585 923858.429093 923858.4331275 923858.437162 923858.4411965 923858.445231 923858.4492655001
483,923858.5057495,80.68999997340143,2855,2857,0.565860260882309,0.5964960240005671,1.1951299335319052,0.9656665069716317,3d gaze,31.24611587880541,-36.57232008916308,267.6874547013793,923858.5057495 923858.509784 923858.5138185 923858.517853 923858.5218875001 923858.525922 923858.5299565 923858.533991 923858.5380255 923858.54206 923858.5460945 923858.550129 923858.5541635 923858.5581980001 923858.5622325 923858.566267 923858.5703014999 923858.574336 923858.5783705 923858.582405 923858.5864395
484,923858.828511,104.89749989937991,2865,2868,0.510968960868888,0.5663163116739028,1.3956292021324865,0.9592532338919463,3d gaze,9.322024766239464,-38.007104665925105,352.1821009201181,923858.828511 923858.8325455 923858.83658 923858.8406145 923858.844649 923858.8486835 923858.8527180001 923858.8567524999 923858.860787 923858.8648215 923858.868856 923858.8728905 923858.876925 923858.8809595 923858.884994 923858.8890285001 923858.8930629999 923858.8970975 923858.901132 923858.9051665 923858.909201 923858.9132355 923858.91727 923858.9213045 923858.9253395 923858.929374 923858.9334084999
485,923858.937443,104.89700001198798,2868,2871,0.5138369398939148,0.5724965888908231,1.4562914891579812,0.9657950522723021,3d gaze,11.258052756460234,-41.47058070823898,362.85621065390393,923858.937443 923858.9414775 923858.945512 923858.9495465 923858.953581 923858.9576155 923858.96165 923858.9656845 923858.969719 923858.9737535 923858.977788 923858.9818225 923858.985857 923858.9898915 923858.993926 923858.9979605 923859.001995 923859.0060294999 923859.010064 923859.0140985 923859.018133 923859.0221675 923859.026202 923859.0302365 923859.034271 923859.0383055 923859.04234
486,923859.148646,193.6570000834763,2874,2880,0.46680031320192567,0.5223998025624544,1.4890814126158192,0.9277513327695183,3d gaze,-35.01610754023765,-52.75923126302633,778.9253128483775,923859.148646 923859.156715 923859.342303
487,923859.55069,80.69100009743124,2886,2889,0.35640062128383226,0.4382623653103931,1.4356316565630498,0.9827922043346223,3d gaze,-63.11734187786247,2.456273006816426,277.1931921247651,923859.55069 923859.5547245 923859.558759 923859.5627935 923859.566828 923859.5708625 923859.574897 923859.5789315 923859.5829665 923859.5870010001 923859.5910354999 923859.59507 923859.5991045 923859.603139 923859.6071735 923859.611208 923859.6152425 923859.619277 923859.6233115001 923859.6273465 923859.631381
488,923859.6676914999,96.82850004173815,2890,2892,0.3449813852033357,0.4599667471361864,1.4650692317364178,0.9983509719371796,3d gaze,-59.43498186322273,-2.6562654559049013,239.99526114291413,923859.6676914999 923859.671726 923859.6757605 923859.679795 923859.6838295 923859.687864 923859.6918985 923859.695933 923859.6999675 923859.704002 923859.7080365 923859.712071 923859.7161055 923859.72014 923859.7241745 923859.728209 923859.7322435 923859.736278 923859.7403124999 923859.744347 923859.7483815 923859.752416 923859.7564505 923859.760485 923859.76452
489,923859.7846925,165.4154999414459,2893,2898,0.3411529516252787,0.447084648999049,1.471088088129335,0.9900139428320385,3d gaze,-72.41793586094286,0.2252195832893808,284.56990204029296,923859.7846925 923859.788727 923859.7927615 923859.796796 923859.8008305 923859.804865 923859.8088994999 923859.812934 923859.8169685 923859.821003 923859.8250375 923859.829072 923859.8331065 923859.837141 923859.8411755 923859.8452099999 923859.8492445 923859.853279 923859.8573135 923859.861348 923859.865383 923859.8694175 923859.873452 923859.8774865 923859.8815210001 923859.8855554999 923859.88959 923859.8936245 923859.897659 923859.9016935 923859.905728 923859.909763 923859.9137975 923859.917832 923859.9218665 923859.925901 923859.9299355 923859.93397 923859.9380045 923859.942039 923859.9460735 923859.950108
490,923859.990453,88.75950006768107,2899,2902,0.34558816287522937,0.4243839160546487,1.1661534104156273,0.9904296398162842,3d gaze,-63.884204123560615,5.701357513104168,259.05479452340165,923859.990453 923859.9944875 923859.998522 923860.0025565 923860.006591 923860.0106255 923860.01466 923860.0186945 923860.022729 923860.0267635 923860.030798 923860.0348325 923860.038867 923860.0429015 923860.0469365 923860.050971 923860.0550055 923860.05904 923860.0630745 923860.0671089999 923860.0711435 923860.075178 923860.0792125
491,923860.083247,92.79400005470961,2902,2905,0.3348617073474187,0.43900808608334824,1.4994197085774956,0.995943749944369,3d gaze,-64.64261188998208,2.0278636388244835,243.5826338527078,923860.083247 923860.0872815 923860.091316 923860.0953505 923860.099385 923860.1034194999 923860.107454 923860.1114885 923860.115523 923860.1195575 923860.123592 923860.1276265 923860.131661 923860.1356955001 923860.13973 923860.1437645 923860.1477995 923860.151834 923860.1558685 923860.159903 923860.1639375 923860.167972 923860.1720065 923860.176041
492,923860.252697,84.72499996423721,2907,2910,0.350523498565751,0.48475169231285326,1.4769689338932774,1.0,3d gaze,-75.83726852383579,-10.870299984368089,318.4567471958613,923860.252697 923860.2567315 923860.260766 923860.2648005 923860.268835 923860.2728695 923860.276904 923860.2809385 923860.284973 923860.2890075 923860.293042 923860.2970765 923860.301111 923860.3051455 923860.30918 923860.3132145 923860.317249 923860.3212835 923860.325318 923860.329353 923860.3333875 923860.337422
493,923860.490734,88.7589999474585,2914,2917,0.38837440001405754,0.462830786565381,1.195122080032641,0.9851371257201486,3d gaze,-79.40665845031424,-6.2041876140564804,458.14535972242555,923860.490734 923860.4947685 923860.498803 923860.5028375 923860.5068719999 923860.5109065 923860.514941 923860.5189755 923860.52301 923860.5270445 923860.531079 923860.5351135 923860.539148 923860.5431824999 923860.547217 923860.5512515 923860.555286 923860.5593205 923860.563355 923860.5673895 923860.571424 923860.5754585 923860.5794929999
494,923860.716667,117.00100009329617,2921,2924,0.37779373387639315,0.43711107230919966,1.364312916391175,0.9844410955905915,3d gaze,-58.15498035235116,3.0384101729240425,304.03074316119165,923860.716667 923860.7207015 923860.724736 923860.7287705 923860.732805 923860.7368395 923860.740874 923860.7449085 923860.748943 923860.7529775 923860.7570125 923860.7610470001 923860.7650815 923860.769116 923860.7731505 923860.777185 923860.7812195 923860.785254 923860.7892885 923860.793323 923860.7973575 923860.8013919999 923860.8054265 923860.809461 923860.8134955 923860.81753 923860.8215645 923860.825599 923860.8296335 923860.8336680001
495,923860.8377025,169.44999992847443,2925,2930,0.365317926167923,0.45351222984682776,1.4142263897401504,0.982385769832966,3d gaze,-67.4047146793274,-1.576549123574471,317.1067853516826,923860.8377025 923860.841737 923860.8457715 923860.849806 923860.8538405 923860.857875 923860.8619095 923860.865944 923860.8699785 923860.8740129999 923860.8780475 923860.882082 923860.8861165 923860.890151 923860.894186 923860.8982205 923860.902255 923860.9062895 923860.910324 923860.9143585 923860.918393 923860.9224275 923860.926462 923860.9304965 923860.934531 923860.9385655 923860.9426 923860.9466345 923860.950669 923860.9547035 923860.958738 923860.962773 923860.9668075 923860.970842 923860.9748765 923860.978911 923860.9829454999 923860.98698 923860.9910145 923860.995049 923860.9990835 923861.003118 923861.0071525
496,923861.011187,84.72500008065253,2930,2932,0.36198917359410054,0.4419267930495241,0.9044145444940691,0.9940708564086393,3d gaze,-70.30026723156847,1.8300668122906858,322.2664021024356,923861.011187 923861.0152215 923861.0192559999 923861.0232905 923861.027325 923861.0313595 923861.035394 923861.039429 923861.0434635 923861.047498 923861.0515325 923861.055567 923861.0596014999 923861.063636 923861.0676705 923861.071705 923861.0757395 923861.079774 923861.0838085 923861.087843 923861.0918775001 923861.095912
497,923861.0999465,117.00099997688085,2932,2936,0.3685773524325837,0.4495349142967237,1.2173612450636229,0.9809534738461176,3d gaze,-68.38913726327678,-0.45166967334072017,330.73460039427977,923861.0999465 923861.103981 923861.1080155 923861.11205 923861.1160845 923861.120119 923861.1241535 923861.1281880001 923861.1322224999 923861.136257 923861.1402915 923861.144326 923861.1483605 923861.152395 923861.1564295 923861.160464 923861.1644985001 923861.168533 923861.1725675 923861.1766025 923861.180637 923861.1846715 923861.188706 923861.1927405 923861.1967750001 923861.2008095 923861.204844 923861.2088785 923861.212913 923861.2169475
498,923861.366225,92.79399993829429,2940,2943,0.5176306131304135,0.5839482663972757,1.4891342106545709,0.9833199083805084,3d gaze,6.346812849398639,-20.935833909344364,168.66584250088277,923861.366225 923861.3702595 923861.374294 923861.3783285 923861.382363 923861.3863975 923861.3904319999 923861.3944665 923861.398501 923861.4025355 923861.40657 923861.4106045 923861.414639 923861.4186735 923861.422708 923861.4267425 923861.430777 923861.4348115 923861.438846 923861.4428805 923861.446915 923861.4509495 923861.454984 923861.459019
499,923861.5477785,80.69049997720867,2946,2948,0.532214730562596,0.5984247796244813,1.4039482239266612,0.9723289935361772,3d gaze,12.05453129002543,-27.076953046707704,196.45591388483206,923861.5477785 923861.551813 923861.5558475 923861.559882 923861.5639165 923861.5679510001 923861.5719855 923861.57602 923861.5800545 923861.584089 923861.5881235 923861.592158 923861.596193 923861.6002275001 923861.604262 923861.6082965 923861.612331 923861.6163655 923861.6204 923861.6244345 923861.628469
500,923862.1933019999,108.93149999901652,2965,2968,0.5357361562872869,0.5706348133843568,1.498186135840056,0.982788507427488,3d gaze,15.718778280060189,-26.322277169929887,234.72641213163828,923862.1933019999 923862.1973365 923862.201371 923862.2054055 923862.20944 923862.2134745 923862.217509 923862.2215435 923862.2255780001 923862.2296124999 923862.233647 923862.2376814999 923862.241716 923862.2457505 923862.249785 923862.2538195 923862.257854 923862.2618885001 923862.2659229999 923862.2699575 923862.273992 923862.2780265 923862.282061 923862.2860955 923862.29013 923862.2941645 923862.2981990001 923862.3022334999
501,923862.37889,96.82849992532283,2970,2973,0.5475474843453363,0.5970296917008588,1.477343591159019,0.9738291215896606,3d gaze,21.98355401108825,-34.766781081873134,254.1237981012808,923862.37889 923862.3829244999 923862.386959 923862.3909935 923862.395028 923862.3990625 923862.403097 923862.4071315001 923862.411166 923862.4152005 923862.419235 923862.4232695 923862.427304 923862.4313385 923862.435373 923862.4394075 923862.4434425 923862.4474770001 923862.4515114999 923862.455546 923862.4595805 923862.463615 923862.4676495 923862.471684 923862.4757185
502,923862.8362425,100.86300002876669,2984,2987,0.5204257736207574,0.5784488393199949,1.4765897994486081,0.9746354990280591,3d gaze,8.708908287503293,-24.61254346689565,206.48620139444148,923862.8362425 923862.840277 923862.8443115 923862.8483460001 923862.8523805 923862.856415 923862.8604494999 923862.864484 923862.8685185 923862.8725535 923862.876588 923862.8806225001 923862.884657 923862.8886915001 923862.8927259999 923862.8967605 923862.9007949999 923862.9048295 923862.908864 923862.9128985 923862.9169330001 923862.9209675 923862.9250020001 923862.9290364999 923862.933071 923862.9371055
503,923863.0339345001,121.03599985130131,2990,2994,0.532722788062703,0.5933229309689841,1.3183202618013217,0.9698467591116505,3d gaze,13.482415775642197,-28.855738050145334,216.8150440546701,923863.0339345001 923863.0379689999 923863.0420035 923863.0460379999 923863.0500725 923863.054107 923863.0581415 923863.0621760001 923863.0662105 923863.0702450001 923863.0742794999 923863.078314 923863.0823484999 923863.086383 923863.0904175 923863.094452 923863.0984865 923863.102521 923863.1065555001 923863.1105905001 923863.1146249999 923863.1186595 923863.122694 923863.1267285 923863.130763 923863.1347975 923863.1388320001 923863.1428665 923863.1469010001 923863.1509354999 923863.1549704999
504,923863.6391135,112.96699999365956,3008,3011,0.5222839730030061,0.5921245460722804,1.4930318489530896,0.9539273525106495,3d gaze,11.774858995339574,-34.185447687529816,259.09481835565606,923863.6391135 923863.643148 923863.6471825 923863.6512170001 923863.6552515 923863.6592860001 923863.6633204999 923863.667355 923863.6713894999 923863.675424 923863.6794585 923863.683493 923863.6875275 923863.691562 923863.6955965001 923863.6996315 923863.7036659999 923863.7077005 923863.7117355 923863.71577 923863.7198045 923863.7238390001 923863.7278735 923863.7319080001 923863.7359425 923863.739977 923863.7440114999 923863.748046 923863.7520805
505,923864.2725345,92.79400005470961,3027,3030,0.5168209585402834,0.5437558814254341,1.323021226890871,0.9730464369058609,3d gaze,9.596071525848076,-23.20459468912732,265.77186353250283,923864.2725345 923864.2765695 923864.280604 923864.2846385001 923864.288673 923864.2927075 923864.2967419999 923864.3007765 923864.304811 923864.3088455 923864.3128800001 923864.3169145 923864.3209490001 923864.3249835 923864.329018 923864.3330524999 923864.337087 923864.3411215 923864.345156 923864.3491905 923864.353225 923864.3572595001 923864.361294 923864.3653285
506,923864.405674,217.86449989303946,3031,3037,0.4698396020111911,0.5283615929833942,1.4923481277100923,0.9933581411838531,3d gaze,-10.043054553113913,-18.39988766020845,251.22181204636658,923864.405674 923864.4097084999 923864.4137435 923864.417778 923864.4218125 923864.425847 923864.4298815001 923864.433916 923864.4379505 923864.4419849999 923864.4460195 923864.4500539999 923864.4540885 923864.458123 923864.4621575 923864.4661920001 923864.4702265 923864.474261 923864.4782954999 923864.48233 923864.4863645 923864.490399 923864.4944335 923864.498468 923864.5025025001 923864.506537 923864.5105715 923864.5146059999 923864.5186405 923864.5226749999 923864.5267095 923864.530744 923864.5347785 923864.5388130001 923864.5428475 923864.546882 923864.5509164999 923864.5549514999 923864.5589865 923864.563021 923864.5670555 923864.57109 923864.5751245001 923864.579159 923864.5831935001 923864.5872279999 923864.5912625 923864.5952969999 923864.5993315 923864.603366 923864.6074005 923864.6114350001 923864.6154695 923864.6195040001 923864.6235384999
507,923864.627573,125.07049995474517,3038,3041,0.472655604439969,0.5224546927674961,1.131102462704336,0.9831619616597891,3d gaze,-9.755166927751425,-18.72457295950632,276.5728568898958,923864.627573 923864.6316075 923864.635642 923864.6396765 923864.643711 923864.6477455001 923864.65178 923864.6558145001 923864.6598489999 923864.6638835 923864.6679179999 923864.6719525 923864.675987 923864.6800215 923864.6840560001 923864.6880905 923864.6921250001 923864.69616 923864.700195 923864.7042294999 923864.708264 923864.7122985 923864.716333 923864.7203675 923864.724402 923864.7284365001 923864.7324709999 923864.7365055 923864.7405399999 923864.7445745 923864.748609 923864.7526435
508,923865.3094085,137.1740000322461,3058,3062,0.4666983952092713,0.5358451679201599,1.4102600607037474,0.9845928737095424,3d gaze,-9.523432522336654,-16.964543938150854,212.35845196456452,923865.3094085 923865.313443 923865.3174775001 923865.3215119999 923865.3255465 923865.3295809999 923865.3336155 923865.33765 923865.3416845 923865.3457190001 923865.3497535 923865.3537880001 923865.3578224999 923865.361857 923865.3658914999 923865.369926 923865.3739605 923865.377995 923865.3820295 923865.386064 923865.3900985001 923865.3941329999 923865.3981675 923865.4022019999 923865.406237 923865.4102715 923865.414306 923865.4183410001 923865.4223755 923865.4264100001 923865.4304445 923865.434479 923865.4385134999 923865.442548 923865.4465825
509,923865.450617,80.68999997340143,3062,3065,0.4721371247390934,0.5196438684435936,1.4930855596140387,0.9821461240450541,3d gaze,-8.105412668126744,-14.71828008796107,226.12549841417547,923865.450617 923865.4546515 923865.458686 923865.4627205001 923865.466755 923865.4707895 923865.4748239999 923865.4788585 923865.482893 923865.4869275 923865.4909620001 923865.4949965 923865.4990310001 923865.5030655 923865.5071 923865.5111344999 923865.515169 923865.5192035 923865.523238 923865.5272725 923865.531307
510,923865.5353415001,104.89799990318716,3065,3068,0.49119643094351345,0.5419524072908144,1.4541979160395113,0.9782378320340757,3d gaze,-1.3488197135695859,-22.073855887609533,257.99618357473094,923865.5353415001 923865.539376 923865.5434109999 923865.5474455 923865.5514799999 923865.5555149999 923865.5595495 923865.563584 923865.5676185 923865.5716530001 923865.5756875 923865.579722 923865.5837564999 923865.587791 923865.5918255 923865.59586 923865.5998945 923865.603929 923865.6079635001 923865.611998 923865.6160325 923865.6200669999 923865.6241015 923865.6281359999 923865.6321705 923865.636205 923865.6402395
511,923865.821793,100.86350003257394,3073,3076,0.5473449157466203,0.6158160901363401,1.3479396594331166,0.994648983845344,3d gaze,21.289890573212723,-38.011842325613735,246.17780278755941,923865.821793 923865.825828 923865.8298625001 923865.833897 923865.8379315 923865.8419659999 923865.8460009999 923865.8500355 923865.85407 923865.8581045 923865.8621390001 923865.8661735 923865.8702080001 923865.8742424999 923865.878277 923865.8823114999 923865.886346 923865.8903805 923865.894415 923865.8984495 923865.902484 923865.9065185001 923865.9105529999 923865.9145875 923865.9186219999 923865.9226565
512,923865.9831745,80.69049986079335,3078,3080,0.5630078864174056,0.6424366087063001,1.4862341287932124,0.9814996182918548,3d gaze,32.180562475873145,-51.417486939411766,285.5820391752637,923865.9831745 923865.9872089999 923865.9912439999 923865.9952785 923865.999313 923866.0033475 923866.0073820001 923866.0114165 923866.0154510001 923866.0194855 923866.02352 923866.0275544999 923866.031589 923866.0356235 923866.039658 923866.047727 923866.0517615001 923866.055796 923866.0598305 923866.0638649999
513,923866.1808665,96.8290000455454,3084,3087,0.5508663451111407,0.6511739422700232,1.4028784109266283,0.9898877370357514,3d gaze,27.016763390084098,-54.81161187005554,291.39536637018574,923866.1808665 923866.184901 923866.1889355 923866.19297 923866.1970045001 923866.201039 923866.2050735 923866.2091079999 923866.2131425 923866.2171769999 923866.2212115 923866.2252460001 923866.2292805 923866.2333150001 923866.2373495 923866.241384 923866.245419 923866.2494534999 923866.253488 923866.2575225 923866.261557 923866.2655915001 923866.269626 923866.273661 923866.2776955001
514,923866.4632834999,84.72499996423721,3092,3095,0.4604914700159998,0.5652684039119573,1.35598292741048,0.9740652712908658,3d gaze,-18.191430463070894,-35.4420395164546,330.2383731431033,923866.4632834999 923866.467318 923866.4713524999 923866.475387 923866.4794215 923866.483456 923866.4874905001 923866.491525 923866.4955595001 923866.4995939999 923866.5036285 923866.5076629999 923866.5116975 923866.515732 923866.5197665 923866.5238010001 923866.5278360001 923866.5318705 923866.535905 923866.5399394999 923866.543974 923866.5480084999
515,923866.552043,112.96649998985231,3095,3098,0.4728655006192112,0.5692964036271568,1.4963917952185846,0.9644302129745483,3d gaze,-12.749537263324202,-40.616245867574136,367.37702179959774,923866.552043 923866.556078 923866.5601125 923866.564147 923866.5681815001 923866.572216 923866.5762505 923866.5802849999 923866.5843195 923866.588354 923866.5923885 923866.5964230001 923866.6004575 923866.6044920001 923866.6085265 923866.612561 923866.6165954999 923866.62063 923866.6246645 923866.628699 923866.6327335 923866.636768 923866.6408025001 923866.6448369999 923866.6488715 923866.6529059999 923866.6569405 923866.660975 923866.6650095
516,923866.705355,80.690500093624,3100,3102,0.4667789826468776,0.5568532508688475,1.462630541953426,0.9781803971245175,3d gaze,-15.313629812961226,-34.28484753453751,344.1431482633016,923866.705355 923866.70939 923866.7134245001 923866.717459 923866.7214935 923866.7255279999 923866.7295625 923866.7335969999 923866.7376315 923866.7416660001 923866.7457005 923866.7497350001 923866.7537695 923866.757804 923866.7618384999 923866.765873 923866.7699075 923866.773942 923866.7779765 923866.782011 923866.7860455001
517,923866.9958415,96.82849992532283,3108,3111,0.4364587375624167,0.6597946240892935,1.457910686617911,0.9948269128799438,3d gaze,-24.86848702702991,-51.045133251094846,260.11634792040735,923866.9958415 923866.999876 923867.0039105001 923867.007945 923867.0119795001 923867.0160139999 923867.0200485 923867.0240829999 923867.0281175 923867.032152 923867.0361865 923867.0402210001 923867.0442555 923867.0482900001 923867.0523244999 923867.056359 923867.0603935 923867.064428 923867.0684625 923867.072497 923867.0765315001 923867.080566 923867.0846005001 923867.0886349999 923867.0926699999
518,923867.0967045,100.86299991235137,3111,3114,0.4439606851701924,0.6768496560178254,1.3897770557973914,0.9979428052902222,3d gaze,-20.77896886037922,-52.919310921134425,248.9478378515337,923867.0967045 923867.100739 923867.1047735 923867.108808 923867.1128425 923867.1168770001 923867.1209115 923867.124946 923867.1289804999 923867.133015 923867.13705 923867.1410845 923867.145119 923867.1491535 923867.153188 923867.1572225001 923867.1612569999 923867.1652915 923867.1693259999 923867.1733605 923867.177395 923867.1814295 923867.1854640001 923867.1894985 923867.1935330001 923867.1975674999
519,923867.2379129999,161.38100007083267,3115,3120,0.4258918438928525,0.6855062123319451,1.3593984429329762,0.9988122204454933,3d gaze,-32.39506490893211,-63.0512840498572,284.6684119213337,923867.2379129999 923867.2419475 923867.2459819999 923867.2500165 923867.254051 923867.2580855 923867.2621200001 923867.2661545 923867.2701890001 923867.2742234999 923867.278258 923867.282293 923867.2863275 923867.290362 923867.2943965 923867.298431 923867.3024655001 923867.3065 923867.3105345 923867.3145689999 923867.3186035 923867.322638 923867.3266725 923867.3307070001 923867.3347415 923867.3387760001 923867.3428105 923867.346845 923867.3508794999 923867.354914 923867.3589485 923867.362983 923867.3670175 923867.371052 923867.375087 923867.3791215001 923867.3831559999 923867.3871905 923867.3912249999 923867.3952595 923867.399294
520,923867.4033285,80.690500093624,3120,3123,0.4381185266216941,0.6889444302991314,1.1071266382278089,0.999999151343391,3d gaze,-27.322810397620504,-65.73796881808049,292.82477296471745,923867.4033285 923867.4073630001 923867.4113975 923867.4154320001 923867.419467 923867.4235014999 923867.427536 923867.4315705 923867.435605 923867.4396395 923867.443674 923867.4477085001 923867.451743 923867.4557775 923867.4598119999 923867.4638465 923867.4678809999 923867.4719155 923867.47595 923867.4799845 923867.4840190001
521,923867.4880535,96.8290000455454,3123,3126,0.43399317400686543,0.6744532052677396,1.3554901250736338,0.9938750195503235,3d gaze,-29.737696606471044,-62.80509904183177,298.3419460659632,923867.4880535 923867.492088 923867.4961224999 923867.500157 923867.5041915 923867.508226 923867.512261 923867.5162955001 923867.52033 923867.5243645001 923867.528399 923867.5324335 923867.5364679999 923867.5405025 923867.544537 923867.5485715 923867.552606 923867.5566405 923867.5606750001 923867.5647100001 923867.5687444999 923867.572779 923867.5768135 923867.580848 923867.5848825
522,923867.588917,157.34650008380413,3126,3131,0.4194534065358829,0.6587841161794161,1.2652330451008715,0.997733274102211,3d gaze,-33.974001399987024,-53.762752773501475,274.25704343340186,923867.588917 923867.5929515001 923867.596986 923867.6010205001 923867.6050549999 923867.6090895 923867.6131239999 923867.6171585 923867.621193 923867.6252275 923867.6292620001 923867.6332965 923867.6373310001 923867.6413654999 923867.6454 923867.6494345 923867.653469 923867.657504 923867.6615385001 923867.665573 923867.6696075001 923867.673642 923867.6776765 923867.6817109999 923867.6857455 923867.68978 923867.6938145 923867.697849 923867.7018835 923867.7059180001 923867.7099525 923867.713987 923867.718022 923867.7220564999 923867.726091 923867.7301255 923867.73416 923867.7381945 923867.742229 923867.7462635001
523,923867.8753685,96.82849992532283,3135,3137,0.4195668708410871,0.6285053847019566,1.4058827709011315,0.9940501546859741,3d gaze,-32.59530121140784,-44.23492921942281,265.06136257748034,923867.8753685 923867.879403 923867.8834375 923867.887472 923867.8915065001 923867.895541 923867.8995755 923867.9036099999 923867.9076445 923867.911679 923867.9157135 923867.9197480001 923867.9237825 923867.9278170001 923867.9318515 923867.935886 923867.939921 923867.9439554999 923867.94799 923867.9520245 923867.956059 923867.9600935001 923867.964128 923867.9681625001 923867.9721969999
524,923868.0286805,161.38100007083267,3139,3144,0.41767093929673915,0.6707572406182644,1.3079520694774587,0.9928951472043991,3d gaze,-33.91068599390115,-55.36279698302344,266.8829040051736,923868.0286805 923868.032715 923868.0367495001 923868.040784 923868.0448185 923868.0488529999 923868.0528875 923868.0569219999 923868.0609565 923868.064991 923868.0690255 923868.0730600001 923868.0770950001 923868.0811295 923868.085164 923868.0891984999 923868.093233 923868.0972675 923868.101302 923868.1053365001 923868.109371 923868.1134055001 923868.11744 923868.1214745 923868.1255089999 923868.1295435 923868.133578 923868.1376125 923868.141647 923868.1456820001 923868.1497165 923868.1537510001 923868.1577854999 923868.1658544999 923868.169889 923868.1739235 923868.177958 923868.1819925001 923868.186027 923868.1900615001
525,923868.1940959999,177.51950002275407,3144,3149,0.4257120584766926,0.6665309569546609,1.4514121204087678,0.9944000403548396,3d gaze,-32.87178468109537,-58.77505675662605,289.47618095112057,923868.1940959999 923868.1981305 923868.2021649999 923868.2061995 923868.210234 923868.2142685 923868.2183030001 923868.2223380001 923868.2263725 923868.230407 923868.238476 923868.2425104999 923868.246545 923868.2505795001 923868.254614 923868.2586485001 923868.262683 923868.2667175 923868.2707519999 923868.2747865 923868.278821 923868.282856 923868.2868905 923868.2909250001 923868.2949595 923868.3030284999 923868.307063 923868.3110974999 923868.315132 923868.3191665 923868.323201 923868.3272355 923868.33127 923868.3353045001 923868.3393389999 923868.3433735 923868.3474079999 923868.3514425 923868.355477 923868.359512 923868.3635465 923868.3675810001 923868.3716155
526,923868.3756500001,125.06999995093793,3149,3153,0.41472200653468344,0.6814231771821185,1.3090869589256828,0.9946415828120324,3d gaze,-39.91993007718572,-65.73581405641129,301.31707919878636,923868.3756500001 923868.3796844999 923868.383719 923868.3877534999 923868.391788 923868.3958225 923868.399857 923868.4038915001 923868.407926 923868.4119605001 923868.4159949999 923868.4200295 923868.424064 923868.428099 923868.4321335 923868.4361680001 923868.4402025 923868.4442370001 923868.4482715 923868.452306 923868.4563404999 923868.4644094999 923868.468444 923868.4724785 923868.476513 923868.4805475001 923868.484582 923868.4886165 923868.4926509999 923868.4966855 923868.50072
527,923868.553169,96.8290000455454,3155,3158,0.42536429690336935,0.6055043379257072,1.3994046405194505,0.987705135345459,3d gaze,-27.32342983457703,-35.04879307516208,241.54963013394195,923868.553169 923868.5572035001 923868.5612379999 923868.5652725 923868.5693069999 923868.5733419999 923868.5773765 923868.581411 923868.5854455 923868.5894800001 923868.5935145 923868.597549 923868.6015834999 923868.605618 923868.6096525 923868.613687 923868.6177215 923868.621756 923868.6257905001 923868.629825 923868.6338595 923868.6378939999 923868.6419289999 923868.6459635 923868.649998
528,923868.6540325,80.690500093624,3158,3160,0.4438019327352817,0.6100622572175239,1.4967316466795313,0.9898322139467511,3d gaze,-21.982640054714906,-39.59093108280091,265.8065977180791,923868.6540325 923868.658067 923868.6621015 923868.6661360001 923868.6701705 923868.674205 923868.6782394999 923868.682274 923868.6863085 923868.690343 923868.6943775001 923868.698412 923868.7024465001 923868.706481 923868.7105155 923868.7145499999 923868.7185849999 923868.7226195 923868.726654 923868.7306885 923868.7347230001
529,923868.7387575,80.690500093624,3160,3163,0.4541893912160003,0.6145485623238469,1.438578766880505,0.9926837285359701,3d gaze,-16.928908152923107,-39.53422712109142,258.25102047871496,923868.7387575 923868.7427920001 923868.7468264999 923868.750861 923868.7548955 923868.75893 923868.7629645 923868.766999 923868.7710335001 923868.775068 923868.7791025001 923868.7831369999 923868.7871719999 923868.7912065 923868.795241 923868.7992755 923868.80331 923868.8073445 923868.8113790001 923868.8154135 923868.819448
530,923868.851724,145.2430000063032,3164,3168,0.4508354689866419,0.6353407633459609,1.2702668698901982,0.9940061472557686,3d gaze,-17.004624822278767,-41.135643272919225,238.21760028587198,923868.851724 923868.8557589999 923868.8597935 923868.8638279999 923868.8678625 923868.871897 923868.8759315 923868.8799660001 923868.8840005 923868.8880350001 923868.8920694999 923868.896104 923868.9001384999 923868.904173 923868.9082075 923868.912242 923868.9162765 923868.920311 923868.924346 923868.9283805001 923868.9324149999 923868.9364495 923868.940484 923868.9445185 923868.948553 923868.9525875 923868.9566220001 923868.9606565 923868.9646910001 923868.9687254999 923868.97276 923868.9767944999 923868.980829 923868.9848635 923868.988898 923868.9929325001 923868.996967
531,923869.2188665001,92.79399993829429,3175,3177,0.4609039473133534,0.6383774047492624,1.486334451861957,0.9968146209915479,3d gaze,-15.574467876215047,-49.577103081778375,282.58526384700764,923869.2188665001 923869.222901 923869.2269355 923869.2309699999 923869.2350045 923869.239039 923869.2430735 923869.247108 923869.2511425 923869.2551770001 923869.2592115 923869.263246 923869.2672804999 923869.271315 923869.2753495 923869.279384 923869.283419 923869.2874535001 923869.291488 923869.2955225001 923869.2995569999 923869.3035915 923869.3076259999 923869.3116605
532,923869.4286615001,108.9324998902157,3181,3184,0.44401503829253536,0.6210610170613737,1.4651028469333738,0.9888874739408493,3d gaze,-20.994992942478486,-40.49098581739444,253.96871375676048,923869.4286615001 923869.432696 923869.436731 923869.4407655001 923869.4447999999 923869.4488345 923869.4528689999 923869.4569035 923869.460938 923869.4649725 923869.4690070001 923869.4730415 923869.4770760001 923869.4811104999 923869.485145 923869.48918 923869.4932144999 923869.497249 923869.5012835 923869.505318 923869.5093525001 923869.513387 923869.5174215001 923869.5214559999 923869.5254905 923869.529525 923869.5335595 923869.537594
533,923869.5416285,181.55350000597537,3184,3190,0.44785092655479913,0.6131138276836599,1.462869500959304,0.9962854476078696,3d gaze,-17.9633590323846,-35.7777530194492,235.91592623969228,923869.5416285 923869.5456630001 923869.5496975 923869.5537320001 923869.5577664999 923869.561801 923869.5658354999 923869.56987 923869.573905 923869.5779395 923869.581974 923869.5860085001 923869.590043 923869.5940775 923869.5981119999 923869.6021465 923869.606181 923869.6102155 923869.6142500001 923869.6182845 923869.6223190001 923869.6263540001 923869.6303884999 923869.634423 923869.6384574999 923869.642492 923869.6465265 923869.650561 923869.6545955001 923869.65863 923869.6626645001 923869.6666989999 923869.6707335 923869.6747679999 923869.6788025 923869.682837 923869.6868715 923869.6909060001 923869.6949405 923869.6989750001 923869.7030094999 923869.707044 923869.7110784999 923869.715113 923869.7191475 923869.723182
534,923870.1669805,84.72500008065253,3203,3205,0.4018818342262019,0.5756021485660855,1.4189023727250656,0.9910674555735155,3d gaze,-39.42470465964721,-30.59052221864511,259.9189009853551,923870.1669805 923870.171015 923870.1750495001 923870.179084 923870.1831185 923870.1871529999 923870.1911879999 923870.1952225 923870.199257 923870.2032915 923870.2073260001 923870.2113605 923870.2153950001 923870.2194294999 923870.223464 923870.2274984999 923870.231533 923870.2355675 923870.239602 923870.2436365001 923870.247671 923870.2517055001
535,923870.2557399999,96.8290000455454,3206,3208,0.3976881699241153,0.5733368990886757,1.2942372076930733,0.9887972235679626,3d gaze,-47.04170916176663,-34.326858882925855,296.99083667136466,923870.2557399999 923870.2597745 923870.2638089999 923870.2678435 923870.271878 923870.2759125 923870.2799470001 923870.2839815 923870.2880160001 923870.2920504999 923870.296085 923870.30012 923870.3041545 923870.308189 923870.3122235 923870.316258 923870.3202925001 923870.324327 923870.3283615 923870.3323959999 923870.3364309999 923870.3404655 923870.3445 923870.3485345 923870.352569
536,923870.3566035,108.93200011923909,3209,3212,0.4084866905342855,0.5770479443838099,1.1576714397473642,0.9866617321968079,3d gaze,-45.62909439966485,-38.4930564595673,324.01683547418355,923870.3566035 923870.3606380001 923870.3646724999 923870.368707 923870.3727414999 923870.376776 923870.3808105 923870.384845 923870.3888795001 923870.392914 923870.3969485001 923870.4009829999 923870.4050175 923870.4090519999 923870.4130865 923870.417121 923870.4211555 923870.42519 923870.4292245 923870.4332590001 923870.4372940001 923870.4413284999 923870.445363 923870.4493975 923870.453432 923870.4574665 923870.461501 923870.4655355001
537,923870.46957,121.03600008413196,3212,3216,0.42065214913147214,0.5853813418061573,1.4075966755166862,0.9979197325245026,3d gaze,-37.912582141275664,-39.61681864901547,313.65075818124427,923870.46957 923870.473605 923870.4776395 923870.4816739999 923870.4857085 923870.489743 923870.4937775 923870.497812 923870.5018465 923870.5058810001 923870.5099155 923870.51395 923870.5179844999 923870.522019 923870.5260534999 923870.530088 923870.5341225001 923870.538157 923870.5421915001 923870.546226 923870.5502605 923870.5542949999 923870.5583295 923870.562364 923870.5663985 923870.570433 923870.5744675 923870.5785020001 923870.5825370001 923870.5865714999 923870.590606
538,923870.659193,88.75949995126575,3218,3220,0.40364822016490226,0.5765245986866077,1.4569427781880206,0.9943352937698364,3d gaze,-37.98333317859953,-30.24612355502116,255.26515863788828,923870.659193 923870.6632274999 923870.667262 923870.6712964999 923870.675331 923870.6793655 923870.6834 923870.6874345001 923870.691469 923870.6955035 923870.6995379999 923870.7035725 923870.707607 923870.7116415 923870.715676 923870.7197105 923870.7237450001 923870.7277795 923870.731814 923870.735849 923870.7398834999 923870.743918 923870.7479525
539,923870.751987,217.8645000094548,3220,3227,0.3926316595134633,0.5607652749074963,1.2206083203202134,0.9889357740228827,3d gaze,-38.28392883754103,-23.846240447827824,229.11366621281437,923870.751987 923870.756022 923870.7600565001 923870.764091 923870.7681255001 923870.7721599999 923870.7761945 923870.7802289999 923870.7842635 923870.788298 923870.7923325 923870.7963670001 923870.8004015 923870.8044360001 923870.8084704999 923870.812505 923870.8165394999 923870.820574 923870.8246085 923870.828643 923870.8326775001 923870.836712 923870.8407465001 923870.8447809999 923870.8488155 923870.8528499999 923870.8568845 923870.860919 923870.8649535 923870.8689880001 923870.8730230001 923870.8770575 923870.881092 923870.8851264999 923870.889161 923870.8931955 923870.89723 923870.901265 923870.9052995001 923870.909334 923870.9133685001 923870.9174029999 923870.9214375 923870.9254719999 923870.9295065 923870.933541 923870.9375755 923870.94161 923870.9456445 923870.9496790001 923870.9537134999 923870.957748 923870.9617824999 923870.965817 923870.9698515
540,923870.9900239999,117.0014999806881,3227,3231,0.4083633185497709,0.561206272639109,1.484379550098308,0.9915625075499217,3d gaze,-32.633763746568235,-24.158951762087646,231.92060363811254,923870.9900239999 923870.9940585 923870.9980929999 923871.0021275 923871.006162 923871.010197 923871.0142315 923871.0182660001 923871.0223005 923871.0263350001 923871.0303694999 923871.034404 923871.038439 923871.0424734999 923871.046508 923871.0505425001 923871.054577 923871.0586115001 923871.062646 923871.0666805 923871.0707149999 923871.0747495 923871.078784 923871.0828185 923871.086853 923871.0908875 923871.0949220001 923871.0989565 923871.102991 923871.1070254999
541,923871.11106,129.10500005818903,3231,3235,0.4110892641903911,0.5535952110919223,1.2718725413425314,0.9907300454197507,3d gaze,-31.496337741878236,-22.444172188001865,231.44937860018015,923871.11106 923871.1150944999 923871.119129 923871.1231635001 923871.127198 923871.1312325001 923871.135267 923871.1393015 923871.1433359999 923871.1473705 923871.151405 923871.1554395 923871.159474 923871.1635090001 923871.1675435 923871.1715780001 923871.175613 923871.1796474999 923871.183682 923871.1877164999 923871.191751 923871.1957855 923871.19982 923871.2038545001 923871.207889 923871.2119235 923871.2159579999 923871.2199925 923871.224027 923871.2280615 923871.232096 923871.2361305 923871.2401650001
542,923871.264372,129.10500005818903,3236,3239,0.4140408630126755,0.5681174392026643,1.4427866910107328,0.981800792795239,3d gaze,-33.97216710801733,-28.648967079226395,259.0626139731463,923871.264372 923871.2684065 923871.272441 923871.2764755001 923871.28051 923871.2845445 923871.2885789999 923871.2926135 923871.296648 923871.300683 923871.3047175 923871.3087520001 923871.3127865 923871.3168210001 923871.3208555 923871.32489 923871.328925 923871.3329594999 923871.336994 923871.3410285 923871.345063 923871.3490975001 923871.353132 923871.3571665001 923871.3612009999 923871.3652355 923871.3692699999 923871.3733045 923871.377339 923871.3813735 923871.3854080001 923871.3894425 923871.3934770001
543,923871.3975114999,88.76000007148832,3240,3242,0.40135419058839633,0.5598226055751134,0.919764692090509,0.9893310121867968,3d gaze,-35.366570870844015,-23.90796552257532,232.0228704316764,923871.3975114999 923871.401546 923871.4055804999 923871.409615 923871.4136495 923871.417684 923871.4217185001 923871.425753 923871.4297875001 923871.4338219999 923871.4378565 923871.4418909999 923871.4459259999 923871.4499605 923871.453995 923871.45803 923871.4620645 923871.4660990001 923871.4701334999 923871.474168 923871.4782024999 923871.482237 923871.4862715
544,923871.531833,80.69099998101592,3244,3246,0.4477361260549131,0.6756352930822692,1.4300520633740605,0.9707085544412787,3d gaze,-45.99545341542824,-125.99088636673758,596.2967018969867,923871.531833 923871.539902 923871.547971 923871.55604 923871.564109 923871.572178 923871.580247 923871.588316 923871.596385 923871.604454 923871.612524
545,923871.716239,88.759999955073,3249,3252,0.46144807126156706,0.6339442116719632,1.3615043885532305,0.9842732432095901,3d gaze,-11.546011505253459,-36.58749471611471,213.79801399740427,923871.716239 923871.7202735001 923871.724308 923871.7283429999 923871.7323775 923871.7364119999 923871.740447 923871.7444815 923871.748516 923871.7525505 923871.7565850001 923871.7606195 923871.764654 923871.7686884999 923871.772723 923871.7767574999 923871.780792 923871.7848265 923871.788861 923871.7928955001 923871.79693 923871.8009645 923871.8049989999
546,923871.8090335,80.69099998101592,3252,3254,0.4717329453213769,0.6431623616876523,1.218029668116351,0.9888545374075571,3d gaze,-8.118869793775994,-39.14974215766011,217.8221213024977,923871.8090335 923871.813068 923871.8171025 923871.821137 923871.8251715 923871.8292060001 923871.8332405 923871.837275 923871.8413094999 923871.845344 923871.8493784999 923871.853413 923871.8574475 923871.861482 923871.8655165001 923871.869551 923871.873586 923871.8776209999 923871.8816555 923871.8856899999 923871.8897245
547,923871.893759,201.72599994111806,3254,3260,0.46091971191330305,0.6350565583693997,1.4104784590995287,0.9975602369682461,3d gaze,-11.779835786117236,-36.94651959675176,214.4657865111022,923871.893759 923871.8977935 923871.9018280001 923871.9058625 923871.9098970001 923871.9139314999 923871.917966 923871.9220004999 923871.926035 923871.9300695 923871.934104 923871.9381385001 923871.942173 923871.9462075001 923871.9502419999 923871.9542765 923871.9583109999 923871.9623455 923871.96638 923871.9704145 923871.9744490001 923871.9784835 923871.9825180001 923871.9865524999 923871.990587 923871.9946214999 923871.998656 923872.0026905 923872.006725 923872.0107595001 923872.014794 923872.018829 923872.0228639999 923872.0268985 923872.0309329999 923872.0349675 923872.039002 923872.0430365 923872.047071 923872.0511055 923872.0551400001 923872.0591744999 923872.063209 923872.0672434999 923872.071278 923872.0753125 923872.079347 923872.0833815001 923872.087416 923872.0914505001 923872.0954849999
548,923872.1317954999,108.93250000663102,3262,3265,0.46316156124047875,0.6561656085251647,1.4606360336569904,0.9859030470252037,3d gaze,-12.444469570584628,-46.55931702500214,242.0121737815732,923872.1317954999 923872.13583 923872.1398644999 923872.143899 923872.1479335 923872.151968 923872.1560025001 923872.1600375001 923872.1640725001 923872.168107 923872.1721415 923872.1761759999 923872.1802105 923872.184245 923872.1882795 923872.192314 923872.1963485 923872.2003830001 923872.2044175 923872.208452 923872.2124864999 923872.216521 923872.2205554999 923872.22459 923872.2286245001 923872.232659 923872.2366935001 923872.240728
549,923872.305281,137.17350002843887,3267,3271,0.4686018279112075,0.6498675400697739,1.2311039424347945,0.9908000103064946,3d gaze,-11.672495931760674,-51.402454705431026,276.01446683303374,923872.305281 923872.3093155001 923872.31335 923872.3173845 923872.3214189999 923872.3254535 923872.329488 923872.3335225 923872.337557 923872.3415915 923872.3456260001 923872.3496605 923872.353695 923872.3577294999 923872.361764 923872.3657984999 923872.369833 923872.3738675 923872.377902 923872.3819365001 923872.385971 923872.3900055 923872.3940399999 923872.3980745 923872.402109 923872.4061435 923872.410178 923872.4142125 923872.4182470001 923872.4222815 923872.426316 923872.4303504999 923872.434385 923872.4384194999 923872.4424545
550,923872.446489,217.8645000094548,3271,3277,0.4576952904311512,0.6499141083726288,1.309257415364895,0.9978144196448503,3d gaze,-14.717728222135506,-45.51484663682206,244.14526408544185,923872.446489 923872.4505235001 923872.4545585001 923872.458593 923872.4626275001 923872.4666619999 923872.4706965 923872.4747309999 923872.4787655 923872.4828 923872.4868345 923872.4908690001 923872.4949035 923872.4989380001 923872.5029724999 923872.507007 923872.5110414999 923872.515076 923872.5191105 923872.523145 923872.5271795001 923872.531214 923872.5352485001 923872.5392829999 923872.5433175 923872.5473519999 923872.5513865 923872.555421 923872.5594555 923872.5634900001 923872.5675245 923872.5715590001 923872.5755934999 923872.579628 923872.5836624999 923872.5876975 923872.5917325 923872.595767 923872.5998015001 923872.603836 923872.6119049999 923872.6159395 923872.6199739999 923872.6240085 923872.628043 923872.6320775 923872.636112 923872.6401465 923872.6441810001 923872.6482154999 923872.65225 923872.6562844999 923872.660319 923872.6643535
551,923872.668388,217.86500001326203,3278,3284,0.4620844405683721,0.6421779724880946,1.4819250562672803,0.9888932190158151,3d gaze,-13.45051689640648,-45.501593737422795,254.22780138918736,923872.668388 923872.6724225001 923872.676457 923872.6804915001 923872.6845259999 923872.6885605 923872.6925949999 923872.6966295 923872.700664 923872.7046985 923872.7087330001 923872.7127675 923872.7168020001 923872.7208364999 923872.7248714999 923872.7289064999 923872.732941 923872.7369754999 923872.74101 923872.7450445001 923872.749079 923872.7531135001 923872.757148 923872.7611825 923872.7652169999 923872.7692515 923872.773286 923872.7773205 923872.781355 923872.7853895 923872.7894240001 923872.7934585 923872.797493 923872.8015274999 923872.805562 923872.8095964999 923872.813631 923872.8176655001 923872.8217 923872.8257345001 923872.829769 923872.8338035 923872.8378379999 923872.8418725 923872.845907 923872.8499415 923872.853976 923872.8580105 923872.8620450001 923872.8660795 923872.8701144999 923872.874149 923872.8781834999 923872.8822184999 923872.886253
552,923872.8902875,197.69150007050484,3284,3290,0.46193227820907573,0.6339536895535498,1.3401419644692565,0.9986066295176136,3d gaze,-13.266797004292616,-42.65339628045733,249.16568965239884,923872.8902875 923872.894322 923872.8983565001 923872.902391 923872.9064255 923872.9104599999 923872.9144945 923872.918529 923872.9225635 923872.926598 923872.9306325 923872.9346670001 923872.9387015 923872.942736 923872.9467704999 923872.9548395 923872.958874 923872.9629085001 923872.966943 923872.9709775001 923872.975012 923872.9790465 923872.9830809999 923872.9871155 923872.99115 923872.9951845 923872.999219 923873.0032535 923873.0072885 923873.0113230001 923873.0153575 923873.019392 923873.0234264999 923873.0274614999 923873.031496 923873.0355305 923873.039565 923873.0435995001 923873.047634 923873.0516685001 923873.0557029999 923873.0597375 923873.0637719999 923873.0678065 923873.071841 923873.0758755 923873.0799100001 923873.0839445 923873.0879790001
553,923873.1525315,88.75950006768107,3292,3295,0.47009604490141405,0.6366910965829754,1.4031381916883585,0.992414347150109,3d gaze,-11.38227089086096,-49.73772449272914,286.4125667625318,923873.1525315 923873.1565660001 923873.1606005 923873.1646354999 923873.16867 923873.1727044999 923873.176739 923873.1807735 923873.184808 923873.1888425001 923873.192877 923873.1969115001 923873.2009459999 923873.2049805 923873.2090149999 923873.2130495 923873.2211185 923873.2251530001 923873.2291875 923873.2332220001 923873.2372564999 923873.241291
554,923873.24936,189.6229999838397,3295,3301,0.453266995812422,0.6241519507386941,1.3757184594912417,0.9914146239558855,3d gaze,-16.161577668392596,-38.95005224309096,240.3692781208679,923873.24936 923873.2533945 923873.257429 923873.2614635001 923873.265498 923873.2695325001 923873.2735669999 923873.2776015 923873.2816359999 923873.2856705 923873.2897055 923873.2937400001 923873.2977745 923873.3018090001 923873.3058435 923873.3098785 923873.313913 923873.3179474999 923873.321982 923873.3260164999 923873.330051 923873.3340855001 923873.33812 923873.3421545001 923873.346189 923873.3502235 923873.3542579999 923873.3582925 923873.362327 923873.3663615 923873.370396 923873.3744305 923873.3784650001 923873.3824995 923873.386534 923873.3905684999 923873.394603 923873.3986374999 923873.402672 923873.4067065001 923873.410741 923873.4147755001 923873.41881 923873.4228445 923873.4268789999 923873.4309135 923873.4349485 923873.438983
555,923873.5721225,96.82850004173815,3305,3307,0.5084815260677671,0.5412354477167561,1.1969767962904283,0.9796332001686097,3d gaze,5.914990395685869,-22.163647914572447,261.27340154066906,923873.5721225 923873.5761569999 923873.5801915 923873.5842259999 923873.5882605 923873.5922955 923873.5963300001 923873.6003645 923873.6043990001 923873.6084334999 923873.612468 923873.6165024999 923873.620537 923873.6245715 923873.628606 923873.6326405001 923873.636675 923873.6407095001 923873.6447439999 923873.6487785 923873.6528129999 923873.6568475 923873.660882 923873.6649165 923873.6689510001
556,923873.6729855,84.72550008445978,3308,3310,0.5179209455922008,0.5546798541631301,1.4263017096274482,0.9827660095124018,3d gaze,11.097503296845261,-28.362923708028802,291.58798216659073,923873.6729855 923873.6770200001 923873.6810544999 923873.685089 923873.6891234999 923873.693158 923873.6971925 923873.701227 923873.7052615001 923873.7092965001 923873.713331 923873.7173655 923873.7213999999 923873.7254345 923873.7294689999 923873.7335035 923873.7375385 923873.7415730001 923873.7456075 923873.7496420001 923873.757711
557,923873.8020905,92.79450005851686,3311,3314,0.5369628078740661,0.6025796912462315,1.4504208694127347,0.9878882562572305,3d gaze,28.278550298782026,-57.98517505143859,408.7451807162179,923873.8020905 923873.806125 923873.8101595 923873.8141940001 923873.8182285 923873.8222630001 923873.8262974999 923873.830332 923873.8343664999 923873.838401 923873.8424355 923873.84647 923873.8505045001 923873.8545395001 923873.858574 923873.8666429999 923873.8706775 923873.8747119999 923873.882781 923873.8868155 923873.8908505 923873.8948850001
558,923873.958255,121.03600008413196,3316,3320,0.4798134897500131,0.48190826368468587,0.6321800057606324,0.876243749936271,3d gaze,-17.824510997961397,-23.016070772313345,749.8945437385934,923873.958255 923873.966324 923874.079291
559,923874.278165,84.72499996423721,3326,3328,0.4744016541073803,0.5412480400292252,1.4862518647263026,0.9897947094657205,3d gaze,-8.403118189854286,-21.906368825867546,257.676131485356,923874.278165 923874.2821995 923874.286234 923874.2902685 923874.294303 923874.2983375001 923874.302372 923874.3064065 923874.3104409999 923874.3144755 923874.3185105 923874.322545 923874.3265795 923874.3306140001 923874.3346485 923874.3386830001 923874.3427174999 923874.346752 923874.3507864999 923874.354821 923874.3588555 923874.36289
560,923874.4879605,80.690500093624,3332,3334,0.46357036874821117,0.5440712396668256,1.4946721065909785,0.9871220617067247,3d gaze,-13.427118865858999,-23.531499964178117,268.68990791276786,923874.4879605 923874.491995 923874.4960294999 923874.500064 923874.5040985 923874.508133 923874.5121675001 923874.516202 923874.5202365001 923874.524271 923874.5283055 923874.5323399999 923874.5363745 923874.540409 923874.5444435 923874.548478 923874.5525125 923874.5565475 923874.5605820001 923874.5646164999 923874.568651
561,923874.6211,104.89750001579523,3336,3339,0.5056328747826536,0.5533687117224323,1.473892245949843,0.9744643204742007,3d gaze,6.950664669841115,-36.680778619328436,382.0119060822489,923874.6211 923874.6251345 923874.6291690001 923874.6332035 923874.637238 923874.6412724999 923874.645307 923874.6493414999 923874.653376 923874.6574105001 923874.661445 923874.6654795001 923874.669514 923874.6735485 923874.6775829999 923874.6816175 923874.685652 923874.6896865 923874.693721 923874.6977555 923874.7017905 923874.7058250001 923874.7098594999 923874.713894 923874.7179284999 923874.721963 923874.7259975
562,923874.7744120001,104.89749989937991,3340,3344,0.4970430242755073,0.5383713434700773,1.345695649719206,0.9652809489656378,3d gaze,1.6280210396951629,-32.65144576763915,396.3547510914475,923874.7744120001 923874.7784465 923874.7824810001 923874.7865154999 923874.79055 923874.7945844999 923874.798619 923874.8026535 923874.806688 923874.8107225001 923874.814757 923874.8187915001 923874.8228259999 923874.8268605 923874.830895 923874.8349295 923874.8389645 923874.8429990001 923874.8470335 923874.8510680001 923874.8551025 923874.859137 923874.8631714999 923874.867206 923874.8712405 923874.875275 923874.8793095
563,923874.8833445001,80.68999997340143,3344,3346,0.4914815141753607,0.5369548943827072,1.4873092986748067,0.9701834789344242,3d gaze,-1.7442686310154132,-29.305137454220024,361.79547585242824,923874.8833445001 923874.887379 923874.8914135001 923874.8954479999 923874.8994825 923874.9035169999 923874.9075515 923874.911586 923874.9156205 923874.9196550001 923874.9236895 923874.9277240001 923874.9317584999 923874.935793 923874.9398274999 923874.943862 923874.9478965 923874.951931 923874.9559655001 923874.96 923874.9640345001
564,923874.9680689999,80.69099998101592,3346,3349,0.49437541435059906,0.5602486865229765,1.2376283635924759,0.982734542517435,3d gaze,-0.08187770284626981,-40.54654748094029,396.50379323905554,923874.9680689999 923874.9721035 923874.9761379999 923874.9801725 923874.9842075 923874.9882420001 923874.9922765 923874.9963110001 923875.0003455 923875.00438 923875.0084144999 923875.012449 923875.0164835 923875.020518 923875.0245525 923875.0285875001 923875.032622 923875.0366565001 923875.040691 923875.0447255 923875.0487599999
565,923875.0527945,137.1740000322461,3349,3353,0.48893246780444927,0.5516867914917613,1.4725842572785117,0.9781890673296793,3d gaze,-3.4458592030493,-36.718987457934354,388.40868095721913,923875.0527945 923875.056829 923875.0608635 923875.064898 923875.0689325 923875.0729670001 923875.0770015 923875.081036 923875.0850704999 923875.089105 923875.0931395 923875.097174 923875.1012085001 923875.105243 923875.1092775001 923875.113312 923875.1173465 923875.1213815 923875.1254159999 923875.1294505 923875.133485 923875.1375195 923875.1415540001 923875.1455885 923875.1496230001 923875.1536574999 923875.157692 923875.1617264999 923875.165761 923875.1697955 923875.17383 923875.1778645001 923875.1818995001 923875.185934 923875.1899685
566,923875.1940029999,121.03550008032471,3353,3357,0.49265714348321127,0.5396621807486628,1.3204340891248667,0.9818618874396047,3d gaze,-1.1486298687755905,-32.84011543817414,393.34509300256906,923875.1940029999 923875.1980375 923875.202072 923875.2061065 923875.210141 923875.2141755 923875.2182100001 923875.2222445 923875.226279 923875.2303134999 923875.234348 923875.2383824999 923875.242417 923875.2464515001 923875.250486 923875.2545205001 923875.258555 923875.2625895 923875.2666245 923875.2706589999 923875.2746935 923875.278728 923875.2827625 923875.2867970001 923875.2908315 923875.2948660001 923875.2989004999 923875.302935 923875.3069694999 923875.311004 923875.3150385
567,923875.347315,104.89749989937991,3357,3361,0.5062637946347516,0.5702837088116032,1.4600746424275401,0.9871652512638657,3d gaze,8.903947998113567,-51.670269501011894,462.8588510870121,923875.347315 923875.3513495 923875.355384 923875.3594185 923875.3634530001 923875.3674875 923875.3715220001 923875.3755564999 923875.379591 923875.3836254999 923875.38766 923875.3916945 923875.395729 923875.3997635001 923875.403798 923875.4078325001 923875.4118675 923875.4159019999 923875.4199365 923875.4239709999 923875.4280055 923875.4320400001 923875.4360745 923875.4401090001 923875.4441435 923875.448178 923875.4522124999
568,923875.9524940001,80.69049986079335,3376,3378,0.4759431281740679,0.5287118441840156,1.4453878324373453,0.9706436963308425,3d gaze,-4.0491582898421585,-9.942467227044208,135.4217308121503,923875.9524940001 923875.9565285 923875.9605630001 923875.9645974999 923875.968632 923875.9726664999 923875.9767015 923875.980736 923875.9847705 923875.988805 923875.9928395001 923875.996874 923876.0009085 923876.0049429999 923876.0089775 923876.0130119999 923876.0170465 923876.0210810001 923876.0251155 923876.0291500001 923876.0331845
569,923876.2671874999,80.690500093624,3385,3387,0.4875072974507157,0.533568117775029,0.8963115999853101,0.97586581284717,3d gaze,-2.767948412863629,-19.07104843673707,245.0153031430588,923876.2671874999 923876.271222 923876.2752565 923876.279291 923876.2833255001 923876.28736 923876.2913945001 923876.2954289999 923876.2994635 923876.3034979999 923876.3075325 923876.311567 923876.3156015 923876.3196360001 923876.3236705 923876.3277055 923876.33174 923876.3357744999 923876.339809 923876.3438434999 923876.347878
570,923876.7029164999,92.79400017112494,3398,3401,0.5187714302147661,0.5715264247544184,1.3865533291564762,0.9859229028224945,3d gaze,7.7034432648895175,-22.13114169452508,195.80754300814274,923876.7029164999 923876.706951 923876.7109855 923876.71502 923876.7190545 923876.723089 923876.7271235001 923876.731158 923876.7351925 923876.7392269999 923876.7432615 923876.7472959999 923876.7513305 923876.7553655 923876.7594 923876.7634345 923876.7674690001 923876.7715035 923876.775538 923876.7795724999 923876.783607 923876.7876415 923876.791676 923876.7957105001
571,923876.799745,80.690500093624,3401,3403,0.5190336879875733,0.550885446939673,1.4980666308068125,0.9709755380948385,3d gaze,7.105890408575364,-16.75682425187763,178.84131180344636,923876.799745 923876.8037795001 923876.8078145001 923876.8118489999 923876.8158835 923876.8199179999 923876.8239525 923876.827987 923876.8320215 923876.8360560001 923876.8400905 923876.8441250001 923876.8481594999 923876.852194 923876.8562284999 923876.860263 923876.8642975 923876.868332 923876.8723665001 923876.876401 923876.8804355001
572,923876.944988,137.1740000322461,3405,3409,0.49794902391763823,0.5753611886082182,1.4775863385711452,0.9942575548376356,3d gaze,1.1027212267800794,-22.853298001309394,196.56246073004067,923876.944988 923876.9490225001 923876.953057 923876.9570915 923876.9611265 923876.9651609999 923876.9691955 923876.97323 923876.9772645 923876.9812990001 923876.9853335 923876.9893680001 923876.9934024999 923876.997437 923877.0014714999 923877.005506 923877.0095405 923877.013575 923877.0176095001 923877.021644 923877.0256785001 923877.0297129999 923877.0337475 923877.0377819999 923877.0418165 923877.0458515 923877.049886 923877.0539205 923877.0579550001 923877.0619895 923877.066024 923877.0700584999 923877.074093 923877.0781274999 923877.082162
573,923877.2637159999,108.93250000663102,3415,3418,0.4428363829136339,0.5415235144539748,1.4149588586265955,0.9966163273368563,3d gaze,-27.792182092038093,-28.319360411607136,331.7368788277615,923877.2637159999 923877.2677505 923877.2717850001 923877.2758195 923877.2798540001 923877.2838885 923877.287923 923877.2919574999 923877.295992 923877.3000265 923877.304061 923877.3080955 923877.31213 923877.3161645001 923877.320199 923877.3242335 923877.3282679999 923877.3323025 923877.3363375 923877.340372 923877.3444065 923877.348441 923877.3524755 923877.3565100001 923877.3605444999 923877.364579 923877.3686134999 923877.3726484999
574,923877.376683,88.7589999474585,3418,3421,0.44728315103897687,0.5528737456455716,1.1539885702786894,0.9936604836712712,3d gaze,-25.994909976997725,-32.49686824945765,339.140407098452,923877.376683 923877.3807175 923877.384752 923877.3887865001 923877.392821 923877.3968555001 923877.4008899999 923877.4049245 923877.4089589999 923877.4129935 923877.417028 923877.4210625 923877.4250970001 923877.4291315 923877.4331660001 923877.4372004999 923877.441235 923877.4452694999 923877.449304 923877.4533385 923877.457373 923877.4614075001 923877.465442
575,923877.630858,217.8645000094548,3426,3432,0.4327633263087595,0.6531075650695382,1.4370407205332059,0.994080618836663,3d gaze,-26.667113753569605,-49.948138559585246,262.8875021420243,923877.630858 923877.6348925 923877.638927 923877.6429615 923877.6469960001 923877.6510305 923877.6550655 923877.6591 923877.6631344999 923877.667169 923877.6712035 923877.675238 923877.6792725 923877.683307 923877.6873415001 923877.691376 923877.6954105 923877.6994449999 923877.7034795 923877.7075139999 923877.7115485 923877.7155830001 923877.7196175 923877.7236520001 923877.7276865 923877.731721 923877.7357554999 923877.73979 923877.7438245 923877.747859 923877.7518935 923877.755928 923877.7599625001 923877.7639975001 923877.7680319999 923877.7720665 923877.7761009999 923877.7801355 923877.78417 923877.7882045 923877.7922390001 923877.7962735 923877.8003085 923877.804343 923877.8083774999 923877.812412 923877.8164465 923877.820481 923877.8245155 923877.82855 923877.8325845001 923877.836619 923877.8406535 923877.8446879999 923877.8487225
576,923877.8527569999,217.8645001258701,3432,3439,0.4353314725247194,0.656913865882862,1.2670402651510766,0.9891224097121846,3d gaze,-26.700467388043844,-53.11860778814431,274.3458970148671,923877.8527569999 923877.8567915 923877.8608260001 923877.8648605 923877.8688950001 923877.8729295 923877.876964 923877.8809984999 923877.885033 923877.8890675 923877.893102 923877.8971365 923877.9011715001 923877.905206 923877.9092405001 923877.9132749999 923877.9173095 923877.9213439999 923877.9253785 923877.929413 923877.9334475 923877.937482 923877.9415165 923877.9455515 923877.9495860001 923877.9536204999 923877.957655 923877.9616894999 923877.965724 923877.9697585 923877.973793 923877.9778275001 923877.981862 923877.9858965001 923877.9899309999 923877.9939655 923877.9979999999 923878.0020345 923878.006069 923878.0101035 923878.0141380001 923878.0181725 923878.0222070001 923878.0262414999 923878.030276 923878.0343104999 923878.038345 923878.0423795 923878.0464145001 923878.050449 923878.0544835001 923878.058518 923878.0625525 923878.0665869999 923878.0706215
577,923878.0827255,88.7589999474585,3439,3442,0.4363019311725306,0.6685644065833417,1.3306636753145182,0.9726264088050179,3d gaze,-26.97887890124679,-57.62535964189556,281.29296544961903,923878.0827255 923878.0867600001 923878.0907945 923878.0948290001 923878.0988634999 923878.102898 923878.1069324999 923878.110967 923878.1150015 923878.119036 923878.1230705001 923878.127105 923878.1311395001 923878.1351739999 923878.1392085 923878.1432429999 923878.1472775 923878.151312 923878.1553465 923878.1593810001 923878.1634155 923878.1674500001 923878.1714844999
578,923878.175519,217.86500001326203,3442,3448,0.4297560233308822,0.6763812095792134,1.4807647489371274,0.9931613672863353,3d gaze,-28.440555624837096,-56.51955195999654,265.8314310147397,923878.175519 923878.1795534999 923878.183588 923878.1876225 923878.191657 923878.1956915001 923878.1997265001 923878.203761 923878.2077955 923878.2118299999 923878.2158645 923878.219899 923878.2239335 923878.2279685 923878.2320030001 923878.2360375 923878.2400720001 923878.2441065 923878.248141 923878.2521754999 923878.25621 923878.2602445 923878.264279 923878.2683135 923878.272348 923878.2763825001 923878.280417 923878.2844515 923878.2884859999 923878.2925205 923878.2965549999 923878.3005895 923878.3046240001 923878.3086585 923878.3126930001 923878.3167275 923878.320762 923878.3247964999 923878.328831 923878.3328655 923878.3369005 923878.340935 923878.3449695001 923878.349004 923878.3530385001 923878.3570729999 923878.3611075 923878.3651425 923878.3691769999 923878.3732115 923878.3772460001 923878.3812805 923878.3853150001 923878.3893495 923878.393384
579,923878.3974184999,137.1740000322461,3448,3453,0.4353384871901221,0.6702768673563405,1.4703201566526265,0.9953497052192688,3d gaze,-28.331463512223852,-60.14321500471884,291.23880410446316,923878.3974184999 923878.401453 923878.4054875 923878.409522 923878.4135565 923878.417591 923878.4216255001 923878.42566 923878.4296945 923878.4337289999 923878.4377635 923878.4417979999 923878.4458325 923878.4498670001 923878.4539015 923878.4579360001 923878.4619705 923878.466005 923878.4700394999 923878.4740744999 923878.478109 923878.4821435 923878.486178 923878.4902125001 923878.494247 923878.4982815001 923878.5023159999 923878.5063505 923878.5103855 923878.5144199999 923878.5184545 923878.522489 923878.5265235 923878.5305580001 923878.5345925
580,923878.6556285,100.86250002495944,3456,3459,0.42768065261860017,0.6364541048742295,1.4298541378826146,0.9915270209312439,3d gaze,-27.78549082064511,-44.203028395189456,253.7364135620573,923878.6556285 923878.6596629999 923878.6636975 923878.667732 923878.6717665 923878.6758010001 923878.6798355 923878.6838700001 923878.6879044999 923878.691939 923878.6959734999 923878.700008 923878.7040425 923878.708077 923878.7121115001 923878.716146 923878.7201805001 923878.7242149999 923878.7282495 923878.7322839999 923878.7363185 923878.740353 923878.7443875 923878.7484220001 923878.7524565 923878.7564910001
581,923878.7605254999,108.93250000663102,3459,3463,0.42552147278094216,0.6235512807079601,1.2977445818759175,1.0,3d gaze,-27.76992614501599,-39.79867877530853,245.7393208212006,923878.7605254999 923878.7645604999 923878.768595 923878.7726294999 923878.776664 923878.7806985 923878.784733 923878.7887675001 923878.7928025001 923878.796837 923878.8008715 923878.8049059999 923878.8089405 923878.8129749999 923878.8170095 923878.8210440001 923878.8250785 923878.8291130001 923878.8331475 923878.837182 923878.8412164999 923878.845251 923878.8492855 923878.85332 923878.8573545001 923878.861389 923878.8654235001 923878.869458
582,923878.8734925,161.38099995441735,3463,3468,0.4183285425074853,0.6426579876441573,1.4940841250672705,0.9916744864568477,3d gaze,-30.395454143772625,-43.73129410392718,242.31769863073777,923878.8734925 923878.8775269999 923878.8815615 923878.8855959999 923878.8896305 923878.8936650001 923878.8976995 923878.9017340001 923878.9057685 923878.9098034999 923878.913838 923878.9178724999 923878.9219075 923878.925942 923878.9299765 923878.934011 923878.9380455001 923878.94208 923878.9461145 923878.9501489999 923878.9541835 923878.9582179999 923878.9622525 923878.9662870001 923878.9703215 923878.9743560001 923878.9783905 923878.982425 923878.9864594999 923878.990494 923878.9945285 923878.998563 923879.0025975 923879.006632 923879.0106665001 923879.014701 923879.0187355 923879.0227699999 923879.0268045 923879.0308389999 923879.0348735
583,923879.0389080001,157.3464998509735,3468,3472,0.42490917377516657,0.6331030602296741,1.3299949999554894,0.9926657997071743,3d gaze,-29.147472059484606,-43.68529874638794,255.19996705273783,923879.0389080001 923879.0429425 923879.0469770001 923879.0510115 923879.0550464999 923879.059081 923879.0631154999 923879.06715 923879.0711845 923879.0752195 923879.079254 923879.0832885001 923879.087323 923879.0913575001 923879.0953919999 923879.0994265 923879.1034609999 923879.1074955 923879.1115300001 923879.1155645 923879.1195990001 923879.1236335 923879.1276680001 923879.1317024999 923879.135737 923879.1397714999 923879.143806 923879.1478405 923879.151875 923879.1559095001 923879.159944 923879.1639785001 923879.1680129999 923879.1720475 923879.1760819999 923879.1801165 923879.1841510001 923879.1881855 923879.1922200001 923879.1962545
584,923879.2002895,117.00100009329617,3472,3476,0.4270572731173337,0.6171612549805943,1.3623301896732523,0.9948929091294606,3d gaze,-28.622056167685773,-40.44600502417551,259.17734228937564,923879.2002895 923879.204324 923879.2083584999 923879.2123934999 923879.216428 923879.2204625 923879.224497 923879.2285315001 923879.232566 923879.2366005001 923879.2406349999 923879.2446695 923879.2487039999 923879.2527385 923879.256773 923879.2608075 923879.2648420001 923879.2688765 923879.2729110001 923879.2769454999 923879.28098 923879.2850144999 923879.289049 923879.2930835 923879.297118 923879.3011525001 923879.305187 923879.3092215001 923879.3132559999 923879.3172905
585,923879.6561914999,80.69000008981675,3486,3488,0.5387039319675558,0.6485215283875911,1.4173399164276652,0.9626518587271372,3d gaze,19.46428759212078,-49.77065949611429,268.8249531370394,923879.6561914999 923879.660226 923879.6642605 923879.668295 923879.6723295001 923879.676364 923879.6803985001 923879.6844329999 923879.6884675 923879.6925019999 923879.6965365 923879.7005710001 923879.7046055 923879.7086400001 923879.7126745 923879.7167090001 923879.7207434999 923879.724778 923879.7288124999 923879.732847 923879.7368815
586,923879.7933654999,80.68999997340143,3490,3493,0.54184287743865,0.6601928774544361,1.3763089317468,0.9649258583784104,3d gaze,19.381167423075524,-48.99672111638628,249.2076568891664,923879.7933654999 923879.7974 923879.8014344999 923879.805469 923879.8095035 923879.813538 923879.8175725001 923879.821607 923879.8256415001 923879.8296759999 923879.8337105 923879.8377449999 923879.8417795 923879.8498485 923879.8538830001 923879.8579175 923879.8619520001 923879.8659864999 923879.870021 923879.8740554999
587,923879.9144009999,88.75950006768107,3494,3496,0.5452526528891157,0.6701342291414667,1.375610464042113,0.9529352745284205,3d gaze,21.605435790540717,-53.25227788862915,258.6259488420682,923879.9144009999 923879.9184359999 923879.9224705 923879.9265050001 923879.9305395 923879.9345740001 923879.9386085 923879.942643 923879.9466774999 923879.950712 923879.9547465 923879.958781 923879.9628155001 923879.96685 923879.9708845001 923879.974919 923879.9789535 923879.9829879999 923879.9870225 923879.9910569999 923879.9950915 923879.9991260001 923880.0031605
588,923880.1484035,137.1740000322461,3501,3505,0.5774335364526776,0.7634571232710977,1.0759157593967401,0.9260262338554158,3d gaze,37.64692026584616,-80.60513691267785,268.4086667871393,923880.1484035 923880.1524380001 923880.1564725 923880.160507 923880.1645414999 923880.168576 923880.1726105 923880.176645 923880.1806795 923880.184714 923880.1887485001 923880.192783 923880.1968179999 923880.2008529999 923880.2048875 923880.2089219999 923880.2129565 923880.2169910001 923880.2210255 923880.2250600001 923880.2290945 923880.2331290001 923880.2371634999 923880.241198 923880.2452324999 923880.249267 923880.2533015 923880.257336 923880.2613705001 923880.265405 923880.2734739999 923880.2775085 923880.2815429999 923880.2855775
589,923880.709203,84.72550008445978,3517,3520,0.6212449772025432,0.7431886918992103,1.4849625198421412,0.9277196526527405,3d gaze,84.07173654531694,-110.14470030091192,388.7363403726038,923880.709203 923880.7132375 923880.7172719999 923880.7213065 923880.7253409999 923880.7293755 923880.7334100001 923880.7374445 923880.7414790001 923880.7455135 923880.749548 923880.7535824999 923880.757617 923880.761652 923880.7656864999 923880.769721 923880.773756 923880.7777905001 923880.781825 923880.7858595 923880.7898939999 923880.7939285
590,923881.01061,137.1740000322461,3526,3531,0.5339651079196732,0.5871824036299114,0.7481544749869493,0.8654397810664481,3d gaze,44.587180549837996,-88.66773988421818,695.9779329647977,923881.01061 923881.147784
591,923881.350693,88.75950006768107,3537,3539,0.5147030701086347,0.7040452073369484,1.352276137485317,0.9824464360009069,3d gaze,7.289062330268748,-52.27042878478587,219.18624291456783,923881.350693 923881.354728 923881.3587625 923881.362797 923881.3668315001 923881.370866 923881.3749005 923881.3789349999 923881.3829695 923881.3870039999 923881.3910385 923881.3950730001 923881.3991075 923881.4031420001 923881.4071765 923881.411211 923881.4152454999 923881.41928 923881.4233145 923881.427349 923881.4313835 923881.435418 923881.4394525001
592,923881.7541459999,80.690500093624,3549,3551,0.5148154787731114,0.662648934989058,1.4541712884439173,0.9429090242636832,3d gaze,8.877571766110677,-52.65632927202023,265.66137221272623,923881.7541459999 923881.7581805 923881.762215 923881.7662495 923881.7702840001 923881.7783535 923881.7864224999 923881.790457 923881.7944915 923881.798526 923881.8025605 923881.806595 923881.8106295001 923881.814664 923881.8186985 923881.8227329999 923881.8267675 923881.8308019999 923881.8348365
593,923881.8388710001,100.86349991615862,3551,3554,0.5195588081356914,0.6525734169100724,1.32727758800588,0.9664015598022021,3d gaze,12.303712874785937,-56.524434013857515,299.3243084232373,923881.8388710001 923881.8429055 923881.8469400001 923881.8509745 923881.855009 923881.8590434999 923881.863078 923881.8671125 923881.871147 923881.8751815 923881.879216 923881.883251 923881.8872855001 923881.8913199999 923881.8953545 923881.8993889999 923881.9034235 923881.907458 923881.9114925 923881.9155270001 923881.9195615 923881.9235960001 923881.927631 923881.9316654999 923881.9357 923881.9397345
594,923881.9639415,161.38099995441735,3555,3560,0.5310875535290256,0.6846110393664259,1.4358407141637402,0.9809803744641746,3d gaze,19.488153023052035,-70.70972483604776,321.92642681943926,923881.9639415 923881.9679759999 923881.9720105 923881.9760449999 923881.9800795 923881.9841140001 923881.9881485 923881.9921830001 923881.9962175 923882.000252 923882.0042864999 923882.008321 923882.0123555 923882.01639 923882.0204245 923882.024459 923882.028494 923882.0325285001 923882.036563 923882.0405975 923882.0446319999 923882.0486665 923882.052701 923882.0567355 923882.0607700001 923882.0648045 923882.0688390001 923882.0728740001 923882.0769084999 923882.080943 923882.0849774999 923882.089012 923882.0930465 923882.097081 923882.1011155001 923882.10515 923882.1091845001 923882.1132189999 923882.1172535 923882.1212879999 923882.1253225
595,923882.156416,80.69099998101592,3561,3563,0.5176674473028607,0.5872007234048234,1.4382091338129264,1.0,3d gaze,27.070338590328618,-91.80659448655379,721.6952080208349,923882.156416 923882.164485 923882.172554 923882.180623 923882.188692 923882.196761 923882.20483 923882.212899 923882.220969 923882.229038 923882.237107
596,923882.245176,112.96699999365956,3563,3567,0.5267484565014874,0.5980516706788467,0.97115784048369,1.0,3d gaze,37.16144038170474,-97.50435408813352,709.5298927937016,923882.245176 923882.253245 923882.261314 923882.277452 923882.285521 923882.29359 923882.301659 923882.309728 923882.317797 923882.325866 923882.333935 923882.342004 923882.350073 923882.358143
597,923882.390419,217.86400000564754,3568,3574,0.5314587587168897,0.5926131060416936,1.4000689514487374,0.9995010451034263,3d gaze,42.11006467769885,-92.83016658502912,701.0974156950227,923882.390419 923882.398488 923882.406557 923882.414626 923882.422695 923882.430764 923882.438833 923882.454971 923882.46304 923882.471109 923882.479178 923882.487247 923882.495316 923882.503386 923882.511455 923882.519524 923882.527593 923882.535662 923882.543731 923882.5518 923882.559869 923882.567938 923882.576007 923882.584076 923882.592145 923882.600214 923882.608283
598,923882.91609,80.690500093624,3583,3586,0.601149543094711,0.7885716158488001,1.401703618252489,0.9569237856637864,3d gaze,60.439588632862176,-108.63747922135185,330.4931583147003,923882.91609 923882.9201245001 923882.9241589999 923882.9281935 923882.9322279999 923882.9362629999 923882.9402975 923882.9443320001 923882.9483665 923882.9524010001 923882.9564355 923882.96047 923882.9645044999 923882.968539 923882.9725735 923882.976608 923882.9806425 923882.984677 923882.9887115001 923882.992746 923882.9967805
599,923883.206576,121.03600008413196,3592,3596,0.380741364172022,0.6303301110365189,1.4685379727455112,0.9990072961776487,3d gaze,-57.01917653439526,-51.540335574772506,302.72552602846685,923883.206576 923883.2106105001 923883.214645 923883.2186799999 923883.2227145 923883.2267489999 923883.2307835 923883.234818 923883.2388525 923883.2428870001 923883.2469215 923883.2509560001 923883.2549904999 923883.259025 923883.2630594999 923883.267094 923883.2711285 923883.275163 923883.2791975001 923883.283232 923883.2872665001 923883.2913009999 923883.2953359999 923883.2993705 923883.303405 923883.3074395 923883.311474 923883.3155085 923883.3195430001 923883.3235775 923883.327612
600,923883.3316464999,173.4845000319183,3596,3601,0.37052568477638415,0.6243387620849883,1.3265477793859222,0.9901153743267059,3d gaze,-61.47258193357761,-49.23917329330145,298.24296548795866,923883.3316464999 923883.335681 923883.3397154999 923883.34375 923883.3477845001 923883.351819 923883.3558535001 923883.359888 923883.3639229999 923883.3679575 923883.3719919999 923883.3760265 923883.380061 923883.3840955 923883.3921645 923883.3961990001 923883.404268 923883.4083024999 923883.412337 923883.420406 923883.428475 923883.4325095001 923883.4365439999 923883.4405789999 923883.4486479999 923883.4526825 923883.456717 923883.4607515 923883.4647860001 923883.4688205 923883.472855 923883.4768894999 923883.480924 923883.4849584999 923883.488993 923883.4930275001 923883.497062 923883.5010965001 923883.505131
601,923883.509166,80.690500093624,3601,3603,0.36839950323206716,0.6188402871995193,1.441154634059067,0.989415358929407,3d gaze,-67.06040568258092,-51.294697279561326,320.2667162064666,923883.509166 923883.5132005 923883.5172349999 923883.5212695 923883.5253039999 923883.5293385 923883.5333730001 923883.5374075 923883.5414420001 923883.5454765 923883.549511 923883.5535454999 923883.55758 923883.5616145 923883.565649 923883.5696835 923883.573718 923883.577753 923883.5817875001 923883.5858219999 923883.5898565
602,923883.5938909999,217.8645001258701,3604,3610,0.37561519822448763,0.6429929403737377,1.3767865853976067,0.9866458452215382,3d gaze,-69.2701993516938,-63.994531125184785,350.3178862385416,923883.5938909999 923883.5979255 923883.60196 923883.6059945 923883.6100290001 923883.6140635 923883.6180980001 923883.6221324999 923883.626167 923883.6302014999 923883.634236 923883.6382705 923883.642305 923883.64634 923883.6503745001 923883.654409 923883.6584435 923883.6624779999 923883.6665125 923883.6705469999 923883.6745815 923883.6786160001 923883.6826505 923883.6866850001 923883.6907195 923883.694754 923883.6987884999 923883.7068574999 923883.710892 923883.7149265 923883.718961 923883.722996 923883.7270305001 923883.7310649999 923883.7350995 923883.7391339999 923883.7431685 923883.747203 923883.7512375 923883.7552720001 923883.7633410001 923883.77141 923883.779479 923883.7835134999 923883.787548 923883.791583 923883.7956175001 923883.799652 923883.8036865001 923883.8077209999 923883.8117555
603,923883.9408605001,88.75949983485043,3614,3617,0.35407291009827463,0.6123415527353083,1.450653761958865,0.986293103383935,3d gaze,-86.88958670599517,-57.13751113909765,370.40708894352605,923883.9408605001 923883.944895 923883.9489295001 923883.9529639999 923883.9569985 923883.9610329999 923883.9650675 923883.969102 923883.9731365 923883.9771710001 923883.9812055 923883.9852400001 923883.989275 923883.9933094999 923883.997344 923884.0013784999 923884.005413 923884.0094475001 923884.013482 923884.0175165001 923884.021551 923884.0255855 923884.0296199999
604,923884.0336545,84.72499996423721,3617,3619,0.3526398237458167,0.6311904729679125,1.2520277947064116,0.9970356055668422,3d gaze,-98.303770020384,-71.50071187535626,414.5577975597972,923884.0336545 923884.0376889999 923884.0417235 923884.0497925 923884.0538270001 923884.0578615 923884.061896 923884.0659304999 923884.069965 923884.074 923884.0780345 923884.082069 923884.0861035 923884.090138 923884.0941725001 923884.098207 923884.1022415 923884.1062759999 923884.1103105 923884.1143449999 923884.1183795
605,923884.138552,100.86350003257394,3620,3623,0.3374832112747203,0.5975602236984877,1.4924478749614802,0.9983767628669739,3d gaze,-86.83799613808506,-46.562366246130544,329.8886665608911,923884.138552 923884.142587 923884.1466214999 923884.150656 923884.1546905 923884.158725 923884.1627595001 923884.166794 923884.1708285001 923884.1748629999 923884.1788975 923884.1829319999 923884.191001 923884.1950355 923884.1990700001 923884.2031045 923884.2071390001 923884.2111734999 923884.215208 923884.219243 923884.2232775 923884.227312 923884.2313465 923884.235381 923884.2394155001
606,923884.3523820001,88.759999955073,3626,3629,0.33992038993896484,0.6102136461053588,1.421758924457893,1.0,3d gaze,-103.23484815793792,-61.0680798514572,398.3043570898773,923884.3523820001 923884.3564164999 923884.360451 923884.3644854999 923884.36852 923884.372555 923884.3765895 923884.380624 923884.3846585001 923884.388693 923884.3927275001 923884.3967619999 923884.4007965 923884.4048309999 923884.4088655 923884.4129 923884.4169345 923884.4209690001 923884.4250040001 923884.4290385 923884.433073 923884.4371074999 923884.441142
607,923884.5662125,80.68999997340143,3633,3635,0.4435320556692599,0.624104964110591,1.47410918757624,0.9862545842216128,3d gaze,-22.939258805767547,-44.916157319304176,276.5269765835149,923884.5662125 923884.5702470001 923884.5742815 923884.578316 923884.5823504999 923884.586385 923884.5904194999 923884.594454 923884.5984885001 923884.602523 923884.6065575001 923884.610592 923884.6146265 923884.6186609999 923884.6226955 923884.6267299999 923884.6307645 923884.634799 923884.6388335 923884.6428680001 923884.6469025
608,923884.650937,104.89799990318716,3635,3638,0.43050036616295373,0.621786772803391,1.1055021876991784,0.9825920517797824,3d gaze,-24.82948568733538,-37.932013863450045,236.71373082458052,923884.650937 923884.654972 923884.6590064999 923884.663041 923884.6670755 923884.67111 923884.6751445 923884.679179 923884.6832135001 923884.687248 923884.6912825 923884.6953169999 923884.6993515 923884.7033859999 923884.707421 923884.7114555 923884.7154900001 923884.7195245 923884.7235590001 923884.7275934999 923884.731628 923884.7356624999 923884.739697 923884.7437315 923884.747766 923884.7518005001 923884.755835
609,923884.7598695001,217.86449989303946,3638,3645,0.4325740562067546,0.6118477484088314,1.437854164130057,0.9861362050880086,3d gaze,-23.214317529521477,-34.57320496917019,229.21461008385813,923884.7598695001 923884.7639039999 923884.7679385 923884.7719729999 923884.7760075 923884.780042 923884.7840765 923884.7881110001 923884.7921455 923884.7961800001 923884.800215 923884.8042494999 923884.808284 923884.8123185 923884.816353 923884.8203875 923884.824422 923884.8284565001 923884.832491 923884.8365255 923884.8405599999 923884.8445949999 923884.8486295 923884.852664 923884.8566985 923884.8607330001 923884.8647675 923884.8688020001 923884.8728364999 923884.876871 923884.8809054999 923884.88494 923884.8889744999 923884.893009 923884.8970435001 923884.901078 923884.9051125001 923884.9091469999 923884.9131815 923884.9172159999 923884.9212505 923884.925285 923884.9293195 923884.9333540001 923884.9373890001 923884.9414235 923884.9454580001 923884.9494924999 923884.953527 923884.9575614999 923884.961596 923884.9656305 923884.969665 923884.9736995001 923884.977734
610,923885.0140450001,80.69049986079335,3646,3648,0.460606389986561,0.6202082977396834,1.4396539571624167,0.9915398543789273,3d gaze,-14.665361857751241,-41.957739355990604,265.34309324931786,923885.0140450001 923885.0180795 923885.022114 923885.0261484999 923885.030183 923885.0342174999 923885.038252 923885.0422865001 923885.046321 923885.0503555001 923885.05439 923885.0584245 923885.0624589999 923885.0664935 923885.070528 923885.0745625 923885.0785970001 923885.0826320001 923885.0866665 923885.0907010001 923885.0947354999
611,923885.1431499999,96.82850004173815,3650,3653,0.434672837749326,0.6271374142906055,1.432470577527946,0.9871133470535278,3d gaze,-22.252479963880972,-37.538379962852524,226.9862394629138,923885.1431499999 923885.1471845 923885.151219 923885.1552535 923885.1592880001 923885.1633225 923885.167357 923885.1713914999 923885.175426 923885.1794604999 923885.183495 923885.1875295001 923885.191564 923885.1955985001 923885.199633 923885.2036675 923885.2077019999 923885.2117365 923885.2157709999 923885.2198055 923885.22384 923885.2278750001 923885.2319095 923885.2359440001 923885.2399785
612,923885.244013,100.86299991235137,3653,3656,0.43837472691174606,0.6482815608612078,1.3697524113152666,0.9868237055264987,3d gaze,-22.406835518450674,-44.991239375830915,243.01638539418352,923885.244013 923885.2480474999 923885.252082 923885.2561165 923885.260151 923885.264186 923885.2682205001 923885.272255 923885.2762895001 923885.2803239999 923885.2843585 923885.2883929999 923885.2924275 923885.296462 923885.3004965 923885.3045310001 923885.3085655 923885.3126000001 923885.3166344999 923885.320669 923885.3247034999 923885.328738 923885.3327725001 923885.336807 923885.3408415001 923885.344876
613,923885.465912,80.69099998101592,3659,3662,0.35687391022223974,0.617145960959909,1.4560848733904237,0.9988356431325277,3d gaze,-70.5967702847879,-48.874435566005474,307.496722650961,923885.465912 923885.4699464999 923885.473981 923885.4780154999 923885.48205 923885.4860845001 923885.490119 923885.4941535001 923885.4981879999 923885.5022225 923885.5062569999 923885.5102919999 923885.5143265 923885.5183610001 923885.5223955 923885.5264300001 923885.5304645 923885.5344990001 923885.5385334999 923885.542568 923885.546603
614,923885.586948,165.4154999414459,3663,3668,0.36867885769347786,0.6210313587744393,1.3709382808622055,1.0,3d gaze,-75.86573488600654,-58.80061376841129,362.63578291888905,923885.586948 923885.5909825 923885.5950170001 923885.5990515 923885.6030860001 923885.6071205 923885.611155 923885.6151894999 923885.619224 923885.6232584999 923885.627293 923885.6313275001 923885.635362 923885.6393965001 923885.643431 923885.6474655 923885.6514999999 923885.6555345 923885.659569 923885.663604 923885.6676385 923885.6716730001 923885.6757075 923885.6797420001 923885.6837764999 923885.687811 923885.691846 923885.6958804999 923885.699915 923885.7039495001 923885.707984 923885.7120185001 923885.716053 923885.7200875 923885.7241219999 923885.7281565 923885.7321909999 923885.7362255 923885.74026 923885.7442945 923885.7483290001 923885.7523635
615,923885.7604324999,108.93250000663102,3668,3671,0.3721970754239582,0.6514906933490794,1.4972304161405934,0.9998205836330142,3d gaze,-87.7332107458886,-82.3955044624881,430.4375121294615,923885.7604324999 923885.764467 923885.7685014999 923885.772536 923885.7765705001 923885.780605 923885.7846395001 923885.788674 923885.7927085 923885.7967429999 923885.8007779999 923885.8048125 923885.8088469999 923885.8128815 923885.8169160001 923885.8209505 923885.8249850001 923885.8290200001 923885.8330544999 923885.837089 923885.8411234999 923885.845158 923885.8491925001 923885.853227 923885.8572615001 923885.861296 923885.8653305001 923885.8693649999
616,923885.8733995,108.93250000663102,3672,3675,0.37871286831683865,0.6509704129855293,1.3984394505322573,0.9982128962874413,3d gaze,-96.66914506809665,-95.50212304571868,501.7204279068632,923885.8733995 923885.8774339999 923885.8814685 923885.885503 923885.8895375 923885.8935720001 923885.8976065 923885.9016410001 923885.9056754999 923885.90971 923885.9137444999 923885.917779 923885.9218135001 923885.925848 923885.9298825001 923885.933917 923885.937952 923885.9419865 923885.9460209999 923885.9500555 923885.9540899999 923885.9581245 923885.9621590001 923885.9661935 923885.9702280001 923885.9742630001 923885.9782974999 923885.982332
617,923886.071091,193.6580000910908,3677,3683,0.34600870103729536,0.6059068923730817,1.4715152556090554,0.9985260683663038,3d gaze,-78.76685598742345,-47.23798216235838,317.34112160586756,923886.071091 923886.0751255001 923886.07916 923886.0831945001 923886.0872289999 923886.0912639999 923886.0952985 923886.0993329999 923886.1033675 923886.1074020001 923886.1114370001 923886.1154715 923886.1195060001 923886.1235405 923886.127575 923886.1316094999 923886.135644 923886.1396784999 923886.143713 923886.1477475001 923886.151782 923886.1558165001 923886.159851 923886.1638855 923886.1679199999 923886.1719545 923886.175989 923886.1800235 923886.1840580001 923886.1880925 923886.1921270001 923886.1961615 923886.200196 923886.2042304999 923886.208265 923886.2122994999 923886.216334 923886.2203685001 923886.224403 923886.228438 923886.2324725001 923886.2365069999 923886.2405415 923886.2445759999 923886.2486105 923886.252645 923886.25668 923886.2607145 923886.2647490001
618,923886.272818,88.7589999474585,3684,3686,0.35007761084756,0.6335953163671059,1.480046149465711,0.9970707141834757,3d gaze,-86.72304197737067,-62.786881057355856,358.2186773343378,923886.272818 923886.2768524999 923886.280887 923886.2849214999 923886.288956 923886.2929905001 923886.297025 923886.3010595001 923886.305094 923886.3091285 923886.3131629999 923886.3171975 923886.3212319999 923886.3252665 923886.329301 923886.3333355 923886.3373700001 923886.3414045 923886.345439 923886.3494734999 923886.353508 923886.3575424999 923886.361577
619,923886.3656115001,80.69099998101592,3686,3689,0.3451011562064922,0.6172818965829298,1.4337190741429924,0.9993733165377663,3d gaze,-86.1973154236395,-55.03465366760694,344.607980405489,923886.3656115001 923886.369646 923886.373681 923886.3777155001 923886.38175 923886.3857845 923886.3898189999 923886.3938539999 923886.3978885 923886.401923 923886.4059575 923886.4099920001 923886.4140265 923886.4180610001 923886.4220954999 923886.42613 923886.4301644999 923886.434199 923886.4382335001 923886.442268 923886.4463025001
620,923886.731571,104.89800001960248,3697,3700,0.4357641962588641,0.4417355169247242,1.4581726793942533,0.8779904816906241,3d gaze,-75.15377425295276,4.592193988461759,790.0364113120474,923886.731571 923886.836469
621,923887.3096914999,80.69099998101592,3714,3717,0.43532618090239433,0.4299126461481924,1.3886721618991404,0.99526827392124,3d gaze,-21.71217316407238,3.7200828326791604,227.20910799221895,923887.3096914999 923887.313726 923887.3177604999 923887.321795 923887.3258295001 923887.329864 923887.3338985001 923887.337933 923887.3419675 923887.3460019999 923887.3500365 923887.354071 923887.3581055 923887.3621400001 923887.3661745 923887.3702090001 923887.3742435 923887.3782784999 923887.382313 923887.3863474999 923887.3903824999
622,923887.394417,88.7589999474585,3717,3720,0.42897813565783577,0.42878861151358866,1.3901177352367131,0.996120476204416,3d gaze,-21.3259741851349,3.5311718802511822,201.00805017764552,923887.394417 923887.3984515001 923887.402486 923887.4065205001 923887.410555 923887.4145895 923887.4186239999 923887.4226585 923887.4266929999 923887.4307275 923887.434762 923887.4387965 923887.4428310001 923887.4468655 923887.4509 923887.4549344999 923887.458969 923887.4630034999 923887.467038 923887.4710725001 923887.475107 923887.4791415001 923887.483176
623,923887.4912449999,108.93250000663102,3720,3723,0.4473341393094582,0.4426682995693163,1.4126882233120657,0.9932724790913718,3d gaze,-18.2211738866721,1.1683037868235993,239.83393844403955,923887.4912449999 923887.4952795 923887.4993139999 923887.5033485 923887.507383 923887.5114175 923887.5154520001 923887.5194865 923887.5235214999 923887.5275564999 923887.531591 923887.5356254999 923887.53966 923887.5436945001 923887.547729 923887.5517635001 923887.555798 923887.5598325001 923887.5638669999 923887.5679015 923887.5719359999 923887.5759705 923887.580005 923887.5840395 923887.5880740001 923887.5921085 923887.5961430001 923887.6001774999
624,923887.6808684999,92.79350005090237,3726,3728,0.424295028405331,0.4446620550994363,1.4655660652024465,0.991951206078132,3d gaze,-25.5620031717675,0.663197335906547,224.64236814188124,923887.6808684999 923887.684903 923887.6889374999 923887.692972 923887.6970065001 923887.701041 923887.7050755001 923887.7091099999 923887.7131445 923887.7171789999 923887.7212135 923887.725248 923887.7292825 923887.7333170001 923887.7373515 923887.7413860001 923887.7454204999 923887.749455 923887.7534894999 923887.757524 923887.7615584999 923887.765593 923887.7696275001 923887.773662
625,923887.7776965001,80.69099998101592,3728,3731,0.437577023758247,0.45744223290370495,1.492973522601264,0.9931781107471103,3d gaze,-24.83552672662958,-2.317618841931135,270.3021834904162,923887.7776965001 923887.7817309999 923887.7857655 923887.7897999999 923887.7938345 923887.797869 923887.8019035 923887.8059385 923887.8099730001 923887.8140075 923887.8180425 923887.822077 923887.8261114999 923887.830146 923887.8341804999 923887.838215 923887.8422495001 923887.846284 923887.8503185001 923887.854353 923887.8583875
626,923887.999596,80.68999997340143,3735,3737,0.4967909390071333,0.4927288564413249,1.473080675892035,0.9919552490824745,3d gaze,1.0650211164982313,-11.9474807739992,294.96369239939565,923887.999596 923888.0036305 923888.0076649999 923888.0116995 923888.0157339999 923888.0197685 923888.023803 923888.0278375 923888.0318720001 923888.0359065 923888.039941 923888.0439754999 923888.04801 923888.0520444999 923888.056079 923888.0601135001 923888.064148 923888.0681825001 923888.072217 923888.0762515 923888.0802859999
627,923888.0883555,217.86449989303946,3738,3744,0.4948719854417251,0.48744655860216574,1.4811893134732472,0.9884607161466892,3d gaze,0.16464848334915488,-9.96055014872136,278.153657652481,923888.0883555 923888.0923899999 923888.0964245 923888.1004595 923888.1044940001 923888.1085285 923888.1125630001 923888.1165974999 923888.120632 923888.1246664999 923888.128701 923888.1327355001 923888.13677 923888.1408045001 923888.144839 923888.1488735001 923888.1529079999 923888.1569425 923888.1609769999 923888.1650115 923888.1730805 923888.1771150001 923888.1811495 923888.1851840001 923888.1892184999 923888.193253 923888.1972874999 923888.201322 923888.2053565001 923888.209391 923888.2134255001 923888.221495 923888.2255295 923888.2295639999 923888.2335985 923888.2376329999 923888.2416675 923888.2457025 923888.2497370001 923888.2537715 923888.2578060001 923888.2618404999 923888.2699094999 923888.273944 923888.2779784999 923888.282013 923888.2860475001 923888.290082 923888.2941165001 923888.2981509999 923888.3021855 923888.3062199999
628,923888.3102545,80.69099998101592,3744,3747,0.4951920093472787,0.49938965009574215,1.354677591473036,0.992054446041584,3d gaze,0.3413966454287907,-13.40488993467097,287.4203963809884,923888.3102545 923888.314289 923888.3183235 923888.3223580001 923888.3304270001 923888.3344614999 923888.338496 923888.3425304999 923888.346565 923888.3505994999 923888.354634 923888.3586685001 923888.362703 923888.3667375001 923888.3707725 923888.3748069999 923888.3788415 923888.3828759999 923888.3869105 923888.3909455
629,923888.3949800001,137.17399979941547,3747,3751,0.48072422393301045,0.48293452838016954,1.2910319696015626,0.9999717995524406,3d gaze,-4.934634836933726,-7.11443931393729,222.87550749348554,923888.3949800001 923888.4030490001 923888.4070835 923888.411118 923888.4151524999 923888.419187 923888.4232214999 923888.427256 923888.4312905001 923888.435325 923888.4393595001 923888.443394 923888.4474285 923888.4554975 923888.459532 923888.4635665 923888.4676010001 923888.4716355 923888.4756700001 923888.4797045 923888.4877734999 923888.491808 923888.4958424999 923888.499877 923888.5039115001 923888.5079465001 923888.511981 923888.5160155001 923888.5200499999 923888.5240845 923888.5281195 923888.5321539999
630,923888.5361885,125.07000006735325,3751,3755,0.4903133661609545,0.4713576379021937,1.4355564208969767,0.9891039486974478,3d gaze,-1.564719431311619,-4.926918206031198,233.06126952692725,923888.5361885 923888.540223 923888.5442575 923888.5482920001 923888.5523265 923888.556361 923888.5603954999 923888.56443 923888.5684644999 923888.572499 923888.5765335001 923888.580568 923888.5846025001 923888.588637 923888.5926715 923888.5967059999 923888.6007405 923888.6047749999 923888.6088095 923888.612844 923888.6168785 923888.6209130001 923888.6249475 923888.628982 923888.6330164999 923888.637051 923888.6410854999 923888.64512 923888.6491545001 923888.6531895001 923888.657224 923888.6612585001
631,923888.6652929999,141.20850013568997,3755,3759,0.47761402185105817,0.4781572482714068,1.1796090866428814,0.9862572908401489,3d gaze,-6.557119222014357,-6.580147555883221,240.65860855821276,923888.6652929999 923888.6693275 923888.6733619999 923888.6773965 923888.6814315 923888.685466 923888.6895005 923888.6935350001 923888.6975695 923888.7016040001 923888.7056384999 923888.709673 923888.7137074999 923888.717742 923888.7217765001 923888.725811 923888.7298455001 923888.73388 923888.7379145001 923888.7419489999 923888.7459835 923888.7500179999 923888.7540525 923888.758087 923888.7621215 923888.7661560001 923888.7701905 923888.7742250001 923888.7782594999 923888.782294 923888.7863284999 923888.7903634999 923888.794398 923888.802467 923888.8065015001
632,923888.810536,92.79400005470961,3759,3762,0.4868198683798442,0.4996329530050523,1.461812295816311,0.9869486754355223,3d gaze,-3.203993635988843,-12.145084774846977,258.9570751433004,923888.810536 923888.8145705 923888.8186055 923888.8226399999 923888.8266745 923888.830709 923888.8387780001 923888.8428125 923888.8468470001 923888.8508814999 923888.854916 923888.8589504999 923888.862985 923888.8670194999 923888.871054 923888.8750885001 923888.879123 923888.8831575001 923888.8871919999 923888.8912265 923888.8952609999 923888.8992955 923888.90333
633,923889.5044750001,137.1740000322461,3780,3784,0.48949493163204627,0.5020286632389305,1.473526281437092,0.9935916125774383,3d gaze,-1.5896709696520492,-9.603577433758332,195.32663366111944,923889.5044750001 923889.5085095 923889.512544 923889.5165784999 923889.520613 923889.5246474999 923889.528682 923889.5327165 923889.5367515001 923889.540786 923889.5448205001 923889.548855 923889.5528895 923889.5569239999 923889.5609585 923889.564993 923889.5690275 923889.5730620001 923889.5770965 923889.5811310001 923889.5851655 923889.5892 923889.5932344999 923889.597269 923889.6013034999 923889.605338 923889.6093725001 923889.613407 923889.6174415001 923889.621476 923889.6255105 923889.6295455 923889.6335799999 923889.6376145 923889.6416490001
634,923889.6456835,88.75950006768107,3784,3787,0.48662694424166814,0.5233953611008305,1.3521360612801347,0.9913575312365657,3d gaze,-3.0500895365882927,-16.126754875878497,235.5064850110548,923889.6456835 923889.6497180001 923889.6537525 923889.6577870001 923889.6618214999 923889.665856 923889.6698904999 923889.673925 923889.6779595 923889.6819945001 923889.686029 923889.6900635001 923889.694098 923889.6981325 923889.7021669999 923889.7062015 923889.710236 923889.7142705 923889.718305 923889.7223395 923889.7263740001 923889.7304085 923889.734443
635,923889.7384774999,80.69099998101592,3787,3789,0.4865649931508524,0.5029926225804185,1.4173714247210123,0.9939299239998772,3d gaze,-3.0424297252472154,-12.07166186777865,242.06967048049233,923889.7384774999 923889.742512 923889.7465464999 923889.750581 923889.7546155001 923889.75865 923889.7626845001 923889.766719 923889.7707535 923889.7747885 923889.7788229999 923889.7828575 923889.7868919999 923889.7909265 923889.7949610001 923889.7989955 923889.8030300001 923889.8070644999 923889.811099 923889.8151334999 923889.8191684999
636,923889.823203,209.79500003159046,3789,3796,0.49237472564535106,0.5133311095041625,1.336200582426708,0.9862780239222184,3d gaze,-0.931350338818969,-15.992379451316504,269.7400925388389,923889.823203 923889.8272375001 923889.831272 923889.8353065001 923889.839341 923889.8433755001 923889.8474099999 923889.8514445 923889.8554789999 923889.8595135 923889.863548 923889.8675825 923889.8716170001 923889.8756515 923889.8796860001 923889.8837204999 923889.887755 923889.8917894999 923889.895824 923889.8998585001 923889.903893 923889.9079275001 923889.9119625001 923889.915997 923889.9200315 923889.9240659999 923889.9281005 923889.9321349999 923889.9361695 923889.9402040001 923889.9442385 923889.9482730001 923889.9523075 923889.956342 923889.9603764999 923889.9644114999 923889.968446 923889.9724805 923889.976515 923889.9805495001 923889.984584 923889.9886185001 923889.9926529999 923889.9966875 923890.0007219999 923890.0047565 923890.008791 923890.0128255 923890.0168600001 923890.0208945 923890.0249290001 923890.0289634999 923890.032998
637,923890.049136,88.759999955073,3796,3799,0.5174499419456247,0.554989492544147,1.4108398078979583,0.9820063917533212,3d gaze,12.150377002610147,-31.781737587750403,325.44051427042655,923890.049136 923890.0531705001 923890.0572055001 923890.06124 923890.0652745 923890.0693089999 923890.0733435 923890.0773779999 923890.0814125 923890.0854470001 923890.0894815 923890.0935160001 923890.0975505 923890.101585 923890.1056194999 923890.1096544999 923890.113689 923890.1177234999 923890.121758 923890.1257925001 923890.129827 923890.1338615001 923890.137896
638,923890.565556,96.82850004173815,3812,3815,0.5586115493565496,0.5253618768827284,1.3609021743620588,0.9462286353111267,3d gaze,26.10116697503244,-17.744427477946882,250.76047556880843,923890.565556 923890.5695905001 923890.573625 923890.5776595001 923890.5816939999 923890.5857285 923890.5897629999 923890.5937975 923890.597832 923890.6018665 923890.6059010001 923890.6099355 923890.6139700001 923890.6180044999 923890.6220394999 923890.626074 923890.6301084999 923890.634143 923890.6381775 923890.642212 923890.6462465001 923890.650281 923890.6543155 923890.6583499999 923890.6623845
639,923890.7067644999,84.72500019706786,3816,3818,0.5616880844460778,0.527529880340842,1.490005480380837,0.9497409611940384,3d gaze,26.962048178625004,-17.973964036616426,247.03192508058422,923890.7067644999 923890.710799 923890.7148335001 923890.718868 923890.7229025001 923890.7269369999 923890.7309715 923890.7350059999 923890.7390405 923890.743075 923890.7471095 923890.7511440001 923890.7551785 923890.7592135 923890.7632480001 923890.7672824999 923890.771317 923890.7753514999 923890.779386 923890.7834205 923890.787455 923890.7914895001
640,923890.9448015001,92.79399993829429,3823,3826,0.46369421771530034,0.5167489562329877,1.474956148694936,0.987695592145125,3d gaze,-14.873764990174415,-18.75034992559693,299.29319931968007,923890.9448015001 923890.9488359999 923890.9528705 923890.9569049999 923890.9609395 923890.964974 923890.9690085 923890.9730435 923890.9770780001 923890.9811125 923890.985147 923890.9891814999 923890.993216 923890.9972504999 923891.001285 923891.0053195001 923891.009354 923891.0133885001 923891.017423 923891.0214575 923891.0254919999 923891.0295265 923891.0335609999 923891.0375955
641,923891.1061825,80.69099998101592,3828,3830,0.4595501484740361,0.5996169384625902,0.9678517673211191,0.9936594324452537,3d gaze,-19.151750521198228,-46.71197095550017,336.147159795773,923891.1061825 923891.1102175 923891.114252 923891.1182865 923891.1223210001 923891.1263555 923891.1303900001 923891.1344244999 923891.138459 923891.1424934999 923891.146528 923891.1505625 923891.154597 923891.1586315001 923891.162666 923891.1667005001 923891.1707349999 923891.1747695 923891.1788039999 923891.1828385 923891.1868735
642,923891.3563234999,153.31199998036027,3835,3840,0.42923037086630283,0.6169841900832969,1.3556524193804287,0.9898700072215154,3d gaze,-25.722049503078292,-37.53187473467608,240.89824072475275,923891.3563234999 923891.360358 923891.3643924999 923891.368427 923891.3724615 923891.376496 923891.3805305001 923891.384565 923891.3885995001 923891.3926339999 923891.3966685 923891.4007035 923891.404738 923891.4087725 923891.412807 923891.4168415 923891.4208760001 923891.4249105 923891.428945 923891.4329794999 923891.437014 923891.4410484999 923891.445083 923891.4491175001 923891.453152 923891.4571865001 923891.4612215001 923891.4652559999 923891.4692905 923891.4733249999 923891.4773595 923891.481394 923891.4854285 923891.4894630001 923891.4934975 923891.4975320001 923891.5015664999 923891.505601 923891.5096354999
643,923891.6387405,80.690500093624,3844,3846,0.5070331862728088,0.6323104290724808,1.3753305193837257,0.9799524659202212,3d gaze,6.591680201717891,-54.52975065471901,321.884396829771,923891.6387405 923891.6427750001 923891.6468095 923891.650844 923891.6548784999 923891.658913 923891.6629475 923891.666982 923891.6710165001 923891.675051 923891.6790855001 923891.6831205001 923891.6871549999 923891.6911895 923891.6952239999 923891.6992585 923891.703293 923891.7073275 923891.7113620001 923891.7153965 923891.7194310001
644,923891.755742,84.72499996423721,3847,3850,0.5178463887687847,0.6215283264089948,1.3980425848473543,0.9713097011501138,3d gaze,13.64740552436394,-57.157004139859275,358.68802477893837,923891.755742 923891.7597765 923891.7638109999 923891.7678455 923891.7718799999 923891.7759145 923891.7799490001 923891.7839835 923891.7880180001 923891.7920525 923891.796087 923891.8001214999 923891.804156 923891.8081904999 923891.812225 923891.8162595001 923891.820294 923891.8243285001 923891.828363 923891.8323975 923891.8364325 923891.8404669999
645,923892.0744695,96.82899992913008,3857,3860,0.43103176928203524,0.6625420333541598,1.3730724965799672,0.9940045857429505,3d gaze,-35.87529941073262,-68.31154628267565,342.8912995965111,923892.0744695 923892.0785040001 923892.0825385 923892.0865730001 923892.0906074999 923892.094642 923892.0986764999 923892.102711 923892.1067455 923892.11078 923892.1148145001 923892.1188495001 923892.122884 923892.1269185 923892.1309529999 923892.1349875 923892.1390219999 923892.1430565 923892.147091 923892.1511255 923892.1551600001 923892.1591945 923892.163229 923892.1672634999 923892.1712984999
646,923892.292334,181.5540000097826,3863,3869,0.43760219194841393,0.6405949927431182,1.3897566012018976,0.9824744527754576,3d gaze,-28.48217123305604,-54.39944140546241,305.4921512337616,923892.292334 923892.2963685 923892.3004030001 923892.3044375 923892.3084725 923892.312507 923892.3165414999 923892.320576 923892.3246104999 923892.328645 923892.3326795001 923892.336714 923892.3407485001 923892.344783 923892.3488175 923892.3528519999 923892.3568865 923892.3609209999 923892.3649555 923892.3689900001 923892.3730245 923892.3770590001 923892.3810935 923892.385128 923892.3891624999 923892.393197 923892.3972314999 923892.4012664999 923892.405301 923892.4093355001 923892.41337 923892.4174045001 923892.4214389999 923892.4254735 923892.4295079999 923892.4335425 923892.437577 923892.4416115 923892.4456460001 923892.4496805 923892.4537155 923892.4577500001 923892.4617844999 923892.465819 923892.4698534999 923892.473888
647,923892.6796484999,117.0014999806881,3875,3878,0.4360360406745834,0.5587989960697751,1.2805782830733927,0.9890848010778427,3d gaze,-27.340350745921196,-29.310893790750253,288.63211675264205,923892.6796484999 923892.683683 923892.6877174999 923892.6917524999 923892.695787 923892.6998215001 923892.703856 923892.7078905001 923892.711925 923892.7159595 923892.7199939999 923892.7240285 923892.7280629999 923892.7320975 923892.7361325 923892.7401670001 923892.7442015 923892.7482360001 923892.7522705 923892.756305 923892.7603394999 923892.764374 923892.7684085 923892.772443 923892.7764775001 923892.780512 923892.7845465001 923892.788581 923892.7926155 923892.7966499999
648,923892.849099,96.82850004173815,3880,3883,0.42628864425553187,0.5510174110384444,1.4241078889397678,0.9907109928131104,3d gaze,-29.683331856380345,-25.267086813407513,267.49226389499046,923892.849099 923892.8531335001 923892.857168 923892.8612025001 923892.8652369999 923892.8692715 923892.8733065 923892.8773409999 923892.8813755 923892.8854100001 923892.8894445 923892.8934790001 923892.8975135 923892.901548 923892.9055824999 923892.909617 923892.9136514999 923892.917686 923892.9217205001 923892.925755 923892.9297895001 923892.933824 923892.9378585 923892.9418929999 923892.9459275
649,923892.9620655,149.27750010974705,3883,3888,0.4297619638824842,0.5493582631840682,1.4631888106444102,0.9889651991819081,3d gaze,-28.96821032563911,-25.529623972480202,275.5205474298464,923892.9620655 923892.9661000001 923892.9701345 923892.9741694999 923892.978204 923892.9822384999 923892.986273 923892.9903074999 923892.994342 923892.9983765001 923893.002411 923893.0064455001 923893.0104799999 923893.0145145 923893.0185495 923893.0225839999 923893.0266185 923893.0306530001 923893.0346875 923893.0387220001 923893.0427565 923893.0467910001 923893.0508254999 923893.05486 923893.0588944999 923893.062929 923893.0669635 923893.070998 923893.0750325001 923893.079067 923893.0831015001 923893.0871359999 923893.0911705 923893.0952049999 923893.0992395 923893.1032740001 923893.1073085 923893.1113430001
650,923893.1153775,161.38150007463992,3888,3893,0.43500977784336736,0.5517802032138948,1.4018754176555062,0.9940230439348918,3d gaze,-28.336273678442183,-27.92561976979546,293.73051842848145,923893.1153775 923893.1194120001 923893.1234464999 923893.1274814999 923893.131516 923893.1355504999 923893.139585 923893.1436195001 923893.147654 923893.1516885001 923893.1557235001 923893.1597579999 923893.1637925 923893.1678269999 923893.1718615 923893.175896 923893.1799305 923893.1839650001 923893.1879995 923893.1920340001 923893.1960684999 923893.200103 923893.2041374999 923893.208172 923893.2122065 923893.216241 923893.2202755001 923893.22431 923893.2283445001 923893.2323789999 923893.2364135 923893.2404479999 923893.2444825 923893.248517 923893.2525515 923893.2565860001 923893.2606205 923893.2646555 923893.26869 923893.2727244999 923893.276759
651,923893.6963495,84.72550008445978,3905,3908,0.35116085252799656,0.43930614586293576,1.3241484480719956,0.9938478767871857,3d gaze,-62.87760872283597,2.128423766696006,265.13072724142785,923893.6963495 923893.7003845 923893.7044190001 923893.7084535 923893.712488 923893.7165224999 923893.720557 923893.7245914999 923893.7286265 923893.732661 923893.7366955001 923893.74073 923893.7447645001 923893.7487989999 923893.7528335 923893.7568679999 923893.7609025 923893.764937 923893.7689715 923893.7730060001 923893.7770405 923893.7810750001
652,923893.7851094999,185.58800010941923,3908,3913,0.3510611706159708,0.42472756639885684,1.0763333228040721,0.9985478311143023,3d gaze,-61.37909757624849,5.5639580647144875,258.8335882674925,923893.7851094999 923893.789144 923893.7931784999 923893.797213 923893.8012475 923893.805282 923893.8093165001 923893.813351 923893.8173855001 923893.8214199999 923893.8254545 923893.8294889999 923893.8335235 923893.837558 923893.8415925 923893.8456275 923893.8496620001 923893.8536965 923893.8577315 923893.861766 923893.8658004999 923893.869835 923893.8738695 923893.877904 923893.8819385001 923893.885973 923893.8900075001 923893.8940419999 923893.8980765 923893.9021109999 923893.9061455 923893.9101799999 923893.9142145 923893.9182490001 923893.9222835 923893.9263180001 923893.9303524999 923893.934387 923893.9384214999 923893.942456 923893.9464905 923893.950525 923893.9545595001 923893.958594 923893.9626285001 923893.9666629999 923893.9706975
653,923894.0554229999,112.96700011007488,3916,3919,0.39286286213922555,0.443367520836132,1.4340611498835645,0.9928627548546627,3d gaze,-47.67351346349507,1.2356551812200303,287.20627718368,923894.0554229999 923894.0594575 923894.0634920001 923894.0675265 923894.0715610001 923894.0755955 923894.07963 923894.0836644999 923894.087699 923894.0917334999 923894.095768 923894.0998025001 923894.103837 923894.1078715001 923894.111906 923894.1159405 923894.1199749999 923894.1240095 923894.1280445 923894.132079 923894.1361135 923894.1401485 923894.1441830001 923894.1482175 923894.152252 923894.1562864999 923894.160321 923894.1643554999 923894.16839
654,923894.3176675,173.48449991550297,3924,3929,0.4363319022459864,0.46340086436811045,1.4002093830343099,0.9546282250772823,3d gaze,-48.06841200233155,-7.346199395564551,511.58949081672074,923894.3176675 923894.321702 923894.3257365001 923894.329771 923894.3338055001 923894.3378399999 923894.3418745 923894.3459089999 923894.3499435 923894.353978 923894.3580125 923894.3620470001 923894.3660815 923894.3701160001 923894.3741504999 923894.378185 923894.3822194999 923894.386254 923894.3902885 923894.394323 923894.3983575001 923894.402392 923894.4064265001 923894.4104609999 923894.4144955 923894.4185305 923894.4225655 923894.4265999999 923894.4306345 923894.4346690001 923894.4387035 923894.4427380001 923894.4467724999 923894.450807 923894.4548414999 923894.458876 923894.4629105 923894.466945 923894.4709795001 923894.475014 923894.4790485001 923894.4830829999 923894.4871175 923894.4911519999
655,923894.4951865,92.79450005851686,3929,3932,0.4379688192708797,0.44353862831087404,1.1764694703850531,0.9548489103714625,3d gaze,-38.65655666710388,1.8371356026616485,422.51677382737415,923894.4951865 923894.4992209999 923894.5032555 923894.5072900001 923894.5113245 923894.5153590001 923894.5193934999 923894.523428 923894.5274624999 923894.531497 923894.5355315 923894.539566 923894.5436005001 923894.547635 923894.5516695001 923894.5557045001 923894.5597395 923894.5637739999 923894.5678085 923894.5718429999 923894.5758775 923894.5799120001 923894.5839465 923894.5879810001
656,923894.5920155,96.82800015434623,3932,3935,0.43060550934990327,0.4527642739360026,1.361579318529809,0.9619247221946716,3d gaze,-39.324876471916134,-1.5149004472087875,380.26908555278635,923894.5920155 923894.59605 923894.6000844999 923894.604119 923894.6081534999 923894.612188 923894.6162225001 923894.620257 923894.6242915001 923894.628326 923894.6323605 923894.6363949999 923894.6404295 923894.6444639999 923894.6484985 923894.6525330001 923894.6565675 923894.6606020001 923894.6646365 923894.668671 923894.6727054999 923894.67674 923894.6807744999 923894.684809 923894.6888435001
657,923894.8986394999,88.75950006768107,3941,3944,0.3775571222287379,0.6460986254809493,1.1931642240360625,0.9888831765755363,3d gaze,-58.91333760581575,-56.22416357186184,302.7951323968162,923894.8986394999 923894.902674 923894.9067085 923894.910743 923894.9147775001 923894.918812 923894.9228465001 923894.9268809999 923894.9309155 923894.9349499999 923894.9389845 923894.943019 923894.9470535 923894.9510880001 923894.9551225 923894.9591570001 923894.9631914999 923894.967226 923894.9712604999 923894.975295 923894.9793295 923894.983364 923894.987399
658,923894.9954685001,201.72599982470274,3944,3950,0.3922588637607781,0.6539037719585128,1.3352361042588166,0.9878911189004487,3d gaze,-57.69039508493477,-65.46327347171324,340.0991426416896,923894.9954685001 923894.9995029999 923895.0035375 923895.0075719999 923895.0116065 923895.0156409999 923895.0196755 923895.0237100001 923895.0277445 923895.0317790001 923895.0358134999 923895.039848 923895.0438824999 923895.047917 923895.0519515 923895.055986 923895.0600205001 923895.064055 923895.0680895001 923895.0721239999 923895.0761585 923895.0801929999 923895.0842275 923895.0882619999 923895.0922965 923895.0963310001 923895.1003655 923895.1044000001 923895.1084344999 923895.112469 923895.1165034999 923895.120538 923895.124573 923895.1286075 923895.132642 923895.136677 923895.1407115001 923895.144746 923895.1487805 923895.1528149999 923895.1568495 923895.1608839999 923895.1649185 923895.1689530001 923895.1729875 923895.1770220001 923895.1810565 923895.185091 923895.1891254999 923895.19316 923895.1971944999
659,923895.201229,217.86500001326203,3950,3956,0.3890326702729068,0.6470253922930308,1.4988865153886353,0.9893526684154164,3d gaze,-55.74104985430887,-59.22843935316202,318.5946771410812,923895.201229 923895.2052635001 923895.209298 923895.2133325001 923895.217367 923895.2214015 923895.2254359999 923895.2294705 923895.2335049999 923895.2375395 923895.2415740001 923895.2456085 923895.2496430001 923895.2536775 923895.257712 923895.2617464999 923895.265781 923895.269816 923895.2738505 923895.277885 923895.28192 923895.2859545001 923895.289989 923895.2940235 923895.2980579999 923895.3020925 923895.3061269999 923895.3101615 923895.3141960001 923895.3182305 923895.3222650001 923895.3262995 923895.330334 923895.3343684999 923895.338403 923895.3424374999 923895.346472 923895.3505065 923895.354541 923895.3585755001 923895.36261 923895.3666445 923895.3706789999 923895.3747135 923895.3787479999 923895.3827825 923895.3868170001 923895.3908515 923895.3948860001 923895.3989205 923895.402955 923895.40699 923895.4110244999 923895.415059 923895.419094
660,923895.4231285,201.72599994111806,3957,3963,0.3831206704106343,0.6414857344775496,1.450997298176205,0.990791491433686,3d gaze,-60.60240969533361,-59.336348832291876,327.903992466335,923895.4231285 923895.427163 923895.4311975001 923895.435232 923895.4392665001 923895.4433009999 923895.4473355 923895.4513699999 923895.4554045 923895.459439 923895.4634735 923895.4675080001 923895.4715425 923895.4755770001 923895.4796114999 923895.483646 923895.4876804999 923895.491715 923895.4957495 923895.499784 923895.5038185001 923895.507853 923895.5118875001 923895.5159219999 923895.5199565 923895.5239909999 923895.5280255 923895.53206 923895.5360945 923895.5401290001 923895.5441635 923895.5481980001 923895.552233 923895.5562674999 923895.560302 923895.564337 923895.5683715 923895.572406 923895.5764405001 923895.580475 923895.5845095001 923895.5885439999 923895.5925785 923895.5966129999 923895.6006475 923895.6046819999 923895.6087165 923895.6127510001 923895.6167855 923895.6208200001 923895.6248544999
661,923895.7862354999,121.03600008413196,3967,3971,0.43629887293153174,0.6245819248440808,1.4520032203846078,0.9803014128438888,3d gaze,-21.760094103764054,-37.21033336241408,228.42297221933063,923895.7862354999 923895.79027 923895.7943045001 923895.798339 923895.8023735001 923895.806408 923895.8104425 923895.8144769999 923895.8185115 923895.8225459999 923895.8265805 923895.8306150001 923895.8346500001 923895.8386845 923895.8427190001 923895.8467534999 923895.850788 923895.854823 923895.8588574999 923895.862892 923895.8669265 923895.870961 923895.8749955001 923895.87903 923895.8830645 923895.8870989999 923895.8911335 923895.8951679999 923895.8992025 923895.9032370001 923895.9072715
662,923895.9234094999,121.03600008413196,3971,3975,0.4165122108239175,0.6258461368692556,1.3226412627461692,0.9945673702224609,3d gaze,-26.070701788033563,-33.50950613293445,203.50506071195318,923895.9234094999 923895.927444 923895.9314784999 923895.935513 923895.9395475 923895.943582 923895.9476165001 923895.951651 923895.9556855 923895.9597199999 923895.9637545 923895.9677889999 923895.9718239999 923895.9758585 923895.9798930001 923895.9839275 923895.9879620001 923895.9919970001 923895.9960314999 923896.000066 923896.0041004999 923896.008135 923896.0121695 923896.016204 923896.0202385001 923896.024273 923896.0283075001 923896.0323419999 923896.0363765 923896.0404109999 923896.0444455
663,923896.04848,137.1739999158308,3975,3979,0.42852195003778576,0.6199630650523983,1.0862420991597463,0.9827630572459277,3d gaze,-23.710875100810345,-34.747785463766455,219.25568370637228,923896.04848 923896.0525145 923896.0565490001 923896.0605835 923896.0646180001 923896.0686524999 923896.072687 923896.0767214999 923896.080756 923896.0847905 923896.088825 923896.096894 923896.1009285001 923896.1049629999 923896.1089975 923896.1130319999 923896.1170669999 923896.1211015 923896.1251360001 923896.1291705 923896.1332050001 923896.1372395 923896.141274 923896.145309 923896.1493434999 923896.153378 923896.1574125 923896.161447 923896.1654815001 923896.169516 923896.1735505001 923896.1775849999 923896.1816195 923896.1856539999
664,923896.1977575,80.690500093624,3980,3982,0.44986739568764395,0.6191838654584627,1.1642947194316409,0.9993828705378941,3d gaze,-18.284800403091086,-39.473827395945214,250.7879075452601,923896.1977575 923896.2017920001 923896.2058265 923896.2098610001 923896.2138954999 923896.21793 923896.2219644999 923896.225999 923896.2300335 923896.234068 923896.2381025001 923896.242137 923896.2461715001 923896.2502059999 923896.2542405 923896.2582749999 923896.2623099999 923896.2663445 923896.270379 923896.2744135 923896.2784480001
665,923896.2824830001,80.68999997340143,3982,3985,0.43814899888972264,0.6266764114326481,1.1436150661645468,0.9938280071531024,3d gaze,-22.786990380589497,-40.6634295923485,246.88519231665066,923896.2824830001 923896.2865175 923896.290552 923896.2945864999 923896.298621 923896.3026554999 923896.30669 923896.3107245001 923896.314759 923896.3187935001 923896.322828 923896.3268625 923896.3308969999 923896.3349315 923896.3389659999 923896.3430005 923896.3470350001 923896.3510695 923896.3551040001 923896.3591385 923896.363173
666,923896.4196570001,205.7604999281466,3986,3992,0.4616800244092164,0.6111024743390077,1.358743514107981,0.9814374653192667,3d gaze,-11.111873514756631,-31.14695002530644,208.15257359588938,923896.4196570001 923896.4236915 923896.4277260001 923896.4317605 923896.435795 923896.4398294999 923896.443864 923896.4478984999 923896.451933 923896.4559675 923896.460002 923896.4640365001 923896.468071 923896.4721055 923896.4761399999 923896.4801745 923896.4842089999 923896.4882435 923896.4922780001 923896.4963125 923896.5003470001 923896.5043815 923896.508416 923896.5124504999 923896.516485 923896.5205194999 923896.524554 923896.5285885 923896.532623 923896.5366575001 923896.540692 923896.544727 923896.5487615 923896.5527959999 923896.5568305 923896.5608649999 923896.5648995 923896.5689340001 923896.5729690001 923896.5770035 923896.5810380001 923896.5850724999 923896.589107 923896.5931414999 923896.597176 923896.6012105 923896.605245 923896.6092795001 923896.613314 923896.6173485001 923896.6213829999 923896.6254175
667,923896.6294519999,96.82900016196072,3993,3995,0.46799097705168324,0.6000294428359768,1.3753354679876015,0.9677975785732269,3d gaze,-9.90878824264633,-32.00782927941039,229.96659762890744,923896.6294519999 923896.6334865 923896.6375210001 923896.6415555 923896.6455900001 923896.6496245 923896.6536590001 923896.6576934999 923896.661728 923896.6657624999 923896.669797 923896.673832 923896.6778665001 923896.681901 923896.6859355001 923896.68997 923896.6940045 923896.6980389999 923896.7020735 923896.7061079999 923896.7101425 923896.7141770001 923896.7182120001 923896.7222465 923896.7262810001
668,923896.7303154999,112.96649998985231,3996,3999,0.46192010144703977,0.6099200995404639,1.486638148871225,0.9835899831919834,3d gaze,-12.677613572075186,-35.58867976973536,239.6215639415195,923896.7303154999 923896.73435 923896.7383844999 923896.742419 923896.7464535 923896.750488 923896.7545225001 923896.758557 923896.7625915001 923896.7666259999 923896.7706605 923896.7746949999 923896.7787295 923896.7827639999 923896.7867985 923896.7908330001 923896.7948675 923896.7989020001 923896.8029364999 923896.806971 923896.8110054999 923896.81504 923896.8190745 923896.823109 923896.827144 923896.8311785001 923896.835213 923896.8392475001 923896.8432819999
669,923896.887662,100.86299991235137,4000,4003,0.4690631028970786,0.5987300156144614,1.4155409114166755,0.9670498944245852,3d gaze,-14.532069857838914,-47.842207760061015,347.2429437962065,923896.887662 923896.8916965 923896.895731 923896.8997655001 923896.9038 923896.9078345001 923896.911869 923896.9159035 923896.9199379999 923896.9239725 923896.9280069999 923896.9320415 923896.9360760001 923896.9401105 923896.9441450001 923896.9481795 923896.952214 923896.956249 923896.9602834999 923896.964318 923896.9683525 923896.972387 923896.9764215001 923896.980456 923896.9844905001 923896.9885249999
670,923897.0208015,80.690500093624,4004,4007,0.4502811888638596,0.5709213159046614,1.4100157999543357,0.9481041967868805,3d gaze,-20.991796286579934,-32.90717676087706,292.73222629104146,923897.0208015 923897.024836 923897.0288704999 923897.032905 923897.0369394999 923897.040974 923897.0450085 923897.049043 923897.057112 923897.0611465 923897.0651809999 923897.0692155 923897.0732499999 923897.0772845 923897.0813190001 923897.0853535 923897.0893880001 923897.0934225 923897.097457 923897.101492
671,923897.2104239999,84.72550008445978,4010,4012,0.4733028279207495,0.588987820978521,1.4981212124268208,0.9908867600289258,3d gaze,-9.767637612081058,-36.56873075242649,284.77146542576,923897.2104239999 923897.2144585 923897.2184929999 923897.2225275 923897.2265620001 923897.2305965 923897.2346310001 923897.2386660001 923897.2427005 923897.246735 923897.2507694999 923897.254804 923897.2588384999 923897.262873 923897.2669075001 923897.270942 923897.2749765001 923897.279011 923897.2830459999 923897.2870805 923897.2911149999 923897.2951495
672,923897.8034995,104.89799990318716,4028,4031,0.598472915287676,0.636290496539289,1.3202587987747019,0.9624422424369388,3d gaze,57.913660287788964,-59.06406375347116,336.67670945465574,923897.8034995 923897.8075339999 923897.8115689999 923897.8156035 923897.8196380001 923897.8236725 923897.8277070001 923897.8317415 923897.835776 923897.8398104999 923897.843845 923897.8478794999 923897.851914 923897.8559485001 923897.859983 923897.864018 923897.8680525001 923897.8720869999 923897.8761215 923897.8801559999 923897.8841905 923897.888225 923897.8922595 923897.8962940001 923897.9003285 923897.9043630001 923897.9083974999
673,923897.989088,129.10500005818903,4033,4037,0.5539684362051586,0.6100020205637876,1.3064853249904744,0.982626445831791,3d gaze,24.493221352230556,-37.523930040516156,251.7065005637803,923897.989088 923897.9931224999 923897.997157 923898.0011915001 923898.005226 923898.009261 923898.0132955001 923898.01733 923898.0213645 923898.0253989999 923898.0294335 923898.0334679999 923898.0375025 923898.0415370001 923898.0455715 923898.0496060001 923898.0536405 923898.057675 923898.0617094999 923898.065744 923898.0697785 923898.073813 923898.0778475001 923898.081882 923898.0859165001 923898.0939855 923898.1020549999 923898.1060895 923898.110124 923898.1141585 923898.1181930001
674,923898.2755394999,80.690500093624,4042,4044,0.5572646856436281,0.6869062427248938,1.4520870325172934,0.9844067153476533,3d gaze,21.975970434450467,-47.109839780379495,211.60515185715542,923898.2755394999 923898.279574 923898.2836084999 923898.287643 923898.291678 923898.2957125 923898.299747 923898.3037815001 923898.307816 923898.3118505001 923898.3158849999 923898.3199195 923898.3239539999 923898.3279885 923898.3320230001 923898.3360575 923898.3400920001 923898.3441265 923898.3481610001 923898.3521954999 923898.35623
675,923898.4570935001,88.75949983485043,4047,4050,0.5244652138201058,0.694487328453331,1.173602463114568,0.9975012696307638,3d gaze,14.155985180452289,-65.18821324114815,284.2906971688095,923898.4570935001 923898.4611279999 923898.4651625 923898.4691969999 923898.4732315 923898.477266 923898.4813005 923898.4853350001 923898.4893695 923898.4934040001 923898.4974384999 923898.501473 923898.505508 923898.5095424999 923898.513577 923898.5176115001 923898.521646 923898.5256805001 923898.529715 923898.5337495 923898.5377839999 923898.5418185 923898.5458529999
676,923898.6023365001,80.69049986079335,4051,4054,0.5272269786244674,0.7015298726661138,1.3328702327420707,0.9990792529923576,3d gaze,15.360061746181497,-66.60084911577175,282.2275137298603,923898.6023365001 923898.606371 923898.6104055 923898.6144399999 923898.6184745 923898.6225089999 923898.6265435 923898.6305780001 923898.6346125 923898.6386470001 923898.6426815 923898.646716 923898.6507504999 923898.654785 923898.65882 923898.6628545 923898.666889 923898.6709235001 923898.674958 923898.6789925001 923898.6830269999
677,923898.6910959999,129.10500005818903,4054,4058,0.5201369820763718,0.6743946978463422,1.3763694003480424,0.9754096058107191,3d gaze,11.583862567778507,-57.5238974930524,274.22283453450194,923898.6910959999 923898.6951305 923898.699165 923898.7031995 923898.7072340001 923898.7112685 923898.7153030001 923898.719338 923898.7233724999 923898.727407 923898.7314414999 923898.735476 923898.7395105001 923898.743545 923898.7475795001 923898.751614 923898.7556485 923898.7596829999 923898.7637175 923898.7677519999 923898.7717865 923898.7758210001 923898.7798555 923898.7838900001 923898.7879250001 923898.7919594999 923898.795994 923898.8000284999 923898.804063 923898.812132 923898.820201
678,923899.0098235,100.86350003257394,4064,4067,0.5237115689069076,0.6505535397165738,1.3736925002064684,0.9755689536149685,3d gaze,13.952870169240937,-54.510651024619264,291.86486323634114,923899.0098235 923899.0138584999 923899.017893 923899.0219274999 923899.025962 923899.0299965 923899.034031 923899.0380655001 923899.0421 923899.0461345001 923899.0501689999 923899.0542035 923899.0582379999 923899.0622725 923899.066307 923899.0703415 923899.0743760001 923899.0784110001 923899.0824455 923899.08648 923899.0905144999 923899.094549 923899.0985834999 923899.102618 923899.1066525001 923899.110687
679,923899.1147215001,100.86349991615862,4067,4070,0.5194506722900653,0.6299418488262037,1.4135216088271298,0.9567617177963257,3d gaze,10.673215909862346,-43.77368449295376,261.5654884139942,923899.1147215001 923899.118756 923899.1227905 923899.1268249999 923899.1308595 923899.1348939999 923899.1389285 923899.1429630001 923899.1469980001 923899.1510325 923899.1550670001 923899.1591015 923899.163136 923899.1671704999 923899.171205 923899.1752395 923899.179274 923899.1833085001 923899.187343 923899.1913775001 923899.195412 923899.1994465 923899.2034809999 923899.2075159999 923899.2115505 923899.215585
680,923899.409242,121.03600008413196,4076,4078,0.5360980407408347,0.6674520025690771,1.3319875236972436,0.9762725979089737,3d gaze,19.120385852951102,-56.734482723480404,279.1937238651284,923899.409242 923899.4132765001 923899.4213455 923899.4253799999 923899.4294145 923899.433449 923899.4374840001 923899.4415185 923899.4455530001 923899.4495875 923899.4536220001 923899.4576564999 923899.461691 923899.4657254999 923899.46976 923899.4737945 923899.477829 923899.4818635001 923899.485898 923899.489933 923899.4980019999 923899.5020365 923899.5060709999 923899.51414 923899.5181745 923899.5222090001 923899.5262435 923899.530278
681,923899.6956935001,80.69099998101592,4083,4085,0.547388411203134,0.5764865756313046,1.1076391926342934,0.9391213272299085,3d gaze,22.653527036868724,-30.957204828099755,263.10441920261746,923899.6956935001 923899.699728 923899.7037625001 923899.707797 923899.7118315 923899.7158659999 923899.7199005 923899.7239349999 923899.7279699999 923899.7320045 923899.7360390001 923899.7400735 923899.7441080001 923899.7481425 923899.752177 923899.7562114999 923899.760246 923899.7642805 923899.768315 923899.77235 923899.7763845001
682,923899.7844535001,84.72449984401464,4086,4088,0.5527672179327585,0.5748252283093843,1.4748355938709672,0.9718172482468865,3d gaze,28.03763353313566,-34.35107793250553,295.74177818577095,923899.7844535001 923899.7884879999 923899.7925225 923899.7965569999 923899.8005915 923899.804626 923899.8086605 923899.8126950001 923899.8167295 923899.8207640001 923899.8247984999 923899.828833 923899.8328674999 923899.836902 923899.8409365 923899.844971 923899.8490055001 923899.85304 923899.8570745001 923899.8611089999 923899.8651435 923899.8691779999
683,923900.6034625,145.2430000063032,4110,4114,0.5372304654891364,0.4984221482173116,1.3386377215376266,0.9387713606293137,3d gaze,15.059101191907057,-10.020996948800489,218.08822997373227,923900.6034625 923900.6074969999 923900.6115315 923900.6155660001 923900.6196005 923900.6236350001 923900.6276700001 923900.6317045 923900.635739 923900.6397734999 923900.643808 923900.6478424999 923900.651877 923900.6559115001 923900.659946 923900.6639805001 923900.668015 923900.6720495 923900.6760839999 923900.6801185 923900.6841529999 923900.6881875 923900.6922220001 923900.6962565 923900.7002910001 923900.7043255 923900.70836 923900.7123944999 923900.716429 923900.7204634999 923900.724498 923900.728533 923900.7325675001 923900.736602 923900.7406365001 923900.7446709999 923900.7487055
684,923900.9262250001,96.82799992151558,4120,4123,0.5829907548322182,0.5993208366278698,1.3470867976792402,0.9334564292430878,3d gaze,46.665146334456246,-44.93200091076594,321.43053463686925,923900.9262250001 923900.9302594999 923900.934294 923900.9383284999 923900.942363 923900.9463975 923900.950432 923900.9544665001 923900.958501 923900.9625355001 923900.9665699999 923900.9706045 923900.9746389999 923900.9786735 923900.982708 923900.9867425 923900.9907770001 923900.9948115 923900.9988460001 923901.0028804999 923901.006915 923901.0109494999 923901.014984 923901.0190185 923901.023053
685,923901.05533,169.45000004488975,4124,4129,0.559109666173871,0.5567851137225518,1.4706341170198238,0.9474716609300569,3d gaze,35.476873831082656,-33.632016281024,337.7576559021663,923901.05533 923901.0593645 923901.0633990001 923901.0674335 923901.0714680001 923901.0755024999 923901.079537 923901.0835714999 923901.087606 923901.0916405 923901.095675 923901.0997095001 923901.103744 923901.1077785001 923901.1118129999 923901.1158475 923901.1198819999 923901.1239165 923901.127951 923901.1319855 923901.1360200001 923901.1400545 923901.1440890001 923901.1481234999 923901.152158 923901.1561924999 923901.160227 923901.164262 923901.1682965 923901.172331 923901.1763655001 923901.1804 923901.1844345 923901.1884689999 923901.1925039999 923901.1965385 923901.2005729999 923901.2046075 923901.2086420001 923901.2126765 923901.2167110001 923901.2207455 923901.22478
686,923901.248987,112.96700011007488,4129,4133,0.5562345840298841,0.5615767215710418,1.4420408925481403,0.946131052642033,3d gaze,33.3953376496773,-34.62553382654354,332.2181454023459,923901.248987 923901.2530215001 923901.257056 923901.2610905 923901.2651249999 923901.2691595 923901.2731939999 923901.2772285 923901.2812630001 923901.2852975 923901.2893320001 923901.2933665 923901.297401 923901.3014354999 923901.30547 923901.309505 923901.3135395 923901.317574 923901.321609 923901.3256435001 923901.329678 923901.3337125 923901.3377469999 923901.3417815 923901.3458159999 923901.3498505 923901.3538850001 923901.3579195 923901.3619540001
687,923901.3659885,108.93250000663102,4133,4136,0.5512395214786359,0.547863624477091,1.4755536197409505,0.9697154398475375,3d gaze,26.31697359071809,-26.05995900831746,285.4285127999241,923901.3659885 923901.370023 923901.3740574999 923901.378092 923901.3821264999 923901.386161 923901.3901955001 923901.39423 923901.3982645001 923901.402299 923901.4063335 923901.4103679999 923901.4144025 923901.4184369999 923901.4224715 923901.4265060001 923901.4305405 923901.4345750001 923901.4386095 923901.442644 923901.4466784999 923901.450713 923901.454748 923901.4587825 923901.462817 923901.4668515001 923901.470886 923901.474921
688,923901.4789555001,141.20849990285933,4136,4140,0.5519155173790823,0.5581503617171614,1.3604378637615053,0.9758826692899069,3d gaze,23.834070993406534,-25.71282159793091,255.02833123443992,923901.4789555001 923901.4829899999 923901.4870245 923901.4910589999 923901.4950935 923901.499128 923901.5031625 923901.5071970001 923901.5112315 923901.5152660001 923901.5193004999 923901.523335 923901.5273694999 923901.531404 923901.5354385 923901.539473 923901.5435075001 923901.547542 923901.5515765001 923901.5556109999 923901.5596455 923901.5636799999 923901.5677145 923901.571749 923901.5757835 923901.5798180001 923901.5838525 923901.5878870001 923901.591922 923901.5959564999 923901.599991 923901.6040254999 923901.60806 923901.612095 923901.6161295001 923901.620164
689,923901.6241985001,181.55350000597537,4141,4146,0.5685686674558269,0.5614521865474217,1.4234094243017912,0.9413633372472681,3d gaze,35.21924000082266,-30.325283901852785,291.44300186939614,923901.6241985001 923901.6282329999 923901.6322675 923901.6363019999 923901.6403365 923901.644371 923901.6484055 923901.6524400001 923901.6564745 923901.6605090001 923901.6645434999 923901.668578 923901.6726124999 923901.676647 923901.6806815 923901.684716 923901.6887505001 923901.692785 923901.6968195001 923901.7008539999 923901.7048885 923901.7089229999 923901.7129575 923901.716992 923901.7210265 923901.7250610001 923901.7290955 923901.7331300001 923901.737165 923901.7412 923901.7452344999 923901.749269 923901.7533034999 923901.757338 923901.7613725001 923901.765407 923901.7694415001 923901.773476 923901.7775105 923901.7815449999 923901.7855795 923901.7896139999 923901.7936485 923901.7976830001 923901.8017175 923901.8057520001
690,923901.82189,133.13949992880225,4147,4150,0.5706720621886301,0.5969565692341169,1.47453615899551,0.9553727647837471,3d gaze,38.22887891428316,-42.01409789476235,306.28305529588596,923901.82189 923901.8259244999 923901.829959 923901.8339935001 923901.838028 923901.8420625001 923901.846097 923901.8501315 923901.8541659999 923901.8582005 923901.8622349999 923901.8662695 923901.8703040001 923901.8743385 923901.8783730001 923901.8824075 923901.886442 923901.890477 923901.894512 923901.8985464999 923901.902581 923901.9066155001 923901.91065 923901.9146845001 923901.918719 923901.9227535 923901.9267879999 923901.9308225 923901.9348569999 923901.9388915 923901.9429260001 923901.9469605 923901.9509950001 923901.9550295
691,923902.3826895,197.69149995408952,4163,4169,0.5536553952051955,0.5221859045441524,1.428137510452854,0.9293234729766846,3d gaze,23.608217051228632,-16.66381781926619,246.16475793376975,923902.3826895 923902.3867240001 923902.3907585 923902.3947930001 923902.3988275 923902.402862 923902.4068964999 923902.410931 923902.4149654999 923902.419 923902.4230345001 923902.427069 923902.4311035001 923902.435138 923902.4391725 923902.4432069999 923902.4472415 923902.4512759999 923902.455311 923902.4593460001 923902.4633805 923902.4674150001 923902.4714495 923902.475484 923902.4795184999 923902.483553 923902.4875874999 923902.491622 923902.4956565001 923902.499691 923902.5037255001 923902.50776 923902.5117945 923902.5158289999 923902.5198635 923902.5238979999 923902.5279325 923902.5319670001 923902.5360015 923902.5400360001 923902.5440705 923902.548105 923902.5521394999 923902.556174 923902.5602084999 923902.564243 923902.5682775001 923902.572312 923902.5763465001 923902.580381
692,923903.072594,80.68999997340143,4184,4186,0.4909232006337329,0.5153909441825126,1.2051226253640475,0.9988678835687184,3d gaze,-1.8031459845894444,-19.08891837080731,312.0058995385709,923903.072594 923903.0766284999 923903.080663 923903.0846975001 923903.088732 923903.0927665001 923903.096801 923903.1008355 923903.1048699999 923903.1089045 923903.1129389999 923903.1169735 923903.1210080001 923903.1250425 923903.1290770001 923903.1331115 923903.137146 923903.1411804999 923903.145215 923903.1492494999 923903.153284
693,923903.976328,80.69099998101592,4211,4213,0.4344449154211049,0.5118369318615963,1.3472099029417133,0.9958687850407192,3d gaze,-26.6338558147368,-15.932793517114922,273.31914600195233,923903.976328 923903.9803625001 923903.9843969999 923903.9884315 923903.9924659999 923903.9965005 923904.000535 923904.0045695 923904.0086045 923904.0126390001 923904.0166735 923904.020708 923904.0247424999 923904.028777 923904.0328114999 923904.036846 923904.0408805001 923904.0449155001 923904.04895 923904.0529845001 923904.0570189999
694,923904.0812260001,80.69049986079335,4214,4216,0.43006291710035527,0.4847739067172851,1.4190992519523156,0.990711700348627,3d gaze,-25.301437980973965,-8.15242676219111,242.50988449965072,923904.0812260001 923904.0852605 923904.0892950001 923904.0933294999 923904.097364 923904.1013984999 923904.105433 923904.1094675 923904.113502 923904.1175365001 923904.121571 923904.1256055001 923904.1296399999 923904.1336745 923904.1377089999 923904.1417435 923904.1457785 923904.149813 923904.1538475 923904.1578820001 923904.1619165
695,923904.2910215,129.10449993796647,4220,4224,0.4916303664417889,0.5074694016751717,1.387265433458383,0.9811409585403673,3d gaze,-0.9586579060180854,-11.728088811737251,217.87880601075742,923904.2910215 923904.295056 923904.2990905 923904.3031250001 923904.3071595 923904.3111940001 923904.3152284999 923904.3192634999 923904.323298 923904.3273324999 923904.331367 923904.3354015001 923904.339436 923904.3434705001 923904.347505 923904.3515395 923904.3555739999 923904.3596085 923904.3636429999 923904.3676775 923904.3717120001 923904.3757465 923904.3797810001 923904.3838155 923904.38785 923904.3918844999 923904.395919 923904.3999534999 923904.403988 923904.4080225001 923904.412057 923904.4160915001 923904.420126
696,923904.499633,107.2660000063479,4226,4230,0.4910416050403486,0.44448577632983355,1.0692429232946736,0.8813015963978698,3d gaze,-3.802129703260524,2.488335005207157,661.3170424067281,923904.499633 923904.572254 923904.606899
697,923904.669083,81.87500003259629,4231,4234,0.49850772867550275,0.4036931602453804,1.422028465375869,0.8482622722534671,3d gaze,2.0332197303839945,12.69438564330673,349.05361546555764,923904.669083 923904.677152 923904.7065775001 923904.714647 923904.7186815001 923904.7227159999 923904.725566 923904.738854 923904.7428885 923904.7469235 923904.7509580001
698,923904.839717,104.89799990318716,4237,4240,0.45361422550122643,0.4511823234524157,1.33853054421038,0.9952531964690597,3d gaze,-13.857862535381535,-0.5914251533706284,209.86275965639376,923904.839717 923904.8437514999 923904.8477865 923904.851821 923904.8558555001 923904.85989 923904.8639245001 923904.8679589999 923904.8719935 923904.8760279999 923904.8800625 923904.884097 923904.8881315 923904.8921660001 923904.8962005 923904.9002355 923904.90427 923904.9083044999 923904.912339 923904.9163734999 923904.920408 923904.9244425001 923904.928477 923904.9325115001 923904.936546 923904.9405805 923904.9446149999
699,923904.9607530001,104.89799990318716,4240,4243,0.4401448708391133,0.4209269841120593,1.441562477918042,0.9855177380420543,3d gaze,-19.623096147721668,5.534280085605445,223.42705383454782,923904.9607530001 923904.9647875 923904.9688220001 923904.9728565 923904.976891 923904.9809254999 923904.98496 923904.9889944999 923904.9930294999 923904.997064 923905.0010985001 923905.005133 923905.0091675001 923905.013202 923905.0172365 923905.0212709999 923905.0253055 923905.02934 923905.0333745 923905.0374090001 923905.0414435 923905.0454785 923905.0495130001 923905.0535474999 923905.057582 923905.0616164999 923905.065651
700,923905.7434515001,153.31199998036027,4264,4268,0.47291216396036534,0.49144192332889947,1.3871810126595576,0.9943555975571657,3d gaze,-9.135306040116783,-10.418171010743853,262.89108779213103,923905.7434515001 923905.747486 923905.7515205 923905.7555549999 923905.7595895 923905.7636245 923905.767659 923905.7716935 923905.7757280001 923905.7797625 923905.7837970001 923905.7878314999 923905.791866 923905.7959004999 923905.799935 923905.8039695 923905.808004 923905.8120385001 923905.816073 923905.8201075001 923905.8241419999 923905.8281765 923905.8322109999 923905.8362455 923905.8402805 923905.844315 923905.8483495 923905.8523840001 923905.8564185 923905.8604530001 923905.8644874999 923905.868522 923905.8725564999 923905.876591 923905.8806255001 923905.88466 923905.8886945001 923905.892729 923905.8967635001
701,923905.9007985,96.82850004173815,4268,4271,0.467433773028453,0.48532779844296703,1.2267789479676598,0.997052526473999,3d gaze,-9.765955463413798,-7.527014326652317,223.005937032436,923905.9007985 923905.9048329999 923905.9088675 923905.9129019999 923905.9169365 923905.9209710001 923905.9250055 923905.9290400001 923905.9330745 923905.937109 923905.9411434999 923905.945178 923905.9492124999 923905.953247 923905.9572815001 923905.961316 923905.9653505001 923905.969385 923905.9734195 923905.9774545 923905.9814889999 923905.9855235 923905.989558 923905.9935925 923905.9976270001
702,923906.1307665,137.1740000322461,4275,4279,0.48751193907775264,0.4744068829969592,1.4710425098630178,0.981364414521626,3d gaze,-2.3490500471790385,-5.057017097488662,210.979776877124,923906.1307665 923906.134801 923906.1388355 923906.1428700001 923906.1469045 923906.1509390001 923906.1549735 923906.159008 923906.1630424999 923906.167077 923906.1711114999 923906.175146 923906.1791805001 923906.183215 923906.1872495001 923906.1912845001 923906.1953189999 923906.1993535 923906.2033879999 923906.2074225 923906.211457 923906.2154915 923906.2195260001 923906.2235605 923906.2275950001 923906.2316294999 923906.235664 923906.2396984999 923906.243733 923906.2477675 923906.251802 923906.2558365001 923906.2598715001 923906.263906 923906.2679405
703,923906.5059775,96.82850004173815,4286,4289,0.5959371239764164,0.5705268682304107,1.3937876947315362,0.8858582783829082,3d gaze,48.491630428138926,-33.06807255387392,291.8382677067002,923906.5059775 923906.5100120001 923906.5140465 923906.5180810001 923906.5221155 923906.52615 923906.5301844999 923906.534219 923906.5382534999 923906.546323 923906.5503575001 923906.554392 923906.5584265001 923906.5624609999 923906.5705299999 923906.5745645 923906.578599 923906.5826335 923906.5866680001 923906.5947370001 923906.5987714999 923906.602806
704,923906.7278765,133.13949992880225,4293,4297,0.43675807048075965,0.45416519859417237,1.4208295525847947,0.9874740628635182,3d gaze,-24.907343034294314,-1.4876427475253573,267.0279979201595,923906.7278765 923906.7319110001 923906.7359455 923906.7399800001 923906.7440145 923906.748049 923906.7520834999 923906.756118 923906.7601524999 923906.7641875 923906.768222 923906.7722565001 923906.776291 923906.7803255001 923906.7843599999 923906.7883945 923906.7924289999 923906.7964635 923906.800498 923906.8045325 923906.8085670001 923906.8126015 923906.8166360001 923906.8206704999 923906.8247054999 923906.82874 923906.8327744999 923906.836809 923906.8408435001 923906.844878 923906.8489125001 923906.852947 923906.8569815 923906.8610159999
705,923906.9578445,125.07049995474517,4300,4304,0.4447994985433721,0.4373437782609818,1.354573151397094,0.9716605339199305,3d gaze,-15.815819392197024,1.7870623094192335,196.80636849098238,923906.9578445 923906.9618795 923906.9659140001 923906.9699484999 923906.973983 923906.9780174999 923906.982052 923906.9860865001 923906.990121 923906.9941555001 923906.99819 923907.0022245001 923907.0062589999 923907.0102935 923907.0143279999 923907.0183625 923907.022397 923907.0264315 923907.0304660001 923907.0345005 923907.038535 923907.0425694999 923907.046604 923907.0506384999 923907.0546734999 923907.058708 923907.0627425001 923907.066777 923907.0708115001 923907.074846 923907.0788805 923907.0829149999
706,923907.0869495,112.96699987724423,4304,4307,0.4546451427113713,0.4404946084845694,1.155042845383639,0.9707243401428749,3d gaze,-12.396084043395723,1.3248296092179401,192.64601842441232,923907.0869495 923907.0909839999 923907.0950185 923907.0990530001 923907.1030875 923907.1071225 923907.1111570001 923907.1151914999 923907.119226 923907.1232604999 923907.127295 923907.1313295 923907.135364 923907.1393985001 923907.143433 923907.1474675001 923907.1515019999 923907.1555365 923907.1595709999 923907.1636055 923907.16764 923907.1716745 923907.1757090001 923907.1797435 923907.1837780001 923907.1878124999 923907.191847 923907.1958814999 923907.1999164999
707,923907.203951,161.38099995441735,4307,4312,0.4445499353929722,0.43180693269008286,1.2782619579608354,0.967254621953499,3d gaze,-16.447234731279394,3.005528648685496,203.80319224305688,923907.203951 923907.2079855001 923907.21202 923907.2160545001 923907.220089 923907.2241235 923907.2281579999 923907.2321925 923907.2362269999 923907.2402615 923907.2442965 923907.2483310001 923907.2523655 923907.2564000001 923907.2604344999 923907.264469 923907.2685034999 923907.272538 923907.2765724999 923907.280607 923907.2846415001 923907.288676 923907.2927105001 923907.2967449999 923907.3007795 923907.3048139999 923907.3088485 923907.312883 923907.3169175 923907.3209520001 923907.3249865 923907.3290210001 923907.3330554999 923907.3370904999 923907.341125 923907.3451594999 923907.349194 923907.3532285 923907.357263 923907.3612975001 923907.365332
708,923907.372217,104.89700001198798,4312,4315,0.4758258918402323,0.41436668388422854,0.8773677734952658,0.8620125856441216,3d gaze,-22.090884027818316,22.373446556706313,731.5234280646642,923907.372217 923907.469045 923907.477114
709,923908.3739644999,80.68999997340143,4342,4344,0.48677000142899796,0.47027171409142,1.4511487397325553,0.9949932779584613,3d gaze,-2.742914339421308,-4.438711740949833,219.39177125327942,923908.3739644999 923908.377999 923908.3820334999 923908.386068 923908.3901025001 923908.394137 923908.3981715001 923908.4022059999 923908.4062405 923908.4102749999 923908.4143095 923908.418344 923908.4223785 923908.4264130001 923908.4304475 923908.4344820001 923908.4385164999 923908.442551 923908.4465854999 923908.45062 923908.4546544999
710,923909.0033505,88.759999955073,4361,4363,0.5006672161154505,0.5035845723261008,1.4636562660406374,0.971451461315155,3d gaze,2.3338554978428165,-12.30806917410555,241.91273227220378,923909.0033505 923909.007385 923909.0114195 923909.0154540001 923909.0194885 923909.0235230001 923909.0275574999 923909.031592 923909.0356264999 923909.039661 923909.0436954999 923909.04773 923909.0517645001 923909.0557995001 923909.059834 923909.0638685001 923909.0679029999 923909.0719375 923909.0759725 923909.0800069999 923909.0840415 923909.0880760001 923909.0921105
711,923909.5117015,121.03549996390939,4376,4380,0.4348561309049234,0.454695503974269,1.4270489346982966,0.9978455766554801,3d gaze,-25.400980205463267,-1.5970823839751778,263.24242448801573,923909.5117015 923909.5157359999 923909.5197705 923909.523805 923909.5278395 923909.5318740001 923909.5359085 923909.5399430001 923909.5439774999 923909.548012 923909.5520464999 923909.556081 923909.5601154999 923909.56415 923909.5681845001 923909.572219 923909.5762535001 923909.5802879999 923909.5843225 923909.5883569999 923909.5923915 923909.596426 923909.6004605 923909.6044950001 923909.6085295 923909.6125640001 923909.6165984999 923909.620633 923909.6246674999 923909.6287024999 923909.632737
712,923909.728381,104.89800001960248,4382,4386,0.4397312435181816,0.47413709669012893,1.1952031155323757,0.869463055130908,3d gaze,-70.83257515980797,-19.003047837268447,798.689010582108,923909.728381 923909.752588 923909.82521 923909.833279
713,923909.99181,108.93250000663102,4390,4394,0.4394391124442984,0.4775836824167143,1.3157766708507208,0.9988642973559243,3d gaze,-23.334414348726465,-7.039422336633103,261.6326910078131,923909.99181 923909.9958444999 923909.999879 923910.0039135001 923910.007948 923910.0119825001 923910.016017 923910.0200515001 923910.0240859999 923910.0281205 923910.0321549999 923910.0361895 923910.040224 923910.0442585 923910.0482930001 923910.0523275 923910.0563620001 923910.060397 923910.0644314999 923910.068466 923910.072501 923910.0765354999 923910.08057 923910.0846045001 923910.088639 923910.0926735001 923910.0967079999 923910.1007425
714,923910.1935360001,88.759999955073,4396,4399,0.5287160382798247,0.509519373724546,1.4967132801989762,0.9143904277256557,3d gaze,12.775079448014294,-12.954573710238341,231.7282685988835,923910.1935360001 923910.1975705 923910.2016050001 923910.2056400001 923910.2096744999 923910.213709 923910.217744 923910.225813 923910.2298475001 923910.233882 923910.2379165001 923910.241951 923910.2459855 923910.2500199999 923910.258089 923910.2621235 923910.2661580001 923910.2701925 923910.2742270001 923910.2782615 923910.282296
715,923910.5687475,100.86350003257394,4408,4411,0.4754883291000296,0.5024635867196197,1.2555790981503852,0.9819009785468762,3d gaze,-5.48831526393773,-8.829217187747181,178.74144990285984,923910.5687475 923910.5727820001 923910.5768164999 923910.580851 923910.5848854999 923910.58892 923910.5929545001 923910.596989 923910.6010235001 923910.605058 923910.6090925001 923910.6131269999 923910.6171615 923910.6211959999 923910.6252309999 923910.6292655 923910.6333000001 923910.6373345 923910.6413690001 923910.6454040001 923910.6494384999 923910.653473 923910.6575074999 923910.661542 923910.6655764999 923910.669611
716,923910.6736455001,88.7589999474585,4411,4413,0.46168487176487477,0.5175584408226497,1.3979840502362875,0.9752818967985071,3d gaze,-8.704110054593666,-10.371731428470925,164.0869957297683,923910.6736455001 923910.67768 923910.6817145001 923910.6857489999 923910.6897835 923910.6938179999 923910.6978525 923910.701887 923910.7059215 923910.7099560001 923910.7139905 923910.7180250001 923910.7220594999 923910.726094 923910.7301284999 923910.734163 923910.7381975 923910.742232 923910.7462665001 923910.750301 923910.7543355001 923910.7583699999 923910.7624045
717,923910.7664389999,96.82900016196072,4413,4416,0.47104947350705323,0.5232378788068479,1.332480921229716,0.9715626454353332,3d gaze,-6.393745051335629,-11.555677158329209,168.70504164200028,923910.7664389999 923910.7704739999 923910.7745085 923910.7785430001 923910.7825780001 923910.7866125 923910.7906470001 923910.7946815 923910.798716 923910.8027504999 923910.806785 923910.8108194999 923910.814854 923910.8188885001 923910.822923 923910.8269575001 923910.830992 923910.8350265 923910.8390609999 923910.8430955 923910.84713 923910.8511645 923910.8551990001 923910.8592335 923910.8632680001
718,923910.8673025,84.72550008445978,4416,4419,0.4668950943765177,0.4931617227423751,1.4574761236547238,0.951165808872743,3d gaze,-7.215009683055104,-6.6117724680105825,161.6792242567832,923910.8673025 923910.871337 923910.8753714999 923910.879406 923910.8834404999 923910.887475 923910.8915095001 923910.895544 923910.8995785001 923910.903613 923910.9076479999 923910.9116825 923910.9157169999 923910.9197515 923910.923786 923910.927821 923910.9318555 923910.9358900001 923910.9399245 923910.943959 923910.9479934999 923910.952028
719,923910.9560624999,217.86400000564754,4419,4426,0.46554975927832964,0.47943120797161626,1.0240846164606259,0.9477150017564947,3d gaze,-8.106111507467451,-4.936864377495872,173.46243793485738,923910.9560624999 923910.960097 923910.9641315001 923910.968166 923910.9722005001 923910.976235 923910.9802695 923910.9843039999 923910.9883385 923910.9923729999 923910.9964075 923911.0004420001 923911.0044765 923911.0085110001 923911.0125455 923911.01658 923911.0206144999 923911.024649 923911.0286834999 923911.032718 923911.0367525001 923911.040787 923911.0448215001 923911.048856 923911.0528909999 923911.0569255 923911.0609599999 923911.0649945 923911.0690289999 923911.073064 923911.0770985 923911.0811330001 923911.0851675 923911.0892020001 923911.0932364999 923911.097271 923911.1013054999 923911.10534 923911.1093745001 923911.113409 923911.1174435001 923911.121478 923911.1255125001 923911.1295469999 923911.1335815 923911.1376159999 923911.1416505 923911.145685 923911.1497195 923911.1537540001 923911.1577885 923911.1618230001 923911.1658574999 923911.169892 923911.1739264999
720,923911.177961,157.34699997119606,4426,4430,0.46770615740236476,0.47921684067433123,1.4201186299044186,0.9465542882680893,3d gaze,-7.669472517461396,-5.0277452315382,177.61949359803629,923911.177961 923911.1819955001 923911.18603 923911.190065 923911.1940995001 923911.198134 923911.2021685 923911.2062029999 923911.2102375 923911.2142719999 923911.218307 923911.2223415 923911.2263760001 923911.2304105 923911.2344450001 923911.2384794999 923911.242514 923911.2465484999 923911.250583 923911.2546175 923911.258652 923911.2626865001 923911.266721 923911.2707555001 923911.2747899999 923911.2788245 923911.2828589999 923911.2868935 923911.290928 923911.2949625 923911.2989970001 923911.3030315 923911.3070660001 923911.3111004999 923911.315135 923911.3191694999 923911.323204 923911.327239 923911.3312735 923911.335308
721,923911.4321365,161.38099995441735,4433,4438,0.44281699983809575,0.49937671433311803,1.2614588915640776,0.9848676680064783,3d gaze,-20.12125207285766,-11.253329390914079,240.67879265410582,923911.4321365 923911.436171 923911.4402055 923911.4442400001 923911.4482745 923911.4523090001 923911.4563435 923911.460378 923911.4644124999 923911.468447 923911.472482 923911.4765165 923911.480551 923911.4845855001 923911.48862 923911.4926545001 923911.4966889999 923911.5007235 923911.5047579999 923911.5087929999 923911.5128275 923911.5168620001 923911.5208965 923911.5249310001 923911.5289655 923911.533 923911.5370344999 923911.541069 923911.5451034999 923911.549138 923911.5531725001 923911.557207 923911.5612415001 923911.565276 923911.5693105 923911.5733449999 923911.5773795 923911.5814139999 923911.5854485 923911.5894830001 923911.5935175
722,923911.608471,96.8290000455454,4439,4441,0.4657863494234445,0.47289006303701875,0.17500534393364156,0.7720203568525427,3d gaze,-35.57355338575826,-17.271242260606005,766.8226519027739,923911.608471 923911.61654 923911.7053
723,923911.9646945,125.07049995474517,4449,4453,0.4683735640363049,0.5214323821197463,1.3908419957478624,0.9825318865478039,3d gaze,-10.387208077804555,-16.338986419329085,244.55174985645507,923911.9646945 923911.9687290001 923911.9727635 923911.976798 923911.9808324999 923911.984867 923911.9889014999 923911.992936 923911.9969705001 923912.001005 923912.0050395001 923912.009074 923912.0131085 923912.0171429999 923912.0211775 923912.025212 923912.0292470001 923912.0332815 923912.0373160001 923912.0413505 923912.0453850001 923912.0494194999 923912.053454 923912.0574884999 923912.061523 923912.0655575 923912.069592 923912.073627 923912.0776615001 923912.081696 923912.0857305 923912.0897649999
724,923912.1260754999,88.75950006768107,4454,4457,0.475724592645326,0.49633384331733543,1.4938928834132132,0.9744163129640662,3d gaze,-5.8124332688796105,-8.424848747412415,191.92300433436085,923912.1260754999 923912.13011 923912.1341444999 923912.138179 923912.1422135001 923912.146248 923912.1502825001 923912.154317 923912.1583515 923912.1623859999 923912.1664205 923912.1704549999 923912.1744899999 923912.1785245 923912.1825590001 923912.1865935 923912.1906280001 923912.1946624999 923912.198697 923912.2027314999 923912.206766 923912.2108005 923912.214835
725,923912.334686,104.89800001960248,4460,4463,0.4857496375864239,0.4405574027374677,1.2582558266431183,0.8795272204361324,3d gaze,-10.327283808435729,4.9968557066720125,728.2788815605859,923912.334686 923912.342755 923912.439584
726,923913.534126,80.69049997720867,4496,4498,-0.047892144224692186,0.2983565750277747,1.491631113637676,0.9302898973226548,3d gaze,-128.76001332328866,19.943184786339984,75.08055789900274,923913.534126 923913.5381605 923913.542195 923913.5462295001 923913.550264 923913.5542985001 923913.5583329999 923913.5623675 923913.5664019999 923913.5704365 923913.574471 923913.5785055 923913.5825400001 923913.5865750001 923913.5906095 923913.594644 923913.5986784999 923913.602713 923913.610782 923913.6148165
727,923913.618851,80.690500093624,4499,4501,-0.04004096517705936,0.3015951791168775,1.4725408768279866,0.8920315906405449,3d gaze,-140.47768578907727,21.610441397224676,86.33655149511324,923913.618851 923913.6228855001 923913.62692 923913.6309545 923913.6349889999 923913.6390235 923913.6430579999 923913.6470925 923913.6511270001 923913.6551620001 923913.6591965 923913.6632310001 923913.6672655 923913.6753344999 923913.679369 923913.6834034999 923913.687438 923913.6914725001 923913.695507 923913.6995415001
728,923914.0949255,217.8645001258701,4513,4519,0.4142111973945829,0.4162392246252148,1.3604420666492745,0.9905562187140843,3d gaze,-25.28997142926106,5.643141800207462,193.87399516292194,923914.0949255 923914.1029945 923914.1070290001 923914.1110634999 923914.1191324999 923914.123167 923914.1272015 923914.131236 923914.1352705001 923914.139305 923914.14334 923914.1473745 923914.1514089999 923914.1554435 923914.1594779999 923914.1635125 923914.1675470001 923914.1715815 923914.1756160001 923914.1796505 923914.183685 923914.1877194999 923914.191754 923914.1957884999 923914.199823 923914.2038575 923914.207892 923914.2119265001 923914.215961 923914.2199955 923914.2240299999 923914.2280649999 923914.2320995 923914.236134 923914.2401685 923914.2442030001 923914.2482375 923914.2522720001 923914.2563064999 923914.260341 923914.2643754999 923914.26841 923914.2724444999 923914.276479 923914.2805135001 923914.284548 923914.288583 923914.2926175001 923914.2966519999 923914.3006865 923914.3047209999 923914.3087555 923914.3127900001
729,923914.558896,201.7264999449253,4527,4533,0.46218045719077383,0.5697408458227139,1.492325113743296,0.9956542709294487,3d gaze,-13.575828583047686,-28.69230689985679,258.04359901017057,923914.558896 923914.5629304999 923914.566965 923914.5709995001 923914.575034 923914.579069 923914.5831035001 923914.587138 923914.5911725 923914.5952069999 923914.5992415 923914.6032759999 923914.6073105 923914.6113450001 923914.6153795 923914.6194140001 923914.6234485 923914.627483 923914.6315174999 923914.635552 923914.6395865 923914.643621 923914.6476555001 923914.65169 923914.6557245001 923914.659759 923914.6637939999 923914.6678285 923914.6718629999 923914.6758975 923914.679932 923914.6839665 923914.6880010001 923914.6920355 923914.6960700001 923914.7001044999 923914.704139 923914.708174 923914.7122084999 923914.716243 923914.7202775 923914.724312 923914.7283465001 923914.732381 923914.7364155 923914.7404499999 923914.7444845 923914.7485189999 923914.7525535 923914.7565880001 923914.7606225
730,923914.892577,80.69099998101592,4537,4539,0.42418425804475113,0.5005659440584191,0.17961603083345778,0.7600260057269943,3d gaze,-93.4776331006214,-39.2532562499822,818.7353666872166,923914.892577 923914.932922 923914.949061 923914.973268
731,923915.1277645,100.86350003257394,4544,4547,0.42171272552534866,0.4119268499795096,1.396714306447474,0.999209633240333,3d gaze,-27.37411827036886,7.62539965101909,231.5537904373925,923915.1277645 923915.1317990001 923915.1358340001 923915.1398685 923915.143903 923915.1479374999 923915.151972 923915.1560065 923915.160041 923915.1640755001 923915.16811 923915.1721445001 923915.176179 923915.1802135 923915.1842479999 923915.1882825 923915.1923169999 923915.1963515 923915.2003860001 923915.2044205 923915.2084550001 923915.2124895 923915.216524 923915.2205584999 923915.224593 923915.228628
732,923915.289146,133.13949992880225,4548,4552,0.403138031865264,0.40309725539473173,1.2368930904279016,0.9984304368846556,3d gaze,-30.497425755995945,8.43329836303286,205.011578357452,923915.289146 923915.2931804999 923915.297215 923915.3012494999 923915.305284 923915.3093185 923915.313353 923915.3173875001 923915.321422 923915.3254565 923915.3294909999 923915.3335255 923915.3375599999 923915.3415945 923915.3456290001 923915.3496635 923915.3536980001 923915.3577325 923915.361767 923915.3658014999 923915.369836 923915.373871 923915.3779054999 923915.38194 923915.3859745001 923915.390009 923915.3940435001 923915.3980779999 923915.4021125 923915.4061469999 923915.4101815 923915.414216 923915.4182510001 923915.4222855
733,923915.5554249999,161.381000187248,4556,4561,0.3079943594567113,0.3955888973709467,1.4488297558587324,0.9979710578918457,3d gaze,-60.19267613734357,9.533749455857158,191.49223380759463,923915.5554249999 923915.5594595 923915.5634939999 923915.5675285 923915.5715630001 923915.5755975 923915.5796320001 923915.5836664999 923915.587701 923915.5917354999 923915.59577 923915.5998045 923915.603839 923915.6078735001 923915.611908 923915.6159425001 923915.6199769999 923915.6240115 923915.6280459999 923915.6320805 923915.6361149999 923915.6401495 923915.6441840001 923915.6482185 923915.6522530001 923915.6562874999 923915.660322 923915.664357 923915.6683914999 923915.672426 923915.6764605001 923915.680495 923915.6845295001 923915.688564 923915.6925985 923915.6966329999 923915.7006679999 923915.7047025 923915.7087369999 923915.7127715 923915.7168060001
734,923915.7208405,92.79350005090237,4561,4564,0.3149469587317269,0.40732233612639357,1.13305772044921,0.9884719947973887,3d gaze,-58.98973017706607,7.5429890625930724,195.70767214729494,923915.7208405 923915.7248750001 923915.7289095 923915.732944 923915.7369784999 923915.741013 923915.7450475 923915.749082 923915.7531165001 923915.757151 923915.7611855001 923915.76522 923915.7692545 923915.7732889999 923915.7773235 923915.7813579999 923915.7853925 923915.7894270001 923915.7934615 923915.7974960001 923915.8015305 923915.805565 923915.8095994999 923915.813634
735,923916.0920165,84.72550008445978,4572,4575,0.5172896209235464,0.5473822794619504,1.2446832131205643,0.9483876431530173,3d gaze,9.209429691780379,-22.55354266502579,249.53542824014022,923916.0920165 923916.0960515 923916.100086 923916.1041204999 923916.108155 923916.1121894999 923916.116224 923916.1202585001 923916.124293 923916.128328 923916.1323625001 923916.1363969999 923916.1404315 923916.1444659999 923916.1485005 923916.1525349999 923916.1565695 923916.1606040001 923916.1646385 923916.1686730001 923916.1727074999 923916.176742
736,923916.257433,80.68999997340143,4577,4580,0.5286058859369861,0.490803471354349,1.382917155374224,0.930050790309906,3d gaze,11.3776859125519,-8.032443387531279,206.04341352380553,923916.257433 923916.2614675 923916.265502 923916.2695365001 923916.273571 923916.2776055001 923916.28164 923916.2856745 923916.2897089999 923916.2937435 923916.2977779999 923916.3018125 923916.3058470001 923916.3098815 923916.3139160001 923916.3179505 923916.321985 923916.3260194999 923916.330054 923916.3340885 923916.338123
737,923916.9029570001,84.72549985162914,4597,4599,0.41118872426256403,0.44580595574098414,1.3649853598195534,0.9938970722935416,3d gaze,-29.318856202121005,0.45557128375093714,216.4864428174037,923916.9029570001 923916.9069915 923916.911026 923916.9150604999 923916.919095 923916.9231295 923916.927164 923916.9311985001 923916.935233 923916.9392675001 923916.9433019999 923916.9473365 923916.9513709999 923916.9554059999 923916.9594409999 923916.9634755 923916.9675100001 923916.9715445 923916.9755790001 923916.9796135 923916.983648 923916.9876824999
738,923917.0603034999,92.79450005851686,4601,4604,0.518347920586152,0.4464879683851619,1.4948183926246341,0.9220597756945569,3d gaze,7.504677418333737,0.28555352685845625,195.7751998962821,923917.0603034999 923917.064338 923917.0683725 923917.072407 923917.0764415 923917.080476 923917.0845105001 923917.0925795 923917.0966139999 923917.1006489999 923917.1046839999 923917.1087185 923917.1127530001 923917.1167875 923917.1208220001 923917.1248565 923917.1288910001 923917.1329254999 923917.13696 923917.1409944999 923917.145029 923917.1490635 923917.153098
739,923917.1571325001,129.1049998253584,4604,4608,0.51170631123932,0.43205056285186993,1.2002085347949933,0.9147473563750584,3d gaze,5.408748925585311,2.846263520149901,195.50439805881746,923917.1571325001 923917.161167 923917.1652015 923917.1692359999 923917.1732705 923917.1773049999 923917.1813395 923917.1853740001 923917.1894085 923917.1974775 923917.201512 923917.2055464999 923917.209581 923917.2136154999 923917.21765 923917.2216845 923917.225719 923917.2297535001 923917.237823 923917.2418575 923917.2458925 923917.2539615 923917.257996 923917.2620305 923917.2660650001 923917.2700995 923917.2741340001 923917.2781684999 923917.282203 923917.2862374999
740,923917.6574135,181.55449989717454,4619,4624,0.5616589414335621,0.4689149018069162,0.7084026483624786,0.8899743014290219,3d gaze,18.453253349953133,-3.248096742787722,169.86551800131272,923917.6574135 923917.661448 923917.6654825001 923917.6695175001 923917.673552 923917.6775865001 923917.6816215 923917.6856559999 923917.6896905 923917.6977595 923917.7017940001 923917.7058285 923917.7098630001 923917.7138975 923917.717932 923917.7219664999 923917.726001 923917.7300354999 923917.7381045 923917.742139 923917.7461735001 923917.750208 923917.7542425 923917.7582769999 923917.7623115 923917.7663459999 923917.7703805 923917.7744150001 923917.7784495 923917.7824840001 923917.7865185 923917.7945874999 923917.798622 923917.8026564999 923917.8066914999 923917.810726 923917.8147605001 923917.8187955001 923917.8268645001 923917.8308989999 923917.8349335 923917.8389679999
741,923918.1173505001,112.96599986962974,4633,4636,0.539276287184794,0.44298570718247754,1.1333819129580458,0.8925736684065598,3d gaze,12.2634070549686,0.7862229848959067,169.90567073509598,923918.1173505001 923918.121385 923918.1254195 923918.1334885 923918.1375229999 923918.1415575 923918.1455920001 923918.1496265 923918.1536610001 923918.1576955 923918.16173 923918.1657644999 923918.169799 923918.1738335 923918.177868 923918.1819025001 923918.185937 923918.1899715001 923918.194006 923918.1980405 923918.2061095 923918.2101439999 923918.2141785 923918.2222475 923918.2262820001 923918.2303165
742,923918.629735,88.759999955073,4648,4651,0.6146184721050347,0.8518272624677717,1.4653915568537783,0.9424477436325767,3d gaze,88.66501889474654,-167.64123282807319,419.4971653896609,923918.629735 923918.6337695001 923918.6378039999 923918.6418385 923918.6458729999 923918.6499075 923918.6539419999 923918.6579765 923918.6620115 923918.6660460001 923918.6700805 923918.6741150001 923918.682184 923918.686219 923918.6902535 923918.694288 923918.6983225001 923918.702357 923918.7063915001 923918.710426 923918.7144605 923918.7184949999
743,923918.831462,80.68999997340143,4654,4657,0.6125828182147097,0.8828837620107689,1.3018068853794007,0.9201494171505883,3d gaze,137.37247254209277,-284.4406961310559,653.9211506985248,923918.831462 923918.8354964999 923918.839531 923918.8435655 923918.8476 923918.8516345001 923918.855669 923918.8597035 923918.8637379999 923918.8677725 923918.8718069999 923918.8758415 923918.8798760001 923918.8839105 923918.8879450001 923918.8919795 923918.896014 923918.9000484999 923918.904083 923918.9081174999 923918.912152
744,923919.2550875,80.68999997340143,4667,4669,0.5262477280950291,0.6298782105808007,1.365794821622607,0.912920105457306,3d gaze,9.453576085215667,-30.44317984024296,181.79870789319006,923919.2550875 923919.2631565 923919.267191 923919.2712254999 923919.27526 923919.2792945 923919.283329 923919.2873635001 923919.291398 923919.2954325001 923919.299467 923919.3035015 923919.3075359999 923919.3115705 923919.3156049999 923919.3196395 923919.3236740001 923919.3277085 923919.3317430001 923919.3357775
745,923919.5536425,84.72499996423721,4676,4678,0.5811738987542989,0.8230394396145312,1.3941143620686367,0.9392809186662946,3d gaze,46.42243946234532,-113.119240540765,311.0104952155845,923919.5536425 923919.5576770001 923919.5617114999 923919.565746 923919.5697804999 923919.573815 923919.5778495 923919.5859185001 923919.589953 923919.5939875001 923919.5980219999 923919.6020565 923919.6060909999 923919.6101255 923919.6141600001 923919.6181945 923919.6222290001 923919.6262635 923919.6302980001 923919.6343324999 923919.6383674999
746,923920.977521,80.69099998101592,4718,4721,0.6352628793010947,0.8146422078973876,1.346374116464074,0.9300801512740907,3d gaze,100.4840314229661,-147.5464433809753,408.58435116283033,923920.977521 923920.9815555001 923920.9855899999 923920.9896245 923920.993659 923920.9976935 923921.001728 923921.0057625 923921.009797 923921.0138315 923921.0178660001 923921.0219004999 923921.025935 923921.0299695 923921.034004 923921.038039 923921.0420735 923921.046108 923921.050143 923921.0541775 923921.058212
747,923921.0622465,145.24249988608062,4721,4725,0.6309789445646052,0.8223781476250062,1.4757844414750443,0.9438448233263833,3d gaze,91.85447758233413,-141.76060993809443,384.481869962497,923921.0622465 923921.0662809999 923921.0703155 923921.0783845 923921.082419 923921.0864535 923921.0904880001 923921.0945225 923921.098557 923921.1025915 923921.106626 923921.1106605 923921.114695 923921.1187295 923921.122764 923921.1267985 923921.130833 923921.1348675 923921.1389019999 923921.1429365 923921.146971 923921.1510055 923921.15504 923921.1590745 923921.1631090001 923921.1671435 923921.171178 923921.1752125 923921.179247 923921.1832815 923921.187316 923921.1913505 923921.1953855 923921.19942 923921.2074889999
748,923921.3083520001,88.759999955073,4728,4731,0.536213423830319,0.6197559090741577,1.3844621835443403,0.9383185151077452,3d gaze,14.04634777866714,-32.619776825168614,206.52144716593781,923921.3083520001 923921.3123865 923921.316421 923921.3204555 923921.32449 923921.3285245 923921.3325595 923921.336594 923921.3406285 923921.344663 923921.3486975001 923921.3527319999 923921.3567665 923921.360801 923921.36887 923921.372905 923921.3769395 923921.3850085 923921.3890430001 923921.3930774999 923921.397112
749,923922.8656794999,121.03600008413196,4774,4778,0.3127561899775385,0.7136148087156059,1.4504308403969288,0.9948544963713615,3d gaze,-117.89871090820645,-97.01880085845804,374.920678982159,923922.8656794999 923922.869714 923922.8737485 923922.877783 923922.881818 923922.8858525 923922.889887 923922.8939215 923922.897956 923922.9019905 923922.906025 923922.9100595 923922.914094 923922.9181285 923922.922163 923922.9261975 923922.9302320001 923922.9342665 923922.938301 923922.9423355 923922.94637 923922.950405 923922.9544395 923922.958474 923922.9625085 923922.966543 923922.9705775001 923922.974612 923922.9786465 923922.982681 923922.9867155
750,923923.067406,137.1740000322461,4781,4785,0.30572927883870443,0.6722512653307484,1.4778483887876241,0.9959647536277771,3d gaze,-104.66965902266391,-70.03481463577198,321.9943924997954,923923.067406 923923.0714405 923923.075475 923923.0795095 923923.083544 923923.0875785 923923.091613 923923.0956475 923923.099682 923923.103717 923923.1077515 923923.111786 923923.1158205001 923923.1198549999 923923.1238895 923923.127924 923923.1319585 923923.135993 923923.1400275 923923.144062 923923.1480965 923923.152131 923923.1561654999 923923.1602 923923.164235 923923.1682695 923923.172304 923923.1763385 923923.180373 923923.1844075 923923.188442 923923.1924765001 923923.1965109999 923923.2005455 923923.20458
751,923923.309478,80.68999997340143,4788,4790,0.3042026120489976,0.7132991645445073,1.3158767284999369,0.998637318611145,3d gaze,-137.35043197848614,-107.89850493416803,415.3053187619801,923923.309478 923923.3135125 923923.317547 923923.3215815 923923.325616 923923.3296505 923923.333685 923923.3377195 923923.3417539999 923923.3457885 923923.349823 923923.3538575 923923.357892 923923.3619265 923923.365961 923923.3699955 923923.3740300001 923923.3780645 923923.382099 923923.3861335 923923.390168
752,923923.3942025,92.79449994210154,4790,4793,0.3050103431463925,0.6947749673754015,1.4028654461474142,0.9898059492309889,3d gaze,-134.07777427897184,-98.48714804716765,409.5997780862161,923923.3942025 923923.398237 923923.4022715 923923.406306 923923.4103405 923923.4143749999 923923.4184095 923923.422444 923923.426479 923923.4305135 923923.434548 923923.438583 923923.4426175 923923.4466520001 923923.4506865 923923.454721 923923.4587555 923923.46279 923923.4668245 923923.470859 923923.4748935 923923.478928 923923.4829625 923923.4869969999
753,923923.624171,133.13950004521757,4797,4801,0.44757616073402734,0.5214824088507415,1.2452881777008566,0.9392673934207243,3d gaze,-15.317403617305459,-13.48928983473502,201.4212909720628,923923.624171 923923.6282055 923923.63224 923923.6362745 923923.640309 923923.6443435 923923.648378 923923.6524125 923923.656447 923923.6604815 923923.664516 923923.6685505 923923.672585 923923.6766195 923923.680654 923923.6846885 923923.688723 923923.6927575 923923.696792 923923.7008265 923923.704861 923923.7088955 923923.71293 923923.7169645 923923.7209995 923923.725034 923923.7290685 923923.733103 923923.7371375 923923.741172 923923.7452064999 923923.7492415 923923.753276 923923.7573105
754,923923.761345,153.31199998036027,4801,4806,0.45560511542338195,0.5063968064629949,1.407275567508258,0.9615522638345376,3d gaze,-12.448992018173524,-10.502376371763301,198.41446115830462,923923.761345 923923.7653795 923923.769414 923923.7734485 923923.777483 923923.7815175 923923.7855519999 923923.7895865 923923.793621 923923.7976555 923923.80169 923923.8057245 923923.809759 923923.8137935 923923.817828 923923.8218625 923923.825897 923923.8299315 923923.833966 923923.8380005 923923.842035 923923.8460695 923923.850104 923923.8541385 923923.8581729999 923923.8622075 923923.866242 923923.8702765 923923.8743115 923923.878346 923923.8823805 923923.886415 923923.8904495 923923.894484 923923.8985185 923923.9025535 923923.906588 923923.9106225 923923.914657
755,923923.9186915,92.79400005470961,4806,4809,0.4457182437461113,0.5239080648531428,1.3298866422010807,0.995207649966081,3d gaze,-14.92187700654335,-13.067955456712724,188.7412171536304,923923.9186915 923923.922726 923923.9267605 923923.9307949999 923923.9348295 923923.938864 923923.9428985 923923.946933 923923.9509675 923923.955002 923923.9590365 923923.9630710001 923923.9671055 923923.97114 923923.9751745 923923.979209 923923.9832435 923923.987278 923923.9913125 923923.995347 923923.9993815 923924.0034159999 923924.0074505 923924.0114855
756,923924.0518305,80.69049997720867,4810,4812,0.45442877284130134,0.5187498000836923,1.2017190863045473,0.9807000231175196,3d gaze,-13.635815320486259,-13.515415642201923,210.7618478452451,923924.0518305 923924.0558655 923924.0599 923924.0639345 923924.067969 923924.0720035 923924.0760379999 923924.0800725 923924.084107 923924.0881415 923924.092176 923924.0962105 923924.100245 923924.1042795 923924.1083140001 923924.1123484999 923924.116383 923924.1204175 923924.124452 923924.1284865 923924.132521
757,923924.2132115,80.69100009743124,4815,4817,0.4646218788436389,0.5190373237842412,1.2517344174462952,0.9873874485492706,3d gaze,-10.868635063026128,-14.58127980890749,225.73797139490793,923924.2132115 923924.217246 923924.2212805001 923924.2253155 923924.22935 923924.2333845 923924.237419 923924.2414535 923924.245488 923924.2495225 923924.253557 923924.2575915 923924.261626 923924.2656605 923924.269695 923924.2737295 923924.277764 923924.2817985 923924.285833 923924.2898675 923924.2939025001
758,923924.560181,80.69049997720867,4825,4827,0.5217013206201684,0.5463279854437479,1.3501323642824594,0.9872367637498038,3d gaze,12.591213313659674,-25.652049664664716,286.40761390126215,923924.560181 923924.5642155 923924.56825 923924.5722845 923924.5763195 923924.580354 923924.5843885 923924.588423 923924.5924575 923924.596492 923924.6005265 923924.604561 923924.6085955 923924.61263 923924.6166645 923924.620699 923924.6247335 923924.628768 923924.6328025 923924.636837 923924.6408715
759,923925.3146375,80.69049997720867,4848,4850,0.43295632189486294,0.47159751248824894,1.1359261063581263,0.9901812417166573,3d gaze,-24.97084382336239,-5.406150887440343,250.7546268044533,923925.3146375 923925.318672 923925.3227065 923925.3267409999 923925.330776 923925.3348105 923925.338845 923925.3428795 923925.346914 923925.3509485 923925.354983 923925.3590175 923925.3630520001 923925.3670864999 923925.371121 923925.3751555 923925.37919 923925.3832245 923925.387259 923925.3912935 923925.395328
760,923925.3993625001,88.75949995126575,4850,4853,0.42879852918147027,0.45838600129134494,1.295147515612184,0.9986304666685022,3d gaze,-24.48669836192913,-2.1509841192197223,230.30455580969343,923925.3993625001 923925.403397 923925.4074315 923925.411466 923925.415501 923925.4195355 923925.42357 923925.4276045 923925.431639 923925.4356735 923925.439708 923925.4437425 923925.447777 923925.4518115 923925.455846 923925.4598805 923925.463915 923925.4679495 923925.471984 923925.4760185 923925.480053 923925.4840875 923925.488122
761,923925.6495035,96.82850004173815,4858,4860,0.3675170660248998,0.37952742935908357,1.4937057528706101,0.9912043106555939,3d gaze,-46.67703581410106,14.181060453343559,223.08348057875662,923925.6495035 923925.653538 923925.6575725 923925.661607 923925.6656415 923925.669676 923925.6737105 923925.677745 923925.6817795 923925.685814 923925.6898485001 923925.6938829999 923925.6979179999 923925.7019525 923925.705987 923925.7100215 923925.714056 923925.7180905 923925.722125 923925.7261595 923925.7301940001 923925.7342285 923925.738263 923925.7422975 923925.746332
762,923925.891575,96.82899992913008,4865,4868,0.32500671572142614,0.43014538542892855,1.3521724871956728,0.997349756459395,3d gaze,-67.59441261293449,4.0298760027928,238.93327248265408,923925.891575 923925.8956095 923925.899644 923925.9036785 923925.907713 923925.9117475 923925.9157819999 923925.9198165 923925.923851 923925.9278855 923925.93192 923925.9359545 923925.939989 923925.9440235 923925.9480580001 923925.9520925 923925.956127 923925.960162 923925.9641965 923925.968231 923925.9722655 923925.9763 923925.9843695001 923925.988404
763,923925.9924385,133.13949992880225,4868,4872,0.3316027855402497,0.4372034211661551,1.1829148831583625,0.9895166123614592,3d gaze,-67.94218160669897,2.540803861566463,250.37324759772417,923925.9924385 923925.996473 923926.0005075 923926.004542 923926.0085765 923926.012611 923926.0166455 923926.02068 923926.0247145 923926.028749 923926.0327835 923926.036818 923926.0408525 923926.044887 923926.0489215 923926.052956 923926.0569905 923926.061025 923926.0650595 923926.069094 923926.0731285 923926.077163 923926.0811975 923926.085232 923926.0892665 923926.093301 923926.0973355 923926.10137 923926.1054045 923926.109439 923926.1134735 923926.117508 923926.121543 923926.125578
764,923926.149785,165.4154999414459,4872,4877,0.31975201087389715,0.4031594842211892,1.485692600843693,0.9957465870039803,3d gaze,-65.94650003767462,9.529388536817972,225.21297425841792,923926.149785 923926.1538195 923926.157854 923926.1618885 923926.165923 923926.1699575 923926.173992 923926.1780265 923926.182061 923926.1860955 923926.19013 923926.1941645 923926.198199 923926.2022335 923926.206268 923926.2103025 923926.214337 923926.2183715 923926.222406 923926.2264405 923926.230475 923926.2345095 923926.238544 923926.2425785 923926.246613 923926.2506475 923926.2546825 923926.258717 923926.2627515 923926.266786 923926.2708205 923926.274855 923926.2788895 923926.2829245001 923926.286959 923926.2909935 923926.295028 923926.2990625 923926.303097 923926.3071315 923926.311166 923926.3152005
765,923926.343442,80.69049997720867,4878,4881,0.3493726987024034,0.42032936020527667,1.3490210004047398,0.998480220635732,3d gaze,-58.995008257024644,6.362161874464999,245.769048643423,923926.343442 923926.3474765 923926.351511 923926.3555455001 923926.35958 923926.3636145 923926.367649 923926.3716835 923926.375718 923926.3797525 923926.383787 923926.3878215 923926.3918560001 923926.3958905 923926.399925 923926.4039595 923926.4079945 923926.412029 923926.4160635 923926.420098 923926.4241325
766,923926.440271,112.96649998985231,4881,4885,0.32997844291259965,0.39402939355170613,1.4383239211879002,0.9983615525837602,3d gaze,-62.764787121048265,11.489691217579926,228.39409073016336,923926.440271 923926.4443055 923926.44834 923926.4523745 923926.456409 923926.4604435 923926.4644780001 923926.4685125 923926.472547 923926.4765815 923926.480616 923926.4846505 923926.488685 923926.4927195 923926.496754 923926.5007885 923926.5048229999 923926.5088575 923926.512892 923926.5169265 923926.520961 923926.5249955 923926.52903 923926.5330645 923926.5370990001 923926.5411335 923926.5451685 923926.549203 923926.5532375
767,923926.5613065,88.75949995126575,4885,4887,0.34365176794693253,0.4043314393202386,1.3416160226206388,0.9986957130224808,3d gaze,-57.26073665086622,9.334318618291151,228.86121743653553,923926.5613065 923926.565341 923926.5693755 923926.57341 923926.5774445 923926.581479 923926.5855135 923926.589548 923926.5935825 923926.5976175 923926.601652 923926.6056865 923926.609721 923926.6137555 923926.61779 923926.6218245 923926.625859 923926.6298935 923926.633928 923926.6379625 923926.641997 923926.6460315 923926.650066
768,923926.6541005,161.38099995441735,4888,4892,0.3280985032326624,0.3915488891357437,1.347153127134405,0.9941270889305487,3d gaze,-55.201133489782144,10.57042245663595,198.657218619355,923926.6541005 923926.658135 923926.6621695 923926.666204 923926.6702385 923926.674273 923926.6783075 923926.682342 923926.6863765 923926.6904115 923926.694446 923926.6984805 923926.702515 923926.7065495 923926.710584 923926.7146185 923926.718653 923926.7226875001 923926.726722 923926.7307565 923926.734791 923926.7388255 923926.74286 923926.7468945 923926.750929 923926.7549635 923926.7589985 923926.763033 923926.7670675 923926.771102 923926.7751365 923926.779171 923926.7832055 923926.78724 923926.7912745 923926.795309 923926.7993435 923926.803378 923926.8074125 923926.811447 923926.8154815
769,923926.819516,108.93250000663102,4892,4896,0.3345623055952889,0.4192245991113825,1.3411808915412793,0.9965324622613413,3d gaze,-52.491248017402526,5.33268250523438,197.2772875451257,923926.819516 923926.8235505 923926.8275855 923926.83162 923926.8356544999 923926.839689 923926.8437235 923926.847758 923926.855827 923926.8598615 923926.863896 923926.8679305 923926.8719649999 923926.8759995 923926.880034 923926.8840685 923926.888103 923926.8921375 923926.896172 923926.9002065 923926.904241 923926.9082754999 923926.9123105 923926.916345 923926.9203795 923926.924414 923926.9284485
770,923926.940552,88.75950006768107,4896,4899,0.35531567076193504,0.4069456854440396,1.1546711860919265,0.9981374844260837,3d gaze,-51.10734670761554,8.519994813062592,222.3906004799538,923926.940552 923926.9445865001 923926.948621 923926.9526555 923926.95669 923926.9607245 923926.9647595 923926.968794 923926.9728285 923926.976863 923926.9808975 923926.984932 923926.9889665 923926.993001 923926.9970355 923927.00107 923927.0051045 923927.009139 923927.0131735 923927.017208 923927.0212425 923927.025277 923927.0293115
771,923927.033346,173.4845000319183,4899,4904,0.3426827411114347,0.4018817099599838,1.3508141193935617,0.99341354444623,3d gaze,-53.240102033078514,9.110581073425998,211.3751224447746,923927.033346 923927.0373805 923927.041415 923927.0454495 923927.049484 923927.057553 923927.0615875 923927.065622 923927.0696565 923927.073691 923927.0777255 923927.085795 923927.0898295 923927.0938639999 923927.0978985 923927.101933 923927.1059675 923927.1100025 923927.114037 923927.1180715 923927.1261405 923927.130175 923927.1342095 923927.138244 923927.1422785 923927.146313 923927.1503475 923927.154382 923927.1584165 923927.162451 923927.1664855 923927.17052 923927.1745545 923927.178589 923927.1826235 923927.186658 923927.1906925 923927.1987615 923927.202796 923927.2068305
772,923927.493282,84.72550008445978,4913,4915,0.3747969421238802,0.6132341414174973,1.361017992149019,0.9986740811304613,3d gaze,-52.937077700133095,-41.15035951828302,266.83401907646635,923927.493282 923927.4973164999 923927.501351 923927.5053855 923927.50942 923927.5134545 923927.517489 923927.5215235 923927.525558 923927.529593 923927.5336275001 923927.537662 923927.5416965 923927.545731 923927.5497655 923927.5538 923927.557835 923927.5618695 923927.565904 923927.5699385 923927.573973 923927.5780075
773,923927.9330455,88.75950006768107,4926,4928,0.480571312756228,0.5430667854392411,1.4869286227920955,0.9984177687893743,3d gaze,-5.133289137787725,-19.727864807230084,228.0351797327854,923927.9330455 923927.9370800001 923927.9411145 923927.945149 923927.9491835 923927.953218 923927.957253 923927.9612875 923927.965322 923927.9693565 923927.973391 923927.9774255 923927.98146 923927.9854945 923927.989529 923927.9935635 923927.997598 923928.0016325 923928.005667 923928.0097015 923928.013736 923928.0177705 923928.021805
774,923928.219497,108.93200000282377,4934,4938,0.13956881894866993,0.3129925836079969,1.4047367550002605,0.9296059949057442,3d gaze,-93.60461810677286,19.989120035208693,134.83798372152077,923928.219497 923928.2235315 923928.227566 923928.2316005 923928.235635 923928.23967 923928.2437045 923928.247739 923928.2517735 923928.255808 923928.2598425 923928.263877 923928.2679115001 923928.271946 923928.2759805 923928.280015 923928.2840495 923928.288084 923928.2921185 923928.296153 923928.3001875 923928.304222 923928.3082564999 923928.312291 923928.3163255 923928.32036 923928.3243945 923928.328429
775,923928.4212235,84.72499996423721,4940,4943,0.1474185615780425,0.2895775949222398,1.1183080378251078,0.9367419928312302,3d gaze,-78.8638850750933,20.266518782801004,116.89594966972547,923928.4212235 923928.425258 923928.4292925 923928.433327 923928.4373615 923928.441396 923928.4454305 923928.449465 923928.4534994999 923928.457534 923928.4615685 923928.465603 923928.4696375 923928.473672 923928.481741 923928.4898099999 923928.4938445 923928.497879 923928.501914 923928.5059485
776,923929.7163065,80.69099998101592,4979,4981,0.4838549826802887,0.5341567393122428,1.4502058476952209,0.8744560522692544,3d gaze,-3.8298845398354024,-17.462485475111187,222.64096933492922,923929.7163065 923929.720341 923929.7243755 923929.72841 923929.7324445 923929.736479 923929.7405135001 923929.7445479999 923929.7485825 923929.752617 923929.7566515 923929.760686 923929.7647205 923929.768755 923929.7727895 923929.7768245 923929.7808595 923929.784894 923929.7889285 923929.792963 923929.7969975
777,923930.0148615,88.759999955073,4988,4990,0.4500430839000897,0.4256597425066057,1.469374151112479,0.8453556441742441,3d gaze,-10.9243072383652,3.086241360485509,152.0545792855288,923930.0148615 923930.018896 923930.0229305 923930.026965 923930.0309995 923930.035034 923930.0390685 923930.043103 923930.0471375 923930.051172 923930.0552065 923930.059241 923930.063276 923930.0673105 923930.0713450001 923930.0753794999 923930.079414 923930.0834485 923930.087483 923930.091518 923930.0955525 923930.099587 923930.1036215
778,923930.771854,112.96599998604506,5010,5014,0.29439548976316826,0.6683283032715496,0.13955202756826943,0.7478162700479681,3d gaze,-317.5989429645452,-196.78327653066498,916.597243229063,923930.771854 923930.779923 923930.787992 923930.80413 923930.828337 923930.836406 923930.852544 923930.860613 923930.868682 923930.876751 923930.88482
779,923931.958004,80.69099998101592,5046,5048,0.5035408396902491,0.31409064775511,1.376815398885663,0.8761002909053456,3d gaze,9.176115222915273,77.15235716144467,630.388476675863,923931.958004 923931.966073 923931.974142 923931.982211 923931.99028 923931.99835 923932.006419 923932.014488 923932.022557 923932.030626 923932.038695
780,923932.24849,80.69099998101592,5054,5057,0.48796053360684105,0.29866596207865004,1.4135771903497023,0.8986958698792891,3d gaze,-6.937678200531758,88.06992327505283,644.3228790569293,923932.24849 923932.256559 923932.264628 923932.272697 923932.280766 923932.288835 923932.296904 923932.304973 923932.313043 923932.321112 923932.329181
781,923932.434078,129.1049999417737,5060,5064,0.4657238920630905,0.30428485141258155,1.498265064269166,0.8513464121257558,3d gaze,-31.8008756621932,89.28936833222126,678.5595378141438,923932.434078 923932.442147 923932.450216 923932.458285 923932.466354 923932.474423 923932.482493 923932.490562 923932.498631 923932.5067 923932.514769 923932.522838 923932.530907 923932.538976 923932.547045 923932.555114 923932.563183
782,923932.821393,112.96599998604506,5072,5075,0.4378181709664519,0.2058729981481056,1.401884158774737,0.7726995309193929,3d gaze,-60.85778019873874,146.20474395836794,647.5625745320751,923932.821393 923932.829462 923932.837531 923932.8456 923932.853669 923932.861738 923932.869807 923932.877876 923932.885945 923932.894014 923932.902083 923932.910152 923932.918221 923932.92629 923932.934359
783,923933.3191395,80.68999997340143,5086,5089,0.27174972718323065,0.5325986587620916,1.4378469401746103,0.9957805275917053,3d gaze,-82.82407124480373,-17.690974305515343,215.69908718135844,923933.3191395 923933.323174 923933.3272085 923933.331243 923933.3352775 923933.339312 923933.3433465001 923933.3473809999 923933.3514155 923933.35545 923933.3594845 923933.363519 923933.3675535 923933.371588 923933.3756225 923933.3796570001 923933.3836914999 923933.387726 923933.3917605 923933.395795 923933.3998295
784,923933.500693,88.759999955073,5092,5095,0.395642681267758,0.6703062253833888,1.4737950642814703,1.0,3d gaze,-42.56454717500283,-53.893224269148426,258.7980084412257,923933.500693 923933.5047275 923933.508762 923933.5127965 923933.516831 923933.5208655 923933.5249 923933.5289345 923933.532969 923933.5370034999 923933.541038 923933.5450725 923933.549107 923933.5531415 923933.557176 923933.5612105001 923933.565245 923933.5692795 923933.573314 923933.5773485 923933.581383 923933.585418 923933.589453
785,923933.604091,88.7589999474585,5095,5098,0.4381212358044557,0.5789734446003764,1.2950482486711021,1.0,3d gaze,-75.20935470008007,-98.22621281696065,818.3721516478344,923933.604091 923933.61216 923933.620229 923933.628298 923933.636367 923933.644436 923933.652505 923933.660574 923933.668643 923933.684781 923933.69285
786,923933.7911789999,108.93200011923909,5101,5104,0.37429584060177673,0.6908712406490694,1.4059096006972902,0.9956034954105105,3d gaze,-71.00526434403554,-80.76510273882111,351.25810733592954,923933.7911789999 923933.7952135 923933.799248 923933.8032825 923933.807317 923933.8113515 923933.815386 923933.8194205 923933.8234550001 923933.8274894999 923933.831524 923933.8355585 923933.839593 923933.8436275 923933.847662 923933.8516965 923933.855731 923933.8597655001 923933.8637999999 923933.8678345 923933.8718695 923933.875904 923933.8799385 923933.883973 923933.8880075 923933.8920420001 923933.8960765 923933.900111
787,923933.9041455,217.8645000094548,5104,5110,0.3722306369556278,0.7105632168871013,1.3097348406053826,0.9960846647068307,3d gaze,-72.40423443468525,-87.47474250162225,351.25769290905345,923933.9041455 923933.9081805 923933.912215 923933.9162495 923933.920284 923933.9243185 923933.928353 923933.9323875001 923933.9364219999 923933.9404565 923933.944491 923933.9485255 923933.95256 923933.9565945 923933.960629 923933.9646635 923933.9686980001 923933.9727324999 923933.976767 923933.9808015 923933.984836 923933.9888705 923933.992905 923933.9969395 923934.000974 923934.0050085001 923934.0090435001 923934.0130779999 923934.0171125 923934.021147 923934.0251815 923934.029216 923934.0332505 923934.0372850001 923934.0413195 923934.0453540001 923934.0493884999 923934.053423 923934.0574575 923934.0614925 923934.065527 923934.0695615 923934.073596 923934.0776305001 923934.081665 923934.0856995 923934.089734 923934.0937685 923934.097803 923934.1018375 923934.105872 923934.1099065 923934.1179755 923934.12201
788,923934.1260444999,133.13950004521757,5111,5114,0.37491995435501135,0.7159277508509658,1.3578192704325094,0.9969903050046979,3d gaze,-61.33387021181792,-77.5094351920743,304.2664600476031,923934.1260444999 923934.130079 923934.1341135 923934.138148 923934.1421825 923934.150252 923934.1542865001 923934.1583209999 923934.1623555 923934.16639 923934.1704245 923934.174459 923934.1784935 923934.182528 923934.1865625 923934.1905970001 923934.1946314999 923934.198666 923934.2027005 923934.206735 923934.2107695 923934.214804 923934.2188385 923934.2228735001 923934.226908 923934.2309425 923934.234977 923934.2390115 923934.243046 923934.2470805 923934.251115 923934.2551495 923934.259184
789,923934.2632185,92.79400005470961,5115,5117,0.38824137881376924,0.7196949899377385,1.199029245336635,0.9931599847648455,3d gaze,-56.336850560850074,-81.07670576487965,314.7568308600649,923934.2632185 923934.267253 923934.2712874999 923934.275322 923934.2793565 923934.283391 923934.2874255 923934.2914605 923934.295495 923934.2995295001 923934.303564 923934.311633 923934.3156675 923934.319702 923934.3237365 923934.327771 923934.3318055 923934.3358400001 923934.3398745 923934.343909 923934.3479435 923934.351978 923934.3560125
790,923934.3721505001,88.759999955073,5118,5121,0.3824222926176212,0.6860474459858511,1.4313681431250291,0.9952145944470945,3d gaze,-52.8187797117334,-63.183798174781764,281.613561149444,923934.3721505001 923934.376185 923934.3802195 923934.3842545 923934.388289 923934.3923235 923934.396358 923934.4003925 923934.404427 923934.4084615 923934.4124960001 923934.4165304999 923934.420565 923934.4245995 923934.4286345 923934.432669 923934.436703 923934.4407375 923934.4447725 923934.448807 923934.4528415 923934.4568759999 923934.4609105
791,923934.464945,125.07049995474517,5121,5124,0.3771934349259937,0.6653619089844022,1.3270275365521491,0.9942071102559566,3d gaze,-52.218229404194254,-54.49223483303849,266.51051968570204,923934.464945 923934.4689795 923934.473014 923934.4770485 923934.4810830001 923934.4851175 923934.489152 923934.4931865 923934.497221 923934.5012555 923934.50529 923934.5093245 923934.513359 923934.5173935 923934.521428 923934.5254625 923934.5294969999 923934.5335315 923934.5375665 923934.541601 923934.5456355 923934.54967 923934.5537045 923934.5577390001 923934.5617734999 923934.565808 923934.5698425 923934.5738775 923934.577912 923934.5819465 923934.585981 923934.5900155
792,923935.801874,121.03599996771663,5161,5164,0.4493552133147969,0.5999156989664572,0.6429298131177453,0.7456417131929862,3d gaze,-41.09374836991756,-77.74314603021233,558.0043504582582,923935.801874 923935.92291
793,923936.323361,209.79499991517514,5176,5182,0.40660743708499264,0.2663321942142303,0.2617944074588812,0.7128298277822358,3d gaze,-104.6910736633984,121.84300883236672,722.5793373752246,923936.323361 923936.436327 923936.533156
794,923937.359202,121.03600008413196,5207,5211,0.7470441934036798,-0.02465119032343046,1.4855651178097113,0.8002845168113708,3d gaze,144.74706124520344,152.5712989125529,291.90806173057183,923937.359202 923937.367271 923937.37534 923937.456031 923937.480238
795,923938.0153285,96.8290000455454,5227,5229,0.5192738316822927,-0.00032897747102380475,1.4275578407142777,0.8713210551511674,3d gaze,6.187213987594201,63.639865846079935,143.82221541782263,923938.0153285 923938.019363 923938.0233974999 923938.0314665 923938.035501 923938.039536 923938.0435705 923938.047605 923938.055674 923938.0597085 923938.0637429999 923938.0677775 923938.071812 923938.0758465 923938.079881 923938.0839155 923938.0879500001 923938.0960194999 923938.100054 923938.1040884999 923938.1121575
796,923938.2735385001,80.69049986079335,5234,5237,0.5193134077227718,0.07205385536071696,0.7284146896463288,0.8622714830072302,3d gaze,6.260196735513995,53.57606167682005,148.2324769223091,923938.2735385001 923938.2775729999 923938.2816075 923938.2896765 923938.293711 923938.2977455 923938.30178 923938.3058145 923938.3098490001 923938.3138834999 923938.317918 923938.3219524999 923938.325987 923938.3300215 923938.3380905 923938.342125 923938.3461595001 923938.3501939999 923938.3542289999
797,923938.6850604999,80.68999997340143,5247,5249,0.530875541912968,0.31292833279028026,1.3596820575297803,0.9057561963796615,3d gaze,9.670654261784163,20.237010020744528,163.61929052324103,923938.6850604999 923938.689095 923938.6931294999 923938.697164 923938.7011985 923938.7092675 923938.713302 923938.7173365001 923938.7213709999 923938.7254055 923938.72944 923938.7334745 923938.737509 923938.7415435 923938.745578 923938.7496125 923938.7536470001 923938.7576814999 923938.761716 923938.7657504999
798,923938.8746829999,145.2430000063032,5252,5257,0.5355765274933459,0.3079640373427956,1.2369512732170036,0.9040069406231245,3d gaze,10.36670521521832,19.95801384035917,155.42255636783491,923938.8746829999 923938.8787175 923938.882752 923938.8867865 923938.890821 923938.8948555 923938.8988900001 923938.9029244999 923938.906959 923938.9109934999 923938.915028 923938.9190625 923938.923097 923938.9271315001 923938.931166 923938.9352005001 923938.9392355001 923938.9432699999 923938.9473045 923938.9513389999 923938.9553735 923938.959408 923938.9634425 923938.9674770001 923938.9715115 923938.9755460001 923938.983615 923938.98765 923938.9916845 923938.995719 923938.9997535 923939.003788 923939.0078225001 923939.011857 923939.0158915 923939.0199259999
799,923939.205514,121.03599996771663,5262,5266,0.474355235672928,0.5878995390506412,1.4215624924255306,0.9959908800740396,3d gaze,-6.0472338418575,-23.59116347882632,184.41405525374628,923939.205514 923939.2095484999 923939.213583 923939.2176175 923939.2216525 923939.225687 923939.2297215001 923939.233756 923939.2377905 923939.2418249999 923939.2458595 923939.249894 923939.2539285 923939.2579630001 923939.2619975 923939.2660320001 923939.2700665 923939.274101 923939.2781354999 923939.28217 923939.2862045 923939.290239 923939.2942735 923939.2983085001 923939.302343 923939.3063775001 923939.3104119999 923939.3144465 923939.318481 923939.3225155 923939.32655
800,923939.3305845,80.690500093624,5266,5268,0.4844487462507034,0.6055585596667397,1.390760310192586,0.9873891103835333,3d gaze,-3.098840183380482,-27.2994442981114,189.1483872377152,923939.3305845 923939.334619 923939.3386535 923939.3426880001 923939.3467224999 923939.350757 923939.3547914999 923939.3588265 923939.362861 923939.3668955 923939.37093 923939.3749645001 923939.378999 923939.3830335 923939.3870679999 923939.3911025 923939.3951369999 923939.3991715 923939.403206 923939.4072405 923939.4112750001
801,923939.4153095,88.75950006768107,5268,5271,0.4871080840812019,0.635385356517901,1.4602728728267136,0.9868613455606543,3d gaze,-2.3144862826120396,-33.167611964998784,192.50531033800056,923939.4153095 923939.419344 923939.4233784999 923939.427413 923939.4314475 923939.435482 923939.4395165 923939.443551 923939.4475855001 923939.45162 923939.4556545 923939.4596895 923939.4637239999 923939.4677585 923939.471793 923939.4758275 923939.479862 923939.4838965 923939.4879310001 923939.4919654999 923939.496 923939.5000344999 923939.504069
802,923940.2262495,80.690500093624,5293,5295,0.489365134367932,0.570155944202251,1.4393254928777626,0.9122980028390885,3d gaze,-1.6301371056052603,-22.165056676928344,198.86150705350934,923940.2262495 923940.230284 923940.2343184999 923940.238353 923940.2423874999 923940.2504565 923940.2544915 923940.258526 923940.2625605001 923940.2665949999 923940.2706295 923940.2746639999 923940.2786985 923940.282733 923940.2867675 923940.2908020001 923940.2948365 923940.2988710001 923940.3029054999 923940.30694
803,923940.3109745,161.38099995441735,5295,5300,0.511358023035604,0.5597158613126619,1.3156508201119903,0.949057038237409,3d gaze,5.8613041864040225,-21.896979064582716,214.97787795508304,923940.3109745 923940.315009 923940.3190435 923940.323078 923940.3271125001 923940.331147 923940.3351815001 923940.3392159999 923940.3432505 923940.3472849999 923940.35132 923940.3553545 923940.359389 923940.3634235 923940.3674580001 923940.3714925 923940.375527 923940.3795614999 923940.383596 923940.3876304999 923940.391665 923940.3956995001 923940.399734 923940.4037685001 923940.407803 923940.4118379999 923940.4158725 923940.4199069999 923940.4239415 923940.427976 923940.4320105 923940.4360450001 923940.4400795 923940.4441140001 923940.4481484999 923940.452183 923940.4562174999 923940.460252 923940.4642865 923940.468321 923940.4723555
804,923940.5167355,80.690500093624,5301,5304,0.5055543647029361,0.5957843587955225,1.4686824933958633,0.9885119781607673,3d gaze,3.7752613239374813,-28.29894735114007,209.45654461600068,923940.5167355 923940.5207700001 923940.5248044999 923940.528839 923940.5328734999 923940.536908 923940.5409425 923940.544977 923940.5490115001 923940.553046 923940.5570805001 923940.5611149999 923940.5651495 923940.569184 923940.573219 923940.5772535 923940.5812880001 923940.5853225 923940.5893570001 923940.5933915 923940.597426
805,923940.785546,80.68999997340143,5309,5312,0.5082088773661418,0.6370417005596998,1.144466894381228,1.0,3d gaze,16.462453056796672,-128.31547300058187,737.990113538994,923940.785546 923940.793615 923940.801684 923940.809753 923940.817822 923940.825891 923940.83396 923940.842029 923940.850098 923940.858167 923940.866236
806,923941.899075,80.69000008981675,5342,5345,0.5076095875218779,0.1654937442717998,1.3366966035340868,0.8223369880156084,3d gaze,11.165383625960766,136.13777354038356,514.4911667923351,923941.899075 923941.907144 923941.915213 923941.923282 923941.931351 923941.93942 923941.947489 923941.955558 923941.963627 923941.971696 923941.979765
807,923942.060456,80.68999997340143,5347,5350,0.4781529338726862,0.12403358114157802,1.3320867943573103,0.8572036027908325,3d gaze,-14.496610275824372,161.20444200226882,525.787984402291,923942.060456 923942.068525 923942.076594 923942.084663 923942.092732 923942.100801 923942.10887 923942.116939 923942.125008 923942.133077 923942.141146
808,923942.149215,121.03599996771663,5350,5354,0.4750979750818308,0.1178294972374,1.02950345381241,0.857551846653223,3d gaze,-17.199121371275215,164.27763516013877,524.7964451066495,923942.149215 923942.157284 923942.165354 923942.173423 923942.181492 923942.189561 923942.19763 923942.205699 923942.213768 923942.221837 923942.229906 923942.237975 923942.246044 923942.254113 923942.262182 923942.270251
809,923942.455839,201.72700006514788,5359,5365,0.48123403299071615,0.1342423135727129,1.4701113070838914,0.8707696382816021,3d gaze,-11.845823978760574,157.0312322566419,530.3253259365536,923942.455839 923942.463908 923942.471977 923942.480047 923942.488116 923942.496185 923942.504254 923942.512323 923942.520392 923942.528461 923942.53653 923942.544599 923942.552668 923942.560737 923942.568806 923942.576875 923942.584944 923942.593013 923942.601082 923942.609151 923942.61722 923942.625289 923942.633358 923942.641428 923942.649497 923942.657566
810,923942.665635,185.5879999930039,5365,5371,0.49097240726000435,0.15086268029166522,1.2524317792933841,0.8543463132598184,3d gaze,-3.159370616991264,147.86557191531693,529.6800941231858,923942.665635 923942.673704 923942.681773 923942.689842 923942.697911 923942.70598 923942.714049 923942.722118 923942.730187 923942.738256 923942.746325 923942.754394 923942.762463 923942.770532 923942.778601 923942.78667 923942.810878 923942.818947 923942.827016 923942.835085 923942.843154 923942.851223
811,923942.87543,80.69099998101592,5372,5374,0.48245268374060607,0.1180680504909463,1.4431658129834368,0.8299686908721924,3d gaze,-10.451239661093231,160.63363446008356,513.7711879783725,923942.87543 923942.883499 923942.891568 923942.899637 923942.907706 923942.915775 923942.923844 923942.939982 923942.956121
812,923942.96419,217.86400000564754,5374,5381,0.48095741894695326,0.09935253828274003,1.2012800420703686,0.8303561646204728,3d gaze,-11.482748879583735,165.58561481434597,498.43855881043305,923942.96419 923942.972259 923942.988397 923942.996466 923943.004535 923943.012604 923943.020673 923943.028742 923943.036811 923943.04488 923943.052949 923943.061018 923943.069087 923943.077156 923943.085225 923943.093294 923943.101363 923943.109432 923943.117502 923943.125571 923943.13364 923943.141709 923943.157847 923943.165916 923943.173985 923943.182054
813,923943.190123,96.8290000455454,5381,5384,0.4843875388210083,0.10120080339595705,0.44696857254564093,0.8243913054466248,3d gaze,-8.499525284333984,163.34453588977354,494.6782552811289,923943.190123 923943.198192 923943.206261 923943.222399 923943.230468 923943.238537 923943.246606 923943.254675 923943.262744 923943.270814 923943.278883 923943.286952
814,923943.448333,112.96600010246038,5389,5392,0.5000582441686473,0.10538152390923565,1.3020933626968292,0.810050959990372,3d gaze,4.353217744225925,153.64321462985754,471.52960659519897,923943.448333 923943.47254 923943.488678 923943.496747 923943.512885 923943.520954 923943.561299
815,923944.31473,96.8280000379309,5415,5417,0.5262316419164568,0.3598849123731725,0.1925080873082822,0.7804112737043472,3d gaze,26.361385937550637,41.312053798910014,514.0703142153378,923944.31473 923944.411558
816,923944.650621,209.79500003159046,5425,5431,0.5381033433406623,0.14816186011929353,0.8949605650942456,0.7553060799837112,3d gaze,31.971065449803405,123.93406191257154,438.59565812799394,923944.650621 923944.812002 923944.820071 923944.860416
817,923944.892693,217.86400000564754,5432,5438,0.5345831371691252,0.13731397594932437,0.1564077629553206,0.746462807059288,3d gaze,29.22250011107893,127.72425257945963,435.1905735575294,923944.892693 923944.900762 923944.989521 923945.110557
818,923945.223524,88.7589999474585,5442,5444,0.5347170609267151,0.13821943542895054,0.07238246828876296,0.7251234352588654,3d gaze,29.35818200831173,127.5148596251639,435.84308401560025,923945.223524 923945.312283
819,923945.392974,80.69000008981675,5447,5449,0.510725396541902,0.10821489746013382,0.13663283702100765,0.7884735018014908,3d gaze,12.402975188913913,146.72365547961655,454.33776532485626,923945.392974 923945.417181 923945.433319 923945.473664
820,923945.626976,121.03599996771663,5454,5457,0.4841257164449262,0.08810289951654923,0.476679339067918,0.761049222946167,3d gaze,-8.518220276647572,165.6768157095383,481.60507633364193,923945.626976 923945.643114 923945.651184 923945.675391 923945.748012
821,923946.030429,88.7589999474585,5466,5468,0.46796944876491614,0.050676874096063994,0.12546314244711157,0.755867580572764,3d gaze,-21.448182275881607,180.54368209617508,469.2446494394955,923946.030429 923946.070774 923946.119188
822,923946.312846,80.69000008981675,5474,5477,0.4609687580041904,0.05304553169228863,0.7691612133021485,0.7762166062990824,3d gaze,-27.844270284220084,184.43440167226098,482.3498676022027,923946.312846 923946.337053 923946.36126 923946.369329 923946.385467 923946.393536
823,923946.627539,209.79500003159046,5484,5490,0.46213268528665885,0.05624842000740149,0.03301797481416646,0.7227039039134979,3d gaze,-26.936862973440014,183.3190411428356,483.92883546215296,923946.627539 923946.837334
824,923946.950301,80.68999997340143,5493,5496,0.46197217913708993,0.0567461762500745,0.08376364575706202,0.7338391542434692,3d gaze,-27.10831047040756,183.3430743467007,484.68256155726124,923946.950301 923947.030991
825,923947.111682,80.68999997340143,5498,5500,0.4619487026052971,0.05583847631863631,0.115798429562901,0.7484119832515717,3d gaze,-27.085966672906522,183.4842144242101,483.7823487244814,923947.111682 923947.192372
826,923947.410237,104.89700001198798,5507,5510,0.46216326920412676,0.05623916506048002,0.039823612358735126,0.7425355166196823,3d gaze,-26.908435095946928,183.30239279984002,483.8731478971139,923947.410237 923947.46672 923947.482858 923947.515134
827,923948.2226819999,96.82850004173815,5531,5534,0.544625803416458,0.5220447905599793,1.4878096883576115,0.9109194080034891,3d gaze,12.36435856633347,-10.318301847932522,152.76561200870472,923948.2226819999 923948.2267165 923948.230751 923948.2347855 923948.2388200001 923948.2428550001 923948.2468895 923948.250924 923948.2549584999 923948.258993 923948.2630275 923948.267062 923948.2710965001 923948.275131 923948.2791655001 923948.2832 923948.2872345 923948.2912689999 923948.2953035 923948.2993379999 923948.3033725 923948.3114415 923948.3154760001 923948.3195105
828,923948.501064,141.20850013568997,5539,5544,0.5258158267352887,0.4906918272909383,1.441940565977493,0.8884332951377419,3d gaze,8.455045253782075,-6.482416189207966,167.49162625833853,923948.501064 923948.5050985 923948.5091329999 923948.5131675 923948.5172019999 923948.521237 923948.5252720001 923948.5293065 923948.5333410001 923948.5373755 923948.5454444999 923948.549479 923948.5535134999 923948.557548 923948.5615825 923948.565617 923948.5696515001 923948.573686 923948.5777205001 923948.5817549999 923948.5857895 923948.5898239999 923948.5938585 923948.5978930001 923948.6019275 923948.6059620001 923948.6099965 923948.6180654999 923948.6221 923948.6261344999 923948.630169 923948.6342035 923948.638238 923948.6422725001
829,923948.9085515,80.690500093624,5552,5554,0.5836550131150946,0.5701342654358225,1.3959513646258193,0.896114424655312,3d gaze,32.232862600806804,-24.898102568122134,220.95163561319436,923948.9085515 923948.912586 923948.9166204999 923948.920655 923948.9246895 923948.928724 923948.9327585001 923948.936793 923948.9408275001 923948.9448625001 923948.9488969999 923948.9529315 923948.9569659999 923948.965035 923948.9690695 923948.9731040001 923948.9811730001 923948.985208 923948.989242
830,923949.613087,80.69099998101592,5573,5575,0.5074223707346058,0.441827333559975,1.246547694783644,0.9934792281740927,3d gaze,14.26391268554472,3.8993785683511653,686.9806625869186,923949.613087 923949.661502 923949.669571 923949.67764 923949.685709 923949.693778
831,923949.7679055,104.89799990318716,5577,5580,0.5739074444047786,0.6233267407771123,1.4972407708137605,0.8975145335380847,3d gaze,30.954946422082266,-38.48153310748906,237.23223557826717,923949.7679055 923949.77194 923949.7759745 923949.7800095 923949.7840440001 923949.7880785 923949.796148 923949.8001824999 923949.804217 923949.8082514999 923949.812286 923949.8163205001 923949.820355 923949.8243895001 923949.828424 923949.8324585 923949.8364929999 923949.8405275 923949.844562 923949.8485965 923949.852631 923949.8566655 923949.8607000001 923949.8647345 923949.868769 923949.8728034999
832,923950.8854695,80.69099998101592,5611,5613,0.5552392756669836,0.5258747034051314,1.2715892552070323,0.8987031206488609,3d gaze,18.60358237804447,-13.422457341694377,188.9209275718385,923950.8854695 923950.8895040001 923950.8935390001 923950.8975734999 923950.901608 923950.9056424999 923950.909677 923950.9137114999 923950.917746 923950.921781 923950.9258155001 923950.92985 923950.9338845001 923950.9379189999 923950.9419535 923950.9459879999 923950.9500225 923950.9580915 923950.9621260001 923950.9661605
833,923950.9742294999,92.79450005851686,5613,5616,0.5592280718437517,0.5166306556393114,1.4810113375333722,0.8816515776244077,3d gaze,17.119099975579516,-10.221070027788208,163.3001905654254,923950.9742294999 923950.978264 923950.9822985 923950.986333 923950.9903675 923950.994402 923950.9984365001 923951.002471 923951.0065055001 923951.0145745 923951.0186089999 923951.0226435 923951.026678 923951.0307125 923951.0387815 923951.0428160001 923951.0468504999 923951.050885 923951.05492 923951.058955 923951.0629895 923951.067024
834,923951.284888,133.13949992880225,5623,5627,0.5641368482528248,0.38108894766843804,1.479361873400935,0.904100670929878,3d gaze,14.851571669421975,8.03146592670038,131.41053521577854,923951.284888 923951.2889225 923951.292957 923951.2969915001 923951.3050605 923951.3090949999 923951.3131295 923951.317164 923951.3211985 923951.3252330001 923951.3292675 923951.3333020001 923951.3373365 923951.3413714999 923951.345406 923951.3494404999 923951.353475 923951.361544 923951.3655785001 923951.3696135001 923951.3776825 923951.3817169999 923951.3857515 923951.3897859999 923951.3938205 923951.3978550001 923951.4018895 923951.4059240001 923951.4099585 923951.413993 923951.4180274999
835,923951.4382,100.86350003257394,5627,5630,0.5628630867070326,0.3972835070133724,0.958113420658417,0.9056516043706374,3d gaze,15.354956527401912,6.415818772911809,138.53309820174889,923951.4382 923951.4422345001 923951.446269 923951.4503035 923951.4583725 923951.4624069999 923951.4664415 923951.4745110001 923951.4785455 923951.4825800001 923951.490649 923951.4946834999 923951.498718 923951.5027525 923951.506787 923951.5108215001 923951.514856 923951.5188905001 923951.5229249999 923951.5309939999 923951.5350289999 923951.5390635
836,923951.9062055,80.68999997340143,5641,5644,0.07887064813856036,0.14996974081422296,1.0772128346684322,0.9068625211715698,3d gaze,-72.53806400739604,29.26975542611452,77.2539002655957,923951.9062055 923951.91024 923951.9142745 923951.9183090001 923951.9223435 923951.9263780001 923951.9304124999 923951.934447 923951.9384814999 923951.942516 923951.9465505 923951.950585 923951.9546195001 923951.9626885001 923951.9667229999 923951.9707575 923951.974792 923951.9788265 923951.982861 923951.9868955
837,923952.939044,129.1049999417737,5672,5676,0.345590402120204,0.22960861199082302,1.4957442537919463,0.9370859689784773,3d gaze,-60.57829367488152,50.03801028417722,240.89890975284516,923952.939044 923952.9430785 923952.9471130001 923952.9511475 923952.9551820001 923952.959217 923952.9632514999 923952.967286 923952.9713204999 923952.975355 923952.9793895 923952.983424 923952.9874585001 923952.991493 923952.9955275 923952.9995619999 923953.0035965 923953.007631 923953.0116655 923953.0157 923953.0197345 923953.0237690001 923953.0278040001 923953.0318384999 923953.035873 923953.0399074999 923953.043942 923953.0479765 923953.052011 923953.0560455 923953.06008 923953.0641145001 923953.0681489999
838,923953.0721835,157.3464999673888,5676,5681,0.35023252310524394,0.24454044943609485,1.2476425362978187,0.9434896958501715,3d gaze,-59.07355840046795,46.918980191531965,243.56473194183548,923953.0721835 923953.0762179999 923953.0802525 923953.084287 923953.0883215 923953.0923560001 923953.0963905 923953.1004250001 923953.1044594999 923953.108494 923953.112529 923953.1165634999 923953.120598 923953.1246325 923953.128667 923953.1327015001 923953.136736 923953.1407705001 923953.1448049999 923953.1488395 923953.152874 923953.1569085 923953.160943 923953.1649775 923953.1690120001 923953.1730470001 923953.1770815 923953.181116 923953.1851504999 923953.189185 923953.197254 923953.2012885 923953.205323 923953.213392 923953.2174265 923953.2214609999 923953.2254955 923953.22953
839,923953.3546005001,104.89799990318716,5684,5687,0.39556411142701964,0.18394761885092484,1.469227282760109,0.9896273458445514,3d gaze,-24.422030832247646,36.69080887677693,147.1251887093616,923953.3546005001 923953.358635 923953.3626695 923953.3667039999 923953.3707385 923953.3747729999 923953.3788075 923953.382842 923953.3868765 923953.3909110001 923953.3949455 923953.39898 923953.4030144999 923953.407049 923953.4110835 923953.415118 923953.4191525 923953.423187 923953.4272215001 923953.431256 923953.435291 923953.4393255 923953.4433599999 923953.4473945 923953.451429 923953.455464 923953.4594985
840,923953.5845679999,104.8980001360178,5691,5694,0.32810442998461853,0.2924638260175265,1.3369852870165975,0.9220743156396426,3d gaze,-71.92597196406255,37.86158807143582,256.6802379351177,923953.5845679999 923953.5886029999 923953.5926379999 923953.5966725 923953.600707 923953.6047415 923953.6087760001 923953.6128105 923953.6168450001 923953.6208794999 923953.624914 923953.6289484999 923953.632983 923953.6370175 923953.641052 923953.6450865 923953.649121 923953.6571899999 923953.6612245 923953.6652589999 923953.6692935 923953.673328 923953.6773625 923953.6813970001 923953.6854315 923953.6894660001
841,923953.697535,80.69099998101592,5695,5697,0.3104399738647078,0.27924230517590953,1.4394972004397046,0.9365853695642381,3d gaze,-70.47115687004691,36.39863915479887,225.1204825584044,923953.697535 923953.7015694999 923953.705604 923953.7096385 923953.713673 923953.7177075 923953.721742 923953.7257765001 923953.7298109999 923953.7338455 923953.7378805 923953.741915 923953.7459495 923953.7499845 923953.754019 923953.7580535 923953.7620880001 923953.7661225 923953.770157 923953.7741914999 923953.778226
842,923953.818571,169.45000004488975,5698,5703,0.29076531731196914,0.25226502145818935,1.4511131209040966,0.9834939414678618,3d gaze,-72.39044594867858,39.15369346959978,205.82292781585681,923953.818571 923953.8226055 923953.82664 923953.8306745 923953.8347090001 923953.8387435 923953.842778 923953.8468124999 923953.850847 923953.8548815 923953.858916 923953.8629505 923953.866985 923953.8710195001 923953.8750545001 923953.8790889999 923953.8831235 923953.887158 923953.8911925 923953.895227 923953.8992615 923953.903296 923953.9073305 923953.9113655 923953.9154 923953.9194344999 923953.923469 923953.9275035 923953.931538 923953.9355725 923953.939607 923953.9436415001 923953.947676 923953.9517105 923953.9557449999 923953.9597795 923953.9638139999 923953.9678485 923953.971883 923953.9759175 923953.9799520001 923953.9839865 923953.988021
843,923953.9920554999,217.8645001258701,5703,5710,0.28050040738587584,0.25005695984342746,1.1146482438475949,0.9892484101382168,3d gaze,-70.35578741938411,36.653566496444476,189.20090815497767,923953.9920554999 923953.99609 923954.0001245 923954.004159 923954.0081935 923954.012228 923954.0162625001 923954.0202975001 923954.024332 923954.0283665 923954.0324009999 923954.0364355 923954.04047 923954.0445045 923954.048539 923954.0525735 923954.0566080001 923954.0606425 923954.064677 923954.0687114999 923954.0727465 923954.076781 923954.0808155 923954.08485 923954.0888845 923954.092919 923954.0969535001 923954.1009879999 923954.1050225 923954.1090569999 923954.1130915 923954.117126 923954.1211605 923954.1251950001 923954.1292295 923954.1332640001 923954.1372984999 923954.141333 923954.1453675 923954.149402 923954.1534365 923954.1574715 923954.161506 923954.1655405001 923954.169575 923954.1736095 923954.1776439999 923954.1816785 923954.185713 923954.1897475 923954.193782 923954.1978165 923954.2018510001 923954.2058855 923954.20992
844,923954.2139544999,125.0705000711605,5710,5714,0.2784615128155731,0.25968989930978076,1.4906717685118953,0.9825691543519497,3d gaze,-70.49103852445118,34.58939787682708,187.82808824636552,923954.2139544999 923954.217989 923954.2220235 923954.2260585 923954.230093 923954.2341275 923954.238162 923954.2421965001 923954.2462309999 923954.2502655 923954.2542999999 923954.2583345 923954.262369 923954.2664035 923954.2704380001 923954.2744725 923954.2785070001 923954.2825414999 923954.286576 923954.2906104999 923954.2946454999 923954.29868 923954.3027145 923954.306749 923954.3107835001 923954.314818 923954.3188525001 923954.3228869999 923954.3269215 923954.330956 923954.3349905 923954.339025
845,923954.3591974999,92.79450005851686,5714,5717,0.2856743165826014,0.2809514492720782,1.2615077195428699,0.9751395086447397,3d gaze,-77.2381427175756,34.80964940086779,214.6309656689805,923954.3591974999 923954.363232 923954.3672665 923954.371301 923954.3753355 923954.37937 923954.3834045001 923954.3874395001 923954.391474 923954.3955085 923954.3995429999 923954.4035775 923954.407612 923954.4116465 923954.4156810001 923954.4197155 923954.4237500001 923954.4277845 923954.431819 923954.4358534999 923954.4398884999 923954.443923 923954.4479575 923954.451992
846,923954.4560265001,88.7589999474585,5717,5720,0.2677930525717963,0.2721995384787216,1.436259968304927,0.9649733544479718,3d gaze,-85.6351075281585,37.39588408047925,216.37662044520275,923954.4560265001 923954.460061 923954.4640955001 923954.4681299999 923954.4761989999 923954.4802335 923954.484268 923954.4883025 923954.492337 923954.4963715 923954.5004060001 923954.5044404999 923954.508475 923954.5125094999 923954.516544 923954.5205785 923954.524613 923954.5286475001 923954.532682 923954.5367165001 923954.5407509999 923954.5447855
847,923954.5488205,88.75949995126575,5720,5723,0.26584298676648715,0.2543417012661491,1.4174774840553992,0.969355257956878,3d gaze,-85.40012788138102,40.722936603896976,213.1490106659291,923954.5488205 923954.5528549999 923954.5568895 923954.560924 923954.5649585 923954.5689930001 923954.5730275 923954.5770625 923954.581097 923954.5851314999 923954.589166 923954.5932005 923954.597235 923954.6012695 923954.605304 923954.6093385001 923954.613373 923954.6174075 923954.621442 923954.6254765 923954.629511 923954.6335455 923954.63758
848,923954.677925,88.759999955073,5724,5726,0.2664907490151238,0.28276553403882904,1.4918908542508253,0.9408179340155228,3d gaze,-89.50368745128328,36.549211404781175,225.13627649626775,923954.677925 923954.6819595001 923954.6859939999 923954.6900285 923954.694063 923954.6980975 923954.7021325 923954.706167 923954.7102015 923954.7142360001 923954.7182705 923954.7223055 923954.72634 923954.7303744999 923954.734409 923954.7384435 923954.742478 923954.7465125 923954.750547 923954.7545815001 923954.758616 923954.7626505 923954.7666849999
849,923954.7707195,217.86400000564754,5727,5733,0.26328121793259174,0.28682408004079335,1.2106940366665004,0.9226760521249951,3d gaze,-84.42020715329609,33.10578861127292,209.0268580951151,923954.7707195 923954.7787885 923954.782823 923954.7868575 923954.7908920001 923954.7949265 923954.798961 923954.8029954999 923954.80703 923954.8110645 923954.815099 923954.8191335 923954.823168 923954.8272025001 923954.831237 923954.8352715 923954.8393059999 923954.8433405 923954.847375 923954.8514095 923954.855444 923954.859479 923954.863514 923954.8675485 923954.8715830001 923954.8756174999 923954.879652 923954.8836865 923954.887721 923954.8917555 923954.89579 923954.8998245001 923954.903859 923954.9078935 923954.9119279999 923954.9159625 923954.919997 923954.9240315 923954.928066 923954.9321005 923954.9361350001 923954.9401695 923954.944204 923954.9482384999 923954.9563075 923954.960342 923954.9643765 923954.968411 923954.9724455001 923954.97648 923954.9805145 923954.9845489999 923954.9885835
850,923954.996653,100.86300002876669,5733,5736,0.2777014901914543,0.30134128247157094,1.4433403224783785,0.9366402454101123,3d gaze,-79.21598492224884,30.188464589002987,211.56749083479048,923954.996653 923955.0006875 923955.004722 923955.0087565 923955.0127910001 923955.0168260001 923955.0208604999 923955.024895 923955.0289294999 923955.032964 923955.0369985 923955.041033 923955.0450675001 923955.049102 923955.0531365001 923955.0571709999 923955.0612055 923955.06524 923955.0692745 923955.073309 923955.0773435 923955.081378 923955.0854125 923955.0894470001 923955.0934814999 923955.097516
851,923955.1903105001,133.138999924995,5739,5743,0.2805030312308374,0.36890756249224277,1.4470855230340711,0.9421681603964638,3d gaze,-82.09636725741657,17.113195754321097,224.0299479957079,923955.1903105001 923955.194345 923955.1983795001 923955.2024139999 923955.2064485 923955.210483 923955.2145175 923955.218552 923955.2225865 923955.226621 923955.2306555 923955.2346900001 923955.2387244999 923955.242759 923955.2467934999 923955.250828 923955.2548625 923955.258897 923955.2629315001 923955.266966 923955.2710005001 923955.2750349999 923955.2790695 923955.283104 923955.287139 923955.2911735 923955.295208 923955.2992425 923955.3032770001 923955.3073115 923955.3113460001 923955.3153804999 923955.319415 923955.3234495
852,923955.4243129999,145.2430000063032,5746,5750,0.3055562524386963,0.3590532962566813,1.308784944291401,0.9250828889576165,3d gaze,-67.42326127530133,17.885000969779547,210.9899429009744,923955.4243129999 923955.4283475 923955.4323819999 923955.4364165 923955.440451 923955.4444855 923955.4485200001 923955.4525545 923955.4565890001 923955.4606234999 923955.464658 923955.4686925 923955.472727 923955.4767615 923955.480796 923955.4848305 923955.488865 923955.4928995001 923955.4969339999 923955.5009689999 923955.5050035 923955.509038 923955.5130725 923955.517107 923955.5211415 923955.5251760001 923955.5292105 923955.533245 923955.5372794999 923955.541314 923955.5453485 923955.549383 923955.5534175 923955.557452 923955.561487 923955.5655215001 923955.569556
853,923955.585694,129.1049999417737,5751,5755,0.2989149251374737,0.32962274445844986,1.374163883744252,0.9412806648196597,3d gaze,-74.12025604011926,25.226428478978956,222.7942859900562,923955.585694 923955.5897285 923955.593763 923955.5977975 923955.6018320001 923955.6058665 923955.609901 923955.6139355 923955.61797 923955.6220045 923955.626039 923955.6300735 923955.634108 923955.6381425001 923955.642177 923955.6462115 923955.6502459999 923955.6542805 923955.658315 923955.66235 923955.6663845 923955.670419 923955.6744535 923955.6784880001 923955.6825224999 923955.686557 923955.6905914999 923955.694626 923955.6986605 923955.702695 923955.70673 923955.7107645001 923955.714799
854,923955.7349715,80.69049997720867,5755,5758,0.3210124638581028,0.33197556822357766,1.4626568704285758,0.9246811951909747,3d gaze,-71.42728736621224,26.82994342466113,244.26873903033092,923955.7349715 923955.739006 923955.7430405 923955.7470750001 923955.7511095 923955.755144 923955.7591784999 923955.763213 923955.7672475 923955.771282 923955.7753165 923955.779351 923955.7833855001 923955.78742 923955.7914545 923955.7954889999 923955.7995235 923955.803558 923955.807593 923955.8116275 923955.815662
855,923955.87618,129.1049999417737,5760,5763,0.3536277320309795,0.33696286810656206,1.409575773540272,0.9419364188656663,3d gaze,-43.26322256663175,19.27934308650227,185.3008915570694,923955.87618 923955.8802145 923955.884249 923955.8882835 923955.8923180001 923955.8963525 923955.9003870001 923955.9044214999 923955.908456 923955.9124905 923955.916525 923955.9205595 923955.924594 923955.9286285 923955.932663 923955.9366975001 923955.9407319999 923955.9447665 923955.948801 923955.9528355 923955.95687 923955.9609045 923955.9649390001 923955.9689735 923955.9730080001 923955.977043 923955.9810774999 923955.985112 923955.989147 923955.9931815 923955.997216 923956.0012505 923956.005285
856,923956.150528,80.68999997340143,5768,5770,0.3817794542778632,0.3472164004785374,1.4559818366534498,0.9961080749829611,3d gaze,-25.871031265336093,13.040673280005066,139.83276717493035,923956.150528 923956.1545625001 923956.158597 923956.1626315 923956.1666659999 923956.1707005 923956.174735 923956.1787695 923956.182804 923956.1868385 923956.1908730001 923956.1949075 923956.198942 923956.2029765 923956.207011 923956.2110455 923956.21508 923956.2191145 923956.223149 923956.2271835001 923956.231218
857,923956.2352525,117.0014999806881,5770,5774,0.3906548584128286,0.3652399484169377,1.1880706255164193,0.9905887309994016,3d gaze,-27.36691556276512,12.261018642300721,160.98050845710017,923956.2352525 923956.2392869999 923956.2433215 923956.247356 923956.2513905 923956.255425 923956.2594595 923956.2634940001 923956.2675285 923956.2715634999 923956.275598 923956.2796325 923956.283667 923956.2877015 923956.2917365 923956.295771 923956.2998055001 923956.30384 923956.3078745 923956.3119089999 923956.3159435 923956.319978 923956.3240125 923956.328047 923956.3320815 923956.3401505 923956.3482194999 923956.352254
858,923956.3562885,149.27749999333173,5774,5778,0.38042421593212206,0.36356499650412816,1.375300997855123,0.9946446905010625,3d gaze,-27.67513857513211,11.543723124347549,147.78235857242692,923956.3562885 923956.360323 923956.3643575 923956.368392 923956.3724265001 923956.376461 923956.3804955 923956.3845299999 923956.3885645 923956.392599 923956.3966335 923956.400668 923956.4047025 923956.4087375 923956.4127720001 923956.4168064999 923956.420841 923956.4248754999 923956.42891 923956.4329445 923956.436979 923956.4410135 923956.445048 923956.4490825001 923956.4531175001 923956.4571519999 923956.4611865 923956.465221 923956.4692555 923956.47329 923956.4773245 923956.4813590001 923956.4853935 923956.4894280001 923956.4934624999 923956.497497 923956.5015315 923956.505566
859,923956.5096005,149.27749999333173,5778,5783,0.37865337687768874,0.35743187882836397,1.1883426335378413,0.9867456665164546,3d gaze,-29.14633509580164,12.8313452072347,153.13483801734355,923956.5096005 923956.513635 923956.5176695 923956.521704 923956.5257385001 923956.5297729999 923956.5338075 923956.537842 923956.5418765 923956.545911 923956.5499455 923956.5539805 923956.5580150001 923956.5620495 923956.566084 923956.5701184999 923956.574153 923956.5781875 923956.582222 923956.5862565 923956.590291 923956.5943255001 923956.59836 923956.6023945 923956.6064295 923956.6104639999 923956.6144985 923956.618533 923956.6225675 923956.6266020001 923956.6306365 923956.6346710001 923956.6387054999 923956.64274 923956.6467745 923956.650809 923956.6548435 923956.658878
860,923956.6629125,137.1740000322461,5783,5787,0.39580097442379353,0.3430223048503669,1.496116959520917,0.9902737242834908,3d gaze,-23.164203564300983,13.856073572309835,143.20051959532998,923956.6629125 923956.666947 923956.6709815001 923956.6750159999 923956.6790505 923956.6830849999 923956.6871195 923956.6911545 923956.695189 923956.6992235 923956.703258 923956.7072925 923956.711327 923956.7153614999 923956.719396 923956.7234305 923956.727465 923956.7314995 923956.735534 923956.7395685001 923956.743603 923956.7476375 923956.7516719999 923956.7557065 923956.759741 923956.7637755 923956.7678105 923956.771845 923956.7758795 923956.7799140001 923956.7839485 923956.787983 923956.7920175 923956.796052 923956.8000865
861,923957.1995045,117.0014999806881,5799,5803,0.3769432486685441,0.33995108825122994,1.4939662861837961,0.9979973753293355,3d gaze,-25.72608224048442,13.326258365941502,132.82779962175923,923957.1995045 923957.203539 923957.2075735 923957.211608 923957.2156425 923957.2196770001 923957.2237115 923957.227746 923957.2317804999 923957.235815 923957.2398495 923957.2438845 923957.247919 923957.2519535 923957.2559885001 923957.260023 923957.2640575 923957.2680919999 923957.2721265 923957.276161 923957.2801955 923957.28423 923957.2882645 923957.292299 923957.2963335 923957.300368 923957.3044024999 923957.308437 923957.3124715 923957.316506
862,923957.3608855,80.69099998101592,5804,5806,0.4037613766510245,0.30295932759821376,1.325803048969587,0.999896608647846,3d gaze,-21.913445443193925,19.752659117668706,147.21857065333683,923957.3608855 923957.36492 923957.3689545 923957.372989 923957.3770234999 923957.381058 923957.3850925 923957.389127 923957.393162 923957.3971965 923957.401231 923957.405266 923957.4093005001 923957.4133349999 923957.4173695 923957.421404 923957.4254385 923957.429473 923957.4335075 923957.437542 923957.4415765
863,923957.4738525001,112.96699987724423,5807,5811,0.40529415452556866,0.24427705197818975,1.2784939697204198,0.9972960743410834,3d gaze,-18.921264056102032,24.345370683550765,128.32836904649915,923957.4738525001 923957.477887 923957.4819215001 923957.4859559999 923957.4899905 923957.494025 923957.4980595 923957.502094 923957.5061285 923957.510163 923957.5141975 923957.5182320001 923957.5222664999 923957.526301 923957.5303355 923957.53437 923957.538405 923957.5424395 923957.546474 923957.5505085 923957.554543 923957.5585779999 923957.5626125 923957.566647 923957.5706815 923957.574716 923957.5787505 923957.582785 923957.5868195
864,923957.671544,133.13949992880225,5813,5817,0.4108201147743533,0.2744850090406704,1.4865674842869718,0.9986441521083608,3d gaze,-19.769461769061806,23.001373724453693,143.43975192987227,923957.671544 923957.675579 923957.6796135 923957.683648 923957.6876825 923957.691717 923957.6957515 923957.699786 923957.7038205 923957.7078549999 923957.7118895 923957.715924 923957.7199585 923957.723993 923957.728028 923957.7320625 923957.7360970001 923957.7401315 923957.744166 923957.7482004999 923957.752235 923957.7562695 923957.760304 923957.7643385 923957.768373 923957.7724075001 923957.776442 923957.7804765 923957.784511 923957.7885455 923957.79258 923957.7966145 923957.800649 923957.8046835
865,923957.8087180001,80.69099998101592,5817,5820,0.42022109411528547,0.27125963713120715,1.4529641999739629,0.9928493556522188,3d gaze,-17.062184458460745,22.859323119504978,139.80195709426883,923957.8087180001 923957.8127525 923957.816787 923957.820822 923957.8248565 923957.828891 923957.8329255 923957.83696 923957.8409945 923957.845029 923957.8490635001 923957.8530979999 923957.8571325 923957.861167 923957.8652015 923957.869236 923957.8732705 923957.877305 923957.88134 923957.8853745 923957.889409
866,923957.8934434999,169.45000016130507,5820,5825,0.40594070415163347,0.24681971563220745,1.3856926975949024,0.9973033722056899,3d gaze,-18.471096577327888,23.646767713730508,126.18833038863816,923957.8934434999 923957.897478 923957.9015125 923957.905547 923957.9095815 923957.913616 923957.9176505001 923957.921685 923957.9257195 923957.9297539999 923957.9337885 923957.937823 923957.9418575 923957.945892 923957.9499265 923957.953961 923957.9579960001 923957.9620304999 923957.966065 923957.9700995 923957.974134 923957.9781685 923957.982203 923957.9862375 923957.990272 923957.9943065001 923957.9983409999 923958.0023755 923958.00641 923958.0104445 923958.014479 923958.0185135 923958.022548 923958.0265825 923958.0306170001 923958.0346520001 923958.0386864999 923958.042721 923958.0467555 923958.05079 923958.0548245 923958.058859 923958.0628935001
867,923958.2484820001,112.96649998985231,5830,5834,0.39971894991911827,0.24259614660782966,1.1667988839969634,0.9968420041018519,3d gaze,-21.24691595853599,25.90987803296969,135.24448921657498,923958.2484820001 923958.2525165 923958.256551 923958.2605855 923958.26462 923958.2686545 923958.272689 923958.2767235 923958.280758 923958.2847925 923958.288827 923958.2928615 923958.2968959999 923958.3009305 923958.304965 923958.3089995 923958.313034 923958.3170685 923958.3211030001 923958.3251375 923958.329172 923958.3332065 923958.337241 923958.3412755 923958.34531 923958.349345 923958.3533795 923958.357414 923958.3614485001
868,923958.365483,149.27699998952448,5834,5838,0.4144100665508098,0.2503644399717862,1.3622149800825847,0.9997240611024805,3d gaze,-18.84614651941744,26.16263748747142,142.6460838302849,923958.365483 923958.3695175 923958.373552 923958.3775865 923958.381621 923958.385656 923958.3896905 923958.393725 923958.3977595 923958.4017940001 923958.4058284999 923958.409863 923958.4138975 923958.417932 923958.4219665 923958.426001 923958.4300355 923958.43407 923958.4381045001 923958.4421389999 923958.4461735 923958.450208 923958.4542425 923958.458277 923958.4623115 923958.466346 923958.4703805 923958.4784494999 923958.482484 923958.4865185 923958.490553 923958.4945875 923958.498622 923958.5026565 923958.506691 923958.5107255001 923958.5147599999
869,923958.518795,84.72499996423721,5838,5841,0.4009328000290431,0.2579637467956101,1.1677714666385193,0.9972211230884899,3d gaze,-20.909870094030726,23.924260013106686,135.3378065014682,923958.518795 923958.52283 923958.5268645 923958.530899 923958.5349335 923958.538968 923958.5430025 923958.5470370001 923958.5510714999 923958.555106 923958.5591405 923958.563175 923958.5672095 923958.571244 923958.5752785 923958.579313 923958.5833475001 923958.5873819999 923958.5914165 923958.595451 923958.5994855 923958.60352
870,923958.6478995,80.69099998101592,5842,5845,0.393055443570027,0.1991159650544454,1.4995241888679476,0.9949492301259723,3d gaze,-20.603221871057684,28.491905567883297,121.4616611640183,923958.6478995 923958.651934 923958.6559685001 923958.6600029999 923958.6640379999 923958.6680729999 923958.672107 923958.6761415 923958.6801765 923958.684211 923958.6882455 923958.6922800001 923958.6963145 923958.700349 923958.7043835 923958.708418 923958.7124525 923958.716487 923958.7205215 923958.724556 923958.7285905
871,923958.8294535,80.690500093624,5848,5850,0.38907681376158054,0.10758629413201921,1.4039165437471035,1.0,3d gaze,-22.101280899628737,40.17019653423676,122.32653578382062,923958.8294535 923958.8334885 923958.8375230001 923958.8415575 923958.845592 923958.8496265 923958.853661 923958.8576955 923958.86173 923958.8657645 923958.869799 923958.8738335 923958.877868 923958.8819025 923958.8859369999 923958.8899715 923958.894006 923958.8980405 923958.902075 923958.9061095 923958.9101440001
872,923958.9585585,92.79399993829429,5852,5854,0.3935553045870497,0.03691675061266421,1.4399324876996222,0.9960650851329168,3d gaze,-20.9019307398945,47.911133852320035,118.16919308299941,923958.9585585 923958.962593 923958.9666275 923958.970662 923958.9746965 923958.978731 923958.9827655 923958.9868 923958.9908345 923958.9948694999 923958.998904 923959.0029385 923959.006973 923959.0110075 923959.015042 923959.0190765 923959.023111 923959.0271455001 923959.0311799999 923959.0352145 923959.039249 923959.0432835 923959.047318 923959.0513525
873,923960.659618,137.1739999158308,5902,5906,0.47703351380433723,0.15789740608219724,1.2860923049478232,0.8232550067561013,3d gaze,-15.471995406897788,144.29159761526486,530.0431052640894,923960.659618 923960.667687 923960.675756 923960.683825 923960.691894 923960.699963 923960.708032 923960.716101 923960.740309 923960.748378 923960.756447 923960.764516 923960.780654 923960.796792
874,923961.15183,96.8290000455454,5917,5920,0.5023529549174147,0.20902624842021789,1.4215477445202431,0.8606719672679901,3d gaze,6.855026134757817,118.08988942691083,532.7017399541816,923961.15183 923961.159899 923961.167968 923961.176037 923961.184106 923961.200244 923961.208313 923961.216383 923961.224452 923961.232521 923961.24059 923961.248659
875,923962.523569,121.03600008413196,5958,5962,0.4418298022258519,0.2531715498508065,1.1171593837841276,0.9092794246971607,3d gaze,-56.12524178225195,116.76990732534537,648.6879575536832,923962.523569 923962.531638 923962.539707 923962.547776 923962.555845 923962.563914 923962.571983 923962.580052 923962.588121 923962.59619 923962.604259 923962.612328 923962.620397 923962.628466 923962.636535 923962.644605
876,923962.789847,129.1049999417737,5966,5970,0.4445474761972496,0.26060389988041993,1.222699110675344,0.9169126293238472,3d gaze,-53.275776777533856,112.49261752384871,650.5043998619419,923962.789847 923962.797917 923962.805985 923962.814055 923962.822124 923962.830193 923962.838262 923962.846331 923962.8544 923962.862469 923962.870538 923962.878607 923962.886676 923962.894745 923962.902814 923962.910883 923962.918952
877,923963.265921,137.1739999158308,5980,5984,0.4554314531361562,0.25252160769683063,1.2512988536067544,0.9816652006573148,3d gaze,-40.51013307456591,113.90871036698117,631.6156344829534,923963.265921 923963.273991 923963.28206 923963.290129 923963.298198 923963.306267 923963.314336 923963.322405 923963.330474 923963.338543 923963.346612 923963.354681 923963.36275 923963.370819 923963.378888 923963.386957 923963.395026 923963.403095
878,923963.411164,80.69099998101592,5984,5987,0.44646367701300577,0.25351514552017423,0.8695779105911883,1.0,3d gaze,-50.76621718114588,115.6481724997897,643.7889289219872,923963.411164 923963.419233 923963.427302 923963.435372 923963.443441 923963.45151 923963.459579 923963.467648 923963.475717 923963.483786 923963.491855
879,923963.717788,80.69099998101592,5994,5996,0.4432075243508027,0.2055426435563377,0.9030249741575389,0.9781033071604642,3d gaze,-52.05671290985015,138.42946276312648,612.8564349088317,923963.717788 923963.725857 923963.733926 923963.741995 923963.750064 923963.758134 923963.766203 923963.774272 923963.782341 923963.79041 923963.798479
880,923964.4616535,121.03599996771663,6016,6019,-0.03715733969709909,0.5585641707703174,1.3993596917884752,0.990957514893624,3d gaze,-147.73139510620896,-17.33857667888247,93.58052166663326,923964.4616535 923964.465688 923964.4697225 923964.4737569999 923964.4777915 923964.481826 923964.4858605 923964.489895 923964.4939295 923964.497964 923964.5019985 923964.506033 923964.5100674999 923964.514102 923964.5181365 923964.522171 923964.5262055 923964.53024 923964.5342745 923964.538309 923964.5423435 923964.5463785 923964.5504129999 923964.5544475 923964.558482 923964.5625165 923964.566551 923964.5705855 923964.5746205 923964.578655 923964.5826895
881,923964.619,80.69000008981675,6020,6023,-0.019092661505133675,0.5926319409087313,1.4900742590049196,1.0,3d gaze,-153.76909742459083,-24.432038624510284,107.58785150577722,923964.619 923964.6230345 923964.627069 923964.6311035 923964.635138 923964.6391725 923964.643207 923964.6472415 923964.651276 923964.6553105 923964.659345 923964.6633795 923964.667414 923964.6714485 923964.675483 923964.6795175 923964.683552 923964.6875865 923964.691621 923964.6956555 923964.69969
882,923964.7238975,80.690500093624,6024,6026,-0.004096109288971293,0.63085202736609,1.4611308157744363,0.9956738608224052,3d gaze,-161.55606306553992,-33.382059841783494,121.28632778750658,923964.7238975 923964.7279325 923964.731967 923964.7360015 923964.740036 923964.7440705 923964.748105 923964.7521395 923964.756174 923964.7602085 923964.764243 923964.7682775 923964.772312 923964.7763465 923964.780381 923964.7844155 923964.78845 923964.7924845 923964.796519 923964.8005535 923964.804588
883,923964.865106,84.72499996423721,6028,6030,0.029838681531643204,0.6916379894067686,1.3140873937163724,0.9846373132684014,3d gaze,-171.73713742388273,-50.705127409714464,149.52290243970745,923964.865106 923964.869141 923964.8731755 923964.87721 923964.8812444999 923964.885279 923964.8893135 923964.893348 923964.8973825 923964.901417 923964.9054515 923964.909486 923964.9135205001 923964.917555 923964.9215895 923964.925624 923964.9296585 923964.933693 923964.9377275 923964.941762 923964.9457965 923964.949831
884,923966.7532645,80.690500093624,6084,6087,0.5632793594894034,0.7919718559462378,1.4348324164503183,0.8792738914489746,3d gaze,56.627363273967546,-160.24463840124346,486.92484430981074,923966.7532645 923966.7572989999 923966.7613335 923966.7653685 923966.769403 923966.7734375 923966.777472 923966.7855410001 923966.7895755 923966.79361 923966.7976445 923966.801679 923966.8057135 923966.809748 923966.8137825 923966.817817 923966.8218515 923966.825886 923966.8299205 923966.833955
885,923967.092165,88.75949995126575,6094,6097,0.39471798866502467,0.4148916270411792,1.3478617492606093,0.9135658935360287,3d gaze,-42.81422240538795,7.972954876376378,263.00293546963496,923967.092165 923967.0961995 923967.100234 923967.1042685 923967.108303 923967.1123375 923967.116372 923967.1204065001 923967.1244415 923967.128476 923967.1325105 923967.136545 923967.1405795 923967.144614 923967.1486485 923967.152683 923967.1567175 923967.160752 923967.1647865 923967.168821 923967.1728555 923967.17689 923967.1809245
886,923967.2132005,100.86350003257394,6098,6101,0.40712348294359596,0.4487693815786861,1.4054156931390842,0.9319422245025635,3d gaze,-42.37569309008276,-0.171934376567324,298.04657738446815,923967.2132005 923967.217235 923967.2212695 923967.225304 923967.2293385 923967.233373 923967.2374075 923967.241442 923967.2454765 923967.2495115 923967.253546 923967.2575805 923967.2616155 923967.26565 923967.2696845 923967.2737189999 923967.2777535 923967.281788 923967.2858225 923967.289857 923967.2938915 923967.297926 923967.3019605 923967.3059950001 923967.3100295 923967.314064
887,923967.510242,80.69099998101592,6107,6109,0.4406756435296498,0.41217195778177323,1.3335361998522872,0.933509273962541,3d gaze,-63.775336258438145,23.941132390114532,731.4488644888343,923967.510242 923967.518311 923967.52638 923967.534449 923967.542518 923967.550587 923967.558656 923967.566726 923967.574795 923967.582864 923967.590933
888,923967.889488,185.5879999930039,6118,6124,0.4328183825027532,0.37614183482568003,1.1180112931753308,0.9719410190979639,3d gaze,-72.35010380751463,47.47823357088544,722.5740542072571,923967.889488 923967.897557 923967.905626 923967.913695 923967.921764 923967.929833 923967.937902 923967.945971 923967.95404 923967.962109 923967.970178 923967.978247 923967.986316 923967.994385 923968.002454 923968.010523 923968.018592 923968.026661 923968.03473 923968.0428 923968.050869 923968.058938 923968.067007 923968.075076
889,923968.593009,112.96700011007488,6139,6142,0.5982312783878971,1.0610151972607023,1.3987864786418969,0.9452002593155565,3d gaze,97.30413551150431,-322.48802071099885,479.81227352070357,923968.593009 923968.5970435 923968.601078 923968.6051125 923968.609147 923968.6131815 923968.617216 923968.6212505 923968.625285 923968.6293195 923968.633354 923968.6373885 923968.641423 923968.6454575 923968.649492 923968.6535265 923968.657561 923968.6615955001 923968.66563 923968.6696645 923968.6736995 923968.6777345 923968.681769 923968.6858035 923968.689838 923968.6938725 923968.697907 923968.7019415 923968.705976
890,923968.722114,84.72449996042997,6143,6145,0.6135652066133507,1.0303329965385624,1.4114565635643959,0.9378866417841478,3d gaze,166.7985243344525,-459.21190379121657,729.4440664579083,923968.722114 923968.7261485 923968.730183 923968.7342175 923968.738252 923968.7422865 923968.746321 923968.7503555 923968.75439 923968.7584245 923968.762459 923968.7664935 923968.770528 923968.7745625 923968.778597 923968.7826314999 923968.786666 923968.7907005 923968.794735 923968.7987695 923968.802804 923968.8068385
891,923968.8189425,121.03549996390939,6146,6149,0.6251155251338891,1.0048123960509339,1.4864681292735644,0.9448038551115221,3d gaze,251.88021992331622,-601.0987981671117,1011.8495827748953,923968.8189425 923968.822977 923968.8270115 923968.8310465 923968.835081 923968.8391155 923968.84315 923968.8471845 923968.851219 923968.8552534999 923968.859288 923968.8633225 923968.867357 923968.8713915 923968.875426 923968.8794605 923968.883495 923968.8875295001 923968.891564 923968.8955985 923968.899633 923968.9036675 923968.907702 923968.9117365 923968.915771 923968.9198055 923968.9238400001 923968.9278744999 923968.931909 923968.9359435 923968.939978
892,923969.6435,225.9339999873191,6170,6177,0.5724271165921542,0.3370345552142456,0.14174013665623642,0.8180529760989756,3d gaze,69.13913828734593,55.508394345700935,544.2968316063536,923969.6435 923969.869434
893,923969.877503,153.31199998036027,6177,6182,0.5717427322925799,0.33800468531986105,0.17035864946090343,0.751298705736796,3d gaze,68.3034535093232,54.84380124032929,542.6295761126172,923969.877503 923969.90171 923970.030815
894,923971.827184,88.759999955073,6236,6238,0.4177840078235066,0.10521491774322854,0.971191782005058,0.8588028351465861,3d gaze,-71.86292586270723,180.70032310798464,550.0529952891204,923971.827184 923971.835253 923971.843322 923971.851392 923971.859461 923971.86753 923971.875599 923971.883668 923971.891737 923971.899806 923971.907875 923971.915944
895,923972.327465,201.72700006514788,6251,6257,0.42424769251633765,0.12245590210953818,1.270174971870108,0.9401757327409891,3d gaze,-66.25127532178632,172.7779939393533,557.1655573285333,923972.327465 923972.335535 923972.343604 923972.351673 923972.359742 923972.367811 923972.37588 923972.383949 923972.392018 923972.400087 923972.408156 923972.416225 923972.424294 923972.432363 923972.440432 923972.448501 923972.45657 923972.464639 923972.472708 923972.480778 923972.488846 923972.496916 923972.504985 923972.513054 923972.521123 923972.529192
896,923972.601813,145.2430000063032,6259,6263,0.43026286905423,0.15639729307451694,0.8056431222566953,0.8867306808630625,3d gaze,-62.377516476797304,159.3458053787805,579.311775745762,923972.601813 923972.617951 923972.62602 923972.634089 923972.642159 923972.650228 923972.658297 923972.666366 923972.674435 923972.682504 923972.690573 923972.698642 923972.706711 923972.71478 923972.722849 923972.730918 923972.738987 923972.747056
897,923973.287683,104.89700001198798,6279,6282,0.5722714762624382,0.2758344345630389,1.1296444301412987,0.7732186734676361,3d gaze,55.79172196945658,69.65278327602766,437.31707001815374,923973.287683 923973.295752 923973.303821 923973.319959 923973.336097 923973.344166 923973.360304 923973.368373 923973.376442 923973.39258
898,923973.516648,177.51900001894683,6286,6291,0.4251233155528322,0.6363114372492815,1.4838070275815658,0.794341650876132,3d gaze,-59.65658328748288,-91.19879907006045,523.6136121047234,923973.516648 923973.524717 923973.556993 923973.5812 923973.589269 923973.605408 923973.653822 923973.661891 923973.66996 923973.678029 923973.694167
899,923975.880882,80.68999997340143,6357,6359,0.47648018036136075,0.5633803472742849,1.0102359395677198,0.8116616805394491,3d gaze,-16.700882251346503,-60.12564480422557,571.3796748858116,923975.880882 923975.89702 923975.921227 923975.945434 923975.953503 923975.961572
900,923976.550613,121.03599996771663,6377,6380,0.4497987749418816,0.5887478560749073,1.1189125394719555,0.7847869907106672,3d gaze,-39.408039793058386,-69.76975098511137,541.266822914961,923976.550613 923976.566752 923976.599028 923976.607097 923976.655511 923976.66358 923976.671649
901,923978.556773,96.82799992151558,6436,6439,0.445441792663894,0.17110827345582977,0.6867940126436751,0.9315468302139869,3d gaze,-46.709054223783156,148.34448146373728,571.1186387892241,923978.556773 923978.564842 923978.572911 923978.58098 923978.589049 923978.597118 923978.605187 923978.613256 923978.621325 923978.629394 923978.637463 923978.645532 923978.653601
902,923979.250711,80.69100009743124,6457,6460,0.42916243717075386,0.1626605099585875,0.7176473998618093,0.9356426921757784,3d gaze,-63.79067998072585,156.78491470893462,583.2225370153978,923979.250711 923979.25878 923979.266849 923979.274918 923979.282987 923979.291056 923979.299125 923979.307194 923979.315264 923979.323333 923979.331402
903,923981.881222,80.68999997340143,6536,6538,0.5478248038709425,0.1327184475574007,0.8054449347735401,0.7639556288719177,3d gaze,29.728151596062037,99.1958173055761,332.13722922016336,923981.881222 923981.905429 923981.921567 923981.929636 923981.961912
904,923984.293868,129.1049999417737,6608,6611,0.400011772894609,0.11785615084658285,1.3646639840564276,0.8376644477248192,3d gaze,-92.43283803917505,181.7150869495434,574.0983605368435,923984.293868 923984.301937 923984.310006 923984.318075 923984.326144 923984.342282 923984.350351 923984.35842 923984.366489 923984.374558 923984.382627 923984.390696 923984.398766 923984.406835 923984.414904 923984.422973
905,923984.439111,145.2430000063032,6612,6616,0.4161966267858585,0.10821566787757142,1.3525106714350188,0.8008577498522672,3d gaze,-73.05280953332263,178.35688031845373,547.943840393431,923984.439111 923984.44718 923984.455249 923984.471387 923984.479456 923984.487525 923984.495594 923984.511732 923984.535939 923984.576285 923984.584354
906,923984.928511,84.72499996423721,6627,6629,0.48505130818089964,-0.07163969256910617,1.4514376225888612,0.8158119388601996,3d gaze,-0.6808742228614441,20.97273008846065,39.61538235410315,923984.928511 923984.9325455 923984.93658 923984.9406145 923984.944649 923984.9486835 923984.952718 923984.9567525 923984.960787 923984.9648215 923984.968856 923984.9728905 923984.976925 923984.9809595 923984.984994 923984.989029 923984.9930635 923984.997098 923985.0011325 923985.005167 923985.0092015 923985.013236
907,923985.197602,80.68999997340143,6635,6637,0.5054345725198824,0.2443087205276104,1.2871823676563683,0.8556635777155558,3d gaze,9.585117903247161,100.93865080491108,537.2410535385178,923985.197602 923985.205671 923985.21374 923985.221809 923985.229878 923985.237947 923985.246016 923985.254085 923985.278292
908,923985.843126,129.10399993415922,6654,6658,0.48992615277843954,0.2152600693864568,0.6890947888674627,0.8078110416730245,3d gaze,-4.09978283743018,116.362833551071,539.408317446197,923985.843126 923985.859264 923985.867333 923985.875402 923985.883471 923985.899609 923985.948023 923985.964161 923985.97223
909,923986.004507,96.8280000379309,6659,6662,0.49090782185404874,0.22409363266833784,1.01645960021374,0.776462197303772,3d gaze,-3.2548517964072325,112.89886979597436,544.8487997337096,923986.004507 923986.012576 923986.020645 923986.028714 923986.036783 923986.044852 923986.052921 923986.06099 923986.069059 923986.077128 923986.085197 923986.101335
910,923986.4212855,96.82849992532283,6671,6674,0.5577752189886372,0.09202529651858202,1.4040746749797932,0.8204754956743934,3d gaze,6.22376777963326,19.710487428104035,57.710449404219524,923986.4212855 923986.42532 923986.4293545 923986.4374235 923986.441458 923986.4454925 923986.449527 923986.453562 923986.4575964999 923986.461631 923986.4656655 923986.4737345 923986.477769 923986.4818035 923986.485838 923986.4898725 923986.4939069999 923986.4979415 923986.5060105 923986.510045 923986.5140795 923986.518114
911,923987.112412,88.76000007148832,6692,6694,0.35403989758263427,0.7311761404511675,1.4486718719911034,0.856673056880633,3d gaze,-100.1147376395687,-113.58620856019574,417.46026173225863,923987.112412 923987.120481 923987.12855 923987.136619 923987.144689 923987.152758 923987.160827 923987.168896 923987.176965 923987.185034 923987.193103 923987.201172
912,923987.76356,129.10500005818903,6711,6715,0.5439909447934516,0.30182280263503247,1.2959183671038386,0.8187878807385762,3d gaze,41.13059931941673,68.5662063077055,510.8612612778333,923987.76356 923987.771629 923987.779698 923987.787767 923987.803905 923987.811974 923987.820043 923987.828112 923987.836181 923987.84425 923987.852319 923987.868457 923987.876526 923987.884595 923987.892665
913,923987.965286,80.69099998101592,6717,6720,0.545319177461831,0.3103372492031574,0.420597065887522,0.8469362914562225,3d gaze,42.5271852197026,64.96097297063818,514.4147132396737,923987.965286 923987.973355 923987.981424 923987.997562 923988.005631 923988.0137 923988.021769 923988.029838 923988.037907 923988.045977
914,923989.412092,121.03599996771663,6760,6764,0.4157539661082646,0.5955548571526564,1.0447455807931902,0.7586826831102371,3d gaze,-61.725743060615144,-65.05379598166849,478.45148551192676,923989.412092 923989.436299 923989.444368 923989.533128
915,923990.620004,209.79500003159046,6796,6803,0.5403661502760102,0.3149757856890271,0.42107020544648216,0.7615758419036865,3d gaze,39.28148072136051,64.25537048299023,527.1086951491144,923990.620004 923990.628073 923990.660349 923990.700694 923990.765247 923990.773316 923990.789454 923990.797523 923990.82173 923990.829799
916,923990.975042,145.2430000063032,6807,6811,0.536473864630816,0.32325809185269483,0.5328171898019688,0.7454047083854676,3d gaze,36.76038478190134,61.63756702162173,539.8164827527855,923990.975042 923991.023456 923991.07994 923991.096078 923991.120285
917,923991.354287,185.5890000006184,6818,6824,0.5246301485901957,0.2949876081189112,0.0800588521969623,0.7673361897468567,3d gaze,26.52444658682458,75.99835370741957,541.6264865033628,923991.354287 923991.539876
918,923991.612497,96.82899992913008,6826,6829,0.5270704244315307,0.2870274330350613,0.27588696515183686,0.7337447106838226,3d gaze,28.1801523929622,78.57061577808108,531.6812408470378,923991.612497 923991.628635 923991.660911 923991.709326
919,923992.5577995,100.86300002876669,6854,6857,0.47692256725479293,0.03715720205632501,1.4920488690200737,0.8604737572048021,3d gaze,-1.031889817436124,13.556319696576054,33.93041445869155,923992.5577995 923992.561834 923992.5658685 923992.5739375 923992.577972 923992.5820065 923992.586041 923992.5900755 923992.5981445 923992.602179 923992.6062135 923992.610248 923992.6142825 923992.618317 923992.6223515 923992.6304205 923992.634455 923992.6384895 923992.6425245 923992.646559 923992.6505935 923992.654628 923992.6586625
920,923993.696759,121.03600008413196,6888,6892,0.4015263035815948,0.5943158777623073,0.434463145661153,0.7633096575737,3d gaze,-67.9662695706612,-60.160786028397915,444.9910082490844,923993.696759 923993.712897 923993.720966 923993.745173 923993.753242 923993.817795
921,923995.189534,88.7589999474585,6933,6935,0.5312932365661562,0.2550614902180305,0.7326571675693372,0.7973096495866776,3d gaze,22.506291462498936,66.56167906325976,374.0447581336264,923995.189534 923995.22181 923995.262155 923995.278293
922,923995.614746,104.89800001960248,6945,6949,0.5238890082424117,0.33776212907517283,1.2744889335795762,0.8867138028144836,3d gaze,27.212436045842935,57.63006199866059,572.3389037238641,923995.614746 923995.622815 923995.630884 923995.647022 923995.655091 923995.663161 923995.67123 923995.679299 923995.695437 923995.703506 923995.711575 923995.719644
923,923995.776127,121.03599996771663,6950,6954,0.5103844071194872,0.3151524285020618,0.6904351293842625,0.8776692549387614,3d gaze,14.913760232625005,70.48755880642163,580.3603458912968,923995.776127 923995.784196 923995.792265 923995.800334 923995.808403 923995.816472 923995.824541 923995.832611 923995.84068 923995.848749 923995.856818 923995.864887 923995.872956 923995.889094 923995.897163
924,923996.058544,121.03599996771663,6959,6962,0.5083708334296325,0.306123179364889,0.614702882106795,0.8232976719737053,3d gaze,12.972229499043621,75.00255293363884,577.6975752843146,923996.058544 923996.066613 923996.074682 923996.082751 923996.09082 923996.098889 923996.106958 923996.115027 923996.123096 923996.131165 923996.139234 923996.147304 923996.155373 923996.163442 923996.171511 923996.17958
925,923996.671792,88.75900006387383,6977,6980,0.5024797859949691,0.29829798580570815,1.1248939155700297,0.8672994623581568,3d gaze,7.51116500548648,79.79553047154225,582.0795010061657,923996.671792 923996.679861 923996.68793 923996.695999 923996.704068 923996.712137 923996.720206 923996.728275 923996.736344 923996.744413 923996.752482 923996.760551
926,923998.995679,161.37999994680285,7046,7051,0.45452440794346544,0.2831091835449267,1.3997875438367517,1.0,3d gaze,-42.01398986171305,97.41530687858003,643.0415015300939,923998.995679 923999.003748 923999.011817 923999.019886 923999.027955 923999.036024 923999.044093 923999.052162 923999.060231 923999.0683 923999.076369 923999.084438 923999.092507 923999.100576 923999.108645 923999.116714 923999.124783 923999.132852 923999.140921 923999.14899 923999.157059
927,923999.165129,129.10400005057454,7051,7055,0.4436028803139186,0.2782177433961525,1.427523655255597,0.9883708112380084,3d gaze,-54.436028252674745,102.11729516717661,653.4402304994516,923999.165129 923999.173198 923999.181267 923999.189336 923999.197405 923999.205474 923999.213543 923999.221612 923999.229681 923999.23775 923999.245819 923999.253888 923999.261957 923999.270026 923999.278095 923999.286164 923999.294233
928,923999.423338,80.69099998101592,7059,7061,0.4081001382508791,0.24997478773303017,1.4399386647382353,0.9574495228854093,3d gaze,-96.13801696641211,124.06035602148667,673.5476709942827,923999.423338 923999.431407 923999.439476 923999.447545 923999.455614 923999.463683 923999.471752 923999.479822 923999.487891 923999.49596 923999.504029
929,923999.584719,96.82899992913008,7064,7067,0.41911036438824756,0.21656885565915646,1.4433029876970618,0.9141020912390488,3d gaze,-79.73558442616421,137.78395817307938,637.9528287865407,923999.584719 923999.592788 923999.600857 923999.608926 923999.616995 923999.625064 923999.633133 923999.641202 923999.649272 923999.657341 923999.66541 923999.673479 923999.681548
930,923999.826791,96.8280000379309,7071,7074,0.4341114592115766,0.1727315390125546,0.9380490335227618,0.9240219913996183,3d gaze,-59.11566703360526,151.64537976863554,586.5533236316945,923999.826791 923999.83486 923999.842929 923999.850998 923999.859067 923999.867136 923999.875205 923999.883274 923999.891343 923999.899412 923999.907481 923999.91555 923999.923619
931,923999.963965,161.38099995441735,7075,7080,0.41583042961143957,0.18701960357028707,1.4419087982374232,0.8093657612800598,3d gaze,-81.2854307713096,151.70067596616173,618.9189430504472,923999.963965 923999.972034 923999.980103 923999.988172 923999.996241 924000.00431 924000.012379 924000.020448 924000.028517 924000.036586 924000.044655 924000.052724 924000.060793 924000.076931 924000.085 924000.093069 924000.101138 924000.109207 924000.117277 924000.125346
932,924001.222736,96.8290000455454,7113,7116,0.44167532495067635,0.11492368999091056,1.4974505185655194,0.8371809870004654,3d gaze,-46.99195270630406,166.71823766010115,525.919531182108,924001.222736 924001.230806 924001.238875 924001.246944 924001.255013 924001.263082 924001.271151 924001.27922 924001.287289 924001.295358 924001.303427 924001.319565
933,924001.7726565,84.72500008065253,7129,7132,0.40961468635168996,0.15506060429020405,1.465796821892898,0.9940279911864888,3d gaze,-23.289886867659007,45.33368066378819,163.3539809544942,924001.7726565 924001.776691 924001.7807255 924001.78476 924001.7887945 924001.7928289999 924001.7968635 924001.800898 924001.8049325 924001.808967 924001.8130015 924001.8170360001 924001.8210705 924001.825105 924001.8291395 924001.833174 924001.8372085 924001.841243 924001.8452775 924001.849312 924001.8533465 924001.8573815001
934,924001.8614159999,80.690500093624,7132,7134,0.40265239497531574,0.16978066910415077,1.3743204550382486,0.9932948634738014,3d gaze,-23.72568133376289,40.48538697242437,153.8303287857033,924001.8614159999 924001.8654505 924001.869485 924001.8735195 924001.877554 924001.8815885 924001.885623 924001.8896575 924001.893692 924001.8977264999 924001.901761 924001.9057955 924001.9098305 924001.913865 924001.9178995 924001.921934 924001.9259685 924001.930003 924001.9340375001 924001.9380719999 924001.9421065
935,924002.110332,80.69100009743124,7139,7142,0.43651255745282874,0.31853826406415015,1.4707249155311946,0.9933639981529929,3d gaze,-64.87019006436823,81.42010797404686,685.8861651702894,924002.110332 924002.118401 924002.12647 924002.134539 924002.142608 924002.150677 924002.158746 924002.166815 924002.174884 924002.182954 924002.191023
936,924002.5634235,80.68999997340143,7153,7155,0.34085347205908956,0.11397589741551026,1.4960514567746954,0.9501172985349383,3d gaze,-27.84975149776731,34.082888377552294,104.19355808138904,924002.5634235 924002.567458 924002.5714925 924002.575527 924002.5795615 924002.583596 924002.5876305 924002.591665 924002.5956995001 924002.5997339999 924002.6037685 924002.607803 924002.6118375 924002.615872 924002.6199065 924002.623941 924002.6279755 924002.6320100001 924002.6360445 924002.640079 924002.6441135
937,924002.906358,96.8290000455454,7163,7166,0.3441964342872344,0.02247656145138217,1.4799844354964253,0.9384483397006989,3d gaze,-25.632723407492218,40.8395717112811,95.01213021872064,924002.906358 924002.9103925 924002.914427 924002.9184615 924002.9224960001 924002.9265305 924002.930565 924002.9345995 924002.938634 924002.9426685 924002.946703 924002.9507375 924002.954772 924002.9588065 924002.962841 924002.9668755 924002.97091 924002.9749445 924002.9789795 924002.983014 924002.9870485 924002.9910835 924002.9951180001 924002.9991525 924003.003187
938,924003.075808,80.69099998101592,7168,7170,0.3431858913679664,0.1317281838862897,1.30988710885631,0.8774451670192537,3d gaze,-34.89401847568048,41.06987489034919,133.35110959562294,924003.075808 924003.0798425 924003.083877 924003.0879115 924003.091946 924003.0959805 924003.100015 924003.1040495 924003.108084 924003.1121185 924003.1161529999 924003.1201875 924003.1242225 924003.128257 924003.1322915 924003.136326 924003.1403605 924003.1443955 924003.1484300001 924003.1524645 924003.156499
939,924003.285603,80.69100009743124,7174,7177,0.33868617246967414,0.07822067316725342,1.3732478450227987,0.923638409830275,3d gaze,-31.004560288106195,41.41262276367882,112.94568889349821,924003.285603 924003.289638 924003.2936725 924003.2977074999 924003.301742 924003.3057765 924003.309811 924003.3138455 924003.31788 924003.3219145 924003.325949 924003.3299835001 924003.3340179999 924003.3380525 924003.342087 924003.3461215 924003.350156 924003.3541905 924003.358225 924003.3622595 924003.3662940001
940,924003.382432,80.69099998101592,7177,7180,0.3624544077293712,0.02877798589802278,1.4953339182656968,0.8607045196824603,3d gaze,-23.2399761589064,41.512909129333124,99.05997155382829,924003.382432 924003.3864665 924003.390501 924003.39857 924003.4026045001 924003.4066389999 924003.414708 924003.4187425 924003.422777 924003.4268115 924003.430846 924003.438915 924003.4429494999 924003.4469844999 924003.451019 924003.4550535 924003.4590885 924003.463123
941,924003.4671575,125.069500063546,7180,7183,0.36064160855466454,0.04385305952948088,1.344269104155012,0.9042928954586387,3d gaze,-28.963475481215593,49.275983166417795,122.51775179244284,924003.4671575 924003.471192 924003.4752265 924003.479261 924003.4832955 924003.48733 924003.4913645 924003.495399 924003.4994335 924003.503468 924003.5075025 924003.5115370001 924003.5155715 924003.519606 924003.5236405 924003.527675 924003.5317095 924003.535744 924003.5397785 924003.543813 924003.5478475 924003.5518819999 924003.5559165 924003.559951 924003.5639855 924003.56802 924003.5720545 924003.576089 924003.5801235 924003.5841580001 924003.5881924999 924003.592227
942,924004.176009,161.38099995441735,7201,7206,0.4164876097173619,0.2560833261910255,1.4373061184233715,0.9517039954662323,3d gaze,-86.08193798744159,119.13634667667466,669.283906477947,924004.176009 924004.184078 924004.192147 924004.200216 924004.208285 924004.216354 924004.224423 924004.232492 924004.240561 924004.248631 924004.2567 924004.264769 924004.280907 924004.288976 924004.297045 924004.305114 924004.313183 924004.321252 924004.329321 924004.33739
943,924004.748912,80.68999997340143,7218,7220,0.43813145296779515,0.2473171548360032,1.390866117273179,1.0,3d gaze,-59.201749300322824,118.59370498690147,638.3940812376151,924004.748912 924004.756981 924004.76505 924004.773119 924004.781188 924004.789257 924004.797326 924004.805395 924004.813464 924004.821533 924004.829602
944,924005.136226,112.96699999365956,7230,7233,0.4591039231628541,0.25677338612345485,0.7848317139210517,0.9954624772071838,3d gaze,-35.88763750775222,109.07974812251284,618.7251502474064,924005.136226 924005.144295 924005.152364 924005.160433 924005.168502 924005.176571 924005.18464 924005.192709 924005.200779 924005.208848 924005.216917 924005.224986 924005.233055 924005.241124 924005.249193
945,924005.988736,80.68999997340143,7255,7257,0.4332759236299737,0.4399330646876147,1.4707014719876284,0.9249368224825177,3d gaze,-11.714855726811583,0.8796302129989139,118.14007362416062,924005.988736 924005.9927705 924005.996805 924006.0008395 924006.004874 924006.0089085 924006.0129430001 924006.0169774999 924006.021012 924006.0250465 924006.029081 924006.0331155 924006.03715 924006.0411845 924006.045219 924006.0492535001 924006.0532879999 924006.0573225 924006.061357 924006.0653915 924006.069426
946,924006.394998,104.89800001960248,7267,7270,0.3839998201942817,0.21112153756043073,1.0479321272614617,0.7368828654289246,3d gaze,-123.40347706106951,148.89824825123395,667.3607257495564,924006.394998 924006.419205 924006.443412 924006.499896
947,924008.137913,80.69100009743124,7319,7322,0.4283613302905589,0.2112305930994167,0.8263374305833205,0.83113834887743,3d gaze,-68.16079807152755,137.3455806724038,621.948849151132,924008.137913 924008.154051 924008.16212 924008.170189 924008.178258 924008.186327 924008.202465 924008.218604
948,924009.574204,129.10500005818903,7362,7366,0.5349272396216085,0.3219448599257584,1.3304768781381773,0.7755129486322403,3d gaze,35.5840940748335,62.63170056751784,542.654426386979,924009.574204 924009.638756 924009.687171 924009.703309
949,924010.574766,169.44999992847443,7392,7397,0.511607939286959,0.311910354269418,1.4391665442449229,0.8357780145274268,3d gaze,15.925266911090315,71.6704826313775,575.6352019898936,924010.574766 924010.582835 924010.590905 924010.598974 924010.623181 924010.63125 924010.639319 924010.647388 924010.655457 924010.663526 924010.687733 924010.695802 924010.703871 924010.71194 924010.720009 924010.728078 924010.736147 924010.744216
950,924012.737272,80.69099998101592,7456,7459,0.3790090510301516,0.18392423019284487,1.2158225606302258,0.8143344124158224,3d gaze,-126.37398122100343,162.67964159323714,649.3420626315087,924012.737272 924012.745341 924012.75341 924012.761479 924012.769548 924012.777617 924012.785686 924012.793755 924012.817963
951,924012.826032,129.10399993415922,7459,7463,0.38495957693061594,0.209691017515063,0.4117188341244258,0.7907363091196332,3d gaze,-121.66561973530271,149.02726018864763,663.7685560485324,924012.826032 924012.834101 924012.84217 924012.850239 924012.866377 924012.874446 924012.890584 924012.898653 924012.906722 924012.914791 924012.92286 924012.930929 924012.947067 924012.955136
952,924014.512463,96.82899992913008,7509,7512,0.4161559698464931,0.12552932899887734,1.2356678967859136,0.9321204970280329,3d gaze,-74.95416589096224,173.59101301585022,564.7153933279969,924014.512463 924014.520532 924014.528601 924014.544739 924014.552808 924014.560878 924014.568947 924014.577016 924014.585085 924014.593154 924014.601223 924014.609292
953,924014.617361,80.68999997340143,7512,7515,0.4288720323605709,0.14105461498426974,1.1146080443768032,0.8220269739627838,3d gaze,-62.26039380185371,163.81994368546694,563.4650455189819,924014.617361 924014.62543 924014.633499 924014.641568 924014.649637 924014.665775 924014.673844 924014.681913 924014.689982 924014.698051
954,924014.827156,161.38100007083267,7519,7524,0.4095567518087874,0.18483129376925303,1.1356685064006777,0.8573766691344125,3d gaze,-88.23828556487152,153.86113847071863,621.3533405215762,924014.827156 924014.835225 924014.843294 924014.851363 924014.859432 924014.867501 924014.87557 924014.88364 924014.891709 924014.899778 924014.907847 924014.915916 924014.923985 924014.932054 924014.940123 924014.948192 924014.956261 924014.96433 924014.972399 924014.980468 924014.988537
955,924015.077297,161.38100007083267,7526,7531,0.4102362848027304,0.1938243332598672,0.9578021596867928,0.8533243423416501,3d gaze,-88.2464545671793,149.81664547832025,627.6747162349815,924015.077297 924015.085366 924015.093435 924015.101504 924015.109573 924015.117642 924015.125711 924015.13378 924015.141849 924015.149918 924015.157987 924015.166056 924015.174125 924015.182194 924015.190263 924015.198333 924015.206402 924015.214471 924015.22254 924015.230609 924015.238678
956,924015.270954,217.86400000564754,7532,7539,0.4155008462126683,0.19621718518583,0.8738768621730086,0.8546903686864036,3d gaze,-82.09015669500378,147.27990756526395,623.8428297443709,924015.270954 924015.279023 924015.287092 924015.295161 924015.30323 924015.311299 924015.319368 924015.327437 924015.335506 924015.343575 924015.351645 924015.359714 924015.367783 924015.375852 924015.383921 924015.39199 924015.400059 924015.408128 924015.416197 924015.424266 924015.432335 924015.440404 924015.448473 924015.456542 924015.464611 924015.47268 924015.480749 924015.488818
957,924015.496887,169.44999992847443,7539,7544,0.4136936681176756,0.2012123133138131,0.732738444338219,0.8795737055214968,3d gaze,-84.69588924746553,145.60053150652405,629.6139532105022,924015.496887 924015.504956 924015.513025 924015.521095 924015.529164 924015.537233 924015.545302 924015.553371 924015.56144 924015.569509 924015.577578 924015.585647 924015.593716 924015.601785 924015.609854 924015.617923 924015.625992 924015.634061 924015.64213 924015.650199 924015.658268 924015.666337
958,924016.298175,104.89800001960248,7563,7566,0.3724934938900213,0.7284438968059593,0.2886465804936291,0.8487181067466736,3d gaze,-93.13710682714321,-120.4714313823888,450.35000043326636,924016.298175 924016.306244 924016.403073
959,924018.006362,145.2430000063032,7614,7618,0.5326160256552234,0.24333851214157828,0.5531608188526103,0.7768299579620361,3d gaze,30.562835471458936,92.56349013063915,489.4640439482959,924018.006362 924018.014431 924018.0225 924018.046707 924018.062846 924018.070915 924018.103191 924018.11126 924018.127398 924018.135467 924018.143536 924018.151605
960,924020.112384,96.8290000455454,7676,7679,0.42672662889218993,0.19745026281714267,1.1194188222393253,0.9052903010294988,3d gaze,-69.01710683994237,143.542255623687,612.567275307242,924020.112384 924020.120453 924020.128523 924020.136592 924020.144661 924020.15273 924020.160799 924020.168868 924020.176937 924020.185006 924020.193075 924020.201144 924020.209213
961,924020.523906,96.8290000455454,7689,7692,0.417494718008593,0.25721609627545616,0.9224238250124357,0.8673934707274804,3d gaze,-84.56345182570061,117.93603689092183,666.7006131581197,924020.523906 924020.531975 924020.540044 924020.548113 924020.556182 924020.564251 924020.57232 924020.580389 924020.588458 924020.596528 924020.604597 924020.612666 924020.620735
962,924021.360279,84.72499996423721,7714,7716,0.37412848611470767,0.39402045833481314,1.4335458685854459,0.8301851281097957,3d gaze,-15.233345019396742,3.850004312034165,77.05837221090701,924021.360279 924021.3643135 924021.368348 924021.3723825 924021.3764170001 924021.3804515 924021.384486 924021.392555 924021.39659 924021.4006245 924021.404659 924021.4086935 924021.412728 924021.4167625001 924021.4207969999 924021.4248315 924021.428866 924021.4329005 924021.436935 924021.4409695 924021.445004
963,924021.653573,88.759999955073,7722,7725,0.4201801586284641,0.25293229445977067,0.6131409840853973,0.8774049282073975,3d gaze,-81.0320809863586,119.73895350639195,661.850507448815,924021.653573 924021.661642 924021.669711 924021.67778 924021.685849 924021.693918 924021.701987 924021.710057 924021.718126 924021.726195 924021.734264 924021.742333
964,924021.887576,80.69000008981675,7729,7732,0.42244673971105473,0.2508249673354823,0.8507445410177047,0.900129106911746,3d gaze,-78.08771250974603,120.29710651205404,657.8942402317087,924021.887576 924021.895645 924021.903714 924021.911783 924021.919852 924021.927921 924021.93599 924021.944059 924021.952128 924021.960197 924021.968266
965,924022.226476,177.5189999025315,7740,7745,0.4120970022981421,0.23265892854370138,1.3364941163086883,0.870316031186477,3d gaze,-89.50449112384807,131.67133946569615,656.1344732934135,924022.226476 924022.234545 924022.242614 924022.250683 924022.258752 924022.266821 924022.27489 924022.282959 924022.291028 924022.299097 924022.307166 924022.315235 924022.323304 924022.331373 924022.339442 924022.347512 924022.355581 924022.36365 924022.371719 924022.379788 924022.387857 924022.395926 924022.403995
966,924022.468547,80.69099998101592,7747,7749,0.4150973089568179,0.19529782482665728,1.4214728429648003,0.9396579970013011,3d gaze,-82.69051006745873,148.1449259325531,625.0358513839205,924022.468547 924022.476616 924022.484685 924022.492754 924022.500824 924022.508893 924022.516962 924022.525031 924022.5331 924022.541169 924022.549238
967,924022.557307,88.7589999474585,7749,7752,0.42333200811606414,0.21101965028763758,0.7833451589347183,0.8960006187359492,3d gaze,-74.11907634491591,138.92884120768682,628.0082379283614,924022.557307 924022.565376 924022.573445 924022.581514 924022.589583 924022.597652 924022.605721 924022.61379 924022.621859 924022.629928 924022.637997 924022.646066
968,924022.654135,88.76000007148832,7752,7755,0.4180453930058472,0.19987899813183876,0.9418677791098155,0.8893771568934122,3d gaze,-79.54565440096543,145.2999929130673,625.3870056530476,924022.654135 924022.662205 924022.670274 924022.678343 924022.686412 924022.694481 924022.70255 924022.710619 924022.718688 924022.726757 924022.734826 924022.742895
969,924022.775171,121.03599996771663,7756,7760,0.43446628587302516,0.23924388719603584,1.2309925659258685,0.9049161672592163,3d gaze,-62.89727600453599,123.09421838948387,635.9402160084741,924022.775171 924022.78324 924022.791309 924022.799378 924022.807447 924022.815517 924022.823586 924022.831655 924022.839724 924022.847793 924022.855862 924022.863931 924022.872 924022.880069 924022.888138 924022.896207
970,924022.904276,80.69099998101592,7760,7762,0.4235327901929859,0.22863638714350357,1.403693744230942,0.9061150821772489,3d gaze,-75.17752983088431,130.7901612506379,640.82240003094,924022.904276 924022.912345 924022.920414 924022.928483 924022.936552 924022.944621 924022.95269 924022.960759 924022.968828 924022.976898 924022.984967
971,924022.993036,96.82799992151558,7762,7765,0.43339559396367766,0.25654849105299743,0.9014344000926946,0.9107505358182467,3d gaze,-65.19816381747802,114.99387390307169,649.4446243419856,924022.993036 924023.001105 924023.009174 924023.017243 924023.025312 924023.033381 924023.04145 924023.049519 924023.057588 924023.065657 924023.073726 924023.081795 924023.089864
972,924023.12214,217.86500001326203,7766,7773,0.43766123088010717,0.2548234024168445,0.6822615438521221,0.9134456664323807,3d gaze,-60.05067080447525,114.87231134115476,643.1980898469477,924023.12214 924023.130209 924023.138278 924023.146348 924023.154417 924023.162486 924023.170555 924023.178624 924023.186693 924023.194762 924023.202831 924023.2109 924023.218969 924023.227038 924023.235107 924023.243176 924023.251245 924023.259314 924023.267383 924023.275452 924023.283521 924023.291591 924023.29966 924023.307729 924023.315798 924023.323867 924023.331936 924023.340005
973,924024.99416,185.5879999930039,7822,7828,0.42151032663171417,0.22344150453230063,1.3726761995840635,0.9074078698952993,3d gaze,-77.28102320590587,133.73101139962347,639.2119520212094,924024.99416 924025.002229 924025.010298 924025.018367 924025.026436 924025.034505 924025.042575 924025.050644 924025.058713 924025.066782 924025.074851 924025.08292 924025.090989 924025.099058 924025.107127 924025.115196 924025.123265 924025.131334 924025.139403 924025.147472 924025.155541 924025.16361 924025.171679 924025.179748
974,924025.42182,102.08999994210899,7835,7838,0.4335670591073698,0.24078981937324576,1.4858266803475453,0.8807082184055464,3d gaze,-49.95439808028486,93.91328806167452,484.60814369637063,924025.42182 924025.429889 924025.437958 924025.446027 924025.454096 924025.462165 924025.4754955 924025.47953 924025.4835645 924025.486372 924025.494441 924025.50251 924025.510579 924025.52391
975,924025.567063,121.03599996771663,7839,7843,0.4379805507225155,0.26760408615577697,1.4753861568915805,0.8917077796326743,3d gaze,-41.30198617247218,78.4705823085498,462.0153475403206,924025.567063 924025.575132 924025.583201 924025.596531 924025.6005655 924025.6046 924025.607408 924025.615477 924025.6288075 924025.632842 924025.6368765 924025.639684 924025.647753 924025.655822 924025.663891 924025.67196 924025.68003 924025.688099
976,924025.696168,80.68999997340143,7843,7846,0.43944671541835234,0.2548491689481684,1.2844748528621974,0.906134307384491,3d gaze,-43.84861861072081,89.68323280649543,501.2746055661293,924025.696168 924025.704237 924025.712306 924025.720375 924025.733705 924025.7377395 924025.741774 924025.744582 924025.752651 924025.76072 924025.768789 924025.776858
977,924025.801065,96.8290000455454,7846,7849,0.439794395712306,0.2364629801260558,1.495092789951216,0.917464976127331,3d gaze,-56.56912142006296,123.11221825616622,627.9794210957939,924025.801065 924025.809134 924025.817203 924025.825272 924025.833342 924025.841411 924025.84948 924025.857549 924025.865618 924025.873687 924025.881756 924025.889825 924025.897894
978,924026.008053,172.25800000596792,7852,7858,0.4275529155689756,0.22740895409282771,1.3685042385053707,0.974469051361084,3d gaze,-57.51558710766422,107.29506693069021,526.286725101265,924026.008053 924026.0120875 924026.0161220001 924026.0201564999 924026.024191 924026.026999 924026.035068 924026.043137 924026.051206 924026.059275 924026.067344 924026.075413 924026.083482 924026.091551 924026.09962 924026.107689 924026.115758 924026.123827 924026.131896 924026.139965 924026.148034 924026.156104 924026.164173 924026.172242 924026.180311
979,924027.826397,80.69099998101592,7907,7909,0.4466393673322337,0.2641847868963489,1.4553431155697967,0.9423809214071794,3d gaze,-50.19761689662377,108.34428762905559,639.3932850601194,924027.826397 924027.834466 924027.842535 924027.850604 924027.858673 924027.866742 924027.874811 924027.88288 924027.890949 924027.899019 924027.907088
980,924028.076538,121.03499996010214,7914,7918,0.4043681883675834,0.2889622647281267,1.4574619786233651,0.9598479829728603,3d gaze,-104.18059795064035,103.50006947688473,702.7988766257675,924028.076538 924028.084607 924028.092676 924028.100745 924028.108814 924028.116883 924028.124952 924028.133021 924028.14109 924028.149159 924028.157228 924028.165297 924028.173366 924028.181435 924028.189504 924028.197573
981,924028.270195,88.75900006387383,7920,7923,0.428897670025214,0.2841124708964599,0.8772378579127952,0.9705316672722498,3d gaze,-72.40493403062483,101.83417741617423,673.9167837044916,924028.270195 924028.278264 924028.286333 924028.294402 924028.302471 924028.31054 924028.318609 924028.326678 924028.334747 924028.342816 924028.350885 924028.358954
982,924028.423507,80.68999997340143,7924,7927,0.432079860066356,0.23965667901241658,1.1804759111079477,1.0,3d gaze,-65.82953837286306,123.6787180004097,640.1086748882268,924028.423507 924028.431576 924028.439645 924028.447714 924028.455783 924028.463852 924028.471921 924028.47999 924028.488059 924028.496128 924028.504197
983,924028.528404,96.8290000455454,7928,7931,0.4322241980140063,0.2619219028414071,0.9450533175609401,0.9932814515553988,3d gaze,-67.05823933802161,112.74271148746548,655.5121835435439,924028.528404 924028.536474 924028.544543 924028.552612 924028.560681 924028.56875 924028.576819 924028.584888 924028.592957 924028.601026 924028.609095 924028.617164 924028.625233
984,924028.746269,129.10500005818903,7934,7938,0.4268423625378325,0.269314698423782,1.2501816757496036,0.9880890390452217,3d gaze,-74.04939258384867,110.09229041425547,666.6557808364554,924028.746269 924028.754338 924028.762407 924028.770476 924028.778545 924028.786614 924028.794683 924028.802752 924028.810821 924028.81889 924028.826959 924028.835028 924028.843097 924028.851167 924028.859236 924028.867305 924028.875374
985,924028.972202,96.8290000455454,7941,7944,0.45135142027245106,0.26974530766295385,1.4993440838156604,0.9872694336451017,3d gaze,-45.021346659537116,104.66495146803028,637.6626249591526,924028.972202 924028.980271 924028.98834 924028.996409 924029.004478 924029.012548 924029.020617 924029.028686 924029.036755 924029.044824 924029.052893 924029.060962 924029.069031
986,924029.0771,121.03599996771663,7944,7948,0.45218110017645735,0.2935828489445291,0.9649572709215178,0.9944910816848278,3d gaze,-45.06290209088141,92.48077424375042,652.4337052762062,924029.0771 924029.085169 924029.093238 924029.101307 924029.109376 924029.117445 924029.125514 924029.133583 924029.141652 924029.149721 924029.15779 924029.16586 924029.173929 924029.181998 924029.190067 924029.198136
987,924029.528967,96.8280000379309,7957,7960,0.4221651770370321,0.2801269153602236,1.3529888398534895,0.9882960732166584,3d gaze,-80.5988106720458,105.29877965896154,679.0597340062542,924029.528967 924029.537036 924029.545105 924029.553174 924029.561243 924029.569312 924029.577381 924029.58545 924029.593519 924029.601588 924029.609657 924029.617726 924029.625795
988,924030.206767,88.759999955073,7978,7980,0.4814335926016273,0.2741375520149129,1.168628787240173,0.8941658139228821,3d gaze,-12.863025585097306,95.80504007706034,599.8941172315511,924030.206767 924030.214836 924030.222905 924030.230974 924030.239043 924030.247112 924030.255181 924030.271319 924030.295527
989,924030.408493,80.69099998101592,7984,7986,0.4183708720181813,0.23583022729078523,1.497303946852396,0.7765007764101028,3d gaze,-82.10933263290893,128.82597085177545,652.632230756701,924030.408493 924030.416562 924030.424631 924030.44077 924030.448839 924030.456908 924030.464977 924030.489184
990,924032.070718,129.10500005818903,8033,8037,0.5246719944327677,0.17720563488368,1.4573720586741945,0.8969240300357342,3d gaze,22.45489386846917,113.73545233128678,449.2593814233707,924032.070718 924032.078787 924032.086856 924032.094925 924032.102994 924032.111063 924032.119132 924032.127201 924032.143339 924032.151408 924032.159477 924032.167546 924032.175615 924032.183685 924032.191754 924032.199823
991,924032.207892,104.89700001198798,8037,8041,0.5120158879093656,0.16155307178929482,1.2650482835279553,0.85628407735091,3d gaze,13.340492365473441,123.25712757941405,458.9557479912995,924032.207892 924032.215961 924032.22403 924032.232099 924032.240168 924032.256306 924032.264375 924032.272444 924032.280513 924032.288582 924032.296651 924032.30472 924032.312789
992,924032.39348,88.75900006387383,8043,8046,0.5025628831103028,0.15929024779065523,1.2659247686410666,0.8756360790946267,3d gaze,6.322808750445336,128.10977202134237,473.2762581013485,924032.39348 924032.409618 924032.417687 924032.425756 924032.433825 924032.441894 924032.449963 924032.458032 924032.466101 924032.47417 924032.482239
993,924033.227047,121.03600008413196,8068,8071,0.4603734652700354,0.5530243785081247,1.4805413634808977,0.7656731158494949,3d gaze,-29.230393861908325,-50.54514119232078,527.8543715374258,924033.227047 924033.243185 924033.251254 924033.348083
994,924033.356152,145.2430000063032,8072,8076,0.4493256431088684,0.5831307985321642,1.190057281724985,0.8708531808853149,3d gaze,-38.783240648232976,-65.21825794729449,527.2761644834912,924033.356152 924033.501395
995,924033.547354,80.69099998101592,8077,8080,0.45928495308401684,0.16248509332844205,1.003273309948856,0.8555770478099783,3d gaze,-31.99412804499913,145.77723495598278,544.0360766193401,924033.547354 924033.587699 924033.619975 924033.628045
996,924033.894323,80.69099998101592,8088,8090,0.5093636021360983,0.3473664284867293,0.9746798531148542,0.8361615598201751,3d gaze,14.467880062518333,55.378388221872115,603.4116207086188,924033.894323 924033.902392 924033.910461 924033.91853 924033.926599 924033.934669 924033.942738 924033.950807 924033.966945 924033.975014
997,924034.023428,80.69099998101592,8092,8094,0.4764149677907244,0.2569735188649845,1.4234307207485106,0.8108214199542999,3d gaze,-17.590774517434028,104.45400586760965,593.8757304959165,924034.023428 924034.039566 924034.047635 924034.055704 924034.063773 924034.071842 924034.079911 924034.087981 924034.09605 924034.104119
998,924034.17674,121.03599996771663,8096,8100,0.46758194372972633,0.21500793201308183,0.8692079541813378,0.798946213722229,3d gaze,-25.543943363242626,124.32574079735467,575.218597648025,924034.17674 924034.192878 924034.200947 924034.209016 924034.217085 924034.225154 924034.233223 924034.241292 924034.249362 924034.257431 924034.2655 924034.273569 924034.281638 924034.289707 924034.297776
999,924035.459719,88.759999955073,8134,8137,0.5365133144246926,0.32182563217482374,0.979199256182218,0.8314606493169611,3d gaze,36.877826102471566,62.44788312644411,540.7893095366103,924035.459719 924035.467788 924035.475857 924035.491995 924035.500064 924035.508133 924035.516202 924035.524272 924035.532341 924035.54041 924035.548479
1000,924035.677583,80.69099998101592,8141,8143,0.532149779854811,0.3058390486103389,0.9734656329794287,0.8463168409135606,3d gaze,32.89322534098555,70.08424845034308,537.8585026893701,924035.677583 924035.685653 924035.693722 924035.717929 924035.725998 924035.734067 924035.742136 924035.750205 924035.758274
1001,924036.056829,201.72599994111806,8152,8158,0.538140858472812,0.297498744576421,1.0434543187908067,0.796469088111605,3d gaze,36.97595509080559,71.98516501490006,521.0654798376542,924036.056829 924036.064898 924036.072967 924036.081036 924036.089105 924036.105243 924036.121381 924036.137519 924036.145588 924036.161727 924036.177865 924036.185934 924036.210141 924036.258555
1002,924036.936355,112.96699999365956,8179,8182,0.4393163487796299,0.008094740533810697,1.0502349902381383,0.7959572672843933,3d gaze,-40.377801585754845,181.11100232273577,417.13624804671537,924036.936355 924036.944424 924037.025115 924037.033184 924037.049322
1003,924037.380153,96.8290000455454,8192,8195,0.5522944830288148,0.2557164634676223,0.707302128988582,0.793345034122467,3d gaze,43.56233599852414,81.72865446867533,459.8213957858469,924037.380153 924037.388222 924037.396291 924037.40436 924037.412429 924037.420498 924037.436637 924037.452775 924037.476982
1004,924038.638925,161.38100007083267,8229,8234,0.5467476463968818,0.3014783026670743,1.1004355119777076,0.8373967938952975,3d gaze,43.049582215532006,68.08600452985834,506.045805897308,924038.638925 924038.646994 924038.655063 924038.663132 924038.671201 924038.687339 924038.695409 924038.703478 924038.711547 924038.719616 924038.727685 924038.735754 924038.743823 924038.759961 924038.76803 924038.776099 924038.784168 924038.800306
1005,924038.93748,88.76000007148832,8238,8241,0.5340434372113486,0.28421801520907436,0.39810921773700647,0.7661426544189454,3d gaze,33.346585178076666,77.8927120825019,517.5826376442726,924038.93748 924038.961687 924038.993963 924039.018171 924039.02624
1006,924039.817007,201.72600005753338,8264,8271,0.5378364232247483,0.25774308592986034,0.8406671644216551,0.8186249136924744,3d gaze,34.738978322649174,86.01696023466813,490.0872214870777,924039.817007 924039.849283 924039.865421 924039.87349 924039.881559 924039.897697 924039.905766 924039.913835 924039.921904 924039.978388 924039.994526 924040.002595 924040.010664 924040.018733
1007,924043.383527,185.5879999930039,8371,8376,0.5355652767204746,0.30695678523233394,1.033412223182234,0.7948534919155968,3d gaze,35.38954705317206,68.56079415869888,530.265622231196,924043.383527 924043.399665 924043.407734 924043.415803 924043.423872 924043.431941 924043.44001 924043.448079 924043.456149 924043.464218 924043.480356 924043.488425 924043.504563 924043.512632 924043.52877 924043.536839 924043.561046 924043.569115
1008,924043.577184,153.31199998036027,8377,8381,0.5272115506052354,0.2852329744057068,1.2297394052407,0.7885203686627474,3d gaze,28.21880868850469,79.21321663577366,529.9734824108401,924043.577184 924043.601391 924043.617529 924043.674013 924043.682082 924043.690151 924043.69822 924043.706289 924043.714358 924043.722427 924043.730496
1009,924043.795049,80.69000008981675,8383,8386,0.5123507843165147,0.2561541984420394,1.3284700112228938,0.8255475103855133,3d gaze,15.538450089315267,94.44091666152488,534.4137196049583,924043.795049 924043.803118 924043.811187 924043.819256 924043.827325 924043.835394 924043.843463 924043.859601 924043.86767 924043.875739
1010,924044.012913,217.86400000564754,8390,8396,0.5219834049887203,0.2689304072208704,1.0296415312700784,0.7982316667383368,3d gaze,23.601443627001917,86.83013546334233,527.3085888326648,924044.012913 924044.020982 924044.045189 924044.053258 924044.061327 924044.069396 924044.085534 924044.093604 924044.109742 924044.117811 924044.12588 924044.133949 924044.150087 924044.158156 924044.166225 924044.174294 924044.182363 924044.198501 924044.20657 924044.214639 924044.222708 924044.230777
1011,924044.989268,80.69099998101592,8419,8421,0.5020915423227559,0.23189719040171233,1.3126651362907114,0.8410631954669953,3d gaze,6.579116808211841,106.50859381672004,533.1882194824769,924044.989268 924044.997337 924045.005406 924045.013475 924045.021544 924045.029613 924045.037682 924045.053821 924045.06189 924045.069959
1012,924045.408859,153.3120000967756,8431,8436,0.4789581105706358,0.25348870827563685,0.9123211502428786,0.8075752166601328,3d gaze,-14.92318459845072,104.92970840645097,585.6258045475756,924045.408859 924045.416928 924045.433066 924045.441135 924045.48148 924045.497618 924045.505687 924045.513756 924045.521826 924045.529895 924045.546033 924045.554102 924045.562171
1013,924045.759128,129.1049999417737,8442,8446,0.43157640804194447,0.6447541323163447,0.4271183989740515,0.744636615117391,3d gaze,-54.91049622259345,-96.58006696957686,530.6358146869374,924045.759128 924045.791405 924045.888233
1014,924046.239971,80.69099998101592,8456,8459,0.49435209869175983,0.27849505146838555,1.2315228359319863,0.8941934108734131,3d gaze,-0.18363245534300177,90.28421089078297,580.3036660930576,924046.239971 924046.24804 924046.256109 924046.264178 924046.272247 924046.280316 924046.288385 924046.296454 924046.304523 924046.312593 924046.320662
1015,924047.054945,80.69099998101592,8480,8483,0.5338528865340333,0.30940880582652447,1.2772628966117154,0.8517459167374505,3d gaze,34.26555032367641,68.06956887261988,536.0040703526627,924047.054945 924047.063014 924047.071083 924047.079152 924047.09529 924047.111429 924047.119498 924047.127567 924047.135636
1016,924047.208257,80.69099998101592,8485,8487,0.5243802489027893,0.2783894812099588,1.4838247068485533,0.835418595208062,3d gaze,25.746813569836426,82.70790458054869,530.9210978831626,924047.208257 924047.224395 924047.232464 924047.248602 924047.256671 924047.26474 924047.27281 924047.280879 924047.288948
1017,924047.869919,80.69100009743124,8505,8507,0.4992235683571548,0.27257089383913874,1.192196769602004,0.8638732379133051,3d gaze,4.316507557265584,91.56600849198178,568.472157634719,924047.869919 924047.877988 924047.886057 924047.894126 924047.902196 924047.910265 924047.918334 924047.926403 924047.934472 924047.942541 924047.95061
1018,924048.20075,80.69100009743124,8515,8517,0.4847172416756396,0.2121437054044859,1.1471455606548617,0.8694785594940185,3d gaze,-8.845469565192525,119.35342424268477,545.5554651481955,924048.20075 924048.216888 924048.224958 924048.233027 924048.241096 924048.249165 924048.257234 924048.265303 924048.273372 924048.281441
1019,924048.523512,217.86500001326203,8524,8531,0.4941174609574195,0.19614451451400844,1.4252124551569798,0.8056698753720238,3d gaze,-0.3939370944431473,121.24946272588046,517.5698281654116,924048.523512 924048.531581 924048.539651 924048.555789 924048.571927 924048.579996 924048.588065 924048.604203 924048.612272 924048.620341 924048.62841 924048.644548 924048.652617 924048.660686 924048.668755 924048.676824 924048.684893 924048.692962 924048.709101 924048.733308 924048.741377
1020,924048.757515,80.69000008981675,8531,8534,0.4952318498989535,0.1898736299542557,1.3240207674422058,0.8229709201388888,3d gaze,0.5847530028154071,122.71503675694595,510.43589122476016,924048.757515 924048.765584 924048.773653 924048.789791 924048.79786 924048.805929 924048.813998 924048.822067 924048.838205
1021,924048.846274,88.759999955073,8534,8537,0.5013468256681015,0.20985506695550285,1.2397774872360445,0.8274839818477631,3d gaze,5.796606336431424,114.24429093799422,517.0562183996079,924048.846274 924048.854343 924048.878551 924048.902758 924048.910827 924048.918896 924048.926965 924048.935034
1022,924049.096415,80.69099998101592,8541,8544,0.5348786680848199,0.3025846395484424,1.1761538704153913,0.8646198402751576,3d gaze,34.7217067340518,70.53618120931527,528.9587202452433,924049.096415 924049.104484 924049.112553 924049.120622 924049.128691 924049.13676 924049.144829 924049.152898 924049.160967 924049.169036 924049.177106
1023,924049.541865,80.69049997720867,8555,8557,0.4440200201580487,0.03737123565751111,1.4349950448721351,0.7806205786764622,3d gaze,-12.944460285764467,59.01269396673214,147.40884753007174,924049.541865 924049.5458995 924049.549934 924049.5539685 924049.558003 924049.5620375 924049.566072 924049.5701065001 924049.574141 924049.5781755 924049.58221 924049.590279 924049.602383 924049.610452 924049.618521 924049.6225555
1024,924050.6029459999,80.69000008981675,8586,8589,0.41915582557350717,0.1433157716625906,1.4976431870346507,0.9912670708837963,3d gaze,-21.45781412291288,48.85406846024015,169.08340660790006,924050.6029459999 924050.6069805 924050.611015 924050.6150495 924050.619084 924050.6231185 924050.627153 924050.6311875 924050.6352220001 924050.6392564999 924050.643291 924050.6473255 924050.65136 924050.6553945 924050.659429 924050.6634635 924050.667498 924050.6715325 924050.6755669999 924050.6796015 924050.683636
1025,924050.6876705,84.72549996804446,8589,8591,0.4081557946865532,0.13342553309100452,1.3229841408572771,0.9963271157308058,3d gaze,-24.36133888768337,49.93382532228466,166.60746334248307,924050.6876705 924050.691705 924050.69574 924050.6997745 924050.703809 924050.7078435 924050.7118780001 924050.7159124999 924050.719947 924050.7239815 924050.728016 924050.7320505 924050.736085 924050.7401195 924050.744154 924050.7481885001 924050.7522229999 924050.7562575 924050.760292 924050.764327 924050.7683615 924050.772396
1026,924050.7764305,137.17350002843887,8592,8596,0.414485143185532,0.12193605469444062,1.2559796039427868,0.993960395029613,3d gaze,-22.43731005866945,51.437629565373136,165.26807045055637,924050.7764305 924050.7804650001 924050.7844995 924050.788534 924050.7925685 924050.796603 924050.8006375 924050.804672 924050.8087065 924050.812741 924050.8167755 924050.82081 924050.8248445 924050.8288789999 924050.832914 924050.8369485 924050.840983 924050.8450175 924050.849052 924050.8530865 924050.8571210001 924050.8611554999 924050.86519 924050.8692245 924050.873259 924050.8772935 924050.881328 924050.8853625 924050.889397 924050.8934315001 924050.8974659999 924050.9015005 924050.905535 924050.9095695 924050.913604
1027,924050.9297425,157.34650008380413,8596,8601,0.40520467131170024,0.07433584494543914,1.4522614226584722,0.9960433654487133,3d gaze,-24.525549294177132,57.8981149152692,159.73072567864614,924050.9297425 924050.933777 924050.9378115 924050.941846 924050.9458805 924050.949915 924050.9539495 924050.957984 924050.9620185 924050.966053 924050.970088 924050.9741225 924050.978157 924050.9821915 924050.986226 924050.9902605 924050.994295 924050.9983295 924051.002364 924051.0063985 924051.010433 924051.0144674999 924051.018502 924051.0225365 924051.026571 924051.0306055 924051.03464 924051.0386745001 924051.042709 924051.0467435 924051.050778 924051.0548125 924051.058847 924051.0628815 924051.066916 924051.0709505 924051.0749850001 924051.0790200001 924051.0830544999 924051.087089
1028,924052.122309,104.89800001960248,8632,8635,0.4847427954335651,0.5552221697702961,0.89010023469135,1.0,3d gaze,-11.59225029506383,-71.27544179055965,730.0224089091654,924052.122309 924052.130378 924052.138447 924052.146516 924052.154585 924052.162654 924052.170723 924052.178792 924052.186861 924052.194931 924052.203 924052.211069 924052.219138 924052.227207
1029,924052.2772745,108.93250000663102,8636,8640,0.5661266289086011,0.6186888556848578,1.3911919249293672,0.9249042349833029,3d gaze,47.363414317009116,-63.38931815619916,401.8529936013506,924052.2772745 924052.281309 924052.2853435 924052.289378 924052.2934125001 924052.2974469999 924052.3014815 924052.305516 924052.3095505 924052.313585 924052.3176195 924052.3216540001 924052.3256885 924052.3297230001 924052.333758 924052.3377924999 924052.341827 924052.3458615 924052.349896 924052.353931 924052.3579655 924052.362 924052.3660345001 924052.3700689999 924052.3741035 924052.3781379999 924052.386207
1030,924052.445071,80.69099998101592,8641,8644,0.47958747643175187,0.6948180178563276,1.1004026015597879,1.0,3d gaze,-18.715935701457827,-173.76680839551722,757.8600415738943,924052.445071 924052.45314 924052.461209 924052.469278 924052.477347 924052.485416 924052.493485 924052.501554 924052.509623 924052.517693 924052.525762
1031,924052.533831,80.68999997340143,8644,8646,0.47684784382630135,0.6803202172041963,1.245487872243219,1.0,3d gaze,-22.149799080567256,-163.6797603798629,760.3549710384424,924052.533831 924052.5419 924052.549969 924052.558038 924052.566107 924052.574176 924052.582245 924052.590314 924052.598383 924052.606452 924052.614521
1032,924053.043835,96.8280000379309,8659,8662,0.40527622023511184,0.4524707834933148,1.338207581599545,0.9666563677787781,3d gaze,-24.019776184934436,-0.6703161564358221,165.54750364510213,924053.043835 924053.0478695 924053.051904 924053.0559385 924053.059973 924053.0640075 924053.068042 924053.0720764999 924053.076111 924053.0801455 924053.08418 924053.0882145 924053.092249 924053.0962835001 924053.100318 924053.1043525 924053.1083869999 924053.1124215 924053.116456 924053.1204905 924053.124525 924053.1285595 924053.132594 924053.1366285 924053.140663
1033,924053.3464245,133.13949992880225,8668,8672,0.5250091924198177,0.5143853195711069,1.2841430087148655,0.915601939894259,3d gaze,8.568884161382108,-10.455859670838272,173.63921443764795,924053.3464245 924053.350459 924053.3544935 924053.3585280001 924053.3625624999 924053.3706315 924053.374666 924053.3787005 924053.382735 924053.3867695 924053.390804 924053.3948385001 924053.4029075 924053.406942 924053.4109765 924053.415011 924053.4190455 924053.42308 924053.4271145 924053.4311495 924053.4351840001 924053.4392184999 924053.443253 924053.4472875 924053.451322 924053.4553565 924053.4593915 924053.463426 924053.4674605001 924053.471495 924053.4755295 924053.4795639999
1034,924053.495702,112.96649998985231,8673,8676,0.5418581836101009,0.5324670383844675,1.3088832169013223,0.927952457090904,3d gaze,14.64485855206977,-14.705426896091216,190.8976666382589,924053.495702 924053.4997365 924053.5037710001 924053.5078055 924053.51184 924053.5158744999 924053.519909 924053.5239435 924053.527978 924053.5320125 924053.536047 924053.5400815001 924053.544116 924053.5481505 924053.5521849999 924053.5562195 924053.560254 924053.5642885 924053.568323 924053.5723575 924053.5763925 924053.5804270001 924053.5844614999 924053.588496 924053.5925305 924053.596565 924053.6005995 924053.604634 924053.6086685
1035,924053.612703,108.93250000663102,8676,8679,0.5293351752464273,0.5243568665135366,1.0479755428018276,0.9140291346444024,3d gaze,10.923778164039025,-13.48169929853713,194.33407323330107,924053.612703 924053.6167375001 924053.6207725 924053.6248069999 924053.6288415 924053.632876 924053.6369105 924053.640945 924053.6449795 924053.649014 924053.6530485 924053.6611175 924053.665152 924053.6691865 924053.673221 924053.6772555 924053.68129 924053.6853245001 924053.689359 924053.6933935 924053.6974279999 924053.7014625 924053.7054975 924053.709532 924053.7135665 924053.717601 924053.7216355
1036,924053.7821535,133.13900004141033,8681,8685,0.5465024406766184,0.5426883908018254,1.284344831558134,0.9036530878613976,3d gaze,15.283102030777892,-15.710725203180637,181.53009926455138,924053.7821535 924053.786188 924053.7902225 924053.794257 924053.7982915 924053.8023260001 924053.8063604999 924053.810395 924053.8144294999 924053.818464 924053.8224985 924053.826533 924053.8305675001 924053.834602 924053.8386365001 924053.8426715 924053.8467059999 924053.8507405 924053.854775 924053.8588095 924053.862844 924053.8668785 924053.8709130001 924053.8749475 924053.878982 924053.8830164999 924053.887051 924053.8910855 924053.89512 924053.8991545 924053.903189 924053.9072235001 924053.911258 924053.9152925
1037,924053.9193269999,100.86350003257394,8685,8688,0.55372127012227,0.545163699072714,1.4902172233590165,0.9015024447441101,3d gaze,16.62485078605418,-15.392558084230982,172.99673458980658,924053.9193269999 924053.9233615 924053.927396 924053.9314305 924053.9354655 924053.9395 924053.9435345 924053.9475690001 924053.9516034999 924053.955638 924053.9596724999 924053.963707 924053.9677415 924053.971776 924053.9758105 924053.98388 924053.9879145001 924053.9919489999 924053.9959835 924054.0000179999 924054.0040525 924054.008087 924054.0121215 924054.0161560001 924054.0201905
1038,924054.0242250001,121.03599985130131,8688,8692,0.5502432003282217,0.5660243753592207,1.026308168135769,0.9042897255256258,3d gaze,16.76331946281301,-19.99270265179965,185.0848193907374,924054.0242250001 924054.0282594999 924054.032294 924054.0363285 924054.040363 924054.0443975 924054.048432 924054.0524665 924054.056501 924054.0605355001 924054.0645699999 924054.0686045 924054.0726389999 924054.0766735 924054.080708 924054.0847425 924054.0887770001 924054.0968460001 924054.1008804999 924054.1049154999 924054.10895 924054.1129845 924054.1170195 924054.121054 924054.1250885 924054.129123 924054.1371919999 924054.1412265 924054.1452609999
1039,924055.311239,88.76000007148832,8727,8730,0.4773817339551138,0.4265119705849559,1.312458676148737,0.9614014327526093,3d gaze,-5.296211483370232,3.722647819718528,191.70371361909056,924055.311239 924055.3152735 924055.3193079999 924055.3233425 924055.327377 924055.3314115 924055.335446 924055.3394805 924055.3435150001 924055.3475495 924055.3515844999 924055.355619 924055.3596535 924055.363688 924055.3677225 924055.3717575 924055.375792 924055.3798265001 924055.383861 924055.3878955 924055.3919299999 924055.3959645 924055.399999
1040,924055.408068,96.82849992532283,8730,8733,0.48265580866981783,0.4666680458897272,1.4774235461849303,0.9771286487579346,3d gaze,-4.213473820488412,-3.796483728109701,222.5460316848951,924055.408068 924055.4121025 924055.4161370001 924055.4201715 924055.424206 924055.4282404999 924055.432275 924055.4363095 924055.440344 924055.4443785 924055.448413 924055.4524475001 924055.456482 924055.4605165 924055.4645509999 924055.4685855 924055.47262 924055.4766545 924055.480689 924055.4847235 924055.4887580001 924055.4927925 924055.4968274999 924055.500862 924055.5048964999
1041,924055.508931,92.79399993829429,8733,8736,0.4664011257175722,0.4836354264576807,1.381353323383366,0.9627469132343928,3d gaze,-8.493925379480984,-6.03673130459132,187.88689388030988,924055.508931 924055.5129655 924055.517 924055.5210345 924055.5250695001 924055.529104 924055.5331385001 924055.5371729999 924055.5412075 924055.545242 924055.5492765 924055.553311 924055.5573455 924055.5613800001 924055.5654145 924055.5694490001 924055.5734834999 924055.577518 924055.5815524999 924055.585587 924055.5896215 924055.593656 924055.5976905001 924055.601725
1042,924055.6097939999,88.76000007148832,8736,8738,0.48732642517718877,0.5048926248860837,1.4049818388507282,0.9903270459693411,3d gaze,-2.584168718808485,-11.902010292988493,230.1321644439394,924055.6097939999 924055.6138285 924055.617863 924055.6218975 924055.6259325 924055.6299670001 924055.6340015 924055.6380360001 924055.6420705 924055.646105 924055.6501394999 924055.654174 924055.6582085 924055.662243 924055.6662775 924055.670312 924055.6743465001 924055.678381 924055.6824155 924055.6864505 924055.690485 924055.6945195 924055.698554
1043,924056.1746285,84.72449996042997,8753,8755,0.5230284543548444,0.8425986956649169,1.4441208090083046,0.9519225656986237,3d gaze,16.47244782122972,-127.91226580644353,335.0978491267718,924056.1746285 924056.178663 924056.1826975 924056.186732 924056.1907665001 924056.194801 924056.1988355 924056.2028699999 924056.2069045 924056.210939 924056.2149735 924056.2190080001 924056.2230425 924056.2270770001 924056.2311115 924056.235146 924056.2391804999 924056.243215 924056.2472495 924056.251284 924056.2553185 924056.259353
1044,924056.473183,125.07049995474517,8762,8765,0.5471862985276165,0.7268991486160931,1.2002219575535917,0.9140838413469253,3d gaze,57.177590425857126,-169.11405248569977,644.6623025057803,924056.473183 924056.477218 924056.4812525001 924056.485287 924056.4893215001 924056.4933559999 924056.4973905 924056.5014249999 924056.5054595 924056.509494 924056.5135285 924056.5175630001 924056.5215975 924056.5256320001 924056.5296664999 924056.533701 924056.5377355 924056.54177 924056.5458045 924056.549839 924056.5538735001 924056.557908 924056.5619425001 924056.5659769999 924056.5700115 924056.5740459999 924056.582115 924056.5861495 924056.5901840001 924056.5942190001 924056.5982535
1045,924056.7152545,80.69099998101592,8769,8771,0.5537621601211205,0.8606058319722284,1.2197013823046536,0.9565336136590867,3d gaze,59.217484585308185,-230.6234770488689,572.0285688460443,924056.7152545 924056.7192889999 924056.723324 924056.7273585 924056.731393 924056.7354275 924056.7394620001 924056.7434965 924056.7475310001 924056.7515654999 924056.7556 924056.7596344999 924056.763669 924056.7677035 924056.771738 924056.7757725001 924056.779807 924056.7838415001 924056.7878759999 924056.7919109999 924056.7959455
1046,924056.8282214999,161.38100007083267,8772,8777,0.5444012472346953,0.8811496989906163,1.4787110066696136,0.9406355270525304,3d gaze,36.0481729564145,-175.80042505432715,412.43103321259485,924056.8282214999 924056.832256 924056.8362905 924056.840325 924056.8443595 924056.848394 924056.8524285001 924056.856463 924056.8604979999 924056.8645325 924056.8685669999 924056.8726015 924056.876636 924056.8806705 924056.8847050001 924056.8887395 924056.8927740001 924056.8968084999 924056.900843 924056.9048774999 924056.908912 924056.9129465 924056.916981 924056.9210155001 924056.92505 924056.9290845001 924056.9331189999 924056.9371535 924056.9411879999 924056.9452225 924056.949257 924056.953292 924056.9573265 924056.9613610001 924056.9653955 924056.96943 924056.9734644999 924056.977499 924056.9815335 924056.985568 924056.9896025
1047,924056.993637,117.0014999806881,8777,8781,0.5368999938133368,0.8882625827477112,1.238822836996745,0.9600821097691854,3d gaze,30.841797155052276,-179.81215767480813,414.4443127591209,924056.993637 924056.997672 924057.0017065001 924057.005741 924057.0097755 924057.0138099999 924057.0178445 924057.021879 924057.0259135 924057.029948 924057.0339825 924057.0380170001 924057.0420515 924057.046086 924057.0501204999 924057.054155 924057.0581895 924057.062224 924057.0662585001 924057.070293 924057.0743275001 924057.078362 924057.0823965 924057.0864309999 924057.0904655 924057.0945 924057.0985345 924057.102569 924057.1066040001 924057.1106385
1048,924058.1838225,92.79449994210154,8813,8815,0.22184119884770906,0.4931422177794349,1.4594056585701303,0.9223584172626337,3d gaze,-531.7201907332222,-49.29187438698285,1096.526461403815,924058.1838225 924058.1878569999 924058.1918915 924058.1959259999 924058.1999605 924058.2039950001 924058.2080295 924058.2120640001 924058.2160985 924058.220133 924058.224168 924058.228203 924058.2322374999 924058.236272 924058.2403065 924058.244341 924058.2483755001 924058.25241 924058.2564445001 924058.2604789999 924058.2645135 924058.2685479999 924058.2725825 924058.276617
1049,924059.0956260001,104.89799990318716,8840,8843,0.43579491809908494,0.7775492600203228,1.2907322569861979,0.978371677575288,3d gaze,-21.062094334780316,-66.60295993627072,212.4242398148855,924059.0956260001 924059.0996605 924059.103695 924059.1077294999 924059.111764 924059.1157984999 924059.119833 924059.1238675001 924059.127902 924059.1319365001 924059.135971 924059.1400055 924059.1440399999 924059.1480745 924059.1521089999 924059.1561435 924059.160178 924059.1642125 924059.1682470001 924059.1722815 924059.176316 924059.180351 924059.1843854999 924059.18842 924059.192455 924059.1964895001 924059.200524
1050,924059.2045585001,80.68999997340143,8843,8845,0.4450558379980281,0.7733631938558675,1.4609231964321627,0.9735382852100191,3d gaze,-23.862128680207515,-88.33581256355991,286.04987167678456,924059.2045585001 924059.208593 924059.2126275001 924059.2166619999 924059.2206965 924059.2247309999 924059.2287655 924059.2328 924059.2368345 924059.2408690001 924059.2449035 924059.2489380001 924059.2529724999 924059.257007 924059.2610414999 924059.265076 924059.2691105001 924059.273145 924059.2771795001 924059.281214 924059.2852485001
1051,924059.541081,80.69099998101592,8853,8855,0.5101307485149202,0.48743443265035374,1.493831329358131,0.8222552158615806,3d gaze,14.274531220756176,-20.279081720937587,567.5221057558043,924059.541081 924059.54915 924059.557219 924059.565288 924059.573357 924059.581426 924059.589495 924059.597565 924059.605634 924059.613703 924059.621772
