Timestamp,Local time,Pleasure,Arousal,Dominance
1784585388.5838,15:09:48.583,0.97,0.17,0.15
1784585389.0832,15:09:49.083,0.97,0.18,0.15
1784585389.583,15:09:49.583,0.97,0.21,0.09
1784585390.0833,15:09:50.083,0.96,0.26,0.02
1784585390.5828,15:09:50.582,0.95,0.31,-0.05
1784585391.0822,15:09:51.082,0.98,0.10,0.16
1784585391.5826,15:09:51.582,0.97,0.08,0.23
1784585392.0818,15:09:52.081,0.97,0.19,0.16
1784585392.5816,15:09:52.581,0,0,0
1784585393.082,15:09:53.082,0,0,0
1784585393.5812,15:09:53.581,0.97,0.08,0.22
1784585394.0808,15:09:54.080,0.98,0.07,0.21
1784585394.5809,15:09:54.580,0.98,0.08,0.19
1784585395.0809,15:09:55.080,0.98,0.18,0.11
1784585395.5807,15:09:55.580,0.95,0.30,0.00
1784585396.0809,15:09:56.080,0.94,0.34,-0.05
1784585396.581,15:09:56.581,0.94,0.35,-0.04
1784585397.0806,15:09:57.080,0.97,0.09,0.20
1784585397.5807,15:09:57.580,0.95,0.29,0.11
1784585398.0805,15:09:58.080,0,0,0
1784585398.5801,15:09:58.580,0,0,0
1784585399.0803,15:09:59.080,0,0,0
1784585399.5803,15:09:59.580,0,0,0
1784585400.0799,15:10:00.079,0,0,0
1784585400.5795,15:10:00.579,0.97,0.22,0.14
1784585401.0793,15:10:01.079,0,0,0
1784585401.5785,15:10:01.578,0,0,0
1784585402.0781,15:10:02.078,0,0,0
1784585402.5782,15:10:02.578,0,0,0
1784585403.0781,15:10:03.078,0,0,0
1784585403.5777,15:10:03.577,0.97,0.16,0.17
1784585404.0778,15:10:04.077,0,0,0
1784585404.5778,15:10:04.577,0,0,0
1784585405.0778,15:10:05.077,0,0,0
1784585405.578,15:10:05.578,0.98,0.07,0.18
1784585406.0772,15:10:06.077,0.98,0.06,0.17
1784585406.577,15:10:06.577,0.98,-0.01,0.22
1784585407.0776,15:10:07.077,0.98,0.00,0.21
1784585407.5777,15:10:07.577,0.98,0.06,0.17
1784585408.0775,15:10:08.077,0.99,0.13,0.11
1784585408.5775,15:10:08.577,0.98,0.21,0.04
1784585409.0775,15:10:09.077,0.96,0.27,0.01
1784585409.5773,15:10:09.577,0,0,0
1784585410.0775,15:10:10.077,0,0,0
1784585410.5773,15:10:10.577,0,0,0
1784585411.0766,15:10:11.076,0,0,0
1784585411.5768,15:10:11.576,0.97,0.25,0.01
1784585412.0768,15:10:12.076,0.98,0.13,0.14
1784585412.5759,15:10:12.575,0.98,0.03,0.21
1784585413.0761,15:10:13.076,0.98,0.03,0.20
1784585413.5763,15:10:13.576,0.98,0.10,0.16
1784585414.0753,15:10:14.075,0.98,0.12,0.14
1784585414.5753,15:10:14.575,0.98,0.14,0.15
1784585415.075,15:10:15.075,0.95,-0.01,0.32
1784585415.5744,15:10:15.574,0.96,0.05,0.29
1784585416.0742,15:10:16.074,0.96,0.05,0.29
1784585416.5744,15:10:16.574,0.96,0.06,0.27
1784585417.0741,15:10:17.074,0.96,0.03,0.27
1784585417.5741,15:10:17.574,0.97,0.02,0.25
1784585418.0739,15:10:18.073,0.97,0.04,0.24
1784585418.5735,15:10:18.573,0.97,0.06,0.25
1784585419.0733,15:10:19.073,0.97,0.07,0.25
1784585419.5735,15:10:19.573,0.96,0.08,0.28
1784585420.0729,15:10:20.072,0.95,0.07,0.30
1784585420.5733,15:10:20.573,0.95,0.07,0.31
1784585421.0735,15:10:21.073,0.95,0.06,0.30
1784585421.5736,15:10:21.573,0.95,0.06,0.31
1784585422.0734,15:10:22.073,0.95,0.07,0.31
1784585422.5732,15:10:22.573,0.95,0.06,0.31
1784585423.0731,15:10:23.073,0.94,0.05,0.33
1784585423.5729,15:10:23.572,0.94,0.05,0.33
1784585424.0732,15:10:24.073,0.94,0.04,0.33
1784585424.5726,15:10:24.572,0.94,0.03,0.34
1784585425.0723,15:10:25.072,0.94,0.03,0.34
1784585425.5725,15:10:25.572,0.94,0.03,0.33
1784585426.0721,15:10:26.072,0.94,0.03,0.33
1784585426.5713,15:10:26.571,0.95,0.05,0.31
1784585427.0717,15:10:27.071,0.95,0.04,0.31
1784585427.5719,15:10:27.571,0.95,0.06,0.30
1784585428.0715,15:10:28.071,0.95,0.12,0.27
1784585428.5717,15:10:28.571,0.96,0.12,0.27
1784585429.0718,15:10:29.071,0.96,0.11,0.26
1784585429.5706,15:10:29.570,0.96,0.09,0.25
1784585430.0708,15:10:30.070,0.97,0.08,0.21
1784585430.5702,15:10:30.570,0.98,0.09,0.19
1784585431.0696,15:10:31.069,0.98,0.11,0.18
1784585431.5698,15:10:31.569,0.98,0.16,0.14
1784585432.0698,15:10:32.069,0.97,0.22,0.13
1784585432.5694,15:10:32.569,0.97,0.23,0.13
1784585433.0693,15:10:33.069,0.96,0.23,0.14
1784585433.5695,15:10:33.569,0.97,0.18,0.18
1784585434.0689,15:10:34.068,0.96,0.15,0.23
1784585434.5687,15:10:34.568,0.96,0.15,0.23
1784585435.0689,15:10:35.068,0.97,0.13,0.23
1784585435.5685,15:10:35.568,0.96,0.13,0.24
1784585436.0683,15:10:36.068,0.96,0.11,0.26
1784585436.5681,15:10:36.568,0.95,0.08,0.31
1784585437.0674,15:10:37.067,0.95,0.08,0.30
1784585437.5672,15:10:37.567,0.95,0.07,0.29
1784585438.0676,15:10:38.067,0.96,0.06,0.29
1784585438.5678,15:10:38.567,0.96,0.07,0.28
1784585439.0672,15:10:39.067,0.96,0.11,0.26
1784585439.5674,15:10:39.567,0.96,0.12,0.26
1784585440.0674,15:10:40.067,0.96,0.11,0.26
1784585440.5664,15:10:40.566,0.95,0.04,0.30
1784585441.0665,15:10:41.066,0.95,0.00,0.32
1784585441.5663,15:10:41.566,0.95,0.00,0.32
1784585442.0663,15:10:42.066,0.95,0.01,0.32
1784585442.5661,15:10:42.566,0.96,0.06,0.28
1784585443.0661,15:10:43.066,0.96,0.10,0.27
1784585443.5653,15:10:43.565,0.96,0.14,0.25
1784585444.0659,15:10:44.065,0.96,0.17,0.22
1784585444.5661,15:10:44.566,0.96,0.17,0.23
1784585445.0655,15:10:45.065,0.96,0.17,0.23
1784585445.5657,15:10:45.565,0.96,0.17,0.23
1784585446.0653,15:10:46.065,0.96,0.17,0.21
1784585446.5649,15:10:46.564,0.97,0.17,0.20
1784585447.0651,15:10:47.065,0.97,0.15,0.20
1784585447.5657,15:10:47.565,0.97,0.11,0.22
1784585448.0648,15:10:48.064,0.97,0.07,0.25
1784585448.5643,15:10:48.564,0.96,0.08,0.26
1784585449.0643,15:10:49.064,0.97,0.11,0.23
1784585449.5635,15:10:49.563,0.97,0.14,0.18
1784585450.0635,15:10:50.063,0.97,0.16,0.16
1784585450.5637,15:10:50.563,0.97,0.19,0.15
1784585451.0635,15:10:51.063,0.97,0.22,0.13
1784585451.5633,15:10:51.563,0.97,0.21,0.15
1784585452.0636,15:10:52.063,0.97,0.18,0.17
1784585452.5631,15:10:52.563,0.97,0.11,0.23
1784585453.0629,15:10:53.062,0.96,0.09,0.26
1784585453.5633,15:10:53.563,0.96,0.11,0.25
1784585454.0624,15:10:54.062,0.96,0.11,0.24
1784585454.5622,15:10:54.562,0.97,0.08,0.23
1784585455.063,15:10:55.063,0.96,0.03,0.27
1784585455.5627,15:10:55.562,0.96,0.00,0.29
1784585456.0621,15:10:56.062,0.95,-0.01,0.30
1784585456.5624,15:10:56.562,0.95,-0.02,0.30
1784585457.0621,15:10:57.062,0.95,-0.01,0.30
1784585457.5617,15:10:57.561,0.96,-0.01,0.28
1784585458.062,15:10:58.062,0.97,0.02,0.25
1784585458.5621,15:10:58.562,0.97,0.01,0.25
1784585459.0617,15:10:59.061,0.96,0.02,0.27
1784585459.5619,15:10:59.561,0.95,-0.05,0.31
1784585460.0617,15:11:00.061,0.94,-0.04,0.34
1784585460.5611,15:11:00.561,0.94,-0.03,0.35
1784585461.0611,15:11:01.061,0.94,0.01,0.33
1784585461.5607,15:11:01.560,0.95,0.04,0.30
1784585462.0602,15:11:02.060,0.96,0.07,0.29
1784585462.5604,15:11:02.560,0.96,0.08,0.28
1784585463.0602,15:11:03.060,0.96,0.08,0.27
1784585463.5598,15:11:03.559,0.96,0.08,0.27
1784585464.0602,15:11:04.060,0.96,0.07,0.28
1784585464.5594,15:11:04.559,0.96,0.08,0.27
1784585465.0591,15:11:05.059,0.96,0.05,0.28
1784585465.5591,15:11:05.559,0.96,0.02,0.27
1784585466.0597,15:11:06.059,0.96,0.03,0.27
1784585466.5591,15:11:06.559,0.97,0.11,0.22
1784585467.0587,15:11:07.058,0.97,0.11,0.22
1784585467.5593,15:11:07.559,0.97,0.06,0.23
1784585468.059,15:11:08.059,0.98,0.00,0.20
1784585468.5582,15:11:08.558,0.97,-0.07,0.25
1784585469.0585,15:11:09.058,0.97,-0.06,0.25
1784585469.5585,15:11:09.558,0.96,0.00,0.28
1784585470.0585,15:11:10.058,0.96,0.03,0.27
1784585470.5585,15:11:10.558,0.97,0.08,0.24
1784585471.0582,15:11:11.058,0.97,0.09,0.21
1784585471.558,15:11:11.558,0.97,0.13,0.19
1784585472.058,15:11:12.058,0.97,0.18,0.16
1784585472.5576,15:11:12.557,0.96,0.20,0.17
1784585473.0572,15:11:13.057,0.96,0.20,0.17
1784585473.5576,15:11:13.557,0.97,0.19,0.14
1784585474.0569,15:11:14.056,0.97,0.21,0.10
1784585474.5565,15:11:14.556,0.97,0.22,0.09
1784585475.0567,15:11:15.056,0.97,0.21,0.11
1784585475.5565,15:11:15.556,0.97,0.16,0.17
1784585476.0557,15:11:16.055,0.97,0.15,0.18
1784585476.5555,15:11:16.555,0.98,0.14,0.15
1784585477.0553,15:11:17.055,0.98,0.15,0.13
1784585477.5548,15:11:17.554,0.98,0.15,0.13
1784585478.055,15:11:18.055,0.98,0.14,0.12
1784585478.5548,15:11:18.554,0.98,0.12,0.15
1784585479.0542,15:11:19.054,0.97,0.12,0.20
1784585479.554,15:11:19.554,0.96,0.12,0.25
1784585480.054,15:11:20.054,0.96,0.11,0.27
1784585480.5538,15:11:20.553,0.96,0.11,0.27
1784585481.054,15:11:21.054,0.97,0.12,0.23
1784585481.554,15:11:21.554,0.97,0.11,0.21
1784585482.054,15:11:22.054,0.97,0.09,0.23
1784585482.5536,15:11:22.553,0.97,0.07,0.23
1784585483.054,15:11:23.054,0.97,0.07,0.24
1784585483.5535,15:11:23.553,0.97,0.09,0.22
1784585484.0537,15:11:24.053,0.97,0.11,0.21
1784585484.5539,15:11:24.553,0.97,0.12,0.21
1784585485.054,15:11:25.054,0.97,0.13,0.20
1784585485.5538,15:11:25.553,0.97,0.14,0.21
1784585486.0538,15:11:26.053,0.97,0.11,0.24
1784585486.5537,15:11:26.553,0.96,0.10,0.24
1784585487.0531,15:11:27.053,0.97,0.09,0.21
1784585487.5533,15:11:27.553,0.98,0.11,0.18
1784585488.0534,15:11:28.053,0.98,0.13,0.18
1784585488.5531,15:11:28.553,0.97,0.13,0.19
1784585489.0531,15:11:29.053,0.97,0.12,0.22
1784585489.5532,15:11:29.553,0.97,0.11,0.22
1784585490.0522,15:11:30.052,0.97,0.12,0.20
1784585490.5518,15:11:30.551,0.97,0.07,0.22
1784585491.0517,15:11:31.051,0.97,0.06,0.23
1784585491.5509,15:11:31.550,0.97,0.06,0.25
1784585492.0511,15:11:32.051,0.96,0.05,0.28
1784585492.5513,15:11:32.551,0.96,0.07,0.28
1784585493.0509,15:11:33.050,0.96,0.07,0.28
1784585493.5508,15:11:33.550,0.97,0.20,0.16
1784585494.0505,15:11:34.050,0.97,0.19,0.17
1784585494.5503,15:11:34.550,0.97,0.19,0.17
1784585495.0499,15:11:35.049,0.97,0.21,0.15
1784585495.5502,15:11:35.550,0.96,0.25,0.10
1784585496.0496,15:11:36.049,0.95,0.32,0.02
1784585496.5494,15:11:36.549,0.92,0.38,-0.03
1784585497.0496,15:11:37.049,0.97,0.17,0.16
1784585497.549,15:11:37.549,0.97,0.16,0.17
1784585498.0486,15:11:38.048,0.97,0.13,0.22
1784585498.549,15:11:38.549,0.96,0.09,0.26
1784585499.0491,15:11:39.049,0.97,0.09,0.24
1784585499.5487,15:11:39.548,0.97,0.14,0.20
1784585500.0488,15:11:40.048,0.97,0.22,0.10
1784585500.5482,15:11:40.548,0.97,0.24,0.09
1784585501.0476,15:11:41.047,0.96,0.26,0.11
1784585501.5479,15:11:41.547,0.95,0.26,0.15
1784585502.048,15:11:42.048,0.95,0.27,0.15
1784585502.5476,15:11:42.547,0.95,0.26,0.18
1784585503.048,15:11:43.048,0.95,0.23,0.21
1784585503.5476,15:11:43.547,0.95,0.20,0.22
1784585504.0473,15:11:44.047,0.96,0.13,0.26
1784585504.5475,15:11:44.547,0.96,0.14,0.26
1784585505.0469,15:11:45.046,0.96,0.14,0.26
1784585505.5461,15:11:45.546,0.96,0.13,0.26
1784585506.0459,15:11:46.045,0.96,0.14,0.25
1784585506.5456,15:11:46.545,0.96,0.14,0.24
1784585507.0453,15:11:47.045,0.96,0.20,0.19
1784585507.5455,15:11:47.545,0.96,0.20,0.18
1784585508.0455,15:11:48.045,0.96,0.19,0.19
1784585508.5453,15:11:48.545,0.96,0.19,0.19
1784585509.045,15:11:49.045,0.96,0.20,0.17
1784585509.5448,15:11:49.544,0.97,0.21,0.14
1784585510.0444,15:11:50.044,0.97,0.23,0.09
1784585510.5446,15:11:50.544,0.97,0.24,0.09
1784585511.0448,15:11:51.044,0.97,0.22,0.10
1784585511.5449,15:11:51.544,0.98,0.19,0.10
1784585512.0445,15:11:52.044,0.98,0.14,0.14
1784585512.5447,15:11:52.544,0.98,0.14,0.14
1784585513.0441,15:11:53.044,0.98,0.14,0.14
1784585513.544,15:11:53.544,0.98,0.19,0.10
1784585514.0442,15:11:54.044,0.97,0.21,0.12
1784585514.5441,15:11:54.544,0.97,0.21,0.15
1784585515.0433,15:11:55.043,0.87,0.49,-0.06
1784585515.5439,15:11:55.543,0.88,0.47,-0.05
1784585516.0437,15:11:56.043,0.90,0.43,-0.02
1784585516.5434,15:11:56.543,0,0,0
1784585517.0439,15:11:57.043,0.94,0.32,0.06
1784585517.5439,15:11:57.543,0.98,0.03,0.19
1784585518.0435,15:11:58.043,0.99,-0.03,0.17
1784585518.5435,15:11:58.543,0.99,-0.04,0.16
1784585519.0432,15:11:59.043,1.00,0.06,0.06
1784585519.5428,15:11:59.542,0.98,0.19,-0.07
1784585520.0423,15:12:00.042,0.94,0.30,-0.17
1784585520.5419,15:12:00.541,0.99,0.16,0.02
1784585521.0413,15:12:01.041,0.88,0.43,-0.19
1784585521.541,15:12:01.541,0.88,0.46,-0.12
1784585522.0408,15:12:02.040,0.89,0.44,-0.11
1784585522.5404,15:12:02.540,0.96,0.28,0.01
1784585523.0408,15:12:03.040,0.98,0.20,0.03
1784585523.5406,15:12:03.540,0.98,0.19,0.02
1784585524.0403,15:12:04.040,0.98,0.22,0.01
1784585524.5405,15:12:04.540,0.98,0.06,0.18
1784585525.0409,15:12:05.040,0.98,0.06,0.19
1784585525.5404,15:12:05.540,0.97,0.06,0.22
1784585526.0401,15:12:06.040,0.94,0.33,0.07
1784585526.541,15:12:06.541,0,0,0
1784585527.0406,15:12:07.040,0.95,0.28,0.10
1784585527.5408,15:12:07.540,0,0,0
1784585528.0412,15:12:08.041,0.97,0.17,0.16
1784585528.5405,15:12:08.540,0.98,0.13,0.16
1784585529.0405,15:12:09.040,0.98,0.12,0.15
1784585529.5403,15:12:09.540,0.98,0.15,0.15
1784585530.0393,15:12:10.039,0.97,0.20,0.12
1784585530.5392,15:12:10.539,0,0,0
1784585531.0396,15:12:11.039,0.97,0.21,0.13
1784585531.5394,15:12:11.539,0.99,0.05,0.14
1784585532.0384,15:12:12.038,0.99,0.02,0.13
1784585532.539,15:12:12.539,0.99,0.01,0.12
1784585533.0389,15:12:13.038,0.99,0.08,0.07
1784585533.5387,15:12:13.538,0.99,0.10,0.07
1784585534.0389,15:12:14.038,0,0,0
1784585534.5389,15:12:14.538,0.99,0.14,0.10
1784585535.0382,15:12:15.038,0.98,0.19,0.09
1784585535.538,15:12:15.538,0.96,0.27,0.02
1784585536.0376,15:12:16.037,0.93,0.35,-0.08
1784585536.5366,15:12:16.536,0.98,0.11,0.15
1784585537.0364,15:12:17.036,0.98,0.11,0.16
1784585537.5367,15:12:17.536,0.98,0.10,0.20
1784585538.0364,15:12:18.036,0.97,0.11,0.21
1784585538.5364,15:12:18.536,0.97,0.18,0.16
1784585539.0364,15:12:19.036,0.97,0.23,0.12
1784585539.5359,15:12:19.535,0.97,0.23,0.11
1784585540.0357,15:12:20.035,0.97,0.21,0.13
1784585540.5356,15:12:20.535,0.97,0.19,0.16
1784585541.0354,15:12:21.035,0.97,0.20,0.16
1784585541.5355,15:12:21.535,0.96,0.24,0.14
1784585542.0356,15:12:22.035,0.96,0.24,0.15
1784585542.535,15:12:22.535,0.96,0.23,0.14
1784585543.0348,15:12:23.034,0.97,0.20,0.16
1784585543.535,15:12:23.535,0.97,0.18,0.15
1784585544.0344,15:12:24.034,0.97,0.18,0.13
1784585544.5347,15:12:24.534,0.98,0.15,0.14
1784585545.0349,15:12:25.034,0.98,0.13,0.15
1784585545.5343,15:12:25.534,0.98,0.14,0.14
1784585546.0341,15:12:26.034,0.98,0.15,0.16
1784585546.5342,15:12:26.534,0.97,0.17,0.19
1784585547.0338,15:12:27.033,0.96,0.14,0.24
1784585547.5331,15:12:27.533,0.96,0.15,0.22
1784585548.0333,15:12:28.033,0.97,0.19,0.18
1784585548.5333,15:12:28.533,0.96,0.21,0.16
1784585549.0328,15:12:29.032,0.96,0.21,0.15
1784585549.5332,15:12:29.533,0.96,0.23,0.14
1784585550.033,15:12:30.033,0.96,0.27,0.11
1784585550.532,15:12:30.532,0.96,0.27,0.10
1784585551.0319,15:12:31.031,0.95,0.26,0.16
1784585551.5317,15:12:31.531,0.95,0.27,0.14
1784585552.0312,15:12:32.031,0.96,0.24,0.15
1784585552.532,15:12:32.532,0.96,0.24,0.13
1784585553.0316,15:12:33.031,0.97,0.20,0.15
1784585553.5309,15:12:33.530,0.97,0.20,0.17
1784585554.0309,15:12:34.030,0.97,0.17,0.19
1784585554.5307,15:12:34.530,0.97,0.15,0.20
1784585555.0303,15:12:35.030,0.97,0.13,0.18
1784585555.5304,15:12:35.530,0.98,0.13,0.17
1784585556.0306,15:12:36.030,0.98,0.15,0.16
1784585556.5302,15:12:36.530,0.97,0.15,0.17
1784585557.03,15:12:37.030,0.96,0.20,0.17
1784585557.5302,15:12:37.530,0.96,0.21,0.18
1784585558.0305,15:12:38.030,0.96,0.21,0.20
1784585558.5301,15:12:38.530,0.96,0.19,0.22
1784585559.0297,15:12:39.029,0.96,0.22,0.19
1784585559.5297,15:12:39.529,0.96,0.21,0.19
1784585560.0294,15:12:40.029,0.96,0.20,0.19
1784585560.5292,15:12:40.529,0.97,0.18,0.19
1784585561.0286,15:12:41.028,0.97,0.19,0.15
1784585561.5284,15:12:41.528,0.97,0.17,0.16
1784585562.029,15:12:42.029,0.97,0.16,0.17
1784585562.5289,15:12:42.528,0.97,0.13,0.21
1784585563.0285,15:12:43.028,0.97,0.12,0.22
1784585563.5285,15:12:43.528,0.97,0.14,0.20
1784585564.0281,15:12:44.028,0.97,0.15,0.18
1784585564.5276,15:12:44.527,0.89,0.44,-0.09
1784585565.028,15:12:45.028,0.93,0.37,-0.06
1784585565.5278,15:12:45.527,0.93,0.37,-0.06
1784585566.027,15:12:46.027,0.93,0.35,-0.06
1784585566.5267,15:12:46.526,0.96,0.27,0.01
1784585567.027,15:12:47.027,0.97,0.22,0.04
1784585567.5262,15:12:47.526,0.98,0.19,0.05
1784585568.0262,15:12:48.026,0.98,0.20,0.03
1784585568.5268,15:12:48.526,0.98,0.19,0.01
1784585569.0268,15:12:49.026,0.99,0.09,0.10
1784585569.5268,15:12:49.526,0.99,0.13,0.09
1784585570.0266,15:12:50.026,0.98,0.14,0.11
1784585570.5262,15:12:50.526,0.98,0.14,0.14
1784585571.0261,15:12:51.026,0.98,0.13,0.16
1784585571.5259,15:12:51.525,0.98,0.10,0.20
1784585572.0259,15:12:52.025,0.97,0.07,0.23
1784585572.5261,15:12:52.526,0.97,0.06,0.25
1784585573.0259,15:12:53.025,0.96,0.05,0.26
1784585573.5258,15:12:53.525,0.96,0.07,0.26
1784585574.0256,15:12:54.025,0.96,0.08,0.25
1784585574.5258,15:12:54.525,0.97,0.10,0.24
1784585575.0254,15:12:55.025,0.96,0.10,0.25
1784585575.5253,15:12:55.525,0.96,0.10,0.25
1784585576.0257,15:12:56.025,0.96,0.10,0.26
1784585576.5255,15:12:56.525,0.96,0.09,0.27
1784585577.0247,15:12:57.024,0.96,0.08,0.27
1784585577.5248,15:12:57.524,0.96,0.07,0.29
1784585578.0245,15:12:58.024,0.95,0.05,0.30
1784585578.5239,15:12:58.523,0.95,0.03,0.30
1784585579.0239,15:12:59.023,0.96,0.03,0.29
1784585579.5237,15:12:59.523,0.96,0.03,0.28
1784585580.0234,15:13:00.023,0.96,0.03,0.28
1784585580.5238,15:13:00.523,0.96,0.04,0.28
1784585581.0234,15:13:01.023,0.95,0.02,0.30
1784585581.5226,15:13:01.522,0.95,0.01,0.31
1784585582.0224,15:13:02.022,0.95,0.01,0.31
1784585582.5222,15:13:02.522,0.96,0.01,0.29
1784585583.0214,15:13:03.021,0.97,0.05,0.22
1784585583.5218,15:13:03.521,0.98,0.08,0.20
1784585584.0219,15:13:04.021,0.97,0.10,0.21
1784585584.5215,15:13:04.521,0.97,0.11,0.21
1784585585.0219,15:13:05.021,0.97,0.08,0.23
1784585585.5217,15:13:05.521,0.97,0.04,0.25
1784585586.0213,15:13:06.021,0.96,0.01,0.27
1784585586.5211,15:13:06.521,0.96,-0.02,0.29
1784585587.0215,15:13:07.021,0.95,-0.06,0.32
1784585587.5213,15:13:07.521,0.94,-0.08,0.33
1784585588.0216,15:13:08.021,0.94,-0.07,0.33
1784585588.5218,15:13:08.521,0.95,-0.06,0.32
1784585589.0213,15:13:09.021,0.95,-0.05,0.31
1784585589.5205,15:13:09.520,0.97,0.15,0.16
1784585590.0205,15:13:10.020,0.96,0.22,0.15
1784585590.52,15:13:10.520,0,0,0
1784585591.02,15:13:11.020,0,0,0
1784585591.5202,15:13:11.520,0.97,0.19,0.14
1784585592.0198,15:13:12.019,0.98,0.16,0.13
1784585592.5197,15:13:12.519,0.98,0.15,0.13
1784585593.0199,15:13:13.019,0.99,0.13,0.10
1784585593.5191,15:13:13.519,0.97,0.24,0.02
1784585594.0185,15:13:14.018,0.98,0.13,0.12
1784585594.519,15:13:14.519,0.98,0.18,0.09
1784585595.0184,15:13:15.018,0.98,0.19,0.10
1784585595.518,15:13:15.518,0.97,0.20,0.11
1784585596.018,15:13:16.018,0.98,0.15,0.17
1784585596.5178,15:13:16.517,0.97,0.15,0.19
1784585597.0174,15:13:17.017,0.96,0.18,0.21
1784585597.5174,15:13:17.517,0.96,0.19,0.22
1784585598.0169,15:13:18.016,0.96,0.19,0.22
1784585598.5167,15:13:18.516,0.95,0.21,0.21
1784585599.0166,15:13:19.016,0.96,0.20,0.21
1784585599.5164,15:13:19.516,0.96,0.19,0.22
1784585600.0156,15:13:20.015,0.96,0.15,0.25
1784585600.5159,15:13:20.515,0.96,0.13,0.26
1784585601.016,15:13:21.016,0.96,0.12,0.27
1784585601.5158,15:13:21.515,0.96,0.10,0.27
1784585602.016,15:13:22.016,0.96,0.12,0.27
1784585602.516,15:13:22.516,0.96,0.16,0.24
1784585603.0155,15:13:23.015,0.96,0.19,0.22
1784585603.5152,15:13:23.515,0.96,0.21,0.19
1784585604.0154,15:13:24.015,0.96,0.21,0.16
1784585604.5156,15:13:24.515,0.97,0.11,0.22
1784585605.0151,15:13:25.015,0.97,0.22,0.10
1784585605.5155,15:13:25.515,0,0,0
1784585606.0148,15:13:26.014,0.97,0.21,0.09
1784585606.5142,15:13:26.514,0.96,0.29,0.01
1784585607.0146,15:13:27.014,0.94,0.34,-0.02
1784585607.5143,15:13:27.514,0,0,0
1784585608.0143,15:13:28.014,0.93,0.36,-0.04
1784585608.5149,15:13:28.514,0.94,0.35,-0.03
1784585609.0145,15:13:29.014,0.97,0.23,0.05
1784585609.514,15:13:29.514,0.98,0.19,0.08
1784585610.0142,15:13:30.014,0.99,0.09,0.14
1784585610.5142,15:13:30.514,0.98,0.02,0.20
1784585611.0136,15:13:31.013,0,0,0
1784585611.5137,15:13:31.513,0,0,0
1784585612.0133,15:13:32.013,0,0,0
1784585612.5127,15:13:32.512,0.98,0.02,0.20
1784585613.0129,15:13:33.012,0.99,0.08,0.13
1784585613.5126,15:13:33.512,0.99,0.10,0.11
1784585614.0118,15:13:34.011,0,0,0
1784585614.5116,15:13:34.511,0.99,0.13,0.09
1784585615.012,15:13:35.012,0.99,0.11,0.12
1784585615.5117,15:13:35.511,0.98,0.15,0.09
1784585616.0117,15:13:36.011,0.98,0.16,0.08
1784585616.5121,15:13:36.512,0.99,0.14,0.07
1784585617.0113,15:13:37.011,0.99,0.04,0.12
1784585617.5114,15:13:37.511,0.98,-0.10,0.18
1784585618.0116,15:13:38.011,0.98,-0.10,0.18
1784585618.511,15:13:38.511,0.98,-0.08,0.19
1784585619.0106,15:13:39.010,0.99,-0.01,0.13
1784585619.5111,15:13:39.511,0.99,0.13,0.00
1784585620.0105,15:13:40.010,1.00,0.02,0.09
1784585620.5105,15:13:40.510,0.99,0.02,0.11
1784585621.0107,15:13:41.010,0.99,0.06,0.11
1784585621.5104,15:13:41.510,0.94,0.33,-0.12
1784585622.0098,15:13:42.009,0.88,0.43,-0.19
1784585622.5098,15:13:42.509,0.80,0.54,-0.27
1784585623.0098,15:13:43.009,0.81,0.53,-0.23
1784585623.5095,15:13:43.509,0.81,0.54,-0.22
1784585624.0099,15:13:44.009,0.89,0.44,-0.12
1784585624.5093,15:13:44.509,0.90,0.43,-0.11
1784585625.0087,15:13:45.008,0.90,0.42,-0.13
1784585625.5088,15:13:45.508,0.87,0.45,-0.20
1784585626.0088,15:13:46.008,0.98,0.22,0.01
1784585626.508,15:13:46.508,0.98,0.21,0.04
1784585627.0086,15:13:47.008,0.98,0.15,0.12
1784585627.5085,15:13:47.508,0.97,0.06,0.22
1784585628.0079,15:13:48.007,0.97,0.06,0.23
1784585628.5077,15:13:48.507,0.97,0.13,0.19
1784585629.0073,15:13:49.007,0.97,0.13,0.19
1784585629.5067,15:13:49.506,0.94,0.34,0.00
1784585630.0071,15:13:50.007,0.95,0.31,0.04
1784585630.5075,15:13:50.507,0,0,0
1784585631.0072,15:13:51.007,0.94,0.33,0.05
1784585631.5068,15:13:51.506,0.95,0.30,0.09
1784585632.007,15:13:52.007,0,0,0
1784585632.5064,15:13:52.506,0,0,0
1784585633.006,15:13:53.006,0,0,0
1784585633.5065,15:13:53.506,0.95,0.29,0.07
1784585634.0063,15:13:54.006,0.96,0.28,0.07
1784585634.5059,15:13:54.505,0.98,0.15,0.11
1784585635.0059,15:13:55.005,0.99,0.12,0.10
1784585635.5058,15:13:55.505,0.99,0.11,0.12
1784585636.005,15:13:56.005,0.99,0.14,0.07
1784585636.5053,15:13:56.505,0.98,0.00,0.21
1784585637.0047,15:13:57.004,0.98,0.03,0.19
1784585637.5046,15:13:57.504,0.98,0.06,0.21
1784585638.0045,15:13:58.004,0.97,0.08,0.24
1784585638.5045,15:13:58.504,0.96,0.09,0.26
1784585639.0037,15:13:59.003,0.96,0.06,0.28
1784585639.504,15:13:59.504,0.96,0.03,0.29
1784585640.0033,15:14:00.003,0.96,0.02,0.29
1784585640.503,15:14:00.503,0.96,0.02,0.29
1784585641.0034,15:14:01.003,0.95,0.03,0.30
1784585641.5039,15:14:01.503,0.95,0.04,0.30
1784585642.0031,15:14:02.003,0.95,0.06,0.30
1784585642.5033,15:14:02.503,0.95,0.06,0.30
1784585643.0031,15:14:03.003,0.96,0.08,0.27
1784585643.503,15:14:03.503,0.96,0.07,0.28
1784585644.003,15:14:04.003,0.96,0.05,0.29
1784585644.5032,15:14:04.503,0.95,0.05,0.31
1784585645.0024,15:14:05.002,0.95,0.03,0.31
1784585645.5027,15:14:05.502,0.94,0.01,0.33
1784585646.0025,15:14:06.002,0.95,-0.01,0.32
1784585646.5017,15:14:06.501,0.95,-0.04,0.30
1784585647.0015,15:14:07.001,0.95,-0.03,0.30
1784585647.5018,15:14:07.501,0.95,-0.04,0.30
1784585648.0016,15:14:08.001,0.96,-0.01,0.28
1784585648.5016,15:14:08.501,0.96,0.02,0.27
1784585649.002,15:14:09.002,0.97,0.07,0.24
1784585649.5018,15:14:09.501,0.96,0.09,0.25
1784585650.002,15:14:10.002,0.96,0.09,0.25
1784585650.5014,15:14:10.501,0.96,0.07,0.26
1784585651.0008,15:14:11.000,0.96,0.05,0.26
1784585651.5005,15:14:11.500,0.96,0.05,0.26
1784585652.0007,15:14:12.000,0.97,0.06,0.23
1784585652.5001,15:14:12.500,0.98,0.09,0.20
1784585652.9997,15:14:12.999,0.98,0.13,0.15
1784585653.5,15:14:13.500,0.98,0.16,0.14
1784585653.9998,15:14:13.999,0.97,0.19,0.13
1784585654.4992,15:14:14.499,0.97,0.18,0.15
1784585654.9994,15:14:14.999,0.98,0.14,0.16
1784585655.4996,15:14:15.499,0.98,0.10,0.19
1784585655.9988,15:14:15.998,0.98,0.13,0.18
1784585656.4992,15:14:16.499,0.97,0.10,0.22
1784585656.9984,15:14:16.998,0.96,0.08,0.27
1784585657.4983,15:14:17.498,0.96,0.07,0.27
1784585657.9981,15:14:17.998,0.96,0.08,0.28
1784585658.4985,15:14:18.498,0.96,0.09,0.28
1784585658.9984,15:14:18.998,0.95,0.05,0.30
1784585659.4984,15:14:19.498,0.95,0.04,0.31
1784585659.9978,15:14:19.997,0.95,0.04,0.31
1784585660.4972,15:14:20.497,0.95,0.04,0.31
1784585660.9977,15:14:20.997,0.95,0.05,0.30
1784585661.4975,15:14:21.497,0.96,0.09,0.27
1784585661.9969,15:14:21.996,0.96,0.14,0.24
1784585662.4965,15:14:22.496,0.96,0.15,0.24
1784585662.9972,15:14:22.997,0.96,0.11,0.26
1784585663.497,15:14:23.497,0.95,0.03,0.31
1784585663.997,15:14:23.997,0.96,0.01,0.29
1784585664.497,15:14:24.497,0.96,0.01,0.27
1784585664.9965,15:14:24.996,0.97,0.05,0.24
1784585665.4957,15:14:25.495,0.97,0.09,0.20
1784585665.9955,15:14:25.995,0.97,0.09,0.20
1784585666.4952,15:14:26.495,0.97,0.08,0.23
1784585666.9947,15:14:26.994,0.96,0.04,0.28
1784585667.4949,15:14:27.494,0.96,0.04,0.26
1784585667.9945,15:14:27.994,0.96,0.04,0.27
1784585668.4945,15:14:28.494,0.96,0.07,0.26
1784585668.9946,15:14:28.994,0.96,0.10,0.26
1784585669.4946,15:14:29.494,0.96,0.13,0.25
1784585669.9944,15:14:29.994,0.96,0.17,0.21
1784585670.4945,15:14:30.494,0.96,0.16,0.22
1784585670.9943,15:14:30.994,0.96,0.16,0.22
1784585671.4939,15:14:31.493,0.96,0.12,0.26
1784585671.9941,15:14:31.994,0.96,0.11,0.25
1784585672.494,15:14:32.494,0.96,0.10,0.24
1784585672.9934,15:14:32.993,0.97,0.11,0.23
1784585673.4932,15:14:33.493,0.97,0.12,0.22
1784585673.9932,15:14:33.993,0.96,0.13,0.23
1784585674.4927,15:14:34.492,0.97,0.14,0.19
1784585674.9931,15:14:34.993,0.97,0.15,0.19
1784585675.4928,15:14:35.492,0.97,0.14,0.20
1784585675.993,15:14:35.993,0.96,0.10,0.25
1784585676.4931,15:14:36.493,0.96,0.07,0.26
1784585676.9927,15:14:36.992,0.97,0.08,0.23
1784585677.4926,15:14:37.492,0.97,0.09,0.21
1784585677.9925,15:14:37.992,0.97,0.08,0.22
1784585678.4927,15:14:38.492,0.97,0.08,0.23
1784585678.9918,15:14:38.991,0.96,0.08,0.26
1784585679.4914,15:14:39.491,0.96,0.06,0.27
1784585679.9913,15:14:39.991,0.96,0.05,0.26
1784585680.4903,15:14:40.490,0.96,0.08,0.26
1784585680.9899,15:14:40.989,0.96,0.15,0.22
1784585681.4901,15:14:41.490,0.96,0.23,0.17
1784585681.9896,15:14:41.989,0.96,0.20,0.18
1784585682.4894,15:14:42.489,0.96,0.19,0.18
1784585682.9898,15:14:42.989,0.96,0.19,0.19
1784585683.4898,15:14:43.489,0.96,0.18,0.20
1784585683.9895,15:14:43.989,0.97,0.15,0.20
1784585684.4899,15:14:44.489,0.97,0.14,0.20
1784585684.9893,15:14:44.989,0.97,0.17,0.18
1784585685.4886,15:14:45.488,0.97,0.17,0.19
1784585685.9887,15:14:45.988,0.97,0.16,0.21
1784585686.4887,15:14:46.488,0.96,0.13,0.23
1784585686.9885,15:14:46.988,0.95,0.06,0.30
1784585687.4887,15:14:47.488,0.94,0.02,0.33
1784585687.989,15:14:47.989,0.94,0.01,0.34
1784585688.4886,15:14:48.488,0.95,0.05,0.32
1784585688.9882,15:14:48.988,0.95,0.07,0.29
1784585689.4886,15:14:49.488,0.96,0.09,0.25
1784585689.9886,15:14:49.988,0.97,0.11,0.22
1784585690.4888,15:14:50.488,0.98,0.11,0.19
1784585690.9888,15:14:50.988,0.98,0.12,0.15
1784585691.4885,15:14:51.488,0.98,0.13,0.15
1784585691.9887,15:14:51.988,0.98,0.14,0.17
1784585692.4883,15:14:52.488,0.98,0.15,0.17
1784585692.9881,15:14:52.988,0.97,0.18,0.17
1784585693.4882,15:14:53.488,0.97,0.17,0.17
1784585693.9886,15:14:53.988,0.97,0.12,0.19
1784585694.4882,15:14:54.488,0.97,0.04,0.23
1784585694.9885,15:14:54.988,0.97,-0.01,0.25
1784585695.4885,15:14:55.488,0.97,-0.06,0.24
1784585695.9881,15:14:55.988,0.97,-0.08,0.24
1784585696.4877,15:14:56.487,0.96,-0.03,0.27
1784585696.9876,15:14:56.987,0.96,0.04,0.29
1784585697.4867,15:14:57.486,0.96,0.10,0.26
1784585697.9863,15:14:57.986,0.97,0.14,0.22
1784585698.4868,15:14:58.486,0.97,0.17,0.20
1784585698.9862,15:14:58.986,0.97,0.18,0.19
1784585699.486,15:14:59.486,0.97,0.17,0.18
1784585699.9862,15:14:59.986,0.97,0.17,0.18
1784585700.4857,15:15:00.485,0.97,0.16,0.18
1784585700.9847,15:15:00.984,0.97,0.19,0.16
1784585701.4851,15:15:01.485,0.95,0.28,0.09
1784585701.9848,15:15:01.984,0.96,0.26,0.12
1784585702.4842,15:15:02.484,0.96,0.22,0.19
1784585702.9846,15:15:02.984,0.96,0.17,0.24
1784585703.4842,15:15:03.484,0.94,0.32,0.10
1784585703.9837,15:15:03.983,0.96,0.27,0.12
1784585704.4835,15:15:04.483,0.97,0.23,0.10
1784585704.9833,15:15:04.983,0.97,0.20,0.10
1784585705.483,15:15:05.483,0.97,0.23,0.07
1784585705.9833,15:15:05.983,0.95,0.32,-0.02
1784585706.4837,15:15:06.483,0.94,0.35,-0.04
1784585706.9829,15:15:06.982,0.98,0.20,0.08
1784585707.4834,15:15:07.483,0.97,0.22,0.05
1784585707.9831,15:15:07.983,0.97,0.22,0.05
1784585708.4821,15:15:08.482,0.97,0.25,0.04
1784585708.9817,15:15:08.981,0.96,0.26,0.03
1784585709.482,15:15:09.482,0.97,0.25,0.07
1784585709.9818,15:15:09.981,0.97,0.19,0.17
1784585710.4814,15:15:10.481,0.96,0.19,0.20
1784585710.9818,15:15:10.981,0.96,0.23,0.18
1784585711.4815,15:15:11.481,0.96,0.22,0.18
1784585711.9809,15:15:11.980,0.96,0.17,0.22
1784585712.4811,15:15:12.481,0.96,0.15,0.25
1784585712.981,15:15:12.981,0.96,0.15,0.25
1784585713.4806,15:15:13.480,0.95,0.16,0.25
1784585713.9808,15:15:13.980,0.95,0.19,0.24
1784585714.4805,15:15:14.480,0.95,0.18,0.25
1784585714.9804,15:15:14.980,0.95,0.19,0.24
1784585715.4804,15:15:15.480,0.95,0.18,0.25
1784585715.9804,15:15:15.980,0.95,0.14,0.27
1784585716.4799,15:15:16.479,0.95,0.10,0.29
1784585716.9797,15:15:16.979,0.95,0.08,0.29
1784585717.4803,15:15:17.480,0.95,0.06,0.31
1784585717.9796,15:15:17.979,0.95,0.04,0.32
1784585718.48,15:15:18.480,0.94,0.02,0.33
1784585718.9804,15:15:18.980,0.94,0.01,0.34
1784585719.4798,15:15:19.479,0.94,-0.01,0.34
1784585719.9795,15:15:19.979,0.94,-0.01,0.35
1784585720.4797,15:15:20.479,0.94,-0.02,0.35
1784585720.9793,15:15:20.979,0.94,-0.01,0.35
1784585721.4792,15:15:21.479,0.94,0.02,0.34
1784585721.9792,15:15:21.979,0.94,0.04,0.33
1784585722.4788,15:15:22.478,0.95,0.06,0.31
1784585722.9784,15:15:22.978,0.95,0.07,0.32
1784585723.4789,15:15:23.478,0.95,0.08,0.30
1784585723.9783,15:15:23.978,0.95,0.11,0.28
1784585724.4785,15:15:24.478,0.96,0.10,0.27
1784585724.9786,15:15:24.978,0.96,0.06,0.29
1784585725.478,15:15:25.478,0.95,0.02,0.31
1784585725.978,15:15:25.978,0.94,0.00,0.33
1784585726.4782,15:15:26.478,0.94,-0.01,0.33
1784585726.9775,15:15:26.977,0.95,0.01,0.32
1784585727.4771,15:15:27.477,0.95,0.02,0.32
1784585727.9773,15:15:27.977,0.95,0.03,0.31
1784585728.477,15:15:28.477,0.96,0.07,0.29
1784585728.9769,15:15:28.976,0.96,0.10,0.26
1784585729.4771,15:15:29.477,0.96,0.11,0.26
1784585729.977,15:15:29.977,0.96,0.12,0.26
1784585730.4766,15:15:30.476,0.96,0.14,0.26
1784585730.9768,15:15:30.976,0.96,0.10,0.28
1784585731.4764,15:15:31.476,0.96,0.07,0.29
1784585731.9755,15:15:31.975,0.95,0.00,0.31
1784585732.4755,15:15:32.475,0.93,-0.05,0.35
1784585732.9753,15:15:32.975,0.94,-0.03,0.34
1784585733.4746,15:15:33.474,0.94,0.01,0.34
1784585733.9749,15:15:33.974,0.95,0.08,0.29
1784585734.4744,15:15:34.474,0.95,0.13,0.27
1784585734.9738,15:15:34.973,0.96,0.13,0.26
1784585735.4745,15:15:35.474,0.96,0.13,0.26
1784585735.9741,15:15:35.974,0.95,0.05,0.30
1784585736.4737,15:15:36.473,0.94,0.00,0.33
1784585736.9741,15:15:36.974,0.95,0.01,0.33
1784585737.4733,15:15:37.473,0.96,0.08,0.28
1784585737.9729,15:15:37.972,0.96,0.15,0.24
1784585738.4727,15:15:38.472,0.96,0.22,0.20
1784585738.9732,15:15:38.973,0.96,0.26,0.13
1784585739.4726,15:15:39.472,0.95,0.31,0.06
1784585739.9724,15:15:39.972,0.94,0.34,0.04
1784585740.4729,15:15:40.472,0.94,0.33,0.07
1784585740.9721,15:15:40.972,0.96,0.26,0.12
1784585741.4721,15:15:41.472,0.96,0.25,0.13
1784585741.9725,15:15:41.972,0.82,0.56,-0.11
1784585742.4718,15:15:42.471,0.84,0.53,-0.09
1784585742.9712,15:15:42.971,0,0,0
1784585743.4716,15:15:43.471,0,0,0
1784585743.9715,15:15:43.971,0,0,0
1784585744.4713,15:15:44.471,0,0,0
1784585744.9721,15:15:44.972,0,0,0
1784585745.4716,15:15:45.471,0,0,0
1784585745.9715,15:15:45.971,0.91,0.41,-0.07
1784585746.4713,15:15:46.471,0.93,0.36,-0.06
1784585746.9708,15:15:46.970,0.94,0.34,-0.06
1784585747.4706,15:15:47.470,0.94,0.33,-0.05
1784585747.9708,15:15:47.970,0.94,0.34,-0.03
1784585748.4702,15:15:48.470,0.94,0.34,-0.02
1784585748.9699,15:15:48.969,0.98,0.15,0.15
1784585749.4697,15:15:49.469,0.98,0.12,0.17
1784585749.9701,15:15:49.970,0.98,0.11,0.19
1784585750.4694,15:15:50.469,0.98,0.10,0.19
1784585750.9692,15:15:50.969,0.97,0.09,0.21
1784585751.4694,15:15:51.469,0.96,0.02,0.28
1784585751.969,15:15:51.969,0.96,0.00,0.29
1784585752.4693,15:15:52.469,0.95,0.00,0.30
1784585752.9691,15:15:52.969,0.95,0.00,0.30
1784585753.4687,15:15:53.468,0.95,-0.01,0.31
1784585753.9688,15:15:53.968,0.95,-0.01,0.30
1784585754.4686,15:15:54.468,0.94,-0.08,0.33
1784585754.9682,15:15:54.968,0.92,-0.15,0.37
1784585755.468,15:15:55.468,0.92,-0.14,0.36
1784585755.9679,15:15:55.967,0.93,-0.10,0.34
1784585756.4677,15:15:56.467,0.96,0.01,0.28
1784585756.9677,15:15:56.967,0.97,0.04,0.25
1784585757.4675,15:15:57.467,0.96,0.05,0.27
1784585757.9669,15:15:57.966,0.97,0.13,0.22
1784585758.4663,15:15:58.466,0.97,0.20,0.17
1784585758.9666,15:15:58.966,0.97,0.20,0.15
1784585759.466,15:15:59.466,0.97,0.20,0.14
1784585759.9658,15:15:59.965,0.97,0.16,0.17
1784585760.4664,15:16:00.466,0.97,0.09,0.23
1784585760.9665,15:16:00.966,0.96,0.02,0.28
1784585761.4661,15:16:01.466,0.95,-0.04,0.32
1784585761.966,15:16:01.966,0.94,-0.06,0.33
1784585762.4661,15:16:02.466,0.95,0.00,0.31
1784585762.9655,15:16:02.965,0.95,0.01,0.30
1784585763.4655,15:16:03.465,0.95,0.00,0.31
1784585763.9656,15:16:03.965,0.93,-0.08,0.35
1784585764.465,15:16:04.465,0.93,-0.09,0.35
1784585764.9648,15:16:04.964,0.97,0.16,0.18
1784585765.465,15:16:05.465,0.96,0.26,0.09
1784585765.9649,15:16:05.964,0.93,0.37,-0.04
1784585766.4651,15:16:06.465,0.91,0.40,-0.08
1784585766.9649,15:16:06.964,0.90,0.41,-0.11
1784585767.4644,15:16:07.464,0.91,0.40,-0.13
1784585767.9642,15:16:07.964,0.99,0.12,0.11
1784585768.4643,15:16:08.464,0.99,0.14,0.10
1784585768.9638,15:16:08.963,0.99,0.10,0.14
1784585769.4642,15:16:09.464,0.98,0.05,0.18
1784585769.9636,15:16:09.963,0.98,0.02,0.22
1784585770.4626,15:16:10.462,0.98,0.01,0.21
1784585770.9625,15:16:10.962,0.98,-0.03,0.19
1784585771.4626,15:16:11.462,0.99,-0.03,0.15
1784585771.962,15:16:11.962,1.00,0.06,0.08
1784585772.4617,15:16:12.461,0.98,0.18,0.02
1784585772.9617,15:16:12.961,0.97,0.21,0.07
1784585773.4611,15:16:13.461,0.96,0.28,0.06
1784585773.9607,15:16:13.960,0.94,0.34,0.02
1784585774.4612,15:16:14.461,0.95,0.29,0.06
1784585774.961,15:16:14.961,0.97,0.18,0.14
1784585775.461,15:16:15.461,0.98,0.15,0.13
1784585775.9615,15:16:15.961,0.98,0.11,0.14
1784585776.4606,15:16:16.460,0.98,0.05,0.18
1784585776.9605,15:16:16.960,0.98,0.03,0.22
1784585777.4606,15:16:17.460,0.97,0.03,0.23
1784585777.9604,15:16:17.960,0.98,0.10,0.18
1784585778.4598,15:16:18.459,0.98,0.16,0.14
1784585778.9598,15:16:18.959,0.97,0.20,0.11
1784585779.4599,15:16:19.459,0.98,0.19,0.10
1784585779.9595,15:16:19.959,0.98,0.09,0.16
1784585780.4595,15:16:20.459,0.98,0.02,0.22
1784585780.9598,15:16:20.959,0.97,0.00,0.24
1784585781.4588,15:16:21.458,0.96,-0.01,0.28
1784585781.9586,15:16:21.958,0.95,-0.05,0.31
1784585782.4586,15:16:22.458,0.94,-0.07,0.33
1784585782.9587,15:16:22.958,0.94,-0.08,0.33
1784585783.4589,15:16:23.458,0.94,-0.06,0.32
1784585783.9589,15:16:23.958,0.95,-0.04,0.32
1784585784.4582,15:16:24.458,0.94,-0.04,0.33
1784585784.9586,15:16:24.958,0.94,-0.02,0.33
1784585785.4586,15:16:25.458,0.95,0.03,0.31
1784585785.9581,15:16:25.958,0.96,0.11,0.27
1784585786.4581,15:16:26.458,0.96,0.16,0.24
1784585786.9582,15:16:26.958,0.96,0.22,0.19
1784585787.4577,15:16:27.457,0.96,0.22,0.17
1784585787.9576,15:16:27.957,0.96,0.15,0.22
1784585788.4576,15:16:28.457,0.96,0.11,0.24
1784585788.957,15:16:28.957,0.96,0.05,0.27
1784585789.4567,15:16:29.456,0.96,0.00,0.28
1784585789.9565,15:16:29.956,0.96,-0.03,0.28
1784585790.4566,15:16:30.456,0.96,-0.02,0.27
1784585790.9563,15:16:30.956,0.96,0.00,0.29
1784585791.4563,15:16:31.456,0.95,-0.01,0.31
1784585791.9563,15:16:31.956,0.95,0.00,0.32
1784585792.4562,15:16:32.456,0.95,0.00,0.32
1784585792.9562,15:16:32.956,0.95,0.02,0.31
1784585793.4562,15:16:33.456,0.96,0.10,0.26
1784585793.9555,15:16:33.955,0.96,0.14,0.24
1784585794.4555,15:16:34.455,0.97,0.14,0.22
1784585794.9556,15:16:34.955,0.96,0.23,0.15
1784585795.4546,15:16:35.454,0.96,0.19,0.19
1784585795.9551,15:16:35.955,0.97,0.13,0.22
1784585796.4553,15:16:36.455,0.96,0.13,0.25
1784585796.9549,15:16:36.954,0.96,0.17,0.22
1784585797.4548,15:16:37.454,0.96,0.20,0.21
1784585797.9544,15:16:37.954,0.96,0.20,0.20
1784585798.4534,15:16:38.453,0.96,0.16,0.23
1784585798.9532,15:16:38.953,0.96,0.16,0.23
1784585799.4533,15:16:39.453,0.96,0.14,0.23
1784585799.9529,15:16:39.952,0.96,0.12,0.24
1784585800.4531,15:16:40.453,0.96,0.04,0.27
1784585800.9534,15:16:40.953,0.95,-0.04,0.31
1784585801.4528,15:16:41.452,0.95,-0.07,0.32
1784585801.9526,15:16:41.952,0.95,-0.05,0.30
1784585802.4529,15:16:42.452,0.96,-0.01,0.28
1784585802.9523,15:16:42.952,0.97,0.01,0.26
1784585803.4521,15:16:43.452,0.97,0.00,0.25
1784585803.9523,15:16:43.952,0.97,0.00,0.23
1784585804.4516,15:16:44.451,0.98,0.01,0.22
1784585804.9514,15:16:44.951,0.98,0.03,0.22
1784585805.4514,15:16:45.451,0.97,-0.02,0.26
1784585805.9511,15:16:45.951,0.95,-0.03,0.31
1784585806.4509,15:16:46.450,0.95,-0.03,0.32
1784585806.9511,15:16:46.951,0.95,-0.02,0.31
1784585807.4512,15:16:47.451,0.95,0.01,0.30
1784585807.9506,15:16:47.950,0.96,0.01,0.29
1784585808.451,15:16:48.451,0.97,0.00,0.26
1784585808.9507,15:16:48.950,0.97,0.00,0.25
1784585809.4503,15:16:49.450,0.97,0.01,0.24
1784585809.9505,15:16:49.950,0.98,0.01,0.22
1784585810.4503,15:16:50.450,0.97,0.00,0.23
1784585810.9502,15:16:50.950,0.98,0.01,0.22
1784585811.4501,15:16:51.450,0.97,0.02,0.26
1784585811.9497,15:16:51.949,0.97,0.07,0.24
1784585812.4494,15:16:52.449,0.97,0.12,0.20
1784585812.9494,15:16:52.949,0.97,0.14,0.18
1784585813.4492,15:16:53.449,0.97,0.15,0.18
1784585813.9485,15:16:53.948,0.97,0.17,0.16
1784585814.4485,15:16:54.448,0.96,0.24,0.12
1784585814.9489,15:16:54.948,0.97,0.25,0.07
1784585815.4486,15:16:55.448,0.97,0.24,0.08
1784585815.9488,15:16:55.948,0.97,0.21,0.13
1784585816.449,15:16:56.449,0.97,0.18,0.15
1784585816.9485,15:16:56.948,0.97,0.09,0.22
1784585817.4486,15:16:57.448,0.96,0.03,0.27
1784585817.9484,15:16:57.948,0.95,-0.02,0.31
1784585818.4479,15:16:58.447,0.95,-0.02,0.31
1784585818.9477,15:16:58.947,0.95,0.00,0.30
1784585819.4473,15:16:59.447,0.95,0.03,0.30
1784585819.9471,15:16:59.947,0.95,0.07,0.29
1784585820.4466,15:17:00.446,0.96,0.12,0.26
1784585820.9466,15:17:00.946,0.96,0.12,0.26
1784585821.4465,15:17:01.446,0.96,0.11,0.26
1784585821.9464,15:17:01.946,0.96,0.12,0.24
1784585822.4462,15:17:02.446,0.97,0.18,0.18
1784585822.9464,15:17:02.946,0.97,0.20,0.16
1784585823.4463,15:17:03.446,0.97,0.18,0.17
1784585823.9467,15:17:03.946,0.98,0.13,0.17
1784585824.4461,15:17:04.446,0.98,0.08,0.21
1784585824.9458,15:17:04.945,0.98,0.09,0.19
1784585825.4462,15:17:05.446,0.98,0.08,0.20
1784585825.9458,15:17:05.945,0.98,0.08,0.19
1784585826.4455,15:17:06.445,0.98,0.08,0.17
1784585826.9457,15:17:06.945,0.98,0.12,0.17
1784585827.4457,15:17:07.445,0.97,0.22,0.09
1784585827.945,15:17:07.945,0.96,0.27,0.04
1784585828.445,15:17:08.445,0.96,0.28,0.06
1784585828.945,15:17:08.945,0.84,0.52,-0.16
1784585829.4446,15:17:09.444,0.83,0.53,-0.16
1784585829.9443,15:17:09.944,0.90,0.43,-0.08
1784585830.4441,15:17:10.444,0.90,0.42,-0.11
1784585830.9437,15:17:10.943,0.94,0.33,-0.04
1784585831.4438,15:17:11.443,0.96,0.28,0.03
1784585831.9432,15:17:11.943,0,0,0
1784585832.443,15:17:12.443,0,0,0
1784585832.9431,15:17:12.943,0,0,0
1784585833.4437,15:17:13.443,0,0,0
1784585833.9435,15:17:13.943,0,0,0
1784585834.4432,15:17:14.443,0.96,0.28,0.02
1784585834.9437,15:17:14.943,0,0,0
1784585835.4434,15:17:15.443,0,0,0
1784585835.9429,15:17:15.942,0,0,0
1784585836.4428,15:17:16.442,0,0,0
1784585836.9422,15:17:16.942,0,0,0
1784585837.4423,15:17:17.442,0,0,0
1784585837.9421,15:17:17.942,0.99,0.07,0.14
1784585838.4415,15:17:18.441,0.99,0.06,0.14
1784585838.9416,15:17:18.941,0.99,0.09,0.09
1784585839.4418,15:17:19.441,0.94,0.33,-0.11
1784585839.9413,15:17:19.941,0.98,0.15,0.08
1784585840.4413,15:17:20.441,0.98,0.18,0.10
1784585840.9415,15:17:20.941,0.98,0.19,0.10
1784585841.4409,15:17:21.440,0.98,0.20,0.10
1784585841.9405,15:17:21.940,0.97,0.20,0.10
1784585842.4408,15:17:22.440,0.97,0.20,0.11
1784585842.941,15:17:22.941,0.97,0.17,0.18
1784585843.4404,15:17:23.440,0.97,0.12,0.21
1784585843.9407,15:17:23.940,0.97,0.11,0.23
1784585844.4404,15:17:24.440,0.97,0.10,0.22
1784585844.9398,15:17:24.939,0.97,0.10,0.22
1784585845.4395,15:17:25.439,0.97,0.13,0.20
1784585845.9399,15:17:25.939,0.97,0.11,0.22
1784585846.4394,15:17:26.439,0.97,0.09,0.24
1784585846.9393,15:17:26.939,0.96,0.06,0.28
1784585847.4391,15:17:27.439,0.96,0.05,0.27
1784585847.9387,15:17:27.938,0.95,0.00,0.31
1784585848.4382,15:17:28.438,0.95,0.01,0.31
1784585848.9378,15:17:28.937,0.96,0.06,0.28
1784585849.4374,15:17:29.437,0.96,0.14,0.24
1784585849.9375,15:17:29.937,0.97,0.16,0.20
1784585850.4375,15:17:30.437,0.96,0.19,0.19
1784585850.937,15:17:30.937,0.96,0.17,0.21
1784585851.4366,15:17:31.436,0.96,0.12,0.26
1784585851.9365,15:17:31.936,0.95,0.05,0.30
1784585852.4365,15:17:32.436,0.94,-0.02,0.33
1784585852.9365,15:17:32.936,0.95,-0.04,0.32
1784585853.4372,15:17:33.437,0.96,0.01,0.27
1784585853.9366,15:17:33.936,0.97,0.06,0.21
1784585854.4368,15:17:34.436,0.98,0.09,0.19
1784585854.9367,15:17:34.936,0.98,0.10,0.18
1784585855.4367,15:17:35.436,0.98,0.14,0.13
1784585855.9359,15:17:35.935,0.98,0.16,0.12
1784585856.4362,15:17:36.436,0.98,0.17,0.11
1784585856.9358,15:17:36.935,0.98,0.12,0.16
1784585857.4354,15:17:37.435,0.97,0.17,0.19
1784585857.9358,15:17:37.935,0.96,0.16,0.21
1784585858.4358,15:17:38.435,0.96,0.18,0.21
1784585858.9352,15:17:38.935,0.96,0.19,0.21
1784585859.4351,15:17:39.435,0.96,0.15,0.23
1784585859.9349,15:17:39.934,0.97,0.16,0.21
1784585860.4341,15:17:40.434,0.97,0.14,0.22
1784585860.9346,15:17:40.934,0.97,0.11,0.21
1784585861.4348,15:17:41.434,0.97,0.10,0.22
1784585861.934,15:17:41.934,0.97,0.04,0.25
1784585862.4341,15:17:42.434,0.97,0.03,0.25
1784585862.9342,15:17:42.934,0.96,-0.03,0.29
1784585863.4333,15:17:43.433,0.96,-0.04,0.28
1784585863.9333,15:17:43.933,0.97,-0.03,0.25
1784585864.4338,15:17:44.433,0.97,-0.02,0.23
1784585864.9336,15:17:44.933,0.98,0.03,0.21
1784585865.4336,15:17:45.433,0.98,0.05,0.20
1784585865.9337,15:17:45.933,0.98,0.05,0.21
1784585866.433,15:17:46.433,0.98,0.07,0.20
1784585866.933,15:17:46.933,0.98,0.10,0.17
1784585867.4333,15:17:47.433,0.98,0.15,0.12
1784585867.9329,15:17:47.932,0.98,0.15,0.12
1784585868.4325,15:17:48.432,0.98,0.14,0.13
1784585868.933,15:17:48.933,0.97,0.07,0.22
1784585869.433,15:17:49.433,0.97,0.02,0.26
1784585869.9324,15:17:49.932,0.97,0.01,0.24
1784585870.4325,15:17:50.432,0.97,0.00,0.24
1784585870.9325,15:17:50.932,0.97,-0.01,0.25
1784585871.4319,15:17:51.431,0.97,0.01,0.25
1784585871.9326,15:17:51.932,0.97,0.03,0.24
1784585872.4323,15:17:52.432,0.98,0.04,0.22
1784585872.9318,15:17:52.931,0.98,0.06,0.20
1784585873.4321,15:17:53.432,0.97,0.08,0.21
1784585873.9319,15:17:53.931,0.96,0.04,0.26
1784585874.4311,15:17:54.431,0.95,-0.02,0.31
1784585874.9312,15:17:54.931,0.94,-0.04,0.33
1784585875.4308,15:17:55.430,0.94,-0.08,0.35
1784585875.93,15:17:55.930,0.92,-0.13,0.37
1784585876.4302,15:17:56.430,0.91,-0.15,0.38
1784585876.9298,15:17:56.929,0.91,-0.17,0.39
1784585877.4294,15:17:57.429,0.92,-0.15,0.37
1784585877.9291,15:17:57.929,0.92,-0.15,0.37
1784585878.4291,15:17:58.429,0.92,-0.14,0.36
1784585878.9287,15:17:58.928,0.92,-0.12,0.36
1784585879.4289,15:17:59.428,0.93,-0.10,0.36
1784585879.9292,15:17:59.929,0.94,-0.05,0.34
1784585880.4282,15:18:00.428,0.95,-0.02,0.33
1784585880.9278,15:18:00.927,0.95,0.03,0.30
1784585881.4283,15:18:01.428,0.96,0.04,0.29
1784585881.9277,15:18:01.927,0.96,0.03,0.26
1784585882.4274,15:18:02.427,0.97,-0.01,0.22
1784585882.9279,15:18:02.927,0.97,-0.08,0.21
1784585883.4275,15:18:03.427,0.97,-0.12,0.23
1784585883.9273,15:18:03.927,0.97,-0.09,0.24
1784585884.4276,15:18:04.427,0.97,-0.08,0.23
1784585884.9268,15:18:04.926,0.99,-0.02,0.16
1784585885.4262,15:18:05.426,0.99,0.12,0.05
1784585885.9263,15:18:05.926,0.96,0.26,-0.05
1784585886.4265,15:18:06.426,0.96,0.29,-0.08
1784585886.9261,15:18:06.926,0.93,0.34,-0.11
1784585887.426,15:18:07.426,0.93,0.34,-0.10
1784585887.9258,15:18:07.925,0.92,0.38,-0.12
1784585888.4254,15:18:08.425,0,0,0
1784585888.9255,15:18:08.925,0,0,0
1784585889.4253,15:18:09.425,0.98,0.22,-0.01
1784585889.9243,15:18:09.924,0.99,0.00,0.11
1784585890.4244,15:18:10.424,1.00,-0.03,0.09
1784585890.9242,15:18:10.924,0.99,-0.04,0.10
1784585891.4234,15:18:11.423,0.99,0.14,-0.06
1784585891.9233,15:18:11.923,0,0,0
1784585892.4239,15:18:12.423,0,0,0
1784585892.9231,15:18:12.923,0,0,0
1784585893.4227,15:18:13.422,0,0,0
1784585893.9232,15:18:13.923,0,0,0
1784585894.423,15:18:14.423,0,0,0
1784585894.9228,15:18:14.922,0,0,0
1784585895.4231,15:18:15.423,0.99,0.16,-0.01
1784585895.9225,15:18:15.922,0,0,0
1784585896.4227,15:18:16.422,0,0,0
1784585896.9228,15:18:16.922,0.99,0.03,0.10
1784585897.4222,15:18:17.422,0.98,-0.09,0.17
1784585897.922,15:18:17.922,0.98,-0.11,0.19
1784585898.4219,15:18:18.421,0.97,-0.11,0.20
1784585898.9219,15:18:18.921,0.99,-0.01,0.12
1784585899.4217,15:18:19.421,0.99,0.14,-0.01
1784585899.9217,15:18:19.921,0.99,0.10,0.03
1784585900.4215,15:18:20.421,0.88,0.40,-0.26
1784585900.9211,15:18:20.921,0,0,0
1784585901.4214,15:18:21.421,0,0,0
1784585901.9214,15:18:21.921,0,0,0
1784585902.4206,15:18:22.420,0,0,0
1784585902.9205,15:18:22.920,0,0,0
1784585903.4203,15:18:23.420,0.87,0.42,-0.26
1784585903.9197,15:18:23.919,0.97,0.24,-0.10
1784585904.4202,15:18:24.420,1.00,0.04,0.07
1784585904.9202,15:18:24.920,1.00,0.04,0.07
1784585905.4194,15:18:25.419,0,0,0
1784585905.9196,15:18:25.919,0,0,0
1784585906.4197,15:18:26.419,0,0,0
1784585906.9195,15:18:26.919,0,0,0
1784585907.4197,15:18:27.419,0.99,0.10,0.03
1784585907.9198,15:18:27.919,0.99,0.11,0.03
1784585908.4196,15:18:28.419,0.99,0.11,0.03
1784585908.9192,15:18:28.919,0.98,0.19,-0.05
1784585909.4191,15:18:29.419,0.94,0.30,-0.17
1784585909.9185,15:18:29.918,0.85,0.44,-0.30
1784585910.4185,15:18:30.418,0.96,0.28,-0.11
1784585910.9188,15:18:30.918,0.94,0.31,-0.11
1784585911.4184,15:18:31.418,0.94,0.33,-0.07
1784585911.9184,15:18:31.918,0.93,0.36,-0.05
1784585912.4187,15:18:32.418,0.93,0.36,-0.04
1784585912.9181,15:18:32.918,0.69,0.65,-0.32
1784585913.4175,15:18:33.417,0.69,0.65,-0.34
1784585913.9174,15:18:33.917,0.72,0.61,-0.33
1784585914.4174,15:18:34.417,0.79,0.55,-0.29
1784585914.9169,15:18:34.916,0.80,0.53,-0.29
1784585915.4174,15:18:35.417,0,0,0
1784585915.9174,15:18:35.917,0.80,0.51,-0.30
1784585916.417,15:18:36.417,0.87,0.44,-0.22
1784585916.9171,15:18:36.917,0.96,0.27,-0.08
1784585917.4167,15:18:37.416,0.96,0.28,-0.08
1784585917.9161,15:18:37.916,0.95,0.30,-0.10
1784585918.4164,15:18:38.416,0.98,0.22,0.01
1784585918.9164,15:18:38.916,0.96,0.29,-0.04
1784585919.4158,15:18:39.415,0.96,0.26,-0.01
1784585919.9157,15:18:39.915,0.97,0.23,0.05
1784585920.4159,15:18:40.415,0.98,0.18,0.12
1784585920.9149,15:18:40.914,0.98,0.16,0.13
1784585921.415,15:18:41.415,0.98,0.19,0.11
1784585921.915,15:18:41.915,0.97,0.24,0.07
1784585922.4148,15:18:42.414,0.96,0.27,0.01
1784585922.9148,15:18:42.914,0.95,0.31,-0.08
1784585923.4153,15:18:43.415,0.94,0.32,-0.14
1784585923.9148,15:18:43.914,0.92,0.35,-0.17
1784585924.4148,15:18:44.414,0.91,0.40,-0.14
1784585924.9149,15:18:44.914,0.90,0.44,-0.04
1784585925.4143,15:18:45.414,0.89,0.46,0.00
1784585925.9141,15:18:45.914,0.89,0.45,0.00
1784585926.4142,15:18:46.414,0.91,0.42,0.01
1784585926.9136,15:18:46.913,0.93,0.38,0.05
1784585927.4134,15:18:47.413,0.92,0.38,0.04
1784585927.9137,15:18:47.913,0.92,0.39,0.00
1784585928.4135,15:18:48.413,0.90,0.42,-0.05
1784585928.9129,15:18:48.912,0.88,0.47,-0.09
1784585929.4134,15:18:49.413,0.87,0.49,-0.09
1784585929.913,15:18:49.913,0.84,0.52,-0.12
1784585930.4126,15:18:50.412,0.79,0.59,-0.19
1784585930.9125,15:18:50.912,0.78,0.57,-0.24
1784585931.4127,15:18:51.412,0.79,0.56,-0.22
1784585931.9119,15:18:51.911,0.84,0.51,-0.16
1784585932.4124,15:18:52.412,0.84,0.52,-0.17
1784585932.9124,15:18:52.912,0.78,0.56,-0.26
1784585933.4118,15:18:53.411,0.74,0.58,-0.33
1784585933.9121,15:18:53.912,0.76,0.57,-0.31
1784585934.4115,15:18:54.411,0.78,0.57,-0.27
1784585934.9109,15:18:54.910,0.84,0.52,-0.17
1784585935.4112,15:18:55.411,0.88,0.46,-0.06
1784585935.9108,15:18:55.910,0.83,0.54,-0.17
1784585936.4102,15:18:56.410,0.82,0.54,-0.18
1784585936.9107,15:18:56.910,0.78,0.58,-0.22
1784585937.4102,15:18:57.410,0.81,0.55,-0.19
1784585937.9098,15:18:57.909,0.90,0.43,-0.10
1784585938.4101,15:18:58.410,0.98,0.15,0.09
1784585938.9102,15:18:58.910,0.99,0.14,0.08
1784585939.41,15:18:59.410,0.98,0.21,0.02
1784585939.9099,15:18:59.909,0.96,0.28,-0.06
1784585940.4105,15:19:00.410,0.96,0.29,-0.04
1784585940.9099,15:19:00.909,0.91,0.39,-0.14
1784585941.4102,15:19:01.410,0.87,0.46,-0.19
1784585941.91,15:19:01.910,0.88,0.46,-0.13
1784585942.4096,15:19:02.409,0.78,0.58,-0.23
1784585942.9099,15:19:02.909,0.79,0.57,-0.22
1784585943.4099,15:19:03.409,0.80,0.55,-0.21
1784585943.9097,15:19:03.909,0.83,0.54,-0.14
1784585944.409,15:19:04.409,0.87,0.48,-0.09
1784585944.9086,15:19:04.908,0.95,0.31,0.09
1784585945.4084,15:19:05.408,0.94,0.31,0.11
1784585945.9083,15:19:05.908,0.94,0.32,0.11
1784585946.4085,15:19:06.408,0.93,0.35,0.08
1784585946.9081,15:19:06.908,0.94,0.32,0.10
1784585947.4076,15:19:07.407,0.97,0.22,0.14
1784585947.9082,15:19:07.908,0.98,0.09,0.20
1784585948.4079,15:19:08.407,0.98,0.08,0.20
1784585948.9074,15:19:08.907,0.97,0.11,0.21
1784585949.4078,15:19:09.407,0.97,0.10,0.24
1784585949.9078,15:19:09.907,0.95,0.03,0.30
1784585950.4075,15:19:10.407,0.95,0.04,0.31
1784585950.9073,15:19:10.907,0.95,0.03,0.32
1784585951.4069,15:19:11.406,0.95,0.01,0.33
1784585951.9062,15:19:11.906,0.95,0.00,0.31
1784585952.4058,15:19:12.405,0.96,0.00,0.28
1784585952.9052,15:19:12.905,0.97,0.03,0.26
1784585953.4051,15:19:13.405,0.97,0.06,0.24
1784585953.9053,15:19:13.905,0.97,0.25,0.08
1784585954.4047,15:19:14.404,0,0,0
1784585954.9042,15:19:14.904,0,0,0
1784585955.4042,15:19:15.404,0,0,0
1784585955.904,15:19:15.904,0.97,0.25,0.08
1784585956.4038,15:19:16.403,0.97,0.24,0.07
1784585956.9041,15:19:16.904,0,0,0
1784585957.4039,15:19:17.403,0,0,0
1784585957.9037,15:19:17.903,0,0,0
1784585958.4038,15:19:18.403,0,0,0
1784585958.9034,15:19:18.903,0.97,0.18,0.14
1784585959.403,15:19:19.403,0.97,0.14,0.18
1784585959.9029,15:19:19.902,0.97,0.13,0.18
1784585960.4028,15:19:20.402,0.97,0.13,0.18
1784585960.9024,15:19:20.902,0.98,0.13,0.17
1784585961.4023,15:19:21.402,0.98,0.12,0.18
1784585961.9025,15:19:21.902,0.96,-0.01,0.30
1784585962.4023,15:19:22.402,0.95,0.00,0.30
1784585962.902,15:19:22.902,0.96,0.01,0.30
1784585963.402,15:19:23.402,0.95,0.02,0.31
1784585963.902,15:19:23.902,0.95,0.03,0.32
1784585964.4015,15:19:24.401,0.94,0.00,0.33
1784585964.9019,15:19:24.901,0.94,-0.02,0.34
1784585965.4015,15:19:25.401,0.93,-0.06,0.35
1784585965.9014,15:19:25.901,0.93,-0.08,0.35
1784585966.4016,15:19:26.401,0.94,-0.06,0.33
1784585966.9012,15:19:26.901,0.95,-0.04,0.31
1784585967.4009,15:19:27.400,0.96,0.01,0.27
1784585967.9007,15:19:27.900,0.98,0.05,0.18
1784585968.4009,15:19:28.400,0.99,0.09,0.13
1784585968.9008,15:19:28.900,0.99,0.12,0.10
1784585969.4008,15:19:29.400,0.98,0.20,0.04
1784585969.9007,15:19:29.900,0.91,0.40,-0.14
1784585970.4002,15:19:30.400,0.85,0.48,-0.21
1784585970.8996,15:19:30.899,0.85,0.48,-0.21
1784585971.3997,15:19:31.399,0.86,0.48,-0.19
1784585971.8992,15:19:31.899,0.87,0.47,-0.17
1784585972.3992,15:19:32.399,0.88,0.46,-0.14
1784585972.8994,15:19:32.899,0.88,0.46,-0.14
1784585973.3989,15:19:33.398,0.86,0.48,-0.17
1784585973.8987,15:19:33.898,0.86,0.47,-0.18
1784585974.3985,15:19:34.398,0.87,0.46,-0.18
1784585974.8984,15:19:34.898,0.85,0.47,-0.23
1784585975.3984,15:19:35.398,0.85,0.48,-0.23
1784585975.8986,15:19:35.898,0.86,0.48,-0.20
1784585976.3983,15:19:36.398,0.89,0.44,-0.14
1784585976.8979,15:19:36.897,0.90,0.42,-0.11
1784585977.3979,15:19:37.397,0.91,0.40,-0.08
1784585977.8975,15:19:37.897,0.94,0.34,0.00
1784585978.3978,15:19:38.397,0.95,0.30,0.09
1784585978.898,15:19:38.898,0,0,0
1784585979.3975,15:19:39.397,0.82,0.55,-0.13
1784585979.8975,15:19:39.897,0.83,0.55,-0.12
1784585980.3977,15:19:40.397,0.83,0.54,-0.14
1784585980.897,15:19:40.897,0,0,0
1784585981.3962,15:19:41.396,0,0,0
1784585981.8964,15:19:41.896,0,0,0
1784585982.3962,15:19:42.396,0.83,0.54,-0.14
1784585982.8959,15:19:42.895,0.89,0.44,-0.06
1784585983.3959,15:19:43.395,0.91,0.40,-0.02
1784585983.8955,15:19:43.895,0.92,0.39,-0.01
1784585984.3948,15:19:44.394,0.90,0.42,-0.07
1784585984.8948,15:19:44.894,0.90,0.43,-0.07
1784585985.3956,15:19:45.395,0.97,0.22,0.14
1784585985.8951,15:19:45.895,0.97,0.21,0.16
1784585986.3955,15:19:46.395,0.97,0.22,0.13
1784585986.8959,15:19:46.895,0.97,0.05,0.26
1784585987.3952,15:19:47.395,0.95,-0.02,0.31
1784585987.895,15:19:47.895,0.95,-0.01,0.31
1784585988.3952,15:19:48.395,0.96,0.06,0.26
1784585988.8949,15:19:48.894,0.97,0.09,0.22
1784585989.3947,15:19:49.394,0.97,0.09,0.21
1784585989.8941,15:19:49.894,0.93,0.37,-0.05
1784585990.3938,15:19:50.393,0,0,0
1784585990.8934,15:19:50.893,0,0,0
1784585991.3936,15:19:51.393,0,0,0
1784585991.8935,15:19:51.893,0,0,0
1784585992.3931,15:19:52.393,0,0,0
1784585992.8933,15:19:52.893,0,0,0
1784585993.3934,15:19:53.393,0,0,0
1784585993.8926,15:19:53.892,0,0,0
1784585994.3928,15:19:54.392,0.94,0.34,-0.08
1784585994.8925,15:19:54.892,0,0,0
1784585995.3917,15:19:55.391,0.99,0.15,0.05
1784585995.8921,15:19:55.892,0.99,0.12,0.08
1784585996.3923,15:19:56.392,0.99,0.10,0.09
1784585996.8915,15:19:56.891,0.99,0.10,0.08
1784585997.3919,15:19:57.391,0.97,0.24,-0.05
1784585997.8918,15:19:57.891,0.98,0.19,0.03
1784585998.391,15:19:58.391,0.98,0.19,0.05
1784585998.891,15:19:58.891,0.98,0.17,0.11
1784585999.3913,15:19:59.391,0.98,0.15,0.14
1784585999.8907,15:19:59.890,0.98,0.14,0.17
1784586000.3905,15:20:00.390,0.97,0.14,0.19
1784586000.8908,15:20:00.890,0.97,0.15,0.18
1784586001.3904,15:20:01.390,0.97,0.13,0.18
1784586001.8904,15:20:01.890,0.97,0.05,0.23
1784586002.3901,15:20:02.390,0.97,0.05,0.23
1784586002.8903,15:20:02.890,0.98,0.07,0.19
1784586003.3905,15:20:03.390,0.98,0.05,0.16
1784586003.8904,15:20:03.890,0.99,0.02,0.15
1784586004.39,15:20:04.390,0.99,0.04,0.15
1784586004.8902,15:20:04.890,0.98,0.01,0.21
1784586005.3897,15:20:05.389,0.96,-0.04,0.29
1784586005.8889,15:20:05.888,0.94,-0.07,0.33
1784586006.3885,15:20:06.388,0.94,-0.05,0.34
1784586006.8888,15:20:06.888,0.94,-0.01,0.33
1784586007.3886,15:20:07.388,0.95,0.02,0.33
1784586007.8882,15:20:07.888,0.94,-0.01,0.34
1784586008.3885,15:20:08.388,0.95,0.02,0.32
1784586008.8879,15:20:08.887,0.96,0.09,0.26
1784586009.3871,15:20:09.387,0.96,0.09,0.25
1784586009.887,15:20:09.887,0.96,0.02,0.28
1784586010.387,15:20:10.387,0.95,-0.07,0.32
1784586010.887,15:20:10.887,0.94,-0.09,0.33
1784586011.3868,15:20:11.386,0.94,-0.09,0.32
1784586011.8863,15:20:11.886,0.96,-0.06,0.27
1784586012.3859,15:20:12.385,0.97,-0.01,0.23
1784586012.8863,15:20:12.886,0.97,0.05,0.23
1784586013.3862,15:20:13.386,0.97,0.06,0.22
1784586013.8856,15:20:13.885,0.97,0.06,0.22
1784586014.386,15:20:14.386,0.97,0.02,0.23
1784586014.8863,15:20:14.886,0.96,0.01,0.28
1784586015.386,15:20:15.386,0.96,0.04,0.29
1784586015.8856,15:20:15.885,0.96,0.10,0.26
1784586016.3855,15:20:16.385,0.96,0.10,0.25
1784586016.8853,15:20:16.885,0.96,0.12,0.23
1784586017.3853,15:20:17.385,0.97,0.15,0.21
1784586017.8854,15:20:17.885,0.97,0.14,0.21
1784586018.385,15:20:18.385,0.97,0.12,0.22
1784586018.8848,15:20:18.884,0.97,0.09,0.24
1784586019.3847,15:20:19.384,0.96,0.00,0.28
1784586019.8837,15:20:19.883,0.95,-0.05,0.30
1784586020.3839,15:20:20.383,0.96,-0.03,0.29
1784586020.8842,15:20:20.884,0.97,-0.01,0.26
1784586021.3838,15:20:21.383,0.98,0.01,0.20
1784586021.8834,15:20:21.883,0.99,0.04,0.15
1784586022.3833,15:20:22.383,0.99,0.06,0.10
1784586022.8829,15:20:22.882,0.99,0.02,0.10
1784586023.3825,15:20:23.382,1.00,0.04,0.07
1784586023.8826,15:20:23.882,0.99,0.14,-0.02
1784586024.3824,15:20:24.382,0.94,0.28,-0.16
1784586024.8818,15:20:24.881,0.93,0.31,-0.20
1784586025.3821,15:20:25.382,0.92,0.33,-0.20
1784586025.8825,15:20:25.882,0.90,0.38,-0.22
1784586026.3823,15:20:26.382,0.88,0.41,-0.23
1784586026.8826,15:20:26.882,0.94,0.31,-0.13
1784586027.3824,15:20:27.382,0.96,0.28,-0.09
1784586027.8822,15:20:27.882,0.98,0.22,-0.03
1784586028.3819,15:20:28.381,0.99,0.12,0.02
1784586028.8817,15:20:28.881,0.99,0.12,0.03
1784586029.3813,15:20:29.381,0.99,0.13,0.09
1784586029.8814,15:20:29.881,0.98,0.14,0.14
1784586030.3816,15:20:30.381,0.97,0.09,0.22
1784586030.8814,15:20:30.881,0.96,0.07,0.26
1784586031.3817,15:20:31.381,0.95,0.00,0.30
1784586031.8814,15:20:31.881,0.95,-0.05,0.31
1784586032.3806,15:20:32.380,0.94,-0.12,0.33
1784586032.8806,15:20:32.880,0.94,-0.10,0.32
1784586033.3809,15:20:33.380,0.96,-0.03,0.27
1784586033.8805,15:20:33.880,0.96,-0.03,0.27
1784586034.3803,15:20:34.380,0.96,-0.02,0.28
1784586034.8802,15:20:34.880,0.96,-0.03,0.29
1784586035.3799,15:20:35.379,0.97,-0.04,0.26
1784586035.8798,15:20:35.879,0.96,-0.06,0.26
1784586036.3801,15:20:36.380,0.96,-0.06,0.26
1784586036.8797,15:20:36.879,0.96,-0.09,0.28
1784586037.3787,15:20:37.378,0.95,-0.09,0.29
1784586037.8788,15:20:37.878,0.95,-0.07,0.29
1784586038.3786,15:20:38.378,0.95,-0.08,0.30
1784586038.8778,15:20:38.877,0.95,-0.09,0.30
1784586039.3783,15:20:39.378,0.94,-0.10,0.32
1784586039.8779,15:20:39.877,0.94,-0.09,0.34
1784586040.3773,15:20:40.377,0.95,-0.05,0.31
1784586040.8775,15:20:40.877,0.95,-0.06,0.31
1784586041.3771,15:20:41.377,0.95,-0.07,0.32
1784586041.8767,15:20:41.876,0.94,-0.08,0.32
1784586042.3774,15:20:42.377,0.94,-0.08,0.32
1784586042.8771,15:20:42.877,0.93,-0.09,0.35
1784586043.3765,15:20:43.376,0.93,-0.10,0.35
1784586043.877,15:20:43.877,0.94,-0.09,0.34
1784586044.3766,15:20:44.376,0.94,-0.07,0.34
1784586044.8758,15:20:44.875,0.94,-0.04,0.34
1784586045.3761,15:20:45.376,0.95,0.04,0.31
1784586045.8755,15:20:45.875,0.96,0.12,0.27
1784586046.3753,15:20:46.375,0.96,0.17,0.23
1784586046.8758,15:20:46.875,0.97,0.17,0.19
1784586047.3752,15:20:47.375,0.97,0.05,0.23
1784586047.8748,15:20:47.874,0.95,-0.08,0.30
1784586048.3749,15:20:48.374,0.95,-0.10,0.31
1784586048.8747,15:20:48.874,0.95,-0.11,0.29
1784586049.3739,15:20:49.373,0.95,-0.13,0.28
1784586049.874,15:20:49.874,0.95,-0.14,0.29
1784586050.374,15:20:50.374,0.95,-0.13,0.28
1784586050.8737,15:20:50.873,0.95,-0.12,0.28
1784586051.3734,15:20:51.373,0.97,-0.07,0.24
1784586051.8739,15:20:51.873,0.98,0.02,0.18
1784586052.3737,15:20:52.373,0.99,0.09,0.13
1784586052.8736,15:20:52.873,0.99,0.10,0.12
1784586053.3736,15:20:53.373,0.99,0.04,0.14
1784586053.8736,15:20:53.873,0.99,0.03,0.14
1784586054.373,15:20:54.373,0.99,0.03,0.14
1784586054.8731,15:20:54.873,0.99,-0.01,0.17
1784586055.3727,15:20:55.372,0.98,-0.01,0.19
1784586055.8725,15:20:55.872,0.99,0.02,0.16
1784586056.373,15:20:56.373,0.99,0.08,0.15
1784586056.8727,15:20:56.872,0.98,0.09,0.16
1784586057.3721,15:20:57.372,0.98,0.11,0.18
1784586057.8727,15:20:57.872,0.98,0.12,0.18
1784586058.3721,15:20:58.372,0.97,0.12,0.19
1784586058.8715,15:20:58.871,0.97,0.16,0.17
1784586059.372,15:20:59.372,0.96,0.24,0.11
1784586059.8716,15:20:59.871,0.97,0.22,0.14
1784586060.3714,15:21:00.371,0.96,0.21,0.18
1784586060.8717,15:21:00.871,0.96,0.20,0.20
1784586061.3717,15:21:01.371,0.96,0.10,0.26
1784586061.8713,15:21:01.871,0.96,0.07,0.28
1784586062.3716,15:21:02.371,0.95,0.06,0.29
1784586062.8718,15:21:02.871,0.96,0.06,0.28
1784586063.3712,15:21:03.371,0.96,0.04,0.29
1784586063.8707,15:21:03.870,0.96,0.03,0.29
1784586064.3709,15:21:04.370,0.96,0.05,0.27
1784586064.8704,15:21:04.870,0.97,0.11,0.23
1784586065.3709,15:21:05.370,0.98,0.13,0.18
1784586065.8709,15:21:05.870,0.98,0.19,0.10
1784586066.3705,15:21:06.370,0.96,0.27,0.04
1784586066.87,15:21:06.870,0.95,0.32,0.01
1784586067.3696,15:21:07.369,0.94,0.34,0.03
1784586067.869,15:21:07.869,0.94,0.35,0.05
1784586068.3693,15:21:08.369,0.93,0.35,0.09
1784586068.8695,15:21:08.869,0.93,0.35,0.12
1784586069.3691,15:21:09.369,0.95,0.29,0.16
1784586069.8684,15:21:09.868,0.96,0.21,0.19
1784586070.3685,15:21:10.368,0.96,0.11,0.25
1784586070.8679,15:21:10.867,0.97,0.06,0.24
1784586071.3672,15:21:11.367,0.98,0.02,0.21
1784586071.8676,15:21:11.867,0.97,-0.03,0.25
1784586072.3678,15:21:12.367,0.97,-0.04,0.25
1784586072.8677,15:21:12.867,0.95,-0.03,0.31
1784586073.3681,15:21:13.368,0.95,-0.03,0.31
1784586073.8679,15:21:13.867,0.96,-0.05,0.27
1784586074.3675,15:21:14.367,0.95,-0.11,0.30
1784586074.8678,15:21:14.867,0.95,-0.12,0.29
1784586075.3673,15:21:15.367,0.96,-0.10,0.27
1784586075.8669,15:21:15.866,0.97,-0.07,0.24
1784586076.3666,15:21:16.366,0.98,-0.03,0.20
1784586076.8669,15:21:16.866,0.98,0.01,0.18
1784586077.3665,15:21:17.366,0.99,0.11,0.10
1784586077.867,15:21:17.867,0.97,0.23,0.00
1784586078.3668,15:21:18.366,0.95,0.31,-0.04
1784586078.8662,15:21:18.866,0.94,0.34,-0.08
1784586079.3661,15:21:19.366,0.95,0.32,-0.05
1784586079.8663,15:21:19.866,0.98,0.22,0.03
1784586080.3657,15:21:20.365,0.98,0.21,0.06
1784586080.8656,15:21:20.865,0.98,0.21,0.05
1784586081.3656,15:21:21.365,0.99,0.14,0.10
1784586081.8648,15:21:21.864,0.99,0.12,0.10
1784586082.3641,15:21:22.364,0.98,0.17,0.07
1784586082.8642,15:21:22.864,0.98,0.16,0.08
1784586083.3642,15:21:23.364,0.98,0.13,0.17
1784586083.8639,15:21:23.863,0.97,0.12,0.22
1784586084.3647,15:21:24.364,0.97,0.08,0.24
1784586084.8639,15:21:24.863,0.97,0.07,0.23
1784586085.3632,15:21:25.363,0.97,0.06,0.23
1784586085.8634,15:21:25.863,0.97,0.11,0.21
1784586086.3634,15:21:26.363,0.97,0.13,0.21
1784586086.8631,15:21:26.863,0.92,0.39,0.01
1784586087.3631,15:21:27.363,0.93,0.36,0.05
1784586087.8631,15:21:27.863,0.94,0.33,0.08
1784586088.3628,15:21:28.362,0.97,0.21,0.11
1784586088.863,15:21:28.863,0.98,0.12,0.13
1784586089.3627,15:21:29.362,0.99,0.11,0.12
1784586089.8626,15:21:29.862,0.99,0.14,0.08
1784586090.3626,15:21:30.362,0.99,0.14,0.07
1784586090.8628,15:21:30.862,0.98,0.02,0.20
1784586091.3629,15:21:31.362,0.97,0.00,0.22
1784586091.8627,15:21:31.862,0.97,-0.01,0.24
1784586092.3627,15:21:32.362,0.97,-0.01,0.25
1784586092.8622,15:21:32.862,0.98,0.02,0.22
1784586093.3616,15:21:33.361,0.98,0.08,0.18
1784586093.8616,15:21:33.861,0.97,0.08,0.21
1784586094.3615,15:21:34.361,0.97,0.06,0.23
1784586094.8613,15:21:34.861,0.96,0.00,0.27
1784586095.3613,15:21:35.361,0.96,-0.01,0.27
1784586095.8608,15:21:35.860,0.97,-0.03,0.25
1784586096.3608,15:21:36.360,0.98,-0.03,0.22
1784586096.8608,15:21:36.860,0.98,-0.03,0.22
1784586097.3602,15:21:37.360,0.97,-0.05,0.24
1784586097.8599,15:21:37.859,0.96,-0.06,0.28
1784586098.3599,15:21:38.359,0.96,-0.06,0.29
1784586098.8595,15:21:38.859,0.95,-0.04,0.31
1784586099.3588,15:21:39.358,0.95,-0.04,0.32
1784586099.859,15:21:39.859,0.95,-0.03,0.32
1784586100.358,15:21:40.358,0.95,-0.02,0.32
1784586100.8573,15:21:40.857,0.95,0.00,0.30
1784586101.3579,15:21:41.357,0.96,0.02,0.29
1784586101.8577,15:21:41.857,0.95,-0.02,0.30
1784586102.3572,15:21:42.357,0.96,0.00,0.28
1784586102.8572,15:21:42.857,0.98,0.16,0.11
1784586103.3566,15:21:43.356,0,0,0
1784586103.8563,15:21:43.856,0,0,0
1784586104.3562,15:21:44.356,0,0,0
1784586104.8562,15:21:44.856,0.99,0.14,0.10
1784586105.3564,15:21:45.356,0.99,0.10,0.11
1784586105.8568,15:21:45.856,0,0,0
1784586106.3572,15:21:46.357,0,0,0
1784586106.8565,15:21:46.856,0,0,0
1784586107.3569,15:21:47.356,0.99,0.06,0.14
1784586107.8573,15:21:47.857,0.98,0.07,0.17
1784586108.3562,15:21:48.356,0,0,0
1784586108.856,15:21:48.856,0,0,0
1784586109.3562,15:21:49.356,0,0,0
1784586109.8559,15:21:49.855,0,0,0
1784586110.3557,15:21:50.355,0,0,0
1784586110.8557,15:21:50.855,0,0,0
1784586111.3554,15:21:51.355,0.98,0.07,0.18
1784586111.8552,15:21:51.855,0.98,0.01,0.22
1784586112.3552,15:21:52.355,0.98,0.00,0.21
1784586112.8547,15:21:52.854,0.99,0.05,0.15
1784586113.3541,15:21:53.354,0.99,0.13,0.08
1784586113.8543,15:21:53.854,0.98,0.02,0.20
1784586114.3537,15:21:54.353,0.99,0.06,0.15
1784586114.8536,15:21:54.853,0.99,0.16,0.04
1784586115.354,15:21:55.354,0.97,0.25,-0.03
1784586115.8534,15:21:55.853,0.95,0.30,-0.02
1784586116.3532,15:21:56.353,0.95,0.31,0.05
1784586116.8538,15:21:56.853,0.96,0.27,0.12
1784586117.3534,15:21:57.353,0.96,0.25,0.16
1784586117.8531,15:21:57.853,0.96,0.20,0.19
1784586118.3533,15:21:58.353,0.96,0.17,0.21
1784586118.8529,15:21:58.852,0.96,0.17,0.23
1784586119.3526,15:21:59.352,0.96,0.16,0.25
1784586119.853,15:21:59.853,0.95,0.08,0.29
1784586120.3529,15:22:00.352,0.96,0.06,0.28
1784586120.8522,15:22:00.852,0,0,0
1784586121.3522,15:22:01.352,0,0,0
1784586121.8518,15:22:01.851,0,0,0
1784586122.3513,15:22:02.351,0,0,0
1784586122.8512,15:22:02.851,0.98,0.17,0.10
1784586123.3514,15:22:03.351,0.99,0.15,0.07
1784586123.8511,15:22:03.851,0.99,0.14,0.04
1784586124.3513,15:22:04.351,0.96,0.25,-0.07
1784586124.8514,15:22:04.851,0.86,0.43,-0.26
1784586125.3507,15:22:05.350,0.95,0.30,-0.12
1784586125.8505,15:22:05.850,0.95,0.28,-0.10
1784586126.3503,15:22:06.350,0.97,0.25,-0.06
1784586126.8496,15:22:06.849,0.99,0.15,0.08
1784586127.3493,15:22:07.349,0.99,0.10,0.12
1784586127.8496,15:22:07.849,0.97,0.03,0.22
1784586128.3488,15:22:08.348,0.97,0.05,0.26
1784586128.8485,15:22:08.848,0.96,0.06,0.27
1784586129.349,15:22:09.349,0.96,0.11,0.24
1784586129.8488,15:22:09.848,0.97,0.14,0.22
1784586130.3485,15:22:10.348,0.97,0.15,0.20
1784586130.8489,15:22:10.848,0.97,0.20,0.17
1784586131.3485,15:22:11.348,0.97,0.19,0.16
1784586131.848,15:22:11.848,0.97,0.18,0.14
1784586132.3478,15:22:12.347,0.98,0.04,0.19
1784586132.8476,15:22:12.847,0.96,-0.08,0.28
1784586133.3472,15:22:13.347,0.94,-0.11,0.31
1784586133.8476,15:22:13.847,0.94,-0.13,0.32
1784586134.3474,15:22:14.347,0.95,-0.13,0.28
1784586134.8473,15:22:14.847,0.95,-0.13,0.27
1784586135.3475,15:22:15.347,0.97,-0.10,0.24
1784586135.8475,15:22:15.847,0.97,-0.09,0.23
1784586136.3466,15:22:16.346,0.97,-0.09,0.22
1784586136.847,15:22:16.847,0.98,-0.06,0.20
1784586137.3468,15:22:17.346,0.98,0.02,0.19
1784586137.8465,15:22:17.846,0.99,0.12,0.12
1784586138.3465,15:22:18.346,0.98,0.16,0.10
1784586138.8465,15:22:18.846,0.98,0.17,0.11
1784586139.3463,15:22:19.346,0.97,0.18,0.14
1784586139.8461,15:22:19.846,0.96,0.27,0.08
1784586140.3459,15:22:20.345,0.93,0.36,0.01
1784586140.8458,15:22:20.845,0.93,0.36,0.01
1784586141.3454,15:22:21.345,0.96,0.27,0.05
1784586141.8452,15:22:21.845,0.97,0.24,0.04
1784586142.3444,15:22:22.344,0.97,0.22,0.06
1784586142.8443,15:22:22.844,0.99,0.12,0.09
1784586143.3443,15:22:23.344,0.99,0.04,0.10
1784586143.8439,15:22:23.843,0.99,0.04,0.11
1784586144.3438,15:22:24.343,0.99,-0.02,0.15
1784586144.844,15:22:24.844,0.97,-0.09,0.21
1784586145.344,15:22:25.344,0.97,-0.09,0.21
1784586145.8441,15:22:25.844,0.98,-0.07,0.20
1784586146.3447,15:22:26.344,0.98,0.02,0.18
1784586146.8441,15:22:26.844,0.98,0.03,0.21
1784586147.3436,15:22:27.343,0.97,0.02,0.26
1784586147.8441,15:22:27.844,0.95,-0.01,0.32
1784586148.3438,15:22:28.343,0.95,-0.02,0.32
1784586148.8431,15:22:28.843,0.96,-0.01,0.29
1784586149.3437,15:22:29.343,0.96,-0.04,0.29
1784586149.8437,15:22:29.843,0.96,-0.05,0.29
1784586150.3436,15:22:30.343,0.96,-0.01,0.27
1784586150.8438,15:22:30.843,0.97,0.01,0.25
1784586151.3436,15:22:31.343,0.97,0.04,0.23
1784586151.8435,15:22:31.843,0.97,0.04,0.23
1784586152.3437,15:22:32.343,0.98,0.07,0.19
1784586152.8434,15:22:32.843,0.98,0.10,0.15
1784586153.3431,15:22:33.343,0.98,0.13,0.14
1784586153.8431,15:22:33.843,0.98,0.09,0.17
1784586154.3429,15:22:34.342,0.97,0.05,0.23
1784586154.8424,15:22:34.842,0.97,0.04,0.26
1784586155.3422,15:22:35.342,0.96,0.05,0.26
1784586155.842,15:22:35.842,0.96,0.05,0.26
1784586156.3415,15:22:36.341,0.96,0.06,0.26
1784586156.8412,15:22:36.841,0.97,0.13,0.18
1784586157.3416,15:22:37.341,0.98,0.15,0.15
1784586157.8412,15:22:37.841,0.98,0.15,0.11
1784586158.3405,15:22:38.340,0.99,0.05,0.16
1784586158.8405,15:22:38.840,0.98,-0.01,0.18
1784586159.3401,15:22:39.340,0.99,-0.03,0.14
1784586159.8398,15:22:39.839,0.99,-0.03,0.11
1784586160.3402,15:22:40.340,1.00,0.05,0.04
1784586160.8393,15:22:40.839,0.99,0.13,-0.02
1784586161.339,15:22:41.339,0.98,0.18,-0.08
1784586161.8388,15:22:41.838,0.92,0.34,-0.21
1784586162.3386,15:22:42.338,0.91,0.35,-0.21
1784586162.8387,15:22:42.838,0.90,0.37,-0.22
1784586163.3391,15:22:43.339,0.85,0.43,-0.29
1784586163.8387,15:22:43.838,0.80,0.48,-0.35
1784586164.3386,15:22:44.338,0.77,0.52,-0.37
1784586164.8392,15:22:44.839,0.76,0.53,-0.38
1784586165.3384,15:22:45.338,0.79,0.52,-0.33
1784586165.8379,15:22:45.837,0.82,0.51,-0.26
1784586166.3383,15:22:46.338,0.84,0.49,-0.23
1784586166.8379,15:22:46.837,0.91,0.40,-0.10
1784586167.3376,15:22:47.337,0.93,0.36,0.00
1784586167.838,15:22:47.838,0.95,0.28,0.09
1784586168.338,15:22:48.338,0.96,0.21,0.18
1784586168.8377,15:22:48.837,0.96,0.17,0.21
1784586169.3375,15:22:49.337,0.97,0.15,0.21
1784586169.8371,15:22:49.837,0.97,0.11,0.23
1784586170.3364,15:22:50.336,0.96,0.07,0.27
1784586170.836,15:22:50.836,0.96,0.06,0.27
1784586171.3356,15:22:51.335,0.96,0.07,0.27
1784586171.8351,15:22:51.835,0.96,0.06,0.27
1784586172.3349,15:22:52.334,0.95,0.01,0.30
1784586172.8347,15:22:52.834,0.95,-0.05,0.30
1784586173.3343,15:22:53.334,0.96,-0.09,0.27
1784586173.8344,15:22:53.834,0.96,-0.07,0.26
1784586174.3344,15:22:54.334,0.98,0.01,0.20
1784586174.8344,15:22:54.834,0.99,0.07,0.14
1784586175.3343,15:22:55.334,0.99,0.13,0.08
1784586175.8345,15:22:55.834,0.99,0.15,0.08
1784586176.3345,15:22:56.334,0.98,0.14,0.11
1784586176.8346,15:22:56.834,0.97,0.21,0.12
1784586177.3344,15:22:57.334,0.97,0.24,0.09
1784586177.834,15:22:57.834,0.96,0.29,0.04
1784586178.3337,15:22:58.333,0.95,0.32,-0.03
1784586178.8343,15:22:58.834,0.94,0.32,-0.08
1784586179.3337,15:22:59.333,0.95,0.31,-0.07
1784586179.833,15:22:59.833,0.95,0.30,-0.05
1784586180.3334,15:23:00.333,0.95,0.30,-0.03
1784586180.8332,15:23:00.833,0.95,0.30,0.00
1784586181.3329,15:23:01.332,0.95,0.31,0.02
1784586181.8331,15:23:01.833,0.96,0.25,0.09
1784586182.3325,15:23:02.332,0.97,0.17,0.18
1784586182.8324,15:23:02.832,0.97,0.13,0.22
1784586183.3322,15:23:03.332,0.97,0.12,0.23
1784586183.8318,15:23:03.831,0.96,0.04,0.28
1784586184.3315,15:23:04.331,0.95,-0.01,0.32
1784586184.8313,15:23:04.831,0.94,-0.03,0.33
1784586185.3313,15:23:05.331,0.94,-0.05,0.34
1784586185.8309,15:23:05.830,0.94,-0.07,0.34
1784586186.3305,15:23:06.330,0.94,-0.08,0.34
1784586186.8307,15:23:06.830,0.94,-0.09,0.34
1784586187.3306,15:23:07.330,0.94,-0.08,0.34
1784586187.8304,15:23:07.830,0.95,-0.07,0.31
1784586188.3306,15:23:08.330,0.96,-0.06,0.27
1784586188.8303,15:23:08.830,0.98,-0.01,0.21
1784586189.3295,15:23:09.329,0.99,0.10,0.09
1784586189.8299,15:23:09.829,0.97,0.23,-0.05
1784586190.3299,15:23:10.329,0.94,0.31,-0.12
1784586190.8294,15:23:10.829,0.94,0.32,-0.10
1784586191.3296,15:23:11.329,0.96,0.29,-0.05
1784586191.8296,15:23:11.829,0.98,0.20,0.03
1784586192.3294,15:23:12.329,0.99,0.15,0.06
1784586192.8298,15:23:12.829,0.99,0.17,0.03
1784586193.3296,15:23:13.329,0.97,0.24,-0.03
1784586193.8291,15:23:13.829,0.96,0.27,-0.03
1784586194.3295,15:23:14.329,0.97,0.23,0.06
1784586194.8295,15:23:14.829,0.98,0.15,0.16
1784586195.3296,15:23:15.329,0.98,0.08,0.20
1784586195.8296,15:23:15.829,0.97,0.00,0.23
1784586196.3292,15:23:16.329,0.97,-0.02,0.25
1784586196.8287,15:23:16.828,0.95,-0.01,0.30
1784586197.3289,15:23:17.328,0.95,0.06,0.29
1784586197.8289,15:23:17.828,0.96,0.13,0.26
1784586198.3288,15:23:18.328,0.96,0.16,0.24
1784586198.8286,15:23:18.828,0.96,0.16,0.24
1784586199.329,15:23:19.329,0.96,0.10,0.27
1784586199.8281,15:23:19.828,0.96,0.01,0.29
1784586200.3277,15:23:20.327,0.96,0.01,0.29
1784586200.8275,15:23:20.827,0.96,0.04,0.29
1784586201.3272,15:23:21.327,0.96,0.06,0.27
1784586201.8272,15:23:21.827,0.97,0.21,0.11
1784586202.3274,15:23:22.327,0,0,0
1784586202.8267,15:23:22.826,0,0,0
1784586203.3263,15:23:23.326,0.97,0.25,0.03
1784586203.8265,15:23:23.826,0,0,0
1784586204.3259,15:23:24.325,0.97,0.26,0.02
1784586204.8257,15:23:24.825,0.99,0.12,0.12
1784586205.3261,15:23:25.326,0.98,0.12,0.13
1784586205.8258,15:23:25.825,0.99,0.10,0.11
1784586206.325,15:23:26.325,0.98,0.20,0.03
1784586206.8254,15:23:26.825,0.98,0.20,0.04
1784586207.3251,15:23:27.325,0.97,0.22,0.02
1784586207.8249,15:23:27.824,0.96,0.27,-0.03
1784586208.3253,15:23:28.325,0.93,0.37,-0.09
1784586208.8247,15:23:28.824,0.97,0.24,0.03
1784586209.3244,15:23:29.324,0.97,0.25,0.03
1784586209.8244,15:23:29.824,0.96,0.27,0.00
1784586210.3244,15:23:30.324,0.98,0.20,0.07
1784586210.8241,15:23:30.824,0.98,0.12,0.15
1784586211.3241,15:23:31.324,0,0,0
1784586211.8237,15:23:31.823,0.97,0.23,0.09
1784586212.3234,15:23:32.323,0,0,0
1784586212.8232,15:23:32.823,0,0,0
1784586213.3228,15:23:33.322,0,0,0
1784586213.8223,15:23:33.822,0.97,0.23,0.10
1784586214.3223,15:23:34.322,0.98,0.16,0.14
1784586214.8223,15:23:34.822,0,0,0
1784586215.3222,15:23:35.322,0.98,0.14,0.13
1784586215.8224,15:23:35.822,0.98,0.14,0.12
1784586216.3224,15:23:36.322,0.98,0.18,0.07
1784586216.8221,15:23:36.822,0.94,0.34,-0.09
1784586217.3219,15:23:37.321,0.84,0.48,-0.24
1784586217.8218,15:23:37.821,0.93,0.36,-0.10
1784586218.3213,15:23:38.321,0.95,0.30,-0.01
1784586218.8212,15:23:38.821,0.98,0.18,0.09
1784586219.3214,15:23:39.321,0.98,0.17,0.09
1784586219.8211,15:23:39.821,0.98,0.18,0.09
1784586220.3206,15:23:40.320,0.97,0.26,0.03
1784586220.8208,15:23:40.820,0.96,0.28,0.05
1784586221.3207,15:23:41.320,0.96,0.27,0.10
1784586221.8199,15:23:41.819,0.96,0.25,0.13
1784586222.3205,15:23:42.320,0.97,0.19,0.16
1784586222.8204,15:23:42.820,0.97,0.17,0.17
1784586223.3198,15:23:43.319,0.97,0.16,0.17
1784586223.8202,15:23:43.820,0.97,0.18,0.19
1784586224.3197,15:23:44.319,0.97,0.16,0.21
1784586224.8193,15:23:44.819,0.97,0.11,0.23
1784586225.3195,15:23:45.319,0.95,0.31,0.01
1784586225.8198,15:23:45.819,0.93,0.35,-0.07
1784586226.3194,15:23:46.319,0,0,0
1784586226.819,15:23:46.819,0,0,0
1784586227.3185,15:23:47.318,0.95,0.30,-0.11
1784586227.8181,15:23:47.818,0.96,0.25,-0.11
1784586228.3181,15:23:48.318,1.00,0.06,0.02
1784586228.8179,15:23:48.817,1.00,0.05,0.03
1784586229.3173,15:23:49.317,1.00,0.06,0.04
1784586229.8177,15:23:49.817,0.99,0.03,0.14
1784586230.3181,15:23:50.318,0.98,0.04,0.17
1784586230.8176,15:23:50.817,0.98,0.03,0.21
1784586231.3174,15:23:51.317,0.98,0.10,0.18
1784586231.8177,15:23:51.817,0.97,0.18,0.13
1784586232.3174,15:23:52.317,0.97,0.18,0.14
1784586232.8172,15:23:52.817,0.97,0.17,0.15
1784586233.3176,15:23:53.317,0.97,0.18,0.14
1784586233.8175,15:23:53.817,0.97,0.16,0.15
1784586234.3171,15:23:54.317,0.97,0.10,0.20
1784586234.8175,15:23:54.817,0.97,0.05,0.23
1784586235.3176,15:23:55.317,0.97,0.06,0.24
1784586235.8174,15:23:55.817,0.97,0.04,0.24
1784586236.3174,15:23:56.317,0.98,0.14,0.17
1784586236.8169,15:23:56.816,0.97,0.15,0.17
1784586237.3167,15:23:57.316,0.97,0.14,0.20
1784586237.8167,15:23:57.816,0.97,0.20,0.15
1784586238.3162,15:23:58.316,0.96,0.21,0.15
1784586238.8152,15:23:58.815,0.96,0.24,0.12
1784586239.3156,15:23:59.315,0.97,0.24,0.11
1784586239.8157,15:23:59.815,0.97,0.18,0.13
1784586240.3153,15:24:00.315,0.97,0.17,0.16
1784586240.8157,15:24:00.815,0.97,0.13,0.19
1784586241.3158,15:24:01.315,0.98,0.10,0.19
1784586241.8149,15:24:01.814,0.98,0.07,0.20
1784586242.3151,15:24:02.315,0.98,0.03,0.22
1784586242.815,15:24:02.815,0.97,0.00,0.23
1784586243.3144,15:24:03.314,0.96,0.00,0.27
1784586243.8144,15:24:03.814,0.96,0.00,0.27
1784586244.3139,15:24:04.313,0.97,0.06,0.23
1784586244.8137,15:24:04.813,0.97,0.07,0.21
1784586245.3135,15:24:05.313,0.97,0.09,0.21
1784586245.8132,15:24:05.813,0.97,0.11,0.20
1784586246.313,15:24:06.313,0.97,0.13,0.18
1784586246.8126,15:24:06.812,0.98,0.14,0.17
1784586247.3129,15:24:07.312,0.97,0.20,0.15
1784586247.8121,15:24:07.812,0.91,0.41,-0.01
1784586248.3123,15:24:08.312,0,0,0
1784586248.8123,15:24:08.812,0,0,0
1784586249.3115,15:24:09.311,0.91,0.41,-0.01
1784586249.8115,15:24:09.811,0.96,0.27,0.08
1784586250.3116,15:24:10.311,0,0,0
1784586250.8111,15:24:10.811,0,0,0
1784586251.3107,15:24:11.310,0.98,0.13,0.16
1784586251.8112,15:24:11.811,0,0,0
1784586252.3113,15:24:12.311,0,0,0
1784586252.8109,15:24:12.810,0,0,0
1784586253.3113,15:24:13.311,0.97,-0.07,0.25
1784586253.8109,15:24:13.810,0.97,-0.08,0.24
1784586254.3099,15:24:14.309,0.98,-0.03,0.21
1784586254.8097,15:24:14.809,0.99,0.12,0.09
1784586255.3094,15:24:15.309,0.97,0.24,-0.02
1784586255.8092,15:24:15.809,0.97,0.25,-0.01
1784586256.309,15:24:16.309,0,0,0
1784586256.8093,15:24:16.809,0,0,0
1784586257.3089,15:24:17.308,0,0,0
1784586257.8093,15:24:17.809,0,0,0
1784586258.3092,15:24:18.309,0,0,0
1784586258.8086,15:24:18.808,0.97,0.24,0.00
1784586259.3084,15:24:19.308,0.99,0.15,0.06
1784586259.8085,15:24:19.808,0.99,0.07,0.11
1784586260.3081,15:24:20.308,0.99,0.07,0.10
1784586260.8084,15:24:20.808,0.99,0.12,0.08
1784586261.3087,15:24:21.308,0.98,0.20,0.01
1784586261.8079,15:24:21.807,0.98,0.05,0.18
1784586262.3074,15:24:22.307,0.98,0.05,0.19
1784586262.8077,15:24:22.807,0.96,0.29,0.04
1784586263.3071,15:24:23.307,0,0,0
1784586263.8071,15:24:23.807,0,0,0
1784586264.3068,15:24:24.306,0,0,0
1784586264.8064,15:24:24.806,0,0,0
1784586265.3064,15:24:25.306,0.96,0.28,0.02
1784586265.8067,15:24:25.806,0.97,0.26,0.03
1784586266.3061,15:24:26.306,0.97,0.23,0.01
1784586266.8061,15:24:26.806,0.92,0.36,-0.16
1784586267.3062,15:24:27.306,0.97,0.26,-0.05
1784586267.8058,15:24:27.805,0.95,0.30,-0.09
1784586268.3056,15:24:28.305,0.95,0.30,-0.08
1784586268.8063,15:24:28.806,0.96,0.26,-0.03
1784586269.3057,15:24:29.305,0.97,0.23,0.00
1784586269.8053,15:24:29.805,0.98,0.22,0.02
1784586270.3058,15:24:30.305,0.98,0.18,0.09
1784586270.8054,15:24:30.805,0.98,0.14,0.13
1784586271.3048,15:24:31.304,0.98,0.13,0.14
1784586271.8051,15:24:31.805,0.98,0.18,0.13
1784586272.3051,15:24:32.305,0.98,0.17,0.14
1784586272.8045,15:24:32.804,0.97,0.13,0.19
1784586273.3051,15:24:33.305,0.97,0.10,0.22
1784586273.8045,15:24:33.804,0.97,0.09,0.22
1784586274.3043,15:24:34.304,0.98,0.07,0.21
1784586274.804,15:24:34.804,0.98,0.06,0.20
1784586275.304,15:24:35.304,0.98,0.07,0.16
1784586275.8032,15:24:35.803,0.99,0.11,0.08
1784586276.3037,15:24:36.303,0.99,0.16,0.04
1784586276.8035,15:24:36.803,0.98,0.19,0.00
1784586277.3033,15:24:37.303,0,0,0
1784586277.8032,15:24:37.803,0.85,0.45,-0.26
1784586278.3028,15:24:38.302,0.86,0.43,-0.27
1784586278.802,15:24:38.802,0.94,0.30,-0.14
1784586279.302,15:24:39.302,0,0,0
1784586279.8023,15:24:39.802,0,0,0
1784586280.3021,15:24:40.302,0,0,0
1784586280.8018,15:24:40.801,0,0,0
1784586281.3023,15:24:41.302,1.00,0.10,-0.01
1784586281.8021,15:24:41.802,1.00,0.07,0.02
1784586282.3021,15:24:42.302,1.00,0.07,0.04
1784586282.8026,15:24:42.802,1.00,0.05,0.06
1784586283.3022,15:24:43.302,0.99,0.00,0.11
1784586283.8018,15:24:43.801,0.99,0.01,0.12
1784586284.3017,15:24:44.301,0,0,0
1784586284.8015,15:24:44.801,0,0,0
1784586285.3009,15:24:45.300,0.99,0.00,0.12
1784586285.8014,15:24:45.801,0.99,-0.06,0.16
1784586286.3014,15:24:46.301,0.98,-0.07,0.17
1784586286.8011,15:24:46.801,0.98,-0.07,0.17
1784586287.3012,15:24:47.301,0.99,-0.02,0.16
1784586287.8008,15:24:47.800,0.99,0.09,0.08
1784586288.3002,15:24:48.300,0.98,0.19,0.01
1784586288.8003,15:24:48.800,0,0,0
1784586289.2998,15:24:49.299,0.98,0.19,0.02
1784586289.7994,15:24:49.799,0.99,0.06,0.09
1784586290.2997,15:24:50.299,0.98,-0.08,0.16
1784586290.7992,15:24:50.799,0.98,-0.08,0.16
1784586291.2986,15:24:51.298,1.00,0.03,0.07
1784586291.7989,15:24:51.798,0.99,0.11,0.02
1784586292.2981,15:24:52.298,0.99,0.00,0.16
1784586292.7973,15:24:52.797,0.99,0.01,0.16
1784586293.2974,15:24:53.297,0.99,0.02,0.16
1784586293.7974,15:24:53.797,0.99,0.01,0.17
1784586294.2972,15:24:54.297,0.99,0.04,0.16
1784586294.7972,15:24:54.797,0.99,0.10,0.13
1784586295.2976,15:24:55.297,0.98,0.12,0.13
1784586295.797,15:24:55.797,0.98,0.13,0.16
1784586296.2969,15:24:56.296,0.97,0.12,0.19
1784586296.7971,15:24:56.797,0.97,0.21,0.13
1784586297.2969,15:24:57.296,0.96,0.25,0.09
1784586297.7966,15:24:57.796,0.97,0.24,0.07
1784586298.2968,15:24:58.296,0.97,0.22,0.09
1784586298.7966,15:24:58.796,0.97,0.20,0.11
1784586299.2962,15:24:59.296,0.96,0.25,0.09
1784586299.7966,15:24:59.796,0.96,0.26,0.10
1784586300.296,15:25:00.296,0.96,0.26,0.08
1784586300.7953,15:25:00.795,0.96,0.27,0.08
1784586301.2955,15:25:01.295,0.96,0.28,0.08
1784586301.7947,15:25:01.794,0.96,0.23,0.15
1784586302.2941,15:25:02.294,0.96,0.21,0.19
1784586302.7946,15:25:02.794,0.96,0.21,0.18
1784586303.2944,15:25:03.294,0.95,0.31,0.06
1784586303.7939,15:25:03.793,0.95,0.31,0.05
1784586304.2937,15:25:04.293,0.95,0.31,0.05
1784586304.7935,15:25:04.793,0.95,0.30,0.08
1784586305.2931,15:25:05.293,0.94,0.32,0.07
1784586305.7936,15:25:05.793,0.95,0.32,0.03
1784586306.2936,15:25:06.293,0.95,0.32,-0.03
1784586306.7932,15:25:06.793,0.94,0.33,-0.04
1784586307.2933,15:25:07.293,0.94,0.32,-0.04
1784586307.7935,15:25:07.793,0.95,0.30,-0.01
1784586308.2931,15:25:08.293,0.95,0.31,0.02
1784586308.793,15:25:08.793,0.95,0.30,0.08
1784586309.2928,15:25:09.292,0.95,0.31,0.11
1784586309.7928,15:25:09.792,0.95,0.29,0.11
1784586310.2923,15:25:10.292,0.96,0.24,0.14
1784586310.7922,15:25:10.792,0.96,0.24,0.16
1784586311.292,15:25:11.292,0.96,0.25,0.14
1784586311.7918,15:25:11.791,0.96,0.26,0.10
1784586312.292,15:25:12.292,0.97,0.23,0.09
1784586312.7916,15:25:12.791,0.97,0.20,0.10
1784586313.2915,15:25:13.291,0.97,0.19,0.12
1784586313.7919,15:25:13.791,0.97,0.19,0.12
1784586314.2911,15:25:14.291,0.97,0.23,0.10
1784586314.7909,15:25:14.790,0.96,0.26,0.12
1784586315.2911,15:25:15.291,0.95,0.29,0.10
1784586315.7903,15:25:15.790,0.94,0.33,0.01
1784586316.2898,15:25:16.289,0.93,0.35,-0.04
1784586316.7904,15:25:16.790,0.94,0.33,-0.03
1784586317.2898,15:25:17.289,0.95,0.32,0.02
1784586317.7891,15:25:17.789,0.96,0.27,0.04
1784586318.2895,15:25:18.289,0.97,0.25,0.07
1784586318.789,15:25:18.789,0.97,0.21,0.12
1784586319.2885,15:25:19.288,0.97,0.22,0.11
1784586319.7885,15:25:19.788,0.90,0.43,-0.07
1784586320.2884,15:25:20.288,0,0,0
1784586320.7882,15:25:20.788,0,0,0
1784586321.2885,15:25:21.288,0,0,0
1784586321.7885,15:25:21.788,0.91,0.40,-0.11
1784586322.2882,15:25:22.288,0.99,0.09,0.05
1784586322.7881,15:25:22.788,1.00,0.06,0.06
1784586323.2881,15:25:23.288,1.00,0.06,0.06
1784586323.7879,15:25:23.787,0,0,0
1784586324.2878,15:25:24.287,0.97,0.22,-0.09
1784586324.7878,15:25:24.787,0.97,0.22,-0.09
1784586325.2877,15:25:25.287,1.00,0.08,0.00
1784586325.7872,15:25:25.787,1.00,0.06,0.01
1784586326.287,15:25:26.287,1.00,0.06,0.01
1784586326.787,15:25:26.787,1.00,0.06,0.04
1784586327.2869,15:25:27.286,0.98,0.19,-0.05
1784586327.7871,15:25:27.787,0.97,0.25,-0.05
1784586328.2869,15:25:28.286,0.97,0.26,-0.02
1784586328.7867,15:25:28.786,0.97,0.23,0.01
1784586329.2869,15:25:29.286,0.97,0.23,0.06
1784586329.7863,15:25:29.786,0.96,0.27,0.03
1784586330.286,15:25:30.286,0.96,0.28,0.02
1784586330.7862,15:25:30.786,0.96,0.29,0.01
1784586331.286,15:25:31.286,0.95,0.30,0.01
1784586331.7857,15:25:31.785,0.95,0.30,0.01
1784586332.2861,15:25:32.286,0.95,0.31,-0.01
1784586332.786,15:25:32.786,0.95,0.30,0.00
1784586333.2853,15:25:33.285,0.95,0.31,-0.01
1784586333.7852,15:25:33.785,0.95,0.31,-0.02
1784586334.2848,15:25:34.284,0.95,0.32,-0.04
1784586334.7845,15:25:34.784,0.76,0.58,-0.30
1784586335.2847,15:25:35.284,0.77,0.58,-0.28
1784586335.7853,15:25:35.785,0,0,0
1784586336.2848,15:25:36.284,0,0,0
1784586336.7844,15:25:36.784,0,0,0
1784586337.2842,15:25:37.284,0.76,0.59,-0.27
1784586337.7835,15:25:37.783,0,0,0
1784586338.2835,15:25:38.283,0,0,0
1784586338.7837,15:25:38.783,0,0,0
1784586339.2832,15:25:39.283,0,0,0
1784586339.7828,15:25:39.782,0,0,0
1784586340.2832,15:25:40.283,0,0,0
1784586340.7827,15:25:40.782,0.90,0.42,-0.11
1784586341.2825,15:25:41.282,0,0,0
1784586341.7825,15:25:41.782,0,0,0
1784586342.2825,15:25:42.282,0,0,0
1784586342.7826,15:25:42.782,0,0,0
1784586343.283,15:25:43.283,0,0,0
1784586343.7826,15:25:43.782,0,0,0
1784586344.2822,15:25:44.282,0,0,0
1784586344.7822,15:25:44.782,0,0,0
1784586345.2817,15:25:45.281,0,0,0
1784586345.7812,15:25:45.781,0,0,0
1784586346.2816,15:25:46.281,0,0,0
1784586346.7812,15:25:46.781,0,0,0
1784586347.2805,15:25:47.280,0,0,0
1784586347.7808,15:25:47.780,0,0,0
1784586348.2802,15:25:48.280,0,0,0
1784586348.7795,15:25:48.779,0,0,0
1784586349.2795,15:25:49.279,0,0,0
1784586349.7795,15:25:49.779,0,0,0
1784586350.2798,15:25:50.279,0,0,0
1784586350.7804,15:25:50.780,0,0,0
1784586351.2807,15:25:51.280,0.82,0.55,-0.19
1784586351.7804,15:25:51.780,0,0,0
1784586352.2802,15:25:52.280,0,0,0
1784586352.7802,15:25:52.780,0,0,0
1784586353.2792,15:25:53.279,0.87,0.47,-0.15
1784586353.7793,15:25:53.779,0.88,0.46,-0.13
1784586354.2793,15:25:54.279,0.82,0.53,-0.21
1784586354.7792,15:25:54.779,0.80,0.56,-0.21
1784586355.279,15:25:55.279,0,0,0
1784586355.7789,15:25:55.778,0,0,0
1784586356.2782,15:25:56.278,0,0,0
1784586356.778,15:25:56.778,0,0,0
1784586357.2782,15:25:57.278,0,0,0
1784586357.7779,15:25:57.777,0,0,0
1784586358.2777,15:25:58.277,0,0,0
1784586358.7777,15:25:58.777,0.88,0.44,-0.16
1784586359.2774,15:25:59.277,0,0,0
1784586359.7766,15:25:59.776,0,0,0
1784586360.2768,15:26:00.276,0,0,0
1784586360.7767,15:26:00.776,0.88,0.45,-0.15
1784586361.2763,15:26:01.276,0,0,0
1784586361.7766,15:26:01.776,0,0,0
1784586362.2766,15:26:02.276,0,0,0
1784586362.7762,15:26:02.776,0,0,0
1784586363.276,15:26:03.276,0.87,0.46,-0.18
1784586363.7759,15:26:03.775,0.87,0.46,-0.17
1784586364.2753,15:26:04.275,0,0,0
1784586364.7751,15:26:04.775,0,0,0
1784586365.2752,15:26:05.275,0,0,0
1784586365.775,15:26:05.775,0,0,0
1784586366.2746,15:26:06.274,0,0,0
1784586366.775,15:26:06.775,0,0,0
1784586367.2743,15:26:07.274,0,0,0
1784586367.7741,15:26:07.774,0,0,0
1784586368.2742,15:26:08.274,0.87,0.45,-0.20
1784586368.7739,15:26:08.773,0.88,0.44,-0.17
1784586369.2737,15:26:09.273,0.88,0.44,-0.17
1784586369.7737,15:26:09.773,0.87,0.46,-0.20
1784586370.273,15:26:10.273,0.81,0.52,-0.28
1784586370.7732,15:26:10.773,0.79,0.54,-0.28
1784586371.2733,15:26:11.273,0.77,0.58,-0.26
1784586371.773,15:26:11.773,0,0,0
1784586372.2728,15:26:12.272,0,0,0
1784586372.773,15:26:12.773,0,0,0
1784586373.2727,15:26:13.272,0.79,0.57,-0.23
1784586373.7721,15:26:13.772,0,0,0
1784586374.2725,15:26:14.272,0,0,0
1784586374.7724,15:26:14.772,0,0,0
1784586375.2718,15:26:15.271,0,0,0
1784586375.772,15:26:15.772,0,0,0
1784586376.2719,15:26:16.271,0,0,0
1784586376.7713,15:26:16.771,0,0,0
1784586377.2716,15:26:17.271,0,0,0
1784586377.7713,15:26:17.771,0,0,0
1784586378.2705,15:26:18.270,0,0,0
1784586378.7705,15:26:18.770,0,0,0
1784586379.2705,15:26:19.270,0,0,0
1784586379.7697,15:26:19.769,0,0,0
1784586380.2697,15:26:20.269,0,0,0
1784586380.77,15:26:20.770,0,0,0
1784586381.2702,15:26:21.270,0,0,0
1784586381.7703,15:26:21.770,0,0,0
1784586382.2706,15:26:22.270,0,0,0
1784586382.77,15:26:22.770,0,0,0
1784586383.2702,15:26:23.270,0,0,0
1784586383.7699,15:26:23.769,0,0,0
1784586384.2697,15:26:24.269,0,0,0
1784586384.7697,15:26:24.769,0,0,0
1784586385.2701,15:26:25.270,0,0,0
1784586385.7699,15:26:25.769,0,0,0
1784586386.2697,15:26:26.269,0.66,0.68,-0.32
1784586386.77,15:26:26.770,0.77,0.59,-0.27
1784586387.2697,15:26:27.269,0.77,0.58,-0.27
1784586387.7691,15:26:27.769,0.76,0.59,-0.29
1784586388.269,15:26:28.269,0.74,0.59,-0.33
1784586388.7686,15:26:28.768,0.95,0.31,-0.05
1784586389.268,15:26:29.268,0.95,0.32,-0.04
1784586389.7683,15:26:29.768,0.96,0.29,-0.01
1784586390.2677,15:26:30.267,0.95,0.30,0.01
1784586390.7673,15:26:30.767,0.95,0.31,0.00
1784586391.2674,15:26:31.267,0.95,0.32,-0.01
1784586391.767,15:26:31.767,0.94,0.34,-0.02
1784586392.2662,15:26:32.266,0.94,0.35,-0.01
1784586392.7667,15:26:32.766,0.93,0.37,-0.02
1784586393.2663,15:26:33.266,0.66,0.67,-0.33
1784586393.7659,15:26:33.765,0,0,0
1784586394.2666,15:26:34.266,0,0,0
1784586394.7658,15:26:34.765,0,0,0
1784586395.2654,15:26:35.265,0,0,0
1784586395.7654,15:26:35.765,0,0,0
1784586396.2653,15:26:36.265,0,0,0
1784586396.7649,15:26:36.764,0,0,0
1784586397.2651,15:26:37.265,0,0,0
1784586397.765,15:26:37.765,0,0,0
1784586398.2646,15:26:38.264,0,0,0
1784586398.7648,15:26:38.764,0,0,0
1784586399.2644,15:26:39.264,0,0,0
1784586399.764,15:26:39.764,0,0,0
1784586400.264,15:26:40.264,0,0,0
1784586400.7641,15:26:40.764,0,0,0
1784586401.2639,15:26:41.263,0,0,0
1784586401.7638,15:26:41.763,0,0,0
1784586402.2638,15:26:42.263,0,0,0
1784586402.7636,15:26:42.763,0.66,0.68,-0.32
1784586403.2632,15:26:43.263,0.68,0.67,-0.31
1784586403.7633,15:26:43.763,0.69,0.66,-0.31
1784586404.2631,15:26:44.263,0.68,0.64,-0.35
1784586404.7625,15:26:44.762,0.66,0.63,-0.41
1784586405.2625,15:26:45.262,0.66,0.61,-0.44
1784586405.762,15:26:45.762,0.66,0.61,-0.45
1784586406.2616,15:26:46.261,0.96,0.27,-0.10
1784586406.7619,15:26:46.761,0.95,0.29,-0.07
1784586407.2619,15:26:47.261,0.66,0.65,-0.38
1784586407.7612,15:26:47.761,0.66,0.65,-0.37
1784586408.2618,15:26:48.261,0.67,0.66,-0.34
1784586408.7612,15:26:48.761,0.77,0.59,-0.23
1784586409.2604,15:26:49.260,0.88,0.46,-0.11
1784586409.7607,15:26:49.760,0.89,0.45,-0.12
1784586410.2607,15:26:50.260,0.98,0.19,0.10
1784586410.7601,15:26:50.760,0.97,0.24,0.05
1784586411.2604,15:26:51.260,0.96,0.27,0.01
1784586411.76,15:26:51.760,0.75,0.59,-0.31
1784586412.2592,15:26:52.259,0,0,0
1784586412.7597,15:26:52.759,0,0,0
1784586413.2595,15:26:53.259,0,0,0
1784586413.7595,15:26:53.759,0,0,0
1784586414.2595,15:26:54.259,0,0,0
1784586414.7594,15:26:54.759,0,0,0
1784586415.259,15:26:55.259,0.75,0.58,-0.30
1784586415.759,15:26:55.759,0.87,0.42,-0.24
1784586416.2593,15:26:56.259,0.94,0.30,-0.16
1784586416.7591,15:26:56.759,0.93,0.31,-0.19
1784586417.2591,15:26:57.259,0.89,0.37,-0.27
1784586417.7596,15:26:57.759,0.82,0.46,-0.35
1784586418.259,15:26:58.259,0.97,0.24,-0.08
1784586418.7584,15:26:58.758,0.96,0.27,-0.10
1784586419.2585,15:26:59.258,0.71,0.59,-0.39
1784586419.7579,15:26:59.757,0.72,0.60,-0.34
1784586420.2573,15:27:00.257,0.76,0.60,-0.25
1784586420.7572,15:27:00.757,0.86,0.48,-0.17
1784586421.257,15:27:01.257,0.87,0.47,-0.17
1784586421.7566,15:27:01.756,0.83,0.50,-0.24
1784586422.2567,15:27:02.256,0.94,0.33,-0.10
1784586422.7565,15:27:02.756,0.91,0.38,-0.14
1784586423.2559,15:27:03.255,0.90,0.40,-0.17
1784586423.756,15:27:03.756,0.87,0.44,-0.21
1784586424.2556,15:27:04.255,0.86,0.46,-0.22
1784586424.7552,15:27:04.755,0.85,0.48,-0.22
1784586425.2561,15:27:05.256,0.85,0.49,-0.18
1784586425.7559,15:27:05.755,0.85,0.50,-0.18
1784586426.2555,15:27:06.255,0.84,0.51,-0.19
1784586426.756,15:27:06.756,0.83,0.51,-0.20
1784586427.256,15:27:07.256,0.84,0.51,-0.20
1784586427.7558,15:27:07.755,0.68,0.65,-0.35
1784586428.2563,15:27:08.256,0,0,0
1784586428.7563,15:27:08.756,0,0,0
1784586429.2557,15:27:09.255,0,0,0
1784586429.7558,15:27:09.755,0,0,0
1784586430.255,15:27:10.255,0,0,0
1784586430.7546,15:27:10.754,0.75,0.59,-0.29
1784586431.2549,15:27:11.254,0,0,0
1784586431.7547,15:27:11.754,0,0,0
1784586432.2543,15:27:12.254,0,0,0
1784586432.7543,15:27:12.754,0,0,0
1784586433.2548,15:27:13.254,0.82,0.53,-0.24
1784586433.7542,15:27:13.754,0.82,0.53,-0.23
1784586434.2534,15:27:14.253,0.80,0.54,-0.25
1784586434.7533,15:27:14.753,0.78,0.56,-0.29
1784586435.2531,15:27:15.253,0.77,0.56,-0.31
1784586435.7532,15:27:15.753,0.77,0.55,-0.33
1784586436.2533,15:27:16.253,0.89,0.42,-0.20
1784586436.753,15:27:16.753,0.87,0.46,-0.19
1784586437.2524,15:27:17.252,0.87,0.46,-0.17
1784586437.7527,15:27:17.752,0.87,0.46,-0.17
1784586438.2521,15:27:18.252,0.85,0.48,-0.20
1784586438.7513,15:27:18.751,0.83,0.51,-0.24
1784586439.2518,15:27:19.251,0.81,0.54,-0.22
1784586439.7512,15:27:19.751,0.83,0.53,-0.19
1784586440.2508,15:27:20.250,0.83,0.52,-0.20
1784586440.7513,15:27:20.751,0.83,0.52,-0.19
1784586441.2515,15:27:21.251,0.85,0.49,-0.19
1784586441.7509,15:27:21.750,0.82,0.52,-0.25
1784586442.251,15:27:22.251,0.80,0.53,-0.28
1784586442.7512,15:27:22.751,0.80,0.52,-0.31
1784586443.251,15:27:23.251,0.81,0.51,-0.29
1784586443.7507,15:27:23.750,0.87,0.45,-0.18
1784586444.2505,15:27:24.250,0.92,0.39,-0.06
1784586444.7499,15:27:24.749,0.96,0.28,0.08
1784586445.2499,15:27:25.249,0.97,0.16,0.21
1784586445.7499,15:27:25.749,0.96,0.11,0.24
1784586446.2497,15:27:26.249,0.97,0.10,0.24
1784586446.7498,15:27:26.749,0.97,0.10,0.23
1784586447.25,15:27:27.250,0.97,0.11,0.22
1784586447.7492,15:27:27.749,0.97,0.15,0.19
1784586448.2494,15:27:28.249,0.97,0.21,0.15
1784586448.7494,15:27:28.749,0.97,0.20,0.14
1784586449.2492,15:27:29.249,0.97,0.20,0.11
1784586449.7487,15:27:29.748,0.96,0.29,0.06
1784586450.2489,15:27:30.248,0.94,0.33,0.01
1784586450.7485,15:27:30.748,0.94,0.33,0.00
1784586451.248,15:27:31.248,0.94,0.33,-0.06
1784586451.748,15:27:31.748,0.94,0.34,-0.06
1784586452.248,15:27:32.248,0.94,0.34,-0.05
1784586452.7473,15:27:32.747,0.94,0.34,0.00
1784586453.2477,15:27:33.247,0.72,0.64,-0.27
1784586453.7471,15:27:33.747,0.72,0.63,-0.27
1784586454.2466,15:27:34.246,0.73,0.61,-0.31
1784586454.7464,15:27:34.746,0.74,0.59,-0.33
1784586455.246,15:27:35.246,0.71,0.61,-0.36
1784586455.7458,15:27:35.745,0.94,0.34,-0.10
1784586456.2464,15:27:36.246,0.92,0.36,-0.15
1784586456.7464,15:27:36.746,0.91,0.38,-0.18
1784586457.2463,15:27:37.246,0.90,0.40,-0.18
1784586457.7462,15:27:37.746,0.90,0.40,-0.16
1784586458.246,15:27:38.246,0.89,0.42,-0.17
1784586458.745,15:27:38.745,0.89,0.42,-0.19
1784586459.2452,15:27:39.245,0.88,0.43,-0.20
1784586459.7454,15:27:39.745,0.87,0.45,-0.21
1784586460.2446,15:27:40.244,0.86,0.46,-0.21
1784586460.7449,15:27:40.744,0.87,0.46,-0.17
1784586461.2451,15:27:41.245,0.91,0.41,-0.05
1784586461.7447,15:27:41.744,0.94,0.35,0.03
1784586462.2448,15:27:42.244,0.94,0.35,0.05
1784586462.7446,15:27:42.744,0.94,0.34,0.05
1784586463.244,15:27:43.244,0.93,0.36,0.02
1784586463.7437,15:27:43.743,0.93,0.36,0.01
1784586464.2433,15:27:44.243,0.78,0.59,-0.22
1784586464.7426,15:27:44.742,0.74,0.62,-0.26
1784586465.2427,15:27:45.242,0.72,0.63,-0.30
1784586465.7431,15:27:45.743,0.68,0.66,-0.32
1784586466.2427,15:27:46.242,0.68,0.66,-0.32
1784586466.7422,15:27:46.742,0.91,0.42,-0.08
1784586467.2426,15:27:47.242,0.91,0.40,-0.11
1784586467.7422,15:27:47.742,0.91,0.38,-0.12
1784586468.2421,15:27:48.242,0.91,0.39,-0.14
1784586468.7423,15:27:48.742,0.91,0.38,-0.14
1784586469.2421,15:27:49.242,0.91,0.38,-0.14
1784586469.7418,15:27:49.741,0.92,0.37,-0.16
1784586470.2422,15:27:50.242,0.91,0.37,-0.16
1784586470.7418,15:27:50.741,0.91,0.39,-0.13
1784586471.2415,15:27:51.241,0.92,0.38,-0.08
1784586471.7419,15:27:51.741,0.93,0.36,-0.01
1784586472.2415,15:27:52.241,0.96,0.27,0.09
1784586472.7412,15:27:52.741,0.96,0.24,0.10
1784586473.2412,15:27:53.241,0.97,0.24,0.08
1784586473.7414,15:27:53.741,0.96,0.27,0.03
1784586474.2409,15:27:54.240,0.95,0.33,-0.03
1784586474.7413,15:27:54.741,0.93,0.36,-0.06
1784586475.2409,15:27:55.240,0.90,0.42,-0.10
1784586475.7407,15:27:55.740,0.65,0.67,-0.35
1784586476.2408,15:27:56.240,0.65,0.68,-0.35
1784586476.7404,15:27:56.740,0.64,0.67,-0.37
1784586477.24,15:27:57.240,0.69,0.63,-0.35
1784586477.7401,15:27:57.740,0.74,0.56,-0.38
1784586478.2399,15:27:58.239,0.75,0.55,-0.37
1784586478.7397,15:27:58.739,0.75,0.54,-0.37
1784586479.2393,15:27:59.239,0.78,0.53,-0.33
1784586479.7393,15:27:59.739,0.78,0.54,-0.33
1784586480.2387,15:28:00.238,0.76,0.54,-0.36
1784586480.7384,15:28:00.738,0.73,0.57,-0.38
1784586481.2386,15:28:01.238,0.92,0.37,-0.17
1784586481.7386,15:28:01.738,0.91,0.38,-0.15
1784586482.2383,15:28:02.238,0.91,0.39,-0.14
1784586482.7387,15:28:02.738,0.90,0.42,-0.12
1784586483.2385,15:28:03.238,0.89,0.44,-0.10
1784586483.7384,15:28:03.738,0.90,0.42,-0.09
1784586484.2382,15:28:04.238,0.91,0.41,-0.08
1784586484.7375,15:28:04.737,0.71,0.62,-0.32
1784586485.237,15:28:05.237,0.71,0.62,-0.32
1784586485.7371,15:28:05.737,0.72,0.62,-0.33
1784586486.2371,15:28:06.237,0.72,0.62,-0.30
1784586486.7367,15:28:06.736,0.72,0.62,-0.31
1784586487.2371,15:28:07.237,0.91,0.41,-0.07
1784586487.7371,15:28:07.737,0.92,0.39,-0.10
1784586488.237,15:28:08.237,0.93,0.37,-0.08
1784586488.7366,15:28:08.736,0.95,0.31,-0.02
1784586489.2367,15:28:09.236,0.95,0.31,-0.03
1784586489.7366,15:28:09.736,0.94,0.32,-0.06
1784586490.2368,15:28:10.236,0.92,0.37,-0.14
1784586490.7364,15:28:10.736,0.90,0.40,-0.18
1784586491.2365,15:28:11.236,0.88,0.43,-0.20
1784586491.7361,15:28:11.736,0.87,0.46,-0.18
1784586492.2357,15:28:12.235,0.87,0.47,-0.12
1784586492.7352,15:28:12.735,0.89,0.46,-0.08
1784586493.2352,15:28:13.235,0.71,0.65,-0.26
1784586493.735,15:28:13.735,0.77,0.61,-0.21
1784586494.2345,15:28:14.234,0.76,0.61,-0.22
1784586494.7339,15:28:14.733,0.77,0.60,-0.22
1784586495.2339,15:28:15.233,0.75,0.62,-0.23
1784586495.7332,15:28:15.733,0.92,0.39,0.00
1784586496.2326,15:28:16.232,0.93,0.36,-0.02
1784586496.7328,15:28:16.732,0.95,0.31,-0.01
1784586497.2325,15:28:17.232,0.96,0.29,0.00
1784586497.7325,15:28:17.732,0.97,0.26,0.00
1784586498.2328,15:28:18.232,0.97,0.26,-0.01
1784586498.7327,15:28:18.732,0.68,0.64,-0.35
1784586499.2321,15:28:19.232,0.69,0.64,-0.34
1784586499.7319,15:28:19.731,0.72,0.62,-0.30
1784586500.2319,15:28:20.231,0.76,0.60,-0.26
1784586500.7316,15:28:20.731,0.76,0.61,-0.24
1784586501.2316,15:28:21.231,0.75,0.62,-0.24
1784586501.7314,15:28:21.731,0.81,0.55,-0.21
1784586502.2305,15:28:22.230,0.93,0.35,-0.14
1784586502.7305,15:28:22.730,0.92,0.36,-0.18
1784586503.2309,15:28:23.230,0.92,0.34,-0.18
1784586503.7306,15:28:23.730,0.92,0.37,-0.14
1784586504.231,15:28:24.231,0.91,0.39,-0.13
1784586504.731,15:28:24.731,0.98,0.17,0.09
1784586505.2305,15:28:25.230,0.97,0.23,0.04
1784586505.7307,15:28:25.730,0.97,0.25,0.01
1784586506.2307,15:28:26.230,0.96,0.29,-0.04
1784586506.7302,15:28:26.730,0.95,0.30,-0.04
1784586507.2301,15:28:27.230,0.95,0.32,-0.04
1784586507.7301,15:28:27.730,0.94,0.34,-0.05
1784586508.23,15:28:28.230,0.94,0.34,-0.07
1784586508.7302,15:28:28.730,0.93,0.37,-0.09
1784586509.2302,15:28:29.230,0.92,0.37,-0.10
1784586509.7302,15:28:29.730,0.92,0.39,-0.08
1784586510.2302,15:28:30.230,0.92,0.39,-0.08
1784586510.73,15:28:30.730,0.92,0.38,-0.11
1784586511.2297,15:28:31.229,0.92,0.37,-0.11
1784586511.7293,15:28:31.729,0.92,0.37,-0.12
1784586512.2295,15:28:32.229,0.94,0.34,-0.06
1784586512.7293,15:28:32.729,0.93,0.36,-0.06
1784586513.2291,15:28:33.229,0.90,0.41,-0.12
1784586513.729,15:28:33.729,0.89,0.44,-0.13
1784586514.2287,15:28:34.228,0.88,0.46,-0.13
1784586514.7275,15:28:34.727,0.86,0.49,-0.14
1784586515.2279,15:28:35.227,0.82,0.54,-0.18
1784586515.728,15:28:35.728,0.79,0.56,-0.24
1784586516.227,15:28:36.227,0.65,0.65,-0.38
1784586516.7276,15:28:36.727,0.65,0.65,-0.38
1784586517.228,15:28:37.228,0.64,0.65,-0.40
1784586517.7272,15:28:37.727,0.66,0.64,-0.39
1784586518.2274,15:28:38.227,0.65,0.65,-0.39
1784586518.7271,15:28:38.727,0.77,0.57,-0.28
1784586519.2267,15:28:39.226,0.77,0.58,-0.28
1784586519.7273,15:28:39.727,0.77,0.57,-0.27
1784586520.2272,15:28:40.227,0.77,0.57,-0.28
1784586520.7268,15:28:40.726,0.76,0.58,-0.28
1784586521.2268,15:28:41.226,0.77,0.58,-0.27
1784586521.7267,15:28:41.726,0.79,0.58,-0.21
1784586522.2259,15:28:42.225,0.65,0.69,-0.33
1784586522.7259,15:28:42.725,0.66,0.65,-0.36
1784586523.226,15:28:43.226,0.66,0.65,-0.36
1784586523.7254,15:28:43.725,0.70,0.65,-0.31
1784586524.2252,15:28:44.225,0.70,0.65,-0.31
1784586524.7255,15:28:44.725,0.82,0.54,-0.19
1784586525.2247,15:28:45.224,0.83,0.52,-0.20
1784586525.7243,15:28:45.724,0.83,0.52,-0.22
1784586526.2242,15:28:46.224,0.83,0.51,-0.23
1784586526.7242,15:28:46.724,0.82,0.51,-0.26
1784586527.2234,15:28:47.223,0.83,0.49,-0.26
1784586527.7235,15:28:47.723,0.84,0.48,-0.26
1784586528.2236,15:28:48.223,0.90,0.40,-0.15
1784586528.723,15:28:48.723,0.94,0.32,-0.06
1784586529.2231,15:28:49.223,0.96,0.29,-0.06
1784586529.7229,15:28:49.722,0.96,0.29,-0.06
1784586530.2231,15:28:50.223,0.96,0.29,-0.02
1784586530.7234,15:28:50.723,0.95,0.31,-0.03
1784586531.2236,15:28:51.223,0.95,0.32,-0.01
1784586531.7232,15:28:51.723,0.94,0.34,0.00
1784586532.2231,15:28:52.223,0.90,0.42,-0.06
1784586532.7227,15:28:52.722,0.85,0.50,-0.16
1784586533.2221,15:28:53.222,0.85,0.50,-0.15
1784586533.7222,15:28:53.722,0.82,0.54,-0.18
1784586534.222,15:28:54.222,0.82,0.55,-0.15
1784586534.7216,15:28:54.721,0,0,0
1784586535.2221,15:28:55.222,0,0,0
1784586535.7221,15:28:55.722,0,0,0
1784586536.2217,15:28:56.221,0,0,0
1784586536.7218,15:28:56.721,0,0,0
1784586537.2218,15:28:57.221,0,0,0
1784586537.7216,15:28:57.721,0,0,0
1784586538.2213,15:28:58.221,0,0,0
1784586538.7211,15:28:58.721,0,0,0
1784586539.2205,15:28:59.220,0,0,0
1784586539.7202,15:28:59.720,0,0,0
1784586540.22,15:29:00.220,0,0,0
1784586540.7195,15:29:00.719,0,0,0
1784586541.2192,15:29:01.219,0,0,0
1784586541.7191,15:29:01.719,0,0,0
1784586542.2187,15:29:02.218,0,0,0
1784586542.7181,15:29:02.718,0,0,0
1784586543.2184,15:29:03.218,0.71,0.66,-0.24
1784586543.7183,15:29:03.718,0.69,0.67,-0.26
1784586544.2175,15:29:04.217,0.67,0.67,-0.32
1784586544.7176,15:29:04.717,0.67,0.65,-0.36
1784586545.218,15:29:05.218,0.69,0.63,-0.35
1784586545.7176,15:29:05.717,0.70,0.63,-0.35
1784586546.2185,15:29:06.218,0.72,0.61,-0.32
1784586546.7185,15:29:06.718,0.76,0.59,-0.29
1784586547.2183,15:29:07.218,0.76,0.58,-0.30
1784586547.7184,15:29:07.718,0.85,0.51,-0.13
1784586548.2181,15:29:08.218,0.93,0.37,-0.02
1784586548.7177,15:29:08.717,0.93,0.36,-0.03
1784586549.218,15:29:09.218,0.91,0.41,-0.07
1784586549.7174,15:29:09.717,0.89,0.44,-0.09
1784586550.2169,15:29:10.216,0.90,0.42,-0.08
1784586550.7168,15:29:10.716,0.91,0.41,-0.09
1784586551.2168,15:29:11.216,0.90,0.43,-0.11
1784586551.716,15:29:11.716,0.86,0.48,-0.17
1784586552.2157,15:29:12.215,0.83,0.52,-0.19
1784586552.7157,15:29:12.715,0.82,0.53,-0.20
1784586553.2157,15:29:13.215,0.82,0.53,-0.20
1784586553.7158,15:29:13.715,0.86,0.49,-0.15
1784586554.2157,15:29:14.215,0.88,0.47,-0.13
1784586554.7159,15:29:14.715,0.85,0.50,-0.15
1784586555.2154,15:29:15.215,0.83,0.53,-0.18
1784586555.7156,15:29:15.715,0.77,0.58,-0.24
1784586556.2149,15:29:16.214,0.97,0.25,0.07
1784586556.7146,15:29:16.714,0.96,0.25,0.08
1784586557.2144,15:29:17.214,0.97,0.21,0.13
1784586557.7138,15:29:17.713,0.97,0.21,0.13
1784586558.2139,15:29:18.213,0.97,0.24,0.09
1784586558.7143,15:29:18.714,0.97,0.25,0.07
1784586559.2137,15:29:19.213,0.96,0.27,0.08
1784586559.7134,15:29:19.713,0,0,0
1784586560.2136,15:29:20.213,0,0,0
1784586560.7132,15:29:20.713,0,0,0
1784586561.2124,15:29:21.212,0,0,0
1784586561.7128,15:29:21.712,0,0,0
1784586562.2127,15:29:22.212,0,0,0
1784586562.7125,15:29:22.712,0,0,0
1784586563.2126,15:29:23.212,0,0,0
1784586563.713,15:29:23.713,0,0,0
1784586564.2126,15:29:24.212,0,0,0
1784586564.7129,15:29:24.712,0,0,0
1784586565.2133,15:29:25.213,0,0,0
1784586565.7126,15:29:25.712,0.81,0.56,-0.19
1784586566.2125,15:29:26.212,0.85,0.48,-0.21
1784586566.7123,15:29:26.712,0.84,0.48,-0.23
1784586567.2113,15:29:27.211,0.81,0.52,-0.26
1784586567.7112,15:29:27.711,0.75,0.58,-0.31
1784586568.2114,15:29:28.211,0.75,0.59,-0.31
1784586568.7106,15:29:28.710,0.75,0.59,-0.31
1784586569.2107,15:29:29.210,0.84,0.52,-0.18
1784586569.7107,15:29:29.710,0.84,0.53,-0.13
1784586570.2105,15:29:30.210,0.80,0.57,-0.16
1784586570.7102,15:29:30.710,0.78,0.60,-0.17
1784586571.21,15:29:31.210,0.78,0.60,-0.17
1784586571.7094,15:29:31.709,0.95,0.30,0.10
1784586572.2095,15:29:32.209,0.95,0.32,0.06
1784586572.7097,15:29:32.709,0.95,0.32,0.03
1784586573.2095,15:29:33.209,0.94,0.34,0.00
1784586573.7094,15:29:33.709,0.93,0.36,-0.06
1784586574.2094,15:29:34.209,0.66,0.65,-0.37
1784586574.7092,15:29:34.709,0,0,0
1784586575.2087,15:29:35.208,0,0,0
1784586575.7091,15:29:35.709,0,0,0
1784586576.2085,15:29:36.208,0,0,0
1784586576.7078,15:29:36.707,0,0,0
1784586577.208,15:29:37.208,0,0,0
1784586577.708,15:29:37.708,0,0,0
1784586578.2077,15:29:38.207,0,0,0
1784586578.7076,15:29:38.707,0,0,0
1784586579.2074,15:29:39.207,0,0,0
1784586579.7073,15:29:39.707,0,0,0
1784586580.2071,15:29:40.207,0,0,0
1784586580.7073,15:29:40.707,0.69,0.63,-0.36
1784586581.207,15:29:41.207,0,0,0
1784586581.7068,15:29:41.706,0.71,0.63,-0.32
1784586582.2067,15:29:42.206,0.76,0.58,-0.29
1784586582.7062,15:29:42.706,0.81,0.53,-0.23
1784586583.2058,15:29:43.205,0.82,0.52,-0.23
1784586583.7056,15:29:43.705,0.81,0.52,-0.28
1784586584.2051,15:29:44.205,0.74,0.58,-0.35
1784586584.7049,15:29:44.704,0.72,0.60,-0.35
1784586585.2054,15:29:45.205,0.73,0.59,-0.34
1784586585.7051,15:29:45.705,0.74,0.60,-0.29
1784586586.2045,15:29:46.204,0.78,0.58,-0.25
1784586586.7049,15:29:46.704,0.85,0.49,-0.18
1784586587.2052,15:29:47.205,0.93,0.37,-0.10
1784586587.7047,15:29:47.704,0.92,0.37,-0.11
1784586588.2051,15:29:48.205,0.98,0.14,0.11
1784586588.7052,15:29:48.705,0.98,0.21,0.06
1784586589.2051,15:29:49.205,0.97,0.25,0.05
1784586589.7049,15:29:49.704,0.96,0.28,0.01
1784586590.2045,15:29:50.204,0.96,0.28,0.01
1784586590.704,15:29:50.704,0.72,0.61,-0.33
1784586591.2044,15:29:51.204,0,0,0
1784586591.7044,15:29:51.704,0,0,0
1784586592.2043,15:29:52.204,0,0,0
1784586592.7045,15:29:52.704,0,0,0
1784586593.2049,15:29:53.204,0.72,0.59,-0.36
1784586593.7044,15:29:53.704,0.96,0.27,-0.12
1784586594.2038,15:29:54.203,0.95,0.27,-0.13
1784586594.7038,15:29:54.703,0.93,0.31,-0.17
1784586595.2029,15:29:55.202,0.94,0.29,-0.20
1784586595.7027,15:29:55.702,0.94,0.27,-0.19
1784586596.2025,15:29:56.202,0.86,0.40,-0.31
1784586596.7022,15:29:56.702,0.82,0.46,-0.35
1784586597.2022,15:29:57.202,0.98,0.21,-0.06
1784586597.7022,15:29:57.702,0.98,0.19,-0.01
1784586598.2017,15:29:58.201,0.88,0.44,-0.19
1784586598.7017,15:29:58.701,0.91,0.40,-0.08
1784586599.2017,15:29:59.201,0,0,0
1784586599.701,15:29:59.701,0.93,0.35,-0.04
1784586600.2008,15:30:00.200,0,0,0
1784586600.701,15:30:00.701,0,0,0
1784586601.2012,15:30:01.201,0.97,0.23,0.03
1784586601.7012,15:30:01.701,0.97,0.22,0.05
1784586602.201,15:30:02.201,0.98,0.13,0.11
1784586602.7005,15:30:02.700,0.98,0.13,0.12
1784586603.2002,15:30:03.200,0.99,0.12,0.12
1784586603.7008,15:30:03.700,0.98,0.15,0.10
1784586604.1999,15:30:04.199,0.97,-0.01,0.24
1784586604.6999,15:30:04.699,0.97,-0.01,0.25
1784586605.2001,15:30:05.200,0.97,0.00,0.24
1784586605.6998,15:30:05.699,0.97,0.04,0.22
1784586606.1993,15:30:06.199,0.98,0.13,0.12
1784586606.6995,15:30:06.699,0.98,0.20,0.05
1784586607.1996,15:30:07.199,0.95,0.32,-0.04
1784586607.699,15:30:07.699,0.92,0.39,-0.08
1784586608.1992,15:30:08.199,0.89,0.46,-0.06
1784586608.6995,15:30:08.699,0.86,0.51,-0.08
1784586609.1991,15:30:09.199,0.85,0.51,-0.07
1784586609.6985,15:30:09.698,0.85,0.51,-0.07
1784586610.1988,15:30:10.198,0.89,0.45,-0.01
1784586610.6978,15:30:10.697,0.93,0.36,0.04
1784586611.1976,15:30:11.197,0.95,0.31,0.08
1784586611.6973,15:30:11.697,0.97,0.22,0.14
1784586612.1965,15:30:12.196,0.97,0.19,0.15
1784586612.6967,15:30:12.696,0.97,0.17,0.19
1784586613.197,15:30:13.197,0.97,0.15,0.20
1784586613.6962,15:30:13.696,0.97,0.16,0.19
1784586614.1963,15:30:14.196,0.98,0.14,0.15
1784586614.696,15:30:14.696,0.98,0.17,0.11
1784586615.1954,15:30:15.195,0.98,0.20,0.08
1784586615.695,15:30:15.695,0.96,0.26,0.03
1784586616.1954,15:30:16.195,0.94,0.34,-0.05
1784586616.6951,15:30:16.695,0.92,0.38,-0.11
1784586617.1953,15:30:17.195,0.92,0.37,-0.13
1784586617.6953,15:30:17.695,0.91,0.38,-0.14
1784586618.1948,15:30:18.194,0.91,0.39,-0.12
1784586618.6946,15:30:18.694,0.70,0.62,-0.35
1784586619.1946,15:30:19.194,0.72,0.60,-0.34
1784586619.6953,15:30:19.695,0.72,0.61,-0.33
1784586620.1947,15:30:20.194,0.68,0.65,-0.35
1784586620.6945,15:30:20.694,0.69,0.65,-0.32
1784586621.1942,15:30:21.194,0.90,0.43,-0.08
1784586621.6938,15:30:21.693,0.89,0.43,-0.12
1784586622.1942,15:30:22.194,0.89,0.43,-0.14
1784586622.6941,15:30:22.694,0.88,0.45,-0.16
1784586623.1937,15:30:23.193,0.86,0.47,-0.21
1784586623.6943,15:30:23.694,0.84,0.46,-0.27
1784586624.1942,15:30:24.194,0.80,0.51,-0.33
1784586624.6938,15:30:24.693,0.76,0.54,-0.37
1784586625.1942,15:30:25.194,0.74,0.55,-0.39
1784586625.6949,15:30:25.694,0.72,0.56,-0.40
1784586626.1939,15:30:26.193,0.81,0.50,-0.30
1784586626.6937,15:30:26.693,0.81,0.51,-0.27
1784586627.1934,15:30:27.193,0.83,0.50,-0.25
1784586627.6924,15:30:27.692,0.83,0.51,-0.24
1784586628.1926,15:30:28.192,0.86,0.47,-0.19
1784586628.6929,15:30:28.692,0.93,0.36,-0.09
1784586629.1917,15:30:29.191,0.94,0.33,-0.06
1784586629.6917,15:30:29.691,0.88,0.44,-0.18
1784586630.1914,15:30:30.191,0.83,0.51,-0.24
1784586630.6909,15:30:30.690,0.79,0.55,-0.27
1784586631.1911,15:30:31.191,0.80,0.56,-0.22
1784586631.6912,15:30:31.691,0.80,0.56,-0.21
1784586632.191,15:30:32.191,0.90,0.42,-0.10
1784586632.691,15:30:32.691,0.89,0.43,-0.14
1784586633.1913,15:30:33.191,0.89,0.44,-0.14
1784586633.6909,15:30:33.690,0.89,0.44,-0.14
1784586634.1909,15:30:34.190,0.90,0.41,-0.13
1784586634.6906,15:30:34.690,0.92,0.38,-0.10
1784586635.1902,15:30:35.190,0.93,0.36,-0.09
1784586635.69,15:30:35.690,0.93,0.35,-0.10
1784586636.1901,15:30:36.190,0.94,0.33,-0.08
1784586636.6899,15:30:36.689,0.94,0.32,-0.06
1784586637.1894,15:30:37.189,0.95,0.31,-0.06
1784586637.6897,15:30:37.689,0.94,0.33,-0.07
1784586638.1893,15:30:38.189,0.93,0.35,-0.11
1784586638.6887,15:30:38.688,0.92,0.37,-0.12
1784586639.1886,15:30:39.188,0.92,0.38,-0.10
1784586639.6886,15:30:39.688,0.94,0.35,-0.02
1784586640.1884,15:30:40.188,0.96,0.28,0.06
1784586640.6887,15:30:40.688,0.97,0.25,0.07
1784586641.1885,15:30:41.188,0.97,0.24,0.09
1784586641.6877,15:30:41.687,0.97,0.22,0.07
1784586642.1878,15:30:42.187,0.98,0.21,0.05
1784586642.6872,15:30:42.687,0.97,0.23,0.01
1784586643.1866,15:30:43.186,0.94,0.34,-0.10
1784586643.6869,15:30:43.686,0.89,0.40,-0.20
1784586644.1873,15:30:44.187,0.86,0.44,-0.24
1784586644.6865,15:30:44.686,0.86,0.45,-0.26
1784586645.1866,15:30:45.186,0.72,0.60,-0.36
1784586645.6866,15:30:45.686,0,0,0
1784586646.1856,15:30:46.185,0.72,0.59,-0.36
1784586646.6859,15:30:46.685,0.72,0.60,-0.36
1784586647.1861,15:30:47.186,0.72,0.60,-0.36
1784586647.6853,15:30:47.685,0.71,0.62,-0.34
1784586648.1851,15:30:48.185,0.72,0.61,-0.33
1784586648.6856,15:30:48.685,0.72,0.60,-0.34
1784586649.1858,15:30:49.185,0.74,0.59,-0.33
1784586649.6856,15:30:49.685,0.87,0.46,-0.18
1784586650.1861,15:30:50.186,0.87,0.46,-0.17
1784586650.6857,15:30:50.685,0.87,0.47,-0.16
1784586651.1851,15:30:51.185,0.90,0.41,-0.10
1784586651.6854,15:30:51.685,0.92,0.38,-0.06
1784586652.1849,15:30:52.184,0.95,0.31,0.00
1784586652.6845,15:30:52.684,0.97,0.23,0.09
1784586653.1846,15:30:53.184,0.97,0.18,0.15
1784586653.6845,15:30:53.684,0.97,0.16,0.18
1784586654.1841,15:30:54.184,0.96,0.19,0.20
1784586654.6844,15:30:54.684,0.96,0.19,0.20
1784586655.1839,15:30:55.183,0.96,0.18,0.21
1784586655.6831,15:30:55.683,0.96,0.13,0.24
1784586656.1834,15:30:56.183,0.96,0.12,0.23
1784586656.683,15:30:56.683,0.97,0.13,0.22
1784586657.1822,15:30:57.182,0.96,0.17,0.21
1784586657.6825,15:30:57.682,0.96,0.26,0.14
1784586658.1822,15:30:58.182,0.95,0.31,0.09
1784586658.6814,15:30:58.681,0.94,0.34,0.02
1784586659.1819,15:30:59.181,0.93,0.36,0.01
1784586659.6817,15:30:59.681,0.93,0.36,0.02
1784586660.1811,15:31:00.181,0.95,0.31,0.07
1784586660.6814,15:31:00.681,0.96,0.22,0.15
1784586661.181,15:31:01.181,0.96,0.21,0.16
1784586661.6806,15:31:01.680,0.97,0.20,0.16
1784586662.1802,15:31:02.180,0.97,0.19,0.18
1784586662.6804,15:31:02.680,0.96,0.17,0.20
1784586663.1798,15:31:03.179,0.96,0.16,0.21
1784586663.6799,15:31:03.679,0.97,0.15,0.20
1784586664.1799,15:31:04.179,0.97,0.13,0.22
1784586664.6795,15:31:04.679,0.97,0.08,0.25
1784586665.1796,15:31:05.179,0.97,0.09,0.24
1784586665.6796,15:31:05.679,0.93,0.36,-0.01
1784586666.1798,15:31:06.179,0.90,0.43,-0.10
1784586666.6796,15:31:06.679,0.80,0.55,-0.25
1784586667.1801,15:31:07.180,0.71,0.61,-0.34
1784586667.6801,15:31:07.680,0.68,0.63,-0.37
1784586668.1799,15:31:08.179,0.97,0.26,-0.01
1784586668.6801,15:31:08.680,0.97,0.24,0.02
1784586669.1797,15:31:09.179,0.98,0.20,0.06
1784586669.6793,15:31:09.679,0.97,0.16,0.16
1784586670.1794,15:31:10.179,0.97,0.11,0.23
1784586670.6791,15:31:10.679,0.96,0.07,0.26
1784586671.1783,15:31:11.178,0.97,0.08,0.23
1784586671.6786,15:31:11.678,0.97,0.09,0.21
1784586672.1784,15:31:12.178,0.97,0.14,0.17
1784586672.6778,15:31:12.677,0.97,0.18,0.13
1784586673.1781,15:31:13.178,0.97,0.21,0.11
1784586673.6779,15:31:13.677,0.97,0.23,0.07
1784586674.1775,15:31:14.177,0.96,0.29,-0.01
1784586674.6774,15:31:14.677,0.95,0.31,-0.06
1784586675.1771,15:31:15.177,0.95,0.31,-0.07
1784586675.6767,15:31:15.676,0.95,0.30,-0.09
1784586676.1764,15:31:16.176,0.92,0.36,-0.15
1784586676.6766,15:31:16.676,0.92,0.36,-0.11
1784586677.1762,15:31:17.176,0.94,0.33,-0.04
1784586677.6761,15:31:17.676,0.95,0.31,0.03
1784586678.1763,15:31:18.176,0.96,0.26,0.06
1784586678.6757,15:31:18.675,0.97,0.21,0.08
1784586679.1754,15:31:19.175,0.98,0.21,0.05
1784586679.6758,15:31:19.675,0.97,0.26,0.02
1784586680.1753,15:31:20.175,0.96,0.28,0.00
1784586680.6751,15:31:20.675,0.95,0.30,0.00
1784586681.1756,15:31:21.175,0.94,0.34,-0.02
1784586681.6755,15:31:21.675,0.94,0.33,-0.01
1784586682.1751,15:31:22.175,0.93,0.37,-0.03
1784586682.6754,15:31:22.675,0.94,0.35,-0.01
1784586683.1755,15:31:23.175,0,0,0
1784586683.6751,15:31:23.675,0,0,0
1784586684.1752,15:31:24.175,0,0,0
1784586684.6746,15:31:24.674,0.81,0.54,-0.22
1784586685.1736,15:31:25.173,0.87,0.46,-0.17
1784586685.6735,15:31:25.673,0.92,0.38,-0.10
1784586686.1733,15:31:26.173,0.94,0.35,-0.07
1784586686.6727,15:31:26.672,0.98,0.17,0.11
1784586687.1732,15:31:27.173,0.98,0.18,0.11
1784586687.6728,15:31:27.672,0.98,0.19,0.10
1784586688.1722,15:31:28.172,0.96,0.27,0.04
1784586688.6723,15:31:28.672,0.95,0.31,0.01
1784586689.1723,15:31:29.172,0.95,0.32,0.01
1784586689.6719,15:31:29.671,0.95,0.31,-0.01
1784586690.1719,15:31:30.171,0.95,0.30,-0.01
1784586690.6721,15:31:30.672,0.96,0.29,-0.01
1784586691.1717,15:31:31.171,0.95,0.32,-0.03
1784586691.672,15:31:31.672,0.95,0.32,-0.02
1784586692.172,15:31:32.172,0.95,0.30,0.01
1784586692.6716,15:31:32.671,0.94,0.33,-0.02
1784586693.1711,15:31:33.171,0.92,0.38,-0.07
1784586693.6713,15:31:33.671,0.90,0.42,-0.11
1784586694.1707,15:31:34.170,0.87,0.47,-0.16
1784586694.6704,15:31:34.670,0.88,0.45,-0.16
1784586695.1708,15:31:35.170,0.88,0.45,-0.15
1784586695.67,15:31:35.670,0.89,0.43,-0.13
1784586696.1701,15:31:36.170,0.90,0.42,-0.13
1784586696.6707,15:31:36.670,0.90,0.41,-0.12
1784586697.1704,15:31:37.170,0.90,0.42,-0.09
1784586697.6703,15:31:37.670,0.91,0.41,-0.09
1784586698.1705,15:31:38.170,0.92,0.38,-0.11
1784586698.6699,15:31:38.669,0.91,0.39,-0.12
1784586699.1698,15:31:39.169,0.89,0.44,-0.09
1784586699.6696,15:31:39.669,0.87,0.48,-0.12
1784586700.169,15:31:40.169,0.85,0.51,-0.15
1784586700.6684,15:31:40.668,0.84,0.51,-0.19
1784586701.1688,15:31:41.168,0.83,0.52,-0.19
1784586701.6686,15:31:41.668,0.84,0.51,-0.19
1784586702.168,15:31:42.168,0.84,0.51,-0.20
1784586702.6679,15:31:42.667,0.83,0.52,-0.21
1784586703.1681,15:31:43.168,0.84,0.51,-0.20
1784586703.6673,15:31:43.667,0.85,0.51,-0.12
1784586704.1672,15:31:44.167,0.86,0.51,-0.05
1784586704.6672,15:31:44.667,0.85,0.52,-0.07
1784586705.167,15:31:45.167,0.85,0.51,-0.10
1784586705.6673,15:31:45.667,0.82,0.54,-0.16
1784586706.1677,15:31:46.167,0.68,0.67,-0.30
1784586706.6671,15:31:46.667,0.66,0.68,-0.32
1784586707.1669,15:31:47.166,0.65,0.68,-0.33
1784586707.6673,15:31:47.667,0.64,0.68,-0.35
1784586708.1669,15:31:48.166,0.65,0.68,-0.35
1784586708.6669,15:31:48.666,0.68,0.68,-0.28
1784586709.1673,15:31:49.167,0.72,0.64,-0.27
1784586709.6663,15:31:49.666,0.72,0.63,-0.29
1784586710.1662,15:31:50.166,0.74,0.60,-0.29
1784586710.6667,15:31:50.666,0.77,0.57,-0.27
1784586711.1661,15:31:51.166,0.79,0.56,-0.25
1784586711.6658,15:31:51.665,0.79,0.56,-0.25
1784586712.166,15:31:52.166,0.76,0.57,-0.29
1784586712.6656,15:31:52.665,0.76,0.57,-0.32
1784586713.1653,15:31:53.165,0.83,0.49,-0.25
1784586713.6657,15:31:53.665,0.84,0.48,-0.25
1784586714.1655,15:31:54.165,0.83,0.50,-0.27
1784586714.665,15:31:54.665,0.81,0.51,-0.28
1784586715.1652,15:31:55.165,0.79,0.53,-0.30
1784586715.6648,15:31:55.664,0.77,0.55,-0.31
1784586716.1642,15:31:56.164,0.75,0.57,-0.32
1784586716.6643,15:31:56.664,0.72,0.60,-0.34
1784586717.1637,15:31:57.163,0.96,0.27,0.00
1784586717.6632,15:31:57.663,0.96,0.29,-0.02
1784586718.1633,15:31:58.163,0.93,0.35,-0.08
1784586718.6631,15:31:58.663,0.93,0.36,-0.12
1784586719.1627,15:31:59.162,0.93,0.35,-0.12
1784586719.6626,15:31:59.662,0.93,0.34,-0.11
1784586720.163,15:32:00.163,0.68,0.64,-0.36
1784586720.6626,15:32:00.662,0.67,0.65,-0.36
1784586721.1627,15:32:01.162,0.68,0.64,-0.34
1784586721.6629,15:32:01.662,0.68,0.64,-0.35
1784586722.1619,15:32:02.161,0.70,0.63,-0.34
1784586722.662,15:32:02.662,0.72,0.63,-0.29
1784586723.1621,15:32:03.162,0.73,0.63,-0.27
1784586723.6619,15:32:03.661,0.73,0.63,-0.27
1784586724.1622,15:32:04.162,0.70,0.64,-0.32
1784586724.662,15:32:04.662,0.68,0.64,-0.36
1784586725.1613,15:32:05.161,0.96,0.29,-0.02
1784586725.6612,15:32:05.661,0.95,0.32,0.03
1784586726.1614,15:32:06.161,0.93,0.35,0.05
1784586726.6608,15:32:06.660,0.93,0.35,0.07
1784586727.1607,15:32:07.160,0.93,0.36,0.06
1784586727.6613,15:32:07.661,0.92,0.39,0.04
1784586728.1609,15:32:08.160,0.91,0.41,0.00
1784586728.6604,15:32:08.660,0.91,0.41,-0.03
1784586729.1603,15:32:09.160,0.90,0.42,-0.09
1784586729.6597,15:32:09.659,0.90,0.42,-0.10
1784586730.159,15:32:10.159,0.91,0.41,-0.05
1784586730.659,15:32:10.659,0.94,0.34,0.06
1784586731.1594,15:32:11.159,0.96,0.21,0.17
1784586731.6586,15:32:11.658,0.96,0.19,0.21
1784586732.1589,15:32:12.158,0.96,0.19,0.21
1784586732.6589,15:32:12.658,0.97,0.18,0.19
1784586733.1583,15:32:13.158,0.97,0.21,0.14
1784586733.6586,15:32:13.658,0.96,0.28,0.05
1784586734.1582,15:32:14.158,0.94,0.33,-0.02
1784586734.6582,15:32:14.658,0.95,0.30,0.01
1784586735.1582,15:32:15.158,0.96,0.27,0.03
1784586735.6586,15:32:15.658,0.97,0.22,0.07
1784586736.1576,15:32:16.157,0.98,0.16,0.10
1784586736.6577,15:32:16.657,0.98,0.14,0.15
1784586737.1575,15:32:17.157,0.98,0.17,0.14
1784586737.6569,15:32:17.656,0.97,0.22,0.12
1784586738.1566,15:32:18.156,0.96,0.28,0.07
1784586738.6572,15:32:18.657,0.94,0.34,-0.01
1784586739.157,15:32:19.157,0.93,0.37,-0.04
1784586739.6569,15:32:19.656,0.92,0.38,-0.08
1784586740.1571,15:32:20.157,0.91,0.40,-0.13
1784586740.6563,15:32:20.656,0.90,0.42,-0.15
1784586741.1558,15:32:21.155,0.89,0.44,-0.13
1784586741.656,15:32:21.656,0.89,0.45,-0.11
1784586742.1556,15:32:22.155,0.88,0.46,-0.10
1784586742.6555,15:32:22.655,0.87,0.47,-0.10
1784586743.1559,15:32:23.155,0.91,0.41,-0.02
1784586743.6553,15:32:23.655,0.94,0.33,0.07
1784586744.1552,15:32:24.155,0.94,0.34,0.10
1784586744.6552,15:32:24.655,0.94,0.32,0.10
1784586745.155,15:32:25.155,0,0,0
1784586745.6543,15:32:25.654,0.83,0.54,-0.10
1784586746.1547,15:32:26.154,0.82,0.55,-0.16
1784586746.6549,15:32:26.654,0.83,0.52,-0.20
1784586747.1542,15:32:27.154,0.82,0.52,-0.23
1784586747.6546,15:32:27.654,0.82,0.52,-0.25
1784586748.154,15:32:28.154,0.80,0.55,-0.25
1784586748.653,15:32:28.653,0.75,0.60,-0.27
1784586749.1533,15:32:29.153,0.74,0.62,-0.27
1784586749.6539,15:32:29.653,0.79,0.57,-0.22
1784586750.1535,15:32:30.153,0.83,0.53,-0.16
1784586750.6538,15:32:30.653,0.86,0.50,-0.11
1784586751.1542,15:32:31.154,0.86,0.50,-0.11
1784586751.6532,15:32:31.653,0.83,0.54,-0.14
1784586752.1531,15:32:32.153,0.79,0.58,-0.18
1784586752.6531,15:32:32.653,0.78,0.59,-0.20
1784586753.1525,15:32:33.152,0.77,0.59,-0.24
1784586753.6528,15:32:33.652,0.89,0.45,-0.07
1784586754.1526,15:32:34.152,0.90,0.44,-0.07
1784586754.6522,15:32:34.652,0.90,0.43,-0.08
1784586755.1521,15:32:35.152,0.91,0.40,-0.06
1784586755.6519,15:32:35.651,0.93,0.36,-0.02
1784586756.1515,15:32:36.151,0.94,0.35,-0.05
1784586756.6514,15:32:36.651,0.94,0.33,-0.04
1784586757.152,15:32:37.152,0.94,0.34,-0.05
1784586757.6514,15:32:37.651,0.93,0.37,-0.06
1784586758.1511,15:32:38.151,0.94,0.35,-0.04
1784586758.6509,15:32:38.650,0.95,0.30,-0.01
1784586759.1505,15:32:39.150,0.96,0.27,0.01
1784586759.65,15:32:39.650,0.96,0.27,0.02
1784586760.1502,15:32:40.150,0.96,0.29,0.02
1784586760.6499,15:32:40.649,0.95,0.30,0.02
1784586761.1493,15:32:41.149,0.95,0.32,-0.01
1784586761.6493,15:32:41.649,0.95,0.31,-0.01
1784586762.1491,15:32:42.149,0.95,0.32,-0.04
1784586762.6483,15:32:42.648,0.95,0.32,-0.05
1784586763.1485,15:32:43.148,0.94,0.33,-0.06
1784586763.6488,15:32:43.648,0.95,0.31,-0.03
1784586764.1481,15:32:44.148,0.96,0.29,-0.01
1784586764.6485,15:32:44.648,0.96,0.27,0.01
1784586765.1489,15:32:45.148,0.97,0.25,0.06
1784586765.6485,15:32:45.648,0.97,0.20,0.12
1784586766.1482,15:32:46.148,0.98,0.14,0.16
1784586766.6479,15:32:46.647,0.98,0.09,0.20
1784586767.1475,15:32:47.147,0.98,0.11,0.17
1784586767.6476,15:32:47.647,0.89,0.43,-0.12
1784586768.1478,15:32:48.147,0.86,0.47,-0.17
1784586768.6476,15:32:48.647,0.83,0.52,-0.22
1784586769.1479,15:32:49.147,0.77,0.57,-0.27
1784586769.6479,15:32:49.647,0.79,0.56,-0.25
1784586770.1473,15:32:50.147,0.98,0.19,0.09
1784586770.647,15:32:50.647,0.98,0.18,0.11
1784586771.1472,15:32:51.147,0.98,0.11,0.17
1784586771.6468,15:32:51.646,0.97,0.08,0.21
1784586772.1463,15:32:52.146,0.97,0.03,0.24
1784586772.6463,15:32:52.646,0.97,0.03,0.25
1784586773.1459,15:32:53.145,0.97,0.04,0.24
1784586773.6458,15:32:53.645,0.98,0.06,0.21
1784586774.1458,15:32:54.145,0.93,0.35,-0.04
1784586774.6457,15:32:54.645,0.90,0.42,-0.13
1784586775.145,15:32:55.145,0.84,0.50,-0.21
1784586775.6456,15:32:55.645,0.80,0.54,-0.25
1784586776.146,15:32:56.146,0.77,0.58,-0.27
1784586776.6455,15:32:56.645,0.75,0.60,-0.28
1784586777.1453,15:32:57.145,0.72,0.63,-0.30
1784586777.6449,15:32:57.644,0.95,0.33,0.02
1784586778.1442,15:32:58.144,0.93,0.37,-0.01
1784586778.6439,15:32:58.643,0.95,0.31,0.06
1784586779.1437,15:32:59.143,0.94,0.32,0.07
1784586779.6436,15:32:59.643,0.92,0.39,0.02
1784586780.144,15:33:00.144,0.91,0.42,-0.01
1784586780.6444,15:33:00.644,0.90,0.44,-0.08
1784586781.144,15:33:01.144,0.90,0.42,-0.12
1784586781.6441,15:33:01.644,0.91,0.40,-0.11
1784586782.1435,15:33:02.143,0.92,0.37,-0.09
1784586782.6431,15:33:02.643,0.94,0.35,-0.03
1784586783.143,15:33:03.143,0.94,0.33,0.03
1784586783.6428,15:33:03.642,0.95,0.30,0.10
1784586784.1424,15:33:04.142,0.95,0.28,0.15
1784586784.6423,15:33:04.642,0.95,0.28,0.13
1784586785.1423,15:33:05.142,0.95,0.27,0.14
1784586785.6419,15:33:05.641,0.95,0.28,0.12
1784586786.1416,15:33:06.141,0.95,0.28,0.12
1784586786.6418,15:33:06.641,0.94,0.31,0.12
1784586787.1414,15:33:07.141,0.94,0.30,0.13
1784586787.6411,15:33:07.641,0.95,0.28,0.16
1784586788.1411,15:33:08.141,0.95,0.26,0.15
1784586788.6407,15:33:08.640,0.96,0.26,0.14
1784586789.1406,15:33:09.140,0.95,0.31,0.07
1784586789.6404,15:33:09.640,0.65,0.68,-0.32
1784586790.1406,15:33:10.140,0.64,0.68,-0.37
1784586790.6401,15:33:10.640,0.63,0.66,-0.40
1784586791.1399,15:33:11.139,0.65,0.65,-0.40
1784586791.6401,15:33:11.640,0.65,0.65,-0.39
1784586792.1394,15:33:12.139,0.67,0.63,-0.38
1784586792.6399,15:33:12.639,0.68,0.65,-0.34
1784586793.1399,15:33:13.139,0.68,0.66,-0.32
1784586793.6396,15:33:13.639,0.70,0.64,-0.31
1784586794.1398,15:33:14.139,0.74,0.61,-0.30
1784586794.64,15:33:14.640,0.95,0.32,-0.03
1784586795.1391,15:33:15.139,0.94,0.33,-0.08
1784586795.6393,15:33:15.639,0.92,0.35,-0.15
1784586796.1397,15:33:16.139,0.92,0.37,-0.17
1784586796.6393,15:33:16.639,0.72,0.56,-0.40
1784586797.139,15:33:17.139,0.72,0.56,-0.42
1784586797.6394,15:33:17.639,0.70,0.57,-0.43
1784586798.139,15:33:18.139,0.69,0.58,-0.42
1784586798.6383,15:33:18.638,0.73,0.56,-0.38
1784586799.1381,15:33:19.138,0.75,0.55,-0.36
1784586799.6377,15:33:19.637,0.76,0.55,-0.35
1784586800.1374,15:33:20.137,0.91,0.39,-0.15
1784586800.6378,15:33:20.637,0.90,0.40,-0.15
1784586801.1372,15:33:21.137,0.91,0.40,-0.14
1784586801.6369,15:33:21.636,0.91,0.39,-0.12
1784586802.1369,15:33:22.136,0.93,0.36,-0.08
1784586802.6365,15:33:22.636,0.95,0.31,-0.03
1784586803.1364,15:33:23.136,0.96,0.28,0.02
1784586803.6369,15:33:23.636,0.97,0.24,0.05
1784586804.1364,15:33:24.136,0.97,0.25,0.02
1784586804.6359,15:33:24.635,0.97,0.25,-0.02
1784586805.1359,15:33:25.135,0.97,0.25,-0.02
1784586805.6359,15:33:25.635,0.97,0.25,0.01
1784586806.1355,15:33:26.135,0.97,0.26,0.00
1784586806.6355,15:33:26.635,0.97,0.22,0.00
1784586807.1351,15:33:27.135,0.99,0.17,0.04
1784586807.6346,15:33:27.634,0.99,0.15,0.09
1784586808.135,15:33:28.135,0.98,0.13,0.12
1784586808.6344,15:33:28.634,0.99,0.11,0.13
1784586809.1339,15:33:29.133,0.99,0.13,0.10
1784586809.6339,15:33:29.633,0.99,0.12,0.09
1784586810.1343,15:33:30.134,0.99,0.12,0.10
1784586810.6342,15:33:30.634,0.99,0.13,0.10
1784586811.134,15:33:31.134,0.98,0.18,0.04
1784586811.634,15:33:31.634,0.97,0.23,0.00
1784586812.1337,15:33:32.133,0.97,0.23,0.00
1784586812.6335,15:33:32.633,0.97,0.26,-0.03
1784586813.1333,15:33:33.133,0.97,0.24,0.01
1784586813.6329,15:33:33.632,0.97,0.26,-0.02
1784586814.133,15:33:34.133,0.96,0.28,-0.05
1784586814.6328,15:33:34.632,0.94,0.32,-0.09
1784586815.1324,15:33:35.132,0.93,0.35,-0.14
1784586815.6327,15:33:35.632,0.92,0.36,-0.16
1784586816.1328,15:33:36.132,0.90,0.39,-0.18
1784586816.6324,15:33:36.632,0.87,0.43,-0.25
1784586817.1323,15:33:37.132,0.86,0.43,-0.27
1784586817.6323,15:33:37.632,0.87,0.43,-0.26
1784586818.1317,15:33:38.131,0.89,0.40,-0.22
1784586818.6312,15:33:38.631,0.92,0.36,-0.17
1784586819.1314,15:33:39.131,0.94,0.32,-0.11
1784586819.6308,15:33:39.630,0.96,0.28,-0.06
1784586820.1303,15:33:40.130,0.98,0.21,0.02
1784586820.6305,15:33:40.630,0.98,0.16,0.11
1784586821.1299,15:33:41.129,0.98,0.16,0.10
1784586821.6296,15:33:41.629,0.98,0.15,0.09
1784586822.1302,15:33:42.130,0.98,0.21,0.03
1784586822.63,15:33:42.630,0.97,0.23,0.00
1784586823.1301,15:33:43.130,0.98,0.21,-0.01
1784586823.6303,15:33:43.630,0.97,0.22,-0.03
1784586824.1299,15:33:44.129,0.97,0.23,-0.05
1784586824.6296,15:33:44.629,0.98,0.22,0.02
1784586825.1296,15:33:45.129,0.97,0.22,0.07
1784586825.6294,15:33:45.629,0.97,0.23,0.06
1784586826.1293,15:33:46.129,0.74,0.61,-0.30
1784586826.6289,15:33:46.628,0.73,0.61,-0.31
1784586827.1291,15:33:47.129,0,0,0
1784586827.6286,15:33:47.628,0.74,0.59,-0.31
1784586828.1288,15:33:48.128,0.82,0.51,-0.25
1784586828.629,15:33:48.629,0.84,0.49,-0.24
1784586829.1284,15:33:49.128,0.88,0.45,-0.18
1784586829.6285,15:33:49.628,0.86,0.46,-0.21
1784586830.1287,15:33:50.128,0.86,0.46,-0.21
1784586830.6283,15:33:50.628,0.96,0.28,-0.07
1784586831.128,15:33:51.128,0.94,0.32,-0.12
1784586831.6285,15:33:51.628,0.95,0.31,-0.11
1784586832.1275,15:33:52.127,0.94,0.31,-0.13
1784586832.6272,15:33:52.627,0.93,0.32,-0.16
1784586833.1272,15:33:53.127,0.92,0.33,-0.20
1784586833.6265,15:33:53.626,0.91,0.35,-0.22
1784586834.126,15:33:54.126,0.90,0.37,-0.23
1784586834.6266,15:33:54.626,0.90,0.38,-0.22
1784586835.1258,15:33:55.125,0.90,0.38,-0.20
1784586835.6261,15:33:55.626,0.92,0.35,-0.18
1784586836.1265,15:33:56.126,0.92,0.36,-0.16
1784586836.6257,15:33:56.625,0.94,0.32,-0.13
1784586837.1252,15:33:57.125,0.96,0.26,-0.05
1784586837.6258,15:33:57.625,0.98,0.20,0.07
1784586838.125,15:33:58.125,0.98,0.17,0.11
1784586838.6245,15:33:58.624,0.98,0.17,0.12
1784586839.1251,15:33:59.125,0.98,0.16,0.11
1784586839.6251,15:33:59.625,0.97,0.23,0.04
1784586840.1248,15:34:00.124,0.97,0.25,0.03
1784586840.6252,15:34:00.625,0.98,0.21,0.05
1784586841.125,15:34:01.125,0.97,0.23,0.05
1784586841.6247,15:34:01.624,0.97,0.25,0.04
1784586842.1243,15:34:02.124,0.96,0.27,0.03
1784586842.6245,15:34:02.624,0.96,0.27,0.02
1784586843.1244,15:34:03.124,0.97,0.25,0.04
1784586843.6242,15:34:03.624,0.97,0.24,0.04
1784586844.124,15:34:04.124,0.98,0.20,0.07
1784586844.6237,15:34:04.623,0.98,0.14,0.12
1784586845.1233,15:34:05.123,0.98,0.16,0.11
1784586845.6235,15:34:05.623,0.98,0.20,0.07
1784586846.1225,15:34:06.122,0.95,0.33,-0.02
1784586846.6223,15:34:06.622,0.93,0.36,-0.04
1784586847.1227,15:34:07.122,0.94,0.34,-0.03
1784586847.6221,15:34:07.622,0.70,0.64,-0.32
1784586848.122,15:34:08.122,0.71,0.62,-0.34
1784586848.6226,15:34:08.622,0.75,0.57,-0.32
1784586849.1222,15:34:09.122,0.80,0.52,-0.29
1784586849.6217,15:34:09.621,0.81,0.53,-0.27
1784586850.1215,15:34:10.121,0.81,0.53,-0.26
1784586850.6211,15:34:10.621,0.86,0.47,-0.22
1784586851.121,15:34:11.121,0.86,0.47,-0.22
1784586851.6211,15:34:11.621,0.84,0.49,-0.24
1784586852.1211,15:34:12.121,0.80,0.53,-0.28
1784586852.6208,15:34:12.620,0.78,0.56,-0.30
1784586853.1206,15:34:13.120,0.96,0.27,-0.02
1784586853.6204,15:34:13.620,0.96,0.27,-0.03
1784586854.1203,15:34:14.120,0.79,0.54,-0.30
1784586854.6203,15:34:14.620,0.78,0.56,-0.29
1784586855.1199,15:34:15.119,0.78,0.58,-0.25
1784586855.6192,15:34:15.619,0.79,0.57,-0.22
1784586856.1196,15:34:16.119,0,0,0
1784586856.6194,15:34:16.619,0.83,0.51,-0.20
1784586857.1191,15:34:17.119,0.84,0.49,-0.22
1784586857.6195,15:34:17.619,0.84,0.48,-0.24
1784586858.1194,15:34:18.119,0.83,0.50,-0.26
1784586858.6186,15:34:18.618,0.81,0.51,-0.30
1784586859.119,15:34:19.119,0.79,0.53,-0.31
1784586859.6189,15:34:19.618,0.79,0.54,-0.28
1784586860.1185,15:34:20.118,0.79,0.55,-0.28
1784586860.618,15:34:20.618,0.80,0.55,-0.26
1784586861.1184,15:34:21.118,0.82,0.52,-0.24
1784586861.618,15:34:21.618,0,0,0
1784586862.1179,15:34:22.117,0.84,0.52,-0.18
1784586862.6181,15:34:22.618,0.85,0.50,-0.16
1784586863.1177,15:34:23.117,0.83,0.53,-0.18
1784586863.6178,15:34:23.617,0.83,0.52,-0.19
1784586864.1174,15:34:24.117,0.85,0.50,-0.18
1784586864.617,15:34:24.617,0.85,0.49,-0.19
1784586865.1169,15:34:25.116,0.84,0.50,-0.21
1784586865.6171,15:34:25.617,0.79,0.55,-0.26
1784586866.117,15:34:26.117,0.75,0.59,-0.28
1784586866.6168,15:34:26.616,0.75,0.59,-0.30
1784586867.1176,15:34:27.117,0.75,0.58,-0.32
1784586867.617,15:34:27.617,0.78,0.54,-0.31
1784586868.1169,15:34:28.116,0.81,0.52,-0.28
1784586868.6171,15:34:28.617,0.85,0.48,-0.23
1784586869.1163,15:34:29.116,0.85,0.46,-0.26
1784586869.6158,15:34:29.615,0.78,0.53,-0.34
1784586870.116,15:34:30.116,0.78,0.53,-0.34
1784586870.6159,15:34:30.615,0.79,0.54,-0.29
1784586871.1156,15:34:31.115,0.88,0.44,-0.19
1784586871.616,15:34:31.616,0.89,0.42,-0.17
1784586872.1154,15:34:32.115,0.88,0.43,-0.20
1784586872.6147,15:34:32.614,0.88,0.42,-0.24
1784586873.1147,15:34:33.114,0.99,0.17,0.01
1784586873.6147,15:34:33.614,0.99,0.17,0.00
1784586874.1146,15:34:34.114,0.87,0.45,-0.21
1784586874.6148,15:34:34.614,0.90,0.42,-0.14
1784586875.1148,15:34:35.114,0.94,0.33,-0.05
1784586875.6145,15:34:35.614,0.95,0.30,-0.02
1784586876.1147,15:34:36.114,0.96,0.29,-0.01
1784586876.6145,15:34:36.614,0.97,0.04,0.22
1784586877.114,15:34:37.114,0.97,0.03,0.23
1784586877.614,15:34:37.614,0.97,0.03,0.22
1784586878.114,15:34:38.114,0.97,0.01,0.25
1784586878.6135,15:34:38.613,0.97,0.05,0.22
1784586879.1133,15:34:39.113,0.98,0.09,0.18
1784586879.6137,15:34:39.613,0.98,0.16,0.14
1784586880.1133,15:34:40.113,0.98,0.18,0.13
1784586880.6128,15:34:40.612,0.97,0.20,0.14
1784586881.1129,15:34:41.112,0.96,0.25,0.09
1784586881.6125,15:34:41.612,0.96,0.28,0.07
1784586882.1121,15:34:42.112,0.96,0.28,0.07
1784586882.6123,15:34:42.612,0.96,0.28,0.03
1784586883.1118,15:34:43.111,0.96,0.28,0.02
1784586883.6115,15:34:43.611,0.96,0.28,-0.03
1784586884.1113,15:34:44.111,0.95,0.29,-0.10
1784586884.6107,15:34:44.610,0.94,0.32,-0.15
1784586885.1106,15:34:45.110,0.94,0.31,-0.17
1784586885.611,15:34:45.611,0.93,0.32,-0.17
1784586886.1108,15:34:46.110,0.94,0.29,-0.15
1784586886.6105,15:34:46.610,0.95,0.28,-0.12
1784586887.1105,15:34:47.110,0.97,0.25,-0.07
1784586887.6105,15:34:47.610,0.97,0.24,-0.06
1784586888.1102,15:34:48.110,0.97,0.25,-0.04
1784586888.6104,15:34:48.610,0.96,0.27,0.01
1784586889.1104,15:34:49.110,0.95,0.32,0.03
1784586889.6097,15:34:49.609,0.73,0.63,-0.25
1784586890.1097,15:34:50.109,0.74,0.63,-0.24
1784586890.6099,15:34:50.609,0.74,0.63,-0.25
1784586891.1094,15:34:51.109,0.77,0.60,-0.21
1784586891.609,15:34:51.609,0.79,0.57,-0.21
1784586892.109,15:34:52.109,0.82,0.54,-0.21
1784586892.6084,15:34:52.608,0.80,0.56,-0.20
1784586893.1084,15:34:53.108,0,0,0
1784586893.6081,15:34:53.608,0,0,0
1784586894.1078,15:34:54.107,0,0,0
1784586894.6075,15:34:54.607,0.82,0.55,-0.16
1784586895.1073,15:34:55.107,0.85,0.51,-0.13
1784586895.6075,15:34:55.607,0.88,0.46,-0.08
1784586896.1069,15:34:56.106,0.91,0.42,-0.05
1784586896.6075,15:34:56.607,0.92,0.39,-0.05
1784586897.107,15:34:57.107,0.92,0.39,-0.05
1784586897.6064,15:34:57.606,0.90,0.42,-0.06
1784586898.1064,15:34:58.106,0.86,0.49,-0.14
1784586898.6063,15:34:58.606,0.80,0.55,-0.22
1784586899.1055,15:34:59.105,0.80,0.55,-0.24
1784586899.6061,15:34:59.606,0.81,0.53,-0.26
1784586900.1058,15:35:00.105,0.85,0.48,-0.20
1784586900.6055,15:35:00.605,0.92,0.38,-0.08
1784586901.1061,15:35:01.106,0.95,0.30,0.02
1784586901.6059,15:35:01.605,0.95,0.30,0.01
1784586902.1052,15:35:02.105,0.92,0.38,-0.07
1784586902.6054,15:35:02.605,0.91,0.39,-0.12
1784586903.1052,15:35:03.105,0.87,0.45,-0.19
1784586903.6045,15:35:03.604,0.80,0.54,-0.27
1784586904.1049,15:35:04.104,0.74,0.61,-0.29
1784586904.6043,15:35:04.604,0.74,0.60,-0.30
1784586905.104,15:35:05.104,0.74,0.60,-0.31
1784586905.6042,15:35:05.604,0.74,0.59,-0.31
1784586906.104,15:35:06.104,0.77,0.57,-0.28
1784586906.6037,15:35:06.603,0.80,0.56,-0.22
1784586907.1038,15:35:07.103,0.81,0.56,-0.20
1784586907.604,15:35:07.604,0.81,0.55,-0.18
1784586908.1036,15:35:08.103,0.81,0.56,-0.18
1784586908.6032,15:35:08.603,0.78,0.59,-0.22
1784586909.1034,15:35:09.103,0.75,0.61,-0.25
1784586909.6031,15:35:09.603,0.74,0.61,-0.29
1784586910.1027,15:35:10.102,0.70,0.64,-0.32
1784586910.6025,15:35:10.602,0.69,0.63,-0.35
1784586911.1026,15:35:11.102,0.73,0.59,-0.35
1784586911.6018,15:35:11.601,0.78,0.55,-0.30
1784586912.1021,15:35:12.102,0.78,0.55,-0.30
1784586912.602,15:35:12.602,0.74,0.58,-0.33
1784586913.1018,15:35:13.101,0.76,0.58,-0.30
1784586913.6021,15:35:13.602,0.77,0.58,-0.26
1784586914.1017,15:35:14.101,0.78,0.57,-0.24
1784586914.6015,15:35:14.601,0.82,0.54,-0.21
1784586915.1021,15:35:15.102,0.80,0.55,-0.23
1784586915.6018,15:35:15.601,0.75,0.59,-0.30
1784586916.1016,15:35:16.101,0.69,0.63,-0.37
1784586916.6018,15:35:16.601,0.66,0.64,-0.39
1784586917.1017,15:35:17.101,0.66,0.64,-0.39
1784586917.6011,15:35:17.601,0.67,0.64,-0.38
1784586918.1011,15:35:18.101,0.67,0.64,-0.39
1784586918.6008,15:35:18.600,0.68,0.63,-0.37
1784586919.1004,15:35:19.100,0,0,0
1784586919.6002,15:35:19.600,0.68,0.63,-0.38
1784586920.1001,15:35:20.100,0.68,0.63,-0.39
1784586920.5994,15:35:20.599,0.67,0.62,-0.39
1784586921.0992,15:35:21.099,0.70,0.60,-0.40
1784586921.5994,15:35:21.599,0.71,0.58,-0.38
1784586922.0988,15:35:22.098,0.71,0.59,-0.37
1784586922.5986,15:35:22.598,0.72,0.61,-0.34
1784586923.0991,15:35:23.099,0.72,0.61,-0.33
1784586923.5984,15:35:23.598,0.77,0.59,-0.23
1784586924.098,15:35:24.098,0.84,0.53,-0.11
1784586924.5981,15:35:24.598,0.90,0.44,-0.04
1784586925.0979,15:35:25.097,0.93,0.38,0.02
1784586925.5981,15:35:25.598,0.94,0.32,0.07
1784586926.0984,15:35:26.098,0.95,0.31,0.07
1784586926.5984,15:35:26.598,0.93,0.37,-0.02
1784586927.0977,15:35:27.097,0.90,0.41,-0.11
1784586927.5978,15:35:27.597,0.87,0.45,-0.18
1784586928.0972,15:35:28.097,0.97,0.24,0.02
1784586928.5966,15:35:28.596,0.97,0.24,0.00
1784586929.097,15:35:29.097,0.97,0.24,-0.04
1784586929.5968,15:35:29.596,0.97,0.24,-0.05
1784586930.0964,15:35:30.096,0.97,0.26,-0.04
1784586930.5968,15:35:30.596,0.97,0.26,-0.04
1784586931.0965,15:35:31.096,0.97,0.23,-0.01
1784586931.5959,15:35:31.595,0.76,0.58,-0.29
1784586932.0966,15:35:32.096,0.78,0.57,-0.28
1784586932.5963,15:35:32.596,0.78,0.56,-0.26
1784586933.0961,15:35:33.096,0.78,0.57,-0.25
1784586933.5963,15:35:33.596,0.79,0.57,-0.23
1784586934.0959,15:35:34.095,0.73,0.61,-0.29
1784586934.5951,15:35:34.595,0.73,0.61,-0.29
1784586935.0949,15:35:35.094,0.74,0.61,-0.27
1784586935.595,15:35:35.595,0.82,0.53,-0.19
1784586936.095,15:35:36.095,0.91,0.41,-0.08
1784586936.5948,15:35:36.594,0.91,0.41,-0.09
1784586937.0949,15:35:37.094,0.90,0.41,-0.10
1784586937.5944,15:35:37.594,0.84,0.50,-0.20
1784586938.0942,15:35:38.094,0.85,0.48,-0.21
1784586938.5939,15:35:38.593,0.85,0.49,-0.21
1784586939.0937,15:35:39.093,0.88,0.45,-0.17
1784586939.5933,15:35:39.593,0.90,0.41,-0.14
1784586940.0932,15:35:40.093,0.90,0.41,-0.16
1784586940.5931,15:35:40.593,0.88,0.44,-0.17
1784586941.0929,15:35:41.092,0.81,0.53,-0.24
1784586941.5928,15:35:41.592,0.80,0.56,-0.22
1784586942.0921,15:35:42.092,0.80,0.56,-0.20
1784586942.5921,15:35:42.592,0.85,0.51,-0.10
1784586943.0926,15:35:43.092,0.86,0.50,-0.08
1784586943.5918,15:35:43.591,0.86,0.51,-0.07
1784586944.0914,15:35:44.091,0.85,0.51,-0.09
1784586944.5917,15:35:44.591,0.85,0.52,-0.08
1784586945.0911,15:35:45.091,0.84,0.53,-0.05
1784586945.5909,15:35:45.590,0.87,0.49,-0.02
1784586946.0914,15:35:46.091,0.89,0.46,0.00
1784586946.5916,15:35:46.591,0.89,0.46,-0.02
1784586947.0914,15:35:47.091,0.85,0.51,-0.10
1784586947.5919,15:35:47.591,0.78,0.58,-0.24
1784586948.0917,15:35:48.091,0.78,0.58,-0.24
1784586948.5909,15:35:48.590,0.83,0.53,-0.18
1784586949.0908,15:35:49.090,0.88,0.47,-0.11
1784586949.591,15:35:49.591,0.89,0.45,-0.09
1784586950.0904,15:35:50.090,0,0,0
1784586950.5908,15:35:50.590,0,0,0
1784586951.0907,15:35:51.090,0.89,0.44,-0.09
1784586951.5903,15:35:51.590,0.92,0.38,-0.06
1784586952.0903,15:35:52.090,0.93,0.36,-0.07
1784586952.5898,15:35:52.589,0.95,0.30,-0.02
1784586953.0892,15:35:53.089,0.95,0.30,-0.02
1784586953.5886,15:35:53.588,0.94,0.34,-0.01
1784586954.0891,15:35:54.089,0.92,0.38,-0.04
1784586954.5891,15:35:54.589,0.91,0.41,-0.05
1784586955.0889,15:35:55.088,0.90,0.43,-0.04
1784586955.5892,15:35:55.589,0.89,0.45,-0.03
1784586956.0886,15:35:56.088,0.89,0.46,0.01
1784586956.5882,15:35:56.588,0.84,0.53,-0.06
1784586957.0886,15:35:57.088,0.84,0.54,-0.10
1784586957.5878,15:35:57.587,0.81,0.56,-0.17
1784586958.0878,15:35:58.087,0.77,0.59,-0.25
1784586958.5878,15:35:58.587,0.75,0.59,-0.31
1784586959.0874,15:35:59.087,0.76,0.58,-0.29
1784586959.5872,15:35:59.587,0.77,0.58,-0.27
1784586960.0875,15:36:00.087,0.80,0.57,-0.19
1784586960.5873,15:36:00.587,0,0,0
1784586961.0866,15:36:01.086,0,0,0
1784586961.5869,15:36:01.586,0,0,0
1784586962.0869,15:36:02.086,0,0,0
1784586962.5859,15:36:02.585,0,0,0
1784586963.0864,15:36:03.086,0,0,0
1784586963.5864,15:36:03.586,0,0,0
1784586964.086,15:36:04.086,0,0,0
1784586964.5857,15:36:04.585,0,0,0
1784586965.0855,15:36:05.085,0,0,0
1784586965.5853,15:36:05.585,0.82,0.55,-0.17
1784586966.0852,15:36:06.085,0.85,0.51,-0.14
1784586966.5852,15:36:06.585,0.85,0.49,-0.19
1784586967.0846,15:36:07.084,0.85,0.49,-0.20
1784586967.5851,15:36:07.585,0.84,0.50,-0.21
1784586968.0851,15:36:08.085,0.87,0.47,-0.14
1784586968.5845,15:36:08.584,0.87,0.48,-0.12
1784586969.0842,15:36:09.084,0.86,0.50,-0.10
1784586969.5842,15:36:09.584,0.88,0.47,-0.05
1784586970.0833,15:36:10.083,0.90,0.42,-0.03
1784586970.5832,15:36:10.583,0.91,0.42,-0.01
1784586971.0834,15:36:11.083,0.91,0.41,0.00
1784586971.5832,15:36:11.583,0.91,0.42,0.05
1784586972.0829,15:36:12.082,0.91,0.42,0.03
1784586972.5829,15:36:12.582,0.91,0.42,-0.01
1784586973.0831,15:36:13.083,0.90,0.43,-0.03
1784586973.5828,15:36:13.582,0.90,0.44,-0.04
1784586974.0828,15:36:14.082,0.89,0.45,-0.08
1784586974.582,15:36:14.582,0.88,0.47,-0.08
1784586975.0817,15:36:15.081,0.92,0.40,-0.02
1784586975.5823,15:36:15.582,0.91,0.42,-0.03
1784586976.0819,15:36:16.081,0.90,0.43,-0.04
1784586976.5813,15:36:16.581,0,0,0
1784586977.082,15:36:17.082,0,0,0
1784586977.5818,15:36:17.581,0,0,0
1784586978.0816,15:36:18.081,0,0,0
1784586978.5819,15:36:18.581,0,0,0
1784586979.0815,15:36:19.081,0,0,0
1784586979.5809,15:36:19.580,0.89,0.45,-0.05
1784586980.0808,15:36:20.080,0.91,0.42,-0.03
1784586980.5806,15:36:20.580,0.92,0.39,-0.01
1784586981.08,15:36:21.080,0.93,0.35,-0.04
1784586981.5799,15:36:21.579,0.90,0.42,-0.11
1784586982.0796,15:36:22.079,0.88,0.45,-0.13
1784586982.579,15:36:22.579,0.87,0.48,-0.13
1784586983.0789,15:36:23.078,0.84,0.53,-0.14
1784586983.5791,15:36:23.579,0.84,0.53,-0.13
1784586984.0785,15:36:24.078,0.85,0.52,-0.12
1784586984.5782,15:36:24.578,0.88,0.47,-0.09
1784586985.0782,15:36:25.078,0.90,0.43,-0.06
1784586985.5785,15:36:25.578,0.92,0.38,-0.03
1784586986.079,15:36:26.079,0.92,0.39,-0.01
1784586986.5794,15:36:26.579,0,0,0
1784586987.0792,15:36:27.079,0,0,0
1784586987.5793,15:36:27.579,0,0,0
1784586988.0793,15:36:28.079,0,0,0
1784586988.5791,15:36:28.579,0,0,0
1784586989.0784,15:36:29.078,0,0,0
1784586989.5786,15:36:29.578,0,0,0
1784586990.0782,15:36:30.078,0,0,0
1784586990.5779,15:36:30.577,0,0,0
1784586991.0781,15:36:31.078,0,0,0
1784586991.578,15:36:31.578,0,0,0
1784586992.0773,15:36:32.077,0,0,0
1784586992.5775,15:36:32.577,0,0,0
1784586993.0772,15:36:33.077,0,0,0
1784586993.5769,15:36:33.576,0,0,0
1784586994.0771,15:36:34.077,0,0,0
1784586994.5769,15:36:34.576,0,0,0
1784586995.0766,15:36:35.076,0,0,0
1784586995.5768,15:36:35.576,0,0,0
1784586996.0763,15:36:36.076,0,0,0
1784586996.5755,15:36:36.575,0,0,0
1784586997.076,15:36:37.076,0,0,0
1784586997.576,15:36:37.576,0,0,0
1784586998.0756,15:36:38.075,0,0,0
1784586998.5759,15:36:38.575,0,0,0
1784586999.0757,15:36:39.075,0,0,0
1784586999.5751,15:36:39.575,0,0,0
1784587000.0744,15:36:40.074,0,0,0
1784587000.5742,15:36:40.574,0,0,0
1784587001.0741,15:36:41.074,0,0,0
1784587001.574,15:36:41.574,0,0,0
1784587002.0738,15:36:42.073,0,0,0
1784587002.5736,15:36:42.573,0,0,0
1784587003.0739,15:36:43.073,0,0,0
1784587003.5735,15:36:43.573,0,0,0
1784587004.0727,15:36:44.072,0,0,0
1784587004.5722,15:36:44.572,0,0,0
1784587005.0726,15:36:45.072,0,0,0
1784587005.5728,15:36:45.572,0,0,0
1784587006.0727,15:36:46.072,0,0,0
1784587006.5727,15:36:46.572,0,0,0
1784587007.0729,15:36:47.072,0,0,0
1784587007.572,15:36:47.572,0,0,0
1784587008.0722,15:36:48.072,0,0,0
1784587008.572,15:36:48.572,0,0,0
1784587009.0713,15:36:49.071,0,0,0
1784587009.5713,15:36:49.571,0,0,0
1784587010.0713,15:36:50.071,0,0,0
1784587010.5708,15:36:50.570,0,0,0
1784587011.071,15:36:51.071,0,0,0
1784587011.5708,15:36:51.570,0,0,0
1784587012.0701,15:36:52.070,0,0,0
1784587012.5705,15:36:52.570,0,0,0
1784587013.07,15:36:53.070,0,0,0
1784587013.5693,15:36:53.569,0,0,0
1784587014.0697,15:36:54.069,0,0,0
1784587014.5697,15:36:54.569,0,0,0
1784587015.0699,15:36:55.069,0,0,0
1784587015.5696,15:36:55.569,0,0,0
1784587016.0698,15:36:56.069,0,0,0
1784587016.5697,15:36:56.569,0,0,0
1784587017.0695,15:36:57.069,0.95,0.31,0.09
1784587017.5695,15:36:57.569,0.92,0.38,-0.01
1784587018.0694,15:36:58.069,0.87,0.47,-0.12
1784587018.569,15:36:58.569,0.82,0.54,-0.19
1784587019.0692,15:36:59.069,0.80,0.55,-0.23
1784587019.5687,15:36:59.568,0.78,0.56,-0.27
1784587020.0685,15:37:00.068,0.77,0.56,-0.30
1784587020.5687,15:37:00.568,0.80,0.54,-0.27
1784587021.0683,15:37:01.068,0.82,0.54,-0.21
1784587021.568,15:37:01.568,0.81,0.54,-0.20
1784587022.0678,15:37:02.067,0.80,0.56,-0.22
1784587022.5672,15:37:02.567,0.79,0.56,-0.25
1784587023.0671,15:37:03.067,0.77,0.58,-0.27
1784587023.5674,15:37:03.567,0.78,0.57,-0.26
1784587024.0676,15:37:04.067,0.81,0.54,-0.24
1784587024.5669,15:37:04.566,0.83,0.52,-0.22
1784587025.0673,15:37:05.067,0.86,0.47,-0.17
1784587025.5669,15:37:05.566,0.87,0.46,-0.15
1784587026.0666,15:37:06.066,0.90,0.42,-0.10
1784587026.5668,15:37:06.566,0.95,0.32,-0.01
1784587027.0666,15:37:07.066,0.95,0.33,0.01
1784587027.5661,15:37:07.566,0.95,0.31,0.04
1784587028.0661,15:37:08.066,0.94,0.33,0.03
1784587028.5657,15:37:08.565,0,0,0
1784587029.0652,15:37:09.065,0,0,0
1784587029.5654,15:37:09.565,0.93,0.37,0.01
1784587030.0649,15:37:10.064,0.87,0.49,-0.08
1784587030.5644,15:37:10.564,0.86,0.50,-0.10
1784587031.0641,15:37:11.064,0,0,0
1784587031.5645,15:37:11.564,0,0,0
1784587032.0644,15:37:12.064,0,0,0
1784587032.5644,15:37:12.564,0,0,0
1784587033.0646,15:37:13.064,0,0,0
1784587033.5645,15:37:13.564,0,0,0
1784587034.0643,15:37:14.064,0,0,0
1784587034.5645,15:37:14.564,0,0,0
1784587035.0638,15:37:15.063,0,0,0
1784587035.5632,15:37:15.563,0,0,0
1784587036.0636,15:37:16.063,0.85,0.51,-0.12
1784587036.5637,15:37:16.563,0,0,0
1784587037.0633,15:37:17.063,0,0,0
1784587037.5639,15:37:17.563,0,0,0
1784587038.0636,15:37:18.063,0,0,0
1784587038.5632,15:37:18.563,0,0,0
1784587039.0632,15:37:19.063,0,0,0
1784587039.5629,15:37:19.562,0,0,0
1784587040.0625,15:37:20.062,0,0,0
1784587040.5625,15:37:20.562,0,0,0
1784587041.0622,15:37:21.062,0.86,0.50,-0.12
1784587041.5618,15:37:21.561,0.92,0.38,-0.02
1784587042.062,15:37:22.062,0.95,0.30,-0.01
1784587042.5615,15:37:22.561,0.96,0.27,-0.06
1784587043.0609,15:37:23.060,0.91,0.37,-0.17
1784587043.5605,15:37:23.560,0.91,0.39,-0.16
1784587044.0604,15:37:24.060,0.90,0.41,-0.16
1784587044.56,15:37:24.560,0.98,0.18,0.09
1784587045.0598,15:37:25.059,0.97,0.21,0.11
1784587045.5597,15:37:25.559,0.97,0.21,0.12
1784587046.0595,15:37:26.059,0.97,0.21,0.12
1784587046.5595,15:37:26.559,0.97,0.16,0.16
1784587047.06,15:37:27.060,0.98,0.13,0.18
1784587047.5596,15:37:27.559,0.98,0.13,0.18
1784587048.0596,15:37:28.059,0.91,0.41,-0.03
1784587048.5599,15:37:28.559,0.92,0.40,-0.05
1784587049.0595,15:37:29.059,0.85,0.49,-0.18
1784587049.5599,15:37:29.559,0.77,0.56,-0.30
1784587050.0604,15:37:30.060,0.76,0.56,-0.33
1784587050.5598,15:37:30.559,0.72,0.60,-0.35
1784587051.0596,15:37:31.059,0.66,0.63,-0.41
1784587051.5595,15:37:31.559,0.65,0.63,-0.42
1784587052.0589,15:37:32.058,0.66,0.62,-0.42
1784587052.5583,15:37:32.558,0.75,0.57,-0.34
1784587053.0585,15:37:33.058,0.85,0.49,-0.19
1784587053.5584,15:37:33.558,0.85,0.50,-0.18
1784587054.0576,15:37:34.057,0,0,0
1784587054.5574,15:37:34.557,0,0,0
1784587055.0571,15:37:35.057,0.84,0.51,-0.18
1784587055.5565,15:37:35.556,0.80,0.56,-0.19
1784587056.0565,15:37:36.056,0.80,0.56,-0.19
1784587056.5566,15:37:36.556,0.85,0.52,-0.12
1784587057.0558,15:37:37.055,0,0,0
1784587057.5558,15:37:37.555,0,0,0
1784587058.0557,15:37:38.055,0,0,0
1784587058.5551,15:37:38.555,0,0,0
1784587059.0551,15:37:39.055,0,0,0
1784587059.5554,15:37:39.555,0,0,0
1784587060.0549,15:37:40.054,0,0,0
1784587060.5547,15:37:40.554,0,0,0
1784587061.055,15:37:41.055,0,0,0
1784587061.5544,15:37:41.554,0,0,0
1784587062.0546,15:37:42.054,0,0,0
1784587062.5545,15:37:42.554,0,0,0
1784587063.0538,15:37:43.053,0,0,0
1784587063.554,15:37:43.554,0,0,0
1784587064.0542,15:37:44.054,0,0,0
1784587064.5538,15:37:44.553,0,0,0
1784587065.0536,15:37:45.053,0,0,0
1784587065.5541,15:37:45.554,0.88,0.45,-0.14
1784587066.0539,15:37:46.053,0.97,0.26,-0.02
1784587066.5537,15:37:46.553,0.97,0.25,-0.02
1784587067.054,15:37:47.054,0,0,0
1784587067.5538,15:37:47.553,0,0,0
1784587068.0536,15:37:48.053,0,0,0
1784587068.5538,15:37:48.553,0,0,0
1784587069.0534,15:37:49.053,0,0,0
1784587069.5527,15:37:49.552,0.97,0.23,-0.03
1784587070.0529,15:37:50.052,0,0,0
1784587070.5528,15:37:50.552,0,0,0
1784587071.0522,15:37:51.052,0,0,0
1784587071.5524,15:37:51.552,0,0,0
1784587072.0523,15:37:52.052,0,0,0
1784587072.5518,15:37:52.551,0,0,0
1784587073.0514,15:37:53.051,0,0,0
1784587073.5517,15:37:53.551,0,0,0
1784587074.0509,15:37:54.050,0.97,0.22,-0.07
1784587074.5511,15:37:54.551,0,0,0
1784587075.0514,15:37:55.051,0,0,0
1784587075.5509,15:37:55.550,0,0,0
1784587076.0505,15:37:56.050,0,0,0
1784587076.5508,15:37:56.550,0,0,0
1784587077.0498,15:37:57.049,0,0,0
1784587077.5498,15:37:57.549,0,0,0
1784587078.0503,15:37:58.050,0,0,0
1784587078.5501,15:37:58.550,0,0,0
1784587079.0499,15:37:59.049,0,0,0
1784587079.5502,15:37:59.550,0,0,0
1784587080.0496,15:38:00.049,0.98,0.18,-0.04
1784587080.5492,15:38:00.549,0,0,0
1784587081.0493,15:38:01.049,0,0,0
1784587081.5489,15:38:01.548,0,0,0
1784587082.0485,15:38:02.048,0,0,0
1784587082.5488,15:38:02.548,0,0,0
1784587083.0488,15:38:03.048,0,0,0
1784587083.548,15:38:03.548,0,0,0
1784587084.0481,15:38:04.048,1.00,0.06,0.06
1784587084.5477,15:38:04.547,1.00,0.05,0.07
1784587085.0471,15:38:05.047,0.97,0.22,-0.08
1784587085.5476,15:38:05.547,0.88,0.41,-0.25
1784587086.048,15:38:06.048,0.79,0.50,-0.35
1784587086.5474,15:38:06.547,0.73,0.55,-0.41
1784587087.0477,15:38:07.047,0.69,0.58,-0.44
1784587087.5473,15:38:07.547,0.94,0.32,-0.12
1784587088.0463,15:38:08.046,0.95,0.31,-0.08
1784587088.5466,15:38:08.546,0,0,0
1784587089.046,15:38:09.046,0,0,0
1784587089.5452,15:38:09.545,0,0,0
1784587090.0454,15:38:10.045,0,0,0
1784587090.5458,15:38:10.545,0,0,0
1784587091.0455,15:38:11.045,0,0,0
1784587091.5455,15:38:11.545,0,0,0
1784587092.046,15:38:12.046,0,0,0
1784587092.5454,15:38:12.545,0,0,0
1784587093.0452,15:38:13.045,0.72,0.60,-0.34
1784587093.5449,15:38:13.544,0.72,0.63,-0.30
1784587094.0447,15:38:14.044,0,0,0
1784587094.5445,15:38:14.544,0,0,0
1784587095.0445,15:38:15.044,0,0,0
1784587095.5441,15:38:15.544,0.72,0.63,-0.30
1784587096.0439,15:38:16.043,0.73,0.63,-0.25
1784587096.544,15:38:16.544,0,0,0
1784587097.044,15:38:17.044,0,0,0
1784587097.544,15:38:17.544,0,0,0
1784587098.0443,15:38:18.044,0,0,0
1784587098.5439,15:38:18.543,0,0,0
1784587099.0433,15:38:19.043,0,0,0
1784587099.5438,15:38:19.543,0,0,0
1784587100.0438,15:38:20.043,0,0,0
1784587100.5438,15:38:20.543,0,0,0
1784587101.044,15:38:21.044,0,0,0
1784587101.5438,15:38:21.543,0,0,0
1784587102.0432,15:38:22.043,0,0,0
1784587102.5435,15:38:22.543,0,0,0
1784587103.0429,15:38:23.042,0,0,0
1784587103.5423,15:38:23.542,0,0,0
1784587104.0424,15:38:24.042,0,0,0
1784587104.542,15:38:24.542,0.74,0.63,-0.24
1784587105.0412,15:38:25.041,0,0,0
1784587105.5417,15:38:25.541,0,0,0
1784587106.0413,15:38:26.041,0.76,0.62,-0.19
1784587106.5403,15:38:26.540,0.75,0.63,-0.19
1784587107.0404,15:38:27.040,0.75,0.62,-0.23
1784587107.54,15:38:27.540,0.73,0.63,-0.27
1784587108.0398,15:38:28.039,0,0,0
1784587108.5399,15:38:28.539,0.75,0.62,-0.25
1784587109.0401,15:38:29.040,0,0,0
1784587109.5399,15:38:29.539,0,0,0
1784587110.04,15:38:30.040,0,0,0
1784587110.54,15:38:30.540,0,0,0
1784587111.0393,15:38:31.039,0.80,0.57,-0.19
1784587111.539,15:38:31.539,0,0,0
1784587112.0392,15:38:32.039,0.84,0.52,-0.15
1784587112.539,15:38:32.539,0.84,0.52,-0.16
1784587113.0389,15:38:33.038,0.82,0.54,-0.18
1784587113.5393,15:38:33.539,0.80,0.55,-0.24
1784587114.0383,15:38:34.038,0.80,0.53,-0.29
1784587114.5382,15:38:34.538,0.79,0.54,-0.30
1784587115.0382,15:38:35.038,0.80,0.55,-0.24
1784587115.5378,15:38:35.537,0.83,0.53,-0.18
1784587116.0372,15:38:36.037,0.82,0.54,-0.18
1784587116.5376,15:38:36.537,0.79,0.57,-0.22
1784587117.0372,15:38:37.037,0.75,0.60,-0.27
1784587117.5367,15:38:37.536,0.72,0.63,-0.29
1784587118.0371,15:38:38.037,0.74,0.61,-0.28
1784587118.5371,15:38:38.537,0.73,0.62,-0.29
1784587119.0366,15:38:39.036,0.73,0.63,-0.29
1784587119.537,15:38:39.537,0.73,0.62,-0.29
1784587120.0368,15:38:40.036,0,0,0
1784587120.5365,15:38:40.536,0.75,0.60,-0.28
1784587121.0365,15:38:41.036,0,0,0
1784587121.5361,15:38:41.536,0.77,0.57,-0.28
1784587122.0354,15:38:42.035,0.75,0.59,-0.29
1784587122.5354,15:38:42.535,0.75,0.58,-0.32
1784587123.0356,15:38:43.035,0,0,0
1784587123.5355,15:38:43.535,0.72,0.60,-0.35
1784587124.0355,15:38:44.035,0.72,0.58,-0.38
1784587124.5355,15:38:44.535,0.70,0.60,-0.40
1784587125.0353,15:38:45.035,0.64,0.63,-0.44
1784587125.5348,15:38:45.534,0.60,0.65,-0.47
1784587126.0352,15:38:46.035,0.60,0.64,-0.47
1784587126.5348,15:38:46.534,0.61,0.64,-0.47
1784587127.0345,15:38:47.034,0.65,0.63,-0.43
1784587127.5349,15:38:47.534,0.66,0.63,-0.41
1784587128.0347,15:38:48.034,0.66,0.63,-0.41
1784587128.5342,15:38:48.534,0.68,0.64,-0.37
1784587129.0342,15:38:49.034,0.69,0.63,-0.36
1784587129.5342,15:38:49.534,0,0,0
1784587130.0337,15:38:50.033,0.69,0.62,-0.37
1784587130.5335,15:38:50.533,0.68,0.63,-0.37
1784587131.0331,15:38:51.033,0.64,0.66,-0.40
1784587131.5328,15:38:51.532,0.64,0.68,-0.36
1784587132.033,15:38:52.033,0.68,0.66,-0.32
1784587132.5324,15:38:52.532,0,0,0
1784587133.0319,15:38:53.031,0,0,0
1784587133.5323,15:38:53.532,0,0,0
1784587134.0321,15:38:54.032,0.68,0.66,-0.32
1784587134.532,15:38:54.532,0.76,0.60,-0.25
1784587135.0321,15:38:55.032,0.74,0.61,-0.28
1784587135.5317,15:38:55.531,0.72,0.61,-0.33
1784587136.0314,15:38:56.031,0.70,0.59,-0.39
1784587136.5316,15:38:56.531,0.96,0.28,-0.09
1784587137.0316,15:38:57.031,0.71,0.58,-0.41
1784587137.5313,15:38:57.531,0.77,0.53,-0.36
1784587138.0308,15:38:58.030,0,0,0
1784587138.5312,15:38:58.531,0.75,0.55,-0.36
1784587139.0307,15:38:59.030,0.76,0.55,-0.35
1784587139.5306,15:38:59.530,0.73,0.59,-0.35
1784587140.0308,15:39:00.030,0.72,0.59,-0.35
1784587140.5305,15:39:00.530,0.74,0.58,-0.34
1784587141.0303,15:39:01.030,0.80,0.54,-0.27
1784587141.5305,15:39:01.530,0.79,0.56,-0.24
1784587142.0298,15:39:02.029,0.80,0.55,-0.21
1784587142.5296,15:39:02.529,0.81,0.55,-0.21
1784587143.0294,15:39:03.029,0.80,0.56,-0.23
1784587143.5291,15:39:03.529,0.80,0.54,-0.26
1784587144.0287,15:39:04.028,0.80,0.54,-0.27
1784587144.5289,15:39:04.528,0.81,0.52,-0.26
1784587145.0282,15:39:05.028,0.81,0.51,-0.30
1784587145.5278,15:39:05.527,0.79,0.51,-0.35
1784587146.0281,15:39:06.028,0.75,0.54,-0.38
1784587146.5275,15:39:06.527,0.74,0.57,-0.36
1784587147.0272,15:39:07.027,0.77,0.58,-0.26
1784587147.5276,15:39:07.527,0.96,0.27,0.10
1784587148.0272,15:39:08.027,0.96,0.27,0.09
1784587148.5265,15:39:08.526,0.94,0.33,0.01
1784587149.027,15:39:09.027,0.95,0.31,-0.01
1784587149.5266,15:39:09.526,0.75,0.61,-0.28
1784587150.0263,15:39:10.026,0.73,0.62,-0.28
1784587150.5263,15:39:10.526,0.73,0.62,-0.30
1784587151.0263,15:39:11.026,0.71,0.60,-0.36
1784587151.526,15:39:11.526,0.70,0.61,-0.37
1784587152.0261,15:39:12.026,0.71,0.61,-0.36
1784587152.5257,15:39:12.525,0.75,0.59,-0.29
1784587153.0252,15:39:13.025,0.80,0.56,-0.23
1784587153.5254,15:39:13.525,0.86,0.49,-0.15
1784587154.0252,15:39:14.025,0.87,0.47,-0.15
1784587154.5247,15:39:14.524,0,0,0
1784587155.0245,15:39:15.024,0.89,0.44,-0.13
1784587155.5253,15:39:15.525,0,0,0
1784587156.0248,15:39:16.024,0,0,0
1784587156.5246,15:39:16.524,0,0,0
1784587157.0246,15:39:17.024,0,0,0
1784587157.5239,15:39:17.523,0,0,0
1784587158.0233,15:39:18.023,0,0,0
1784587158.5237,15:39:18.523,0,0,0
1784587159.0236,15:39:19.023,0,0,0
1784587159.5236,15:39:19.523,0,0,0
1784587160.0238,15:39:20.023,0,0,0
1784587160.5235,15:39:20.523,0,0,0
1784587161.0229,15:39:21.022,0,0,0
1784587161.5233,15:39:21.523,0,0,0
1784587162.0227,15:39:22.022,0,0,0
1784587162.5223,15:39:22.522,0,0,0
1784587163.0225,15:39:23.022,0,0,0
1784587163.5226,15:39:23.522,0,0,0
1784587164.0224,15:39:24.022,0,0,0
1784587164.5222,15:39:24.522,0,0,0
1784587165.022,15:39:25.022,0.93,0.35,-0.05
1784587165.5219,15:39:25.521,0.93,0.35,-0.05
1784587166.0221,15:39:26.022,0.94,0.34,-0.08
1784587166.5223,15:39:26.522,0.87,0.45,-0.20
1784587167.0216,15:39:27.021,0.83,0.49,-0.27
1784587167.5218,15:39:27.521,0.75,0.57,-0.34
1784587168.0219,15:39:28.021,0.68,0.62,-0.40
1784587168.5216,15:39:28.521,0.66,0.63,-0.41
1784587169.0214,15:39:29.021,0.69,0.62,-0.38
1784587169.5214,15:39:29.521,0.70,0.63,-0.33
1784587170.0213,15:39:30.021,0.77,0.58,-0.27
1784587170.5213,15:39:30.521,0.87,0.47,-0.15
1784587171.0215,15:39:31.021,0.92,0.39,-0.10
1784587171.5207,15:39:31.520,0.93,0.36,-0.07
1784587172.0205,15:39:32.020,0.92,0.38,-0.07
1784587172.5207,15:39:32.520,0.92,0.38,-0.06
1784587173.0202,15:39:33.020,0.91,0.41,-0.04
1784587173.5196,15:39:33.519,0.92,0.38,0.01
1784587174.0198,15:39:34.019,0.94,0.33,0.04
1784587174.5197,15:39:34.519,0.94,0.34,0.06
1784587175.0191,15:39:35.019,0.94,0.33,0.06
1784587175.5195,15:39:35.519,0.94,0.33,0.06
1784587176.0186,15:39:36.018,0.91,0.42,0.00
1784587176.518,15:39:36.518,0,0,0
1784587177.0184,15:39:37.018,0,0,0
1784587177.5189,15:39:37.518,0,0,0
1784587178.0181,15:39:38.018,0,0,0
1784587178.5185,15:39:38.518,0,0,0
1784587179.0182,15:39:39.018,0,0,0
1784587179.5176,15:39:39.517,0.87,0.48,-0.10
1784587180.0172,15:39:40.017,0,0,0
1784587180.5177,15:39:40.517,0.86,0.50,-0.09
1784587181.0173,15:39:41.017,0,0,0
1784587181.5175,15:39:41.517,0,0,0
1784587182.0177,15:39:42.017,0.89,0.45,-0.06
1784587182.5173,15:39:42.517,0,0,0
1784587183.0175,15:39:43.017,0,0,0
1784587183.5172,15:39:43.517,0.92,0.40,-0.04
1784587184.0162,15:39:44.016,0,0,0
1784587184.5158,15:39:44.515,0.90,0.43,-0.05
1784587185.016,15:39:45.016,0.90,0.42,-0.06
1784587185.5156,15:39:45.515,0.88,0.47,-0.09
1784587186.0152,15:39:46.015,0.86,0.48,-0.14
1784587186.5155,15:39:46.515,0.90,0.42,-0.09
1784587187.0149,15:39:47.014,0.92,0.40,-0.06
1784587187.5143,15:39:47.514,0.92,0.39,-0.03
1784587188.0145,15:39:48.014,0,0,0
1784587188.514,15:39:48.514,0,0,0
1784587189.014,15:39:49.014,0,0,0
1784587189.5141,15:39:49.514,0,0,0
1784587190.0138,15:39:50.013,0,0,0
1784587190.5138,15:39:50.513,0,0,0
1784587191.0138,15:39:51.013,0,0,0
1784587191.5135,15:39:51.513,0.93,0.36,-0.04
1784587192.0128,15:39:52.012,0.92,0.39,-0.11
1784587192.5132,15:39:52.513,0.85,0.49,-0.21
1784587193.0133,15:39:53.013,0.77,0.57,-0.30
1784587193.5127,15:39:53.512,0.73,0.59,-0.33
1784587194.0129,15:39:54.012,0.96,0.27,-0.04
1784587194.5132,15:39:54.513,0.95,0.30,-0.06
1784587195.0124,15:39:55.012,0.95,0.30,-0.01
1784587195.5124,15:39:55.512,0.96,0.27,0.03
1784587196.0131,15:39:56.013,0.97,0.23,0.07
1784587196.5123,15:39:56.512,0.98,0.15,0.15
1784587197.0125,15:39:57.012,0.90,0.44,-0.05
1784587197.5126,15:39:57.512,0.93,0.38,0.02
1784587198.0124,15:39:58.012,0,0,0
1784587198.513,15:39:58.513,0,0,0
1784587199.0125,15:39:59.012,0,0,0
1784587199.5119,15:39:59.511,0,0,0
1784587200.0119,15:40:00.011,0,0,0
1784587200.5116,15:40:00.511,0,0,0
1784587201.0106,15:40:01.010,0,0,0
1784587201.5102,15:40:01.510,0,0,0
1784587202.0105,15:40:02.010,0,0,0
1784587202.5101,15:40:02.510,0,0,0
1784587203.01,15:40:03.010,0,0,0
1784587203.5102,15:40:03.510,0,0,0
1784587204.0096,15:40:04.009,0,0,0
1784587204.5094,15:40:04.509,0,0,0
1784587205.0093,15:40:05.009,0,0,0
1784587205.5091,15:40:05.509,0,0,0
1784587206.0089,15:40:06.008,0,0,0
1784587206.5092,15:40:06.509,0,0,0
1784587207.0092,15:40:07.009,0,0,0
1784587207.5086,15:40:07.508,0,0,0
1784587208.0089,15:40:08.008,1.00,0.07,0.00
1784587208.5091,15:40:08.509,0.95,0.30,-0.08
1784587209.0081,15:40:09.008,0.89,0.42,-0.17
1784587209.5086,15:40:09.508,0,0,0
1784587210.0085,15:40:10.008,0,0,0
1784587210.5075,15:40:10.507,0,0,0
1784587211.0078,15:40:11.007,0,0,0
1784587211.5078,15:40:11.507,0,0,0
1784587212.0068,15:40:12.006,0,0,0
1784587212.507,15:40:12.507,0,0,0
1784587213.0077,15:40:13.007,0,0,0
1784587213.5073,15:40:13.507,0,0,0
1784587214.0071,15:40:14.007,0.84,0.49,-0.23
1784587214.507,15:40:14.507,0.81,0.53,-0.25
1784587215.0062,15:40:15.006,0.81,0.53,-0.26
1784587215.506,15:40:15.506,0.82,0.53,-0.24
1784587216.0061,15:40:16.006,0.80,0.54,-0.26
1784587216.5059,15:40:16.505,0.79,0.54,-0.30
1784587217.0059,15:40:17.005,0.74,0.57,-0.35
1784587217.506,15:40:17.506,0.71,0.60,-0.37
1784587218.005,15:40:18.005,0.71,0.60,-0.37
1784587218.5048,15:40:18.504,0.75,0.59,-0.30
1784587219.0051,15:40:19.005,0.80,0.55,-0.24
1784587219.5047,15:40:19.504,0.80,0.56,-0.23
1784587220.0041,15:40:20.004,0,0,0
1784587220.5046,15:40:20.504,0,0,0
1784587221.0042,15:40:21.004,0,0,0
1784587221.5036,15:40:21.503,0,0,0
1784587222.0043,15:40:22.004,0.80,0.55,-0.22
1784587222.5041,15:40:22.504,0,0,0
1784587223.0035,15:40:23.003,0,0,0
1784587223.504,15:40:23.504,0,0,0
1784587224.004,15:40:24.004,0,0,0
1784587224.5034,15:40:24.503,0,0,0
1784587225.0037,15:40:25.003,0,0,0
1784587225.5035,15:40:25.503,0,0,0
1784587226.003,15:40:26.003,0,0,0
1784587226.5031,15:40:26.503,0,0,0
1784587227.0029,15:40:27.002,0.79,0.56,-0.25
1784587227.5025,15:40:27.502,0,0,0
1784587228.003,15:40:28.003,0,0,0
1784587228.503,15:40:28.503,0,0,0
1784587229.002,15:40:29.002,0,0,0
1784587229.5021,15:40:29.502,0,0,0
1784587230.0021,15:40:30.002,0,0,0
1784587230.5012,15:40:30.501,0.80,0.54,-0.26
1784587231.0015,15:40:31.001,0,0,0
1784587231.5017,15:40:31.501,0,0,0
1784587232.0011,15:40:32.001,0,0,0
1784587232.5008,15:40:32.500,0,0,0
1784587233.0007,15:40:33.000,0,0,0
1784587233.4999,15:40:33.499,0,0,0
1784587233.9997,15:40:33.999,0,0,0
1784587234.4998,15:40:34.499,0,0,0
1784587234.9997,15:40:34.999,0,0,0
1784587235.4997,15:40:35.499,0,0,0
1784587236.0,15:40:36.000,0.82,0.54,-0.20
1784587236.5,15:40:36.500,0.88,0.45,-0.13
1784587236.9992,15:40:36.999,0.88,0.46,-0.15
1784587237.4995,15:40:37.499,0.87,0.46,-0.16
1784587237.9994,15:40:37.999,0.85,0.49,-0.21
1784587238.4992,15:40:38.499,0.85,0.49,-0.20
1784587238.9995,15:40:38.999,0.85,0.48,-0.20
1784587239.4991,15:40:39.499,0.88,0.45,-0.11
1784587239.9987,15:40:39.998,0.91,0.41,-0.05
1784587240.499,15:40:40.499,0.97,0.11,0.23
1784587240.9984,15:40:40.998,0.97,0.11,0.24
1784587241.498,15:40:41.498,0.97,0.10,0.23
1784587241.9983,15:40:41.998,0.97,0.09,0.23
1784587242.4977,15:40:42.497,0.97,0.09,0.22
1784587242.9969,15:40:42.996,0.97,0.12,0.20
1784587243.4971,15:40:43.497,0.97,0.09,0.21
1784587243.9969,15:40:43.996,0.98,0.08,0.20
1784587244.4961,15:40:44.496,0.98,0.10,0.16
1784587244.9962,15:40:44.996,0.98,0.11,0.13
1784587245.4966,15:40:45.496,0.98,0.14,0.10
1784587245.9961,15:40:45.996,0.99,0.14,0.07
1784587246.4963,15:40:46.496,0.99,0.15,0.06
1784587246.9961,15:40:46.996,0.98,0.18,0.05
1784587247.4959,15:40:47.495,0.98,0.17,0.11
1784587247.9958,15:40:47.995,0.97,0.19,0.15
1784587248.4958,15:40:48.495,0.97,0.20,0.17
1784587248.9958,15:40:48.995,0.96,0.19,0.19
1784587249.4953,15:40:49.495,0.96,0.20,0.19
1784587249.9955,15:40:49.995,0.95,0.25,0.16
1784587250.4951,15:40:50.495,0.96,0.23,0.17
1784587250.9948,15:40:50.994,0.96,0.20,0.19
1784587251.4948,15:40:51.494,0.96,0.15,0.23
1784587251.9948,15:40:51.994,0.96,0.09,0.25
1784587252.4944,15:40:52.494,0.96,0.06,0.27
1784587252.9942,15:40:52.994,0.96,0.07,0.27
1784587253.4944,15:40:53.494,0.96,0.06,0.26
1784587253.9943,15:40:53.994,0.97,0.06,0.25
1784587254.4947,15:40:54.494,0.97,0.06,0.22
1784587254.9947,15:40:54.994,0.98,0.06,0.21
1784587255.4944,15:40:55.494,0.98,0.07,0.16
1784587255.9944,15:40:55.994,0.99,0.08,0.12
1784587256.494,15:40:56.494,0.99,0.10,0.11
1784587256.9933,15:40:56.993,0.98,0.17,0.08
1784587257.4933,15:40:57.493,0.98,0.15,0.09
1784587257.9935,15:40:57.993,0.99,0.11,0.13
1784587258.4929,15:40:58.492,0.88,0.45,-0.13
1784587258.9928,15:40:58.992,0.88,0.47,-0.10
1784587259.4928,15:40:59.492,0,0,0
1784587259.9922,15:40:59.992,0,0,0
1784587260.4919,15:41:00.491,0,0,0
1784587260.9921,15:41:00.992,0,0,0
1784587261.4915,15:41:01.491,0,0,0
1784587261.9914,15:41:01.991,0,0,0
1784587262.4916,15:41:02.491,0.85,0.50,-0.13
1784587262.9914,15:41:02.991,0,0,0
1784587263.4909,15:41:03.490,0,0,0
1784587263.9911,15:41:03.991,0,0,0
1784587264.4901,15:41:04.490,0,0,0
1784587264.9898,15:41:04.989,0,0,0
1784587265.4904,15:41:05.490,0,0,0
1784587265.9906,15:41:05.990,0,0,0
1784587266.4905,15:41:06.490,0,0,0
1784587266.9911,15:41:06.991,0,0,0
1784587267.4903,15:41:07.490,0,0,0
1784587267.9896,15:41:07.989,0,0,0
1784587268.49,15:41:08.490,0,0,0
1784587268.9892,15:41:08.989,0,0,0
1784587269.4891,15:41:09.489,0,0,0
1784587269.9895,15:41:09.989,0,0,0
1784587270.4887,15:41:10.488,0,0,0
1784587270.9884,15:41:10.988,0.85,0.49,-0.19
1784587271.4886,15:41:11.488,0.74,0.58,-0.33
1784587271.9882,15:41:11.988,0,0,0
1784587272.4881,15:41:12.488,0,0,0
1784587272.9879,15:41:12.987,0,0,0
1784587273.4881,15:41:13.488,0,0,0
1784587273.9878,15:41:13.987,0,0,0
1784587274.4875,15:41:14.487,0.72,0.60,-0.34
1784587274.9877,15:41:14.987,0,0,0
1784587275.4869,15:41:15.486,0.69,0.63,-0.37
1784587275.987,15:41:15.987,0.69,0.64,-0.33
1784587276.487,15:41:16.487,0,0,0
1784587276.9866,15:41:16.986,0,0,0
1784587277.4863,15:41:17.486,0,0,0
1784587277.9867,15:41:17.986,0,0,0
1784587278.4859,15:41:18.485,0,0,0
1784587278.9854,15:41:18.985,0,0,0
1784587279.486,15:41:19.486,0,0,0
1784587279.9858,15:41:19.985,0,0,0
1784587280.4857,15:41:20.485,0,0,0
1784587280.9857,15:41:20.985,0,0,0
1784587281.4856,15:41:21.485,0,0,0
1784587281.9857,15:41:21.985,0,0,0
1784587282.4857,15:41:22.485,0,0,0
1784587282.9849,15:41:22.984,0,0,0
1784587283.4842,15:41:23.484,0,0,0
1784587283.9848,15:41:23.984,0,0,0
1784587284.4846,15:41:24.484,0,0,0
1784587284.9843,15:41:24.984,0,0,0
1784587285.4849,15:41:25.484,0,0,0
1784587285.9851,15:41:25.985,0,0,0
1784587286.4846,15:41:26.484,0,0,0
1784587286.9848,15:41:26.984,0,0,0
1784587287.4848,15:41:27.484,0,0,0
1784587287.9843,15:41:27.984,0,0,0
1784587288.4839,15:41:28.483,0,0,0
1784587288.9837,15:41:28.983,0,0,0
1784587289.4832,15:41:29.483,0,0,0
1784587289.9832,15:41:29.983,0,0,0
1784587290.4832,15:41:30.483,0,0,0
1784587290.9827,15:41:30.982,0,0,0
1784587291.4827,15:41:31.482,0,0,0
1784587291.9825,15:41:31.982,0,0,0
1784587292.482,15:41:32.482,0,0,0
1784587292.9818,15:41:32.981,0,0,0
1784587293.4822,15:41:33.482,0,0,0
1784587293.9815,15:41:33.981,0,0,0
1784587294.4811,15:41:34.481,0.67,0.56,-0.49
1784587294.9813,15:41:34.981,0.77,0.53,-0.35
1784587295.4809,15:41:35.480,0.77,0.53,-0.35
1784587295.9808,15:41:35.980,0.69,0.59,-0.41
1784587296.4812,15:41:36.481,0.67,0.60,-0.43
1784587296.9808,15:41:36.980,0.67,0.61,-0.42
1784587297.4807,15:41:37.480,0.70,0.60,-0.38
1784587297.9809,15:41:37.980,0.77,0.56,-0.30
1784587298.4804,15:41:38.480,0.81,0.54,-0.23
1784587298.9803,15:41:38.980,0.86,0.49,-0.13
1784587299.4803,15:41:39.480,0.97,0.20,0.12
1784587299.9801,15:41:39.980,0.96,0.27,0.07
1784587300.4794,15:41:40.479,0.96,0.26,0.07
1784587300.9796,15:41:40.979,0.82,0.55,-0.18
1784587301.4796,15:41:41.479,0.87,0.48,-0.12
1784587301.9793,15:41:41.979,0.92,0.39,-0.01
1784587302.4791,15:41:42.479,0.94,0.34,0.03
1784587302.9793,15:41:42.979,0.96,0.27,0.04
1784587303.479,15:41:43.479,0.98,0.00,0.21
1784587303.979,15:41:43.979,0.98,-0.02,0.21
1784587304.4786,15:41:44.478,0.99,0.09,0.10
1784587304.9779,15:41:44.977,0,0,0
1784587305.4782,15:41:45.478,0.98,0.12,0.14
1784587305.978,15:41:45.978,0,0,0
1784587306.4771,15:41:46.477,0,0,0
1784587306.9767,15:41:46.976,0,0,0
1784587307.4771,15:41:47.477,0,0,0
1784587307.977,15:41:47.977,0,0,0
1784587308.477,15:41:48.477,0,0,0
1784587308.9772,15:41:48.977,0,0,0
1784587309.4771,15:41:49.477,0,0,0
1784587309.9765,15:41:49.976,0.98,0.05,0.18
1784587310.4765,15:41:50.476,0,0,0
1784587310.9758,15:41:50.975,0,0,0
1784587311.4757,15:41:51.475,0,0,0
1784587311.9757,15:41:51.975,0,0,0
1784587312.4758,15:41:52.475,0,0,0
1784587312.9756,15:41:52.975,0,0,0
1784587313.4759,15:41:53.475,0,0,0
1784587313.9758,15:41:53.975,0,0,0
1784587314.4752,15:41:54.475,0,0,0
1784587314.9758,15:41:54.975,0,0,0
1784587315.4757,15:41:55.475,0,0,0
1784587315.9747,15:41:55.974,0,0,0
1784587316.4749,15:41:56.474,0,0,0
1784587316.975,15:41:56.975,0,0,0
1784587317.4744,15:41:57.474,0.99,0.12,0.04
1784587317.9744,15:41:57.974,0.98,0.17,-0.02
1784587318.4743,15:41:58.474,0.96,0.27,-0.10
1784587318.9735,15:41:58.973,0.91,0.38,-0.15
1784587319.4733,15:41:59.473,0.84,0.49,-0.22
1784587319.9732,15:41:59.973,0.84,0.49,-0.23
1784587320.4728,15:42:00.472,0.88,0.43,-0.18
1784587320.9726,15:42:00.972,0,0,0
1784587321.4728,15:42:01.472,0,0,0
1784587321.9722,15:42:01.972,0.89,0.44,-0.16
1784587322.4722,15:42:02.472,0.87,0.46,-0.16
1784587322.9725,15:42:02.972,0,0,0
1784587323.4717,15:42:03.471,0,0,0
1784587323.9715,15:42:03.971,0,0,0
1784587324.4718,15:42:04.471,0,0,0
1784587324.9714,15:42:04.971,0,0,0
1784587325.4712,15:42:05.471,0,0,0
1784587325.9719,15:42:05.971,0,0,0
1784587326.4719,15:42:06.471,0.86,0.47,-0.17
1784587326.9715,15:42:06.971,0,0,0
1784587327.4716,15:42:07.471,0,0,0
1784587327.9712,15:42:07.971,0,0,0
1784587328.4704,15:42:08.470,0,0,0
1784587328.9709,15:42:08.970,0.88,0.45,-0.16
1784587329.4709,15:42:09.470,0,0,0
1784587329.9701,15:42:09.970,0.89,0.42,-0.17
1784587330.4706,15:42:10.470,0,0,0
1784587330.9708,15:42:10.970,0,0,0
1784587331.4704,15:42:11.470,0,0,0
1784587331.9706,15:42:11.970,0,0,0
1784587332.4703,15:42:12.470,0,0,0
1784587332.9697,15:42:12.969,0,0,0
1784587333.4699,15:42:13.469,0,0,0
1784587333.9696,15:42:13.969,0,0,0
1784587334.4688,15:42:14.468,0,0,0
1784587334.969,15:42:14.969,0,0,0
1784587335.4684,15:42:15.468,0,0,0
1784587335.968,15:42:15.968,0,0,0
1784587336.4676,15:42:16.467,0.89,0.42,-0.15
1784587336.9675,15:42:16.967,0.87,0.46,-0.18
1784587337.4671,15:42:17.467,0.79,0.55,-0.28
1784587337.9671,15:42:17.967,0.72,0.59,-0.37
1784587338.4672,15:42:18.467,0.72,0.58,-0.38
1784587338.967,15:42:18.967,0.71,0.59,-0.39
1784587339.467,15:42:19.467,0.76,0.55,-0.35
1784587339.967,15:42:19.967,0.83,0.50,-0.25
1784587340.4662,15:42:20.466,0,0,0
1784587340.9662,15:42:20.966,0,0,0
1784587341.4663,15:42:21.466,0,0,0
1784587341.9661,15:42:21.966,0,0,0
1784587342.4659,15:42:22.465,0,0,0
1784587342.966,15:42:22.966,0.85,0.48,-0.24
1784587343.4662,15:42:23.466,0.86,0.47,-0.20
1784587343.9656,15:42:23.965,0.85,0.48,-0.22
1784587344.4661,15:42:24.466,0.79,0.54,-0.28
1784587344.966,15:42:24.966,0,0,0
1784587345.4654,15:42:25.465,0.75,0.57,-0.33
1784587345.9659,15:42:25.965,0,0,0
1784587346.4654,15:42:26.465,0,0,0
1784587346.965,15:42:26.965,0,0,0
1784587347.4651,15:42:27.465,0.72,0.60,-0.35
1784587347.9649,15:42:27.964,0.71,0.61,-0.37
1784587348.4649,15:42:28.464,0,0,0
1784587348.9648,15:42:28.964,0,0,0
1784587349.4652,15:42:29.465,0,0,0
1784587349.9646,15:42:29.964,0,0,0
1784587350.4645,15:42:30.464,0,0,0
1784587350.9639,15:42:30.963,0,0,0
1784587351.4631,15:42:31.463,0,0,0
1784587351.9634,15:42:31.963,0,0,0
1784587352.4638,15:42:32.463,0,0,0
1784587352.963,15:42:32.963,0.69,0.60,-0.39
1784587353.4627,15:42:33.462,0.71,0.59,-0.38
1784587353.9627,15:42:33.962,0.72,0.59,-0.37
1784587354.4621,15:42:34.462,0.73,0.59,-0.35
1784587354.9616,15:42:34.961,0.74,0.59,-0.33
1784587355.4622,15:42:35.462,0.73,0.60,-0.32
1784587355.9618,15:42:35.961,0,0,0
1784587356.4613,15:42:36.461,0,0,0
1784587356.9621,15:42:36.962,0,0,0
1784587357.4621,15:42:37.462,0.77,0.58,-0.29
1784587357.9615,15:42:37.961,0.77,0.57,-0.27
1784587358.4618,15:42:38.461,0,0,0
1784587358.9614,15:42:38.961,0.78,0.57,-0.26
1784587359.4608,15:42:39.460,0.79,0.56,-0.25
1784587359.9613,15:42:39.961,0.79,0.56,-0.26
1784587360.4605,15:42:40.460,0,0,0
1784587360.9601,15:42:40.960,0,0,0
1784587361.4606,15:42:41.460,0.79,0.56,-0.27
1784587361.9606,15:42:41.960,0.83,0.52,-0.19
1784587362.4598,15:42:42.459,0.86,0.49,-0.16
1784587362.9597,15:42:42.959,0.85,0.50,-0.17
1784587363.4594,15:42:43.459,0.84,0.51,-0.21
1784587363.9588,15:42:43.958,0.83,0.52,-0.21
1784587364.4589,15:42:44.458,0.83,0.53,-0.17
1784587364.9589,15:42:44.958,0,0,0
1784587365.4585,15:42:45.458,0,0,0
1784587365.9586,15:42:45.958,0.88,0.45,-0.15
1784587366.4586,15:42:46.458,0.89,0.42,-0.16
1784587366.9581,15:42:46.958,0.81,0.50,-0.29
1784587367.4584,15:42:47.458,0.74,0.56,-0.37
1784587367.9581,15:42:47.958,0.69,0.59,-0.42
1784587368.4579,15:42:48.457,0.66,0.61,-0.43
1784587368.958,15:42:48.958,0.68,0.62,-0.39
1784587369.4582,15:42:49.458,0.72,0.60,-0.35
1784587369.9578,15:42:49.957,0.74,0.59,-0.32
1784587370.4577,15:42:50.457,0.73,0.59,-0.34
1784587370.9577,15:42:50.957,0,0,0
1784587371.4571,15:42:51.457,0,0,0
1784587371.957,15:42:51.957,0,0,0
1784587372.4576,15:42:52.457,0,0,0
1784587372.9574,15:42:52.957,0,0,0
1784587373.4569,15:42:53.456,0,0,0
1784587373.9573,15:42:53.957,0,0,0
1784587374.4565,15:42:54.456,0,0,0
1784587374.956,15:42:54.956,0,0,0
1784587375.4562,15:42:55.456,0,0,0
1784587375.9558,15:42:55.955,0,0,0
1784587376.4557,15:42:56.455,0,0,0
1784587376.9559,15:42:56.955,0,0,0
1784587377.4555,15:42:57.455,0,0,0
1784587377.9552,15:42:57.955,0,0,0
1784587378.455,15:42:58.455,0,0,0
1784587378.955,15:42:58.955,0,0,0
1784587379.4545,15:42:59.454,0.73,0.59,-0.34
1784587379.9545,15:42:59.954,0.71,0.60,-0.37
1784587380.4545,15:43:00.454,0.75,0.57,-0.35
1784587380.954,15:43:00.954,0.76,0.53,-0.38
1784587381.4542,15:43:01.454,0.69,0.58,-0.43
1784587381.954,15:43:01.954,0.69,0.59,-0.41
1784587382.4533,15:43:02.453,0,0,0
1784587382.9531,15:43:02.953,0,0,0
1784587383.4533,15:43:03.453,0,0,0
1784587383.953,15:43:03.953,0,0,0
1784587384.4522,15:43:04.452,0,0,0
1784587384.9522,15:43:04.952,0,0,0
1784587385.4525,15:43:05.452,0,0,0
1784587385.9518,15:43:05.951,0,0,0
1784587386.4522,15:43:06.452,0,0,0
1784587386.9519,15:43:06.951,0,0,0
1784587387.4517,15:43:07.451,0,0,0
1784587387.9519,15:43:07.951,0,0,0
1784587388.4517,15:43:08.451,0.70,0.62,-0.36
1784587388.9512,15:43:08.951,0.76,0.58,-0.30
1784587389.4516,15:43:09.451,0,0,0
1784587389.9511,15:43:09.951,0,0,0
1784587390.451,15:43:10.451,0.79,0.55,-0.28
1784587390.9514,15:43:10.951,0,0,0
1784587391.451,15:43:11.451,0,0,0
1784587391.9503,15:43:11.950,0,0,0
1784587392.4507,15:43:12.450,0.79,0.55,-0.26
1784587392.9499,15:43:12.949,0,0,0
1784587393.4494,15:43:13.449,0,0,0
1784587393.9498,15:43:13.949,0,0,0
1784587394.4498,15:43:14.449,0,0,0
1784587394.9493,15:43:14.949,0,0,0
1784587395.4495,15:43:15.449,0,0,0
1784587395.9494,15:43:15.949,0,0,0
1784587396.4489,15:43:16.448,0,0,0
1784587396.9483,15:43:16.948,0.81,0.52,-0.28
1784587397.4483,15:43:17.448,0,0,0
1784587397.9484,15:43:17.948,0,0,0
1784587398.4482,15:43:18.448,0,0,0
1784587398.9484,15:43:18.948,0,0,0
1784587399.448,15:43:19.448,0,0,0
1784587399.9474,15:43:19.947,0,0,0
1784587400.4474,15:43:20.447,0,0,0
1784587400.9473,15:43:20.947,0,0,0
1784587401.4469,15:43:21.446,0,0,0
1784587401.9475,15:43:21.947,0,0,0
1784587402.4472,15:43:22.447,0,0,0
1784587402.9472,15:43:22.947,0,0,0
1784587403.4476,15:43:23.447,0,0,0
1784587403.9475,15:43:23.947,0,0,0
1784587404.4465,15:43:24.446,0,0,0
1784587404.947,15:43:24.947,0.80,0.54,-0.27
1784587405.4474,15:43:25.447,0,0,0
1784587405.9474,15:43:25.947,0,0,0
1784587406.4474,15:43:26.447,0,0,0
1784587406.9473,15:43:26.947,0,0,0
1784587407.4465,15:43:27.446,0,0,0
1784587407.9463,15:43:27.946,0,0,0
1784587408.4464,15:43:28.446,0,0,0
1784587408.9458,15:43:28.945,0,0,0
1784587409.446,15:43:29.446,0,0,0
1784587409.9459,15:43:29.945,0.84,0.50,-0.20
1784587410.4453,15:43:30.445,0,0,0
1784587410.9448,15:43:30.944,0,0,0
1784587411.4447,15:43:31.444,0,0,0
1784587411.9445,15:43:31.944,0,0,0
1784587412.4443,15:43:32.444,0.87,0.46,-0.19
1784587412.9445,15:43:32.944,0,0,0
1784587413.4445,15:43:33.444,0,0,0
1784587413.9441,15:43:33.944,0,0,0
1784587414.4441,15:43:34.444,0,0,0
1784587414.9437,15:43:34.943,0,0,0
1784587415.4433,15:43:35.443,0,0,0
1784587415.9436,15:43:35.943,0.92,0.39,-0.09
1784587416.4434,15:43:36.443,0.92,0.38,-0.07
1784587416.9436,15:43:36.943,0.86,0.48,-0.16
1784587417.4441,15:43:37.444,0.78,0.58,-0.25
1784587417.9439,15:43:37.943,0.72,0.63,-0.29
1784587418.4437,15:43:38.443,0.70,0.63,-0.33
1784587418.9438,15:43:38.943,0.94,0.33,-0.08
1784587419.4434,15:43:39.443,0.95,0.31,-0.07
1784587419.9428,15:43:39.942,0.96,0.28,-0.06
1784587420.4431,15:43:40.443,0.97,0.23,-0.02
1784587420.9425,15:43:40.942,0.99,0.08,0.13
1784587421.4419,15:43:41.441,0.96,0.28,0.01
1784587421.9422,15:43:41.942,0,0,0
1784587422.4422,15:43:42.442,0,0,0
1784587422.9414,15:43:42.941,0.96,0.29,0.04
1784587423.4419,15:43:43.441,0.88,0.46,-0.11
1784587423.9413,15:43:43.941,0,0,0
1784587424.4407,15:43:44.440,0.83,0.53,-0.18
1784587424.941,15:43:44.941,0.83,0.53,-0.18
1784587425.4404,15:43:45.440,0.84,0.52,-0.15
1784587425.94,15:43:45.940,0.84,0.52,-0.14
1784587426.4397,15:43:46.439,0.83,0.52,-0.18
1784587426.9397,15:43:46.939,0,0,0
1784587427.4393,15:43:47.439,0,0,0
1784587427.9392,15:43:47.939,0,0,0
1784587428.4397,15:43:48.439,0.83,0.52,-0.18
1784587428.9391,15:43:48.939,0.84,0.51,-0.18
1784587429.4394,15:43:49.439,0.86,0.48,-0.16
1784587429.9392,15:43:49.939,0.86,0.47,-0.17
1784587430.4385,15:43:50.438,0.86,0.48,-0.19
1784587430.9382,15:43:50.938,0.83,0.50,-0.25
1784587431.4384,15:43:51.438,0.98,0.20,0.05
1784587431.938,15:43:51.938,0.98,0.20,0.05
1784587432.4379,15:43:52.437,0.83,0.51,-0.21
1784587432.9381,15:43:52.938,0.81,0.53,-0.26
1784587433.4383,15:43:53.438,0.80,0.54,-0.26
1784587433.938,15:43:53.938,0,0,0
1784587434.4376,15:43:54.437,0,0,0
1784587434.9374,15:43:54.937,0,0,0
1784587435.4371,15:43:55.437,0,0,0
1784587435.9371,15:43:55.937,0,0,0
1784587436.4371,15:43:56.437,0,0,0
1784587436.9362,15:43:56.936,0,0,0
1784587437.4366,15:43:57.436,0,0,0
1784587437.936,15:43:57.936,0,0,0
1784587438.4355,15:43:58.435,0,0,0
1784587438.9355,15:43:58.935,0,0,0
1784587439.4353,15:43:59.435,0,0,0
1784587439.9348,15:43:59.934,0,0,0
1784587440.4346,15:44:00.434,0,0,0
1784587440.9346,15:44:00.934,0,0,0
1784587441.4345,15:44:01.434,0,0,0
1784587441.9343,15:44:01.934,0,0,0
1784587442.4343,15:44:02.434,0,0,0
1784587442.9342,15:44:02.934,0,0,0
1784587443.4336,15:44:03.433,0,0,0
1784587443.934,15:44:03.934,0,0,0
1784587444.4334,15:44:04.433,0,0,0
1784587444.9332,15:44:04.933,0,0,0
1784587445.4338,15:44:05.433,0,0,0
1784587445.9341,15:44:05.934,0,0,0
1784587446.4339,15:44:06.433,0.64,0.63,-0.44
1784587446.9336,15:44:06.933,0,0,0
1784587447.4334,15:44:07.433,0,0,0
1784587447.933,15:44:07.933,0,0,0
1784587448.4334,15:44:08.433,0,0,0
1784587448.9335,15:44:08.933,0.83,0.50,-0.23
1784587449.4331,15:44:09.433,0,0,0
1784587449.9333,15:44:09.933,0,0,0
1784587450.4334,15:44:10.433,0.94,0.32,-0.08
1784587450.9328,15:44:10.932,0.94,0.33,-0.08
1784587451.433,15:44:11.433,0.93,0.36,-0.09
1784587451.9325,15:44:11.932,0,0,0
1784587452.4317,15:44:12.431,0,0,0
1784587452.9319,15:44:12.931,0,0,0
1784587453.4318,15:44:13.431,0,0,0
1784587453.931,15:44:13.931,0.83,0.52,-0.20
1784587454.4312,15:44:14.431,0.81,0.55,-0.21
1784587454.9313,15:44:14.931,0.79,0.56,-0.23
1784587455.4303,15:44:15.430,0,0,0
1784587455.9304,15:44:15.930,0,0,0
1784587456.4303,15:44:16.430,0,0,0
1784587456.9295,15:44:16.929,0,0,0
1784587457.4297,15:44:17.429,0,0,0
1784587457.9298,15:44:17.929,0,0,0
1784587458.4296,15:44:18.429,0,0,0
1784587458.9296,15:44:18.929,0,0,0
1784587459.4301,15:44:19.430,0,0,0
1784587459.9295,15:44:19.929,0,0,0
1784587460.4295,15:44:20.429,0.80,0.55,-0.24
1784587460.9294,15:44:20.929,0.85,0.48,-0.23
1784587461.429,15:44:21.429,0.84,0.48,-0.25
1784587461.9288,15:44:21.928,0.84,0.47,-0.27
1784587462.4291,15:44:22.429,0.84,0.46,-0.29
1784587462.9287,15:44:22.928,0.89,0.41,-0.22
1784587463.4287,15:44:23.428,0.91,0.37,-0.17
1784587463.9286,15:44:23.928,0.92,0.37,-0.16
1784587464.4282,15:44:24.428,0.99,0.10,0.12
1784587464.9278,15:44:24.927,0.92,0.36,-0.13
1784587465.4279,15:44:25.427,0.91,0.39,-0.12
1784587465.9277,15:44:25.927,0,0,0
1784587466.4269,15:44:26.426,0,0,0
1784587466.9269,15:44:26.926,0,0,0
1784587467.4266,15:44:27.426,0,0,0
1784587467.9264,15:44:27.926,0.91,0.41,-0.11
1784587468.4269,15:44:28.426,0,0,0
1784587468.9265,15:44:28.926,0,0,0
1784587469.4259,15:44:29.425,0,0,0
1784587469.9258,15:44:29.925,0,0,0
1784587470.4258,15:44:30.425,0,0,0
1784587470.9252,15:44:30.925,0,0,0
1784587471.4253,15:44:31.425,0,0,0
1784587471.9253,15:44:31.925,0,0,0
1784587472.4247,15:44:32.424,0,0,0
1784587472.9248,15:44:32.924,0,0,0
1784587473.425,15:44:33.425,0,0,0
1784587473.9246,15:44:33.924,0,0,0
1784587474.4245,15:44:34.424,0,0,0
1784587474.9247,15:44:34.924,0,0,0
1784587475.4243,15:44:35.424,0.92,0.39,-0.08
1784587475.9242,15:44:35.924,0.91,0.39,-0.12
1784587476.4242,15:44:36.424,0.89,0.43,-0.15
1784587476.9234,15:44:36.923,0,0,0
1784587477.4233,15:44:37.423,0,0,0
1784587477.9237,15:44:37.923,0,0,0
1784587478.4239,15:44:38.423,0,0,0
1784587478.9232,15:44:38.923,0,0,0
1784587479.4234,15:44:39.423,0,0,0
1784587479.923,15:44:39.923,0,0,0
1784587480.4225,15:44:40.422,0,0,0
1784587480.9225,15:44:40.922,0,0,0
1784587481.4222,15:44:41.422,0,0,0
1784587481.9215,15:44:41.921,0,0,0
1784587482.4217,15:44:42.421,0,0,0
1784587482.9215,15:44:42.921,0,0,0
1784587483.4207,15:44:43.420,0,0,0
1784587483.9208,15:44:43.920,0,0,0
1784587484.4206,15:44:44.420,0,0,0
1784587484.9204,15:44:44.920,0,0,0
1784587485.4206,15:44:45.420,0,0,0
1784587485.921,15:44:45.921,0,0,0
1784587486.4204,15:44:46.420,0,0,0
1784587486.9207,15:44:46.920,0,0,0
1784587487.4207,15:44:47.420,0,0,0
1784587487.9201,15:44:47.920,0,0,0
1784587488.4202,15:44:48.420,0,0,0
1784587488.9204,15:44:48.920,0,0,0
1784587489.4198,15:44:49.419,0.97,-0.14,0.21
1784587489.9197,15:44:49.919,0.98,0.19,0.02
1784587490.4199,15:44:50.419,0.98,0.18,0.02
1784587490.9199,15:44:50.919,0.96,0.28,-0.07
1784587491.4198,15:44:51.419,0.90,0.40,-0.19
1784587491.9195,15:44:51.919,0.87,0.43,-0.25
1784587492.4191,15:44:52.419,0.88,0.43,-0.22
1784587492.9192,15:44:52.919,0.92,0.37,-0.14
1784587493.4196,15:44:53.419,0,0,0
1784587493.9192,15:44:53.919,0,0,0
1784587494.4191,15:44:54.419,0,0,0
1784587494.9191,15:44:54.919,0,0,0
1784587495.4189,15:44:55.418,0,0,0
1784587495.9182,15:44:55.918,0,0,0
1784587496.4184,15:44:56.418,0,0,0
1784587496.9182,15:44:56.918,0,0,0
1784587497.4173,15:44:57.417,0,0,0
1784587497.9174,15:44:57.917,0,0,0
1784587498.4176,15:44:58.417,0,0,0
1784587498.9167,15:44:58.916,0,0,0
1784587499.4165,15:44:59.416,0,0,0
1784587499.9165,15:44:59.916,0,0,0
1784587500.4156,15:45:00.415,0,0,0
1784587500.9158,15:45:00.915,0,0,0
1784587501.4162,15:45:01.416,0,0,0
1784587501.9155,15:45:01.915,0,0,0
1784587502.4157,15:45:02.415,0,0,0
1784587502.9155,15:45:02.915,0,0,0
1784587503.4152,15:45:03.415,1.00,0.05,0.08
1784587503.9154,15:45:03.915,0.96,0.27,-0.05
1784587504.4152,15:45:04.415,0.96,0.27,-0.05
1784587504.9145,15:45:04.914,0,0,0
1784587505.4145,15:45:05.414,0,0,0
1784587505.9147,15:45:05.914,0,0,0
1784587506.4144,15:45:06.414,0,0,0
1784587506.9138,15:45:06.913,0,0,0
1784587507.414,15:45:07.414,0,0,0
1784587507.9139,15:45:07.913,0,0,0
1784587508.4135,15:45:08.413,0,0,0
1784587508.9139,15:45:08.913,0,0,0
1784587509.4138,15:45:09.413,0,0,0
1784587509.9136,15:45:09.913,0,0,0
1784587510.4134,15:45:10.413,0,0,0
1784587510.9133,15:45:10.913,0,0,0
1784587511.4127,15:45:11.412,0,0,0
1784587511.9125,15:45:11.912,0,0,0
1784587512.4122,15:45:12.412,0,0,0
1784587512.9114,15:45:12.911,0,0,0
1784587513.4114,15:45:13.411,0,0,0
1784587513.9109,15:45:13.910,0,0,0
1784587514.4103,15:45:14.410,0,0,0
1784587514.9103,15:45:14.910,0,0,0
1784587515.4104,15:45:15.410,0,0,0
1784587515.9098,15:45:15.909,0,0,0
1784587516.4104,15:45:16.410,0,0,0
1784587516.9105,15:45:16.910,0,0,0
1784587517.4099,15:45:17.409,0,0,0
1784587517.9101,15:45:17.910,0,0,0
1784587518.411,15:45:18.411,0,0,0
1784587518.9109,15:45:18.910,0.95,-0.20,0.25
1784587519.4105,15:45:19.410,0,0,0
1784587519.9106,15:45:19.910,0,0,0
1784587520.41,15:45:20.410,0,0,0
1784587520.9096,15:45:20.909,0,0,0
1784587521.4099,15:45:21.409,0,0,0
1784587521.9093,15:45:21.909,0,0,0
1784587522.4087,15:45:22.408,0,0,0
1784587522.9092,15:45:22.909,0,0,0
1784587523.4086,15:45:23.408,0,0,0
1784587523.9084,15:45:23.908,0,0,0
1784587524.4085,15:45:24.408,0,0,0
1784587524.9084,15:45:24.908,0,0,0
1784587525.4076,15:45:25.407,0,0,0
1784587525.9081,15:45:25.908,0,0,0
1784587526.4084,15:45:26.408,0,0,0
1784587526.9078,15:45:26.907,0,0,0
1784587527.4079,15:45:27.407,0,0,0
1784587527.9083,15:45:27.908,0,0,0
1784587528.4079,15:45:28.407,0.99,0.07,0.11
1784587528.9078,15:45:28.907,0,0,0
1784587529.4074,15:45:29.407,0,0,0
1784587529.9068,15:45:29.906,0,0,0
1784587530.4072,15:45:30.407,0,0,0
1784587530.9076,15:45:30.907,0,0,0
1784587531.407,15:45:31.407,0,0,0
1784587531.9071,15:45:31.907,0,0,0
1784587532.4071,15:45:32.407,0,0,0
1784587532.9065,15:45:32.906,0,0,0
1784587533.4066,15:45:33.406,0,0,0
1784587533.9066,15:45:33.906,0,0,0
1784587534.4058,15:45:34.405,0,0,0
1784587534.9058,15:45:34.905,0,0,0
1784587535.4056,15:45:35.405,0,0,0
1784587535.9054,15:45:35.905,0,0,0
1784587536.4053,15:45:36.405,0,0,0
1784587536.9055,15:45:36.905,0,0,0
1784587537.4051,15:45:37.405,0,0,0
1784587537.9046,15:45:37.904,0.99,0.10,0.08
1784587538.4049,15:45:38.404,0.99,0.14,0.01
1784587538.9045,15:45:38.904,0,0,0
1784587539.4048,15:45:39.404,0,0,0
1784587539.9048,15:45:39.904,0,0,0
1784587540.4044,15:45:40.404,0,0,0
1784587540.9037,15:45:40.903,0.99,0.13,-0.01
1784587541.4043,15:45:41.404,0.99,0.15,-0.02
1784587541.904,15:45:41.904,0,0,0
1784587542.4035,15:45:42.403,0,0,0
1784587542.9036,15:45:42.903,0,0,0
1784587543.4038,15:45:43.403,0,0,0
1784587543.9033,15:45:43.903,0,0,0
1784587544.4029,15:45:44.402,0,0,0
1784587544.9031,15:45:44.903,0,0,0
1784587545.4026,15:45:45.402,0,0,0
1784587545.9026,15:45:45.902,0,0,0
1784587546.4022,15:45:46.402,0,0,0
1784587546.9019,15:45:46.901,0,0,0
1784587547.4015,15:45:47.401,0,0,0
1784587547.9015,15:45:47.901,0,0,0
1784587548.4013,15:45:48.401,0,0,0
1784587548.9013,15:45:48.901,0,0,0
1784587549.4009,15:45:49.400,0,0,0
1784587549.9005,15:45:49.900,0.99,0.15,-0.02
1784587550.4007,15:45:50.400,0.98,0.18,-0.06
1784587550.9005,15:45:50.900,0,0,0
1784587551.4002,15:45:51.400,0,0,0
1784587551.9,15:45:51.900,0.99,0.16,-0.06
1784587552.4,15:45:52.400,0,0,0
1784587552.8999,15:45:52.899,0,0,0
1784587553.3993,15:45:53.399,0,0,0
1784587553.8997,15:45:53.899,1.00,0.06,0.03
1784587554.3998,15:45:54.399,0,0,0
1784587554.8992,15:45:54.899,0,0,0
1784587555.3993,15:45:55.399,0,0,0
1784587555.8987,15:45:55.898,0,0,0
1784587556.3977,15:45:56.397,0,0,0
1784587556.8981,15:45:56.898,0,0,0
1784587557.3977,15:45:57.397,0,0,0
1784587557.8975,15:45:57.897,0,0,0
1784587558.3982,15:45:58.398,0,0,0
1784587558.8976,15:45:58.897,0,0,0
1784587559.3972,15:45:59.397,0,0,0
1784587559.8977,15:45:59.897,0,0,0
1784587560.3975,15:46:00.397,0,0,0
1784587560.8972,15:46:00.897,0,0,0
1784587561.3973,15:46:01.397,0,0,0
1784587561.8971,15:46:01.897,0,0,0
1784587562.3965,15:46:02.396,0,0,0
1784587562.897,15:46:02.897,0,0,0
1784587563.3974,15:46:03.397,0,0,0
1784587563.8966,15:46:03.896,0,0,0
1784587564.3967,15:46:04.396,0,0,0
1784587564.8965,15:46:04.896,0,0,0
1784587565.3962,15:46:05.396,0,0,0
1784587565.8965,15:46:05.896,0,0,0
1784587566.3967,15:46:06.396,0,0,0
1784587566.8965,15:46:06.896,0,0,0
1784587567.3964,15:46:07.396,0,0,0
1784587567.8962,15:46:07.896,0,0,0
1784587568.3956,15:46:08.395,0,0,0
1784587568.8953,15:46:08.895,0,0,0
1784587569.3953,15:46:09.395,0,0,0
1784587569.8947,15:46:09.894,0,0,0
1784587570.3942,15:46:10.394,0,0,0
1784587570.8944,15:46:10.894,0,0,0
1784587571.3938,15:46:11.393,0,0,0
1784587571.8935,15:46:11.893,0,0,0
1784587572.3935,15:46:12.393,0,0,0
1784587572.8935,15:46:12.893,0,0,0
1784587573.3933,15:46:13.393,0,0,0
1784587573.8933,15:46:13.893,0,0,0
1784587574.3937,15:46:14.393,0,0,0
1784587574.8934,15:46:14.893,0,0,0
1784587575.3928,15:46:15.392,0,0,0
1784587575.8926,15:46:15.892,0,0,0
1784587576.3919,15:46:16.391,0,0,0
1784587576.8921,15:46:16.892,0,0,0
1784587577.3923,15:46:17.392,0,0,0
1784587577.892,15:46:17.892,0,0,0
1784587578.3918,15:46:18.391,0,0,0
1784587578.892,15:46:18.892,0,0,0
1784587579.3915,15:46:19.391,0,0,0
1784587579.8913,15:46:19.891,0,0,0
1784587580.3918,15:46:20.391,0,0,0
1784587580.8913,15:46:20.891,0,0,0
1784587581.3911,15:46:21.391,0,0,0
1784587581.8913,15:46:21.891,0,0,0
1784587582.3912,15:46:22.391,0,0,0
1784587582.8908,15:46:22.890,0,0,0
1784587583.391,15:46:23.391,0,0,0
1784587583.8907,15:46:23.890,0,0,0
1784587584.3905,15:46:24.390,0,0,0
1784587584.8907,15:46:24.890,0.84,0.46,-0.28
1784587585.3902,15:46:25.390,0,0,0
1784587585.89,15:46:25.890,0,0,0
1784587586.39,15:46:26.390,0.81,0.52,-0.25
1784587586.8897,15:46:26.889,0,0,0
1784587587.3893,15:46:27.389,0,0,0
1784587587.8895,15:46:27.889,0,0,0
1784587588.389,15:46:28.389,0,0,0
1784587588.8882,15:46:28.888,0,0,0
1784587589.3882,15:46:29.388,0.87,0.46,-0.19
1784587589.8883,15:46:29.888,0.86,0.45,-0.22
1784587590.3873,15:46:30.387,0.91,0.38,-0.15
1784587590.8875,15:46:30.887,0,0,0
1784587591.388,15:46:31.388,0,0,0
1784587591.887,15:46:31.887,0,0,0
1784587592.3872,15:46:32.387,0,0,0
1784587592.8873,15:46:32.887,0,0,0
1784587593.3865,15:46:33.386,0,0,0
1784587593.8863,15:46:33.886,0,0,0
1784587594.3862,15:46:34.386,0,0,0
1784587594.8856,15:46:34.885,0,0,0
1784587595.3858,15:46:35.385,0,0,0
1784587595.8861,15:46:35.886,0,0,0
1784587596.3855,15:46:36.385,0,0,0
1784587596.8855,15:46:36.885,0,0,0
1784587597.386,15:46:37.386,0,0,0
1784587597.8852,15:46:37.885,0,0,0
1784587598.3848,15:46:38.384,0,0,0
1784587598.8852,15:46:38.885,0.92,0.35,-0.17
1784587599.3845,15:46:39.384,0,0,0
1784587599.8841,15:46:39.884,0,0,0
1784587600.3846,15:46:40.384,0,0,0
1784587600.884,15:46:40.884,0,0,0
1784587601.3833,15:46:41.383,0,0,0
1784587601.8836,15:46:41.883,0,0,0
1784587602.3834,15:46:42.383,0,0,0
1784587602.883,15:46:42.883,0,0,0
1784587603.3833,15:46:43.383,0,0,0
1784587603.8836,15:46:43.883,0,0,0
1784587604.383,15:46:44.383,0,0,0
1784587604.8831,15:46:44.883,0,0,0
1784587605.3834,15:46:45.383,0,0,0
1784587605.883,15:46:45.883,0,0,0
1784587606.3833,15:46:46.383,0,0,0
1784587606.8833,15:46:46.883,0,0,0
1784587607.3833,15:46:47.383,0,0,0
1784587607.8833,15:46:47.883,0,0,0
1784587608.3831,15:46:48.383,0,0,0
1784587608.8826,15:46:48.882,0,0,0
1784587609.3824,15:46:49.382,0,0,0
1784587609.8826,15:46:49.882,0,0,0
1784587610.3825,15:46:50.382,0,0,0
1784587610.8823,15:46:50.882,0,0,0
1784587611.3825,15:46:51.382,0,0,0
1784587611.882,15:46:51.882,0,0,0
1784587612.3818,15:46:52.381,0,0,0
1784587612.8822,15:46:52.882,0,0,0
1784587613.3818,15:46:53.381,0,0,0
1784587613.8814,15:46:53.881,0,0,0
1784587614.3814,15:46:54.381,0,0,0
1784587614.8811,15:46:54.881,0,0,0
1784587615.3807,15:46:55.380,0,0,0
1784587615.8805,15:46:55.880,0,0,0
1784587616.38,15:46:56.380,0,0,0
1784587616.8796,15:46:56.879,0,0,0
1784587617.3794,15:46:57.379,0,0,0
1784587617.8792,15:46:57.879,0,0,0
1784587618.3782,15:46:58.378,0,0,0
1784587618.8782,15:46:58.878,0,0,0
1784587619.3787,15:46:59.378,0,0,0
1784587619.8781,15:46:59.878,0,0,0
1784587620.3783,15:47:00.378,0,0,0
1784587620.8784,15:47:00.878,0,0,0
1784587621.378,15:47:01.378,0,0,0
1784587621.8782,15:47:01.878,0,0,0
1784587622.3785,15:47:02.378,0,0,0
1784587622.8777,15:47:02.877,0.99,0.09,0.08
1784587623.3781,15:47:03.378,0.95,0.29,-0.07
1784587623.8784,15:47:03.878,0.96,0.28,-0.08
1784587624.3776,15:47:04.377,0.94,0.33,-0.12
1784587624.8772,15:47:04.877,0.85,0.46,-0.24
1784587625.3773,15:47:05.377,0.85,0.48,-0.23
1784587625.8767,15:47:05.876,0.89,0.41,-0.19
1784587626.3765,15:47:06.376,0.96,0.28,-0.05
1784587626.877,15:47:06.877,0.97,0.25,-0.03
1784587627.3768,15:47:07.376,0.96,0.26,0.01
1784587627.8762,15:47:07.876,0.93,0.37,-0.07
1784587628.3764,15:47:08.376,0.92,0.38,-0.07
1784587628.876,15:47:08.876,0.92,0.39,-0.04
1784587629.3752,15:47:09.375,0.97,0.09,0.21
1784587629.8757,15:47:09.875,0.94,0.34,0.02
1784587630.3755,15:47:10.375,0.93,0.35,0.06
1784587630.8747,15:47:10.874,0,0,0
1784587631.3748,15:47:11.374,0,0,0
1784587631.8748,15:47:11.874,0,0,0
1784587632.3742,15:47:12.374,0,0,0
1784587632.8745,15:47:12.874,0,0,0
1784587633.3744,15:47:13.374,0,0,0
1784587633.8736,15:47:13.873,0,0,0
1784587634.3739,15:47:14.373,0,0,0
1784587634.8741,15:47:14.874,0,0,0
1784587635.3739,15:47:15.373,0,0,0
1784587635.8742,15:47:15.874,0,0,0
1784587636.3735,15:47:16.373,0,0,0
1784587636.8725,15:47:16.872,0,0,0
1784587637.3728,15:47:17.372,0,0,0
1784587637.8732,15:47:17.873,0.96,0.28,0.05
1784587638.3728,15:47:18.372,0.98,0.18,0.09
1784587638.8731,15:47:18.873,0.99,0.17,0.04
1784587639.3733,15:47:19.373,0,0,0
1784587639.8723,15:47:19.872,0,0,0
1784587640.3722,15:47:20.372,0.99,0.11,0.07
1784587640.8724,15:47:20.872,0.99,-0.02,0.13
1784587641.372,15:47:21.372,0.99,-0.08,0.14
1784587641.8721,15:47:21.872,0.99,-0.08,0.14
1784587642.3725,15:47:22.372,1.00,0.01,0.06
1784587642.8721,15:47:22.872,1.00,0.04,0.08
1784587643.3722,15:47:23.372,0,0,0
1784587643.872,15:47:23.872,0,0,0
1784587644.371,15:47:24.371,0,0,0
1784587644.8709,15:47:24.870,0,0,0
1784587645.3707,15:47:25.370,0,0,0
1784587645.8703,15:47:25.870,0,0,0
1784587646.3706,15:47:26.370,0.99,0.03,0.09
1784587646.8704,15:47:26.870,0,0,0
1784587647.3703,15:47:27.370,1.00,0.02,0.09
1784587647.8697,15:47:27.869,0,0,0
1784587648.3695,15:47:28.369,0,0,0
1784587648.8696,15:47:28.869,0,0,0
1784587649.3689,15:47:29.368,0,0,0
1784587649.8693,15:47:29.869,0,0,0
1784587650.369,15:47:30.369,0,0,0
1784587650.8688,15:47:30.868,0,0,0
1784587651.3689,15:47:31.368,1.00,0.00,0.09
1784587651.8688,15:47:31.868,0,0,0
1784587652.3683,15:47:32.368,0,0,0
1784587652.8686,15:47:32.868,0,0,0
1784587653.3688,15:47:33.368,0,0,0
1784587653.8684,15:47:33.868,0.99,-0.05,0.13
1784587654.3682,15:47:34.368,0.99,-0.05,0.13
1784587654.8685,15:47:34.868,1.00,0.06,0.04
1784587655.3679,15:47:35.367,0,0,0
1784587655.8673,15:47:35.867,0,0,0
1784587656.3678,15:47:36.367,0.99,0.15,-0.02
1784587656.8674,15:47:36.867,0.99,0.15,-0.03
1784587657.367,15:47:37.367,0.99,0.15,-0.03
1784587657.8673,15:47:37.867,0.97,0.22,-0.08
1784587658.367,15:47:38.367,0.97,0.25,-0.02
1784587658.8668,15:47:38.866,0.96,0.27,0.03
1784587659.3667,15:47:39.366,0,0,0
1784587659.8661,15:47:39.866,0,0,0
1784587660.3655,15:47:40.365,0,0,0
1784587660.8655,15:47:40.865,0,0,0
1784587661.3657,15:47:41.365,0,0,0
1784587661.8653,15:47:41.865,0,0,0
1784587662.3656,15:47:42.365,0,0,0
1784587662.8654,15:47:42.865,0,0,0
1784587663.3652,15:47:43.365,0,0,0
1784587663.8654,15:47:43.865,0,0,0
1784587664.3648,15:47:44.364,0,0,0
1784587664.8646,15:47:44.864,0,0,0
1784587665.3649,15:47:45.364,0,0,0
1784587665.8647,15:47:45.864,0,0,0
1784587666.3641,15:47:46.364,0,0,0
1784587666.8644,15:47:46.864,0,0,0
1784587667.3641,15:47:47.364,0,0,0
1784587667.8636,15:47:47.863,0,0,0
1784587668.3636,15:47:48.363,0.96,0.27,0.05
1784587668.8634,15:47:48.863,0.98,0.17,0.09
1784587669.3635,15:47:49.363,0,0,0
1784587669.8635,15:47:49.863,0.98,0.16,0.09
1784587670.3635,15:47:50.363,0,0,0
1784587670.8628,15:47:50.862,0,0,0
1784587671.3628,15:47:51.362,0.99,0.14,0.08
1784587671.8626,15:47:51.862,0.98,0.18,0.04
1784587672.3617,15:47:52.361,0.98,0.20,0.01
1784587672.8613,15:47:52.861,0.97,0.24,-0.02
1784587673.3616,15:47:53.361,0.96,0.26,-0.06
1784587673.8613,15:47:53.861,0.95,0.29,-0.07
1784587674.3617,15:47:54.361,0,0,0
1784587674.8617,15:47:54.861,0,0,0
1784587675.3614,15:47:55.361,0,0,0
1784587675.8606,15:47:55.860,0,0,0
1784587676.3612,15:47:56.361,0.93,0.35,-0.10
1784587676.8605,15:47:56.860,0,0,0
1784587677.3604,15:47:57.360,0,0,0
1784587677.861,15:47:57.861,0,0,0
1784587678.3605,15:47:58.360,0,0,0
1784587678.8601,15:47:58.860,0,0,0
1784587679.3603,15:47:59.360,0.93,0.35,-0.09
1784587679.86,15:47:59.860,0.92,0.37,-0.11
1784587680.3598,15:48:00.359,0,0,0
1784587680.86,15:48:00.860,0,0,0
1784587681.3597,15:48:01.359,0,0,0
1784587681.8589,15:48:01.858,0,0,0
1784587682.3589,15:48:02.358,0,0,0
1784587682.8594,15:48:02.859,0,0,0
1784587683.3586,15:48:03.358,0,0,0
1784587683.8588,15:48:03.858,0,0,0
1784587684.3585,15:48:04.358,0,0,0
1784587684.8575,15:48:04.857,0,0,0
1784587685.3575,15:48:05.357,0,0,0
1784587685.8578,15:48:05.857,0,0,0
1784587686.3576,15:48:06.357,0,0,0
1784587686.8576,15:48:06.857,0,0,0
1784587687.3581,15:48:07.358,0,0,0
1784587687.8575,15:48:07.857,0,0,0
1784587688.3578,15:48:08.357,0,0,0
1784587688.858,15:48:08.858,0,0,0
1784587689.357,15:48:09.357,0,0,0
1784587689.8569,15:48:09.856,0,0,0
1784587690.3575,15:48:10.357,0,0,0
1784587690.8567,15:48:10.856,0,0,0
1784587691.3566,15:48:11.356,0,0,0
1784587691.8568,15:48:11.856,0,0,0
1784587692.356,15:48:12.356,0,0,0
1784587692.8557,15:48:12.855,0,0,0
1784587693.3561,15:48:13.356,0,0,0
1784587693.8557,15:48:13.855,0,0,0
1784587694.3557,15:48:14.355,0,0,0
1784587694.856,15:48:14.856,0,0,0
1784587695.3558,15:48:15.355,0,0,0
1784587695.8549,15:48:15.854,0,0,0
1784587696.3551,15:48:16.355,0.97,-0.14,0.17
1784587696.8549,15:48:16.854,0,0,0
1784587697.3544,15:48:17.354,0,0,0
1784587697.8548,15:48:17.854,0,0,0
1784587698.3548,15:48:18.354,0,0,0
1784587698.8539,15:48:18.853,0,0,0
1784587699.3543,15:48:19.354,0,0,0
1784587699.8545,15:48:19.854,0,0,0
1784587700.3536,15:48:20.353,0,0,0
1784587700.8538,15:48:20.853,0,0,0
1784587701.3536,15:48:21.353,0,0,0
1784587701.8533,15:48:21.853,0,0,0
1784587702.3533,15:48:22.353,0,0,0
1784587702.8536,15:48:22.853,0,0,0
1784587703.353,15:48:23.353,0,0,0
1784587703.8526,15:48:23.852,0,0,0
1784587704.3521,15:48:24.352,0,0,0
1784587704.8517,15:48:24.851,0,0,0
1784587705.3519,15:48:25.351,0,0,0
1784587705.8519,15:48:25.851,0,0,0
1784587706.3511,15:48:26.351,0,0,0
1784587706.8513,15:48:26.851,0,0,0
1784587707.3512,15:48:27.351,0,0,0
1784587707.8508,15:48:27.850,0,0,0
1784587708.3506,15:48:28.350,0,0,0
1784587708.8505,15:48:28.850,0,0,0
1784587709.3502,15:48:29.350,0,0,0
1784587709.8498,15:48:29.849,0,0,0
1784587710.3503,15:48:30.350,0,0,0
1784587710.8501,15:48:30.850,0,0,0
1784587711.3495,15:48:31.349,0,0,0
1784587711.8494,15:48:31.849,0,0,0
1784587712.3494,15:48:32.349,1.00,0.08,0.03
1784587712.8486,15:48:32.848,0,0,0
1784587713.3491,15:48:33.349,0,0,0
1784587713.8487,15:48:33.848,0,0,0
1784587714.3483,15:48:34.348,0,0,0
1784587714.8488,15:48:34.848,0,0,0
1784587715.3488,15:48:35.348,0,0,0
1784587715.848,15:48:35.848,0,0,0
1784587716.348,15:48:36.348,0,0,0
1784587716.8484,15:48:36.848,0,0,0
1784587717.3478,15:48:37.347,0,0,0
1784587717.8477,15:48:37.847,0,0,0
1784587718.3475,15:48:38.347,0,0,0
1784587718.8473,15:48:38.847,0,0,0
1784587719.347,15:48:39.347,0,0,0
1784587719.8476,15:48:39.847,0,0,0
1784587720.3473,15:48:40.347,0.95,0.32,-0.04
1784587720.8468,15:48:40.846,0.91,0.40,-0.07
1784587721.3468,15:48:41.346,0.89,0.44,-0.10
1784587721.8464,15:48:41.846,0.86,0.48,-0.16
1784587722.3459,15:48:42.345,0.77,0.57,-0.28
1784587722.8458,15:48:42.845,0.74,0.60,-0.31
1784587723.3459,15:48:43.345,0.72,0.62,-0.31
1784587723.846,15:48:43.846,0.72,0.62,-0.31
1784587724.3458,15:48:44.345,0.72,0.63,-0.30
1784587724.8455,15:48:44.845,0.74,0.61,-0.27
1784587725.3447,15:48:45.344,0.78,0.57,-0.25
1784587725.8447,15:48:45.844,0,0,0
1784587726.345,15:48:46.345,0.78,0.56,-0.28
1784587726.8444,15:48:46.844,0.83,0.51,-0.23
1784587727.345,15:48:47.345,0,0,0
1784587727.8453,15:48:47.845,0,0,0
1784587728.3451,15:48:48.345,0,0,0
1784587728.8453,15:48:48.845,0,0,0
1784587729.345,15:48:49.345,0,0,0
1784587729.8445,15:48:49.844,0,0,0
1784587730.3445,15:48:50.344,0,0,0
1784587730.8446,15:48:50.844,0,0,0
1784587731.344,15:48:51.344,0,0,0
1784587731.8438,15:48:51.843,0,0,0
1784587732.3435,15:48:52.343,0,0,0
1784587732.8427,15:48:52.842,0,0,0
1784587733.3427,15:48:53.342,0,0,0
1784587733.8425,15:48:53.842,0,0,0
1784587734.342,15:48:54.342,0,0,0
1784587734.8422,15:48:54.842,0,0,0
1784587735.3423,15:48:55.342,0,0,0
1784587735.8423,15:48:55.842,0,0,0
1784587736.3419,15:48:56.341,0.83,0.51,-0.23
1784587736.8417,15:48:56.841,0.81,0.55,-0.21
1784587737.3413,15:48:57.341,0.81,0.55,-0.20
1784587737.8411,15:48:57.841,0,0,0
1784587738.3412,15:48:58.341,0.79,0.58,-0.21
1784587738.8412,15:48:58.841,0.75,0.62,-0.24
1784587739.3405,15:48:59.340,0.74,0.60,-0.30
1784587739.841,15:48:59.841,0.73,0.61,-0.32
1784587740.341,15:49:00.341,0,0,0
1784587740.8412,15:49:00.841,0,0,0
1784587741.3413,15:49:01.341,0,0,0
1784587741.8405,15:49:01.840,0,0,0
1784587742.3398,15:49:02.339,0,0,0
1784587742.8403,15:49:02.840,0,0,0
1784587743.3403,15:49:03.340,0,0,0
1784587743.8402,15:49:03.840,0,0,0
1784587744.3404,15:49:04.340,0,0,0
1784587744.8402,15:49:04.840,0,0,0
1784587745.3397,15:49:05.339,0.74,0.61,-0.29
1784587745.8397,15:49:05.839,0.74,0.61,-0.29
1784587746.3393,15:49:06.339,0,0,0
1784587746.8388,15:49:06.838,0.72,0.63,-0.30
1784587747.3386,15:49:07.338,0.72,0.63,-0.30
1784587747.8388,15:49:07.838,0.72,0.62,-0.30
1784587748.3383,15:49:08.338,0.72,0.63,-0.29
1784587748.8383,15:49:08.838,0,0,0
1784587749.3383,15:49:09.338,0,0,0
1784587749.8376,15:49:09.837,0.73,0.63,-0.28
1784587750.3376,15:49:10.337,0,0,0
1784587750.8372,15:49:10.837,0,0,0
1784587751.3369,15:49:11.336,0,0,0
1784587751.8365,15:49:11.836,0,0,0
1784587752.3365,15:49:12.336,0,0,0
1784587752.8362,15:49:12.836,0,0,0
1784587753.3362,15:49:13.336,0,0,0
1784587753.8366,15:49:13.836,0,0,0
1784587754.336,15:49:14.336,0,0,0
1784587754.836,15:49:14.836,0,0,0
1784587755.3358,15:49:15.335,0,0,0
1784587755.8356,15:49:15.835,0,0,0
1784587756.3354,15:49:16.335,0,0,0
1784587756.8358,15:49:16.835,0,0,0
1784587757.3351,15:49:17.335,0,0,0
1784587757.8343,15:49:17.834,0,0,0
1784587758.3343,15:49:18.334,0,0,0
1784587758.8346,15:49:18.834,0,0,0
1784587759.334,15:49:19.334,0.74,0.61,-0.30
1784587759.8347,15:49:19.834,0.88,0.45,-0.17
1784587760.3347,15:49:20.334,0,0,0
1784587760.8339,15:49:20.833,0,0,0
1784587761.334,15:49:21.334,0,0,0
1784587761.8344,15:49:21.834,0,0,0
1784587762.3336,15:49:22.333,0,0,0
1784587762.8339,15:49:22.833,0,0,0
1784587763.3337,15:49:23.333,0,0,0
1784587763.8333,15:49:23.833,0,0,0
1784587764.3332,15:49:24.333,0,0,0
1784587764.8336,15:49:24.833,0,0,0
1784587765.333,15:49:25.333,0,0,0
1784587765.8329,15:49:25.832,0.93,0.37,-0.07
1784587766.3333,15:49:26.333,0,0,0
1784587766.8325,15:49:26.832,0,0,0
1784587767.333,15:49:27.333,0,0,0
1784587767.8326,15:49:27.832,0,0,0
1784587768.3322,15:49:28.332,0.94,0.34,-0.08
1784587768.8319,15:49:28.831,0.93,0.36,-0.07
1784587769.3315,15:49:29.331,0.90,0.39,-0.19
1784587769.8311,15:49:29.831,0.90,0.38,-0.22
1784587770.3311,15:49:30.331,0.88,0.40,-0.24
1784587770.8313,15:49:30.831,0.83,0.49,-0.28
1784587771.3309,15:49:31.330,0,0,0
1784587771.8308,15:49:31.830,0,0,0
1784587772.3309,15:49:32.330,0,0,0
1784587772.8305,15:49:32.830,0,0,0
1784587773.3302,15:49:33.330,0,0,0
1784587773.8304,15:49:33.830,0.82,0.51,-0.27
1784587774.3303,15:49:34.330,0,0,0
1784587774.8299,15:49:34.829,0,0,0
1784587775.3299,15:49:35.329,0,0,0
1784587775.83,15:49:35.830,0,0,0
1784587776.3294,15:49:36.329,0,0,0
1784587776.8292,15:49:36.829,0,0,0
1784587777.3293,15:49:37.329,0,0,0
1784587777.8287,15:49:37.828,0,0,0
1784587778.3287,15:49:38.328,0,0,0
1784587778.8286,15:49:38.828,0,0,0
1784587779.3282,15:49:39.328,0,0,0
1784587779.828,15:49:39.828,0,0,0
1784587780.3283,15:49:40.328,0.89,0.41,-0.18
1784587780.8275,15:49:40.827,0,0,0
1784587781.3273,15:49:41.327,0,0,0
1784587781.828,15:49:41.828,0,0,0
1784587782.3272,15:49:42.327,0,0,0
1784587782.827,15:49:42.827,0,0,0
1784587783.3277,15:49:43.327,0,0,0
1784587783.8273,15:49:43.827,0,0,0
1784587784.3265,15:49:44.326,0,0,0
1784587784.827,15:49:44.827,0,0,0
1784587785.3266,15:49:45.326,0,0,0
1784587785.8264,15:49:45.826,0,0,0
1784587786.3263,15:49:46.326,0,0,0
1784587786.8257,15:49:46.825,0,0,0
1784587787.3251,15:49:47.325,0,0,0
1784587787.8256,15:49:47.825,0,0,0
1784587788.3254,15:49:48.325,0,0,0
1784587788.8248,15:49:48.824,0,0,0
1784587789.3252,15:49:49.325,0,0,0
1784587789.8252,15:49:49.825,0,0,0
1784587790.3248,15:49:50.324,0,0,0
1784587790.8249,15:49:50.824,0,0,0
1784587791.3245,15:49:51.324,0,0,0
1784587791.8239,15:49:51.823,0,0,0
1784587792.324,15:49:52.324,0,0,0
1784587792.8238,15:49:52.823,0,0,0
1784587793.3232,15:49:53.323,0,0,0
1784587793.8231,15:49:53.823,0,0,0
1784587794.3233,15:49:54.323,0,0,0
1784587794.8228,15:49:54.822,0.93,0.34,-0.16
1784587795.3228,15:49:55.322,0.91,0.39,-0.12
1784587795.8228,15:49:55.822,0.89,0.44,-0.15
1784587796.3221,15:49:56.322,0.81,0.53,-0.27
1784587796.8221,15:49:56.822,0.77,0.56,-0.30
1784587797.3223,15:49:57.322,0,0,0
1784587797.8218,15:49:57.821,0,0,0
1784587798.322,15:49:58.322,0,0,0
1784587798.8218,15:49:58.821,0,0,0
1784587799.3211,15:49:59.321,0,0,0
1784587799.8211,15:49:59.821,0,0,0
1784587800.3213,15:50:00.321,0,0,0
1784587800.8214,15:50:00.821,0,0,0
1784587801.3208,15:50:01.320,0,0,0
1784587801.8209,15:50:01.820,0,0,0
1784587802.3206,15:50:02.320,0,0,0
1784587802.8202,15:50:02.820,0,0,0
1784587803.3204,15:50:03.320,0,0,0
1784587803.8198,15:50:03.819,0,0,0
1784587804.3192,15:50:04.319,0,0,0
1784587804.8194,15:50:04.819,0,0,0
1784587805.3193,15:50:05.319,0,0,0
1784587805.8187,15:50:05.818,0,0,0
1784587806.3191,15:50:06.319,0,0,0
1784587806.8196,15:50:06.819,0,0,0
1784587807.3188,15:50:07.318,0,0,0
1784587807.8192,15:50:07.819,0,0,0
1784587808.3195,15:50:08.319,0,0,0
1784587808.8189,15:50:08.818,0,0,0
1784587809.3187,15:50:09.318,0,0,0
1784587809.8192,15:50:09.819,0,0,0
1784587810.3186,15:50:10.318,0,0,0
1784587810.8184,15:50:10.818,0,0,0
1784587811.3189,15:50:11.318,0,0,0
1784587811.8179,15:50:11.817,0,0,0
1784587812.3179,15:50:12.317,0,0,0
1784587812.8182,15:50:12.818,0,0,0
1784587813.3179,15:50:13.317,0,0,0
1784587813.8177,15:50:13.817,0,0,0
1784587814.3181,15:50:14.318,0,0,0
1784587814.8177,15:50:14.817,0,0,0
1784587815.3174,15:50:15.317,0,0,0
1784587815.8179,15:50:15.817,0,0,0
1784587816.3173,15:50:16.317,0,0,0
1784587816.8167,15:50:16.816,0,0,0
1784587817.3171,15:50:17.317,0,0,0
1784587817.8167,15:50:17.816,0.72,0.64,-0.26
1784587818.3163,15:50:18.316,0.79,0.58,-0.21
1784587818.8166,15:50:18.816,0,0,0
1784587819.3164,15:50:19.316,0,0,0
1784587819.8156,15:50:19.815,0.80,0.57,-0.20
1784587820.3158,15:50:20.315,0.77,0.58,-0.27
1784587820.8152,15:50:20.815,0.75,0.59,-0.31
1784587821.3147,15:50:21.314,0.72,0.61,-0.35
1784587821.8147,15:50:21.814,0.69,0.62,-0.37
1784587822.3147,15:50:22.314,0.70,0.64,-0.33
1784587822.8146,15:50:22.814,0.70,0.64,-0.33
1784587823.3146,15:50:23.314,0.71,0.62,-0.34
1784587823.8145,15:50:23.814,0.77,0.56,-0.29
1784587824.3142,15:50:24.314,0,0,0
1784587824.8142,15:50:24.814,0,0,0
1784587825.3138,15:50:25.313,0,0,0
1784587825.8135,15:50:25.813,0,0,0
1784587826.3135,15:50:26.313,0,0,0
1784587826.8133,15:50:26.813,0,0,0
1784587827.313,15:50:27.313,0,0,0
1784587827.813,15:50:27.813,0,0,0
1784587828.3127,15:50:28.312,0,0,0
1784587828.8125,15:50:28.812,0,0,0
1784587829.3127,15:50:29.312,0,0,0
1784587829.8132,15:50:29.813,0,0,0
1784587830.3132,15:50:30.313,0,0,0
1784587830.8125,15:50:30.812,0,0,0
1784587831.3122,15:50:31.312,0,0,0
1784587831.8118,15:50:31.811,0,0,0
1784587832.3112,15:50:32.311,0.86,0.48,-0.20
1784587832.8113,15:50:32.811,0,0,0
1784587833.3109,15:50:33.310,0,0,0
1784587833.8109,15:50:33.810,0,0,0
1784587834.3112,15:50:34.311,0,0,0
1784587834.8104,15:50:34.810,0,0,0
1784587835.3102,15:50:35.310,0,0,0
1784587835.8105,15:50:35.810,0,0,0
1784587836.3103,15:50:36.310,0,0,0
1784587836.8096,15:50:36.809,0.87,0.47,-0.17
1784587837.3101,15:50:37.310,0.87,0.48,-0.13
1784587837.8097,15:50:37.809,0.87,0.47,-0.13
1784587838.3094,15:50:38.309,0.88,0.46,-0.12
1784587838.8094,15:50:38.809,0,0,0
1784587839.309,15:50:39.309,0.88,0.46,-0.11
1784587839.8083,15:50:39.808,0.82,0.54,-0.20
1784587840.3085,15:50:40.308,0,0,0
1784587840.8085,15:50:40.808,0,0,0
1784587841.3082,15:50:41.308,0,0,0
1784587841.8082,15:50:41.808,0,0,0
1784587842.3082,15:50:42.308,0,0,0
1784587842.8075,15:50:42.807,0,0,0
1784587843.3079,15:50:43.307,0,0,0
1784587843.8081,15:50:43.808,0,0,0
1784587844.3078,15:50:44.307,0,0,0
1784587844.8076,15:50:44.807,0,0,0
1784587845.308,15:50:45.308,0,0,0
1784587845.8081,15:50:45.808,0,0,0
1784587846.3077,15:50:46.307,0.75,0.59,-0.29
1784587846.8076,15:50:46.807,0.74,0.58,-0.33
1784587847.3073,15:50:47.307,0.77,0.56,-0.31
1784587847.8071,15:50:47.807,0.77,0.57,-0.30
1784587848.3075,15:50:48.307,0,0,0
1784587848.8068,15:50:48.806,0,0,0
1784587849.3064,15:50:49.306,0,0,0
1784587849.8066,15:50:49.806,0,0,0
1784587850.3059,15:50:50.305,0,0,0
1784587850.8053,15:50:50.805,0,0,0
1784587851.3056,15:50:51.305,0,0,0
1784587851.8054,15:50:51.805,0,0,0
1784587852.3048,15:50:52.304,0,0,0
1784587852.8051,15:50:52.805,0,0,0
1784587853.3054,15:50:53.305,0,0,0
1784587853.805,15:50:53.805,0,0,0
1784587854.3051,15:50:54.305,0,0,0
1784587854.8052,15:50:54.805,0,0,0
1784587855.3046,15:50:55.304,0,0,0
1784587855.8049,15:50:55.804,0,0,0
1784587856.3045,15:50:56.304,0,0,0
1784587856.8041,15:50:56.804,0,0,0
1784587857.304,15:50:57.304,0,0,0
1784587857.8044,15:50:57.804,0,0,0
1784587858.3037,15:50:58.303,0,0,0
1784587858.8036,15:50:58.803,0,0,0
1784587859.3038,15:50:59.303,0,0,0
1784587859.8033,15:50:59.803,0,0,0
1784587860.3034,15:51:00.303,0,0,0
1784587860.8036,15:51:00.803,0,0,0
1784587861.3029,15:51:01.302,0,0,0
1784587861.8027,15:51:01.802,0,0,0
1784587862.3029,15:51:02.302,0,0,0
1784587862.8028,15:51:02.802,0,0,0
1784587863.3026,15:51:03.302,0,0,0
1784587863.8026,15:51:03.802,0,0,0
1784587864.3021,15:51:04.302,0,0,0
1784587864.8015,15:51:04.801,0,0,0
1784587865.3013,15:51:05.301,0,0,0
1784587865.801,15:51:05.801,0,0,0
1784587866.3004,15:51:06.300,0,0,0
1784587866.8009,15:51:06.800,0,0,0
1784587867.3007,15:51:07.300,0,0,0
1784587867.8003,15:51:07.800,0,0,0
1784587868.3006,15:51:08.300,0,0,0
1784587868.8,15:51:08.800,0,0,0
1784587869.299,15:51:09.299,0,0,0
1784587869.7996,15:51:09.799,0,0,0
1784587870.2991,15:51:10.299,0,0,0
1784587870.7991,15:51:10.799,0,0,0
1784587871.2992,15:51:11.299,0,0,0
1784587871.7992,15:51:11.799,0,0,0
1784587872.2988,15:51:12.298,0,0,0
1784587872.7986,15:51:12.798,0,0,0
1784587873.299,15:51:13.299,0,0,0
1784587873.7984,15:51:13.798,0,0,0
1784587874.2985,15:51:14.298,0,0,0
1784587874.7985,15:51:14.798,0,0,0
1784587875.2977,15:51:15.297,0,0,0
1784587875.7978,15:51:15.797,0,0,0
1784587876.2981,15:51:16.298,0,0,0
1784587876.7976,15:51:16.797,0.93,0.36,0.00
1784587877.2974,15:51:17.297,0.92,0.40,-0.06
1784587877.7977,15:51:17.797,0.87,0.47,-0.14
1784587878.297,15:51:18.297,0.84,0.50,-0.20
1784587878.7964,15:51:18.796,0.76,0.58,-0.31
1784587879.2964,15:51:19.296,0,0,0
1784587879.7961,15:51:19.796,0.72,0.60,-0.35
1784587880.2958,15:51:20.295,0,0,0
1784587880.7962,15:51:20.796,0.72,0.60,-0.34
1784587881.2955,15:51:21.295,0.73,0.60,-0.34
1784587881.7947,15:51:21.794,0,0,0
1784587882.2951,15:51:22.295,0,0,0
1784587882.795,15:51:22.795,0,0,0
1784587883.2948,15:51:23.294,0,0,0
1784587883.7952,15:51:23.795,0,0,0
1784587884.2953,15:51:24.295,0,0,0
1784587884.7949,15:51:24.794,0,0,0
1784587885.2951,15:51:25.295,0,0,0
1784587885.7946,15:51:25.794,0,0,0
1784587886.2943,15:51:26.294,0,0,0
1784587886.7943,15:51:26.794,0,0,0
1784587887.294,15:51:27.294,0,0,0
1784587887.7938,15:51:27.793,0,0,0
1784587888.294,15:51:28.294,0,0,0
1784587888.7944,15:51:28.794,0,0,0
1784587889.294,15:51:29.294,0,0,0
1784587889.7939,15:51:29.793,0,0,0
1784587890.2941,15:51:30.294,0,0,0
1784587890.7935,15:51:30.793,0,0,0
1784587891.2939,15:51:31.293,0,0,0
1784587891.7942,15:51:31.794,0,0,0
1784587892.293,15:51:32.293,0,0,0
1784587892.7929,15:51:32.792,0,0,0
1784587893.2929,15:51:33.292,0,0,0
1784587893.7921,15:51:33.792,0,0,0
1784587894.292,15:51:34.292,0,0,0
1784587894.7926,15:51:34.792,0,0,0
1784587895.2923,15:51:35.292,0,0,0
1784587895.7915,15:51:35.791,0,0,0
1784587896.2915,15:51:36.291,0,0,0
1784587896.7912,15:51:36.791,0,0,0
1784587897.2908,15:51:37.290,0,0,0
1784587897.7912,15:51:37.791,0,0,0
1784587898.2911,15:51:38.291,0,0,0
1784587898.7909,15:51:38.790,0,0,0
1784587899.2905,15:51:39.290,0,0,0
1784587899.7906,15:51:39.790,0,0,0
1784587900.2902,15:51:40.290,0,0,0
1784587900.7902,15:51:40.790,0,0,0
1784587901.2901,15:51:41.290,0.86,0.47,-0.21
1784587901.7897,15:51:41.789,0.88,0.45,-0.14
1784587902.2901,15:51:42.290,0.88,0.44,-0.15
1784587902.7903,15:51:42.790,0.87,0.46,-0.18
1784587903.2899,15:51:43.289,0.83,0.50,-0.23
1784587903.7902,15:51:43.790,0.84,0.50,-0.21
1784587904.29,15:51:44.290,0.92,0.38,-0.08
1784587904.7894,15:51:44.789,0,0,0
1784587905.2889,15:51:45.288,0,0,0
1784587905.7892,15:51:45.789,0,0,0
1784587906.289,15:51:46.289,0.97,0.25,0.04
1784587906.7889,15:51:46.788,0,0,0
1784587907.2894,15:51:47.289,0,0,0
1784587907.789,15:51:47.789,0,0,0
1784587908.2886,15:51:48.288,0,0,0
1784587908.789,15:51:48.789,0,0,0
1784587909.2888,15:51:49.288,0.97,0.26,0.02
1784587909.7886,15:51:49.788,0.94,0.35,-0.06
1784587910.2886,15:51:50.288,0,0,0
1784587910.7879,15:51:50.787,0,0,0
1784587911.2871,15:51:51.287,0,0,0
1784587911.7867,15:51:51.786,0,0,0
1784587912.2862,15:51:52.286,0,0,0
1784587912.7853,15:51:52.785,0,0,0
1784587913.2855,15:51:53.285,0,0,0
1784587913.7858,15:51:53.785,0,0,0
1784587914.285,15:51:54.285,0.86,0.49,-0.16
1784587914.7853,15:51:54.785,0.83,0.51,-0.23
1784587915.2856,15:51:55.285,0.81,0.53,-0.25
1784587915.7848,15:51:55.784,0.82,0.53,-0.23
1784587916.285,15:51:56.285,0,0,0
1784587916.7855,15:51:56.785,0.82,0.54,-0.21
1784587917.2845,15:51:57.284,0.80,0.55,-0.23
1784587917.7843,15:51:57.784,0.75,0.56,-0.35
1784587918.2848,15:51:58.284,0.77,0.53,-0.35
1784587918.7844,15:51:58.784,0.78,0.53,-0.33
1784587919.2844,15:51:59.284,0.80,0.52,-0.32
1784587919.7844,15:51:59.784,0.80,0.52,-0.30
1784587920.2836,15:52:00.283,0.84,0.48,-0.27
1784587920.7838,15:52:00.783,0.85,0.47,-0.25
1784587921.2843,15:52:01.284,0.84,0.49,-0.23
1784587921.7837,15:52:01.783,0.85,0.48,-0.21
1784587922.2833,15:52:02.283,0,0,0
1784587922.7832,15:52:02.783,0,0,0
1784587923.2826,15:52:03.282,0,0,0
1784587923.7821,15:52:03.782,0,0,0
1784587924.282,15:52:04.282,0,0,0
1784587924.7812,15:52:04.781,0,0,0
1784587925.2811,15:52:05.281,0,0,0
1784587925.7813,15:52:05.781,0,0,0
1784587926.2813,15:52:06.281,0,0,0
1784587926.7812,15:52:06.781,0,0,0
1784587927.2812,15:52:07.281,0,0,0
1784587927.7814,15:52:07.781,0,0,0
1784587928.2811,15:52:08.281,0,0,0
1784587928.7809,15:52:08.780,0,0,0
1784587929.2808,15:52:09.280,0,0,0
1784587929.7802,15:52:09.780,0,0,0
1784587930.2804,15:52:10.280,0,0,0
1784587930.7806,15:52:10.780,0,0,0
1784587931.2803,15:52:11.280,0,0,0
1784587931.7805,15:52:11.780,0.86,0.47,-0.19
1784587932.2806,15:52:12.280,0.94,0.34,-0.09
1784587932.7798,15:52:12.779,0.96,0.27,-0.06
1784587933.2798,15:52:13.279,0,0,0
1784587933.7807,15:52:13.780,0,0,0
1784587934.2799,15:52:14.279,0,0,0
1784587934.7797,15:52:14.779,0,0,0
1784587935.2798,15:52:15.279,0.96,0.27,-0.09
1784587935.7793,15:52:15.779,0,0,0
1784587936.2792,15:52:16.279,0,0,0
1784587936.7794,15:52:16.779,0,0,0
1784587937.2784,15:52:17.278,0,0,0
1784587937.7786,15:52:17.778,0,0,0
1784587938.2789,15:52:18.278,0,0,0
1784587938.7781,15:52:18.778,0,0,0
1784587939.2781,15:52:19.278,0,0,0
1784587939.7782,15:52:19.778,0,0,0
1784587940.2776,15:52:20.277,0,0,0
1784587940.7773,15:52:20.777,0,0,0
1784587941.2781,15:52:21.278,0,0,0
1784587941.7779,15:52:21.777,0,0,0
1784587942.2776,15:52:22.277,0,0,0
1784587942.7776,15:52:22.777,0.96,0.26,-0.08
1784587943.277,15:52:23.277,0.96,0.26,-0.08
1784587943.7765,15:52:23.776,0,0,0
1784587944.2767,15:52:24.276,0,0,0
1784587944.7767,15:52:24.776,0,0,0
1784587945.2762,15:52:25.276,0,0,0
1784587945.7764,15:52:25.776,0,0,0
1784587946.2762,15:52:26.276,0,0,0
1784587946.7761,15:52:26.776,0,0,0
1784587947.2761,15:52:27.276,0,0,0
1784587947.7753,15:52:27.775,0,0,0
1784587948.2754,15:52:28.275,0,0,0
1784587948.7758,15:52:28.775,0,0,0
1784587949.2757,15:52:29.275,0,0,0
1784587949.7751,15:52:29.775,0,0,0
1784587950.2753,15:52:30.275,0,0,0
1784587950.7756,15:52:30.775,0,0,0
1784587951.275,15:52:31.275,0,0,0
1784587951.7748,15:52:31.774,0,0,0
1784587952.2749,15:52:32.274,0,0,0
1784587952.7741,15:52:32.774,0,0,0
1784587953.2735,15:52:33.273,0,0,0
1784587953.7736,15:52:33.773,0,0,0
1784587954.2732,15:52:34.273,0,0,0
1784587954.7727,15:52:34.772,0,0,0
1784587955.2732,15:52:35.273,0,0,0
1784587955.773,15:52:35.773,0,0,0
1784587956.2731,15:52:36.273,0,0,0
1784587956.7728,15:52:36.772,0,0,0
1784587957.2724,15:52:37.272,0,0,0
1784587957.7721,15:52:37.772,0,0,0
1784587958.2721,15:52:38.272,0,0,0
1784587958.7719,15:52:38.771,0,0,0
1784587959.2712,15:52:39.271,0,0,0
1784587959.7714,15:52:39.771,0,0,0
1784587960.2711,15:52:40.271,0,0,0
1784587960.771,15:52:40.771,0,0,0
1784587961.271,15:52:41.271,0,0,0
1784587961.771,15:52:41.771,0,0,0
1784587962.2705,15:52:42.270,0,0,0
1784587962.7703,15:52:42.770,0,0,0
1784587963.2701,15:52:43.270,0,0,0
1784587963.7694,15:52:43.769,0,0,0
1784587964.2696,15:52:44.269,0,0,0
1784587964.77,15:52:44.770,0,0,0
1784587965.2693,15:52:45.269,0,0,0
1784587965.7691,15:52:45.769,0,0,0
1784587966.2694,15:52:46.269,0,0,0
1784587966.769,15:52:46.769,0,0,0
1784587967.269,15:52:47.269,0,0,0
1784587967.7697,15:52:47.769,0,0,0
1784587968.2695,15:52:48.269,0,0,0
1784587968.7691,15:52:48.769,0,0,0
1784587969.2692,15:52:49.269,0,0,0
1784587969.7682,15:52:49.768,0,0,0
1784587970.2676,15:52:50.267,0,0,0
1784587970.7683,15:52:50.768,0,0,0
1784587971.2682,15:52:51.268,0,0,0
1784587971.7679,15:52:51.767,0,0,0
1784587972.2677,15:52:52.267,0,0,0
1784587972.7675,15:52:52.767,0,0,0
1784587973.267,15:52:53.267,0,0,0
1784587973.7672,15:52:53.767,0,0,0
1784587974.2664,15:52:54.266,0,0,0
1784587974.7665,15:52:54.766,0,0,0
1784587975.2665,15:52:55.266,0.68,0.63,-0.38
1784587975.7669,15:52:55.766,0.82,0.52,-0.24
1784587976.2667,15:52:56.266,0.83,0.52,-0.21
1784587976.7668,15:52:56.766,0,0,0
1784587977.2669,15:52:57.266,0,0,0
1784587977.7664,15:52:57.766,0.81,0.54,-0.21
1784587978.2664,15:52:58.266,0,0,0
1784587978.7667,15:52:58.766,0,0,0
1784587979.2665,15:52:59.266,0,0,0
1784587979.7661,15:52:59.766,0,0,0
1784587980.266,15:53:00.266,0,0,0
1784587980.7654,15:53:00.765,0,0,0
1784587981.2648,15:53:01.264,0.80,0.56,-0.21
1784587981.7651,15:53:01.765,0,0,0
1784587982.2643,15:53:02.264,0,0,0
1784587982.7643,15:53:02.764,0,0,0
1784587983.2644,15:53:03.264,0,0,0
1784587983.7638,15:53:03.763,0,0,0
1784587984.2634,15:53:04.263,0,0,0
1784587984.7635,15:53:04.763,0,0,0
1784587985.263,15:53:05.263,0,0,0
1784587985.763,15:53:05.763,0,0,0
1784587986.2635,15:53:06.263,0,0,0
1784587986.7634,15:53:06.763,0,0,0
1784587987.2629,15:53:07.262,0,0,0
1784587987.7627,15:53:07.762,0,0,0
1784587988.2623,15:53:08.262,0,0,0
1784587988.7622,15:53:08.762,0,0,0
1784587989.2626,15:53:09.262,0,0,0
1784587989.762,15:53:09.762,0.81,0.55,-0.19
1784587990.2617,15:53:10.261,0.82,0.54,-0.18
1784587990.7622,15:53:10.762,0.83,0.53,-0.14
1784587991.2616,15:53:11.261,0.84,0.52,-0.15
1784587991.7607,15:53:11.760,0,0,0
1784587992.2608,15:53:12.260,0,0,0
1784587992.7604,15:53:12.760,0,0,0
1784587993.2603,15:53:13.260,0,0,0
1784587993.7603,15:53:13.760,0.86,0.48,-0.18
1784587994.2601,15:53:14.260,0,0,0
1784587994.7598,15:53:14.759,0,0,0
1784587995.2596,15:53:15.259,0,0,0
1784587995.76,15:53:15.760,0,0,0
1784587996.2595,15:53:16.259,0,0,0
1784587996.7597,15:53:16.759,0,0,0
1784587997.2598,15:53:17.259,0,0,0
1784587997.7592,15:53:17.759,0,0,0
1784587998.2588,15:53:18.258,0,0,0
1784587998.7591,15:53:18.759,0,0,0
1784587999.2589,15:53:19.258,0,0,0
1784587999.7583,15:53:19.758,0,0,0
1784588000.2584,15:53:20.258,0,0,0
1784588000.7581,15:53:20.758,0,0,0
1784588001.2577,15:53:21.257,0,0,0
1784588001.7578,15:53:21.757,0,0,0
1784588002.2576,15:53:22.257,0,0,0
1784588002.7574,15:53:22.757,0,0,0
1784588003.2579,15:53:23.257,0,0,0
1784588003.7569,15:53:23.756,0,0,0
1784588004.2561,15:53:24.256,0,0,0
1784588004.757,15:53:24.757,0.98,0.11,0.18
1784588005.2568,15:53:25.256,0.95,0.32,-0.02
1784588005.7562,15:53:25.756,0,0,0
1784588006.2566,15:53:26.256,0,0,0
1784588006.7564,15:53:26.756,0,0,0
1784588007.2559,15:53:27.255,0,0,0
1784588007.7563,15:53:27.756,0,0,0
1784588008.2557,15:53:28.255,0,0,0
1784588008.7554,15:53:28.755,0.95,0.32,-0.02
1784588009.2556,15:53:29.255,0,0,0
1784588009.7556,15:53:29.755,0,0,0
1784588010.2551,15:53:30.255,0.96,0.27,-0.02
1784588010.7547,15:53:30.754,0,0,0
1784588011.2549,15:53:31.254,0,0,0
1784588011.7546,15:53:31.754,0,0,0
1784588012.2548,15:53:32.254,0,0,0
1784588012.7548,15:53:32.754,0,0,0
1784588013.2543,15:53:33.254,0,0,0
1784588013.7539,15:53:33.753,0,0,0
1784588014.2537,15:53:34.253,0.97,0.24,0.02
1784588014.7534,15:53:34.753,0,0,0
1784588015.2528,15:53:35.252,0,0,0
1784588015.7532,15:53:35.753,0,0,0
1784588016.2529,15:53:36.252,0,0,0
1784588016.7527,15:53:36.752,0,0,0
1784588017.2532,15:53:37.253,0,0,0
1784588017.7532,15:53:37.753,0,0,0
1784588018.2522,15:53:38.252,0,0,0
1784588018.7529,15:53:38.752,0,0,0
1784588019.2529,15:53:39.252,0,0,0
1784588019.7525,15:53:39.752,0,0,0
1784588020.2524,15:53:40.252,0,0,0
1784588020.7526,15:53:40.752,0,0,0
1784588021.252,15:53:41.252,0.96,0.26,0.04
1784588021.7517,15:53:41.751,0.94,0.33,0.05
1784588022.2516,15:53:42.251,0.94,0.32,0.08
1784588022.7508,15:53:42.750,0.93,0.36,0.03
1784588023.2505,15:53:43.250,0.89,0.45,-0.06
1784588023.7509,15:53:43.750,0.81,0.56,-0.17
1784588024.2505,15:53:44.250,0,0,0
1784588024.7506,15:53:44.750,0,0,0
1784588025.2508,15:53:45.250,0,0,0
1784588025.7505,15:53:45.750,0,0,0
1784588026.2505,15:53:46.250,0,0,0
1784588026.7507,15:53:46.750,0,0,0
1784588027.2498,15:53:47.249,0,0,0
1784588027.7496,15:53:47.749,0,0,0
1784588028.2504,15:53:48.250,0,0,0
1784588028.7499,15:53:48.749,0,0,0
1784588029.2491,15:53:49.249,0,0,0
1784588029.7493,15:53:49.749,0,0,0
1784588030.2486,15:53:50.248,0,0,0
1784588030.748,15:53:50.748,0,0,0
1784588031.2484,15:53:51.248,0.82,0.55,-0.16
1784588031.7478,15:53:51.747,0,0,0
1784588032.2472,15:53:52.247,0,0,0
1784588032.7472,15:53:52.747,0.84,0.53,-0.15
1784588033.2473,15:53:53.247,0.85,0.51,-0.15
1784588033.7471,15:53:53.747,0,0,0
1784588034.2478,15:53:54.247,0,0,0
1784588034.748,15:53:54.748,0,0,0
1784588035.2476,15:53:55.247,0,0,0
1784588035.7479,15:53:55.747,0,0,0
1784588036.2478,15:53:56.247,0,0,0
1784588036.747,15:53:56.747,0,0,0
1784588037.2469,15:53:57.246,0,0,0
1784588037.7471,15:53:57.747,0.85,0.50,-0.16
1784588038.2463,15:53:58.246,0.85,0.50,-0.16
1784588038.7462,15:53:58.746,0.85,0.50,-0.17
1784588039.2462,15:53:59.246,0.85,0.49,-0.20
1784588039.7455,15:53:59.745,0.90,0.42,-0.11
1784588040.2454,15:54:00.245,0,0,0
1784588040.7456,15:54:00.745,0,0,0
1784588041.245,15:54:01.245,0,0,0
1784588041.7449,15:54:01.744,0,0,0
1784588042.2447,15:54:02.244,0,0,0
1784588042.7445,15:54:02.744,0,0,0
1784588043.2442,15:54:03.244,0,0,0
1784588043.7442,15:54:03.744,0,0,0
1784588044.2441,15:54:04.244,0,0,0
1784588044.7437,15:54:04.743,0,0,0
1784588045.244,15:54:05.244,0,0,0
1784588045.7437,15:54:05.743,0,0,0
1784588046.2437,15:54:06.243,0,0,0
1784588046.7437,15:54:06.743,0,0,0
1784588047.2434,15:54:07.243,0,0,0
1784588047.7426,15:54:07.742,0,0,0
1784588048.2429,15:54:08.242,0,0,0
1784588048.7427,15:54:08.742,0,0,0
1784588049.2423,15:54:09.242,0,0,0
1784588049.7423,15:54:09.742,0,0,0
1784588050.2428,15:54:10.242,0,0,0
1784588050.7426,15:54:10.742,0,0,0
1784588051.2426,15:54:11.242,0,0,0
1784588051.7427,15:54:11.742,0,0,0
1784588052.2423,15:54:12.242,0,0,0
1784588052.742,15:54:12.742,0,0,0
1784588053.2424,15:54:13.242,0,0,0
1784588053.7418,15:54:13.741,0.87,0.49,-0.07
1784588054.2413,15:54:14.241,0,0,0
1784588054.7415,15:54:14.741,0,0,0
1784588055.2411,15:54:15.241,0,0,0
1784588055.7412,15:54:15.741,0,0,0
1784588056.241,15:54:16.241,0,0,0
1784588056.7402,15:54:16.740,0,0,0
1784588057.2401,15:54:17.240,0,0,0
1784588057.7403,15:54:17.740,0,0,0
1784588058.2399,15:54:18.239,0.84,0.53,-0.12
1784588058.7397,15:54:18.739,0.85,0.52,-0.13
1784588059.2399,15:54:19.239,0.82,0.55,-0.17
1784588059.7395,15:54:19.739,0.79,0.57,-0.24
1784588060.2392,15:54:20.239,0.76,0.58,-0.29
1784588060.7392,15:54:20.739,0.77,0.56,-0.30
1784588061.2391,15:54:21.239,0.95,0.32,-0.06
1784588061.7393,15:54:21.739,0.94,0.32,-0.06
1784588062.2391,15:54:22.239,0.96,0.28,-0.02
1784588062.739,15:54:22.739,0.96,0.29,-0.02
1784588063.2386,15:54:23.238,0.96,0.29,-0.03
1784588063.7386,15:54:23.738,0.96,0.27,-0.05
1784588064.2388,15:54:24.238,0.97,0.25,-0.04
1784588064.738,15:54:24.738,0.97,0.22,-0.01
1784588065.238,15:54:25.238,0.98,0.19,0.06
1784588065.7383,15:54:25.738,0.98,0.12,0.14
1784588066.2377,15:54:26.237,0.90,0.43,-0.08
1784588066.7377,15:54:26.737,0,0,0
1784588067.2374,15:54:27.237,0.89,0.44,-0.07
1784588067.7372,15:54:27.737,0.84,0.51,-0.17
1784588068.2375,15:54:28.237,0.85,0.48,-0.21
1784588068.7375,15:54:28.737,0.86,0.47,-0.20
1784588069.2367,15:54:29.236,0.86,0.47,-0.20
1784588069.7362,15:54:29.736,0.81,0.51,-0.30
1784588070.2358,15:54:30.235,0,0,0
1784588070.7354,15:54:30.735,0,0,0
1784588071.2353,15:54:31.235,0,0,0
1784588071.7353,15:54:31.735,0,0,0
1784588072.235,15:54:32.235,0,0,0
1784588072.7347,15:54:32.734,0,0,0
1784588073.2349,15:54:33.234,0,0,0
1784588073.7343,15:54:33.734,0,0,0
1784588074.234,15:54:34.234,0,0,0
1784588074.7344,15:54:34.734,0.80,0.52,-0.29
1784588075.2336,15:54:35.233,0.86,0.48,-0.19
1784588075.7333,15:54:35.733,0.90,0.41,-0.11
1784588076.2341,15:54:36.234,0.92,0.38,-0.09
1784588076.7343,15:54:36.734,0.93,0.35,-0.09
1784588077.2338,15:54:37.233,0.93,0.34,-0.11
1784588077.7342,15:54:37.734,0.86,0.47,-0.20
1784588078.234,15:54:38.234,0.86,0.47,-0.18
1784588078.7337,15:54:38.733,0,0,0
1784588079.2339,15:54:39.233,0,0,0
1784588079.7342,15:54:39.734,0,0,0
1784588080.2334,15:54:40.233,0,0,0
1784588080.7336,15:54:40.733,0.87,0.47,-0.15
1784588081.2333,15:54:41.233,0.85,0.50,-0.18
1784588081.7325,15:54:41.732,0.83,0.52,-0.18
1784588082.2323,15:54:42.232,0,0,0
1784588082.7326,15:54:42.732,0,0,0
1784588083.2322,15:54:43.232,0,0,0
1784588083.7326,15:54:43.732,0,0,0
1784588084.2321,15:54:44.232,0.86,0.47,-0.20
1784588084.7316,15:54:44.731,0,0,0
1784588085.2314,15:54:45.231,0,0,0
1784588085.7317,15:54:45.731,0,0,0
1784588086.2313,15:54:46.231,0.96,0.28,-0.08
1784588086.731,15:54:46.731,0.98,0.21,-0.03
1784588087.2312,15:54:47.231,0.97,0.23,0.00
1784588087.7306,15:54:47.730,0.97,0.23,0.00
1784588088.2305,15:54:48.230,0.97,0.25,0.01
1784588088.7309,15:54:48.730,0.96,0.27,0.03
1784588089.231,15:54:49.231,0.98,0.06,0.21
1784588089.7309,15:54:49.730,0.97,0.06,0.23
1784588090.2307,15:54:50.230,0,0,0
1784588090.7306,15:54:50.730,0.96,0.28,0.07
1784588091.2306,15:54:51.230,0.94,0.35,-0.04
1784588091.7308,15:54:51.730,0.94,0.33,-0.06
1784588092.23,15:54:52.230,0.96,0.28,-0.05
1784588092.7294,15:54:52.729,0,0,0
1784588093.2296,15:54:53.229,0,0,0
1784588093.7295,15:54:53.729,0.96,0.28,-0.05
1784588094.2289,15:54:54.228,0.96,0.27,-0.04
1784588094.7291,15:54:54.729,0,0,0
1784588095.2292,15:54:55.229,0,0,0
1784588095.7288,15:54:55.728,0,0,0
1784588096.2291,15:54:56.229,0,0,0
1784588096.7289,15:54:56.728,0,0,0
1784588097.2283,15:54:57.228,0,0,0
1784588097.7285,15:54:57.728,0,0,0
1784588098.2281,15:54:58.228,0,0,0
1784588098.7275,15:54:58.727,0,0,0
1784588099.2276,15:54:59.227,0,0,0
1784588099.7268,15:54:59.726,0,0,0
1784588100.2264,15:55:00.226,0,0,0
1784588100.7265,15:55:00.726,0,0,0
1784588101.2263,15:55:01.226,0.96,0.27,-0.04
1784588101.726,15:55:01.726,0,0,0
1784588102.2257,15:55:02.225,0,0,0
1784588102.7255,15:55:02.725,0.90,0.39,-0.16
1784588103.2252,15:55:03.225,0.88,0.43,-0.21
1784588103.7254,15:55:03.725,0.84,0.47,-0.27
1784588104.2254,15:55:04.225,0,0,0
1784588104.7253,15:55:04.725,0,0,0
1784588105.2247,15:55:05.224,0,0,0
1784588105.7248,15:55:05.724,0,0,0
1784588106.2245,15:55:06.224,0,0,0
1784588106.7239,15:55:06.723,0,0,0
1784588107.2246,15:55:07.224,0,0,0
1784588107.7243,15:55:07.724,0,0,0
1784588108.2235,15:55:08.223,0,0,0
1784588108.724,15:55:08.724,0,0,0
1784588109.2242,15:55:09.224,0,0,0
1784588109.7234,15:55:09.723,0,0,0
1784588110.2239,15:55:10.223,0.83,0.49,-0.27
1784588110.7242,15:55:10.724,0.91,0.37,-0.16
1784588111.2235,15:55:11.223,0.92,0.35,-0.18
1784588111.7238,15:55:11.723,0,0,0
1784588112.2234,15:55:12.223,0,0,0
1784588112.7224,15:55:12.722,0.85,0.44,-0.30
1784588113.2227,15:55:13.222,0,0,0
1784588113.7229,15:55:13.722,0,0,0
1784588114.2228,15:55:14.222,0,0,0
1784588114.723,15:55:14.723,0.84,0.45,-0.29
1784588115.2224,15:55:15.222,0.94,0.32,-0.14
1784588115.7223,15:55:15.722,0.94,0.31,-0.12
1784588116.2219,15:55:16.221,0,0,0
1784588116.722,15:55:16.722,0,0,0
1784588117.2215,15:55:17.221,0,0,0
1784588117.721,15:55:17.721,0,0,0
1784588118.2212,15:55:18.221,0,0,0
1784588118.7211,15:55:18.721,0,0,0
1784588119.2203,15:55:19.220,0,0,0
1784588119.7205,15:55:19.720,0,0,0
1784588120.2203,15:55:20.220,0,0,0
1784588120.7201,15:55:20.720,0,0,0
1784588121.2201,15:55:21.220,0.95,0.30,-0.08
1784588121.7206,15:55:21.720,0.94,0.32,-0.08
1784588122.2196,15:55:22.219,0,0,0
1784588122.7201,15:55:22.720,0,0,0
1784588123.2198,15:55:23.219,0,0,0
1784588123.7194,15:55:23.719,0,0,0
1784588124.2195,15:55:24.219,0,0,0
1784588124.7191,15:55:24.719,0,0,0
1784588125.2187,15:55:25.218,0.94,0.33,-0.08
1784588125.7194,15:55:25.719,0.96,0.27,-0.05
1784588126.2192,15:55:26.219,0,0,0
1784588126.7189,15:55:26.718,0,0,0
1784588127.2189,15:55:27.218,0,0,0
1784588127.7181,15:55:27.718,0,0,0
1784588128.218,15:55:28.218,0,0,0
1784588128.718,15:55:28.718,0,0,0
1784588129.2182,15:55:29.218,0,0,0
1784588129.7179,15:55:29.717,0,0,0
1784588130.2177,15:55:30.217,0.98,0.19,-0.02
1784588130.7171,15:55:30.717,0,0,0
1784588131.2168,15:55:31.216,0,0,0
1784588131.717,15:55:31.717,0,0,0
1784588132.2173,15:55:32.217,0,0,0
1784588132.717,15:55:32.717,0,0,0
1784588133.2166,15:55:33.216,0,0,0
1784588133.7162,15:55:33.716,0,0,0
1784588134.216,15:55:34.216,0,0,0
1784588134.7152,15:55:34.715,0,0,0
1784588135.2157,15:55:35.215,0,0,0
1784588135.7157,15:55:35.715,0,0,0
1784588136.2151,15:55:36.215,0,0,0
1784588136.7156,15:55:36.715,0,0,0
1784588137.2156,15:55:37.215,0,0,0
1784588137.7154,15:55:37.715,1.00,0.07,0.05
1784588138.2159,15:55:38.215,0,0,0
1784588138.7158,15:55:38.715,0,0,0
1784588139.2151,15:55:39.215,0,0,0
1784588139.7153,15:55:39.715,0,0,0
1784588140.2149,15:55:40.214,0,0,0
1784588140.7148,15:55:40.714,0,0,0
1784588141.2151,15:55:41.215,0,0,0
1784588141.7147,15:55:41.714,0,0,0
1784588142.2142,15:55:42.214,0,0,0
1784588142.7144,15:55:42.714,0,0,0
1784588143.2146,15:55:43.214,0,0,0
1784588143.7141,15:55:43.714,0,0,0
1784588144.2139,15:55:44.213,0,0,0
1784588144.714,15:55:44.714,0,0,0
1784588145.2132,15:55:45.213,0,0,0
1784588145.713,15:55:45.713,0,0,0
1784588146.2131,15:55:46.213,0,0,0
1784588146.7127,15:55:46.712,0,0,0
1784588147.2121,15:55:47.212,0,0,0
1784588147.712,15:55:47.712,0,0,0
1784588148.2118,15:55:48.211,0,0,0
1784588148.7118,15:55:48.711,0,0,0
1784588149.2119,15:55:49.211,0.94,0.33,-0.04
1784588149.7116,15:55:49.711,0.94,0.33,-0.03
1784588150.2111,15:55:50.211,0.92,0.38,-0.10
1784588150.7109,15:55:50.710,0.89,0.43,-0.12
1784588151.2109,15:55:51.210,0,0,0
1784588151.7108,15:55:51.710,0.87,0.46,-0.16
1784588152.211,15:55:52.211,0,0,0
1784588152.7106,15:55:52.710,0,0,0
1784588153.2103,15:55:53.210,0,0,0
1784588153.7107,15:55:53.710,0,0,0
1784588154.2102,15:55:54.210,0,0,0
1784588154.7099,15:55:54.709,0,0,0
1784588155.2103,15:55:55.210,0,0,0
1784588155.7103,15:55:55.710,0,0,0
1784588156.2099,15:55:56.209,0,0,0
1784588156.7093,15:55:56.709,0,0,0
1784588157.209,15:55:57.209,0,0,0
1784588157.7084,15:55:57.708,0,0,0
1784588158.208,15:55:58.208,0,0,0
1784588158.7081,15:55:58.708,0,0,0
1784588159.2079,15:55:59.207,0,0,0
1784588159.7079,15:55:59.707,0.87,0.46,-0.16
1784588160.2082,15:56:00.208,0,0,0
1784588160.7074,15:56:00.707,0,0,0
1784588161.207,15:56:01.207,0,0,0
1784588161.7075,15:56:01.707,0.94,0.32,-0.11
1784588162.2071,15:56:02.207,0,0,0
1784588162.7073,15:56:02.707,0,0,0
1784588163.2073,15:56:03.207,0,0,0
1784588163.7066,15:56:03.706,0,0,0
1784588164.2059,15:56:04.205,0,0,0
1784588164.7057,15:56:04.705,0,0,0
1784588165.2054,15:56:05.205,0,0,0
1784588165.7053,15:56:05.705,0,0,0
1784588166.2053,15:56:06.205,0,0,0
1784588166.7053,15:56:06.705,0,0,0
1784588167.2052,15:56:07.205,0,0,0
1784588167.7056,15:56:07.705,0,0,0
1784588168.2054,15:56:08.205,0,0,0
1784588168.7053,15:56:08.705,0,0,0
1784588169.2055,15:56:09.205,0,0,0
1784588169.706,15:56:09.706,0,0,0
1784588170.2058,15:56:10.205,0.95,0.31,-0.10
1784588170.7057,15:56:10.705,0,0,0
1784588171.2056,15:56:11.205,0,0,0
1784588171.705,15:56:11.705,0,0,0
1784588172.205,15:56:12.205,0,0,0
1784588172.7043,15:56:12.704,0,0,0
1784588173.2037,15:56:13.203,0,0,0
1784588173.704,15:56:13.704,0,0,0
1784588174.2036,15:56:14.203,0,0,0
1784588174.7033,15:56:14.703,0,0,0
1784588175.2036,15:56:15.203,0,0,0
1784588175.7034,15:56:15.703,0,0,0
1784588176.2026,15:56:16.202,0,0,0
1784588176.7023,15:56:16.702,0,0,0
1784588177.2023,15:56:17.202,0,0,0
1784588177.7018,15:56:17.701,0,0,0
1784588178.2023,15:56:18.202,0,0,0
1784588178.7025,15:56:18.702,0,0,0
1784588179.2024,15:56:19.202,0,0,0
1784588179.7022,15:56:19.702,0,0,0
1784588180.2024,15:56:20.202,0,0,0
1784588180.7015,15:56:20.701,0,0,0
1784588181.2013,15:56:21.201,0,0,0
1784588181.7015,15:56:21.701,0,0,0
1784588182.201,15:56:22.201,0,0,0
1784588182.7008,15:56:22.700,0,0,0
1784588183.2013,15:56:23.201,0,0,0
1784588183.7013,15:56:23.701,0,0,0
1784588184.2007,15:56:24.200,0,0,0
1784588184.7012,15:56:24.701,0,0,0
1784588185.2008,15:56:25.200,0,0,0
1784588185.7006,15:56:25.700,0,0,0
1784588186.2009,15:56:26.200,0.77,0.62,-0.19
1784588186.7005,15:56:26.700,0,0,0
1784588187.1999,15:56:27.199,0,0,0
1784588187.6996,15:56:27.699,0,0,0
1784588188.199,15:56:28.199,0,0,0
1784588188.6987,15:56:28.698,0,0,0
1784588189.1987,15:56:29.198,0,0,0
1784588189.6988,15:56:29.698,0,0,0
1784588190.1981,15:56:30.198,0,0,0
1784588190.6979,15:56:30.697,0,0,0
1784588191.1982,15:56:31.198,0,0,0
1784588191.6975,15:56:31.697,0,0,0
1784588192.1973,15:56:32.197,0,0,0
1784588192.6971,15:56:32.697,0,0,0
1784588193.1968,15:56:33.196,0,0,0
1784588193.6964,15:56:33.696,0,0,0
1784588194.1964,15:56:34.196,0,0,0
1784588194.696,15:56:34.696,0,0,0
1784588195.1958,15:56:35.195,0,0,0
1784588195.6963,15:56:35.696,0,0,0
1784588196.1963,15:56:36.196,0,0,0
1784588196.6957,15:56:36.695,0,0,0
1784588197.1958,15:56:37.195,0,0,0
1784588197.696,15:56:37.696,0,0,0
1784588198.1958,15:56:38.195,0,0,0
1784588198.6957,15:56:38.695,0,0,0
1784588199.1956,15:56:39.195,0,0,0
1784588199.695,15:56:39.695,0,0,0
1784588200.1953,15:56:40.195,0,0,0
1784588200.6953,15:56:40.695,0,0,0
1784588201.1945,15:56:41.194,0,0,0
1784588201.6948,15:56:41.694,0,0,0
1784588202.1948,15:56:42.194,0,0,0
1784588202.6942,15:56:42.694,0,0,0
1784588203.1942,15:56:43.194,0,0,0
1784588203.6942,15:56:43.694,0,0,0
1784588204.1935,15:56:44.193,0,0,0
1784588204.6933,15:56:44.693,0,0,0
1784588205.1935,15:56:45.193,0,0,0
1784588205.6932,15:56:45.693,0,0,0
1784588206.1932,15:56:46.193,0,0,0
1784588206.6934,15:56:46.693,1.00,0.09,-0.01
1784588207.1931,15:56:47.193,0,0,0
1784588207.6931,15:56:47.693,0,0,0
1784588208.193,15:56:48.193,0,0,0
1784588208.6926,15:56:48.692,0,0,0
1784588209.1926,15:56:49.192,0,0,0
1784588209.6927,15:56:49.692,0,0,0
1784588210.1921,15:56:50.192,0,0,0
1784588210.6919,15:56:50.691,0,0,0
1784588211.192,15:56:51.192,0,0,0
1784588211.6916,15:56:51.691,0,0,0
1784588212.191,15:56:52.191,0,0,0
1784588212.6911,15:56:52.691,0,0,0
1784588213.1903,15:56:53.190,0,0,0
1784588213.6903,15:56:53.690,0,0,0
1784588214.1908,15:56:54.190,0,0,0
1784588214.6908,15:56:54.690,0,0,0
1784588215.1905,15:56:55.190,0,0,0
1784588215.6907,15:56:55.690,0,0,0
1784588216.1905,15:56:56.190,0,0,0
1784588216.6898,15:56:56.689,0.95,0.30,-0.07
1784588217.19,15:56:57.190,0.94,0.32,-0.07
1784588217.6896,15:56:57.689,0,0,0
1784588218.1893,15:56:58.189,0,0,0
1784588218.6893,15:56:58.689,0,0,0
1784588219.1889,15:56:59.188,0,0,0
1784588219.6882,15:56:59.688,0.95,0.31,-0.06
1784588220.1882,15:57:00.188,0.99,0.10,0.07
1784588220.6887,15:57:00.688,0,0,0
1784588221.1883,15:57:01.188,0,0,0
1784588221.6885,15:57:01.688,0,0,0
1784588222.1884,15:57:02.188,0,0,0
1784588222.6878,15:57:02.687,0,0,0
1784588223.1877,15:57:03.187,0,0,0
1784588223.6878,15:57:03.687,0,0,0
1784588224.1872,15:57:04.187,0,0,0
1784588224.6874,15:57:04.687,0,0,0
1784588225.1876,15:57:05.187,0,0,0
1784588225.6874,15:57:05.687,0,0,0
1784588226.1871,15:57:06.187,0,0,0
1784588226.6873,15:57:06.687,0,0,0
1784588227.1867,15:57:07.186,0,0,0
1784588227.686,15:57:07.686,0,0,0
1784588228.1864,15:57:08.186,0,0,0
1784588228.6864,15:57:08.686,0,0,0
1784588229.1855,15:57:09.185,0,0,0
1784588229.6863,15:57:09.686,0,0,0
1784588230.1857,15:57:10.185,0,0,0
1784588230.6852,15:57:10.685,0,0,0
1784588231.1854,15:57:11.185,0,0,0
1784588231.6851,15:57:11.685,0,0,0
1784588232.1845,15:57:12.184,0,0,0
1784588232.6847,15:57:12.684,0,0,0
1784588233.1846,15:57:13.184,0,0,0
1784588233.684,15:57:13.684,0.96,0.26,0.06
1784588234.1836,15:57:14.183,0.94,0.35,-0.05
1784588234.6837,15:57:14.683,0.94,0.35,-0.06
1784588235.1829,15:57:15.182,0.92,0.39,-0.04
1784588235.6829,15:57:15.682,0.92,0.39,-0.04
1784588236.183,15:57:16.183,0.92,0.38,-0.06
1784588236.6828,15:57:16.682,0.92,0.39,-0.04
1784588237.1833,15:57:17.183,0,0,0
1784588237.6831,15:57:17.683,0,0,0
1784588238.1827,15:57:18.182,0,0,0
1784588238.6826,15:57:18.682,0,0,0
1784588239.1824,15:57:19.182,0,0,0
1784588239.682,15:57:19.682,0,0,0
1784588240.1821,15:57:20.182,0,0,0
1784588240.6821,15:57:20.682,0,0,0
1784588241.1821,15:57:21.182,0,0,0
1784588241.6816,15:57:21.681,0,0,0
1784588242.1818,15:57:22.181,0,0,0
1784588242.6817,15:57:22.681,0,0,0
1784588243.1814,15:57:23.181,0,0,0
1784588243.6818,15:57:23.681,0,0,0
1784588244.1817,15:57:24.181,0,0,0
1784588244.6819,15:57:24.681,0,0,0
1784588245.1817,15:57:25.181,0,0,0
1784588245.6818,15:57:25.681,0,0,0
1784588246.1816,15:57:26.181,0,0,0
1784588246.682,15:57:26.682,0,0,0
1784588247.1817,15:57:27.181,0,0,0
1784588247.6809,15:57:27.680,0,0,0
1784588248.1812,15:57:28.181,0,0,0
1784588248.6806,15:57:28.680,0,0,0
1784588249.1804,15:57:29.180,0.84,0.49,-0.23
1784588249.6803,15:57:29.680,0.89,0.43,-0.16
1784588250.1801,15:57:30.180,0.93,0.35,-0.08
1784588250.6795,15:57:30.679,0.98,0.19,0.09
1784588251.1796,15:57:31.179,0.98,0.13,0.17
1784588251.679,15:57:31.679,0.98,0.12,0.18
1784588252.1787,15:57:32.178,0.97,0.18,0.13
1784588252.6789,15:57:32.678,0.98,0.17,0.11
1784588253.1783,15:57:33.178,0.98,0.13,0.12
1784588253.678,15:57:33.678,0.98,0.13,0.12
1784588254.1782,15:57:34.178,0.98,0.17,0.11
1784588254.6784,15:57:34.678,0.98,0.18,0.13
1784588255.1779,15:57:35.177,0,0,0
1784588255.6777,15:57:35.677,0,0,0
1784588256.1781,15:57:36.178,0,0,0
1784588256.6782,15:57:36.678,0,0,0
1784588257.1772,15:57:37.177,0,0,0
1784588257.6779,15:57:37.677,0,0,0
1784588258.1775,15:57:38.177,0,0,0
1784588258.6769,15:57:38.676,0,0,0
1784588259.1772,15:57:39.177,0,0,0
1784588259.677,15:57:39.677,0,0,0
1784588260.1768,15:57:40.176,0,0,0
1784588260.6771,15:57:40.677,0,0,0
1784588261.1767,15:57:41.176,0,0,0
1784588261.6762,15:57:41.676,0,0,0
1784588262.1764,15:57:42.176,0,0,0
1784588262.6758,15:57:42.675,0,0,0
1784588263.1756,15:57:43.175,0.97,0.24,0.09
1784588263.676,15:57:43.676,0,0,0
1784588264.1756,15:57:44.175,0,0,0
1784588264.6749,15:57:44.674,0,0,0
1784588265.1753,15:57:45.175,0.97,0.25,0.06
1784588265.6754,15:57:45.675,0.95,0.30,-0.02
1784588266.1746,15:57:46.174,0.91,0.39,-0.14
1784588266.6746,15:57:46.674,0.92,0.37,-0.14
1784588267.1743,15:57:47.174,0.91,0.38,-0.14
1784588267.6738,15:57:47.673,0.93,0.34,-0.12
1784588268.174,15:57:48.174,0,0,0
1784588268.6743,15:57:48.674,0,0,0
1784588269.1733,15:57:49.173,0,0,0
1784588269.6729,15:57:49.672,0,0,0
1784588270.1736,15:57:50.173,0,0,0
1784588270.6729,15:57:50.672,0.95,0.31,-0.10
1784588271.1727,15:57:51.172,1.00,0.03,0.06
1784588271.6733,15:57:51.673,0,0,0
1784588272.1729,15:57:52.172,0,0,0
1784588272.6724,15:57:52.672,0,0,0
1784588273.1724,15:57:53.172,0,0,0
1784588273.6722,15:57:53.672,0,0,0
1784588274.1721,15:57:54.172,0,0,0
1784588274.6724,15:57:54.672,0,0,0
1784588275.1718,15:57:55.171,0,0,0
1784588275.6719,15:57:55.671,0.99,-0.06,0.11
1784588276.1721,15:57:56.172,0.99,-0.05,0.11
1784588276.672,15:57:56.672,0,0,0
1784588277.171,15:57:57.171,0.99,-0.03,0.10
1784588277.671,15:57:57.671,0,0,0
1784588278.1703,15:57:58.170,1.00,0.02,0.06
1784588278.6699,15:57:58.669,0,0,0
1784588279.1703,15:57:59.170,0,0,0
1784588279.67,15:57:59.670,0,0,0
1784588280.1697,15:58:00.169,0,0,0
1784588280.6695,15:58:00.669,0,0,0
1784588281.1696,15:58:01.169,0,0,0
1784588281.6692,15:58:01.669,0,0,0
1784588282.1689,15:58:02.168,0,0,0
1784588282.6685,15:58:02.668,0,0,0
1784588283.1683,15:58:03.168,1.00,0.06,0.03
1784588283.6682,15:58:03.668,0,0,0
1784588284.1684,15:58:04.168,0,0,0
1784588284.668,15:58:04.668,0,0,0
1784588285.1679,15:58:05.167,0,0,0
1784588285.6679,15:58:05.667,0,0,0
1784588286.1679,15:58:06.167,0,0,0
1784588286.6684,15:58:06.668,0,0,0
1784588287.1686,15:58:07.168,0,0,0
1784588287.6683,15:58:07.668,0,0,0
1784588288.1679,15:58:08.167,0,0,0
1784588288.6679,15:58:08.667,0,0,0
1784588289.1676,15:58:09.167,1.00,0.06,0.03
1784588289.6674,15:58:09.667,0,0,0
1784588290.1672,15:58:10.167,0,0,0
1784588290.6671,15:58:10.667,0,0,0
1784588291.1665,15:58:11.166,0,0,0
1784588291.6662,15:58:11.666,0,0,0
1784588292.166,15:58:12.166,0,0,0
1784588292.6654,15:58:12.665,0,0,0
1784588293.1659,15:58:13.165,1.00,0.06,0.03
1784588293.6659,15:58:13.665,0,0,0
1784588294.166,15:58:14.166,0,0,0
1784588294.6663,15:58:14.666,0,0,0
1784588295.1663,15:58:15.166,0,0,0
1784588295.666,15:58:15.666,0,0,0
1784588296.1661,15:58:16.166,0,0,0
1784588296.6657,15:58:16.665,0,0,0
1784588297.165,15:58:17.165,0,0,0
1784588297.6648,15:58:17.664,0,0,0
1784588298.1652,15:58:18.165,0,0,0
1784588298.6643,15:58:18.664,0,0,0
1784588299.1647,15:58:19.164,0,0,0
1784588299.6646,15:58:19.664,0,0,0
1784588300.1642,15:58:20.164,0,0,0
1784588300.664,15:58:20.664,0,0,0
1784588301.1645,15:58:21.164,0,0,0
1784588301.6643,15:58:21.664,0.99,0.10,0.03
1784588302.1643,15:58:22.164,0.99,0.16,0.01
1784588302.6646,15:58:22.664,0,0,0
1784588303.1642,15:58:23.164,0,0,0
1784588303.6641,15:58:23.664,0,0,0
1784588304.1637,15:58:24.163,0,0,0
1784588304.6633,15:58:24.663,0,0,0
1784588305.163,15:58:25.163,0.99,0.16,0.00
1784588305.6627,15:58:25.662,0.99,0.17,0.01
1784588306.1623,15:58:26.162,0.99,0.17,0.00
1784588306.6618,15:58:26.661,0.94,0.32,-0.11
1784588307.1614,15:58:27.161,0,0,0
1784588307.6609,15:58:27.660,0,0,0
1784588308.1605,15:58:28.160,0,0,0
1784588308.6605,15:58:28.660,0,0,0
1784588309.1604,15:58:29.160,0,0,0
1784588309.66,15:58:29.660,0,0,0
1784588310.1602,15:58:30.160,0,0,0
1784588310.6603,15:58:30.660,0,0,0
1784588311.1597,15:58:31.159,0,0,0
1784588311.6597,15:58:31.659,0,0,0
1784588312.1601,15:58:32.160,0.94,0.32,-0.12
1784588312.6593,15:58:32.659,0,0,0
1784588313.159,15:58:33.159,0,0,0
1784588313.6592,15:58:33.659,0,0,0
1784588314.1587,15:58:34.158,0,0,0
1784588314.6584,15:58:34.658,0.99,0.13,-0.01
1784588315.1588,15:58:35.158,0,0,0
1784588315.6588,15:58:35.658,0,0,0
1784588316.1589,15:58:36.158,0,0,0
1784588316.6587,15:58:36.658,0,0,0
1784588317.1585,15:58:37.158,0,0,0
1784588317.6584,15:58:37.658,0,0,0
1784588318.1584,15:58:38.158,0,0,0
1784588318.6577,15:58:38.657,0,0,0
1784588319.1573,15:58:39.157,0,0,0
1784588319.6574,15:58:39.657,0,0,0
1784588320.1575,15:58:40.157,0.99,-0.04,0.10
1784588320.6569,15:58:40.656,0,0,0
1784588321.1571,15:58:41.157,0.99,-0.07,0.13
1784588321.6567,15:58:41.656,0,0,0
1784588322.1563,15:58:42.156,0,0,0
1784588322.6566,15:58:42.656,0,0,0
1784588323.1566,15:58:43.156,0,0,0
1784588323.6567,15:58:43.656,0,0,0
1784588324.1566,15:58:44.156,0.99,-0.08,0.12
1784588324.656,15:58:44.656,0.99,-0.08,0.12
1784588325.1554,15:58:45.155,0,0,0
1784588325.6559,15:58:45.655,0,0,0
1784588326.1558,15:58:46.155,0.99,-0.09,0.13
1784588326.6558,15:58:46.655,0.99,-0.09,0.13
1784588327.1557,15:58:47.155,0,0,0
1784588327.6557,15:58:47.655,0,0,0
1784588328.1554,15:58:48.155,0.99,-0.08,0.14
1784588328.6556,15:58:48.655,0.99,0.12,-0.02
1784588329.1554,15:58:49.155,0.98,0.21,-0.06
1784588329.6547,15:58:49.654,0,0,0
1784588330.1547,15:58:50.154,0.94,0.30,-0.15
1784588330.6546,15:58:50.654,0.94,0.31,-0.15
1784588331.1543,15:58:51.154,0.93,0.33,-0.15
1784588331.6543,15:58:51.654,0.95,0.30,-0.12
1784588332.1541,15:58:52.154,0.95,0.30,-0.12
1784588332.6534,15:58:52.653,0.97,0.25,-0.07
1784588333.1533,15:58:53.153,0,0,0
1784588333.6534,15:58:53.653,0,0,0
1784588334.153,15:58:54.153,0,0,0
1784588334.6526,15:58:54.652,0,0,0
1784588335.1527,15:58:55.152,0,0,0
1784588335.6519,15:58:55.651,0,0,0
1784588336.1515,15:58:56.151,0,0,0
1784588336.6518,15:58:56.651,0,0,0
1784588337.1516,15:58:57.151,0,0,0
1784588337.6515,15:58:57.651,0,0,0
1784588338.1517,15:58:58.151,0,0,0
1784588338.6515,15:58:58.651,0,0,0
1784588339.1506,15:58:59.150,0,0,0
1784588339.6512,15:58:59.651,0,0,0
1784588340.1506,15:59:00.150,0,0,0
1784588340.6501,15:59:00.650,0,0,0
1784588341.1507,15:59:01.150,0,0,0
1784588341.65,15:59:01.650,0.99,0.12,0.04
1784588342.1495,15:59:02.149,1.00,0.08,0.05
1784588342.6497,15:59:02.649,1.00,0.07,0.04
1784588343.1496,15:59:03.149,0,0,0
1784588343.6494,15:59:03.649,0,0,0
1784588344.1496,15:59:04.149,0,0,0
1784588344.6494,15:59:04.649,0,0,0
1784588345.1488,15:59:05.148,0,0,0
1784588345.6492,15:59:05.649,0,0,0
1784588346.1495,15:59:06.149,1.00,0.10,0.03
1784588346.6489,15:59:06.648,0,0,0
1784588347.149,15:59:07.149,0,0,0
1784588347.6492,15:59:07.649,0,0,0
1784588348.1484,15:59:08.148,0,0,0
1784588348.6483,15:59:08.648,0,0,0
1784588349.1487,15:59:09.148,0,0,0
1784588349.6483,15:59:09.648,0,0,0
1784588350.148,15:59:10.148,0,0,0
1784588350.6482,15:59:10.648,0,0,0
1784588351.1474,15:59:11.147,0,0,0
1784588351.6467,15:59:11.646,0,0,0
1784588352.1467,15:59:12.146,0,0,0
1784588352.6462,15:59:12.646,0,0,0
1784588353.1458,15:59:13.145,0,0,0
1784588353.6456,15:59:13.645,0,0,0
1784588354.1455,15:59:14.145,0,0,0
1784588354.6455,15:59:14.645,0,0,0
1784588355.1459,15:59:15.145,0,0,0
1784588355.6457,15:59:15.645,0,0,0
1784588356.1451,15:59:16.145,0,0,0
1784588356.6457,15:59:16.645,0,0,0
1784588357.1452,15:59:17.145,0,0,0
1784588357.6448,15:59:17.644,0,0,0
1784588358.1449,15:59:18.144,0,0,0
1784588358.6445,15:59:18.644,0,0,0
1784588359.1441,15:59:19.144,0.76,0.58,-0.29
1784588359.6446,15:59:19.644,0.87,0.46,-0.15
1784588360.1442,15:59:20.144,0,0,0
1784588360.644,15:59:20.644,0,0,0
1784588361.1441,15:59:21.144,0.92,0.38,-0.07
1784588361.6439,15:59:21.643,0,0,0
1784588362.1435,15:59:22.143,0,0,0
1784588362.6432,15:59:22.643,0,0,0
1784588363.1432,15:59:23.143,0,0,0
1784588363.6431,15:59:23.643,0,0,0
1784588364.1429,15:59:24.142,0,0,0
1784588364.6429,15:59:24.642,0,0,0
1784588365.1428,15:59:25.142,0,0,0
1784588365.6422,15:59:25.642,0,0,0
1784588366.1424,15:59:26.142,0,0,0
1784588366.6421,15:59:26.642,0,0,0
1784588367.1419,15:59:27.141,0,0,0
1784588367.642,15:59:27.642,0,0,0
1784588368.1416,15:59:28.141,0,0,0
1784588368.6414,15:59:28.641,0,0,0
1784588369.1419,15:59:29.141,0,0,0
1784588369.6416,15:59:29.641,0,0,0
1784588370.1408,15:59:30.140,0.95,0.31,-0.04
1784588370.6415,15:59:30.641,0.95,0.29,-0.09
1784588371.1413,15:59:31.141,0.89,0.40,-0.22
1784588371.6407,15:59:31.640,0.82,0.49,-0.29
1784588372.141,15:59:32.141,0,0,0
1784588372.6404,15:59:32.640,0.83,0.48,-0.28
1784588373.1397,15:59:33.139,0,0,0
1784588373.6396,15:59:33.639,0,0,0
1784588374.1398,15:59:34.139,0.85,0.46,-0.25
1784588374.6393,15:59:34.639,0,0,0
1784588375.1397,15:59:35.139,0,0,0
1784588375.6401,15:59:35.640,0,0,0
1784588376.1398,15:59:36.139,0,0,0
1784588376.64,15:59:36.640,0,0,0
1784588377.1403,15:59:37.140,0,0,0
1784588377.6395,15:59:37.639,0,0,0
1784588378.1391,15:59:38.139,0,0,0
1784588378.6394,15:59:38.639,0,0,0
1784588379.1392,15:59:39.139,0,0,0
1784588379.639,15:59:39.639,0,0,0
1784588380.1393,15:59:40.139,0,0,0
1784588380.6389,15:59:40.638,0,0,0
1784588381.1382,15:59:41.138,0,0,0
1784588381.638,15:59:41.638,0,0,0
1784588382.1376,15:59:42.137,0.95,0.30,-0.12
1784588382.6375,15:59:42.637,0.99,0.15,0.01
1784588383.1379,15:59:43.137,0,0,0
1784588383.6375,15:59:43.637,0,0,0
1784588384.1368,15:59:44.136,0,0,0
1784588384.637,15:59:44.637,0,0,0
1784588385.1365,15:59:45.136,0,0,0
1784588385.6359,15:59:45.635,0,0,0
1784588386.1365,15:59:46.136,0,0,0
1784588386.6359,15:59:46.635,0,0,0
1784588387.1355,15:59:47.135,0,0,0
1784588387.6359,15:59:47.635,0,0,0
1784588388.1358,15:59:48.135,0,0,0
1784588388.6356,15:59:48.635,0.99,0.14,0.01
1784588389.136,15:59:49.136,0.99,0.15,0.02
1784588389.6357,15:59:49.635,0.99,0.15,0.02
1784588390.1351,15:59:50.135,0.98,0.20,0.00
1784588390.6353,15:59:50.635,0,0,0
1784588391.1355,15:59:51.135,0,0,0
1784588391.6348,15:59:51.634,0,0,0
1784588392.1351,15:59:52.135,0.98,0.19,0.00
1784588392.6351,15:59:52.635,0.99,0.14,-0.02
1784588393.1343,15:59:53.134,0.99,0.12,0.00
1784588393.6342,15:59:53.634,0,0,0
1784588394.1344,15:59:54.134,0,0,0
1784588394.6344,15:59:54.634,0,0,0
1784588395.1342,15:59:55.134,0,0,0
1784588395.634,15:59:55.634,0,0,0
1784588396.1335,15:59:56.133,0,0,0
1784588396.6337,15:59:56.633,0,0,0
1784588397.1333,15:59:57.133,0,0,0
1784588397.633,15:59:57.633,0,0,0
1784588398.1324,15:59:58.132,0,0,0
1784588398.6325,15:59:58.632,0,0,0
1784588399.132,15:59:59.132,0,0,0
1784588399.6316,15:59:59.631,0,0,0
1784588400.1319,16:00:00.131,0.99,0.15,0.01
1784588400.6321,16:00:00.632,0.99,0.15,0.03
1784588401.1317,16:00:01.131,0.99,0.15,0.03
1784588401.6316,16:00:01.631,0.99,0.14,0.02
1784588402.1311,16:00:02.131,0.98,0.20,-0.04
1784588402.6307,16:00:02.630,0.97,0.23,-0.06
1784588403.1312,16:00:03.131,0.96,0.26,-0.06
1784588403.631,16:00:03.631,0,0,0
1784588404.1306,16:00:04.130,0,0,0
1784588404.6305,16:00:04.630,0,0,0
1784588405.1309,16:00:05.130,0,0,0
1784588405.6305,16:00:05.630,0,0,0
1784588406.1303,16:00:06.130,0,0,0
1784588406.6303,16:00:06.630,0,0,0
1784588407.13,16:00:07.130,0,0,0
1784588407.63,16:00:07.630,0,0,0
1784588408.1301,16:00:08.130,0,0,0
1784588408.6297,16:00:08.629,0,0,0
1784588409.1295,16:00:09.129,0.96,0.27,-0.06
1784588409.6298,16:00:09.629,0,0,0
1784588410.1296,16:00:10.129,0,0,0
1784588410.6292,16:00:10.629,0,0,0
1784588411.1289,16:00:11.128,0,0,0
1784588411.6283,16:00:11.628,0,0,0
1784588412.1278,16:00:12.127,0,0,0
1784588412.628,16:00:12.628,0,0,0
1784588413.1274,16:00:13.127,0,0,0
1784588413.6273,16:00:13.627,0,0,0
1784588414.1275,16:00:14.127,0,0,0
1784588414.6273,16:00:14.627,0,0,0
1784588415.127,16:00:15.127,0,0,0
1784588415.6274,16:00:15.627,0,0,0
1784588416.1271,16:00:16.127,0,0,0
1784588416.6267,16:00:16.626,0,0,0
1784588417.1267,16:00:17.126,0,0,0
1784588417.627,16:00:17.627,0,0,0
1784588418.1268,16:00:18.126,0,0,0
1784588418.6272,16:00:18.627,0,0,0
1784588419.1268,16:00:19.126,0,0,0
1784588419.6264,16:00:19.626,0,0,0
1784588420.1265,16:00:20.126,0,0,0
1784588420.6267,16:00:20.626,0,0,0
1784588421.1261,16:00:21.126,0,0,0
1784588421.6264,16:00:21.626,0,0,0
1784588422.1264,16:00:22.126,0,0,0
1784588422.6258,16:00:22.625,0,0,0
1784588423.1257,16:00:23.125,0,0,0
1784588423.6259,16:00:23.625,0,0,0
1784588424.1256,16:00:24.125,0,0,0
1784588424.6254,16:00:24.625,0,0,0
1784588425.1251,16:00:25.125,0,0,0
1784588425.6248,16:00:25.624,0,0,0
1784588426.1244,16:00:26.124,0,0,0
1784588426.624,16:00:26.624,0,0,0
1784588427.1237,16:00:27.123,0.98,0.17,0.05
1784588427.6231,16:00:27.623,0,0,0
1784588428.1234,16:00:28.123,0.94,0.35,-0.04
1784588428.6226,16:00:28.622,0.94,0.34,-0.05
1784588429.1224,16:00:29.122,0.95,0.30,-0.05
1784588429.6227,16:00:29.622,0.95,0.30,-0.08
1784588430.1221,16:00:30.122,0.97,0.24,-0.04
1784588430.6216,16:00:30.621,0.98,0.21,0.03
1784588431.1217,16:00:31.121,0,0,0
1784588431.6219,16:00:31.621,0,0,0
1784588432.1214,16:00:32.121,0,0,0
1784588432.6217,16:00:32.621,0,0,0
1784588433.1217,16:00:33.121,0,0,0
1784588433.621,16:00:33.621,0,0,0
1784588434.121,16:00:34.121,0,0,0
1784588434.6206,16:00:34.620,0,0,0
1784588435.1199,16:00:35.119,0,0,0
1784588435.6201,16:00:35.620,0,0,0
1784588436.1203,16:00:36.120,0,0,0
1784588436.6201,16:00:36.620,0,0,0
1784588437.1203,16:00:37.120,0.99,0.09,0.14
1784588437.6204,16:00:37.620,0.99,0.10,0.13
1784588438.1198,16:00:38.119,0.99,0.13,0.10
1784588438.6198,16:00:38.619,0.98,0.18,0.08
1784588439.1193,16:00:39.119,0.95,0.32,-0.01
1784588439.6185,16:00:39.618,0,0,0
1784588440.1185,16:00:40.118,0,0,0
1784588440.6184,16:00:40.618,0,0,0
1784588441.1178,16:00:41.117,0,0,0
1784588441.6176,16:00:41.617,0,0,0
1784588442.1179,16:00:42.117,0,0,0
1784588442.6177,16:00:42.617,0,0,0
1784588443.1176,16:00:43.117,0,0,0
1784588443.6176,16:00:43.617,0,0,0
1784588444.1174,16:00:44.117,0,0,0
1784588444.6174,16:00:44.617,0,0,0
1784588445.1176,16:00:45.117,0,0,0
1784588445.6176,16:00:45.617,0,0,0
1784588446.1171,16:00:46.117,0,0,0
1784588446.6171,16:00:46.617,0,0,0
1784588447.117,16:00:47.117,0,0,0
1784588447.6164,16:00:47.616,0,0,0
1784588448.1164,16:00:48.116,0,0,0
1784588448.6166,16:00:48.616,0.95,0.32,-0.03
1784588449.1164,16:00:49.116,0.99,0.02,0.13
1784588449.6164,16:00:49.616,0,0,0
1784588450.1165,16:00:50.116,0,0,0
1784588450.616,16:00:50.616,0,0,0
1784588451.1163,16:00:51.116,0.99,-0.04,0.13
1784588451.6165,16:00:51.616,0,0,0
1784588452.1161,16:00:52.116,0,0,0
1784588452.6164,16:00:52.616,0,0,0
1784588453.1164,16:00:53.116,0,0,0
1784588453.6156,16:00:53.615,0.99,-0.03,0.13
1784588454.1155,16:00:54.115,0.98,0.04,0.17
1784588454.6153,16:00:54.615,0,0,0
1784588455.115,16:00:55.115,0.97,0.21,0.12
1784588455.6149,16:00:55.614,0.93,0.36,-0.03
1784588456.1149,16:00:56.114,0.87,0.46,-0.14
1784588456.6144,16:00:56.614,0,0,0
1784588457.114,16:00:57.114,0.88,0.44,-0.14
1784588457.614,16:00:57.614,0,0,0
1784588458.1133,16:00:58.113,0,0,0
1784588458.6133,16:00:58.613,0,0,0
1784588459.1138,16:00:59.113,0,0,0
1784588459.6136,16:00:59.613,0,0,0
1784588460.1132,16:01:00.113,0,0,0
1784588460.6135,16:01:00.613,0,0,0
1784588461.1125,16:01:01.112,0,0,0
1784588461.6117,16:01:01.611,0,0,0
1784588462.1117,16:01:02.111,0,0,0
1784588462.6117,16:01:02.611,0,0,0
1784588463.1109,16:01:03.110,0,0,0
1784588463.6116,16:01:03.611,0,0,0
1784588464.1116,16:01:04.111,0,0,0
1784588464.6114,16:01:04.611,0.87,0.47,-0.17
1784588465.111,16:01:05.111,0.93,0.35,-0.12
1784588465.611,16:01:05.611,0,0,0
1784588466.1107,16:01:06.110,0,0,0
1784588466.6109,16:01:06.610,0,0,0
1784588467.1106,16:01:07.110,0.96,0.26,-0.08
1784588467.6103,16:01:07.610,0.98,0.18,-0.03
1784588468.1105,16:01:08.110,0.99,0.13,-0.02
1784588468.6104,16:01:08.610,0.99,0.13,-0.01
1784588469.1096,16:01:09.109,0,0,0
1784588469.6096,16:01:09.609,0.99,0.17,0.02
1784588470.1097,16:01:10.109,0,0,0
1784588470.6089,16:01:10.608,0,0,0
1784588471.1087,16:01:11.108,0,0,0
1784588471.6092,16:01:11.609,0,0,0
1784588472.1088,16:01:12.108,0,0,0
1784588472.6083,16:01:12.608,0.99,0.11,0.07
1784588473.1087,16:01:13.108,0,0,0
1784588473.6089,16:01:13.608,0,0,0
1784588474.1086,16:01:14.108,0,0,0
1784588474.6086,16:01:14.608,0,0,0
1784588475.108,16:01:15.108,0,0,0
1784588475.6077,16:01:15.607,0,0,0
1784588476.1076,16:01:16.107,0,0,0
1784588476.6078,16:01:16.607,0,0,0
1784588477.1071,16:01:17.107,0,0,0
1784588477.6075,16:01:17.607,0,0,0
1784588478.1076,16:01:18.107,0,0,0
1784588478.607,16:01:18.607,0,0,0
1784588479.1074,16:01:19.107,0,0,0
1784588479.6067,16:01:19.606,0,0,0
1784588480.1057,16:01:20.105,0,0,0
1784588480.6061,16:01:20.606,0,0,0
1784588481.106,16:01:21.106,0,0,0
1784588481.6056,16:01:21.605,0,0,0
1784588482.1056,16:01:22.105,0.98,0.19,0.01
1784588482.6058,16:01:22.605,0.98,0.19,0.00
1784588483.1054,16:01:23.105,0.98,0.20,0.01
1784588483.6053,16:01:23.605,0,0,0
1784588484.1049,16:01:24.104,0,0,0
1784588484.6047,16:01:24.604,0,0,0
1784588485.1048,16:01:25.104,0,0,0
1784588485.6048,16:01:25.604,0,0,0
1784588486.1045,16:01:26.104,0,0,0
1784588486.6047,16:01:26.604,0,0,0
1784588487.1047,16:01:27.104,0,0,0
1784588487.6046,16:01:27.604,0,0,0
1784588488.104,16:01:28.104,0,0,0
1784588488.6038,16:01:28.603,0,0,0
1784588489.1033,16:01:29.103,0,0,0
1784588489.6028,16:01:29.602,0,0,0
1784588490.1033,16:01:30.103,0,0,0
1784588490.6035,16:01:30.603,0,0,0
1784588491.1031,16:01:31.103,0,0,0
1784588491.6034,16:01:31.603,0,0,0
1784588492.1032,16:01:32.103,0,0,0
1784588492.6024,16:01:32.602,0,0,0
1784588493.1027,16:01:33.102,0.98,0.20,0.00
1784588493.6026,16:01:33.602,0.98,0.18,0.06
1784588494.1023,16:01:34.102,0.99,0.12,0.11
1784588494.6022,16:01:34.602,0,0,0
1784588495.1024,16:01:35.102,0,0,0
1784588495.6021,16:01:35.602,0,0,0
1784588496.1017,16:01:36.101,0,0,0
1784588496.6011,16:01:36.601,0,0,0
1784588497.1004,16:01:37.100,0,0,0
1784588497.6006,16:01:37.600,0,0,0
1784588498.1009,16:01:38.100,0,0,0
1784588498.6005,16:01:38.600,0,0,0
1784588499.1006,16:01:39.100,0,0,0
1784588499.6009,16:01:39.600,0,0,0
1784588500.1005,16:01:40.100,0,0,0
1784588500.6002,16:01:40.600,0,0,0
1784588501.1004,16:01:41.100,0,0,0
1784588501.5998,16:01:41.599,0,0,0
1784588502.0997,16:01:42.099,0,0,0
1784588502.5997,16:01:42.599,0,0,0
1784588503.0993,16:01:43.099,0.98,0.14,0.12
1784588503.5992,16:01:43.599,0.96,0.28,-0.02
1784588504.0992,16:01:44.099,0.93,0.37,-0.07
1784588504.5986,16:01:44.598,0.91,0.40,-0.09
1784588505.0986,16:01:45.098,0.89,0.44,-0.08
1784588505.5988,16:01:45.598,0,0,0
1784588506.0981,16:01:46.098,0.90,0.42,-0.10
1784588506.5979,16:01:46.597,0.88,0.43,-0.17
1784588507.0981,16:01:47.098,0,0,0
1784588507.5976,16:01:47.597,0.88,0.43,-0.17
1784588508.0972,16:01:48.097,0.87,0.45,-0.20
1784588508.5977,16:01:48.597,0.87,0.45,-0.21
1784588509.0975,16:01:49.097,0.80,0.53,-0.26
1784588509.5971,16:01:49.597,0,0,0
1784588510.0972,16:01:50.097,0,0,0
1784588510.5976,16:01:50.597,0,0,0
1784588511.0972,16:01:51.097,0.79,0.54,-0.30
1784588511.5969,16:01:51.596,0.79,0.54,-0.30
1784588512.0961,16:01:52.096,0.81,0.51,-0.28
1784588512.5956,16:01:52.595,0.82,0.50,-0.28
1784588513.096,16:01:53.096,0.82,0.50,-0.28
1784588513.596,16:01:53.596,0.83,0.50,-0.25
1784588514.0955,16:01:54.095,0,0,0
1784588514.5955,16:01:54.595,0.83,0.50,-0.24
1784588515.0959,16:01:55.095,0.83,0.50,-0.24
1784588515.5956,16:01:55.595,0.81,0.52,-0.28
1784588516.0954,16:01:56.095,0.81,0.52,-0.28
1784588516.5953,16:01:56.595,0.82,0.50,-0.28
1784588517.0946,16:01:57.094,0.96,0.27,-0.07
1784588517.5942,16:01:57.594,0.96,0.27,-0.07
1784588518.0941,16:01:58.094,0.96,0.27,-0.07
1784588518.5937,16:01:58.593,0.95,0.30,-0.09
1784588519.0933,16:01:59.093,0.93,0.33,-0.15
1784588519.5938,16:01:59.593,0.93,0.33,-0.15
1784588520.0938,16:02:00.093,0.93,0.34,-0.13
1784588520.5933,16:02:00.593,0.92,0.36,-0.13
1784588521.0936,16:02:01.093,0.92,0.36,-0.13
1784588521.593,16:02:01.593,0.72,0.58,-0.38
