id,start_timestamp,duration,start_frame_index,end_frame_index,norm_pos_x,norm_pos_y,dispersion,confidence,method,gaze_point_3d_x,gaze_point_3d_y,gaze_point_3d_z,base_data
0,686321.880948,181.55350000597537,4,9,0.40302220762862817,0.7394796535347019,1.4730689832626918,1.0,3d gaze,-15.853425385374516,-28.40315898219716,102.77339306918272,686321.880948 686321.8849825 686321.889017 686321.8930515 686321.8970860001 686321.9011204999 686321.9051554999 686321.90919 686321.9132245 686321.917259 686321.9212935 686321.925328 686321.9293625 686321.9333975001 686321.937432 686321.9414665 686321.9455009999 686321.9495355 686321.95357 686321.9576045 686321.961639 686321.9656735 686321.9697080001 686321.9737425 686321.977777 686321.9818114999 686321.985846 686321.9898805 686321.993915 686321.9979495 686322.001984 686322.0060185001 686322.010053 686322.0140875 686322.018122 686322.0221565 686322.026191 686322.0302255 686322.03426 686322.0382945 686322.0423290001 686322.0463635 686322.050398 686322.0544324999 686322.058467 686322.0625015
1,686322.066536,157.34650008380413,10,14,0.410958992279308,0.7570659303130356,1.3807750557055039,1.0,3d gaze,-14.442925593136266,-30.07033080411211,102.33146653006983,686322.066536 686322.0705705 686322.0746055 686322.07864 686322.0826745001 686322.0867089999 686322.0907435 686322.0947779999 686322.0988125 686322.102847 686322.1068815 686322.1109165 686322.114951 686322.1189855 686322.12302 686322.1270544999 686322.131089 686322.1351235 686322.139158 686322.1431925 686322.147227 686322.1512615001 686322.155296 686322.1593305 686322.1633649999 686322.1673995 686322.171434 686322.1754685 686322.179503 686322.1835375 686322.187572 686322.1916065 686322.195641 686322.1996754999 686322.20371 686322.2077445 686322.211779 686322.2158135 686322.219848 686322.2238825001
2,686322.2279175001,117.00099986046553,14,18,0.40220099716988383,0.7623295599504007,1.4753534908418158,0.9974508444468181,3d gaze,-16.826006406888794,-32.24471823956869,107.50618516989698,686322.2279175001 686322.231952 686322.2359865 686322.2400209999 686322.2440555 686322.24809 686322.2521245 686322.256159 686322.2601935 686322.2642280001 686322.2682625 686322.272297 686322.2763315 686322.280366 686322.2844005 686322.2884355 686322.29247 686322.2965045001 686322.300539 686322.3045735001 686322.3086079999 686322.3126425 686322.316677 686322.3207115 686322.324746 686322.3287805 686322.332815 686322.3368495 686322.3408840001 686322.3449184999
3,686322.3529875,92.79400005470961,18,21,0.3883730213061883,0.7368945649287233,1.4740553317040552,0.992598814268907,3d gaze,-18.541203666476132,-28.389515238297232,103.30790641495706,686322.3529875 686322.357022 686322.3610565 686322.365091 686322.3691255001 686322.37316 686322.3771945001 686322.3812289999 686322.3852635 686322.389298 686322.3933325 686322.3973675 686322.401402 686322.4054365 686322.4094710001 686322.4135055 686322.41754 686322.4215744999 686322.425609 686322.4296435 686322.433678 686322.4377125 686322.441747 686322.4457815001
4,686322.5385755,104.89799990318716,24,27,0.37802756238794555,0.6372444975450804,1.4587514957108498,0.9789728378808057,3d gaze,-19.50009695514761,-17.82541825422462,100.65187816676834,686322.5385755 686322.54261 686322.5466445 686322.5506795 686322.5547140001 686322.5587485 686322.5627830001 686322.5668174999 686322.570852 686322.5748865 686322.578921 686322.5829555 686322.58699 686322.5910245 686322.595059 686322.5990935001 686322.6031279999 686322.6071625 686322.611197 686322.6152315 686322.619266 686322.6233005 686322.6273350001 686322.6313695 686322.6354040001 686322.6394384999 686322.6434734999
5,686322.804854,80.69099998101592,32,34,0.33309323348724046,0.5224028055183975,1.4926342394458505,0.9503773365701947,3d gaze,-30.390467742631618,-7.873676996842898,112.83217798153059,686322.804854 686322.8088885 686322.8129235001 686322.816958 686322.8209925 686322.8250269999 686322.8290615 686322.833096 686322.8371305 686322.841165 686322.8451995 686322.849234 686322.8532685 686322.857303 686322.8613374999 686322.865372 686322.8694065 686322.8734415 686322.877476 686322.8815105 686322.885545
6,686322.9137865,80.69049997720867,35,37,0.3599912834172963,0.5149142140619658,1.4327673071996065,0.9451820197559538,3d gaze,-27.476758093748884,-7.726390985990483,124.0540476381944,686322.9137865 686322.917821 686322.9218555 686322.9258900001 686322.9299245 686322.933959 686322.9379935 686322.942028 686322.9460625 686322.950097 686322.9541315 686322.958166 686322.9622005001 686322.9662349999 686322.9702695 686322.9743039999 686322.9783385 686322.9823735 686322.986408 686322.9904425 686322.994477
7,686323.579483,112.96699999365956,55,58,0.43568750527040856,0.4703980040649416,1.4644063139108576,0.9263978651885328,3d gaze,-10.04213956377558,-2.1527009188228785,105.64455417181452,686323.579483 686323.5835175 686323.5875520001 686323.5915864999 686323.595621 686323.5996555 686323.60369 686323.6077245 686323.611759 686323.6157935 686323.619828 686323.6238625001 686323.6278969999 686323.6319315 686323.6359659999 686323.6400005 686323.644035 686323.6480695 686323.652104 686323.6561385 686323.6601730001 686323.6642074999 686323.668242 686323.672277 686323.6763114999 686323.680346 686323.6843805 686323.688415 686323.69245
8,686323.6964845001,108.93149999901652,58,61,0.4458673794123297,0.47079325802171695,1.249741028104018,0.9058984443545341,3d gaze,-8.286972350369693,-2.1783483287538603,105.44779100540396,686323.6964845001 686323.700519 686323.7045535 686323.7085879999 686323.7126225 686323.716657 686323.7206915 686323.724726 686323.7287605 686323.7327950001 686323.7368295 686323.740864 686323.7448984999 686323.748933 686323.7529675 686323.757002 686323.7610365 686323.765071 686323.7691055001 686323.77314 686323.7771745 686323.7812089999 686323.7852435 686323.789278 686323.7933125 686323.797347 686323.8013815 686323.8054160001
9,686323.8094505,84.72550008445978,62,64,0.4361205234496522,0.469196549245202,1.2949397650495686,0.9289104396646674,3d gaze,-8.872982815528387,-1.8112776023286934,93.9036666434197,686323.8094505 686323.813485 686323.8175194999 686323.821554 686323.8255885 686323.829623 686323.8336575 686323.837692 686323.841727 686323.8457615001 686323.8497959999 686323.8538305 686323.857865 686323.8618995 686323.865934 686323.869969 686323.8740035 686323.8780380001 686323.8820725 686323.886107 686323.8901414999 686323.894176
10,686323.958728,137.1740000322461,66,70,0.4240820363308921,0.4828334536085664,1.4822614390029323,0.9559905520507268,3d gaze,-11.493655775208685,-3.194898403375378,100.66662215483343,686323.958728 686323.9627624999 686323.966797 686323.9708315 686323.974866 686323.9789005 686323.982935 686323.98697 686323.9910045001 686323.995039 686323.9990735 686324.0031079999 686324.0071425 686324.011177 686324.0152115 686324.019246 686324.0232805 686324.0273150001 686324.0313500001 686324.0353844999 686324.0394184999 686324.043453 686324.047488 686324.0515225 686324.055557 686324.0595915 686324.063626 686324.0676605001 686324.0716949999 686324.0757295 686324.0797639999 686324.0837985 686324.087833 686324.0918675 686324.0959020001
11,686324.11204,157.3464999673888,71,75,0.45779795620342945,0.4570034716581535,1.4797635088120846,0.9434094175696373,3d gaze,-5.698027708089411,-0.7839660628087795,96.04079792281466,686324.11204 686324.1160745 686324.120109 686324.1241435 686324.128178 686324.1322125 686324.136247 686324.1402815001 686324.1443159999 686324.1483505 686324.1523849999 686324.1564195 686324.160454 686324.164489 686324.1685235 686324.1725580001 686324.1765925 686324.180627 686324.1846614999 686324.188696 686324.1927305 686324.196765 686324.2007995 686324.204834 686324.208869 686324.2129035001 686324.2169379999 686324.2209725 686324.2250069999 686324.2290415 686324.233076 686324.2371105 686324.2411450001 686324.2451795 686324.2492140001 686324.2532484999 686324.257283 686324.2613175 686324.265352 686324.2693865
12,686324.3299044999,84.72500008065253,77,80,0.48224574124823205,0.5076747221362777,1.418163783420915,0.9070246531204744,3d gaze,-1.841643489806426,-5.002329449608034,92.44031224893617,686324.3299044999 686324.333939 686324.3379734999 686324.342008 686324.3460425 686324.350077 686324.3541115001 686324.358146 686324.3621805001 686324.3662149999 686324.3702495 686324.374284 686324.3783185 686324.382353 686324.3863875 686324.3904220001 686324.3944570001 686324.3984915 686324.402526 686324.4065604999 686324.410595 686324.4146295
13,686324.45094,80.69049997720867,81,83,0.4625360016906696,0.5293367928400485,1.4268078361001986,0.9232007563114166,3d gaze,-4.979299392104794,-7.121409511964193,96.24322497321975,686324.45094 686324.4549745 686324.459009 686324.4630435 686324.4670780001 686324.4711125 686324.475147 686324.479182 686324.4832164999 686324.487251 686324.4912855 686324.49532 686324.4993545001 686324.503389 686324.5074235001 686324.5114579999 686324.5154925 686324.519527 686324.5235615 686324.527596 686324.5316305
14,686324.535665,217.8645000094548,83,90,0.4511522893400395,0.5304603803309441,0.9791806012587035,0.9391892406073483,3d gaze,-6.771560604329504,-7.255784246661365,96.35191619710429,686324.535665 686324.5396995 686324.5437340001 686324.5477684999 686324.551803 686324.5558374999 686324.559872 686324.5639065 686324.567941 686324.571976 686324.5760105001 686324.580045 686324.5840795 686324.5881139999 686324.5921485 686324.596183 686324.6002175 686324.604252 686324.6082865 686324.6123210001 686324.6163555 686324.62039 686324.6244244999 686324.628459 686324.6324935 686324.636528 686324.640563 686324.6445975001 686324.648632 686324.6526665001 686324.6567009999 686324.6607355 686324.6647699999 686324.6688045 686324.672839 686324.6768735 686324.680908 686324.6849425 686324.6889770001 686324.6930114999 686324.697046 686324.7010804999 686324.705115 686324.7091495 686324.713184 686324.7172185001 686324.721253 686324.7252875001 686324.7293219999 686324.7333565 686324.7373909999 686324.7414255 686324.74546 686324.749495 686324.7535295
15,686324.7575640001,100.86299991235137,90,93,0.4464591804912841,0.5332126108760978,0.9849464734651134,0.9714126965174308,3d gaze,-6.767750323507586,-6.751265505715823,86.89497335971933,686324.7575640001 686324.7615985 686324.7656330001 686324.7696674999 686324.773702 686324.7777365 686324.781771 686324.7858055 686324.78984 686324.7938745 686324.797909 686324.801944 686324.8059785 686324.8100129999 686324.8140475 686324.818082 686324.8221165 686324.826151 686324.8301855 686324.8342200001 686324.8382545 686324.842289 686324.8463234999 686324.850358 686324.8543925 686324.858427
16,686325.0319115,92.79449994210154,98,101,0.42217202280730354,0.7396720290369078,1.4536911901436813,0.9995623181263605,3d gaze,-12.194815616140962,-27.63398301553886,100.32337850606392,686325.0319115 686325.035946 686325.0399805 686325.044015 686325.0480495 686325.0520840001 686325.0561185 686325.060153 686325.0641874999 686325.068222 686325.0722564999 686325.076291 686325.0803255 686325.08436 686325.088395 686325.0924295001 686325.096464 686325.1004985 686325.1045329999 686325.1085675 686325.112602 686325.116637 686325.1206715 686325.124706
17,686325.1287405,217.86400000564754,101,107,0.4116010624055953,0.7416888346282524,1.4638012903750417,0.9983561472459273,3d gaze,-14.729072603737738,-29.370260145097806,105.68155406335995,686325.1287405 686325.1327750001 686325.1368094999 686325.140844 686325.1448784999 686325.148913 686325.1529475 686325.156982 686325.1610165001 686325.165051 686325.1690855001 686325.1731199999 686325.1771545 686325.181189 686325.1852235 686325.189258 686325.1932925 686325.197327 686325.2013615 686325.2053960001 686325.2094304999 686325.213465 686325.2174994999 686325.221534 686325.2255685 686325.229603 686325.2336375001 686325.237672 686325.2417065001 686325.2457409999 686325.2497755 686325.25381 686325.2578445 686325.261879 686325.265914 686325.2699485 686325.2739830001 686325.2780180001 686325.2820524999 686325.286087 686325.2901214999 686325.294156 686325.2981905 686325.302225 686325.3062595001 686325.310294 686325.3143285001 686325.3183629999 686325.3223975 686325.3264319999 686325.3304665 686325.334501 686325.3385355 686325.34257 686325.3466045
18,686325.3506390001,173.48449991550297,108,113,0.423481389402102,0.7406010905399448,1.2941501231999246,0.9992308007045225,3d gaze,-13.169758854104712,-30.54600153655658,110.47636818630968,686325.3506390001 686325.3546734999 686325.358708 686325.3627424999 686325.366777 686325.3708115 686325.374846 686325.3788805001 686325.382915 686325.3869495001 686325.3909839999 686325.3950185 686325.399053 686325.4030875 686325.407122 686325.4111565 686325.415191 686325.4192255 686325.4232600001 686325.4272944999 686325.431329 686325.4353634999 686325.4393985 686325.4434335 686325.447468 686325.4515025 686325.455537 686325.4595715001 686325.463606 686325.4676405 686325.4716749999 686325.4757095 686325.479744 686325.4837785 686325.487813 686325.4918475 686325.4958820001 686325.4999165 686325.503951 686325.5079854999 686325.51202 686325.5160545 686325.520089 686325.5241235
19,686325.528158,157.34650008380413,113,118,0.4067787032044691,0.7345597074327932,1.355296615120696,0.999992661178112,3d gaze,-14.81619462669617,-27.241949797635094,100.48463539008758,686325.528158 686325.5321925001 686325.536227 686325.5402615 686325.5442959999 686325.5483305 686325.552365 686325.5563995 686325.560434 686325.5644685 686325.5685030001 686325.5725375 686325.576572 686325.5806064999 686325.584641 686325.5886755 686325.59271 686325.5967445 686325.6007795 686325.604814 686325.6088485001 686325.6128829999 686325.6169175 686325.6209525 686325.624987 686325.6290215 686325.633056 686325.6370905 686325.6411250001 686325.6451595 686325.649194 686325.6532284999 686325.657263 686325.6612975 686325.665332 686325.6693665 686325.673401 686325.6774355001 686325.68147 686325.6855045
20,686325.7097115,217.8645000094548,118,125,0.4489895432791109,0.7562918610505761,1.2673008578399265,1.0,3d gaze,-8.52888590936323,-32.442103571826266,111.40120726611124,686325.7097115 686325.7137460001 686325.7177805 686325.721815 686325.7258494999 686325.729884 686325.7339185 686325.737953 686325.7419875 686325.746022 686325.7500565001 686325.7540915001 686325.758126 686325.7621605 686325.7661949999 686325.7702295 686325.774264 686325.7782985 686325.7823330001 686325.7863675 686325.7904020001 686325.7944365 686325.7984714999 686325.802506 686325.8065404999 686325.810575 686325.8146095 686325.818644 686325.8226785001 686325.826713 686325.8307475001 686325.8347819999 686325.8388165 686325.842851 686325.8468855 686325.85092 686325.8549545 686325.858989 686325.8630235 686325.8670580001 686325.8710924999 686325.875127 686325.8791614999 686325.883196 686325.8872305 686325.891265 686325.8952995001 686325.899334 686325.9033685001 686325.9074029999 686325.9114375 686325.915472 686325.9195065 686325.9235415 686325.927576
21,686325.988094,88.75949995126575,127,129,0.4527115975966517,0.7346237763645143,1.324785719894444,1.0,3d gaze,-7.621606822262427,-29.361433401888814,109.07757925538495,686325.988094 686325.9921285 686325.996163 686326.0001975 686326.004232 686326.0082665 686326.0123010001 686326.0163354999 686326.02037 686326.0244044999 686326.028439 686326.0324735 686326.036508 686326.0405425001 686326.044577 686326.0486115001 686326.0526459999 686326.0566805 686326.060715 686326.0647495 686326.068784 686326.0728185 686326.0768535
22,686326.0808880001,217.86400000564754,129,136,0.4522721380697049,0.7581845758848058,0.8674433482770877,1.0,3d gaze,-7.761541022989459,-32.07934897693639,109.50646722147974,686326.0808880001 686326.0849225 686326.088957 686326.0929914999 686326.097026 686326.1010605 686326.105095 686326.1091295 686326.113164 686326.1171985001 686326.121233 686326.1252675 686326.1293019999 686326.1333365 686326.1373709999 686326.1414055 686326.1454405 686326.149475 686326.1535095 686326.1575440001 686326.1615785 686326.165613 686326.1696474999 686326.173682 686326.1777165 686326.181751 686326.1857855 686326.18982 686326.1938545001 686326.197889 686326.2019235 686326.2059579999 686326.2099925 686326.214027 686326.2180615 686326.222096 686326.2261305 686326.2301650001 686326.2341995 686326.238234 686326.2422684999 686326.2463035 686326.250338 686326.2543725 686326.258407 686326.2624415 686326.266476 686326.2705105001 686326.2745449999 686326.2785795 686326.2826139999 686326.2866485 686326.290683 686326.2947175 686326.2987520001
23,686326.3027865,121.03600008413196,136,140,0.4598245933709389,0.7474297625412282,1.4246059559974138,1.0,3d gaze,-6.665264017559444,-32.45787105913128,115.16992794362221,686326.3027865 686326.3068210001 686326.3108554999 686326.3148904999 686326.318925 686326.3229595 686326.326994 686326.3310285 686326.335063 686326.3390975001 686326.343132 686326.3471665 686326.3512009999 686326.3552355 686326.35927 686326.3633045 686326.367339 686326.3713735 686326.3754080001 686326.3794425 686326.383477 686326.3875114999 686326.391546 686326.3955805 686326.3996155 686326.40365 686326.4076845 686326.411719 686326.4157535001 686326.4197879999 686326.4238225
24,686326.435926,189.62249998003244,140,146,0.45825920328849906,0.7318831630015138,1.4001616489670357,1.0,3d gaze,-6.8830288540631015,-30.274333954020022,113.70922590194566,686326.435926 686326.4399605 686326.4439950001 686326.4480295 686326.4520640001 686326.4560984999 686326.460133 686326.4641674999 686326.468202 686326.4722365 686326.476271 686326.4803055 686326.48434 686326.4883745001 686326.4924095001 686326.4964439999 686326.5004785 686326.504513 686326.5085475 686326.512582 686326.5166165 686326.520651 686326.5246855 686326.5287200001 686326.5327544999 686326.536789 686326.5408234999 686326.544858 686326.5488925 686326.552927 686326.5569615001 686326.560996 686326.5650305001 686326.5690655 686326.5730999999 686326.5771345 686326.581169 686326.5852035 686326.5892380001 686326.5932725 686326.5973070001 686326.6013415 686326.605376 686326.6094104999 686326.613445 686326.6174795 686326.621514 686326.6255485
25,686326.629583,217.8645001258701,146,152,0.4557297439363904,0.7122882052670403,1.360092006834908,1.0,3d gaze,-6.907592360325737,-26.458903119343372,107.20611362853482,686326.629583 686326.6336175001 686326.637652 686326.6416865 686326.6457209999 686326.6497555 686326.65379 686326.6578245 686326.6618590001 686326.6658935 686326.6699285 686326.6739630001 686326.6779974999 686326.682032 686326.6860664999 686326.690101 686326.6941355 686326.69817 686326.7022045001 686326.706239 686326.7102735001 686326.7143079999 686326.7183425 686326.7223775 686326.7264119999 686326.7304465 686326.734481 686326.7385155 686326.7425500001 686326.7465845 686326.750619 686326.7546534999 686326.758688 686326.7627225 686326.766757 686326.7707915 686326.774826 686326.7788605001 686326.782895 686326.7869295 686326.7909639999 686326.7949985 686326.7990329999 686326.8030675 686326.807102 686326.8111365 686326.8151710001 686326.8192055 686326.82324 686326.8272744999 686326.831309 686326.8353435 686326.839378 686326.8434125 686326.8474475001
26,686327.573662,104.89699989557266,174,177,0.3840027667352019,0.48892275716020106,1.4624232945612414,0.9247647027174631,3d gaze,-28.63354026510517,-5.960481891478212,158.422178173284,686327.573662 686327.5776965 686327.581731 686327.5857655001 686327.5898 686327.5938345001 686327.5978689999 686327.6019035 686327.6059379999 686327.6099725 686327.614007 686327.6180415 686327.6220760001 686327.6261105 686327.6301450001 686327.6341794999 686327.638214 686327.6422485 686327.646283 686327.6503175 686327.654352 686327.6583865001 686327.662421 686327.6664555001 686327.6704899999 686327.6745245 686327.6785589999
27,686327.9851830001,112.96699987724423,186,190,0.2515657093834988,0.401727480645635,1.4453133928038513,0.9463568576451006,3d gaze,-63.57833486232883,6.829969297702795,150.2912928918701,686327.9851830001 686327.9892175 686327.9932520001 686327.9972865 686328.001321 686328.0053554999 686328.00939 686328.013425 686328.0174595 686328.021494 686328.0255285001 686328.029563 686328.0335975001 686328.0376319999 686328.0416665 686328.0457009999 686328.0497355 686328.05377 686328.0578045 686328.0618390001 686328.0658735 686328.0699080001 686328.0739424999 686328.077977 686328.082012 686328.0860465 686328.090081 686328.0941155 686328.09815
28,686328.207082,125.0705000711605,193,197,0.30221567128939886,0.3482777415048417,1.4701611570072486,0.9648538306355476,3d gaze,-49.5616560094231,14.481748791440294,152.10473073601804,686328.207082 686328.2111165 686328.2151510001 686328.2191854999 686328.22322 686328.2272544999 686328.231289 686328.2353235 686328.239358 686328.2433925001 686328.247427 686328.251462 686328.2554965001 686328.2595309999 686328.2635655 686328.2675999999 686328.2716345 686328.275669 686328.2797035 686328.2837380001 686328.2877725 686328.2918070001 686328.2958414999 686328.299876 686328.3039105 686328.307945 686328.3119795 686328.316014 686328.3200485001 686328.324083 686328.328118 686328.3321525
29,686328.3361869999,217.86400000564754,197,203,0.3087167979197438,0.3569545034185881,1.0831717407149206,0.9462796791033311,3d gaze,-49.93537811273646,13.785866745746812,159.21451177382752,686328.3361869999 686328.3402215 686328.344256 686328.3482905 686328.352325 686328.3563595 686328.3603940001 686328.3644285 686328.368463 686328.3724974999 686328.376532 686328.3805664999 686328.384601 686328.3886355001 686328.39267 686328.3967045001 686328.400739 686328.4047735 686328.4088079999 686328.4128425 686328.416877 686328.4209115 686328.424946 686328.4289810001 686328.4330155 686328.4370500001 686328.4410844999 686328.445119 686328.4491534999 686328.453188 686328.4572225 686328.461257 686328.4652915 686328.469326 686328.4733605001 686328.4773949999 686328.4814295 686328.4854639999 686328.489499 686328.4935335 686328.497568 686328.5016025 686328.5056370001 686328.5096715 686328.513706 686328.5177404999 686328.521775 686328.5258094999 686328.529844 686328.5338785 686328.537913 686328.5419475001 686328.545982 686328.5500165 686328.5540509999
30,686328.5580855,125.07049995474517,203,207,0.30372870083507403,0.36524521685616057,1.1549543483095466,0.9442297592759132,3d gaze,-49.7757633221007,12.178022206968082,154.23981642379948,686328.5580855 686328.56212 686328.5661545 686328.570189 686328.5742235 686328.5782580001 686328.5822925 686328.586327 686328.5903614999 686328.594396 686328.5984304999 686328.602465 686328.6065 686328.6105345 686328.614569 686328.6186035001 686328.622638 686328.6266725 686328.6307069999 686328.6347415 686328.638776 686328.6428105 686328.6468450001 686328.6508800001 686328.6549145 686328.6589490001 686328.6629834999 686328.667018 686328.6710524999 686328.675087 686328.6791215 686328.683156
31,686329.5586475,217.86400000564754,233,240,0.225672970639403,0.5053000451524298,1.3718512846075916,0.9578379674391313,3d gaze,-62.820665621895685,-7.528733257660152,131.54418271482663,686329.5586475 686329.562682 686329.5667165001 686329.570751 686329.5747855001 686329.5788199999 686329.5828545 686329.5868889999 686329.5909235 686329.594958 686329.5989925 686329.6030270001 686329.6070615 686329.6110965 686329.615131 686329.6191654999 686329.6232 686329.6272345 686329.631269 686329.6353035 686329.639338 686329.6433725001 686329.6474075001 686329.651442 686329.6554765 686329.6595109999 686329.6635455 686329.66758 686329.6716145 686329.675649 686329.6796835 686329.6837180001 686329.6877525 686329.691787 686329.6958214999 686329.699856 686329.7038905 686329.707925 686329.7119595001 686329.715994 686329.7200285001 686329.724063 686329.7280975 686329.7321319999 686329.7361665 686329.740201 686329.7442355 686329.74827 686329.7523045 686329.7563390001 686329.7603735 686329.764408 686329.7684424999 686329.772477 686329.7765115
32,686329.7805465,125.06999995093793,240,243,0.23444375843625853,0.5077406124274931,1.4378318961472736,0.943762400187552,3d gaze,-61.76064639008419,-7.982928448084371,134.61076832368113,686329.7805465 686329.784581 686329.7886155001 686329.79265 686329.7966845001 686329.8007189999 686329.8047535 686329.8087879999 686329.8128225 686329.816857 686329.8208915 686329.8249265 686329.8289610001 686329.8329955 686329.83703 686329.8410644999 686329.845099 686329.8491334999 686329.853168 686329.8572025001 686329.861237 686329.8652715001 686329.869306 686329.8733405 686329.8773749999 686329.8814095 686329.885444 686329.8894785 686329.893513 686329.8975475 686329.9015820001 686329.9056165
33,686329.909651,108.93250000663102,244,247,0.24454435098926858,0.5211061499860915,1.180005415635935,0.9314631606851306,3d gaze,-62.82567603107107,-10.33973438952736,143.38920311531473,686329.909651 686329.9136854999 686329.91772 686329.9217544999 686329.9257895 686329.929824 686329.9338585001 686329.937893 686329.9419275001 686329.9459619999 686329.9499965 686329.9540309999 686329.9580655 686329.9621 686329.9661345 686329.9701690001 686329.9742035 686329.9782380001 686329.9822724999 686329.986307 686329.9903414999 686329.994376 686329.9984105 686330.002445 686330.0064795001 686330.0105145001 686330.014549 686330.0185835001
34,686330.030687,217.8645000094548,247,254,0.2670038053015341,0.4847292532339781,1.355393679162504,0.9568931243636392,3d gaze,-54.09488633629827,-4.911455592473563,137.97470399801787,686330.030687 686330.0347215 686330.038756 686330.0427905 686330.0468250001 686330.0508595 686330.0548940001 686330.0589284999 686330.062963 686330.0669974999 686330.071032 686330.0750665 686330.079101 686330.0831355001 686330.08717 686330.0912045001 686330.0952395 686330.0992739999 686330.1033085 686330.1073429999 686330.1113775 686330.1154120001 686330.1194465 686330.1234810001 686330.1275155 686330.13155 686330.1355844999 686330.139619 686330.1436535 686330.147688 686330.1517225 686330.155757 686330.1597915001 686330.163826 686330.1678605 686330.1718949999 686330.1759295 686330.1799639999 686330.1839985 686330.1880335 686330.1920680001 686330.1961025 686330.2001370001 686330.2041714999 686330.208206 686330.2122404999 686330.216275 686330.2203095 686330.224344 686330.2283785001 686330.232413 686330.2364475001 686330.2404819999 686330.2445165 686330.2485515
35,686330.2525859999,153.31150009296834,254,258,0.26679796420875074,0.49268204570295954,0.6337968302695324,0.9541369997538053,3d gaze,-52.83165547974458,-5.8263543567571645,134.55928890463832,686330.2525859999 686330.2566205 686330.2606550001 686330.2646895 686330.2687240001 686330.2727585 686330.276793 686330.2808274999 686330.284862 686330.2888965 686330.292931 686330.2969655 686330.301 686330.3050345001 686330.309069 686330.3131035 686330.3171379999 686330.3211725 686330.3252069999 686330.3292415 686330.3332760001 686330.3373105 686330.3413450001 686330.3453795 686330.349414 686330.3534484999 686330.3574834999 686330.361518 686330.3655525 686330.369587 686330.3736215001 686330.377656 686330.3816905001 686330.385725 686330.3897595 686330.3937939999 686330.3978285 686330.401863 686330.4058975
36,686330.4220360001,112.96649998985231,259,262,0.29010206987080056,0.5321826756314911,1.3725458719441157,0.9421262412235655,3d gaze,-50.51498528598409,-11.711814973047707,145.03109677112022,686330.4220360001 686330.4260704999 686330.430105 686330.4341394999 686330.438174 686330.4422085 686330.446243 686330.4502775001 686330.454312 686330.4583465001 686330.4623809999 686330.4664155 686330.4704499999 686330.4744845 686330.478519 686330.4825535 686330.4865880001 686330.4906225 686330.4946570001 686330.4986914999 686330.502726 686330.5067604999 686330.510795 686330.5148295 686330.518864 686330.5228985001 686330.526933 686330.5309675001 686330.5350025
37,686330.5390369999,217.8645001258701,262,269,0.29123772519278907,0.5327011919283955,1.4377755890465624,0.9454033369367772,3d gaze,-49.6967582964185,-11.666668053060386,143.6167851702792,686330.5390369999 686330.5430715 686330.547106 686330.5511405 686330.555175 686330.5592095 686330.5632440001 686330.5672785 686330.5713134999 686330.575348 686330.5793824999 686330.583417 686330.5874515 686330.591486 686330.5955205001 686330.599555 686330.6035895001 686330.6076239999 686330.6116585 686330.6156929999 686330.6197275 686330.623762 686330.6277965 686330.6318310001 686330.6358655 686330.6399000001 686330.6439344999 686330.647969 686330.6520034999 686330.656038 686330.6600725 686330.664107 686330.6681415001 686330.672176 686330.6762105001 686330.6802449999 686330.6842795 686330.6883139999 686330.6923485 686330.696383 686330.7004175 686330.7044520001 686330.7084865 686330.7125215 686330.716556 686330.7205904999 686330.724625 686330.7286594999 686330.7326945 686330.736729 686330.7407635 686330.744798 686330.7488325001 686330.752867 686330.7569015
38,686330.7609359999,217.86400000564754,269,275,0.28080207533654206,0.5331672166577259,1.4014041319532755,0.9610776326873086,3d gaze,-50.57287973155719,-11.353563281060683,138.17179701961308,686330.7609359999 686330.7649705 686330.7690049999 686330.7730395 686330.7770740001 686330.7811085 686330.7851430001 686330.7891775 686330.793212 686330.7972464999 686330.801281 686330.8053155 686330.80935 686330.8133845 686330.817419 686330.8214535001 686330.825488 686330.8295225 686330.8335569999 686330.8375915 686330.8416259999 686330.8456605 686330.8496950001 686330.8537295 686330.8577640001 686330.8617985 686330.865833 686330.8698674999 686330.873902 686330.8779365 686330.8819715 686330.886006 686330.8900405001 686330.894075 686330.8981095001 686330.9021445 686330.9061789999 686330.9102135 686330.9142479999 686330.9182825 686330.9223170001 686330.9263515 686330.9303860001 686330.9344205 686330.938455 686330.9424894999 686330.946524 686330.9505585 686330.954593 686330.9586275 686330.962662 686330.9666965001 686330.970731 686330.9747655 686330.9787999999
39,686330.9828345,133.13949992880225,276,280,0.2758839498996418,0.5277492030180216,0.9977363711859744,0.9540311781799092,3d gaze,-49.91850817335918,-10.243070459459236,132.91063700136226,686330.9828345 686330.9868689999 686330.9909035 686330.9949380001 686330.9989725 686331.0030070001 686331.0070415 686331.011076 686331.0151104999 686331.019145 686331.0231795 686331.027214 686331.0312485 686331.035283 686331.0393175001 686331.043352 686331.0473865 686331.0514209999 686331.0554559999 686331.0594909999 686331.0635255 686331.06756 686331.0715945 686331.0756290001 686331.0796635 686331.0836980001 686331.0877324999 686331.091767 686331.0958014999 686331.099836 686331.1038705 686331.107905 686331.1119395001 686331.115974
40,686331.1280775,133.13949992880225,280,284,0.2830301425679413,0.5801216440042788,1.3162615980439758,0.9389585887684542,3d gaze,-47.56092396327157,-16.720066096283727,130.90389323875934,686331.1280775 686331.1321119999 686331.1361465 686331.140181 686331.1442155 686331.1482500001 686331.1522845 686331.1563190001 686331.1603534999 686331.164388 686331.1684224999 686331.172457 686331.1764915 686331.180526 686331.1845605001 686331.188595 686331.1926295001 686331.1966639999 686331.2006985 686331.2047329999 686331.2087675 686331.212802 686331.2168365 686331.2208710001 686331.2249060001 686331.2289405 686331.232975 686331.23701 686331.2410444999 686331.245079 686331.2491135 686331.253148 686331.2571825001 686331.261217
41,686331.2773549999,104.89750001579523,284,288,0.2625600078586509,0.5765720224098927,1.3845680391929054,0.9250924222999148,3d gaze,-46.46377359508024,-14.524969194283486,115.11735817462389,686331.2773549999 686331.2813895 686331.285424 686331.2894585 686331.2934930001 686331.2975275 686331.3015620001 686331.3055964999 686331.309631 686331.3136654999 686331.3177 686331.3217345 686331.325769 686331.3298035001 686331.333838 686331.3378725001 686331.3419069999 686331.3459415 686331.3499759999 686331.3540105 686331.358045 686331.3620795 686331.3661140001 686331.3701490001 686331.3741835 686331.378218 686331.3822524999
42,686331.386287,125.07000006735325,288,291,0.27078235013300717,0.5851347342759357,0.8426029917337421,0.9554730411618948,3d gaze,-48.309920634642,-16.668523817530534,124.63013625138046,686331.386287 686331.3903214999 686331.394356 686331.3983905001 686331.402425 686331.4064595001 686331.410494 686331.414529 686331.4185635 686331.4225979999 686331.4266325 686331.4306669999 686331.4347015 686331.4387360001 686331.4427705 686331.4468050001 686331.4508395 686331.454874 686331.4589084999 686331.462943 686331.4669775 686331.471012 686331.4750465 686331.479081 686331.4831155001 686331.48715 686331.4911845 686331.4952189999 686331.4992535 686331.5032879999 686331.5073225 686331.5113570001
43,686331.7857049999,185.58800010941923,300,305,0.30892674542122306,0.5975817622812728,1.4322256309717207,0.8959177643694776,3d gaze,-44.28650148870001,-20.100901305797816,140.50339284093272,686331.7857049999 686331.7897395 686331.7937739999 686331.7978085 686331.801843 686331.8058775 686331.8099120001 686331.8139465 686331.8179810001 686331.8220154999 686331.82605 686331.8300844999 686331.834119 686331.8381535 686331.842188 686331.8462225001 686331.850257 686331.8542915 686331.8583259999 686331.8623609999 686331.8663955 686331.87043 686331.8744645 686331.8784990001 686331.8825335 686331.8865680001 686331.8906025 686331.894637 686331.8986714999 686331.902706 686331.9067404999 686331.910775 686331.9148095001 686331.918844 686331.9228785001 686331.926913 686331.9309475 686331.9349819999 686331.9390169999 686331.9430515 686331.947086 686331.9511205 686331.9551550001 686331.9591895 686331.9632240001 686331.9672584999 686331.971293
44,686332.50106,112.96599998604506,321,324,0.4208960030063542,0.45174331519533006,1.2052020830281704,0.8594204187393188,3d gaze,-80.66276779441725,-2.2513083492865404,675.2311748515025,686332.50106 686332.509129 686332.517198 686332.525267 686332.533336 686332.541405 686332.549474 686332.557543 686332.565612 686332.573681 686332.58175 686332.589819 686332.597888 686332.605957 686332.614026
45,686332.686648,121.03499996010214,326,330,0.44160057546618187,0.43185160851877513,1.2536151985610233,0.9072929434478283,3d gaze,-57.353461515375955,9.924123792135797,669.6000011029172,686332.686648 686332.694717 686332.702786 686332.710855 686332.718924 686332.726993 686332.735062 686332.743131 686332.7512 686332.759269 686332.767338 686332.775407 686332.783476 686332.791545 686332.799614 686332.807683
46,686333.2098920001,88.75949983485043,342,345,0.4424016991722701,0.1853631797926548,1.4311989846444364,0.8900388595850571,3d gaze,-6.649603333878348,18.852657666170504,76.738282542089,686333.2098920001 686333.2139265 686333.217961 686333.2219954999 686333.22603 686333.2300644999 686333.234099 686333.2381335001 686333.242168 686333.2462025001 686333.250237 686333.2542715 686333.2583059999 686333.2623405 686333.266375 686333.2704095 686333.2744440001 686333.2784785 686333.2825130001 686333.2865474999 686333.290582 686333.2946164999 686333.2986514999
47,686333.347066,84.72449996042997,346,349,0.43868041244325706,0.16238190207107875,1.492681755457181,0.8589279191060499,3d gaze,-7.865928415609698,22.688238924011017,84.41913305761362,686333.347066 686333.3511005 686333.3551350001 686333.3591695 686333.363204 686333.3672384999 686333.371273 686333.3753074999 686333.379342 686333.3833765001 686333.387411 686333.3914455001 686333.39548 686333.3995145 686333.4035489999 686333.4075835 686333.411618 686333.4156525 686333.419687 686333.4237215 686333.4277560001 686333.4317905
48,686333.7384145,80.69049997720867,358,360,0.3992661726037392,0.33689793077870717,1.0971230491612354,0.8241235896160728,3d gaze,-15.368374529751714,10.097414313632065,98.5780488483257,686333.7384145 686333.742449 686333.7464835 686333.7545525 686333.758587 686333.7626215001 686333.7666559999 686333.7706905 686333.7747255 686333.7787599999 686333.7827945 686333.7868290001 686333.7908635 686333.7948980001 686333.7989325 686333.802967 686333.811036 686333.8150704999 686333.819105
49,686333.9320715,92.79399993829429,364,366,0.3676709183061953,0.3609075167974208,1.3362130803169137,0.8146055703577788,3d gaze,-21.458957764187794,8.29440278372036,102.63466817370988,686333.9320715 686333.9401410001 686333.9441755 686333.9482100001 686333.9522444999 686333.956279 686333.9603134999 686333.964348 686333.9683825 686333.972417 686333.9764515001 686333.980486 686333.9845205001 686333.9885549999 686333.9925895 686333.9966239999 686334.0006585 686334.0046930001 686334.0087275 686334.0127620001 686334.0167965 686334.0208310001 686334.0248654999
50,686334.351662,80.69099998101592,376,379,0.3869278028059786,0.6035380451108582,1.4308606681141833,0.9037186191195533,3d gaze,-23.01297996323754,-18.671917542636272,129.53835427922064,686334.351662 686334.3556965 686334.3597309999 686334.3637655 686334.3677999999 686334.3718345 686334.3758690001 686334.3799035 686334.3839380001 686334.3879725 686334.3920074999 686334.396042 686334.4000764999 686334.404111 686334.4081455 686334.41218 686334.4162145001 686334.420249 686334.4242835001 686334.4283185 686334.4323529999
51,686334.4484910001,80.68999997340143,379,381,0.367570592662406,0.6148437365015211,1.472973089266383,0.9072809999897367,3d gaze,-23.9062822413112,-17.692133789096957,113.36593615637373,686334.4484910001 686334.4525255 686334.4565600001 686334.4605945 686334.464629 686334.4686634999 686334.472698 686334.4767324999 686334.480767 686334.4848015001 686334.488836 686334.4928705001 686334.496905 686334.5009395 686334.5049739999 686334.5090085 686334.5130429999 686334.5170775 686334.5211120001 686334.5251465 686334.5291810001
52,686334.545319,92.79450005851686,382,385,0.37599759465101606,0.6830399839977849,1.337872564896514,0.9507512425382932,3d gaze,-21.640608306719333,-24.161845087744638,108.9978428725155,686334.545319 686334.5493534999 686334.553388 686334.5574225001 686334.561457 686334.5654915001 686334.5695265001 686334.5735609999 686334.5775955 686334.5816299999 686334.5856645 686334.5896995 686334.5937340001 686334.5977685 686334.6018030001 686334.6058375 686334.6098720001 686334.6139064999 686334.617941 686334.6219754999 686334.62601 686334.6300445 686334.634079 686334.6381135001
53,686334.6542515,84.72450007684529,385,388,0.3663997158950067,0.7154378462296053,1.4234495047347482,0.9816088513894514,3d gaze,-22.802178913306985,-26.792379157729712,105.13342074059045,686334.6542515 686334.6582859999 686334.6623205 686334.6663550001 686334.6703895 686334.6744240001 686334.6784585 686334.6824930001 686334.6865274999 686334.690562 686334.6945964999 686334.698631 686334.7026655 686334.7067 686334.7107345001 686334.714769 686334.7188035 686334.7228379999 686334.7268725 686334.7309069999 686334.7349415 686334.7389760001
54,686334.9205305,217.86399988923222,393,400,0.35907276722329906,0.7043715649896485,1.2880615338780452,0.9705108274113048,3d gaze,-23.068055364412622,-24.601163008963713,100.59570027572816,686334.9205305 686334.924565 686334.9285995001 686334.932634 686334.9366685001 686334.940703 686334.9447375 686334.9487719999 686334.9528065 686334.9568409999 686334.9608755 686334.9649100001 686334.9689445 686334.9729790001 686334.9770134999 686334.981048 686334.9850824999 686334.989117 686334.9931515 686334.997186 686335.0012205001 686335.005255 686335.0092895001 686335.0133239999 686335.0173585 686335.0213929999 686335.0254275 686335.0294619999 686335.0334965 686335.0375310001 686335.0415655 686335.0456000001 686335.0496344999 686335.053669 686335.0577034999 686335.061738 686335.0657725 686335.069807 686335.073842 686335.0778765001 686335.081911 686335.0859455001 686335.0899799999 686335.0940149999 686335.0980495 686335.1020839999 686335.1061185 686335.1101530001 686335.1141875 686335.1182220001 686335.1222565 686335.126291 686335.1303254999 686335.13436 686335.1383944999
55,686335.142429,217.86400000564754,400,406,0.35207786159231985,0.7018850070832557,1.3341029781778495,0.9727110245011069,3d gaze,-26.384753594316468,-26.455613148841323,109.05692321124748,686335.142429 686335.1464635001 686335.150498 686335.1545325001 686335.158567 686335.1626015 686335.1666359999 686335.1706705 686335.1747049999 686335.1787395 686335.1827740001 686335.1868085 686335.1908430001 686335.1948775 686335.198912 686335.2029464999 686335.206981 686335.2110154999 686335.21505 686335.2190845001 686335.223119 686335.227154 686335.2311885001 686335.2352229999 686335.2392575 686335.2432919999 686335.2473265 686335.251361 686335.2553955 686335.2594300001 686335.2634645 686335.2674990001 686335.271534 686335.2755684999 686335.279603 686335.2836374999 686335.287672 686335.2917065 686335.295741 686335.2997755001 686335.30381 686335.3078445 686335.3118789999 686335.3159135 686335.3199479999 686335.3239825 686335.3280170001 686335.3320515 686335.3360860001 686335.3401205 686335.344155 686335.3481894999 686335.352224 686335.3562584999 686335.360293
56,686335.7032275,92.79399993829429,416,419,0.36553561352617026,0.6883075312584394,1.3981466902540052,0.9425284663836161,3d gaze,-21.8871039913363,-22.95248338939845,100.77403238907645,686335.7032275 686335.7072620001 686335.7112970001 686335.7153314999 686335.719366 686335.7234004999 686335.727435 686335.7314695 686335.735504 686335.7395385001 686335.743573 686335.7476075001 686335.7516419999 686335.7556765 686335.7597109999 686335.7637455 686335.76778 686335.7718145 686335.7758490001 686335.7798835 686335.7839180001 686335.7879524999 686335.791987 686335.7960214999
57,686335.800056,80.69099998101592,419,422,0.36775054489678866,0.7020660917284607,1.4314129082403992,0.9484123843056815,3d gaze,-22.284420021345188,-25.13330525028088,104.16307833097724,686335.800056 686335.804091 686335.8081255001 686335.81216 686335.8161945001 686335.820229 686335.8242635 686335.8282979999 686335.8323325 686335.8363669999 686335.8404015 686335.8444360001 686335.8484705 686335.8525050001 686335.8565395 686335.860574 686335.864609 686335.8686434999 686335.872678 686335.8767125 686335.880747
58,686335.8847815001,185.58799987658858,422,427,0.35777743457507555,0.6766907123487015,1.2941304459170457,0.9476212123607067,3d gaze,-23.328289296426384,-21.960619942874537,101.26556944869347,686335.8847815001 686335.888816 686335.8928505001 686335.8968849999 686335.9009195 686335.9049539999 686335.9089885 686335.913023 686335.9170575 686335.9210920001 686335.9251265 686335.9291610001 686335.9331954999 686335.93723 686335.9412644999 686335.945299 686335.9493335 686335.953368 686335.9574025001 686335.961437 686335.9654715001 686335.9695059999 686335.9735405 686335.9775749999 686335.9816099999 686335.9856445 686335.9896790001 686335.9937135 686335.9977480001 686336.0017825 686336.005817 686336.0098514999 686336.013886 686336.0179204999 686336.021955 686336.0259895 686336.030024 686336.034059 686336.0380935001 686336.042128 686336.0461625 686336.0501969999 686336.0542315 686336.058266 686336.0623005 686336.0663350001 686336.0703695
59,686336.0744040001,80.68999997340143,428,430,0.354248157670274,0.6623429410882656,1.4853701407136288,0.9618480915114993,3d gaze,-23.03629923972934,-19.80555214376888,97.60591910271603,686336.0744040001 686336.0784385 686336.082473 686336.0865074999 686336.090542 686336.0945764999 686336.098611 686336.1026455001 686336.10668 686336.1107145001 686336.114749 686336.1187835 686336.1228179999 686336.1268525 686336.130887 686336.1349215 686336.1389560001 686336.1429905 686336.1470250001 686336.1510594999 686336.155094
60,686336.2559575001,153.31199998036027,433,438,0.5284717431340401,0.8444163586013118,1.4526724776544526,0.9998775246815804,3d gaze,6.582367044291002,-43.29976883115593,112.77853252670339,686336.2559575001 686336.259992 686336.2640265 686336.2680609999 686336.2720955 686336.2761299999 686336.2801645 686336.2841990001 686336.2882335 686336.2922680001 686336.2963025 686336.300337 686336.3043714999 686336.308406 686336.3124404999 686336.316475 686336.32051 686336.3245445001 686336.328579 686336.3326135001 686336.3366479999 686336.3406825 686336.3447169999 686336.3487519999 686336.3527865 686336.356821 686336.3608555 686336.3648900001 686336.3689245 686336.3729590001 686336.3769934999 686336.381028 686336.3850624999 686336.389097 686336.3931315001 686336.397166 686336.4012005001 686336.405235 686336.4092695
61,686336.4496144999,80.69099998101592,439,441,0.5127314020963378,0.7679118756219351,1.4799742622456293,0.9990630405289787,3d gaze,3.1572992140463545,-31.23899851621043,103.31171994473189,686336.4496144999 686336.453649 686336.4576834999 686336.461718 686336.4657525001 686336.469787 686336.4738215001 686336.477856 686336.4818905 686336.4859249999 686336.4899595 686336.4939939999 686336.4980289999 686336.5020635 686336.5060980001 686336.5101330001 686336.5141675 686336.5182020001 686336.5222364999 686336.526271 686336.5303054999
62,686336.6029264999,153.31199998036027,443,448,0.5059630189807798,0.8430993304587443,1.2394881540766969,1.0,3d gaze,2.277372830955368,-44.398122573931786,116.25115672524613,686336.6029264999 686336.606961 686336.61503 686336.6190645001 686336.6271335001 686336.6311679999 686336.6352025 686336.6392369999 686336.6432715 686336.647306 686336.6513405 686336.6553750001 686336.6594095 686336.6634440001 686336.6674784999 686336.6715134999 686336.6755484999 686336.679583 686336.6836174999 686336.687652 686336.6916865001 686336.695721 686336.6997555001 686336.7037899999 686336.7078245 686336.7118589999 686336.7158935 686336.719928 686336.7239625 686336.7279970001 686336.7320315 686336.7360660001 686336.7401004999 686336.744135 686336.7481694999 686336.752204 686336.7562384999
63,686336.8934124999,96.82800015434623,452,455,0.17051663300154002,0.721206470714916,1.4977828812914653,0.9764006221294403,3d gaze,-62.14883878225386,-29.512399652922046,98.65654169014752,686336.8934124999 686336.897447 686336.9014814999 686336.905516 686336.9095505001 686336.913585 686336.9176195001 686336.921654 686336.9256885 686336.9297229999 686336.9337575 686336.9377919999 686336.9418265 686336.9458610001 686336.9498955 686336.9539300001 686336.9579645 686336.961999 686336.9660334999 686336.970068 686336.9741024999 686336.978137 686336.9821715001 686336.986206 686336.9902405001
64,686337.0911040001,189.62249998003244,458,464,0.2607665626168611,0.622496078403784,1.4836651446317615,0.9527484265466531,3d gaze,-48.74992888463797,-20.462452018498503,118.95671129855607,686337.0911040001 686337.0951385 686337.0991730001 686337.1032075 686337.107242 686337.1112764999 686337.115311 686337.1193454999 686337.12338 686337.1274145001 686337.131449 686337.1354835001 686337.139518 686337.1435525 686337.1475869999 686337.1516215 686337.1556559999 686337.1596905 686337.1637255 686337.1677600001 686337.1717945 686337.1758290001 686337.1798635 686337.183898 686337.1879324999 686337.191967 686337.1960014999 686337.200036 686337.2040705001 686337.2081055001 686337.21214 686337.2161745001 686337.2202089999 686337.2242435 686337.2282779999 686337.2323125 686337.236347 686337.2403815 686337.2444160001 686337.2484505 686337.2524850001 686337.2565194999 686337.260554 686337.2645884999 686337.268623 686337.2726575 686337.276692 686337.2807265001
65,686337.284761,217.8645001258701,464,470,0.25938478479690624,0.6098978948143629,1.1767374277220446,0.9473345138809898,3d gaze,-50.47686231596509,-19.55305360458534,122.57218572320467,686337.284761 686337.2887955001 686337.2928299999 686337.2968645 686337.3008989999 686337.3049335 686337.3089685 686337.3130030001 686337.3170375 686337.3210720001 686337.3251065 686337.329141 686337.3331754999 686337.33721 686337.3412444999 686337.345279 686337.3493135001 686337.353348 686337.3573825001 686337.361417 686337.3654515 686337.3694859999 686337.3735205 686337.3775555 686337.38159 686337.3856245 686337.3896590001 686337.3936935 686337.3977280001 686337.4017624999 686337.405797 686337.4098314999 686337.413866 686337.4179005 686337.421935 686337.4259695001 686337.430004 686337.4340385001 686337.4380729999 686337.4421075 686337.4461419999 686337.4501765 686337.454211 686337.4582455 686337.4622800001 686337.4663145 686337.4703490001 686337.4743834999 686337.4784184999 686337.482453 686337.4864874999 686337.490522 686337.4945565001 686337.498591 686337.5026255001
66,686337.50666,217.8645001258701,470,477,0.245438458325613,0.6054240931277387,1.0687169213440997,0.9563438003713435,3d gaze,-51.69239112624178,-18.38470703151718,117.42433617064867,686337.50666 686337.5106945001 686337.5147289999 686337.5187635 686337.5227979999 686337.5268325 686337.530867 686337.5349015 686337.5389360001 686337.5429705 686337.5470055 686337.55104 686337.5550744999 686337.559109 686337.5631434999 686337.567178 686337.5712125001 686337.575247 686337.5792815001 686337.583316 686337.5873505 686337.5913849999 686337.5954195 686337.5994539999 686337.6034885 686337.6075230001 686337.6115575 686337.6155920001 686337.6196265 686337.623661 686337.6276954999 686337.6317304999 686337.635765 686337.6397995 686337.643834 686337.6478685001 686337.651903 686337.6559375001 686337.6599719999 686337.6640065 686337.6680409999 686337.6720755 686337.67611 686337.6801445 686337.6841790001 686337.6882135 686337.6922480001 686337.6962824999 686337.700317 686337.7043514999 686337.708386 686337.7124205 686337.716455 686337.7204895001 686337.7245245001
67,686337.728559,84.72499996423721,477,479,0.2527487767073624,0.6112417281143593,1.3942744849423154,0.9721011004664681,3d gaze,-52.74061951372941,-20.0511812264134,124.00408839498614,686337.728559 686337.7325935 686337.7366279999 686337.7406625 686337.7446969999 686337.7487315 686337.7527660001 686337.7568005 686337.7608350001 686337.7648695 686337.768904 686337.7729384999 686337.776973 686337.7810074999 686337.785042 686337.7890765001 686337.793111 686337.7971455001 686337.8011805001 686337.805215 686337.8092495 686337.8132839999
68,686337.8173185,217.86400000564754,480,486,0.26239854601362056,0.620675916178786,1.205258298898235,0.9500665317882191,3d gaze,-52.496406485139744,-21.98082316283427,129.18050723254728,686337.8173185 686337.821353 686337.8253875 686337.8294220001 686337.8334565 686337.8374910001 686337.8415254999 686337.84556 686337.8495944999 686337.853629 686337.8576634999 686337.861698 686337.8657325001 686337.869767 686337.8738015001 686337.8778359999 686337.8818705 686337.8859049999 686337.8899395 686337.893974 686337.8980085 686337.9020435 686337.9060780001 686337.9101125 686337.9141470001 686337.9181814999 686337.922216 686337.9262504999 686337.930285 686337.9343195 686337.938354 686337.9423885001 686337.946423 686337.9504575001 686337.9544925 686337.9585269999 686337.9625615 686337.9665959999 686337.9706305 686337.9746650001 686337.9786995 686337.9827340001 686337.9867685 686337.990803 686337.9948374999 686337.998872 686338.0029064999 686338.006941 686338.0109755001 686338.01501 686338.0190445001 686338.023079 686338.0271135 686338.0311479999 686338.0351825
69,686338.0392169999,129.10500005818903,486,490,0.25882698413049393,0.6222786253489201,1.3976632651830432,0.9500255566654783,3d gaze,-52.72277711592931,-21.942715970883725,127.44459774585145,686338.0392169999 686338.0432515 686338.0472860001 686338.0513205 686338.0553550001 686338.0593895 686338.063424 686338.0674584999 686338.071493 686338.0755274999 686338.079562 686338.0835965001 686338.0876315001 686338.091666 686338.0957005001 686338.0997349999 686338.1037695 686338.1078039999 686338.1118385 686338.1158735 686338.119908 686338.1239425 686338.1279770001 686338.1320115 686338.136046 686338.1400804999 686338.144115 686338.1481494999 686338.152184 686338.1562185001 686338.160253 686338.1642875001 686338.168322
70,686338.450739,96.82799992151558,498,501,0.226417152760769,0.6064167305559381,1.403325452840867,0.9613434076309204,3d gaze,-60.838752248492156,-20.253728637407676,126.54779969034553,686338.450739 686338.4547735001 686338.458808 686338.4628425001 686338.4668769999 686338.4709115 686338.4749459999 686338.4789805 686338.483015 686338.4870495 686338.4910840001 686338.4951185 686338.4991530001 686338.5031874999 686338.507222 686338.5112564999 686338.515291 686338.5193254999 686338.52336 686338.5273945001 686338.531429 686338.5354635001 686338.5394979999 686338.5435325 686338.5475669999
71,686338.587912,108.93250000663102,503,506,0.20310163500419856,0.5825067530729952,1.4909816094389439,0.9497058093547821,3d gaze,-60.22039366180555,-15.653703766472933,113.30212080805309,686338.587912 686338.5919464999 686338.595981 686338.600016 686338.604051 686338.6080855001 686338.61212 686338.6161545 686338.6201889999 686338.6242235 686338.6282579999 686338.6322925 686338.6363270001 686338.6403615 686338.6443960001 686338.6484305 686338.652465 686338.6564994999 686338.660534 686338.6645684999 686338.668603 686338.6726375001 686338.676672 686338.6807065001 686338.684741 686338.6887755 686338.6928099999 686338.6968445
72,686338.7008789999,217.86400000564754,506,512,0.2023771681690461,0.5808836168468768,1.28127817995584,0.9642848610877991,3d gaze,-58.9663953863456,-15.097113147449758,110.6147743930687,686338.7008789999 686338.7049135 686338.7089480001 686338.7129825 686338.7170170001 686338.7210515 686338.725086 686338.7291204999 686338.733155 686338.7371894999 686338.741224 686338.7452585001 686338.749293 686338.753328 686338.7573625001 686338.7613969999 686338.7654315 686338.7694659999 686338.7735005 686338.7775349999 686338.78157 686338.7856045 686338.7896390001 686338.7936735 686338.797708 686338.8017424999 686338.805777 686338.8098114999 686338.813846 686338.8178805001 686338.821915 686338.8259495001 686338.829984 686338.8340185 686338.8380529999 686338.8420875 686338.8461219999 686338.8501565 686338.854191 686338.8582255 686338.8622600001 686338.8662945 686338.870329 686338.8743634999 686338.878398 686338.8824324999 686338.886467 686338.8905015001 686338.894536 686338.8985705001 686338.902605 686338.9066395 686338.9106739999 686338.9147085 686338.9187429999
73,686338.9227779999,165.4155000578612,513,517,0.21034068845541545,0.5672886804971933,1.3480371361536676,0.985586839062827,3d gaze,-58.216549213210925,-13.760545068871702,113.25202589796663,686338.9227779999 686338.9268125 686338.9308470001 686338.9348815 686338.9389160001 686338.9429505 686338.946985 686338.9510194999 686338.955054 686338.959089 686338.9631235 686338.967158 686338.9711925001 686338.975227 686338.9792615001 686338.9832959999 686338.9873305 686338.9913649999 686338.9953995 686338.999434 686339.0034685 686339.0075030001 686339.0115375 686339.0155720001 686339.0196064999 686339.023641 686339.0276754999 686339.03171 686339.0357445 686339.039779 686339.0438135001 686339.047848 686339.0518825001 686339.0559169999 686339.0599515 686339.0639859999 686339.0680205 686339.072055 686339.0760900001 686339.0801245 686339.0841590001 686339.0881935
74,686339.092228,197.69149995408952,518,524,0.19927213399311994,0.5527722551624273,1.372754107373143,0.9766040086746216,3d gaze,-56.43092842580577,-11.268541254918132,104.77624995108603,686339.092228 686339.0962624999 686339.100297 686339.1043314999 686339.108366 686339.1124005 686339.116435 686339.1204695001 686339.124504 686339.1285385 686339.1325729999 686339.1366079999 686339.1406425 686339.144677 686339.1487115 686339.1527460001 686339.1567805 686339.1608150001 686339.1648494999 686339.168884 686339.1729184999 686339.176953 686339.1809875 686339.185022 686339.1890565001 686339.193091 686339.1971255001 686339.2011599999 686339.2051945 686339.2092289999 686339.2132635 686339.217298 686339.2213325 686339.2253670001 686339.2294015 686339.2334360001 686339.2374710001 686339.2415054999 686339.24554 686339.2495744999 686339.253609 686339.2576435 686339.261678 686339.2657125001 686339.269747 686339.2737815001 686339.2778159999 686339.2818505 686339.2858849999 686339.2899195
75,686339.6126814999,96.82850004173815,533,536,0.24103787172283975,0.5832000832703497,1.3433926310482691,0.9186820018291474,3d gaze,-57.69593902690839,-17.327395264704407,128.79010584614034,686339.6126814999 686339.616716 686339.6207505 686339.624785 686339.6288195001 686339.632854 686339.6368885001 686339.6409229999 686339.6449575 686339.6489919999 686339.6530269999 686339.6570615 686339.661096 686339.6651305 686339.6691650001 686339.6731995 686339.6772340001 686339.6812684999 686339.685303 686339.6893374999 686339.693372 686339.6974065001 686339.701441 686339.7054755001 686339.70951
76,686339.7135445001,173.4849999193102,536,541,0.23215246201937526,0.5882640869364555,1.3520891296228976,0.9627603414383802,3d gaze,-55.84289182425102,-16.806617461893044,119.50855529159989,686339.7135445001 686339.7175789999 686339.7216139999 686339.7256485 686339.7296829999 686339.7337175 686339.7377520001 686339.7417865 686339.7458210001 686339.7498555 686339.75389 686339.7579244999 686339.761959 686339.7659935 686339.770028 686339.7740625001 686339.778097 686339.7821315001 686339.786166 686339.7902005 686339.7942349999 686339.7982695 686339.8023039999 686339.8063385 686339.8103730001 686339.8144075 686339.8184420001 686339.8224765 686339.826511 686339.830546 686339.8345804999 686339.838615 686339.8426495 686339.846684 686339.8507185001 686339.854753 686339.8587875001 686339.8628219999 686339.8668565 686339.8708909999 686339.8749255 686339.87896 686339.8829950001 686339.8870295
77,686339.8910640001,181.55350000597537,541,547,0.24162895491012984,0.5971160365864542,1.0636628926979161,0.963590347248575,3d gaze,-56.35672727902947,-18.70724366242753,125.88563691843073,686339.8910640001 686339.8950985 686339.899133 686339.9031674999 686339.907202 686339.9112364999 686339.915271 686339.9193055 686339.92334 686339.9273745001 686339.931409 686339.9354435 686339.9394779999 686339.9435125 686339.9475469999 686339.9515815 686339.9556160001 686339.9596505 686339.9636850001 686339.9677195 686339.971754 686339.9757884999 686339.979823 686339.9838574999 686339.987892 686339.9919265 686339.995961 686339.9999955001 686340.00403 686340.008065 686340.0120995 686340.0161339999 686340.0201685 686340.024203 686340.0282375 686340.0322720001 686340.0363070001 686340.0403415 686340.0443760001 686340.0484104999 686340.052445 686340.0564794999 686340.060514 686340.0645485 686340.068583 686340.0726175001
78,686340.076652,217.86400000564754,547,553,0.236822858849596,0.5649157622505981,0.9281506543848261,0.9723086432977156,3d gaze,-55.25453510501323,-14.106680656093781,121.15659300195205,686340.076652 686340.0806865001 686340.0847209999 686340.0887555 686340.0927899999 686340.0968245 686340.1008590001 686340.1048935 686340.1089280001 686340.1129625 686340.1169970001 686340.1210314999 686340.125066 686340.1291004999 686340.133135 686340.1371695 686340.141204 686340.1452385001 686340.149273 686340.1533075001 686340.1573419999 686340.1613765 686340.1654109999 686340.1694455 686340.1734800001 686340.1775145 686340.1815490001 686340.1855840001 686340.1896185 686340.193653 686340.1976874999 686340.201722 686340.205757 686340.2097915 686340.213826 686340.2178605001 686340.221895 686340.2259295001 686340.2299639999 686340.2339985 686340.2380329999 686340.2420675 686340.2461019999 686340.2501365 686340.2541710001 686340.2582055 686340.2622400001 686340.2662744999 686340.270309 686340.2743434999 686340.278378 686340.2824125 686340.286447 686340.2904815001 686340.294516
79,686340.2985505001,217.86400000564754,554,560,0.23575346074184642,0.5617771497661899,0.758368251205555,0.9689464709975503,3d gaze,-54.55613032768501,-13.500026085709775,119.08002781836286,686340.2985505001 686340.3025849999 686340.3066195 686340.3106539999 686340.3146885 686340.3187229999 686340.3227575 686340.3267920001 686340.3308265 686340.3348610001 686340.3388954999 686340.34293 686340.3469644999 686340.350999 686340.3550335 686340.3590685001 686340.3631035001 686340.367138 686340.3711725001 686340.375207 686340.3792415 686340.3832759999 686340.3873105 686340.3913449999 686340.3953795 686340.3994140001 686340.4034485 686340.4074830001 686340.4115175 686340.415552 686340.4195864999 686340.423621 686340.4276555 686340.43169 686340.4357245001 686340.439759 686340.4437935001 686340.447828 686340.4518625 686340.4558969999 686340.4599315 686340.4639659999 686340.4680005 686340.4720350001 686340.4760695 686340.4801040001 686340.4841385 686340.488173 686340.4922074999 686340.496242 686340.5002765 686340.504311 686340.5083455001 686340.51238 686340.5164145001
80,686340.5204495001,217.86449989303946,560,567,0.23468712350592408,0.5609625523513946,0.9612336644108936,0.9844853211532939,3d gaze,-54.31099063729022,-13.291532412619716,117.98112602179087,686340.5204495001 686340.5244839999 686340.5285185 686340.5325529999 686340.5365875 686340.5406225 686340.5446570001 686340.5486915 686340.5527260001 686340.5567605 686340.560795 686340.5648294999 686340.568864 686340.5728984999 686340.576933 686340.5809675 686340.585002 686340.5890365001 686340.593071 686340.5971055 686340.6011399999 686340.6051745 686340.6092089999 686340.6132435 686340.6172780001 686340.6213125 686340.6253470001 686340.6293815 686340.633416 686340.6374504999 686340.641485 686340.6455194999 686340.649554 686340.6535885 686340.657623 686340.6616575001 686340.665692 686340.6697265 686340.6737609999 686340.6777955 686340.6818299999 686340.6858645 686340.6898995 686340.6939340001 686340.6979685 686340.7020030001 686340.7060375 686340.710072 686340.7141064999 686340.7181414999 686340.722176 686340.7262105 686340.730245 686340.7342795001 686340.738314
81,686340.7826934999,217.86400000564754,568,575,0.2811921957247414,0.578245864024997,1.254315346520401,0.9614373841068962,3d gaze,-47.607100033715035,-16.359669711195227,129.73834749523473,686340.7826934999 686340.786728 686340.7907624999 686340.794797 686340.7988315 686340.802866 686340.8069005001 686340.810935 686340.8149695001 686340.8190039999 686340.8230385 686340.8270729999 686340.8311075 686340.8351420001 686340.8391765 686340.8432115 686340.8472460001 686340.8512805 686340.855315 686340.8593494999 686340.863384 686340.8674184999 686340.871453 686340.8754875001 686340.879522 686340.8835565001 686340.8875915001 686340.8916259999 686340.8956605 686340.8996949999 686340.9037295 686340.9077639999 686340.9117985 686340.9158330001 686340.9198675 686340.9239020001 686340.9279364999 686340.931971 686340.9360054999 686340.94004 686340.9440745 686340.948109 686340.9521435001 686340.956178 686340.9602125001 686340.9642469999 686340.9682815 686340.9723159999 686340.9763505 686340.9803849999 686340.9844195 686340.9884540001 686340.9924885 686340.9965230001 686341.0005574999
82,686341.0086264999,100.86350003257394,575,578,0.27494978427414446,0.5775829055159891,1.471224416850559,0.9625325798988342,3d gaze,-47.74246133500324,-15.880225868352413,125.97005046136373,686341.0086264999 686341.0126614999 686341.016696 686341.0207305001 686341.024765 686341.0287995001 686341.032834 686341.0368685 686341.0409029999 686341.0449375 686341.0489719999 686341.0530065 686341.0570415 686341.0610760001 686341.0651105 686341.0691450001 686341.0731795 686341.077214 686341.0812484999 686341.085283 686341.0893175 686341.093352 686341.0973865001 686341.101421 686341.1054555001 686341.10949
83,686341.1135245,217.86449989303946,578,584,0.2689240322043337,0.5638004582286748,0.7405166168370545,0.9646461085839705,3d gaze,-47.28673806477601,-13.658586339547217,121.12215115939047,686341.1135245 686341.1175589999 686341.1215935 686341.1256279999 686341.1296625 686341.1336970001 686341.1377315 686341.1417660001 686341.1458005 686341.149835 686341.1538694999 686341.1579044999 686341.161939 686341.1659735 686341.170008 686341.1740425001 686341.178077 686341.1821115001 686341.1861459999 686341.1901805 686341.1942149999 686341.1982495 686341.202284 686341.2063185 686341.2103530001 686341.2143875 686341.2184220001 686341.2224564999 686341.226491 686341.2305254999 686341.2345604999 686341.238595 686341.2426295 686341.246664 686341.2506985001 686341.254733 686341.2587675 686341.2628019999 686341.2668365 686341.2708709999 686341.2749055 686341.2789400001 686341.2829745 686341.2870090001 686341.2910435 686341.295078 686341.2991124999 686341.303147 686341.3071814999 686341.311216 686341.3152505 686341.319285 686341.3233195001 686341.3273545001 686341.3313889999
84,686341.5089080001,177.5189999025315,590,595,0.2911722711165948,0.4718483942638747,1.4112926284180005,0.9615728676319122,3d gaze,-44.37679241849935,-2.924743118799122,128.53039040523126,686341.5089080001 686341.5129425 686341.516977 686341.5210114999 686341.525046 686341.5290804999 686341.533115 686341.5371495001 686341.541184 686341.5452185001 686341.549253 686341.5532875 686341.5573219999 686341.5613565 686341.565391 686341.5694255 686341.57346 686341.5774945 686341.5815290001 686341.5855635 686341.589598 686341.5936324999 686341.5976674999 686341.601702 686341.6057365 686341.609771 686341.6138055001 686341.61784 686341.6218745001 686341.6259089999 686341.6299435 686341.6339779999 686341.6380125 686341.6420469999 686341.6460815 686341.6501165 686341.6541510001 686341.6581855 686341.66222 686341.6662544999 686341.670289 686341.6743234999 686341.678358 686341.6823925001 686341.686427
85,686341.6904615001,217.86400000564754,595,602,0.28363602202367894,0.4720935403421718,1.0847737325324214,0.9594459820877422,3d gaze,-44.689865807310795,-2.8708526583124305,124.26452527613411,686341.6904615001 686341.694496 686341.6985305 686341.7025649999 686341.7065995 686341.7106339999 686341.7146685 686341.718703 686341.7227375 686341.7267720001 686341.7308065 686341.734841 686341.7388754999 686341.74291 686341.7469444999 686341.750979 686341.7550135001 686341.759048 686341.7630825001 686341.7671175001 686341.771152 686341.7751865 686341.7792209999 686341.7832555 686341.7872899999 686341.7913245 686341.7953590001 686341.7993935 686341.8034280001 686341.8074625 686341.8114974999 686341.815532 686341.8195664999 686341.823601 686341.8276355 686341.83167 686341.8357045001 686341.839739 686341.8437735001 686341.8478079999 686341.8518425 686341.8558769999 686341.8599115 686341.863946 686341.8679805 686341.8720150001 686341.8760495 686341.8800840001 686341.8841184999 686341.888153 686341.8921874999 686341.896222 686341.9002565 686341.904291 686341.9083255001
86,686341.9930509999,217.86400000564754,604,611,0.27992788474402697,0.41744186091059304,1.4127278014591467,0.9676148116588592,3d gaze,-47.997541132554126,3.860656391899085,130.8331450901216,686341.9930509999 686341.9970855 686342.0011199999 686342.0051545 686342.009189 686342.0132235 686342.0172580001 686342.0212925 686342.0253270001 686342.0293614999 686342.033396 686342.0374304999 686342.041465 686342.0454994999 686342.049534 686342.0535685001 686342.057603 686342.0616375001 686342.0656719999 686342.0697065 686342.0737409999 686342.0777755 686342.08181 686342.0858445 686342.0898790001 686342.0939135 686342.0979480001 686342.1019824999 686342.106017 686342.1100514999 686342.1140864999 686342.118121 686342.1221555 686342.1261905001 686342.130225 686342.1342595001 686342.138294 686342.1423285 686342.1463629999 686342.1503975 686342.154432 686342.1584665 686342.162501 686342.1665355 686342.1705700001 686342.1746045 686342.178639 686342.1826734999 686342.186708 686342.1907424999 686342.194777 686342.1988115001 686342.202846 686342.2068805001 686342.210915
87,686342.2149495,217.86400000564754,611,617,0.2721200758836574,0.4152803979281398,1.4714047661270129,0.9612852492115714,3d gaze,-49.098678831047586,4.071553374115597,128.54146432039926,686342.2149495 686342.2189839999 686342.2230185 686342.227053 686342.2310875 686342.235122 686342.2391565 686342.2431910001 686342.2472255 686342.25126 686342.2552944999 686342.259329 686342.2633634999 686342.267398 686342.2714325001 686342.275467 686342.2795015001 686342.283536 686342.2875709999 686342.2916059999 686342.2956405 686342.299675 686342.3037095 686342.307744 686342.3117785 686342.3158130001 686342.3198475 686342.323882 686342.3279164999 686342.331951 686342.3359854999 686342.34002 686342.3440545001 686342.348089 686342.3521235001 686342.356158 686342.3601925 686342.3642269999 686342.3682615 686342.372296 686342.3763305 686342.380365 686342.3843995 686342.3884340001 686342.3924685 686342.396503 686342.4005374999 686342.404572 686342.4086064999 686342.412641 686342.4166755001 686342.42071 686342.4247445001 686342.428779 686342.4328135
88,686342.4368479999,104.8980001360178,617,621,0.27031323248375755,0.42332982087694626,0.9286719313480852,0.9734354140581908,3d gaze,-49.32086445157021,3.0635002177547115,127.94887811513665,686342.4368479999 686342.4408825 686342.444917 686342.448952 686342.4529865 686342.4570210001 686342.4610555 686342.4650900001 686342.4691250001 686342.4731594999 686342.477194 686342.4812284999 686342.485263 686342.4892975 686342.493332 686342.4973665001 686342.501401 686342.5054355001 686342.5094699999 686342.5135045 686342.5175389999 686342.5215735 686342.525608 686342.5296425 686342.5336770001 686342.5377115 686342.5417460001
89,686342.6305055,112.96649998985231,623,627,0.31340435932476296,0.34954907629330767,1.4827272828760407,0.9143611172149921,3d gaze,-48.73561328632356,14.939823911545457,159.6953401705002,686342.6305055 686342.63454 686342.6385745 686342.642609 686342.646644 686342.6506785001 686342.6547129999 686342.6587475 686342.6627819999 686342.6668165 686342.670851 686342.6748855 686342.6789200001 686342.6829545 686342.6869890001 686342.6910234999 686342.695058 686342.6990924999 686342.703127 686342.7071615 686342.711196 686342.7152305001 686342.719265 686342.7232995001 686342.7273339999 686342.7313685 686342.7354029999 686342.7394375 686342.743472
90,686342.7475065,125.07049995474517,627,630,0.3149563269741164,0.34691149807771593,1.4703300918989344,0.9337984966114163,3d gaze,-48.76577768672115,15.4648143881432,161.26397407243394,686342.7475065 686342.7515410001 686342.7555755 686342.7596100001 686342.7636444999 686342.767679 686342.771714 686342.7757485 686342.779783 686342.7838175 686342.787852 686342.7918865001 686342.795921 686342.7999555 686342.8039899999 686342.8080245 686342.8120589999 686342.8160935 686342.8201280001 686342.8241630001 686342.8281975 686342.8322320001 686342.8362665 686342.840301 686342.8443354999 686342.84837 686342.8524044999 686342.856439 686342.8604735001 686342.864508 686342.8685425001 686342.872577
91,686342.8766115,173.4845000319183,631,636,0.31301041253131,0.34864633524717514,1.4845014311899067,0.947350571101362,3d gaze,-48.84911091532991,15.059910480126076,159.68614720192662,686342.8766115 686342.8806459999 686342.8846805 686342.888715 686342.8927495 686342.8967840001 686342.9008185 686342.9048530001 686342.9088875 686342.912922 686342.9169564999 686342.920991 686342.925026 686342.9290605 686342.933095 686342.9371295001 686342.941164 686342.9451985001 686342.9492329999 686342.9532675 686342.9573019999 686342.9613365 686342.965371 686342.9694055 686342.9734400001 686342.9774745 686342.9815090001 686342.985544 686342.9895784999 686342.993613 686342.9976474999 686343.001682 686343.0057165001 686343.009751 686343.0137855001 686343.01782 686343.0218545 686343.0258889999 686343.0299235 686343.033958 686343.0379925 686343.042027 686343.0460615 686343.0500960001
92,686343.0541305,117.0014999806881,636,639,0.3042610776657915,0.3622855285329825,1.4724668797847378,0.9724362184604008,3d gaze,-49.775933869704886,12.631567881369286,154.67616204482155,686343.0541305 686343.058165 686343.0621994999 686343.066234 686343.0702684999 686343.074303 686343.0783375001 686343.082372 686343.0864065001 686343.090441 686343.0944759999 686343.0985105 686343.1025449999 686343.1065795 686343.110614 686343.1146485 686343.1186830001 686343.1227175 686343.1267520001 686343.1307864999 686343.134821 686343.1388554999 686343.14289 686343.1469245 686343.150959 686343.1549935001 686343.159028 686343.163063 686343.1670975001 686343.1711319999
93,686343.1751665,217.86400000564754,639,646,0.3082826130710356,0.3816470386301794,0.9147035984824984,0.9554124252362685,3d gaze,-51.516013906843824,10.346466529656485,164.07987722490697,686343.1751665 686343.1792009999 686343.1832355 686343.18727 686343.1913045 686343.1953390001 686343.1993735 686343.2034080001 686343.2074424999 686343.211477 686343.2155114999 686343.219546 686343.2235805001 686343.227615 686343.2316495001 686343.235684 686343.2397185001 686343.2437529999 686343.2477879999 686343.2518225 686343.2558569999 686343.2598915 686343.2639260001 686343.2679605 686343.2719950001 686343.2760295 686343.280064 686343.2840984999 686343.288133 686343.2921675 686343.296202 686343.3002365 686343.304271 686343.3083055001 686343.31234 686343.3163745 686343.3204089999 686343.3244435 686343.3284779999 686343.3325125 686343.3365470001 686343.3405820001 686343.3446165 686343.3486510001 686343.3526854999 686343.35672 686343.3607544999 686343.364789 686343.3688235 686343.372858 686343.3768925001 686343.380927 686343.3849615001 686343.3889959999 686343.3930305
94,686343.4374105,88.75949995126575,647,650,0.3113072140499264,0.3390929644783014,1.4530431419069278,0.9703082727349323,3d gaze,-42.707721139478934,14.299403839988228,138.0695581085747,686343.4374105 686343.441445 686343.4454795 686343.449514 686343.4535485001 686343.457583 686343.4616175 686343.4656519999 686343.4696865 686343.4737209999 686343.4777555 686343.4817900001 686343.4858245 686343.4898590001 686343.4938935 686343.497928 686343.5019624999 686343.505997 686343.5100315 686343.514066 686343.518101 686343.5221355001 686343.52617
95,686343.5745844999,104.8970001284033,651,654,0.3467469241691127,0.3724570526746072,1.2973516290452156,0.9428858734943248,3d gaze,-42.19609846385926,12.152813334349801,172.1383850095065,686343.5745844999 686343.578619 686343.5826534999 686343.586688 686343.5907225 686343.594757 686343.5987915001 686343.602826 686343.6068605001 686343.6108949999 686343.6149295 686343.6189639999 686343.6229985 686343.627033 686343.6310675 686343.6351020001 686343.6391365 686343.6431710001 686343.6472054999 686343.65124 686343.6552744999 686343.659309 686343.6633435 686343.667378 686343.6714125001 686343.675447 686343.6794815001
96,686343.6835159999,133.1395001616329,655,659,0.3410913323327479,0.36832504251661224,1.3345240097500728,0.9525315218112048,3d gaze,-42.434819472927586,12.421176720141291,166.34369407940292,686343.6835159999 686343.6875505 686343.6915849999 686343.69562 686343.6996545 686343.703689 686343.7077235 686343.7117580001 686343.7157925 686343.719827 686343.7238614999 686343.727896 686343.731931 686343.7359655 686343.74 686343.7440345001 686343.748069 686343.7521035001 686343.7561379999 686343.7601725 686343.7642069999 686343.7682415 686343.772276 686343.7763105 686343.7803450001 686343.7843795 686343.7884140001 686343.7924484999 686343.796483 686343.8005174999 686343.804552 686343.8085865 686343.812621 686343.8166555001
97,686343.82069,92.79450005851686,659,661,0.32678868028893826,0.367704411706865,1.1765275341720265,0.9373708280424277,3d gaze,-41.91724429599544,11.302662699740965,149.38730165034994,686343.82069 686343.8247245001 686343.8287589999 686343.8327935 686343.8368279999 686343.8408625 686343.844897 686343.8489315 686343.8529660001 686343.8570005 686343.8610350001 686343.8650694999 686343.869104 686343.873139 686343.8771734999 686343.881208 686343.885243 686343.8892775 686343.8933115001 686343.897346 686343.901381 686343.9054155 686343.9094499999 686343.9134845
98,686343.9941745,96.82899992913008,664,667,0.312694685456614,0.3695114258100945,1.3013492469910544,0.9068976442019144,3d gaze,-42.77959920293003,10.403433299062188,139.77837177369761,686343.9941745 686343.9982090001 686344.0022435 686344.0062780001 686344.0103125 686344.014347 686344.0183814999 686344.022416 686344.0264505 686344.030485 686344.0345195 686344.038554 686344.0466235001 686344.0506579999 686344.0546929999 686344.0587275 686344.0627619999 686344.0667965 686344.0708310001 686344.0748655 686344.0789000001 686344.0829345 686344.086969 686344.0910034999
99,686344.3088674999,121.03600008413196,673,677,0.3098635068902191,0.3857963355129837,1.4560902648667269,0.8858346131540114,3d gaze,-35.69819888945149,6.790801701079165,114.71226921214884,686344.3088674999 686344.312902 686344.3169364999 686344.320971 686344.3250055 686344.32904 686344.3330745001 686344.337109 686344.3411435001 686344.3451779999 686344.3492125 686344.3532469999 686344.3572815 686344.361316 686344.3653505 686344.3693850001 686344.3734195 686344.3774545 686344.381489 686344.3855234999 686344.3895584999 686344.393593 686344.3976275 686344.401662 686344.4056965001 686344.409731 686344.4137655001 686344.4177999999 686344.4218345 686344.4258689999 686344.4299035
100,686344.433938,100.86249990854412,677,680,0.3132412111194647,0.4107494089217794,1.3909745569142944,0.9071847360867721,3d gaze,-36.2390144288602,4.17300785508445,119.07710631986691,686344.433938 686344.4379725 686344.4420070001 686344.4460415 686344.4500760001 686344.4541104999 686344.458145 686344.4621794999 686344.466214 686344.4702485 686344.474283 686344.4783175001 686344.482352 686344.4863865001 686344.4904209999 686344.4944555 686344.4984899999 686344.5025245 686344.506559 686344.5105935 686344.5146280001 686344.5186625 686344.5226970001 686344.5267314999 686344.530766 686344.5348004999
101,686344.5388354999,92.79400017112494,680,683,0.3307229131730151,0.42097546807004615,1.3043647486758971,0.9333538760741552,3d gaze,-37.88078095205444,3.5258049746779463,138.81952507835402,686344.5388354999 686344.54287 686344.5469045 686344.550939 686344.5549735001 686344.559008 686344.5630425 686344.5670769999 686344.5711115 686344.5751465 686344.5791809999 686344.5832155 686344.5872500001 686344.5912845 686344.5953190001 686344.5993535 686344.603388 686344.6074224999 686344.611457 686344.6154915 686344.619526 686344.6235605 686344.627595 686344.6316295001
102,686344.6396985,145.2430000063032,683,687,0.31571363673600533,0.40980281205590613,1.3715994953457675,0.9178498234297778,3d gaze,-38.54831705734963,4.645402820218029,128.46260235223627,686344.6396985 686344.6437329999 686344.6477675 686344.6518019999 686344.6558365 686344.6598710001 686344.6639055 686344.6679400001 686344.6719745 686344.676009 686344.6800434999 686344.684078 686344.6881125 686344.6921475 686344.696182 686344.7002165001 686344.704251 686344.7082855001 686344.7123199999 686344.7163545 686344.720389 686344.7244235 686344.728458 686344.7324925 686344.7365270001 686344.7405615 686344.7445960001 686344.7486304999 686344.7526654999 686344.7567 686344.7607345 686344.764769 686344.7688035 686344.772838 686344.7768725001 686344.780907 686344.7849415
103,686344.7889759999,133.13900004141033,688,692,0.3265177288180471,0.4039002012315371,1.3365404207707574,0.9120675676009234,3d gaze,-35.88173807720561,5.294900522062804,127.91051985670562,686344.7889759999 686344.7930105 686344.7970449999 686344.8010795 686344.8051140001 686344.8091485 686344.8131830001 686344.8172175 686344.821252 686344.8252864999 686344.829321 686344.8333555 686344.83739 686344.8414245 686344.845459 686344.8494935001 686344.853528 686344.8575625 686344.8615975 686344.8656319999 686344.8696665 686344.873701 686344.8777355 686344.88177 686344.8858045 686344.8898390001 686344.8938734999 686344.897908 686344.9019424999 686344.905977 686344.9100115 686344.914046 686344.9180805001 686344.922115
104,686344.9261495001,125.07049995474517,692,695,0.3415745423740132,0.41353454531510564,1.4930602550474923,0.9236950371414423,3d gaze,-35.6748451616449,4.533792574567913,140.54212881484165,686344.9261495001 686344.9301845001 686344.9342189999 686344.9382535 686344.9422879999 686344.9463225 686344.950357 686344.9543915 686344.9584260001 686344.9624605 686344.9664950001 686344.9705294999 686344.974564 686344.9785985 686344.982633 686344.9866675 686344.990702 686344.9947365001 686344.998771 686345.0028055001 686345.0068399999 686345.0108745 686345.0149095 686345.018944 686345.0229785 686345.027013 686345.0310475 686345.0350820001 686345.0391165 686345.043151 686345.0471854999 686345.05122
105,686345.0552545,92.79400005470961,696,698,0.3478012985799767,0.424379519719827,1.3900015903073106,0.9258215402563413,3d gaze,-35.76524925626364,3.246091737426584,147.3233541518073,686345.0552545 686345.059289 686345.0633235001 686345.067358 686345.0713925001 686345.075427 686345.0794615 686345.0834959999 686345.0875305 686345.091565 686345.0955995 686345.0996345 686345.1036690001 686345.1077035 686345.1117380001 686345.1157724999 686345.119807 686345.1238414999 686345.127876 686345.1319105 686345.135945 686345.1399795001 686345.144014 686345.1480485001
106,686345.1520829999,92.79400005470961,698,701,0.3362870017917108,0.4158947813541665,1.0855066135910711,0.9312480700512727,3d gaze,-36.8361624132174,4.218498901537638,140.00944912487628,686345.1520829999 686345.1561175 686345.1601519999 686345.1641865 686345.168221 686345.1722555 686345.1762900001 686345.1803245 686345.1843595 686345.188394 686345.1924284999 686345.196463 686345.2004974999 686345.204532 686345.2085665 686345.212601 686345.2166355001 686345.22067 686345.2247045 686345.2287389999 686345.2327735 686345.236808 686345.2408425 686345.244877
107,686345.3336364999,129.10500005818903,704,708,0.3399452672821086,0.418156190173256,1.4059814883185848,0.9125497052163789,3d gaze,-34.20476044976595,3.729270107929522,133.39271578053197,686345.3336364999 686345.3376714999 686345.341706 686345.3457404999 686345.349775 686345.3538095 686345.357844 686345.3618785001 686345.365913 686345.3699475001 686345.3739819999 686345.3780165 686345.382051 686345.3860855 686345.39012 686345.3941545 686345.3981890001 686345.4022235 686345.4062580001 686345.4102924999 686345.414327 686345.4183614999 686345.422396 686345.4264305 686345.430465 686345.4344995001 686345.438534 686345.4425685001 686345.4466035 686345.4506379999 686345.4546725 686345.4587069999 686345.4627415
108,686345.575708,88.759999955073,711,714,0.32907770567644423,0.451412418498926,1.494117567642162,0.933530955210976,3d gaze,-39.23820607516797,-0.449759585621524,142.28667738813127,686345.575708 686345.5797425001 686345.583777 686345.5878115001 686345.5918459999 686345.5958805 686345.5999149999 686345.6039495 686345.607984 686345.6120185 686345.616053 686345.6200875 686345.6241225 686345.628157 686345.6321914999 686345.636226 686345.6402605 686345.644295 686345.6483295 686345.652364 686345.6563985001 686345.6604335001 686345.664468
109,686345.6685025,141.2080000154674,714,718,0.3206454805109602,0.42648593946768937,1.4205315741002273,0.9317370934618844,3d gaze,-39.370474746642905,2.746713374381318,135.30917595819977,686345.6685025 686345.6725369999 686345.6765715 686345.680606 686345.6846405 686345.688675 686345.6927095 686345.6967440001 686345.7007785 686345.704813 686345.7088474999 686345.712882 686345.7169165 686345.720951 686345.7249855001 686345.72902 686345.7330545001 686345.737089 686345.7411235 686345.7451579999 686345.7491925 686345.753227 686345.7572615 686345.761296 686345.7653305 686345.7693650001 686345.7733995 686345.777434 686345.7814684999 686345.785503 686345.7895375 686345.793572 686345.7976065001 686345.8016415001 686345.805676 686345.8097105001
110,686345.8419870001,121.03499984368682,719,723,0.30534002716680275,0.3986104882060257,1.3187216536342394,0.9250556172863129,3d gaze,-39.34026484082695,5.78666336779884,123.27999147736651,686345.8419870001 686345.8460215 686345.850056 686345.8540904999 686345.858125 686345.8621594999 686345.866194 686345.8702285 686345.874263 686345.8782975001 686345.882332 686345.8863665 686345.8904009999 686345.8944355 686345.89847 686345.9025045 686345.906539 686345.9105735 686345.9146080001 686345.9186425 686345.922677 686345.9267114999 686345.930746 686345.9347804999 686345.938815 686345.9428495001 686345.946884 686345.9509185001 686345.954953 686345.9589875 686345.9630219999
111,686346.043713,213.829500018619,725,731,0.3323303157686756,0.44871992608622846,1.1856823670114793,0.8739537044807717,3d gaze,-38.64142061398564,-0.08769950124151202,143.1481020458586,686346.043713 686346.0477475 686346.051782 686346.0558165 686346.0598510001 686346.0638855 686346.0679200001 686346.0719544999 686346.075989 686346.0800234999 686346.084058 686346.0880925 686346.092127 686346.0961615001 686346.100196 686346.1042305001 686346.1082649999 686346.1122995 686346.116334 686346.1203685 686346.124403 686346.1284375 686346.1324720001 686346.1365070001 686346.1405415 686346.144576 686346.1486104999 686346.152645 686346.15668 686346.1607145 686346.164749 686346.1687835001 686346.172818 686346.1768525001 686346.1808869999 686346.1849215 686346.1889559999 686346.1929905 686346.197025 686346.2010595 686346.2050940001 686346.2091285 686346.2131630001 686346.2171974999 686346.221232 686346.2252664999 686346.229301 686346.2333355 686346.23737 686346.2414045001 686346.245439 686346.2494735001 686346.2535079999 686346.2575425
112,686347.275491,80.68999997340143,762,764,0.48857642584388583,0.3783463122937613,0.717801541074769,0.8323631611737338,3d gaze,-6.289684237286692,41.38477750044438,652.6427215302806,686347.275491 686347.28356 686347.291629 686347.299698 686347.307767 686347.315836 686347.323905 686347.331974 686347.340043 686347.348112 686347.356181
113,686348.372881,161.38099995441735,795,799,0.41507784219495186,0.5978759569596902,1.130777224377443,0.7694504637467233,3d gaze,-79.37398222558126,-84.22146341893445,609.7481954362586,686348.372881 686348.38902 686348.397089 686348.405158 686348.413227 686348.421296 686348.429365 686348.437434 686348.453572 686348.461641 686348.46971 686348.477779 686348.485848 686348.493917 686348.501986 686348.510055 686348.518124 686348.526193 686348.534262
114,686348.8275345,157.3464999673888,808,813,0.4168587033422894,0.5755971105506601,1.3750854833915154,0.9177770189940929,3d gaze,-14.305791653081354,-13.170253088578894,112.61092359129562,686348.8275345 686348.8315689999 686348.8356035 686348.839638 686348.8436725 686348.8477070001 686348.8517415 686348.8557760001 686348.8598104999 686348.8638454999 686348.86788 686348.8719144999 686348.875949 686348.8799835 686348.884018 686348.8880525001 686348.892087 686348.8961215001 686348.9001559999 686348.9041905 686348.908225 686348.9122595 686348.916294 686348.9203285 686348.924363 686348.9283975 686348.9324320001 686348.9364664999 686348.940501 686348.9445354999 686348.94857 686348.9526045 686348.956639 686348.9606735001 686348.9647085001 686348.968743 686348.9727775 686348.9768119999 686348.9808465 686348.984881
115,686348.9889155,104.89750001579523,813,816,0.42282109836498405,0.5676213114791149,1.2567684632137606,0.8851656472241437,3d gaze,-12.342572576605379,-11.575438352034407,105.48768231176115,686348.9889155 686348.99295 686348.9969845 686349.0010190001 686349.0050535 686349.009088 686349.0131224999 686349.017157 686349.0211915 686349.025226 686349.0292605 686349.0332955001 686349.03733 686349.0413645001 686349.0453989999 686349.0494335 686349.053468 686349.0575025 686349.061537 686349.0655715 686349.069606 686349.0736405 686349.0776750001 686349.0817094999 686349.085744 686349.0897784999 686349.093813
116,686349.1059165001,108.9324998902157,816,820,0.4124479056508185,0.5312801019150284,1.411197268049049,0.9051119663885662,3d gaze,-13.892465881881957,-7.924433697708298,103.87112915205866,686349.1059165001 686349.109951 686349.1139855001 686349.1180199999 686349.1220545 686349.126089 686349.1301235 686349.1341585 686349.138193 686349.1422275 686349.1462620001 686349.1502965 686349.154331 686349.1583654999 686349.1624 686349.1664345 686349.170469 686349.1745035 686349.178538 686349.1825725001 686349.1866075001 686349.190642 686349.1946765 686349.1987109999 686349.2027455 686349.20678 686349.2108145 686349.214849
117,686349.2188835,141.20850001927465,820,824,0.4182591656826256,0.5571414203503517,1.2437181877772348,0.9194785960846477,3d gaze,-13.5887531005252,-10.952393781337475,109.24021591987417,686349.2188835 686349.2229180001 686349.2269525 686349.230987 686349.2350214999 686349.239056 686349.2430905 686349.247125 686349.2511595 686349.255194 686349.2592285001 686349.263263 686349.2672975 686349.2713319999 686349.2753665 686349.279401 686349.2834355 686349.28747 686349.2915045 686349.2955390001 686349.2995735 686349.303608 686349.3076424999 686349.3116775 686349.315712 686349.3197465 686349.323781 686349.3278155001 686349.33185 686349.3358845001 686349.3399189999 686349.3439535 686349.3479879999 686349.3520225 686349.3560575 686349.360092
118,686349.900718,133.13949992880225,840,844,0.4472163785453361,0.5730738704533639,1.4375248888432264,0.9069656755994348,3d gaze,-9.010577215449759,-13.456003178337786,117.3875674358292,686349.900718 686349.9047525 686349.908787 686349.9128215001 686349.916856 686349.9208905001 686349.9249249999 686349.9289595 686349.932994 686349.9370285 686349.941063 686349.9450975 686349.949132 686349.9531665 686349.9572010001 686349.9612354999 686349.96527 686349.9693044999 686349.973339 686349.9773735 686349.981408 686349.9854425001 686349.989477 686349.993512 686349.9975465001 686350.0015809999 686350.0056159999 686350.0096505 686350.013685 686350.0177195 686350.021754 686350.0257885 686350.0298230001 686350.0338575
119,686350.037892,217.86400000564754,844,851,0.44700458285641576,0.5674562960224245,1.084590644961728,0.9167033780704845,3d gaze,-8.265503919481551,-11.694145857510621,107.0717401326967,686350.037892 686350.0419264999 686350.045961 686350.0499955 686350.05403 686350.0580645 686350.062099 686350.0661335001 686350.070168 686350.0742025 686350.0782369999 686350.0822715 686350.086306 686350.0903405 686350.094375 686350.0984095 686350.1024440001 686350.1064785 686350.110513 686350.1145474999 686350.118582 686350.1226165 686350.126651 686350.1306855 686350.13472 686350.1387545001 686350.142789 686350.1468235 686350.1508579999 686350.1548925 686350.158927 686350.162962 686350.1669965 686350.1710310001 686350.1750655 686350.1791000001 686350.183135 686350.1871694999 686350.191204 686350.1952385 686350.199273 686350.2033075 686350.207342 686350.2113765001 686350.215411 686350.2194455 686350.2234799999 686350.2275145 686350.231549 686350.2355835 686350.239618 686350.2436525 686350.2476870001 686350.2517215 686350.255756
120,686350.2597904999,108.93250000663102,851,854,0.4502373637267944,0.5751446689876641,1.4548081009439668,0.9486243267144475,3d gaze,-7.637926152631006,-12.319047200469994,105.94191122525794,686350.2597904999 686350.263825 686350.2678595 686350.271894 686350.2759285 686350.279963 686350.2839975001 686350.288032 686350.2920665 686350.2961009999 686350.3001355 686350.30417 686350.308205 686350.3122395 686350.316274 686350.3203085 686350.3243430001 686350.3283775 686350.332412 686350.3364465 686350.340481 686350.3445155 686350.34855 686350.3525845 686350.356619 686350.3606535001 686350.364688 686350.3687229999
121,686350.3727575,125.06999995093793,854,858,0.46253044694717044,0.5845621496200997,1.2716694464532718,0.9586536688730121,3d gaze,-5.4456884671637225,-13.062214677539414,104.61788710491311,686350.3727575 686350.376792 686350.3808265 686350.384861 686350.3888955 686350.39293 686350.3969645 686350.4009990001 686350.4050334999 686350.409068 686350.4131024999 686350.417137 686350.4211715 686350.425206 686350.4292405001 686350.433275 686350.4373095001 686350.4413439999 686350.4453785 686350.449413 686350.4534475 686350.457482 686350.4615165 686350.465551 686350.4695855 686350.4736200001 686350.477655 686350.4816894999 686350.485724 686350.4897585 686350.493793 686350.4978275
122,686351.5024240001,84.72449996042997,888,890,0.46010593276059064,0.48084080890080877,1.2846819464159238,0.9179572104323994,3d gaze,-5.439447610751506,-2.9203045352232113,97.886782241696,686351.5024240001 686351.5064584999 686351.510493 686351.5145275 686351.518562 686351.5225965 686351.526631 686351.5306655 686351.5347 686351.5387345001 686351.5427689999 686351.5468035 686351.5508379999 686351.5548725 686351.558907 686351.5629415 686351.5669760001 686351.5710105 686351.5750450001 686351.5790794999 686351.583114 686351.5871485
123,686351.595218,104.89750001579523,891,894,0.4524528023343051,0.4461591975080386,1.2518587052669206,0.9103675230785653,3d gaze,-6.549907911696187,0.18394368695931693,96.7741414937,686351.595218 686351.599253 686351.6032875 686351.607322 686351.6113565001 686351.6153909999 686351.6194255 686351.6234599999 686351.6274945 686351.631529 686351.6355635 686351.639598 686351.6436325 686351.6476670001 686351.6517014999 686351.655736 686351.6597705 686351.663805 686351.6678395 686351.671874 686351.6759085 686351.679943 686351.6839775001 686351.6880119999 686351.6920465 686351.6960809999 686351.7001155
124,686352.3577429999,104.89750001579523,913,917,0.4754986219405651,0.4759467980183268,1.4643093494481434,0.9413890893812533,3d gaze,-2.91107220990753,-2.407125763348597,95.02727052251625,686352.3577429999 686352.3617775 686352.365812 686352.3698465 686352.373881 686352.3779155 686352.3819500001 686352.3859844999 686352.390019 686352.3940535 686352.3980885 686352.402123 686352.4061575 686352.410192 686352.4142265001 686352.418261 686352.4222955001 686352.4263299999 686352.4303645 686352.434399 686352.4384335 686352.442468 686352.4465025 686352.450537 686352.4545715 686352.4586060001 686352.4626404999
125,686352.4666754999,121.03550008032471,917,920,0.49280563843218245,0.46101049069244865,1.441559128589198,0.9441259907137963,3d gaze,-0.27068829708215025,-1.2907742555448387,106.23881228186436,686352.4666754999 686352.47071 686352.4747445 686352.478779 686352.4828135 686352.486848 686352.4908825001 686352.494917 686352.4989515 686352.5029859999 686352.5070205 686352.511055 686352.5150895 686352.519124 686352.5231585 686352.5271930001 686352.5312275 686352.535262 686352.5392965 686352.543331 686352.5473655 686352.5514 686352.5554345 686352.5594695 686352.563504 686352.5675385001 686352.5715729999 686352.5756075 686352.579642 686352.5836765 686352.587711
126,686352.6038490001,121.03599996771663,921,924,0.48850407086849285,0.45679972895733423,1.4645669992496986,0.9331835066118548,3d gaze,-1.0232820861632232,-0.852182752208909,105.42515159796538,686352.6038490001 686352.6078834999 686352.611918 686352.6159525 686352.619987 686352.6240215 686352.628056 686352.6320905 686352.636125 686352.6401595001 686352.6441945 686352.6482289999 686352.6522635 686352.656298 686352.6603325 686352.664367 686352.6684015 686352.6724360001 686352.6764705 686352.680505 686352.6845394999 686352.688574 686352.6926085 686352.696643 686352.7006775 686352.704712 686352.7087465001 686352.7127815001 686352.716816 686352.7208505 686352.724885
127,686352.7289195,217.86400000564754,925,931,0.48913042807332796,0.4481174131898189,0.9665432024018076,0.9245247439904647,3d gaze,-0.9038836513492227,-0.007448516796634828,104.01826358278865,686352.7289195 686352.732954 686352.7369885 686352.741023 686352.7450575 686352.7490920001 686352.7531264999 686352.757161 686352.7611954999 686352.76523 686352.7692645 686352.773299 686352.7773335 686352.781368 686352.7854025001 686352.7894369999 686352.7934715 686352.797506 686352.8015405 686352.805575 686352.8096095 686352.813644 686352.8176785 686352.8217130001 686352.8257474999 686352.8297824999 686352.833817 686352.8378515 686352.841886 686352.8459205 686352.849955 686352.8539895 686352.858024 686352.8620585001 686352.8660929999 686352.8701275 686352.874162 686352.8781965 686352.8822315 686352.886266 686352.8903005 686352.894335 686352.8983695 686352.902404 686352.9064384999 686352.910473 686352.9145075 686352.918542 686352.9225765 686352.926611 686352.9306455001 686352.93468 686352.9387145 686352.942749 686352.9467835
128,686352.950818,181.55350000597537,931,937,0.4946507965312337,0.4579135956698991,1.3656928996937883,0.9453560120385626,3d gaze,0.020706036318801586,-0.9579138382876723,107.1872527523552,686352.950818 686352.9548525 686352.958887 686352.9629215 686352.9669560001 686352.9709905 686352.975025 686352.9790594999 686352.983094 686352.9871285 686352.991163 686352.9951975 686352.9992325 686353.003267 686353.0073015001 686353.0113359999 686353.0153705 686353.0194049999 686353.0234395 686353.027474 686353.0315085 686353.0355435 686353.039578 686353.0436125 686353.047647 686353.0516814999 686353.055716 686353.0597505 686353.063785 686353.0678195 686353.071854 686353.0758885001 686353.079923 686353.0839575 686353.0879919999 686353.0920265 686353.096061 686353.1000955 686353.10413 686353.1081645 686353.112199 686353.1162335 686353.120268 686353.1243024999 686353.128337 686353.1323715
129,686353.136406,217.8645000094548,937,943,0.49089736721655547,0.4873266701377369,1.1685433422608882,0.9294396059079604,3d gaze,-0.6007162915688069,-3.6137036381704615,101.41223610555222,686353.136406 686353.1404405 686353.144475 686353.1485095001 686353.152544 686353.1565785 686353.1606129999 686353.1646475 686353.1686825 686353.172717 686353.1767515 686353.180786 686353.1848205 686353.1888550001 686353.1928895 686353.196924 686353.2009585 686353.2049935 686353.209028 686353.2130625 686353.217097 686353.2211315001 686353.225166 686353.2292005001 686353.2332349999 686353.2372695 686353.241304 686353.2453385 686353.249373 686353.2534075 686353.257442 686353.2614765 686353.2655110001 686353.2695454999 686353.27358 686353.2776145 686353.281649 686353.2856835 686353.289718 686353.2937525001 686353.297787 686353.3018215001 686353.3058559999 686353.3098905 686353.313925 686353.3179595 686353.321994 686353.3260285 686353.330063 686353.3340975 686353.3381320001 686353.3421664999 686353.3462014999 686353.350236 686353.3542705
130,686353.741585,189.62249998003244,955,960,0.46340127477980336,0.5771905368434306,1.476462368679482,0.9218059492607912,3d gaze,-6.658482136673167,-15.52807615374614,131.42887895036742,686353.741585 686353.7456195 686353.7496539999 686353.7536885 686353.757723 686353.7617575 686353.765792 686353.7698265 686353.773861 686353.7778955 686353.78193 686353.7859644999 686353.789999 686353.7940335 686353.798068 686353.8021025 686353.806137 686353.8101715001 686353.814206 686353.8182405 686353.8222749999 686353.8263095 686353.830344 686353.8343785 686353.838413 686353.842448 686353.8464825 686353.8505170001 686353.8545515 686353.858586 686353.8626205 686353.866655 686353.8706895 686353.874724 686353.878759 686353.8827935001 686353.886828 686353.8908625001 686353.8948969999 686353.8989315 686353.902966 686353.9070005 686353.911035 686353.9150695 686353.919104 686353.9231385 686353.9271730001 686353.9312074999
131,686353.935242,201.72599994111806,961,967,0.46021953877365085,0.592703799809456,1.4614902661318228,0.9401047206392475,3d gaze,-7.348290055810254,-17.469245072945995,131.81638944946485,686353.935242 686353.9392765 686353.943311 686353.9473455 686353.95138 686353.9554145001 686353.959449 686353.9634835001 686353.9675179999 686353.9715525 686353.975587 686353.9796215 686353.983656 686353.9876905 686353.991725 686353.9957595 686353.9997940001 686354.0038284999 686354.007863 686354.011898 686354.0159325 686354.019967 686354.0240015 686354.028036 686354.0320705 686354.036105 686354.0401395 686354.0441739999 686354.0482085 686354.052243 686354.056278 686354.0603125 686354.064347 686354.0683815 686354.0724160001 686354.0764504999 686354.080485 686354.0845194999 686354.088554 686354.0925885 686354.096623 686354.1006575 686354.104692 686354.1087265001 686354.1127609999 686354.1167955 686354.12083 686354.1248645 686354.128899 686354.1329335 686354.136968
132,686354.1410025,117.0014999806881,967,970,0.44811930725134663,0.5798634323267355,1.135954851288044,0.9537493586540222,3d gaze,-9.23372627938326,-14.756634947833012,122.19720367450834,686354.1410025 686354.1450370001 686354.1490714999 686354.153106 686354.157141 686354.1611755 686354.16521 686354.1692445 686354.173279 686354.1773135 686354.181348 686354.1853825 686354.1894169999 686354.1934515 686354.197486 686354.2015205 686354.205555 686354.2095895 686354.2136240001 686354.2176585 686354.221693 686354.225728 686354.2297624999 686354.233797 686354.2378315 686354.241866 686354.2459005 686354.249935 686354.2539695001 686354.258004
133,686354.8147684999,96.8280000379309,987,990,0.4818455884307314,0.37262182204506744,1.487210241560747,0.9000850439071655,3d gaze,-2.048341616431956,6.887498390143742,100.48678699640584,686354.8147684999 686354.818803 686354.8228375 686354.826872 686354.8309065 686354.834941 686354.8389755 686354.84301 686354.8470445 686354.8510789999 686354.8551135 686354.859148 686354.8631825 686354.867217 686354.8712515 686354.8752860001 686354.8793205 686354.883355 686354.8873894999 686354.891424 686354.8954585 686354.899493 686354.9035275 686354.907562 686354.9115965
134,686355.0003565,80.68999997340143,992,995,0.4868800435414243,0.4035988836307035,1.4727906191106717,0.9135266556626275,3d gaze,-1.280901681171646,4.1878561519540245,103.67398795312602,686355.0003565 686355.004391 686355.0084255 686355.01246 686355.0164945 686355.020529 686355.0245635 686355.0285980001 686355.0326324999 686355.036667 686355.0407015 686355.044736 686355.0487705 686355.052805 686355.0568395 686355.060874 686355.0649085001 686355.0689429999 686355.0729775 686355.077012 686355.0810465
135,686355.772201,80.68999997340143,1015,1018,0.5183834885272661,0.5013146539769768,1.1249074401787862,0.8180628256364302,3d gaze,22.296747935320045,-28.02957352947756,579.4332357304231,686355.772201 686355.78027 686355.788339 686355.796408 686355.804477 686355.812546 686355.820615 686355.828684 686355.836753 686355.844822 686355.852891
136,686356.2187825,80.69049997720867,1029,1031,0.36333326316385617,0.36144435608478814,1.4414186721628734,0.8094157293438912,3d gaze,-24.022557421424104,8.912215037956075,110.8534401594718,686356.2187825 686356.222817 686356.230886 686356.2349205 686356.238955 686356.2429895 686356.2470245 686356.251059 686356.2550935 686356.259128 686356.2631625 686356.267197 686356.2712315 686356.275266 686356.2793004999 686356.283335 686356.2873695 686356.291404 686356.2954385 686356.299473
137,686356.3963015,80.69049997720867,1034,1036,0.3020851011815549,0.38869014519415696,1.4707176535767759,0.897658784687519,3d gaze,-41.594916442958876,7.190647296754804,127.82946807403516,686356.3963015 686356.400336 686356.4043705 686356.408405 686356.4124395 686356.4164745 686356.420509 686356.4245435 686356.428578 686356.4326124999 686356.436647 686356.4406815 686356.444716 686356.4487505 686356.452785 686356.4568195001 686356.4648885 686356.468923 686356.4729575 686356.476992
138,686357.127801,153.31199998036027,1056,1060,0.3849665680946117,0.4999099869155067,1.4900633666139913,0.9558774908383687,3d gaze,-120.94169480474325,-32.18307092654122,674.1222869153675,686357.127801 686357.168146 686357.176215 686357.184284 686357.192353 686357.200422 686357.208491 686357.216561 686357.22463 686357.232699 686357.240768 686357.248837 686357.256906 686357.264975 686357.281113
139,686357.39408,80.68999997340143,1064,1066,0.3887268255267164,0.506276576056096,0.3033702649995774,0.9572219902818854,3d gaze,-115.85963837732321,-35.87060778435789,669.4201888081593,686357.39408 686357.402149 686357.410218 686357.418287 686357.426356 686357.434425 686357.442494 686357.450563 686357.458632 686357.466701 686357.47477
140,686358.031535,88.75900006387383,1083,1085,0.41148940839325965,0.533695223137406,0.9560583009552721,0.8628938595453898,3d gaze,-87.19706083903674,-50.60143548985661,644.2550426432017,686358.031535 686358.039604 686358.047673 686358.055742 686358.063811 686358.07188 686358.079949 686358.088018 686358.096087 686358.104156 686358.112225 686358.120294
141,686359.2688825,80.69099998101592,1120,1122,0.32148345998560435,0.2973711359346661,1.4753182438055001,0.8816356502828144,3d gaze,-27.223564136344606,13.345976558119187,93.17777852273588,686359.2688825 686359.272917 686359.2769515 686359.280986 686359.2850205 686359.2890550001 686359.2930895 686359.2971245 686359.301159 686359.3051935 686359.309228 686359.3132625 686359.3172975 686359.321332 686359.3253665 686359.3294009999 686359.3334355 686359.33747 686359.3415045 686359.345539 686359.3495735
142,686359.4020219999,217.8645001258701,1124,1130,0.323693111937204,0.36063560855248356,1.3832412147301536,0.9021447149190036,3d gaze,-33.755429427643165,9.72592409002694,117.86554140148341,686359.4020219999 686359.4060565 686359.410091 686359.4141255 686359.41816 686359.4221945 686359.426229 686359.4302635 686359.4342980001 686359.4383324999 686359.442367 686359.4464015 686359.450436 686359.4544705 686359.4585055 686359.46254 686359.4665745 686359.470609 686359.4746435 686359.478678 686359.4827125 686359.486747 686359.4907815 686359.4948165 686359.498851 686359.5028855 686359.5069200001 686359.5109545 686359.514989 686359.5190235 686359.523058 686359.5270925 686359.531127 686359.5351615 686359.539196 686359.5432305 686359.547265 686359.5512995 686359.555334 686359.5593685 686359.563403 686359.5674375 686359.571472 686359.5755065 686359.5795410001 686359.5835755 686359.58761 686359.5916445 686359.595679 686359.5997135 686359.603748 686359.6077825 686359.611817 686359.6158515 686359.6198865001
143,686359.648128,84.72500008065253,1131,1134,0.3165582946973577,0.3873151354458161,1.4575237577245495,0.9133555103432048,3d gaze,-38.142903438482094,7.329208947652616,127.63434498501246,686359.648128 686359.6521625 686359.656197 686359.6602314999 686359.664266 686359.6683005 686359.6723355 686359.67637 686359.6804045 686359.684439 686359.6884735 686359.692508 686359.6965425 686359.7005769999 686359.7046115 686359.708646 686359.7126805 686359.716715 686359.7207495 686359.7247840001 686359.7288185 686359.732853
144,686359.7368875,104.89749989937991,1134,1137,0.31168645125937333,0.3942738200297232,1.28495619224826,0.9156172893665455,3d gaze,-38.74442733162008,6.4134620142864325,126.02225023333241,686359.7368875 686359.740922 686359.7449565 686359.748991 686359.7530255 686359.75706 686359.7610945 686359.765129 686359.7691635 686359.7731979999 686359.7772325 686359.7812675 686359.785302 686359.7893365 686359.793371 686359.7974055 686359.80144 686359.8054744999 686359.809509 686359.8135435 686359.817578 686359.8216125 686359.825647 686359.8296815 686359.8337165 686359.837751 686359.8417849999
145,686360.156478,96.82850004173815,1146,1149,0.33990452164599216,0.42868542431844714,1.4118819022373434,0.9096621894836425,3d gaze,-46.02662422043566,3.265553251889918,179.35819359187502,686360.156478 686360.1605125 686360.164547 686360.1685815 686360.172616 686360.1766505 686360.180685 686360.1847195 686360.1887545 686360.192789 686360.1968235 686360.200858 686360.2048925 686360.2089269999 686360.2129615 686360.216996 686360.2210305 686360.225065 686360.2290995 686360.233134 686360.2371685 686360.2412030001 686360.2452374999 686360.249272 686360.2533065
146,686360.293652,88.75949995126575,1150,1153,0.44334587819524296,0.4759770064315876,1.4722186166052302,0.8727995429349982,3d gaze,-16.242039001251698,-4.962030477997391,197.12045780255633,686360.293652 686360.2976865 686360.301721 686360.3057555 686360.30979 686360.3138245 686360.3178590001 686360.3218934999 686360.325928 686360.3299625 686360.333997 686360.3380315 686360.342066 686360.3461005 686360.350135 686360.3541695001 686360.358204 686360.3622385 686360.3662735 686360.370308 686360.3743425 686360.378377 686360.3824115
147,686360.5962415,88.7589999474585,1159,1162,0.43084590356176233,0.5924811492712795,1.2866786938949464,0.9617582507755446,3d gaze,-12.462890357220369,-15.912616324599698,120.0025784861691,686360.5962415 686360.600276 686360.6043105 686360.608345 686360.6123795 686360.616414 686360.6204485 686360.624483 686360.6285175 686360.632552 686360.6365865 686360.640621 686360.6446555001 686360.64869 686360.6527245 686360.656759 686360.6607935 686360.664828 686360.6688625 686360.672897 686360.6769315 686360.680966 686360.6850005
148,686360.7172765001,157.3464999673888,1163,1168,0.41601580233597,0.6094408624152327,1.4740083142028573,0.9873958736658096,3d gaze,-15.844204803135819,-18.366706419144347,123.17840554273191,686360.7172765001 686360.7213115001 686360.7253459999 686360.7293805 686360.7334155 686360.73745 686360.741484 686360.7455185 686360.7495535 686360.753588 686360.7576225 686360.761657 686360.7656915 686360.769726 686360.7737605 686360.777795 686360.7818295 686360.785864 686360.7898985 686360.793933 686360.7979675 686360.802002 686360.8060365 686360.810071 686360.8141055 686360.81814 686360.8221745 686360.826209 686360.8302435 686360.834278 686360.8383125 686360.842347 686360.8463815 686360.850416 686360.8544505 686360.858485 686360.8625195 686360.866554 686360.8705885 686360.874623
149,686360.8786575,137.1740000322461,1168,1172,0.4243593365439527,0.6158425010426295,1.239202534557208,0.9832558010305678,3d gaze,-14.515618916775553,-19.524020701850986,126.12517319630983,686360.8786575 686360.882692 686360.8867265 686360.890761 686360.8947955 686360.8988305 686360.9028655 686360.9069000001 686360.9109344999 686360.914969 686360.9190035 686360.923038 686360.9270725 686360.931107 686360.9351415 686360.939176 686360.9432105001 686360.947245 686360.9512795 686360.955314 686360.9593485 686360.963383 686360.9674175 686360.971452 686360.9754865 686360.9795210001 686360.9835554999 686360.98759 686360.9916245 686360.995659 686360.9996935 686361.003728 686361.0077625 686361.011797 686361.0158315001
150,686361.019866,217.8649998968467,1172,1178,0.4129117250642504,0.6095186938558997,1.2204975373322329,0.9896486103534698,3d gaze,-17.328500975495608,-19.325998914191427,129.50801681351587,686361.019866 686361.0239005 686361.027935 686361.0319695 686361.036004 686361.0400385 686361.044073 686361.0481075 686361.0521420001 686361.0561764999 686361.060211 686361.064246 686361.068281 686361.0723155 686361.07635 686361.0803845 686361.084419 686361.0884535001 686361.092488 686361.0965225 686361.100557 686361.1045915 686361.108626 686361.1126605 686361.116695 686361.1207295 686361.124764 686361.1287984999 686361.132833 686361.1368675 686361.140902 686361.1449365 686361.148971 686361.1530055 686361.15704 686361.1610745001 686361.165109 686361.1691435 686361.173178 686361.1772125 686361.181247 686361.1852815 686361.189316 686361.1933505 686361.197385 686361.2014194999 686361.205454 686361.2094885 686361.213523 686361.2175575 686361.221592 686361.225627 686361.2296615 686361.233696 686361.237731
151,686361.3305245,80.69049997720867,1181,1184,0.4134346656754107,0.6001926663954377,1.4859028786741,0.9956816292944408,3d gaze,-14.979301017480793,-15.81225222580719,112.64887316484588,686361.3305245 686361.334559 686361.3385935 686361.342628 686361.3466625 686361.350697 686361.3547315 686361.358766 686361.3628005 686361.366835 686361.3708695 686361.374904 686361.3789385001 686361.3829729999 686361.3870079999 686361.3910425 686361.395077 686361.3991115 686361.403146 686361.4071805 686361.411215
152,686361.4192845,125.07000006735325,1184,1188,0.4171340531530409,0.6250369824502925,1.4870746577997824,1.0,3d gaze,-14.793864348187398,-19.06814139537847,116.42227150095133,686361.4192845 686361.423319 686361.4273535 686361.431388 686361.4354225 686361.439457 686361.4434915 686361.447526 686361.4515605 686361.455595 686361.4596295 686361.463664 686361.4676985 686361.471733 686361.4757675 686361.479802 686361.4838365 686361.487871 686361.4919055 686361.49594 686361.4999745 686361.504009 686361.5080435 686361.512078 686361.5161125 686361.520147 686361.5241815 686361.528216 686361.5322505 686361.536285 686361.54032 686361.5443545
153,686361.548389,181.55350000597537,1188,1193,0.40867113099177266,0.6263945611172034,1.4683655599070615,0.9991913632206295,3d gaze,-17.41994331986857,-20.409370009012267,123.4183084248461,686361.548389 686361.5524235 686361.556458 686361.5604925 686361.5645270001 686361.5685615 686361.572596 686361.5766305 686361.580665 686361.5846995 686361.588734 686361.5927685 686361.596803 686361.600838 686361.6048725001 686361.608907 686361.6129415 686361.616976 686361.6210105 686361.625045 686361.6290795 686361.633114 686361.6371485 686361.641183 686361.6452174999 686361.649252 686361.6532865 686361.657321 686361.6613555 686361.66539 686361.6694245 686361.673459 686361.6774935 686361.681528 686361.6855625 686361.689597 686361.6936315 686361.697666 686361.7017005 686361.705735 686361.70977 686361.7138045 686361.717839 686361.7218735 686361.725908 686361.7299425
154,686361.733977,84.72499996423721,1193,1196,0.393654918384286,0.6180534450119126,1.3245912861695455,0.9905900061130524,3d gaze,-19.96396243196351,-18.944809593245715,119.99363616626351,686361.733977 686361.7380115 686361.742046 686361.7460805 686361.750115 686361.7541495 686361.758184 686361.7622185 686361.766253 686361.7702875 686361.774322 686361.778357 686361.7823915 686361.786426 686361.7904604999 686361.794495 686361.7985295 686361.802564 686361.8065985 686361.810633 686361.8146675 686361.818702
155,686361.8227365001,153.31199998036027,1196,1200,0.4116511042685083,0.6035884372656986,1.4961076774001099,0.9929112425217261,3d gaze,-16.72683739820274,-17.667886574423267,122.93403730988456,686361.8227365001 686361.826771 686361.8308055 686361.83484 686361.8388745 686361.842909 686361.8469435 686361.850978 686361.8550125 686361.859047 686361.863082 686361.8671165 686361.871151 686361.8751855 686361.87922 686361.8832545 686361.887289 686361.8913235 686361.895358 686361.8993925 686361.903427 686361.9074615 686361.911496 686361.9155305 686361.919565 686361.9235995 686361.927634 686361.9316685 686361.935703 686361.9397375 686361.943772 686361.947807 686361.9518415 686361.955876 686361.9599105 686361.963945 686361.9679795001 686361.9720139999 686361.9760485
156,686362.181809,169.450500048697,1207,1212,0.47092121220527416,0.4863403649104075,1.3166441242696834,0.9613960343737935,3d gaze,-4.8463025700350615,-4.417619930505823,127.01332917052567,686362.181809 686362.185844 686362.1898785 686362.1939129999 686362.1979475 686362.201982 686362.2060165 686362.210051 686362.2140855 686362.21812 686362.2221545 686362.2261890001 686362.2302235 686362.234258 686362.2382925 686362.242327 686362.2463615 686362.250396 686362.2544305 686362.258465 686362.2624995 686362.2665339999 686362.2705685 686362.274603 686362.2786375 686362.282672 686362.2867065 686362.290741 686362.294776 686362.2988105 686362.302845 686362.3068794999 686362.310914 686362.3149485 686362.318983 686362.3230175 686362.327052 686362.3310865 686362.335121 686362.3391555 686362.34319 686362.347225 686362.3512595
157,686362.355294,129.1045000543818,1212,1216,0.46912368237068863,0.47782945823763806,1.2714940694316748,0.9605831937356428,3d gaze,-4.903526006506225,-3.2281471856019843,119.41405209525536,686362.355294 686362.3593285 686362.363363 686362.3673975 686362.371432 686362.3754665 686362.379501 686362.3835355 686362.38757 686362.3916045 686362.395639 686362.3996735 686362.403708 686362.4077425 686362.411777 686362.4158115 686362.419846 686362.4238805 686362.427915 686362.4319495 686362.435984 686362.4400185 686362.444053 686362.4480875 686362.452122 686362.4561565 686362.460191 686362.4642255 686362.46826 686362.472295 686362.4763295 686362.480364 686362.4843985001
158,686362.488433,185.58849999681115,1216,1221,0.47734455503888285,0.4743394796323481,1.307875447890604,0.9657860449019898,3d gaze,-3.1227666746877154,-2.695213603948206,112.96379232799465,686362.488433 686362.4924675 686362.496502 686362.5005365 686362.504571 686362.508606 686362.5126405 686362.516675 686362.5207095 686362.524744 686362.5287785 686362.532813 686362.5368475 686362.540882 686362.5449165 686362.548951 686362.5529855 686362.55702 686362.5610545 686362.565089 686362.5691235 686362.573158 686362.5771925 686362.581227 686362.5852615 686362.589296 686362.5933305 686362.597365 686362.6013995 686362.605434 686362.6094685 686362.613503 686362.6175375 686362.621572 686362.6256065 686362.629641 686362.6336755 686362.63771 686362.6417445 686362.645779 686362.649814 686362.6538485 686362.657883 686362.6619175 686362.665952 686362.6699870001 686362.6740215
159,686362.7305045,197.69149995408952,1223,1229,0.4301482787106731,0.49266488803857167,1.3356376858153318,0.9515595465898514,3d gaze,-13.490050170945114,-5.2867924957983465,129.3955380388798,686362.7305045 686362.734539 686362.7385735 686362.7426080001 686362.7466425 686362.750677 686362.7547115 686362.758746 686362.7627805 686362.766815 686362.7708495 686362.774884 686362.7789185001 686362.782953 686362.7869875 686362.791022 686362.7950565 686362.799091 686362.8031255 686362.80716 686362.8111945 686362.815229 686362.8192635 686362.8232985 686362.8273335 686362.831368 686362.8354025 686362.839437 686362.8434715 686362.847506 686362.8515405 686362.8555749999 686362.8596095 686362.863644 686362.8676785 686362.871713 686362.8757475 686362.879782 686362.8838165 686362.8878510001 686362.8918855 686362.89592 686362.8999545 686362.903989 686362.9080235 686362.912058 686362.9160925 686362.920127 686362.9241615 686362.9281959999
160,686362.9322305,217.8645000094548,1229,1236,0.44215964284292686,0.4989110394697936,1.123154823569324,0.950469571352005,3d gaze,-11.4475532085906,-6.273051280921468,134.93999309185392,686362.9322305 686362.936265 686362.9402995 686362.944334 686362.9483685 686362.952403 686362.9564375 686362.9604720001 686362.9645065 686362.968541 686362.9725755 686362.97661 686362.9806445 686362.984679 686362.9887135 686362.9927485 686362.996783 686363.0008175 686363.0048525 686363.008887 686363.0129215 686363.016956 686363.0209905 686363.025025 686363.0290595 686363.033094 686363.0371285 686363.041163 686363.0451975 686363.049232 686363.0532665 686363.057301 686363.0613355 686363.06537 686363.0694045 686363.0734389999 686363.0774735 686363.081508 686363.0855425 686363.089577 686363.0936115 686363.097646 686363.1016805 686363.1057150001 686363.1097495 686363.113784 686363.1178185 686363.121853 686363.1258875 686363.129922 686363.1339565 686363.137991 686363.1420255 686363.1460605001 686363.150095
161,686363.5212715,100.86250002495944,1247,1250,0.3304963107223714,0.5602351004226301,1.180638701928219,0.8435777379916265,3d gaze,-43.20768717771863,-16.63756353328384,157.3052036685835,686363.5212715 686363.525306 686363.5293405 686363.533375 686363.5374095 686363.541444 686363.5454785 686363.5495130001 686363.5535475 686363.557582 686363.5616165 686363.565651 686363.5696855 686363.57372 686363.5777545 686363.581789 686363.5858235 686363.5898579999 686363.5938925 686363.597927 686363.6019615 686363.605996 686363.6100305 686363.614065 686363.6180995 686363.6221340001
162,686363.682652,108.93200000282377,1251,1255,0.35865806543373896,0.5955737064988836,1.477202964509464,0.8745849462492126,3d gaze,-32.532047890098724,-19.860103974442545,143.7560052713474,686363.682652 686363.6866865 686363.690721 686363.6947555 686363.6987905 686363.702825 686363.7068595 686363.710894 686363.7149285 686363.718963 686363.7229975 686363.727032 686363.7310665 686363.7351009999 686363.7391355 686363.74317 686363.7472045 686363.751239 686363.7552735 686363.759308 686363.7633425 686363.7673770001 686363.7714115 686363.775446 686363.7794805 686363.783515 686363.7875495 686363.791584
163,686363.7956185,80.69099998101592,1255,1257,0.3617021593127607,0.5890494028000528,1.454301951714627,0.8785480275040581,3d gaze,-30.411819631380446,-18.19654952389419,137.96167510397035,686363.7956185 686363.7996535 686363.803688 686363.8077225001 686363.811757 686363.8157915 686363.819826 686363.8238605 686363.827895 686363.8319295 686363.835964 686363.8399985 686363.8440330001 686363.8480675 686363.852102 686363.8561365 686363.860171 686363.8642055 686363.86824 686363.8722745 686363.8763095
164,686363.9085855,217.8645000094548,1258,1265,0.3683263507190645,0.583414413278351,1.385570893981322,0.8701176908883181,3d gaze,-28.330956792314367,-17.107676992578853,135.6881397302275,686363.9085855 686363.91262 686363.9166545 686363.920689 686363.9247235 686363.928758 686363.9327925 686363.936827 686363.9408615 686363.9448965 686363.948931 686363.9529655001 686363.957 686363.9610345 686363.965069 686363.9691035 686363.973138 686363.9771725 686363.981207 686363.9852415 686363.989276 686363.9933104999 686363.997345 686364.0013795 686364.005414 686364.0094485 686364.013483 686364.0175175 686364.021552 686364.0255865001 686364.029621 686364.0336555 686364.03769 686364.0417245 686364.045759 686364.0497935 686364.053828 686364.0578625 686364.0618975 686364.065932 686364.0699665 686364.074001 686364.0780355 686364.08207 686364.0861045 686364.090139 686364.0941735 686364.098208 686364.1022425 686364.106277 686364.1103115 686364.1143465 686364.118381 686364.1224155 686364.12645
165,686364.2394165,96.82850004173815,1268,1271,0.3235061738065646,0.5963549991887074,1.4931244485572555,0.8740119683742523,3d gaze,-40.74238284132781,-19.898660062797916,141.24747091376298,686364.2394165 686364.243451 686364.2474855 686364.2515199999 686364.2555545 686364.259589 686364.2636235 686364.267658 686364.2716925 686364.2757275 686364.279762 686364.2837965 686364.287831 686364.2918655 686364.2959 686364.2999345 686364.303969 686364.3080035 686364.312038 686364.3160725 686364.320107 686364.3241415 686364.328176 686364.3322105 686364.336245
166,686364.3402795,108.93250000663102,1271,1274,0.31546398415873644,0.5880684578001275,1.2908062829166527,0.8894396083695548,3d gaze,-40.037814660261475,-17.626166396032293,132.22618952826696,686364.3402795 686364.344314 686364.3483485 686364.352383 686364.3564175 686364.360452 686364.3644865 686364.368521 686364.3725555 686364.37659 686364.3806245 686364.384659 686364.3886935 686364.392728 686364.3967625 686364.400797 686364.4048315 686364.4088665 686364.412901 686364.4169355 686364.42097 686364.4250045 686364.4290390001 686364.4330735 686364.4371085 686364.441143 686364.4451775 686364.449212
167,686364.8889745,84.72549996804446,1287,1290,0.31712387716891305,0.5742458269825254,1.3912664099465466,0.8937485908920114,3d gaze,-45.80706025067848,-18.35277249058814,153.00901111624202,686364.8889745 686364.893009 686364.8970435 686364.901078 686364.9051125 686364.9091469999 686364.913182 686364.9172165 686364.921251 686364.9252855 686364.92932 686364.933355 686364.9373895 686364.941424 686364.9454585 686364.949493 686364.9535275 686364.957562 686364.9615965 686364.965631 686364.9696655 686364.9737
168,686364.9777345,217.86400000564754,1290,1297,0.32221691755286297,0.5645737225945884,1.4101990000710747,0.8891082030755503,3d gaze,-43.22939188887946,-16.43393068584312,149.06703092178378,686364.9777345 686364.981769 686364.9858035 686364.989838 686364.9938725 686364.997907 686365.0019415 686365.005976 686365.0100105 686365.014045 686365.0180795 686365.022114 686365.0261485 686365.030183 686365.0342175 686365.038252 686365.0422865 686365.046321 686365.0503555 686365.05439 686365.0584245 686365.062459 686365.0664935 686365.070528 686365.074563 686365.0785975 686365.082632 686365.0866665 686365.090701 686365.0947354999 686365.09877 686365.1028045 686365.106839 686365.110874 686365.1149085 686365.118943 686365.1229775 686365.127012 686365.1310465 686365.135081 686365.1391155 686365.14315 686365.1471845 686365.151219 686365.1552535 686365.159288 686365.1633225 686365.167357 686365.1713915 686365.175426 686365.183495 686365.1875295 686365.191564 686365.1955985
169,686365.199633,96.8290000455454,1297,1300,0.33228165968607803,0.5722804083252222,1.3496859592026835,0.880911157131195,3d gaze,-36.97624942297516,-15.922251743852126,135.95467468436394,686365.199633 686365.2036675 686365.207702 686365.2117365 686365.215771 686365.2198055 686365.22384 686365.2278745 686365.231909 686365.235944 686365.2399785 686365.244013 686365.2480475 686365.252082 686365.2561165 686365.260151 686365.2641855 686365.26822 686365.2722545 686365.276289 686365.280324 686365.2843585 686365.288393 686365.2924275 686365.296462
170,686365.3004965,165.4155000578612,1300,1305,0.3204833270079249,0.5545706134741772,1.2611694959963706,0.8889320904300326,3d gaze,-33.136194895756,-11.404948195729764,113.26489965287647,686365.3004965 686365.304531 686365.3085655 686365.3126 686365.3166344999 686365.320669 686365.3247035 686365.328738 686365.3327725 686365.336807 686365.3408415 686365.344876 686365.3489105001 686365.352945 686365.3569795 686365.361014 686365.3650485 686365.369083 686365.3731175 686365.377152 686365.3811865 686365.385221 686365.3892554999 686365.39329 686365.397325 686365.4013595 686365.405394 686365.4094285 686365.413463 686365.4174975 686365.421532 686365.4255665 686365.429601 686365.4336355 686365.43767 686365.4417045 686365.445739 686365.4497735 686365.453808 686365.457843 686365.4618774999 686365.465912
171,686365.4699465,217.86400000564754,1305,1311,0.33017846955135266,0.5693318718125876,1.2262598281952382,0.8875468406412337,3d gaze,-32.084088513772116,-13.37815694208367,116.52468869808128,686365.4699465 686365.473981 686365.4780155 686365.48205 686365.4860845 686365.490119 686365.4941535 686365.4981879999 686365.5022225 686365.506257 686365.5102915 686365.514326 686365.5183605 686365.522395 686365.5264295 686365.530464 686365.5344984999 686365.538533 686365.5425675 686365.546602 686365.5506365 686365.554671 686365.558706 686365.5627405 686365.566775 686365.5708095001 686365.574844 686365.5788785 686365.582913 686365.5869475 686365.590982 686365.5950165 686365.599051 686365.6030855 686365.6071200001 686365.6111545 686365.615189 686365.6192235 686365.623258 686365.6272925 686365.631327 686365.635362 686365.6393965 686365.643431 686365.6515 686365.6555345 686365.659569 686365.6636035 686365.667638 686365.6716725 686365.675707 686365.6797415 686365.683776 686365.6878105
172,686365.691845,201.7264999449253,1311,1317,0.33186158568866425,0.5825677818680194,1.4166140153777496,0.9079264980905196,3d gaze,-39.093557304143786,-18.210333475421884,143.34784548181725,686365.691845 686365.6958795 686365.699914 686365.7039485 686365.707983 686365.712018 686365.7160525001 686365.720087 686365.7241215 686365.728156 686365.7321905 686365.736225 686365.7402595 686365.744294 686365.7483285 686365.752363 686365.7563974999 686365.760432 686365.7644665 686365.768501 686365.7725355 686365.77657 686365.7806045 686365.784639 686365.7886735001 686365.792708 686365.7967425 686365.800777 686365.804812 686365.8088465 686365.812881 686365.8169155 686365.82095 686365.8249845 686365.829019 686365.8330535 686365.837088 686365.8411225 686365.845157 686365.8491915 686365.853226 686365.8572605 686365.861295 686365.8653295 686365.869364 686365.8733985 686365.877433 686365.881468 686365.8855025 686365.889537 686365.8935715
173,686366.228437,145.2430000063032,1327,1332,0.3287644245847684,0.587458670261851,1.4209357604184343,0.903870539085285,3d gaze,-36.01634606871044,-17.04742476787653,129.3025115819915,686366.228437 686366.2324715 686366.236506 686366.2405405 686366.244575 686366.2486095 686366.252644 686366.2566785 686366.260713 686366.2647475 686366.268782 686366.2728165 686366.276851 686366.2808855 686366.28492 686366.2889545 686366.292989 686366.2970235 686366.301058 686366.3050925 686366.309127 686366.3131615 686366.317196 686366.3212305 686366.325265 686366.3292995 686366.333334 686366.337369 686366.3414035 686366.345438 686366.3494725 686366.353507 686366.357542 686366.3615765 686366.365611 686366.3696455 686366.37368
174,686366.470508,217.86500001326203,1335,1341,0.28736983342118094,0.534762311324989,1.4954384491989736,0.912067116390575,3d gaze,-48.688467039703994,-11.48269978121503,137.70193572610071,686366.470508 686366.4745425 686366.478577 686366.4826115 686366.4866460001 686366.4906805 686366.494715 686366.4987495 686366.502784 686366.5068185 686366.510853 686366.514888 686366.518923 686366.5229575 686366.5269919999 686366.5310265 686366.535061 686366.5390955 686366.54313 686366.5471645 686366.551199 686366.5552335 686366.559268 686366.5633024999 686366.567337 686366.5713715 686366.575406 686366.5794405 686366.583475 686366.5875095 686366.591544 686366.5955785 686366.5996129999 686366.6036475 686366.607682 686366.6117165 686366.615751 686366.6197855 686366.62382 686366.6278545 686366.631889 686366.6359234999 686366.639958 686366.6439925 686366.648027 686366.6520615 686366.656096 686366.6601305 686366.664165 686366.6681995 686366.6722345 686366.6762689999 686366.6803035 686366.6843385 686366.688373
175,686366.6924075,189.62249998003244,1341,1347,0.2889760996469624,0.5457297346958517,1.4931919467419783,0.8722552961359421,3d gaze,-48.68062012753856,-13.031591127315489,138.7610856362506,686366.6924075 686366.696442 686366.7004765 686366.704511 686366.7085455 686366.71258 686366.7166145 686366.720649 686366.7246835 686366.728718 686366.7327525 686366.736787 686366.7408215 686366.744856 686366.7488905 686366.752925 686366.7569595 686366.760994 686366.7650285 686366.769063 686366.7730975 686366.777132 686366.7811665 686366.785201 686366.7892355 686366.79327 686366.7973045 686366.801339 686366.8053735 686366.809408 686366.8134425 686366.817477 686366.8215115 686366.825546 686366.8295805 686366.833615 686366.8376495 686366.8416845 686366.845719 686366.8497535 686366.8537885 686366.857823 686366.8618575 686366.865892 686366.8699265 686366.873961 686366.8779955 686366.88203
176,686366.8860645,217.86400000564754,1347,1354,0.28921141879582035,0.5442800987146942,0.9605016545406531,0.8828041488474065,3d gaze,-48.68848530049043,-12.851738166086612,138.96348654870076,686366.8860645 686366.890099 686366.8941335 686366.898168 686366.9022025 686366.906237 686366.9102715 686366.914306 686366.9183405 686366.922375 686366.9264095 686366.930444 686366.9344785 686366.938513 686366.9425475 686366.946582 686366.9506165 686366.954651 686366.9586855 686366.96272 686366.9667545 686366.970789 686366.9748235 686366.978858 686366.9828925 686366.986927 686366.9909615 686366.994996 686366.9990305 686367.0030655 686367.0071 686367.0111345 686367.015169 686367.0192035 686367.023238 686367.0272725 686367.0313075 686367.035342 686367.0393765001 686367.043411 686367.0474455 686367.05148 686367.0555145 686367.059549 686367.0635835 686367.067618 686367.0716525 686367.0756870001 686367.0797215 686367.083756 686367.0877905 686367.091825 686367.0958595 686367.099894 686367.1039285
177,686367.107963,217.8645000094548,1354,1360,0.2879663888253,0.5410312733274215,0.93324178464365,0.8838602580807425,3d gaze,-48.30381311387211,-12.243740932834525,136.97320593837298,686367.107963 686367.1119975001 686367.116032 686367.1200665 686367.124101 686367.1281355 686367.13217 686367.1362045 686367.140239 686367.1442735 686367.1483080001 686367.1523425 686367.156377 686367.1604115 686367.1644465 686367.168481 686367.1725155 686367.17655 686367.1805845 686367.184619 686367.1886535 686367.192688 686367.1967225 686367.200757 686367.2047915 686367.2088265 686367.212861 686367.2168955 686367.22093 686367.2249644999 686367.228999 686367.2330335 686367.237068 686367.2411025 686367.245137 686367.2491715 686367.253206 686367.2572405 686367.2612749999 686367.2653095 686367.269344 686367.2733785 686367.277413 686367.2814475 686367.285482 686367.2895165 686367.293551 686367.2975854999 686367.30162 686367.3056545 686367.309689 686367.3137235 686367.317758 686367.3217925 686367.3258275
178,686367.4105525,80.69049997720867,1363,1365,0.3243955303747618,0.6298273268844126,1.3384948991145673,0.9149863492874872,3d gaze,-40.817514560874564,-24.48951276358606,141.4552238928958,686367.4105525 686367.414587 686367.4186215 686367.422656 686367.4266905 686367.430725 686367.4347595 686367.438794 686367.4428285 686367.446863 686367.4508975 686367.454932 686367.4589665 686367.463001 686367.4670355 686367.47107 686367.4751045 686367.4791395 686367.4831739999 686367.4872085 686367.491243
179,686367.539657,141.20850001927465,1367,1371,0.3103968595402844,0.6240436343913588,1.3270170917646626,0.9279983358250724,3d gaze,-32.01939337708319,-17.2499903649558,102.10688289705118,686367.539657 686367.5436915 686367.547726 686367.5517605 686367.5557949999 686367.5598295 686367.563864 686367.5678985 686367.5719335 686367.575968 686367.5800025 686367.584037 686367.5880715 686367.592106 686367.5961405 686367.600175 686367.6042095 686367.608244 686367.6122785 686367.616313 686367.6203475 686367.624382 686367.6284165 686367.632451 686367.6364855 686367.64052 686367.6445545 686367.6485895 686367.652624 686367.6566585 686367.660693 686367.6647274999 686367.668762 686367.6727965 686367.676831 686367.6808655
180,686367.6849,217.8645000094548,1371,1377,0.3247861493958088,0.6301673440877864,1.0192322551956128,0.942306340824474,3d gaze,-31.85247452867671,-19.246413665367044,110.78088463673052,686367.6849 686367.6889345 686367.692969 686367.6970035 686367.7010379999 686367.7050725 686367.709107 686367.7131415 686367.717176 686367.7212105 686367.725245 686367.7292795 686367.733314 686367.7373484999 686367.7413835 686367.745418 686367.7494525 686367.753487 686367.7575215 686367.761556 686367.7655905 686367.769625 686367.7736595001 686367.777694 686367.7817285 686367.785763 686367.7897975 686367.793832 686367.7978665 686367.8019015 686367.805936 686367.8099705 686367.814005 686367.8180395 686367.822074 686367.8261085 686367.830143 686367.8341775 686367.838212 686367.8422465 686367.846281 686367.8503155 686367.85435 686367.8583845 686367.862419 686367.8664535 686367.870488 686367.8745225 686367.878557 686367.8825915 686367.886626 686367.8906605 686367.894695 686367.8987295 686367.9027645
181,686368.1811465,80.68999997340143,1386,1388,0.3648365142308312,0.6643805466334664,1.3104939167044083,0.8616669684648514,3d gaze,-32.65056105122571,-30.69391134389874,150.2337999691435,686368.1811465 686368.185181 686368.1892155 686368.19325 686368.1972845 686368.201319 686368.209388 686368.2134225 686368.2174569999 686368.2214915 686368.225526 686368.2295605 686368.233595 686368.2376295 686368.241664 686368.2456985 686368.2497330001 686368.2537675 686368.257802 686368.2618365
182,686368.338493,141.20850001927465,1390,1395,0.33102618696863917,0.6361491608071309,1.3500306675110971,0.9105743550591998,3d gaze,-34.3159918930857,-22.20990480606203,124.15207645909862,686368.338493 686368.3425275 686368.346562 686368.3505965 686368.354631 686368.3586655 686368.3626999999 686368.3667345 686368.370769 686368.3748035 686368.378838 686368.3828725 686368.386907 686368.3909415 686368.3949760001 686368.3990105 686368.403045 686368.4070795 686368.411114 686368.4151485 686368.419183 686368.4232175 686368.427252 686368.4312865 686368.4353209999 686368.4393555 686368.4433905 686368.4474255 686368.45146 686368.4554945 686368.459529 686368.4635635 686368.467598 686368.4716325 686368.475667 686368.4797015
183,686369.008224,217.86400000564754,1410,1417,0.3142911063828797,0.48894914963855274,1.4577889088128633,0.9267858927900141,3d gaze,-42.27307111530425,-5.398204659104522,139.70477313495732,686369.008224 686369.0122585 686369.016293 686369.0203275 686369.0243619999 686369.0283965 686369.032431 686369.0364655 686369.0405 686369.0445345 686369.048569 686369.0526035 686369.0566380001 686369.0606725 686369.064707 686369.0687415 686369.072776 686369.0768105 686369.080845 686369.08488 686369.0889145 686369.092949 686369.0969835 686369.101018 686369.1050525 686369.109087 686369.1131215 686369.117156 686369.1211905 686369.125225 686369.1292595 686369.133294 686369.137329 686369.1413635 686369.145398 686369.1494325 686369.153467 686369.1575015 686369.161536 686369.1655705 686369.169605 686369.1736395 686369.177674 686369.1817085 686369.185743 686369.1897775 686369.193812 686369.1978465 686369.201881 686369.2059155 686369.20995 686369.2139845 686369.218019 686369.2220535 686369.226088
184,686369.2301225,104.89800001960248,1417,1420,0.32838398842220123,0.5018965054232706,1.445415970327778,0.9058853111885212,3d gaze,-41.49052569621921,-7.584689714854546,149.6971187136119,686369.2301225 686369.234157 686369.2381915 686369.242226 686369.246261 686369.2502955 686369.25433 686369.2583645 686369.262399 686369.2664335 686369.270468 686369.2745025 686369.278537 686369.2825714999 686369.286606 686369.2906405 686369.294675 686369.2987095 686369.302744 686369.3067785 686369.310813 686369.314848 686369.3188825 686369.322917 686369.3269515 686369.330986 686369.3350205
185,686369.3592275,141.20850001927465,1421,1425,0.32424939232949235,0.5357923634281012,1.3571383970204147,0.9078842575351397,3d gaze,-42.2646262154257,-12.251068088501832,148.10224198200063,686369.3592275 686369.363262 686369.3672965 686369.371331 686369.3753655 686369.3794 686369.3834345 686369.387469 686369.3915035 686369.395538 686369.3995725 686369.403607 686369.407642 686369.4116765 686369.415711 686369.4197455 686369.42378 686369.4278144999 686369.431849 686369.4358835 686369.439918 686369.4439525 686369.447987 686369.4520215 686369.456056 686369.4600905001 686369.4641249999 686369.4681595 686369.472194 686369.4762285 686369.480263 686369.4842975 686369.488332 686369.492367 686369.4964015 686369.5004360001
186,686369.5044705,112.96649998985231,1425,1429,0.333654537700924,0.5480039446530565,0.8279040263818939,0.9022464690537289,3d gaze,-42.85210137370869,-14.995772667777453,159.44047017722178,686369.5044705 686369.508505 686369.5125395 686369.516574 686369.5206085 686369.524643 686369.5286775 686369.532712 686369.5367465 686369.5407809999 686369.5448155 686369.54885 686369.5528845 686369.556919 686369.5609535 686369.564988 686369.569023 686369.5730575 686369.577092 686369.5811265 686369.585161 686369.5891955 686369.59323 686369.5972645 686369.601299 686369.6053335 686369.609368 686369.6134025 686369.617437
187,686369.6295405,145.2430000063032,1429,1433,0.3122411009511491,0.5626642128969399,1.2784549252528712,0.8753435257318858,3d gaze,-44.28103040462941,-15.68492046687939,143.93194800971483,686369.6295405 686369.633575 686369.6376095 686369.641644 686369.6456785 686369.649713 686369.6537475 686369.657782 686369.6618165 686369.665851 686369.669886 686369.6739205 686369.677955 686369.6819895 686369.6860239999 686369.6900585 686369.694093 686369.6981275 686369.702162 686369.7061965 686369.710231 686369.7142655 686369.7183000001 686369.7223345 686369.726369 686369.7304035 686369.734438 686369.738473 686369.7425075 686369.746542 686369.7505765 686369.754611 686369.7586455 686369.76268 686369.7667145 686369.770749 686369.7747835
188,686369.778818,165.4154999414459,1433,1438,0.3260851601653909,0.5638820264705666,1.1236606120092942,0.896664023399353,3d gaze,-41.01540066152208,-15.891242346493552,145.02888157051862,686369.778818 686369.7828525 686369.786887 686369.7909215 686369.794956 686369.7989904999 686369.803025 686369.8070595 686369.811094 686369.8151285 686369.819163 686369.8231975 686369.827232 686369.8312665 686369.835301 686369.8393355 686369.84337 686369.847405 686369.8514395 686369.855474 686369.8595085 686369.863543 686369.8675775 686369.871612 686369.8756465 686369.879681 686369.883716 686369.8877505 686369.891785 686369.8958195 686369.899854 686369.9038885001 686369.907923 686369.9119575 686369.915992 686369.9200265 686369.924061 686369.9280955 686369.93213 686369.9361645 686369.940199 686369.9442334999
189,686370.0007165,88.759999955073,1440,1443,0.26640847935958617,0.5487656699147299,1.4498378662201716,0.9204419993835947,3d gaze,-53.56387093301305,-13.321453604010166,135.71369564652292,686370.0007165 686370.004751 686370.0087855 686370.01282 686370.016855 686370.0208895 686370.024924 686370.0289585 686370.032993 686370.0370275 686370.041062 686370.0450965 686370.049131 686370.0531659999 686370.0572005 686370.061235 686370.0652695 686370.069304 686370.0733385 686370.077373 686370.0814075 686370.085442 686370.0894764999
190,686370.1217525001,80.69049997720867,1444,1446,0.2751520649987909,0.5580660754104911,1.4364055306902905,0.9107017531281426,3d gaze,-53.38324298968233,-15.088826542474862,141.31882979403704,686370.1217525001 686370.125787 686370.1298215 686370.133856 686370.1378905 686370.141925 686370.1459595 686370.149994 686370.1540285 686370.158063 686370.1620974999 686370.166132 686370.1701665 686370.174201 686370.1782355 686370.18227 686370.1863045 686370.190339 686370.194374 686370.1984085001 686370.202443
191,686370.214547,133.13850003760308,1446,1450,0.2651738569326094,0.609437362962098,1.3356898778878592,0.9386738363434287,3d gaze,-56.65997888761287,-22.437813577406317,141.5967220010146,686370.214547 686370.2185815 686370.222616 686370.2266505 686370.230685 686370.2347195 686370.238754 686370.2427885 686370.246823 686370.2508575 686370.254892 686370.2589265 686370.262961 686370.2669955 686370.27103 686370.2750645 686370.279099 686370.2831335 686370.287168 686370.2912025 686370.295237 686370.2992715 686370.303306 686370.3073405 686370.311375 686370.3154095 686370.319444 686370.3234785 686370.327513 686370.3315475 686370.335582 686370.3396165 686370.343651 686370.3476855
192,686370.3557545,137.1740000322461,1451,1455,0.250537714293138,0.6009492986224976,1.3544103595647636,0.9441658105169024,3d gaze,-55.717292335485155,-19.65488579544442,129.7459430641376,686370.3557545 686370.359789 686370.363824 686370.3678585 686370.371893 686370.375928 686370.3799625 686370.383997 686370.3880315 686370.392066 686370.3961005 686370.400135 686370.4041695 686370.408204 686370.4122385 686370.416273 686370.4203075 686370.424342 686370.4283765 686370.432411 686370.4364455 686370.44048 686370.4445145 686370.448549 686370.4525835 686370.456618 686370.4606525 686370.464687 686370.4687215 686370.472756 686370.4767905 686370.480825 686370.4848595 686370.488894 686370.4929285
193,686370.496963,181.55349988956004,1455,1460,0.2626285837041783,0.6175184988053497,1.4182864982277246,0.951798299084539,3d gaze,-48.92539722161144,-20.11546382193486,120.57560667163196,686370.496963 686370.5009975 686370.505032 686370.5090665 686370.513101 686370.5171355 686370.52117 686370.5252045 686370.529239 686370.5332735 686370.5373085 686370.541343 686370.5453775 686370.5494125 686370.553447 686370.5574815 686370.561516 686370.5655505001 686370.569585 686370.5736195 686370.577654 686370.5816885 686370.585723 686370.5897575 686370.593792 686370.5978265 686370.601861 686370.6058954999 686370.60993 686370.6139645 686370.617999 686370.6220335 686370.626068 686370.6301025 686370.634137 686370.6381715001 686370.642206 686370.6462405 686370.650275 686370.6543095 686370.658344 686370.6623785 686370.666413 686370.6704475 686370.6744820001 686370.6785164999
194,686370.8600705,80.69049997720867,1466,1468,0.3011760380135168,0.6389339162711073,1.3490771189364565,0.9611132797740755,3d gaze,-38.00583404839424,-21.098618360955328,114.53601934663418,686370.8600705 686370.8641049999 686370.8681395 686370.872174 686370.8762085 686370.880243 686370.8842775 686370.888312 686370.8923465 686370.896381 686370.9004155 686370.9044505 686370.908485 686370.9125195 686370.916554 686370.9205885 686370.924623 686370.9286575001 686370.932692 686370.9367265 686370.940761
195,686370.9932095,185.58849999681115,1470,1475,0.4014756884086509,0.6436662733660646,1.4694130303872799,1.0,3d gaze,-21.04163191663311,-24.93457693492813,136.92292164984352,686370.9932095 686370.997244 686371.0012785001 686371.005313 686371.0093475 686371.0133825 686371.017417 686371.0214515 686371.025486 686371.0295205 686371.033555 686371.0375895 686371.0416240001 686371.0456585 686371.049693 686371.0537275 686371.057762 686371.0617965 686371.065831 686371.0698655 686371.0739005 686371.077935 686371.0819695 686371.086004 686371.0900385 686371.094073 686371.0981075 686371.102142 686371.1061765 686371.110211 686371.1142455 686371.11828 686371.1223145 686371.126349 686371.1303835 686371.134418 686371.1384525 686371.142487 686371.1465215 686371.150556 686371.1545905 686371.158625 686371.1626595 686371.166694 686371.1707285 686371.1747635 686371.178798
196,686371.1828325,209.79500003159046,1475,1481,0.41349970375041056,0.6580228762471884,1.1960862104520924,0.9999224487340675,3d gaze,-18.93271061590184,-27.621480113907637,141.3819971252836,686371.1828325 686371.1868670001 686371.1909014999 686371.194936 686371.1989705 686371.203005 686371.2070395 686371.211074 686371.2151085 686371.219143 686371.2231775 686371.2272119999 686371.2312465 686371.235281 686371.2393155 686371.24335 686371.2473845 686371.2514195 686371.255454 686371.2594885 686371.2635230001 686371.2675574999 686371.271592 686371.2756265 686371.279661 686371.2836955 686371.28773 686371.2917645 686371.295799 686371.2998335001 686371.303868 686371.3079025 686371.311937 686371.3159715 686371.320006 686371.3240405 686371.328075 686371.3321095 686371.3361445 686371.340179 686371.3442135 686371.348248 686371.3522825 686371.356317 686371.3603515 686371.364386 686371.3684205 686371.372455 686371.3764895 686371.380524 686371.3845585 686371.388593 686371.3926275
197,686371.396662,217.8645000094548,1482,1488,0.40592552599411286,0.6355969168673199,0.9418496496921984,1.0,3d gaze,-19.351654537088123,-23.064255792210243,132.4272246637304,686371.396662 686371.4006965 686371.4047310001 686371.4087655 686371.4128 686371.4168345 686371.4208695 686371.424904 686371.4289385 686371.432973 686371.4370075 686371.441042 686371.4450765001 686371.449111 686371.4531455 686371.45718 686371.4612145 686371.465249 686371.4692835 686371.473318 686371.4773525 686371.481387 686371.4854214999 686371.489456 686371.4934905 686371.4975255 686371.50156 686371.5055945 686371.509629 686371.5136635 686371.517698 686371.5217325 686371.5257669999 686371.5298015 686371.533836 686371.5378705 686371.541905 686371.5459395 686371.549974 686371.5540085 686371.558043 686371.5620775 686371.566112 686371.5701465 686371.574181 686371.5782155 686371.58225 686371.5862845 686371.590319 686371.5943535 686371.5983885 686371.602423 686371.6064575 686371.610492 686371.6145265
198,686371.6468025,217.8645000094548,1489,1496,0.39284845673064034,0.6051442796258145,1.3941916056700188,0.996526207707145,3d gaze,-21.78379647655897,-18.946277658493102,129.95576514811674,686371.6468025 686371.6508375 686371.654872 686371.6589065 686371.662941 686371.6669755001 686371.6710099999 686371.6750445 686371.679079 686371.6831135 686371.687148 686371.6911825 686371.695217 686371.6992515 686371.7032860001 686371.7073205 686371.711355 686371.7153895 686371.719424 686371.7234585 686371.727493 686371.7315275 686371.735562 686371.7395965001 686371.7436309999 686371.7476655 686371.7517 686371.7557345 686371.759769 686371.7638035 686371.767838 686371.7718725 686371.7759075 686371.779942 686371.7839765 686371.788011 686371.7920455 686371.79608 686371.8001145 686371.804149 686371.8081835 686371.812218 686371.8162525 686371.8202875 686371.824322 686371.8283565 686371.832391 686371.8364255 686371.84046 686371.8444945 686371.8485290001 686371.8525634999 686371.856598 686371.8606325 686371.864667
199,686371.8687015,84.72499996423721,1496,1498,0.38770713825744774,0.60579701530218,0.9220863009361243,0.9887066618962721,3d gaze,-25.20042108879726,-20.922743583060004,142.83492681127115,686371.8687015 686371.872736 686371.8767705 686371.880805 686371.8848395 686371.8888739999 686371.8929085 686371.896943 686371.9009775 686371.905012 686371.9090465 686371.913081 686371.9171155 686371.9211500001 686371.9251844999 686371.929219 686371.9332535 686371.937288 686371.9413225 686371.945357 686371.9493915 686371.9534265
200,686372.042186,137.1739999158308,1501,1505,0.28821425315765126,0.5551668241574427,1.4696156150673634,0.913283315726689,3d gaze,-50.85260945847742,-14.879391718345083,144.2910344263837,686372.042186 686372.0462205 686372.050255 686372.0542895 686372.058324 686372.0623585 686372.0663930001 686372.0704275 686372.074462 686372.0784965 686372.082531 686372.0865655 686372.0906 686372.0946345 686372.098669 686372.1027035 686372.106738 686372.1107725 686372.114807 686372.1188415 686372.122876 686372.1269105 686372.1309455 686372.13498 686372.1390145 686372.1430495 686372.147084 686372.1511185 686372.155153 686372.1591875 686372.163222 686372.1672565 686372.171291 686372.1753255 686372.17936
201,686372.1833945,80.68999997340143,1505,1508,0.3010001751854357,0.5590153696946084,1.1319260775919042,0.9157253092243558,3d gaze,-52.059664384717465,-16.808427122104877,158.42983491723245,686372.1833945 686372.1874289999 686372.1914635 686372.195498 686372.1995325 686372.203567 686372.2076015 686372.211636 686372.2156705 686372.219705 686372.2237395 686372.227774 686372.2318085 686372.235843 686372.2398775 686372.243912 686372.2479465 686372.251981 686372.2560155 686372.2600499999 686372.2640845
202,686372.389155,121.03600008413196,1511,1515,0.3568452066106063,0.44213220909348017,1.4105187888436355,0.899179030810633,3d gaze,-42.03650850421947,1.02318450380503,185.2366569802888,686372.389155 686372.3931895 686372.397224 686372.4012585001 686372.4052929999 686372.4093275 686372.413362 686372.4173965 686372.421431 686372.4254655 686372.4295 686372.4335345 686372.4375690001 686372.4416035 686372.445638 686372.4496725 686372.453707 686372.457742 686372.4617765 686372.465811 686372.4698455001 686372.47388 686372.4779149999 686372.4819495 686372.485984 686372.4900185 686372.494053 686372.4980875 686372.502122 686372.5061565 686372.5101910001
203,686372.5142254999,100.86250002495944,1515,1518,0.362397945283738,0.4370895899877857,1.485282083951864,0.9045884712384298,3d gaze,-39.816279033256826,1.8408852453344688,183.08398032695354,686372.5142254999 686372.51826 686372.5222945 686372.526329 686372.5303635 686372.534398 686372.5384325 686372.542467 686372.5465015 686372.5505359999 686372.5545705 686372.558605 686372.5626395 686372.566674 686372.5707085 686372.574743 686372.5787775 686372.5828120001 686372.5868464999 686372.590881 686372.5949155 686372.59895 686372.6029845 686372.607019 686372.6110535 686372.615088
204,686372.619123,169.45000004488975,1518,1523,0.35331348565381043,0.4285911701433931,1.2816028396373753,0.8808932879636454,3d gaze,-41.07562033756046,3.1973014630763523,176.12706921315677,686372.619123 686372.6231575 686372.627192 686372.6312265 686372.635261 686372.6392955 686372.64333 686372.647365 686372.6513995 686372.6554340001 686372.6594685 686372.663503 686372.6675375 686372.671572 686372.6756065 686372.679641 686372.6836755 686372.68771 686372.6917445 686372.695779 686372.6998135 686372.703848 686372.7078825 686372.711917 686372.7159515 686372.719986 686372.7240205 686372.7280550001 686372.7320895 686372.736124 686372.7401585 686372.744193 686372.7482275 686372.752262 686372.7562965 686372.760331 686372.7643655 686372.7684 686372.7724345 686372.776469 686372.780504 686372.7845385 686372.788573
205,686372.7926075,129.10449993796647,1523,1527,0.335989242231958,0.42885195340767956,1.41523445863757,0.910122272643176,3d gaze,-45.2610339318301,3.0532691892250594,171.68707647289096,686372.7926075 686372.796642 686372.8006765 686372.8047110001 686372.8087454999 686372.81278 686372.8168145 686372.820849 686372.824884 686372.8289185 686372.832953 686372.8369875 686372.841022 686372.8450565 686372.8490909999 686372.8531255 686372.85716 686372.8611945 686372.865229 686372.8692635 686372.873298 686372.8773325 686372.881367 686372.8854015 686372.889436 686372.8934705 686372.897505 686372.9015395 686372.905574 686372.9096085 686372.913643 686372.9176775 686372.9217119999
206,686373.015761,185.5879999930039,1530,1535,0.3846270766048309,0.4671729770447765,0.3216859121901394,0.9360917881131172,3d gaze,-123.75532394704038,-12.09500964625416,688.436807905684,686373.015761 686373.02383 686373.031899 686373.039968 686373.048037 686373.056106 686373.064175 686373.072244 686373.080313 686373.088382 686373.096452 686373.104521 686373.11259 686373.120659 686373.128728 686373.136797 686373.144866 686373.152935 686373.161004 686373.169073 686373.177142 686373.185211 686373.19328 686373.201349
207,686373.2243015,80.69049997720867,1536,1539,0.3187266200367803,0.40947782080184136,1.4784919578326527,0.9002151113464718,3d gaze,-57.67949045636781,7.141071207849841,195.7766396888966,686373.2243015 686373.228336 686373.2323705 686373.236405 686373.2404395 686373.2444740001 686373.2485085 686373.252543 686373.2565775 686373.260612 686373.264647 686373.2686815 686373.272716 686373.2767505001 686373.280785 686373.2848195 686373.288854 686373.2928885 686373.296923 686373.3009575 686373.304992
208,686373.3332335,80.69049997720867,1539,1542,0.32618520319611466,0.38331707839191786,1.3860105327826315,0.916281596535728,3d gaze,-57.645758176936354,12.479870771036868,204.89605152736775,686373.3332335 686373.337268 686373.3413025 686373.345337 686373.349372 686373.3534065 686373.357441 686373.3614755 686373.36551 686373.3695445 686373.373579 686373.3776135 686373.381648 686373.3856825 686373.3897170001 686373.3937514999 686373.397786 686373.4018205 686373.405855 686373.4098895 686373.413924
209,686373.551098,121.03549996390939,1546,1550,0.4055730944431427,0.36952393260244615,1.4360714194502464,0.8364725750068138,3d gaze,-33.0014803702913,16.44231016253016,228.16202460626513,686373.551098 686373.5551325 686373.559167 686373.5632015 686373.567236 686373.5712705 686373.575305 686373.5833745 686373.587409 686373.5914435 686373.595478 686373.5995125 686373.603547 686373.6075815 686373.6116160001 686373.6156504999 686373.6237195 686373.627754 686373.6317885 686373.635823 686373.6398575 686373.643892 686373.6479265001 686373.6519609999 686373.6559955 686373.66003 686373.6640645 686373.668099 686373.6721335
210,686373.676168,193.65699996706098,1550,1555,0.3954598064443094,0.36207840383935935,1.4358260762750874,0.8629221798231205,3d gaze,-34.17397734745222,16.70594072108912,211.06705744734734,686373.676168 686373.6802025 686373.6842370001 686373.6882714999 686373.692306 686373.6963405 686373.700375 686373.70441 686373.7084445 686373.712479 686373.7165135 686373.720548 686373.7245825 686373.7286169999 686373.732652 686373.7366865 686373.740721 686373.7447555 686373.74879 686373.7528245 686373.756859 686373.7608935 686373.764928 686373.7689625 686373.772997 686373.7770315 686373.781066 686373.7851005 686373.789135 686373.7931695001 686373.797204 686373.8012385 686373.805273 686373.8093075 686373.813342 686373.8173765 686373.821411 686373.8254455 686373.82948 686373.8335145 686373.8415835 686373.845618 686373.8496525 686373.853687 686373.8577215 686373.861756 686373.8657905001 686373.869825
211,686373.8738595,133.13949992880225,1556,1560,0.39718041214236555,0.3415093179078499,1.411387687215725,0.8661507113891489,3d gaze,-33.53709839561473,20.681280912829617,210.511969210058,686373.8738595 686373.877894 686373.881929 686373.8859635 686373.889998 686373.8940325 686373.898067 686373.902102 686373.9061365 686373.910171 686373.9142054999 686373.91824 686373.9222745 686373.926309 686373.9303435 686373.934378 686373.9384125001 686373.942447 686373.9464815 686373.950516 686373.9545505 686373.958585 686373.9626195 686373.966654 686373.9706885 686373.974723 686373.9787575 686373.982792 686373.9868264999 686373.990861 686373.9948955 686373.99893 686374.0029645 686374.006999
212,686374.0110335001,217.86449989303946,1560,1566,0.3938047871950302,0.3711572675193311,1.2922121141034357,0.8468269380656156,3d gaze,-33.608495022753885,14.476913904693863,204.1355544248813,686374.0110335001 686374.015068 686374.0191025 686374.023137 686374.0271715 686374.031206 686374.0352405 686374.039275 686374.0433095 686374.047344 686374.0513785 686374.055413 686374.059448 686374.063483 686374.0675175 686374.071552 686374.0755865 686374.079621 686374.0836555 686374.08769 686374.0917245001 686374.095759 686374.0997935 686374.103828 686374.1078625 686374.111897 686374.1159315 686374.119966 686374.1240005 686374.1280350001 686374.1320694999 686374.136104 686374.1401385 686374.144173 686374.1482075 686374.152242 686374.1562765 686374.160311 686374.1643455001 686374.16838 686374.1724145 686374.176449 686374.1804835 686374.184518 686374.1885525 686374.192587 686374.1966215 686374.2006560001 686374.2046904999 686374.208725 686374.2127595 686374.216794 686374.2208285 686374.2248635 686374.228898
213,686374.2450365,165.4154999414459,1567,1572,0.39893038933944625,0.3689067763132163,0.5846293653590385,0.8483887576475376,3d gaze,-34.37895518632831,16.02816877206018,220.16557860105587,686374.2450365 686374.249071 686374.2531055 686374.25714 686374.2611745 686374.265209 686374.2692435 686374.2732780001 686374.2773124999 686374.281347 686374.2853815 686374.289416 686374.2934505 686374.297485 686374.3015195 686374.3095885 686374.3136229999 686374.3176575 686374.321692 686374.3257265 686374.329761 686374.3337955 686374.33783 686374.3418645 686374.3458990001 686374.3499334999 686374.353968 686374.3580025 686374.362037 686374.3660715 686374.370106 686374.3741405 686374.378175 686374.3822095001 686374.3862445 686374.3902789999 686374.3943135 686374.398348 686374.4023825 686374.4064175 686374.410452
214,686374.4306245,117.00099997688085,1572,1576,0.394034293197541,0.3788179643904526,1.251285653306274,0.8522324651479721,3d gaze,-35.41753829945773,13.745022858074003,215.6469949014236,686374.4306245 686374.434659 686374.4386935 686374.442728 686374.4467625 686374.450797 686374.4548315001 686374.458866 686374.4629005 686374.466935 686374.4709695 686374.475004 686374.4790385 686374.483073 686374.4871075 686374.491142 686374.4951765 686374.499211 686374.5032455 686374.50728 686374.5113145 686374.515349 686374.5193835 686374.523418 686374.5274525001 686374.531487 686374.5355215 686374.539556 686374.5435905 686374.5476255
215,686374.55166,153.31149997655302,1576,1580,0.395324428231136,0.3995384747254575,1.3404296049107562,0.8352314463028541,3d gaze,-34.91387317728694,9.633628831272102,215.80992713741912,686374.55166 686374.5556945 686374.559729 686374.5637635 686374.5677980001 686374.5718324999 686374.575867 686374.5799015 686374.5839365 686374.587971 686374.5920055 686374.59604 686374.6000745001 686374.604109 686374.6081435 686374.612178 686374.6162125 686374.620247 686374.6242815 686374.628316 686374.6323505 686374.636385 686374.6404195 686374.644454 686374.6484884999 686374.652523 686374.6565575 686374.660592 686374.6646265 686374.668661 686374.6726955001 686374.67673 686374.6807645 686374.684799 686374.6888335 686374.692868 686374.6969025 686374.700937 686374.7049715
216,686374.7090065,217.86400000564754,1580,1587,0.37552843642578665,0.40183845886418373,1.2130657468446717,0.8406132698059082,3d gaze,-36.75843954922288,8.044930848550452,188.26874190262694,686374.7090065 686374.7130410001 686374.7170754999 686374.72111 686374.7251445 686374.729179 686374.7332135 686374.737248 686374.7412825 686374.745317 686374.7493515001 686374.7533865001 686374.757421 686374.7614555 686374.76549 686374.7695245 686374.773559 686374.7775935 686374.781628 686374.7856625 686374.7896970001 686374.7937314999 686374.797766 686374.8018005 686374.805835 686374.8098695 686374.813904 686374.8179385 686374.821973 686374.8260075 686374.830042 686374.8340765 686374.838111 686374.8421455 686374.84618 686374.8502145 686374.854249 686374.8582835 686374.8623185 686374.866353 686374.8703875 686374.874422 686374.8784565 686374.882491 686374.8865255 686374.89056 686374.8945945 686374.898629 686374.9026635 686374.9066979999 686374.9107325 686374.914767 686374.9188015 686374.922836 686374.9268705
217,686374.9309055,189.62249998003244,1587,1593,0.3735736546628734,0.40149222349922725,1.474965527359237,0.8767919838428497,3d gaze,-37.145159556794404,8.062782255725311,187.1620640030022,686374.9309055 686374.9349400001 686374.9389744999 686374.943009 686374.9470435 686374.951078 686374.9551125 686374.959147 686374.9631815 686374.967216 686374.9712505001 686374.9752849999 686374.9793195 686374.983354 686374.9873885 686374.991423 686374.9954575 686374.999492 686375.0035265 686375.0075610001 686375.0115954999 686375.01563 686375.0196645 686375.0236995 686375.027734 686375.0317685 686375.035803 686375.0398375 686375.043872 686375.0479065 686375.0519409999 686375.0559755 686375.06001 686375.0640445 686375.068079 686375.0721135 686375.0761480001 686375.0801825 686375.084217 686375.0882515 686375.092286 686375.0963205 686375.100355 686375.1043895 686375.1084245 686375.112459 686375.1164935001 686375.1205279999
218,686375.1245625,217.86400000564754,1593,1599,0.35511777815250084,0.393850568643434,1.4064952352195135,0.8888530660759318,3d gaze,-38.12577907383482,8.329378997877038,165.59384426594661,686375.1245625 686375.128597 686375.1326315 686375.136666 686375.1407005 686375.144735 686375.1487695 686375.152804 686375.1568384999 686375.160873 686375.1649075 686375.168942 686375.1729765 686375.177011 686375.1810455 686375.1850805 686375.189115 686375.1931495001 686375.1971839999 686375.2012185 686375.205253 686375.2092875 686375.213322 686375.2173565 686375.221391 686375.2254255 686375.2294600001 686375.2334944999 686375.237529 686375.2415635 686375.245598 686375.2496325 686375.253667 686375.2577015 686375.261736 686375.2657705001 686375.2698049999 686375.2738395 686375.277874 686375.2819085 686375.2859435 686375.289978 686375.2940125 686375.298047 686375.3020815 686375.306116 686375.3101504999 686375.314185 686375.3182195 686375.322254 686375.3262885 686375.330323 686375.3343575001 686375.338392 686375.3424265
219,686375.3464615,189.62249998003244,1599,1605,0.35442701408911165,0.4004166244727773,1.078688868797059,0.8685491320987543,3d gaze,-37.83774396416607,7.245971922048132,163.521506934747,686375.3464615 686375.350496 686375.3545305 686375.358565 686375.3625995 686375.366634 686375.3706685 686375.3747030001 686375.3787374999 686375.382772 686375.3868065 686375.390841 686375.3948755 686375.39891 686375.4029445 686375.406979 686375.4110135001 686375.4150479999 686375.4190825 686375.423117 686375.4271515 686375.431186 686375.4352205 686375.439255 686375.4432895 686375.4473240001 686375.4513584999 686375.455393 686375.4594275 686375.4634625 686375.467497 686375.4715315 686375.475566 686375.4796005 686375.483635 686375.4876695 686375.491704 686375.4957385 686375.4997735 686375.503808 686375.5078425 686375.511877 686375.5159115 686375.5199460001 686375.5239805 686375.528015 686375.5320495 686375.536084
220,686375.600636,84.72549996804446,1607,1610,0.38762988188565967,0.4023789800315525,1.4510538184099526,0.8631500994617288,3d gaze,-32.85655284238993,7.9332471747532685,188.12473890932918,686375.600636 686375.6046705 686375.608705 686375.6127395 686375.616774 686375.6208085 686375.624843 686375.6288775001 686375.632912 686375.6369465 686375.6409815 686375.645016 686375.6490505 686375.653085 686375.6571195 686375.661154 686375.6651885 686375.6692235 686375.673258 686375.6772925 686375.681327 686375.6853615
221,686375.7136029999,157.34650008380413,1610,1615,0.3811365159683363,0.38442361944069214,1.4044168540287276,0.8564828164875508,3d gaze,-45.0213272357779,14.272951336503562,242.67904334462455,686375.7136029999 686375.7176375 686375.721672 686375.7257065 686375.729741 686375.7337755 686375.7378100001 686375.7418445 686375.745879 686375.7499135 686375.753948 686375.7579825 686375.762017 686375.7660515 686375.770086 686375.7741205 686375.778155 686375.7821895 686375.7862239999 686375.7902585 686375.794293 686375.7983275 686375.802362 686375.8063965 686375.8104315 686375.814466 686375.8185004999 686375.8225354999 686375.82657 686375.8306045 686375.834639 686375.8386735 686375.842708 686375.8467425 686375.850777 686375.8548115001 686375.8588459999 686375.8628805 686375.866915 686375.8709495
222,686375.874984,209.79500003159046,1615,1622,0.36918870267751086,0.389772976361029,1.4393686256089844,0.8713800372942438,3d gaze,-45.93475366501973,12.027922474358693,223.05516991922622,686375.874984 686375.8790185 686375.8830530001 686375.8870875 686375.8911220001 686375.8951564999 686375.899191 686375.9032255 686375.90726 686375.9112945 686375.915329 686375.9193635 686375.923398 686375.9274325001 686375.9314669999 686375.9355015 686375.939536 686375.9435705 686375.947605 686375.9516395 686375.9556740001 686375.9597085 686375.9637430001 686375.9677774999 686375.971812 686375.9758465 686375.979881 686375.9839155 686375.9879505 686375.9919855 686375.99602 686376.0000545001 686376.0040889999 686376.0081235 686376.012158 686376.0161925 686376.020227 686376.0242615 686376.028296 686376.0323305 686376.0363650001 686376.0403994999 686376.044434 686376.0484685 686376.052503 686376.0565375 686376.060572 686376.0646065 686376.068641 686376.0726755001 686376.0767099999 686376.0807445 686376.084779
223,686377.044996,201.72599994111806,1650,1656,0.41930882850535345,0.3394637748269848,1.447172373084178,0.8562067613309744,3d gaze,-29.697387671369146,24.198880153956242,242.33123373863685,686377.044996 686377.0490305 686377.053065 686377.0570995 686377.0611340001 686377.0651685 686377.069203 686377.077272 686377.0813065 686377.085341 686377.0893755 686377.09341 686377.0974445 686377.101479 686377.1055135 686377.1095479999 686377.113583 686377.1176175 686377.121652 686377.1256865 686377.129721 686377.1337555 686377.1418245 686377.145859 686377.1498935 686377.153928 686377.1579625 686377.161997 686377.1660315 686377.170066 686377.1741005001 686377.1781349999 686377.1821695 686377.186204 686377.1902385 686377.194273 686377.1983075 686377.202342 686377.2063765 686377.2104110001 686377.214446 686377.2184805 686377.222515 686377.2265495 686377.230584 686377.2346185 686377.238653 686377.2426875 686377.246722
224,686377.3274125,112.96699987724423,1659,1662,0.43999797553364056,0.3957205433032476,1.4319773638752762,0.860115898506982,3d gaze,-23.362957108020904,12.583076522785898,264.8978107518773,686377.3274125 686377.331447 686377.3354815 686377.339516 686377.3435505 686377.347585 686377.3516195 686377.3556540001 686377.3596885 686377.363723 686377.3677574999 686377.371792 686377.3758265 686377.379861 686377.3838955 686377.38793 686377.391965 686377.3959995001 686377.4000339999 686377.4040685 686377.408103 686377.4121375 686377.416172 686377.4202065 686377.424241 686377.4323105 686377.436345 686377.4403794999
225,686377.444414,205.7604999281466,1662,1668,0.4429718017763382,0.4100725022153378,1.4524483345170673,0.8445898002386093,3d gaze,-22.436504414902014,9.250328967318383,269.17092910973594,686377.444414 686377.4484485 686377.452483 686377.4565175 686377.460552 686377.4645865001 686377.468621 686377.4726555 686377.47669 686377.4807245 686377.484759 686377.4887935 686377.492828 686377.4968625 686377.500897 686377.5049315 686377.508966 686377.5130004999 686377.517035 686377.5210695 686377.525104 686377.5291385 686377.533173 686377.5372075001 686377.541242 686377.5452765 686377.549311 686377.5533455 686377.55738 686377.5614145 686377.565449 686377.569484 686377.5735185 686377.5775530001 686377.585622 686377.5896565 686377.593691 686377.6017605 686377.605795 686377.6098295001 686377.613864 686377.6178985001 686377.6219329999 686377.6259675 686377.630002 686377.6340365 686377.638071 686377.6421055 686377.64614 686377.6501745
226,686377.6542090001,117.0014999806881,1668,1672,0.4455134595271673,0.38686207579128074,1.3968193585099664,0.8201625560011182,3d gaze,-20.007332044831138,14.069748206596149,252.33725931414781,686377.6542090001 686377.6582434999 686377.662278 686377.6663125 686377.670347 686377.6743815 686377.678416 686377.6824505001 686377.686485 686377.6905195 686377.6945539999 686377.6985885 686377.702623 686377.7066575 686377.7147265 686377.718761 686377.7227955 686377.7308645 686377.734899 686377.7389335 686377.742968 686377.747003 686377.7510375 686377.755072 686377.759107 686377.7631415001 686377.7671759999 686377.7712105
227,686377.783314,84.72449996042997,1672,1675,0.4599798362953571,0.4081130782986183,1.2617188141596933,0.8183734282851219,3d gaze,-15.957898439747888,10.434413307096579,286.97736168666734,686377.783314 686377.7873485 686377.791383 686377.7954175 686377.7994520001 686377.8034864999 686377.807521 686377.8115555 686377.81559 686377.8196245 686377.8276935 686377.831728 686377.8357625001 686377.8397969999 686377.8438315 686377.847866 686377.8519005 686377.855935 686377.8599695 686377.8680385
228,686378.001178,92.79449994210154,1679,1681,0.43240114828774195,0.41401432541229005,1.3922314189377192,0.8222511038184166,3d gaze,-23.762296736760067,7.348428432796774,236.728442904163,686378.001178 686378.0052125 686378.009247 686378.0132815 686378.0173160001 686378.0213504999 686378.025385 686378.0294194999 686378.033454 686378.0374885 686378.041523 686378.0455575 686378.049592 686378.0536265001 686378.0576609999 686378.0616955 686378.06573 686378.0697645 686378.0737995 686378.077834 686378.0818685 686378.0859035 686378.089938 686378.0939725
229,686378.1585245,219.42500001750886,1683,1690,0.4288163623053889,0.3978450914274544,1.3428655037352193,0.8482596706260335,3d gaze,-28.52829804647593,12.265543839847037,267.96002697333387,686378.1585245 686378.162559 686378.1665935 686378.170628 686378.1746624999 686378.178697 686378.1827315 686378.186766 686378.1908005 686378.194835 686378.1988695001 686378.202904 686378.2069385 686378.210973 686378.2150075 686378.219042 686378.2230765 686378.227111 686378.2311455 686378.2351805 686378.2392150001 686378.2432494999 686378.247284 686378.2513185 686378.255353 686378.2593875 686378.2634225 686378.267457 686378.2714915001 686378.2795605 686378.2835949999 686378.2851555 686378.28919 686378.2932245 686378.297259 686378.3012935 686378.305328 686378.3093625 686378.313397 686378.3174315 686378.321466 686378.325501 686378.3295355 686378.33357 686378.3376045 686378.341639 686378.3456735 686378.349708 686378.3537425 686378.3577769999 686378.3618115 686378.365846 686378.3698805 686378.373915 686378.3779495
230,686378.381984,108.93200000282377,1690,1693,0.4270519763927391,0.3976796065487762,1.3210807132964197,0.8387326476750551,3d gaze,-30.761567739833687,12.992820198276112,281.94739021751906,686378.381984 686378.3860185 686378.390053 686378.3940880001 686378.3981225 686378.402157 686378.4061915 686378.410226 686378.4142605 686378.418295 686378.4223295 686378.426364 686378.4303985001 686378.434433 686378.4384675 686378.442502 686378.4465365 686378.450571 686378.4546055 686378.45864 686378.4626745 686378.4667090001 686378.4707435 686378.474778 686378.482847 686378.4868815 686378.490916
231,686378.881961,209.79499991517514,1705,1711,0.4454136378948733,0.35027008351592687,1.4091938519288552,0.7687620984183418,3d gaze,-54.51720448859532,60.96458918991415,680.7978754902324,686378.881961 686378.898099 686378.906168 686378.986858 686379.011065 686379.019134 686379.060088 686379.083687 686379.091756
232,686379.124032,169.45000004488975,1712,1717,0.44841509576504174,0.3468217020865856,0.2716393259276025,0.7349958062171936,3d gaze,-51.85267047178943,64.10385107234323,693.1235995324697,686379.124032 686379.14017 686379.269275 686379.285413 686379.293482
233,686379.382242,177.51900001894683,1720,1725,0.4492695065609346,0.34776286072981016,0.47512842662983745,0.7305518984794617,3d gaze,-50.821522580539245,63.414909511435894,692.2365613981405,686379.382242 686379.390311 686379.39838 686379.422587 686379.527485 686379.535554 686379.559761
234,686380.375341,80.68999997340143,1750,1752,0.3996648797774045,0.463624297002125,1.0510913091278857,0.7982686487111178,3d gaze,-91.7529632383493,-8.46387084937377,593.5634307779458,686380.375341 686380.38341 686380.391479 686380.399548 686380.407617 686380.415686 686380.423755 686380.431824 686380.439893 686380.447962 686380.456031
235,686380.480238,80.68999997340143,1753,1755,0.39372857813855516,0.46548350747801304,1.119304005419447,0.840502755208449,3d gaze,-97.40108230124605,-9.46246458862252,592.1424271799532,686380.480238 686380.488307 686380.496376 686380.504445 686380.512514 686380.520583 686380.528652 686380.536721 686380.54479 686380.552859 686380.560928
236,686381.4401515,80.69049997720867,1781,1784,0.3854980464225259,0.24578344421172915,0.977750685461298,0.8008738721118254,3d gaze,-20.082343548238253,20.980183237741635,110.84832796023194,686381.4401515 686381.444186 686381.4482205 686381.4562895 686381.460324 686381.4643585 686381.4724275 686381.476462 686381.4804964999 686381.484531 686381.488566 686381.496635 686381.5006695 686381.504704 686381.512773 686381.5168075 686381.520842
237,686382.4689545,112.96649998985231,1812,1815,0.3824091277559901,0.17269756425845867,1.1868020461902302,0.8150918304920196,3d gaze,-18.886224925076096,26.11821603554499,99.85447202566452,686382.4689545 686382.4729889999 686382.4770235 686382.481058 686382.4850925 686382.489127 686382.4931615 686382.4971960001 686382.505265 686382.5092995 686382.513334 686382.5173685 686382.521403 686382.529472 686382.5335065001 686382.5375409999 686382.5415755 686382.5456099999 686382.553679 686382.5577135 686382.561748 686382.565783 686382.5698175 686382.5778864999 686382.581921
238,686382.598059,96.82850004173815,1816,1819,0.358854274099619,0.34591237231883276,0.9280427631812359,0.846475179195404,3d gaze,-29.66957071061537,12.573404246262577,132.12145529321862,686382.598059 686382.6020935001 686382.606128 686382.610163 686382.6141975 686382.6182319999 686382.6222665 686382.626301 686382.6303355 686382.63437 686382.6384045 686382.6424390001 686382.6464735 686382.650508 686382.6545424999 686382.658577 686382.6626115 686382.666646 686382.6706805 686382.674715 686382.6787495001 686382.682784 686382.6868185 686382.6908529999 686382.6948875
239,686383.545872,88.7589999474585,1844,1847,0.44922473176336103,0.4697591986501146,1.3930715674098295,0.7817831764740345,3d gaze,-47.46674620659896,-12.775658405145712,648.2790044526026,686383.545872 686383.56201 686383.570079 686383.578148 686383.586217 686383.594286 686383.602355 686383.610424 686383.618493 686383.626562 686383.634631
240,686383.779874,80.69099998101592,1851,1854,0.44706392830955205,0.4927410685397615,0.9164521669838562,0.7542171359062195,3d gaze,-49.14679375410505,-26.00129209233777,639.948223581331,686383.779874 686383.787943 686383.796012 686383.804081 686383.81215 686383.820219 686383.828288 686383.844426 686383.852496 686383.860565
241,686383.9859345,80.69049997720867,1857,1860,0.346406738487098,0.3931621148365264,1.3519513704281898,0.8357469618320466,3d gaze,-31.989926989571064,6.686594349935625,130.24649298521769,686383.9859345 686383.989969 686383.9940035 686383.998038 686384.0020725001 686384.0061069999 686384.0101419999 686384.0141765 686384.018211 686384.0222455 686384.0303145 686384.0343490001 686384.0383835 686384.042418 686384.0464524999 686384.050487 686384.0545214999 686384.058556 686384.0625905 686384.066625
242,686384.0706595001,133.13949992880225,1860,1864,0.335334975115043,0.3862748608041432,0.9179693741106474,0.8226207052507708,3d gaze,-32.60045380820615,7.125528982532398,122.96751736288061,686384.0706595001 686384.074694 686384.0787285 686384.0827629999 686384.0867975 686384.0948665 686384.098901 686384.1029355 686384.1069700001 686384.1110045 686384.115039 686384.1190734999 686384.123108 686384.1271424999 686384.1352115 686384.139246 686384.1432805001 686384.147315 686384.1513495 686384.1553839999 686384.1594185 686384.163453 686384.1674875 686384.1715225 686384.1755570001 686384.1795915 686384.1836260001 686384.1876604999 686384.19573 686384.1997644999 686384.203799
243,686384.2320405,157.34599996358156,1865,1869,0.3412957565237539,0.3914503301428718,1.4143017014926715,0.8101764063577395,3d gaze,-32.837509256724104,6.834141718573479,129.06536398824042,686384.2320405 686384.236075 686384.2401095 686384.2481785 686384.2522130001 686384.2562475 686384.2602820001 686384.2643164999 686384.268351 686384.2723854999 686384.27642 686384.2804545 686384.284489 686384.2885235001 686384.292558 686384.2965925001 686384.3006269999 686384.3046615 686384.308696 686384.3127305 686384.316765 686384.3207995 686384.3248345 686384.3288690001 686384.3329035 686384.336938 686384.345007 686384.3490415 686384.353076 686384.3571105 686384.361145 686384.369214 686384.3732485 686384.3772829999 686384.3813175 686384.3853519999 686384.3893865
244,686384.4821804999,92.79400005470961,1872,1875,0.36584148988460935,0.40310785039144265,1.4316500065817623,0.8374557256698608,3d gaze,-29.52042323396761,5.773188843157553,139.53356726499644,686384.4821804999 686384.486215 686384.4902494999 686384.498319 686384.5023535 686384.506388 686384.514457 686384.5184915 686384.5225259999 686384.5265605 686384.5305949999 686384.538664 686384.5426985 686384.5467330001 686384.5507675 686384.554802 686384.5588364999 686384.562871 686384.57094 686384.5749745
245,686384.8210805,100.86299991235137,1882,1885,0.3562428552398666,0.4426774092400767,1.011727549448011,0.7790389514487722,3d gaze,-25.487547749338088,0.5555859171320519,111.74951809386411,686384.8210805 686384.825115 686384.8331840001 686384.8372185 686384.8452875 686384.849322 686384.8533564999 686384.857391 686384.8614254999 686384.86546 686384.869495 686384.8735295001 686384.877564 686384.8815985001 686384.8856329999 686384.893702 686384.8977365 686384.901771 686384.9058055 686384.9098400001 686384.9138745 686384.9179090001 686384.9219434999
246,686385.1922565,96.82799992151558,1893,1896,0.351837094126503,0.457049620907991,1.4670905639397411,0.8161257691681385,3d gaze,-30.759732233272178,-1.1063009801538832,130.3734036303457,686385.1922565 686385.196291 686385.2003255 686385.2043600001 686385.2083945 686385.2164634999 686385.220498 686385.2245324999 686385.228567 686385.2326015 686385.236636 686385.2406705001 686385.244705 686385.2487395001 686385.2527739999 686385.2568085 686385.2608429999 686385.2648775 686385.268912 686385.2729465 686385.2769810001 686385.2810155 686385.2850500001 686385.2890844999
247,686385.297154,84.72499996423721,1896,1899,0.36283287875847997,0.46950936538586074,0.9016833294828402,0.8428063541650772,3d gaze,-33.914635140518854,-3.104786254511241,156.465412372083,686385.297154 686385.3011884999 686385.305223 686385.3092575 686385.313292 686385.3173265001 686385.3213615001 686385.325396 686385.3294305 686385.3334649999 686385.3374995 686385.341534 686385.3455685 686385.3496030001 686385.3536375 686385.3617064999 686385.365741 686385.3697754999 686385.3778445 686385.381879
248,686385.748722,209.79599992278963,1910,1916,0.42253767734462655,0.5004364070076572,1.4655433312169812,0.7747281893439915,3d gaze,-76.31895608200647,-31.22214008713172,652.6878036958971,686385.748722 686385.76486 686385.772929 686385.797137 686385.805206 686385.813275 686385.821344 686385.829413 686385.837482 686385.845551 686385.861689 686385.869758 686385.877827 686385.885896 686385.893965 686385.902034 686385.910103 686385.918172 686385.926241 686385.934311 686385.94238 686385.950449 686385.958518
249,686386.0152990001,161.38049983419478,1918,1923,0.34199865848197963,0.47853240506016814,1.4347918209198496,0.795758213545825,3d gaze,-30.504589500341773,-3.4401866713038918,120.62121214434515,686386.0152990001 686386.0193335 686386.023368 686386.0274024999 686386.031437 686386.0354714999 686386.039506 686386.047575 686386.055644 686386.0637129999 686386.0677475 686386.0717819999 686386.0758165 686386.0798510001 686386.0838855 686386.0879200001 686386.0919550001 686386.0959894999 686386.100024 686386.1040584999 686386.108093 686386.1121275 686386.116162 686386.1201965001 686386.124231 686386.1322999999 686386.1363345 686386.1403689999 686386.1444035 686386.148438 686386.1524725 686386.1565070001 686386.1605415 686386.1645760001 686386.1686104999 686386.172645 686386.1766794999
250,686386.180714,125.07049995474517,1923,1927,0.3538622282027401,0.47681280074379856,0.880150662633221,0.808723558639658,3d gaze,-30.957346487291094,-3.5598118384964836,133.24600430768078,686386.180714 686386.1847485 686386.188783 686386.1928175001 686386.196852 686386.2008865001 686386.2049209999 686386.2089555 686386.2129899999 686386.2170249999 686386.2210595 686386.2250940001 686386.2291285 686386.2331630001 686386.2371975 686386.2412320001 686386.2452664999 686386.249301 686386.2533354999 686386.25737 686386.2654395 686386.269474 686386.277543 686386.2815775 686386.2856119999 686386.293681 686386.2977155 686386.3017500001 686386.3057845
251,686386.4671654999,121.03550008032471,1931,1935,0.47942073556446557,0.5430972089270524,1.347001589543632,0.8121949607326139,3d gaze,-11.28656718527228,-40.89052584578508,471.4716157932071,686386.4671654999 686386.4712 686386.4752344999 686386.479269 686386.4833035001 686386.487338 686386.4913725001 686386.495407 686386.4994415 686386.5034759999 686386.5075105 686386.5115449999 686386.5155795 686386.5196140001 686386.5236485 686386.5276830001 686386.5317175 686386.535752 686386.5397864999 686386.543821 686386.5478554999 686386.55189 686386.5559245001 686386.559959 686386.5639935001 686386.568028 686386.5720625 686386.5760969999 686386.5801315 686386.5841665 686386.588201
252,686387.1611029999,173.48400014452636,1952,1957,0.3357439500744352,0.35742651032449035,1.0677592691324627,0.8257255241984413,3d gaze,-31.977993232000212,10.280181508624066,120.73922498662714,686387.1611029999 686387.1651375 686387.1691719999 686387.1732065 686387.177241 686387.1812755 686387.1853100001 686387.1933790001 686387.1974134999 686387.201448 686387.2054824999 686387.209517 686387.2175865 686387.221621 686387.2256555001 686387.22969 686387.2337245 686387.2377589999 686387.2417935 686387.2458279999 686387.2498625 686387.2538970001 686387.2579315 686387.2619660001 686387.2660005 686387.270035 686387.2740694999 686387.278104 686387.2821384999 686387.286173 686387.2902075001 686387.294242 686387.2982765001 686387.302311 686387.3063455 686387.3103799999 686387.3144145 686387.3184489999 686387.3224835 686387.3265180001 686387.3305525 686387.3345870001
253,686387.3386215,88.759999955073,1957,1960,0.34880414050192304,0.3454819364241645,1.4868439683640693,0.8241179974182792,3d gaze,-29.576510003070954,11.720775360845986,122.16175678859781,686387.3386215 686387.342656 686387.3466904999 686387.350725 686387.35476 686387.3587945 686387.362829 686387.3668635001 686387.370898 686387.3749325001 686387.3789669999 686387.3830019999 686387.3870365 686387.3910709999 686387.3951055 686387.3991400001 686387.4031745 686387.4072090001 686387.4112435 686387.4152780001 686387.4193124999 686387.423347 686387.4273814999
254,686387.5161405001,108.93250000663102,1963,1966,0.3184138542335777,0.42903829504260743,1.4435993461596492,0.8436445196469625,3d gaze,-41.56264285310801,2.4911712072949546,140.98768954920212,686387.5161405001 686387.520175 686387.5242095 686387.5322785 686387.5363129999 686387.5403475 686387.5443825 686387.5484170001 686387.5524515 686387.5564860001 686387.5605205 686387.564555 686387.5685894999 686387.5726244999 686387.576659 686387.5806935 686387.584728 686387.5887625001 686387.592797 686387.5968315001 686387.6008659999 686387.6049005 686387.6089349999 686387.6129695 686387.617004 686387.6210385 686387.6250730001
255,686387.6694525001,96.82849992532283,1967,1970,0.3025921204089834,0.4248442015078437,1.4127854950617367,0.8826557290554047,3d gaze,-47.713726264145734,3.2463983028293892,147.29059408908552,686387.6694525001 686387.6734869999 686387.6775215 686387.6815559999 686387.6855905 686387.6896250001 686387.6936595 686387.6976940001 686387.7017285 686387.7057635 686387.709798 686387.7138324999 686387.717867 686387.7219014999 686387.725936 686387.7299705001 686387.734005 686387.7380395001 686387.742074 686387.7461085 686387.7501429999 686387.7541775 686387.758212 686387.7622465 686387.766281
256,686387.7703155,117.0014999806881,1970,1974,0.299350389448482,0.45156729953602653,1.3490382834840677,0.9165573428074519,3d gaze,-48.9922889383103,-0.5002398213952938,148.5016768680585,686387.7703155 686387.7743500001 686387.7783845 686387.782419 686387.7864534999 686387.790488 686387.7945224999 686387.798557 686387.8025915001 686387.8066265001 686387.810661 686387.8146955001 686387.8187299999 686387.8227645 686387.8267989999 686387.8308335 686387.8348679999 686387.8389025 686387.8429370001 686387.8469715 686387.8510060001 686387.8550404999 686387.8590754999 686387.86311 686387.8671444999 686387.871179 686387.8752135001 686387.879248 686387.8832825001 686387.887317
257,686387.9034549999,137.1740000322461,1974,1978,0.2765251052183184,0.4435840931394327,1.358475167327604,0.8922766421522413,3d gaze,-48.3955587613045,0.553581379614743,129.70725912828686,686387.9034549999 686387.9074895 686387.911524 686387.9155585 686387.9195930001 686387.9236275 686387.9276620001 686387.9316964999 686387.935731 686387.9397654999 686387.9438 686387.9478345001 686387.951869 686387.9559035001 686387.959938 686387.9639725001 686387.9680069999 686387.9720415 686387.9760759999 686387.9801105 686387.984145 686387.9881795 686387.9922140001 686387.9962485 686388.0002830001 686388.0043174999 686388.008352 686388.0123864999 686388.016421 686388.020456 686388.024491 686388.0285255001 686388.03256 686388.0365945001 686388.0406289999
258,686388.097112,121.03549996390939,1980,1984,0.25980777268908173,0.40014955306523103,1.4207063492236593,0.8653453270594279,3d gaze,-48.207818436059576,5.537223120773694,118.59998811261397,686388.097112 686388.1011465001 686388.105181 686388.1092155001 686388.1132499999 686388.1172845 686388.1213189999 686388.1253535 686388.129388 686388.1334225 686388.1374570001 686388.1414915 686388.1455260001 686388.1495604999 686388.153595 686388.1576294999 686388.161664 686388.1656985 686388.169733 686388.1737675001 686388.177802 686388.181837 686388.1858715 686388.1899059999 686388.1939405 686388.1979749999 686388.206044 686388.2100785 686388.2141130001 686388.2181475
259,686388.222182,189.62249998003244,1984,1989,0.24927807817518224,0.3899450643924291,1.1929490151214692,0.8540889248251915,3d gaze,-49.39461043070521,6.588165774813625,115.39910993318807,686388.222182 686388.2262164999 686388.230251 686388.2342855 686388.23832 686388.2423545 686388.246389 686388.2504235001 686388.254458 686388.258493 686388.2625275 686388.2665619999 686388.2705965 686388.274631 686388.2786655 686388.2827000001 686388.2867345 686388.2907690001 686388.2948035 686388.298838 686388.3028724999 686388.306907 686388.3109414999 686388.314976 686388.3190105001 686388.323045 686388.3270795001 686388.331114 686388.3351485 686388.3391829999 686388.3432179999 686388.3472525 686388.351287 686388.3553215 686388.3593560001 686388.3633905 686388.3674250001 686388.3714594999 686388.375494 686388.3795284999 686388.383563 686388.3875975 686388.391632 686388.3956665001 686388.399701 686388.4037355001 686388.4077699999 686388.4118045
260,686388.5167024999,96.82800015434623,1993,1995,0.2928937715758288,0.5214021000439292,1.3945869824862152,0.8599666195611159,3d gaze,-62.170942304258176,-12.757190534232025,181.40945671036857,686388.5167024999 686388.520737 686388.5247714999 686388.528806 686388.536875 686388.5409095001 686388.544944 686388.5489785001 686388.5530129999 686388.5570475 686388.5610819999 686388.5651165 686388.569151 686388.5731855 686388.5772200001 686388.5812545 686388.5852890001 686388.5893234999 686388.593358 686388.5973924999 686388.601427 686388.6054615 686388.609496 686388.6135305001
261,686388.8919125,80.69049997720867,2004,2006,0.22287493284657828,0.45327645704116787,1.3783728935374187,0.8564176559448242,3d gaze,-55.20896686482353,-0.6023454287324643,114.34972446306448,686388.8919125 686388.895947 686388.8999815 686388.9080505 686388.912085 686388.9161195001 686388.9241889999 686388.9282235 686388.9322579999 686388.940327 686388.9443615 686388.9483960001 686388.9524305 686388.956465 686388.9604994999 686388.964534 686388.9685685 686388.972603
262,686389.0936385,84.72550008445978,2010,2012,0.20183076377256606,0.4248828032237384,1.4723756308588212,0.8798818330873143,3d gaze,-53.2411017219755,2.36426010201059,100.47785801134415,686389.0936385 686389.0976730001 686389.1017074999 686389.105742 686389.1097764999 686389.113811 686389.1178455 686389.12188 686389.1259145001 686389.129949 686389.1339835001 686389.1380179999 686389.1420529999 686389.1460875 686389.1501219999 686389.1541565 686389.158191 686389.162226 686389.1662605 686389.1702950001 686389.1743295 686389.178364
263,686389.694488,217.86400000564754,2028,2034,0.3644071845001867,0.46629331085548636,1.3948696716123599,0.9698749589068549,3d gaze,-149.2967235373073,-11.752801898490146,697.132977594856,686389.694488 686389.702557 686389.710626 686389.718695 686389.726764 686389.734833 686389.742902 686389.750971 686389.75904 686389.767109 686389.775178 686389.783248 686389.791316 686389.799386 686389.807455 686389.815524 686389.823593 686389.831662 686389.839731 686389.8478 686389.855869 686389.863938 686389.872007 686389.880076 686389.888145 686389.896214 686389.904283 686389.912352
264,686390.0740275,96.82849992532283,2039,2042,0.25863016613189643,0.4299499200910386,1.420676616230603,0.8906729125976562,3d gaze,-53.916605687879674,2.3216132683728192,132.03784954671872,686390.0740275 686390.078062 686390.0820965 686390.086131 686390.0901655001 686390.0941999999 686390.0982345 686390.1022689999 686390.1063035 686390.1103385 686390.114373 686390.1184075 686390.1224420001 686390.1264765 686390.130511 686390.1345454999 686390.13858 686390.1426145 686390.146649 686390.1506835 686390.154718 686390.1587525001 686390.162787 686390.1668215 686390.1708559999
265,686390.178925,145.2430000063032,2042,2046,0.23812863624172476,0.4330630499400583,1.4930352797882842,0.8550961456365056,3d gaze,-54.784825464063424,1.7963489818726828,121.58911994892274,686390.178925 686390.1829595 686390.186994 686390.1910285 686390.1950630001 686390.1990975 686390.203132 686390.2071664999 686390.211201 686390.2152355 686390.21927 686390.2233045 686390.227339 686390.2313735001 686390.235408 686390.2394425 686390.2434769999 686390.2475115 686390.251546 686390.2555805 686390.259615 686390.26365 686390.2676845 686390.2717190001 686390.2757534999 686390.279788 686390.283823 686390.2878574999 686390.291892 686390.2959265 686390.299961 686390.3039955001 686390.3120645001 686390.3160989999 686390.3201335 686390.324168
266,686390.3443405,189.62249998003244,2047,2053,0.2367255837555016,0.4333454480630997,1.1858384121168601,0.8671970309122748,3d gaze,-56.15985333978246,1.8081372407426328,123.86983296002391,686390.3443405 686390.3483750001 686390.3524094999 686390.356444 686390.3604784999 686390.364513 686390.3685475 686390.372582 686390.3766165001 686390.380651 686390.3846855001 686390.3887199999 686390.3927545 686390.396789 686390.4008235 686390.404858 686390.4088925 686390.4129270001 686390.4169615 686390.4209960001 686390.4250304999 686390.429065 686390.4331 686390.4371345 686390.441169 686390.4452035 686390.449238 686390.457307 686390.4613415 686390.4653759999 686390.4694105 686390.473445 686390.4774795 686390.481514 686390.4855485 686390.4895830001 686390.4936175 686390.497652 686390.5016864999 686390.505721 686390.509756 686390.5137905 686390.5218595 686390.525894 686390.5299285001 686390.5339629999
267,686391.0100364999,121.03550008032471,2067,2071,0.30306175504377025,0.5018682060833256,1.4727595764427759,0.9214750547562877,3d gaze,-76.31022850118876,-12.061480169455859,236.2314686538324,686391.0100364999 686391.014071 686391.0181055 686391.02214 686391.0261745 686391.030209 686391.0342435 686391.038278 686391.0423125001 686391.0463469999 686391.0503815 686391.0544159999 686391.0584505 686391.062485 686391.0665195 686391.0705545 686391.074589 686391.0786235 686391.082658 686391.0866924999 686391.090727 686391.0947615 686391.098796 686391.1028305 686391.106865 686391.1108995001 686391.114934 686391.1189685 686391.1230029999 686391.1270375 686391.131072
268,686391.1351065,217.86400000564754,2071,2077,0.2962601802883033,0.5122023452344621,1.49343942831617,0.9459292682734403,3d gaze,-71.32415408187569,-12.996740359756561,212.08217330554405,686391.1351065 686391.139141 686391.1431755 686391.14721 686391.1512445 686391.155279 686391.1593134999 686391.163348 686391.1673825 686391.171417 686391.1754515 686391.179486 686391.1835205001 686391.1875555001 686391.19159 686391.1956245 686391.1996589999 686391.2036935 686391.207728 686391.2117625 686391.215797 686391.2198315 686391.2238660001 686391.2279005 686391.2319354999 686391.23597 686391.2400045 686391.244039 686391.2480735 686391.252108 686391.2561425001 686391.260177 686391.2642115001 686391.2682459999 686391.2722805 686391.276315 686391.2803495 686391.284384 686391.2884185 686391.292453 686391.2964875 686391.3005220001 686391.3045564999 686391.308591 686391.3126255 686391.31666 686391.3206945 686391.324729 686391.3287635001 686391.332798 686391.3368325001 686391.3408669999 686391.3449015 686391.348936 686391.3529705
269,686391.357005,169.45000004488975,2077,2082,0.30120689383509314,0.5112481302658438,1.4265858123809467,0.9308301563872847,3d gaze,-69.12703345222992,-12.716019265601762,211.56263560875576,686391.357005 686391.3610395 686391.365074 686391.3691085 686391.3731430001 686391.3771774999 686391.381212 686391.3852465 686391.389281 686391.393316 686391.3973505 686391.401385 686391.4054195 686391.409454 686391.4134889999 686391.4175235 686391.421558 686391.4255925 686391.429627 686391.4336615 686391.437696 686391.4417305 686391.4457650001 686391.4497994999 686391.453834 686391.4578684999 686391.461903 686391.4659375 686391.469972 686391.4740065 686391.478041 686391.4820755001 686391.4861099999 686391.4901445 686391.494179 686391.4982135 686391.502248 686391.5062825 686391.510317 686391.5143515 686391.5183860001 686391.5224204999 686391.526455
270,686391.5304894999,189.623000100255,2082,2088,0.2890582275362145,0.5230412228271956,1.1248463035934007,0.9573971970627705,3d gaze,-66.48774653396481,-13.657630418524684,189.91510832085677,686391.5304894999 686391.534524 686391.5385585 686391.542593 686391.5466275 686391.550662 686391.554697 686391.5587315001 686391.5627659999 686391.5668005 686391.570835 686391.5748695 686391.578904 686391.5829385 686391.5869730001 686391.5910075 686391.5950420001 686391.5990764999 686391.603111 686391.6071455 686391.61118 686391.6152145 686391.619249 686391.6232835 686391.627318 686391.6313525001 686391.6353869999 686391.6394215 686391.643456 686391.647491 686391.6515255 686391.65556 686391.6595945 686391.6636290001 686391.6676635 686391.671698 686391.6757324999 686391.679767 686391.6838015 686391.687836 686391.6918705 686391.695905 686391.6999395001 686391.703974 686391.7080089999 686391.7120435 686391.716078 686391.7201125
271,686391.724147,149.27749999333173,2088,2093,0.30632410214315725,0.5293844339625022,1.2820524912828568,0.9080865885082045,3d gaze,-63.06470087511975,-15.346466842466961,198.4474412411222,686391.724147 686391.7281815 686391.732216 686391.7362505 686391.7402850001 686391.7443194999 686391.748354 686391.7523885 686391.756423 686391.7604575 686391.764492 686391.7685265 686391.772561 686391.7765955001 686391.7806299999 686391.7846645 686391.788699 686391.7927335 686391.796768 686391.8008025 686391.804837 686391.8088715 686391.8129060001 686391.8169404999 686391.820975 686391.8250095 686391.829044 686391.8330785 686391.837113 686391.8411475 686391.845182 686391.8492165001 686391.8532509999 686391.8572859999 686391.8613205 686391.865355 686391.86939 686391.8734245
272,686391.877459,149.27649998571724,2093,2097,0.2880646468148561,0.5258825242482077,1.4826065101273558,0.9240815514012387,3d gaze,-60.09037801385185,-12.753740813131555,170.7207217052315,686391.877459 686391.8814935 686391.8855280001 686391.8895625 686391.893597 686391.8976315 686391.901666 686391.9057005 686391.909735 686391.9137695 686391.917804 686391.9218385001 686391.925873 686391.9299075 686391.9339419999 686391.9379765 686391.942011 686391.9460455 686391.95008 686391.9541145 686391.9581490001 686391.9621834999 686391.966218 686391.9702525 686391.974287 686391.9783215 686391.982356 686391.9863905 686391.990425 686391.9944595001 686391.9984939999 686392.0025285 686392.0065629999 686392.0105975 686392.014632 686392.0186665 686392.022701 686392.0267355
273,686392.0307705,145.24250011891127,2097,2102,0.2820051570558939,0.5187225515063352,0.8586167802497907,0.9277190396914611,3d gaze,-59.98809056834785,-11.226049907838608,165.02646878143167,686392.0307705 686392.0348050001 686392.0388394999 686392.042874 686392.0469085 686392.050943 686392.0549775 686392.059012 686392.0630465 686392.067081 686392.0711155001 686392.0751499999 686392.0791845 686392.083219 686392.0872535 686392.0912885 686392.095323 686392.0993575 686392.1033920001 686392.1074265 686392.111461 686392.1154955 686392.11953 686392.1235645 686392.127599 686392.1316335 686392.135668 686392.1397025 686392.143737 686392.1477715 686392.1518059999 686392.1558405 686392.159875 686392.1639095 686392.167944 686392.1719785 686392.1760130001
274,686392.397912,80.69000008981675,2108,2111,0.4768464508025144,0.48443773460424794,1.44422314535781,0.9545326289676485,3d gaze,-3.4007667813355535,-3.9899596728030584,119.80149701519953,686392.397912 686392.4019465 686392.405981 686392.4100154999 686392.41405 686392.4180845 686392.422119 686392.4261535 686392.430188 686392.4342225001 686392.438257 686392.4422915 686392.446326 686392.4503605 686392.454395 686392.4584295 686392.462464 686392.4664985 686392.470533 686392.4745675 686392.478602
275,686392.4826365,80.69099998101592,2111,2113,0.48415263093126576,0.4673552571483108,0.5816714278830167,0.9512675007184347,3d gaze,-1.8505740043260293,-1.9317746921408712,110.47028748625681,686392.4826365 686392.486671 686392.4907055 686392.49474 686392.4987745 686392.502809 686392.5068435001 686392.510878 686392.5149125 686392.518947 686392.522982 686392.5270165 686392.531051 686392.5350855 686392.53912 686392.5431545 686392.5471890001 686392.551224 686392.5552584999 686392.559293 686392.5633275
276,686392.6722595,125.06999995093793,2117,2120,0.541096593364808,0.46083703620895294,1.377937443088507,0.9133590860292315,3d gaze,10.021305137609977,-1.5389424842204995,132.93071494113968,686392.6722595 686392.676294 686392.6803285 686392.684363 686392.6883975 686392.6924320001 686392.6964664999 686392.700501 686392.7045355 686392.70857 686392.7126045 686392.716639 686392.7206735 686392.724708 686392.7287425 686392.7327769999 686392.7368115 686392.740846 686392.7448805 686392.748915 686392.7529495 686392.756984 686392.761019 686392.7650535 686392.7690880001 686392.7731224999 686392.777157 686392.7811915 686392.785226 686392.7892605 686392.793295 686392.7973295
277,686392.8134675,88.75949995126575,2121,2123,0.5295315543674388,0.43132906948166927,1.492279810851331,0.9183537027110225,3d gaze,7.077995818619386,1.9000577784932553,125.29296631327288,686392.8134675 686392.817502 686392.8215365 686392.825571 686392.8296055 686392.83364 686392.8376750001 686392.8417095 686392.845744 686392.8497785 686392.853813 686392.8578475 686392.861882 686392.8659165 686392.869951 686392.8739855 686392.87802 686392.8820545 686392.886089 686392.8901235 686392.894158 686392.8981925 686392.902227
278,686392.9062615,137.1740000322461,2123,2128,0.5267627401044718,0.4280651058996049,1.0271595230559887,0.9133786993367331,3d gaze,6.969105525065514,2.428480676977572,133.8126391118951,686392.9062615 686392.9102960001 686392.9143305 686392.918365 686392.9223995 686392.926434 686392.9304685 686392.934503 686392.9385375 686392.942572 686392.9466065 686392.950641 686392.9546755 686392.95871 686392.9627445 686392.966779 686392.9708135 686392.974848 686392.9788825 686392.9829170001 686392.9869515 686392.9909864999 686392.9950215 686392.999056 686393.0030905 686393.007125 686393.0111595 686393.015194 686393.0192285 686393.023263 686393.0272975 686393.0313319999 686393.0353665 686393.039401 686393.0434355
279,686393.04747,117.00099997688085,2128,2131,0.5141625261918787,0.4186932473609275,1.45852737257152,0.9209423283735911,3d gaze,3.737592674465616,3.1197194766157383,117.64910261664302,686393.04747 686393.0515045 686393.055539 686393.0595735 686393.063608 686393.0676425 686393.071677 686393.0757115 686393.079746 686393.0837805 686393.087815 686393.0918495 686393.095884 686393.0999185 686393.1039529999 686393.1079875 686393.112022 686393.1160565 686393.120091 686393.1241255 686393.12816 686393.1321945 686393.136229 686393.1402635 686393.144298 686393.1483325 686393.152367 686393.1564015 686393.1604365 686393.164471
280,686393.1685055001,117.00099997688085,2131,2135,0.5244493287715069,0.4362604492138408,0.8037807608002413,0.9294619077238543,3d gaze,6.132637847926634,1.3629534454680128,127.00928861450943,686393.1685055001 686393.1725399999 686393.1765745 686393.180609 686393.1846435 686393.188678 686393.1927125 686393.196747 686393.2007815 686393.204816 686393.2088504999 686393.2128855 686393.21692 686393.2209545 686393.224989 686393.2290235 686393.233058 686393.2370925 686393.241127 686393.2451615001 686393.2491959999 686393.257265 686393.2612995 686393.265334 686393.2693685 686393.273403 686393.2774375 686393.2814720001 686393.2855065
281,686393.914601,104.89800001960248,2154,2157,0.5740808812858789,0.46796265390413133,1.3833815445710267,0.7807272300124168,3d gaze,69.56821606301372,-9.762573215376541,538.9983654851914,686393.914601 686393.92267 686393.930739 686393.938808 686393.946877 686393.963016 686394.01143 686394.019499
282,686394.027568,80.68999997340143,2157,2159,0.5661958119762184,0.4568410175785226,0.5351727153149081,0.7581755220890045,3d gaze,64.07764567440297,-4.400342129100359,551.5687062496615,686394.027568 686394.051775 686394.059844 686394.075982 686394.084051 686394.09212 686394.100189 686394.108258
283,686394.309985,153.31199998036027,2165,2170,0.4152095460246682,0.5073643534525397,0.5800225953704843,0.770639432328088,3d gaze,-84.37359740893326,-35.48799738691662,654.0844449211445,686394.309985 686394.318054 686394.326123 686394.334192 686394.342261 686394.35033 686394.358399 686394.366468 686394.398744 686394.422951 686394.43909 686394.447159 686394.455228 686394.463297
284,686394.503642,217.86400000564754,2171,2178,0.41811603462944175,0.5265715488906646,0.9592131891074116,0.764490857010796,3d gaze,-79.99805554408626,-46.24971327084513,643.4333722499708,686394.503642 686394.51978 686394.527849 686394.543987 686394.568194 686394.576263 686394.584332 686394.592401 686394.616609 686394.624678 686394.632747 686394.640816 686394.648885 686394.656954 686394.665023 686394.673092 686394.681161 686394.697299 686394.705368 686394.713437 686394.721506
285,686394.753782,80.69099998101592,2179,2181,0.44094752911967605,0.5295900578807613,1.3654965951014653,0.7982672154903412,3d gaze,-54.53329793065109,-46.662757011158156,627.3542887026782,686394.753782 686394.769921 686394.77799 686394.786059 686394.794128 686394.802197 686394.810266 686394.818335 686394.826404 686394.834473
286,686395.246284,209.79500003159046,2193,2200,0.4115304178989314,0.5635753532928861,1.434836761997527,0.9203898822361568,3d gaze,-18.575931572641938,-14.563125786344525,137.04160189275564,686395.246284 686395.2503185 686395.254353 686395.2583875 686395.2624225 686395.266457 686395.2704915 686395.274526 686395.2785605 686395.282595 686395.2866295 686395.290664 686395.2946985 686395.298733 686395.3027675 686395.306802 686395.3108365 686395.314871 686395.3189055 686395.32294 686395.3269745 686395.331009 686395.3350435 686395.339078 686395.3431125 686395.347147 686395.3511815 686395.355216 686395.3592505 686395.363285 686395.3673195 686395.371354 686395.3753885 686395.379423 686395.3834575 686395.387492 686395.3915265 686395.395561 686395.3995955 686395.4036305 686395.4076650001 686395.4116995 686395.415734 686395.4197685 686395.423803 686395.4278375 686395.431872 686395.4359065 686395.439941 686395.4439755 686395.4480099999 686395.4520445 686395.456079
287,686395.4601135,84.72499996423721,2200,2202,0.413453892275032,0.5648995711331483,1.2946326955649257,0.8947595777836713,3d gaze,-19.862205283647572,-16.112911258527557,150.01244769461925,686395.4601135 686395.464148 686395.4681825 686395.4722175 686395.476252 686395.4802865 686395.484321 686395.4883555 686395.49239 686395.4964245 686395.500459 686395.5044935 686395.508528 686395.5125625 686395.516597 686395.5206315 686395.524666 686395.5287005 686395.532735 686395.5367695 686395.540804 686395.5448385
288,686395.5932529999,121.03550008032471,2204,2207,0.41187169258569306,0.5646144511907435,1.4491599062952192,0.9332315027713776,3d gaze,-18.038191167962733,-14.320036763143621,133.48094953357722,686395.5932529999 686395.5972875 686395.601322 686395.6053565 686395.609391 686395.6134255 686395.61746 686395.6214945 686395.625529 686395.6295634999 686395.633598 686395.6376325 686395.641667 686395.6457015 686395.649736 686395.6537705 686395.657805 686395.6618395 686395.6658739999 686395.6699085 686395.673943 686395.6779775 686395.682012 686395.6860465 686395.690081 686395.6941155 686395.6981500001 686395.7021845 686395.7062195 686395.710254 686395.7142885
289,686395.8232205,100.86350003257394,2211,2214,0.37765229730194866,0.5741498260063077,1.4380170146483195,0.9219047392790134,3d gaze,-22.989009644356397,-13.944347764438543,119.29139296618413,686395.8232205 686395.827255 686395.8312895 686395.835324 686395.8393585 686395.843393 686395.8474275 686395.851462 686395.8554965 686395.859531 686395.8635655 686395.8676 686395.8716345 686395.875669 686395.879704 686395.8837385001 686395.887773 686395.8918075 686395.895842 686395.8998765 686395.903911 686395.9079455 686395.91198 686395.9160145 686395.920049 686395.924084
290,686395.9281185,96.82799992151558,2214,2217,0.36970079238540426,0.5683432096955603,1.2724519078907437,0.9101760053634643,3d gaze,-25.95308665320176,-14.08880071982626,125.91130121502928,686395.9281185 686395.932153 686395.9361875 686395.940222 686395.9442565 686395.948291 686395.9523255 686395.95636 686395.9603945 686395.964429 686395.9684635 686395.972498 686395.9765325 686395.980567 686395.9846015 686395.988636 686395.9926705 686395.996705 686396.0007395 686396.004774 686396.0088085 686396.012843 686396.0168775 686396.020912 686396.0249465
291,686396.79554,80.69100009743124,2240,2242,0.3757490664537012,0.5151698538004369,1.460196998675555,0.847304125626882,3d gaze,-35.70394469034595,-11.341359866641024,183.06245664924077,686396.79554 686396.7995745 686396.803609 686396.8076435 686396.811678 686396.8157125 686396.819747 686396.8237815 686396.8278165 686396.831851 686396.8358855001 686396.8399205001 686396.8439549999 686396.8479895 686396.852024 686396.8560585 686396.860093 686396.8641275 686396.868162 686396.8721965 686396.8762310001
292,686396.8802655,133.138999924995,2242,2246,0.3773230330087184,0.5349602102529695,1.3202612136073202,0.8830522535478368,3d gaze,-32.80969734926629,-13.688767310554939,170.33480802398523,686396.8802655 686396.8843 686396.8883345 686396.892369 686396.8964035 686396.900438 686396.9044725 686396.908507 686396.9125415001 686396.9165759999 686396.9206105 686396.924645 686396.9286795 686396.932714 686396.9367485 686396.940783 686396.9448175 686396.9488520001 686396.9528865 686396.956921 686396.9609555 686396.96499 686396.9690245 686396.973059 686396.9770935 686396.981128 686396.9851625001 686396.9891969999 686396.9932315 686396.997266 686397.0013005 686397.005335 686397.00937 686397.0134045
293,686397.0295424999,96.82850004173815,2247,2249,0.38156247326486215,0.5207560430126679,1.287112772610948,0.8814456355571747,3d gaze,-29.66403050275147,-10.751150620295602,160.16444353897745,686397.0295424999 686397.033577 686397.0376115 686397.041646 686397.0456805 686397.049715 686397.0537495001 686397.057784 686397.0618189999 686397.0658535 686397.069888 686397.0739225 686397.077957 686397.0819915 686397.086026 686397.0900605 686397.0940950001 686397.0981294999 686397.102164 686397.1061985 686397.110233 686397.1142675 686397.118302 686397.1223365 686397.126371
294,686397.1304055,117.00099997688085,2250,2253,0.3647295796756473,0.5136703875638664,1.380757190502135,0.8902424471131687,3d gaze,-32.0365949115074,-9.115104151456189,149.81070373744004,686397.1304055 686397.1344399999 686397.1384745 686397.142509 686397.1465435 686397.150578 686397.1546125 686397.158647 686397.1626815 686397.1667160001 686397.170751 686397.1747854999 686397.17882 686397.1828545 686397.186889 686397.1909235 686397.194958 686397.1989925 686397.203027 686397.2070615 686397.211096 686397.2151305 686397.219165 686397.2231995 686397.227234 686397.2312685 686397.235303 686397.243372 686397.2474064999
295,686397.251441,189.62249998003244,2253,2259,0.35579875738267575,0.5228417715530647,1.3506906124284568,0.8832054349283377,3d gaze,-33.44725476541591,-10.159319938239426,145.8289183732691,686397.251441 686397.2554755 686397.25951 686397.2635445 686397.267579 686397.2716135 686397.275648 686397.279683 686397.2837175 686397.287752 686397.2917865 686397.295821 686397.2998555 686397.30389 686397.3079245 686397.3119590001 686397.3159935 686397.320028 686397.3240625 686397.328097 686397.332132 686397.3361665 686397.340201 686397.3442355 686397.34827 686397.3523045001 686397.3563389999 686397.3603735 686397.364408 686397.3684425 686397.372477 686397.3765115 686397.380546 686397.3845805 686397.3886150001 686397.3926494999 686397.396684 686397.4007185 686397.404753 686397.4087875 686397.412822 686397.4168565 686397.420891 686397.4249255001 686397.42896 686397.4329945 686397.437029 686397.4410635
296,686397.4572015,153.31199998036027,2259,2264,0.3635390521022627,0.5110478721258387,1.3307422128944817,0.8619860285206845,3d gaze,-32.8928903417716,-8.92175643135206,152.40317415670995,686397.4572015 686397.4612360001 686397.4652704999 686397.469305 686397.4733395 686397.477374 686397.485443 686397.4894775 686397.4935125 686397.497547 686397.5015815 686397.5056159999 686397.5096505 686397.5136855 686397.51772 686397.5217545 686397.525789 686397.5298235 686397.533858 686397.5378924999 686397.541927 686397.5459615 686397.549996 686397.5540305 686397.558065 686397.5620995 686397.566134 686397.5701685001 686397.5742029999 686397.5782375 686397.582272 686397.5863065 686397.590341 686397.5943755 686397.59841 686397.6024445 686397.6064790001 686397.6105134999
297,686397.614548,125.07049995474517,2264,2268,0.35938486712229656,0.4944135867003688,1.375265388624172,0.8667579302564263,3d gaze,-33.55567742157386,-6.506449368919864,150.65169068055425,686397.614548 686397.6185825 686397.622617 686397.6266515 686397.630686 686397.6347205 686397.638755 686397.6427895001 686397.6468245 686397.6508589999 686397.6548935 686397.658928 686397.6629625 686397.666997 686397.6710315 686397.6750660001 686397.6791005 686397.683135 686397.6871695 686397.691204 686397.6952385 686397.699273 686397.7033075 686397.707342 686397.7113765 686397.715411 686397.7194455 686397.7234799999 686397.7275145 686397.7315495 686397.735584 686397.7396185
298,686397.7961015,169.44999992847443,2269,2274,0.42900371891324424,0.5273791673544356,1.4933063172718635,0.8987303507882495,3d gaze,-19.220805626242605,-13.120013443201266,180.8739672224436,686397.7961015 686397.800136 686397.8041705 686397.808205 686397.8122395 686397.8162745 686397.820309 686397.8243435 686397.8283780001 686397.8324124999 686397.836447 686397.8404815 686397.844516 686397.8485505 686397.852585 686397.8566195 686397.860654 686397.8646885001 686397.8687229999 686397.8727575 686397.876792 686397.8808265 686397.884861 686397.8888955 686397.89293 686397.8969645 686397.9009990001 686397.9050334999 686397.909068 686397.9131025 686397.917137 686397.9211715 686397.925206 686397.9292405 686397.933275 686397.9373095001 686397.9413439999 686397.9453785 686397.949413 686397.9534475 686397.9574825 686397.961517 686397.9655515
299,686397.9695865,121.03500007651746,2275,2278,0.43879742057860704,0.5296764396710422,1.445708450247475,0.9176844550717261,3d gaze,-14.521110096558665,-12.002717619336979,160.48677810753313,686397.9695865 686397.9736210001 686397.9776554999 686397.98169 686397.9857245 686397.989759 686397.9937935 686397.997828 686398.0018625 686398.005897 686398.0099315001 686398.0139659999 686398.0180005 686398.022035 686398.0260695 686398.030104 686398.0341385 686398.038173 686398.0422075 686398.0462420001 686398.0502764999 686398.054311 686398.0583455 686398.06238 686398.0664145 686398.070449 686398.0744835 686398.078518 686398.0825525001 686398.0865869999 686398.0906215
300,686398.094656,121.03599996771663,2278,2282,0.4332885391233946,0.5175333852566326,1.3290129267454018,0.916588706354941,3d gaze,-13.664166141983571,-8.753778990903399,137.7430090261199,686398.094656 686398.0986905 686398.102725 686398.1067595 686398.110794 686398.1148285 686398.1188630001 686398.1228974999 686398.126932 686398.130967 686398.1350015 686398.139036 686398.1430705 686398.147105 686398.1511395001 686398.155174 686398.1592085001 686398.1632429999 686398.1672775 686398.171312 686398.1753465 686398.179381 686398.183416 686398.1874505 686398.1914850001 686398.1955195 686398.199554 686398.2035885 686398.207623 686398.2116575 686398.215692
301,686398.223761,96.54200007207692,2282,2285,0.44563126900065597,0.5408793616867048,1.037352037667198,0.9366611015796661,3d gaze,-13.733951794188327,-14.739801133503775,174.75192700708354,686398.223761 686398.2277955 686398.23183 686398.2358645 686398.2398989999 686398.2439335 686398.247968 686398.2520025 686398.256037 686398.2600715 686398.2641060001 686398.2681405 686398.272175 686398.2762095 686398.280244 686398.2842785 686398.288313 686398.292348 686398.2963825 686398.300417 686398.3044515001 686398.3084859999 686398.3125205 686398.316555 686398.320303
302,686398.86525,96.82850004173815,2301,2304,0.4084181395538141,0.6180352064160811,1.447468207858624,0.9366833913326263,3d gaze,-22.137577200745213,-24.629322866514123,156.47751594265176,686398.86525 686398.8692845 686398.873319 686398.8773535 686398.881388 686398.8854225001 686398.889457 686398.8934915 686398.8975259999 686398.9015605 686398.905595 686398.9096295 686398.913664 686398.9176985 686398.921733 686398.9257675 686398.9298025 686398.933837 686398.9378715 686398.941906 686398.9459405 686398.949975 686398.9540095 686398.958044 686398.9620785001
303,686399.062941,80.69100009743124,2307,2310,0.3231997357860034,0.64708278541412,1.485757285347518,0.8432969422567458,3d gaze,-37.27048994771779,-24.379356935439862,128.077262073559,686399.062941 686399.0669755 686399.0710100001 686399.0750445 686399.079079 686399.0831135 686399.087148 686399.091183 686399.095218 686399.0992525 686399.103287 686399.1073215 686399.111356 686399.1153905 686399.1194249999 686399.1234595 686399.127494 686399.1315285 686399.135563 686399.1395975 686399.1436320001
304,686399.1476665,100.86250002495944,2310,2313,0.32606876383482436,0.6230653262445703,1.2934680657488982,0.878856876721749,3d gaze,-38.875009313925325,-22.745891117664502,136.51936944437077,686399.1476665 686399.151701 686399.1557354999 686399.15977 686399.1638045 686399.167839 686399.1718735 686399.175908 686399.1799425001 686399.183977 686399.1880115 686399.1920459999 686399.1960805 686399.200115 686399.2041495 686399.208184 686399.2122185 686399.2162530001 686399.2202875 686399.224322 686399.2283564999 686399.232391 686399.2364255 686399.24046 686399.2444945 686399.248529
305,686399.252564,133.13900004141033,2313,2317,0.3339692344506156,0.62743367459065,1.2926383334772336,0.8995975659174078,3d gaze,-44.01406575602878,-27.66473238230791,162.55519643051338,686399.252564 686399.2565985001 686399.2606329999 686399.2646675 686399.268702 686399.2727365 686399.276771 686399.2808055 686399.28484 686399.2888745 686399.2929090001 686399.2969434999 686399.300978 686399.3050124999 686399.309047 686399.313082 686399.3171165 686399.321151 686399.3251855 686399.32922 686399.3332545001 686399.3372889999 686399.3413235 686399.345358 686399.3493925 686399.353427 686399.3574615 686399.3614960001 686399.3655305 686399.3695650001 686399.3735994999 686399.377634 686399.3816685 686399.385703
306,686399.4341175,96.8280000379309,2318,2321,0.2995187708542168,0.6152204591682227,1.4906624450368327,0.9256799972057342,3d gaze,-42.646750246699874,-20.612813826139483,127.86795383946006,686399.4341175 686399.4381520001 686399.4421865 686399.446221 686399.4502554999 686399.45429 686399.4583245 686399.462359 686399.4663935 686399.470428 686399.4744625001 686399.478497 686399.4825315 686399.4865659999 686399.4906005 686399.494635 686399.4986695 686399.502704 686399.5067385 686399.5107730001 686399.5148075 686399.518842 686399.5228764999 686399.526911 686399.5309455
307,686399.5632219999,125.07000006735325,2322,2326,0.329930130084136,0.6467277711851775,1.2735120660685861,0.9163363007828593,3d gaze,-44.41892173500937,-30.190919962842617,159.2955718200399,686399.5632219999 686399.5672565 686399.571291 686399.5753255 686399.5793600001 686399.5833950001 686399.5874295 686399.591464 686399.5954984999 686399.599533 686399.6035675 686399.607602 686399.6116365 686399.615671 686399.6197055001 686399.62374 686399.6277745 686399.6318089999 686399.6358435 686399.639878 686399.6439125 686399.647947 686399.6519815 686399.6560160001 686399.6600505 686399.664085 686399.6681194999 686399.672154 686399.6761885 686399.680223 686399.6842575 686399.688292
308,686399.6923265001,169.44999992847443,2326,2331,0.3392813160756143,0.6692575492388803,1.3267991997850817,0.9319977399914764,3d gaze,-40.807266791895934,-32.71347215345608,155.0912961567137,686399.6923265001 686399.696361 686399.7003955 686399.7044299999 686399.7084645 686399.712499 686399.7165335 686399.720568 686399.7246025 686399.7286370001 686399.7326715 686399.7367064999 686399.740741 686399.7447754999 686399.74881 686399.7528445 686399.7568795 686399.760914 686399.7649485001 686399.768983 686399.7730175001 686399.7770519999 686399.7810865 686399.785121 686399.7891555 686399.79319 686399.7972245 686399.801259 686399.8052935 686399.8093280001 686399.8133624999 686399.817397 686399.8214314999 686399.825466 686399.8295005 686399.833535 686399.8375695001 686399.841604 686399.8456385001 686399.8496729999 686399.8537075 686399.857742 686399.8617765
309,686400.0312264999,88.75950006768107,2336,2339,0.27961571932176776,0.5503916438671,1.2214660010421083,0.917170067196307,3d gaze,-51.11695743833163,-13.715123415127273,138.5702601115157,686400.0312264999 686400.035261 686400.0392954999 686400.04333 686400.0473645 686400.0513995 686400.055434 686400.0594685001 686400.063503 686400.0675375 686400.0715719999 686400.0756065 686400.0796409999 686400.0836755 686400.08771 686400.0917445 686400.0957790001 686400.0998135 686400.103848 686400.1078824999 686400.111917 686400.1159515 686400.119986
310,686400.1240205,181.55350000597537,2339,2344,0.26862431359433275,0.5355156848608824,1.2719691899194727,0.9043559062740077,3d gaze,-45.04538321871115,-9.80644278785535,115.5007097017783,686400.1240205 686400.128055 686400.1320895001 686400.136124 686400.1401585 686400.1441929999 686400.1482275 686400.1522619999 686400.1562965 686400.160331 686400.1643655 686400.1684000001 686400.1724345 686400.176469 686400.1805034999 686400.184538 686400.1885725 686400.192607 686400.1966415 686400.200676 686400.2047105001 686400.2087455001 686400.21278 686400.2168145 686400.2208495 686400.2248839999 686400.2289185 686400.232953 686400.2369875 686400.2410220001 686400.2450565 686400.2490910001 686400.2531254999 686400.25716 686400.2611945 686400.265229 686400.2692635 686400.273298 686400.2773325 686400.281367 686400.2854015001 686400.2894359999 686400.2934705 686400.2975049999 686400.3015395 686400.305574
311,686400.5476454999,92.79350005090237,2352,2354,0.3124387174988597,0.46115484609203977,1.3210755638646745,0.8774810023605824,3d gaze,-54.7268289188758,-2.242037264330817,178.94892270618732,686400.5476454999 686400.55168 686400.5557144999 686400.559749 686400.5637835 686400.567818 686400.5718525001 686400.575887 686400.5799215001 686400.5839559999 686400.5879905 686400.592025 686400.5960595 686400.600094 686400.6041285 686400.6081630001 686400.6121975 686400.6162320001 686400.6202664999 686400.624301 686400.6283354999 686400.63237 686400.6364045 686400.640439
312,686400.8542685,112.96699999365956,2361,2364,0.2967181995458076,0.4601445557223885,1.485864374962586,0.8727692478689654,3d gaze,-54.80940578154018,-1.8883555364070421,163.76652254084937,686400.8542685 686400.8583035 686400.862338 686400.8663725001 686400.870407 686400.8744415 686400.8784759999 686400.8825105 686400.8865455 686400.89058 686400.8946140001 686400.8986485 686400.9026835 686400.9067180001 686400.9107524999 686400.914787 686400.9188214999 686400.922856 686400.9268905 686400.930925 686400.9349595001 686400.938994 686400.9430285001 686400.9470629999 686400.9510975 686400.9551319999 686400.9591665 686400.963201 686400.9672355
313,686400.97127,217.8645000094548,2364,2371,0.28953925603480696,0.45246954872297396,1.0524975689663878,0.8655943924730475,3d gaze,-52.85504967576138,-0.6454359958797182,151.7187574893,686400.97127 686400.9753045 686400.9793390001 686400.9833734999 686400.987408 686400.9914424999 686400.995477 686400.9995115 686401.003546 686401.0075805001 686401.011615 686401.0156495001 686401.0196845001 686401.0237189999 686401.0277535 686401.0317879999 686401.0358225 686401.039857 686401.0438915 686401.0479260001 686401.0519605 686401.0559950001 686401.0600294999 686401.064064 686401.0680985 686401.072133 686401.0761675 686401.080202 686401.0842365001 686401.088271 686401.0923055001 686401.0963399999 686401.1003745 686401.1044089999 686401.1084435 686401.1124785 686401.116513 686401.1205475 686401.1245820001 686401.1286165 686401.132651 686401.1366854999 686401.14072 686401.1447545 686401.148789 686401.1528235001 686401.156858 686401.1608925001 686401.164927 686401.1689615 686401.1729959999 686401.1770305 686401.1810655 686401.1851 686401.1891345
314,686401.4917230001,189.62299986742437,2380,2385,0.32513081360759477,0.4397182380022941,1.3881916878034963,0.8997260003040234,3d gaze,-48.401019197767006,1.3292919984064813,171.11206037563838,686401.4917230001 686401.4957580001 686401.4997924999 686401.503827 686401.5078614999 686401.511896 686401.5159305 686401.519965 686401.5239995001 686401.528034 686401.5320685001 686401.5361029999 686401.5401375 686401.5441719999 686401.5482065 686401.552241 686401.5562755 686401.5603100001 686401.5643450001 686401.5683795 686401.572414 686401.5764484999 686401.580483 686401.5845175 686401.588552 686401.5925865 686401.596621 686401.6006555001 686401.60469 686401.6087245 686401.6127589999 686401.6167935 686401.6208279999 686401.6248625 686401.6288970001 686401.6329315 686401.6369660001 686401.6410005 686401.645035 686401.6490694999 686401.653104 686401.6571385 686401.661173 686401.665208 686401.6692425001 686401.673277 686401.6773115001 686401.6813459999
315,686401.883072,205.7604999281466,2391,2398,0.31246117118230254,0.49898137628976535,1.3243816031886664,0.8536048949911044,3d gaze,-50.66859282450257,-8.017256817830686,165.54171925702633,686401.883072 686401.8871065001 686401.891141 686401.8951755001 686401.89921 686401.9032445 686401.9072789999 686401.9113135 686401.915348 686401.9193825 686401.923417 686401.9274515 686401.9314860001 686401.9355205 686401.939555 686401.9435894999 686401.947624 686401.9516584999 686401.955693 686401.9597275001 686401.963762 686401.9677965001 686401.971831 686401.9758655 686401.9799005 686401.9839349999 686401.9879695 686401.992004 686401.9960385 686402.0000730001 686402.0041075 686402.0081420001 686402.0121764999 686402.0162114999 686402.020246 686402.0242804999 686402.028315 686402.0323495001 686402.036384 686402.0404185001 686402.044453 686402.0484875 686402.0525219999 686402.0565565 686402.060591 686402.0646255 686402.06866 686402.0726945 686402.0767290001 686402.0807635 686402.084798 686402.0888324999
316,686402.234075,84.72549996804446,2402,2404,0.33672382606347484,0.4205099616323058,1.3226277483532618,0.7643157529830933,3d gaze,-38.24321853204337,3.7515407432976176,145.77380073425138,686402.234075 686402.2381094999 686402.242144 686402.2461785 686402.2502135 686402.2582825 686402.262317 686402.2663515001 686402.2703859999 686402.2744205 686402.2784549999 686402.2824895 686402.286524 686402.2905585 686402.2945930001 686402.3026620001 686402.3066964999 686402.3107314999 686402.314766 686402.3188005
317,686402.3631800001,108.9324998902157,2406,2409,0.33889032458677437,0.4260499843194028,1.4644579128749018,0.7848159267352177,3d gaze,-38.60901536835242,3.0842565423854102,149.4144164682497,686402.3631800001 686402.3672145 686402.3712490001 686402.3752835 686402.379318 686402.387387 686402.3914215 686402.395456 686402.3994905001 686402.403525 686402.4075595001 686402.411594 686402.4156285 686402.4196629999 686402.4236975 686402.4277319999 686402.4317665 686402.4358010001 686402.4398355 686402.4438700001 686402.4519394999 686402.455974 686402.4600084999 686402.464043 686402.468078 686402.4721125
318,686402.476147,92.79350005090237,2409,2412,0.3466420424053753,0.4028168099241761,1.4040935383625581,0.8217448060927184,3d gaze,-37.72943969795228,6.487490285672585,153.98177968036367,686402.476147 686402.4801815001 686402.484216 686402.4882505 686402.4922849999 686402.4963195 686402.5003539999 686402.5043885 686402.5084230001 686402.5124575 686402.5164920001 686402.5205265 686402.524561 686402.5285954999 686402.53263 686402.5366644999 686402.540699 686402.5447335 686402.548768 686402.556837 686402.5608715 686402.5649059999 686402.5689405
319,686402.8715295,88.759999955073,2421,2424,0.35218168668919486,0.426290972437985,1.4972975372341253,0.8095686861446926,3d gaze,-29.017003494522392,2.5269352172986173,123.44314856364701,686402.8715295 686402.8755640001 686402.8795985 686402.8836330001 686402.8876675 686402.891702 686402.8957364999 686402.899771 686402.9038054999 686402.9118745 686402.915909 686402.919944 686402.9239785001 686402.9280129999 686402.9320475 686402.9360819999 686402.9401165 686402.9481855 686402.9522205 686402.9562550001 686402.9602895
320,686403.036945,108.93199988640845,2426,2429,0.3460342386283426,0.4232905428564272,0.6444194965267408,0.7916244459152222,3d gaze,-27.298623106837304,2.5658565470618857,110.99408793905559,686403.036945 686403.0409794999 686403.045014 686403.053083 686403.0571175001 686403.061152 686403.0651865001 686403.069221 686403.0772899999 686403.0813245 686403.0853589999 686403.0893935 686403.093428 686403.0974625 686403.1014970001 686403.1055315 686403.113601 686403.1176354999 686403.12167 686403.1257044999 686403.129739 686403.1337735001 686403.137808 686403.1418425001 686403.145877
321,686403.1821880001,92.79399993829429,2430,2433,0.3630783169578389,0.4120648157735663,1.4358662784131822,0.823507977568585,3d gaze,-23.243099963370035,3.5856913748161374,107.37575247541832,686403.1821880001 686403.1862224999 686403.190257 686403.1942914999 686403.198326 686403.2023605 686403.206395 686403.2104295001 686403.214464 686403.2184985001 686403.2225329999 686403.2265675 686403.2306019999 686403.2346365 686403.238671 686403.2427055 686403.2467400001 686403.2507745 686403.2548090001 686403.2588434999 686403.2628784999 686403.266913 686403.274982
322,686403.4403975001,169.44999992847443,2438,2443,0.4456592574431283,0.41610924778137337,1.4338106231655796,0.8544268584549428,3d gaze,-7.958419967539466,2.9232379278792524,100.63066746274643,686403.4403975001 686403.4444319999 686403.4484665 686403.4525009999 686403.4565355 686403.46057 686403.4646045 686403.4686390001 686403.4726735 686403.4767080001 686403.4807424999 686403.484777 686403.4888114999 686403.492846 686403.4968805 686403.500915 686403.5049495001 686403.5130185001 686403.5170529999 686403.5210875 686403.5251219999 686403.5291565 686403.533191 686403.5372255 686403.5452945 686403.5493290001 686403.5533634999 686403.557398 686403.5614324999 686403.565467 686403.5695015 686403.5775705001 686403.581605 686403.58564 686403.5896745 686403.5937089999 686403.5977435 686403.6017779999 686403.605813 686403.6098475
323,686403.6138820001,104.89699989557266,2443,2446,0.4491040514097812,0.3915927524032505,1.329077766107625,0.8920141813846735,3d gaze,-7.388058960230286,5.177520345118247,100.58650514174792,686403.6138820001 686403.6179165 686403.6219510001 686403.6259854999 686403.63002 686403.6340544999 686403.638089 686403.6421235 686403.646158 686403.6501925001 686403.654227 686403.6582615001 686403.6622959999 686403.6663305 686403.6703649999 686403.6743995 686403.678434 686403.6824685 686403.6865030001 686403.6905375 686403.6945720001 686403.6986064999 686403.7066754999 686403.71071 686403.7147445 686403.718779
324,686403.7349169999,92.79400017112494,2447,2449,0.4778375693856003,0.4046650565706198,1.3071627455958241,0.8917983000477155,3d gaze,-2.852071078288136,4.174049155654836,105.75650306381671,686403.7349169999 686403.7389515 686403.7429859999 686403.7470205 686403.751055 686403.7550900001 686403.7591245 686403.7631590001 686403.7671935 686403.771228 686403.7752624999 686403.779297 686403.7833314999 686403.787366 686403.7914005 686403.795435 686403.7994695001 686403.803504 686403.8075385 686403.8115729999 686403.8156075 686403.8196419999 686403.8236765 686403.8277110001
325,686403.847884,80.69049986079335,2450,2452,0.5013570183421555,0.4115630651248859,1.4315908524946235,0.8947074583598545,3d gaze,1.0862132708184555,3.283258901016605,99.09896247308522,686403.847884 686403.8519184999 686403.855953 686403.8599874999 686403.864022 686403.8680565001 686403.872091 686403.8761255001 686403.88016 686403.8841945 686403.8882289999 686403.8922635 686403.8962979999 686403.900333 686403.9043675 686403.9084020001 686403.9124365 686403.9164710001 686403.9205054999 686403.92454 686403.9285744999
326,686404.150473,117.00099997688085,2459,2463,0.4290786844373439,0.33397183644991063,1.4133546155268313,0.8776538423423109,3d gaze,-7.848237948993487,7.700942644449847,73.6418190363498,686404.150473 686404.1545075 686404.158542 686404.1625765001 686404.166611 686404.1706455001 686404.1746799999 686404.1787145 686404.1827489999 686404.1867835 686404.190818 686404.1948525 686404.1988870001 686404.2029215 686404.2069560001 686404.2109904999 686404.215025 686404.2190594999 686404.223094 686404.2271285 686404.2311635001 686404.235198 686404.2392325001 686404.243267 686404.2473015 686404.2553705 686404.2594049999 686404.2634395 686404.267474
327,686404.444993,217.86400000564754,2468,2474,0.4250826337806787,0.318651077176534,1.1599182697394432,0.9193319120190361,3d gaze,-9.44068513447962,9.90031992558815,83.32903900411765,686404.444993 686404.4490275001 686404.453062 686404.4570965001 686404.461131 686404.4651655001 686404.4691999999 686404.4732345 686404.4772689999 686404.4813035 686404.485338 686404.4893725 686404.4934070001 686404.4974415 686404.5014760001 686404.5055104999 686404.5095454999 686404.51358 686404.5176144999 686404.521649 686404.5256835001 686404.529718 686404.5337525001 686404.537787 686404.5418215 686404.5458565 686404.5498909999 686404.5539255 686404.55796 686404.5619945 686404.5660290001 686404.5700635 686404.5740980001 686404.5781324999 686404.582167 686404.5862014999 686404.590236 686404.5942704999 686404.598305 686404.6023395001 686404.606374 686404.6104085001 686404.6144429999 686404.6184775 686404.6225119999 686404.6265465 686404.630581 686404.6346155 686404.6386500001 686404.6426845 686404.6467190001 686404.6507534999 686404.654788 686404.6588224999 686404.662857
328,686404.6668914999,88.76000018790364,2474,2477,0.4258375651891926,0.3182822733933567,1.4913057074089273,0.9167653801648513,3d gaze,-9.726695457244322,10.339752705135956,86.7944689400907,686404.6668914999 686404.670926 686404.6749605001 686404.678995 686404.6830295001 686404.6870639999 686404.6910985 686404.6951329999 686404.6991675 686404.703202 686404.7072365 686404.7112710001 686404.7153060001 686404.7193410001 686404.7233755 686404.7274094999 686404.731444 686404.735479 686404.7395134999 686404.743548 686404.7475825001 686404.751617 686404.7556515001
329,686404.8081,205.7604999281466,2479,2485,0.44450903899151706,0.2786991734714641,1.386643262408763,0.9057191048677151,3d gaze,-6.164316978006444,11.754231134527119,75.45393399094077,686404.8081 686404.8121344999 686404.816169 686404.8202035001 686404.824238 686404.8282725001 686404.832307 686404.8363415 686404.8403759999 686404.8444105 686404.848445 686404.8524795 686404.8565140001 686404.8605485 686404.8645830001 686404.8686180001 686404.8726524999 686404.876687 686404.8807214999 686404.884756 686404.8887905 686404.892825 686404.8968595001 686404.900894 686404.9049285001 686404.9089629999 686404.9129975 686404.9170319999 686404.9210665 686404.925101 686404.9291355 686404.9331700001 686404.9372045 686404.9412390001 686404.9452734999 686404.949308 686404.9533424999 686404.957377 686404.961412 686404.9654465001 686404.969481 686404.9735155001 686404.97755 686404.9815845 686404.9856189999 686404.9896535 686404.9936879999 686404.9977225 686405.001757 686405.0057915 686405.0098260001 686405.0138605
330,686405.017895,80.69049986079335,2485,2487,0.44127806111201195,0.25908315612186256,1.2359682834073884,0.9090364709496498,3d gaze,-6.5614327137698565,13.134242666150334,75.24929734313747,686405.017895 686405.0219294999 686405.025964 686405.029999 686405.0340335 686405.038068 686405.0421025001 686405.046137 686405.054206 686405.0582405 686405.0622749999 686405.0663095 686405.0703439999 686405.0743785 686405.0784130001 686405.0824475 686405.0864820001 686405.0905165 686405.094551 686405.0985854999
331,686405.1591030001,112.96699987724423,2489,2493,0.44836948338522514,0.1972107447770256,1.495118312013977,0.8878247974247768,3d gaze,-5.649542063180641,17.27643823734621,73.91558253650686,686405.1591030001 686405.1631374999 686405.167172 686405.1712064999 686405.175241 686405.179276 686405.1833105001 686405.187345 686405.19138 686405.1954145001 686405.199449 686405.2034835 686405.2075179999 686405.2115525 686405.2155869999 686405.2196215 686405.2236560001 686405.2276905 686405.2317250001 686405.2357595 686405.239794 686405.2438284999 686405.247863 686405.2518975 686405.255932 686405.2599665 686405.264001 686405.2680355001 686405.27207
332,686405.2761045,112.96649998985231,2493,2496,0.4476532078241635,0.18123182024015946,1.3523721240591209,0.9106778995744114,3d gaze,-5.878329631445248,18.837415440779232,75.47637441206813,686405.2761045 686405.2801389999 686405.2841735 686405.2882079999 686405.2922425 686405.2962770001 686405.3003115 686405.3043460001 686405.3083805 686405.312415 686405.3164494999 686405.320484 686405.3245185 686405.328553 686405.3325875 686405.336622 686405.3406565001 686405.344691 686405.3487255 686405.3527605 686405.3567949999 686405.3608295 686405.364864 686405.3688985 686405.3729330001 686405.3769675 686405.3810020001 686405.3850364999 686405.389071
333,686405.481865,80.690500093624,2499,2501,0.5007952357096068,0.26102846320339546,1.4494068049129967,0.855967853963375,3d gaze,1.0719712368734127,18.239509028721027,106.08338176810369,686405.481865 686405.4858995001 686405.489934 686405.4939685 686405.4980029999 686405.5020375 686405.5060719999 686405.5101065 686405.5141415 686405.518176 686405.5222105 686405.5262450001 686405.5302795 686405.534314 686405.5383484999 686405.5464175 686405.550452 686405.5544865001 686405.558521 686405.5625555001
334,686406.054767,80.69049997720867,2516,2518,0.5119259966069432,0.3015645286259669,1.3570432394472494,0.7853196760018667,3d gaze,2.5824553326014827,12.283550978582461,91.64911616396455,686406.054767 686406.062836 686406.0668705 686406.070905 686406.0749395001 686406.078974 686406.0870435 686406.0910779999 686406.0951125 686406.099147 686406.1031815 686406.1072160001 686406.1112505 686406.1152850001 686406.1193194999 686406.1273885 686406.131423 686406.1354575
335,686406.211834,80.69000008981675,2521,2523,0.5371747592618397,0.4296858163497015,1.4786065033932618,0.91247896714644,3d gaze,40.635065198521765,9.894118449808458,590.1719699259287,686406.211834 686406.219903 686406.227972 686406.236041 686406.24411 686406.252179 686406.260248 686406.268317 686406.276386 686406.284455 686406.292524
336,686407.163982,137.1740000322461,2549,2553,0.5371803192993921,0.5129157236265779,1.2046374705290022,0.7644103261140677,3d gaze,38.32353263489289,-32.80328231691796,555.9334307732622,686407.163982 686407.172051 686407.188189 686407.196258 686407.204327 686407.212396 686407.220465 686407.236603 686407.252741 686407.276948 686407.285018 686407.293087 686407.301156
337,686407.8017150001,80.68999997340143,2568,2570,0.5380650977329721,0.2167605291980419,1.4305112423725501,0.6674363791942597,3d gaze,9.277480337305096,27.660192563349973,129.11537292421048,686407.8017150001 686407.882405
338,686408.07634,96.82899992913008,2576,2579,0.4962507710884835,0.1641955174478134,1.4167621226182674,0.7827721174200485,3d gaze,1.3316961155884464,123.93597866621377,466.3857303846536,686408.07634 686408.116686 686408.132824 686408.173169
339,686408.576066,169.44999992847443,2591,2596,0.4413049103468367,0.449864463258486,1.4266907977395775,0.7916037467393008,3d gaze,-56.95917274618776,-1.0649169150553426,661.5492785368606,686408.576066 686408.584135 686408.592204 686408.600273 686408.608342 686408.616411 686408.62448 686408.632549 686408.640618 686408.648687 686408.656756 686408.664825 686408.672894 686408.680963 686408.689032 686408.697101 686408.70517 686408.713239 686408.721309 686408.729378 686408.737447 686408.745516
340,686408.955311,80.68999997340143,2602,2605,0.4822391402267542,0.4955482725208772,1.005969680630686,0.7668829798698426,3d gaze,-12.144113113448423,-26.37016783847189,611.8047456225752,686408.955311 686408.96338 686408.971449 686408.979518 686408.987587 686409.003725 686409.011794 686409.019863 686409.027932 686409.036001
341,686409.124761,129.1049999417737,2607,2611,0.5032308661470122,0.488253871246799,1.3683592434668055,0.7581796447436014,3d gaze,8.365019220670328,-21.75891195024739,597.4601790885864,686409.124761 686409.13283 686409.148968 686409.157037 686409.189313 686409.197382 686409.205452 686409.213521 686409.22159 686409.229659 686409.237728 686409.253866
342,686409.261935,80.69000008981675,2612,2614,0.5029557673684504,0.4782850579677272,0.6651787653258401,0.7990591309287332,3d gaze,8.16544657108211,-16.489275979792595,601.9693909155553,686409.261935 686409.270004 686409.278073 686409.286142 686409.294211 686409.30228 686409.310349 686409.318418 686409.326487 686409.334556 686409.342625
343,686409.382971,121.03499996010214,2615,2619,0.4980570197816088,0.5252788874695379,1.4900659900022788,0.9576491415500641,3d gaze,3.3162247739402275,-41.08624038259503,585.2943439741999,686409.382971 686409.39104 686409.399109 686409.407178 686409.415247 686409.423316 686409.431385 686409.439454 686409.447523 686409.455592 686409.463661 686409.47173 686409.479799 686409.487868 686409.495937 686409.504006
344,686409.512075,137.1740000322461,2619,2623,0.48463481188122337,0.5295063300495017,1.1390908587526647,0.9705522788895501,3d gaze,-9.531648066090854,-44.0102755695593,594.4351071958586,686409.512075 686409.520145 686409.528214 686409.536283 686409.544352 686409.552421 686409.56049 686409.568559 686409.576628 686409.584697 686409.592766 686409.600835 686409.608904 686409.616973 686409.625042 686409.633111 686409.64118 686409.649249
345,686409.657318,80.69099998101592,2623,2626,0.48629536644773624,0.5230235019767883,1.4959941432275143,0.981438701803034,3d gaze,-7.933583507863137,-40.60635553429918,596.0832051773218,686409.657318 686409.665387 686409.673456 686409.681525 686409.689594 686409.697664 686409.705733 686409.713802 686409.721871 686409.72994 686409.738009
346,686409.91177,84.72449996042997,2631,2633,0.498939687819661,0.5822921620400593,1.3076687627987431,0.985340803861618,3d gaze,1.044727418047821,-18.393426647597778,150.02282166506464,686409.91177 686409.9158045 686409.919839 686409.9238735 686409.9279080001 686409.9319424999 686409.935977 686409.9400115 686409.944046 686409.9480805 686409.952115 686409.9561495 686409.960184 686409.9642185 686409.9682529999 686409.9722875 686409.976322 686409.9803565 686409.984391 686409.9884255 686409.99246 686409.9964945
347,686410.085254,141.20849990285933,2636,2640,0.45854576268667635,0.5792270960816512,1.2417028009182882,0.9644007964266671,3d gaze,-7.770209141350646,-15.971014751882068,133.14635831719409,686410.085254 686410.0892885 686410.093323 686410.0973575 686410.101392 686410.1054265 686410.109461 686410.1134955001 686410.11753 686410.1215645 686410.125599 686410.1296335 686410.133668 686410.1377025 686410.1417375 686410.1457720001 686410.1498065 686410.153841 686410.1578755 686410.16191 686410.1659445 686410.1699795 686410.174014 686410.1780485 686410.182083 686410.1861175001 686410.1901519999 686410.1941865 686410.198221 686410.2022555 686410.20629 686410.2103245 686410.214359 686410.2183935 686410.222428 686410.2264624999
348,686410.278911,112.96699999365956,2642,2645,0.4895095409162224,0.5688958750621376,1.3682081112360012,0.9395341009929262,3d gaze,-1.0721583826051964,-14.386474514637953,130.43138436773054,686410.278911 686410.2829455 686410.28698 686410.2910145 686410.295049 686410.2990834999 686410.303118 686410.3071525 686410.311187 686410.3152215 686410.319256 686410.3232905 686410.327325 686410.33136 686410.3353945 686410.3394289999 686410.3434635 686410.347498 686410.3515325 686410.355567 686410.359602 686410.3636365 686410.367671 686410.3717055 686410.37574 686410.3797745 686410.383809 686410.3878435 686410.391878
349,686410.3959125,217.86400000564754,2645,2652,0.48631795840448744,0.553913122883496,1.260714796929807,0.9480606534264304,3d gaze,-1.6551415164790944,-11.960745581462698,123.89291355049157,686410.3959125 686410.399947 686410.4039815001 686410.408016 686410.4120505 686410.416085 686410.4201195 686410.424154 686410.4281885 686410.432223 686410.4362575 686410.440292 686410.4443265 686410.448361 686410.4523955 686410.45643 686410.4604645 686410.464499 686410.4685335 686410.472568 686410.4766025001 686410.480637 686410.4846715 686410.488706 686410.492741 686410.4967755 686410.50081 686410.5048445 686410.508879 686410.5129135 686410.5169480001 686410.5209825 686410.525017 686410.5290515 686410.533086 686410.5371205 686410.541155 686410.5451895 686410.549224 686410.5532585 686410.5572929999 686410.5613275 686410.565362 686410.5693965 686410.573431 686410.5774655 686410.5815 686410.5855345 686410.5895690001 686410.5936035 686410.597638 686410.601673 686410.6057075 686410.609742 686410.6137765
350,686410.617811,96.82850004173815,2652,2655,0.4849860246264456,0.5438511783104076,1.2616270009425172,0.9705016160011292,3d gaze,-1.7187726329555042,-9.726354883269716,111.46997199977511,686410.617811 686410.6218455 686410.62588 686410.6299145 686410.633949 686410.6379835 686410.642018 686410.646053 686410.6500875 686410.654122 686410.6581565 686410.6621910001 686410.6662255 686410.67026 686410.6742945 686410.678329 686410.6823635 686410.686398 686410.6904325 686410.694467 686410.6985015 686410.7025359999 686410.7065705 686410.710605 686410.7146395
351,686410.718674,80.68999997340143,2655,2657,0.48113607350113313,0.5260868594487781,1.0389212698578454,0.9449276810600644,3d gaze,-2.4025544861418364,-7.899326891545478,111.21380810957899,686410.718674 686410.7227085 686410.726743 686410.7307775 686410.7348120001 686410.7388465 686410.742881 686410.7469155 686410.75095 686410.7549845 686410.759019 686410.7630535 686410.767088 686410.7711225 686410.7751569999 686410.7791915 686410.783226 686410.7872605 686410.791295 686410.7953295 686410.799364
352,686410.8437445,149.2770001059398,2659,2663,0.4712493468077342,0.6217100660983711,1.4950478550579045,0.9754617371057209,3d gaze,-4.731475685730432,-19.982067322736388,125.27296013820397,686410.8437445 686410.847779 686410.8518135 686410.855848 686410.8598825 686410.863917 686410.8679515 686410.871986 686410.8760205 686410.880055 686410.8840895 686410.888124 686410.8921585 686410.896193 686410.9002275 686410.904262 686410.9082965 686410.912331 686410.9163655 686410.9204 686410.9244345 686410.928469 686410.9325035 686410.936538 686410.9405725 686410.944607 686410.9486415 686410.952676 686410.9567105 686410.960745 686410.9647795 686410.9688145 686410.972849 686410.9768835 686410.980918 686410.9849525 686410.988987 686410.9930215001
353,686410.997056,96.82849992532283,2663,2666,0.4668060431022037,0.6232903978336701,1.4731375926027017,0.9748100554943084,3d gaze,-5.705253956801949,-20.330871860871227,126.22929628999962,686410.997056 686411.0010905 686411.005125 686411.0091595 686411.013194 686411.0172285 686411.021263 686411.0252975 686411.029332 686411.0333664999 686411.037401 686411.0414355 686411.0454705 686411.049505 686411.0535395 686411.057574 686411.0616085 686411.065643 686411.0696775 686411.073712 686411.0777465 686411.081781 686411.0858155 686411.08985 686411.0938845
354,686411.097919,84.72500008065253,2666,2669,0.46154454096239944,0.6291053426744132,1.4731394442840997,0.9772286157716404,3d gaze,-6.373310449355228,-19.7494925473074,118.53501176984592,686411.097919 686411.1019535 686411.105988 686411.1100225 686411.114057 686411.1180915 686411.122126 686411.1261605 686411.1301955 686411.13423 686411.1382645 686411.1422989999 686411.1463335 686411.150368 686411.1544025 686411.158437 686411.1624715 686411.166506 686411.1705405 686411.174575 686411.1786094999 686411.182644
355,686411.1866785,205.7604999281466,2669,2675,0.45983583954673285,0.6321962959478172,1.3368143236716812,0.9859408163107358,3d gaze,-7.015202329171173,-20.92723986560114,123.44018527145678,686411.1866785 686411.190713 686411.1947475 686411.198782 686411.2028165 686411.206851 686411.2108855 686411.2149199999 686411.2189545 686411.222989 686411.2270235 686411.231058 686411.2350925 686411.239127 686411.2431615 686411.247196 686411.2512304999 686411.255265 686411.2592995 686411.2633345 686411.267369 686411.2714035 686411.275438 686411.2794725 686411.2835075 686411.287542 686411.2915765 686411.295611 686411.2996455 686411.30368 686411.3077145 686411.311749 686411.3157835 686411.319818 686411.3238525 686411.327887 686411.3319215 686411.335956 686411.3399905 686411.344025 686411.3480595 686411.352094 686411.3561285 686411.360163 686411.3641975 686411.368232 686411.3722665 686411.376301 686411.3803355 686411.38437 686411.3884045 686411.392439
356,686411.3964735,141.20850001927465,2675,2679,0.4505344543862845,0.6307921385599817,1.2324654508010127,0.9808852184149954,3d gaze,-9.389481394827662,-21.955014482742648,130.45361427582534,686411.3964735 686411.400508 686411.4045425 686411.408577 686411.4126115 686411.416646 686411.4206805 686411.424715 686411.4287495 686411.432784 686411.4368185 686411.440853 686411.4448875 686411.448922 686411.452957 686411.4569915 686411.461026 686411.4650605 686411.4690950001 686411.4731295 686411.477164 686411.4811985 686411.485233 686411.4892675 686411.493302 686411.4973365 686411.501371 686411.505406 686411.5094405 686411.513475 686411.5175095 686411.521544 686411.5255785 686411.529613 686411.5336475 686411.537682
357,686411.6103035,145.24250000249594,2682,2686,0.38659820406687706,0.6363867190369137,1.4970806999580315,0.9654610350325301,3d gaze,-21.04252484808372,-20.699154128241695,117.66020355735897,686411.6103035 686411.614338 686411.6183725 686411.622407 686411.6264415 686411.630476 686411.6345105 686411.638545 686411.6425795 686411.646614 686411.6506485 686411.654683 686411.6587175 686411.662752 686411.6667865 686411.670821 686411.6748555 686411.67889 686411.6829245 686411.686959 686411.6909935 686411.695028 686411.6990625 686411.703097 686411.7071315 686411.711166 686411.7152005 686411.719235 686411.72327 686411.7273045001 686411.731339 686411.7353735 686411.739408 686411.7434425 686411.747477 686411.7515115 686411.755546
358,686411.7595805,125.07000006735325,2686,2690,0.3787169771251711,0.6253107110087285,1.006523983026145,0.950026098638773,3d gaze,-23.420325361598014,-20.184245521202318,121.92629485618248,686411.7595805 686411.763615 686411.7676494999 686411.771684 686411.775719 686411.7797535 686411.783788 686411.7878225 686411.791857 686411.7958915 686411.799926 686411.8039605 686411.807995 686411.8120295 686411.816064 686411.8200985 686411.824133 686411.8281675 686411.832202 686411.8362365 686411.840271 686411.8443055 686411.84834 686411.8523745 686411.856409 686411.8604435 686411.864478 686411.8685125 686411.872547 686411.8765815 686411.880616 686411.8846505
359,686411.941134,88.75950006768107,2692,2694,0.3383760429233349,0.6266046699258747,1.3868344017090328,0.8954602337401846,3d gaze,-34.39253722055294,-22.135841293298366,130.88903959697748,686411.941134 686411.9451685 686411.9492035001 686411.953238 686411.9572725 686411.961307 686411.9653415 686411.969376 686411.9734105 686411.977445 686411.9814795 686411.985514 686411.9895485 686411.993583 686411.9976175 686412.001652 686412.0056865 686412.009721 686412.0137555 686412.01779 686412.0218245 686412.025859 686412.0298935
360,686412.033928,133.13949992880225,2694,2698,0.35304051043585566,0.6244876345941661,1.308723805884307,0.8922427550834768,3d gaze,-29.419278338257985,-20.65800093711157,124.23007307523272,686412.033928 686412.0379625 686412.041997 686412.0460315 686412.050066 686412.0541005 686412.058135 686412.0621695 686412.066204 686412.0702385 686412.074273 686412.0783075 686412.082342 686412.0863765 686412.090411 686412.0944455 686412.0984805 686412.102515 686412.1065495 686412.110584 686412.1146185 686412.118653 686412.1226875 686412.126722 686412.1307565 686412.134791 686412.1388255 686412.14286 686412.1468945 686412.150929 686412.1549635 686412.158998 686412.1630325 686412.1670675
361,686412.78811,104.89700001198798,2717,2720,0.3945251339384104,0.5120588007226312,0.6017327415806197,0.829161924975259,3d gaze,-108.38071754843315,-39.02651238063976,663.2769164753503,686412.78811 686412.796179 686412.804248 686412.812317 686412.820386 686412.828455 686412.836524 686412.844593 686412.852662 686412.860731 686412.8688 686412.876869 686412.884938 686412.893007
362,686413.1918355001,173.48449991550297,2729,2734,0.33427258085471195,0.5775008392102774,1.4660298960039808,0.8610178428617391,3d gaze,-44.844926108525485,-20.384621091317637,167.016951568767,686413.1918355001 686413.19587 686413.1999045 686413.203939 686413.2079735 686413.212008 686413.2160425 686413.2200775 686413.224112 686413.2281465 686413.232181 686413.2362155 686413.24025 686413.2442845 686413.248319 686413.2523535 686413.256388 686413.2604225 686413.264457 686413.2684915 686413.2725259999 686413.2765605 686413.280595 686413.2846295 686413.288664 686413.2926985 686413.296733 686413.3007675 686413.304802 686413.3088365 686413.3128715 686413.316906 686413.3209405 686413.324975 686413.3290095 686413.333044 686413.3370785 686413.341113 686413.3451475 686413.349182 686413.3532165 686413.357251 686413.3612855 686413.36532
363,686413.3693545,217.8645000094548,2734,2741,0.33936875203744893,0.5752759709853787,0.9307248307619606,0.8623474960977381,3d gaze,-44.08040120215128,-20.355451195898713,170.0161702150795,686413.3693545 686413.3733895 686413.3774240001 686413.3814585 686413.385493 686413.3895275 686413.393562 686413.3975965 686413.401631 686413.4056655 686413.4097 686413.4137345 686413.4177689999 686413.4218035 686413.425838 686413.4298725 686413.433907 686413.4379415 686413.441976 686413.4460105 686413.4500450001 686413.4540795 686413.458114 686413.4621485 686413.466183 686413.4702175 686413.474252 686413.4782865 686413.482321 686413.4863555 686413.4903899999 686413.4944245 686413.498459 686413.5024935 686413.506528 686413.5105625 686413.514597 686413.5186315 686413.5226660001 686413.5267005 686413.5307355 686413.53477 686413.5388045 686413.5428395 686413.546874 686413.5509085 686413.554943 686413.5589775 686413.5630119999 686413.5670465 686413.571081 686413.5751155 686413.57915 686413.5831845 686413.587219
364,686413.5912535,117.00100009329617,2741,2744,0.34244890857207205,0.5821018231851058,0.592177782539018,0.8494734317064285,3d gaze,-42.45644220161769,-21.062822427138354,167.10888787845604,686413.5912535 686413.5952880001 686413.5993224999 686413.603357 686413.6073915 686413.611426 686413.6154605 686413.619495 686413.6235295 686413.627564 686413.6315985 686413.6356329999 686413.6396675 686413.643702 686413.6477365 686413.651771 686413.6558055 686413.65984 686413.6638745 686413.6679090001 686413.6719434999 686413.675978 686413.6800125 686413.684047 686413.6880815 686413.692116 686413.696151 686413.7001855 686413.70422 686413.7082545001
365,686413.966191,96.8290000455454,2752,2755,0.39777267621589046,0.5335411404351224,0.6083781615995943,0.804144201606422,3d gaze,-103.04680065074996,-51.228672565508255,651.4813351576151,686413.966191 686413.990398 686413.998467 686414.006536 686414.014605 686414.022675 686414.030744 686414.038813 686414.06302
366,686414.4748135,88.75950006768107,2767,2770,0.3463625276634638,0.40622616689575386,1.0679764470496707,0.8936261123134976,3d gaze,-49.95206240248046,7.93414631535832,203.57612282406163,686414.4748135 686414.478848 686414.4828824999 686414.486917 686414.4909515 686414.4949865 686414.499021 686414.5030555 686414.5111245001 686414.515159 686414.5191935 686414.5232279999 686414.5272625 686414.531297 686414.5353315 686414.539366 686414.5434005 686414.5514695 686414.555504 686414.5595385 686414.563573
367,686414.5676075,92.79449994210154,2770,2773,0.3505566725282428,0.4314323764895558,1.4388599345364832,0.9139145674804846,3d gaze,-51.33305366415371,3.3600414092486504,215.9131220570109,686414.5676075 686414.571642 686414.5756765 686414.579711 686414.5837455 686414.58778 686414.5918145 686414.5958489999 686414.5998835 686414.603918 686414.6079525 686414.611987 686414.6160215 686414.6200560001 686414.6240905 686414.628125 686414.6321595 686414.636194 686414.6402285 686414.644263 686414.6482975 686414.652332 686414.656367 686414.660402
368,686414.6644365,217.86400000564754,2773,2779,0.3361607431422152,0.4244254248948755,1.2520569725376698,0.8937137885527178,3d gaze,-49.17514748606462,4.133376412915381,186.91222560358764,686414.6644365 686414.6684709999 686414.6725055 686414.67654 686414.6805745 686414.684609 686414.6886435 686414.6926780001 686414.6967125 686414.700747 686414.7047815 686414.708816 686414.7128505 686414.716885 686414.7209195 686414.724954 686414.7289885 686414.733023 686414.7370575 686414.7410919999 686414.7451265 686414.749161 686414.7531955 686414.75723 686414.7612645 686414.7652990001 686414.7693335 686414.773368 686414.7774025 686414.781437 686414.7854715 686414.789506 686414.7935405 686414.797575 686414.8016095 686414.805644 686414.8096785 686414.8137129999 686414.817748 686414.8217825 686414.825817 686414.8298515 686414.833886 686414.8379205 686414.8419550001 686414.8459894999 686414.850024 686414.8540584999 686414.858093 686414.8621275 686414.866162 686414.8701965 686414.874231 686414.878266 686414.8823005001
369,686414.8863349999,137.1735001448542,2779,2784,0.34893216868779714,0.43340572147833484,1.3580720058369429,0.8810279079845973,3d gaze,-49.89627932056171,2.827731386743076,207.2569957997544,686414.8863349999 686414.8903695 686414.894404 686414.8984385 686414.902473 686414.9065075 686414.910542 686414.9145765 686414.9186110001 686414.9226455 686414.92668 686414.9307145 686414.934749 686414.9387835 686414.942818 686414.9468525 686414.950887 686414.9549215001 686414.9589559999 686414.9629905 686414.967025 686414.9710595 686414.975094 686414.979129 686414.9831635 686414.987198 686414.9912325 686414.995267 686414.9993014999 686415.003336 686415.0073705 686415.011405 686415.0154395 686415.019474 686415.0235085001
370,686415.2736485,121.03600008413196,2791,2795,0.46185419819117807,0.4609620640873796,1.401040657990995,0.8416486795871488,3d gaze,-11.842879242484722,-2.6559575873298895,224.93573808662126,686415.2736485 686415.277683 686415.2817175 686415.285752 686415.2897864999 686415.293821 686415.2978555 686415.30189 686415.3059245 686415.3099595 686415.313994 686415.3180285001 686415.3220629999 686415.3260975 686415.3301319999 686415.3341665 686415.3382015 686415.342236 686415.3462705 686415.350305 686415.3543395 686415.3583740001 686415.3624084999 686415.366443 686415.3704775 686415.374512 686415.3785465 686415.382581 686415.3866155 686415.39065 686415.3946845001
371,686415.3987189999,100.86300014518201,2795,2798,0.4538660971864118,0.4418354416355884,1.2174187990479026,0.8225524941316018,3d gaze,-14.911718298590877,1.2653564894284344,227.7339645345152,686415.3987189999 686415.4027535 686415.406788 686415.4108225 686415.414857 686415.4188915 686415.422926 686415.4269605 686415.4309950001 686415.4350294999 686415.439064 686415.4430985 686415.447133 686415.4511675 686415.4552025 686415.459237 686415.4632715001 686415.467306 686415.4713405 686415.4753749999 686415.4794095 686415.483444 686415.4874785 686415.491513 686415.4955475 686415.4995820001
372,686415.5036165,108.93200011923909,2798,2801,0.4443234158921103,0.43176058489423813,1.354344377671156,0.8356974359069552,3d gaze,-16.389365396020334,2.999337645626029,202.20176590592902,686415.5036165 686415.507651 686415.5116855 686415.51572 686415.5197545 686415.523789 686415.5278235 686415.531858 686415.5358925001 686415.539927 686415.5439615 686415.5479959999 686415.5520305 686415.556065 686415.5600995 686415.5641345 686415.568169 686415.5722035 686415.5762380001 686415.5802724999 686415.584307 686415.5883415 686415.592376 686415.5964105 686415.600445 686415.6044795 686415.608514 686415.6125485001
373,686415.709377,80.69100009743124,2804,2806,0.4755078994015702,0.4196686938256259,1.301437033960562,0.8613293525718507,3d gaze,-7.649171920115673,6.423070654377854,250.0385017668021,686415.709377 686415.7134115 686415.7174460001 686415.7214805 686415.725515 686415.7295494999 686415.733584 686415.7376185 686415.741653 686415.7456875 686415.749722 686415.7537565 686415.757791 686415.7618255 686415.7658599999 686415.7698945 686415.773929 686415.777964 686415.781999 686415.7860335 686415.7900680001
374,686415.7981370001,92.79349993448704,2807,2809,0.46165960069990736,0.3985665200237228,1.4957759114409561,0.8774322134753069,3d gaze,-10.923841629374502,9.120871078108708,205.00943399854552,686415.7981370001 686415.8021714999 686415.806206 686415.8102405 686415.814275 686415.8183095 686415.822344 686415.8263785 686415.830413 686415.8344475001 686415.8384819999 686415.8425165 686415.846551 686415.8505855 686415.85462 686415.8586545 686415.8626890001 686415.8667235 686415.8707580001 686415.8747924999 686415.878827 686415.8828615 686415.886896 686415.8909305
375,686415.9353100001,80.69099998101592,2811,2813,0.4735255360108809,0.41683592928446805,1.2990338889400412,0.8313329637050628,3d gaze,-8.781050112638214,7.265960981074558,261.41899876412964,686415.9353100001 686415.9393445 686415.9433790001 686415.947414 686415.9514484999 686415.955483 686415.9595175 686415.963552 686415.971621 686415.9756555001 686415.97969 686415.9837245 686415.9877589999 686415.9917935 686415.995828 686415.9998625 686416.003897 686416.007932 686416.0119665 686416.0160010001
376,686416.080553,96.82850004173815,2815,2818,0.50155847038699,0.5180675744737837,1.0761260566621653,0.8020695336163044,3d gaze,4.645848498331987,-26.119519990786355,410.3837715085515,686416.080553 686416.0845875 686416.0886220001 686416.0926564999 686416.096691 686416.100726 686416.1047605 686416.1128295 686416.116864 686416.1208985001 686416.124933 686416.1289675001 686416.1330019999 686416.1370365 686416.141071 686416.1451055 686416.14914 686416.1531745 686416.157209 686416.1612435 686416.1652780001 686416.1693124999 686416.173347 686416.1773815
377,686416.35463,145.2430000063032,2823,2828,0.45851154096485885,0.4813236269001098,1.2384124814496864,0.7629672180522572,3d gaze,-37.03576510847399,-19.2210512562851,636.1427190868498,686416.35463 686416.362699 686416.378837 686416.386906 686416.394975 686416.451459 686416.459528 686416.467597 686416.483735 686416.491804 686416.499873
378,686416.960079,88.75900006387383,2841,2844,0.41535139245432,0.38229328887999814,1.348023648018541,0.7927100749119468,3d gaze,-14.793603896650387,6.929699121452106,114.8957424528085,686416.960079 686416.9641135 686416.9681480001 686416.9721825 686416.976217 686416.9802514999 686416.984286 686416.9883205 686416.992355 686416.9963895 686417.000424 686417.0044585001 686417.008493 686417.0125275 686417.0165619999 686417.0205965 686417.024631 686417.0286655 686417.0327 686417.0367345 686417.0407690001 686417.0448035 686417.048838
379,686417.1295284999,88.75950006768107,2846,2849,0.3908438039204311,0.389651096908275,1.4566329735782848,0.8096993606198918,3d gaze,-20.001098027075358,6.337992643048059,117.84584734705533,686417.1295284999 686417.133563 686417.1375975 686417.141632 686417.145667 686417.1497015001 686417.153736 686417.1577705 686417.1618049999 686417.1658395 686417.169874 686417.1739085 686417.177943 686417.1819775 686417.1860120001 686417.1900465 686417.194081 686417.1981154999 686417.20215 686417.2061845 686417.2142535001 686417.218288
380,686417.3796689999,80.690500093624,2854,2856,0.3868082195355531,0.4426942985472633,0.7654858585275014,0.7897173236398136,3d gaze,-23.208990461721495,0.6537549304355894,131.81442941488277,686417.3796689999 686417.3837035 686417.3917725 686417.3958075 686417.399842 686417.4038765 686417.4079110001 686417.41598 686417.4200144999 686417.424049 686417.432118 686417.4361525001 686417.440187 686417.448256 686417.4522905 686417.4563249999 686417.4603595
381,686417.7468105,100.86299991235137,2865,2868,0.46949439664399045,0.5059798554809266,0.31683838706233564,0.7971376540760199,3d gaze,-9.369382244835618,-12.193559469667546,231.69186439420085,686417.7468105 686417.7508449999 686417.7548795 686417.758914 686417.7629485 686417.7669830001 686417.7710175 686417.7750520001 686417.7790864999 686417.783121 686417.7871554999 686417.79119 686417.7952245 686417.799259 686417.8032935 686417.8073285001 686417.811363 686417.8194319999 686417.8234665 686417.827501 686417.8355700001 686417.8396045 686417.8436390001 686417.8476735
382,686418.25516,80.690500093624,2880,2882,0.3109474529415586,0.40378178916976204,1.4713900342477657,0.8446344605513981,3d gaze,-41.31809699431043,5.617247854248315,133.7865067318829,686418.25516 686418.2591949999 686418.2632295 686418.2672639999 686418.2712985 686418.275333 686418.2793675 686418.2834020001 686418.2874365 686418.2914710001 686418.2955054999 686418.29954 686418.3035745 686418.307609 686418.3116435 686418.315678 686418.3197125001 686418.323747 686418.3277815001 686418.3318159999 686418.3358505
383,686418.4447824999,92.79450005851686,2886,2888,0.29204621279234566,0.3622799094432625,1.4717624415712036,0.814224798232317,3d gaze,-44.67393882343611,10.652431755978794,129.60465284355885,686418.4447824999 686418.448817 686418.4528514999 686418.456886 686418.4609205001 686418.464955 686418.4689895001 686418.473024 686418.4770585 686418.4810929999 686418.4851275 686418.489162 686418.493197 686418.4972315 686418.5012660001 686418.5053005 686418.5093350001 686418.5133700001 686418.5174044999 686418.521439 686418.5254734999 686418.529508 686418.5335425 686418.537577
384,686418.6061635,80.69049997720867,2890,2893,0.26502436052590317,0.35343639518101005,1.3920313850622323,0.8044372811203911,3d gaze,-47.10741565347069,10.93082346349536,118.57386377367614,686418.6061635 686418.610198 686418.6142325001 686418.618267 686418.6223015 686418.6263359999 686418.6303705 686418.634405 686418.6384395 686418.642474 686418.6465085 686418.6505430001 686418.6545775 686418.658612 686418.6626464999 686418.6666814999 686418.670716 686418.6747505 686418.678785 686418.6828195001 686418.686854
385,686418.694923,104.89750001579523,2893,2896,0.26536697192478637,0.37439751250349446,1.4439094422274146,0.8689901113510132,3d gaze,-48.39819885969835,8.75942463222325,122.19836843584069,686418.694923 686418.6989575 686418.7029919999 686418.7070265 686418.7110615 686418.715096 686418.7191305 686418.7231650001 686418.7271995 686418.7312340001 686418.7352684999 686418.739303 686418.7433374999 686418.747372 686418.7514065 686418.755441 686418.76351 686418.7675445001 686418.7715789999 686418.7796479999 686418.7836825 686418.787717 686418.7917515 686418.7957860001 686418.7998205
386,686418.8603385,117.00100009329617,2898,2901,0.25162861490593913,0.37420887034202605,1.0023088951632988,0.8377584174827293,3d gaze,-48.11828572055405,8.235804482467726,113.58243570525994,686418.8603385 686418.8643730001 686418.8684075 686418.8724420001 686418.8764765 686418.880511 686418.8845454999 686418.88858 686418.8926145 686418.9006835001 686418.904718 686418.9087525001 686418.9168215 686418.9208559999 686418.9248905 686418.9289249999 686418.9329595 686418.9369940001 686418.9410285 686418.9450630001 686418.9490975 686418.9531324999 686418.957167 686418.965236 686418.9692705 686418.973305 686418.9773395001
387,686418.9975125,80.68999997340143,2902,2905,0.25298480667699375,0.3798584086667984,0.885813983223315,0.8134943218458266,3d gaze,-48.121062133381805,7.648290364743976,114.36502300920453,686418.9975125 686419.0015469999 686419.0055815 686419.0096160001 686419.0136505 686419.0176850001 686419.0217195 686419.0257540001 686419.0297884999 686419.033823 686419.0378574999 686419.041892 686419.0459265 686419.049961 686419.0539955001 686419.05803 686419.0620645001 686419.0660989999 686419.0701335 686419.0741679999 686419.0782025
388,686419.2637905,92.79400005470961,2910,2913,0.24714297379242897,0.366070418403852,0.9632171211640461,0.8132775157690049,3d gaze,-47.07769847889124,8.783627429358397,108.70516288628637,686419.2637905 686419.267825 686419.2718595001 686419.275894 686419.2799285001 686419.2839629999 686419.292032 686419.300101 686419.304136 686419.3122050001 686419.3162395 686419.320274 686419.3243084999 686419.328343 686419.336412 686419.3404465001 686419.344481 686419.3485155001 686419.35255 686419.3565845
389,686419.614526,105.43300001882017,2921,2924,0.38556994176345843,0.45840103295504514,1.4899131132223293,0.8045275458040567,3d gaze,-112.0560695294908,-5.450004278360296,629.3461815024862,686419.614526 686419.622595 686419.638734 686419.679614 686419.687683 686419.695752 686419.71189 686419.719959
390,686419.8286235,133.13950004521757,2927,2931,0.29579965952597453,0.4687952750298321,1.275920001108871,0.7547478182749315,3d gaze,-46.68655921238444,-2.743097198593323,138.67334585259016,686419.8286235 686419.832658 686419.8366924999 686419.840727 686419.8447614999 686419.8487964999 686419.852831 686419.8568655001 686419.8609 686419.8649345001 686419.868969 686419.8730035 686419.8770379999 686419.8810725 686419.885107 686419.8891415 686419.8931760001 686419.8972105 686419.9012450001 686419.9052795 686419.909314 686419.9133484999 686419.9214175 686419.925452 686419.9294865001 686419.933521 686419.9375555001 686419.94159 686419.9456245 686419.9496589999 686419.9536935 686419.9577285 686419.961763
391,686420.4701125,96.82850004173815,2946,2949,0.31127241053488164,0.4769155385534193,1.401561251140689,0.8089331948757171,3d gaze,-51.04997788370912,-4.5573628770511325,165.69871052511556,686420.4701125 686420.474147 686420.4781815 686420.4822160001 686420.4862505 686420.4902850001 686420.4943194999 686420.498354 686420.5023884999 686420.506423 686420.5104575 686420.514492 686420.518527 686420.5225615001 686420.526596 686420.5306305 686420.5346649999 686420.5386995 686420.5427339999 686420.5467685 686420.5508030001 686420.5548375 686420.5588720001 686420.5629065 686420.566941
392,686420.591148,80.690500093624,2950,2952,0.31251042254118117,0.46460680572596713,1.4983773240771794,0.8412515461444855,3d gaze,-48.564894102027196,-2.485565811644951,158.9030122719177,686420.591148 686420.5951825001 686420.599217 686420.603252 686420.6072865 686420.6113209999 686420.6153555 686420.6193899999 686420.6234245 686420.6274590001 686420.6314935 686420.6355280001 686420.6395625 686420.643597 686420.6476314999 686420.651666 686420.6557005 686420.659735 686420.6637695001 686420.6718385001
393,686420.675873,125.07049995474517,2952,2956,0.3069753549544631,0.4686945553195694,1.29684981365977,0.840225907102708,3d gaze,-48.50995402757593,-3.003685640648897,153.5577388496876,686420.675873 686420.6799075 686420.6839419999 686420.6879765 686420.6920109999 686420.6960455 686420.7000800001 686420.7041145 686420.7081490001 686420.7121834999 686420.716218 686420.7202524999 686420.724287 686420.7283215 686420.732356 686420.7363905001 686420.740425 686420.7444595001 686420.7484939999 686420.7525289999 686420.7565639999 686420.7605985 686420.7646329999 686420.7686675 686420.7727020001 686420.7767365 686420.7848055 686420.78884 686420.7928744999 686420.796909 686420.8009434999
394,686420.804978,84.72450007684529,2956,2959,0.3145971434278022,0.4844003751326111,1.2632239744660807,0.8320638144558127,3d gaze,-47.61417118444772,-5.4067422291799625,157.68314978596644,686420.804978 686420.8090125001 686420.813047 686420.8170815001 686420.821116 686420.8251505 686420.8291849999 686420.8332195 686420.8372539999 686420.8412885 686420.8453230001 686420.8493575 686420.8533920001 686420.8574265 686420.861461 686420.8654954999 686420.86953 686420.8735644999 686420.877599 686420.8816335001 686420.885668 686420.8897025001
395,686420.9139095,112.96699999365956,2959,2963,0.30531128589465595,0.4596791135241186,1.4728058362025558,0.83885533439702,3d gaze,-46.81368804348183,-1.6062270097741254,146.85891246828933,686420.9139095 686420.9179445 686420.9219790001 686420.9260135 686420.9300480001 686420.9340824999 686420.938117 686420.9421514999 686420.946186 686420.9502204999 686420.954255 686420.9582895001 686420.962324 686420.9663585001 686420.9703929999 686420.9744275 686420.9784625 686420.9824969999 686420.9865315 686420.9905660001 686420.9946005 686420.9986350001 686421.0026695 686421.006704 686421.0107384999 686421.014773 686421.0188074999 686421.022842 686421.0268765
396,686421.030911,80.690500093624,2963,2965,0.3178494965490116,0.4642026892757302,1.4096705042635935,0.8467530891299248,3d gaze,-47.44752206688808,-2.4674499224761677,160.3697998024857,686421.030911 686421.0349455001 686421.03898 686421.0430145 686421.0470489999 686421.0510835 686421.0591525 686421.0631870001 686421.0672215 686421.0712560001 686421.0752905 686421.0793255 686421.08336 686421.0873944999 686421.091429 686421.0954634999 686421.099498 686421.1035325001 686421.107567 686421.1116015001
397,686421.1479120001,112.96699987724423,2966,2970,0.3106826482617123,0.4687675432496711,1.4300448471922476,0.8825517420111031,3d gaze,-48.839054566188224,-3.1081987180129844,158.0881494745467,686421.1479120001 686421.1519465 686421.155981 686421.1600154999 686421.16405 686421.1680844999 686421.172119 686421.1761535001 686421.180188 686421.1842225001 686421.188257 686421.1922915 686421.1963259999 686421.2003605 686421.2043955 686421.20843 686421.2124645 686421.2164990001 686421.2205335 686421.2245680001 686421.2286024999 686421.232637 686421.2366714999 686421.2407064999 686421.244741 686421.2487755001 686421.25281 686421.2568445001 686421.260879
398,686421.317362,217.86400000564754,2971,2978,0.3030783080624565,0.4543335000433279,1.3485227641528852,0.8786480388858101,3d gaze,-46.9474321720257,-0.8696850641556133,145.37017599013777,686421.317362 686421.3213965001 686421.325431 686421.3294655001 686421.3335 686421.3375345 686421.3415689999 686421.3456035 686421.3496379999 686421.3536725 686421.357707 686421.3617415 686421.3657760001 686421.3698105 686421.373845 686421.3778794999 686421.381914 686421.3859484999 686421.389983 686421.394018 686421.3980525001 686421.402087 686421.4061215001 686421.4101559999 686421.4141905 686421.4182249999 686421.4222599999 686421.4262945 686421.430329 686421.4343635 686421.4383980001 686421.4424325 686421.4464670001 686421.4505014999 686421.454536 686421.4585704999 686421.462605 686421.4666395001 686421.470674 686421.4747085001 686421.478743 686421.4827775001 686421.4868119999 686421.4908465 686421.4948809999 686421.4989155 686421.50295 686421.5069845 686421.5110190001 686421.5150535 686421.5190880001 686421.5231224999 686421.527157 686421.5311914999 686421.535226
399,686421.5392605001,117.0014999806881,2978,2981,0.30771374625802367,0.44959400073445777,1.4312928295794716,0.8898878127336503,3d gaze,-45.83521402004248,-0.21509686912717207,145.76166047580546,686421.5392605001 686421.543295 686421.5473295001 686421.551364 686421.5553985001 686421.5594329999 686421.5634679999 686421.5675025 686421.5715369999 686421.5755715 686421.5796060001 686421.5836405 686421.5876750001 686421.5917095 686421.595744 686421.5997784999 686421.603813 686421.6078475 686421.611882 686421.6159165 686421.619951 686421.6239855001 686421.62802 686421.6320545 686421.6360889999 686421.6401235 686421.6441579999 686421.6481925 686421.6522270001 686421.6562620001
400,686421.6602965,104.89750001579523,2982,2985,0.3033535238113263,0.4403010553315517,1.2196024933571563,0.8806428324293207,3d gaze,-46.35958211860781,1.0591882479505192,143.7876110359921,686421.6602965 686421.6643310001 686421.6683654999 686421.6724 686421.6764344999 686421.680469 686421.6845035 686421.688538 686421.6925725001 686421.696607 686421.7006415001 686421.7046759999 686421.7087105 686421.7127449999 686421.7167799999 686421.7208145 686421.7248490001 686421.7288835 686421.7329180001 686421.7369525 686421.740987 686421.7450214999 686421.749056 686421.7530904999 686421.757125 686421.7611595 686421.765194
401,686421.8095735,129.10500005818903,2986,2990,0.29488148774158984,0.3951528703144917,1.1590997140434838,0.8464126475155354,3d gaze,-43.230998767822854,6.458299203625709,127.64804131915253,686421.8095735 686421.813608 686421.8176424999 686421.821677 686421.8257114999 686421.829746 686421.8337805 686421.837815 686421.8418495001 686421.845884 686421.8499185 686421.8539529999 686421.8579875 686421.8620219999 686421.8660565 686421.8700910001 686421.8741255 686421.8781605 686421.8862300001 686421.8902644999 686421.894299 686421.8983334999 686421.902368 686421.9064025 686421.910437 686421.9144715001 686421.918506 686421.9225405001 686421.9265749999 686421.9306095 686421.9346439999 686421.9386785
402,686422.1404045001,125.0699998345226,2996,3000,0.29466786450736254,0.28767250657611343,1.4013262123189405,0.8309929072856903,3d gaze,-36.78913933870185,16.57779517543313,107.42573342500023,686422.1404045001 686422.1444389999 686422.1484735 686422.1565425 686422.160577 686422.1646115 686422.1686460001 686422.1726805 686422.1767150001 686422.1807494999 686422.1888184999 686422.192853 686422.1968875 686422.2009225001 686422.204957 686422.2089915001 686422.213026 686422.2170605 686422.2210949999 686422.2251295 686422.229164 686422.2331985 686422.237233 686422.2412675 686422.2453020001 686422.2493365 686422.253371 686422.2574054999 686422.26144 686422.2654744999
403,686422.3421305,145.24250000249594,3002,3006,0.31532857530260394,0.29587428822392237,1.480687321572411,0.8010179451533727,3d gaze,-30.02315348128967,14.352964544218226,98.93715476956733,686422.3421305 686422.346165 686422.3501995001 686422.354234 686422.3582685001 686422.3663379999 686422.3703725 686422.3744069999 686422.3784415 686422.382476 686422.3865105 686422.3905450001 686422.3945795 686422.3986140001 686422.4026484999 686422.406683 686422.4107174999 686422.414752 686422.4187865 686422.422821 686422.4268555001 686422.43089 686422.4349245001 686422.4389589999 686422.4429935 686422.4470279999 686422.4510625 686422.455097 686422.4591315 686422.4631660001 686422.4672005 686422.4712350001 686422.479304 686422.4833384999 686422.487373
404,686422.5156145,84.72549996804446,3007,3010,0.3126672319853707,0.3165805223745168,1.3801461247547702,0.8271801620721817,3d gaze,-29.855721338677924,12.154304751653832,97.07222653638351,686422.5156145 686422.5196489999 686422.5236839999 686422.5277185 686422.5317530001 686422.5357875 686422.5398220001 686422.5438565 686422.547891 686422.5519254999 686422.55596 686422.559995 686422.5640295 686422.568064 686422.5720985001 686422.576133 686422.5801675001 686422.5842019999 686422.5882365 686422.5922709999 686422.5963055 686422.60034
405,686422.672961,121.03599996771663,3012,3015,0.3413770409448499,0.3349379077425936,1.4158646724445243,0.7885986055646624,3d gaze,-28.469183224234946,11.842219976468645,111.51450913595424,686422.672961 686422.6769955 686422.6810300001 686422.6850645 686422.6890990001 686422.6931340001 686422.6971684999 686422.701203 686422.7052375 686422.709272 686422.7133065 686422.717341 686422.7213755001 686422.72541 686422.7294445001 686422.7375135 686422.7415479999 686422.7455825 686422.749617 686422.7536515 686422.7576860001 686422.7617205 686422.7697894999 686422.7738244999 686422.7778585 686422.7859275001 686422.7899625001 686422.793997
406,686422.7980315001,92.79399993829429,3016,3018,0.3456722835752847,0.3398776004790478,1.4921548145077514,0.7901283957456288,3d gaze,-27.49915924223921,11.231706280231085,110.96920205555338,686422.7980315001 686422.802066 686422.8061005 686422.8101349999 686422.8141695 686422.818204 686422.8262730001 686422.8303075 686422.8343420001 686422.8424114999 686422.846446 686422.8504804999 686422.854515 686422.862584 686422.8666185001 686422.870653 686422.8787219999 686422.8827565 686422.8908255
407,686423.471532,80.69099998101592,3036,3038,0.4275740585249859,0.5007200693104875,1.4391797880158799,0.757100373506546,3d gaze,-70.52237080276868,-31.199515980304728,648.985900929117,686423.471532 686423.479601 686423.49574 686423.503809 686423.511878 686423.519947 686423.528016 686423.536085 686423.544154 686423.552223
408,686423.738075,80.69049997720867,3044,3046,0.32680934619244767,0.5158844098749551,1.292031563651999,0.860095641679234,3d gaze,-38.33153831230844,-8.748528480847972,136.7772258317639,686423.738075 686423.746144 686423.7501785001 686423.754213 686423.7622819999 686423.7663165 686423.770351 686423.7743855 686423.77842 686423.7824545 686423.7864890001 686423.7905235 686423.794558 686423.8026274999 686423.806662 686423.8106965 686423.814731 686423.8187655
409,686423.8591105,169.45000004488975,3047,3052,0.34630556189385164,0.5569388816126336,1.3236789090640566,0.8433907535814104,3d gaze,-42.80014391160249,-17.734933424925995,173.62782742537044,686423.8591105 686423.8631450001 686423.8671794999 686423.8752484999 686423.879283 686423.8833175 686423.887352 686423.8913865 686423.895421 686423.8994555001 686423.9034899999 686423.9075249999 686423.9115595 686423.915594 686423.9196285 686423.923663 686423.9276975 686423.9317320001 686423.9357665 686423.9398010001 686423.9438354999 686423.94787 686423.9519044999 686423.955939 686423.9599735 686423.964008 686423.968043 686423.9720775001 686423.976112 686423.9801465 686423.9841809999 686423.9882155 686423.99225 686423.9962845 686424.000319 686424.0043535 686424.0083880001 686424.0124225 686424.016457 686424.0204914999 686424.024526 686424.0285605
410,686424.032595,84.72450007684529,3052,3055,0.3369554405199897,0.543731955756533,1.2625431272989796,0.8349113017320633,3d gaze,-39.69256010150112,-13.575032590576608,151.09355219815606,686424.032595 686424.0366295 686424.040664 686424.0446985001 686424.048733 686424.0527675 686424.0568019999 686424.0608365 686424.064871 686424.0689055 686424.07294 686424.0769745 686424.0810090001 686424.0850435 686424.089078 686424.0931124999 686424.097147 686424.1011815 686424.105216 686424.1092505 686424.113285 686424.1173195001
411,686424.1253885,92.79449994210154,3055,3058,0.3532222239979683,0.5290594013798168,1.3213075125307776,0.8618298458556334,3d gaze,-35.063718685286666,-11.321196238071622,149.74170267805968,686424.1253885 686424.1294235 686424.1334585 686424.137493 686424.1415275 686424.145562 686424.1495965 686424.1536310001 686424.1576655 686424.1617 686424.1657344999 686424.169769 686424.1738035 686424.177838 686424.1818725 686424.185907 686424.1899415001 686424.193976 686424.1980105 686424.2020449999 686424.2060795 686424.210114 686424.2141485 686424.218183
412,686424.2222175,80.690500093624,3058,3060,0.36669132062561716,0.5320471215216154,1.4291025721810848,0.8615073788733709,3d gaze,-29.85793650358598,-11.062302761333136,141.74253101955625,686424.2222175 686424.2262520001 686424.2302865 686424.234321 686424.2383554999 686424.24239 686424.2464245 686424.250459 686424.2544935 686424.258528 686424.2625625001 686424.266597 686424.2706315 686424.2746659999 686424.2787005 686424.2827355 686424.28677 686424.2908045 686424.294839 686424.2988735 686424.3029080001
413,686424.3069424999,117.00100009329617,3061,3064,0.3707969830002918,0.5497114209695751,1.327748115328325,0.8506380925575893,3d gaze,-33.044887918343036,-15.279119701699212,161.7951293266132,686424.3069424999 686424.310977 686424.3150114999 686424.319046 686424.3230805 686424.327115 686424.3311495 686424.335184 686424.3392185001 686424.3432529999 686424.3472875 686424.351322 686424.3553565 686424.3593915 686424.363426 686424.3674605 686424.3714950001 686424.3755295 686424.3795640001 686424.3835984999 686424.387633 686424.3916675 686424.395702 686424.3997365 686424.403771 686424.4078055 686424.41184 686424.4158745001 686424.4199089999 686424.4239435
414,686424.4279779999,92.79400017112494,3064,3067,0.3657977377538603,0.5495644934939686,1.396247576818195,0.870843426634868,3d gaze,-35.128999414514674,-15.58830465556597,165.22431314833847,686424.4279779999 686424.4320125 686424.436047 686424.4400815 686424.4441160001 686424.4481505 686424.4521855 686424.45622 686424.4602544999 686424.464289 686424.4683235 686424.472358 686424.4763925 686424.480427 686424.4844615001 686424.488496 686424.4925305 686424.4965649999 686424.5005995 686424.504634 686424.5086685 686424.512703 686424.5167375 686424.5207720001
415,686425.1662955,100.86350003257394,3086,3089,0.22874036819155796,0.5058715964944942,1.4960970078348206,0.8960533222326865,3d gaze,-67.50222522159771,-8.256133927564775,143.3733588392676,686425.1662955 686425.17033 686425.1743645 686425.1783990001 686425.1824335 686425.186468 686425.1905024999 686425.194537 686425.1985715 686425.202606 686425.2066405 686425.210675 686425.2147095 686425.218744 686425.2227785 686425.2268129999 686425.2308475 686425.234882 686425.2389165 686425.242951 686425.2469855 686425.2510205 686425.255055 686425.2590895 686425.2631244999 686425.267159
416,686425.2711935,108.93149999901652,3089,3093,0.22090145150860113,0.505423168546043,0.8764752177953722,0.9158353709748813,3d gaze,-66.83225247533623,-7.889947005222008,136.96240772311182,686425.2711935 686425.275228 686425.2792625 686425.283297 686425.2873315 686425.291366 686425.2954005001 686425.2994349999 686425.3034695 686425.3075039999 686425.3115385 686425.315573 686425.3196075 686425.3236420001 686425.3276765 686425.3317110001 686425.3357454999 686425.33978 686425.3438145 686425.347849 686425.3518835 686425.355918 686425.3599525 686425.363987 686425.3680215001 686425.3720559999 686425.3760905 686425.380125
417,686425.4083664999,217.8645001258701,3093,3100,0.2434294361603537,0.4409936102798217,1.402190209779628,0.9469288636337627,3d gaze,-63.86900848240655,1.0145856781423106,145.36323485339022,686425.4083664999 686425.4124014999 686425.416436 686425.4204705 686425.424505 686425.4285395 686425.432574 686425.4366085001 686425.440643 686425.4446775 686425.448712 686425.4527465 686425.456781 686425.4608155 686425.46485 686425.4688845 686425.472919 686425.4769535 686425.480988 686425.4850224999 686425.4890575 686425.493092 686425.4971265 686425.501161 686425.5051955 686425.50923 686425.5132645001 686425.5172989999 686425.5213335 686425.5253679999 686425.5294025 686425.533437 686425.5374715 686425.541506 686425.5455405 686425.5495750001 686425.5536094999 686425.557644 686425.5616785 686425.5657135 686425.569748 686425.5737825 686425.577817 686425.5818515001 686425.585886 686425.5899205001 686425.5939549999 686425.5979895 686425.602024 686425.6060585 686425.610093 686425.6141275 686425.618162 686425.6221965 686425.6262310001
418,686425.6302654999,80.69000008981675,3100,3102,0.24366519462064012,0.44827058672233455,1.3462295953259125,0.9421262840429941,3d gaze,-64.79965384143689,-0.03512025092194972,147.65101447296058,686425.6302654999 686425.6343 686425.6383345 686425.642369 686425.6464035 686425.650438 686425.6544725001 686425.658507 686425.6625415001 686425.6665759999 686425.6706105 686425.674645 686425.6786795 686425.682714 686425.6867485 686425.690783 686425.6948175 686425.6988520001 686425.7028864999 686425.706921 686425.7109555
419,686425.7149905,137.17350002843887,3103,3107,0.2276320503658245,0.44171236983738404,1.3665215297196198,0.9534035359110151,3d gaze,-64.39527758940592,0.8561176229114396,136.2759013971727,686425.7149905 686425.719025 686425.7230595 686425.727094 686425.7311285001 686425.7351635001 686425.7391979999 686425.7432325 686425.747267 686425.7513015 686425.755336 686425.7593705 686425.763405 686425.7674395 686425.7714740001 686425.7755084999 686425.779543 686425.7835775 686425.787612 686425.7916465 686425.795681 686425.7997155 686425.80375 686425.8077845001 686425.8118189999 686425.8158535 686425.819888 686425.8239225 686425.827957 686425.8319915 686425.836026 686425.8400605 686425.8440950001 686425.8481294999 686425.852164
420,686425.8561985,173.48449991550297,3107,3112,0.2435771576525257,0.4481813701043627,1.3338236505976129,0.9537873992865736,3d gaze,-64.672846577586,-0.015078150578891503,147.29465353649215,686425.8561985 686425.860233 686425.8642675 686425.868302 686425.8723365 686425.876371 686425.8804055001 686425.8844399999 686425.8884749999 686425.8925095 686425.896544 686425.9005785 686425.904613 686425.9086475 686425.9126820001 686425.9167165 686425.920751 686425.9247855 686425.92882 686425.9328545 686425.936889 686425.940924 686425.9449585 686425.948993 686425.9530275001 686425.957062 686425.9610965 686425.965131 686425.9691655 686425.9732 686425.9772345 686425.981269 686425.9853035 686425.9893380001 686425.9933725 686425.997407 686426.0014414999 686426.005476 686426.0095105 686426.013545 686426.0175795 686426.021614 686426.0256485001 686426.029683
421,686426.0337175,88.75949995126575,3112,3115,0.2545161618746923,0.446376634499952,0.8558366711164865,0.9618626418321029,3d gaze,-64.68744549662293,0.2605528440747447,155.21947406461132,686426.0337175 686426.037752 686426.0417865 686426.045821 686426.049856 686426.0538905 686426.057925 686426.0619595 686426.0659940001 686426.0700284999 686426.074063 686426.0780975 686426.082132 686426.0861665 686426.090201 686426.0942355 686426.09827 686426.1023045001 686426.1063389999 686426.1103735 686426.114408 686426.1184425 686426.122477
422,686426.2112365,133.13900004141033,3117,3121,0.26005075371329484,0.34688852608571435,0.994619352397968,0.6973079794014252,3d gaze,-57.07515212178298,13.86398512379425,140.0678685277113,686426.2112365 686426.215271 686426.219306 686426.243513 686426.2556165 686426.259651 686426.26772 686426.275789 686426.283858 686426.2878924999 686426.291927 686426.2959615 686426.3040305 686426.308065 686426.316134 686426.3242029999 686426.332272 686426.340341 686426.3443755
423,686426.525929,100.86350003257394,3127,3130,0.2564615139701454,0.34760294945887654,0.7273360044821585,0.8150734988351663,3d gaze,-60.01132085482872,14.257306806724708,144.72763265107668,686426.525929 686426.5299635 686426.533998 686426.5380325 686426.5420675001 686426.5461019999 686426.5501365 686426.554171 686426.5582055 686426.56224 686426.5662745 686426.570309 686426.5743435 686426.5783780001 686426.5824124999 686426.5904815 686426.594516 686426.5985505 686426.60662 686426.6106545 686426.614689 686426.6187235 686426.6227579999 686426.6267925
424,686427.167157,104.89799990318716,3146,3149,0.3845798189315306,0.4435186899254761,1.3791010273853557,0.8864374714238303,3d gaze,-125.55889988501778,2.941198541179909,698.1111489641886,686427.167157 686427.175226 686427.183296 686427.191365 686427.199434 686427.207503 686427.215572 686427.223641 686427.23171 686427.239779 686427.247848 686427.255917 686427.263986 686427.272055
425,686428.095098,112.96699999365956,3174,3177,0.4012606227229784,0.45513702107895276,0.6987115661750724,0.8040241140585679,3d gaze,-104.01959658649375,-4.420606161614923,684.7375638469912,686428.095098 686428.103167 686428.111236 686428.119305 686428.127374 686428.135443 686428.151582 686428.16772 686428.175789 686428.183858 686428.191927 686428.199996 686428.208065
426,686429.136265,104.89700001198798,3205,3208,0.38335848822432506,0.46390318811725323,1.4799948581106177,0.8705430472338641,3d gaze,-29.303968047101165,-2.357447099971109,161.34928454465413,686429.136265 686429.1402995 686429.144334 686429.1483684999 686429.152403 686429.1564375 686429.160472 686429.1645065 686429.168541 686429.1725755 686429.17661 686429.1806445 686429.1846789999 686429.1887135 686429.192748 686429.1967825 686429.200817 686429.2048515 686429.208886 686429.2129205 686429.216955 686429.2209894999 686429.225024 686429.2290585 686429.233093 686429.2371275 686429.241162
427,686429.2451965,193.65749997086823,3208,3214,0.37099619395048117,0.4731504719326854,1.2403617483066391,0.8877367849151293,3d gaze,-32.23516253170889,-3.687272938721423,158.88385701797924,686429.2451965 686429.249231 686429.2532655 686429.2572999999 686429.261335 686429.2653695 686429.269404 686429.2734385 686429.277473 686429.2815075 686429.285542 686429.2895765 686429.2936110001 686429.2976455 686429.30168 686429.3057145 686429.309749 686429.313784 686429.3178185 686429.321853 686429.329922 686429.3339565 686429.337991 686429.3420255 686429.34606 686429.3500945 686429.354129 686429.3581635 686429.362198 686429.3662325 686429.370267 686429.3743015 686429.378336 686429.3823705 686429.386405 686429.3904395 686429.394474 686429.3985085 686429.402543 686429.4065775 686429.410612 686429.414647 686429.4186815 686429.4227155 686429.42675 686429.430785 686429.4348195 686429.438854
428,686429.6930285,112.96699999365956,3221,3225,0.3780712244545649,0.549288707078864,1.4079771527877931,0.8976510722061684,3d gaze,-22.83495809197015,-11.177592414670807,119.22722544274963,686429.6930285 686429.6970629999 686429.7010975 686429.705132 686429.7091665 686429.713201 686429.7172355 686429.72127 686429.7253045 686429.729339 686429.7333734999 686429.737408 686429.7414425 686429.7454775 686429.749512 686429.7535465 686429.757581 686429.7616155 686429.76565 686429.7696845 686429.7737195 686429.777754 686429.7817885 686429.785823 686429.7898575 686429.793892 686429.7979265 686429.801961 686429.8059955
429,686429.9068585,80.68999997340143,3228,3230,0.342833046854246,0.5709274074023117,1.4055168805833331,0.8787635891210466,3d gaze,-33.786435586045904,-15.42496512043545,133.54084717726022,686429.9068585 686429.910893 686429.9149275 686429.9189619999 686429.9229965 686429.927031 686429.9310655 686429.9351 686429.9391345 686429.943169 686429.9472035 686429.9512380001 686429.9552725 686429.959307 686429.9633415 686429.967376 686429.9714105 686429.975445 686429.9794795 686429.983514 686429.9875485
430,686430.011756,209.79500003159046,3231,3237,0.3708744213111599,0.587988472584629,1.4263423445874597,0.8736361079620865,3d gaze,-25.534634483287213,-16.280323568643162,124.76905239353013,686430.011756 686430.0157905 686430.019825 686430.0238595 686430.027894 686430.0319285 686430.035963 686430.0399975 686430.044032 686430.0480665 686430.052101 686430.0561355 686430.06017 686430.0642045 686430.0682395 686430.072274 686430.0763085 686430.080343 686430.0843775 686430.088412 686430.0924465 686430.096481 686430.1005155 686430.10455 686430.1085845 686430.112619 686430.1166535 686430.120688 686430.1247225 686430.128757 686430.1327915 686430.136826 686430.1408605 686430.144895 686430.1489295 686430.152964 686430.1569985 686430.161033 686430.1650675 686430.1691020001 686430.1731365 686430.177171 686430.1812055 686430.18524 686430.1892745 686430.193309 686430.1973435 686430.201378 686430.2054125 686430.209447 686430.2134815 686430.217516 686430.221551
431,686430.2296205,217.8635000018403,3237,3244,0.3632760818619638,0.5487185275504709,1.2130857195828664,0.8586336558515375,3d gaze,-25.28831540591699,-10.912075094128381,116.49534162234512,686430.2296205 686430.233655 686430.2376895 686430.241724 686430.2457585 686430.249793 686430.2538275 686430.257862 686430.2618965 686430.265931 686430.2699655 686430.274 686430.2780345 686430.282069 686430.2861035 686430.290138 686430.2941725 686430.298207 686430.3022415 686430.306276 686430.3103105 686430.314345 686430.3183795 686430.322414 686430.3264485 686430.330483 686430.3345175 686430.338552 686430.3425865 686430.346621 686430.3506555 686430.35469 686430.3587245 686430.362759 686430.3667935 686430.370828 686430.3748625 686430.378897 686430.3829315 686430.386966 686430.391001 686430.3950354999 686430.39907 686430.4031045 686430.407139 686430.4111735 686430.415208 686430.4192425 686430.423277 686430.4273115001 686430.4313459999 686430.4353805 686430.439415 686430.4434495 686430.447484
432,686430.9437305001,121.03549996390939,3259,3262,0.36617952993325276,0.5628634261865855,1.3216614422225972,0.8613049551363914,3d gaze,-24.75677621685793,-12.465048686227309,116.74828791949996,686430.9437305001 686430.947765 686430.9517995 686430.955834 686430.9598685 686430.963903 686430.9679375 686430.971972 686430.9760065 686430.9800410001 686430.9840754999 686430.98811 686430.9921445 686430.996179 686431.0002135 686431.004248 686431.0082825 686431.012317 686431.0163515001 686431.020386 686431.0244205 686431.0284555 686431.03249 686431.0365245 686431.040559 686431.0445935 686431.0486280001 686431.0526625 686431.056697 686431.0607315 686431.064766
433,686431.411478,217.86400000564754,3273,3279,0.4587188904562639,0.5409561282966938,0.7053522403834186,0.7730575680732727,3d gaze,-35.30580191070321,-51.525831814440615,608.580917137766,686431.411478 686431.435685 686431.443754 686431.451823 686431.467961 686431.47603 686431.484099 686431.492168 686431.500237 686431.508307 686431.516376 686431.524445 686431.532514 686431.540583 686431.548652 686431.556721 686431.56479 686431.572859 686431.580928 686431.588997 686431.597066 686431.605135 686431.613204 686431.621273 686431.629342
434,686431.661618,97.08550001960248,3280,3283,0.4253548588544543,0.5340988664848977,1.461638730830232,0.8422297616565928,3d gaze,-41.97752698776558,-31.83307767031036,377.16624320410835,686431.661618 686431.669688 686431.677757 686431.685826 686431.693895 686431.701964 686431.710033 686431.722393 686431.7264275 686431.730462 686431.7344965 686431.738531 686431.7425655 686431.7466 686431.7506345001 686431.7546689999 686431.7587035
435,686431.7990485,80.69099998101592,3284,3287,0.4036161912587424,0.5513054506641334,1.4872766565406599,0.8821509083112081,3d gaze,-25.68270041636483,-16.421854088157335,173.06078141805955,686431.7990485 686431.803083 686431.807118 686431.8111525 686431.815187 686431.8192215 686431.823256 686431.8272909999 686431.8313255 686431.83536 686431.8393945 686431.843429 686431.8474635 686431.851498 686431.8555325 686431.8595670001 686431.8636014999 686431.867636 686431.8716705 686431.875705 686431.8797395
436,686432.1581214999,88.75900006387383,3295,3297,0.3483521851359774,0.377605426732659,0.8601171943297564,0.7801458076997236,3d gaze,-27.32170160038153,7.42033593551063,112.74583961885558,686432.1581214999 686432.162156 686432.1661905 686432.170225 686432.1742595 686432.178294 686432.1823285 686432.186363 686432.1903975001 686432.1944319999 686432.1984665 686432.202501 686432.2065355 686432.21057 686432.2146045 686432.2186390001 686432.2226735 686432.2267080001 686432.2307424999 686432.234777 686432.2388115 686432.2468805
437,686432.279157,96.82849992532283,3298,3301,0.3443482420159712,0.3772739488704997,1.1032881916867971,0.7970975857713948,3d gaze,-28.52803204697363,7.5714677277601465,114.4110101316872,686432.279157 686432.2831915 686432.287226 686432.2912605 686432.295295 686432.2993295 686432.307399 686432.3114335 686432.315468 686432.3195025 686432.323537 686432.3275715 686432.331606 686432.3356405001 686432.3396749999 686432.347744 686432.3517785 686432.355813 686432.3598475 686432.363882 686432.3679165 686432.3719510001 686432.3759854999
438,686432.888114,121.03600008413196,3317,3320,0.4329791478899101,0.48924356020898047,0.4077173980846496,0.7539763649304708,3d gaze,-64.84129105475081,-24.402846075075463,650.2104538194012,686432.888114 686432.952667 686433.00915
439,686433.073702,201.72600005753338,3322,3328,0.43279914710644957,0.489759200100169,0.2870178890233646,0.7468961149454116,3d gaze,-65.02153155479867,-24.70418582886301,650.108090169201,686433.073702 686433.081771 686433.097909 686433.105978 686433.114047 686433.122117 686433.138255 686433.146324 686433.154393 686433.170531 686433.1786 686433.194738 686433.210876 686433.218945 686433.227014 686433.235083 686433.243152 686433.25929 686433.267359 686433.275428
440,686433.299636,112.96600010246038,3329,3332,0.4325586270859346,0.48841977774001,0.11476811876478503,0.757974910736084,3d gaze,-65.34893980800734,-23.93798464756171,650.8551345943614,686433.299636 686433.307705 686433.315774 686433.323843 686433.356119 686433.364188 686433.372257 686433.380326 686433.396464 686433.412602
441,686433.461017,217.86400000564754,3334,3340,0.43291318900686665,0.45896220195976184,1.3456425409646053,0.7668898755853827,3d gaze,-66.16332944396068,-6.557710822271347,663.0628582323753,686433.461017 686433.469086 686433.477155 686433.501362 686433.5175 686433.533638 686433.541707 686433.549776 686433.573983 686433.582052 686433.590121 686433.598191 686433.60626 686433.614329 686433.622398 686433.630467 686433.638536 686433.646605 686433.654674 686433.662743 686433.670812 686433.678881
442,686433.9212074999,92.79350005090237,3347,3350,0.3781540322502037,0.5680238313003513,1.3197739254727074,0.9110562714437643,3d gaze,-27.414531284958176,-15.932399458445076,142.95203066419097,686433.9212074999 686433.925242 686433.9292765 686433.933311 686433.9373455 686433.94138 686433.9454145001 686433.949449 686433.9534835 686433.9575179999 686433.9615525 686433.965587 686433.9696215 686433.973656 686433.9776905 686433.9817250001 686433.9857595 686433.989794 686433.9938284999 686433.997863 686434.0018975 686434.005932 686434.0099665 686434.014001
443,686434.0422425,112.96699999365956,3351,3354,0.4088415446564873,0.5614741421823838,1.3526926960955892,0.900799579661468,3d gaze,-18.853219907668702,-14.047650240685742,134.73213950231172,686434.0422425 686434.046277 686434.0503115 686434.0543460001 686434.0583810001 686434.0624154999 686434.06645 686434.0704845 686434.074519 686434.078554 686434.0825885 686434.086623 686434.0906575001 686434.094692 686434.0987265001 686434.1027609999 686434.1067955 686434.11083 686434.1148645 686434.118899 686434.1229335 686434.1269680001 686434.1310025 686434.1350370001 686434.1390714999 686434.143106 686434.1471404999 686434.151175 686434.1552095
444,686434.251784,217.86400000564754,3357,3364,0.41170526558201814,0.5055149671719967,1.4404644737214989,0.8491421661206654,3d gaze,-88.4363758052172,-34.506548812806166,656.0922167563284,686434.251784 686434.259853 686434.267922 686434.275991 686434.28406 686434.292129 686434.300198 686434.308267 686434.316336 686434.324405 686434.332474 686434.340543 686434.348612 686434.356681 686434.36475 686434.372819 686434.380888 686434.388957 686434.397027 686434.405096 686434.413165 686434.421234 686434.429303 686434.437372 686434.445441 686434.45351 686434.461579 686434.469648
445,686434.5505925,100.86299991235137,3366,3369,0.3538268725143181,0.45919409859265303,1.3480339509095876,0.8538559159407249,3d gaze,-35.32763756510988,-1.5626537090216774,152.1004827341577,686434.5505925 686434.554627 686434.5586615 686434.5626965 686434.5667310001 686434.5707655 686434.5748000001 686434.5788344999 686434.582869 686434.5869035 686434.590938 686434.5949725 686434.599007 686434.6030415001 686434.607076 686434.6111105001 686434.6151449999 686434.6191795 686434.6232139999 686434.6272485 686434.631283 686434.6353175 686434.6393520001 686434.6433865 686434.6474210001 686434.6514554999
446,686434.7644225,185.58749998919666,3373,3378,0.42861821367248115,0.48538853495902545,1.4550350787342734,0.8645546277786823,3d gaze,-15.417281688053247,-4.916993199854328,144.04911742924844,686434.7644225 686434.7684569999 686434.7724915 686434.776526 686434.7805605 686434.7845950001 686434.7886295 686434.7926640001 686434.7966984999 686434.800733 686434.8047674999 686434.808802 686434.8128365 686434.816871 686434.8209055 686434.82494 686434.8289745001 686434.8330089999 686434.8370435 686434.8410779999 686434.8451125 686434.849147 686434.8531815 686434.8572160001 686434.8612505 686434.8652850001 686434.8693194999 686434.873354 686434.8773884999 686434.881423 686434.885458 686434.8894925 686434.893527 686434.8975615001 686434.901596 686434.9056305 686434.9096649999 686434.9136995 686434.917734 686434.9217685 686434.925803 686434.9298375 686434.9338720001 686434.9379065 686434.941941 686434.9459754999 686434.95001
447,686435.1557705,121.03600008413196,3384,3388,0.45052122924493576,0.3883515001872137,1.266323072369278,0.9081117549250203,3d gaze,-10.606434093571691,8.095878909386995,148.90792430865582,686435.1557705 686435.1598050001 686435.1638394999 686435.167874 686435.1719084999 686435.175943 686435.1799775 686435.184012 686435.1880465001 686435.192081 686435.196116 686435.2001509999 686435.2041855 686435.2082199999 686435.2122545 686435.216289 686435.2203235 686435.224358 686435.2283925 686435.2324270001 686435.2364614999 686435.240496 686435.2445304999 686435.248565 686435.2525995 686435.256634 686435.2606685001 686435.264703 686435.2687375001 686435.2727719999 686435.2768065
448,686435.3090824999,112.96700011007488,3389,3392,0.48105409436372903,0.3941311690314513,1.4305351184921224,0.9093826855051106,3d gaze,-3.4034323507018005,7.625090057961047,155.94462961294505,686435.3090824999 686435.313117 686435.3171514999 686435.321186 686435.3252205 686435.329255 686435.3332895001 686435.337324 686435.3413585001 686435.3453929999 686435.3494275 686435.3534619999 686435.3574965 686435.3615315 686435.3655660001 686435.3696005 686435.3736350001 686435.3776695 686435.381704 686435.3857384999 686435.389773 686435.3938074999 686435.397842 686435.4018765 686435.405911 686435.4099455001 686435.4139805001 686435.418015 686435.4220495
449,686435.466429,80.69049997720867,3394,3396,0.4668417041038088,0.43170694154941786,1.1868427034920181,0.9115224083264669,3d gaze,-7.398247408430863,2.455331483666136,165.63213307050478,686435.466429 686435.4704635 686435.474498 686435.4785325001 686435.482567 686435.4866015001 686435.490636 686435.4946705 686435.4987049999 686435.5027395 686435.506774 686435.5108085 686435.514843 686435.5188775 686435.5229125 686435.5269470001 686435.5309814999 686435.535016 686435.5390504999 686435.543085 686435.5471195
450,686435.551154,104.89750001579523,3396,3399,0.45040144098565144,0.41049567459202047,1.2135053189258467,0.9221067119527746,3d gaze,-10.348105172164704,4.9669915085586425,145.21374606023775,686435.551154 686435.5551885001 686435.559223 686435.5632575001 686435.5672919999 686435.5713265 686435.5753609999 686435.5793955 686435.58343 686435.5874645 686435.5914990001 686435.5955335 686435.5995680001 686435.6036024999 686435.607637 686435.6116714999 686435.615706 686435.6197405 686435.623775 686435.6278095001 686435.631844 686435.6358785001 686435.6399129999 686435.6439475 686435.6479825 686435.652017 686435.6560515
451,686435.660086,149.2770001059398,3399,3404,0.43435931714823167,0.4068553976670098,1.2615724550654848,0.9130194830267053,3d gaze,-13.476210083366817,5.19707491142991,138.40134821185208,686435.660086 686435.6641205 686435.6681550001 686435.6721895 686435.676224 686435.6802584999 686435.684293 686435.6883274999 686435.6923625 686435.696397 686435.7004315001 686435.704466 686435.7085005001 686435.7125349999 686435.7165695 686435.7206039999 686435.7246385 686435.728673 686435.7327075 686435.7367420001 686435.7407765 686435.7448110001 686435.7488454999 686435.75288 686435.7569144999 686435.760949 686435.7649835 686435.769018 686435.7730525001 686435.777087 686435.7811215001 686435.7851559999 686435.7891905 686435.7932249999 686435.7972595 686435.801294 686435.8053285 686435.8093630001
452,686435.8900540001,96.82799992151558,3406,3409,0.4740798180884232,0.41648183963093005,1.4659371713247091,0.8847126924991607,3d gaze,-6.67377515497613,5.760401512486738,203.34666845336818,686435.8900540001 686435.8940885 686435.898123 686435.9021574999 686435.906192 686435.9102265 686435.914261 686435.9182955 686435.92233 686435.9263645001 686435.930399 686435.9344335 686435.9384679999 686435.9425025 686435.9465369999 686435.9505715 686435.9546060001 686435.9586405 686435.9626750001 686435.9667095 686435.970744 686435.9747784999 686435.978813 686435.9828475 686435.986882
453,686435.9909165,96.82849992532283,3409,3412,0.4623434696239418,0.407361002095396,0.9561534858035131,0.9025385582447052,3d gaze,-9.884484947465975,7.0388153359853005,190.20779743989257,686435.9909165 686435.994951 686435.9989855001 686436.00302 686436.0070549999 686436.0110895 686436.0151239999 686436.0191585 686436.023193 686436.0272275 686436.0312620001 686436.0352965 686436.0393310001 686436.0433654999 686436.0474 686436.0514344999 686436.055469 686436.0595035 686436.063538 686436.0675725001 686436.071607 686436.0756415001 686436.0796759999 686436.0837105 686436.0877449999
454,686436.208781,80.68999997340143,3416,3418,0.42531468983183757,0.4566879099646869,1.4023172673950401,0.8629402894633157,3d gaze,-56.32699369045364,-3.847026850109402,502.76398256636156,686436.208781 686436.2128155001 686436.21685 686436.2208845001 686436.224919 686436.2289535 686436.2329879999 686436.2370225 686436.241057 686436.2450915 686436.2491260001 686436.2531605 686436.2571950001 686436.2612294999 686436.265264 686436.2692984999 686436.273333 686436.2773674999 686436.281402 686436.2854365001 686436.289471
455,686436.3015745,124.01349993888289,3419,3422,0.3883652060681893,0.41317450705589054,1.4592410634565203,0.8822160745039582,3d gaze,-47.498283587375994,8.779210304614216,274.369575864205,686436.3015745 686436.3056089999 686436.3096435 686436.313678 686436.317713 686436.3217475 686436.3257820001 686436.3298170001 686436.3338515 686436.337886 686436.3419204999 686436.345955 686436.3499894999 686436.354024 686436.3580585001 686436.362093 686436.3661275001 686436.370162 686436.3741965 686436.3782309999 686436.3812085 686436.385243 686436.3892775001 686436.393312 686436.3973465001 686436.401381 686436.4054155 686436.4094499999 686436.4134845 686436.417519 686436.4215535 686436.425588
456,686436.4296225,217.8645001258701,3422,3429,0.37590540046838866,0.41860995263139583,1.4732292032982945,0.8792189961129969,3d gaze,-45.86177871846193,6.439585748884858,236.09991159647916,686436.4296225 686436.4336570001 686436.4376915 686436.441726 686436.4457604999 686436.449795 686436.4538295 686436.457864 686436.4618985001 686436.465933 686436.4699675001 686436.474002 686436.4780369999 686436.4820715 686436.4861059999 686436.4901405 686436.494175 686436.4982095 686436.5022440001 686436.5062785 686436.5103130001 686436.5143474999 686436.518382 686436.5224165 686436.526451 686436.5304855 686436.53452 686436.5385545 686436.542589 686436.5466235001 686436.5506579999 686436.5546925 686436.5587269999 686436.5627615 686436.566796 686436.570831 686436.5748655 686436.5789000001 686436.5829345 686436.586969 686436.5910034999 686436.595038 686436.5990724999 686436.603107 686436.6071415 686436.611176 686436.6152105001 686436.619245 686436.6232795 686436.6273139999 686436.6313485 686436.635383 686436.6394175 686436.643452 686436.6474870001
457,686436.987192,217.86400000564754,3439,3445,0.40386311399508523,0.45915297536119204,1.459726317635972,0.7351301511128744,3d gaze,-100.4755925843901,-6.901086069351521,680.7112614559368,686436.987192 686437.035606 686437.148573 686437.188918 686437.196987 686437.205056
458,686437.356757,88.75900006387383,3450,3453,0.36865191723449975,0.49903647905566856,0.925122748426007,0.861356164018313,3d gaze,-123.1894114290237,-28.07865712020941,595.0296262078019,686437.356757 686437.364826 686437.372895 686437.380964 686437.389033 686437.397102 686437.405171 686437.41324 686437.421309 686437.429378 686437.437447 686437.445516
459,686437.8941535,96.82850004173815,3466,3469,0.3218008790754821,0.4423877841258826,1.2937198691133314,0.7818932750008323,3d gaze,-34.09666631245208,0.6264418779648901,118.09826981590109,686437.8941535 686437.8981880001 686437.9022225 686437.906257 686437.9102914999 686437.914326 686437.9183605 686437.922395 686437.9264295 686437.9304645 686437.934499 686437.9385335001 686437.9425679999 686437.9506369999 686437.958706 686437.9627405 686437.9708095 686437.9748440001 686437.9788784999 686437.982913 686437.9869474999 686437.990982
460,686439.4272715,104.89700001198798,3512,3515,0.3657239192224408,0.43602120308860454,1.0590123395389774,0.789933274410389,3d gaze,-28.851660180505096,1.5095588741748553,136.2551143016022,686439.4272715 686439.431306 686439.4353405 686439.4393750001 686439.4434095 686439.447444 686439.4514785 686439.455513 686439.4595475 686439.463582 686439.4676165 686439.471651 686439.4756855 686439.47972 686439.4837545 686439.487789 686439.4918235 686439.495858 686439.4998925 686439.503927 686439.5079615 686439.5119960001 686439.5160305 686439.520065 686439.5240995 686439.528134 686439.5321685
461,686439.536203,165.41599994525313,3515,3520,0.3523975872988287,0.41618324390845063,1.257426333129871,0.8246650313719724,3d gaze,-30.475590093933032,3.854295851866017,129.74296028520703,686439.536203 686439.5402375 686439.5442725 686439.548307 686439.5523415001 686439.556376 686439.5604105 686439.564445 686439.572514 686439.5765485 686439.580583 686439.5846175 686439.588652 686439.5926864999 686439.596721 686439.6007555 686439.60479 686439.6088245 686439.612859 686439.6168935 686439.620928 686439.6249625001 686439.628997 686439.6330315 686439.637066 686439.6411005 686439.645135 686439.6491695 686439.653204 686439.6612730001 686439.665308 686439.6693425 686439.673377 686439.6774115 686439.681446 686439.6854805 686439.69355 686439.6975845001 686439.7016189999
462,686439.750033,80.68999997340143,3521,3524,0.3167570176465577,0.41612146400107314,1.4991747538650009,0.8365217915603093,3d gaze,-41.42523111798126,4.1930717289629,138.94893934982161,686439.750033 686439.7540675 686439.758102 686439.7621365 686439.766171 686439.7702055001 686439.77424 686439.7782745 686439.782309 686439.7863435 686439.790378 686439.7944125 686439.798447 686439.8024815 686439.806516 686439.8105504999 686439.814585 686439.8186195 686439.822654 686439.8266885 686439.830723
463,686439.8347575,100.86350003257394,3524,3527,0.3032139834756065,0.4141340180257515,1.2832466387529806,0.8021289771017821,3d gaze,-42.926329401896076,4.281203081527354,132.94006948440102,686439.8347575 686439.838792 686439.8468609999 686439.8508955 686439.85493 686439.858965 686439.867034 686439.8710685 686439.875103 686439.8791375 686439.8831720001 686439.8872065 686439.891241 686439.8952755 686439.89931 686439.903345 686439.9073795 686439.911414 686439.9154485 686439.919483 686439.9235175 686439.9315865 686439.935621
464,686439.9396555,84.72499996423721,3527,3530,0.29104220906833206,0.3896448846112901,1.465802510155936,0.8269939108898765,3d gaze,-42.98874684423372,6.940933046931266,124.25029495326372,686439.9396555 686439.9477245 686439.951759 686439.9557935 686439.959828 686439.9638625 686439.967897 686439.9719315 686439.975966 686439.9800005 686439.984035 686439.9880695 686439.992104 686439.9961385 686440.0042075 686440.012277 686440.0163115 686440.020346 686440.0243805
465,686440.0808635,137.1740000322461,3531,3535,0.28142405741723225,0.37869431511283336,0.930410219222195,0.7935069650411606,3d gaze,-42.76565776162022,7.840037633999562,117.30187563979871,686440.0808635 686440.084898 686440.092967 686440.0970015 686440.1010360001 686440.1050705 686440.109105 686440.117174 686440.1212085 686440.125243 686440.1292775 686440.133312 686440.1373465 686440.1413809999 686440.1454155 686440.1534845 686440.161554 686440.1655885 686440.169623 686440.1736575 686440.177692 686440.181727 686440.1857615 686440.189796 686440.1938305 686440.197865 686440.205934 686440.2099685 686440.214003 686440.2180375
466,686440.286624,108.93200011923909,3537,3541,0.26469567364231594,0.375049471379039,1.3482225458860653,0.7856647393533162,3d gaze,-42.758865332651034,7.648967933598881,107.63294208128227,686440.286624 686440.2906585 686440.294693 686440.2987275 686440.302762 686440.3067965 686440.310831 686440.3148655 686440.3189 686440.3229344999 686440.326969 686440.3310035 686440.3350385 686440.339073 686440.3431075 686440.347142 686440.3511765 686440.355211 686440.3592455001 686440.36328 686440.3673145 686440.371349 686440.3753835 686440.379418 686440.3834525 686440.387487 686440.3915215 686440.3955560001
467,686440.807077,84.72499996423721,3553,3556,0.4897737514926277,0.577661990811828,1.132608993646429,0.8276807042685422,3d gaze,-4.732951248256113,-71.97460385878658,608.2796799078111,686440.807077 686440.8111115 686440.815146 686440.819181 686440.8232155 686440.82725 686440.8312845 686440.835319 686440.8393534999 686440.843388 686440.8474225 686440.851457 686440.8554915 686440.859526 686440.8635605 686440.867595 686440.8716295001 686440.875664 686440.8796985 686440.883733 686440.8877675 686440.891802
468,686440.968458,96.82850004173815,3558,3561,0.4785154296831452,0.5166877759564321,1.489196519856946,0.8083780264854431,3d gaze,-10.241096793061233,-25.472886420122432,405.7385232253714,686440.968458 686440.9724925 686440.976527 686440.980562 686440.9845964999 686440.988631 686440.9926655 686440.9967 686441.0007345 686441.004769 686441.0088035 686441.012838 686441.0168725 686441.0209069999 686441.0249415 686441.028976 686441.0330105 686441.037045 686441.0410795 686441.045114 686441.0491485 686441.053183 686441.0572174999 686441.061252 686441.0652865
469,686441.069321,125.07049995474517,3561,3565,0.47106061963376145,0.49935615856441407,1.2057863908426285,0.8357528900278026,3d gaze,-12.689683757057178,-15.775525600453626,337.5043211689543,686441.069321 686441.0733555 686441.07739 686441.0814245 686441.085459 686441.0894935001 686441.093528 686441.0975625 686441.101597 686441.1056315 686441.109666 686441.1137005 686441.1217695 686441.125804 686441.1298384999 686441.133873 686441.1379075 686441.1419425 686441.145977 686441.154046 686441.1580805 686441.162115 686441.1661495001 686441.1701839999 686441.178253 686441.1822875 686441.186322 686441.1903565 686441.1943915
470,686441.702741,84.72499996423721,3580,3582,0.5401881091511066,0.5296683447132576,1.3867791845951933,0.8223392736344111,3d gaze,18.057686184479948,-18.358816711814818,245.7056678518476,686441.702741 686441.7067755 686441.71081 686441.7148445 686441.718879 686441.7229135 686441.726948 686441.7309825 686441.735017 686441.7390515 686441.743086 686441.7471205 686441.751155 686441.7551895 686441.7632585 686441.767293 686441.7713275 686441.775362 686441.779397 686441.7834315 686441.787466
471,686442.21109,129.1049999417737,3595,3599,0.2966145687374187,0.4776224547331615,1.40074890293318,0.8508657296498616,3d gaze,-56.29813986228568,-4.731622140182684,168.01803138737026,686442.21109 686442.2151245 686442.2191595 686442.223194 686442.231263 686442.2352975 686442.239332 686442.2433665 686442.247401 686442.2514355 686442.25547 686442.263539 686442.2675735 686442.2716085 686442.275643 686442.2796775 686442.283712 686442.2877465 686442.291781 686442.2958155 686442.2998500001 686442.3038844999 686442.307919 686442.3119535 686442.315988 686442.3200225 686442.324057 686442.3280915 686442.3361605001 686442.3401949999
472,686442.7920615,177.51850001513958,3612,3618,0.33954419757033427,0.6104239523519516,1.4288785599625753,0.8613694449265797,3d gaze,-36.99718412893165,-21.905156480561832,142.2082231398153,686442.7920615 686442.796096 686442.8001305 686442.804165 686442.8081995 686442.8122340001 686442.8162684999 686442.820303 686442.8243375 686442.828372 686442.8324065 686442.836441 686442.8404755 686442.84451 686442.8485445001 686442.8525789999 686442.8566135 686442.860648 686442.8646825 686442.868717 686442.8727515 686442.876786 686442.8808205 686442.8848550001 686442.8888894999 686442.892924 686442.8969585 686442.900993 686442.9050275 686442.9090625 686442.913097 686442.9171315 686442.921166 686442.9252005001 686442.9292349999 686442.9332695 686442.937304 686442.9413385 686442.945373 686442.9494075 686442.9534420001 686442.9574765 686442.9615110001 686442.9655454999 686442.96958
473,686442.9736145,137.1739999158308,3618,3622,0.3331888207822495,0.6026026573262965,0.6783947559156736,0.8640737090791974,3d gaze,-32.67353228012875,-17.617478469889246,120.5114666767693,686442.9736145 686442.977649 686442.9816835 686442.985718 686442.9897525 686442.9937875001 686442.997822 686443.0018565 686443.005891 686443.0099255 686443.01396 686443.0179945 686443.022029 686443.0260635 686443.030098 686443.0341325 686443.038167 686443.0422014999 686443.046236 686443.0502705 686443.054305 686443.0583395 686443.062374 686443.0664085001 686443.0704435001 686443.0744779999 686443.0785125 686443.082547 686443.0865815 686443.090616 686443.0946505 686443.098685 686443.1027195 686443.1067540001 686443.1107884999
474,686443.114823,141.20849990285933,3622,3626,0.3456809037920076,0.589993933839894,1.2936212304985006,0.8745301912228266,3d gaze,-31.860026844653028,-17.09598405438542,128.1771068843001,686443.114823 686443.1188575 686443.122892 686443.1269265 686443.130961 686443.1349955 686443.13903 686443.1430645001 686443.1470989999 686443.1511335 686443.155168 686443.1592025 686443.163237 686443.1672715 686443.171306 686443.1753405 686443.1793750001 686443.1834094999 686443.187444 686443.1914785 686443.195513 686443.1995475 686443.203582 686443.2076165 686443.211651 686443.2156855001 686443.2197199999 686443.2237549999 686443.2277895 686443.231824 686443.2358585 686443.239893 686443.243928 686443.2479625 686443.2519970001 686443.2560315
475,686443.260066,217.86349988542497,3626,3633,0.3360692507955647,0.5777077630158046,1.3954361320537179,0.867176948894154,3d gaze,-33.645042149974635,-15.495355939627606,126.84937865454786,686443.260066 686443.2641005 686443.268135 686443.2721695 686443.276204 686443.2802385 686443.284273 686443.2883075001 686443.292342 686443.2963765 686443.3004109999 686443.3044455 686443.30848 686443.3125145 686443.316549 686443.3205835 686443.3246180001 686443.3286525 686443.332687 686443.3367215 686443.340756 686443.3447905 686443.348825 686443.3528595 686443.356894 686443.3609285001 686443.3649629999 686443.3689975 686443.3730319999 686443.3770665 686443.381101 686443.3851355 686443.38917 686443.393205 686443.3972395 686443.4012740001 686443.4053084999 686443.409343 686443.4133775 686443.417412 686443.4214465 686443.425481 686443.4295155001 686443.43355 686443.4375845001 686443.4416189999 686443.4456535 686443.449688 686443.4537225 686443.457757 686443.4617915 686443.465826 686443.4698605 686443.4738950001 686443.4779294999
476,686443.481964,117.0014999806881,3633,3636,0.34453386810998815,0.5813042136425334,1.1726960473667265,0.8604332069555919,3d gaze,-32.4743795788073,-16.24705713437799,129.77586461335906,686443.481964 686443.4859985 686443.490033 686443.494068 686443.4981025 686443.502137 686443.5061715 686443.510206 686443.5142405 686443.5182749999 686443.5223095 686443.526344 686443.5303785 686443.534413 686443.5384475 686443.5424820001 686443.5465170001 686443.5505514999 686443.554586 686443.5586204999 686443.562655 686443.5666895 686443.570724 686443.5747585 686443.578793 686443.5828275001 686443.5868619999 686443.5908965 686443.594931 686443.5989655
477,686443.603,133.138999924995,3636,3640,0.35568376385872996,0.5928542297164592,1.2873905627502735,0.8830740837489858,3d gaze,-28.45103896151418,-16.712547942385907,123.15235768790687,686443.603 686443.6070345 686443.611069 686443.6151035 686443.6191380001 686443.6231724999 686443.627207 686443.6312414999 686443.635276 686443.6393105 686443.643345 686443.6473795 686443.651414 686443.6554485001 686443.6594829999 686443.6635175 686443.667552 686443.6715865 686443.675621 686443.6796555 686443.68369 686443.6877245 686443.6917590001 686443.6957934999 686443.699828 686443.7038624999 686443.7078975 686443.711932 686443.7159665 686443.720001 686443.7240355 686443.72807 686443.7321045 686443.7361389999
478,686443.7401735,165.4155000578612,3641,3645,0.36809922644105086,0.5959239549049826,1.3420783467520712,0.8830009514377231,3d gaze,-24.821977342000153,-16.35175615779105,118.47226118008123,686443.7401735 686443.7442085 686443.748243 686443.752277 686443.7563115 686443.7603465 686443.7643810001 686443.7684155 686443.77245 686443.7764844999 686443.780519 686443.7845535 686443.788588 686443.7926225 686443.796657 686443.8006915001 686443.804726 686443.8087605 686443.812795 686443.8168295 686443.820864 686443.8248985 686443.828933 686443.8329675 686443.8370020001 686443.8410365 686443.845071 686443.8491054999 686443.85314 686443.8571745 686443.861209 686443.8652435 686443.8692785 686443.873313 686443.8773475001 686443.8813819999 686443.8854165 686443.8894509999 686443.8934855 686443.89752 686443.9015545 686443.9055890001
479,686443.9096235,88.75900006387383,3646,3648,0.376077452112061,0.6118446797498713,1.093289149237816,0.837522224239681,3d gaze,-23.413894127317963,-18.231554181669445,119.31880282662043,686443.9096235 686443.9136580001 686443.9176924999 686443.921727 686443.9257615 686443.929796 686443.9338305 686443.937865 686443.9418995 686443.945934 686443.9499685001 686443.9540029999 686443.9580375 686443.9620719999 686443.9661065 686443.970141 686443.9741755 686443.9782100001 686443.9822445 686443.9862790001 686443.9903134999 686443.994348 686443.9983825
480,686444.002417,145.2430000063032,3648,3653,0.357133906912371,0.5897708643347183,1.4415055384748727,0.8463452337561427,3d gaze,-24.91023357157088,-14.471603217577854,109.07737108792169,686444.002417 686444.0064515 686444.0104865 686444.014521 686444.0185555001 686444.02259 686444.0266245 686444.0306595 686444.0346939999 686444.0387285 686444.042763 686444.0467975 686444.0508320001 686444.0548665 686444.0589010001 686444.0629354999 686444.06697 686444.0710045 686444.075039 686444.0790735 686444.083108 686444.0871425 686444.091177 686444.0952115001 686444.0992459999 686444.1032805 686444.1073149999 686444.1113495 686444.115384 686444.1194185 686444.1234530001 686444.1274875 686444.1315220001 686444.1355564999 686444.139591 686444.1436255 686444.14766
481,686444.1516945,217.8645000094548,3653,3659,0.35496830529211554,0.5871565282193677,1.4744945008041919,0.8643936975435778,3d gaze,-24.246852717652214,-13.596978526187142,104.43289032940739,686444.1516945 686444.155729 686444.1597635 686444.163798 686444.1678325001 686444.1718669999 686444.1759015 686444.1799359999 686444.1839705 686444.188005 686444.19204 686444.1960745 686444.2001090001 686444.2041435 686444.2081780001 686444.2122124999 686444.216247 686444.2202814999 686444.224316 686444.2283505 686444.232385 686444.2364195001 686444.240454 686444.2444885001 686444.2485229999 686444.2525575 686444.256592 686444.2606265 686444.264661 686444.2686955 686444.2727300001 686444.2767650001 686444.2807995 686444.284834 686444.2888684999 686444.292903 686444.2969375 686444.300972 686444.3050065 686444.309041 686444.3130755001 686444.31711 686444.3211445 686444.3251789999 686444.3292135 686444.333248 686444.3372825 686444.341317 686444.3453515 686444.3493860001 686444.3534210001 686444.3574554999 686444.36149 686444.3655244999 686444.369559
482,686444.5026974999,84.72550008445978,3663,3666,0.4378486083610742,0.5961698691519054,1.4177316934214477,0.9227735549211502,3d gaze,-11.799390312360243,-17.377980105763353,127.69305208812294,686444.5026974999 686444.5067324999 686444.510767 686444.5148015 686444.518836 686444.5228705 686444.5269055001 686444.53094 686444.5349745001 686444.539009 686444.5430435 686444.5470779999 686444.5511125 686444.555147 686444.5591815 686444.563216 686444.5672505 686444.5712850001 686444.5753194999 686444.579354 686444.5833884999 686444.587423
483,686444.5914575,217.86400000564754,3666,3672,0.4474652672863277,0.6039665945035066,0.9779814590623436,0.9221252766522494,3d gaze,-9.322409758985504,-17.376169037469964,121.33894436578754,686444.5914575 686444.595492 686444.5995265001 686444.603561 686444.6075955001 686444.6116299999 686444.6156645 686444.6196989999 686444.6237335 686444.627768 686444.6318025 686444.635837 686444.6398715 686444.6439060001 686444.6479404999 686444.651975 686444.6560094999 686444.660044 686444.6640785 686444.6681135 686444.672148 686444.6761825001 686444.680217 686444.6842515001 686444.6882859999 686444.6923205 686444.6963549999 686444.7003895 686444.704424 686444.7084585 686444.7124930001 686444.7165275 686444.7205620001 686444.7245964999 686444.728631 686444.7326655 686444.7367 686444.7407345 686444.744769 686444.7488035001 686444.752838 686444.7568725001 686444.7609069999 686444.7649415 686444.7689759999 686444.7730105 686444.777045 686444.7810795 686444.7851140001 686444.7891485 686444.7931835 686444.797218 686444.8012524999 686444.805287 686444.8093215
484,686444.8859775,165.4154999414459,3675,3680,0.4304359432600486,0.6090392213109086,1.466768608336771,0.9350474710975375,3d gaze,-13.211265448957263,-18.681607091083638,125.98161049057249,686444.8859775 686444.890012 686444.8940465 686444.898081 686444.9021155001 686444.9061499999 686444.9101845 686444.9142189999 686444.9182535 686444.922288 686444.9263225 686444.9303570001 686444.9343915 686444.9384260001 686444.9424604999 686444.946495 686444.9505294999 686444.954564 686444.9585985 686444.962633 686444.9666675 686444.970702 686444.9747365001 686444.9787709999 686444.9828055 686444.9868399999 686444.990875 686444.9949095 686444.998944 686445.0029785 686445.0070130001 686445.0110475 686445.015082 686445.0191164999 686445.023151 686445.0271854999 686445.03122 686445.0352545 686445.039289 686445.043324 686445.0473585001 686445.051393
485,686445.0554275,149.27699998952448,3680,3684,0.4198951066040869,0.6005877523609157,1.364943930097576,0.942451265297438,3d gaze,-14.67900941737317,-16.89417992412071,120.16122410573126,686445.0554275 686445.0594619999 686445.0634965 686445.067531 686445.0715655 686445.0756000001 686445.0796345 686445.0836690001 686445.0877035 686445.091738 686445.0957724999 686445.099807 686445.1038415 686445.107876 686445.1119105 686445.115945 686445.1199795001 686445.124014 686445.1280485 686445.1320829999 686445.1361175 686445.140152 686445.1441865 686445.1482210001 686445.1522560001 686445.1562905 686445.1603250001 686445.1643594999 686445.168394 686445.1724284999 686445.176463 686445.1804975 686445.184532 686445.1885665001 686445.192601 686445.1966355001 686445.2006699999 686445.2047045
486,686445.2611875001,217.86400000564754,3686,3692,0.4577973214539591,0.5769302060399408,1.4577923912705462,0.9384216368198395,3d gaze,-6.458245150935954,-12.749003743624092,108.16360279453235,686445.2611875001 686445.265222 686445.2692565001 686445.2732909999 686445.2773255 686445.2813599999 686445.2853945 686445.289429 686445.2934635 686445.2974980001 686445.3015330001 686445.3055675 686445.309602 686445.313637 686445.3176714999 686445.321706 686445.3257405 686445.329775 686445.3338095001 686445.337844 686445.3418785001 686445.3459129999 686445.3499475 686445.3539819999 686445.3580165 686445.362051 686445.3660855 686445.37012 686445.3741545 686445.3781890001 686445.3822234999 686445.386258 686445.3902924999 686445.394327 686445.3983615 686445.402396 686445.4064305001 686445.410465 686445.4144995001 686445.4185339999 686445.4225685 686445.4266029999 686445.4306375 686445.434672 686445.4387065 686445.4427410001 686445.4467755 686445.4508100001 686445.4548444999 686445.458879 686445.4629134999 686445.466948 686445.4709825 686445.475017 686445.4790515001
487,686445.4951899999,185.58800010941923,3693,3698,0.45714242268293886,0.6131412300602933,1.4932280436015266,0.9398299956575353,3d gaze,-6.45405739533114,-15.983508585380148,105.37771928414907,686445.4951899999 686445.4992245 686445.5032589999 686445.5072935 686445.5113280001 686445.5153625 686445.5193970001 686445.5234315 686445.527466 686445.5315004999 686445.535535 686445.5395694999 686445.543604 686445.5476385 686445.551673 686445.5557075001 686445.5597425001 686445.563777 686445.5678115 686445.5718459999 686445.5758805 686445.579915 686445.5839495 686445.587984 686445.5920185 686445.5960530001 686445.6000875 686445.604122 686445.6081564999 686445.612191 686445.6162255 686445.62026 686445.6242945001 686445.6283295001 686445.632364 686445.6363985001 686445.6404329999 686445.6444675 686445.6485019999 686445.6525365 686445.656571 686445.6606055 686445.6646400001 686445.6686745 686445.6727090001 686445.6767434999 686445.680778
488,686445.83409,165.41499993763864,3703,3708,0.49663091089272193,0.6165448748093262,1.4752601960665455,0.9701986021938778,3d gaze,0.436372629304111,-19.31778413137833,125.01410057351703,686445.83409 686445.8381245 686445.842159 686445.8461935001 686445.850228 686445.8542625001 686445.8582969999 686445.8623315 686445.8663659999 686445.8704005 686445.874435 686445.8784695 686445.8825040001 686445.8865385 686445.8905730001 686445.8946074999 686445.898642 686445.9026764999 686445.906711 686445.9107455 686445.91478 686445.9188145001 686445.922849 686445.9268835001 686445.9309179999 686445.9349525 686445.9389869999 686445.9430215 686445.947056 686445.951091 686445.9551255 686445.9591600001 686445.9631945 686445.9672290001 686445.9712634999 686445.975298 686445.9793324999 686445.983367 686445.9874015001 686445.991436 686445.9954705001 686445.999505
489,686446.0035395001,137.1740000322461,3708,3712,0.5030395621132873,0.6039479684059313,1.316889824792504,0.9617933690547943,3d gaze,1.616685282484873,-16.781558824592327,117.35562111962437,686446.0035395001 686446.0075739999 686446.0116085 686446.0156429999 686446.0196775 686446.023712 686446.0277465 686446.0317810001 686446.0358155 686446.0398500001 686446.0438844999 686446.047919 686446.0519534999 686446.055988 686446.0600225001 686446.064057 686446.0680915001 686446.072126 686446.076161 686446.0801955 686446.0842299999 686446.0882645 686446.0922989999 686446.0963335 686446.1003680001 686446.1044025 686446.1084370001 686446.1124715 686446.116506 686446.120541 686446.1245754999 686446.12861 686446.1326445 686446.136679 686446.1407135001
490,686446.1568515,104.89699989557266,3713,3716,0.4789409412848117,0.5874628656276242,1.4442320765273933,0.9697263527799536,3d gaze,-2.9452906964950953,-14.88910939741587,116.68571910536632,686446.1568515 686446.1608859999 686446.1649205 686446.168955 686446.1729895 686446.1770240001 686446.1810585 686446.1850930001 686446.1891274999 686446.193162 686446.1971964999 686446.201231 686446.2052655 686446.2093 686446.2133345001 686446.217369 686446.2214035001 686446.2254379999 686446.2294725 686446.2335069999 686446.2375415 686446.241576 686446.2456105 686446.2496450001 686446.2536795 686446.2577140001 686446.2617484999
491,686446.2657834999,80.690500093624,3716,3718,0.480481911672073,0.5956002380237884,1.3638839002383036,0.9788187373252142,3d gaze,-2.7352717505063504,-16.25314970461914,120.30821137468581,686446.2657834999 686446.269818 686446.273852 686446.2778865 686446.2819215 686446.285956 686446.2899905001 686446.294025 686446.2980595 686446.3020939999 686446.3061285 686446.3101629999 686446.3141975 686446.3182320001 686446.3222665 686446.3263015 686446.3303360001 686446.3343705 686446.338405 686446.3424394999 686446.346474
492,686446.3505084999,80.69000020623207,3718,3721,0.46427628095010026,0.5916659456368004,1.2165269781486057,0.9599926187878564,3d gaze,-5.898052131447794,-15.731048792327519,119.59622487938557,686446.3505084999 686446.354543 686446.3585775001 686446.362612 686446.3666465001 686446.370681 686446.3747155 686446.3787499999 686446.3827845 686446.386819 686446.3908535 686446.3948880001 686446.3989225 686446.4029570001 686446.4069915 686446.411026 686446.4150604999 686446.419095 686446.4231294999 686446.427164 686446.4311985001
493,686446.4352335001,92.79349981807172,3721,3724,0.45011267115131154,0.606794457874959,1.4826637557242488,0.9653973045448462,3d gaze,-8.94744427159413,-17.99502594290466,123.44310657021975,686446.4352335001 686446.439268 686446.4433025001 686446.4473369999 686446.4513715 686446.4554059999 686446.4594405 686446.4634750001 686446.4675095 686446.4715440001 686446.4755785 686446.4796130001 686446.4836474999 686446.487682 686446.4917164999 686446.495751 686446.4997855 686446.50382 686446.5078545001 686446.511889 686446.5159235001 686446.5199579999 686446.5239925 686446.5280269999
494,686446.5320615,88.759999955073,3724,3726,0.44543621211797485,0.6034069319081717,1.4123843249748471,0.9557375506214474,3d gaze,-9.83002469151547,-17.51627860725292,122.58131954721608,686446.5320615 686446.5360960001 686446.5401305 686446.5441650001 686446.5481995 686446.5522340001 686446.5562684999 686446.560303 686446.5643374999 686446.568372 686446.5724065 686446.5764415001 686446.580476 686446.5845105001 686446.588545 686446.5925795 686446.5966145 686446.6006489999 686446.6046835 686446.6087179999 686446.6127525 686446.6167870001 686446.6208215
495,686446.7862364999,112.96649998985231,3731,3735,0.386816484224477,0.5008025491146483,1.3686364571321015,0.9050340888829067,3d gaze,-20.04194630390003,-5.522573529973919,113.74519672371395,686446.7862364999 686446.790271 686446.7943055001 686446.79834 686446.8023745001 686446.806409 686446.8104435 686446.8144779999 686446.8185125 686446.8225469999 686446.8265819999 686446.8306165 686446.8346510001 686446.8386855 686446.8427200001 686446.8467545 686446.850789 686446.8548234999 686446.858858 686446.8628925 686446.866927 686446.8709615001 686446.874996 686446.8790305001 686446.883065 686446.8870995 686446.8911339999 686446.8951685 686446.8992029999
496,686446.9032375,165.41499993763864,3735,3740,0.402965526324239,0.47936361565016333,1.4280972374536007,0.9155529616844087,3d gaze,-18.503232422373273,-3.554552161801356,124.15005115494971,686446.9032375 686446.9072720001 686446.9113065 686446.9153410001 686446.9193760001 686446.9234104999 686446.927445 686446.9314794999 686446.935514 686446.9395485 686446.943583 686446.9476175001 686446.951652 686446.9556865001 686446.9597209999 686446.9637555 686446.9677899999 686446.9718245 686446.975859 686446.9798935 686446.9839280001 686446.9879625 686446.9919970001 686446.9960314999 686447.000066 686447.0041004999 686447.008135 686447.0121695 686447.016204 686447.0202385001 686447.024273 686447.0283075001 686447.0323419999 686447.0363765 686447.0404109999 686447.0444455 686447.04848 686447.0525145 686447.0565490001 686447.0605835 686447.0646180001 686447.0686524999
497,686447.0726874999,108.93200011923909,3740,3743,0.41542191521974736,0.4686922663302178,1.4922588944133404,0.8987876112971988,3d gaze,-16.79076970802517,-2.469026128902448,130.81013282582896,686447.0726874999 686447.076722 686447.0807564999 686447.084791 686447.0888255001 686447.0928605001 686447.096895 686447.1009295001 686447.1049639999 686447.1089985 686447.1130329999 686447.1170675 686447.121102 686447.1251365 686447.1291710001 686447.1332055 686447.1372400001 686447.1412744999 686447.145309 686447.1493434999 686447.153378 686447.1574125 686447.161447 686447.1654815001 686447.169516 686447.1735505001 686447.1775849999 686447.1816195
498,686447.3430005,88.75950006768107,3748,3751,0.3031869897158866,0.4753055317739842,1.2121924636162955,0.8600138399911963,3d gaze,-40.80472009236331,-3.275620210322063,126.38100561348504,686447.3430005 686447.3470350001 686447.3510695 686447.3551040001 686447.3591385 686447.363173 686447.3672074999 686447.371242 686447.3752764999 686447.379311 686447.3833455001 686447.38738 686447.3914145001 686447.3954495001 686447.3994839999 686447.4035185 686447.4075529999 686447.4115875 686447.415622 686447.4196565 686447.4236910001 686447.4277255 686447.4317600001
499,686447.439829,96.82799992151558,3751,3754,0.32187362621624305,0.4857483846822801,1.3703758421635652,0.8619565069675446,3d gaze,-40.93462677985785,-5.028366393374889,141.78217250441682,686447.439829 686447.4438634999 686447.447898 686447.4519325 686447.455967 686447.4600015001 686447.464036 686447.4680705001 686447.4721049999 686447.4761395 686447.4801739999 686447.4842085 686447.488243 686447.4922775 686447.4963120001 686447.5003465 686447.5043810001 686447.5084154999 686447.51245 686447.5164844999 686447.520519 686447.5245535 686447.528588 686447.5326225001 686447.536657
500,686448.6017705,96.8290000455454,3786,3788,0.438604684424734,0.48844972039352674,1.4586291725530494,0.8749779832363128,3d gaze,-17.25601557341265,-7.004231235932858,190.9144179291668,686448.6017705 686448.605805 686448.6098394999 686448.613874 686448.6179085 686448.621943 686448.6259775 686448.630012 686448.634047 686448.6380815001 686448.642116 686448.6461505 686448.6501849999 686448.6542195 686448.658254 686448.6622885 686448.666323 686448.6703575 686448.6743920001 686448.6784270001 686448.6824614999 686448.686496 686448.6905304999 686448.694565 686448.6985995
501,686448.702634,125.06949994713068,3789,3792,0.4255646457341988,0.5081155386694403,1.4828735451803294,0.8856550678610802,3d gaze,-18.79314347356453,-9.201218611568285,168.01834597477108,686448.702634 686448.7066685001 686448.710703 686448.7147375001 686448.7187719999 686448.7228065 686448.7268409999 686448.7308755 686448.73491 686448.7389445 686448.7429790001 686448.7470135 686448.7510480001 686448.7550824999 686448.759117 686448.7631514999 686448.767186 686448.7712205 686448.775255 686448.7792895001 686448.783324 686448.7873585001 686448.7913929999 686448.7954275 686448.7994619999 686448.8034965 686448.807531 686448.8115655 686448.8156000001 686448.8196345 686448.8236690001 686448.8277034999
502,686448.8357724999,217.8645001258701,3793,3799,0.4097414092445629,0.5091556653043241,1.456139032886545,0.8998218261533313,3d gaze,-19.90265159946148,-8.114517657307863,144.3554192941751,686448.8357724999 686448.8398074999 686448.843842 686448.8478765 686448.851911 686448.8559455001 686448.85998 686448.8640145 686448.8680489999 686448.8720835 686448.876118 686448.8801525 686448.884187 686448.8882215 686448.8922565 686448.8962910001 686448.9003254999 686448.90436 686448.9083944999 686448.912429 686448.9164635 686448.920498 686448.9245325 686448.928567 686448.9326015001 686448.9366359999 686448.9406705 686448.9447049999 686448.9487395 686448.952774 686448.9568085 686448.9608430001 686448.9648775 686448.9689120001 686448.9729464999 686448.976981 686448.9810154999 686448.98505 686448.9890845 686448.993119 686448.9971535001 686449.001188 686449.0052225001 686449.0092575001 686449.0132919999 686449.0173265 686449.021361 686449.0253955 686449.02943 686449.0334645 686449.0374990001 686449.0415335 686449.0496024999 686449.053637
503,686449.093982,217.86399988923222,3800,3807,0.3989399087973252,0.48385572842179086,1.4805255828526782,0.8738694754513827,3d gaze,-23.362275926365577,-4.920464682841008,149.909194565753,686449.093982 686449.0980165 686449.102051 686449.1060855 686449.1101200001 686449.1141545 686449.1181890001 686449.1222234999 686449.126258 686449.1302924999 686449.134327 686449.1383615 686449.142396 686449.1464305001 686449.1504655001 686449.1545 686449.1585345 686449.1625695 686449.1666039999 686449.1706385 686449.174673 686449.1787075 686449.182742 686449.1867765 686449.1908110001 686449.1948454999 686449.19888 686449.2029144999 686449.206949 686449.2109835 686449.215018 686449.2190525001 686449.223087 686449.2271215001 686449.2311559999 686449.2351905 686449.2392249999 686449.2432595 686449.247294 686449.2513285 686449.2553630001 686449.2593975 686449.2634320001 686449.2674664999 686449.271501 686449.2755354999 686449.27957 686449.2836045 686449.287639 686449.2916735001 686449.295708 686449.2997425001 686449.3037769999 686449.3078115 686449.3118459999
504,686449.3158805,217.86449989303946,3807,3813,0.3998436002011345,0.4869944911626528,1.1664439277231144,0.8895677431063218,3d gaze,-23.971594645948237,-5.5591723979254475,155.3498195286443,686449.3158805 686449.319915 686449.3239495 686449.3279840001 686449.3320190001 686449.3360535 686449.340088 686449.3441224999 686449.348157 686449.3521915 686449.356226 686449.3602605 686449.364295 686449.3683295001 686449.372364 686449.3763985 686449.3804329999 686449.3844675 686449.3885019999 686449.3925365 686449.396571 686449.4006055 686449.4046400001 686449.4086750001 686449.4127095 686449.416744 686449.4207784999 686449.424813 686449.4288475 686449.432882 686449.4369165001 686449.440951 686449.4449855001 686449.44902 686449.4530545 686449.4570889999 686449.4611235 686449.465158 686449.4691925 686449.473227 686449.4772620001 686449.4812965 686449.4853310001 686449.4893654999 686449.4934 686449.4974345 686449.501469 686449.5055035 686449.509538 686449.5135725001 686449.517607 686449.5216415001 686449.5256759999 686449.5297105 686449.5337449999
505,686449.7233675,80.68999997340143,3819,3821,0.3529383073412452,0.502569220176327,1.4292582274805847,0.8427627086639404,3d gaze,-38.00635264291996,-8.255784740232455,162.43825551311699,686449.7233675 686449.727402 686449.7314365 686449.735471 686449.7395055001 686449.7435399999 686449.7475745 686449.7516089999 686449.7556435 686449.759678 686449.7637125 686449.7677470001 686449.7717815 686449.7758160001 686449.7798504999 686449.783885 686449.7879195 686449.791954 686449.7959885 686449.800023 686449.8040575
506,686449.8080925001,217.86400000564754,3822,3828,0.3441607877833697,0.49798896784673835,1.0575376379468655,0.811137346205888,3d gaze,-40.128062801755014,-7.506166376132609,160.9086581261415,686449.8080925001 686449.812127 686449.8161615 686449.8201959999 686449.8242305 686449.828265 686449.8322995 686449.836334 686449.8403685 686449.8444030001 686449.8484375 686449.852472 686449.8565064999 686449.860541 686449.8645755 686449.86861 686449.8726445 686449.876679 686449.8807135001 686449.884748 686449.8887825 686449.8928169999 686449.8968515 686449.900886 686449.9049205 686449.908955 686449.9129895 686449.9170245 686449.9210590001 686449.9250935 686449.929128 686449.9331624999 686449.937197 686449.9412315 686449.945266 686449.9493005 686449.953335 686449.9573695001 686449.961404 686449.9654385 686449.9694735 686449.973508 686449.9775425 686449.981577 686449.9856115 686449.989646 686449.9936805 686449.9977150001 686450.0017494999 686450.005784 686450.0098184999 686450.013853 686450.021922 686450.0259565001
507,686450.029991,185.58800010941923,3828,3834,0.34460567242925716,0.5009097819979405,1.2385507271509812,0.81948679620805,3d gaze,-40.031551377999335,-7.942083530883785,160.98878197007423,686450.029991 686450.0340255001 686450.0380599999 686450.0420945 686450.046129 686450.0501635 686450.054198 686450.0582325 686450.062267 686450.0663015 686450.0703360001 686450.0743704999 686450.078405 686450.0824394999 686450.086474 686450.0905085 686450.094543 686450.0985775001 686450.102612 686450.1066465001 686450.1106809999 686450.1147155 686450.11875 686450.1227845 686450.126819 686450.130854 686450.1348885 686450.1389230001 686450.1429575 686450.146992 686450.1510264999 686450.155061 686450.1590955 686450.16313 686450.167165 686450.1711995001 686450.175234 686450.1792685001 686450.1833029999 686450.1873375 686450.191372 686450.199441 686450.2034755 686450.20751 686450.2115445 686450.2155790001
508,686450.2962694999,80.69000008981675,3836,3839,0.42571865171533724,0.4983151864095324,1.4053489740208436,0.8400637691929227,3d gaze,-25.299088228684315,-10.44031240252762,227.3923672499474,686450.2962694999 686450.300304 686450.3043385 686450.308373 686450.3124075 686450.316442 686450.3204765 686450.324511 686450.3285455001 686450.3325799999 686450.3366145 686450.340649 686450.3446835 686450.348718 686450.3527525 686450.3567870001 686450.3608215 686450.3648560001 686450.3688904999 686450.372925 686450.3769595
509,686450.441512,80.69049997720867,3840,3843,0.4241317382405248,0.5282036763894512,1.3302561302925322,0.8312389382294246,3d gaze,-23.727973449530733,-15.215429499534883,207.44528266214843,686450.441512 686450.445547 686450.4495815 686450.453616 686450.4576505 686450.461685 686450.4657195 686450.469754 686450.4737885001 686450.4778229999 686450.4818575 686450.4858919999 686450.4899265 686450.493961 686450.4979955 686450.5020300001 686450.5060645 686450.5100990001 686450.5141334999 686450.518168 686450.5222025
510,686450.651307,80.69049997720867,3847,3849,0.37720696027646144,0.5333204757140192,1.4083287826196398,0.8465458438509986,3d gaze,-25.90548414744699,-10.593657372862545,134.33508619482822,686450.651307 686450.6553415 686450.659376 686450.6634104999 686450.667445 686450.6714795 686450.6755145 686450.679549 686450.6835835 686450.687618 686450.6916525001 686450.6956869999 686450.6997215 686450.7037559999 686450.7077905 686450.711825 686450.7158595 686450.719894 686450.7239285 686450.7279630001 686450.7319974999
511,686450.736032,217.86449989303946,3849,3856,0.3595389317184246,0.5307114165973004,1.35017217386236,0.8643278880552812,3d gaze,-29.553092302899476,-10.184663876630701,132.50344607970436,686450.736032 686450.7400665 686450.744101 686450.7481355 686450.75217 686450.7562045 686450.760239 686450.7642735001 686450.7683085001 686450.7723429999 686450.7763775 686450.780412 686450.7844465 686450.788481 686450.7925155 686450.79655 686450.8005845 686450.8046190001 686450.8086534999 686450.812688 686450.8167225 686450.820757 686450.8247915 686450.828826 686450.8328605001 686450.836895 686450.8409295001 686450.8449639999 686450.8489985 686450.853033 686450.8570675 686450.861102 686450.8651365 686450.869171 686450.8732055 686450.8772400001 686450.8812744999 686450.885309 686450.8893435 686450.893378 686450.8974125 686450.901447 686450.9054815001 686450.909516 686450.9135505001 686450.9175849999 686450.9216195 686450.925654 686450.929689 686450.9337235 686450.937758 686450.941793 686450.9458275 686450.9498620001 686450.9538964999
512,686450.957931,217.8635000018403,3856,3862,0.36285209220343256,0.5213115186421023,1.0704051652051274,0.8806676528670571,3d gaze,-28.65732227096434,-8.980140991674283,131.9456687447408,686450.957931 686450.9619654999 686450.966 686450.9700345 686450.974069 686450.9781035 686450.982138 686450.9861725001 686450.9902069999 686450.9942415 686450.998276 686451.0023105 686451.006345 686451.0103795 686451.014414 686451.0184485 686451.0224830001 686451.0265174999 686451.030552 686451.0345864999 686451.038621 686451.0426555 686451.04669 686451.0507245 686451.054759 686451.0587935001 686451.0628279999 686451.0668625 686451.070897 686451.0749315 686451.078966 686451.0830005 686451.087035 686451.0910700001 686451.0951045 686451.099139 686451.1031735 686451.107208 686451.1112425 686451.115277 686451.1193115 686451.123346 686451.1273805 686451.131415 686451.1354495 686451.1394839999 686451.1435185 686451.147553 686451.1515875 686451.155622 686451.1596565 686451.1636910001 686451.1677255 686451.17176 686451.1757945
513,686451.179829,141.20849990285933,3863,3867,0.36785446848708037,0.5238964302552713,1.4819939812081064,0.8439894556999207,3d gaze,-29.74958356963618,-10.001805530509891,142.7870287236876,686451.179829 686451.1838635 686451.187898 686451.1919325 686451.195967 686451.200002 686451.2040365001 686451.208071 686451.2121055 686451.21614 686451.2201745 686451.224209 686451.2282435 686451.232278 686451.2363125 686451.2403470001 686451.2443820001 686451.2484164999 686451.252451 686451.2564855 686451.26052 686451.2645545 686451.2726235001 686451.276658 686451.2806925001 686451.2847269999 686451.2887615 686451.292796 686451.2968305 686451.300865 686451.3048995 686451.308934 686451.3129685 686451.3170030001 686451.3210374999
514,686451.4541765,80.690500093624,3871,3873,0.34035386919090727,0.48673086579685015,1.4180509169786797,0.861171889872778,3d gaze,-40.51038590157647,-5.7169557388425885,158.26671757193716,686451.4541765 686451.4582115 686451.4622460001 686451.4662804999 686451.470315 686451.4743495 686451.478384 686451.4824185 686451.486453 686451.4904875 686451.494522 686451.4985565001 686451.5025909999 686451.5066255 686451.51066 686451.5146945 686451.518729 686451.5227635 686451.526798 686451.5308325 686451.5348670001
515,686451.603454,80.69000008981675,3875,3878,0.41868152369579514,0.4160449474760772,1.3677347081336282,0.8736898714587802,3d gaze,-25.373712079941086,5.9597735675827375,206.23797978028256,686451.603454 686451.6074885 686451.611523 686451.6155574999 686451.619592 686451.6236265 686451.627661 686451.6316955 686451.63573 686451.6397645 686451.643799 686451.6478335 686451.651868 686451.6559025 686451.659937 686451.6639715 686451.668006 686451.6720405 686451.676075 686451.6801095 686451.684144
516,686451.6881784999,125.0705000711605,3878,3881,0.41050052462440395,0.40872164919392157,1.3097708909023764,0.8597945161163807,3d gaze,-25.84229748026027,6.810393480115378,189.14911209065676,686451.6881784999 686451.692213 686451.6962475 686451.700282 686451.7043165 686451.7083515 686451.712386 686451.7164205 686451.720455 686451.7244895 686451.7285239999 686451.7325585 686451.7365935 686451.740628 686451.7446625 686451.748697 686451.7527315 686451.7567660001 686451.7608004999 686451.764835 686451.7688695 686451.772904 686451.7769385 686451.780973 686451.7850075 686451.789042 686451.7930765001 686451.7971109999 686451.8011455 686451.80518 686451.8092145 686451.813249
517,686451.8253525,133.13900004141033,3882,3886,0.42978992689493417,0.43221839628062536,1.3834794330364966,0.8552901955211863,3d gaze,-19.16035085578514,2.5746808497292424,182.8689035877641,686451.8253525 686451.8293870001 686451.8334214999 686451.837456 686451.8414905 686451.845525 686451.8495595 686451.853594 686451.8576285 686451.861663 686451.8656975001 686451.8697319999 686451.8737665 686451.877801 686451.8818355 686451.88587 686451.889905 686451.8939395 686451.897974 686451.9020085 686451.906043 686451.9100775 686451.914112 686451.9181465 686451.922181 686451.9262155 686451.93025 686451.9342845 686451.938319 686451.9423535 686451.9463879999 686451.9504225 686451.954457 686451.9584915
518,686451.962526,217.86400000564754,3886,3892,0.4171920137009674,0.432055572258531,1.316337110118653,0.8443327556956898,3d gaze,-22.417108617023594,2.5788050851948427,178.24811860553942,686451.962526 686451.9665605 686451.970595 686451.97463 686451.9786644999 686451.982699 686451.9867335 686451.990768 686451.9948025 686451.998837 686452.0028715 686452.006906 686452.0109405001 686452.0149749999 686452.0190095 686452.023044 686452.0270785 686452.031113 686452.0351475 686452.039182 686452.0432165 686452.047251 686452.0512860001 686452.0553205 686452.059355 686452.0633895 686452.067424 686452.0714585 686452.075493 686452.0795275 686452.083562 686452.0875965001 686452.0916309999 686452.0956655 686452.0997 686452.1037345 686452.107769 686452.1118035 686452.115838 686452.1198725 686452.1239070001 686452.1279415 686452.131976 686452.1360105 686452.140045 686452.1440795 686452.148114 686452.1521485 686452.156183 686452.1602175001 686452.1642519999 686452.1682865 686452.172321 686452.1763555 686452.18039
519,686452.1844245,217.8645000094548,3892,3899,0.41706960321162806,0.4421611226001502,0.9966157082483467,0.8496779170903292,3d gaze,-24.8424529114794,1.055446169497102,197.58805470399125,686452.1844245 686452.188459 686452.1924935 686452.1965280001 686452.2005625 686452.2045975 686452.208632 686452.2126665 686452.216701 686452.2207355 686452.22477 686452.2288045 686452.232839 686452.2368735 686452.2409085 686452.244943 686452.2489775 686452.253012 686452.2570465 686452.261081 686452.2651155 686452.2691500001 686452.2731844999 686452.277219 686452.2812535 686452.285288 686452.2893225 686452.293357 686452.2973915 686452.301426 686452.3054605 686452.3094949999 686452.3135295 686452.317564 686452.3215985 686452.325633 686452.3296675 686452.333702 686452.3377365 686452.3417710001 686452.3458054999 686452.34984 686452.3538745 686452.357909 686452.3619435 686452.365978 686452.3700125 686452.3740475 686452.378082 686452.3821165 686452.386151 686452.3901855 686452.39422 686452.3982545 686452.402289
520,686452.4063235,217.86400000564754,3899,3906,0.4175606167356338,0.4434422895125923,1.4780024123324682,0.844557026470149,3d gaze,-24.131863365987574,0.8337303529470993,192.79924739711618,686452.4063235 686452.410358 686452.4143925 686452.418427 686452.4224615 686452.426496 686452.4305305 686452.434565 686452.4385995 686452.442634 686452.4466685 686452.450703 686452.4547375 686452.458772 686452.4628065 686452.466841 686452.4708755 686452.47491 686452.4789445 686452.482979 686452.4870135 686452.4910485 686452.495083 686452.4991175 686452.503152 686452.5071865 686452.511221 686452.5152555 686452.51929 686452.5233245 686452.5273589999 686452.5313935 686452.5354285 686452.539463 686452.5434975 686452.547532 686452.5515665 686452.555601 686452.5596355 686452.56367 686452.5677044999 686452.571739 686452.5757735 686452.579808 686452.5838425 686452.587877 686452.5919115 686452.595946 686452.5999805001 686452.604015 686452.6080495 686452.612084 686452.620153 686452.6241875
521,686452.7169815,96.82849992532283,3908,3911,0.4198890273023985,0.3863234075557551,1.3217432636175503,0.7875284664332867,3d gaze,-19.33562697861033,8.986317247024717,159.50135551261505,686452.7169815 686452.721016 686452.7250505 686452.729085 686452.7331195 686452.737154 686452.741189 686452.7452235001 686452.749258 686452.7532925 686452.757327 686452.7613615 686452.765396 686452.7694305 686452.773465 686452.7774995 686452.781534 686452.7855684999 686452.789603 686452.7936375 686452.8017065 686452.805741 686452.8097755 686452.81381
522,686452.922742,80.69049997720867,3915,3917,0.3456319731905326,0.4099436095248752,1.4949484191675715,0.7899619374010298,3d gaze,-29.516814754272055,4.256072732820274,119.62219597974556,686452.922742 686452.9267765 686452.930811 686452.93888 686452.9429145 686452.946949 686452.9509835 686452.955018 686452.9590525 686452.963087 686452.9671215 686452.9751905 686452.979225 686452.9832595 686452.987294 686452.991329 686452.9953635 686453.0034325
523,686453.007467,173.48449991550297,3917,3922,0.34025101776906524,0.41185239267292956,0.7099938719292639,0.8000855714082717,3d gaze,-32.3166403475778,4.273853894961325,126.16067625058236,686453.007467 686453.011502 686453.0155365 686453.019571 686453.02764 686453.0316745 686453.035709 686453.0437779999 686453.0478125 686453.051847 686453.059916 686453.0639505 686453.067985 686453.0720195 686453.0760540001 686453.0800885 686453.084123 686453.0881575 686453.092192 686453.0962265 686453.100261 686453.1042955 686453.10833 686453.1123645 686453.1163989999 686453.1204335 686453.124468 686453.1285025 686453.132537 686453.1365715 686453.140606 686453.1486750001 686453.1527095 686453.156744 686453.1607785 686453.164813 686453.1688475 686453.172882 686453.1769165 686453.1809515
524,686454.1129255,169.44999992847443,3950,3955,0.4679143532800467,0.5129500099501357,1.4490155869827546,0.8509366831114126,3d gaze,-14.2438571515305,-19.69958887739951,333.3106892273816,686454.1129255 686454.11696 686454.1209945 686454.125029 686454.1290635 686454.133098 686454.1371325001 686454.1411675 686454.145202 686454.1492365 686454.153271 686454.1573055 686454.16134 686454.1653745 686454.169409 686454.1734435 686454.177478 686454.1815125 686454.185547 686454.1895815 686454.193616 686454.1976505 686454.201685 686454.2057195 686454.209754 686454.2137885 686454.217823 686454.2218575 686454.225892 686454.2299265 686454.233961 686454.2379955 686454.24203 686454.2460645 686454.250099 686454.2541335 686454.258168 686454.2622025 686454.266237 686454.2702715 686454.2743065 686454.278341 686454.2823755
525,686454.28641,108.93200011923909,3955,3958,0.46174473346937056,0.5008809064057788,1.3158614895796665,0.8287301968250956,3d gaze,-17.056779615006423,-15.484372035299478,322.38886549019855,686454.28641 686454.2904445 686454.294479 686454.2985135 686454.3025485 686454.306583 686454.3106175 686454.314652 686454.3186865 686454.3227210001 686454.3267555 686454.33079 686454.3348245 686454.338859 686454.3428935 686454.346928 686454.3509625 686454.354997 686454.3590315 686454.3630659999 686454.3671005 686454.371135 686454.3751695 686454.379204 686454.3832385 686454.387273 686454.3913075 686454.3953420001
526,686454.3993765,112.96649998985231,3959,3962,0.4575412879827018,0.502868621749068,1.3534603112755517,0.8505669544483053,3d gaze,-19.66845347763988,-16.522311066638082,330.50671360583254,686454.3993765 686454.403411 686454.4074455 686454.41148 686454.4155145 686454.419549 686454.4235835 686454.427618 686454.4316525 686454.4356869999 686454.4397215 686454.443756 686454.4477905 686454.451825 686454.45586 686454.4598945 686454.463929 686454.4679635 686454.471998 686454.4760325 686454.480067 686454.4841015 686454.488136 686454.4921705 686454.496205 686454.5002395 686454.504274 686454.5083085 686454.512343
527,686454.548654,80.69049997720867,3963,3965,0.46962350779780304,0.42998963115450645,1.4520614377284704,0.8208201590337252,3d gaze,-7.682715400962901,3.0411767244036305,191.75232123914785,686454.548654 686454.5526885 686454.556723 686454.5607575 686454.564792 686454.5688265 686454.572861 686454.5768955 686454.5809299999 686454.5849645 686454.588999 686454.5930335 686454.6011025 686454.605137 686454.6091715 686454.6172404999 686454.6212754999 686454.62531 686454.6293445
528,686454.7665174999,88.76000007148832,3970,3972,0.5231453765511656,0.5201104265599976,0.9580115699581773,0.8172380690989287,3d gaze,8.950286079059817,-12.67025949772083,193.29085882227355,686454.7665174999 686454.770552 686454.7745865 686454.7786215 686454.782656 686454.7866905 686454.7907255 686454.79476 686454.7987945001 686454.802829 686454.8068635 686454.810898 686454.8149325 686454.818967 686454.8230015 686454.827036 686454.8310705 686454.835105 686454.8391394999 686454.843174 686454.8472085 686454.851243 686454.8552775
529,686454.984382,121.03599996771663,3976,3980,0.518797460513837,0.5298598916038513,1.417225399703634,0.8259681463241577,3d gaze,11.385101203357083,-21.676382765809645,288.9292704709315,686454.984382 686454.9884165 686454.992451 686454.9964855 686455.00052 686455.0045545 686455.008589 686455.0126235 686455.016658 686455.0206925 686455.0247269999 686455.0287615 686455.032796 686455.0368305 686455.0408655 686455.0449 686455.048934 686455.0529685 686455.0570034999 686455.061038 686455.0650725 686455.069107 686455.0731415 686455.077176 686455.0812105 686455.085245 686455.0892795001 686455.0933139999 686455.0973485 686455.1013835 686455.105418
530,686455.1094525,92.79350005090237,3980,3983,0.5191383309317836,0.5414670647504725,1.3053860782875093,0.7776013433933257,3d gaze,11.293653416704572,-24.130486661917047,283.854795629992,686455.1094525 686455.113487 686455.1175215 686455.121556 686455.1255905 686455.1296250001 686455.1336595 686455.137694 686455.1417285 686455.145763 686455.1497975 686455.153832 686455.1578665 686455.161901 686455.1659355001 686455.1699699999 686455.1740045 686455.178039 686455.1820735 686455.186108 686455.1901425 686455.194177 686455.1982115 686455.2022460001
531,686455.258729,88.76000007148832,3984,3987,0.5229571418241881,0.504316344928223,1.49833976054562,0.8220158341256055,3d gaze,9.183101987191641,-10.3094273410322,200.88716084254546,686455.258729 686455.2627635 686455.266798 686455.270833 686455.2748675 686455.278902 686455.2829364999 686455.286971 686455.2910055 686455.2990745 686455.303109 686455.307144 686455.3111785 686455.3152129999 686455.3192475 686455.323282 686455.3273165 686455.331351 686455.3353855 686455.33942 686455.3434545 686455.3474890001
532,686455.4846625,88.75950006768107,3991,3994,0.5324420225266951,0.5261544272528746,1.4569218931243164,0.8849929946920146,3d gaze,15.964611852510188,-18.625198549951314,260.94787356610306,686455.4846625 686455.488697 686455.4927315 686455.496766 686455.5008004999 686455.504835 686455.5088695 686455.512904 686455.5169385 686455.520973 686455.5250075001 686455.529042 686455.5330765 686455.537111 686455.5411455 686455.54518 686455.5492145 686455.553249 686455.5572835 686455.561318 686455.5653525 686455.569387 686455.573422
533,686455.5774565,80.69049997720867,3994,3996,0.5246706607256842,0.5261320039550066,1.4371959250724526,0.8624767703669411,3d gaze,12.4608467665547,-18.269474892452923,255.52999402605406,686455.5774565 686455.581491 686455.585526 686455.5895605 686455.593595 686455.5976295 686455.601664 686455.6056985001 686455.6097329999 686455.6137675 686455.617802 686455.6218365 686455.625871 686455.6299055 686455.63394 686455.6379745 686455.6420090001 686455.6460434999 686455.650078 686455.6541125 686455.658147
534,686455.7186644999,92.79400005470961,3998,4001,0.5362409659612307,0.5170688044028338,1.074837025187882,0.8675159302850565,3d gaze,15.954077980100413,-14.943265437129478,236.97333356796875,686455.7186644999 686455.722699 686455.7267335 686455.730768 686455.7348025 686455.7388375 686455.742872 686455.7469065 686455.750941 686455.7549755 686455.7590099999 686455.7630445 686455.767079 686455.7711135 686455.775148 686455.7791825 686455.7832170001 686455.7872515 686455.791286 686455.7953205 686455.799355 686455.8033895 686455.807424 686455.8114585
535,686455.843735,80.69049997720867,4002,4004,0.5448520087364248,0.4980857165902577,1.4936095668809253,0.8866109266167596,3d gaze,15.95247598092686,-8.93504823291149,195.66344394782539,686455.843735 686455.8477695 686455.851804 686455.8558385 686455.8598730001 686455.8639074999 686455.867942 686455.8719765 686455.876011 686455.8800455 686455.88408 686455.8881145 686455.892149 686455.8961835001 686455.9002179999 686455.9042525 686455.9082875 686455.912322 686455.9163565 686455.920391 686455.9244255
536,686455.9284600001,80.68999997340143,4004,4007,0.5442421347891869,0.49269396591792275,1.4996271777510188,0.8402787376017797,3d gaze,15.164511610529306,-7.690578776479337,188.0550175940848,686455.9284600001 686455.9324945 686455.936529 686455.9405634999 686455.944598 686455.9486325 686455.952667 686455.9567015 686455.960736 686455.9647705 686455.968805 686455.9728395 686455.9768739999 686455.9809085 686455.984943 686455.9889775 686455.993012 686455.9970465 686456.0010810001 686456.0051155 686456.00915
537,686456.3843605,104.89749989937991,4018,4021,0.45375886666285536,0.5522135024275191,1.325779847694314,0.7341796500594528,3d gaze,-34.11781275858496,-48.88976365963759,513.6461464809753,686456.3843605 686456.388395 686456.39243 686456.3964645 686456.400499 686456.4045335001 686456.408568 686456.4126025001 686456.4166369999 686456.4206715 686456.424706 686456.4287405 686456.432775 686456.4368095 686456.440844 686456.4448785 686456.4489130001 686456.4529474999 686456.456982 686456.4610165 686456.465051 686456.4690855 686456.47312 686456.4771545001 686456.481189 686456.4852235 686456.4892579999
538,686456.4932925,169.44999992847443,4021,4026,0.44593397404565,0.5755152497079122,1.0934508431856151,0.7777086127636044,3d gaze,-51.568519718381026,-76.17274920559159,652.6552765309727,686456.4932925 686456.497327 686456.5013615 686456.505396 686456.5094305 686456.513465 686456.5174995 686456.521534 686456.5255684999 686456.529603 686456.5336375 686456.537672 686456.5417065 686456.5457415 686456.549776 686456.5538105001 686456.557845 686456.5618795 686456.5659139999 686456.5699485 686456.573983 686456.5780175 686456.5820525 686456.586087 686456.5901215 686456.5941560001 686456.5981904999 686456.602225 686456.6062595 686456.610294 686456.6143285 686456.618363 686456.6223975 686456.626432 686456.6304665001 686456.6345009999 686456.6385355 686456.64257 686456.6466045 686456.650639 686456.6546735 686456.658708 686456.6627425
539,686456.896745,198.5199999762699,4033,4039,0.4095902139839152,0.4716123706952124,1.3232174716153537,0.7730690402644022,3d gaze,-64.46369897397454,-9.111974299481666,457.9896693768627,686456.896745 686456.9007795 686456.9088485 686456.912883 686456.9169175 686456.920952 686456.9249865001 686456.9290209999 686456.9330555 686456.93709 686456.9411245 686456.941953 686456.958091 686456.96616 686456.9814695 686456.985504 686456.9895385 686456.990367 686456.998436 686457.006505 686457.0218145 686457.0258490001 686457.0298840001 686457.0339185 686457.037953 686457.0419874999 686457.046022 686457.0500565 686457.054091 686457.05492 686457.062989 686457.071058 686457.079127 686457.087196 686457.095265
540,686457.1186434999,92.79400017112494,4040,4043,0.4086209990062483,0.46836542645850626,1.0470603646396421,0.7849810222784678,3d gaze,-70.86958662562029,-8.50852387743042,498.4030151268287,686457.1186434999 686457.122678 686457.1267125 686457.127541 686457.13561 686457.1509195 686457.1549539999 686457.1589885 686457.159817 686457.167886 686457.175955 686457.184025 686457.192094 686457.207403 686457.2114375001
541,686458.1030659999,80.69100009743124,4069,4072,0.2983445345076705,0.3570780615526171,1.465017817542033,0.8148300553622999,3d gaze,-42.74971137219895,11.180691535632715,128.3867251723731,686458.1030659999 686458.1071005 686458.111135 686458.1192045 686458.1232390001 686458.1272735 686458.1313080001 686458.1353424999 686458.139377 686458.1434114999 686458.147446 686458.151481 686458.1555155 686458.15955 686458.167619 686458.1716535001 686458.1756879999 686458.1797225 686458.183757
542,686458.1998950001,217.86400000564754,4072,4079,0.2961623309363716,0.3777262279736052,1.1905395623310788,0.801896943056837,3d gaze,-43.507852126401524,8.690120938450171,129.2508750431533,686458.1998950001 686458.2039295 686458.2079640001 686458.2119984999 686458.216033 686458.224102 686458.2281365 686458.232171 686458.2362055001 686458.24024 686458.2442745001 686458.2483089999 686458.2563779999 686458.2604125 686458.264447 686458.2684815 686458.2725160001 686458.2765505 686458.2805850001 686458.2846194999 686458.288654 686458.2926884999 686458.296723 686458.304792 686458.3088265001 686458.3128615001 686458.316896 686458.3209305 686458.3249649999 686458.3289995 686458.3370685 686458.3411030001 686458.3451375 686458.3532065 686458.357241 686458.3612754999 686458.36531 686458.3693445 686458.3774135001 686458.381448 686458.3854825001 686458.3895175001 686458.3935519999 686458.3975865 686458.4056555 686458.40969 686458.4177590001
543,686458.4217935,96.82850004173815,4079,4082,0.28678797794021255,0.38076447951233705,1.3603943787258646,0.8240246859689554,3d gaze,-43.059697916942866,7.852414600467543,121.60423666764216,686458.4217935 686458.4258280001 686458.4298624999 686458.433897 686458.4379314999 686458.441966 686458.4460005 686458.450035 686458.4540695001 686458.458104 686458.4621385001 686458.4661735 686458.4702079999 686458.4742419999 686458.4782765 686458.486346 686458.4903805 686458.4944150001 686458.4984495 686458.502484 686458.5065184999 686458.510553 686458.5145875 686458.518622
544,686458.5952775001,80.69099998101592,4084,4086,0.2727670846672912,0.3666807160788668,0.6375155516026914,0.7957296857708379,3d gaze,-42.92972783119006,8.871503608670023,112.47990716441949,686458.5952775001 686458.599312 686458.6033465001 686458.6114155 686458.6154499999 686458.6194845 686458.6235189999 686458.627554 686458.6315885 686458.6356230001 686458.6396580001 686458.6436925 686458.6517614999 686458.655796 686458.6598304999 686458.663865 686458.6678995 686458.671934 686458.6759685001
545,686458.6921065,117.00099986046553,4087,4090,0.27193118060345656,0.3653085595733026,1.3976636768659392,0.7948586761951446,3d gaze,-43.12558929543415,9.025236542422421,112.52184699005028,686458.6921065 686458.6961409999 686458.7001755 686458.7082445 686458.7122790001 686458.7163135 686458.7203480001 686458.7243824999 686458.728417 686458.7324514999 686458.736486 686458.7405205 686458.744555 686458.7485895001 686458.7566585001 686458.7606929999 686458.7647275 686458.7727965 686458.776831 686458.7849 686458.7889345 686458.7929690001 686458.797004 686458.805073 686458.8091074999
546,686458.9946955,217.86400000564754,4096,4102,0.31828426040642505,0.4365982275066906,1.480009939958481,0.8023670759736276,3d gaze,-34.799440477127305,1.2747094978898639,117.89849795891728,686458.9946955 686459.0027645 686459.0067990001 686459.0108335 686459.014868 686459.0189024999 686459.022937 686459.0269714999 686459.031006 686459.0350405001 686459.039075 686459.0431095001 686459.047144 686459.0511785 686459.0552129999 686459.0592475 686459.0632819999 686459.0673165 686459.071351 686459.0753855 686459.0794200001 686459.0834545 686459.0915234999 686459.095558 686459.0995924999 686459.1076615 686459.111696 686459.1157305001 686459.1197655001 686459.1238 686459.1278345 686459.1318689999 686459.1359035 686459.1399379999 686459.148007 686459.1520415 686459.1560765 686459.1641454999 686459.16818 686459.1722144999 686459.176249 686459.1802835 686459.184318 686459.1883525001 686459.1964215001 686459.2004559999 686459.2044905 686459.2085249999 686459.2125595
547,686459.216594,92.79400005470961,4102,4105,0.3164813638293667,0.43526654162301953,0.839287664753119,0.7883227661252021,3d gaze,-35.05051732681033,1.4193183647176342,117.43940910307758,686459.216594 686459.2206285 686459.2286975 686459.2327320001 686459.2367664999 686459.240801 686459.2448354999 686459.24887 686459.2529045 686459.260974 686459.2650085001 686459.269043 686459.2730775 686459.2811465 686459.2851809999 686459.2892155 686459.2932500001 686459.2972845 686459.3053535 686459.309388
548,686459.3295605,80.69049997720867,4106,4108,0.31451155866393415,0.4349370293899593,0.3453970724938288,0.7598614605034099,3d gaze,-35.37006828104009,1.4523066350019025,117.07697371538369,686459.3295605 686459.333595 686459.3376295001 686459.341664 686459.3456985 686459.3497329999 686459.3537675 686459.3578019999 686459.365871 686459.3739400001 686459.3779745 686459.382009 686459.390078 686459.398147 686459.4021815 686459.4062165001 686459.410251
549,686459.967847,217.86400000564754,4125,4131,0.44069988046004055,0.4718462329886849,1.016353244289745,0.770123477106665,3d gaze,-56.85821389991543,-14.121518622457122,652.8114910510961,686459.967847 686459.975916 686460.016261 686460.040468 686460.048537 686460.056606 686460.064675 686460.072744 686460.080814 686460.096952 686460.105021 686460.121159 686460.137297 686460.145366 686460.153435 686460.161504 686460.169573 686460.177642 686460.185711
550,686460.19378,96.8290000455454,4132,4134,0.4502217012507197,0.45984396354876333,0.727145584459327,0.7721929132938385,3d gaze,-46.617292101334016,-6.957496990667781,651.1618338612526,686460.19378 686460.201849 686460.209918 686460.217987 686460.226056 686460.234125 686460.242195 686460.266402 686460.274471 686460.290609
551,686460.314816,96.82899992913008,4135,4138,0.46883569730984664,0.4446439769775532,0.791186826937016,0.7551488995552063,3d gaze,-26.67961570780118,2.0137196039857743,643.3565068739523,686460.314816 686460.322885 686460.330954 686460.339023 686460.36323 686460.371299 686460.379368 686460.395507 686460.403576 686460.411645
552,686460.500404,217.8649998968467,4141,4147,0.4362034836449756,0.48402456372175684,1.0607670616785314,0.7709911154664081,3d gaze,-61.430784312376446,-21.294351383486884,650.4837567815878,686460.500404 686460.508473 686460.516542 686460.524611 686460.53268 686460.548818 686460.564957 686460.581095 686460.589164 686460.597233 686460.605302 686460.613371 686460.62144 686460.637578 686460.645647 686460.653716 686460.661785 686460.677923 686460.685992 686460.694061 686460.70213 686460.710199 686460.718269
553,686461.463822,80.690500093624,4169,4172,0.39915587923555695,0.3997496578674837,1.3761576887671418,0.813056488831838,3d gaze,-16.359268169341508,4.65674684432045,105.24938351111852,686461.463822 686461.4678565001 686461.4718909999 686461.4759255 686461.4799599999 686461.4839945 686461.488029 686461.4920635 686461.4960980001 686461.5001325 686461.5041670001 686461.5082014999 686461.512236 686461.5162704999 686461.520305 686461.52434 686461.5283745 686461.532409 686461.5364435001 686461.540478 686461.5445125
554,686461.6413405,96.82899992913008,4175,4178,0.38644714823599163,0.40874633351483664,1.219551731055505,0.8148615869383017,3d gaze,-19.93694268111303,4.079796684921559,112.84251516000501,686461.6413405 686461.6453750001 686461.6494095 686461.653444 686461.6574784999 686461.661513 686461.6655475 686461.669582 686461.6736165 686461.6776515001 686461.681686 686461.6857205001 686461.6897549999 686461.6937895 686461.6978239999 686461.7018585 686461.705893 686461.7099275 686461.713962 686461.7179965 686461.7220315 686461.7260660001 686461.734135 686461.7381694999
555,686462.1658285,80.690500093624,4190,4193,0.32739928067732116,0.545331925817164,0.9867343474879804,0.7602240602175395,3d gaze,-73.88378898093728,-24.215711788228173,264.03186367956613,686462.1658285 686462.169863 686462.1738974999 686462.177932 686462.1819665 686462.186001 686462.19407 686462.1981045001 686462.2061735 686462.2102079999 686462.218277 686462.2223115 686462.2303805 686462.2384500001 686462.246519
556,686462.525736,80.68999997340143,4201,4204,0.48788891087070335,0.5289663280763688,1.309859293535777,0.7747962962497364,3d gaze,-6.391778887046536,-43.50741798328193,591.8674373877249,686462.525736 686462.533805 686462.541874 686462.549943 686462.558012 686462.566081 686462.57415 686462.582219 686462.590288 686462.598357 686462.606426
557,686462.66291,80.69000008981675,4205,4208,0.4962562047696975,0.5301637443149577,0.11088287970201151,0.7377791830471584,3d gaze,1.6203269531066797,-43.62939032316117,584.4275950455283,686462.66291 686462.670979 686462.679048 686462.687117 686462.695186 686462.727462 686462.7436
558,686462.864636,80.68999997340143,4211,4214,0.46178962136459395,0.4844422326067668,0.6182972718802747,0.7938237772669111,3d gaze,-33.43704387038207,-20.888813706662454,632.3204501371596,686462.864636 686462.888843 686462.904981 686462.91305 686462.921119 686462.929188 686462.945326
559,686463.558574,169.44999992847443,4232,4237,0.4291896439690966,0.43610513628369674,0.4214042139039307,0.7273009717464447,3d gaze,-71.43668701580432,7.380733338097764,674.8411748446512,686463.558574 686463.59085 686463.598919 686463.606989 686463.623127 686463.639265 686463.703817 686463.711886 686463.719955 686463.728024
560,686463.873267,80.69100009743124,4241,4244,0.4374027489118888,0.42192574791482446,0.27423121883744966,0.7699324700236321,3d gaze,-62.39549609543071,16.092857270192646,674.8491849104871,686463.873267 686463.889405 686463.905543 686463.913612 686463.929751 686463.93782 686463.945889 686463.953958
561,686464.476771,80.69100009743124,4259,4262,0.36523547243544646,0.5648232581318284,1.1258809590419363,0.8290473903928485,3d gaze,-132.03944510597987,-67.1205225947999,617.4754013961732,686464.476771 686464.492909 686464.500978 686464.525185 686464.541323 686464.549393 686464.557462
562,686464.743887,92.79399993829429,4267,4270,0.3577698490752933,0.4669241443996589,1.2964176177464533,0.8043741300702095,3d gaze,-36.42346934194487,-2.832161292750397,161.57144786033783,686464.743887 686464.7479215 686464.751956 686464.7559905 686464.760025 686464.7640595 686464.7680939999 686464.7721285 686464.776163 686464.7801975 686464.784232 686464.7882665 686464.792301 686464.8003705 686464.812474 686464.8165085 686464.820543 686464.8245775 686464.828612 686464.836681
563,686464.9738545,96.8290000455454,4274,4277,0.3221038223871912,0.4278329904316482,1.131881915985065,0.8120149907966455,3d gaze,-35.27397048315234,2.3389122692091435,122.34968816714452,686464.9738545 686464.977889 686464.9819235 686464.985958 686464.9899925 686464.9940269999 686464.9980615 686465.0061305 686465.010165 686465.0141995 686465.0182340001 686465.0222685 686465.026303 686465.0303375 686465.034372 686465.0384065 686465.042441 686465.0464755 686465.05051 686465.054545 686465.05858 686465.0626145 686465.0666489999 686465.0706835
564,686465.414456,193.6570000834763,4287,4293,0.40438152504515273,0.4830066717411461,1.4660234797539426,0.7407095531622568,3d gaze,-98.43800136390549,-21.466170390432897,670.4945092463394,686465.414456 686465.55163 686465.567768 686465.583906 686465.591975 686465.608113
565,686465.640389,80.69100009743124,4294,4296,0.40141873821437113,0.4842265636048112,0.21461894206991053,0.731540036201477,3d gaze,-101.9034644738883,-22.262571052432673,671.6575109794269,686465.640389 686465.648458 686465.664596 686465.713011 686465.72108
566,686465.866323,217.86399988923222,4301,4307,0.42208055078230083,0.46042228687689435,0.6207131274993216,0.7661869042714436,3d gaze,-78.69084867985393,-7.536602259895042,669.6292935884604,686465.866323 686465.874392 686465.89053 686465.914737 686465.947013 686465.955082 686465.963151 686465.97122 686465.979289 686465.987358 686465.995427 686466.011566 686466.051911 686466.05998 686466.084187
567,686466.14067,217.86500001326203,4309,4315,0.4264580755714187,0.46081409363686204,0.38870742265375935,0.7190039753913879,3d gaze,-73.56439503552367,-7.737008474555215,666.7512336944674,686466.14067 686466.205223 686466.253637 686466.285913 686466.31012 686466.334328 686466.358535
568,686466.366604,121.03500007651746,4316,4319,0.42413452060500934,0.4584227555970478,0.748123873249355,0.7225444912910461,3d gaze,-76.38411425748265,-6.30958166112049,669.1953012977899,686466.366604 686466.390811 686466.39888 686466.487639
569,686467.208979,217.86400000564754,4341,4347,0.32422375109146284,0.39151447185155674,1.2312299533321904,0.806678091104214,3d gaze,-34.242833822111905,6.404891120146653,120.23647050061686,686467.208979 686467.2130135 686467.217048 686467.2210825 686467.225117 686467.2291515 686467.233186 686467.2372205 686467.241255 686467.2452895 686467.249324 686467.2533585 686467.257393 686467.2614275 686467.265462 686467.273531 686467.2775655 686467.2816 686467.2856345 686467.289669 686467.293704 686467.2977384999 686467.301773 686467.3058075 686467.3138765 686467.317911 686467.3219455 686467.32598 686467.3300145001 686467.3380835 686467.342118 686467.3461525 686467.350187 686467.3542215 686467.358256 686467.362291 686467.3663255 686467.3703600001 686467.3743945 686467.378429 686467.3824635 686467.386498 686467.3905325 686467.394567 686467.3986015 686467.402636 686467.4066705001 686467.410705 686467.4147395 686467.418774 686467.4228085 686467.426843
570,686467.5317405,117.0014999806881,4350,4354,0.3531777448076381,0.38083884467655543,1.222265832360499,0.7942909300327301,3d gaze,-32.71646910347531,8.753128280344228,139.9394970077184,686467.5317405 686467.535775 686467.5398095 686467.5478785 686467.551913 686467.5559475 686467.5640165 686467.568051 686467.5720855 686467.5801545 686467.584189 686467.5882235 686467.5962925 686467.600327 686467.6043615 686467.608396 686467.6124305 686467.6164655 686467.6205005 686467.624535 686467.6285695 686467.632604 686467.6366385 686467.6447075 686467.648742
571,686467.9715035,145.24250000249594,4364,4368,0.29492400257547474,0.45256615156898256,1.4500279997484338,0.8830069524901254,3d gaze,-54.902442813916075,-0.7402708391896465,162.29046030324864,686467.9715035 686467.975538 686467.9795725 686467.983607 686467.9876415 686467.9957105 686467.999745 686468.0037795 686468.007814 686468.0118485 686468.015883 686468.0199175 686468.023952 686468.0279865 686468.032021 686468.0360555 686468.04009 686468.0441245 686468.048159 686468.0521935 686468.056228 686468.0602625 686468.064297 686468.0683315 686468.072366 686468.0764005 686468.0844695 686468.088504 686468.0925385 686468.0965730001 686468.1006080001 686468.1046424999 686468.108677 686468.1127115 686468.116746
572,686468.169195,117.00099997688085,4370,4373,0.30028193055370006,0.47426346758315696,1.4442044372565948,0.8352594663356913,3d gaze,-53.138204129597554,-4.046389403629683,161.86630713121065,686468.169195 686468.1732295 686468.177264 686468.1812985 686468.1893675 686468.193402 686468.1974365 686468.201471 686468.2055055 686468.20954 686468.2135745 686468.2176089999 686468.2216435 686468.225678 686468.2297125 686468.233747 686468.2377815 686468.241816 686468.2458505 686468.249885 686468.2539195 686468.257954 686468.2619885 686468.266023 686468.270058 686468.2740925 686468.278127 686468.2821615001 686468.286196
573,686468.3870585,153.31199998036027,4376,4381,0.28252181822575406,0.4171487520405984,1.2632560476923675,0.8670117677869024,3d gaze,-54.42081372272401,4.471991971890996,150.43703150987537,686468.3870585 686468.391093 686468.3951280001 686468.3991625 686468.403197 686468.4072315 686468.411266 686468.415301 686468.42337 686468.4274045001 686468.431439 686468.4354735 686468.439508 686468.4435425 686468.447577 686468.455646 686468.4596805 686468.463715 686468.4677495 686468.471784 686468.4758184999 686468.479853 686468.4838875 686468.487922 686468.4919565 686468.495991 686468.5000255001 686468.50406 686468.5080945 686468.512129 686468.5161635 686468.520198 686468.5242325 686468.528267 686468.5323015 686468.536336 686468.5403705
574,686468.729993,80.69049997720867,4386,4389,0.31820539940018827,0.5939324737166429,1.4323162194741588,0.8686853377591996,3d gaze,-61.09908328722529,-28.45174766976418,205.10374200397638,686468.729993 686468.7340275 686468.7380625 686468.742097 686468.7461315 686468.750166 686468.7542005 686468.7582350001 686468.7622695 686468.766304 686468.7703385 686468.774373 686468.7784075 686468.782442 686468.7864765 686468.790511 686468.7945455 686468.79858 686468.8026145 686468.8066489999 686468.8106835
575,686468.814718,96.8290000455454,4389,4392,0.3160615945511834,0.5873319568235713,1.4940756898974168,0.8523852002620697,3d gaze,-55.651021865463,-24.472043339076148,184.42948126828685,686468.814718 686468.8187525 686468.822787 686468.8268215 686468.8308560001 686468.8348905 686468.838925 686468.8429595 686468.846994 686468.8510285 686468.855063 686468.8590975 686468.863132 686468.8671665 686468.871201 686468.8752355 686468.8792699999 686468.8833045 686468.887339 686468.8913735 686468.895408 686468.8994425 686468.9034775 686468.9075125 686468.911547
576,686468.9155815,217.8635000018403,4392,4398,0.31630257737830236,0.5640547258481365,1.2524350500124595,0.8364208246822711,3d gaze,-52.30789410438801,-19.182492154744068,174.13234430433616,686468.9155815 686468.919616 686468.9236505 686468.927685 686468.9317195 686468.935754 686468.9397885 686468.943823 686468.9478575 686468.9518919999 686468.9559265 686468.959961 686468.9639955 686468.96803 686468.9720645 686468.9760990001 686468.9801335 686468.984168 686468.9882025 686468.992237 686469.000306 686469.0043405 686469.008375 686469.0124095 686469.016444 686469.0204785 686469.0245129999 686469.0285475 686469.032582 686469.0366165 686469.040651 686469.0446855 686469.0487200001 686469.0527550001 686469.0567894999 686469.060824 686469.0648584999 686469.068893 686469.0729275 686469.076962 686469.0809965 686469.085031 686469.0890655001 686469.0930999999 686469.0971345 686469.101169 686469.1052035 686469.109238 686469.1132725 686469.117307 686469.1213415 686469.1253760001 686469.1294104999 686469.133445
577,686469.161687,217.86350011825562,4399,4406,0.31130388686063715,0.5560225259246007,1.4923759765674682,0.8351244861429388,3d gaze,-50.244854494430655,-16.679787222102842,162.45563587670725,686469.161687 686469.1657215001 686469.1697559999 686469.1737905 686469.177825 686469.1818595 686469.185894 686469.1899285 686469.193963 686469.1979975 686469.2020320001 686469.2060664999 686469.210101 686469.2141355 686469.21817 686469.222205 686469.2262395 686469.230274 686469.2343085001 686469.238343 686469.2423775 686469.246412 686469.2504465 686469.254481 686469.2585155 686469.26255 686469.2665845 686469.270619 686469.2746535 686469.278688 686469.2827224999 686469.286757 686469.2907915 686469.294826 686469.2988605 686469.302895 686469.3069295001 686469.310964 686469.3149985 686469.319033 686469.3230675 686469.327102 686469.3311365 686469.335171 686469.3392055 686469.34324 686469.3472745 686469.351309 686469.3553434999 686469.359378 686469.3634125 686469.367447 686469.3714815 686469.375516 686469.3795505001
578,686469.4360345,121.03549996390939,4407,4411,0.31412196404552123,0.5640787189174088,1.3826528873317505,0.8253440986076991,3d gaze,-50.740849652865215,-18.382491378925504,166.68565829870334,686469.4360345 686469.440069 686469.4441035 686469.448138 686469.4521725001 686469.4602415 686469.4642759999 686469.4683105 686469.472345 686469.4763795 686469.480414 686469.4844485 686469.488483 686469.4925175 686469.496552 686469.5005864999 686469.504621 686469.5086555 686469.51269 686469.5167245 686469.520759 686469.5247935001 686469.528828 686469.5328625 686469.536897 686469.5409315 686469.5449665 686469.549001 686469.5530355 686469.55707
579,686469.6377600001,88.759999955073,4413,4416,0.4031168929391874,0.5848981327167185,1.466741168090251,0.8910723237887673,3d gaze,-26.738339267730147,-22.56054412300226,177.90334566171742,686469.6377600001 686469.6417944999 686469.645829 686469.6498635 686469.653898 686469.6579325 686469.6619675 686469.666002 686469.6700365001 686469.674071 686469.6781055001 686469.6821399999 686469.6861745 686469.690209 686469.6942435 686469.698278 686469.7023125 686469.7063475 686469.7103820001 686469.7144165 686469.718451 686469.7224854999 686469.72652
580,686469.7870375,80.690500093624,4418,4420,0.46362335364441176,0.565374451551042,1.3384338947053298,0.9369109585171654,3d gaze,-7.264911037269125,-15.521535411502773,144.80470156134356,686469.7870375 686469.791072 686469.7951065 686469.799141 686469.8031755 686469.80721 686469.8112445 686469.815279 686469.8193135001 686469.823348 686469.8273825 686469.8314169999 686469.8354515 686469.839486 686469.8435205 686469.847555 686469.8515895 686469.8556240001 686469.8596590001 686469.8636934999 686469.867728
581,686469.8717624999,96.82850004173815,4420,4423,0.47862536395526556,0.5708055662910086,1.4978220266306508,0.9605192518234253,3d gaze,-3.6972093359526084,-16.05441842124066,143.28710914389714,686469.8717624999 686469.875797 686469.8798315 686469.883866 686469.8879005001 686469.891935 686469.8959695001 686469.9000039999 686469.9040385 686469.908073 686469.9121075 686469.916142 686469.920177 686469.9242115 686469.9282460001 686469.9322805 686469.936315 686469.9403494999 686469.944384 686469.9484185 686469.952453 686469.9564875 686469.960522 686469.9645565 686469.968591
582,686469.9726255,217.86449989303946,4423,4430,0.48750179952242384,0.5640392719357603,1.1144725916539422,0.9315419592640617,3d gaze,-1.4571023935427172,-13.6683474135626,129.19496540405504,686469.9726255 686469.9766599999 686469.9806945 686469.984729 686469.9887635 686469.992798 686469.9968325 686470.0008670001 686470.0049015 686470.008936 686470.0129704999 686470.017005 686470.0210395 686470.025074 686470.029109 686470.0331435 686470.037178 686470.0412125001 686470.045247 686470.0492815 686470.053316 686470.0573505 686470.061385 686470.0654195 686470.069454 686470.0734885 686470.0775230001 686470.0815575 686470.085592 686470.0896264999 686470.093661 686470.0976955 686470.10173 686470.1057645 686470.109799 686470.1138335001 686470.117868 686470.1219025 686470.125937 686470.1299715 686470.134006 686470.1380405 686470.142075 686470.1461095 686470.1501440001 686470.1541785 686470.158213 686470.1622474999 686470.166282 686470.170317 686470.1743515 686470.178386 686470.182421 686470.1864555001 686470.19049
583,686470.2832835,153.31199998036027,4433,4437,0.5096122555209772,0.5545868787109506,1.4958522973171067,0.9424721896648407,3d gaze,2.9953492708027705,-12.034696722178754,123.55446657314039,686470.2832835 686470.287318 686470.2913525 686470.2953870001 686470.2994215 686470.303456 686470.3074904999 686470.311525 686470.3155595 686470.319594 686470.3236285 686470.327663 686470.3316975001 686470.335732 686470.3397665 686470.3438009999 686470.3478355 686470.3518705 686470.355905 686470.3599395 686470.3639740001 686470.3680085 686470.3720430001 686470.3760774999 686470.380112 686470.3841465 686470.388181 686470.3922155 686470.39625 686470.4002845 686470.404319 686470.4083535001 686470.4123879999 686470.4164225 686470.4204569999 686470.4244915 686470.428526 686470.4325605 686470.4365955
584,686470.4688715,84.72500008065253,4438,4441,0.4857034820044367,0.5481074584620083,1.3626349861554614,0.9520829617977142,3d gaze,-1.7986144702421398,-11.612416210988286,127.42690813639588,686470.4688715 686470.472906 686470.4769405001 686470.480975 686470.4850095001 686470.4890439999 686470.4930785 686470.497113 686470.5011475 686470.5051825 686470.509217 686470.5132515 686470.5172860001 686470.5213205 686470.525355 686470.5293894999 686470.533424 686470.5374585 686470.541493 686470.5455275 686470.549562 686470.5535965001
585,686470.557631,100.86250002495944,4441,4444,0.47785470424513005,0.5406684065665038,0.9279045868033328,0.9579504223970267,3d gaze,-3.4110539070901678,-10.69107835640532,126.78679606612276,686470.557631 686470.5616655 686470.5656999999 686470.5697345 686470.573769 686470.5778035 686470.581838 686470.5858725 686470.5899070001 686470.5939415 686470.597976 686470.6020104999 686470.606045 686470.6100795 686470.614114 686470.6181485 686470.622183 686470.6262175001 686470.630252 686470.6342865 686470.6383209999 686470.6423555 686470.64639 686470.6504245 686470.654459 686470.6584935
586,686470.682701,84.72499996423721,4445,4447,0.5134075728858721,0.5245582817865023,1.2776411190536223,0.9061191772872751,3d gaze,3.8562549528331784,-8.778874969746765,126.13357751923583,686470.682701 686470.6867355 686470.69077 686470.694805 686470.6988395001 686470.702874 686470.7069085 686470.7109429999 686470.7149775 686470.719012 686470.7230465 686470.727081 686470.7311155 686470.7351500001 686470.7391845 686470.743219 686470.7472534999 686470.751288 686470.7553225 686470.759357 686470.7633915 686470.767426
587,686470.7714605001,217.86449989303946,4447,4454,0.5203932480890713,0.5369233844830694,1.395837199303818,0.9241043762727217,3d gaze,5.398535617840206,-10.447592764068911,129.07990382813995,686470.7714605001 686470.775495 686470.7795295 686470.7835639999 686470.7875985 686470.791633 686470.7956675 686470.799702 686470.8037365 686470.8077710001 686470.8118055 686470.81584 686470.8198744999 686470.823909 686470.827944 686470.8319785 686470.836013 686470.8400475001 686470.844082 686470.8481165001 686470.8521509999 686470.8561855 686470.8602199999 686470.8642545 686470.868289 686470.8723235 686470.876358 686470.8803925 686470.8844270001 686470.8884614999 686470.892496 686470.8965304999 686470.900565 686470.9045995 686470.908634 686470.9126685001 686470.916703 686470.9207375001 686470.9247719999 686470.9288065 686470.9328409999 686470.9368755 686470.94091 686470.9449445 686470.948979 686470.9530140001 686470.9570485 686470.9610830001 686470.9651174999 686470.969152 686470.9731865 686470.977221 686470.9812555 686470.98529 686470.989325
588,686470.9933595001,88.7589999474585,4454,4456,0.5230482242396003,0.547928917710583,1.177971142630366,0.912064649488615,3d gaze,6.100869726504348,-11.993819396456509,131.69517739339508,686470.9933595001 686470.997394 686471.0014285 686471.0054629999 686471.0094975 686471.013532 686471.0175665 686471.021601 686471.0256355 686471.0296700001 686471.0337045 686471.037739 686471.0417734999 686471.045808 686471.0498425 686471.053877 686471.0579115001 686471.061946 686471.0659805001 686471.070015 686471.0740495 686471.0780839999 686471.0821185
589,686471.086153,165.4154999414459,4457,4461,0.5341885179671441,0.5633852256076175,1.2075453468088786,0.9173716462793804,3d gaze,8.534183194219706,-14.03218208322464,133.12145869016663,686471.086153 686471.0901875 686471.094222 686471.0982565 686471.1022910001 686471.1063255 686471.11036 686471.1143944999 686471.118429 686471.1224635 686471.126498 686471.1305325001 686471.134567 686471.1386015001 686471.1426365001 686471.1466709999 686471.1507055 686471.1547399999 686471.1587745 686471.162809 686471.1668435 686471.1708780001 686471.1749125 686471.1789470001 686471.1829814999 686471.187016 686471.1910504999 686471.195085 686471.1991195 686471.203154 686471.2071885001 686471.2112235001 686471.215258 686471.2192925 686471.2233269999 686471.2273615 686471.231396 686471.2354305 686471.239465 686471.2434995 686471.2475340001 686471.2515685
590,686471.255603,100.86299991235137,4462,4465,0.5464825729040336,0.5781876788293467,1.2677563730080201,0.9116475295562011,3d gaze,11.691065615717577,-16.463459830273255,137.98172024533096,686471.255603 686471.2596374999 686471.263672 686471.2677064999 686471.271741 686471.2757755 686471.27981 686471.2838445001 686471.287879 686471.2919135 686471.2959479999 686471.2999825 686471.304017 686471.3080515 686471.3120865 686471.3161210001 686471.3201555 686471.3241900001 686471.3282245 686471.332259 686471.3362934999 686471.340328 686471.3443625 686471.348397 686471.3524315 686471.356466
591,686471.3605005001,173.4845000319183,4465,4470,0.5595161982878305,0.5857698360398824,1.4134257945526867,0.8973883905194022,3d gaze,17.258726139795748,-20.68403393272184,163.25615590756905,686471.3605005001 686471.364535 686471.3685695 686471.3726039999 686471.3766385 686471.380673 686471.3847075 686471.3887420001 686471.3927765 686471.3968110001 686471.4008455 686471.40488 686471.4089144999 686471.412949 686471.4169835 686471.421018 686471.4250525 686471.429087 686471.4331215001 686471.4371559999 686471.4411905 686471.4452249999 686471.4492595 686471.453294 686471.4573285 686471.4613635 686471.4653985 686471.4694330001 686471.4734675 686471.477502 686471.4815364999 686471.485571 686471.4896055 686471.49364 686471.4976745 686471.501709 686471.5057435001 686471.509778 686471.5138125 686471.5178469999 686471.5218815 686471.5259159999 686471.5299505 686471.5339850001
592,686471.5380195,157.34599996358156,4470,4475,0.5485025827371,0.5789360032259279,1.3605463351485683,0.8788314438783206,3d gaze,15.248179747898774,-20.837016599050187,173.59112754856392,686471.5380195 686471.5420540001 686471.5460885 686471.550123 686471.5541574999 686471.558192 686471.5622265 686471.5702955001 686471.57433 686471.5783645001 686471.582399 686471.5864335 686471.5904679999 686471.5945025 686471.5985369999 686471.6025715 686471.6066060001 686471.6106405 686471.6146750001 686471.6187095 686471.622744 686471.626779 686471.6308134999 686471.634848 686471.6388825 686471.642917 686471.6469515001 686471.650986 686471.6550205001 686471.6590549999 686471.6630895 686471.6671239999 686471.6711585 686471.675193 686471.6792275 686471.6832620001 686471.6872965 686471.6913310001 686471.6953654999
593,686471.7437799999,96.82850004173815,4476,4479,0.5389601599818755,0.52900910625902,1.3832840785961549,0.9054768848419189,3d gaze,9.18356938883621,-9.42308754915117,127.49131227107195,686471.7437799999 686471.7478145 686471.751849 686471.7558835 686471.7599180001 686471.7639525 686471.767987 686471.7720214999 686471.776056 686471.7800905 686471.784125 686471.7881595 686471.792194 686471.796229 686471.8002635001 686471.804298 686471.8083325 686471.8123669999 686471.8164015 686471.820436 686471.8244705 686471.828505 686471.8325395 686471.8365740001 686471.8406085
594,686471.9051605,141.20850001927465,4481,4485,0.5321842770902572,0.5843553762184011,1.4082413581900055,0.9519267868664529,3d gaze,10.585596684512305,-21.60737514052755,173.0238660084955,686471.9051605 686471.9091950001 686471.9132295 686471.917264 686471.9212984999 686471.925333 686471.9293674999 686471.933402 686471.9374365001 686471.941471 686471.9455055001 686471.9495405001 686471.9535749999 686471.9576095 686471.9616439999 686471.9656785 686471.969713 686471.9737475 686471.9777825 686471.9818170001 686471.9858515 686471.989886 686471.9939204999 686471.997955 686472.0019894999 686472.006024 686472.0100585001 686472.014093 686472.0181275001 686472.022162 686472.0261965 686472.0302309999 686472.0342655 686472.0383 686472.0423345 686472.046369
595,686472.1270595,117.00100009329617,4488,4491,0.5088015537847236,0.6129142481239728,1.031590306888321,0.779112403146152,3d gaze,7.419944180451929,-48.84511381828117,323.1286349310097,686472.1270595 686472.1310940001 686472.1351284999 686472.139163 686472.1431974999 686472.147232 686472.1512665 686472.155301 686472.1593355001 686472.16337 686472.1674045001 686472.1714389999 686472.1754735 686472.1795079999 686472.1835425 686472.1875769999 686472.1916115 686472.1956460001 686472.1996805 686472.2037150001 686472.2077494999 686472.211784 686472.2158184999 686472.219853 686472.2238875 686472.2319565001 686472.235991 686472.2400255001 686472.2440605001
596,686472.4054409999,121.03600008413196,4496,4500,0.46512935977033765,0.5015145143910512,1.2339232758582905,0.8905188172094284,3d gaze,-8.084419827530043,-8.273952558077784,170.21595216467702,686472.4054409999 686472.4094755 686472.4135100001 686472.4175445 686472.4215790001 686472.4256135 686472.429648 686472.4336824999 686472.437717 686472.441752 686472.4457865 686472.449821 686472.4538555001 686472.45789 686472.4619245001 686472.4659589999 686472.4699935 686472.4740279999 686472.4780625 686472.482097 686472.4861315 686472.4901660001 686472.4942010001 686472.4982355 686472.50227 686472.5063044999 686472.510339 686472.5143734999 686472.518408 686472.5224425 686472.526477
597,686472.5305115001,96.82849992532283,4500,4503,0.4757554927903786,0.5130791552781274,1.2496406289590334,0.9063569688796997,3d gaze,-4.956709090216362,-9.65636916288093,163.4464237464015,686472.5305115001 686472.534546 686472.5385805 686472.5426149999 686472.5466495 686472.5506839999 686472.5547185 686472.5587530001 686472.5627875 686472.5668220001 686472.5708565 686472.574891 686472.5789254999 686472.58296 686472.586995 686472.5910294999 686472.595064 686472.5990985001 686472.603133 686472.6071675001 686472.611202 686472.6152365 686472.6192709999 686472.6233055 686472.62734
598,686472.75241,84.72499996423721,4506,4509,0.3900554827194586,0.48596651353419246,1.3178804680671583,0.896688855507157,3d gaze,-25.219426355154123,-5.151913861074203,147.74782969821987,686472.75241 686472.756445 686472.7604795 686472.7645139999 686472.7685485 686472.7725829999 686472.7766175 686472.7806520001 686472.7846865 686472.7887210001 686472.7927555 686472.79679 686472.8008244999 686472.804859 686472.8088934999 686472.812928 686472.8169625001 686472.820997 686472.8250315001 686472.829066 686472.8331005 686472.8371349999
599,686472.8411695,80.69049997720867,4509,4511,0.3940530414544958,0.5201963518756555,1.4818626174850515,0.9081923691999345,3d gaze,-25.68428485105317,-10.389354142885518,156.41333634418262,686472.8411695 686472.8452039999 686472.8492385 686472.8532730001 686472.8573075 686472.8613420001 686472.8653765 686472.869411 686472.8734454999 686472.87748 686472.8815144999 686472.885549 686472.8895835001 686472.893618 686472.8976525001 686472.901687 686472.9057215 686472.9097559999 686472.9137905 686472.9178255 686472.92186
600,686472.9258945,88.75950006768107,4511,4514,0.40402990479208123,0.5246991748617217,1.2911573887835885,0.8794621669727823,3d gaze,-24.13066512516882,-11.513967049357337,163.61484041426388,686472.9258945 686472.9299290001 686472.9339635 686472.9379980001 686472.9420324999 686472.946067 686472.9501014999 686472.954136 686472.9581705 686472.962205 686472.9662395001 686472.970274 686472.9743085001 686472.9783429999 686472.9823775 686472.9864119999 686472.9904465 686472.9944815 686472.998516 686473.0025505 686473.0065850001 686473.0106195 686473.014654
601,686473.0186884999,145.24250011891127,4514,4519,0.41929641673261947,0.5282842324988478,1.0599559863709684,0.9057292970451148,3d gaze,-21.247660055601283,-12.761380372423691,173.6700411303573,686473.0186884999 686473.022723 686473.0267574999 686473.030792 686473.0348265001 686473.038861 686473.0428955001 686473.04693 686473.0509645 686473.0549989999 686473.0590335 686473.0630679999 686473.0671025 686473.071137 686473.0751715 686473.0792065 686473.0832410001 686473.0872755 686473.09131 686473.0953444999 686473.099379 686473.1034134999 686473.107448 686473.1114825001 686473.115517 686473.1195515001 686473.123586 686473.1276205 686473.1316549999 686473.1356895 686473.1397239999 686473.1437585 686473.1477930001 686473.1518275 686473.1558620001 686473.1598965 686473.163931
602,686473.180069,137.1740000322461,4519,4523,0.43331632196906456,0.5526810636823452,1.249863001274764,0.9178552321025304,3d gaze,-17.213608247406196,-16.578300048641445,173.26193352587828,686473.180069 686473.1841035001 686473.188138 686473.1921725001 686473.196207 686473.2002415 686473.2042759999 686473.2083105 686473.2123449999 686473.2163795 686473.2204140001 686473.2244485 686473.2284830001 686473.2325175 686473.236552 686473.240587 686473.2446214999 686473.248656 686473.252691 686473.2567255001 686473.26076 686473.2647945001 686473.268829 686473.2728635 686473.2768979999 686473.2809325 686473.2849669999 686473.2890015 686473.2930360001 686473.2970705 686473.3011050001 686473.3051395 686473.309174 686473.3132084999 686473.317243
603,686473.434244,125.0705000711605,4527,4530,0.46982488108110315,0.4374887542900797,1.4115848214459739,0.8504486717283726,3d gaze,-9.459888517130265,2.1873071222012523,239.94991761182044,686473.434244 686473.4382785 686473.4423130001 686473.4463475 686473.4503820001 686473.4544164999 686473.458451 686473.4624854999 686473.46652 686473.4705545 686473.474589 686473.4786235001 686473.482658 686473.4866925001 686473.4907269999 686473.4947615 686473.4987959999 686473.5028305 686473.506865 686473.5108995 686473.5149340001 686473.5189690001 686473.5230035 686473.5270380001 686473.5310724999 686473.535107 686473.5391414999 686473.543176 686473.5472105 686473.551245 686473.55528 686473.5593145001
604,686473.563349,133.1385001540184,4530,4534,0.4696884493922618,0.4687069956249649,1.4898214073418365,0.8603903782718322,3d gaze,-10.714403988104147,-5.126216081226434,269.3259069706292,686473.563349 686473.5673835 686473.5714179999 686473.5754525 686473.5794869999 686473.5835215 686473.5875560001 686473.5915905 686473.5956250001 686473.5996595 686473.603694 686473.6077284999 686473.611763 686473.6157974999 686473.619832 686473.6238665001 686473.627901 686473.6319355001 686473.63597 686473.6400045 686473.6440389999 686473.6480735 686473.6521079999 686473.6561425 686473.6601770001 686473.6642115 686473.6682460001 686473.6722805 686473.676315 686473.6803494999 686473.684384 686473.6884185 686473.692453 686473.6964875001
605,686473.7449020001,153.31199998036027,4536,4540,0.4415689642011681,0.4497708677798562,1.4399810000258277,0.8764074956759428,3d gaze,-17.444345258529328,-0.32631163609990804,203.78106118233563,686473.7449020001 686473.7489364999 686473.752971 686473.7570054999 686473.76104 686473.7650745001 686473.7691095001 686473.773144 686473.7771785001 686473.781213 686473.7852475 686473.7892819999 686473.7933165 686473.7973509999 686473.8013855 686473.8054200001 686473.8094545 686473.8134890001 686473.8175235 686473.821558 686473.8255924999 686473.829627 686473.8336614999 686473.837696 686473.8417305001 686473.845765 686473.8497995001 686473.853834 686473.8578685 686473.8619029999 686473.8659375 686473.8699719999 686473.8740065 686473.8780415 686473.8820760001 686473.8861105 686473.8901450001 686473.8941794999 686473.898214
606,686473.906283,88.7589999474585,4541,4543,0.4237079387204135,0.45468245527545575,1.437669086716328,0.8823371231555939,3d gaze,-21.332427637978967,-1.1449657662316124,186.27342103508252,686473.906283 686473.9103174999 686473.914352 686473.9183865001 686473.922421 686473.9264555001 686473.9304899999 686473.9345245 686473.9385589999 686473.9425935 686473.946628 686473.9506625 686473.9546970001 686473.9587315 686473.9627660001 686473.9668004999 686473.970835 686473.9748694999 686473.978904 686473.9829384999 686473.986973 686473.9910075001 686473.995042
607,686473.9990765001,173.4845000319183,4543,4549,0.40932377829398553,0.4460125872854237,1.4156902192055478,0.87170690365813,3d gaze,-23.494545552045235,0.3346571446556659,169.93453692813694,686473.9990765001 686474.0031109999 686474.0071455 686474.0111799999 686474.0152145 686474.019249 686474.0232835 686474.0273185 686474.0313535 686474.0353880001 686474.0394225 686474.043457 686474.0474914999 686474.051526 686474.0555604999 686474.059595 686474.0636295001 686474.067664 686474.0716985001 686474.075733 686474.0797675 686474.0838019999 686474.0878365 686474.091871 686474.0959055 686474.0999400001 686474.1039745 686474.1080090001 686474.1120435 686474.116078 686474.1201124999 686474.124147 686474.1281814999 686474.132216 686474.1362505001 686474.140285 686474.1443195001 686474.148354 686474.1523885 686474.1564229999 686474.1604575 686474.164492 686474.1685265 686474.1725610001
608,686474.3137695,108.93200000282377,4553,4556,0.421045582151855,0.43915330906595873,1.4343249901739628,0.8221093977873142,3d gaze,-26.477767635547824,1.8048565247927106,222.37774631097986,686474.3137695 686474.317804 686474.3218385 686474.3258730001 686474.3299075 686474.333942 686474.342011 686474.3460454999 686474.35008 686474.3581495001 686474.362184 686474.3662185001 686474.370253 686474.3742875 686474.3783219999 686474.3823565 686474.3863909999 686474.3904255 686474.3944600001 686474.3984945 686474.4025290001 686474.4065635 686474.410598 686474.4146324999 686474.418667 686474.4227015
609,686474.5033915001,96.82899992913008,4559,4561,0.484715439509428,0.5251001459584812,0.9620743938544881,0.8464582896232605,3d gaze,-5.871071094166362,-26.396256023042028,376.6400892609916,686474.5033915001 686474.507426 686474.5114605001 686474.5154949999 686474.5195295 686474.5235645 686474.5275989999 686474.5316335 686474.535668 686474.5397025 686474.5437375 686474.5477720001 686474.5518065 686474.555841 686474.5598754999 686474.56391 686474.5679445 686474.571979 686474.5760135 686474.580048 686474.5840825001 686474.588117 686474.5921515 686474.5961859999 686474.6002205
610,686475.299042,88.76000007148832,4582,4585,0.41954826399330836,0.46637100718217966,0.6346421292581028,0.8219763686259588,3d gaze,-81.35306038426567,-11.161795524710778,668.5694453947787,686475.299042 686475.307111 686475.315181 686475.323249 686475.331319 686475.339388 686475.347457 686475.355526 686475.363595 686475.371664 686475.379733 686475.387802
611,686475.533045,217.86400000564754,4589,4596,0.4184402587945467,0.4626741639755696,0.12947042039696968,0.7596839434570737,3d gaze,-82.8412327260328,-8.935332720732376,670.7831847633674,686475.533045 686475.549183 686475.565321 686475.57339 686475.581459 686475.589528 686475.613735 686475.621804 686475.629873 686475.637942 686475.646012 686475.654081 686475.66215 686475.670219 686475.678288 686475.718633 686475.734771 686475.750909
612,686475.758978,201.72599994111806,4596,4602,0.41505803473205366,0.4667379040408705,1.245809102119302,0.7836838795079125,3d gaze,-86.62472710172617,-11.437145784383121,671.0907675035282,686475.758978 686475.767047 686475.775116 686475.783185 686475.791254 686475.799324 686475.807393 686475.815462 686475.823531 686475.8316 686475.839669 686475.847738 686475.855807 686475.880014 686475.920359 686475.936497 686475.952635 686475.960704
613,686476.42064,104.89800001960248,4616,4619,0.40729202108795126,0.47564980652815375,0.04185125433962214,0.7289173901081085,3d gaze,-95.34210529603806,-16.954128493070428,671.7277109416552,686476.42064 686476.525538
614,686477.647136,129.10500005818903,4652,4656,0.5203392333964701,0.5078919540963224,1.4791873859947289,0.867574460366193,3d gaze,23.85119450016053,-31.151734477667077,573.2955164648783,686477.647136 686477.655205 686477.663274 686477.671343 686477.679412 686477.687481 686477.69555 686477.703619 686477.711688 686477.719757 686477.727827 686477.735896 686477.743965 686477.752034 686477.760103 686477.768172 686477.776241
615,686478.018312,88.76000007148832,4663,4666,0.5087892496845785,0.528406105878452,0.8799130715253214,0.8520497481028239,3d gaze,13.212930612363797,-41.94798793104465,574.2573304759112,686478.018312 686478.026381 686478.03445 686478.042519 686478.050588 686478.058658 686478.066727 686478.074796 686478.082865 686478.090934 686478.099003 686478.107072
616,686478.179693,121.03599996771663,4668,4672,0.5135997501497025,0.5554423668303122,0.2873203334746859,0.7790522327025732,3d gaze,17.197673331196743,-54.54111359401255,557.283717188972,686478.179693 686478.187762 686478.195831 686478.203901 686478.21197 686478.228108 686478.236177 686478.244246 686478.252315 686478.268453 686478.284591 686478.300729
617,686478.7396385,217.86399988923222,4685,4691,0.4958260940457446,0.5412559776993928,1.0942470216581932,0.6720208366711936,3d gaze,0.4705359148899048,-19.271299929365245,227.14106048293155,686478.7396385 686478.7477075 686478.751742 686478.759811 686478.808225 686478.816294 686478.824363 686478.8283975 686478.832432 686478.8405009999 686478.84857 686478.8526045 686478.8566395 686478.860674 686478.9575024999
618,686478.961537,129.10449993796647,4692,4695,0.49615263234537943,0.5376738659200871,0.7632920476823462,0.6674357533454894,3d gaze,0.5703111134686674,-18.033471570611884,221.04322916574392,686478.961537 686478.9655715 686479.0260894999 686479.030124 686479.0825725 686479.086607 686479.0906415
619,686479.4214725,84.72500008065253,4705,4708,0.2899763194777862,0.6361290698520377,1.1165425622537777,0.8661760782653635,3d gaze,-125.72755484557278,-65.1243487377227,355.98935199137713,686479.4214725 686479.425507 686479.4295415 686479.433576 686479.4376105 686479.441645 686479.4456795 686479.449714 686479.4537485 686479.457783 686479.4618175 686479.465852 686479.4698865 686479.473921 686479.4779555 686479.48199 686479.4860245 686479.490059 686479.494094 686479.4981285 686479.5021629999 686479.5061975
620,686479.8329934999,84.72450007684529,4718,4720,0.329766985889149,0.5624403812139485,0.9581446747556011,0.7652449027697246,3d gaze,-62.474742034546466,-24.425218242617415,226.1773675104777,686479.8329934999 686479.8410625 686479.845097 686479.853166 686479.8572005 686479.8652695001 686479.8733385 686479.8814075 686479.8894765 686479.8975455 686479.9015800001 686479.9056145 686479.909649 686479.9136835 686479.917718
621,686479.937891,125.07000006735325,4721,4724,0.3248142292339384,0.5502234340662374,1.0098759391556797,0.8241185987437213,3d gaze,-62.93456473665988,-21.33333233780026,221.05144858189414,686479.937891 686479.9419255 686479.94596 686479.9499945 686479.954029 686479.962098 686479.9661325 686479.9701675 686479.974202 686479.9782364999 686479.9863055 686479.99034 686479.9943745 686479.998409 686480.0024435 686480.0105125001 686480.0145469999 686480.0185815 686480.0266505 686480.030685 686480.0347195 686480.0427885 686480.046823 686480.0508574999 686480.054892 686480.0589265 686480.062961
622,686480.632685,112.96599998604506,4741,4745,0.3595582599890682,0.5018799941365659,0.9584658650254996,0.8470886747042338,3d gaze,-151.53543337121388,-33.99935500080935,680.4639017818488,686480.632685 686480.640754 686480.648823 686480.656892 686480.664961 686480.67303 686480.681099 686480.689168 686480.697237 686480.705306 686480.713375 686480.721444 686480.729513 686480.737582 686480.745651
623,686480.9263480001,96.82899992913008,4750,4753,0.3536950339697365,0.5626245697129694,1.3434541949078855,0.8831313288211823,3d gaze,-74.59352246233098,-34.22421786849606,319.59075179563365,686480.9263480001 686480.9303825 686480.934417 686480.938452 686480.9424865 686480.946521 686480.9505555 686480.95459 686480.958625 686480.9626595 686480.966694 686480.9707285 686480.974763 686480.9787975 686480.982832 686480.9868665 686480.990901 686480.9949355 686480.9989700001 686481.0030045 686481.007039 686481.0110735 686481.015108 686481.0191425 686481.023177
624,686481.0715910001,88.75949995126575,4755,4757,0.32105527387400334,0.5532482633571006,1.454677946736084,0.8898535176463749,3d gaze,-65.54778767442453,-22.39867238373204,225.06926640541425,686481.0715910001 686481.0756255 686481.07966 686481.0836945 686481.087729 686481.0917635 686481.095798 686481.099833 686481.1038675 686481.107902 686481.1119365001 686481.115971 686481.1200055 686481.12404 686481.1280745 686481.132109 686481.1361435 686481.140178 686481.1442125 686481.1482470001 686481.1522814999 686481.156316 686481.1603505
625,686481.1764885,80.69100009743124,4758,4760,0.30294537021281237,0.5503211481315189,1.275881622001935,0.8970801915441241,3d gaze,-63.80282676320631,-19.190220618603853,196.63193076489594,686481.1764885 686481.180523 686481.1845575001 686481.188592 686481.1926265 686481.196661 686481.2006955 686481.20473 686481.2087645 686481.212799 686481.216834 686481.2208685 686481.224903 686481.2289375 686481.232972 686481.2370065 686481.241041 686481.2450755 686481.24911 686481.253145 686481.2571795001
626,686481.2612139999,125.069500063546,4760,4764,0.29047639892334665,0.5382861403058526,1.1422986407134157,0.9114529211074114,3d gaze,-61.95946234899666,-15.432334218022552,178.15949561169143,686481.2612139999 686481.2652485 686481.269283 686481.2733175 686481.277352 686481.2813865 686481.285421 686481.2894555 686481.29349 686481.2975244999 686481.301559 686481.3055935 686481.309628 686481.3136625 686481.317697 686481.3217315 686481.325766 686481.3298005001 686481.3338349999 686481.3378695 686481.341904 686481.3459385 686481.349973 686481.3540075 686481.358042 686481.3620765 686481.366111 686481.3701454999 686481.37418 686481.3782145 686481.382249 686481.3862835
627,686481.5153885,133.13900004141033,4768,4772,0.3750168358275539,0.5611998344652614,1.2529644788033396,0.8986203819513321,3d gaze,-28.537887815348917,-15.210168188000694,144.90935839420308,686481.5153885 686481.519423 686481.5234575 686481.527492 686481.5315265 686481.535561 686481.5395955 686481.54363 686481.5476645001 686481.551699 686481.5557335 686481.559768 686481.5638025 686481.567837 686481.5718715 686481.575906 686481.5799405 686481.5839755 686481.5880100001 686481.5920444999 686481.596079 686481.6001135 686481.604148 686481.6081825 686481.612217 686481.6162515 686481.620286 686481.6243205001 686481.6283549999 686481.6323895 686481.636424 686481.6404585 686481.644493 686481.6485275
628,686481.8341155,80.69049997720867,4777,4780,0.5437644543392663,0.5499041916027834,1.413011394245183,0.8785322204232215,3d gaze,9.831490635163542,-11.513207897260253,123.25932767341389,686481.8341155 686481.83815 686481.8421845 686481.8462189999 686481.8502535 686481.854288 686481.8583225 686481.862357 686481.8663915 686481.870426 686481.8744605 686481.8825294999 686481.886564 686481.8905985 686481.894633 686481.8986675 686481.902702 686481.906737 686481.9107715 686481.914806
629,686481.96322,205.7604999281466,4781,4787,0.5505588571063793,0.53288635384013,1.2685757146975516,0.8841936302428343,3d gaze,10.178339328781664,-8.68555993036516,111.95663100256328,686481.96322 686481.9672545 686481.971289 686481.979358 686481.9833925 686481.987427 686481.991462 686481.9954965 686482.0035655 686482.0076 686482.0116345 686482.015669 686482.0197035 686482.0237380001 686482.0277725 686482.031807 686482.0358415 686482.039876 686482.0439105 686482.047945 686482.05198 686482.0560145 686482.060049 686482.0640835001 686482.0681179999 686482.0761869999 686482.0802215 686482.084256 686482.0882905 686482.092325 686482.0963595 686482.1003940001 686482.1044284999 686482.108463 686482.1124975 686482.116532 686482.1205665 686482.124601 686482.1286355 686482.13267 686482.1367045001 686482.1407389999 686482.1447735 686482.148808 686482.1528425 686482.156877 686482.1609115 686482.164946 686482.1689805
630,686482.1730150001,217.86449989303946,4787,4794,0.5512571358991617,0.5173441910426438,1.1184174768390134,0.8868904474836129,3d gaze,10.00946000700766,-6.873406430990901,108.74217322584228,686482.1730150001 686482.1770494999 686482.181084 686482.1851185 686482.189153 686482.1931875 686482.197222 686482.2012565 686482.205291 686482.2133599999 686482.2173945 686482.2214295 686482.225464 686482.2294985 686482.233533 686482.2375675 686482.2416025 686482.245637 686482.2496715 686482.253706 686482.2577404999 686482.261775 686482.2658095 686482.269844 686482.277913 686482.2819475001 686482.285982 686482.2900165 686482.294051 686482.2980855 686482.30212 686482.3061545 686482.310189 686482.3142235 686482.3182580001 686482.3222925 686482.326327 686482.3303614999 686482.334396 686482.3384305 686482.342465 686482.3464995 686482.350534 686482.3545685001 686482.358603 686482.3626375 686482.366672 686482.3707065 686482.3747415 686482.378776 686482.3828105 686482.3908795
631,686482.3949140001,217.86400000564754,4794,4801,0.5531470900149242,0.5129505912578369,1.1425465278082674,0.8831747325983914,3d gaze,10.366227648859489,-6.484316190366092,109.21593568609127,686482.3949140001 686482.3989484999 686482.402983 686482.4070175 686482.411052 686482.4150865 686482.419121 686482.4231555 686482.42719 686482.4312245001 686482.4352589999 686482.4392935 686482.443328 686482.4473625 686482.451397 686482.4554315 686482.4594660001 686482.4635005 686482.4675350001 686482.4715694999 686482.475604 686482.4796385 686482.483673 686482.4877075 686482.4917425 686482.495777 686482.4998115001 686482.503846 686482.5078805 686482.511915 686482.5159495 686482.519984 686482.5240185 686482.528053 686482.5320875 686482.536122 686482.5401565 686482.5441914999 686482.548226 686482.5522605 686482.556295 686482.5603295 686482.564364 686482.5683985 686482.572433 686482.5764675001 686482.5805019999 686482.5845365 686482.5885709999 686482.5926055 686482.59664 686482.6006745 686482.604709 686482.6087435 686482.6127780001
632,686482.8830909999,141.2080000154674,4809,4813,0.5293428699966533,0.28985374230795724,1.2427998781020906,0.8678054954066421,3d gaze,5.492671947802069,14.041851880441895,96.78314656901492,686482.8830909999 686482.8871255 686482.89116 686482.8992290001 686482.9032635 686482.9072980001 686482.9113324999 686482.915367 686482.923436 686482.9274705 686482.931505 686482.9355395001 686482.939574 686482.9436085001 686482.9476429999 686482.9516775 686482.955712 686482.9597465 686482.963781 686482.9678155 686482.97185 686482.9758845 686482.9799190001 686482.9839534999 686482.987988 686482.996057 686483.0000915 686483.004126 686483.008161 686483.0121955 686483.01623 686483.0202645 686483.0242989999
633,686483.0323685,193.65649996325374,4813,4819,0.5172298552272218,0.27214927274567574,1.2317812222798472,0.8803353388698734,3d gaze,3.5175988015921846,15.335726644615752,94.8841495314304,686483.0323685 686483.036403 686483.0404375 686483.044472 686483.0485065 686483.0525410001 686483.0565754999 686483.06061 686483.0646444999 686483.068679 686483.0727135 686483.076748 686483.0807825 686483.084817 686483.0888515001 686483.0928859999 686483.0969205 686483.100955 686483.1049895 686483.109024 686483.1130585 686483.117093 686483.1211275 686483.1251620001 686483.1291964999 686483.133231 686483.1372654999 686483.1413 686483.1453345 686483.149369 686483.1534035 686483.157438 686483.1614725001 686483.1655069999 686483.1695415 686483.173576 686483.1776105 686483.1816455 686483.18568 686483.1897145 686483.1937490001 686483.1977835 686483.2018180001 686483.2058524999 686483.209887 686483.2139215 686483.217956 686483.2219905 686483.226025
634,686483.379337,117.0004999730736,4823,4827,0.47471871706171204,0.15311553216262289,1.438701400590265,0.8939522584279378,3d gaze,-2.039385713747954,17.08564522353373,61.680225952739676,686483.379337 686483.3833715001 686483.3874059999 686483.3914405 686483.3954749999 686483.3995095 686483.403544 686483.4075785 686483.4116130001 686483.4156475 686483.4196820001 686483.4237164999 686483.427751 686483.4317855 686483.43582 686483.4398545 686483.443889 686483.4479235 686483.451958 686483.4559925001 686483.4600269999 686483.4640615 686483.4680959999 686483.4721305 686483.476165 686483.4801995 686483.4842340001 686483.4882685 686483.4923030001 686483.4963374999
635,686483.500372,96.82899992913008,4827,4830,0.4701973508606321,0.12718804049277094,1.4090887777721826,0.8789696929355463,3d gaze,-2.3825815566415685,17.677892199289797,58.26558232440848,686483.500372 686483.504407 686483.5084414999 686483.512476 686483.516511 686483.5205455 686483.52458 686483.5286145001 686483.532649 686483.5366835 686483.5407179999 686483.5447525 686483.548787 686483.5528215 686483.556856 686483.5608905 686483.5649250001 686483.5689595 686483.5770284999 686483.581063 686483.5850975 686483.589132 686483.5931665 686483.597201
636,686483.7545469999,80.69100009743124,4835,4837,0.49507059501961476,0.1615573563923783,1.4683400885220645,0.9173506171930403,3d gaze,0.06367397033962975,20.52689624694872,76.49603752884761,686483.7545469999 686483.7585815 686483.762616 686483.7666505 686483.770685 686483.77472 686483.7787545 686483.7827890001 686483.7868235 686483.790858 686483.7948924999 686483.798927 686483.8029615 686483.806996 686483.8110305 686483.815065 686483.8190995001 686483.823134 686483.8271689999 686483.8312035 686483.835238
637,686484.085378,112.96649998985231,4844,4848,0.43002681426331973,0.38287271783327864,1.450742217283588,0.8884620851483839,3d gaze,-9.362102574356312,5.309698827604592,89.47929290480786,686484.085378 686484.0894124999 686484.093447 686484.0974815 686484.101516 686484.1055505001 686484.109585 686484.1136195001 686484.117654 686484.1216885 686484.1257229999 686484.1297575 686484.133792 686484.1378265 686484.1418615 686484.1458960001 686484.1499305 686484.1539650001 686484.1579994999 686484.162034 686484.1660685 686484.170103 686484.1741375 686484.178172 686484.1822065001 686484.186241 686484.1902755001 686484.1943099999 686484.1983445
638,686484.626865,153.31099997274578,4861,4865,0.46991764999406493,0.5076875024760098,1.3620089764802175,0.7620180606842041,3d gaze,-24.370540833213674,-33.1458106578882,611.9730669249091,686484.626865 686484.634934 686484.691417 686484.699486 686484.723693 686484.731762 686484.739831 686484.7479 686484.764038 686484.780176
639,686484.788246,145.2419999986887,4865,4870,0.47538913274753547,0.5142221335861534,0.58529298029325,0.7846311231454214,3d gaze,-18.706980546239752,-36.36347685443346,604.8063578359687,686484.788246 686484.796315 686484.804384 686484.812453 686484.820522 686484.828591 686484.83666 686484.844729 686484.852798 686484.860867 686484.868936 686484.885074 686484.893143 686484.901212 686484.909281 686484.91735 686484.925419 686484.933488
640,686485.9009120001,137.17349991202354,4899,4903,0.045531848301601854,0.8033704466642725,1.3229156162212117,0.9387197937284197,3d gaze,-75.50768164126507,-33.65493944057044,66.64324663313181,686485.9009120001 686485.9049465 686485.9089810001 686485.9130155 686485.9170504999 686485.921085 686485.9251194999 686485.929154 686485.9331885 686485.937223 686485.9412575001 686485.945292 686485.9493265001 686485.9533609999 686485.9573955 686485.9614299999 686485.9654645 686485.969499 686485.9735335 686485.9775680001 686485.9816025 686485.9856370001 686485.9896714999 686485.993706 686485.9977404999 686486.001775 686486.0058095 686486.009844 686486.0138785001 686486.017913 686486.0219475001 686486.0259819999 686486.0300165 686486.0340509999 686486.0380855
641,686487.607514,88.759999955073,4950,4952,0.13491475425674293,0.4214714338780884,1.2657285977941262,0.9533493674319723,3d gaze,-81.07011697450913,3.337044859825707,115.77698999773799,686487.607514 686487.6115484999 686487.615583 686487.6196175001 686487.6236525001 686487.627687 686487.6317215001 686487.635756 686487.6397905 686487.6438249999 686487.6478595 686487.6518939999 686487.6559285 686487.6599630001 686487.6639975 686487.6680320001 686487.6720665 686487.6761014999 686487.680136 686487.6841704999 686487.688205 686487.6922395 686487.696274
642,686489.0841485,88.76000007148832,4994,4996,0.2903608462497167,0.6703310604752842,1.1879620465131209,0.947413014328998,3d gaze,-34.31155184005006,-21.028048728105524,96.78391335525218,686489.0841485 686489.088183 686489.0922175 686489.096252 686489.1002865001 686489.1043209999 686489.1083555 686489.1123899999 686489.1164245 686489.1204595 686489.124494 686489.1285285 686489.1325630001 686489.1365975 686489.140632 686489.1446664999 686489.148701 686489.1527355 686489.1567705 686489.160805 686489.1648395 686489.168874 686489.1729085001
643,686489.2616675,137.17349991202354,4999,5003,0.24521116410824242,0.8516291964048964,1.3921657702731824,0.9926592477730343,3d gaze,-38.54190695373525,-35.12006576169141,81.57422295654509,686489.2616675 686489.265702 686489.2697365 686489.2737710001 686489.2778055 686489.2818400001 686489.2858744999 686489.2899094999 686489.293944 686489.2979784999 686489.302013 686489.3060475 686489.310082 686489.3141165001 686489.318151 686489.3221855001 686489.3262199999 686489.3302545 686489.334289 686489.3383235 686489.342358 686489.3463925 686489.350427 686489.3544615 686489.3584960001 686489.3625304999 686489.366565 686489.3705995 686489.374634 686489.3786685 686489.382703 686489.3867375001 686489.390772 686489.3948065001 686489.3988409999
644,686489.4028755,217.86449989303946,5003,5010,0.23727399619086947,0.8248094775066336,1.4240962481454347,0.9955675336447629,3d gaze,-39.386334821920585,-32.4773730662811,81.14854346666513,686489.4028755 686489.4069105 686489.410945 686489.4149795 686489.419014 686489.4230485 686489.4270830001 686489.4311175 686489.4351524999 686489.439187 686489.4432214999 686489.447256 686489.4512905 686489.455325 686489.4593595001 686489.463394 686489.4674285001 686489.4714629999 686489.4754975 686489.479532 686489.4835665 686489.487601 686489.4916355 686489.49567 686489.4997045 686489.5037390001 686489.5077734999 686489.511808 686489.5158424999 686489.519877 686489.5239115 686489.527946 686489.5319805001 686489.536015 686489.5400495001 686489.5440839999 686489.5481185 686489.552153 686489.5561875 686489.560222 686489.5642565 686489.568291 686489.5723255 686489.5763600001 686489.5803944999 686489.584429 686489.5884634999 686489.592498 686489.5965325 686489.600567 686489.604602 686489.6086365 686489.612671 686489.6167055 686489.6207399999
645,686489.6247745,129.10449993796647,5010,5014,0.23805513101220874,0.8036136194885767,1.200307685689119,0.9934287766615549,3d gaze,-38.70113643445237,-30.20627034707592,80.70291688263679,686489.6247745 686489.628809 686489.6328435 686489.636878 686489.6409125 686489.6449470001 686489.6489815 686489.653016 686489.6570504999 686489.661085 686489.6651195 686489.669154 686489.673189 686489.6772235 686489.681258 686489.6852925001 686489.689327 686489.6933615 686489.697396 686489.7014305 686489.705465 686489.7094995 686489.713534 686489.7175685 686489.7216030001 686489.7256374999 686489.729672 686489.7337064999 686489.737741 686489.7417755 686489.74581 686489.7498445 686489.753879
646,686489.7579135001,104.89750001579523,5014,5017,0.23769440000071532,0.7680123239752921,1.278335386286469,0.984215310326329,3d gaze,-38.675703471343894,-27.12231873953485,81.53321406861735,686489.7579135001 686489.7619479999 686489.7659829999 686489.7700175 686489.774052 686489.7780865 686489.782121 686489.7861555 686489.7901900001 686489.7942245 686489.7982590001 686489.8022934999 686489.806328 686489.8103625 686489.814397 686489.8184315 686489.822466 686489.8265005 686489.830535 686489.8345695001 686489.8386039999 686489.8426385 686489.846673 686489.8507075 686489.854742 686489.8587765 686489.8628110001
647,686489.967709,96.82799992151558,5020,5023,0.2346018247375506,0.6868981569868094,1.357259309771709,0.9774906635284424,3d gaze,-42.74823722871666,-22.1147849386556,90.85882882650947,686489.967709 686489.9717435 686489.975778 686489.9798125001 686489.9838469999 686489.9878815 686489.9919159999 686489.9959505 686489.999985 686490.0040195 686490.008054 686490.0120885 686490.0161230001 686490.0201574999 686490.024192 686490.0282265 686490.032261 686490.0362955 686490.04033 686490.0443645 686490.048399 686490.0524335001 686490.0564679999 686490.0605025 686490.0645369999
648,686490.072606,88.75949995126575,5023,5026,0.23860706422804914,0.6603621882677905,1.4699718872995364,0.9771236984626107,3d gaze,-43.55829512226496,-20.336141048730866,94.88371488760502,686490.072606 686490.0766405 686490.0806755 686490.08471 686490.0887445 686490.092779 686490.0968134999 686490.100848 686490.1048825 686490.108917 686490.1129515 686490.116986 686490.1210205001 686490.125055 686490.1290895 686490.1331239999 686490.1371585 686490.141193 686490.1452275 686490.149262 686490.1532965 686490.157331 686490.1613655
649,686490.1654,80.69049997720867,5026,5028,0.23845703730187298,0.6402942378269608,1.2453453365815366,0.9648341025624957,3d gaze,-43.25198497088363,-18.279099567643875,94.51016557813661,686490.1654 686490.1694344999 686490.173469 686490.1775035 686490.181538 686490.1855725 686490.1896075 686490.193642 686490.1976765001 686490.201711 686490.2057455 686490.2097799999 686490.2138145 686490.217849 686490.2218835 686490.225918 686490.2299525 686490.2339870001 686490.2380215 686490.242056 686490.2460905
650,686490.302574,88.75900006387383,5030,5033,0.2220001883379331,0.5670236670971908,1.499455709501136,0.9744838437308436,3d gaze,-44.484485824936094,-10.934733298899939,91.13515192015292,686490.302574 686490.3066085 686490.3106430001 686490.3146774999 686490.318712 686490.3227465 686490.326781 686490.3308155 686490.33485 686490.3388845001 686490.342919 686490.3469535001 686490.3509879999 686490.3550225 686490.359057 686490.3630915 686490.367126 686490.3711605 686490.375195 686490.3792295 686490.3832640001 686490.3872984999 686490.391333
651,686490.3953675,80.69099998101592,5033,5035,0.22791719827341525,0.5458516139614663,1.371032808179249,0.9952669938405355,3d gaze,-43.57023442065289,-8.995778385780685,91.88790593797341,686490.3953675 686490.399402 686490.403437 686490.4074715 686490.411506 686490.4155405 686490.419575 686490.4236095 686490.4276439999 686490.4316785 686490.435713 686490.439748 686490.4437825 686490.447817 686490.4518515 686490.4558860001 686490.4599204999 686490.463955 686490.4679894999 686490.472024 686490.4760585
652,686490.5043,92.79400005470961,5036,5039,0.2538129683782196,0.5417365325479963,1.4117895612970506,1.0,3d gaze,-41.54411745343622,-9.099579663510482,98.96127835166898,686490.5043 686490.5083345 686490.512369 686490.5164035 686490.520438 686490.5244725 686490.5285070001 686490.5325414999 686490.536576 686490.5406104999 686490.544645 686490.5486795 686490.552714 686490.5567485 686490.560783 686490.564818 686490.5688525001 686490.5728869999 686490.5769215 686490.580956 686490.5849905 686490.589025 686490.5930595 686490.5970940001
653,686490.959332,217.86400000564754,5050,5056,0.1420714240231343,0.7653860849086159,1.2776036446699313,1.0,3d gaze,-350.3600095884918,-177.62023695449798,485.1738314860757,686490.959332 686490.967402 686490.975471 686490.98354 686490.991609 686490.999678 686491.007747 686491.015816 686491.023885 686491.031954 686491.040023 686491.048092 686491.056161 686491.06423 686491.072299 686491.080368 686491.088437 686491.096506 686491.104575 686491.112644 686491.120713 686491.128782 686491.136851 686491.14492 686491.152989 686491.161058 686491.169127 686491.177196
654,686491.209472,217.86400000564754,5057,5064,0.15610439541687443,0.7634201165744641,1.050725545827319,1.0,3d gaze,-340.1762156608994,-178.4810273621018,500.4033448903165,686491.209472 686491.217541 686491.225611 686491.23368 686491.241749 686491.249818 686491.257887 686491.265956 686491.274025 686491.282094 686491.290163 686491.298232 686491.306301 686491.31437 686491.322439 686491.330508 686491.338577 686491.346646 686491.354715 686491.362784 686491.370853 686491.378922 686491.386991 686491.39506 686491.403129 686491.411198 686491.419267 686491.427336
655,686491.435405,217.86400000564754,5064,5070,0.16399601062999825,0.7658454256576892,1.417277283531317,1.0,3d gaze,-334.75314091816034,-181.21485272414324,508.8085395138178,686491.435405 686491.443474 686491.451543 686491.459612 686491.467681 686491.47575 686491.48382 686491.491889 686491.499958 686491.508027 686491.516096 686491.524165 686491.532234 686491.540303 686491.548372 686491.556441 686491.56451 686491.572579 686491.580648 686491.588717 686491.596786 686491.604855 686491.612924 686491.620993 686491.629062 686491.637131 686491.6452 686491.653269
656,686491.661338,217.86400000564754,5071,5077,0.1694919648113462,0.7672118670770711,0.8686027770646507,1.0,3d gaze,-330.8045592266339,-182.88290961152967,514.5087138333728,686491.661338 686491.669407 686491.677476 686491.685545 686491.693614 686491.701683 686491.709752 686491.717821 686491.72589 686491.73396 686491.742029 686491.750098 686491.758167 686491.766236 686491.774305 686491.782374 686491.790443 686491.798512 686491.806581 686491.81465 686491.822719 686491.830788 686491.838857 686491.846926 686491.854995 686491.863064 686491.871133 686491.879202
657,686491.887271,161.38100007083267,5077,5082,0.16576604179712517,0.7686963517948533,1.3177739628124374,1.0,3d gaze,-333.83849477014843,-183.31909868540183,510.71689555778295,686491.887271 686491.89534 686491.903409 686491.911478 686491.919547 686491.927616 686491.935685 686491.943754 686491.951823 686491.959892 686491.967961 686491.97603 686491.984099 686491.992169 686492.000238 686492.008307 686492.016376 686492.024445 686492.032514 686492.040583 686492.048652
658,686492.056721,80.68999997340143,5082,5085,0.15931003014239742,0.7673879096476814,0.957349361441311,1.0,3d gaze,-338.3789704804835,-181.48929287394589,503.82989975904553,686492.056721 686492.06479 686492.072859 686492.080928 686492.088997 686492.097066 686492.105135 686492.113204 686492.121273 686492.129342 686492.137411
659,686492.3440415,153.31199998036027,5091,5095,0.33362182146866876,0.6807372892165658,1.4415730968468556,0.9543539644815983,3d gaze,-22.50435786665959,-18.32757950888533,82.15577196733143,686492.3440415 686492.348076 686492.3521105 686492.356145 686492.3601795 686492.3642140001 686492.3682485 686492.372283 686492.3763175 686492.380352 686492.3843865 686492.388421 686492.3924555 686492.39649 686492.4005245001 686492.404559 686492.4085935 686492.412628 686492.4166625 686492.420697 686492.4247315 686492.428766 686492.4328005 686492.4368350001 686492.4408695 686492.444904 686492.4489385 686492.452973 686492.4570075 686492.461042 686492.4650765 686492.469111 686492.4731455001 686492.47718 686492.4812145 686492.485249 686492.489284 686492.493319 686492.4973535
660,686492.501388,213.82900001481175,5096,5102,0.32998793198856524,0.6928107909855764,1.4872872606989902,0.9625513106584549,3d gaze,-23.25535875549452,-19.488612869871094,82.7207534328292,686492.501388 686492.5054225 686492.5094570001 686492.5134915 686492.517526 686492.5215605 686492.525595 686492.5296295 686492.533664 686492.5376985 686492.541733 686492.5457675 686492.5498019999 686492.5538365 686492.557871 686492.5619055 686492.56594 686492.5699745 686492.574009 686492.5780435 686492.5820780001 686492.5861125 686492.590147 686492.5941815 686492.598216 686492.6022505 686492.606285 686492.6103195 686492.614354 686492.6183885 686492.6224229999 686492.6264575 686492.630492 686492.6345265 686492.638561 686492.6425955 686492.6466305 686492.650665 686492.6546995 686492.658734 686492.6627685 686492.666803 686492.6708375 686492.674872 686492.6789065 686492.682941 686492.6869755 686492.69101 686492.6950445 686492.699079 686492.7031135 686492.707148 686492.7111825 686492.715217
661,686492.944314,153.31199998036027,5109,5113,0.16920513497962367,0.7680831960217847,1.2472024876123664,0.9937691032886505,3d gaze,-331.0929035804567,-183.38631848306767,514.1494615747389,686492.944314 686492.952383 686492.960452 686492.968521 686492.97659 686492.984659 686492.992728 686493.000797 686493.008867 686493.016936 686493.025005 686493.033074 686493.041143 686493.049212 686493.057281 686493.06535 686493.073419 686493.081488 686493.089557 686493.097626
662,686493.348637,96.8280000379309,5121,5124,0.3289686977371482,0.7242403530538999,1.3053081157107955,0.9554724645614624,3d gaze,-25.793095827271614,-24.25789863148351,90.52398269480273,686493.348637 686493.3526715001 686493.356706 686493.3607405 686493.364775 686493.3688095 686493.372844 686493.3768785 686493.380913 686493.3849475 686493.388982 686493.3930164999 686493.397051 686493.4010855 686493.40512 686493.4091545 686493.413189 686493.4172235 686493.421258 686493.4252925001 686493.429327 686493.4333615 686493.437396 686493.4414305 686493.445465
663,686493.4494995,153.31199998036027,5124,5128,0.3272435259617132,0.7151089926847773,1.4368698934332114,0.9577361031984671,3d gaze,-25.529185802481276,-22.94980915133106,88.760567270171,686493.4494995 686493.453534 686493.4575685 686493.4616035 686493.465638 686493.4696725 686493.473707 686493.4777415 686493.481776 686493.4858105 686493.489845 686493.4938795 686493.497914 686493.5019485 686493.505983 686493.5100175 686493.514052 686493.5180865 686493.5221215 686493.526156 686493.5301905 686493.534225 686493.5382594999 686493.542294 686493.5463285 686493.550363 686493.5543975 686493.558432 686493.5624665 686493.566501 686493.5705355 686493.5745699999 686493.5786045 686493.582639 686493.5866735 686493.590708 686493.5947425 686493.598777 686493.6028115
664,686493.683502,80.68999997340143,5131,5133,0.29268332620643667,0.7135295056236194,1.4911673829464325,0.9665737407548087,3d gaze,-32.142321504076094,-23.785608093269737,90.93292855106904,686493.683502 686493.6875365 686493.691571 686493.6956055 686493.69964 686493.7036745 686493.707709 686493.7117435 686493.715778 686493.7198125 686493.723847 686493.7278815 686493.731916 686493.7359505 686493.739985 686493.7440195 686493.748054 686493.7520885 686493.756123 686493.7601575 686493.764192
665,686493.836814,80.68999997340143,5135,5138,0.2852066490958021,0.7214020435004109,1.2927385237025375,0.9775069057941437,3d gaze,-35.63649624147221,-26.209338930550548,96.68369468193194,686493.836814 686493.8408485 686493.844883 686493.8489175 686493.852952 686493.8569865 686493.861021 686493.8650555 686493.8690899999 686493.8731245 686493.877159 686493.8811935 686493.885228 686493.8892625 686493.893297 686493.8973315 686493.9013660001 686493.9054005 686493.909435 686493.9134695 686493.917504
666,686494.203955,80.69049997720867,5146,5149,0.2946625933241282,0.8215434259534218,1.4743575222604142,0.9503718359129769,3d gaze,-43.107572763316725,-45.26322972756161,119.08991169658495,686494.203955 686494.2079895 686494.212024 686494.2160585 686494.220093 686494.2241275 686494.228162 686494.2321965001 686494.236231 686494.2402655 686494.2443 686494.2483345 686494.2523695 686494.256404 686494.2604385 686494.2644730001 686494.2685075 686494.272542 686494.2765765 686494.280611 686494.2846455
667,686494.3451634999,100.86300002876669,5151,5154,0.2879948276997414,0.7786478838331576,1.4777108105533545,0.9671023912154711,3d gaze,-32.63499976852789,-29.423095507813436,88.43221285500157,686494.3451634999 686494.349198 686494.3532325 686494.357267 686494.3613015 686494.365336 686494.3693705 686494.373405 686494.3774395001 686494.381474 686494.3855085 686494.389543 686494.3935775 686494.397612 686494.4016465 686494.405681 686494.4097155 686494.4137505 686494.417785 686494.4218195 686494.425854 686494.4298885 686494.433923 686494.4379575 686494.441992 686494.4460265
668,686495.423254,153.31199998036027,5183,5188,0.5813396147757657,0.48351697523960063,1.442268147964451,0.9377398669719696,3d gaze,74.53572683309575,-17.12183431038278,527.9168102835761,686495.423254 686495.431323 686495.439392 686495.447461 686495.45553 686495.463599 686495.471668 686495.479737 686495.487806 686495.495875 686495.503944 686495.512013 686495.520082 686495.528151 686495.53622 686495.54429 686495.552359 686495.560428 686495.568497 686495.576566
669,686495.929856,80.68999997340143,5198,5201,0.1599249187626316,0.8246067591181494,0.9984740120408677,0.9994671507315203,3d gaze,-347.39583562631975,-220.11780470865062,505.9607288161999,686495.929856 686495.937925 686495.945994 686495.954063 686495.962132 686495.970201 686495.97827 686495.986339 686495.994408 686496.002477 686496.010546
670,686496.3947000001,80.68999997340143,5212,5214,0.2883115092454178,0.7082369966047486,1.430717448515397,0.9485776878538585,3d gaze,-39.050469102182305,-27.7381228786089,108.07908866270347,686496.3947000001 686496.3987344999 686496.402769 686496.4068035 686496.410838 686496.4148725 686496.418907 686496.4229415 686496.426976 686496.4310105001 686496.4350449999 686496.4390795 686496.4431139999 686496.4471485 686496.451183 686496.4552175 686496.4592520001 686496.4632865 686496.4673210001 686496.4713554999 686496.47539
671,686496.4794245,88.75949995126575,5215,5217,0.27617499165638476,0.7264066790179239,1.4917720787877773,0.9678056564020074,3d gaze,-37.278975362057864,-26.751020185851264,96.28383626379684,686496.4794245 686496.483459 686496.4874935 686496.491528 686496.4955625 686496.499597 686496.503632 686496.5076665 686496.5117009999 686496.5157355 686496.51977 686496.5238045 686496.527839 686496.5318735 686496.5359080001 686496.5399425 686496.543977 686496.5480114999 686496.552046 686496.5560805 686496.560115 686496.5641495 686496.568184
672,686497.664698,96.8280000379309,5250,5253,0.15319222593797013,0.8971029482711237,1.4487945399396736,1.0,3d gaze,-363.32802616781305,-269.1342544395923,493.67921040934016,686497.664698 686497.672767 686497.680836 686497.688905 686497.696974 686497.705043 686497.713112 686497.721181 686497.72925 686497.737319 686497.745388 686497.753457 686497.761526
673,686497.801871,137.1740000322461,5254,5258,0.17156045401103948,0.885161479883063,1.4123029462572005,1.0,3d gaze,-347.3922033285442,-264.71304943052615,515.7121451422541,686497.801871 686497.80994 686497.818009 686497.826078 686497.834147 686497.842216 686497.850285 686497.858354 686497.866423 686497.874492 686497.882561 686497.890631 686497.8987 686497.906769 686497.914838 686497.922907 686497.930976 686497.939045
674,686497.947114,129.10400005057454,5258,5262,0.17494340184434284,0.8702343771196885,0.9564497135383435,1.0,3d gaze,-342.5449218511883,-254.7713391140073,520.5023660624427,686497.947114 686497.955183 686497.963252 686497.971321 686497.97939 686497.987459 686497.995528 686498.003597 686498.011666 686498.019735 686498.027804 686498.035873 686498.043942 686498.052011 686498.06008 686498.068149 686498.076218
675,686498.202165,92.79400005470961,5266,5269,-0.019117841143443358,0.6195694715802751,1.2425562141263817,0.8577063394466456,3d gaze,-105.88828297789058,-19.931690256313438,73.3059024656603,686498.202165 686498.2061995 686498.210234 686498.218303 686498.2223375 686498.2263720001 686498.2304064999 686498.234441 686498.2384754999 686498.24251 686498.2465445 686498.250579 686498.2546135001 686498.258648 686498.2626825001 686498.2667169999 686498.2707519999 686498.2747865 686498.278821 686498.2828555 686498.2909245 686498.2949590001
676,686498.721741,80.69000008981675,5282,5284,0.1869084111672753,0.8340663726479381,1.4878468728291394,0.9966471032662825,3d gaze,-327.5033966740393,-231.41430393930702,534.2622309500002,686498.721741 686498.72981 686498.737879 686498.745948 686498.754017 686498.762086 686498.770155 686498.778224 686498.786293 686498.794362 686498.802431
677,686498.8105,145.2430000063032,5284,5289,0.18190548324873304,0.8112351464911337,0.5744440377636149,1.0,3d gaze,-328.10692920255025,-214.60648154057026,528.9761694384845,686498.8105 686498.818569 686498.826638 686498.834707 686498.842776 686498.850845 686498.858914 686498.866983 686498.875052 686498.883121 686498.89119 686498.899259 686498.907329 686498.915398 686498.923467 686498.931536 686498.939605 686498.947674 686498.955743
678,686499.796679,104.89800001960248,5314,5317,0.3302814510414544,0.00634686173427305,1.0732927426971934,0.8142670591672262,3d gaze,-230.62806844547285,349.1618100605172,772.0656915481077,686499.796679 686499.812817 686499.901577
679,686506.887601,112.96599998604506,5525,5529,0.6663695719511536,0.5560022778055975,1.056796589274172,0.79066175329114,3d gaze,183.7428713014321,-65.0001845206748,636.7432043024112,686506.887601 686506.927946 686506.936015 686507.000567
680,686508.277251,104.89799990318716,5567,5570,0.3274240656129285,-0.2035286504640416,0.719756471161369,0.7415663078410151,3d gaze,-240.2014691587824,527.0974045968679,693.0465484854295,686508.277251 686508.293389 686508.382149
681,686513.150957,161.38100007083267,5712,5717,0.39764403587184993,-0.10547652054024508,0.47442876203347123,0.7573916522628193,3d gaze,-132.02475896974784,424.517487871852,728.1919272509,686513.150957 686513.21551 686513.255855 686513.280062 686513.312338
682,686514.127312,80.69099998101592,5741,5744,0.39390697903091015,-0.017566191663961932,0.9689028201004806,0.8606763916438546,3d gaze,-135.84906053194663,353.8064863880608,753.6233670853588,686514.127312 686514.183796 686514.208003
683,686514.579179,137.1740000322461,5755,5759,0.3660942202337972,-0.24888187316290616,1.1282971750649733,0.9053628719718709,3d gaze,-180.64136081596672,551.5701963510412,666.9778472256553,686514.579179 686514.627593 686514.676008 686514.716353
684,686516.039677,96.82899992913008,5798,5801,0.380127042393647,-0.26283286550556834,1.3210532036848566,0.9584639043650446,3d gaze,-159.34885490960687,557.0927632108269,656.5450182286785,686516.039677 686516.096161 686516.136506
685,686516.160713,96.8290000455454,5802,5805,0.3793263576020137,-0.221805705125456,1.4119635671305926,0.904902931213379,3d gaze,-160.8913293775136,526.3695939072766,682.7804436333663,686516.160713 686516.192989 686516.241403 686516.249473 686516.257542
686,686516.572235,112.96599998604506,5814,5818,0.32662686949308645,-0.23484908744887423,0.6752024375034175,0.7959234224574168,3d gaze,-242.94867455172073,556.0672912816054,678.1530626880277,686516.572235 686516.604511 686516.685201
687,686517.611343,153.31199998036027,5845,5850,0.5480391245387721,0.654747825410633,0.07075940702908097,0.7602707472821589,3d gaze,60.63970152383798,-131.8997603527417,689.5182812143236,686517.611343 686517.659758 686517.764655
688,686518.30528,129.10500005818903,5866,5870,0.5518885556968485,0.640986067438181,0.6400535806221465,0.727322996571035,3d gaze,64.53917037034503,-122.24142365128051,685.6888170982447,686518.30528 686518.38597 686518.402108 686518.434385
689,686518.692594,201.72499993350357,5877,5884,0.5519316702259204,0.6385905372728284,0.633011597118616,0.7486952723107249,3d gaze,64.50172131934987,-120.56113597683625,685.0183211051389,686518.692594 686518.757146 686518.829767 686518.870112 686518.894319
690,686519.604394,225.93299997970462,5905,5911,0.6024407574082564,0.6498689849754689,0.7775155639147815,0.7237170637888881,3d gaze,122.43983155483357,-128.93858966314207,683.2651520836183,686519.604394 686519.620532 686519.830327
691,686521.460271,330.8309999993071,5960,5970,0.5492676265669819,0.33102398051406273,1.3444357387645678,0.8178289744532757,3d gaze,49.89457182986588,60.034465913636694,560.8431869583627,686521.460271 686521.791102
692,686523.074078,88.7589999474585,6008,6011,0.5935571159074287,0.49226002722845785,0.12864476340080142,0.7893362020450527,3d gaze,102.1637460600581,-25.65945674919965,632.3215625988074,686523.074078 686523.162837
693,686527.72184,80.68999997340143,6147,6149,0.5837601912619601,0.4419712319390758,0.29093455927369494,0.8175098277949152,3d gaze,88.92074482520175,3.43366848089579,612.6173447716469,686527.72184 686527.80253
694,686527.931635,290.4850000049919,6153,6162,0.5991954344360131,0.4894211954777297,0.08383558954598752,0.8500309042277177,3d gaze,107.87115156772626,-23.985687385150612,630.8489925182307,686527.931635 686528.22212
695,686531.312559,145.2419999986887,6254,6258,0.6480286891871363,0.5837423498323093,0.08497695516827963,0.8343470338614993,3d gaze,168.07551991159795,-83.6457625730788,655.2801271257825,686531.312559 686531.457801
696,686534.017521,298.55499998666346,6335,6344,0.3365145018048129,0.4573435646542539,1.4882486197081424,0.7377947447711067,3d gaze,-197.10735103007087,-6.460067609336846,750.1264541645853,686534.017521 686534.316076
697,686538.116599,209.79500003159046,6457,6463,0.34041384794062746,0.14164957554189983,1.4088956207031456,0.7588115459992382,3d gaze,-214.67992182787071,240.25983360106514,806.5655295160834,686538.116599 686538.18922 686538.302187 686538.326394
698,686539.625511,129.1049999417737,6502,6506,0.09722245034152183,0.12475999528402792,0.4749164515509595,0.7530222328544041,3d gaze,-599.8462018723333,274.7067374214215,684.1654928313696,686539.625511 686539.754616
699,686542.070433,185.5890000006184,6575,6581,0.3656441987759235,0.24118520314160583,1.1627449890336399,0.986258520411075,3d gaze,-171.61640251900334,155.1135251950116,795.7567730412552,686542.070433 686542.110779 686542.143055 686542.175331 686542.199538 686542.256022
