Timestamp,Local time,Pleasure,Arousal,Dominance
1783968001.2542,11:40:01.254,0.97,0.13,0.21
1783968001.7532,11:40:01.753,0.97,0.12,0.21
1783968002.2526,11:40:02.252,0.97,0.14,0.19
1783968002.7528,11:40:02.752,0.97,0.13,0.19
1783968003.2525,11:40:03.252,0.97,0.14,0.20
1783968003.7523,11:40:03.752,0.97,0.11,0.21
1783968004.2527,11:40:04.252,0.96,0.09,0.25
1783968004.7527,11:40:04.752,0.96,0.08,0.25
1783968005.2525,11:40:05.252,0.96,0.06,0.27
1783968005.7527,11:40:05.752,0.96,0.06,0.27
1783968006.2526,11:40:06.252,0.96,0.11,0.24
1783968006.7516,11:40:06.751,0.97,0.16,0.18
1783968007.252,11:40:07.252,0.96,0.25,0.09
1783968007.7518,11:40:07.751,0.95,0.31,0.03
1783968008.2514,11:40:08.251,0.95,0.31,0.00
1783968008.7514,11:40:08.751,0.95,0.32,0.01
1783968009.2518,11:40:09.251,0.96,0.27,0.06
1783968009.7511,11:40:09.751,0.97,0.23,0.09
1783968010.2507,11:40:10.250,0.97,0.21,0.10
1783968010.7509,11:40:10.750,0.97,0.21,0.11
1783968011.25,11:40:11.250,0.97,0.21,0.12
1783968011.7502,11:40:11.750,0.97,0.19,0.16
1783968012.2503,11:40:12.250,0.97,0.19,0.16
1783968012.7498,11:40:12.749,0.97,0.17,0.17
1783968013.2498,11:40:13.249,0.97,0.19,0.13
1783968013.7494,11:40:13.749,0.97,0.21,0.10
1783968014.249,11:40:14.249,0.98,0.19,0.11
1783968014.7482,11:40:14.748,0.98,0.17,0.12
1783968015.2482,11:40:15.248,0.98,0.14,0.14
1783968015.7483,11:40:15.748,0.98,0.11,0.16
1783968016.2485,11:40:16.248,0.98,0.11,0.18
1783968016.7491,11:40:16.749,0.97,0.11,0.19
1783968017.2487,11:40:17.248,0.97,0.12,0.20
1783968017.7481,11:40:17.748,0.97,0.14,0.19
1783968018.2479,11:40:18.247,0.97,0.17,0.18
1783968018.7479,11:40:18.747,0.97,0.18,0.16
1783968019.2476,11:40:19.247,0.97,0.19,0.15
1783968019.748,11:40:19.748,0.97,0.15,0.17
1783968020.2483,11:40:20.248,0.98,0.14,0.17
1783968020.7479,11:40:20.747,0.98,0.13,0.17
1783968021.2477,11:40:21.247,0.98,0.14,0.13
1783968021.7473,11:40:21.747,0.98,0.14,0.13
1783968022.2464,11:40:22.246,0.98,0.14,0.16
1783968022.7464,11:40:22.746,0.97,0.16,0.17
1783968023.2462,11:40:23.246,0.97,0.15,0.18
1783968023.746,11:40:23.746,0.97,0.12,0.21
1783968024.2462,11:40:24.246,0.97,0.10,0.23
1783968024.7465,11:40:24.746,0.97,0.11,0.24
1783968025.2457,11:40:25.245,0.97,0.11,0.21
1783968025.7453,11:40:25.745,0.98,0.15,0.15
1783968026.2453,11:40:26.245,0.98,0.17,0.14
1783968026.7446,11:40:26.744,0.97,0.20,0.15
1783968027.2448,11:40:27.244,0.97,0.20,0.16
1783968027.7447,11:40:27.744,0.97,0.20,0.16
1783968028.2445,11:40:28.244,0.97,0.15,0.20
1783968028.7443,11:40:28.744,0.97,0.13,0.21
1783968029.2441,11:40:29.244,0.97,0.13,0.21
1783968029.7441,11:40:29.744,0.97,0.11,0.23
1783968030.2439,11:40:30.243,0.97,0.08,0.24
1783968030.7446,11:40:30.744,0.96,0.06,0.26
1783968031.2444,11:40:31.244,0.96,0.05,0.27
1783968031.744,11:40:31.744,0.96,0.05,0.26
1783968032.2439,11:40:32.243,0.97,0.08,0.24
1783968032.7431,11:40:32.743,0.97,0.10,0.22
1783968033.2423,11:40:33.242,0.97,0.11,0.22
1783968033.7426,11:40:33.742,0.97,0.11,0.22
1783968034.2425,11:40:34.242,0.97,0.10,0.23
1783968034.7425,11:40:34.742,0.96,0.08,0.26
1783968035.2429,11:40:35.242,0.96,0.07,0.27
1783968035.7427,11:40:35.742,0.97,0.05,0.25
1783968036.242,11:40:36.242,0.97,0.10,0.22
1783968036.7424,11:40:36.742,0.97,0.09,0.21
1783968037.2422,11:40:37.242,0.97,0.05,0.25
1783968037.7416,11:40:37.741,0.97,0.05,0.25
1783968038.2416,11:40:38.241,0.97,0.08,0.23
1783968038.7413,11:40:38.741,0.97,0.13,0.20
1783968039.2409,11:40:39.240,0.97,0.14,0.20
1783968039.7411,11:40:39.741,0.97,0.16,0.21
1783968040.2413,11:40:40.241,0.96,0.19,0.19
1783968040.741,11:40:40.741,0.96,0.20,0.19
1783968041.2408,11:40:41.240,0.96,0.19,0.20
1783968041.741,11:40:41.741,0.96,0.20,0.21
1783968042.2406,11:40:42.240,0.96,0.21,0.20
1783968042.7402,11:40:42.740,0.95,0.25,0.17
1783968043.2401,11:40:43.240,0.95,0.26,0.17
1783968043.7398,11:40:43.739,0.96,0.23,0.16
1783968044.2396,11:40:44.239,0.96,0.21,0.18
1783968044.7398,11:40:44.739,0.97,0.17,0.19
1783968045.2396,11:40:45.239,0.97,0.15,0.20
1783968045.7397,11:40:45.739,0.97,0.14,0.20
1783968046.2401,11:40:46.240,0.97,0.16,0.21
1783968046.7391,11:40:46.739,0.97,0.16,0.21
1783968047.2387,11:40:47.238,0.97,0.14,0.22
1783968047.7391,11:40:47.739,0.97,0.14,0.21
1783968048.2386,11:40:48.238,0.96,0.10,0.24
1783968048.7384,11:40:48.738,0.96,0.09,0.26
1783968049.2388,11:40:49.238,0.96,0.09,0.26
1783968049.7388,11:40:49.738,0.97,0.09,0.24
1783968050.2382,11:40:50.238,0.97,0.09,0.23
1783968050.7389,11:40:50.738,0.97,0.09,0.22
1783968051.2393,11:40:51.239,0.97,0.09,0.22
1783968051.7389,11:40:51.738,0.97,0.09,0.22
1783968052.2389,11:40:52.238,0.97,0.09,0.23
1783968052.7387,11:40:52.738,0.97,0.09,0.23
1783968053.238,11:40:53.238,0.97,0.10,0.21
1783968053.7374,11:40:53.737,0.97,0.13,0.19
1783968054.2372,11:40:54.237,0.97,0.13,0.19
1783968054.7368,11:40:54.736,0.97,0.08,0.23
1783968055.2371,11:40:55.237,0.97,0.07,0.23
1783968055.7365,11:40:55.736,0.97,0.07,0.22
1783968056.2359,11:40:56.235,0.97,0.11,0.20
1783968056.7356,11:40:56.735,0.97,0.11,0.19
1783968057.2352,11:40:57.235,0.97,0.07,0.22
1783968057.7349,11:40:57.734,0.98,0.05,0.21
1783968058.2347,11:40:58.234,0.98,0.04,0.20
1783968058.7351,11:40:58.735,0.98,0.04,0.20
1783968059.2348,11:40:59.234,0.98,0.05,0.20
1783968059.7348,11:40:59.734,0.97,0.05,0.23
1783968060.2353,11:41:00.235,0.97,0.05,0.22
1783968060.7346,11:41:00.734,0.98,0.05,0.20
1783968061.2338,11:41:01.233,0.98,0.04,0.19
1783968061.734,11:41:01.734,0.99,0.03,0.16
1783968062.2336,11:41:02.233,0.99,0.02,0.16
1783968062.7339,11:41:02.733,0.98,0.01,0.18
1783968063.2343,11:41:03.234,0.97,0.06,0.23
1783968063.7335,11:41:03.733,0.97,0.07,0.25
1783968064.2329,11:41:04.232,0.97,0.07,0.24
1783968064.7334,11:41:04.733,0.97,0.08,0.24
1783968065.233,11:41:05.233,0.97,0.11,0.22
1783968065.7326,11:41:05.732,0.97,0.12,0.22
1783968066.233,11:41:06.233,0.97,0.12,0.20
1783968066.7324,11:41:06.732,0.97,0.13,0.18
1783968067.2318,11:41:07.231,0.97,0.14,0.19
1783968067.7321,11:41:07.732,0.97,0.14,0.22
1783968068.2321,11:41:08.232,0.96,0.15,0.22
1783968068.7315,11:41:08.731,0.96,0.16,0.23
1783968069.2317,11:41:09.231,0.96,0.17,0.22
1783968069.7314,11:41:09.731,0.96,0.14,0.24
1783968070.2314,11:41:10.231,0.96,0.11,0.26
1783968070.7315,11:41:10.731,0.96,0.12,0.25
1783968071.2317,11:41:11.231,0.96,0.11,0.24
1783968071.7315,11:41:11.731,0.97,0.10,0.24
1783968072.2316,11:41:12.231,0.97,0.06,0.25
1783968072.7314,11:41:12.731,0.97,0.08,0.24
1783968073.231,11:41:13.231,0.97,0.12,0.21
1783968073.7304,11:41:13.730,0.97,0.15,0.18
1783968074.2308,11:41:14.230,0.97,0.14,0.19
1783968074.7302,11:41:14.730,0.97,0.09,0.21
1783968075.2298,11:41:15.229,0.97,0.07,0.23
1783968075.7304,11:41:15.730,0.97,0.05,0.25
1783968076.2303,11:41:16.230,0.96,0.03,0.27
1783968076.7299,11:41:16.729,0.96,0.01,0.28
1783968077.2301,11:41:17.230,0.96,0.00,0.28
1783968077.7295,11:41:17.729,0.96,0.02,0.27
1783968078.2287,11:41:18.228,0.97,0.02,0.26
1783968078.729,11:41:18.729,0.97,0.03,0.25
1783968079.2282,11:41:19.228,0.97,0.04,0.23
1783968079.7278,11:41:19.727,0.97,0.04,0.23
1783968080.2282,11:41:20.228,0.97,0.05,0.23
1783968080.7279,11:41:20.727,0.98,0.07,0.21
1783968081.2277,11:41:21.227,0.97,0.10,0.20
1783968081.7277,11:41:21.727,0.97,0.09,0.20
1783968082.2275,11:41:22.227,0.97,0.08,0.21
1783968082.727,11:41:22.727,0.97,0.04,0.24
1783968083.2273,11:41:23.227,0.97,0.02,0.24
1783968083.7269,11:41:23.726,0.97,0.02,0.26
1783968084.2261,11:41:24.226,0.97,0.02,0.26
1783968084.7263,11:41:24.726,0.97,0.04,0.25
1783968085.2264,11:41:25.226,0.96,0.04,0.26
1783968085.726,11:41:25.726,0.96,0.05,0.27
1783968086.2259,11:41:26.225,0.96,0.06,0.26
1783968086.7259,11:41:26.725,0.96,0.05,0.26
1783968087.2257,11:41:27.225,0.96,0.06,0.26
1783968087.7258,11:41:27.725,0.97,0.08,0.24
1783968088.226,11:41:28.226,0.97,0.11,0.23
1783968088.7252,11:41:28.725,0.97,0.11,0.21
1783968089.225,11:41:29.225,0.97,0.11,0.22
1783968089.7253,11:41:29.725,0.97,0.10,0.20
1783968090.2245,11:41:30.224,0.97,0.11,0.20
1783968090.7245,11:41:30.724,0.97,0.16,0.17
1783968091.2249,11:41:31.224,0.97,0.22,0.11
1783968091.7244,11:41:31.724,0.97,0.23,0.10
1783968092.2245,11:41:32.224,0.97,0.24,0.09
1783968092.7247,11:41:32.724,0.97,0.23,0.10
1783968093.2241,11:41:33.224,0.97,0.23,0.10
1783968093.7241,11:41:33.724,0.97,0.22,0.11
1783968094.2242,11:41:34.224,0.98,0.16,0.14
1783968094.7236,11:41:34.723,0.98,0.13,0.16
1783968095.2236,11:41:35.223,0.98,0.11,0.17
1783968095.7236,11:41:35.723,0.98,0.10,0.17
1783968096.2239,11:41:36.223,0.98,0.10,0.16
1783968096.7232,11:41:36.723,0.98,0.12,0.17
1783968097.2234,11:41:37.223,0.98,0.12,0.18
1783968097.7226,11:41:37.722,0.97,0.13,0.18
1783968098.2223,11:41:38.222,0.97,0.18,0.17
1783968098.7229,11:41:38.722,0.97,0.18,0.17
1783968099.2225,11:41:39.222,0.97,0.18,0.18
1783968099.7223,11:41:39.722,0.97,0.15,0.21
1783968100.2224,11:41:40.222,0.96,0.15,0.22
1783968100.7224,11:41:40.722,0.96,0.14,0.23
1783968101.2214,11:41:41.221,0.96,0.14,0.22
1783968101.7216,11:41:41.721,0.97,0.14,0.22
1783968102.2219,11:41:42.221,0.97,0.14,0.22
1783968102.7214,11:41:42.721,0.97,0.13,0.22
1783968103.2212,11:41:43.221,0.96,0.13,0.23
1783968103.7212,11:41:43.721,0.96,0.14,0.23
1783968104.2206,11:41:44.220,0.96,0.15,0.24
1783968104.7207,11:41:44.720,0.96,0.14,0.26
1783968105.2201,11:41:45.220,0.96,0.11,0.26
1783968105.7199,11:41:45.719,0.96,0.10,0.25
1783968106.2197,11:41:46.219,0.97,0.10,0.24
1783968106.7202,11:41:46.720,0.97,0.09,0.23
1783968107.22,11:41:47.220,0.97,0.10,0.22
1783968107.72,11:41:47.720,0.97,0.10,0.21
1783968108.2198,11:41:48.219,0.97,0.11,0.21
1783968108.7193,11:41:48.719,0.97,0.12,0.21
1783968109.2193,11:41:49.219,0.97,0.11,0.22
1783968109.7193,11:41:49.719,0.97,0.08,0.24
1783968110.2191,11:41:50.219,0.97,0.09,0.23
1783968110.7189,11:41:50.718,0.97,0.10,0.20
1783968111.2194,11:41:51.219,0.97,0.13,0.18
1783968111.719,11:41:51.719,0.97,0.18,0.15
1783968112.2188,11:41:52.218,0.97,0.20,0.16
1783968112.7192,11:41:52.719,0.96,0.20,0.17
1783968113.2183,11:41:53.218,0.96,0.20,0.17
1783968113.7179,11:41:53.717,0.96,0.22,0.16
1783968114.2177,11:41:54.217,0.96,0.23,0.15
1783968114.7175,11:41:54.717,0.96,0.25,0.13
1783968115.217,11:41:55.217,0.96,0.26,0.11
1783968115.7175,11:41:55.717,0.96,0.26,0.11
1783968116.2173,11:41:56.217,0.96,0.26,0.11
1783968116.7171,11:41:56.717,0.96,0.28,0.10
1783968117.2174,11:41:57.217,0.96,0.26,0.11
1783968117.7166,11:41:57.716,0.97,0.22,0.14
1783968118.2164,11:41:58.216,0.96,0.21,0.17
1783968118.7166,11:41:58.716,0.97,0.19,0.17
1783968119.2165,11:41:59.216,0.97,0.18,0.18
1783968119.7161,11:41:59.716,0.97,0.16,0.18
1783968120.2163,11:42:00.216,0.97,0.15,0.19
1783968120.7159,11:42:00.715,0.97,0.14,0.19
1783968121.2152,11:42:01.215,0.97,0.11,0.21
1783968121.7152,11:42:01.715,0.97,0.12,0.22
1783968122.2154,11:42:02.215,0.97,0.11,0.22
1783968122.7152,11:42:02.715,0.97,0.11,0.20
1783968123.2151,11:42:03.215,0.98,0.11,0.19
1783968123.7157,11:42:03.715,0.98,0.10,0.18
1783968124.2157,11:42:04.215,0.98,0.11,0.17
1783968124.7153,11:42:04.715,0.98,0.13,0.17
1783968125.2156,11:42:05.215,0.98,0.13,0.17
1783968125.7152,11:42:05.715,0.97,0.14,0.18
1783968126.2146,11:42:06.214,0.98,0.15,0.16
1783968126.7152,11:42:06.715,0.97,0.21,0.15
1783968127.2151,11:42:07.215,0.96,0.25,0.12
1783968127.715,11:42:07.715,0.96,0.26,0.11
1783968128.215,11:42:08.215,0.96,0.25,0.10
1783968128.714,11:42:08.714,0.96,0.27,0.08
1783968129.2132,11:42:09.213,0.96,0.25,0.10
1783968129.7132,11:42:09.713,0.97,0.23,0.10
1783968130.2126,11:42:10.212,0.97,0.22,0.11
1783968130.7122,11:42:10.712,0.97,0.22,0.12
1783968131.2127,11:42:11.212,0.96,0.24,0.10
1783968131.7122,11:42:11.712,0.97,0.23,0.10
1783968132.2116,11:42:12.211,0.96,0.24,0.12
1783968132.7118,11:42:12.711,0.96,0.25,0.10
1783968133.2123,11:42:13.212,0.96,0.25,0.09
1783968133.7117,11:42:13.711,0.97,0.25,0.04
1783968134.2119,11:42:14.211,0.97,0.24,0.02
1783968134.7115,11:42:14.711,0.98,0.20,0.04
1783968135.2116,11:42:15.211,0.98,0.19,0.06
1783968135.7112,11:42:15.711,0.98,0.20,0.05
1783968136.2114,11:42:16.211,0.98,0.20,0.05
1783968136.7106,11:42:16.710,0.98,0.16,0.08
1783968137.2105,11:42:17.210,0.98,0.16,0.07
1783968137.7104,11:42:17.710,0.98,0.15,0.10
1783968138.2102,11:42:18.210,0.98,0.11,0.13
1783968138.71,11:42:18.710,0.98,0.10,0.17
1783968139.2101,11:42:19.210,0.98,0.07,0.20
1783968139.7095,11:42:19.709,0.98,0.06,0.21
1783968140.2095,11:42:20.209,0.97,0.07,0.21
1783968140.7097,11:42:20.709,0.98,0.15,0.14
1783968141.2094,11:42:21.209,0.98,0.19,0.10
1783968141.7088,11:42:21.708,0.97,0.22,0.08
1783968142.2092,11:42:22.209,0.97,0.23,0.06
1783968142.709,11:42:22.709,0.97,0.21,0.08
1783968143.2087,11:42:23.208,0.98,0.18,0.11
1783968143.7089,11:42:23.708,0.98,0.17,0.13
1783968144.2085,11:42:24.208,0.97,0.17,0.15
1783968144.7083,11:42:24.708,0.97,0.13,0.20
1783968145.2086,11:42:25.208,0.97,0.13,0.22
1783968145.7076,11:42:25.707,0.97,0.13,0.21
1783968146.2078,11:42:26.207,0.97,0.10,0.21
1783968146.7083,11:42:26.708,0.97,0.08,0.22
1783968147.2077,11:42:27.207,0.98,0.08,0.21
1783968147.7073,11:42:27.707,0.98,0.10,0.19
1783968148.2071,11:42:28.207,0.98,0.09,0.19
1783968148.7076,11:42:28.707,0.98,0.08,0.16
1783968149.207,11:42:29.207,0.98,0.07,0.16
1783968149.7068,11:42:29.706,0.99,0.08,0.15
1783968150.207,11:42:30.207,0.98,0.10,0.18
1783968150.7067,11:42:30.706,0.97,0.08,0.21
1783968151.2069,11:42:31.206,0.97,0.07,0.22
1783968151.7063,11:42:31.706,0.97,0.09,0.21
1783968152.2061,11:42:32.206,0.97,0.09,0.21
1783968152.7058,11:42:32.705,0.98,0.07,0.21
1783968153.206,11:42:33.206,0.98,0.06,0.19
1783968153.705,11:42:33.705,0.98,0.04,0.20
1783968154.2052,11:42:34.205,0.98,0.04,0.19
1783968154.7055,11:42:34.705,0.98,0.07,0.16
1783968155.2055,11:42:35.205,0.99,0.09,0.14
1783968155.7049,11:42:35.704,0.99,0.13,0.12
1783968156.2046,11:42:36.204,0.98,0.19,0.11
1783968156.704,11:42:36.704,0.97,0.22,0.10
1783968157.2034,11:42:37.203,0.97,0.21,0.12
1783968157.7034,11:42:37.703,0.97,0.17,0.15
1783968158.2029,11:42:38.202,0.97,0.18,0.15
1783968158.7026,11:42:38.702,0.98,0.14,0.17
1783968159.2028,11:42:39.202,0.97,0.12,0.21
1783968159.7026,11:42:39.702,0.97,0.12,0.21
1783968160.2018,11:42:40.201,0.97,0.12,0.21
1783968160.7023,11:42:40.702,0.97,0.13,0.19
1783968161.2025,11:42:41.202,0.98,0.13,0.18
1783968161.7023,11:42:41.702,0.98,0.10,0.19
1783968162.2028,11:42:42.202,0.98,0.11,0.19
1783968162.7028,11:42:42.702,0.98,0.09,0.20
1783968163.2026,11:42:43.202,0.97,0.10,0.20
1783968163.7022,11:42:43.702,0.97,0.11,0.20
1783968164.2017,11:42:44.201,0.97,0.11,0.20
1783968164.7017,11:42:44.701,0.97,0.13,0.20
1783968165.2017,11:42:45.201,0.97,0.14,0.19
1783968165.7019,11:42:45.701,0.97,0.14,0.19
1783968166.2016,11:42:46.201,0.97,0.13,0.21
1783968166.7016,11:42:46.701,0.97,0.10,0.22
1783968167.2016,11:42:47.201,0.97,0.11,0.21
1783968167.7009,11:42:47.700,0.97,0.10,0.20
1783968168.2006,11:42:48.200,0.98,0.10,0.18
1783968168.7012,11:42:48.701,0.98,0.10,0.16
1783968169.2006,11:42:49.200,0.98,0.07,0.17
1783968169.7002,11:42:49.700,0.98,0.06,0.18
1783968170.2005,11:42:50.200,0.98,0.08,0.17
1783968170.6997,11:42:50.699,0.99,0.11,0.11
1783968171.1989,11:42:51.198,0.98,0.18,0.06
1783968171.6991,11:42:51.699,0.98,0.21,0.05
1783968172.1984,11:42:52.198,0.97,0.21,0.12
1783968172.698,11:42:52.698,0.97,0.20,0.16
1783968173.1984,11:42:53.198,0.97,0.17,0.18
1783968173.6983,11:42:53.698,0.97,0.15,0.16
1783968174.1982,11:42:54.198,0.98,0.11,0.15
1783968174.6986,11:42:54.698,0.98,0.10,0.16
1783968175.1982,11:42:55.198,0.98,0.10,0.14
1783968175.6979,11:42:55.697,0.99,0.11,0.13
1783968176.1983,11:42:56.198,0.99,0.11,0.13
1783968176.6977,11:42:56.697,0.98,0.13,0.12
1783968177.1973,11:42:57.197,0.98,0.13,0.11
1783968177.6976,11:42:57.697,0.98,0.16,0.15
1783968178.1976,11:42:58.197,0.97,0.17,0.16
1783968178.6972,11:42:58.697,0.97,0.20,0.13
1783968179.1972,11:42:59.197,0.97,0.22,0.14
1783968179.6979,11:42:59.697,0.97,0.22,0.14
1783968180.1975,11:43:00.197,0.97,0.19,0.12
1783968180.6979,11:43:00.697,0.98,0.15,0.14
1783968181.1984,11:43:01.198,0.98,0.14,0.14
1783968181.6974,11:43:01.697,0.97,0.15,0.17
1783968182.1974,11:43:02.197,0.97,0.15,0.19
1783968182.6972,11:43:02.697,0.97,0.13,0.20
1783968183.1971,11:43:03.197,0.97,0.14,0.20
1783968183.6969,11:43:03.696,0.97,0.18,0.18
1783968184.1971,11:43:04.197,0.96,0.23,0.14
1783968184.6962,11:43:04.696,0.96,0.24,0.14
1783968185.196,11:43:05.196,0.96,0.25,0.12
1783968185.6956,11:43:05.695,0.96,0.24,0.13
1783968186.195,11:43:06.195,0.96,0.24,0.10
1783968186.6951,11:43:06.695,0.97,0.24,0.07
1783968187.1953,11:43:07.195,0.97,0.24,0.07
1783968187.6952,11:43:07.695,0.97,0.24,0.07
1783968188.1953,11:43:08.195,0.97,0.25,0.06
1783968188.6957,11:43:08.695,0.96,0.27,0.10
1783968189.1951,11:43:09.195,0.96,0.26,0.11
1783968189.6947,11:43:09.694,0.95,0.27,0.12
1783968190.1944,11:43:10.194,0.95,0.29,0.10
1783968190.6941,11:43:10.694,0.94,0.31,0.10
1783968191.1936,11:43:11.193,0.93,0.36,0.08
1783968191.6934,11:43:11.693,0.91,0.42,0.05
1783968192.1935,11:43:12.193,0.90,0.44,0.04
1783968192.6933,11:43:12.693,0.90,0.43,0.04
1783968193.1931,11:43:13.193,0.93,0.37,0.05
1783968193.6931,11:43:13.693,0.96,0.26,0.13
1783968194.1923,11:43:14.192,0.97,0.18,0.18
1783968194.6923,11:43:14.692,0.97,0.12,0.21
1783968195.1925,11:43:15.192,0.97,0.08,0.23
1783968195.6922,11:43:15.692,0.97,0.04,0.24
1783968196.1924,11:43:16.192,0.97,0.03,0.23
1783968196.6924,11:43:16.692,0.97,0.02,0.25
1783968197.1914,11:43:17.191,0.97,0.00,0.25
1783968197.6917,11:43:17.691,0.97,0.00,0.24
1783968198.1919,11:43:18.191,0.97,0.01,0.23
1783968198.6911,11:43:18.691,0.98,0.02,0.22
1783968199.1914,11:43:19.191,0.98,0.02,0.22
1783968199.6912,11:43:19.691,0.98,0.02,0.22
1783968200.1906,11:43:20.190,0.98,0.01,0.22
1783968200.6904,11:43:20.690,0.97,0.00,0.24
1783968201.1907,11:43:21.190,0.97,0.01,0.23
1783968201.6908,11:43:21.690,0.98,0.02,0.22
1783968202.1904,11:43:22.190,0.98,0.05,0.18
1783968202.6907,11:43:22.690,0.99,0.12,0.12
1783968203.1907,11:43:23.190,0.98,0.16,0.12
1783968203.6903,11:43:23.690,0.97,0.19,0.13
1783968204.1905,11:43:24.190,0.97,0.19,0.16
1783968204.6906,11:43:24.690,0.96,0.20,0.17
1783968205.1896,11:43:25.189,0.96,0.20,0.17
1783968205.6896,11:43:25.689,0.96,0.21,0.17
1783968206.1894,11:43:26.189,0.96,0.21,0.16
1783968206.689,11:43:26.689,0.97,0.17,0.17
1783968207.1888,11:43:27.188,0.97,0.16,0.18
1783968207.689,11:43:27.689,0.97,0.13,0.23
1783968208.1884,11:43:28.188,0.97,0.12,0.23
1783968208.6882,11:43:28.688,0.97,0.13,0.22
1783968209.1878,11:43:29.187,0.97,0.15,0.21
1783968209.6875,11:43:29.687,0.97,0.14,0.21
1783968210.188,11:43:30.188,0.97,0.12,0.20
1783968210.6878,11:43:30.687,0.97,0.11,0.20
1783968211.1876,11:43:31.187,0.97,0.12,0.20
1783968211.6883,11:43:31.688,0.97,0.13,0.20
1783968212.1881,11:43:32.188,0.97,0.13,0.20
1783968212.6879,11:43:32.687,0.97,0.14,0.19
1783968213.1877,11:43:33.187,0.97,0.17,0.18
1783968213.6878,11:43:33.687,0.97,0.21,0.15
1783968214.1874,11:43:34.187,0.97,0.22,0.14
1783968214.6874,11:43:34.687,0.97,0.20,0.16
1783968215.1875,11:43:35.187,0.97,0.18,0.17
1783968215.6873,11:43:35.687,0.97,0.14,0.20
1783968216.187,11:43:36.187,0.97,0.09,0.22
1783968216.6868,11:43:36.686,0.97,0.09,0.22
1783968217.1861,11:43:37.186,0.97,0.13,0.20
1783968217.6853,11:43:37.685,0.97,0.15,0.20
1783968218.1857,11:43:38.185,0.97,0.15,0.20
1783968218.6854,11:43:38.685,0.97,0.15,0.19
1783968219.1849,11:43:39.184,0.97,0.14,0.20
1783968219.6851,11:43:39.685,0.97,0.12,0.20
1783968220.1847,11:43:40.184,0.97,0.12,0.21
1783968220.6844,11:43:40.684,0.97,0.16,0.20
1783968221.1846,11:43:41.184,0.97,0.17,0.18
1783968221.6841,11:43:41.684,0.97,0.19,0.16
1783968222.1834,11:43:42.183,0.97,0.21,0.14
1783968222.6838,11:43:42.683,0.97,0.22,0.12
1783968223.1838,11:43:43.183,0.97,0.23,0.13
1783968223.6832,11:43:43.683,0.97,0.19,0.14
1783968224.1833,11:43:44.183,0.97,0.20,0.13
1783968224.6829,11:43:44.682,0.97,0.22,0.14
1783968225.1827,11:43:45.182,0.96,0.23,0.14
1783968225.6832,11:43:45.683,0.96,0.20,0.17
1783968226.1835,11:43:46.183,0.96,0.20,0.17
1783968226.6829,11:43:46.682,0.96,0.24,0.13
1783968227.1829,11:43:47.182,0.96,0.26,0.10
1783968227.683,11:43:47.683,0.96,0.27,0.09
1783968228.1824,11:43:48.182,0.96,0.27,0.09
1783968228.6822,11:43:48.682,0.96,0.25,0.08
1783968229.1821,11:43:49.182,0.97,0.24,0.09
1783968229.6816,11:43:49.681,0.96,0.26,0.07
1783968230.1814,11:43:50.181,0.95,0.31,0.03
1783968230.682,11:43:50.682,0.95,0.31,0.03
1783968231.1815,11:43:51.181,0.95,0.31,0.04
1783968231.6816,11:43:51.681,0.95,0.30,0.02
1783968232.1814,11:43:52.181,0.95,0.30,0.01
1783968232.6807,11:43:52.680,0.96,0.28,0.04
1783968233.1805,11:43:53.180,0.97,0.24,0.08
1783968233.6805,11:43:53.680,0.97,0.24,0.08
1783968234.1801,11:43:54.180,0.96,0.28,0.04
1783968234.68,11:43:54.680,0.96,0.28,0.04
1783968235.1801,11:43:55.180,0.95,0.29,0.07
1783968235.6796,11:43:55.679,0.96,0.27,0.11
1783968236.1787,11:43:56.178,0.96,0.23,0.14
1783968236.6789,11:43:56.678,0.96,0.21,0.16
1783968237.1786,11:43:57.178,0.96,0.21,0.16
1783968237.6782,11:43:57.678,0.97,0.20,0.15
1783968238.1789,11:43:58.178,0.97,0.18,0.13
1783968238.6793,11:43:58.679,0.98,0.17,0.12
1783968239.1787,11:43:59.178,0.98,0.16,0.12
1783968239.679,11:43:59.679,0.98,0.17,0.11
1783968240.1788,11:44:00.178,0.97,0.24,0.08
1783968240.678,11:44:00.678,0.97,0.25,0.07
1783968241.1784,11:44:01.178,0.96,0.26,0.07
1783968241.6781,11:44:01.678,0.96,0.27,0.04
1783968242.1779,11:44:02.177,0.96,0.26,0.06
1783968242.6777,11:44:02.677,0.96,0.26,0.07
1783968243.1774,11:44:03.177,0.96,0.26,0.08
1783968243.6772,11:44:03.677,0.97,0.24,0.08
1783968244.1772,11:44:04.177,0.97,0.22,0.11
1783968244.6771,11:44:04.677,0.97,0.22,0.13
1783968245.1768,11:44:05.176,0.96,0.21,0.16
1783968245.6768,11:44:05.676,0.97,0.19,0.18
1783968246.1774,11:44:06.177,0.97,0.17,0.19
1783968246.6767,11:44:06.676,0.97,0.16,0.18
1783968247.1763,11:44:07.176,0.97,0.18,0.17
1783968247.6763,11:44:07.676,0.97,0.21,0.15
1783968248.1762,11:44:08.176,0.97,0.22,0.15
1783968248.6758,11:44:08.675,0.98,0.19,0.11
1783968249.176,11:44:09.176,0.98,0.17,0.09
1783968249.6755,11:44:09.675,0.98,0.16,0.10
1783968250.1746,11:44:10.174,0.98,0.15,0.11
1783968250.675,11:44:10.675,0.98,0.12,0.12
1783968251.175,11:44:11.175,0.98,0.08,0.16
1783968251.6747,11:44:11.674,0.98,0.06,0.18
1783968252.1753,11:44:12.175,0.98,0.05,0.19
1783968252.6752,11:44:12.675,0.98,0.06,0.19
1783968253.1749,11:44:13.174,0.98,0.05,0.22
1783968253.6751,11:44:13.675,0.98,0.05,0.22
1783968254.1749,11:44:14.174,0.97,0.05,0.23
1783968254.6742,11:44:14.674,0.97,0.06,0.24
1783968255.1742,11:44:15.174,0.97,0.09,0.23
1783968255.6742,11:44:15.674,0.97,0.11,0.21
1783968256.1736,11:44:16.173,0.97,0.14,0.18
1783968256.6736,11:44:16.673,0.97,0.17,0.15
1783968257.1732,11:44:17.173,0.97,0.20,0.13
1783968257.6724,11:44:17.672,0.97,0.22,0.13
1783968258.1727,11:44:18.172,0.96,0.25,0.12
1783968258.6731,11:44:18.673,0.95,0.31,0.09
1783968259.1727,11:44:19.172,0.94,0.32,0.08
1783968259.6722,11:44:19.672,0.94,0.34,0.04
1783968260.172,11:44:20.172,0.95,0.30,0.07
1783968260.6718,11:44:20.671,0.94,0.32,0.09
1783968261.172,11:44:21.172,0.94,0.34,0.08
1783968261.6723,11:44:21.672,0.93,0.36,0.09
1783968262.1719,11:44:22.171,0.93,0.36,0.10
1783968262.6713,11:44:22.671,0.93,0.35,0.09
1783968263.1712,11:44:23.171,0.93,0.35,0.08
1783968263.671,11:44:23.671,0.93,0.37,0.07
1783968264.171,11:44:24.171,0.93,0.37,0.04
1783968264.6709,11:44:24.670,0.92,0.39,0.01
1783968265.1707,11:44:25.170,0.93,0.38,-0.03
1783968265.6705,11:44:25.670,0.93,0.37,-0.02
1783968266.1708,11:44:26.170,0.94,0.34,0.03
1783968266.6704,11:44:26.670,0.94,0.32,0.06
1783968267.1698,11:44:27.169,0.95,0.31,0.07
1783968267.6698,11:44:27.669,0.94,0.35,0.05
1783968268.1699,11:44:28.169,0.94,0.34,0.06
1783968268.6693,11:44:28.669,0.94,0.33,0.07
1783968269.1697,11:44:29.169,0.96,0.22,0.16
1783968269.6698,11:44:29.669,0.97,0.18,0.17
1783968270.1696,11:44:30.169,0.98,0.17,0.13
1783968270.6698,11:44:30.669,0.98,0.17,0.13
1783968271.1693,11:44:31.169,0.98,0.17,0.12
1783968271.6691,11:44:31.669,0.98,0.19,0.10
1783968272.1691,11:44:32.169,0.98,0.19,0.06
1783968272.6695,11:44:32.669,0.98,0.18,0.08
1783968273.1694,11:44:33.169,0.98,0.17,0.11
1783968273.669,11:44:33.669,0.98,0.18,0.11
1783968274.1689,11:44:34.168,0.98,0.19,0.06
1783968274.6681,11:44:34.668,0.98,0.21,0.04
1783968275.1681,11:44:35.168,0.97,0.22,0.02
1783968275.6683,11:44:35.668,0.97,0.22,0.00
1783968276.1678,11:44:36.167,0.98,0.21,-0.03
1783968276.6672,11:44:36.667,0.98,0.19,-0.01
1783968277.167,11:44:37.167,0.98,0.20,-0.02
1783968277.6669,11:44:37.666,0.98,0.22,-0.03
1783968278.1667,11:44:38.166,0.97,0.24,0.00
1783968278.6667,11:44:38.666,0.98,0.21,0.03
1783968279.1668,11:44:39.166,0.98,0.20,0.07
1783968279.6666,11:44:39.666,0.98,0.19,0.09
1783968280.1667,11:44:40.166,0.97,0.22,0.08
1783968280.6662,11:44:40.666,0.97,0.21,0.12
1783968281.1652,11:44:41.165,0.97,0.20,0.14
1783968281.6657,11:44:41.665,0.97,0.19,0.17
1783968282.1654,11:44:42.165,0.96,0.22,0.17
1783968282.6654,11:44:42.665,0.95,0.24,0.17
1783968283.1658,11:44:43.165,0.95,0.27,0.15
1783968283.6657,11:44:43.665,0.95,0.29,0.13
1783968284.1653,11:44:44.165,0.95,0.29,0.12
1783968284.6658,11:44:44.665,0.96,0.26,0.09
1783968285.1653,11:44:45.165,0.97,0.23,0.10
1783968285.6649,11:44:45.664,0.97,0.22,0.10
1783968286.165,11:44:46.165,0.97,0.20,0.10
1783968286.6651,11:44:46.665,0.98,0.16,0.13
1783968287.1647,11:44:47.164,0.98,0.15,0.13
1783968287.6643,11:44:47.664,0.98,0.15,0.11
1783968288.1648,11:44:48.164,0.99,0.14,0.08
1783968288.6638,11:44:48.663,0.99,0.15,0.07
1783968289.1641,11:44:49.164,0.99,0.16,0.06
1783968289.664,11:44:49.664,0.98,0.20,0.08
1783968290.1638,11:44:50.163,0.98,0.20,0.08
1783968290.6636,11:44:50.663,0.98,0.20,0.09
1783968291.1637,11:44:51.163,0.98,0.17,0.11
1783968291.6637,11:44:51.663,0.98,0.16,0.14
1783968292.1631,11:44:52.163,0.98,0.12,0.17
1783968292.6634,11:44:52.663,0.98,0.12,0.18
1783968293.163,11:44:53.163,0.97,0.16,0.16
1783968293.6632,11:44:53.663,0.97,0.17,0.15
1783968294.1637,11:44:54.163,0.98,0.16,0.14
1783968294.6631,11:44:54.663,0.98,0.15,0.13
1783968295.1625,11:44:55.162,0.98,0.13,0.14
1783968295.6626,11:44:55.662,0.98,0.13,0.16
1783968296.1616,11:44:56.161,0.97,0.17,0.17
1783968296.6616,11:44:56.661,0.97,0.19,0.15
1783968297.1618,11:44:57.161,0.97,0.18,0.15
1783968297.6612,11:44:57.661,0.97,0.16,0.17
1783968298.161,11:44:58.161,0.97,0.17,0.17
1783968298.6613,11:44:58.661,0.97,0.16,0.16
1783968299.1607,11:44:59.160,0.97,0.15,0.17
1783968299.6601,11:44:59.660,0.97,0.16,0.16
1783968300.1595,11:45:00.159,0.97,0.17,0.15
1783968300.6598,11:45:00.659,0.98,0.17,0.13
1783968301.1592,11:45:01.159,0.98,0.17,0.13
1783968301.659,11:45:01.659,0.98,0.15,0.14
1783968302.1595,11:45:02.159,0.98,0.15,0.15
1783968302.6587,11:45:02.658,0.98,0.18,0.11
1783968303.1587,11:45:03.158,0.98,0.17,0.13
1783968303.6588,11:45:03.658,0.98,0.11,0.16
1783968304.1582,11:45:04.158,0.98,0.08,0.19
1783968304.658,11:45:04.658,0.98,0.08,0.19
1783968305.1581,11:45:05.158,0.98,0.09,0.18
1783968305.6575,11:45:05.657,0.98,0.11,0.17
1783968306.1571,11:45:06.157,0.98,0.13,0.16
1783968306.6572,11:45:06.657,0.98,0.15,0.14
1783968307.1572,11:45:07.157,0.98,0.15,0.12
1783968307.6568,11:45:07.656,0.98,0.11,0.16
1783968308.157,11:45:08.157,0.99,0.10,0.12
1783968308.6571,11:45:08.657,0.99,0.10,0.12
1783968309.1565,11:45:09.156,0.99,0.11,0.12
1783968309.6567,11:45:09.656,0.98,0.10,0.16
1783968310.1562,11:45:10.156,0.98,0.10,0.18
1783968310.6556,11:45:10.655,0.97,0.10,0.20
1783968311.1561,11:45:11.156,0.97,0.10,0.22
1783968311.656,11:45:11.656,0.97,0.10,0.23
1783968312.1557,11:45:12.155,0.97,0.10,0.24
1783968312.6563,11:45:12.656,0.97,0.09,0.23
1783968313.1558,11:45:13.155,0.97,0.07,0.24
1783968313.6552,11:45:13.655,0.97,0.04,0.25
1783968314.1556,11:45:14.155,0.97,0.04,0.25
1783968314.6561,11:45:14.656,0.97,0.04,0.24
1783968315.1551,11:45:15.155,0.97,0.06,0.22
1783968315.6549,11:45:15.654,0.97,0.07,0.22
1783968316.1556,11:45:16.155,0.97,0.08,0.21
1783968316.655,11:45:16.655,0.98,0.11,0.19
1783968317.1552,11:45:17.155,0.98,0.10,0.18
1783968317.6551,11:45:17.655,0.98,0.10,0.18
1783968318.1545,11:45:18.154,0.98,0.09,0.18
1783968318.6547,11:45:18.654,0.98,0.09,0.17
1783968319.155,11:45:19.155,0.98,0.13,0.17
1783968319.6546,11:45:19.654,0.97,0.15,0.17
1783968320.1546,11:45:20.154,0.97,0.18,0.14
1783968320.6545,11:45:20.654,0.97,0.19,0.14
1783968321.1536,11:45:21.153,0.97,0.21,0.12
1783968321.6534,11:45:21.653,0.98,0.21,0.08
1783968322.1531,11:45:22.153,0.98,0.18,0.10
1783968322.6525,11:45:22.652,0.98,0.12,0.14
1783968323.1523,11:45:23.152,0.98,0.09,0.17
1783968323.6522,11:45:23.652,0.99,0.07,0.15
1783968324.1519,11:45:24.151,0.99,0.08,0.15
1783968324.6519,11:45:24.651,0.99,0.11,0.13
1783968325.1518,11:45:25.151,0.99,0.10,0.12
1783968325.6516,11:45:25.651,0.99,0.10,0.09
1783968326.1514,11:45:26.151,0.99,0.11,0.06
1783968326.6517,11:45:26.651,0.99,0.16,0.01
1783968327.1517,11:45:27.151,0.98,0.20,0.02
1783968327.6511,11:45:27.651,0.98,0.21,0.02
1783968328.152,11:45:28.152,0.98,0.19,0.04
1783968328.6522,11:45:28.652,0.98,0.21,0.06
1783968329.152,11:45:29.152,0.97,0.24,0.04
1783968329.6519,11:45:29.651,0.96,0.28,0.06
1783968330.152,11:45:30.152,0.95,0.31,0.05
1783968330.6522,11:45:30.652,0.94,0.33,0.03
1783968331.1529,11:45:31.152,0.95,0.33,-0.01
1783968331.6523,11:45:31.652,0.96,0.28,0.01
1783968332.1517,11:45:32.151,0.96,0.27,0.00
1783968332.6518,11:45:32.651,0.97,0.25,0.02
1783968333.151,11:45:33.151,0.97,0.22,0.04
1783968333.6508,11:45:33.650,0.98,0.21,0.04
1783968334.1511,11:45:34.151,0.98,0.22,0.03
1783968334.6513,11:45:34.651,0.97,0.25,0.05
1783968335.1516,11:45:35.151,0.97,0.25,0.05
1783968335.6518,11:45:35.651,0.96,0.29,0.02
1783968336.1516,11:45:36.151,0.96,0.29,0.02
1783968336.6511,11:45:36.651,0.95,0.31,0.00
1783968337.1507,11:45:37.150,0.95,0.31,0.00
1783968337.6506,11:45:37.650,0.93,0.37,-0.06
1783968338.1506,11:45:38.150,0.93,0.36,-0.07
1783968338.6504,11:45:38.650,0.93,0.37,-0.08
1783968339.15,11:45:39.150,0.94,0.34,-0.08
1783968339.6502,11:45:39.650,0.95,0.31,-0.06
1783968340.1496,11:45:40.149,0.96,0.28,-0.03
1783968340.6497,11:45:40.649,0.97,0.25,-0.01
1783968341.1494,11:45:41.149,0.98,0.22,-0.05
1783968341.6492,11:45:41.649,0.98,0.18,-0.06
1783968342.1493,11:45:42.149,0.98,0.18,-0.08
1783968342.6493,11:45:42.649,0.97,0.23,-0.13
1783968343.1494,11:45:43.149,0.96,0.25,-0.13
1783968343.6496,11:45:43.649,0.97,0.24,-0.09
1783968344.1486,11:45:44.148,0.98,0.22,-0.02
1783968344.6481,11:45:44.648,0.98,0.19,0.01
1783968345.1483,11:45:45.148,0.98,0.18,0.04
1783968345.6481,11:45:45.648,0.98,0.20,0.04
1783968346.1474,11:45:46.147,0.97,0.22,0.04
1783968346.6476,11:45:46.647,0.97,0.25,0.07
1783968347.1474,11:45:47.147,0.97,0.24,0.09
1783968347.6472,11:45:47.647,0.96,0.26,0.08
1783968348.1472,11:45:48.147,0.97,0.25,0.03
1783968348.647,11:45:48.647,0.98,0.22,0.02
1783968349.1468,11:45:49.146,0.98,0.16,0.07
1783968349.6469,11:45:49.646,0.98,0.17,0.06
1783968350.1468,11:45:50.146,0.98,0.21,0.02
1783968350.6466,11:45:50.646,0.98,0.21,0.01
1783968351.147,11:45:51.147,0.97,0.23,0.01
1783968351.6465,11:45:51.646,0.97,0.26,-0.02
1783968352.1459,11:45:52.145,0.95,0.30,-0.06
1783968352.6454,11:45:52.645,0.93,0.36,-0.10
1783968353.1452,11:45:53.145,0.91,0.39,-0.14
1783968353.6449,11:45:53.644,0.90,0.41,-0.12
1783968354.145,11:45:54.145,0.91,0.40,-0.09
1783968354.6456,11:45:54.645,0.91,0.41,-0.09
1783968355.1454,11:45:55.145,0.89,0.45,-0.11
1783968355.6455,11:45:55.645,0.89,0.46,-0.06
1783968356.1453,11:45:56.145,0.87,0.48,-0.09
1783968356.6445,11:45:56.644,0.88,0.47,-0.11
1783968357.1436,11:45:57.143,0.88,0.45,-0.14
1783968357.6437,11:45:57.643,0.90,0.42,-0.13
1783968358.1427,11:45:58.142,0.90,0.41,-0.12
1783968358.6422,11:45:58.642,0.90,0.42,-0.07
1783968359.1422,11:45:59.142,0.91,0.42,-0.07
1783968359.6421,11:45:59.642,0.93,0.37,-0.05
1783968360.1417,11:46:00.141,0.95,0.31,0.00
1783968360.6419,11:46:00.641,0.97,0.23,0.04
1783968361.1419,11:46:01.141,0.98,0.22,0.02
1783968361.6419,11:46:01.641,0.94,0.31,-0.13
1783968362.1419,11:46:02.141,0.93,0.33,-0.14
1783968362.6416,11:46:02.641,0.92,0.37,-0.14
1783968363.1412,11:46:03.141,0.91,0.39,-0.15
1783968363.6422,11:46:03.642,0.91,0.40,-0.13
1783968364.1421,11:46:04.142,0.93,0.37,-0.05
1783968364.6411,11:46:04.641,0.95,0.31,0.05
1783968365.1409,11:46:05.140,0.96,0.27,0.11
1783968365.6408,11:46:05.640,0.96,0.26,0.12
1783968366.1402,11:46:06.140,0.95,0.28,0.11
1783968366.6396,11:46:06.639,0.96,0.27,0.10
1783968367.1395,11:46:07.139,0.96,0.25,0.09
1783968367.6389,11:46:07.638,0.97,0.24,0.06
1783968368.1385,11:46:08.138,0.97,0.21,0.09
1783968368.6384,11:46:08.638,0.98,0.19,0.06
1783968369.1381,11:46:09.138,0.99,0.07,0.12
1783968369.6373,11:46:09.637,0.99,0.03,0.14
1783968370.1376,11:46:10.137,0.99,0.03,0.17
1783968370.6378,11:46:10.637,0.98,0.02,0.20
1783968371.1376,11:46:11.137,0.97,0.01,0.24
1783968371.6381,11:46:11.638,0.97,0.01,0.23
1783968372.138,11:46:12.138,0.97,0.00,0.23
1783968372.6376,11:46:12.637,0.97,0.00,0.23
1783968373.1375,11:46:13.137,0.97,-0.02,0.23
1783968373.6379,11:46:13.637,0.98,0.00,0.21
1783968374.1375,11:46:14.137,0.98,0.02,0.20
1783968374.6376,11:46:14.637,0.98,0.05,0.17
1783968375.1368,11:46:15.136,0.98,0.07,0.17
1783968375.6368,11:46:15.636,0.98,0.08,0.17
1783968376.1371,11:46:16.137,0.98,0.04,0.20
1783968376.6369,11:46:16.636,0.98,0.03,0.19
1783968377.1365,11:46:17.136,0.99,0.03,0.16
1783968377.6368,11:46:17.636,0.99,0.02,0.12
1783968378.1366,11:46:18.136,0.99,0.03,0.12
1783968378.636,11:46:18.636,0.99,0.05,0.15
1783968379.1359,11:46:19.135,0.98,0.07,0.17
1783968379.6357,11:46:19.635,0.98,0.12,0.15
1783968380.1353,11:46:20.135,0.98,0.13,0.15
1783968380.6356,11:46:20.635,0.98,0.13,0.15
1783968381.135,11:46:21.135,0.98,0.12,0.15
1783968381.6348,11:46:21.634,0.98,0.09,0.17
1783968382.1349,11:46:22.134,0.98,0.06,0.20
1783968382.6345,11:46:22.634,0.97,0.03,0.22
1783968383.1341,11:46:23.134,0.97,0.00,0.24
1783968383.6342,11:46:23.634,0.97,-0.02,0.25
1783968384.1346,11:46:24.134,0.97,-0.01,0.25
1783968384.6339,11:46:24.633,0.96,-0.06,0.29
1783968385.1339,11:46:25.133,0.95,-0.06,0.30
1783968385.6341,11:46:25.634,0.95,-0.06,0.30
1783968386.1334,11:46:26.133,0.96,-0.04,0.29
1783968386.6328,11:46:26.632,0.96,-0.04,0.29
1783968387.133,11:46:27.133,0.96,-0.04,0.29
1783968387.6331,11:46:27.633,0.96,-0.05,0.28
1783968388.1323,11:46:28.132,0.97,-0.02,0.24
1783968388.6321,11:46:28.632,0.98,0.00,0.21
1783968389.1324,11:46:29.132,0.98,0.04,0.20
1783968389.6317,11:46:29.631,0.98,0.07,0.17
1783968390.1321,11:46:30.132,0.98,0.07,0.17
1783968390.6322,11:46:30.632,0.99,0.09,0.14
1783968391.1316,11:46:31.131,0.98,0.12,0.13
1783968391.6314,11:46:31.631,0.98,0.14,0.12
1783968392.1305,11:46:32.130,0.98,0.15,0.11
1783968392.6302,11:46:32.630,0.98,0.15,0.11
1783968393.1304,11:46:33.130,0.98,0.14,0.11
1783968393.6309,11:46:33.630,0.98,0.09,0.15
1783968394.1307,11:46:34.130,0.98,0.01,0.21
1783968394.6309,11:46:34.630,0.96,-0.02,0.26
1783968395.131,11:46:35.131,0.96,-0.03,0.27
1783968395.6302,11:46:35.630,0.96,-0.03,0.27
1783968396.13,11:46:36.130,0.97,0.00,0.23
1783968396.6303,11:46:36.630,0.98,0.01,0.19
1783968397.1297,11:46:37.129,0.98,0.05,0.17
1783968397.6293,11:46:37.629,0.98,0.09,0.16
1783968398.1296,11:46:38.129,0.98,0.11,0.15
1783968398.629,11:46:38.629,0.98,0.07,0.16
1783968399.1292,11:46:39.129,0.99,0.08,0.15
1783968399.6301,11:46:39.630,0.98,0.10,0.15
1783968400.1296,11:46:40.129,0.98,0.13,0.14
1783968400.6287,11:46:40.628,0.98,0.14,0.16
1783968401.1287,11:46:41.128,0.98,0.12,0.17
1783968401.6283,11:46:41.628,0.98,0.05,0.21
1783968402.1276,11:46:42.127,0.98,0.01,0.20
1783968402.628,11:46:42.628,0.98,0.01,0.21
1783968403.1282,11:46:43.128,0.98,0.02,0.20
1783968403.628,11:46:43.628,0.98,0.01,0.22
1783968404.128,11:46:44.128,0.97,0.02,0.22
1783968404.6274,11:46:44.627,0.98,0.04,0.21
1783968405.1266,11:46:45.126,0.98,0.10,0.17
1783968405.6268,11:46:45.626,0.98,0.19,0.03
1783968406.126,11:46:46.126,0.97,0.25,-0.05
1783968406.6251,11:46:46.625,0.95,0.30,-0.12
1783968407.1254,11:46:47.125,0.94,0.30,-0.12
1783968407.6252,11:46:47.625,0.94,0.32,-0.15
1783968408.1248,11:46:48.124,0.93,0.34,-0.14
1783968408.6247,11:46:48.624,0.92,0.37,-0.11
1783968409.1247,11:46:49.124,0.92,0.38,-0.08
1783968409.6239,11:46:49.623,0.92,0.37,-0.08
1783968410.1238,11:46:50.123,0.92,0.38,-0.11
1783968410.6242,11:46:50.624,0.92,0.38,-0.13
1783968411.1244,11:46:51.124,0.91,0.37,-0.20
1783968411.6239,11:46:51.623,0.91,0.37,-0.20
1783968412.1235,11:46:52.123,0.91,0.37,-0.20
1783968412.6235,11:46:52.623,0.91,0.36,-0.19
1783968413.123,11:46:53.123,0.93,0.36,-0.13
1783968413.6234,11:46:53.623,0.93,0.34,-0.10
1783968414.1234,11:46:54.123,0.94,0.33,-0.09
1783968414.6231,11:46:54.623,0.94,0.32,-0.10
1783968415.1233,11:46:55.123,0.94,0.31,-0.11
1783968415.6231,11:46:55.623,0.94,0.32,-0.12
1783968416.1226,11:46:56.122,0.94,0.33,-0.12
1783968416.6228,11:46:56.622,0.95,0.27,-0.12
1783968417.1224,11:46:57.122,0.95,0.27,-0.12
1783968417.6221,11:46:57.622,0.93,0.32,-0.16
1783968418.1223,11:46:58.122,0.93,0.32,-0.16
1783968418.6229,11:46:58.622,0.92,0.34,-0.18
1783968419.1224,11:46:59.122,0.92,0.34,-0.19
1783968419.622,11:46:59.622,0.92,0.35,-0.20
1783968420.1217,11:47:00.121,0.90,0.39,-0.21
1783968420.6212,11:47:00.621,0.89,0.41,-0.18
1783968421.121,11:47:01.121,0.90,0.41,-0.12
1783968421.621,11:47:01.621,0.92,0.39,-0.05
1783968422.1205,11:47:02.120,0.92,0.38,0.02
1783968422.6203,11:47:02.620,0.94,0.33,0.05
1783968423.1201,11:47:03.120,0.96,0.28,0.07
1783968423.6198,11:47:03.619,0.97,0.21,0.13
1783968424.1198,11:47:04.119,0.97,0.21,0.13
1783968424.62,11:47:04.620,0.97,0.21,0.14
1783968425.1195,11:47:05.119,0.96,0.25,0.12
1783968425.6193,11:47:05.619,0.97,0.23,0.12
1783968426.1197,11:47:06.119,0.97,0.23,0.12
1783968426.6198,11:47:06.619,0.96,0.27,0.09
1783968427.1198,11:47:07.119,0.93,0.35,0.05
1783968427.6196,11:47:07.619,0.93,0.36,0.07
1783968428.1188,11:47:08.118,0.93,0.36,0.08
1783968428.618,11:47:08.618,0.95,0.28,0.11
1783968429.1186,11:47:09.118,0.96,0.21,0.15
1783968429.6188,11:47:09.618,0.97,0.18,0.17
1783968430.1185,11:47:10.118,0.97,0.18,0.15
1783968430.6187,11:47:10.618,0.98,0.17,0.13
1783968431.1186,11:47:11.118,0.98,0.18,0.11
1783968431.618,11:47:11.618,0.98,0.18,0.12
1783968432.1182,11:47:12.118,0.98,0.14,0.15
1783968432.6179,11:47:12.617,0.98,0.08,0.20
1783968433.1175,11:47:13.117,0.97,0.04,0.22
1783968433.6179,11:47:13.617,0.97,0.03,0.24
1783968434.1176,11:47:14.117,0.97,0.03,0.23
1783968434.6168,11:47:14.616,0.98,0.06,0.20
1783968435.1166,11:47:15.116,0.98,0.07,0.19
1783968435.6162,11:47:15.616,0.98,0.06,0.19
1783968436.1156,11:47:16.115,0.98,0.06,0.18
1783968436.6156,11:47:16.615,0.98,0.06,0.18
1783968437.1157,11:47:17.115,0.98,0.06,0.18
1783968437.6153,11:47:17.615,0.97,0.09,0.22
1783968438.1149,11:47:18.114,0.97,0.11,0.21
1783968438.6148,11:47:18.614,0.97,0.14,0.19
1783968439.1144,11:47:19.114,0.97,0.16,0.19
1783968439.614,11:47:19.614,0.97,0.17,0.18
1783968440.1141,11:47:20.114,0.97,0.18,0.16
1783968440.6143,11:47:20.614,0.97,0.14,0.18
1783968441.1141,11:47:21.114,0.98,0.11,0.19
1783968441.6147,11:47:21.614,0.98,0.07,0.19
1783968442.1146,11:47:22.114,0.98,0.04,0.20
1783968442.6142,11:47:22.614,0.98,0.01,0.21
1783968443.1145,11:47:23.114,0.98,0.01,0.22
1783968443.6147,11:47:23.614,0.98,0.05,0.21
1783968444.1147,11:47:24.114,0.98,0.07,0.21
1783968444.6149,11:47:24.614,0.97,0.12,0.19
1783968445.1143,11:47:25.114,0.97,0.13,0.21
1783968445.6142,11:47:25.614,0.97,0.16,0.20
1783968446.1143,11:47:26.114,0.97,0.17,0.18
1783968446.6141,11:47:26.614,0.97,0.20,0.17
1783968447.1139,11:47:27.113,0.97,0.20,0.17
1783968447.6144,11:47:27.614,0.97,0.19,0.18
1783968448.1142,11:47:28.114,0.97,0.17,0.18
1783968448.6142,11:47:28.614,0.97,0.17,0.18
1783968449.1145,11:47:29.114,0.98,0.15,0.16
1783968449.6141,11:47:29.614,0.98,0.16,0.14
1783968450.1133,11:47:30.113,0.98,0.14,0.11
1783968450.613,11:47:30.613,0.98,0.11,0.14
1783968451.1124,11:47:31.112,0.98,0.06,0.19
1783968451.6118,11:47:31.611,0.98,0.05,0.19
1783968452.1115,11:47:32.111,0.99,0.08,0.15
1783968452.6111,11:47:32.611,0.99,0.11,0.11
1783968453.1103,11:47:33.110,0.99,0.11,0.11
1783968453.6098,11:47:33.609,0.99,0.11,0.11
1783968454.11,11:47:34.110,0.99,0.10,0.11
1783968454.61,11:47:34.610,0.99,0.07,0.14
1783968455.1099,11:47:35.109,0.99,0.04,0.17
1783968455.6101,11:47:35.610,0.98,0.02,0.20
1783968456.1095,11:47:36.109,0.98,0.01,0.21
1783968456.6095,11:47:36.609,0.98,0.03,0.21
1783968457.1097,11:47:37.109,0.97,0.03,0.22
1783968457.6097,11:47:37.609,0.97,0.04,0.23
1783968458.109,11:47:38.109,0.97,0.03,0.23
1783968458.6096,11:47:38.609,0.97,0.03,0.25
1783968459.1091,11:47:39.109,0.97,0.05,0.25
1783968459.6092,11:47:39.609,0.97,0.10,0.21
1783968460.1095,11:47:40.109,0.98,0.13,0.18
1783968460.6093,11:47:40.609,0.98,0.12,0.17
1783968461.1093,11:47:41.109,0.98,0.10,0.19
1783968461.6089,11:47:41.608,0.98,0.09,0.18
1783968462.1086,11:47:42.108,0.98,0.08,0.17
1783968462.6085,11:47:42.608,0.99,0.10,0.12
1783968463.1087,11:47:43.108,0.99,0.13,0.09
1783968463.608,11:47:43.608,0.98,0.16,0.11
1783968464.1077,11:47:44.107,0.98,0.17,0.11
1783968464.6081,11:47:44.608,0.97,0.21,0.10
1783968465.1073,11:47:45.107,0.97,0.22,0.10
1783968465.6066,11:47:45.606,0.97,0.21,0.14
1783968466.1066,11:47:46.106,0.96,0.22,0.16
1783968466.6062,11:47:46.606,0.95,0.27,0.13
1783968467.1056,11:47:47.105,0.96,0.26,0.14
1783968467.6056,11:47:47.605,0.96,0.25,0.12
1783968468.1058,11:47:48.105,0.98,0.17,0.14
1783968468.6052,11:47:48.605,0.98,0.17,0.13
1783968469.1048,11:47:49.104,0.97,0.21,0.07
1783968469.6052,11:47:49.605,0.98,0.20,0.04
1783968470.1047,11:47:50.104,0.98,0.19,0.05
1783968470.6051,11:47:50.605,0.98,0.15,0.13
1783968471.1051,11:47:51.105,0.98,0.11,0.17
1783968471.6049,11:47:51.604,0.98,0.09,0.18
1783968472.1049,11:47:52.104,0.98,0.12,0.16
1783968472.6051,11:47:52.605,0.98,0.11,0.17
1783968473.1043,11:47:53.104,0.98,0.13,0.15
1783968473.6044,11:47:53.604,0.98,0.13,0.13
1783968474.105,11:47:54.105,0.98,0.19,0.07
1783968474.6045,11:47:54.604,0.97,0.22,0.04
1783968475.1045,11:47:55.104,0.97,0.22,0.05
1783968475.6051,11:47:55.605,0.98,0.20,0.06
1783968476.1049,11:47:56.104,0.97,0.22,0.09
1783968476.604,11:47:56.604,0.97,0.21,0.12
1783968477.1038,11:47:57.103,0.97,0.18,0.15
1783968477.6032,11:47:57.603,0.97,0.16,0.17
1783968478.1029,11:47:58.102,0.97,0.11,0.20
1783968478.6027,11:47:58.602,0.97,0.08,0.23
1783968479.1021,11:47:59.102,0.97,0.07,0.23
1783968479.6018,11:47:59.601,0.97,0.06,0.25
1783968480.1018,11:48:00.101,0.97,0.06,0.25
1783968480.6018,11:48:00.601,0.98,0.06,0.20
1783968481.1017,11:48:01.101,0.98,0.07,0.19
1783968481.6019,11:48:01.601,0.98,0.10,0.19
1783968482.1015,11:48:02.101,0.97,0.13,0.19
1783968482.6008,11:48:02.600,0.97,0.16,0.16
1783968483.1008,11:48:03.100,0.97,0.18,0.15
1783968483.6006,11:48:03.600,0.97,0.16,0.18
1783968484.0999,11:48:04.099,0.97,0.13,0.19
1783968484.5999,11:48:04.599,0.98,0.17,0.13
1783968485.0999,11:48:05.099,0.98,0.16,0.14
1783968485.5995,11:48:05.599,0.98,0.11,0.17
1783968486.0993,11:48:06.099,0.98,0.11,0.17
1783968486.6,11:48:06.600,0.98,0.11,0.15
1783968487.0993,11:48:07.099,0.98,0.11,0.15
1783968487.5991,11:48:07.599,0.98,0.11,0.17
1783968488.0993,11:48:08.099,0.98,0.09,0.18
1783968488.5986,11:48:08.598,0.98,0.07,0.20
1783968489.0984,11:48:09.098,0.98,0.04,0.20
1783968489.5988,11:48:09.598,0.98,0.01,0.21
1783968490.0987,11:48:10.098,0.98,0.02,0.20
1783968490.5983,11:48:10.598,0.98,0.06,0.18
1783968491.0986,11:48:11.098,0.98,0.10,0.15
1783968491.5983,11:48:11.598,0.98,0.12,0.13
1783968492.0975,11:48:12.097,0.99,0.12,0.12
1783968492.5981,11:48:12.598,0.98,0.13,0.12
1783968493.0984,11:48:13.098,0.98,0.13,0.12
1783968493.598,11:48:13.598,0.98,0.14,0.17
1783968494.0978,11:48:14.097,0.97,0.16,0.17
1783968494.5976,11:48:14.597,0.98,0.16,0.15
1783968495.0973,11:48:15.097,0.98,0.18,0.13
1783968495.5971,11:48:15.597,0.97,0.22,0.09
1783968496.0967,11:48:16.096,0.97,0.23,0.08
1783968496.5959,11:48:16.595,0.97,0.22,0.08
1783968497.0957,11:48:17.095,0.97,0.22,0.08
1783968497.5957,11:48:17.595,0.97,0.23,0.07
1783968498.0952,11:48:18.095,0.97,0.26,0.05
1783968498.5952,11:48:18.595,0.95,0.31,0.00
1783968499.0958,11:48:19.095,0.95,0.30,-0.02
1783968499.5953,11:48:19.595,0.95,0.31,-0.01
1783968500.0951,11:48:20.095,0.94,0.34,0.02
1783968500.5955,11:48:20.595,0.94,0.34,0.01
1783968501.0954,11:48:21.095,0.94,0.33,0.02
1783968501.5956,11:48:21.595,0.97,0.21,0.12
1783968502.0954,11:48:22.095,0.97,0.18,0.16
1783968502.5951,11:48:22.595,0.97,0.18,0.15
1783968503.0947,11:48:23.094,0.97,0.20,0.12
1783968503.5945,11:48:23.594,0.97,0.21,0.11
1783968504.0942,11:48:24.094,0.98,0.11,0.17
1783968504.5942,11:48:24.594,0.98,0.12,0.15
1783968505.094,11:48:25.094,0.98,0.17,0.12
1783968505.5941,11:48:25.594,0.98,0.20,0.09
1783968506.0937,11:48:26.093,0.97,0.21,0.09
1783968506.5937,11:48:26.593,0.98,0.20,0.09
1783968507.094,11:48:27.094,0.98,0.20,0.09
1783968507.593,11:48:27.593,0.97,0.21,0.12
1783968508.0928,11:48:28.092,0.97,0.20,0.13
1783968508.5925,11:48:28.592,0.97,0.20,0.12
1783968509.0917,11:48:29.091,0.98,0.18,0.11
1783968509.5917,11:48:29.591,0.98,0.18,0.09
1783968510.0917,11:48:30.091,0.99,0.13,0.09
1783968510.5913,11:48:30.591,0.99,0.14,0.09
1783968511.0911,11:48:31.091,0.97,0.24,0.08
1783968511.5909,11:48:31.590,0.97,0.24,0.09
1783968512.0904,11:48:32.090,0.97,0.20,0.14
1783968512.5906,11:48:32.590,0.97,0.20,0.17
1783968513.0904,11:48:33.090,0.97,0.17,0.19
1783968513.5901,11:48:33.590,0.96,0.17,0.20
1783968514.0905,11:48:34.090,0.97,0.16,0.18
1783968514.5907,11:48:34.590,0.97,0.15,0.17
1783968515.0904,11:48:35.090,0.97,0.14,0.18
1783968515.5908,11:48:35.590,0.97,0.09,0.23
1783968516.0908,11:48:36.090,0.97,0.10,0.23
1783968516.5907,11:48:36.590,0.97,0.13,0.20
1783968517.0909,11:48:37.090,0.98,0.20,0.10
1783968517.5905,11:48:37.590,0.97,0.20,0.10
1783968518.0904,11:48:38.090,0.98,0.19,0.11
1783968518.5906,11:48:38.590,0.98,0.19,0.08
1783968519.0902,11:48:39.090,0.98,0.15,0.10
1783968519.5903,11:48:39.590,0.98,0.15,0.12
1783968520.0899,11:48:40.089,0.98,0.15,0.16
1783968520.5898,11:48:40.589,0.97,0.17,0.15
1783968521.0891,11:48:41.089,0.97,0.18,0.15
1783968521.589,11:48:41.589,0.97,0.24,0.09
1783968522.0893,11:48:42.089,0.97,0.23,0.11
1783968522.5892,11:48:42.589,0.97,0.16,0.16
1783968523.0888,11:48:43.088,0.97,0.14,0.18
1783968523.5891,11:48:43.589,0.98,0.11,0.19
1783968524.0893,11:48:44.089,0.97,0.09,0.21
1783968524.5889,11:48:44.588,0.97,0.09,0.22
1783968525.0887,11:48:45.088,0.97,0.07,0.23
1783968525.5884,11:48:45.588,0.98,0.12,0.19
1783968526.0876,11:48:46.087,0.98,0.14,0.17
1783968526.5876,11:48:46.587,0.97,0.16,0.18
1783968527.0877,11:48:47.087,0.97,0.17,0.17
1783968527.5872,11:48:47.587,0.97,0.18,0.15
1783968528.087,11:48:48.087,0.97,0.18,0.13
1783968528.5869,11:48:48.586,0.98,0.17,0.11
1783968529.0861,11:48:49.086,0.98,0.16,0.07
1783968529.5865,11:48:49.586,0.98,0.19,0.05
1783968530.0863,11:48:50.086,0.98,0.21,0.02
1783968530.5859,11:48:50.585,0.98,0.20,0.02
1783968531.0859,11:48:51.085,0.98,0.21,0.02
1783968531.586,11:48:51.586,0.98,0.22,0.01
1783968532.0858,11:48:52.085,0.97,0.24,0.02
1783968532.586,11:48:52.586,0.97,0.25,0.06
1783968533.0865,11:48:53.086,0.97,0.25,0.07
1783968533.586,11:48:53.586,0.96,0.28,0.05
1783968534.086,11:48:54.086,0.94,0.33,0.06
1783968534.5862,11:48:54.586,0.95,0.32,0.07
1783968535.0856,11:48:55.085,0.95,0.29,0.11
1783968535.586,11:48:55.586,0.95,0.28,0.12
1783968536.0862,11:48:56.086,0.96,0.25,0.14
1783968536.586,11:48:56.586,0.97,0.21,0.14
1783968537.0858,11:48:57.085,0.98,0.15,0.13
1783968537.5859,11:48:57.585,0.98,0.15,0.14
1783968538.0857,11:48:58.085,0.98,0.14,0.14
1783968538.585,11:48:58.585,0.98,0.17,0.11
1783968539.0852,11:48:59.085,0.98,0.17,0.09
1783968539.585,11:48:59.585,0.98,0.18,0.09
1783968540.0853,11:49:00.085,0.98,0.19,0.10
1783968540.5851,11:49:00.585,0.98,0.21,0.07
1783968541.0849,11:49:01.084,0.96,0.26,0.05
1783968541.584,11:49:01.584,0.96,0.27,0.09
1783968542.0838,11:49:02.083,0.97,0.20,0.16
1783968542.5834,11:49:02.583,0.97,0.13,0.20
1783968543.0829,11:49:03.082,0.97,0.11,0.21
1783968543.5831,11:49:03.583,0.98,0.10,0.19
1783968544.0835,11:49:04.083,0.98,0.09,0.19
1783968544.5832,11:49:04.583,0.98,0.10,0.18
1783968545.0832,11:49:05.083,0.98,0.15,0.15
1783968545.5826,11:49:05.582,0.98,0.15,0.13
1783968546.0821,11:49:06.082,0.98,0.13,0.12
1783968546.5816,11:49:06.581,0.98,0.14,0.11
1783968547.0812,11:49:07.081,0.98,0.18,0.12
1783968547.5809,11:49:07.580,0.96,0.26,0.06
1783968548.0806,11:49:08.080,0.95,0.33,-0.02
1783968548.581,11:49:08.581,0.94,0.33,-0.03
1783968549.0807,11:49:09.080,0.96,0.28,0.00
1783968549.5805,11:49:09.580,0.98,0.14,0.11
1783968550.0805,11:49:10.080,0.98,0.07,0.16
1783968550.5804,11:49:10.580,0.99,0.07,0.16
1783968551.0807,11:49:11.080,0.99,0.09,0.14
1783968551.5809,11:49:11.580,0.99,0.10,0.12
1783968552.0807,11:49:12.080,0.99,0.14,0.07
1783968552.5804,11:49:12.580,0.99,0.15,0.07
1783968553.0806,11:49:13.080,0.98,0.16,0.15
1783968553.5794,11:49:13.579,0.97,0.15,0.19
1783968554.0791,11:49:14.079,0.97,0.16,0.19
1783968554.5795,11:49:14.579,0.98,0.15,0.17
1783968555.0785,11:49:15.078,0.98,0.13,0.16
1783968555.578,11:49:15.578,0.98,0.11,0.17
1783968556.0783,11:49:16.078,0.98,0.12,0.18
1783968556.5779,11:49:16.577,0.97,0.12,0.21
1783968557.0774,11:49:17.077,0.96,0.22,0.15
1783968557.5777,11:49:17.577,0.94,0.32,0.07
1783968558.0773,11:49:18.077,0.92,0.39,0.03
1783968558.5772,11:49:18.577,0.91,0.41,0.03
1783968559.0769,11:49:19.076,0.89,0.46,0.00
1783968559.5767,11:49:19.576,0.87,0.49,-0.03
1783968560.0764,11:49:20.076,0.87,0.49,-0.02
1783968560.5764,11:49:20.576,0.88,0.47,-0.05
1783968561.0764,11:49:21.076,0.89,0.46,-0.03
1783968561.5763,11:49:21.576,0.92,0.39,0.03
1783968562.0761,11:49:22.076,0.95,0.29,0.11
1783968562.5763,11:49:22.576,0.96,0.27,0.12
1783968563.0764,11:49:23.076,0.95,0.28,0.10
1783968563.576,11:49:23.576,0.95,0.30,0.06
1783968564.076,11:49:24.076,0.95,0.32,0.02
1783968564.5753,11:49:24.575,0.95,0.31,0.02
1783968565.0751,11:49:25.075,0.95,0.30,0.01
1783968565.5756,11:49:25.575,0.96,0.29,0.03
1783968566.0753,11:49:26.075,0.96,0.29,0.03
1783968566.5751,11:49:26.575,0.96,0.28,0.04
1783968567.0751,11:49:27.075,0.95,0.32,0.06
1783968567.5744,11:49:27.574,0.94,0.33,0.08
1783968568.0744,11:49:28.074,0.96,0.25,0.13
1783968568.5746,11:49:28.574,0.96,0.22,0.16
1783968569.0743,11:49:29.074,0.96,0.23,0.16
1783968569.5739,11:49:29.573,0.94,0.33,0.06
1783968570.0742,11:49:30.074,0.93,0.37,0.01
1783968570.5735,11:49:30.573,0.91,0.41,-0.05
1783968571.0727,11:49:31.072,0.90,0.42,-0.07
1783968571.5733,11:49:31.573,0.93,0.35,-0.10
1783968572.0727,11:49:32.072,0.95,0.30,-0.10
1783968572.5722,11:49:32.572,0.97,0.23,-0.03
1783968573.0726,11:49:33.072,0.98,0.21,-0.02
1783968573.5724,11:49:33.572,0.98,0.21,-0.02
1783968574.0725,11:49:34.072,0.95,0.30,-0.06
1783968574.5725,11:49:34.572,0.91,0.41,-0.08
1783968575.0729,11:49:35.072,0.91,0.42,-0.05
1783968575.5724,11:49:35.572,0.90,0.43,-0.06
1783968576.0724,11:49:36.072,0.90,0.44,-0.05
1783968576.5725,11:49:36.572,0.88,0.47,-0.04
1783968577.0718,11:49:37.071,0.88,0.48,-0.03
1783968577.5714,11:49:37.571,0.86,0.50,-0.02
1783968578.0712,11:49:38.071,0.86,0.50,-0.01
1783968578.5709,11:49:38.570,0.87,0.49,-0.01
1783968579.0705,11:49:39.070,0.90,0.44,0.01
1783968579.5709,11:49:39.570,0.93,0.36,0.00
1783968580.0708,11:49:40.070,0.95,0.30,0.04
1783968580.5706,11:49:40.570,0.96,0.27,0.07
1783968581.0709,11:49:41.070,0.96,0.28,0.06
1783968581.5706,11:49:41.570,0.96,0.29,0.05
1783968582.0705,11:49:42.070,0.96,0.29,0.04
1783968582.5709,11:49:42.570,0.98,0.18,0.12
1783968583.0708,11:49:43.070,0.99,0.10,0.13
1783968583.5705,11:49:43.570,0.99,0.09,0.14
1783968584.0707,11:49:44.070,0.98,0.14,0.15
1783968584.57,11:49:44.570,0.97,0.19,0.14
1783968585.0698,11:49:45.069,0.95,0.29,0.07
1783968585.5695,11:49:45.569,0.94,0.35,0.03
1783968586.0693,11:49:46.069,0.94,0.35,0.00
1783968586.5693,11:49:46.569,0.96,0.29,0.04
1783968587.0693,11:49:47.069,0.96,0.26,0.05
1783968587.5692,11:49:47.569,0.96,0.27,0.05
1783968588.0684,11:49:48.068,0.96,0.26,0.06
1783968588.5684,11:49:48.568,0.97,0.18,0.18
1783968589.0685,11:49:49.068,0.97,0.14,0.21
1783968589.5676,11:49:49.567,0.97,0.11,0.21
1783968590.0674,11:49:50.067,0.97,0.08,0.23
1783968590.5673,11:49:50.567,0.98,0.06,0.20
1783968591.0667,11:49:51.066,0.98,0.09,0.16
1783968591.5667,11:49:51.566,0.98,0.20,0.04
1783968592.0672,11:49:52.067,0.97,0.25,-0.06
1783968592.5662,11:49:52.566,0.96,0.25,-0.08
1783968593.0662,11:49:53.066,0.96,0.25,-0.08
1783968593.5667,11:49:53.566,0.97,0.26,-0.06
1783968594.0665,11:49:54.066,0.97,0.24,-0.01
1783968594.5669,11:49:54.566,0.97,0.26,0.03
1783968595.0666,11:49:55.066,0.96,0.28,0.10
1783968595.5666,11:49:55.566,0.95,0.29,0.13
1783968596.0666,11:49:56.066,0.96,0.23,0.16
1783968596.5667,11:49:56.566,0.96,0.13,0.23
1783968597.0663,11:49:57.066,0.97,0.12,0.22
1783968597.5663,11:49:57.566,0.97,0.10,0.22
1783968598.0662,11:49:58.066,0.98,0.07,0.21
1783968598.5658,11:49:58.565,0.98,0.01,0.21
1783968599.0654,11:49:59.065,0.98,0.01,0.21
1783968599.5657,11:49:59.565,0.98,0.01,0.21
1783968600.0653,11:50:00.065,0.97,0.04,0.24
1783968600.5645,11:50:00.564,0.97,0.08,0.23
1783968601.0649,11:50:01.064,0.97,0.10,0.22
1783968601.5643,11:50:01.564,0.97,0.12,0.20
1783968602.0641,11:50:02.064,0.98,0.13,0.17
1783968602.564,11:50:02.564,0.98,0.14,0.16
1783968603.0636,11:50:03.063,0.97,0.13,0.19
1783968603.563,11:50:03.563,0.97,0.12,0.19
1783968604.0631,11:50:04.063,0.98,0.15,0.16
1783968604.5632,11:50:04.563,0.98,0.14,0.15
1783968605.0628,11:50:05.062,0.97,0.19,0.13
1783968605.5633,11:50:05.563,0.97,0.21,0.14
1783968606.0631,11:50:06.063,0.97,0.16,0.19
1783968606.5623,11:50:06.562,0.97,0.19,0.16
1783968607.062,11:50:07.062,0.96,0.28,0.04
1783968607.5622,11:50:07.562,0.96,0.29,0.03
1783968608.062,11:50:08.062,0.97,0.22,0.09
1783968608.5625,11:50:08.562,0.98,0.17,0.12
1783968609.0625,11:50:09.062,0.98,0.16,0.15
1783968609.5623,11:50:09.562,0.98,0.15,0.16
1783968610.0624,11:50:10.062,0.97,0.12,0.21
1783968610.5624,11:50:10.562,0.97,0.12,0.23
1783968611.0619,11:50:11.061,0.96,0.08,0.28
1783968611.5614,11:50:11.561,0.95,0.06,0.32
1783968612.0618,11:50:12.061,0.95,0.06,0.32
1783968612.5614,11:50:12.561,0.94,0.05,0.33
1783968613.0607,11:50:13.060,0.95,0.04,0.32
1783968613.5609,11:50:13.560,0.96,0.09,0.26
1783968614.0603,11:50:14.060,0.96,0.11,0.25
1783968614.5598,11:50:14.559,0.97,0.11,0.24
1783968615.0598,11:50:15.059,0.97,0.11,0.24
1783968615.5594,11:50:15.559,0.97,0.10,0.22
1783968616.0589,11:50:16.058,0.98,0.13,0.18
1783968616.5595,11:50:16.559,0.98,0.11,0.17
1783968617.0595,11:50:17.059,0.98,0.09,0.18
1783968617.5588,11:50:17.558,0.98,0.09,0.17
1783968618.0592,11:50:18.059,0.98,0.07,0.18
1783968618.559,11:50:18.559,0.98,0.06,0.19
1783968619.0583,11:50:19.058,0.98,0.05,0.18
1783968619.5587,11:50:19.558,0.98,0.06,0.18
1783968620.0587,11:50:20.058,0.98,0.05,0.17
1783968620.5582,11:50:20.558,0.99,0.08,0.13
1783968621.0587,11:50:21.058,0.99,0.10,0.12
1783968621.5591,11:50:21.559,0.99,0.13,0.11
1783968622.0588,11:50:22.058,0.98,0.15,0.09
1783968622.5586,11:50:22.558,0.99,0.15,0.06
1783968623.0586,11:50:23.058,0.99,0.14,0.08
1783968623.5583,11:50:23.558,0.99,0.07,0.14
1783968624.0581,11:50:24.058,0.98,0.07,0.19
1783968624.5577,11:50:24.557,0.98,0.08,0.19
1783968625.0574,11:50:25.057,0.98,0.08,0.17
1783968625.5576,11:50:25.557,0.98,0.04,0.18
1783968626.0578,11:50:26.057,0.98,0.03,0.19
1783968626.5571,11:50:26.557,0.98,0.12,0.12
1783968627.0573,11:50:27.057,0.98,0.15,0.11
1783968627.5577,11:50:27.557,0.98,0.18,0.09
1783968628.0571,11:50:28.057,0.98,0.16,0.12
1783968628.5573,11:50:28.557,0.98,0.14,0.13
1783968629.0577,11:50:29.057,0.99,0.12,0.12
1783968629.557,11:50:29.557,0.98,0.12,0.13
1783968630.0561,11:50:30.056,0.99,0.10,0.13
1783968630.5561,11:50:30.556,0.99,0.06,0.16
1783968631.0555,11:50:31.055,0.98,0.05,0.18
1783968631.5549,11:50:31.554,0.98,0.05,0.18
1783968632.0547,11:50:32.054,0.99,0.02,0.15
1783968632.5544,11:50:32.554,0.98,-0.05,0.18
1783968633.0534,11:50:33.053,0.98,-0.05,0.19
1783968633.5538,11:50:33.553,0.99,-0.01,0.15
1783968634.0536,11:50:34.053,0.99,-0.01,0.15
1783968634.5526,11:50:34.552,0.99,0.00,0.15
1783968635.0526,11:50:35.052,0.99,0.01,0.17
1783968635.5533,11:50:35.553,0.98,0.04,0.19
1783968636.0529,11:50:36.052,0.98,0.06,0.19
1783968636.5533,11:50:36.553,0.98,0.08,0.19
1783968637.0534,11:50:37.053,0.97,0.01,0.25
1783968637.5534,11:50:37.553,0.98,0.01,0.22
1783968638.0532,11:50:38.053,0.98,0.01,0.21
1783968638.5527,11:50:38.552,0.98,0.04,0.21
1783968639.0523,11:50:39.052,0.98,0.07,0.17
1783968639.5525,11:50:39.552,0.98,0.06,0.17
1783968640.053,11:50:40.053,0.98,0.07,0.17
1783968640.5523,11:50:40.552,0.98,0.10,0.16
1783968641.0523,11:50:41.052,0.98,0.13,0.15
1783968641.5526,11:50:41.552,0.98,0.15,0.15
1783968642.0523,11:50:42.052,0.98,0.16,0.14
1783968642.5517,11:50:42.551,0.97,0.18,0.13
1783968643.0516,11:50:43.051,0.97,0.18,0.13
1783968643.5508,11:50:43.550,0.97,0.16,0.17
1783968644.0504,11:50:44.050,0.97,0.16,0.18
1783968644.5505,11:50:44.550,0.97,0.15,0.19
1783968645.0499,11:50:45.049,0.97,0.15,0.18
1783968645.5493,11:50:45.549,0.97,0.14,0.19
1783968646.0498,11:50:46.049,0.97,0.06,0.23
1783968646.5494,11:50:46.549,0.97,0.05,0.23
1783968647.0486,11:50:47.048,0.97,0.05,0.22
1783968647.5489,11:50:47.548,0.98,0.07,0.20
1783968648.0493,11:50:48.049,0.97,0.08,0.21
1783968648.5491,11:50:48.549,0.98,0.09,0.19
1783968649.0491,11:50:49.049,0.97,0.10,0.21
1783968649.5487,11:50:49.548,0.97,0.10,0.22
1783968650.0479,11:50:50.047,0.97,0.11,0.20
1783968650.5481,11:50:50.548,0.97,0.13,0.19
1783968651.0486,11:50:51.048,0.97,0.18,0.14
1783968651.5482,11:50:51.548,0.97,0.22,0.11
1783968652.0481,11:50:52.048,0.97,0.23,0.10
1783968652.5485,11:50:52.548,0.97,0.21,0.11
1783968653.0481,11:50:53.048,0.98,0.21,0.08
1783968653.5479,11:50:53.547,0.98,0.21,0.07
1783968654.0482,11:50:54.048,0.98,0.16,0.11
1783968654.5479,11:50:54.547,0.98,0.16,0.13
1783968655.0479,11:50:55.047,0.97,0.20,0.10
1783968655.548,11:50:55.548,0.98,0.18,0.12
1783968656.0474,11:50:56.047,0.97,0.18,0.15
1783968656.547,11:50:56.547,0.97,0.14,0.19
1783968657.0475,11:50:57.047,0.98,0.12,0.17
1783968657.5465,11:50:57.546,0.98,0.10,0.17
1783968658.0466,11:50:58.046,0.98,0.06,0.20
1783968658.5467,11:50:58.546,0.97,0.02,0.23
1783968659.0463,11:50:59.046,0.97,0.01,0.23
1783968659.5457,11:50:59.545,0.97,0.03,0.25
1783968660.0462,11:51:00.046,0.97,0.09,0.20
1783968660.5464,11:51:00.546,0.97,0.15,0.17
1783968661.0456,11:51:01.045,0.97,0.16,0.18
1783968661.5459,11:51:01.545,0.98,0.17,0.11
1783968662.0451,11:51:02.045,0.98,0.18,0.11
1783968662.5449,11:51:02.544,0.98,0.18,0.12
1783968663.0452,11:51:03.045,0.98,0.18,0.12
1783968663.5448,11:51:03.544,0.98,0.19,0.09
1783968664.0444,11:51:04.044,0.98,0.21,0.06
1783968664.5446,11:51:04.544,0.97,0.22,0.06
1783968665.0438,11:51:05.043,0.97,0.22,0.07
1783968665.5436,11:51:05.543,0.97,0.21,0.08
1783968666.0439,11:51:06.043,0.98,0.19,0.10
1783968666.5443,11:51:06.544,0.98,0.19,0.09
1783968667.0435,11:51:07.043,0.97,0.20,0.11
1783968667.5434,11:51:07.543,0.96,0.23,0.13
1783968668.0432,11:51:08.043,0.95,0.29,0.10
1783968668.5426,11:51:08.542,0.95,0.30,0.08
1783968669.0429,11:51:09.042,0.95,0.30,0.08
1783968669.5431,11:51:09.543,0.94,0.32,0.07
1783968670.0431,11:51:10.043,0.94,0.32,0.06
1783968670.5428,11:51:10.542,0.96,0.27,0.10
1783968671.0428,11:51:11.042,0.97,0.20,0.12
1783968671.542,11:51:11.542,0.97,0.21,0.10
1783968672.0419,11:51:12.041,0.98,0.14,0.15
1783968672.5421,11:51:12.542,0.97,0.15,0.18
1783968673.0417,11:51:13.041,0.97,0.15,0.22
1783968673.5416,11:51:13.541,0.96,0.22,0.16
1783968674.0414,11:51:14.041,0.95,0.30,0.09
1783968674.5411,11:51:14.541,0.95,0.29,0.07
1783968675.0408,11:51:15.040,0.96,0.28,0.08
1783968675.541,11:51:15.541,0.96,0.28,0.07
1783968676.0406,11:51:16.040,0.96,0.28,0.06
1783968676.5405,11:51:16.540,0.96,0.29,0.03
1783968677.0407,11:51:17.040,0.95,0.30,0.00
1783968677.54,11:51:17.540,0.96,0.29,0.01
1783968678.0397,11:51:18.039,0.97,0.26,0.04
1783968678.5401,11:51:18.540,0.97,0.22,0.09
1783968679.0397,11:51:19.039,0.98,0.18,0.12
1783968679.5394,11:51:19.539,0.98,0.17,0.14
1783968680.0402,11:51:20.040,0.97,0.19,0.17
1783968680.5406,11:51:20.540,0.97,0.20,0.17
1783968681.0403,11:51:21.040,0.96,0.21,0.16
1783968681.5399,11:51:21.539,0.96,0.24,0.15
1783968682.0401,11:51:22.040,0.96,0.25,0.14
1783968682.5394,11:51:22.539,0.96,0.27,0.11
1783968683.039,11:51:23.039,0.96,0.28,0.10
1783968683.539,11:51:23.539,0.96,0.25,0.11
1783968684.0385,11:51:24.038,0.96,0.26,0.10
1783968684.5383,11:51:24.538,0.96,0.24,0.11
1783968685.0383,11:51:25.038,0.97,0.24,0.09
1783968685.5374,11:51:25.537,0.97,0.19,0.12
1783968686.0376,11:51:26.037,0.98,0.16,0.13
1783968686.5376,11:51:26.537,0.98,0.14,0.14
1783968687.0371,11:51:27.037,0.98,0.02,0.21
1783968687.537,11:51:27.537,0.96,-0.02,0.27
1783968688.0368,11:51:28.036,0.95,-0.01,0.30
1783968688.5364,11:51:28.536,0.96,0.01,0.29
1783968689.0358,11:51:29.035,0.96,0.08,0.25
1783968689.536,11:51:29.536,0.97,0.13,0.22
1783968690.0361,11:51:30.036,0.96,0.18,0.20
1783968690.5353,11:51:30.535,0.96,0.26,0.11
1783968691.0357,11:51:31.035,0.95,0.29,0.08
1783968691.5354,11:51:31.535,0.95,0.29,0.07
1783968692.0344,11:51:32.034,0.94,0.33,0.04
1783968692.5346,11:51:32.534,0.94,0.33,0.03
1783968693.0344,11:51:33.034,0.94,0.33,0.02
1783968693.5343,11:51:33.534,0.98,0.19,0.09
1783968694.0345,11:51:34.034,0.98,0.18,0.07
1783968694.5347,11:51:34.534,0.97,0.25,0.02
1783968695.0344,11:51:35.034,0.96,0.27,0.03
1783968695.5345,11:51:35.534,0.96,0.29,0.04
1783968696.0343,11:51:36.034,0.96,0.28,0.07
1783968696.5338,11:51:36.533,0.95,0.29,0.08
1783968697.0342,11:51:37.034,0.95,0.30,0.10
1783968697.5345,11:51:37.534,0.96,0.27,0.10
1783968698.0338,11:51:38.033,0.97,0.22,0.12
1783968698.5342,11:51:38.534,0.97,0.22,0.11
1783968699.0334,11:51:39.033,0.97,0.21,0.11
1783968699.5329,11:51:39.532,0.97,0.23,0.11
1783968700.0329,11:51:40.032,0.96,0.25,0.08
1783968700.5335,11:51:40.533,0.94,0.35,0.01
1783968701.0332,11:51:41.033,0.92,0.38,0.01
1783968701.533,11:51:41.533,0.92,0.39,0.02
1783968702.0327,11:51:42.032,0.92,0.40,0.03
1783968702.5326,11:51:42.532,0.92,0.38,0.05
1783968703.032,11:51:43.032,0.93,0.37,0.07
1783968703.5318,11:51:43.531,0.93,0.35,0.08
1783968704.0311,11:51:44.031,0.93,0.35,0.09
1783968704.5307,11:51:44.530,0.93,0.35,0.09
1783968705.0311,11:51:45.031,0.92,0.38,0.06
1783968705.5306,11:51:45.530,0.91,0.41,0.04
1783968706.0304,11:51:46.030,0.91,0.41,0.03
1783968706.531,11:51:46.531,0.91,0.40,0.03
1783968707.0309,11:51:47.030,0.92,0.40,0.04
1783968707.5303,11:51:47.530,0.92,0.40,0.04
1783968708.0303,11:51:48.030,0.91,0.40,0.03
1783968708.5298,11:51:48.529,0.91,0.42,0.01
1783968709.0296,11:51:49.029,0.91,0.41,-0.03
1783968709.5296,11:51:49.529,0.93,0.36,-0.03
1783968710.0299,11:51:50.029,0.96,0.29,0.00
1783968710.5293,11:51:50.529,0.97,0.25,0.00
1783968711.0293,11:51:51.029,0.98,0.21,0.04
1783968711.529,11:51:51.529,0.98,0.21,0.04
1783968712.0286,11:51:52.028,0.97,0.22,0.11
1783968712.5284,11:51:52.528,0.97,0.22,0.14
1783968713.0289,11:51:53.028,0.96,0.23,0.14
1783968713.5281,11:51:53.528,0.96,0.24,0.11
1783968714.0281,11:51:54.028,0.95,0.30,0.05
1783968714.5278,11:51:54.527,0.94,0.35,0.00
1783968715.0272,11:51:55.027,0.94,0.34,0.01
1783968715.5274,11:51:55.527,0.95,0.31,0.06
1783968716.0275,11:51:56.027,0.95,0.31,0.08
1783968716.5267,11:51:56.526,0.94,0.34,0.06
1783968717.0267,11:51:57.026,0.94,0.32,0.07
1783968717.5269,11:51:57.526,0.94,0.32,0.08
1783968718.0264,11:51:58.026,0.95,0.30,0.08
1783968718.5264,11:51:58.526,0.96,0.28,0.04
1783968719.0266,11:51:59.026,0.96,0.27,0.05
1783968719.5263,11:51:59.526,0.96,0.29,0.02
1783968720.0261,11:52:00.026,0.94,0.34,-0.03
1783968720.5261,11:52:00.526,0.93,0.36,-0.05
1783968721.0258,11:52:01.025,0.92,0.37,-0.07
1783968721.5258,11:52:01.525,0.93,0.36,-0.05
1783968722.0262,11:52:02.026,0.93,0.37,0.00
1783968722.5259,11:52:02.525,0.92,0.38,-0.01
1783968723.0251,11:52:03.025,0.94,0.33,-0.03
1783968723.5253,11:52:03.525,0.96,0.26,0.03
1783968724.0248,11:52:04.024,0.96,0.26,0.09
1783968724.5244,11:52:04.524,0.96,0.25,0.12
1783968725.0245,11:52:05.024,0.97,0.22,0.14
1783968725.525,11:52:05.525,0.97,0.18,0.13
1783968726.0242,11:52:06.024,0.98,0.18,0.12
1783968726.5242,11:52:06.524,0.98,0.21,0.05
1783968727.0245,11:52:07.024,0.98,0.21,0.02
1783968727.5237,11:52:07.523,0.98,0.18,0.05
1783968728.0243,11:52:08.024,0.98,0.16,0.09
1783968728.5242,11:52:08.524,0.98,0.12,0.15
1783968729.0234,11:52:09.023,0.98,0.10,0.17
1783968729.5234,11:52:09.523,0.98,0.08,0.19
1783968730.0238,11:52:10.023,0.97,0.08,0.21
1783968730.5232,11:52:10.523,0.97,0.07,0.22
1783968731.023,11:52:11.023,0.97,0.08,0.23
1783968731.5229,11:52:11.522,0.97,0.08,0.24
1783968732.0219,11:52:12.021,0.97,0.07,0.22
1783968732.5219,11:52:12.521,0.98,0.05,0.17
1783968733.0224,11:52:13.022,0.99,0.15,0.08
1783968733.5218,11:52:13.521,0.98,0.17,0.12
1783968734.0216,11:52:14.021,0.98,0.16,0.14
1783968734.5221,11:52:14.522,0.98,0.12,0.18
1783968735.0215,11:52:15.021,0.98,0.10,0.16
1783968735.5213,11:52:15.521,0.98,0.09,0.15
1783968736.0218,11:52:16.021,0.98,0.16,0.11
1783968736.5214,11:52:16.521,0.98,0.20,0.08
1783968737.021,11:52:17.021,0.97,0.22,0.06
1783968737.5213,11:52:17.521,0.96,0.26,0.07
1783968738.0215,11:52:18.021,0.96,0.27,0.08
1783968738.5207,11:52:18.520,0.96,0.24,0.14
1783968739.0207,11:52:19.020,0.97,0.14,0.22
1783968739.5205,11:52:19.520,0.96,0.09,0.25
1783968740.0197,11:52:20.019,0.96,0.10,0.25
1783968740.5199,11:52:20.519,0.97,0.15,0.21
1783968741.0202,11:52:21.020,0.96,0.19,0.20
1783968741.5194,11:52:21.519,0.96,0.22,0.17
1783968742.0202,11:52:22.020,0.96,0.23,0.16
1783968742.5203,11:52:22.520,0.96,0.25,0.15
1783968743.0199,11:52:23.019,0.94,0.32,0.10
1783968743.5201,11:52:23.520,0.92,0.40,0.02
1783968744.02,11:52:24.020,0.92,0.40,0.02
1783968744.5194,11:52:24.519,0.94,0.34,0.06
1783968745.0192,11:52:25.019,0.95,0.27,0.11
1783968745.5191,11:52:25.519,0.96,0.26,0.11
1783968746.0182,11:52:26.018,0.97,0.25,0.07
1783968746.518,11:52:26.518,0.97,0.22,0.08
1783968747.0177,11:52:27.017,0.97,0.22,0.11
1783968747.5171,11:52:27.517,0.96,0.21,0.16
1783968748.0171,11:52:28.017,0.97,0.18,0.19
1783968748.517,11:52:28.517,0.97,0.15,0.21
1783968749.0168,11:52:29.016,0.97,0.10,0.23
1783968749.5169,11:52:29.516,0.97,0.10,0.23
1783968750.017,11:52:30.017,0.97,0.14,0.20
1783968750.5166,11:52:30.516,0.97,0.15,0.21
1783968751.0164,11:52:31.016,0.96,0.16,0.22
1783968751.5167,11:52:31.516,0.96,0.11,0.25
1783968752.0161,11:52:32.016,0.96,0.13,0.24
1783968752.5157,11:52:32.515,0.96,0.15,0.22
1783968753.0164,11:52:33.016,0.96,0.21,0.17
1783968753.5162,11:52:33.516,0.95,0.30,0.11
1783968754.0158,11:52:34.015,0.95,0.30,0.11
1783968754.5162,11:52:34.516,0.95,0.29,0.09
1783968755.0164,11:52:35.016,0.96,0.27,0.10
1783968755.5155,11:52:35.515,0.96,0.27,0.10
1783968756.0155,11:52:36.015,0.96,0.26,0.11
1783968756.5151,11:52:36.515,0.96,0.24,0.13
1783968757.0147,11:52:37.014,0.97,0.22,0.13
1783968757.5151,11:52:37.515,0.97,0.21,0.13
1783968758.015,11:52:38.015,0.97,0.18,0.15
1783968758.5144,11:52:38.514,0.97,0.15,0.17
1783968759.0142,11:52:39.014,0.98,0.11,0.19
1783968759.5145,11:52:39.514,0.98,0.09,0.19
1783968760.0139,11:52:40.013,0.98,0.10,0.16
1783968760.5139,11:52:40.513,0.98,0.11,0.15
1783968761.014,11:52:41.014,0.98,0.14,0.12
1783968761.5136,11:52:41.513,0.97,0.21,0.09
1783968762.0136,11:52:42.013,0.96,0.24,0.11
1783968762.5131,11:52:42.513,0.97,0.22,0.13
1783968763.0123,11:52:43.012,0.96,0.23,0.14
1783968763.5122,11:52:43.512,0.97,0.22,0.13
1783968764.0124,11:52:44.012,0.96,0.23,0.15
1783968764.5118,11:52:44.511,0.96,0.22,0.18
1783968765.0114,11:52:45.011,0.96,0.23,0.17
1783968765.5115,11:52:45.511,0.96,0.24,0.15
1783968766.0113,11:52:46.011,0.97,0.17,0.17
1783968766.5106,11:52:46.510,0.98,0.18,0.13
1783968767.0111,11:52:47.011,0.98,0.20,0.08
1783968767.511,11:52:47.511,0.97,0.24,-0.01
1783968768.0106,11:52:48.010,0.97,0.25,-0.03
1783968768.5111,11:52:48.511,0.95,0.31,0.01
1783968769.0105,11:52:49.010,0.94,0.33,0.05
1783968769.5097,11:52:49.509,0.95,0.30,0.07
1783968770.0104,11:52:50.010,0.95,0.29,0.08
1783968770.5104,11:52:50.510,0.95,0.29,0.10
1783968771.01,11:52:51.010,0.95,0.28,0.12
1783968771.5106,11:52:51.510,0.95,0.29,0.11
1783968772.0107,11:52:52.010,0.94,0.33,0.09
1783968772.5103,11:52:52.510,0.94,0.33,0.11
1783968773.0103,11:52:53.010,0.94,0.29,0.15
1783968773.5102,11:52:53.510,0.95,0.26,0.16
1783968774.0094,11:52:54.009,0.96,0.22,0.19
1783968774.5093,11:52:54.509,0.96,0.20,0.19
1783968775.0097,11:52:55.009,0.96,0.15,0.23
1783968775.5089,11:52:55.508,0.96,0.16,0.22
1783968776.0089,11:52:56.008,0.96,0.20,0.19
1783968776.509,11:52:56.509,0.96,0.24,0.15
1783968777.0086,11:52:57.008,0.96,0.25,0.15
1783968777.5082,11:52:57.508,0.95,0.29,0.12
1783968778.0083,11:52:58.008,0.94,0.33,0.09
1783968778.5075,11:52:58.507,0.94,0.34,0.09
1783968779.0073,11:52:59.007,0.93,0.36,0.06
1783968779.5078,11:52:59.507,0.94,0.34,0.08
1783968780.0072,11:53:00.007,0.93,0.36,0.09
1783968780.5068,11:53:00.506,0.94,0.30,0.13
1783968781.0069,11:53:01.006,0.94,0.31,0.12
1783968781.5065,11:53:01.506,0.95,0.27,0.14
1783968782.0063,11:53:02.006,0.96,0.23,0.16
1783968782.5068,11:53:02.506,0.96,0.20,0.19
1783968783.0066,11:53:03.006,0.96,0.19,0.19
1783968783.5059,11:53:03.505,0.96,0.26,0.14
1783968784.0064,11:53:04.006,0.95,0.29,0.12
1783968784.5056,11:53:04.505,0.94,0.33,0.07
1783968785.0048,11:53:05.004,0.94,0.34,0.06
1783968785.5053,11:53:05.505,0.94,0.32,0.08
1783968786.0051,11:53:06.005,0.94,0.33,0.07
1783968786.5047,11:53:06.504,0.92,0.38,0.06
1783968787.0051,11:53:07.005,0.92,0.38,0.05
1783968787.505,11:53:07.505,0.94,0.34,0.02
1783968788.0048,11:53:08.004,0.95,0.29,0.07
1783968788.5046,11:53:08.504,0.96,0.27,0.08
1783968789.0041,11:53:09.004,0.96,0.27,0.06
1783968789.5035,11:53:09.503,0.97,0.21,0.11
1783968790.0043,11:53:10.004,0.97,0.16,0.16
1783968790.5044,11:53:10.504,0.97,0.16,0.17
1783968791.0041,11:53:11.004,0.97,0.16,0.18
1783968791.5039,11:53:11.503,0.97,0.16,0.20
1783968792.0042,11:53:12.004,0.96,0.19,0.19
1783968792.5034,11:53:12.503,0.96,0.21,0.16
1783968793.0032,11:53:13.003,0.95,0.27,0.14
1783968793.5039,11:53:13.503,0.95,0.27,0.16
1783968794.0035,11:53:14.003,0.96,0.25,0.16
1783968794.5033,11:53:14.503,0.96,0.20,0.20
1783968795.0032,11:53:15.003,0.97,0.14,0.22
1783968795.5024,11:53:15.502,0.96,0.13,0.23
1783968796.0018,11:53:16.001,0.96,0.12,0.24
1783968796.502,11:53:16.502,0.96,0.09,0.26
1783968797.002,11:53:17.002,0.97,0.08,0.25
1783968797.5014,11:53:17.501,0.97,0.09,0.22
1783968798.0019,11:53:18.001,0.97,0.09,0.22
1783968798.5013,11:53:18.501,0.97,0.09,0.24
1783968799.0011,11:53:19.001,0.97,0.07,0.25
1783968799.5014,11:53:19.501,0.97,0.07,0.22
1783968800.0012,11:53:20.001,0.98,0.17,0.07
1783968800.501,11:53:20.501,0.97,0.23,0.01
1783968801.0013,11:53:21.001,0.96,0.26,-0.01
1783968801.5007,11:53:21.500,0.96,0.27,0.02
1783968802.0005,11:53:22.000,0.95,0.30,0.00
1783968802.501,11:53:22.501,0.95,0.32,-0.02
1783968803.0003,11:53:23.000,0.95,0.30,-0.06
1783968803.4997,11:53:23.499,0.96,0.26,-0.03
1783968804.0,11:53:24.000,0.96,0.28,0.04
1783968804.5004,11:53:24.500,0.96,0.28,0.09
1783968804.9996,11:53:24.999,0.96,0.27,0.09
1783968805.4997,11:53:25.499,0.96,0.25,0.11
1783968805.9997,11:53:25.999,0.97,0.19,0.15
1783968806.4991,11:53:26.499,0.97,0.10,0.23
1783968806.9992,11:53:26.999,0.97,0.06,0.25
1783968807.499,11:53:27.499,0.96,0.00,0.28
1783968807.998,11:53:27.998,0.97,-0.03,0.26
1783968808.4979,11:53:28.497,0.97,-0.04,0.25
1783968808.9979,11:53:28.997,0.98,-0.01,0.22
1783968809.4976,11:53:29.497,0.98,-0.01,0.22
1783968809.9976,11:53:29.997,0.98,-0.03,0.20
1783968810.4983,11:53:30.498,0.98,-0.03,0.21
1783968810.9975,11:53:30.997,0.97,0.00,0.22
1783968811.4967,11:53:31.496,0.97,0.03,0.22
1783968811.9973,11:53:31.997,0.97,0.04,0.22
1783968812.4967,11:53:32.496,0.97,0.07,0.24
1783968812.9963,11:53:32.996,0.95,-0.06,0.32
1783968813.4968,11:53:33.496,0.93,-0.11,0.34
1783968813.9968,11:53:33.996,0.93,-0.13,0.33
1783968814.4958,11:53:34.495,0.94,-0.12,0.33
1783968814.9963,11:53:34.996,0.95,-0.09,0.31
1783968815.4966,11:53:35.496,0.96,-0.03,0.27
1783968815.9961,11:53:35.996,0.98,0.03,0.19
1783968816.496,11:53:36.496,0.99,0.07,0.15
1783968816.9964,11:53:36.996,0.99,0.08,0.14
1783968817.4962,11:53:37.496,0.98,0.10,0.15
1783968817.9961,11:53:37.996,0.98,0.20,0.08
1783968818.4959,11:53:38.495,0.96,0.29,0.01
1783968818.9953,11:53:38.995,0.95,0.31,0.00
1783968819.4956,11:53:39.495,0.96,0.27,0.03
1783968819.9952,11:53:39.995,0.98,0.20,0.09
1783968820.4944,11:53:40.494,0.97,0.21,0.11
1783968820.9947,11:53:40.994,0.97,0.19,0.14
1783968821.4947,11:53:41.494,0.97,0.14,0.18
1783968821.9938,11:53:41.993,0.97,0.15,0.17
1783968822.4935,11:53:42.493,0.97,0.15,0.17
1783968822.9938,11:53:42.993,0.97,0.09,0.21
1783968823.4934,11:53:43.493,0.97,0.06,0.22
1783968823.9935,11:53:43.993,0.97,0.07,0.22
1783968824.4933,11:53:44.493,0.98,0.09,0.20
1783968824.9929,11:53:44.992,0.97,0.20,0.12
1783968825.493,11:53:45.493,0.97,0.24,0.10
1783968825.9936,11:53:45.993,0.95,0.31,0.04
1783968826.493,11:53:46.493,0.93,0.38,-0.02
1783968826.9925,11:53:46.992,0.93,0.37,-0.03
1783968827.4925,11:53:47.492,0.93,0.36,0.00
1783968827.9923,11:53:47.992,0.93,0.36,0.02
1783968828.4924,11:53:48.492,0.94,0.35,0.04
1783968828.9926,11:53:48.992,0.93,0.36,0.04
1783968829.4917,11:53:49.491,0.94,0.35,0.01
1783968829.9912,11:53:49.991,0.94,0.33,0.00
1783968830.4914,11:53:50.491,0.92,0.38,-0.07
1783968830.9917,11:53:50.991,0.91,0.41,-0.10
1783968831.4913,11:53:51.491,0.90,0.44,-0.04
1783968831.9917,11:53:51.991,0.88,0.46,-0.06
1783968832.4917,11:53:52.491,0.94,0.34,0.02
1783968832.991,11:53:52.991,0.97,0.19,0.12
1783968833.4908,11:53:53.490,0.98,0.19,0.12
1783968833.9904,11:53:53.990,0.97,0.19,0.13
1783968834.4896,11:53:54.489,0.97,0.17,0.15
1783968834.9898,11:53:54.989,0.97,0.14,0.17
1783968835.4896,11:53:55.489,0.98,0.14,0.15
1783968835.9892,11:53:55.989,0.98,0.16,0.13
1783968836.4893,11:53:56.489,0.97,0.21,0.15
1783968836.9893,11:53:56.989,0.97,0.22,0.15
1783968837.4885,11:53:57.488,0.96,0.23,0.15
1783968837.9886,11:53:57.988,0.96,0.22,0.16
1783968838.4888,11:53:58.488,0.96,0.26,0.10
1783968838.9884,11:53:58.988,0.97,0.25,0.05
1783968839.4885,11:53:59.488,0.95,0.32,-0.01
1783968839.9887,11:53:59.988,0.95,0.30,0.01
1783968840.4879,11:54:00.487,0.95,0.31,0.05
1783968840.988,11:54:00.988,0.95,0.30,0.06
1783968841.4882,11:54:01.488,0.94,0.33,-0.02
1783968841.9882,11:54:01.988,0.95,0.31,-0.03
1783968842.4879,11:54:02.487,0.97,0.26,0.00
1783968842.9881,11:54:02.988,0.97,0.22,-0.02
1783968843.4879,11:54:03.487,0.97,0.22,-0.03
1783968843.9874,11:54:03.987,0.97,0.26,-0.02
1783968844.4878,11:54:04.487,0.96,0.27,-0.03
1783968844.9878,11:54:04.987,0.96,0.27,-0.04
1783968845.487,11:54:05.487,0.96,0.28,-0.05
1783968845.987,11:54:05.987,0.96,0.27,-0.02
1783968846.4864,11:54:06.486,0.97,0.22,0.02
1783968846.9861,11:54:06.986,0.98,0.21,0.02
1783968847.4865,11:54:07.486,0.98,0.20,0.03
1783968847.9863,11:54:07.986,0.95,0.29,-0.07
1783968848.486,11:54:08.486,0.95,0.30,-0.06
1783968848.986,11:54:08.986,0.96,0.29,-0.06
1783968849.4858,11:54:09.485,0.95,0.31,-0.06
1783968849.9853,11:54:09.985,0.96,0.29,-0.03
1783968850.4853,11:54:10.485,0.95,0.31,0.00
1783968850.9855,11:54:10.985,0.95,0.30,0.01
1783968851.4851,11:54:11.485,0.95,0.30,-0.01
1783968851.9855,11:54:11.985,0.95,0.31,-0.01
1783968852.4855,11:54:12.485,0.98,0.17,0.09
1783968852.9846,11:54:12.984,0.98,0.08,0.16
1783968853.484,11:54:13.484,0.98,0.00,0.21
1783968853.984,11:54:13.984,0.97,0.00,0.23
1783968854.4833,11:54:14.483,0.97,0.00,0.24
1783968854.9831,11:54:14.983,0.98,0.08,0.20
1783968855.4831,11:54:15.483,0.98,0.15,0.15
1783968855.983,11:54:15.983,0.98,0.14,0.17
1783968856.4832,11:54:16.483,0.97,0.08,0.22
1783968856.9832,11:54:16.983,0.96,0.01,0.27
1783968857.4831,11:54:17.483,0.95,-0.03,0.30
1783968857.9825,11:54:17.982,0.95,-0.07,0.29
1783968858.4825,11:54:18.482,0.95,-0.07,0.30
1783968858.983,11:54:18.983,0.96,0.01,0.28
1783968859.4824,11:54:19.482,0.96,0.06,0.26
1783968859.9826,11:54:19.982,0.97,0.12,0.22
1783968860.4828,11:54:20.482,0.97,0.18,0.16
1783968860.9823,11:54:20.982,0.97,0.21,0.09
1783968861.4823,11:54:21.482,0.97,0.25,0.05
1783968861.9821,11:54:21.982,0.96,0.29,0.07
1783968862.4816,11:54:22.481,0.96,0.28,0.08
1783968862.9818,11:54:22.981,0.94,0.33,0.04
1783968863.4816,11:54:23.481,0.94,0.33,0.07
1783968863.9811,11:54:23.981,0.95,0.31,0.08
1783968864.4811,11:54:24.481,0.95,0.29,0.09
1783968864.981,11:54:24.981,0.97,0.25,0.08
1783968865.4801,11:54:25.480,0.97,0.24,0.08
1783968865.9801,11:54:25.980,0.97,0.23,0.05
1783968866.4798,11:54:26.479,0.97,0.23,0.05
1783968866.9791,11:54:26.979,0.97,0.22,0.09
1783968867.4791,11:54:27.479,0.97,0.18,0.14
1783968867.9787,11:54:27.978,0.97,0.17,0.15
1783968868.4786,11:54:28.478,0.97,0.16,0.16
1783968868.9786,11:54:28.978,0.98,0.14,0.14
1783968869.4788,11:54:29.478,0.98,0.13,0.14
1783968869.9789,11:54:29.978,0.98,0.13,0.15
1783968870.4789,11:54:30.478,0.97,0.15,0.19
1783968870.9791,11:54:30.979,0.97,0.10,0.23
1783968871.479,11:54:31.479,0.96,0.07,0.26
1783968871.9788,11:54:31.978,0.96,0.07,0.26
1783968872.479,11:54:32.479,0.97,0.08,0.24
1783968872.9791,11:54:32.979,0.97,0.08,0.22
1783968873.4785,11:54:33.478,0.97,0.08,0.22
1783968873.9789,11:54:33.978,0.97,0.10,0.20
1783968874.4784,11:54:34.478,0.98,0.12,0.18
1783968874.9783,11:54:34.978,0.98,0.12,0.18
1783968875.4785,11:54:35.478,0.98,0.08,0.20
1783968875.9778,11:54:35.977,0.97,0.01,0.24
1783968876.4776,11:54:36.477,0.97,0.00,0.25
1783968876.9776,11:54:36.977,0.97,-0.01,0.26
1783968877.4773,11:54:37.477,0.96,0.00,0.27
1783968877.9765,11:54:37.976,0.97,0.04,0.26
1783968878.4764,11:54:38.476,0.97,0.10,0.21
1783968878.9769,11:54:38.976,0.97,0.17,0.17
1783968879.4763,11:54:39.476,0.97,0.19,0.15
1783968879.9763,11:54:39.976,0.96,0.23,0.13
1783968880.4766,11:54:40.476,0.97,0.25,0.07
1783968880.9762,11:54:40.976,0.96,0.26,0.07
1783968881.4762,11:54:41.476,0.97,0.21,0.12
1783968881.9761,11:54:41.976,0.97,0.22,0.09
1783968882.4751,11:54:42.475,0.98,0.20,0.07
1783968882.9749,11:54:42.974,0.98,0.20,0.06
1783968883.4752,11:54:43.475,0.98,0.21,0.01
1783968883.9746,11:54:43.974,0.97,0.23,-0.04
1783968884.4747,11:54:44.474,0.98,0.22,-0.04
1783968884.9744,11:54:44.974,0.99,0.15,0.08
1783968885.474,11:54:45.474,0.98,0.09,0.15
1783968885.9744,11:54:45.974,0.98,0.09,0.15
1783968886.4743,11:54:46.474,0.98,0.10,0.14
1783968886.9737,11:54:46.973,0.98,0.09,0.17
1783968887.4731,11:54:47.473,0.98,0.09,0.17
1783968887.9736,11:54:47.973,0.97,0.03,0.23
1783968888.4737,11:54:48.473,0.97,0.02,0.23
1783968888.9731,11:54:48.973,0.97,0.01,0.23
1783968889.4732,11:54:49.473,0.97,0.00,0.24
1783968889.973,11:54:49.973,0.96,-0.02,0.28
1783968890.4724,11:54:50.472,0.95,-0.02,0.30
1783968890.9727,11:54:50.972,0.96,0.01,0.29
1783968891.4729,11:54:51.472,0.96,0.02,0.29
1783968891.9722,11:54:51.972,0.96,0.03,0.27
1783968892.4727,11:54:52.472,0.97,0.03,0.26
1783968892.9727,11:54:52.972,0.97,0.06,0.23
1783968893.4725,11:54:53.472,0.97,0.11,0.21
1783968893.9724,11:54:53.972,0.97,0.18,0.17
1783968894.472,11:54:54.472,0.96,0.25,0.11
1783968894.9711,11:54:54.971,0.96,0.24,0.11
1783968895.4714,11:54:55.471,0.97,0.18,0.16
1783968895.971,11:54:55.971,0.97,0.13,0.19
1783968896.4702,11:54:56.470,0.97,0.12,0.20
1783968896.9707,11:54:56.970,0.98,0.12,0.19
1783968897.4703,11:54:57.470,0.98,0.13,0.18
1783968897.9693,11:54:57.969,0.98,0.15,0.16
1783968898.4693,11:54:58.469,0.97,0.17,0.18
1783968898.9695,11:54:58.969,0.97,0.18,0.16
1783968899.4695,11:54:59.469,0.97,0.15,0.17
1783968899.9695,11:54:59.969,0.98,0.16,0.15
1783968900.4698,11:55:00.469,0.97,0.25,0.08
1783968900.9698,11:55:00.969,0.96,0.28,0.07
1783968901.4696,11:55:01.469,0.97,0.17,0.16
1783968901.9697,11:55:01.969,0.97,0.15,0.18
1783968902.4689,11:55:02.468,0.97,0.16,0.16
1783968902.9685,11:55:02.968,0.98,0.14,0.16
1783968903.4692,11:55:03.469,0.98,0.11,0.18
1783968903.969,11:55:03.969,0.98,0.08,0.18
1783968904.469,11:55:04.469,0.98,0.08,0.16
1783968904.9693,11:55:04.969,0.99,0.10,0.12
1783968905.4688,11:55:05.468,0.99,0.12,0.09
1783968905.9684,11:55:05.968,0.99,0.14,0.08
1783968906.4685,11:55:06.468,0.98,0.20,0.08
1783968906.9683,11:55:06.968,0.96,0.26,0.06
1783968907.4677,11:55:07.467,0.96,0.27,0.07
1783968907.9678,11:55:07.967,0.95,0.32,0.05
1783968908.4676,11:55:08.467,0.94,0.34,0.05
1783968908.9672,11:55:08.967,0.94,0.35,0.06
1783968909.4675,11:55:09.467,0.94,0.33,0.08
1783968909.9671,11:55:09.967,0.95,0.29,0.12
1783968910.4669,11:55:10.466,0.97,0.20,0.17
1783968910.9667,11:55:10.966,0.97,0.17,0.19
1783968911.4661,11:55:11.466,0.97,0.14,0.20
1783968911.9655,11:55:11.965,0.97,0.15,0.21
1783968912.4658,11:55:12.465,0.97,0.15,0.22
1783968912.966,11:55:12.966,0.97,0.14,0.18
1783968913.4656,11:55:13.465,0.97,0.18,0.14
1783968913.9653,11:55:13.965,0.97,0.17,0.15
1783968914.4651,11:55:14.465,0.97,0.16,0.17
1783968914.9647,11:55:14.964,0.97,0.17,0.17
1783968915.465,11:55:15.465,0.97,0.19,0.13
1783968915.9652,11:55:15.965,0.97,0.19,0.12
1783968916.4648,11:55:16.464,0.98,0.19,0.12
1783968916.9645,11:55:16.964,0.95,0.30,0.03
1783968917.4647,11:55:17.464,0.94,0.35,-0.03
1783968917.9641,11:55:17.964,0.94,0.34,-0.06
1783968918.4638,11:55:18.463,0.94,0.34,-0.06
1783968918.9642,11:55:18.964,0.94,0.33,-0.05
1783968919.4638,11:55:19.463,0.94,0.33,-0.05
1783968919.9635,11:55:19.963,0.95,0.31,-0.01
1783968920.4637,11:55:20.463,0.95,0.31,0.00
1783968920.9637,11:55:20.963,0.96,0.30,0.02
1783968921.4635,11:55:21.463,0.96,0.28,0.06
1783968921.9639,11:55:21.963,0.95,0.29,0.09
1783968922.4637,11:55:22.463,0.96,0.27,0.11
1783968922.9632,11:55:22.963,0.97,0.22,0.12
1783968923.4634,11:55:23.463,0.97,0.20,0.13
1783968923.9632,11:55:23.963,0.97,0.21,0.11
1783968924.4625,11:55:24.462,0.97,0.23,0.09
1783968924.9627,11:55:24.962,0.97,0.22,0.08
1783968925.4625,11:55:25.462,0.98,0.13,0.16
1783968925.9618,11:55:25.961,0.98,0.13,0.15
1783968926.462,11:55:26.462,0.97,0.19,0.14
1783968926.9616,11:55:26.961,0.96,0.26,0.10
1783968927.4611,11:55:27.461,0.95,0.31,0.08
1783968927.9609,11:55:27.960,0.94,0.32,0.09
1783968928.4611,11:55:28.461,0.96,0.25,0.15
1783968928.9608,11:55:28.960,0.97,0.20,0.14
1783968929.4606,11:55:29.460,0.98,0.15,0.12
1783968929.9606,11:55:29.960,0.98,0.13,0.13
1783968930.4603,11:55:30.460,0.98,0.11,0.15
1783968930.9597,11:55:30.959,0.97,0.15,0.19
1783968931.4601,11:55:31.460,0.97,0.20,0.15
1783968931.9596,11:55:31.959,0.96,0.27,0.07
1783968932.46,11:55:32.460,0.96,0.25,0.08
1783968932.9599,11:55:32.959,0.97,0.26,0.05
1783968933.4597,11:55:33.459,0.96,0.28,0.04
1783968933.9595,11:55:33.959,0.96,0.29,0.03
1783968934.4593,11:55:34.459,0.96,0.26,0.05
1783968934.959,11:55:34.959,0.97,0.22,0.08
1783968935.4587,11:55:35.458,0.97,0.22,0.08
1783968935.9591,11:55:35.959,0.97,0.23,0.12
1783968936.4592,11:55:36.459,0.97,0.11,0.21
1783968936.9586,11:55:36.958,0.97,0.09,0.23
1783968937.4582,11:55:37.458,0.97,0.06,0.23
1783968937.9583,11:55:37.958,0.98,0.04,0.22
1783968938.4577,11:55:38.457,0.98,-0.01,0.20
1783968938.9577,11:55:38.957,0.98,-0.02,0.21
1783968939.4572,11:55:39.457,0.95,-0.09,0.29
1783968939.9572,11:55:39.957,0.95,-0.07,0.31
1783968940.4572,11:55:40.457,0.95,-0.07,0.32
1783968940.9569,11:55:40.956,0.96,0.01,0.27
1783968941.4565,11:55:41.456,0.97,0.04,0.24
1783968941.9563,11:55:41.956,0.97,0.05,0.22
1783968942.4563,11:55:42.456,0.97,0.06,0.21
1783968942.9563,11:55:42.956,0.98,0.08,0.20
1783968943.4566,11:55:43.456,0.98,0.08,0.20
1783968943.9567,11:55:43.956,0.98,0.07,0.20
1783968944.4561,11:55:44.456,0.98,0.07,0.19
1783968944.9557,11:55:44.955,0.98,0.05,0.20
1783968945.4558,11:55:45.455,0.98,0.03,0.21
1783968945.9554,11:55:45.955,0.98,0.03,0.22
1783968946.4556,11:55:46.455,0.98,0.08,0.19
1783968946.9563,11:55:46.956,0.98,0.11,0.17
1783968947.4559,11:55:47.455,0.97,0.18,0.17
1783968947.9555,11:55:47.955,0.96,0.21,0.19
1783968948.4553,11:55:48.455,0.96,0.24,0.16
1783968948.9551,11:55:48.955,0.96,0.22,0.18
1783968949.4547,11:55:49.454,0.96,0.19,0.19
1783968949.9548,11:55:49.954,0.97,0.16,0.21
1783968950.4548,11:55:50.454,0.97,0.14,0.20
1783968950.9546,11:55:50.954,0.97,0.14,0.18
1783968951.4549,11:55:51.454,0.98,0.13,0.17
1783968951.9545,11:55:51.954,0.97,0.19,0.13
1783968952.4545,11:55:52.454,0.97,0.20,0.14
1783968952.955,11:55:52.955,0.96,0.23,0.13
1783968953.4548,11:55:53.454,0.96,0.24,0.13
1783968953.954,11:55:53.954,0.96,0.27,0.12
1783968954.454,11:55:54.454,0.97,0.17,0.19
1783968954.9538,11:55:54.953,0.97,0.11,0.22
1783968955.4532,11:55:55.453,0.97,0.10,0.22
1783968955.9533,11:55:55.953,0.97,0.11,0.22
1783968956.4525,11:55:56.452,0.97,0.11,0.22
1783968956.9522,11:55:56.952,0.97,0.09,0.21
1783968957.452,11:55:57.452,0.98,0.08,0.18
1783968957.9518,11:55:57.951,0.98,0.07,0.19
1783968958.4511,11:55:58.451,0.97,0.01,0.24
1783968958.9513,11:55:58.951,0.96,0.00,0.27
1783968959.4513,11:55:59.451,0.96,0.00,0.27
1783968959.9505,11:55:59.950,0.97,0.06,0.24
1783968960.4505,11:56:00.450,0.97,0.13,0.20
1783968960.9507,11:56:00.950,0.97,0.15,0.19
1783968961.4507,11:56:01.450,0.97,0.15,0.20
1783968961.9509,11:56:01.950,0.97,0.14,0.21
1783968962.4509,11:56:02.450,0.97,0.17,0.18
1783968962.9508,11:56:02.950,0.96,0.21,0.15
1783968963.4508,11:56:03.450,0.97,0.22,0.14
1783968963.9507,11:56:03.950,0.96,0.24,0.12
1783968964.451,11:56:04.451,0.96,0.26,0.10
1783968964.9506,11:56:04.950,0.96,0.26,0.10
1783968965.4508,11:56:05.450,0.96,0.27,0.08
1783968965.9507,11:56:05.950,0.98,0.16,0.14
1783968966.45,11:56:06.450,0.98,0.04,0.22
1783968966.95,11:56:06.950,0.97,0.04,0.22
1783968967.4495,11:56:07.449,0.97,0.05,0.23
1783968967.9483,11:56:07.948,0.97,0.13,0.21
1783968968.4483,11:56:08.448,0.97,0.12,0.22
1783968968.948,11:56:08.948,0.97,0.12,0.22
1783968969.4476,11:56:09.447,0.97,0.08,0.23
1783968969.9476,11:56:09.947,0.97,0.09,0.20
1783968970.4479,11:56:10.447,0.97,0.08,0.21
1783968970.9471,11:56:10.947,0.97,0.08,0.21
1783968971.4469,11:56:11.446,0.97,0.07,0.21
1783968971.9474,11:56:11.947,0.97,0.03,0.25
1783968972.4473,11:56:12.447,0.96,-0.03,0.28
1783968972.9475,11:56:12.947,0.96,-0.07,0.29
1783968973.4474,11:56:13.447,0.96,-0.05,0.27
1783968973.9464,11:56:13.946,0.96,-0.04,0.27
1783968974.4462,11:56:14.446,0.97,-0.01,0.25
1783968974.9459,11:56:14.945,0.97,-0.01,0.25
1783968975.4455,11:56:15.445,0.96,-0.02,0.27
1783968975.9457,11:56:15.945,0.96,-0.02,0.28
1783968976.4464,11:56:16.446,0.97,0.02,0.26
1783968976.9462,11:56:16.946,0.97,0.04,0.25
1783968977.4458,11:56:17.445,0.97,0.05,0.25
1783968977.9457,11:56:17.945,0.97,0.04,0.23
1783968978.4453,11:56:18.445,0.97,0.00,0.26
1783968978.945,11:56:18.945,0.96,0.00,0.27
1783968979.4453,11:56:19.445,0.97,0.01,0.26
1783968979.9455,11:56:19.945,0.97,0.00,0.25
1783968980.4453,11:56:20.445,0.97,0.00,0.26
1783968980.9458,11:56:20.945,0.96,0.00,0.27
1783968981.4454,11:56:21.445,0.97,0.01,0.26
1783968981.945,11:56:21.945,0.96,-0.01,0.27
1783968982.4451,11:56:22.445,0.96,-0.04,0.29
1783968982.9451,11:56:22.945,0.96,-0.03,0.29
1783968983.4445,11:56:23.444,0.97,0.01,0.25
1783968983.9448,11:56:23.944,0.97,0.07,0.21
1783968984.444,11:56:24.444,0.97,0.13,0.19
1783968984.9434,11:56:24.943,0.97,0.13,0.20
1783968985.4433,11:56:25.443,0.97,0.17,0.18
1783968985.9429,11:56:25.942,0.97,0.17,0.19
1783968986.4421,11:56:26.442,0.97,0.19,0.18
1783968986.9422,11:56:26.942,0.97,0.19,0.18
1783968987.4419,11:56:27.441,0.97,0.19,0.16
1783968987.9413,11:56:27.941,0.97,0.21,0.12
1783968988.4416,11:56:28.441,0.97,0.21,0.12
1783968988.9412,11:56:28.941,0.98,0.09,0.20
1783968989.4406,11:56:29.440,0.95,-0.01,0.30
1783968989.9402,11:56:29.940,0.95,-0.02,0.30
1783968990.4406,11:56:30.440,0.95,-0.02,0.30
1783968990.94,11:56:30.940,0.96,0.01,0.29
1783968991.4401,11:56:31.440,0.96,0.04,0.27
1783968991.9403,11:56:31.940,0.96,0.05,0.28
1783968992.4403,11:56:32.440,0.96,0.04,0.28
1783968992.9402,11:56:32.940,0.96,0.02,0.29
1783968993.4408,11:56:33.440,0.96,0.02,0.29
1783968993.9404,11:56:33.940,0.96,0.01,0.28
1783968994.4403,11:56:34.440,0.97,0.05,0.24
1783968994.9407,11:56:34.940,0.97,0.04,0.23
1783968995.4408,11:56:35.440,0.97,0.03,0.24
1783968995.9402,11:56:35.940,0.96,0.03,0.27
1783968996.4406,11:56:36.440,0.96,0.00,0.29
1783968996.94,11:56:36.940,0.95,0.00,0.30
1783968997.4397,11:56:37.439,0.96,0.03,0.28
1783968997.9401,11:56:37.940,0.96,0.05,0.27
1783968998.4392,11:56:38.439,0.97,0.09,0.23
1783968998.9393,11:56:38.939,0.97,0.11,0.22
1783968999.4394,11:56:39.439,0.97,0.13,0.20
1783968999.9394,11:56:39.939,0.97,0.13,0.18
1783969000.4385,11:56:40.438,0.97,0.12,0.19
1783969000.9389,11:56:40.938,0.98,0.12,0.19
1783969001.4389,11:56:41.438,0.97,0.04,0.25
1783969001.9388,11:56:41.938,0.97,0.07,0.24
1783969002.4392,11:56:42.439,0.97,0.11,0.22
1783969002.9397,11:56:42.939,0.97,0.12,0.22
1783969003.4395,11:56:43.439,0.97,0.07,0.25
1783969003.9397,11:56:43.939,0.95,-0.02,0.32
1783969004.4394,11:56:44.439,0.94,-0.04,0.33
1783969004.9386,11:56:44.938,0.94,-0.07,0.34
1783969005.4386,11:56:45.438,0.94,-0.06,0.33
1783969005.9389,11:56:45.938,0.94,-0.05,0.33
1783969006.4385,11:56:46.438,0.95,-0.05,0.32
1783969006.9385,11:56:46.938,0.94,-0.05,0.33
1783969007.4386,11:56:47.438,0.94,-0.07,0.35
1783969007.938,11:56:47.938,0.93,-0.07,0.35
1783969008.4378,11:56:48.437,0.94,-0.06,0.35
1783969008.9375,11:56:48.937,0.95,-0.01,0.32
1783969009.4371,11:56:49.437,0.96,0.07,0.27
1783969009.9363,11:56:49.936,0.97,0.13,0.21
1783969010.436,11:56:50.436,0.97,0.14,0.21
1783969010.936,11:56:50.936,0.97,0.14,0.20
1783969011.436,11:56:51.436,0.97,0.16,0.18
1783969011.9363,11:56:51.936,0.97,0.18,0.15
1783969012.4353,11:56:52.435,0.96,0.23,0.13
1783969012.9343,11:56:52.934,0.95,0.29,0.11
1783969013.4345,11:56:53.434,0.94,0.34,0.09
1783969013.9337,11:56:53.933,0.93,0.36,0.08
1783969014.4331,11:56:54.433,0.93,0.35,0.08
1783969014.9331,11:56:54.933,0.95,0.32,0.06
1783969015.4333,11:56:55.433,0.97,0.19,0.12
1783969015.9327,11:56:55.932,0.97,0.20,0.11
1783969016.4328,11:56:56.432,0.96,0.24,0.14
1783969016.9325,11:56:56.932,0.96,0.26,0.13
1783969017.4323,11:56:57.432,0.96,0.24,0.13
1783969017.933,11:56:57.933,0.97,0.18,0.17
1783969018.433,11:56:58.433,0.97,0.13,0.20
1783969018.9324,11:56:58.932,0.97,0.12,0.20
1783969019.4329,11:56:59.432,0.97,0.11,0.22
1783969019.9325,11:56:59.932,0.97,0.06,0.23
1783969020.4321,11:57:00.432,0.97,0.05,0.24
1783969020.9324,11:57:00.932,0.96,0.07,0.25
1783969021.4326,11:57:01.432,0.96,0.10,0.25
1783969021.9326,11:57:01.932,0.96,0.10,0.25
1783969022.4326,11:57:02.432,0.96,0.04,0.28
1783969022.9329,11:57:02.932,0.96,0.03,0.27
1783969023.432,11:57:03.432,0.97,0.06,0.25
1783969023.932,11:57:03.932,0.97,0.05,0.24
1783969024.4324,11:57:04.432,0.96,0.00,0.27
1783969024.9319,11:57:04.931,0.96,-0.01,0.28
1783969025.4315,11:57:05.431,0.96,-0.01,0.28
1783969025.9315,11:57:05.931,0.97,0.03,0.23
1783969026.4306,11:57:06.430,0.98,0.04,0.22
1783969026.9298,11:57:06.929,0.98,0.08,0.18
1783969027.4298,11:57:07.429,0.98,0.09,0.18
1783969027.9291,11:57:07.929,0.98,0.07,0.19
1783969028.4283,11:57:08.428,0.98,0.06,0.20
1783969028.9285,11:57:08.928,0.97,0.07,0.22
1783969029.4282,11:57:09.428,0.98,0.12,0.18
1783969029.9274,11:57:09.927,0.97,0.14,0.18
1783969030.4276,11:57:10.427,0.98,0.15,0.16
1783969030.9275,11:57:10.927,0.97,0.17,0.15
1783969031.4269,11:57:11.426,0.97,0.21,0.12
1783969031.9273,11:57:11.927,0.97,0.20,0.12
1783969032.4274,11:57:12.427,0.97,0.19,0.16
1783969032.927,11:57:12.927,0.96,0.19,0.18
1783969033.4272,11:57:13.427,0.96,0.21,0.17
1783969033.9273,11:57:13.927,0.96,0.23,0.15
1783969034.4269,11:57:14.426,0.97,0.22,0.14
1783969034.9271,11:57:14.927,0.97,0.16,0.17
1783969035.4272,11:57:15.427,0.97,0.14,0.18
1783969035.9269,11:57:15.926,0.97,0.11,0.20
1783969036.4265,11:57:16.426,0.97,0.09,0.21
1783969036.9263,11:57:16.926,0.97,0.11,0.22
1783969037.426,11:57:17.426,0.97,0.09,0.24
1783969037.9258,11:57:17.925,0.96,0.03,0.29
1783969038.4262,11:57:18.426,0.96,0.04,0.26
1783969038.9257,11:57:18.925,0.97,0.03,0.24
1783969039.4257,11:57:19.425,0.97,0.00,0.25
1783969039.9259,11:57:19.925,0.95,-0.07,0.30
1783969040.4259,11:57:20.425,0.95,-0.06,0.31
1783969040.9255,11:57:20.925,0.95,-0.05,0.31
1783969041.4261,11:57:21.426,0.95,-0.03,0.32
1783969041.926,11:57:21.926,0.95,0.01,0.30
1783969042.4256,11:57:22.425,0.96,0.06,0.26
1783969042.9258,11:57:22.925,0.97,0.08,0.25
1783969043.4251,11:57:23.425,0.97,0.14,0.21
1783969043.9243,11:57:23.924,0.97,0.19,0.17
1783969044.425,11:57:24.425,0.97,0.20,0.16
1783969044.9248,11:57:24.924,0.96,0.23,0.12
1783969045.424,11:57:25.424,0.96,0.29,0.07
1783969045.9243,11:57:25.924,0.95,0.31,0.05
1783969046.4239,11:57:26.423,0.95,0.29,0.08
1783969046.9239,11:57:26.923,0.96,0.28,0.09
1783969047.4237,11:57:27.423,0.96,0.27,0.09
1783969047.9234,11:57:27.923,0.97,0.23,0.10
1783969048.4228,11:57:28.422,0.98,0.19,0.08
1783969048.923,11:57:28.923,0.99,0.16,0.07
1783969049.4224,11:57:29.422,0.99,0.11,0.10
1783969049.922,11:57:29.922,0.99,0.10,0.14
1783969050.4224,11:57:30.422,0.98,0.08,0.18
1783969050.9225,11:57:30.922,0.97,0.01,0.24
1783969051.4221,11:57:31.422,0.97,0.00,0.23
1783969051.9217,11:57:31.921,0.97,-0.01,0.24
1783969052.422,11:57:32.422,0.97,-0.01,0.24
1783969052.9212,11:57:32.921,0.97,0.05,0.25
1783969053.4208,11:57:33.420,0.97,0.11,0.22
1783969053.9209,11:57:33.920,0.97,0.16,0.20
1783969054.4203,11:57:34.420,0.97,0.15,0.18
1783969054.9197,11:57:34.919,0.98,0.14,0.15
1783969055.42,11:57:35.420,0.98,0.09,0.18
1783969055.9194,11:57:35.919,0.97,0.01,0.25
1783969056.4196,11:57:36.419,0.97,0.01,0.24
1783969056.9199,11:57:36.919,0.98,0.09,0.19
1783969057.4197,11:57:37.419,0.98,0.16,0.14
1783969057.9189,11:57:37.918,0.97,0.19,0.14
1783969058.4194,11:57:38.419,0.97,0.21,0.15
1783969058.9188,11:57:38.918,0.97,0.22,0.14
1783969059.4184,11:57:39.418,0.97,0.23,0.13
1783969059.9189,11:57:39.918,0.97,0.22,0.14
1783969060.4187,11:57:40.418,0.97,0.17,0.17
1783969060.9183,11:57:40.918,0.97,0.15,0.18
1783969061.4184,11:57:41.418,0.98,0.14,0.16
1783969061.9177,11:57:41.917,0.98,0.15,0.16
1783969062.4169,11:57:42.416,0.97,0.19,0.12
1783969062.917,11:57:42.917,0.97,0.20,0.12
1783969063.4168,11:57:43.416,0.97,0.19,0.13
1783969063.9164,11:57:43.916,0.97,0.20,0.12
1783969064.4165,11:57:44.416,0.97,0.21,0.11
1783969064.9163,11:57:44.916,0.98,0.19,0.07
1783969065.4161,11:57:45.416,0.98,0.16,0.10
1783969065.916,11:57:45.916,0.98,0.17,0.13
1783969066.4164,11:57:46.416,0.97,0.17,0.19
1783969066.9162,11:57:46.916,0.96,0.16,0.22
1783969067.4161,11:57:47.416,0.96,0.12,0.24
1783969067.9165,11:57:47.916,0.96,0.08,0.26
1783969068.4161,11:57:48.416,0.96,0.03,0.28
1783969068.9162,11:57:48.916,0.95,0.00,0.30
1783969069.4166,11:57:49.416,0.95,-0.01,0.30
1783969069.9156,11:57:49.915,0.95,-0.01,0.30
1783969070.415,11:57:50.415,0.96,0.00,0.28
1783969070.9158,11:57:50.915,0.96,0.02,0.27
1783969071.4156,11:57:51.415,0.96,0.02,0.26
1783969071.9153,11:57:51.915,0.96,0.02,0.26
1783969072.4156,11:57:52.415,0.94,-0.08,0.33
1783969072.9152,11:57:52.915,0.94,-0.11,0.33
1783969073.4147,11:57:53.414,0.94,-0.11,0.32
1783969073.9149,11:57:53.914,0.93,-0.15,0.32
1783969074.4141,11:57:54.414,0.93,-0.15,0.32
1783969074.9138,11:57:54.913,0.93,-0.15,0.33
1783969075.414,11:57:55.414,0.93,-0.14,0.34
1783969075.9139,11:57:55.913,0.93,-0.14,0.35
1783969076.4134,11:57:56.413,0.94,-0.11,0.33
1783969076.9136,11:57:56.913,0.96,-0.06,0.29
1783969077.4128,11:57:57.412,0.96,-0.03,0.26
1783969077.9123,11:57:57.912,0.97,-0.05,0.25
1783969078.4123,11:57:58.412,0.97,-0.08,0.24
1783969078.9119,11:57:58.911,0.96,-0.14,0.26
1783969079.4115,11:57:59.411,0.95,-0.14,0.26
1783969079.9113,11:57:59.911,0.96,-0.10,0.26
1783969080.4119,11:58:00.411,0.96,-0.09,0.25
1783969080.9117,11:58:00.911,0.96,-0.08,0.25
1783969081.4112,11:58:01.411,0.96,-0.08,0.25
1783969081.9116,11:58:01.911,0.97,-0.03,0.24
1783969082.4113,11:58:02.411,0.97,-0.01,0.25
1783969082.9111,11:58:02.911,0.97,0.01,0.26
1783969083.4109,11:58:03.410,0.96,-0.01,0.26
1783969083.9105,11:58:03.910,0.96,-0.01,0.26
1783969084.4108,11:58:04.410,0.97,0.01,0.25
1783969084.9108,11:58:04.910,0.97,0.02,0.24
1783969085.4104,11:58:05.410,0.97,0.02,0.24
1783969085.9105,11:58:05.910,0.97,-0.03,0.23
1783969086.4109,11:58:06.410,0.98,-0.04,0.21
1783969086.9105,11:58:06.910,0.98,-0.02,0.20
1783969087.4104,11:58:07.410,0.98,-0.01,0.21
1783969087.9106,11:58:07.910,0.98,-0.01,0.22
1783969088.4103,11:58:08.410,0.97,-0.03,0.25
1783969088.9097,11:58:08.909,0.96,-0.06,0.28
1783969089.4099,11:58:09.409,0.95,-0.09,0.29
1783969089.9097,11:58:09.909,0.94,-0.12,0.31
1783969090.4092,11:58:10.409,0.94,-0.11,0.32
1783969090.9096,11:58:10.909,0.94,-0.08,0.33
1783969091.4098,11:58:11.409,0.95,-0.01,0.31
1783969091.9091,11:58:11.909,0.96,0.03,0.28
1783969092.4089,11:58:12.408,0.96,0.03,0.28
1783969092.9083,11:58:12.908,0.96,0.02,0.28
1783969093.4078,11:58:13.407,0.97,0.04,0.25
1783969093.9077,11:58:13.907,0.96,0.02,0.27
1783969094.4077,11:58:14.407,0.95,-0.04,0.32
1783969094.907,11:58:14.907,0.95,-0.05,0.32
1783969095.407,11:58:15.407,0.95,-0.05,0.30
1783969095.9074,11:58:15.907,0.96,-0.01,0.28
1783969096.4077,11:58:16.407,0.96,0.02,0.28
1783969096.9079,11:58:16.907,0.97,0.09,0.24
1783969097.4075,11:58:17.407,0.97,0.09,0.23
1783969097.9072,11:58:17.907,0.97,0.04,0.25
1783969098.4067,11:58:18.406,0.97,0.04,0.25
1783969098.9074,11:58:18.907,0.97,0.05,0.25
1783969099.4069,11:58:19.406,0.96,0.01,0.28
1783969099.9061,11:58:19.906,0.96,0.01,0.27
1783969100.4065,11:58:20.406,0.96,0.02,0.26
1783969100.9062,11:58:20.906,0.97,0.10,0.23
1783969101.4058,11:58:21.405,0.97,0.12,0.21
1783969101.9062,11:58:21.906,0.97,0.13,0.21
1783969102.4055,11:58:22.405,0.97,0.11,0.22
1783969102.9055,11:58:22.905,0.98,0.09,0.19
1783969103.4053,11:58:23.405,0.98,0.02,0.20
1783969103.9048,11:58:23.904,0.98,0.01,0.20
1783969104.4046,11:58:24.404,0.98,0.02,0.19
1783969104.9048,11:58:24.904,0.98,0.03,0.18
1783969105.4047,11:58:25.404,0.99,0.03,0.17
1783969105.9041,11:58:25.904,0.98,0.04,0.17
1783969106.4047,11:58:26.404,0.98,0.04,0.18
1783969106.905,11:58:26.905,0.97,0.05,0.23
1783969107.4042,11:58:27.404,0.96,0.04,0.27
1783969107.9044,11:58:27.904,0.96,0.02,0.29
1783969108.4043,11:58:28.404,0.95,-0.02,0.32
1783969108.9033,11:58:28.903,0.95,-0.03,0.32
1783969109.4035,11:58:29.403,0.95,-0.02,0.32
1783969109.904,11:58:29.904,0.96,0.01,0.28
1783969110.403,11:58:30.403,0.96,0.02,0.27
1783969110.903,11:58:30.903,0.96,0.03,0.26
1783969111.4033,11:58:31.403,0.96,-0.02,0.28
1783969111.9029,11:58:31.902,0.96,-0.03,0.27
1783969112.4029,11:58:32.402,0.97,-0.02,0.26
1783969112.903,11:58:32.903,0.97,0.00,0.24
1783969113.4023,11:58:33.402,0.97,0.03,0.24
1783969113.9023,11:58:33.902,0.97,0.09,0.24
1783969114.4026,11:58:34.402,0.97,0.15,0.20
1783969114.902,11:58:34.902,0.97,0.16,0.19
1783969115.4017,11:58:35.401,0.97,0.19,0.17
1783969115.9014,11:58:35.901,0.97,0.18,0.18
1783969116.401,11:58:36.401,0.96,0.25,0.15
1783969116.9006,11:58:36.900,0.96,0.24,0.15
1783969117.4011,11:58:37.401,0.96,0.23,0.15
1783969117.9007,11:58:37.900,0.96,0.20,0.17
1783969118.4005,11:58:38.400,0.96,0.15,0.22
1783969118.9004,11:58:38.900,0.97,0.12,0.20
1783969119.4002,11:58:39.400,0.97,0.12,0.21
1783969119.8996,11:58:39.899,0.97,0.16,0.19
1783969120.3997,11:58:40.399,0.97,0.18,0.18
1783969120.8998,11:58:40.899,0.97,0.21,0.15
1783969121.399,11:58:41.399,0.97,0.22,0.10
1783969121.8993,11:58:41.899,0.96,0.27,0.05
1783969122.3991,11:58:42.399,0.96,0.28,0.05
1783969122.8985,11:58:42.898,0.96,0.27,0.09
1783969123.399,11:58:43.399,0.97,0.17,0.17
1783969123.899,11:58:43.899,0.97,0.13,0.21
1783969124.3988,11:58:44.398,0.97,0.13,0.21
1783969124.8987,11:58:44.898,0.96,0.09,0.25
1783969125.3983,11:58:45.398,0.96,0.07,0.27
1783969125.8977,11:58:45.897,0.96,0.05,0.27
1783969126.3979,11:58:46.397,0.97,0.06,0.24
1783969126.898,11:58:46.898,0.97,0.05,0.22
1783969127.3972,11:58:47.397,0.98,0.09,0.19
1783969127.8972,11:58:47.897,0.98,0.14,0.16
1783969128.3975,11:58:48.397,0.96,0.25,0.09
1783969128.8973,11:58:48.897,0.96,0.27,0.10
1783969129.3971,11:58:49.397,0.96,0.27,0.09
1783969129.8972,11:58:49.897,0.96,0.27,0.09
1783969130.3968,11:58:50.396,0.96,0.26,0.10
1783969130.8966,11:58:50.896,0.96,0.25,0.12
1783969131.3965,11:58:51.396,0.96,0.24,0.13
1783969131.8965,11:58:51.896,0.97,0.21,0.15
1783969132.3959,11:58:52.395,0.97,0.13,0.21
1783969132.8966,11:58:52.896,0.97,0.12,0.22
1783969133.3966,11:58:53.396,0.97,0.09,0.24
1783969133.896,11:58:53.896,0.97,0.07,0.24
1783969134.3959,11:58:54.395,0.97,0.05,0.25
1783969134.8957,11:58:54.895,0.96,0.06,0.25
1783969135.3947,11:58:55.394,0.97,0.03,0.26
1783969135.895,11:58:55.895,0.97,0.02,0.25
1783969136.3948,11:58:56.394,0.97,-0.01,0.26
1783969136.894,11:58:56.894,0.97,-0.01,0.24
1783969137.3945,11:58:57.394,0.98,0.00,0.20
1783969137.8949,11:58:57.894,0.98,0.05,0.18
1783969138.394,11:58:58.394,0.99,0.06,0.16
1783969138.8947,11:58:58.894,0.98,0.02,0.20
1783969139.3951,11:58:59.395,0.98,0.02,0.19
1783969139.8941,11:58:59.894,0.98,0.16,0.10
1783969140.394,11:59:00.394,0.98,0.19,0.12
1783969140.8938,11:59:00.893,0.97,0.19,0.12
1783969141.3934,11:59:01.393,0.97,0.19,0.14
1783969141.8931,11:59:01.893,0.97,0.22,0.12
1783969142.3929,11:59:02.392,0.96,0.25,0.12
1783969142.8921,11:59:02.892,0.95,0.30,0.11
1783969143.3922,11:59:03.392,0.95,0.28,0.12
1783969143.8928,11:59:03.892,0.96,0.22,0.17
1783969144.3925,11:59:04.392,0.96,0.09,0.25
1783969144.8926,11:59:04.892,0.96,0.08,0.26
1783969145.393,11:59:05.393,0.97,0.07,0.23
1783969145.8925,11:59:05.892,0.97,0.07,0.23
1783969146.3919,11:59:06.391,0.97,0.09,0.24
1783969146.8921,11:59:06.892,0.97,0.11,0.23
1783969147.3916,11:59:07.391,0.96,0.09,0.25
1783969147.8917,11:59:07.891,0.96,0.05,0.27
1783969148.3917,11:59:08.391,0.96,0.03,0.28
1783969148.8915,11:59:08.891,0.97,0.09,0.22
1783969149.3908,11:59:09.390,0.97,0.10,0.20
1783969149.891,11:59:09.891,0.97,0.10,0.21
1783969150.3907,11:59:10.390,0.96,0.02,0.27
1783969150.8905,11:59:10.890,0.96,-0.03,0.28
1783969151.3903,11:59:11.390,0.96,-0.04,0.28
1783969151.8905,11:59:11.890,0.96,-0.02,0.29
1783969152.3898,11:59:12.389,0.97,0.04,0.25
1783969152.89,11:59:12.890,0.97,0.10,0.21
1783969153.3894,11:59:13.389,0.97,0.15,0.16
1783969153.8891,11:59:13.889,0.97,0.17,0.16
1783969154.3895,11:59:14.389,0.97,0.17,0.17
1783969154.8893,11:59:14.889,0.97,0.09,0.23
1783969155.389,11:59:15.389,0.97,0.06,0.25
1783969155.8892,11:59:15.889,0.97,0.04,0.26
1783969156.3894,11:59:16.389,0.97,0.02,0.26
1783969156.8891,11:59:16.889,0.97,0.03,0.25
1783969157.3885,11:59:17.388,0.98,0.12,0.19
1783969157.8883,11:59:17.888,0.97,0.15,0.18
1783969158.388,11:59:18.388,0.97,0.15,0.18
1783969158.888,11:59:18.888,0.98,0.13,0.15
1783969159.388,11:59:19.388,0.98,0.17,0.12
1783969159.8874,11:59:19.887,0.97,0.22,0.08
1783969160.3876,11:59:20.387,0.97,0.23,0.07
1783969160.8878,11:59:20.887,0.97,0.23,0.07
1783969161.3873,11:59:21.387,0.97,0.25,0.08
1783969161.8867,11:59:21.886,0.97,0.22,0.11
1783969162.3871,11:59:22.387,0.97,0.19,0.14
1783969162.8868,11:59:22.886,0.97,0.10,0.20
1783969163.3862,11:59:23.386,0.97,0.03,0.23
1783969163.8866,11:59:23.886,0.98,0.04,0.22
1783969164.3867,11:59:24.386,0.98,0.08,0.19
1783969164.8855,11:59:24.885,0.97,0.09,0.20
1783969165.3859,11:59:25.385,0.98,0.12,0.18
1783969165.8859,11:59:25.885,0.98,0.14,0.17
1783969166.3855,11:59:26.385,0.97,0.18,0.15
1783969166.8861,11:59:26.886,0.96,0.22,0.15
1783969167.3862,11:59:27.386,0.96,0.23,0.15
1783969167.8856,11:59:27.885,0.97,0.17,0.16
1783969168.3856,11:59:28.385,0.97,0.16,0.16
1783969168.8853,11:59:28.885,0.97,0.13,0.18
1783969169.3851,11:59:29.385,0.98,0.11,0.16
1783969169.8847,11:59:29.884,0.98,0.18,0.11
1783969170.3842,11:59:30.384,0.98,0.19,0.09
1783969170.8838,11:59:30.883,0.97,0.25,0.03
1783969171.3836,11:59:31.383,0.95,0.32,-0.01
1783969171.8837,11:59:31.883,0.93,0.37,-0.02
1783969172.3831,11:59:32.383,0.93,0.38,-0.02
1783969172.8835,11:59:32.883,0.93,0.37,-0.05
1783969173.3836,11:59:33.383,0.93,0.37,-0.05
1783969173.8834,11:59:33.883,0.93,0.36,0.03
1783969174.383,11:59:34.383,0.94,0.34,0.08
1783969174.8833,11:59:34.883,0.95,0.30,0.11
1783969175.3827,11:59:35.382,0.96,0.24,0.15
1783969175.8821,11:59:35.882,0.97,0.18,0.19
1783969176.3824,11:59:36.382,0.97,0.14,0.22
1783969176.8818,11:59:36.881,0.96,0.12,0.23
1783969177.3814,11:59:37.381,0.96,0.15,0.22
1783969177.8815,11:59:37.881,0.97,0.17,0.19
1783969178.3815,11:59:38.381,0.96,0.27,0.09
1783969178.8809,11:59:38.880,0.93,0.37,-0.01
1783969179.3814,11:59:39.381,0.92,0.39,-0.03
1783969179.881,11:59:39.881,0.94,0.33,0.01
1783969180.3808,11:59:40.380,0.96,0.29,0.05
1783969180.8815,11:59:40.881,0.97,0.21,0.10
1783969181.3816,11:59:41.381,0.98,0.15,0.12
1783969181.8811,11:59:41.881,0.99,0.14,0.09
1783969182.3816,11:59:42.381,0.99,0.15,0.07
1783969182.8806,11:59:42.880,0.99,0.15,0.07
1783969183.3798,11:59:43.379,0.97,0.24,0.10
1783969183.88,11:59:43.880,0.96,0.27,0.08
1783969184.3802,11:59:44.380,0.96,0.25,0.09
1783969184.8794,11:59:44.879,0.97,0.24,0.10
1783969185.3793,11:59:45.379,0.97,0.22,0.12
1783969185.8793,11:59:45.879,0.96,0.25,0.10
1783969186.3787,11:59:46.378,0.95,0.29,0.09
1783969186.8786,11:59:46.878,0.92,0.40,0.03
1783969187.3788,11:59:47.378,0.92,0.40,0.03
1783969187.8784,11:59:47.878,0.92,0.39,0.03
1783969188.3787,11:59:48.378,0.96,0.28,0.09
1783969188.8785,11:59:48.878,0.97,0.21,0.14
1783969189.3779,11:59:49.377,0.97,0.22,0.14
1783969189.8776,11:59:49.877,0.96,0.23,0.15
1783969190.3774,11:59:50.377,0.94,0.32,0.08
1783969190.877,11:59:50.877,0.93,0.36,0.05
1783969191.3767,11:59:51.376,0.93,0.37,0.04
1783969191.8769,11:59:51.876,0.94,0.35,0.04
1783969192.3768,11:59:52.376,0.95,0.28,0.09
1783969192.8767,11:59:52.876,0.97,0.21,0.15
1783969193.3773,11:59:53.377,0.97,0.19,0.17
1783969193.8767,11:59:53.876,0.97,0.18,0.18
1783969194.3764,11:59:54.376,0.97,0.14,0.22
1783969194.8766,11:59:54.876,0.96,0.15,0.22
1783969195.376,11:59:55.376,0.96,0.18,0.20
1783969195.8755,11:59:55.875,0.96,0.18,0.20
1783969196.3759,11:59:56.375,0.97,0.13,0.22
1783969196.8763,11:59:56.876,0.97,0.11,0.22
1783969197.3758,11:59:57.375,0.97,0.11,0.23
1783969197.8754,11:59:57.875,0.97,0.11,0.23
1783969198.3753,11:59:58.375,0.96,0.19,0.19
1783969198.8752,11:59:58.875,0.96,0.27,0.13
1783969199.375,11:59:59.375,0.95,0.28,0.13
1783969199.8752,11:59:59.875,0.96,0.25,0.13
1783969200.3743,12:00:00.374,0.96,0.26,0.09
1783969200.8743,12:00:00.874,0.95,0.30,-0.02
1783969201.3743,12:00:01.374,0.89,0.41,-0.20
1783969201.8739,12:00:01.873,0.81,0.50,-0.30
1783969202.3735,12:00:02.373,0.83,0.51,-0.24
1783969202.8735,12:00:02.873,0.83,0.51,-0.22
1783969203.3732,12:00:03.373,0.83,0.51,-0.23
1783969203.8728,12:00:03.872,0.82,0.53,-0.24
1783969204.3732,12:00:04.373,0.81,0.54,-0.22
1783969204.8729,12:00:04.872,0.90,0.42,-0.07
1783969205.3727,12:00:05.372,0.96,0.26,0.11
1783969205.8727,12:00:05.872,0.97,0.20,0.16
1783969206.3722,12:00:06.372,0.96,0.22,0.15
1783969206.8718,12:00:06.871,0.94,0.32,0.08
1783969207.3722,12:00:07.372,0.90,0.44,0.00
1783969207.8719,12:00:07.871,0.89,0.45,-0.03
1783969208.3717,12:00:08.371,0.89,0.45,-0.02
1783969208.8721,12:00:08.872,0.87,0.49,-0.03
1783969209.3718,12:00:09.371,0.89,0.45,-0.01
1783969209.8716,12:00:09.871,0.91,0.42,0.03
1783969210.3722,12:00:10.372,0.93,0.37,0.06
1783969210.8715,12:00:10.871,0.94,0.33,0.09
1783969211.3707,12:00:11.370,0.94,0.33,0.08
1783969211.8709,12:00:11.870,0.94,0.32,0.09
1783969212.3712,12:00:12.371,0.97,0.23,0.10
1783969212.8708,12:00:12.870,0.97,0.22,0.11
1783969213.3714,12:00:13.371,0.97,0.21,0.14
1783969213.8713,12:00:13.871,0.97,0.18,0.16
1783969214.3705,12:00:14.370,0.97,0.14,0.18
1783969214.8707,12:00:14.870,0.98,0.13,0.18
1783969215.3704,12:00:15.370,0.98,0.14,0.16
1783969215.8696,12:00:15.869,0.98,0.18,0.13
1783969216.3696,12:00:16.369,0.97,0.24,0.09
1783969216.87,12:00:16.870,0.96,0.27,0.07
1783969217.3693,12:00:17.369,0.96,0.30,0.02
1783969217.8693,12:00:17.869,0.95,0.33,-0.01
1783969218.369,12:00:18.369,0.94,0.33,0.01
1783969218.8686,12:00:18.868,0.95,0.30,0.08
1783969219.3684,12:00:19.368,0.97,0.16,0.18
1783969219.8687,12:00:19.868,0.98,0.14,0.17
1783969220.3683,12:00:20.368,0.98,0.15,0.15
1783969220.8679,12:00:20.867,0.99,0.09,0.12
1783969221.3684,12:00:21.368,0.99,0.07,0.14
1783969221.8676,12:00:21.867,0.99,0.07,0.10
1783969222.3676,12:00:22.367,0.99,0.09,0.06
1783969222.8681,12:00:22.868,0.99,0.08,0.06
1783969223.3675,12:00:23.367,0.99,0.08,0.09
1783969223.8679,12:00:23.867,0.99,0.08,0.11
1783969224.3684,12:00:24.368,0.99,0.07,0.13
1783969224.8676,12:00:24.867,0.99,0.09,0.11
1783969225.3672,12:00:25.367,0.99,0.12,0.09
1783969225.8671,12:00:25.867,0.99,0.17,0.01
1783969226.3668,12:00:26.366,0.98,0.19,-0.01
1783969226.8664,12:00:26.866,0.99,0.15,0.06
1783969227.3667,12:00:27.366,0.98,0.17,0.07
1783969227.8669,12:00:27.866,0.98,0.18,0.05
1783969228.3662,12:00:28.366,0.97,0.24,0.00
1783969228.8663,12:00:28.866,0.96,0.26,-0.03
1783969229.3657,12:00:29.365,0.96,0.27,-0.02
1783969229.8651,12:00:29.865,0.98,0.17,0.10
1783969230.365,12:00:30.365,0.98,0.14,0.13
1783969230.8652,12:00:30.865,0.98,0.14,0.13
1783969231.3646,12:00:31.364,0.97,0.19,0.13
1783969231.8649,12:00:31.864,0.96,0.23,0.12
1783969232.3651,12:00:32.365,0.96,0.25,0.11
1783969232.8649,12:00:32.864,0.96,0.26,0.08
1783969233.3649,12:00:33.364,0.94,0.33,-0.04
1783969233.8651,12:00:33.865,0.91,0.38,-0.18
1783969234.3645,12:00:34.364,0.88,0.41,-0.22
1783969234.8646,12:00:34.864,0.87,0.44,-0.24
1783969235.3646,12:00:35.364,0.86,0.48,-0.17
1783969235.8642,12:00:35.864,0.85,0.51,-0.11
1783969236.3645,12:00:36.364,0.83,0.54,-0.12
1783969236.8643,12:00:36.864,0.83,0.54,-0.13
1783969237.3641,12:00:37.364,0.86,0.50,-0.14
1783969237.8638,12:00:37.863,0.86,0.49,-0.13
1783969238.3632,12:00:38.363,0.86,0.49,-0.14
1783969238.8626,12:00:38.862,0.84,0.51,-0.19
1783969239.3627,12:00:39.362,0.84,0.49,-0.25
1783969239.8631,12:00:39.863,0.82,0.49,-0.29
1783969240.3634,12:00:40.363,0.84,0.47,-0.28
1783969240.8626,12:00:40.862,0.93,0.36,-0.12
1783969241.363,12:00:41.363,0.96,0.25,0.09
1783969241.8629,12:00:41.862,0.97,0.15,0.17
1783969242.3628,12:00:42.362,0.98,0.15,0.17
1783969242.8632,12:00:42.863,0.95,0.32,0.05
1783969243.3631,12:00:43.363,0.94,0.33,0.03
1783969243.8621,12:00:43.862,0.90,0.42,-0.09
1783969244.3621,12:00:44.362,0.88,0.46,-0.13
1783969244.8614,12:00:44.861,0.89,0.45,-0.11
1783969245.3612,12:00:45.361,0.93,0.36,-0.05
1783969245.861,12:00:45.861,0.97,0.22,0.08
1783969246.3609,12:00:46.360,0.98,0.17,0.12
1783969246.8601,12:00:46.860,0.98,0.16,0.14
1783969247.3605,12:00:47.360,0.96,0.26,0.09
1783969247.8606,12:00:47.860,0.97,0.22,0.13
1783969248.3604,12:00:48.360,0.97,0.17,0.18
1783969248.86,12:00:48.860,0.97,0.13,0.20
1783969249.3601,12:00:49.360,0.97,0.04,0.25
1783969249.8591,12:00:49.859,0.97,0.01,0.26
1783969250.3589,12:00:50.358,0.96,0.00,0.26
1783969250.8594,12:00:50.859,0.96,0.00,0.26
1783969251.3594,12:00:51.359,0.96,0.01,0.27
1783969251.859,12:00:51.859,0.96,0.01,0.27
1783969252.3591,12:00:52.359,0.96,0.00,0.29
1783969252.8585,12:00:52.858,0.97,0.09,0.24
1783969253.3577,12:00:53.357,0.97,0.18,0.18
1783969253.8581,12:00:53.858,0.97,0.20,0.17
1783969254.3577,12:00:54.357,0.97,0.20,0.15
1783969254.8575,12:00:54.857,0.97,0.20,0.15
1783969255.3574,12:00:55.357,0.97,0.20,0.15
1783969255.8574,12:00:55.857,0.96,0.25,0.12
1783969256.3566,12:00:56.356,0.96,0.23,0.13
1783969256.8573,12:00:56.857,0.97,0.22,0.13
1783969257.3573,12:00:57.357,0.97,0.20,0.15
1783969257.8569,12:00:57.856,0.95,0.28,0.11
1783969258.3572,12:00:58.357,0.96,0.26,0.06
1783969258.857,12:00:58.857,0.97,0.25,-0.03
1783969259.3562,12:00:59.356,0.96,0.26,-0.09
1783969259.8562,12:00:59.856,0.95,0.29,-0.10
1783969260.3562,12:01:00.356,0.94,0.32,-0.09
1783969260.8556,12:01:00.855,0.94,0.35,-0.06
1783969261.3559,12:01:01.355,0.92,0.39,0.02
1783969261.8559,12:01:01.855,0.92,0.38,0.02
1783969262.3556,12:01:02.355,0.94,0.33,0.06
1783969262.8556,12:01:02.855,0.96,0.27,0.09
1783969263.3552,12:01:03.355,0.96,0.28,0.07
1783969263.8544,12:01:03.854,0.97,0.24,0.04
1783969264.3547,12:01:04.354,0.97,0.24,-0.05
1783969264.8549,12:01:04.854,0.95,0.29,-0.10
1783969265.3539,12:01:05.353,0.94,0.32,-0.10
1783969265.8541,12:01:05.854,0.95,0.32,-0.07
1783969266.3541,12:01:06.354,0.95,0.30,-0.05
1783969266.8539,12:01:06.853,0.97,0.24,0.02
1783969267.3534,12:01:07.353,0.97,0.23,0.04
1783969267.854,12:01:07.854,0.98,0.21,0.06
1783969268.3534,12:01:08.353,0.97,0.18,0.13
1783969268.8535,12:01:08.853,0.98,0.16,0.15
1783969269.3539,12:01:09.353,0.98,0.12,0.19
1783969269.8537,12:01:09.853,0.97,0.05,0.23
1783969270.3532,12:01:10.353,0.97,0.04,0.24
1783969270.8538,12:01:10.853,0.97,0.03,0.25
1783969271.3534,12:01:11.353,0.97,0.06,0.23
1783969271.8525,12:01:11.852,0.97,0.06,0.22
1783969272.3531,12:01:12.353,0.97,0.06,0.24
1783969272.8527,12:01:12.852,0.97,0.06,0.24
1783969273.352,12:01:13.352,0.97,0.06,0.25
1783969273.8523,12:01:13.852,0.97,0.06,0.23
1783969274.3519,12:01:14.351,0.98,0.09,0.18
1783969274.8512,12:01:14.851,0.98,0.19,0.07
1783969275.351,12:01:15.351,0.98,0.20,0.07
1783969275.8506,12:01:15.850,0.98,0.17,0.10
1783969276.3502,12:01:16.350,0.97,0.12,0.19
1783969276.8505,12:01:16.850,0.97,0.11,0.20
1783969277.3503,12:01:17.350,0.97,0.08,0.21
1783969277.85,12:01:17.850,0.97,0.02,0.26
1783969278.3502,12:01:18.350,0.96,0.01,0.27
1783969278.8502,12:01:18.850,0.96,-0.01,0.27
1783969279.3493,12:01:19.349,0.98,0.10,0.20
1783969279.8494,12:01:19.849,0.98,0.09,0.20
1783969280.3492,12:01:20.349,0.98,0.13,0.14
1783969280.8491,12:01:20.849,0.97,0.20,0.09
1783969281.3491,12:01:21.349,0.97,0.24,0.05
1783969281.8492,12:01:21.849,0.97,0.24,0.05
1783969282.3492,12:01:22.349,0.97,0.22,0.08
1783969282.8488,12:01:22.848,0.97,0.21,0.13
1783969283.3493,12:01:23.349,0.97,0.22,0.12
1783969283.8491,12:01:23.849,0.96,0.27,0.09
1783969284.3485,12:01:24.348,0.95,0.30,0.05
1783969284.8488,12:01:24.848,0.95,0.32,0.04
1783969285.3486,12:01:25.348,0.94,0.34,0.02
1783969285.8478,12:01:25.847,0.94,0.34,0.02
1783969286.3479,12:01:26.347,0.96,0.29,0.07
1783969286.8479,12:01:26.847,0.97,0.20,0.11
1783969287.3473,12:01:27.347,0.98,0.14,0.16
1783969287.8478,12:01:27.847,0.97,0.13,0.19
1783969288.3472,12:01:28.347,0.97,0.17,0.18
1783969288.8468,12:01:28.846,0.97,0.15,0.18
1783969289.3473,12:01:29.347,0.97,0.11,0.19
1783969289.8466,12:01:29.846,0.97,0.11,0.20
1783969290.346,12:01:30.346,0.97,0.11,0.20
1783969290.8461,12:01:30.846,0.97,0.04,0.23
1783969291.3461,12:01:31.346,0.98,0.02,0.21
1783969291.8457,12:01:31.845,0.97,-0.04,0.24
1783969292.346,12:01:32.346,0.96,-0.05,0.26
1783969292.8456,12:01:32.845,0.96,-0.06,0.26
1783969293.3448,12:01:33.344,0.96,-0.06,0.26
1783969293.8453,12:01:33.845,0.97,-0.01,0.26
1783969294.3451,12:01:34.345,0.97,0.13,0.18
1783969294.8447,12:01:34.844,0.96,0.25,0.09
1783969295.3448,12:01:35.344,0.95,0.30,0.07
1783969295.8446,12:01:35.844,0.94,0.33,0.04
1783969296.3442,12:01:36.344,0.95,0.31,0.04
1783969296.8443,12:01:36.844,0.96,0.25,0.09
1783969297.3446,12:01:37.344,0.98,0.15,0.16
1783969297.8442,12:01:37.844,0.98,0.14,0.12
1783969298.3437,12:01:38.343,0.99,0.13,0.08
1783969298.8439,12:01:38.843,0.99,0.12,0.08
1783969299.3433,12:01:39.343,0.99,0.15,0.06
1783969299.8426,12:01:39.842,0.98,0.17,0.11
1783969300.3429,12:01:40.342,0.97,0.17,0.15
1783969300.8428,12:01:40.842,0.97,0.16,0.17
1783969301.3429,12:01:41.342,0.96,0.28,0.08
1783969301.8431,12:01:41.843,0.96,0.27,0.06
1783969302.3427,12:01:42.342,0.97,0.25,0.06
1783969302.8424,12:01:42.842,0.97,0.20,0.10
1783969303.3426,12:01:43.342,0.97,0.22,0.09
1783969303.8422,12:01:43.842,0.97,0.20,0.11
1783969304.3417,12:01:44.341,0.98,0.17,0.13
1783969304.8421,12:01:44.842,0.98,0.13,0.14
1783969305.3413,12:01:45.341,0.98,0.11,0.15
1783969305.8408,12:01:45.840,0.98,0.10,0.16
1783969306.3412,12:01:46.341,0.98,0.13,0.14
1783969306.8406,12:01:46.840,0.98,0.15,0.14
1783969307.3405,12:01:47.340,0.98,0.16,0.14
1783969307.8407,12:01:47.840,0.98,0.15,0.15
1783969308.3407,12:01:48.340,0.98,0.14,0.15
1783969308.8404,12:01:48.840,0.97,0.16,0.17
1783969309.3404,12:01:49.340,0.97,0.16,0.17
1783969309.8404,12:01:49.840,0.97,0.17,0.16
1783969310.3402,12:01:50.340,0.98,0.13,0.16
1783969310.8398,12:01:50.839,0.98,0.08,0.17
1783969311.34,12:01:51.340,0.98,0.09,0.16
1783969311.8399,12:01:51.839,0.98,0.13,0.15
1783969312.3397,12:01:52.339,0.98,0.16,0.14
1783969312.8399,12:01:52.839,0.97,0.18,0.13
1783969313.3392,12:01:53.339,0.97,0.21,0.12
1783969313.839,12:01:53.839,0.96,0.25,0.09
1783969314.3394,12:01:54.339,0.95,0.31,0.03
1783969314.8397,12:01:54.839,0.94,0.34,0.00
1783969315.3389,12:01:55.338,0.93,0.37,-0.02
1783969315.8395,12:01:55.839,0.94,0.34,0.00
1783969316.3391,12:01:56.339,0.93,0.36,-0.04
1783969316.8381,12:01:56.838,0.93,0.36,-0.05
1783969317.3385,12:01:57.338,0.93,0.37,-0.07
1783969317.8384,12:01:57.838,0.94,0.33,-0.04
1783969318.338,12:01:58.338,0.98,0.18,0.05
1783969318.8379,12:01:58.837,0.99,0.08,0.10
1783969319.3373,12:01:59.337,0.99,0.05,0.11
1783969319.8369,12:01:59.836,0.99,0.05,0.10
1783969320.337,12:02:00.337,0.99,0.09,0.06
1783969320.837,12:02:00.837,0.99,0.16,0.01
1783969321.3366,12:02:01.336,0.98,0.17,0.03
1783969321.8371,12:02:01.837,0.99,0.16,0.04
1783969322.3364,12:02:02.336,0.99,0.14,0.03
1783969322.836,12:02:02.836,0.99,0.14,0.02
1783969323.3363,12:02:03.336,0.99,0.13,0.02
1783969323.8369,12:02:03.836,0.99,0.08,0.09
1783969324.3361,12:02:04.336,0.99,0.01,0.14
1783969324.8362,12:02:04.836,0.99,0.02,0.13
1783969325.3366,12:02:05.336,0.99,0.11,0.10
1783969325.836,12:02:05.836,0.98,0.21,0.07
1783969326.3357,12:02:06.335,0.96,0.28,0.03
1783969326.8357,12:02:06.835,0.93,0.35,-0.08
1783969327.3347,12:02:07.334,0.91,0.40,-0.15
1783969327.8342,12:02:07.834,0.90,0.41,-0.16
1783969328.334,12:02:08.334,0.90,0.41,-0.17
1783969328.8333,12:02:08.833,0.89,0.43,-0.14
1783969329.3332,12:02:09.333,0.92,0.38,-0.10
1783969329.8336,12:02:09.833,0.92,0.39,-0.09
1783969330.3334,12:02:10.333,0.92,0.39,-0.06
1783969330.8337,12:02:10.833,0.91,0.40,-0.08
1783969331.3341,12:02:11.334,0.91,0.40,-0.13
1783969331.8339,12:02:11.833,0.90,0.39,-0.18
1783969332.3334,12:02:12.333,0.91,0.37,-0.16
1783969332.8334,12:02:12.833,0.95,0.31,-0.09
1783969333.333,12:02:13.333,0.96,0.28,-0.05
1783969333.8329,12:02:13.832,0.98,0.22,0.00
1783969334.3333,12:02:14.333,0.98,0.16,0.07
1783969334.8327,12:02:14.832,0.98,0.09,0.16
1783969335.3322,12:02:15.332,0.98,0.09,0.17
1783969335.8322,12:02:15.832,0.98,0.11,0.13
1783969336.3324,12:02:16.332,0.98,0.10,0.14
1783969336.8319,12:02:16.831,0.98,0.16,0.12
1783969337.3315,12:02:17.331,0.97,0.24,0.05
1783969337.8317,12:02:17.831,0.95,0.32,-0.01
1783969338.3311,12:02:18.331,0.95,0.32,-0.02
1783969338.8309,12:02:18.830,0.96,0.28,0.02
1783969339.3309,12:02:19.330,0.97,0.22,0.06
1783969339.8305,12:02:19.830,0.97,0.22,0.06
1783969340.3305,12:02:20.330,0.96,0.29,0.01
1783969340.8309,12:02:20.830,0.93,0.36,-0.03
1783969341.3308,12:02:21.330,0.94,0.35,-0.01
1783969341.8308,12:02:21.830,0.94,0.35,0.03
1783969342.3313,12:02:22.331,0.94,0.33,0.05
1783969342.8307,12:02:22.830,0.94,0.34,0.05
1783969343.3305,12:02:23.330,0.94,0.33,0.05
1783969343.8306,12:02:23.830,0.95,0.32,0.04
1783969344.3302,12:02:24.330,0.97,0.24,0.08
1783969344.8298,12:02:24.829,0.97,0.25,0.06
1783969345.3301,12:02:25.330,0.96,0.27,0.03
1783969345.8297,12:02:25.829,0.96,0.29,0.01
1783969346.3291,12:02:26.329,0.97,0.25,0.02
1783969346.8293,12:02:26.829,0.96,0.26,0.08
1783969347.3287,12:02:27.328,0.94,0.32,0.07
1783969347.8281,12:02:27.828,0.94,0.32,0.06
1783969348.3284,12:02:28.328,0.95,0.31,0.02
1783969348.8278,12:02:28.827,0.95,0.30,-0.05
1783969349.3276,12:02:29.327,0.95,0.31,-0.06
1783969349.8279,12:02:29.827,0.94,0.32,-0.07
1783969350.3273,12:02:30.327,0.93,0.35,-0.05
1783969350.8272,12:02:30.827,0.94,0.33,0.02
1783969351.3275,12:02:31.327,0.94,0.34,0.06
1783969351.8273,12:02:31.827,0.94,0.33,0.07
1783969352.3265,12:02:32.326,0.95,0.31,0.07
1783969352.8265,12:02:32.826,0.96,0.27,0.09
1783969353.3265,12:02:33.326,0.97,0.24,0.09
1783969353.8259,12:02:33.825,0.97,0.22,0.10
1783969354.3256,12:02:34.325,0.97,0.23,0.10
1783969354.8258,12:02:34.825,0.96,0.28,0.06
1783969355.3252,12:02:35.325,0.96,0.29,0.06
1783969355.8249,12:02:35.824,0.95,0.29,0.05
1783969356.3256,12:02:36.325,0.95,0.31,0.05
1783969356.825,12:02:36.825,0.95,0.32,0.00
1783969357.3245,12:02:37.324,0.95,0.32,0.00
1783969357.8251,12:02:37.825,0.94,0.33,0.00
1783969358.3245,12:02:38.324,0.96,0.29,0.04
1783969358.824,12:02:38.824,0.97,0.20,0.10
1783969359.3246,12:02:39.324,0.98,0.17,0.07
1783969359.8244,12:02:39.824,0.98,0.17,0.06
1783969360.3243,12:02:40.324,0.98,0.19,0.04
1783969360.8245,12:02:40.824,0.98,0.18,0.05
1783969361.3243,12:02:41.324,0.98,0.18,0.06
1783969361.824,12:02:41.824,0.98,0.12,0.14
1783969362.324,12:02:42.324,0.98,0.10,0.15
1783969362.8242,12:02:42.824,0.98,0.09,0.17
1783969363.3239,12:02:43.323,0.98,0.10,0.19
1783969363.8243,12:02:43.824,0.98,0.11,0.18
1783969364.3241,12:02:44.324,0.97,0.11,0.20
1783969364.8232,12:02:44.823,0.97,0.17,0.18
1783969365.323,12:02:45.323,0.96,0.26,0.12
1783969365.8228,12:02:45.822,0.95,0.29,0.10
1783969366.3223,12:02:46.322,0.95,0.30,0.07
1783969366.8221,12:02:46.822,0.96,0.28,0.09
1783969367.3223,12:02:47.322,0.96,0.25,0.10
1783969367.8218,12:02:47.821,0.97,0.24,0.08
1783969368.3214,12:02:48.321,0.97,0.23,0.07
1783969368.8217,12:02:48.821,0.96,0.26,0.05
1783969369.3214,12:02:49.321,0.95,0.30,0.03
1783969369.8208,12:02:49.820,0.94,0.35,-0.02
1783969370.321,12:02:50.321,0.94,0.35,-0.02
1783969370.8206,12:02:50.820,0.96,0.30,0.01
1783969371.3204,12:02:51.320,0.96,0.30,0.01
1783969371.8211,12:02:51.821,0.96,0.28,0.02
1783969372.3207,12:02:52.320,0.96,0.29,0.01
1783969372.8205,12:02:52.820,0.96,0.29,-0.01
1783969373.3206,12:02:53.320,0.97,0.22,0.04
1783969373.8204,12:02:53.820,0.97,0.24,0.02
1783969374.3198,12:02:54.319,0.96,0.26,0.02
1783969374.8199,12:02:54.819,0.96,0.29,0.01
1783969375.3195,12:02:55.319,0.95,0.32,0.01
1783969375.8191,12:02:55.819,0.94,0.34,0.02
1783969376.3194,12:02:56.319,0.93,0.36,0.01
1783969376.819,12:02:56.819,0.93,0.38,0.03
1783969377.3184,12:02:57.318,0.93,0.37,0.03
1783969377.8184,12:02:57.818,0.92,0.39,0.03
1783969378.318,12:02:58.318,0.91,0.41,0.03
1783969378.8178,12:02:58.817,0.92,0.38,0.06
1783969379.3179,12:02:59.317,0.92,0.38,0.06
1783969379.8177,12:02:59.817,0.96,0.26,0.14
1783969380.3173,12:03:00.317,0.97,0.21,0.15
1783969380.8176,12:03:00.817,0.97,0.20,0.13
1783969381.3178,12:03:01.317,0.98,0.14,0.15
1783969381.8174,12:03:01.817,0.98,0.13,0.14
1783969382.3173,12:03:02.317,0.98,0.12,0.15
1783969382.8173,12:03:02.817,0.99,0.11,0.12
1783969383.3165,12:03:03.316,0.99,0.10,0.11
1783969383.8168,12:03:03.816,0.99,0.04,0.15
1783969384.3166,12:03:04.316,0.98,-0.01,0.18
1783969384.8158,12:03:04.815,0.99,-0.02,0.16
1783969385.3159,12:03:05.315,0.99,0.02,0.12
1783969385.8161,12:03:05.816,0.99,0.08,0.06
1783969386.3155,12:03:06.315,0.99,0.13,0.03
1783969386.8156,12:03:06.815,0.98,0.18,0.07
1783969387.3156,12:03:07.315,0.98,0.17,0.09
1783969387.8154,12:03:07.815,0.99,0.13,0.12
1783969388.3151,12:03:08.315,0.98,0.10,0.15
1783969388.8149,12:03:08.814,0.98,0.09,0.19
1783969389.3145,12:03:09.314,0.98,0.09,0.20
1783969389.8146,12:03:09.814,0.98,0.09,0.20
1783969390.3148,12:03:10.314,0.98,0.09,0.18
1783969390.8144,12:03:10.814,0.98,0.11,0.13
1783969391.3139,12:03:11.313,0.98,0.12,0.13
1783969391.8143,12:03:11.814,0.99,0.12,0.12
1783969392.3143,12:03:12.314,0.99,0.09,0.13
1783969392.8136,12:03:12.813,0.99,0.07,0.11
1783969393.314,12:03:13.314,0.99,0.10,0.09
1783969393.8138,12:03:13.813,0.99,0.10,0.09
1783969394.3133,12:03:14.313,0.99,0.10,0.08
1783969394.8137,12:03:14.813,0.99,0.12,0.05
1783969395.3132,12:03:15.313,0.99,0.14,0.02
1783969395.8123,12:03:15.812,0.99,0.16,0.07
1783969396.3121,12:03:16.312,0.98,0.13,0.16
1783969396.812,12:03:16.812,0.98,0.05,0.21
1783969397.3115,12:03:17.311,0.98,0.04,0.19
1783969397.8113,12:03:17.811,0.98,0.04,0.19
1783969398.3119,12:03:18.311,0.98,0.05,0.20
1783969398.8114,12:03:18.811,0.98,0.08,0.18
1783969399.311,12:03:19.311,0.98,0.12,0.15
1783969399.8112,12:03:19.811,0.98,0.11,0.15
1783969400.3105,12:03:20.310,0.98,0.11,0.18
1783969400.8103,12:03:20.810,0.98,0.09,0.20
1783969401.3107,12:03:21.310,0.98,0.11,0.18
1783969401.8108,12:03:21.810,0.97,0.10,0.20
1783969402.3108,12:03:22.310,0.97,0.06,0.22
1783969402.811,12:03:22.811,0.97,0.04,0.23
1783969403.3109,12:03:23.310,0.98,0.07,0.20
1783969403.8103,12:03:23.810,0.98,0.12,0.18
1783969404.3107,12:03:24.310,0.98,0.12,0.18
1783969404.8102,12:03:24.810,0.98,0.08,0.19
1783969405.3096,12:03:25.309,0.98,0.09,0.16
1783969405.81,12:03:25.810,0.98,0.14,0.12
1783969406.3099,12:03:26.309,0.97,0.20,0.11
1783969406.8097,12:03:26.809,0.96,0.24,0.12
1783969407.3099,12:03:27.309,0.97,0.14,0.19
1783969407.8096,12:03:27.809,0.97,0.15,0.20
1783969408.309,12:03:28.309,0.97,0.14,0.18
1783969408.809,12:03:28.809,0.98,0.15,0.16
1783969409.3089,12:03:29.308,0.98,0.08,0.20
1783969409.8083,12:03:29.808,0.96,-0.03,0.28
1783969410.3085,12:03:30.308,0.97,-0.06,0.22
1783969410.8082,12:03:30.808,0.97,-0.06,0.21
1783969411.3074,12:03:31.307,0.98,-0.05,0.21
1783969411.8076,12:03:31.807,0.97,-0.03,0.23
1783969412.3075,12:03:32.307,0.97,-0.04,0.23
1783969412.8069,12:03:32.806,0.98,0.02,0.18
1783969413.3068,12:03:33.306,0.99,0.02,0.17
1783969413.8071,12:03:33.807,0.99,0.00,0.14
1783969414.3063,12:03:34.306,0.99,0.01,0.14
1783969414.8063,12:03:34.806,0.98,0.06,0.16
1783969415.3068,12:03:35.306,0.98,0.18,0.13
1783969415.8066,12:03:35.806,0.94,0.33,0.02
1783969416.3061,12:03:36.306,0.94,0.35,0.02
1783969416.806,12:03:36.806,0.92,0.39,-0.01
1783969417.3058,12:03:37.305,0.93,0.37,-0.05
1783969417.8054,12:03:37.805,0.92,0.38,-0.10
1783969418.3055,12:03:38.305,0.94,0.35,-0.08
1783969418.8048,12:03:38.804,0.94,0.34,-0.08
1783969419.3044,12:03:39.304,0.94,0.33,-0.06
1783969419.8045,12:03:39.804,0.97,0.22,0.04
1783969420.3047,12:03:40.304,0.97,0.21,0.09
1783969420.8047,12:03:40.804,0.97,0.19,0.12
1783969421.3052,12:03:41.305,0.98,0.18,0.12
1783969421.8046,12:03:41.804,0.98,0.16,0.12
1783969422.3043,12:03:42.304,0.98,0.14,0.12
1783969422.8044,12:03:42.804,0.99,0.10,0.13
1783969423.3037,12:03:43.303,0.98,0.04,0.19
1783969423.8029,12:03:43.802,0.98,0.04,0.19
1783969424.303,12:03:44.303,0.98,0.04,0.19
1783969424.8027,12:03:44.802,0.99,0.09,0.12
1783969425.3021,12:03:45.302,0.99,0.09,0.12
1783969425.8022,12:03:45.802,0.99,0.03,0.16
1783969426.3022,12:03:46.302,0.98,0.01,0.20
1783969426.8018,12:03:46.801,0.98,0.02,0.21
1783969427.3022,12:03:47.302,0.98,0.01,0.20
1783969427.802,12:03:47.802,0.98,0.00,0.20
1783969428.3012,12:03:48.301,0.98,0.00,0.20
1783969428.8017,12:03:48.801,0.98,0.02,0.19
1783969429.3019,12:03:49.301,0.99,-0.01,0.16
1783969429.8018,12:03:49.801,0.99,0.00,0.17
1783969430.302,12:03:50.302,0.98,0.01,0.20
1783969430.8022,12:03:50.802,0.98,0.07,0.18
1783969431.302,12:03:51.302,0.98,0.07,0.19
1783969431.8017,12:03:51.801,0.97,0.00,0.24
1783969432.3022,12:03:52.302,0.98,-0.01,0.21
1783969432.8021,12:03:52.802,0.98,0.00,0.21
1783969433.3021,12:03:53.302,0.98,0.06,0.17
1783969433.8021,12:03:53.802,0.98,0.07,0.20
1783969434.3012,12:03:54.301,0.98,0.10,0.20
1783969434.8008,12:03:54.800,0.97,0.15,0.16
1783969435.301,12:03:55.301,0.97,0.19,0.12
1783969435.8006,12:03:55.800,0.96,0.29,0.05
1783969436.3002,12:03:56.300,0.95,0.32,0.02
1783969436.8002,12:03:56.800,0.95,0.32,0.04
1783969437.2997,12:03:57.299,0.95,0.30,0.07
1783969437.7991,12:03:57.799,0.97,0.18,0.15
1783969438.2991,12:03:58.299,0.98,0.08,0.18
1783969438.7987,12:03:58.798,0.99,0.02,0.17
1783969439.2981,12:03:59.298,0.98,0.01,0.19
1783969439.7985,12:03:59.798,0.98,-0.01,0.19
1783969440.2986,12:04:00.298,0.98,-0.01,0.18
1783969440.798,12:04:00.798,0.99,0.00,0.14
1783969441.2988,12:04:01.298,0.99,0.02,0.11
1783969441.7985,12:04:01.798,0.99,0.08,0.10
1783969442.2977,12:04:02.297,0.99,0.10,0.12
1783969442.7979,12:04:02.797,0.98,0.01,0.21
1783969443.2976,12:04:03.297,0.96,-0.07,0.26
1783969443.7972,12:04:03.797,0.95,-0.11,0.29
1783969444.2974,12:04:04.297,0.95,-0.11,0.31
1783969444.7975,12:04:04.797,0.94,-0.12,0.31
1783969445.2973,12:04:05.297,0.94,-0.12,0.31
1783969445.7969,12:04:05.796,0.95,-0.10,0.29
1783969446.2974,12:04:06.297,0.96,-0.09,0.27
1783969446.7972,12:04:06.797,0.98,-0.02,0.21
1783969447.2972,12:04:07.297,0.99,0.13,0.07
1783969447.7978,12:04:07.797,0.99,0.10,0.02
1783969448.2976,12:04:08.297,1.00,0.01,0.09
1783969448.7976,12:04:08.797,0.98,-0.11,0.19
1783969449.2971,12:04:09.297,0.95,-0.15,0.27
1783969449.7967,12:04:09.796,0.94,-0.12,0.32
1783969450.2963,12:04:10.296,0.94,-0.12,0.33
1783969450.7966,12:04:10.796,0.94,-0.11,0.33
1783969451.2962,12:04:11.296,0.94,-0.11,0.33
1783969451.796,12:04:11.796,0.94,-0.12,0.32
1783969452.2963,12:04:12.296,0.94,-0.12,0.33
1783969452.7957,12:04:12.795,0.94,-0.11,0.33
1783969453.2951,12:04:13.295,0.94,-0.12,0.32
1783969453.7952,12:04:13.795,0.94,-0.13,0.31
1783969454.2944,12:04:14.294,0.94,-0.14,0.30
1783969454.7937,12:04:14.793,0.95,-0.15,0.29
1783969455.2939,12:04:15.293,0.95,-0.13,0.29
1783969455.794,12:04:15.794,0.95,-0.09,0.29
1783969456.2935,12:04:16.293,0.96,-0.06,0.28
1783969456.7935,12:04:16.793,0.96,-0.01,0.27
1783969457.2931,12:04:17.293,0.97,0.06,0.23
1783969457.7928,12:04:17.792,0.97,0.10,0.20
1783969458.293,12:04:18.293,0.98,0.10,0.19
1783969458.793,12:04:18.793,0.98,0.10,0.19
1783969459.2931,12:04:19.293,0.97,0.01,0.24
1783969459.7929,12:04:19.792,0.97,0.01,0.23
1783969460.2927,12:04:20.292,0.98,0.03,0.21
1783969460.7924,12:04:20.792,0.97,0.03,0.23
1783969461.2918,12:04:21.291,0.97,0.04,0.23
1783969461.7924,12:04:21.792,0.98,0.08,0.16
1783969462.2919,12:04:22.291,0.98,0.16,0.08
1783969462.7919,12:04:22.791,0.99,0.14,0.09
1783969463.2923,12:04:23.292,0.99,0.14,0.10
1783969463.792,12:04:23.792,0.99,0.13,0.10
1783969464.2918,12:04:24.291,0.98,0.15,0.11
1783969464.7917,12:04:24.791,0.98,0.15,0.14
1783969465.291,12:04:25.291,0.98,0.16,0.13
1783969465.7912,12:04:25.791,0.98,0.19,0.09
1783969466.2915,12:04:26.291,0.96,0.28,0.00
1783969466.7912,12:04:26.791,0.97,0.26,0.02
1783969467.2906,12:04:27.290,0.98,0.20,0.07
1783969467.7906,12:04:27.790,0.98,0.15,0.11
1783969468.2902,12:04:28.290,0.98,0.12,0.13
1783969468.7896,12:04:28.789,0.98,0.11,0.15
1783969469.2902,12:04:29.290,0.98,0.08,0.18
1783969469.7901,12:04:29.790,0.98,0.12,0.17
1783969470.2895,12:04:30.289,0.98,0.14,0.16
1783969470.7895,12:04:30.789,0.98,0.06,0.21
1783969471.2894,12:04:31.289,0.98,0.07,0.21
1783969471.7886,12:04:31.788,0.98,0.11,0.17
1783969472.2888,12:04:32.288,0.98,0.17,0.13
1783969472.7887,12:04:32.788,0.98,0.14,0.15
1783969473.2885,12:04:33.288,0.97,0.15,0.19
1783969473.7881,12:04:33.788,0.97,0.12,0.21
1783969474.2884,12:04:34.288,0.97,0.11,0.21
1783969474.7878,12:04:34.787,0.98,0.08,0.18
1783969475.2876,12:04:35.287,0.99,0.08,0.13
1783969475.7879,12:04:35.787,0.99,0.07,0.12
1783969476.2875,12:04:36.287,0.99,0.05,0.13
1783969476.7879,12:04:36.787,0.98,0.03,0.18
1783969477.2884,12:04:37.288,0.98,0.03,0.18
1783969477.7882,12:04:37.788,0.99,0.03,0.11
1783969478.2879,12:04:38.287,0.99,0.02,0.12
1783969478.7877,12:04:38.787,0.99,0.03,0.12
1783969479.2873,12:04:39.287,0.99,0.03,0.14
1783969479.7874,12:04:39.787,0.98,0.02,0.21
1783969480.2878,12:04:40.287,0.97,0.00,0.24
1783969480.7875,12:04:40.787,0.97,0.07,0.22
1783969481.2876,12:04:41.287,0.97,0.13,0.19
1783969481.7872,12:04:41.787,0.98,0.11,0.19
1783969482.2866,12:04:42.286,0.98,0.09,0.18
1783969482.7861,12:04:42.786,0.98,0.09,0.19
1783969483.2861,12:04:43.286,0.98,0.10,0.18
1783969483.7855,12:04:43.785,0.98,0.15,0.14
1783969484.2854,12:04:44.285,0.98,0.20,0.08
1783969484.7854,12:04:44.785,0.96,0.26,0.01
1783969485.2851,12:04:45.285,0.96,0.29,-0.05
1783969485.7849,12:04:45.784,0.93,0.33,-0.17
1783969486.2849,12:04:46.284,0.91,0.36,-0.21
1783969486.7844,12:04:46.784,0.88,0.42,-0.22
1783969487.2838,12:04:47.283,0.85,0.48,-0.21
1783969487.7844,12:04:47.784,0.84,0.49,-0.23
1783969488.2841,12:04:48.284,0.75,0.55,-0.37
1783969488.7835,12:04:48.783,0.76,0.55,-0.35
1783969489.2832,12:04:49.283,0.84,0.49,-0.24
1783969489.7837,12:04:49.783,0.95,0.30,0.01
1783969490.2828,12:04:50.282,0.96,0.25,0.11
1783969490.7828,12:04:50.782,0.97,0.12,0.22
1783969491.2833,12:04:51.283,0.97,0.11,0.22
1783969491.783,12:04:51.783,0.97,0.19,0.18
1783969492.283,12:04:52.283,0.97,0.21,0.16
1783969492.7838,12:04:52.783,0.97,0.22,0.12
1783969493.2834,12:04:53.283,0.96,0.24,0.11
1783969493.7826,12:04:53.782,0.97,0.24,0.10
1783969494.2825,12:04:54.282,0.97,0.25,0.03
1783969494.7825,12:04:54.782,0.94,0.32,-0.12
1783969495.2823,12:04:55.282,0.94,0.31,-0.14
1783969495.7826,12:04:55.782,0.94,0.30,-0.14
1783969496.2822,12:04:56.282,0.98,0.21,-0.06
1783969496.7819,12:04:56.781,0.99,0.11,0.06
1783969497.2819,12:04:57.281,0.99,0.12,0.04
1783969497.7811,12:04:57.781,0.99,0.06,0.15
1783969498.2808,12:04:58.280,0.97,0.01,0.23
1783969498.7817,12:04:58.781,0.97,0.01,0.23
1783969499.2811,12:04:59.281,0.98,0.03,0.20
1783969499.781,12:04:59.781,0.99,0.06,0.14
1783969500.2814,12:05:00.281,0.99,0.06,0.14
1783969500.7808,12:05:00.780,0.99,0.08,0.10
1783969501.2805,12:05:01.280,0.99,0.17,0.00
1783969501.7801,12:05:01.780,0.95,0.29,-0.15
1783969502.2798,12:05:02.279,0.96,0.26,-0.13
1783969502.7793,12:05:02.779,0.95,0.27,-0.16
1783969503.279,12:05:03.279,0.95,0.27,-0.17
1783969503.7794,12:05:03.779,0.93,0.32,-0.20
1783969504.2787,12:05:04.278,0.92,0.36,-0.19
1783969504.7787,12:05:04.778,0.91,0.38,-0.17
1783969505.2783,12:05:05.278,0.89,0.41,-0.21
1783969505.7776,12:05:05.777,0.88,0.40,-0.26
1783969506.2776,12:05:06.277,0.87,0.41,-0.28
1783969506.7779,12:05:06.777,0.86,0.42,-0.30
1783969507.2772,12:05:07.277,0.85,0.43,-0.31
1783969507.7776,12:05:07.777,0.85,0.43,-0.30
1783969508.2779,12:05:08.277,0.83,0.46,-0.32
1783969508.7775,12:05:08.777,0.86,0.44,-0.26
1783969509.2769,12:05:09.276,0.89,0.39,-0.23
1783969509.7774,12:05:09.777,0.89,0.38,-0.24
1783969510.2766,12:05:10.276,0.83,0.45,-0.32
1783969510.7764,12:05:10.776,0.82,0.45,-0.34
1783969511.2769,12:05:11.276,0.84,0.44,-0.32
1783969511.7765,12:05:11.776,0.85,0.44,-0.29
1783969512.2761,12:05:12.276,0.86,0.43,-0.28
1783969512.7762,12:05:12.776,0.89,0.39,-0.24
1783969513.2758,12:05:13.275,0.95,0.27,-0.13
1783969513.7756,12:05:13.775,0.96,0.27,-0.13
1783969514.2757,12:05:14.275,0.96,0.26,-0.12
1783969514.7749,12:05:14.774,0.96,0.26,-0.11
1783969515.2747,12:05:15.274,0.96,0.26,-0.10
1783969515.7748,12:05:15.774,0.95,0.28,-0.12
1783969516.275,12:05:16.275,0.94,0.32,-0.11
1783969516.7746,12:05:16.774,0.91,0.38,-0.16
1783969517.2749,12:05:17.274,0.90,0.40,-0.16
1783969517.7747,12:05:17.774,0.89,0.41,-0.21
1783969518.2743,12:05:18.274,0.89,0.41,-0.23
1783969518.7748,12:05:18.774,0.82,0.48,-0.30
1783969519.2744,12:05:19.274,0.81,0.51,-0.31
1783969519.7738,12:05:19.773,0.80,0.51,-0.32
1783969520.2739,12:05:20.273,0.79,0.51,-0.34
1783969520.7741,12:05:20.774,0.77,0.52,-0.36
1783969521.2736,12:05:21.273,0.76,0.52,-0.38
1783969521.7737,12:05:21.773,0.74,0.55,-0.39
1783969522.274,12:05:22.274,0.74,0.55,-0.38
1783969522.7736,12:05:22.773,0.73,0.56,-0.39
1783969523.2735,12:05:23.273,0.72,0.56,-0.40
1783969523.7737,12:05:23.773,0.73,0.56,-0.39
1783969524.2732,12:05:24.273,0.78,0.50,-0.36
1783969524.7732,12:05:24.773,0.81,0.47,-0.35
1783969525.273,12:05:25.273,0.84,0.47,-0.29
1783969525.7729,12:05:25.772,0.84,0.47,-0.28
1783969526.2721,12:05:26.272,0.84,0.47,-0.27
1783969526.7725,12:05:26.772,0.88,0.44,-0.19
1783969527.272,12:05:27.272,0.88,0.43,-0.19
1783969527.7712,12:05:27.771,0.88,0.43,-0.21
1783969528.2714,12:05:28.271,0.89,0.39,-0.24
1783969528.7712,12:05:28.771,0.88,0.38,-0.27
1783969529.2708,12:05:29.270,0.89,0.38,-0.26
1783969529.771,12:05:29.771,0.85,0.44,-0.30
1783969530.2713,12:05:30.271,0.84,0.46,-0.29
1783969530.7709,12:05:30.770,0.86,0.44,-0.27
1783969531.2709,12:05:31.270,0.87,0.41,-0.27
1783969531.7704,12:05:31.770,0.85,0.44,-0.28
1783969532.2698,12:05:32.269,0.86,0.43,-0.27
1783969532.7696,12:05:32.769,0.89,0.41,-0.20
1783969533.2697,12:05:33.269,0.92,0.38,-0.11
1783969533.7689,12:05:33.768,0.93,0.35,-0.05
1783969534.2694,12:05:34.269,0.94,0.34,-0.06
1783969534.7692,12:05:34.769,0.94,0.32,-0.12
1783969535.2684,12:05:35.268,0.95,0.28,-0.14
1783969535.7683,12:05:35.768,0.98,0.20,-0.08
1783969536.2685,12:05:36.268,0.99,0.14,-0.03
1783969536.7681,12:05:36.768,0.99,0.13,0.01
1783969537.2682,12:05:37.268,0.99,0.09,0.10
1783969537.7683,12:05:37.768,0.98,0.15,0.10
1783969538.2679,12:05:38.267,0.98,0.20,0.08
1783969538.7674,12:05:38.767,0.97,0.24,0.05
1783969539.2676,12:05:39.267,0.97,0.25,0.03
1783969539.7672,12:05:39.767,0.97,0.23,0.05
1783969540.2669,12:05:40.266,0.97,0.24,0.05
1783969540.767,12:05:40.767,0.97,0.23,0.07
1783969541.2666,12:05:41.266,0.97,0.23,0.08
1783969541.7665,12:05:41.766,0.96,0.27,0.10
1783969542.2665,12:05:42.266,0.96,0.26,0.11
1783969542.7665,12:05:42.766,0.97,0.24,0.09
1783969543.2664,12:05:43.266,0.98,0.20,0.05
1783969543.767,12:05:43.767,0.99,0.14,0.00
1783969544.2662,12:05:44.266,0.99,0.13,0.02
1783969544.7655,12:05:44.765,0.99,0.14,0.00
1783969545.2657,12:05:45.265,0.99,0.17,0.02
1783969545.7657,12:05:45.765,0.97,0.23,-0.03
1783969546.265,12:05:46.265,0.95,0.29,-0.11
1783969546.7658,12:05:46.765,0.94,0.31,-0.15
1783969547.2655,12:05:47.265,0.91,0.37,-0.20
1783969547.7649,12:05:47.764,0.90,0.38,-0.21
1783969548.2647,12:05:48.264,0.90,0.39,-0.21
1783969548.7652,12:05:48.765,0.90,0.39,-0.20
1783969549.265,12:05:49.265,0.93,0.35,-0.14
1783969549.765,12:05:49.765,0.94,0.32,-0.11
1783969550.2645,12:05:50.264,0.97,0.26,-0.03
1783969550.7641,12:05:50.764,0.97,0.23,0.03
1783969551.2641,12:05:51.264,0.97,0.23,0.03
1783969551.7644,12:05:51.764,0.96,0.27,0.00
1783969552.264,12:05:52.264,0.96,0.27,-0.02
1783969552.764,12:05:52.764,0.97,0.23,-0.01
1783969553.2643,12:05:53.264,0.98,0.22,0.00
1783969553.7635,12:05:53.763,0.97,0.23,-0.01
1783969554.2629,12:05:54.262,0.97,0.25,0.02
1783969554.7634,12:05:54.763,0.97,0.26,0.01
1783969555.2628,12:05:55.262,0.96,0.27,-0.03
1783969555.7624,12:05:55.762,0.96,0.29,-0.05
1783969556.2631,12:05:56.263,0.98,0.18,0.13
1783969556.7625,12:05:56.762,0.98,0.10,0.19
1783969557.2614,12:05:57.261,0.98,0.09,0.18
1783969557.7621,12:05:57.762,0.98,0.10,0.17
1783969558.2617,12:05:58.261,0.98,0.13,0.15
1783969558.7614,12:05:58.761,0.98,0.14,0.14
1783969559.2615,12:05:59.261,0.98,0.15,0.13
1783969559.7611,12:05:59.761,0.98,0.18,0.11
1783969560.2609,12:06:00.260,0.97,0.23,0.07
1783969560.761,12:06:00.761,0.96,0.27,-0.03
1783969561.261,12:06:01.261,0.94,0.34,-0.10
1783969561.7611,12:06:01.761,0.92,0.38,-0.13
1783969562.2609,12:06:02.260,0.88,0.45,-0.13
1783969562.7605,12:06:02.760,0.86,0.48,-0.15
1783969563.2602,12:06:03.260,0.87,0.47,-0.14
1783969563.7606,12:06:03.760,0.88,0.46,-0.11
1783969564.261,12:06:04.261,0.89,0.45,-0.06
1783969564.7604,12:06:04.760,0.91,0.41,-0.04
1783969565.2602,12:06:05.260,0.94,0.35,0.00
1783969565.7604,12:06:05.760,0.94,0.34,0.00
1783969566.2599,12:06:06.259,0.93,0.37,-0.03
1783969566.7597,12:06:06.759,0.93,0.37,-0.03
1783969567.2595,12:06:07.259,0.96,0.29,0.04
1783969567.759,12:06:07.759,0.95,0.30,0.10
1783969568.2586,12:06:08.258,0.95,0.28,0.11
1783969568.7588,12:06:08.758,0.95,0.28,0.11
1783969569.2585,12:06:09.258,0.96,0.27,0.09
1783969569.7585,12:06:09.758,0.94,0.33,0.03
1783969570.2588,12:06:10.258,0.94,0.34,-0.03
1783969570.7582,12:06:10.758,0.94,0.34,-0.07
1783969571.2578,12:06:11.257,0.96,0.27,-0.02
1783969571.7581,12:06:11.758,0.96,0.27,-0.02
1783969572.2577,12:06:12.257,0.94,0.33,-0.04
1783969572.7571,12:06:12.757,0.94,0.33,-0.02
1783969573.2572,12:06:13.257,0.95,0.32,0.01
1783969573.7566,12:06:13.756,0.95,0.30,0.05
1783969574.2558,12:06:14.255,0.95,0.30,0.05
1783969574.7562,12:06:14.756,0.96,0.25,0.10
1783969575.2558,12:06:15.255,0.97,0.22,0.10
1783969575.7552,12:06:15.755,0.97,0.22,0.10
1783969576.2555,12:06:16.255,0.97,0.24,0.08
1783969576.7551,12:06:16.755,0.95,0.32,0.00
1783969577.2545,12:06:17.254,0.94,0.34,-0.06
1783969577.755,12:06:17.755,0.96,0.26,-0.12
1783969578.2548,12:06:18.254,0.97,0.21,-0.09
1783969578.7548,12:06:18.754,0.99,0.12,0.00
1783969579.2551,12:06:19.255,0.99,0.12,0.02
1783969579.7553,12:06:19.755,0.98,0.19,-0.01
1783969580.2553,12:06:20.255,0.95,0.29,-0.08
1783969580.755,12:06:20.755,0.96,0.29,-0.05
1783969581.2554,12:06:21.255,0.96,0.27,-0.04
1783969581.755,12:06:21.755,0.96,0.28,-0.04
1783969582.2553,12:06:22.255,0.91,0.38,-0.15
1783969582.7555,12:06:22.755,0.89,0.41,-0.19
1783969583.255,12:06:23.255,0.88,0.42,-0.20
1783969583.7552,12:06:23.755,0.93,0.34,-0.12
1783969584.2554,12:06:24.255,0.96,0.25,-0.08
1783969584.7544,12:06:24.754,0.96,0.25,-0.11
1783969585.2542,12:06:25.254,0.98,0.19,-0.06
1783969585.754,12:06:25.754,0.98,0.21,-0.05
1783969586.2533,12:06:26.253,0.94,0.32,-0.10
1783969586.7527,12:06:26.752,0.91,0.41,-0.10
1783969587.2531,12:06:27.253,0.88,0.46,-0.13
1783969587.7528,12:06:27.752,0.81,0.55,-0.20
1783969588.2526,12:06:28.252,0.75,0.60,-0.28
1783969588.7529,12:06:28.752,0.75,0.59,-0.29
1783969589.2519,12:06:29.251,0.80,0.53,-0.28
1783969589.7515,12:06:29.751,0.82,0.51,-0.27
1783969590.2518,12:06:30.251,0.88,0.43,-0.21
1783969590.7511,12:06:30.751,0.89,0.41,-0.20
1783969591.2505,12:06:31.250,0.90,0.39,-0.18
1783969591.751,12:06:31.751,0.90,0.41,-0.16
1783969592.2504,12:06:32.250,0.89,0.43,-0.13
1783969592.7498,12:06:32.749,0.87,0.48,-0.13
1783969593.2502,12:06:33.250,0.84,0.52,-0.17
1783969593.75,12:06:33.750,0.83,0.53,-0.18
1783969594.2498,12:06:34.249,0.82,0.53,-0.24
1783969594.7501,12:06:34.750,0.86,0.46,-0.20
1783969595.2505,12:06:35.250,0.90,0.40,-0.17
1783969595.7501,12:06:35.750,0.88,0.43,-0.19
1783969596.25,12:06:36.250,0.89,0.42,-0.16
1783969596.7499,12:06:36.749,0.89,0.42,-0.16
1783969597.2496,12:06:37.249,0.89,0.42,-0.16
1783969597.7498,12:06:37.749,0.88,0.44,-0.18
1783969598.25,12:06:38.250,0.82,0.52,-0.24
1783969598.7503,12:06:38.750,0.83,0.51,-0.21
1783969599.2501,12:06:39.250,0.85,0.50,-0.15
1783969599.7499,12:06:39.749,0.87,0.49,-0.12
1783969600.249,12:06:40.249,0.84,0.52,-0.18
1783969600.7485,12:06:40.748,0.84,0.49,-0.23
1783969601.2485,12:06:41.248,0.89,0.41,-0.18
1783969601.7478,12:06:41.747,0.92,0.36,-0.13
1783969602.2474,12:06:42.247,0.94,0.32,-0.11
1783969602.7475,12:06:42.747,0.95,0.30,-0.09
1783969603.2468,12:06:43.246,0.96,0.29,-0.03
1783969603.7458,12:06:43.745,0.97,0.24,0.08
1783969604.246,12:06:44.246,0.97,0.24,0.08
1783969604.7457,12:06:44.745,0.93,0.36,-0.08
1783969605.2451,12:06:45.245,0.91,0.39,-0.14
1783969605.7459,12:06:45.745,0.90,0.40,-0.16
1783969606.2461,12:06:46.246,0.96,0.29,-0.07
1783969606.7457,12:06:46.745,0.96,0.27,-0.06
1783969607.2459,12:06:47.245,0.97,0.25,-0.02
1783969607.7458,12:06:47.745,0.96,0.27,0.02
1783969608.2455,12:06:48.245,0.91,0.41,-0.05
1783969608.7456,12:06:48.745,0.91,0.41,-0.07
1783969609.245,12:06:49.245,0.90,0.42,-0.11
1783969609.745,12:06:49.745,0.89,0.43,-0.16
1783969610.2455,12:06:50.245,0.90,0.41,-0.16
1783969610.7455,12:06:50.745,0.91,0.40,-0.15
1783969611.2451,12:06:51.245,0.95,0.30,-0.07
1783969611.7456,12:06:51.745,0.98,0.19,0.04
1783969612.2454,12:06:52.245,0.99,0.08,0.13
1783969612.7454,12:06:52.745,0.99,0.01,0.13
1783969613.2453,12:06:53.245,0.99,-0.02,0.14
1783969613.7459,12:06:53.745,0.98,-0.06,0.18
1783969614.245,12:06:54.245,0.96,-0.12,0.25
1783969614.7442,12:06:54.744,0.96,-0.11,0.25
1783969615.2438,12:06:55.243,0.97,-0.09,0.24
1783969615.7437,12:06:55.743,0.98,-0.04,0.19
1783969616.2429,12:06:56.242,1.00,0.04,0.08
1783969616.7431,12:06:56.743,0.99,0.14,-0.03
1783969617.2427,12:06:57.242,0.98,0.20,-0.07
1783969617.7423,12:06:57.742,0.95,0.27,-0.14
1783969618.2425,12:06:58.242,0.95,0.27,-0.14
1783969618.7421,12:06:58.742,0.94,0.32,-0.15
1783969619.2419,12:06:59.241,0.91,0.37,-0.20
1783969619.7423,12:06:59.742,0.90,0.38,-0.21
1783969620.242,12:07:00.242,0.86,0.48,-0.19
1783969620.7418,12:07:00.741,0.79,0.55,-0.27
1783969621.242,12:07:01.242,0.76,0.58,-0.30
1783969621.7423,12:07:01.742,0.77,0.57,-0.28
1783969622.2415,12:07:02.241,0.79,0.55,-0.26
1783969622.7419,12:07:02.741,0.86,0.48,-0.20
1783969623.2416,12:07:03.241,0.91,0.37,-0.17
1783969623.7408,12:07:03.740,0.92,0.37,-0.16
1783969624.241,12:07:04.241,0.94,0.32,-0.11
1783969624.7415,12:07:04.741,0.94,0.34,-0.05
1783969625.2409,12:07:05.240,0.89,0.44,-0.10
1783969625.7409,12:07:05.740,0.88,0.45,-0.11
1783969626.2412,12:07:06.241,0.89,0.44,-0.13
1783969626.7406,12:07:06.740,0.97,0.25,0.00
1783969627.2405,12:07:07.240,0.97,0.24,-0.01
1783969627.7401,12:07:07.740,0.92,0.38,-0.12
1783969628.2392,12:07:08.239,0.89,0.43,-0.18
1783969628.7389,12:07:08.738,0.89,0.42,-0.19
1783969629.2389,12:07:09.238,0.88,0.41,-0.23
1783969629.7381,12:07:09.738,0.88,0.41,-0.23
1783969630.2378,12:07:10.237,0.86,0.43,-0.26
1783969630.7378,12:07:10.737,0.85,0.46,-0.25
1783969631.2378,12:07:11.237,0.83,0.48,-0.27
1783969631.7379,12:07:11.737,0.84,0.47,-0.27
1783969632.2385,12:07:12.238,0.84,0.47,-0.26
1783969632.7383,12:07:12.738,0.90,0.42,-0.15
1783969633.238,12:07:13.238,0.91,0.41,-0.07
1783969633.7381,12:07:13.738,0.94,0.33,0.00
1783969634.2377,12:07:14.237,0.95,0.32,0.00
1783969634.737,12:07:14.737,0.95,0.31,0.00
1783969635.2374,12:07:15.237,0.95,0.32,-0.01
1783969635.737,12:07:15.737,0.96,0.29,0.00
1783969636.2369,12:07:16.236,0.97,0.24,0.01
1783969636.7367,12:07:16.736,0.98,0.18,0.00
1783969637.2363,12:07:17.236,0.98,0.18,0.00
1783969637.7358,12:07:17.735,0.97,0.23,0.02
1783969638.236,12:07:18.236,0.94,0.34,-0.05
1783969638.7362,12:07:18.736,0.94,0.34,-0.04
1783969639.2355,12:07:19.235,0.95,0.32,-0.08
1783969639.7359,12:07:19.735,0.95,0.30,-0.09
1783969640.2363,12:07:20.236,0.94,0.33,-0.11
1783969640.7355,12:07:20.735,0.93,0.35,-0.10
1783969641.2352,12:07:21.235,0.90,0.40,-0.14
1783969641.7349,12:07:21.734,0.90,0.41,-0.14
1783969642.2345,12:07:22.234,0.92,0.38,-0.11
1783969642.7343,12:07:22.734,0.94,0.33,-0.09
1783969643.2342,12:07:23.234,0.97,0.26,-0.03
1783969643.7342,12:07:23.734,0.98,0.20,0.01
1783969644.2336,12:07:24.233,0.99,0.13,0.10
1783969644.7339,12:07:24.733,0.98,0.12,0.14
1783969645.2339,12:07:25.233,0.98,0.12,0.15
1783969645.7333,12:07:25.733,0.97,0.23,0.09
1783969646.2339,12:07:26.233,0.95,0.32,0.01
1783969646.7337,12:07:26.733,0.94,0.35,-0.06
1783969647.2335,12:07:27.233,0.93,0.35,-0.08
1783969647.7338,12:07:27.733,0.94,0.35,-0.02
1783969648.233,12:07:28.233,0.94,0.34,-0.02
1783969648.7324,12:07:28.732,0.96,0.26,0.05
1783969649.2325,12:07:29.232,0.97,0.22,0.08
1783969649.7327,12:07:29.732,0.97,0.22,0.05
1783969650.2321,12:07:30.232,0.95,0.30,-0.03
1783969650.7326,12:07:30.732,0.94,0.32,-0.09
1783969651.2326,12:07:31.232,0.93,0.33,-0.16
1783969651.7321,12:07:31.732,0.97,0.22,-0.07
1783969652.2323,12:07:32.232,0.96,0.26,-0.08
1783969652.7325,12:07:32.732,0.95,0.31,-0.04
1783969653.2322,12:07:33.232,0.93,0.35,-0.08
1783969653.7324,12:07:33.732,0.93,0.35,-0.11
1783969654.2324,12:07:34.232,0.95,0.30,-0.10
1783969654.7323,12:07:34.732,0.95,0.30,-0.09
1783969655.2319,12:07:35.231,0.92,0.36,-0.14
1783969655.7319,12:07:35.731,0.91,0.39,-0.16
1783969656.2312,12:07:36.231,0.91,0.38,-0.15
1783969656.731,12:07:36.731,0.93,0.36,-0.06
1783969657.2306,12:07:37.230,0.94,0.33,-0.04
1783969657.7305,12:07:37.730,0.95,0.32,-0.02
1783969658.2303,12:07:38.230,0.94,0.32,-0.05
1783969658.7301,12:07:38.730,0.92,0.38,-0.10
1783969659.2298,12:07:39.229,0.90,0.42,-0.16
1783969659.7296,12:07:39.729,0.88,0.42,-0.20
1783969660.2297,12:07:40.229,0.88,0.42,-0.24
1783969660.7295,12:07:40.729,0.87,0.41,-0.26
1783969661.2293,12:07:41.229,0.88,0.40,-0.24
1783969661.7298,12:07:41.729,0.91,0.36,-0.23
1783969662.2294,12:07:42.229,0.94,0.29,-0.17
1783969662.729,12:07:42.729,0.95,0.28,-0.15
1783969663.2294,12:07:43.229,0.95,0.27,-0.14
1783969663.7294,12:07:43.729,0.95,0.28,-0.13
1783969664.2286,12:07:44.228,0.95,0.28,-0.13
1783969664.7287,12:07:44.728,0.96,0.26,-0.11
1783969665.2283,12:07:45.228,0.96,0.26,-0.09
1783969665.7277,12:07:45.727,0.94,0.32,-0.12
1783969666.2278,12:07:46.227,0.94,0.32,-0.12
1783969666.7278,12:07:46.727,0.93,0.32,-0.16
1783969667.2273,12:07:47.227,0.93,0.33,-0.17
1783969667.7275,12:07:47.727,0.92,0.34,-0.17
1783969668.2275,12:07:48.227,0.93,0.34,-0.16
1783969668.7274,12:07:48.727,0.94,0.31,-0.12
1783969669.2274,12:07:49.227,0.97,0.26,-0.05
1783969669.7276,12:07:49.727,0.99,0.15,0.06
1783969670.2271,12:07:50.227,0.98,0.16,0.07
1783969670.7271,12:07:50.727,0.98,0.20,0.03
1783969671.2272,12:07:51.227,0.96,0.28,-0.10
1783969671.7263,12:07:51.726,0.91,0.37,-0.17
1783969672.2262,12:07:52.226,0.92,0.36,-0.15
1783969672.7267,12:07:52.726,0.92,0.36,-0.15
1783969673.2265,12:07:53.226,0.93,0.35,-0.14
1783969673.7263,12:07:53.726,0.94,0.33,-0.13
1783969674.2264,12:07:54.226,0.93,0.35,-0.12
1783969674.7258,12:07:54.725,0.93,0.35,-0.10
1783969675.2254,12:07:55.225,0.90,0.41,-0.13
1783969675.7253,12:07:55.725,0.90,0.42,-0.12
1783969676.2249,12:07:56.224,0.89,0.44,-0.16
1783969676.7241,12:07:56.724,0.88,0.43,-0.20
1783969677.2246,12:07:57.224,0.90,0.38,-0.20
1783969677.724,12:07:57.724,0.96,0.26,-0.11
1783969678.2238,12:07:58.223,0.95,0.26,-0.15
1783969678.724,12:07:58.724,0.96,0.24,-0.13
1783969679.224,12:07:59.224,0.97,0.23,-0.11
1783969679.7237,12:07:59.723,0.99,0.16,-0.03
1783969680.2237,12:08:00.223,0.99,0.17,-0.01
1783969680.7238,12:08:00.723,0.98,0.19,0.00
1783969681.2239,12:08:01.223,0.96,0.27,-0.05
1783969681.7241,12:08:01.724,0.93,0.35,-0.12
1783969682.2239,12:08:02.223,0.93,0.36,-0.10
1783969682.723,12:08:02.723,0.93,0.36,-0.10
1783969683.2232,12:08:03.223,0.93,0.35,-0.12
1783969683.7232,12:08:03.723,0.93,0.34,-0.15
1783969684.2229,12:08:04.222,0.93,0.32,-0.17
1783969684.7229,12:08:04.722,0.94,0.30,-0.15
1783969685.2228,12:08:05.222,0.95,0.31,-0.08
1783969685.7224,12:08:05.722,0.92,0.38,-0.11
1783969686.2224,12:08:06.222,0.92,0.37,-0.07
1783969686.7225,12:08:06.722,0.95,0.32,-0.04
1783969687.2221,12:08:07.222,0.96,0.27,-0.02
1783969687.7217,12:08:07.721,0.98,0.20,0.01
1783969688.2214,12:08:08.221,0.99,0.16,0.01
1783969688.7206,12:08:08.720,0.99,0.16,0.00
1783969689.2206,12:08:09.220,0.98,0.21,0.00
1783969689.7203,12:08:09.720,0.98,0.22,-0.01
1783969690.2197,12:08:10.219,0.96,0.26,-0.05
1783969690.7195,12:08:10.719,0.96,0.27,-0.05
1783969691.2194,12:08:11.219,0.95,0.30,-0.07
1783969691.7196,12:08:11.719,0.91,0.38,-0.14
1783969692.2194,12:08:12.219,0.89,0.41,-0.18
1783969692.7195,12:08:12.719,0.89,0.41,-0.20
1783969693.2193,12:08:13.219,0.93,0.34,-0.15
1783969693.7183,12:08:13.718,0.95,0.29,-0.13
1783969694.219,12:08:14.219,0.95,0.28,-0.15
1783969694.719,12:08:14.719,0.92,0.32,-0.23
1783969695.2187,12:08:15.218,0.86,0.40,-0.31
1783969695.7193,12:08:15.719,0.86,0.40,-0.31
1783969696.2189,12:08:16.218,0.88,0.40,-0.27
1783969696.7188,12:08:16.718,0.92,0.34,-0.20
1783969697.219,12:08:17.219,0.92,0.34,-0.20
1783969697.7191,12:08:17.719,0.92,0.35,-0.20
1783969698.2186,12:08:18.218,0.92,0.34,-0.18
1783969698.7192,12:08:18.719,0.93,0.33,-0.19
1783969699.2195,12:08:19.219,0.90,0.36,-0.25
1783969699.7189,12:08:19.718,0.90,0.35,-0.24
1783969700.2189,12:08:20.218,0.90,0.34,-0.25
1783969700.718,12:08:20.718,0.90,0.36,-0.26
1783969701.2172,12:08:21.217,0.87,0.39,-0.31
1783969701.7171,12:08:21.717,0.84,0.42,-0.34
1783969702.2172,12:08:22.217,0.80,0.46,-0.39
1783969702.7166,12:08:22.716,0.78,0.50,-0.39
1783969703.2164,12:08:23.216,0.67,0.58,-0.46
1783969703.7161,12:08:23.716,0.77,0.52,-0.37
1783969704.2157,12:08:24.215,0.93,0.34,-0.15
1783969704.7153,12:08:24.715,0.99,0.12,0.05
1783969705.2154,12:08:25.215,0.99,0.09,0.07
1783969705.7151,12:08:25.715,0.99,0.06,0.10
1783969706.2145,12:08:26.214,1.00,0.05,0.07
1783969706.7146,12:08:26.714,1.00,0.06,0.05
1783969707.2146,12:08:27.214,0.99,-0.03,0.12
1783969707.7141,12:08:27.714,0.99,-0.02,0.14
1783969708.2139,12:08:28.213,0.99,-0.02,0.15
1783969708.7137,12:08:28.713,0.99,-0.01,0.15
1783969709.213,12:08:29.213,0.99,0.01,0.13
1783969709.7136,12:08:29.713,0.99,0.01,0.15
1783969710.2138,12:08:30.213,0.99,0.01,0.16
1783969710.7135,12:08:30.713,0.99,0.03,0.16
1783969711.2137,12:08:31.213,0.99,0.07,0.14
1783969711.7137,12:08:31.713,0.98,0.17,0.06
1783969712.2136,12:08:32.213,0.98,0.20,0.04
1783969712.7134,12:08:32.713,0.97,0.24,-0.05
1783969713.2134,12:08:33.213,0.96,0.27,-0.08
1783969713.7131,12:08:33.713,0.95,0.30,-0.11
1783969714.2131,12:08:34.213,0.93,0.36,-0.13
1783969714.7133,12:08:34.713,0.93,0.34,-0.11
1783969715.2128,12:08:35.212,0.93,0.34,-0.11
1783969715.7134,12:08:35.713,0.93,0.35,-0.13
1783969716.2129,12:08:36.212,0.91,0.38,-0.16
1783969716.7127,12:08:36.712,0.90,0.39,-0.17
1783969717.2125,12:08:37.212,0.89,0.41,-0.20
1783969717.7124,12:08:37.712,0.88,0.42,-0.23
1783969718.212,12:08:38.212,0.82,0.49,-0.29
1783969718.7117,12:08:38.711,0.83,0.51,-0.23
1783969719.2116,12:08:39.211,0.84,0.50,-0.22
1783969719.7114,12:08:39.711,0.91,0.39,-0.11
1783969720.2106,12:08:40.210,0.92,0.37,-0.15
1783969720.7105,12:08:40.710,0.92,0.35,-0.16
1783969721.2106,12:08:41.210,0.93,0.33,-0.17
1783969721.7101,12:08:41.710,0.95,0.28,-0.13
1783969722.2105,12:08:42.210,0.96,0.25,-0.14
1783969722.7103,12:08:42.710,0.94,0.28,-0.17
1783969723.2096,12:08:43.209,0.96,0.28,-0.11
1783969723.71,12:08:43.710,0.95,0.28,-0.10
1783969724.2094,12:08:44.209,0.95,0.29,-0.10
1783969724.7089,12:08:44.708,0.95,0.29,-0.13
1783969725.2093,12:08:45.209,0.95,0.28,-0.15
1783969725.7092,12:08:45.709,0.95,0.28,-0.15
1783969726.2089,12:08:46.208,0.96,0.26,-0.11
1783969726.7095,12:08:46.709,0.96,0.29,-0.07
1783969727.2086,12:08:47.208,0.96,0.28,-0.05
1783969727.7083,12:08:47.708,0.95,0.31,-0.03
1783969728.2085,12:08:48.208,0.96,0.27,0.00
1783969728.7079,12:08:48.707,0.96,0.26,-0.02
1783969729.2075,12:08:49.207,0.96,0.28,-0.08
1783969729.7073,12:08:49.707,0.92,0.36,-0.14
1783969730.2078,12:08:50.207,0.91,0.37,-0.17
1783969730.7072,12:08:50.707,0.91,0.37,-0.21
1783969731.207,12:08:51.207,0.89,0.38,-0.24
1783969731.7071,12:08:51.707,0.86,0.42,-0.28
1783969732.2067,12:08:52.206,0.83,0.45,-0.33
1783969732.7065,12:08:52.706,0.81,0.46,-0.36
1783969733.2066,12:08:53.206,0.78,0.48,-0.40
1783969733.7062,12:08:53.706,0.77,0.48,-0.41
1783969734.206,12:08:54.206,0.76,0.49,-0.42
1783969734.7063,12:08:54.706,0.84,0.43,-0.34
1783969735.2066,12:08:55.206,0.90,0.36,-0.23
1783969735.7066,12:08:55.706,0.95,0.27,-0.13
1783969736.2065,12:08:56.206,0.99,0.16,-0.04
1783969736.7059,12:08:56.705,0.99,0.16,-0.04
1783969737.2054,12:08:57.205,0.96,0.26,-0.12
1783969737.7052,12:08:57.705,0.93,0.32,-0.17
1783969738.2048,12:08:58.204,0.93,0.30,-0.19
1783969738.7047,12:08:58.704,0.95,0.27,-0.17
1783969739.2049,12:08:59.204,0.95,0.27,-0.14
1783969739.7048,12:08:59.704,0.94,0.29,-0.16
1783969740.2043,12:09:00.204,0.91,0.36,-0.22
1783969740.7047,12:09:00.704,0.90,0.38,-0.21
1783969741.2041,12:09:01.204,0.91,0.38,-0.19
1783969741.7038,12:09:01.703,0.89,0.40,-0.20
1783969742.204,12:09:02.204,0.88,0.42,-0.22
1783969742.7042,12:09:02.704,0.88,0.41,-0.24
1783969743.2039,12:09:03.203,0.87,0.43,-0.26
1783969743.7039,12:09:03.703,0.87,0.42,-0.26
1783969744.2036,12:09:04.203,0.88,0.40,-0.25
1783969744.7031,12:09:04.703,0.90,0.38,-0.22
1783969745.2035,12:09:05.203,0.89,0.39,-0.22
1783969745.7034,12:09:05.703,0.89,0.37,-0.25
1783969746.2024,12:09:06.202,0.90,0.37,-0.24
1783969746.7022,12:09:06.702,0.91,0.35,-0.22
1783969747.2025,12:09:07.202,0.93,0.33,-0.16
1783969747.7021,12:09:07.702,0.94,0.33,-0.13
1783969748.2019,12:09:08.201,0.94,0.32,-0.13
1783969748.7016,12:09:08.701,0.93,0.34,-0.14
1783969749.2014,12:09:09.201,0.88,0.42,-0.23
1783969749.7008,12:09:09.700,0.86,0.47,-0.21
1783969750.2015,12:09:10.201,0.88,0.45,-0.16
1783969750.7009,12:09:10.700,0.87,0.46,-0.17
1783969751.2001,12:09:11.200,0.87,0.46,-0.19
1783969751.7006,12:09:11.700,0.88,0.44,-0.17
1783969752.2006,12:09:12.200,0.92,0.38,-0.11
1783969752.7006,12:09:12.700,0.93,0.36,-0.10
1783969753.2011,12:09:13.201,0.91,0.39,-0.15
1783969753.7003,12:09:13.700,0.91,0.39,-0.15
1783969754.2002,12:09:14.200,0.93,0.34,-0.16
1783969754.7004,12:09:14.700,0.92,0.33,-0.20
1783969755.1994,12:09:15.199,0.94,0.29,-0.16
1783969755.6991,12:09:15.699,0.96,0.25,-0.13
1783969756.1991,12:09:16.199,0.96,0.25,-0.11
1783969756.6991,12:09:16.699,0.95,0.28,-0.12
1783969757.1988,12:09:17.198,0.95,0.28,-0.12
1783969757.6988,12:09:17.698,0.95,0.30,-0.13
1783969758.1988,12:09:18.198,0.94,0.32,-0.08
1783969758.6984,12:09:18.698,0.95,0.31,-0.07
1783969759.1984,12:09:19.198,0.94,0.31,-0.13
1783969759.6982,12:09:19.698,0.95,0.29,-0.10
1783969760.1977,12:09:20.197,0.94,0.32,-0.11
1783969760.6977,12:09:20.697,0.92,0.38,-0.06
1783969761.1981,12:09:21.198,0.93,0.37,-0.04
1783969761.6974,12:09:21.697,0.94,0.34,-0.01
1783969762.1972,12:09:22.197,0.94,0.35,-0.01
1783969762.6973,12:09:22.697,0.92,0.39,-0.05
1783969763.1969,12:09:23.196,0.92,0.39,-0.06
1783969763.6967,12:09:23.696,0.94,0.33,-0.09
1783969764.1968,12:09:24.196,0.97,0.22,-0.01
1783969764.696,12:09:24.696,0.97,0.24,-0.04
1783969765.196,12:09:25.196,0.96,0.25,-0.09
1783969765.6965,12:09:25.696,0.95,0.26,-0.17
1783969766.1961,12:09:26.196,0.96,0.24,-0.15
1783969766.6959,12:09:26.695,0.95,0.26,-0.14
1783969767.196,12:09:27.196,0.96,0.28,-0.09
1783969767.6954,12:09:27.695,0.94,0.31,-0.11
1783969768.1948,12:09:28.194,0.92,0.37,-0.15
1783969768.6953,12:09:28.695,0.92,0.38,-0.09
1783969769.1951,12:09:29.195,0.95,0.30,-0.04
1783969769.6941,12:09:29.694,0.97,0.26,-0.01
1783969770.1945,12:09:30.194,0.97,0.24,-0.03
1783969770.6947,12:09:30.694,0.98,0.20,-0.03
1783969771.1946,12:09:31.194,0.98,0.20,-0.03
1783969771.695,12:09:31.695,0.98,0.20,0.02
1783969772.195,12:09:32.195,0.99,0.12,0.09
1783969772.6945,12:09:32.694,0.98,0.07,0.18
1783969773.1941,12:09:33.194,0.98,0.06,0.17
1783969773.6937,12:09:33.693,0.99,0.06,0.11
1783969774.1932,12:09:34.193,0.99,0.13,0.02
1783969774.6931,12:09:34.693,0.98,0.20,-0.04
1783969775.1929,12:09:35.192,0.97,0.25,-0.05
1783969775.6922,12:09:35.692,0.97,0.25,-0.04
1783969776.192,12:09:36.192,0.98,0.21,-0.01
1783969776.6918,12:09:36.691,0.98,0.22,0.03
1783969777.1913,12:09:37.191,0.97,0.24,0.03
1783969777.6909,12:09:37.690,0.95,0.31,0.01
1783969778.1911,12:09:38.191,0.95,0.31,0.02
1783969778.6912,12:09:38.691,0.95,0.31,-0.02
1783969779.191,12:09:39.191,0.95,0.31,-0.05
1783969779.691,12:09:39.691,0.92,0.36,-0.12
1783969780.191,12:09:40.191,0.93,0.35,-0.11
1783969780.6908,12:09:40.690,0.93,0.35,-0.10
1783969781.1913,12:09:41.191,0.96,0.28,-0.01
1783969781.6911,12:09:41.691,0.96,0.28,0.04
1783969782.1911,12:09:42.191,0.96,0.26,0.05
1783969782.6914,12:09:42.691,0.96,0.28,0.03
1783969783.1905,12:09:43.190,0.96,0.27,0.03
1783969783.6903,12:09:43.690,0.95,0.30,0.03
1783969784.1906,12:09:44.190,0.95,0.30,0.03
1783969784.6902,12:09:44.690,0.95,0.30,-0.01
1783969785.1896,12:09:45.189,0.95,0.30,-0.04
1783969785.6895,12:09:45.689,0.94,0.32,-0.07
1783969786.1899,12:09:46.189,0.94,0.34,-0.08
1783969786.6895,12:09:46.689,0.89,0.43,-0.18
1783969787.1898,12:09:47.189,0.87,0.44,-0.22
1783969787.6898,12:09:47.689,0.86,0.46,-0.23
1783969788.1894,12:09:48.189,0.85,0.46,-0.26
1783969788.6891,12:09:48.689,0.82,0.49,-0.29
1783969789.1893,12:09:49.189,0.81,0.50,-0.31
1783969789.689,12:09:49.689,0.81,0.50,-0.31
1783969790.1892,12:09:50.189,0.82,0.52,-0.22
1783969790.6888,12:09:50.688,0.82,0.52,-0.24
1783969791.1885,12:09:51.188,0.80,0.53,-0.27
1783969791.6881,12:09:51.688,0.83,0.50,-0.26
1783969792.1883,12:09:52.188,0.87,0.43,-0.26
1783969792.6878,12:09:52.687,0.90,0.37,-0.22
1783969793.1876,12:09:53.187,0.93,0.32,-0.15
1783969793.6878,12:09:53.687,0.94,0.31,-0.11
1783969794.1875,12:09:54.187,0.95,0.31,-0.05
1783969794.6871,12:09:54.687,0.96,0.26,-0.01
1783969795.1869,12:09:55.186,0.96,0.27,0.00
1783969795.686,12:09:55.686,0.96,0.27,0.01
1783969796.1858,12:09:56.185,0.96,0.28,-0.02
1783969796.686,12:09:56.686,0.96,0.29,-0.07
1783969797.1859,12:09:57.185,0.95,0.31,-0.09
1783969797.6855,12:09:57.685,0.94,0.31,-0.10
1783969798.1858,12:09:58.185,0.94,0.31,-0.11
1783969798.6862,12:09:58.686,0.94,0.31,-0.13
1783969799.1858,12:09:59.185,0.88,0.40,-0.25
1783969799.6857,12:09:59.685,0.83,0.45,-0.33
1783969800.1857,12:10:00.185,0.73,0.52,-0.44
1783969800.6851,12:10:00.685,0.72,0.54,-0.44
1783969801.1854,12:10:01.185,0.72,0.54,-0.44
1783969801.6852,12:10:01.685,0.71,0.57,-0.41
1783969802.1846,12:10:02.184,0.70,0.57,-0.42
1783969802.6849,12:10:02.684,0.72,0.55,-0.41
1783969803.1845,12:10:03.184,0.72,0.54,-0.43
1783969803.6839,12:10:03.683,0.70,0.56,-0.44
1783969804.1842,12:10:04.184,0.69,0.57,-0.45
1783969804.684,12:10:04.684,0.69,0.57,-0.45
1783969805.1833,12:10:05.183,0.72,0.54,-0.44
1783969805.6835,12:10:05.683,0.72,0.54,-0.43
1783969806.1831,12:10:06.183,0.75,0.52,-0.41
1783969806.6824,12:10:06.682,0.82,0.48,-0.31
1783969807.1821,12:10:07.182,0.82,0.48,-0.31
1783969807.6825,12:10:07.682,0.83,0.47,-0.30
1783969808.1823,12:10:08.182,0.87,0.43,-0.23
1783969808.6823,12:10:08.682,0.95,0.31,-0.10
1783969809.1826,12:10:09.182,0.94,0.32,-0.08
1783969809.6821,12:10:09.682,0.92,0.37,-0.12
1783969810.1819,12:10:10.181,0.91,0.39,-0.12
1783969810.6821,12:10:10.682,0.91,0.39,-0.12
1783969811.182,12:10:11.182,0.94,0.32,-0.08
1783969811.6816,12:10:11.681,0.94,0.32,-0.08
1783969812.1821,12:10:12.182,0.86,0.45,-0.25
1783969812.6821,12:10:12.682,0.78,0.50,-0.37
1783969813.1817,12:10:13.181,0.79,0.49,-0.36
1783969813.6814,12:10:13.681,0.79,0.50,-0.35
1783969814.181,12:10:14.181,0.78,0.52,-0.34
1783969814.6802,12:10:14.680,0.74,0.56,-0.38
1783969815.1802,12:10:15.180,0.73,0.55,-0.41
1783969815.68,12:10:15.680,0.71,0.55,-0.43
1783969816.1796,12:10:16.179,0.69,0.55,-0.47
1783969816.6795,12:10:16.679,0.69,0.55,-0.47
1783969817.1793,12:10:17.179,0.68,0.56,-0.48
1783969817.6786,12:10:17.678,0.68,0.56,-0.47
1783969818.1785,12:10:18.178,0.71,0.54,-0.46
1783969818.6789,12:10:18.678,0.74,0.52,-0.43
1783969819.1783,12:10:19.178,0.74,0.52,-0.43
1783969819.6786,12:10:19.678,0.75,0.51,-0.42
1783969820.1791,12:10:20.179,0.76,0.50,-0.41
1783969820.6783,12:10:20.678,0.72,0.54,-0.43
1783969821.178,12:10:21.178,0.73,0.55,-0.41
1783969821.6786,12:10:21.678,0.74,0.55,-0.38
1783969822.1785,12:10:22.178,0.74,0.55,-0.38
1783969822.6786,12:10:22.678,0.72,0.56,-0.41
1783969823.1786,12:10:23.178,0.71,0.57,-0.42
1783969823.6785,12:10:23.678,0.74,0.54,-0.40
1783969824.1785,12:10:24.178,0.81,0.48,-0.34
1783969824.6781,12:10:24.678,0.80,0.47,-0.37
1783969825.1774,12:10:25.177,0.78,0.49,-0.39
1783969825.6772,12:10:25.677,0.78,0.50,-0.37
1783969826.1773,12:10:26.177,0.83,0.45,-0.32
1783969826.6771,12:10:26.677,0.85,0.43,-0.31
1783969827.1765,12:10:27.176,0.85,0.43,-0.30
1783969827.6768,12:10:27.676,0.85,0.43,-0.31
1783969828.1766,12:10:28.176,0.84,0.44,-0.32
1783969828.6766,12:10:28.676,0.80,0.48,-0.36
1783969829.1769,12:10:29.176,0.76,0.53,-0.38
1783969829.6765,12:10:29.676,0.76,0.54,-0.35
1783969830.1772,12:10:30.177,0.90,0.39,-0.20
1783969830.6774,12:10:30.677,0.94,0.31,-0.15
1783969831.1774,12:10:31.177,0.96,0.27,-0.07
1783969831.678,12:10:31.678,0.99,0.12,0.08
1783969832.1778,12:10:32.177,0.98,0.00,0.20
1783969832.6766,12:10:32.676,0.98,-0.01,0.22
1783969833.1759,12:10:33.175,0.97,-0.04,0.25
1783969833.6759,12:10:33.675,0.97,-0.05,0.24
1783969834.1762,12:10:34.176,0.97,-0.04,0.24
1783969834.6756,12:10:34.675,0.98,0.03,0.19
1783969835.1752,12:10:35.175,0.98,0.18,0.09
1783969835.6749,12:10:35.674,0.95,0.32,-0.02
1783969836.1741,12:10:36.174,0.91,0.40,-0.12
1783969836.6735,12:10:36.673,0.91,0.39,-0.17
1783969837.174,12:10:37.174,0.92,0.34,-0.18
1783969837.6734,12:10:37.673,0.95,0.27,-0.15
1783969838.1732,12:10:38.173,0.96,0.26,-0.13
1783969838.6733,12:10:38.673,0.94,0.29,-0.16
1783969839.1729,12:10:39.172,0.94,0.30,-0.14
1783969839.6727,12:10:39.672,0.95,0.30,-0.14
1783969840.1732,12:10:40.173,0.97,0.24,-0.06
1783969840.6728,12:10:40.672,0.97,0.26,-0.03
1783969841.1725,12:10:41.172,0.95,0.30,-0.06
1783969841.6724,12:10:41.672,0.94,0.33,-0.04
1783969842.1724,12:10:42.172,0.95,0.32,-0.04
1783969842.672,12:10:42.672,0.96,0.27,0.01
1783969843.1722,12:10:43.172,0.98,0.16,0.10
1783969843.6722,12:10:43.672,0.98,0.13,0.12
1783969844.1717,12:10:44.171,0.98,0.13,0.12
1783969844.6721,12:10:44.672,0.98,0.14,0.12
1783969845.1719,12:10:45.171,0.98,0.12,0.16
1783969845.671,12:10:45.671,0.98,0.11,0.16
1783969846.1708,12:10:46.170,0.99,0.10,0.12
1783969846.6706,12:10:46.670,0.98,0.18,0.01
1783969847.1705,12:10:47.170,0.97,0.22,-0.03
1783969847.6707,12:10:47.670,0.98,0.22,-0.02
1783969848.1703,12:10:48.170,0.92,0.35,-0.15
1783969848.6697,12:10:48.669,0.93,0.36,-0.12
1783969849.1696,12:10:49.169,0.97,0.24,-0.05
1783969849.6694,12:10:49.669,0.99,0.14,0.00
1783969850.1686,12:10:50.168,0.99,0.11,0.00
1783969850.6686,12:10:50.668,0.99,0.02,0.10
1783969851.1688,12:10:51.168,0.99,0.03,0.10
1783969851.668,12:10:51.668,0.99,0.03,0.13
1783969852.1684,12:10:52.168,0.99,0.06,0.15
1783969852.6683,12:10:52.668,0.99,0.08,0.14
1783969853.1681,12:10:53.168,0.98,0.21,0.06
1783969853.6679,12:10:53.667,0.95,0.31,0.02
1783969854.1682,12:10:54.168,0.92,0.39,-0.04
1783969854.6678,12:10:54.667,0.90,0.43,-0.07
1783969855.1674,12:10:55.167,0.89,0.45,-0.08
1783969855.6678,12:10:55.667,0.89,0.43,-0.15
1783969856.1672,12:10:56.167,0.90,0.41,-0.16
1783969856.6665,12:10:56.666,0.91,0.39,-0.13
1783969857.1665,12:10:57.166,0.94,0.34,-0.05
1783969857.6661,12:10:57.666,0.96,0.27,0.01
1783969858.166,12:10:58.166,0.96,0.27,0.02
1783969858.666,12:10:58.666,0.96,0.27,0.07
1783969859.1654,12:10:59.165,0.96,0.27,0.07
1783969859.6651,12:10:59.665,0.97,0.21,0.11
1783969860.1651,12:11:00.165,0.97,0.20,0.11
1783969860.6649,12:11:00.664,0.96,0.27,0.06
1783969861.1642,12:11:01.164,0.96,0.28,0.06
1783969861.6645,12:11:01.664,0.96,0.28,0.02
1783969862.1651,12:11:02.165,0.96,0.28,0.02
1783969862.665,12:11:02.665,0.96,0.27,0.03
1783969863.1654,12:11:03.165,0.98,0.17,0.11
1783969863.6655,12:11:03.665,0.99,0.08,0.13
1783969864.1649,12:11:04.164,0.99,0.01,0.16
1783969864.6651,12:11:04.665,0.99,0.01,0.16
1783969865.165,12:11:05.165,0.99,0.01,0.16
1783969865.664,12:11:05.664,0.99,0.06,0.15
1783969866.1644,12:11:06.164,0.99,0.07,0.14
1783969866.664,12:11:06.664,0.99,0.10,0.11
1783969867.1632,12:11:07.163,0.99,0.14,0.06
1783969867.6632,12:11:07.663,0.99,0.15,0.01
1783969868.1631,12:11:08.163,0.99,0.15,0.01
1783969868.6623,12:11:08.662,0.98,0.19,-0.03
1783969869.1623,12:11:09.162,0.97,0.22,-0.05
1783969869.6624,12:11:09.662,0.97,0.24,-0.03
1783969870.1622,12:11:10.162,0.97,0.24,-0.02
1783969870.6622,12:11:10.662,0.97,0.23,-0.01
1783969871.1628,12:11:11.162,0.95,0.31,-0.04
1783969871.6626,12:11:11.662,0.94,0.33,-0.06
1783969872.1625,12:11:12.162,0.97,0.24,0.00
1783969872.6628,12:11:12.662,0.97,0.24,-0.01
1783969873.1624,12:11:13.162,0.97,0.24,-0.03
1783969873.6627,12:11:13.662,0.97,0.25,-0.03
1783969874.1631,12:11:14.163,0.97,0.24,-0.05
1783969874.6622,12:11:14.662,0.97,0.24,-0.05
1783969875.1617,12:11:15.161,0.97,0.25,-0.06
1783969875.6619,12:11:15.661,0.95,0.29,-0.12
1783969876.1615,12:11:16.161,0.95,0.29,-0.11
1783969876.6612,12:11:16.661,0.96,0.27,-0.11
1783969877.1616,12:11:17.161,0.96,0.27,-0.10
1783969877.6611,12:11:17.661,0.95,0.29,-0.09
1783969878.1605,12:11:18.160,0.91,0.39,-0.16
1783969878.6611,12:11:18.661,0.91,0.39,-0.17
1783969879.1608,12:11:19.160,0.92,0.36,-0.16
1783969879.6598,12:11:19.659,0.93,0.34,-0.14
1783969880.1598,12:11:20.159,0.94,0.34,-0.10
1783969880.6601,12:11:20.660,0.94,0.32,-0.07
1783969881.1596,12:11:21.159,0.94,0.32,-0.06
1783969881.6598,12:11:21.659,0.95,0.32,-0.07
1783969882.1595,12:11:22.159,0.95,0.30,-0.06
1783969882.6593,12:11:22.659,0.97,0.26,-0.02
1783969883.1598,12:11:23.159,0.97,0.26,-0.01
1783969883.6596,12:11:23.659,0.96,0.27,-0.01
1783969884.1592,12:11:24.159,0.96,0.27,-0.02
1783969884.6597,12:11:24.659,0.96,0.26,-0.01
1783969885.1599,12:11:25.159,0.97,0.23,-0.03
1783969885.6595,12:11:25.659,0.98,0.21,-0.06
1783969886.1596,12:11:26.159,0.94,0.32,-0.15
1783969886.6597,12:11:26.659,0.93,0.32,-0.16
1783969887.159,12:11:27.159,0.97,0.23,-0.08
1783969887.659,12:11:27.659,0.98,0.20,-0.07
1783969888.159,12:11:28.159,0.98,0.20,-0.06
1783969888.6585,12:11:28.658,0.99,0.14,0.01
1783969889.1578,12:11:29.157,0.99,0.10,0.04
1783969889.6578,12:11:29.657,0.99,0.05,0.10
1783969890.1571,12:11:30.157,0.99,0.05,0.10
1783969890.6565,12:11:30.656,1.00,0.06,0.05
1783969891.1567,12:11:31.156,1.00,0.06,0.06
1783969891.6564,12:11:31.656,0.99,0.08,0.08
1783969892.1556,12:11:32.155,0.99,0.14,0.07
1783969892.6556,12:11:32.655,0.95,0.32,-0.04
1783969893.1553,12:11:33.155,0.91,0.39,-0.11
1783969893.6551,12:11:33.655,0.91,0.40,-0.12
1783969894.1557,12:11:34.155,0.91,0.39,-0.13
1783969894.6558,12:11:34.655,0.92,0.37,-0.15
1783969895.155,12:11:35.155,0.92,0.36,-0.13
1783969895.6553,12:11:35.655,0.93,0.35,-0.09
1783969896.1557,12:11:36.155,0.95,0.31,-0.05
1783969896.6553,12:11:36.655,0.99,0.15,0.07
1783969897.1555,12:11:37.155,0.99,0.06,0.13
1783969897.6555,12:11:37.655,0.99,0.06,0.13
1783969898.1552,12:11:38.155,0.99,0.12,0.12
1783969898.6548,12:11:38.654,0.96,0.27,0.00
1783969899.1547,12:11:39.154,0.94,0.35,-0.05
1783969899.6542,12:11:39.654,0.92,0.38,-0.09
1783969900.1536,12:11:40.153,0.92,0.37,-0.10
1783969900.6535,12:11:40.653,0.93,0.36,-0.09
1783969901.153,12:11:41.153,0.95,0.31,-0.03
1783969901.653,12:11:41.653,0.94,0.33,-0.06
1783969902.1528,12:11:42.152,0.93,0.36,-0.06
1783969902.6521,12:11:42.652,0.94,0.33,-0.02
1783969903.1521,12:11:43.152,0.95,0.30,0.02
1783969903.6525,12:11:43.652,0.97,0.23,0.07
1783969904.1518,12:11:44.151,0.98,0.11,0.17
1783969904.6512,12:11:44.651,0.98,0.07,0.20
1783969905.1515,12:11:45.151,0.98,0.06,0.19
1783969905.6517,12:11:45.651,0.97,0.22,0.06
1783969906.1513,12:11:46.151,0.96,0.28,0.00
1783969906.652,12:11:46.652,0.96,0.27,-0.06
1783969907.1516,12:11:47.151,0.95,0.29,-0.09
1783969907.6512,12:11:47.651,0.94,0.32,-0.12
1783969908.1513,12:11:48.151,0.85,0.45,-0.26
1783969908.6513,12:11:48.651,0.84,0.45,-0.30
1783969909.151,12:11:49.151,0.83,0.45,-0.32
1783969909.6512,12:11:49.651,0.84,0.45,-0.30
1783969910.151,12:11:50.151,0.86,0.43,-0.28
1783969910.6507,12:11:50.650,0.91,0.37,-0.20
1783969911.1509,12:11:51.150,0.95,0.28,-0.10
1783969911.6509,12:11:51.650,0.95,0.29,-0.08
1783969912.1506,12:11:52.150,0.92,0.35,-0.14
1783969912.6508,12:11:52.650,0.93,0.35,-0.14
1783969913.1506,12:11:53.150,0.96,0.28,-0.08
1783969913.6503,12:11:53.650,0.98,0.20,-0.02
1783969914.1505,12:11:54.150,0.98,0.17,-0.01
1783969914.6502,12:11:54.650,0.99,0.17,-0.01
1783969915.1498,12:11:55.149,0.94,0.31,-0.13
1783969915.6492,12:11:55.649,0.87,0.46,-0.18
1783969916.1497,12:11:56.149,0.87,0.47,-0.16
1783969916.6489,12:11:56.648,0.86,0.49,-0.12
1783969917.1487,12:11:57.148,0.90,0.43,-0.03
1783969917.6492,12:11:57.649,0.89,0.45,-0.04
1783969918.1484,12:11:58.148,0.90,0.44,-0.06
1783969918.6483,12:11:58.648,0.85,0.51,-0.12
1783969919.1483,12:11:59.148,0.85,0.51,-0.12
1783969919.6479,12:11:59.647,0.88,0.47,-0.08
1783969920.1476,12:12:00.147,0.90,0.42,-0.05
1783969920.6474,12:12:00.647,0.90,0.43,-0.06
1783969921.1476,12:12:01.147,0.91,0.41,-0.05
1783969921.6475,12:12:01.647,0.90,0.42,-0.09
1783969922.1479,12:12:02.147,0.88,0.46,-0.15
1783969922.6471,12:12:02.647,0.84,0.51,-0.19
1783969923.1464,12:12:03.146,0.84,0.51,-0.16
1783969923.6466,12:12:03.646,0.84,0.51,-0.16
1783969924.1461,12:12:04.146,0.90,0.43,-0.10
1783969924.6453,12:12:04.645,0.96,0.28,0.01
1783969925.1453,12:12:05.145,0.98,0.17,0.06
1783969925.6454,12:12:05.645,0.99,0.14,0.06
1783969926.1446,12:12:06.144,0.99,0.14,0.05
1783969926.6444,12:12:06.644,0.99,0.14,0.05
1783969927.1451,12:12:07.145,0.99,0.17,0.02
1783969927.6443,12:12:07.644,0.99,0.15,0.07
1783969928.1441,12:12:08.144,0.99,0.13,0.10
1783969928.6441,12:12:08.644,0.98,0.13,0.11
1783969929.1441,12:12:09.144,0.98,0.14,0.11
1783969929.6441,12:12:09.644,0.98,0.19,0.08
1783969930.144,12:12:10.144,0.97,0.23,0.01
1783969930.6436,12:12:10.643,0.97,0.24,0.00
1783969931.1439,12:12:11.143,0.96,0.29,-0.05
1783969931.6438,12:12:11.643,0.96,0.29,-0.05
1783969932.1432,12:12:12.143,0.96,0.28,-0.02
1783969932.6431,12:12:12.643,0.96,0.27,-0.01
1783969933.1432,12:12:13.143,0.97,0.24,0.01
1783969933.643,12:12:13.643,0.98,0.19,0.03
1783969934.1431,12:12:14.143,0.98,0.18,0.05
1783969934.6427,12:12:14.642,0.98,0.16,0.06
1783969935.1419,12:12:15.141,0.99,0.10,0.14
1783969935.6418,12:12:15.641,0.98,0.02,0.20
1783969936.1418,12:12:16.141,0.98,0.02,0.22
1783969936.6413,12:12:16.641,0.97,0.06,0.21
1783969937.1408,12:12:17.140,0.98,0.09,0.18
1783969937.6408,12:12:17.640,0.98,0.10,0.14
1783969938.1407,12:12:18.140,0.99,0.13,0.10
1783969938.6399,12:12:18.639,0.98,0.18,0.07
1783969939.1401,12:12:19.140,0.97,0.25,0.03
1783969939.6402,12:12:19.640,0.95,0.30,-0.01
1783969940.1402,12:12:20.140,0.95,0.30,-0.01
1783969940.641,12:12:20.641,0.95,0.32,-0.01
1783969941.1413,12:12:21.141,0.92,0.37,-0.09
1783969941.6411,12:12:21.641,0.92,0.36,-0.13
1783969942.142,12:12:22.142,0.92,0.36,-0.17
1783969942.6418,12:12:22.641,0.91,0.37,-0.19
1783969943.141,12:12:23.141,0.91,0.38,-0.18
1783969943.6413,12:12:23.641,0.93,0.35,-0.14
1783969944.1409,12:12:24.140,0.94,0.33,-0.13
1783969944.6405,12:12:24.640,0.94,0.34,-0.06
1783969945.1404,12:12:25.140,0.94,0.35,-0.05
1783969945.6404,12:12:25.640,0.91,0.40,-0.09
1783969946.1401,12:12:26.140,0.91,0.39,-0.16
1783969946.6397,12:12:26.639,0.92,0.36,-0.14
1783969947.1395,12:12:27.139,0.94,0.33,-0.06
1783969947.6392,12:12:27.639,0.97,0.26,0.03
1783969948.1398,12:12:28.139,0.98,0.19,0.09
1783969948.64,12:12:28.640,0.98,0.15,0.10
1783969949.1397,12:12:29.139,0.98,0.13,0.11
1783969949.6393,12:12:29.639,0.99,0.09,0.12
1783969950.1394,12:12:30.139,0.99,0.01,0.16
1783969950.6394,12:12:30.639,0.99,0.02,0.16
1783969951.1394,12:12:31.139,0.99,0.04,0.14
1783969951.6394,12:12:31.639,0.99,0.08,0.10
1783969952.1386,12:12:32.138,0.99,0.10,0.09
1783969952.6382,12:12:32.638,0.99,0.16,0.05
1783969953.1385,12:12:33.138,0.99,0.16,0.05
1783969953.6379,12:12:33.637,0.99,0.16,0.05
1783969954.1372,12:12:34.137,0.98,0.17,0.02
1783969954.6374,12:12:34.637,0.98,0.20,-0.01
1783969955.1374,12:12:35.137,0.98,0.21,0.01
1783969955.6369,12:12:35.636,0.98,0.13,0.12
1783969956.1371,12:12:36.137,0.98,0.14,0.15
1783969956.6367,12:12:36.636,0.97,0.19,0.14
1783969957.136,12:12:37.136,0.95,0.31,0.04
1783969957.636,12:12:37.636,0.94,0.34,0.00
1783969958.1363,12:12:38.136,0.95,0.31,0.01
1783969958.6355,12:12:38.635,0.98,0.11,0.16
1783969959.1355,12:12:39.135,0.98,-0.01,0.20
1783969959.6356,12:12:39.635,0.97,-0.05,0.24
1783969960.1348,12:12:40.134,0.97,-0.03,0.25
1783969960.6351,12:12:40.635,0.97,-0.02,0.23
1783969961.1354,12:12:41.135,0.98,0.04,0.20
1783969961.6346,12:12:41.634,0.98,0.14,0.11
1783969962.1347,12:12:42.134,0.97,0.23,0.04
1783969962.6351,12:12:42.635,0.97,0.24,0.04
1783969963.1345,12:12:43.134,0.96,0.28,0.01
1783969963.634,12:12:43.634,0.95,0.32,-0.03
1783969964.1344,12:12:44.134,0.94,0.33,0.03
1783969964.6336,12:12:44.633,0.93,0.36,0.03
1783969965.1339,12:12:45.133,0.91,0.42,-0.03
1783969965.6345,12:12:45.634,0.89,0.45,-0.06
1783969966.1342,12:12:46.134,0.87,0.48,-0.14
1783969966.634,12:12:46.634,0.86,0.49,-0.15
1783969967.1342,12:12:47.134,0.88,0.46,-0.14
1783969967.6337,12:12:47.633,0.91,0.37,-0.17
1783969968.1331,12:12:48.133,0.91,0.38,-0.18
1783969968.6333,12:12:48.633,0.90,0.40,-0.18
1783969969.1328,12:12:49.132,0.91,0.39,-0.17
1783969969.6326,12:12:49.632,0.90,0.42,-0.13
1783969970.1327,12:12:50.132,0.90,0.42,-0.09
1783969970.6325,12:12:50.632,0.90,0.43,-0.09
1783969971.1317,12:12:51.131,0.90,0.42,-0.10
1783969971.6318,12:12:51.631,0.92,0.38,-0.12
1783969972.1318,12:12:52.131,0.91,0.37,-0.15
1783969972.6314,12:12:52.631,0.92,0.37,-0.15
1783969973.1315,12:12:53.131,0.92,0.36,-0.14
1783969973.6317,12:12:53.631,0.93,0.36,-0.13
1783969974.131,12:12:54.131,0.93,0.35,-0.10
1783969974.6312,12:12:54.631,0.92,0.37,-0.11
1783969975.131,12:12:55.131,0.91,0.41,-0.11
1783969975.6305,12:12:55.630,0.89,0.44,-0.14
1783969976.1303,12:12:56.130,0.88,0.45,-0.15
1783969976.6301,12:12:56.630,0.86,0.47,-0.18
1783969977.1298,12:12:57.129,0.84,0.49,-0.25
1783969977.6296,12:12:57.629,0.82,0.48,-0.31
1783969978.1302,12:12:58.130,0.82,0.48,-0.31
1783969978.6299,12:12:58.629,0.82,0.48,-0.31
1783969979.1295,12:12:59.129,0.80,0.49,-0.33
1783969979.6296,12:12:59.629,0.79,0.50,-0.35
1783969980.129,12:13:00.129,0.77,0.53,-0.36
1783969980.629,12:13:00.629,0.78,0.53,-0.33
1783969981.1293,12:13:01.129,0.80,0.53,-0.29
1783969981.6293,12:13:01.629,0.81,0.51,-0.28
1783969982.1289,12:13:02.128,0.88,0.43,-0.21
1783969982.629,12:13:02.629,0.90,0.40,-0.19
1783969983.1282,12:13:03.128,0.90,0.40,-0.18
1783969983.6275,12:13:03.627,0.90,0.40,-0.16
1783969984.1275,12:13:04.127,0.91,0.39,-0.13
1783969984.6277,12:13:04.627,0.95,0.31,-0.01
1783969985.1274,12:13:05.127,0.97,0.23,0.08
1783969985.6276,12:13:05.627,0.97,0.20,0.10
1783969986.1273,12:13:06.127,0.97,0.08,0.21
1783969986.6269,12:13:06.626,0.97,0.02,0.23
1783969987.1269,12:13:07.126,0.98,0.01,0.21
1783969987.6264,12:13:07.626,0.98,0.03,0.20
1783969988.1259,12:13:08.125,0.98,0.03,0.20
1783969988.6263,12:13:08.626,0.97,0.03,0.22
1783969989.1256,12:13:09.125,0.96,0.00,0.28
1783969989.6254,12:13:09.625,0.95,-0.05,0.32
1783969990.1256,12:13:10.125,0.94,-0.06,0.34
1783969990.6259,12:13:10.625,0.94,-0.07,0.34
1783969991.1253,12:13:11.125,0.96,-0.01,0.30
1783969991.6251,12:13:11.625,0.97,0.06,0.24
1783969992.1257,12:13:12.125,0.97,0.10,0.20
1783969992.6249,12:13:12.624,0.98,0.11,0.18
1783969993.1248,12:13:13.124,0.97,0.25,0.06
1783969993.6254,12:13:13.625,0.97,0.24,0.02
1783969994.1248,12:13:14.124,0.97,0.26,0.01
1783969994.6245,12:13:14.624,0.97,0.26,0.02
1783969995.1249,12:13:15.124,0.98,0.11,0.15
1783969995.6246,12:13:15.624,0.98,0.07,0.18
1783969996.124,12:13:16.124,0.98,0.08,0.18
1783969996.6238,12:13:16.623,0.99,0.08,0.14
1783969997.1233,12:13:17.123,0.99,0.10,0.08
1783969997.6231,12:13:17.623,0.99,0.12,0.06
1783969998.1233,12:13:18.123,0.98,0.18,0.03
1783969998.623,12:13:18.623,0.98,0.20,0.03
1783969999.1225,12:13:19.122,0.97,0.25,0.03
1783969999.6228,12:13:19.622,0.96,0.29,0.02
1783970000.1222,12:13:20.122,0.94,0.33,-0.01
1783970000.6216,12:13:20.621,0.95,0.32,-0.02
1783970001.1223,12:13:21.122,0.95,0.32,-0.02
1783970001.6217,12:13:21.621,0.97,0.23,0.08
1783970002.1215,12:13:22.121,0.98,0.17,0.12
1783970002.6218,12:13:22.621,0.98,0.14,0.10
1783970003.1216,12:13:23.121,0.99,0.12,0.07
1783970003.6214,12:13:23.621,0.97,0.25,-0.04
1783970004.1211,12:13:24.121,0.97,0.26,-0.05
1783970004.6211,12:13:24.621,0.99,0.12,0.04
1783970005.1208,12:13:25.120,0.99,0.12,0.03
1783970005.6206,12:13:25.620,0.99,0.12,0.04
1783970006.121,12:13:26.121,0.99,0.13,-0.01
1783970006.6205,12:13:26.620,0.99,0.12,0.00
1783970007.1207,12:13:27.120,0.99,0.12,0.03
1783970007.6209,12:13:27.620,0.99,0.12,0.02
1783970008.1204,12:13:28.120,0.99,0.11,0.05
1783970008.6204,12:13:28.620,0.99,0.10,0.07
1783970009.1201,12:13:29.120,0.98,0.21,-0.02
1783970009.6193,12:13:29.619,0.94,0.34,-0.10
1783970010.1189,12:13:30.118,0.92,0.38,-0.11
1783970010.6194,12:13:30.619,0.91,0.40,-0.12
1783970011.1188,12:13:31.118,0.91,0.39,-0.11
1783970011.6186,12:13:31.618,0.94,0.33,-0.12
1783970012.1187,12:13:32.118,0.97,0.24,-0.05
1783970012.6188,12:13:32.618,0.97,0.24,-0.07
1783970013.1182,12:13:33.118,0.97,0.22,-0.10
1783970013.6183,12:13:33.618,0.97,0.22,-0.10
1783970014.1178,12:13:34.117,0.99,0.10,0.01
1783970014.6171,12:13:34.617,1.00,0.09,0.03
1783970015.1174,12:13:35.117,0.99,0.09,0.07
1783970015.6172,12:13:35.617,0.99,0.08,0.09
1783970016.1167,12:13:36.116,0.99,0.02,0.13
1783970016.6169,12:13:36.616,0.98,0.03,0.18
1783970017.1171,12:13:37.117,0.98,0.03,0.19
1783970017.6166,12:13:37.616,0.98,0.08,0.16
1783970018.1166,12:13:38.116,0.99,0.11,0.12
1783970018.6161,12:13:38.616,0.98,0.19,0.04
1783970019.1155,12:13:39.115,0.99,0.17,0.01
1783970019.6155,12:13:39.615,0.99,0.16,-0.02
1783970020.1162,12:13:40.116,0.98,0.18,-0.03
1783970020.6158,12:13:40.615,0.98,0.20,-0.02
1783970021.1154,12:13:41.115,0.98,0.20,-0.01
1783970021.6157,12:13:41.615,0.99,0.16,0.03
1783970022.1153,12:13:42.115,0.98,0.12,0.15
1783970022.6151,12:13:42.615,0.98,0.05,0.20
1783970023.1156,12:13:43.115,0.98,0.05,0.19
1783970023.6152,12:13:43.615,0.99,0.02,0.14
1783970024.1145,12:13:44.114,0.99,0.00,0.13
1783970024.6145,12:13:44.614,0.99,-0.02,0.13
1783970025.1139,12:13:45.113,0.99,0.00,0.15
1783970025.6136,12:13:45.613,0.99,-0.01,0.15
1783970026.1136,12:13:46.113,0.99,-0.01,0.15
1783970026.6134,12:13:46.613,0.99,0.02,0.16
1783970027.1135,12:13:47.113,0.98,0.03,0.19
1783970027.6139,12:13:47.613,0.98,0.09,0.16
1783970028.1136,12:13:48.113,0.98,0.17,0.12
1783970028.6132,12:13:48.613,0.97,0.21,0.10
1783970029.1132,12:13:49.113,0.97,0.22,0.06
1783970029.6129,12:13:49.612,0.98,0.21,0.06
1783970030.1121,12:13:50.112,0.97,0.23,0.07
1783970030.6123,12:13:50.612,0.97,0.21,0.09
1783970031.1126,12:13:51.112,0.98,0.18,0.07
1783970031.6122,12:13:51.612,0.99,0.11,0.13
1783970032.1119,12:13:52.111,0.98,0.10,0.14
1783970032.6123,12:13:52.612,0.98,0.13,0.12
1783970033.1117,12:13:53.111,0.98,0.12,0.13
1783970033.6118,12:13:53.611,0.98,0.14,0.13
1783970034.1118,12:13:54.111,0.98,0.11,0.17
1783970034.6108,12:13:54.610,0.98,0.09,0.18
1783970035.1109,12:13:55.110,0.98,0.07,0.16
1783970035.6111,12:13:55.611,0.99,0.08,0.13
1783970036.1101,12:13:56.110,0.98,0.18,0.05
1783970036.6102,12:13:56.610,0.98,0.20,0.04
1783970037.1105,12:13:57.110,0.98,0.21,0.04
1783970037.6101,12:13:57.610,0.98,0.15,0.09
1783970038.1096,12:13:58.109,0.98,0.16,0.09
1783970038.61,12:13:58.610,0.96,0.26,-0.06
1783970039.1099,12:13:59.109,0.93,0.35,-0.13
1783970039.6095,12:13:59.609,0.92,0.38,-0.14
1783970040.1099,12:14:00.109,0.91,0.41,-0.11
1783970040.6094,12:14:00.609,0.91,0.39,-0.12
1783970041.1087,12:14:01.108,0.97,0.26,-0.02
1783970041.6088,12:14:01.608,0.97,0.24,-0.05
1783970042.1084,12:14:02.108,0.97,0.23,-0.05
1783970042.6078,12:14:02.607,0.96,0.27,-0.11
1783970043.1085,12:14:03.108,0.95,0.28,-0.12
1783970043.6081,12:14:03.608,0.94,0.29,-0.15
1783970044.1079,12:14:04.107,0.93,0.31,-0.17
1783970044.608,12:14:04.608,0.97,0.23,-0.09
1783970045.1075,12:14:05.107,0.96,0.25,-0.10
1783970045.6071,12:14:05.607,0.96,0.25,-0.12
1783970046.1076,12:14:06.107,0.95,0.28,-0.15
1783970046.6074,12:14:06.607,0.94,0.29,-0.16
1783970047.1068,12:14:07.106,0.90,0.39,-0.20
1783970047.6067,12:14:07.606,0.90,0.39,-0.20
1783970048.1067,12:14:08.106,0.90,0.39,-0.20
1783970048.6066,12:14:08.606,0.92,0.36,-0.16
1783970049.1062,12:14:09.106,0.93,0.34,-0.11
1783970049.6068,12:14:09.606,0.96,0.29,-0.06
1783970050.1065,12:14:10.106,0.97,0.25,-0.04
1783970050.6065,12:14:10.606,0.96,0.28,-0.05
1783970051.1069,12:14:11.106,0.92,0.37,-0.14
1783970051.6064,12:14:11.606,0.92,0.36,-0.13
1783970052.1062,12:14:12.106,0.91,0.38,-0.13
1783970052.6065,12:14:12.606,0.91,0.40,-0.11
1783970053.1059,12:14:13.105,0.90,0.42,-0.13
1783970053.6059,12:14:13.605,0.89,0.43,-0.15
1783970054.1058,12:14:14.105,0.90,0.42,-0.15
1783970054.6056,12:14:14.605,0.91,0.40,-0.12
1783970055.1054,12:14:15.105,0.92,0.37,-0.09
1783970055.6049,12:14:15.604,0.93,0.35,-0.08
1783970056.1041,12:14:16.104,0.94,0.33,-0.08
1783970056.6038,12:14:16.603,0.97,0.23,-0.02
1783970057.1041,12:14:17.104,1.00,0.09,0.05
1783970057.6033,12:14:17.603,0.99,-0.01,0.11
1783970058.1032,12:14:18.103,0.99,-0.02,0.12
1783970058.6032,12:14:18.603,0.99,0.00,0.13
1783970059.1024,12:14:19.102,0.99,0.06,0.08
1783970059.6025,12:14:19.602,0.99,0.10,0.05
1783970060.1027,12:14:20.102,0.99,0.12,0.03
1783970060.6027,12:14:20.602,0.99,0.08,0.06
1783970061.1028,12:14:21.102,0.99,0.10,0.06
1783970061.6032,12:14:21.603,0.99,0.12,0.07
1783970062.1035,12:14:22.103,0.99,0.16,0.03
1783970062.6025,12:14:22.602,0.98,0.19,0.02
1783970063.1027,12:14:23.102,0.96,0.26,-0.04
1783970063.6026,12:14:23.602,0.97,0.26,-0.01
1783970064.1022,12:14:24.102,0.97,0.24,-0.01
1783970064.6024,12:14:24.602,0.98,0.22,0.01
1783970065.1029,12:14:25.102,0.96,0.28,-0.03
1783970065.6023,12:14:25.602,0.96,0.28,0.00
1783970066.1022,12:14:26.102,0.97,0.25,0.05
1783970066.602,12:14:26.602,0.97,0.21,0.09
1783970067.1018,12:14:27.101,0.98,0.16,0.12
1783970067.6015,12:14:27.601,0.98,0.14,0.12
1783970068.1017,12:14:28.101,0.99,0.12,0.06
1783970068.601,12:14:28.601,0.99,0.16,0.03
1783970069.101,12:14:29.101,0.97,0.25,-0.05
1783970069.6008,12:14:29.600,0.94,0.34,-0.08
1783970070.1005,12:14:30.100,0.92,0.38,-0.09
1783970070.6003,12:14:30.600,0.92,0.38,-0.09
1783970071.1003,12:14:31.100,0.92,0.36,-0.14
1783970071.5998,12:14:31.599,0.93,0.34,-0.13
1783970072.0996,12:14:32.099,0.94,0.33,-0.13
1783970072.5998,12:14:32.599,0.94,0.31,-0.11
1783970073.0996,12:14:33.099,0.95,0.31,-0.10
1783970073.5996,12:14:33.599,0.95,0.29,-0.08
1783970074.0994,12:14:34.099,0.97,0.25,-0.05
1783970074.5988,12:14:34.598,0.97,0.24,-0.04
1783970075.0982,12:14:35.098,0.97,0.23,-0.02
1783970075.5987,12:14:35.598,0.96,0.29,-0.04
1783970076.0986,12:14:36.098,0.96,0.27,-0.01
1783970076.5983,12:14:36.598,0.97,0.25,0.01
1783970077.0985,12:14:37.098,0.97,0.23,-0.04
1783970077.5981,12:14:37.598,0.97,0.21,-0.06
1783970078.0974,12:14:38.097,0.99,0.16,-0.02
1783970078.5972,12:14:38.597,0.99,0.00,0.13
1783970079.0974,12:14:39.097,0.99,0.00,0.15
1783970079.5973,12:14:39.597,0.99,0.01,0.16
1783970080.0972,12:14:40.097,0.99,0.05,0.14
1783970080.5974,12:14:40.597,0.99,0.09,0.12
1783970081.0969,12:14:41.096,0.99,0.15,0.07
1783970081.5973,12:14:41.597,0.97,0.24,0.01
1783970082.0968,12:14:42.096,0.95,0.30,-0.09
1783970082.5962,12:14:42.596,0.95,0.30,-0.08
1783970083.0962,12:14:43.096,0.95,0.29,-0.09
1783970083.5959,12:14:43.595,0.97,0.23,-0.09
1783970084.0951,12:14:44.095,0.98,0.17,-0.05
1783970084.5949,12:14:44.594,0.98,0.17,-0.05
1783970085.095,12:14:45.095,0.94,0.30,-0.17
1783970085.5944,12:14:45.594,0.95,0.29,-0.14
1783970086.0943,12:14:46.094,0.97,0.23,-0.08
1783970086.5943,12:14:46.594,0.97,0.23,-0.06
1783970087.0935,12:14:47.093,0.98,0.19,-0.03
1783970087.5934,12:14:47.593,0.99,0.16,0.00
1783970088.094,12:14:48.094,0.99,0.15,0.00
1783970088.594,12:14:48.594,0.99,0.11,0.04
1783970089.0935,12:14:49.093,0.99,0.10,0.05
1783970089.5933,12:14:49.593,0.99,0.10,0.06
1783970090.0935,12:14:50.093,0.99,0.16,0.00
1783970090.5934,12:14:50.593,0.99,0.17,0.03
1783970091.094,12:14:51.094,0.98,0.17,0.05
1783970091.5936,12:14:51.593,0.99,0.15,0.07
1783970092.0934,12:14:52.093,0.99,0.09,0.08
1783970092.5938,12:14:52.593,0.99,0.06,0.08
1783970093.0932,12:14:53.093,0.99,0.05,0.08
1783970093.5928,12:14:53.592,1.00,0.07,0.06
1783970094.093,12:14:54.093,1.00,0.09,0.03
1783970094.5929,12:14:54.592,0.98,0.19,-0.06
1783970095.0923,12:14:55.092,0.98,0.19,-0.06
1783970095.5926,12:14:55.592,0.99,0.10,0.02
1783970096.0928,12:14:56.092,0.99,0.10,0.02
1783970096.5918,12:14:56.591,0.99,0.16,0.00
1783970097.0915,12:14:57.091,0.97,0.24,-0.07
1783970097.5913,12:14:57.591,0.95,0.28,-0.12
1783970098.0911,12:14:58.091,0.95,0.29,-0.09
1783970098.5908,12:14:58.590,0.83,0.51,-0.21
1783970099.0908,12:14:59.090,0.86,0.49,-0.15
1783970099.5902,12:14:59.590,0.90,0.42,-0.13
1783970100.0902,12:15:00.090,0.95,0.32,-0.05
1783970100.5904,12:15:00.590,0.97,0.26,0.04
1783970101.09,12:15:01.090,0.97,0.25,0.05
1783970101.5899,12:15:01.589,0.98,0.17,0.12
1783970102.0901,12:15:02.090,0.98,0.18,0.11
1783970102.5905,12:15:02.590,0.98,0.18,0.11
1783970103.0903,12:15:03.090,0.98,0.17,0.12
1783970103.5902,12:15:03.590,0.98,0.14,0.14
1783970104.09,12:15:04.090,0.98,0.14,0.15
1783970104.589,12:15:04.589,0.98,0.06,0.18
1783970105.0897,12:15:05.089,0.97,0.01,0.22
1783970105.589,12:15:05.589,0.97,0.00,0.24
1783970106.0886,12:15:06.088,0.96,-0.06,0.27
1783970106.5887,12:15:06.588,0.96,-0.09,0.28
1783970107.0895,12:15:07.089,0.95,-0.09,0.28
1783970107.589,12:15:07.589,0.96,-0.05,0.27
1783970108.0892,12:15:08.089,0.97,0.02,0.23
1783970108.5886,12:15:08.588,0.98,0.08,0.19
1783970109.0879,12:15:09.087,0.97,0.20,0.12
1783970109.5879,12:15:09.587,0.97,0.23,0.11
1783970110.0879,12:15:10.087,0.97,0.21,0.09
1783970110.5874,12:15:10.587,0.98,0.18,0.08
1783970111.0878,12:15:11.087,0.99,0.12,0.09
1783970111.5879,12:15:11.587,0.99,0.07,0.13
1783970112.0871,12:15:12.087,0.98,0.05,0.17
1783970112.5869,12:15:12.586,0.98,0.05,0.17
1783970113.0868,12:15:13.086,0.99,0.08,0.14
1783970113.586,12:15:13.586,0.99,0.07,0.10
1783970114.0858,12:15:14.085,0.99,0.09,0.10
1783970114.5858,12:15:14.585,0.99,0.10,0.09
1783970115.0852,12:15:15.085,0.99,0.10,0.10
1783970115.5853,12:15:15.585,0.99,0.03,0.16
1783970116.0851,12:15:16.085,0.97,-0.02,0.22
1783970116.5847,12:15:16.584,0.97,-0.04,0.24
1783970117.0846,12:15:17.084,0.97,-0.06,0.23
1783970117.5844,12:15:17.584,0.97,-0.06,0.23
1783970118.084,12:15:18.084,0.97,-0.05,0.24
1783970118.5843,12:15:18.584,0.97,-0.04,0.25
1783970119.0844,12:15:19.084,0.97,-0.02,0.24
1783970119.5845,12:15:19.584,0.97,-0.04,0.23
1783970120.0837,12:15:20.083,0.94,-0.12,0.32
1783970120.5841,12:15:20.584,0.94,-0.11,0.34
1783970121.084,12:15:21.084,0.94,-0.11,0.33
1783970121.5836,12:15:21.583,0.95,-0.07,0.30
1783970122.084,12:15:22.084,0.96,-0.05,0.28
1783970122.5843,12:15:22.584,0.96,-0.03,0.28
1783970123.0838,12:15:23.083,0.95,-0.05,0.31
1783970123.5842,12:15:23.584,0.95,-0.05,0.30
1783970124.0842,12:15:24.084,0.96,-0.04,0.28
1783970124.5836,12:15:24.583,0.96,-0.05,0.26
1783970125.0831,12:15:25.083,0.97,-0.04,0.26
1783970125.5834,12:15:25.583,0.97,-0.05,0.25
1783970126.0826,12:15:26.082,0.98,-0.02,0.20
1783970126.5825,12:15:26.582,0.99,0.02,0.17
1783970127.0825,12:15:27.082,0.99,0.04,0.13
1783970127.5817,12:15:27.581,0.99,0.05,0.12
1783970128.0812,12:15:28.081,0.99,0.06,0.11
1783970128.581,12:15:28.581,0.99,0.07,0.09
1783970129.0807,12:15:29.080,0.99,0.17,0.02
1783970129.5805,12:15:29.580,0.98,0.19,0.03
1783970130.0805,12:15:30.080,0.97,0.23,0.01
1783970130.5804,12:15:30.580,0.96,0.26,0.02
1783970131.0802,12:15:31.080,0.96,0.27,0.02
1783970131.5801,12:15:31.580,0.96,0.27,0.02
1783970132.08,12:15:32.080,0.98,0.22,0.02
1783970132.5794,12:15:32.579,0.99,0.11,0.08
1783970133.0799,12:15:33.079,0.99,0.06,0.12
1783970133.58,12:15:33.580,0.97,-0.01,0.25
1783970134.0795,12:15:34.079,0.96,-0.05,0.29
1783970134.58,12:15:34.580,0.96,-0.05,0.28
1783970135.0793,12:15:35.079,0.98,0.05,0.21
1783970135.5789,12:15:35.578,0.97,0.21,0.10
1783970136.079,12:15:36.079,0.97,0.23,0.09
1783970136.5788,12:15:36.578,0.98,0.07,0.18
1783970137.0784,12:15:37.078,0.99,0.07,0.15
1783970137.5789,12:15:37.578,0.99,0.05,0.15
1783970138.0787,12:15:38.078,0.99,0.05,0.15
1783970138.5784,12:15:38.578,0.99,0.05,0.15
1783970139.0784,12:15:39.078,0.99,0.06,0.14
1783970139.5784,12:15:39.578,0.99,0.11,0.12
1783970140.0779,12:15:40.077,0.99,0.11,0.12
1783970140.5782,12:15:40.578,0.99,0.05,0.16
1783970141.0784,12:15:41.078,0.99,-0.01,0.17
1783970141.5779,12:15:41.577,0.99,-0.02,0.16
1783970142.0775,12:15:42.077,0.99,0.03,0.12
1783970142.5772,12:15:42.577,0.99,0.08,0.11
1783970143.0763,12:15:43.076,0.99,0.12,0.09
1783970143.5763,12:15:43.576,0.99,0.12,0.09
1783970144.0768,12:15:44.076,0.99,0.03,0.15
1783970144.5762,12:15:44.576,0.99,0.03,0.15
1783970145.0762,12:15:45.076,0.99,0.11,0.12
1783970145.5763,12:15:45.576,0.99,0.10,0.13
1783970146.0753,12:15:46.075,0.99,0.08,0.11
1783970146.575,12:15:46.575,0.99,0.08,0.11
1783970147.0754,12:15:47.075,0.99,0.06,0.15
1783970147.5748,12:15:47.574,0.98,0.01,0.22
1783970148.0749,12:15:48.074,0.97,0.01,0.23
1783970148.5753,12:15:48.575,0.97,0.02,0.23
1783970149.0749,12:15:49.074,0.98,0.05,0.20
1783970149.5744,12:15:49.574,0.98,0.13,0.15
1783970150.0747,12:15:50.074,0.98,0.14,0.12
1783970150.5745,12:15:50.574,0.98,0.14,0.12
1783970151.074,12:15:51.074,0.98,0.08,0.19
1783970151.5744,12:15:51.574,0.98,0.08,0.19
1783970152.0741,12:15:52.074,0.98,0.11,0.15
1783970152.5735,12:15:52.573,0.98,0.19,0.04
1783970153.0737,12:15:53.073,0.98,0.19,0.04
1783970153.5736,12:15:53.573,0.98,0.16,0.09
1783970154.0731,12:15:54.073,0.98,0.03,0.18
1783970154.5729,12:15:54.572,0.98,-0.02,0.20
1783970155.073,12:15:55.073,0.98,-0.04,0.21
1783970155.5724,12:15:55.572,0.97,-0.06,0.23
1783970156.0727,12:15:56.072,0.97,-0.06,0.23
1783970156.5729,12:15:56.572,0.98,-0.03,0.21
1783970157.0721,12:15:57.072,0.98,-0.03,0.21
1783970157.5726,12:15:57.572,0.99,-0.02,0.17
1783970158.0724,12:15:58.072,0.99,0.06,0.10
1783970158.5718,12:15:58.571,0.99,0.12,0.05
1783970159.0715,12:15:59.071,0.99,0.12,0.04
1783970159.5716,12:15:59.571,1.00,0.07,0.07
1783970160.0711,12:16:00.071,1.00,0.08,0.05
1783970160.5709,12:16:00.570,0.99,0.10,0.05
1783970161.0714,12:16:01.071,0.98,0.19,0.03
1783970161.5713,12:16:01.571,0.98,0.20,0.03
1783970162.0705,12:16:02.070,0.97,0.25,-0.01
1783970162.5705,12:16:02.570,0.97,0.24,0.00
1783970163.0699,12:16:03.069,0.97,0.24,0.00
1783970163.5695,12:16:03.569,0.97,0.24,0.03
1783970164.0697,12:16:04.069,0.98,0.15,0.10
1783970164.5698,12:16:04.569,0.99,0.08,0.13
1783970165.0698,12:16:05.069,0.99,0.08,0.12
1783970165.5699,12:16:05.569,0.99,0.08,0.11
1783970166.0699,12:16:06.069,0.99,0.09,0.11
1783970166.5697,12:16:06.569,0.99,0.10,0.13
1783970167.07,12:16:07.070,0.98,0.11,0.15
1783970167.5696,12:16:07.569,0.97,0.21,0.11
1783970168.0687,12:16:08.068,0.97,0.23,0.11
1783970168.5687,12:16:08.568,0.96,0.25,0.11
1783970169.0691,12:16:09.069,0.96,0.24,0.12
1783970169.5684,12:16:09.568,0.97,0.20,0.13
1783970170.0688,12:16:10.068,0.97,0.06,0.21
1783970170.5686,12:16:10.568,0.97,0.04,0.23
1783970171.0677,12:16:11.067,0.98,0.02,0.21
1783970171.5677,12:16:11.567,0.98,0.07,0.18
1783970172.0682,12:16:12.068,0.98,0.08,0.18
1783970172.5676,12:16:12.567,0.99,0.08,0.13
1783970173.0674,12:16:13.067,0.99,0.10,0.12
1783970173.5675,12:16:13.567,0.98,0.14,0.11
1783970174.0671,12:16:14.067,0.98,0.17,0.11
1783970174.5671,12:16:14.567,0.98,0.16,0.11
1783970175.0668,12:16:15.066,0.98,0.15,0.09
1783970175.5662,12:16:15.566,0.98,0.17,0.06
1783970176.066,12:16:16.066,0.98,0.20,0.07
1783970176.5663,12:16:16.566,0.96,0.26,0.05
1783970177.0655,12:16:17.065,0.94,0.33,-0.01
1783970177.565,12:16:17.565,0.94,0.33,-0.01
1783970178.0656,12:16:18.065,0.96,0.27,0.03
1783970178.565,12:16:18.565,0.98,0.18,0.08
1783970179.0649,12:16:19.064,0.99,0.11,0.11
1783970179.5653,12:16:19.565,0.99,0.00,0.15
1783970180.065,12:16:20.065,0.98,-0.06,0.20
1783970180.5651,12:16:20.565,0.98,-0.06,0.21
1783970181.0652,12:16:21.065,0.98,-0.03,0.19
1783970181.5647,12:16:21.564,0.99,0.03,0.15
1783970182.0646,12:16:22.064,0.99,0.09,0.11
1783970182.5648,12:16:22.564,0.99,0.16,-0.01
1783970183.0647,12:16:23.064,0.98,0.19,-0.04
1783970183.5647,12:16:23.564,0.98,0.21,-0.02
1783970184.0649,12:16:24.064,0.98,0.22,0.00
1783970184.5652,12:16:24.565,0.97,0.25,0.00
1783970185.0644,12:16:25.064,0.97,0.25,0.00
1783970185.5647,12:16:25.564,0.97,0.26,0.03
1783970186.0639,12:16:26.063,0.96,0.27,0.02
1783970186.5629,12:16:26.562,0.97,0.26,0.02
1783970187.0636,12:16:27.063,0.97,0.26,0.01
1783970187.5632,12:16:27.563,0.96,0.28,-0.01
1783970188.0623,12:16:28.062,0.96,0.28,-0.01
1783970188.5623,12:16:28.562,0.97,0.25,0.01
1783970189.0623,12:16:29.062,0.99,0.12,0.11
1783970189.5621,12:16:29.562,0.98,0.06,0.19
1783970190.0619,12:16:30.061,0.98,0.02,0.22
1783970190.5623,12:16:30.562,0.98,0.02,0.22
1783970191.0616,12:16:31.061,0.98,0.05,0.20
1783970191.5612,12:16:31.561,0.98,0.10,0.16
1783970192.0615,12:16:32.061,0.98,0.10,0.16
1783970192.5609,12:16:32.560,0.98,0.08,0.19
1783970193.0609,12:16:33.060,0.98,0.05,0.21
1783970193.561,12:16:33.561,0.98,0.06,0.21
1783970194.061,12:16:34.061,0.97,0.01,0.23
1783970194.5606,12:16:34.560,0.98,-0.01,0.21
1783970195.0611,12:16:35.061,0.98,-0.02,0.20
1783970195.5611,12:16:35.561,0.99,0.00,0.16
1783970196.0602,12:16:36.060,0.99,0.03,0.12
1783970196.5606,12:16:36.560,0.99,0.08,0.09
1783970197.06,12:16:37.060,0.99,0.08,0.09
1783970197.5593,12:16:37.559,0.99,0.11,0.09
1783970198.0593,12:16:38.059,0.99,0.11,0.08
1783970198.5593,12:16:38.559,0.99,0.10,0.09
1783970199.0588,12:16:39.058,0.99,0.08,0.07
1783970199.5588,12:16:39.558,0.99,0.08,0.07
1783970200.0586,12:16:40.058,0.99,0.12,0.11
1783970200.5585,12:16:40.558,0.99,0.10,0.12
1783970201.0583,12:16:41.058,0.99,0.10,0.12
1783970201.5588,12:16:41.558,0.99,0.09,0.13
1783970202.0578,12:16:42.057,0.98,0.13,0.13
1783970202.5576,12:16:42.557,0.98,0.17,0.10
1783970203.0577,12:16:43.057,0.97,0.25,0.04
1783970203.5569,12:16:43.556,0.97,0.25,0.02
1783970204.0567,12:16:44.056,0.98,0.22,-0.01
1783970204.5572,12:16:44.557,0.98,0.19,-0.05
1783970205.0566,12:16:45.056,0.98,0.19,-0.03
1783970205.5565,12:16:45.556,0.98,0.18,-0.01
1783970206.0566,12:16:46.056,0.98,0.19,0.03
1783970206.5562,12:16:46.556,0.99,0.14,0.08
1783970207.0561,12:16:47.056,0.99,0.05,0.16
1783970207.5563,12:16:47.556,0.99,0.06,0.15
1783970208.0557,12:16:48.055,0.99,0.05,0.14
1783970208.5556,12:16:48.555,0.99,0.05,0.14
1783970209.0558,12:16:49.055,0.99,0.05,0.16
1783970209.5551,12:16:49.555,0.98,0.04,0.21
1783970210.0551,12:16:50.055,0.97,-0.01,0.24
1783970210.5553,12:16:50.555,0.97,-0.02,0.23
1783970211.0554,12:16:51.055,0.98,-0.01,0.19
1783970211.5552,12:16:51.555,0.99,0.03,0.16
1783970212.0554,12:16:52.055,0.99,0.13,0.10
1783970212.5549,12:16:52.554,0.96,0.26,0.01
1783970213.0547,12:16:53.054,0.97,0.26,0.01
1783970213.555,12:16:53.555,0.96,0.26,0.01
1783970214.0546,12:16:54.054,0.99,0.12,0.12
1783970214.5538,12:16:54.553,0.98,0.04,0.19
1783970215.0539,12:16:55.053,0.98,-0.04,0.18
1783970215.5537,12:16:55.553,0.98,-0.07,0.19
1783970216.0531,12:16:56.053,0.98,-0.07,0.18
1783970216.5532,12:16:56.553,0.99,-0.04,0.14
1783970217.0534,12:16:57.053,1.00,0.02,0.08
1783970217.5527,12:16:57.552,1.00,0.02,0.08
1783970218.0527,12:16:58.052,1.00,0.02,0.08
1783970218.5531,12:16:58.553,1.00,0.03,0.07
1783970219.0522,12:16:59.052,1.00,0.04,0.09
1783970219.5522,12:16:59.552,0.99,0.10,0.05
1783970220.0523,12:17:00.052,0.98,0.18,0.03
1783970220.552,12:17:00.552,0.98,0.21,0.06
1783970221.052,12:17:01.052,0.98,0.20,0.08
1783970221.5521,12:17:01.552,0.98,0.20,0.05
1783970222.0513,12:17:02.051,0.98,0.19,0.02
1783970222.5514,12:17:02.551,0.99,0.17,0.00
1783970223.0511,12:17:03.051,0.99,0.17,-0.01
1783970223.5509,12:17:03.550,0.99,0.16,-0.05
1783970224.0507,12:17:04.050,0.98,0.19,-0.08
1783970224.5508,12:17:04.550,0.94,0.31,-0.14
1783970225.0508,12:17:05.050,0.93,0.35,-0.12
1783970225.5503,12:17:05.550,0.93,0.34,-0.12
1783970226.0509,12:17:06.050,0.93,0.34,-0.12
1783970226.5505,12:17:06.550,0.96,0.25,-0.09
1783970227.0496,12:17:07.049,0.98,0.17,-0.05
1783970227.5502,12:17:07.550,0.99,0.15,-0.03
1783970228.0501,12:17:08.050,0.99,0.12,0.00
1783970228.5494,12:17:08.549,1.00,0.04,0.08
1783970229.0498,12:17:09.049,0.99,-0.02,0.11
1783970229.5499,12:17:09.549,0.99,-0.02,0.10
1783970230.0495,12:17:10.049,1.00,0.08,0.01
1783970230.5495,12:17:10.549,1.00,0.08,-0.03
1783970231.0494,12:17:11.049,0.99,0.14,-0.08
1783970231.5486,12:17:11.548,0.98,0.16,-0.10
1783970232.0486,12:17:12.048,0.98,0.17,-0.09
1783970232.5485,12:17:12.548,0.98,0.20,-0.05
1783970233.0485,12:17:13.048,0.96,0.28,-0.06
1783970233.5488,12:17:13.548,0.92,0.37,-0.15
1783970234.049,12:17:14.049,0.92,0.37,-0.13
1783970234.548,12:17:14.548,0.95,0.31,-0.08
1783970235.0479,12:17:15.047,0.99,0.13,0.07
1783970235.5483,12:17:15.548,0.99,0.13,0.07
1783970236.0479,12:17:16.047,0.99,0.08,0.11
1783970236.5478,12:17:16.547,0.99,0.03,0.15
1783970237.048,12:17:17.048,0.98,0.05,0.18
1783970237.5475,12:17:17.547,0.98,0.05,0.19
1783970238.0469,12:17:18.046,0.98,0.05,0.19
1783970238.5471,12:17:18.547,0.98,0.02,0.21
1783970239.0466,12:17:19.046,0.96,-0.06,0.26
1783970239.5458,12:17:19.545,0.96,-0.07,0.28
1783970240.0464,12:17:20.046,0.97,-0.09,0.25
1783970240.5463,12:17:20.546,0.98,-0.07,0.21
1783970241.0461,12:17:21.046,0.97,-0.08,0.22
1783970241.5462,12:17:21.546,0.97,-0.08,0.24
1783970242.0454,12:17:22.045,0.97,-0.07,0.24
1783970242.5452,12:17:22.545,0.98,0.01,0.21
1783970243.0455,12:17:23.045,0.98,0.07,0.18
1783970243.5457,12:17:23.545,0.98,0.05,0.18
1783970244.0453,12:17:24.045,0.98,0.04,0.18
1783970244.5459,12:17:24.545,0.98,0.02,0.20
1783970245.0455,12:17:25.045,0.98,0.01,0.19
1783970245.545,12:17:25.545,0.99,0.07,0.14
1783970246.045,12:17:26.045,0.99,0.06,0.11
1783970246.5448,12:17:26.544,0.99,0.08,0.08
1783970247.0443,12:17:27.044,0.99,0.15,0.01
1783970247.5441,12:17:27.544,0.98,0.17,0.03
1783970248.0442,12:17:28.044,0.99,0.13,0.06
1783970248.5436,12:17:28.543,0.99,0.14,0.08
1783970249.0436,12:17:29.043,0.98,0.15,0.10
1783970249.5437,12:17:29.543,0.98,0.14,0.11
1783970250.0433,12:17:30.043,0.99,0.07,0.15
1783970250.5429,12:17:30.542,0.99,0.06,0.13
1783970251.0432,12:17:31.043,0.99,0.02,0.17
1783970251.5432,12:17:31.543,0.98,0.03,0.20
1783970252.0429,12:17:32.042,0.98,0.04,0.20
1783970252.5433,12:17:32.543,0.98,0.07,0.20
1783970253.0425,12:17:33.042,0.98,0.08,0.20
1783970253.5424,12:17:33.542,0.98,0.09,0.20
1783970254.0426,12:17:34.042,0.98,0.11,0.18
1783970254.5419,12:17:34.541,0.98,0.18,0.13
1783970255.042,12:17:35.042,0.96,0.28,0.05
1783970255.5422,12:17:35.542,0.96,0.28,0.06
1783970256.0419,12:17:36.041,0.97,0.25,0.06
1783970256.5411,12:17:36.541,0.97,0.25,0.04
1783970257.0415,12:17:37.041,0.98,0.20,0.08
1783970257.541,12:17:37.541,0.98,0.13,0.17
1783970258.0404,12:17:38.040,0.97,0.08,0.23
1783970258.5407,12:17:38.540,0.95,-0.02,0.30
1783970259.0407,12:17:39.040,0.95,-0.03,0.30
1783970259.5401,12:17:39.540,0.96,-0.03,0.27
1783970260.0404,12:17:40.040,0.97,-0.04,0.24
1783970260.5402,12:17:40.540,0.98,0.02,0.17
1783970261.0396,12:17:41.039,0.99,0.03,0.16
1783970261.5397,12:17:41.539,0.99,0.01,0.17
1783970262.0397,12:17:42.039,0.99,0.02,0.16
1783970262.5396,12:17:42.539,0.99,0.03,0.13
1783970263.0396,12:17:43.039,0.99,0.04,0.12
1783970263.5389,12:17:43.538,1.00,0.04,0.09
1783970264.0384,12:17:44.038,1.00,0.04,0.08
1783970264.5384,12:17:44.538,0.99,0.14,-0.01
1783970265.038,12:17:45.038,0.98,0.21,-0.01
1783970265.5375,12:17:45.537,0.97,0.23,-0.03
1783970266.0373,12:17:46.037,0.96,0.28,-0.07
1783970266.5376,12:17:46.537,0.95,0.28,-0.10
1783970267.0372,12:17:47.037,0.96,0.28,-0.09
1783970267.5372,12:17:47.537,0.97,0.22,-0.02
1783970268.0375,12:17:48.037,0.98,0.19,0.02
1783970268.5373,12:17:48.537,0.98,0.22,0.02
1783970269.0377,12:17:49.037,0.97,0.23,0.04
1783970269.5379,12:17:49.537,0.97,0.25,0.02
1783970270.0375,12:17:50.037,0.97,0.24,-0.01
1783970270.537,12:17:50.537,0.97,0.24,-0.03
1783970271.0372,12:17:51.037,0.97,0.23,-0.04
1783970271.5369,12:17:51.536,0.97,0.23,-0.05
1783970272.0363,12:17:52.036,0.97,0.23,-0.05
1783970272.5367,12:17:52.536,0.98,0.21,-0.05
1783970273.0362,12:17:53.036,0.98,0.21,-0.04
1783970273.5358,12:17:53.535,0.90,0.39,-0.19
1783970274.0362,12:17:54.036,0.90,0.38,-0.21
1783970274.5355,12:17:54.535,0.90,0.38,-0.20
1783970275.0347,12:17:55.034,0.92,0.38,-0.13
1783970275.5349,12:17:55.534,0.96,0.24,0.13
1783970276.0348,12:17:56.034,0.95,-0.02,0.30
1783970276.5346,12:17:56.534,0.95,-0.06,0.31
1783970277.0345,12:17:57.034,0.95,-0.06,0.30
1783970277.5341,12:17:57.534,0.96,-0.03,0.28
1783970278.0339,12:17:58.033,0.98,0.16,0.15
1783970278.534,12:17:58.534,0.95,0.31,0.03
1783970279.0342,12:17:59.034,0.98,0.16,0.14
1783970279.5336,12:17:59.533,0.97,0.06,0.22
1783970280.0331,12:18:00.033,0.97,0.05,0.24
1783970280.5337,12:18:00.533,0.97,0.05,0.23
1783970281.0336,12:18:01.033,0.97,0.05,0.24
1783970281.5334,12:18:01.533,0.97,0.06,0.23
1783970282.0334,12:18:02.033,0.98,0.09,0.16
1783970282.5327,12:18:02.532,0.99,0.15,0.06
1783970283.0323,12:18:03.032,0.99,0.15,0.07
1783970283.5329,12:18:03.532,0.98,0.14,0.12
1783970284.0323,12:18:04.032,0.98,0.12,0.17
1783970284.5323,12:18:04.532,0.98,0.09,0.18
1783970285.0326,12:18:05.032,0.98,0.09,0.17
1783970285.5325,12:18:05.532,0.97,0.01,0.23
1783970286.0321,12:18:06.032,0.97,-0.01,0.24
1783970286.5323,12:18:06.532,0.97,0.00,0.23
1783970287.0315,12:18:07.031,0.97,0.01,0.23
1783970287.5312,12:18:07.531,0.98,0.04,0.20
1783970288.0316,12:18:08.031,0.98,0.03,0.20
1783970288.5312,12:18:08.531,0.98,0.04,0.19
1783970289.0307,12:18:09.030,0.98,0.03,0.18
1783970289.5307,12:18:09.530,0.98,0.02,0.19
1783970290.0302,12:18:10.030,0.98,0.01,0.20
1783970290.5299,12:18:10.529,0.96,-0.04,0.27
1783970291.0301,12:18:11.030,0.96,-0.02,0.27
1783970291.53,12:18:11.530,0.98,0.09,0.20
1783970292.0296,12:18:12.029,0.97,0.20,0.11
1783970292.5295,12:18:12.529,0.95,0.30,0.02
1783970293.0299,12:18:13.029,0.96,0.29,0.02
1783970293.5293,12:18:13.529,0.97,0.26,0.01
1783970294.0294,12:18:14.029,0.97,0.23,0.03
1783970294.5296,12:18:14.529,0.98,0.20,0.04
1783970295.0288,12:18:15.028,0.98,0.18,0.07
1783970295.5285,12:18:15.528,0.98,0.14,0.10
1783970296.0285,12:18:16.028,0.98,0.07,0.16
1783970296.5281,12:18:16.528,0.98,0.07,0.16
1783970297.0282,12:18:17.028,0.98,0.09,0.15
1783970297.528,12:18:17.528,0.99,0.07,0.10
1783970298.0272,12:18:18.027,0.99,0.07,0.10
1783970298.5277,12:18:18.527,0.99,0.07,0.13
1783970299.0277,12:18:19.027,0.98,-0.02,0.21
1783970299.5274,12:18:19.527,0.97,-0.04,0.23
1783970300.0272,12:18:20.027,0.96,-0.05,0.26
1783970300.5278,12:18:20.527,0.96,-0.05,0.28
1783970301.0278,12:18:21.027,0.95,-0.02,0.30
1783970301.5276,12:18:21.527,0.96,0.03,0.28
1783970302.0282,12:18:22.028,0.96,0.03,0.28
1783970302.5285,12:18:22.528,0.97,0.09,0.24
1783970303.0281,12:18:23.028,0.97,0.12,0.21
1783970303.5284,12:18:23.528,0.97,0.15,0.20
1783970304.0281,12:18:24.028,0.97,0.17,0.18
1783970304.5272,12:18:24.527,0.97,0.18,0.16
1783970305.0272,12:18:25.027,0.97,0.19,0.12
1783970305.5267,12:18:25.526,0.97,0.21,0.11
1783970306.0264,12:18:26.026,0.96,0.27,0.07
1783970306.5266,12:18:26.526,0.94,0.33,0.04
1783970307.0263,12:18:27.026,0.95,0.32,0.04
1783970307.5261,12:18:27.526,0.97,0.17,0.17
1783970308.0262,12:18:28.026,0.97,0.06,0.23
1783970308.5263,12:18:28.526,0.97,0.07,0.22
1783970309.0259,12:18:29.025,0.98,0.10,0.17
1783970309.526,12:18:29.526,0.98,0.10,0.16
1783970310.0259,12:18:30.025,0.98,0.06,0.19
1783970310.5265,12:18:30.526,0.97,0.07,0.22
1783970311.0268,12:18:31.026,0.97,0.09,0.21
1783970311.526,12:18:31.526,0.97,0.17,0.15
1783970312.0256,12:18:32.025,0.98,0.14,0.14
1783970312.5258,12:18:32.525,0.98,0.13,0.13
1783970313.0254,12:18:33.025,0.98,0.14,0.12
1783970313.5253,12:18:33.525,0.97,0.23,0.04
1783970314.0249,12:18:34.024,0.98,0.21,0.02
1783970314.5246,12:18:34.524,0.98,0.20,0.02
1783970315.0248,12:18:35.024,0.98,0.21,0.06
1783970315.5246,12:18:35.524,0.97,0.22,0.11
1783970316.0249,12:18:36.024,0.97,0.20,0.13
1783970316.5249,12:18:36.524,0.97,0.18,0.14
1783970317.0247,12:18:37.024,0.98,0.16,0.15
1783970317.5249,12:18:37.524,0.98,0.16,0.14
1783970318.0248,12:18:38.024,0.98,0.15,0.14
1783970318.5244,12:18:38.524,0.97,0.12,0.20
1783970319.0248,12:18:39.024,0.97,0.13,0.22
1783970319.5243,12:18:39.524,0.97,0.11,0.22
1783970320.0237,12:18:40.023,0.97,0.07,0.23
1783970320.5242,12:18:40.524,0.97,0.09,0.21
1783970321.0238,12:18:41.023,0.97,0.10,0.22
1783970321.5228,12:18:41.522,0.96,0.22,0.15
1783970322.0231,12:18:42.023,0.97,0.21,0.15
1783970322.5223,12:18:42.522,0.97,0.18,0.18
1783970323.0211,12:18:43.021,0.97,0.08,0.24
1783970323.521,12:18:43.521,0.97,0.07,0.24
1783970324.0204,12:18:44.020,0.97,0.05,0.23
1783970324.5201,12:18:44.520,0.97,0.06,0.23
1783970325.0197,12:18:45.019,0.97,0.06,0.22
1783970325.5196,12:18:45.519,0.97,0.00,0.25
1783970326.0191,12:18:46.019,0.97,0.01,0.25
1783970326.5191,12:18:46.519,0.98,0.12,0.16
1783970327.0192,12:18:47.019,0.96,0.28,0.08
1783970327.5188,12:18:47.518,0.94,0.32,0.06
1783970328.0188,12:18:48.018,0.95,0.31,0.06
1783970328.5191,12:18:48.519,0.96,0.28,0.04
1783970329.0189,12:18:49.018,0.96,0.26,0.06
1783970329.5187,12:18:49.518,0.96,0.27,0.08
1783970330.0186,12:18:50.018,0.95,0.30,0.10
1783970330.5182,12:18:50.518,0.95,0.31,0.10
1783970331.0179,12:18:51.017,0.96,0.15,0.22
1783970331.5183,12:18:51.518,0.96,0.10,0.24
1783970332.0179,12:18:52.017,0.97,0.08,0.24
1783970332.5176,12:18:52.517,0.97,0.08,0.24
1783970333.018,12:18:53.018,0.96,0.04,0.28
1783970333.5173,12:18:53.517,0.96,0.04,0.28
1783970334.0167,12:18:54.016,0.96,0.10,0.25
1783970334.5167,12:18:54.516,0.96,0.19,0.19
1783970335.0166,12:18:55.016,0.96,0.26,0.13
1783970335.516,12:18:55.516,0.93,0.37,0.05
1783970336.0166,12:18:56.016,0.90,0.45,-0.02
1783970336.5163,12:18:56.516,0.89,0.46,-0.03
1783970337.0155,12:18:57.015,0.89,0.45,-0.03
1783970337.5156,12:18:57.515,0.91,0.42,0.00
1783970338.0152,12:18:58.015,0.94,0.34,0.02
1783970338.5144,12:18:58.514,0.95,0.32,0.03
1783970339.0149,12:18:59.014,0.95,0.32,0.03
1783970339.5149,12:18:59.514,0.95,0.31,0.03
1783970340.0146,12:19:00.014,0.97,0.24,0.08
1783970340.5146,12:19:00.514,0.97,0.24,0.07
1783970341.0143,12:19:01.014,0.97,0.22,0.09
1783970341.514,12:19:01.514,0.98,0.15,0.15
1783970342.0136,12:19:02.013,0.98,0.15,0.15
1783970342.5136,12:19:02.513,0.98,0.13,0.18
1783970343.0131,12:19:03.013,0.97,0.12,0.19
1783970343.5135,12:19:03.513,0.97,0.12,0.20
1783970344.0136,12:19:04.013,0.97,0.12,0.20
1783970344.5134,12:19:04.513,0.97,0.09,0.21
1783970345.013,12:19:05.013,0.98,0.08,0.20
1783970345.5129,12:19:05.512,0.98,0.05,0.19
1783970346.0125,12:19:06.012,0.99,0.05,0.15
1783970346.5125,12:19:06.512,0.99,0.10,0.12
1783970347.0128,12:19:07.012,0.99,0.09,0.13
1783970347.5126,12:19:07.512,0.99,0.07,0.15
1783970348.0121,12:19:08.012,0.98,0.06,0.17
1783970348.5121,12:19:08.512,0.98,0.06,0.19
1783970349.0113,12:19:09.011,0.97,-0.02,0.26
1783970349.5111,12:19:09.511,0.97,-0.02,0.26
1783970350.0113,12:19:10.011,0.97,-0.01,0.22
1783970350.5112,12:19:10.511,0.98,0.00,0.22
1783970351.0104,12:19:11.010,0.97,0.02,0.23
1783970351.5106,12:19:11.510,0.98,0.05,0.21
1783970352.0107,12:19:12.010,0.98,0.05,0.17
1783970352.5099,12:19:12.509,0.98,0.07,0.17
1783970353.0097,12:19:13.009,0.98,0.14,0.13
1783970353.5098,12:19:13.509,0.98,0.15,0.14
1783970354.0101,12:19:14.010,0.98,0.15,0.15
1783970354.51,12:19:14.510,0.98,0.11,0.17
1783970355.0096,12:19:15.009,0.98,0.11,0.18
1783970355.5094,12:19:15.509,0.97,0.16,0.16
1783970356.0095,12:19:16.009,0.97,0.23,0.11
1783970356.5097,12:19:16.509,0.97,0.23,0.11
1783970357.0092,12:19:17.009,0.97,0.22,0.11
1783970357.509,12:19:17.509,0.98,0.14,0.15
1783970358.0098,12:19:18.009,0.98,0.16,0.14
1783970358.5095,12:19:18.509,0.98,0.18,0.12
1783970359.0097,12:19:19.009,0.95,0.30,0.07
1783970359.51,12:19:19.510,0.94,0.35,0.06
1783970360.0093,12:19:20.009,0.94,0.35,0.06
1783970360.5083,12:19:20.508,0.94,0.33,0.07
1783970361.0086,12:19:21.008,0.96,0.23,0.15
1783970361.5084,12:19:21.508,0.96,0.04,0.27
1783970362.008,12:19:22.008,0.96,0.00,0.28
1783970362.5081,12:19:22.508,0.95,-0.03,0.31
1783970363.0079,12:19:23.007,0.95,-0.03,0.31
1783970363.5076,12:19:23.507,0.95,-0.03,0.30
1783970364.0076,12:19:24.007,0.97,0.08,0.23
1783970364.5072,12:19:24.507,0.97,0.16,0.19
1783970365.0071,12:19:25.007,0.97,0.20,0.16
1783970365.5077,12:19:25.507,0.97,0.20,0.16
1783970366.0077,12:19:26.007,0.96,0.23,0.13
1783970366.5067,12:19:26.506,0.95,0.30,0.08
1783970367.0071,12:19:27.007,0.95,0.29,0.08
1783970367.5074,12:19:27.507,0.96,0.27,0.11
1783970368.007,12:19:28.007,0.97,0.16,0.19
1783970368.5069,12:19:28.506,0.97,0.11,0.22
1783970369.0063,12:19:29.006,0.97,0.07,0.25
1783970369.5059,12:19:29.505,0.97,0.06,0.25
1783970370.0058,12:19:30.005,0.96,0.04,0.26
1783970370.5054,12:19:30.505,0.97,0.06,0.24
1783970371.0052,12:19:31.005,0.97,0.05,0.24
1783970371.5051,12:19:31.505,0.97,-0.01,0.23
1783970372.0049,12:19:32.004,0.98,-0.03,0.21
1783970372.5052,12:19:32.505,0.97,-0.04,0.23
1783970373.0047,12:19:33.004,0.97,-0.04,0.25
1783970373.5049,12:19:33.504,0.96,-0.03,0.27
1783970374.0044,12:19:34.004,0.97,-0.03,0.26
1783970374.5044,12:19:34.504,0.97,0.01,0.24
1783970375.0043,12:19:35.004,0.98,0.03,0.21
1783970375.5037,12:19:35.503,0.98,0.08,0.18
1783970376.0033,12:19:36.003,0.98,0.09,0.19
1783970376.5036,12:19:36.503,0.97,-0.01,0.26
1783970377.003,12:19:37.003,0.97,-0.01,0.26
1783970377.5033,12:19:37.503,0.98,0.04,0.22
1783970378.0031,12:19:38.003,0.97,0.06,0.23
1783970378.5025,12:19:38.502,0.97,0.08,0.21
1783970379.002,12:19:39.002,0.98,0.12,0.18
1783970379.5024,12:19:39.502,0.98,0.16,0.13
1783970380.0016,12:19:40.001,0.98,0.17,0.11
1783970380.5009,12:19:40.500,0.98,0.18,0.09
1783970381.0014,12:19:41.001,0.98,0.18,0.10
1783970381.5015,12:19:41.501,0.98,0.18,0.09
1783970382.0013,12:19:42.001,0.98,0.19,0.09
1783970382.5019,12:19:42.501,0.98,0.19,0.09
1783970383.0024,12:19:43.002,0.97,0.24,0.03
1783970383.5022,12:19:43.502,0.97,0.25,0.05
1783970384.0021,12:19:44.002,0.97,0.22,0.07
1783970384.5017,12:19:44.501,0.97,0.22,0.13
1783970385.0011,12:19:45.001,0.96,0.25,0.11
1783970385.5013,12:19:45.501,0.96,0.23,0.14
1783970386.0007,12:19:46.000,0.96,0.23,0.13
1783970386.5004,12:19:46.500,0.97,0.16,0.20
1783970387.0004,12:19:47.000,0.97,0.14,0.22
1783970387.5006,12:19:47.500,0.97,0.13,0.21
1783970387.9999,12:19:47.999,0.97,0.10,0.21
1783970388.4999,12:19:48.499,0.97,0.08,0.22
1783970389.0002,12:19:49.000,0.97,0.03,0.25
1783970389.5,12:19:49.500,0.96,0.02,0.26
1783970390.0,12:19:50.000,0.96,0.01,0.27
1783970390.5005,12:19:50.500,0.96,-0.01,0.27
1783970390.9999,12:19:50.999,0.96,-0.03,0.29
1783970391.4993,12:19:51.499,0.95,-0.04,0.29
1783970391.999,12:19:51.999,0.94,-0.09,0.33
1783970392.4984,12:19:52.498,0.93,-0.14,0.35
1783970392.9981,12:19:52.998,0.92,-0.14,0.36
1783970393.4987,12:19:53.498,0.92,-0.15,0.36
1783970393.9983,12:19:53.998,0.94,-0.11,0.33
1783970394.4982,12:19:54.498,0.96,-0.05,0.28
1783970394.9984,12:19:54.998,0.97,-0.01,0.23
1783970395.4981,12:19:55.498,0.97,-0.01,0.23
1783970395.9971,12:19:55.997,0.96,-0.07,0.26
1783970396.4975,12:19:56.497,0.96,-0.06,0.26
1783970396.9969,12:19:56.996,0.96,-0.06,0.28
1783970397.4967,12:19:57.496,0.96,-0.03,0.27
1783970397.9968,12:19:57.996,0.96,-0.03,0.28
1783970398.4969,12:19:58.496,0.97,0.03,0.24
1783970398.9965,12:19:58.996,0.97,0.03,0.23
1783970399.4964,12:19:59.496,0.97,0.00,0.23
1783970399.9966,12:19:59.996,0.97,-0.01,0.23
1783970400.496,12:20:00.496,0.98,0.00,0.21
1783970400.9958,12:20:00.995,0.99,0.08,0.15
1783970401.4962,12:20:01.496,0.98,0.10,0.16
1783970401.9959,12:20:01.995,0.98,0.11,0.16
1783970402.4951,12:20:02.495,0.98,0.11,0.18
1783970402.9947,12:20:02.994,0.97,0.15,0.17
1783970403.494,12:20:03.494,0.97,0.16,0.16
1783970403.9942,12:20:03.994,0.97,0.19,0.14
1783970404.4943,12:20:04.494,0.96,0.27,0.08
1783970404.9941,12:20:04.994,0.96,0.27,0.07
1783970405.4939,12:20:05.493,0.96,0.27,0.06
1783970405.9942,12:20:05.994,0.98,0.19,0.10
1783970406.4936,12:20:06.493,0.99,0.14,0.09
1783970406.9935,12:20:06.993,0.99,0.09,0.13
1783970407.4935,12:20:07.493,0.99,0.06,0.15
1783970407.9929,12:20:07.992,0.99,0.06,0.15
1783970408.4926,12:20:08.492,0.99,0.11,0.11
1783970408.9928,12:20:08.992,0.98,0.15,0.10
1783970409.492,12:20:09.492,0.98,0.17,0.08
1783970409.9917,12:20:09.991,0.98,0.17,0.08
1783970410.4921,12:20:10.492,0.98,0.19,0.06
1783970410.992,12:20:10.992,0.98,0.18,0.06
1783970411.4918,12:20:11.491,0.99,0.15,0.05
1783970411.9922,12:20:11.992,0.99,0.09,0.09
1783970412.4926,12:20:12.492,0.99,0.09,0.08
1783970412.9922,12:20:12.992,0.99,0.10,0.09
1783970413.4923,12:20:13.492,0.99,0.13,0.08
1783970413.9919,12:20:13.991,0.99,0.14,0.09
1783970414.4913,12:20:14.491,0.98,0.14,0.10
1783970414.9912,12:20:14.991,0.98,0.15,0.11
1783970415.4916,12:20:15.491,0.98,0.16,0.11
1783970415.9908,12:20:15.990,0.98,0.17,0.13
1783970416.4907,12:20:16.490,0.97,0.21,0.13
1783970416.9909,12:20:16.990,0.97,0.23,0.12
1783970417.4901,12:20:17.490,0.97,0.22,0.12
1783970417.9901,12:20:17.990,0.97,0.21,0.12
1783970418.4903,12:20:18.490,0.97,0.17,0.15
1783970418.9902,12:20:18.990,0.98,0.15,0.17
1783970419.4902,12:20:19.490,0.97,0.13,0.18
1783970419.9905,12:20:19.990,0.97,0.07,0.23
1783970420.4903,12:20:20.490,0.97,0.04,0.25
1783970420.9903,12:20:20.990,0.97,0.01,0.26
1783970421.49,12:20:21.490,0.97,0.01,0.25
1783970421.9894,12:20:21.989,0.97,0.02,0.24
1783970422.4886,12:20:22.488,0.97,0.02,0.23
1783970422.9891,12:20:22.989,0.97,-0.04,0.25
1783970423.4889,12:20:23.488,0.96,-0.13,0.26
1783970423.989,12:20:23.989,0.95,-0.14,0.27
1783970424.4888,12:20:24.488,0.96,-0.12,0.26
1783970424.9885,12:20:24.988,0.98,-0.04,0.20
1783970425.4883,12:20:25.488,0.99,0.01,0.12
1783970425.9886,12:20:25.988,1.00,0.06,0.08
1783970426.4881,12:20:26.488,0.99,0.07,0.08
1783970426.9875,12:20:26.987,0.99,0.07,0.09
1783970427.4877,12:20:27.487,1.00,0.06,0.08
1783970427.9878,12:20:27.987,0.99,0.12,0.02
1783970428.4876,12:20:28.487,0.99,0.12,0.05
1783970428.9873,12:20:28.987,0.99,0.13,0.05
1783970429.4873,12:20:29.487,0.99,0.12,0.06
1783970429.9869,12:20:29.986,0.99,0.14,0.05
1783970430.4872,12:20:30.487,0.99,0.14,0.05
1783970430.987,12:20:30.987,0.99,0.13,0.06
1783970431.4863,12:20:31.486,0.99,0.11,0.10
1783970431.9867,12:20:31.986,0.99,0.11,0.12
1783970432.4867,12:20:32.486,0.98,0.14,0.11
1783970432.9857,12:20:32.985,0.98,0.15,0.11
1783970433.4857,12:20:33.485,0.98,0.14,0.11
1783970433.9858,12:20:33.985,0.99,0.11,0.12
1783970434.4856,12:20:34.485,0.99,0.11,0.07
1783970434.9854,12:20:34.985,0.99,0.13,0.05
1783970435.4858,12:20:35.485,0.99,0.14,0.08
1783970435.9852,12:20:35.985,0.98,0.12,0.14
1783970436.4847,12:20:36.484,0.98,0.10,0.17
1783970436.9847,12:20:36.984,0.98,0.10,0.18
1783970437.484,12:20:37.484,0.98,0.08,0.16
1783970437.9835,12:20:37.983,0.99,0.08,0.12
1783970438.4833,12:20:38.483,0.99,0.08,0.09
1783970438.9831,12:20:38.983,0.99,0.15,0.04
1783970439.4828,12:20:39.482,0.98,0.18,0.04
1783970439.9832,12:20:39.983,0.98,0.19,0.04
1783970440.4826,12:20:40.482,0.97,0.25,0.03
1783970440.9824,12:20:40.982,0.95,0.32,-0.04
1783970441.4824,12:20:41.482,0.94,0.34,-0.06
1783970441.9822,12:20:41.982,0.94,0.34,-0.07
1783970442.4816,12:20:42.481,0.95,0.31,-0.07
1783970442.9822,12:20:42.982,0.96,0.29,-0.06
1783970443.4818,12:20:43.481,0.96,0.29,-0.06
1783970443.9814,12:20:43.981,0.96,0.29,-0.07
1783970444.4817,12:20:44.481,0.96,0.29,-0.03
1783970444.9817,12:20:44.981,0.97,0.23,0.07
1783970445.4812,12:20:45.481,0.98,0.16,0.12
1783970445.9808,12:20:45.980,0.98,0.03,0.20
1783970446.4806,12:20:46.480,0.97,-0.06,0.25
1783970446.9807,12:20:46.980,0.95,-0.12,0.29
1783970447.4807,12:20:47.480,0.95,-0.12,0.30
1783970447.9812,12:20:47.981,0.94,-0.11,0.33
1783970448.4804,12:20:48.480,0.94,-0.09,0.32
1783970448.9804,12:20:48.980,0.96,-0.03,0.28
1783970449.4803,12:20:49.480,0.97,0.07,0.22
1783970449.9799,12:20:49.979,0.97,0.14,0.18
1783970450.4801,12:20:50.480,0.97,0.17,0.17
1783970450.9802,12:20:50.980,0.97,0.13,0.20
1783970451.4796,12:20:51.479,0.97,0.10,0.22
1783970451.9795,12:20:51.979,0.97,0.08,0.21
1783970452.4795,12:20:52.479,0.98,0.08,0.19
1783970452.9787,12:20:52.978,0.99,0.08,0.14
1783970453.4783,12:20:53.478,0.99,0.09,0.07
1783970453.9783,12:20:53.978,0.99,0.14,0.00
1783970454.4788,12:20:54.478,0.99,0.15,-0.02
1783970454.9783,12:20:54.978,0.98,0.18,-0.05
1783970455.4787,12:20:55.478,0.97,0.22,-0.07
1783970455.9786,12:20:55.978,0.97,0.22,-0.06
1783970456.478,12:20:56.478,0.98,0.22,-0.03
1783970456.978,12:20:56.978,0.99,0.11,0.07
1783970457.4776,12:20:57.477,0.99,0.08,0.07
1783970457.977,12:20:57.977,0.99,0.07,0.08
1783970458.4771,12:20:58.477,0.99,0.07,0.09
1783970458.9769,12:20:58.976,0.99,0.08,0.08
1783970459.4769,12:20:59.476,0.99,0.08,0.08
1783970459.9772,12:20:59.977,0.99,0.08,0.08
1783970460.4772,12:21:00.477,0.99,0.11,0.07
1783970460.9767,12:21:00.976,0.99,0.16,0.03
1783970461.4769,12:21:01.476,0.99,0.16,0.02
1783970461.9768,12:21:01.976,0.99,0.16,0.02
1783970462.4763,12:21:02.476,0.99,0.13,0.09
1783970462.9765,12:21:02.976,0.98,0.13,0.14
1783970463.4765,12:21:03.476,0.98,0.17,0.12
1783970463.9761,12:21:03.976,0.97,0.20,0.10
1783970464.4759,12:21:04.475,0.98,0.19,0.11
1783970464.9756,12:21:04.975,0.98,0.14,0.13
1783970465.4748,12:21:05.474,0.98,0.13,0.14
1783970465.9749,12:21:05.974,0.99,0.10,0.13
1783970466.4751,12:21:06.475,0.99,0.11,0.10
1783970466.9749,12:21:06.974,0.99,0.12,0.09
1783970467.4749,12:21:07.474,0.98,0.17,0.04
1783970467.9747,12:21:07.974,0.99,0.17,-0.01
1783970468.4739,12:21:08.473,0.98,0.18,-0.02
1783970468.9734,12:21:08.973,0.98,0.19,0.00
1783970469.4733,12:21:09.473,0.97,0.24,0.01
1783970469.9735,12:21:09.973,0.95,0.32,-0.04
1783970470.4731,12:21:10.473,0.92,0.37,-0.08
1783970470.9737,12:21:10.973,0.91,0.41,-0.11
1783970471.4732,12:21:11.473,0.91,0.39,-0.08
1783970471.9724,12:21:11.972,0.93,0.37,-0.04
1783970472.4731,12:21:12.473,0.93,0.37,-0.02
1783970472.9726,12:21:12.972,0.94,0.34,0.00
1783970473.4718,12:21:13.471,0.95,0.31,0.06
1783970473.9725,12:21:13.972,0.97,0.19,0.15
1783970474.472,12:21:14.472,0.98,0.10,0.19
1783970474.9719,12:21:14.971,0.97,0.04,0.23
1783970475.4721,12:21:15.472,0.97,-0.02,0.25
1783970475.9717,12:21:15.971,0.96,-0.10,0.27
1783970476.471,12:21:16.471,0.96,-0.10,0.27
1783970476.9712,12:21:16.971,0.97,-0.05,0.24
1783970477.471,12:21:17.471,0.98,0.04,0.21
1783970477.9704,12:21:17.970,0.97,0.11,0.20
1783970478.471,12:21:18.471,0.97,0.10,0.21
1783970478.9707,12:21:18.970,0.97,0.09,0.22
1783970479.4699,12:21:19.469,0.97,0.17,0.18
1783970479.9697,12:21:19.969,0.97,0.14,0.19
1783970480.4696,12:21:20.469,0.97,0.11,0.20
1783970480.9688,12:21:20.968,0.97,0.10,0.20
1783970481.4693,12:21:21.469,0.97,0.25,0.07
1783970481.9701,12:21:21.970,0.91,0.40,-0.07
1783970482.4701,12:21:22.470,0.86,0.49,-0.11
1783970482.9702,12:21:22.970,0.87,0.48,-0.08
1783970483.4704,12:21:23.470,0.89,0.45,-0.05
1783970483.9703,12:21:23.970,0.91,0.42,-0.02
1783970484.4695,12:21:24.469,0.93,0.36,0.00
1783970484.9693,12:21:24.969,0.96,0.28,0.07
1783970485.4687,12:21:25.468,0.98,0.16,0.14
1783970485.9685,12:21:25.968,0.98,0.16,0.13
1783970486.4688,12:21:26.468,0.99,0.10,0.13
1783970486.9683,12:21:26.968,0.99,0.13,0.10
1783970487.4681,12:21:27.468,0.98,0.13,0.14
1783970487.9686,12:21:27.968,0.98,0.13,0.17
1783970488.4678,12:21:28.467,0.97,0.04,0.24
1783970488.9672,12:21:28.967,0.96,-0.05,0.28
1783970489.4675,12:21:29.467,0.96,-0.06,0.29
1783970489.9669,12:21:29.966,0.96,-0.06,0.28
1783970490.4662,12:21:30.466,0.96,0.01,0.28
1783970490.9666,12:21:30.966,0.97,0.09,0.22
1783970491.466,12:21:31.466,0.97,0.12,0.21
1783970491.9657,12:21:31.965,0.97,0.13,0.21
1783970492.4663,12:21:32.466,0.97,0.14,0.22
1783970492.967,12:21:32.967,0.97,0.13,0.23
1783970493.467,12:21:33.467,0.96,0.05,0.27
1783970493.9666,12:21:33.966,0.96,0.00,0.29
1783970494.4661,12:21:34.466,0.96,-0.02,0.29
1783970494.9655,12:21:34.965,0.96,-0.02,0.29
1783970495.4649,12:21:35.464,0.97,-0.03,0.26
1783970495.9648,12:21:35.964,0.97,-0.04,0.24
1783970496.4646,12:21:36.464,0.98,-0.02,0.21
1783970496.9645,12:21:36.964,0.98,0.02,0.20
1783970497.4643,12:21:37.464,0.98,0.03,0.19
1783970497.9637,12:21:37.963,0.98,0.00,0.22
1783970498.464,12:21:38.464,0.98,-0.03,0.22
1783970498.9644,12:21:38.964,0.98,-0.01,0.21
1783970499.4638,12:21:39.463,0.98,-0.01,0.21
1783970499.9632,12:21:39.963,0.98,0.02,0.19
1783970500.4636,12:21:40.463,0.99,0.02,0.17
1783970500.9637,12:21:40.963,0.99,0.13,-0.02
1783970501.4631,12:21:41.463,0.99,0.14,-0.04
1783970501.9634,12:21:41.963,0.96,0.25,-0.16
1783970502.4633,12:21:42.463,0.90,0.38,-0.22
1783970502.9623,12:21:42.962,0.91,0.39,-0.13
1783970503.4628,12:21:43.462,0.98,0.19,0.10
1783970503.9626,12:21:43.962,0.97,0.03,0.23
1783970504.4624,12:21:44.462,0.97,0.04,0.23
1783970504.9628,12:21:44.962,0.97,0.00,0.26
1783970505.4628,12:21:45.462,0.96,-0.04,0.29
1783970505.9625,12:21:45.962,0.95,-0.08,0.31
1783970506.4625,12:21:46.462,0.94,-0.09,0.33
1783970506.9621,12:21:46.962,0.94,-0.09,0.33
1783970507.4619,12:21:47.461,0.93,-0.10,0.34
1783970507.9619,12:21:47.961,0.94,-0.08,0.32
1783970508.4622,12:21:48.462,0.95,-0.06,0.31
1783970508.9618,12:21:48.961,0.96,-0.04,0.28
1783970509.4618,12:21:49.461,0.96,-0.01,0.28
1783970509.9621,12:21:49.962,0.96,-0.01,0.29
1783970510.4617,12:21:50.461,0.96,0.01,0.29
1783970510.962,12:21:50.962,0.96,0.01,0.29
1783970511.462,12:21:51.462,0.96,-0.02,0.29
1783970511.9618,12:21:51.961,0.96,-0.02,0.28
1783970512.4617,12:21:52.461,0.97,0.03,0.25
1783970512.9615,12:21:52.961,0.97,0.07,0.22
1783970513.4609,12:21:53.460,0.98,0.11,0.16
1783970513.9603,12:21:53.960,0.98,0.18,0.08
1783970514.4603,12:21:54.460,0.98,0.20,0.07
1783970514.9604,12:21:54.960,0.97,0.23,0.10
1783970515.4604,12:21:55.460,0.97,0.19,0.14
1783970515.9607,12:21:55.960,0.97,0.16,0.16
1783970516.4603,12:21:56.460,0.98,0.13,0.17
1783970516.9597,12:21:56.959,0.98,0.12,0.15
1783970517.46,12:21:57.460,0.98,0.11,0.16
1783970517.9598,12:21:57.959,0.98,0.10,0.17
1783970518.4597,12:21:58.459,0.97,0.12,0.19
1783970518.9595,12:21:58.959,0.97,0.13,0.21
1783970519.4596,12:21:59.459,0.97,0.15,0.20
1783970519.9593,12:21:59.959,0.97,0.19,0.17
1783970520.4595,12:22:00.459,0.97,0.23,0.13
1783970520.9596,12:22:00.959,0.94,0.32,0.05
1783970521.4592,12:22:01.459,0.92,0.39,0.00
1783970521.9595,12:22:01.959,0.89,0.45,-0.08
1783970522.4595,12:22:02.459,0.88,0.44,-0.17
1783970522.9591,12:22:02.959,0.89,0.43,-0.17
1783970523.459,12:22:03.459,0.91,0.40,-0.12
1783970523.9588,12:22:03.958,0.92,0.39,-0.10
1783970524.4587,12:22:04.458,0.91,0.40,-0.11
1783970524.9585,12:22:04.958,0.92,0.38,-0.12
1783970525.4583,12:22:05.458,0.94,0.32,-0.06
1783970525.9578,12:22:05.957,0.97,0.24,0.04
1783970526.4578,12:22:06.457,0.98,0.18,0.10
1783970526.9575,12:22:06.957,0.99,0.08,0.11
1783970527.4571,12:22:07.457,0.99,0.08,0.12
1783970527.9567,12:22:07.956,0.99,0.12,0.09
1783970528.4564,12:22:08.456,0.98,0.16,0.11
1783970528.9556,12:22:08.955,0.98,0.17,0.13
1783970529.4555,12:22:09.455,0.97,0.19,0.13
1783970529.9555,12:22:09.955,0.96,0.28,0.05
1783970530.4551,12:22:10.455,0.96,0.26,0.06
1783970530.9548,12:22:10.954,0.97,0.24,0.07
1783970531.4551,12:22:11.455,0.97,0.24,0.09
1783970531.955,12:22:11.955,0.96,0.25,0.09
1783970532.4544,12:22:12.454,0.96,0.25,0.10
1783970532.9548,12:22:12.954,0.97,0.13,0.21
1783970533.4547,12:22:13.454,0.96,0.01,0.29
1783970533.9543,12:22:13.954,0.96,0.00,0.28
1783970534.4542,12:22:14.454,0.96,0.01,0.28
1783970534.9534,12:22:14.953,0.96,0.01,0.28
1783970535.4529,12:22:15.452,0.96,0.04,0.26
1783970535.9528,12:22:15.952,0.98,0.09,0.20
1783970536.4524,12:22:16.452,0.97,0.10,0.20
1783970536.952,12:22:16.952,0.97,0.00,0.26
1783970537.4521,12:22:17.452,0.96,0.00,0.26
1783970537.9523,12:22:17.952,0.96,0.02,0.27
1783970538.4518,12:22:18.451,0.97,0.08,0.24
1783970538.9518,12:22:18.951,0.97,0.10,0.23
1783970539.4518,12:22:19.451,0.97,0.17,0.18
1783970539.9511,12:22:19.951,0.97,0.15,0.18
1783970540.4513,12:22:20.451,0.97,0.07,0.21
1783970540.952,12:22:20.952,0.98,0.05,0.18
1783970541.4518,12:22:21.451,0.99,0.06,0.16
1783970541.9516,12:22:21.951,0.99,0.07,0.15
1783970542.4513,12:22:22.451,0.99,0.08,0.15
1783970542.9509,12:22:22.950,0.98,0.01,0.20
1783970543.4508,12:22:23.450,0.98,0.01,0.20
1783970543.9508,12:22:23.950,0.98,-0.01,0.18
1783970544.451,12:22:24.451,0.99,0.00,0.17
1783970544.9509,12:22:24.950,0.98,0.00,0.20
1783970545.4509,12:22:25.450,0.98,0.02,0.20
1783970545.9506,12:22:25.950,0.98,0.04,0.18
1783970546.4502,12:22:26.450,0.98,0.06,0.17
1783970546.95,12:22:26.950,0.98,0.09,0.15
1783970547.4491,12:22:27.449,0.98,0.11,0.14
1783970547.9489,12:22:27.948,0.98,0.14,0.12
1783970548.449,12:22:28.449,0.98,0.16,0.11
1783970548.9484,12:22:28.948,0.98,0.15,0.12
1783970549.4478,12:22:29.447,0.98,0.08,0.17
1783970549.9479,12:22:29.947,0.98,0.07,0.17
1783970550.4479,12:22:30.447,0.98,0.08,0.18
1783970550.9477,12:22:30.947,0.98,0.09,0.19
1783970551.4476,12:22:31.447,0.98,0.09,0.20
1783970551.9482,12:22:31.948,0.97,0.10,0.20
1783970552.4481,12:22:32.448,0.97,0.13,0.18
1783970552.9485,12:22:32.948,0.97,0.15,0.17
1783970553.449,12:22:33.449,0.98,0.09,0.18
1783970553.9488,12:22:33.948,0.98,0.04,0.21
1783970554.449,12:22:34.449,0.98,0.05,0.20
1783970554.9483,12:22:34.948,0.98,0.12,0.15
1783970555.4473,12:22:35.447,0.98,0.16,0.12
1783970555.9469,12:22:35.946,0.98,0.17,0.11
1783970556.4466,12:22:36.446,0.97,0.22,0.07
1783970556.9463,12:22:36.946,0.97,0.23,0.06
1783970557.446,12:22:37.446,0.97,0.21,0.08
1783970557.9461,12:22:37.946,0.97,0.24,0.06
1783970558.4463,12:22:38.446,0.96,0.26,0.05
1783970558.946,12:22:38.946,0.97,0.17,0.15
1783970559.4456,12:22:39.445,0.97,0.07,0.23
1783970559.9451,12:22:39.945,0.97,0.04,0.26
1783970560.4447,12:22:40.444,0.96,0.01,0.27
1783970560.9451,12:22:40.945,0.96,0.01,0.29
1783970561.4448,12:22:41.444,0.97,0.07,0.24
1783970561.9448,12:22:41.944,0.97,0.08,0.22
1783970562.4455,12:22:42.445,0.98,0.07,0.20
1783970562.9453,12:22:42.945,0.98,0.06,0.20
1783970563.4447,12:22:43.444,0.98,0.12,0.18
1783970563.9446,12:22:43.944,0.97,0.22,0.12
1783970564.4442,12:22:44.444,0.95,0.30,0.06
1783970564.9435,12:22:44.943,0.93,0.37,0.01
1783970565.4433,12:22:45.443,0.90,0.41,-0.11
1783970565.9437,12:22:45.943,0.90,0.40,-0.17
1783970566.4432,12:22:46.443,0.90,0.39,-0.18
1783970566.9432,12:22:46.943,0.93,0.35,-0.06
1783970567.4433,12:22:47.443,0.96,0.28,0.04
1783970567.9427,12:22:47.942,0.97,0.21,0.10
1783970568.4427,12:22:48.442,0.98,0.08,0.20
1783970568.9428,12:22:48.942,0.97,0.01,0.24
1783970569.4424,12:22:49.442,0.97,0.00,0.25
1783970569.9427,12:22:49.942,0.97,-0.02,0.25
1783970570.4424,12:22:50.442,0.97,0.02,0.23
1783970570.942,12:22:50.942,0.98,0.10,0.17
1783970571.4417,12:22:51.441,0.98,0.12,0.15
1783970571.9416,12:22:51.941,0.98,0.13,0.15
1783970572.4411,12:22:52.441,0.99,0.13,0.10
1783970572.9413,12:22:52.941,0.99,0.12,0.10
1783970573.4415,12:22:53.441,0.99,0.06,0.15
1783970573.9414,12:22:53.941,0.98,0.03,0.18
1783970574.4414,12:22:54.441,0.98,0.00,0.21
1783970574.9415,12:22:54.941,0.98,-0.01,0.21
1783970575.4409,12:22:55.440,0.98,-0.01,0.21
1783970575.9403,12:22:55.940,0.97,-0.03,0.22
1783970576.4401,12:22:56.440,0.97,-0.03,0.24
1783970576.9399,12:22:56.939,0.96,-0.02,0.27
1783970577.4394,12:22:57.439,0.96,-0.05,0.28
1783970577.9394,12:22:57.939,0.96,-0.05,0.29
1783970578.4394,12:22:58.439,0.97,0.02,0.24
1783970578.9385,12:22:58.938,0.97,0.04,0.23
1783970579.4383,12:22:59.438,0.97,0.03,0.23
1783970579.9387,12:22:59.938,0.97,0.02,0.25
1783970580.4386,12:23:00.438,0.97,0.05,0.24
1783970580.939,12:23:00.939,0.98,0.04,0.22
1783970581.4387,12:23:01.438,0.98,0.01,0.22
1783970581.9383,12:23:01.938,0.98,0.00,0.22
1783970582.4385,12:23:02.438,0.98,0.02,0.19
1783970582.9382,12:23:02.938,0.98,0.02,0.20
1783970583.4374,12:23:03.437,0.97,-0.02,0.26
1783970583.9377,12:23:03.937,0.96,-0.02,0.27
1783970584.4373,12:23:04.437,0.97,-0.01,0.26
1783970584.9371,12:23:04.937,0.96,-0.01,0.26
1783970585.437,12:23:05.437,0.96,-0.04,0.29
1783970585.937,12:23:05.937,0.95,-0.07,0.32
1783970586.4367,12:23:06.436,0.95,-0.06,0.31
1783970586.9368,12:23:06.936,0.96,-0.03,0.29
1783970587.4362,12:23:07.436,0.97,0.03,0.25
1783970587.9357,12:23:07.935,0.97,0.07,0.21
1783970588.4357,12:23:08.435,0.98,0.06,0.21
1783970588.9356,12:23:08.935,0.97,-0.02,0.25
1783970589.4348,12:23:09.434,0.96,-0.05,0.27
1783970589.9348,12:23:09.934,0.96,-0.07,0.28
1783970590.4347,12:23:10.434,0.96,-0.06,0.26
1783970590.9343,12:23:10.934,0.96,-0.05,0.26
1783970591.4344,12:23:11.434,0.96,-0.06,0.26
1783970591.9351,12:23:11.935,0.96,-0.06,0.27
1783970592.4347,12:23:12.434,0.95,-0.06,0.30
1783970592.9348,12:23:12.934,0.96,-0.05,0.29
1783970593.4346,12:23:13.434,0.96,-0.04,0.29
1783970593.9348,12:23:13.934,0.96,-0.03,0.28
1783970594.4341,12:23:14.434,0.96,-0.02,0.27
1783970594.9345,12:23:14.934,0.96,-0.01,0.27
1783970595.4348,12:23:15.434,0.97,0.00,0.26
1783970595.9342,12:23:15.934,0.97,0.02,0.22
1783970596.4344,12:23:16.434,0.98,0.03,0.20
1783970596.9343,12:23:16.934,0.98,0.05,0.19
1783970597.4337,12:23:17.433,0.98,0.12,0.14
1783970597.9342,12:23:17.934,0.98,0.19,0.09
1783970598.4336,12:23:18.433,0.97,0.22,0.08
1783970598.933,12:23:18.933,0.97,0.22,0.07
1783970599.4331,12:23:19.433,0.97,0.25,0.00
1783970599.9332,12:23:19.933,0.97,0.25,0.00
1783970600.4325,12:23:20.432,0.97,0.25,0.03
1783970600.9325,12:23:20.932,0.97,0.23,0.09
1783970601.4325,12:23:21.432,0.97,0.23,0.10
1783970601.9322,12:23:21.932,0.97,0.22,0.11
1783970602.4323,12:23:22.432,0.97,0.21,0.08
1783970602.9326,12:23:22.932,0.99,0.15,0.06
1783970603.4321,12:23:23.432,0.99,0.08,0.10
1783970603.9319,12:23:23.931,0.99,0.09,0.10
1783970604.4318,12:23:24.431,0.99,0.11,0.09
1783970604.9314,12:23:24.931,0.99,0.14,0.08
1783970605.4315,12:23:25.431,0.98,0.15,0.11
1783970605.9315,12:23:25.931,0.98,0.13,0.16
1783970606.4313,12:23:26.431,0.98,0.12,0.17
1783970606.9308,12:23:26.930,0.97,0.06,0.21
1783970607.4307,12:23:27.430,0.97,0.04,0.23
1783970607.9308,12:23:27.930,0.96,-0.01,0.27
1783970608.4306,12:23:28.430,0.96,-0.02,0.27
1783970608.9309,12:23:28.930,0.96,-0.03,0.28
1783970609.4301,12:23:29.430,0.97,0.01,0.26
1783970609.9297,12:23:29.929,0.97,0.10,0.20
1783970610.43,12:23:30.430,0.97,0.13,0.19
1783970610.9296,12:23:30.929,0.97,0.13,0.19
1783970611.4288,12:23:31.428,0.96,0.03,0.27
1783970611.9293,12:23:31.929,0.96,0.01,0.28
1783970612.4287,12:23:32.428,0.96,0.02,0.27
1783970612.9284,12:23:32.928,0.96,-0.01,0.28
1783970613.4282,12:23:33.428,0.96,-0.04,0.27
1783970613.9282,12:23:33.928,0.96,-0.05,0.29
1783970614.4277,12:23:34.427,0.96,-0.06,0.29
1783970614.9283,12:23:34.928,0.98,0.05,0.20
1783970615.4282,12:23:35.428,0.98,0.07,0.19
1783970615.9282,12:23:35.928,0.98,0.08,0.17
1783970616.4283,12:23:36.428,0.97,0.00,0.23
1783970616.9281,12:23:36.928,0.98,0.00,0.22
1783970617.4274,12:23:37.427,0.98,0.15,0.10
1783970617.9273,12:23:37.927,0.97,0.23,0.04
1783970618.4267,12:23:38.426,0.97,0.23,0.04
1783970618.9261,12:23:38.926,0.98,0.21,0.06
1783970619.4262,12:23:39.426,0.98,0.19,0.03
1783970619.9262,12:23:39.926,0.97,0.23,-0.01
1783970620.4259,12:23:40.425,0.97,0.25,-0.03
1783970620.9259,12:23:40.925,0.97,0.24,-0.03
1783970621.4261,12:23:41.426,0.99,0.15,0.04
1783970621.9256,12:23:41.925,0.99,0.01,0.16
1783970622.4254,12:23:42.425,0.98,-0.04,0.21
1783970622.9259,12:23:42.925,0.97,-0.04,0.22
1783970623.4253,12:23:43.425,0.97,-0.02,0.26
1783970623.9247,12:23:43.924,0.97,0.03,0.24
1783970624.425,12:23:44.425,0.97,0.03,0.23
1783970624.9248,12:23:44.924,0.97,0.02,0.24
1783970625.4241,12:23:45.424,0.98,0.07,0.20
1783970625.9243,12:23:45.924,0.98,0.13,0.16
1783970626.4237,12:23:46.423,0.98,0.13,0.16
1783970626.9234,12:23:46.923,0.98,0.06,0.21
1783970627.4236,12:23:47.423,0.97,0.03,0.22
1783970627.9237,12:23:47.923,0.97,0.04,0.22
1783970628.4227,12:23:48.422,0.97,0.06,0.23
1783970628.9231,12:23:48.923,0.97,0.09,0.21
1783970629.4232,12:23:49.423,0.97,0.12,0.21
1783970629.9224,12:23:49.922,0.97,0.13,0.20
1783970630.4225,12:23:50.422,0.97,0.08,0.23
1783970630.9225,12:23:50.922,0.97,0.07,0.23
1783970631.4221,12:23:51.422,0.97,0.09,0.22
1783970631.9222,12:23:51.922,0.98,0.08,0.20
1783970632.422,12:23:52.422,0.97,0.01,0.25
1783970632.9219,12:23:52.921,0.97,-0.03,0.25
1783970633.4213,12:23:53.421,0.96,-0.07,0.25
1783970633.9219,12:23:53.921,0.97,-0.07,0.25
1783970634.4216,12:23:54.421,0.97,-0.06,0.25
1783970634.9216,12:23:54.921,0.98,0.03,0.19
1783970635.4219,12:23:55.421,0.98,0.05,0.18
1783970635.9213,12:23:55.921,0.98,0.06,0.18
1783970636.4205,12:23:56.420,0.98,0.06,0.17
1783970636.9206,12:23:56.920,0.98,0.07,0.18
1783970637.42,12:23:57.420,0.97,-0.01,0.24
1783970637.9202,12:23:57.920,0.97,-0.02,0.24
1783970638.4203,12:23:58.420,0.97,-0.02,0.24
1783970638.9201,12:23:58.920,0.98,0.01,0.21
1783970639.4196,12:23:59.419,0.99,0.04,0.16
1783970639.9198,12:23:59.919,0.99,0.06,0.10
1783970640.4194,12:24:00.419,0.99,0.11,0.06
1783970640.9189,12:24:00.918,0.98,0.20,0.05
1783970641.4189,12:24:01.418,0.96,0.26,0.08
1783970641.9192,12:24:01.919,0.96,0.25,0.09
1783970642.4188,12:24:02.418,0.96,0.26,0.07
1783970642.919,12:24:02.919,0.96,0.29,0.05
1783970643.4191,12:24:03.419,0.96,0.29,0.02
1783970643.9185,12:24:03.918,0.96,0.28,0.01
1783970644.4188,12:24:04.418,0.97,0.24,-0.01
1783970644.9182,12:24:04.918,0.97,0.23,0.02
1783970645.4176,12:24:05.417,0.98,0.21,0.02
1783970645.9177,12:24:05.917,0.97,0.22,0.02
1783970646.4179,12:24:06.417,0.96,0.28,0.06
1783970646.9174,12:24:06.917,0.95,0.29,0.10
1783970647.4174,12:24:07.417,0.95,0.27,0.14
1783970647.917,12:24:07.917,0.96,0.26,0.13
1783970648.4163,12:24:08.416,0.91,0.42,-0.02
1783970648.9165,12:24:08.916,0.90,0.43,-0.06
1783970649.417,12:24:09.417,0.80,0.54,-0.25
1783970649.9164,12:24:09.916,0.59,0.65,-0.47
1783970650.4161,12:24:10.416,0.57,0.66,-0.49
1783970650.9166,12:24:10.916,0.57,0.66,-0.49
1783970651.4162,12:24:11.416,0.96,0.29,-0.01
1783970651.916,12:24:11.916,0.96,-0.07,0.29
1783970652.4162,12:24:12.416,0.95,-0.09,0.29
1783970652.916,12:24:12.916,0.95,-0.09,0.29
1783970653.4159,12:24:13.415,0.97,0.01,0.23
1783970653.9165,12:24:13.916,0.98,0.15,0.12
1783970654.4164,12:24:14.416,0.98,0.20,0.09
1783970654.9164,12:24:14.916,0.98,0.13,0.16
1783970655.416,12:24:15.416,0.98,0.17,0.13
1783970655.9155,12:24:15.915,0.98,0.19,0.11
1783970656.4149,12:24:16.414,0.98,0.22,0.04
1783970656.9152,12:24:16.915,0.97,0.23,0.04
1783970657.415,12:24:17.415,0.97,0.21,0.09
1783970657.9147,12:24:17.914,0.98,0.18,0.11
1783970658.4148,12:24:18.414,0.98,0.16,0.14
1783970658.9146,12:24:18.914,0.98,0.15,0.15
1783970659.4137,12:24:19.413,0.98,0.13,0.17
1783970659.9135,12:24:19.913,0.98,0.10,0.18
1783970660.4137,12:24:20.413,0.98,0.11,0.15
1783970660.9131,12:24:20.913,0.98,0.12,0.14
1783970661.4133,12:24:21.413,0.98,0.14,0.15
1783970661.9134,12:24:21.913,0.97,0.16,0.17
1783970662.4124,12:24:22.412,0.97,0.10,0.24
1783970662.912,12:24:22.912,0.97,0.10,0.24
1783970663.4125,12:24:23.412,0.96,0.07,0.26
1783970663.9119,12:24:23.911,0.97,0.17,0.19
1783970664.4116,12:24:24.411,0.97,0.19,0.16
1783970664.912,12:24:24.912,0.97,0.16,0.18
1783970665.4114,12:24:25.411,0.98,0.08,0.18
1783970665.9117,12:24:25.911,0.99,0.04,0.14
1783970666.4121,12:24:26.412,0.99,0.02,0.13
1783970666.9112,12:24:26.911,0.99,0.07,0.09
1783970667.4106,12:24:27.410,0.99,0.12,0.05
1783970667.911,12:24:27.911,0.97,0.24,0.03
1783970668.4105,12:24:28.410,0.96,0.27,0.07
1783970668.9101,12:24:28.910,0.96,0.28,0.09
1783970669.4103,12:24:29.410,0.97,0.24,0.12
1783970669.9108,12:24:29.910,0.97,0.22,0.11
1783970670.4104,12:24:30.410,0.98,0.13,0.17
1783970670.9107,12:24:30.910,0.97,0.06,0.23
1783970671.4107,12:24:31.410,0.97,0.05,0.24
1783970671.9102,12:24:31.910,0.96,0.01,0.28
1783970672.4102,12:24:32.410,0.95,-0.05,0.31
1783970672.9101,12:24:32.910,0.94,-0.09,0.34
1783970673.4094,12:24:33.409,0.94,-0.09,0.34
1783970673.9096,12:24:33.909,0.95,-0.06,0.32
1783970674.4095,12:24:34.409,0.96,-0.02,0.28
1783970674.9087,12:24:34.908,0.96,0.00,0.27
1783970675.4085,12:24:35.408,0.97,0.01,0.25
1783970675.9086,12:24:35.908,0.97,0.03,0.23
1783970676.4078,12:24:36.407,0.98,0.03,0.20
1783970676.9085,12:24:36.908,0.98,0.01,0.20
1783970677.4089,12:24:37.408,0.98,0.01,0.18
1783970677.908,12:24:37.908,0.99,0.01,0.17
1783970678.4075,12:24:38.407,0.99,0.02,0.17
1783970678.9075,12:24:38.907,0.98,-0.01,0.21
1783970679.4068,12:24:39.406,0.97,-0.03,0.23
1783970679.9069,12:24:39.906,0.98,-0.01,0.22
1783970680.4075,12:24:40.407,0.98,0.00,0.21
1783970680.907,12:24:40.907,0.98,-0.02,0.22
1783970681.407,12:24:41.407,0.98,-0.05,0.21
1783970681.9073,12:24:41.907,0.98,-0.06,0.20
1783970682.4075,12:24:42.407,0.97,-0.10,0.22
1783970682.9074,12:24:42.907,0.97,-0.09,0.22
1783970683.4072,12:24:43.407,0.99,0.01,0.17
1783970683.9072,12:24:43.907,0.98,0.02,0.19
1783970684.4071,12:24:44.407,0.98,0.06,0.19
1783970684.9069,12:24:44.906,0.97,0.06,0.22
1783970685.4063,12:24:45.406,0.97,0.05,0.22
1783970685.9056,12:24:45.905,0.97,-0.02,0.26
1783970686.4058,12:24:46.405,0.96,-0.03,0.27
1783970686.9055,12:24:46.905,0.97,0.05,0.22
1783970687.4045,12:24:47.404,0.97,0.04,0.23
1783970687.9045,12:24:47.904,0.97,0.02,0.25
1783970688.405,12:24:48.405,0.95,-0.06,0.31
1783970688.9044,12:24:48.904,0.94,-0.08,0.32
1783970689.4041,12:24:49.404,0.94,-0.09,0.32
1783970689.9039,12:24:49.903,0.95,-0.08,0.31
1783970690.4033,12:24:50.403,0.95,-0.09,0.29
1783970690.9034,12:24:50.903,0.95,-0.09,0.29
1783970691.4034,12:24:51.403,0.97,-0.01,0.23
1783970691.9033,12:24:51.903,0.97,-0.02,0.23
1783970692.4039,12:24:52.403,0.98,-0.03,0.21
1783970692.9037,12:24:52.903,0.98,-0.03,0.21
1783970693.4031,12:24:53.403,0.98,-0.01,0.20
1783970693.9031,12:24:53.903,0.98,-0.01,0.19
1783970694.4032,12:24:54.403,0.98,-0.05,0.22
1783970694.9025,12:24:54.902,0.95,-0.12,0.27
1783970695.4025,12:24:55.402,0.95,-0.14,0.26
1783970695.9028,12:24:55.902,0.96,-0.11,0.24
1783970696.4024,12:24:56.402,0.97,-0.09,0.22
1783970696.9023,12:24:56.902,0.98,0.00,0.21
1783970697.4021,12:24:57.402,0.98,0.10,0.17
1783970697.9021,12:24:57.902,0.98,0.14,0.15
1783970698.4018,12:24:58.401,0.98,0.10,0.17
1783970698.9016,12:24:58.901,0.98,0.12,0.17
1783970699.4015,12:24:59.401,0.96,0.29,0.00
1783970699.9011,12:24:59.901,0.95,0.32,-0.02
1783970700.4011,12:25:00.401,0.94,0.33,-0.05
1783970700.9008,12:25:00.900,0.95,0.31,-0.03
1783970701.4,12:25:01.400,0.96,0.28,0.04
1783970701.9005,12:25:01.900,0.97,0.23,0.07
1783970702.4003,12:25:02.400,0.97,0.23,0.10
1783970702.9002,12:25:02.900,0.97,0.14,0.18
1783970703.4007,12:25:03.400,0.97,0.14,0.18
1783970703.9003,12:25:03.900,0.97,0.17,0.18
1783970704.3996,12:25:04.399,0.96,0.24,0.14
1783970704.8996,12:25:04.899,0.95,0.27,0.16
1783970705.3996,12:25:05.399,0.95,0.28,0.15
1783970705.8989,12:25:05.898,0.94,0.32,0.09
1783970706.3991,12:25:06.399,0.94,0.35,0.04
1783970706.8994,12:25:06.899,0.93,0.38,-0.02
1783970707.3984,12:25:07.398,0.93,0.37,-0.01
1783970707.8984,12:25:07.898,0.94,0.35,0.00
1783970708.3985,12:25:08.398,0.94,0.34,0.02
1783970708.8977,12:25:08.897,0.94,0.35,0.02
1783970709.398,12:25:09.398,0.94,0.33,0.01
1783970709.898,12:25:09.898,0.95,0.31,0.01
1783970710.3976,12:25:10.397,0.95,0.30,-0.01
1783970710.8975,12:25:10.897,0.96,0.27,0.01
1783970711.3977,12:25:11.397,0.98,0.22,0.03
1783970711.8977,12:25:11.897,0.98,0.21,0.03
1783970712.3975,12:25:12.397,0.98,0.21,0.03
1783970712.8978,12:25:12.897,0.99,0.15,0.07
1783970713.3974,12:25:13.397,0.99,0.14,0.08
1783970713.8968,12:25:13.896,0.98,0.15,0.12
1783970714.3967,12:25:14.396,0.98,0.15,0.11
1783970714.8963,12:25:14.896,0.99,0.10,0.13
1783970715.3956,12:25:15.395,0.99,0.07,0.12
1783970715.896,12:25:15.896,0.99,0.06,0.13
1783970716.396,12:25:16.396,0.99,0.09,0.11
1783970716.8959,12:25:16.895,0.99,0.10,0.11
1783970717.3959,12:25:17.395,0.99,0.09,0.13
1783970717.8962,12:25:17.896,0.99,0.09,0.13
1783970718.3954,12:25:18.395,0.99,0.09,0.13
1783970718.895,12:25:18.895,0.99,0.10,0.12
1783970719.3952,12:25:19.395,0.99,0.09,0.14
1783970719.8948,12:25:19.894,0.98,0.11,0.14
1783970720.3947,12:25:20.394,0.99,0.11,0.10
1783970720.8951,12:25:20.895,0.99,0.11,0.10
1783970721.3943,12:25:21.394,0.99,0.10,0.12
1783970721.8944,12:25:21.894,0.99,0.06,0.15
1783970722.3941,12:25:22.394,0.99,0.06,0.13
1783970722.8939,12:25:22.893,0.99,0.09,0.11
1783970723.3939,12:25:23.393,0.99,0.12,0.08
1783970723.8939,12:25:23.893,0.99,0.12,0.06
1783970724.393,12:25:24.393,0.99,0.11,0.04
1783970724.8928,12:25:24.892,0.99,0.11,0.03
1783970725.3927,12:25:25.392,0.99,0.12,0.04
1783970725.8918,12:25:25.891,0.99,0.10,0.09
1783970726.3914,12:25:26.391,0.99,0.08,0.11
1783970726.8917,12:25:26.891,0.99,0.08,0.13
1783970727.3911,12:25:27.391,0.99,0.05,0.15
1783970727.891,12:25:27.891,0.98,0.00,0.20
1783970728.3916,12:25:28.391,0.97,-0.05,0.24
1783970728.892,12:25:28.892,0.96,-0.09,0.27
1783970729.3919,12:25:29.391,0.95,-0.12,0.27
1783970729.8919,12:25:29.891,0.95,-0.13,0.28
1783970730.3919,12:25:30.391,0.97,-0.09,0.24
1783970730.8913,12:25:30.891,0.97,-0.05,0.22
1783970731.3915,12:25:31.391,0.98,-0.04,0.21
1783970731.891,12:25:31.891,0.97,-0.01,0.24
1783970732.3906,12:25:32.390,0.97,0.01,0.26
1783970732.8907,12:25:32.890,0.97,0.09,0.21
1783970733.3903,12:25:33.390,0.98,0.14,0.17
1783970733.8897,12:25:33.889,0.97,0.15,0.17
1783970734.3897,12:25:34.389,0.97,0.17,0.15
1783970734.8893,12:25:34.889,0.97,0.19,0.14
1783970735.3892,12:25:35.389,0.97,0.19,0.15
1783970735.8894,12:25:35.889,0.97,0.20,0.13
1783970736.3894,12:25:36.389,0.97,0.20,0.12
1783970736.8893,12:25:36.889,0.97,0.24,0.08
1783970737.3895,12:25:37.389,0.97,0.23,0.03
1783970737.8896,12:25:37.889,0.98,0.20,0.01
1783970738.389,12:25:38.389,0.98,0.20,0.00
1783970738.889,12:25:38.889,0.98,0.20,0.01
1783970739.3889,12:25:39.388,0.99,0.16,0.02
1783970739.8887,12:25:39.888,0.99,0.15,0.03
1783970740.3886,12:25:40.388,0.99,0.09,0.09
1783970740.889,12:25:40.889,0.99,0.07,0.11
1783970741.3885,12:25:41.388,0.99,0.07,0.11
1783970741.8884,12:25:41.888,0.99,0.05,0.13
1783970742.3886,12:25:42.388,0.99,0.04,0.15
1783970742.8883,12:25:42.888,0.99,0.03,0.16
1783970743.3879,12:25:43.387,0.99,0.09,0.12
1783970743.8882,12:25:43.888,0.99,0.10,0.13
1783970744.3876,12:25:44.387,0.99,0.11,0.13
1783970744.887,12:25:44.887,0.98,0.13,0.15
1783970745.3875,12:25:45.387,0.98,0.18,0.10
1783970745.8868,12:25:45.886,0.97,0.23,0.04
1783970746.386,12:25:46.386,0.97,0.26,0.02
1783970746.8863,12:25:46.886,0.96,0.30,-0.02
1783970747.3859,12:25:47.385,0.93,0.37,-0.05
1783970747.8854,12:25:47.885,0.90,0.43,-0.06
1783970748.3858,12:25:48.385,0.89,0.45,-0.05
1783970748.8856,12:25:48.885,0.89,0.45,-0.04
1783970749.3848,12:25:49.384,0.91,0.41,-0.03
1783970749.8846,12:25:49.884,0.94,0.35,-0.05
1783970750.3846,12:25:50.384,0.96,0.26,0.02
1783970750.884,12:25:50.884,0.96,0.29,0.01
1783970751.3844,12:25:51.384,0.95,0.31,-0.01
1783970751.8841,12:25:51.884,0.93,0.36,-0.06
1783970752.3837,12:25:52.383,0.93,0.36,-0.06
1783970752.8839,12:25:52.883,0.94,0.33,-0.08
1783970753.3845,12:25:53.384,0.94,0.34,-0.08
1783970753.884,12:25:53.884,0.92,0.39,-0.08
1783970754.3838,12:25:54.383,0.92,0.38,-0.06
1783970754.8836,12:25:54.883,0.94,0.35,0.01
1783970755.3835,12:25:55.383,0.95,0.30,0.05
1783970755.8831,12:25:55.883,0.97,0.20,0.11
1783970756.3832,12:25:56.383,0.97,0.17,0.15
1783970756.8828,12:25:56.882,0.97,0.15,0.17
1783970757.3826,12:25:57.382,0.98,0.13,0.18
1783970757.8831,12:25:57.883,0.97,0.12,0.20
1783970758.3827,12:25:58.382,0.97,0.14,0.18
1783970758.8824,12:25:58.882,0.97,0.14,0.18
1783970759.3828,12:25:59.382,0.97,0.06,0.23
1783970759.8827,12:25:59.882,0.96,-0.02,0.29
1783970760.3822,12:26:00.382,0.95,-0.05,0.31
1783970760.8826,12:26:00.882,0.95,-0.05,0.31
1783970761.3821,12:26:01.382,0.96,-0.01,0.28
1783970761.8817,12:26:01.881,0.96,0.03,0.26
1783970762.3819,12:26:02.381,0.97,0.05,0.25
1783970762.8816,12:26:02.881,0.97,0.05,0.22
1783970763.3814,12:26:03.381,0.97,0.01,0.23
1783970763.8817,12:26:03.881,0.97,0.02,0.22
1783970764.3813,12:26:04.381,0.97,0.05,0.24
1783970764.8809,12:26:04.880,0.97,0.05,0.25
1783970765.3806,12:26:05.380,0.97,0.07,0.25
1783970765.8801,12:26:05.880,0.96,0.09,0.25
1783970766.3798,12:26:06.379,0.97,0.11,0.24
1783970766.8796,12:26:06.879,0.96,0.12,0.24
1783970767.3794,12:26:07.379,0.96,0.02,0.29
1783970767.8791,12:26:07.879,0.96,0.01,0.28
1783970768.3795,12:26:08.379,0.97,0.07,0.23
1783970768.8802,12:26:08.880,0.97,0.06,0.22
1783970769.3792,12:26:09.379,0.97,0.04,0.24
1783970769.8795,12:26:09.879,0.97,0.02,0.25
1783970770.3801,12:26:10.380,0.96,0.02,0.27
1783970770.8797,12:26:10.879,0.96,0.04,0.27
1783970771.3798,12:26:11.379,0.97,0.13,0.21
1783970771.8802,12:26:11.880,0.96,0.22,0.15
1783970772.3801,12:26:12.380,0.96,0.23,0.13
1783970772.8801,12:26:12.880,0.97,0.23,0.12
1783970773.3799,12:26:13.379,0.98,0.19,0.10
1783970773.8788,12:26:13.878,0.98,0.18,0.10
1783970774.3784,12:26:14.378,0.98,0.15,0.12
1783970774.8783,12:26:14.878,0.98,0.13,0.16
1783970775.3779,12:26:15.377,0.97,0.05,0.22
1783970775.8781,12:26:15.878,0.97,-0.01,0.23
1783970776.3785,12:26:16.378,0.98,-0.03,0.19
1783970776.8785,12:26:16.878,0.98,-0.02,0.18
1783970777.3784,12:26:17.378,0.99,0.09,0.13
1783970777.8782,12:26:17.878,0.98,0.12,0.13
1783970778.3779,12:26:18.377,0.98,0.18,0.08
1783970778.8775,12:26:18.877,0.98,0.20,0.09
1783970779.3775,12:26:19.377,0.97,0.06,0.24
1783970779.8772,12:26:19.877,0.97,0.07,0.23
1783970780.3768,12:26:20.376,0.98,0.09,0.20
1783970780.8775,12:26:20.877,0.98,0.12,0.19
1783970781.3773,12:26:21.377,0.98,0.15,0.13
1783970781.8768,12:26:21.876,0.98,0.16,0.08
1783970782.3764,12:26:22.376,0.98,0.17,0.01
1783970782.8764,12:26:22.876,0.98,0.18,0.00
1783970783.3765,12:26:23.376,0.98,0.22,-0.02
1783970783.8758,12:26:23.875,0.97,0.24,0.00
1783970784.376,12:26:24.376,0.96,0.27,0.00
1783970784.8754,12:26:24.875,0.97,0.24,0.04
1783970785.375,12:26:25.375,0.98,0.19,0.09
1783970785.8755,12:26:25.875,0.98,0.17,0.11
1783970786.3749,12:26:26.374,0.98,0.11,0.13
1783970786.875,12:26:26.875,0.97,0.01,0.24
1783970787.3748,12:26:27.374,0.96,-0.05,0.27
1783970787.8744,12:26:27.874,0.96,-0.05,0.27
1783970788.3741,12:26:28.374,0.98,0.02,0.21
1783970788.8743,12:26:28.874,0.98,0.12,0.13
