id,start_timestamp,duration,start_frame_index,end_frame_index,norm_pos_x,norm_pos_y,dispersion,confidence,method,gaze_point_3d_x,gaze_point_3d_y,gaze_point_3d_z,base_data
0,831572.590817,80.69099998101592,0,1,0.5066793856826863,0.7951310556768891,1.222097348759675,0.9877795414491133,3d gaze,17.3748288590639,-279.7817476817053,846.6534132225945,831572.590817 831572.598886 831572.606956 831572.615025 831572.623094 831572.631163 831572.639232 831572.647301 831572.65537 831572.663439 831572.671508
1,831574.630845,88.76299997791648,59,62,0.5212445507208527,0.7055501147291382,1.2908930366151201,1.0,3d gaze,21.598930324819822,-117.33082668695259,488.9535226614246,831574.630845 831574.638915 831574.646984 831574.655053 831574.663122 831574.671192 831574.679261 831574.68733 831574.6954 831574.703469 831574.711538 831574.719608
2,831577.455099,112.97000001650304,143,147,0.48450674726028503,0.6824299029463621,0.9890256299630273,1.0,3d gaze,-8.460154983206598,-111.05307872724636,511.1994172692221,831577.455099 831577.463169 831577.471238 831577.479307 831577.487376 831577.495446 831577.503515 831577.511584 831577.519654 831577.527723 831577.535792 831577.543862 831577.551931 831577.56 831577.568069
3,831579.601532,104.90100004244596,207,211,0.4754562028955179,0.6979151745093272,1.135066469406138,1.0,3d gaze,-16.40006361692999,-120.84580105954305,520.0638614028776,831579.601532 831579.609602 831579.617671 831579.62574 831579.633809 831579.641879 831579.649948 831579.658017 831579.666087 831579.674156 831579.682225 831579.690295 831579.698364 831579.706433
4,831582.014252,121.03999999817461,279,283,0.4594214611885851,0.694229559747949,1.0052734977885078,1.0,3d gaze,-30.779262255385106,-121.42131016558275,530.2019486792778,831582.014252 831582.022321 831582.030391 831582.03846 831582.046529 831582.054599 831582.062668 831582.070737 831582.078807 831582.086876 831582.094945 831582.103014 831582.111084 831582.119153 831582.127222 831582.135292
5,831589.550976,80.69299999624491,493,494,0.48459422352554166,0.6580456662051836,1.0382353524976786,1.0,3d gaze,-8.264675707354947,-98.18728468484377,506.6573832946806,831589.550976 831589.559045 831589.567114 831589.575184 831589.583253 831589.591322 831589.599392 831589.607461 831589.61553 831589.623599 831589.631669
6,831591.5683,161.38599999248981,548,552,0.5292915227461311,0.8462839479003131,0.9508437832114497,1.0,3d gaze,29.747168742209656,-192.04829819713746,497.5576103358025,831591.5683 831591.576369 831591.584439 831591.592508 831591.600577 831591.608647 831591.616716 831591.624785 831591.632854 831591.640924 831591.648993 831591.657062 831591.665132 831591.673201 831591.68127 831591.68934 831591.697409 831591.705478 831591.713547 831591.721617 831591.729686
7,831591.761963,80.69299999624491,553,556,0.5648353311714817,0.9129599827481671,1.4234058887699617,0.8157681750597704,3d gaze,58.90345670014574,-219.41295183587513,471.7667452776947,831591.761963 831591.770032 831591.842656
8,831591.931418,185.59399992227554,558,564,0.6017716710973072,1.0206338563601498,1.1800633833183642,1.0,3d gaze,88.85374225377994,-267.24798030581593,436.4162107634472,831591.931418 831591.939488 831591.947557 831591.955626 831591.963696 831591.971765 831591.979834 831591.987904 831591.995973 831592.004042 831592.012111 831592.020181 831592.02825 831592.036319 831592.044389 831592.052458 831592.060527 831592.068596 831592.076666 831592.084735 831592.092804 831592.100874 831592.108943 831592.117012
9,831592.609239,96.83199995197356,579,582,0.4884450842045439,0.4056981226153162,0.9880263755118623,0.9798958072295556,3d gaze,-4.329145253873562,16.93457125334684,440.11774880286004,831592.609239 831592.617309 831592.625378 831592.633447 831592.641517 831592.649586 831592.657655 831592.665724 831592.673794 831592.681863 831592.689932 831592.698002 831592.706071
10,831592.82711,121.03999999817461,585,589,0.40725062317306016,0.4930278277666807,1.0769023416131682,0.8377642333507538,3d gaze,-73.33086604135599,-21.264366333350665,516.135426616157,831592.82711 831592.83518 831592.843249 831592.851318 831592.859388 831592.867457 831592.875526 831592.883596 831592.891665 831592.899734 831592.907803 831592.915873 831592.923942 831592.932011 831592.940081 831592.94815
11,831593.093397,161.38599999248981,593,598,0.4141052545519802,0.5542623899411772,1.1267667154373744,0.8613408548491341,3d gaze,-69.40162592678936,-51.59218043745265,528.8944103015195,831593.093397 831593.101467 831593.109536 831593.117605 831593.125674 831593.133744 831593.141813 831593.149882 831593.157952 831593.166021 831593.17409 831593.18216 831593.190229 831593.198298 831593.206367 831593.214437 831593.222506 831593.230575 831593.238645 831593.246714 831593.254783
12,831603.777147,112.97000001650304,907,910,0.4820993116488078,0.701901094018852,1.0393944640248314,0.9958833654721578,3d gaze,-10.642460172821405,-122.13814271068306,517.1017647698528,831603.777147 831603.785216 831603.793285 831603.801355 831603.809424 831603.817493 831603.825562 831603.833632 831603.841701 831603.84977 831603.85784 831603.865909 831603.873978 831603.882048 831603.890117
13,831607.98932,80.69299999624491,1033,1035,0.46736659986281615,0.7287519326411196,1.0191510857878032,0.9990563338453119,3d gaze,-24.010486164098676,-139.60540251779446,531.0381928796833,831607.98932 831607.997389 831608.005458 831608.013528 831608.021597 831608.029666 831608.037736 831608.045805 831608.053874 831608.061944 831608.070013
14,831611.604365,88.76199997030199,1140,1143,0.47661142525752936,0.7279516310263302,1.496730411951969,0.9982812255620956,3d gaze,-15.659588970752468,-137.48741326020317,524.8609666529422,831611.604365 831611.612434 831611.620504 831611.628573 831611.636642 831611.644712 831611.652781 831611.66085 831611.668919 831611.676989 831611.685058 831611.693127
15,831618.011387,80.69299999624491,1332,1334,0.4653619773188817,0.7755780419870016,1.0613959831298105,0.9864286346869036,3d gaze,-26.426940867995555,-166.97278029689738,537.8904713031849,831618.011387 831618.019456 831618.027526 831618.035595 831618.043664 831618.051734 831618.059803 831618.067872 831618.075941 831618.084011 831618.09208
16,831621.715194,112.97099990770221,1442,1446,0.47670882528773867,0.7270812538360304,0.8670755433878405,0.9932862281799316,3d gaze,-15.552428046707451,-136.91926813011256,524.4256048128503,831621.715194 831621.723264 831621.731333 831621.739402 831621.747472 831621.755541 831621.76361 831621.771679 831621.779749 831621.787818 831621.795887 831621.803957 831621.812026 831621.820095 831621.828165
17,831634.383991,80.69299999624491,1820,1823,0.46285086636766865,0.6867742920652943,1.2094735801887828,1.0,3d gaze,-27.573579187830457,-116.92143002953027,527.3933460446901,831634.383991 831634.39206 831634.40013 831634.408199 831634.416268 831634.424338 831634.432407 831634.440476 831634.448545 831634.456615 831634.464684
18,831638.241115,80.69299999624491,1934,1937,0.4683524761144286,0.7290507219925761,0.8990435923374182,0.9946604750373147,3d gaze,-23.118440614850897,-139.54401408535668,530.2085306025839,831638.241115 831638.249184 831638.257254 831638.265323 831638.273392 831638.281462 831638.289531 831638.2976 831638.305669 831638.313739 831638.321808
19,831641.291309,80.69299999624491,2025,2028,0.45832229794078,0.6919520342238493,0.8818736695791061,0.9999066699634899,3d gaze,-31.78899064932547,-120.4852537430745,531.1969634003561,831641.291309 831641.299379 831641.307448 831641.315517 831641.323587 831641.331656 831641.339725 831641.347794 831641.355864 831641.363933 831641.372002
20,831646.479868,88.76199997030199,2180,2183,0.48684480824919724,0.7365381456646634,1.2400889664192516,0.9996004501978556,3d gaze,-6.667232069477826,-140.2762021695703,518.7206969740274,831646.479868 831646.487937 831646.496006 831646.504075 831646.512145 831646.520214 831646.528283 831646.536353 831646.544422 831646.552491 831646.560561 831646.56863
21,831650.81308,145.24700003676116,2310,2314,0.4589066272778474,0.7018366563679379,1.147792223174801,0.9973390792545519,3d gaze,-31.40849410375417,-125.92030124871675,532.4779140852331,831650.81308 831650.821149 831650.829219 831650.837288 831650.845357 831650.853427 831650.861496 831650.869565 831650.877635 831650.885704 831650.893773 831650.901842 831650.909912 831650.917981 831650.92605 831650.93412 831650.942189 831650.950258 831650.958327
22,831658.035101,96.83200006838888,2522,2525,0.476054911606071,0.7364143496921204,1.3348956577049635,1.0,3d gaze,-16.217496454701138,-142.28530528388444,526.115853755605,831658.035101 831658.04317 831658.05124 831658.059309 831658.067378 831658.075448 831658.083517 831658.091586 831658.099656 831658.107725 831658.115794 831658.123863 831658.131933
23,831661.95678,88.76199997030199,2639,2642,0.4100352007944148,0.507026333269708,1.1582282449425292,0.9294419685999552,3d gaze,-71.37943355810289,-28.03901311120733,518.9621476515708,831661.95678 831661.964849 831661.972918 831661.980987 831661.989057 831661.997126 831662.005195 831662.013265 831662.021334 831662.029403 831662.037473 831662.045542
24,831663.594847,121.03899999056011,2688,2692,0.45096195841344944,0.7278795263317949,1.3678418195022557,0.9971077799797058,3d gaze,-39.31116806670164,-142.06308983079788,541.3677558780371,831663.594847 831663.602916 831663.610986 831663.619055 831663.627124 831663.643263 831663.651332 831663.659401 831663.667471 831663.67554 831663.683609 831663.691678 831663.699748 831663.707817 831663.715886
25,831671.656075,129.109000088647,2928,2932,0.4876129414633526,0.6746625726507174,1.0463729591764586,1.0,3d gaze,-5.794144290671263,-106.6552248481675,508.56210361281046,831671.656075 831671.664144 831671.672213 831671.680283 831671.688352 831671.696421 831671.704491 831671.71256 831671.720629 831671.728698 831671.736768 831671.744837 831671.752906 831671.760976 831671.769045 831671.777114 831671.785184
26,831673.850924,161.38599999248981,2994,2999,0.4878842228782343,0.6974390086330804,1.4215313754576542,0.9992790193784804,3d gaze,-5.633138554414575,-118.74898354526256,512.2692969478418,831673.850924 831673.858993 831673.867062 831673.875132 831673.883201 831673.89127 831673.899339 831673.907409 831673.915478 831673.923547 831673.931617 831673.939686 831673.947755 831673.955825 831673.963894 831673.971963 831673.980032 831673.988102 831673.996171 831674.00424 831674.01231
27,831678.918442,80.69299999624491,3145,3148,0.48036452837409394,0.6643483826370367,0.6813062948775623,1.0,3d gaze,-11.909959658520423,-102.27764693743666,511.7844728836166,831678.918442 831678.926512 831678.934581 831678.94265 831678.95072 831678.958789 831678.966858 831678.974927 831678.982997 831678.991066 831678.999135
28,831691.68407,88.7630000943318,3525,3528,0.4777586673706875,0.653858387845048,0.9251810438268326,1.0,3d gaze,-14.072517081398098,-97.12985658359946,511.63737711496157,831691.68407 831691.69214 831691.700209 831691.708278 831691.716348 831691.724417 831691.732486 831691.740556 831691.748625 831691.756694 831691.764763 831691.772833
29,831698.486488,80.69299999624491,3728,3731,0.4339536291954697,0.673825789604297,1.011559512066283,0.9821085062893954,3d gaze,-54.379754989076794,-114.05679264550781,543.4838396730805,831698.486488 831698.494557 831698.502627 831698.510696 831698.518765 831698.526834 831698.534904 831698.542973 831698.551042 831698.559112 831698.567181
30,831698.58332,80.69299999624491,3731,3734,0.44795142799908594,0.6972984369395457,0.765515186920895,0.9636031009934165,3d gaze,-41.560826726501936,-125.1566015853993,538.7975924790609,831698.58332 831698.591389 831698.599458 831698.607528 831698.615597 831698.623666 831698.631735 831698.639805 831698.647874 831698.655943 831698.664013
31,831700.939554,129.1089999722317,3801,3805,0.4781467505548703,0.6358975802458253,1.2175221155602687,1.0,3d gaze,-13.617626116816734,-87.74540586051035,507.7151454736636,831700.939554 831700.947624 831700.955693 831700.963762 831700.971832 831700.979901 831700.98797 831700.996039 831701.004109 831701.012178 831701.020247 831701.028317 831701.036386 831701.044455 831701.052525 831701.060594 831701.068663
32,831707.19326,88.76200008671731,3988,3991,0.478692494218156,0.6727390983409092,1.3750039709115054,1.0,3d gaze,-13.41701825120741,-106.94515632633706,514.3611503111093,831707.19326 831707.201329 831707.209398 831707.217468 831707.225537 831707.233606 831707.241676 831707.249745 831707.257814 831707.265883 831707.273953 831707.282022
33,831709.242861,80.69299999624491,4049,4052,0.5054096274808113,0.6727850227656869,1.0413231026262195,1.0,3d gaze,8.832732665006482,-103.0541276651308,495.62385111030295,831709.242861 831709.25093 831709.259 831709.267069 831709.275138 831709.283208 831709.291277 831709.299346 831709.307416 831709.315485 831709.323554
34,831709.331623,80.69299999624491,4052,4054,0.5128788901779409,0.6808118620170854,1.4597766676160477,1.0,3d gaze,14.83959680016999,-106.06049968515576,491.59372405282613,831709.331623 831709.339693 831709.347762 831709.355831 831709.363901 831709.37197 831709.380039 831709.388109 831709.396178 831709.404247 831709.412316
35,831713.309787,80.69299999624491,4171,4173,0.47648195254502723,0.7036227534757983,0.7428011372214819,1.0,3d gaze,-15.567912011962699,-123.95841386394723,521.0011896421615,831713.309787 831713.317856 831713.325926 831713.333995 831713.342064 831713.350133 831713.358203 831713.366272 831713.374341 831713.382411 831713.39048
36,831717.34984,80.69099998101592,4291,4294,0.5095603392457364,0.8088160572956057,1.4736303755582356,0.9943621050227772,3d gaze,21.470835816238978,-290.53510060665286,842.2679074791139,831717.34984 831717.357909 831717.365978 831717.374047 831717.382116 831717.390185 831717.398254 831717.406323 831717.414393 831717.422462 831717.430531
37,831721.580817,80.69299999624491,4417,4420,0.5102968437947087,0.7023134627481098,0.921726182084602,0.9994778578931635,3d gaze,12.939662541809685,-117.61089369002529,497.05588103033955,831721.580817 831721.588886 831721.596955 831721.605025 831721.613094 831721.621163 831721.629232 831721.637302 831721.645371 831721.65344 831721.66151
38,831732.651892,153.31700001843274,4748,4752,0.4801270216242182,0.6569523315825255,1.4800664113330602,1.0,3d gaze,-12.073474633546706,-98.47974548994962,510.77757231091425,831732.651892 831732.659962 831732.668031 831732.6761 831732.68417 831732.692239 831732.700308 831732.708377 831732.716447 831732.724516 831732.732585 831732.740655 831732.748724 831732.756793 831732.764863 831732.772932 831732.781001 831732.78907 831732.79714 831732.805209
39,831745.90626,84.1810000129044,5142,5145,0.4847975967322715,0.7995982053635573,1.4565067477581304,0.993875713575454,3d gaze,-10.330441129065857,-227.74089850353545,677.2154673705262,831745.90626 831745.909748 831745.914329 831745.917817 831745.922399 831745.925886 831745.930468 831745.933956 831745.938537 831745.942025 831745.946606 831745.950094 831745.954675 831745.958163 831745.962744 831745.966233 831745.970813 831745.974302 831745.978882 831745.982371 831745.990441
40,831749.605486,80.69299999624491,5253,5255,0.4018497596424837,0.7033955817317156,0.7485481512526501,0.9569131190126593,3d gaze,-87.75776920577518,-136.09837046263672,566.4960821070727,831749.605486 831749.613555 831749.621624 831749.629694 831749.637763 831749.645832 831749.653902 831749.661971 831749.67004 831749.67811 831749.686179
41,831755.011915,104.90099992603064,5411,5414,0.5204047940131472,0.6719229104836842,0.9470074057839725,1.0,3d gaze,20.580361644658435,-100.31180508912652,484.0041837943371,831755.011915 831755.019984 831755.028054 831755.036123 831755.044192 831755.052261 831755.060331 831755.0684 831755.076469 831755.084539 831755.092608 831755.100677 831755.108746 831755.116816
42,831757.432704,112.97000001650304,5483,5487,0.5099805039907311,0.6688281308225862,0.8323986766468305,1.0,3d gaze,12.459356711707592,-100.32512624139704,491.41771546123533,831757.432704 831757.440773 831757.448843 831757.456912 831757.464981 831757.473051 831757.48112 831757.489189 831757.497258 831757.505328 831757.513397 831757.521466 831757.529536 831757.537605 831757.545674
43,831759.458098,80.69299999624491,5539,5541,0.491633197673284,0.662034146321066,1.1707969123325712,0.9998537085273049,3d gaze,-2.4051465536843826,-99.42652418280613,503.21173153545254,831759.458098 831759.466167 831759.474236 831759.482306 831759.490375 831759.498444 831759.506514 831759.514583 831759.522652 831759.530721 831759.538791
44,831763.016658,80.69299999624491,5645,5647,0.5133183777687597,0.6894970878634209,0.9565158525799099,0.9999320290305398,3d gaze,15.250789110164739,-110.43253080852551,492.68249012998535,831763.016658 831763.024727 831763.032796 831763.040866 831763.048935 831763.057004 831763.065074 831763.073143 831763.081212 831763.089281 831763.097351
45,831768.003483,96.83200006838888,5794,5797,0.49898023214422954,0.67876603740545,1.4150554101466069,0.9958962293771597,3d gaze,3.632779441403233,-107.0127559666393,500.8639394465103,831768.003483 831768.011553 831768.019622 831768.027691 831768.035761 831768.04383 831768.051899 831768.059969 831768.068038 831768.076107 831768.084176 831768.092246 831768.100315
46,831770.537243,104.90100004244596,5869,5872,0.504213685827131,0.6845186147651953,1.0015847114137042,1.0,3d gaze,7.91926738672337,-109.24969217660201,498.2526657142385,831770.537243 831770.545312 831770.553381 831770.561451 831770.56952 831770.577589 831770.585659 831770.593728 831770.601797 831770.609866 831770.617936 831770.626005 831770.634074 831770.642144
47,831775.85056,96.82899992913008,6021,6024,0.47738668406053403,0.7891821814652366,1.4582335258726151,0.9938923716545105,3d gaze,-24.448663156878567,-273.6847392224489,843.9266231007235,831775.85056 831775.858629 831775.866698 831775.874767 831775.882836 831775.890905 831775.898974 831775.907043 831775.915112 831775.923181 831775.931251 831775.93932 831775.947389
48,831778.283768,104.90100004244596,6094,6097,0.4525128717562786,0.7500281753090786,1.3600035443760774,1.0,3d gaze,-38.230710634819744,-154.63592614745102,543.189422055052,831778.283768 831778.291837 831778.299907 831778.307976 831778.316045 831778.324115 831778.332184 831778.340253 831778.348322 831778.356392 831778.364461 831778.37253 831778.3806 831778.388669
49,831778.464937,112.96699999365956,6099,6102,0.4882856907640605,0.7760714628139511,0.6715026111637933,1.0,3d gaze,-8.957421637218495,-264.19597408037026,850.634627916536,831778.464937 831778.473006 831778.481075 831778.489144 831778.497213 831778.505282 831778.513351 831778.52142 831778.529489 831778.537558 831778.545628 831778.553697 831778.561766 831778.569835 831778.577904
50,831787.7894,112.97000001650304,6377,6380,0.43176972225337135,0.6839884861761986,1.1191737409611457,1.0,3d gaze,-56.7803687283222,-120.1313286505173,546.4852562632072,831787.7894 831787.797469 831787.805539 831787.813608 831787.821677 831787.829747 831787.837816 831787.845885 831787.853955 831787.862024 831787.870093 831787.878162 831787.886232 831787.894301 831787.90237
51,831788.680373,104.89800001960248,6403,6407,0.4850626694149951,0.8064035281779579,0.844135359734106,1.0,3d gaze,-13.517168832366968,-287.4795470422275,839.7986641288154,831788.680373 831788.688442 831788.696511 831788.70458 831788.712649 831788.720718 831788.728787 831788.736856 831788.744925 831788.752995 831788.761064 831788.769133 831788.777202 831788.785271
52,831795.406817,80.69299999624491,6604,6607,0.4180769815810665,0.7686032659587297,1.4397523192084085,0.9949526515873995,3d gaze,-73.25958965298847,-172.89312656755413,566.3000388473174,831795.406817 831795.414886 831795.422955 831795.431025 831795.439094 831795.447163 831795.455233 831795.463302 831795.471371 831795.47944 831795.48751
53,831795.587492,80.69099998101592,6610,6612,0.49402994539108575,0.8371007609506779,0.5653301103094431,0.9983717528256503,3d gaze,-0.7401754291620829,-311.07978712352286,828.9339229770098,831795.587492 831795.595561 831795.603631 831795.6117 831795.619769 831795.627838 831795.635907 831795.643976 831795.652045 831795.660114 831795.668183
54,831802.693392,80.69299999624491,6821,6823,0.5429828877131564,0.8287064864119403,1.1377062632838606,1.0,3d gaze,40.37711429910482,-178.69629250295964,486.4913489640523,831802.693392 831802.701461 831802.709531 831802.7176 831802.725669 831802.733739 831802.741808 831802.749877 831802.757946 831802.766016 831802.774085
55,831802.881927,80.69099998101592,6826,6829,0.5372847565197159,0.7721459987679377,0.9688372730714444,0.923301409591328,3d gaze,61.549906017235344,-262.78671523971883,855.2722731187521,831802.881927 831802.889996 831802.898065 831802.906134 831802.914203 831802.922272 831802.930341 831802.93841 831802.94648 831802.954549 831802.962618
56,831806.590863,112.97000001650304,6937,6940,0.43428088417491545,0.7684846625529906,1.3940898682389429,0.9939560214678447,3d gaze,-56.57267470544853,-169.32533939209856,556.4845688217035,831806.590863 831806.598932 831806.607001 831806.615071 831806.62314 831806.631209 831806.639278 831806.647348 831806.655417 831806.663486 831806.671556 831806.679625 831806.687694 831806.695764 831806.703833
57,831813.417488,88.76199997030199,7141,7143,0.45267265164524484,0.7122792799038974,0.7405568837456474,1.0,3d gaze,-37.38587036940649,-132.80397437296406,537.9223690607072,831813.417488 831813.425557 831813.433627 831813.441696 831813.449765 831813.457835 831813.465904 831813.473973 831813.482042 831813.490112 831813.498181 831813.50625
58,831815.46709,80.69299999624491,7202,7204,0.4559604403295495,0.6670077829867922,1.4343699608306273,0.9165405305949125,3d gaze,-33.557857404164004,-107.19255048196614,528.7469435176954,831815.46709 831815.475159 831815.483228 831815.491297 831815.499367 831815.507436 831815.515505 831815.523575 831815.531644 831815.539713 831815.547783
59,831815.644614,88.76199997030199,7207,7210,0.4255776369749357,0.5248694243634381,1.1210795780190224,0.9408428917328516,3d gaze,-57.74048701728329,-36.2009193577667,515.2934414698067,831815.644614 831815.652683 831815.660753 831815.668822 831815.676891 831815.684961 831815.69303 831815.701099 831815.709168 831815.717238 831815.725307 831815.733376
60,831815.741446,96.83099994435906,7210,7213,0.44221238027231596,0.5255572980832809,1.3785330819758337,0.9004122798259442,3d gaze,-42.857652366039574,-35.72390552586184,505.374462002365,831815.741446 831815.749515 831815.757584 831815.765654 831815.773723 831815.781792 831815.789861 831815.797931 831815.806 831815.814069 831815.822139 831815.830208 831815.838277
61,831815.983525,112.96999990008771,7217,7220,0.43848559865541653,0.5048033831331004,1.2605806320480213,0.9464500745137533,3d gaze,-45.58610316104767,-25.96236038327696,501.999047366466,831815.983525 831815.991594 831815.999663 831816.007732 831816.015802 831816.023871 831816.03194 831816.04001 831816.048079 831816.056148 831816.064218 831816.072287 831816.080356 831816.088425 831816.096495
62,831820.577386,96.8290000455454,7352,7355,0.25931091056621186,0.9443623215614892,1.4234383284578285,1.0,3d gaze,-286.7042301168986,-340.57471043682716,621.354647550991,831820.577386 831820.585455 831820.593524 831820.601593 831820.609662 831820.617731 831820.6258 831820.63387 831820.641939 831820.650008 831820.658077 831820.666146 831820.674215
63,831820.690353,145.2430000063032,7356,7360,0.2757472173648305,0.9359291845014877,1.3736245887345695,1.0,3d gaze,-271.23705021988025,-340.5377921053167,643.587820411801,831820.690353 831820.698422 831820.706491 831820.71456 831820.722629 831820.730698 831820.738767 831820.746836 831820.754906 831820.762975 831820.771044 831820.779113 831820.795251 831820.80332 831820.811389 831820.819458 831820.827527 831820.835596
64,831820.843665,80.69099998101592,7360,7363,0.2865171219854155,0.9315754677719478,1.0662993201984499,1.0,3d gaze,-260.5792306250673,-341.0060470639227,657.0722900374853,831820.843665 831820.851734 831820.859803 831820.867872 831820.875942 831820.884011 831820.89208 831820.900149 831820.908218 831820.916287 831820.924356
65,831821.174497,104.89799990318716,7370,7373,0.20834815903398995,0.9275335573422482,1.464939581046693,0.9867803057034811,3d gaze,-333.21984041756576,-314.33448326872934,569.8438370707022,831821.174497 831821.182566 831821.190635 831821.198704 831821.206773 831821.214842 831821.222911 831821.23098 831821.239049 831821.247118 831821.255188 831821.279395
66,831821.287464,80.68999997340143,7374,7376,0.20452232464258283,0.9160275192546881,1.3075221525727256,1.0,3d gaze,-337.6893644082135,-306.7819465262947,571.2770025226363,831821.287464 831821.295533 831821.303602 831821.311671 831821.31974 831821.327809 831821.335878 831821.343947 831821.352016 831821.360085 831821.368154
67,831821.769211,80.69299999624491,7388,7390,0.3603399505644297,0.5628150911305995,0.9186787645944158,0.8946022716435519,3d gaze,-124.38619044142602,-59.87380475769305,559.6618445529195,831821.769211 831821.77728 831821.785349 831821.793419 831821.801488 831821.809557 831821.817626 831821.825696 831821.833765 831821.841834 831821.849904
68,831824.76292,80.69299999624491,7477,7480,0.4238779323231334,0.5516570167002125,1.4669655306037557,0.8984855684367093,3d gaze,-60.242371697026414,-49.72723243407743,523.6853591228969,831824.76292 831824.770989 831824.779059 831824.787128 831824.795197 831824.803266 831824.811336 831824.819405 831824.827474 831824.835544 831824.843613
69,831824.851682,137.1780000627041,7480,7484,0.41500166076557565,0.5417979440586312,1.4252973238077367,0.8688504695892334,3d gaze,-68.2380999591426,-45.25833695198087,526.3196346843379,831824.851682 831824.859752 831824.867821 831824.87589 831824.883959 831824.892029 831824.908167 831824.916237 831824.924306 831824.932375 831824.940444 831824.948514 831824.956583 831824.964652 831824.972722 831824.980791 831824.98886
70,831826.086285,96.83100006077439,7517,7520,0.44076963900871574,0.4506106801516626,1.268779847168669,0.9546022644409766,3d gaze,-42.220205306124576,-1.1182431647160276,485.46374386113496,831826.086285 831826.094354 831826.102423 831826.110493 831826.118562 831826.126631 831826.134701 831826.14277 831826.150839 831826.158908 831826.166978 831826.175047 831826.183116
71,831826.546235,104.90099992603064,7530,7534,0.44369949322376045,0.5192029386232718,1.1996792225706494,0.8719435461929866,3d gaze,-41.46556860617683,-32.64898887655711,503.45562377679363,831826.546235 831826.554304 831826.562373 831826.570443 831826.578512 831826.586581 831826.59465 831826.60272 831826.610789 831826.618858 831826.626928 831826.634997 831826.643066 831826.651136
72,831826.659205,121.03899999056011,7534,7537,0.42686937303456485,0.5172652911612241,1.0812548784525313,0.8953825086355209,3d gaze,-56.38341923886212,-32.44945059628351,513.0982191317305,831826.659205 831826.667274 831826.675343 831826.683413 831826.691482 831826.699551 831826.707621 831826.71569 831826.723759 831826.731828 831826.739898 831826.747967 831826.756036 831826.764106 831826.772175 831826.780244
73,831826.877076,121.03899999056011,7540,7544,0.4496917853202775,0.5134239027169454,1.2237246131881516,0.852861613035202,3d gaze,-36.14533973139157,-29.664445128386934,498.0262663446385,831826.877076 831826.885145 831826.893214 831826.901284 831826.909353 831826.917422 831826.925492 831826.933561 831826.94163 831826.9497 831826.957769 831826.965838 831826.973907 831826.981977 831826.990046 831826.998115
74,831827.006185,121.03900010697544,7544,7548,0.4398472284327456,0.5177120699657981,1.2718206502947522,0.8484570582707723,3d gaze,-44.795869684247776,-32.09646755395764,505.32724899820204,831827.006185 831827.014254 831827.022323 831827.030392 831827.038462 831827.046531 831827.0546 831827.06267 831827.070739 831827.078808 831827.086878 831827.094947 831827.103016 831827.119155 831827.127224
75,831827.224056,104.90000003483146,7551,7554,0.4781852820833422,0.5111739392457803,1.117065317967845,0.903812118938991,3d gaze,-12.64864052804514,-27.460485699328338,478.90654606894657,831827.224056 831827.232125 831827.240194 831827.248263 831827.256333 831827.264402 831827.272471 831827.280541 831827.28861 831827.296679 831827.304749 831827.312818 831827.320887 831827.328956
76,831827.506481,112.97000001650304,7559,7562,0.46991145242857646,0.5033521538683899,0.6775950777142135,0.9255781491597493,3d gaze,-19.17987841535561,-24.22637559173426,482.25879797193915,831827.506481 831827.51455 831827.52262 831827.530689 831827.538758 831827.546827 831827.554897 831827.562966 831827.571035 831827.579105 831827.587174 831827.595243 831827.603313 831827.611382 831827.619451
77,831827.659798,88.76199997030199,7564,7566,0.49461494410810475,0.5279013624304784,1.0337315486056642,0.9460378636916479,3d gaze,0.050833247097306376,-34.23162655310532,471.6312285690332,831827.659798 831827.667867 831827.675936 831827.684006 831827.692075 831827.700144 831827.708213 831827.716283 831827.724352 831827.732421 831827.740491 831827.74856
78,831828.402173,88.76199997030199,7586,7588,0.4481298509115991,0.49372400677174005,1.3215955357633746,0.8726328214009603,3d gaze,-37.000177315579826,-20.4842240265435,492.69235492947473,831828.402173 831828.410242 831828.418312 831828.426381 831828.43445 831828.442519 831828.450589 831828.458658 831828.466727 831828.474797 831828.482866 831828.490935
79,831828.886331,137.17799994628876,7600,7604,0.47022783818771596,0.4534492578023761,1.4159221268668856,0.9670045342710283,3d gaze,-18.32604329918218,-2.2790006768683813,467.07130358220536,831828.886331 831828.8944 831828.902469 831828.910539 831828.918608 831828.926677 831828.934747 831828.942816 831828.950885 831828.958955 831828.967024 831828.975093 831828.983162 831828.991232 831828.999301 831829.00737 831829.01544 831829.023509
80,831829.047717,88.76199997030199,7605,7608,0.44765789078734936,0.46659010218476554,1.4781898412089531,0.8557070990403494,3d gaze,-36.784814698237085,-8.163964815875092,485.28304922163267,831829.047717 831829.055786 831829.063855 831829.071925 831829.079994 831829.088063 831829.096133 831829.104202 831829.112271 831829.12034 831829.12841 831829.136479
81,831829.35435,80.69299999624491,7614,7617,0.4987921248508153,0.5171340380266677,1.4064904374985217,0.9427120089530945,3d gaze,3.187503898504872,-29.23084573134798,465.8221640768051,831829.35435 831829.362419 831829.370489 831829.378558 831829.386627 831829.394697 831829.402766 831829.410835 831829.418904 831829.426974 831829.435043
82,831829.548013,96.83199995197356,7620,7623,0.46495510903509873,0.48256768672968386,1.4230624176445423,0.853101005920997,3d gaze,-22.879724288770255,-15.009726977190343,478.9893643934065,831829.548013 831829.556083 831829.564152 831829.572221 831829.58029 831829.58836 831829.596429 831829.604498 831829.612568 831829.620637 831829.628706 831829.636776 831829.644845
83,831829.652914,80.69299999624491,7623,7626,0.4724098269871276,0.46202695195869653,1.410340115052166,0.9281601038846102,3d gaze,-16.66777601179466,-5.901643702512527,466.2143735507076,831829.652914 831829.660983 831829.669053 831829.677122 831829.685191 831829.693261 831829.70133 831829.709399 831829.717468 831829.725538 831829.733607
84,831830.814893,88.76200008671731,7658,7660,0.4748899220618243,0.4811707257018752,0.9299387421417887,0.8863249854608015,3d gaze,-14.786515302338005,-14.009255196059723,466.1579804967334,831830.814893 831830.822962 831830.831031 831830.839101 831830.855239 831830.863309 831830.871378 831830.879447 831830.887517 831830.895586 831830.903655
85,831830.96014,129.1089999722317,7662,7666,0.48212268953807946,0.5160696823871734,1.4055011792537742,0.8992688469588757,3d gaze,-9.457187211296503,-29.108567279981976,471.0702889580424,831830.96014 831830.968209 831830.976279 831830.984348 831830.992417 831831.000487 831831.008556 831831.016625 831831.024695 831831.032764 831831.048902 831831.056972 831831.065041 831831.07311 831831.08118 831831.089249
86,831831.153803,88.76299997791648,7668,7671,0.4773036307968154,0.5284274104612924,1.3242251356029264,0.9579703609148661,3d gaze,-13.303919787792106,-34.914495127916716,477.6010839424862,831831.153803 831831.161873 831831.169942 831831.178011 831831.186081 831831.19415 831831.202219 831831.210288 831831.218358 831831.226427 831831.234496 831831.242566
87,831831.258704,201.73299999441952,7671,7677,0.4733579943371725,0.5149725642903555,1.3087187887612486,0.9373341019336994,3d gaze,-16.31516036538778,-28.99052577110895,476.6159879743503,831831.258704 831831.266773 831831.274843 831831.282912 831831.290981 831831.299051 831831.30712 831831.315189 831831.323259 831831.331328 831831.339397 831831.347466 831831.355536 831831.363605 831831.371674 831831.379744 831831.387813 831831.395882 831831.403952 831831.412021 831831.42009 831831.428159 831831.436229 831831.444298 831831.452367 831831.460437
88,831831.476575,88.76299997791648,7678,7680,0.4749697676586601,0.539897772193887,1.4874357171086408,0.9278569221496582,3d gaze,-15.272180649692592,-40.308649832705875,482.1683408987339,831831.476575 831831.484645 831831.492714 831831.500783 831831.508852 831831.516922 831831.524991 831831.53306 831831.54113 831831.549199 831831.557268 831831.565338
89,831831.573407,145.24699992034584,7680,7685,0.4707256787600142,0.5289402130771397,1.424735314725,0.9027688660119709,3d gaze,-18.571349459649774,-35.49066203816848,482.0946911108941,831831.573407 831831.581476 831831.589545 831831.597615 831831.605684 831831.613753 831831.621823 831831.629892 831831.637961 831831.64603 831831.6541 831831.662169 831831.670238 831831.678308 831831.686377 831831.694446 831831.702516 831831.710585 831831.718654
90,831831.726723,80.69299999624491,7685,7687,0.46748568890442693,0.5433305952812176,1.493905849806908,0.905229470946572,3d gaze,-21.394173524813265,-42.35406023258043,487.9792016438242,831831.726723 831831.734793 831831.742862 831831.750931 831831.759001 831831.76707 831831.775139 831831.783209 831831.791278 831831.799347 831831.807416
91,831832.283505,104.90099992603064,7702,7705,0.4643637772317001,0.5326657967514358,1.2422645153848244,0.9199741525309426,3d gaze,-23.80096263251691,-37.53698194993451,487.23592685313577,831832.283505 831832.291574 831832.299644 831832.307713 831832.315782 831832.323851 831832.331921 831832.33999 831832.348059 831832.356129 831832.364198 831832.372267 831832.380337 831832.388406
92,831832.396475,80.69299999624491,7705,7707,0.477114869903099,0.5339070234934978,0.758739403535539,0.9226479909636758,3d gaze,-13.499934767029659,-37.4249147415138,479.14461143739885,831832.396475 831832.404544 831832.412614 831832.420683 831832.428752 831832.436822 831832.444891 831832.45296 831832.46103 831832.469099 831832.477168
93,831832.525584,104.90099992603064,7709,7712,0.47920870119705156,0.5170160898780002,1.2623723693526216,0.9096092581748962,3d gaze,-11.715844307693702,-29.666874138846488,473.23657423115736,831832.525584 831832.533653 831832.541723 831832.549792 831832.557861 831832.56593 831832.574 831832.582069 831832.590138 831832.598208 831832.606277 831832.614346 831832.622415 831832.630485
94,831832.775732,88.76199997030199,7716,7719,0.45355916455074347,0.4811890478768261,1.2018558588115602,0.86527357860045,3d gaze,-31.789716527968718,-14.447401520421636,479.91495836303125,831832.775732 831832.783801 831832.791871 831832.79994 831832.808009 831832.824148 831832.832217 831832.840287 831832.848356 831832.856425 831832.864494
95,831832.945187,80.69299999624491,7721,7724,0.4819806665966842,0.5487352352526025,1.1259597916059223,0.923109000379389,3d gaze,-9.75323757828358,-43.996127776043544,479.7677488779968,831832.945187 831832.953257 831832.961326 831832.969395 831832.977465 831832.985534 831832.993603 831833.001672 831833.009742 831833.017811 831833.02588
96,831833.397068,80.69299999624491,7735,7737,0.4873221300669018,0.5061728360036442,1.2902011967669993,0.9035489017313177,3d gaze,-5.425613153891205,-24.54192983783822,464.9145388356363,831833.397068 831833.405137 831833.413207 831833.421276 831833.429345 831833.437414 831833.445484 831833.453553 831833.461622 831833.469692 831833.477761
97,831835.487016,80.69299999624491,7797,7800,0.43863827990326437,0.5336303522526723,1.0181254018270065,0.950655460357666,3d gaze,-45.70797731484645,-39.38585888403362,503.99173189629886,831835.487016 831835.495085 831835.503155 831835.511224 831835.519293 831835.527362 831835.535432 831835.543501 831835.55157 831835.55964 831835.567709
98,831835.842065,80.69299999624491,7808,7810,0.4498810190039805,0.49198503582343184,1.2536426330919852,0.9111000624569979,3d gaze,-35.04370706370123,-19.38891493032618,485.30432151713774,831835.842065 831835.850134 831835.858204 831835.866273 831835.874342 831835.882412 831835.890481 831835.89855 831835.906619 831835.914689 831835.922758
99,831836.003451,104.90100004244596,7813,7816,0.47943701838702435,0.5135009253804711,1.2613853830301132,0.8975613330091748,3d gaze,-11.534841895036307,-28.089550277144287,472.1743654934371,831836.003451 831836.01152 831836.01959 831836.027659 831836.035728 831836.043797 831836.051867 831836.059936 831836.068005 831836.076075 831836.084144 831836.092213 831836.100283 831836.108352
100,831836.189045,80.69299999624491,7818,7821,0.49262930223313,0.5123522232042514,1.3549505383909999,0.903559988195246,3d gaze,-1.4480295890563597,-27.057434069010355,462.95280489642386,831836.189045 831836.197114 831836.205183 831836.213253 831836.221322 831836.229391 831836.237461 831836.24553 831836.253599 831836.261668 831836.269738
101,831836.302015,88.76199997030199,7822,7824,0.46274881852373234,0.5281046442755046,1.1979617339501187,0.8999206225077311,3d gaze,-25.057396419073054,-35.49567527110477,487.1103216707006,831836.302015 831836.310084 831836.318154 831836.326223 831836.334292 831836.342361 831836.350431 831836.3585 831836.366569 831836.374639 831836.382708 831836.390777
102,831837.004044,80.69300011266023,7843,7845,0.42232613919868,0.574163735970539,1.4016749975154488,0.8721837639808655,3d gaze,-61.7814535824206,-60.721351202103065,524.2541168324462,831837.004044 831837.012113 831837.020182 831837.028252 831837.04439 831837.05246 831837.060529 831837.068598 831837.076667 831837.084737
103,831837.536617,80.69299999624491,7858,7861,0.4239852952769303,0.5384022244763151,0.6959980292503151,0.9169685732234608,3d gaze,-58.99070803604557,-42.51726378634687,514.1213695394399,831837.536617 831837.544687 831837.552756 831837.560825 831837.568895 831837.576964 831837.585033 831837.593103 831837.601172 831837.609241 831837.61731
104,831837.867459,80.69299999624491,7868,7871,0.4231575312542803,0.5875907214213103,1.3584086708880028,0.8819354384595698,3d gaze,-61.47499746004095,-67.648028734745,527.0531613604018,831837.867459 831837.875528 831837.883597 831837.891667 831837.899736 831837.907805 831837.915874 831837.923944 831837.932013 831837.940082 831837.948152
105,831837.956221,161.38600010890514,7871,7876,0.43108169992040085,0.5832507928250309,0.9924399115827903,0.8755460012526739,3d gaze,-53.95351352049804,-64.69380056685038,521.2637234433366,831837.956221 831837.96429 831837.972359 831837.980429 831837.988498 831837.996567 831838.004637 831838.012706 831838.020775 831838.028845 831838.036914 831838.044983 831838.053052 831838.061122 831838.069191 831838.07726 831838.08533 831838.093399 831838.101468 831838.109538 831838.117607
106,831838.141815,80.69299999624491,7876,7879,0.43000256115139557,0.5703599185949989,1.0463794660228813,0.8830922029235146,3d gaze,-54.548031799462926,-58.1824503350787,518.7704378209856,831838.141815 831838.149884 831838.157953 831838.166023 831838.174092 831838.182161 831838.190231 831838.1983 831838.206369 831838.214438 831838.222508
107,831840.651366,80.69299999624491,7952,7955,0.4503939924199294,0.5190404955201627,0.9642056915771567,0.924704833464189,3d gaze,-35.2061062922446,-31.84640808908848,492.60056231388893,831840.651366 831840.659435 831840.667505 831840.675574 831840.683643 831840.691713 831840.699782 831840.707851 831840.715921 831840.72399 831840.732059
108,831840.957999,80.69299999624491,7961,7964,0.44780471752611994,0.5046823559183768,1.2793417277472907,0.8552260940725153,3d gaze,-37.07566316153514,-25.28541222961211,490.24667427129094,831840.957999 831840.966069 831840.974138 831840.982207 831840.990277 831840.998346 831841.006415 831841.014485 831841.022554 831841.030623 831841.038692
109,831841.046762,96.83100006077439,7964,7967,0.45005913346925847,0.49569642383384144,1.4863837805573599,0.8746670732895533,3d gaze,-34.992826160606036,-21.09074728343618,486.29151766111886,831841.046762 831841.054831 831841.0629 831841.079039 831841.087108 831841.095178 831841.103247 831841.111316 831841.119385 831841.127455 831841.135524 831841.143593
110,831841.18394,121.03899999056011,7968,7972,0.4716007824630212,0.5496148213975082,1.4088539352608016,0.9283404760062695,3d gaze,-18.096039791508375,-45.073742117271976,486.9223224724152,831841.18394 831841.192009 831841.200078 831841.208148 831841.216217 831841.224286 831841.232356 831841.240425 831841.248494 831841.256563 831841.264633 831841.272702 831841.280771 831841.288841 831841.29691 831841.304979
111,831842.773591,217.87099994253367,8016,8022,0.43830615537756146,0.5112771091362531,1.4836452715018067,0.8569745907077083,3d gaze,-45.372184230029006,-28.695613146924327,497.8469097915136,831842.773591 831842.781661 831842.78973 831842.797799 831842.805869 831842.813938 831842.822007 831842.830076 831842.838146 831842.846215 831842.854284 831842.862354 831842.870423 831842.878492 831842.886561 831842.894631 831842.9027 831842.910769 831842.918839 831842.926908 831842.934977 831842.943047 831842.951116 831842.967254 831842.975324 831842.983393 831842.991462
112,831843.685422,80.69299999624491,8043,8045,0.42881121403621153,0.5444328242461542,1.2297320481542628,0.8520871671763334,3d gaze,-54.77520276335045,-45.20284314454768,512.4550386406567,831843.685422 831843.693491 831843.70156 831843.70963 831843.717699 831843.725768 831843.733838 831843.741907 831843.749976 831843.758046 831843.766115
113,831843.774184,80.69299999624491,8045,8048,0.4377046764958477,0.5297919153611731,1.1093357737810807,0.8780727982521057,3d gaze,-46.38477776432399,-37.53682310830211,503.11240051177407,831843.774184 831843.782253 831843.790323 831843.798392 831843.806461 831843.814531 831843.8226 831843.830669 831843.838739 831843.846808 831843.854877
114,831843.983986,145.24700003676116,8052,8056,0.43589236489960814,0.5228806254971776,1.4846524729825812,0.8710499782311288,3d gaze,-47.812948965043425,-34.3056300717944,502.32367651383424,831843.983986 831843.992055 831844.000125 831844.008194 831844.016263 831844.024332 831844.032402 831844.040471 831844.04854 831844.05661 831844.064679 831844.072748 831844.080817 831844.088887 831844.096956 831844.105025 831844.113095 831844.121164 831844.129233
115,831845.210519,80.69299999624491,8088,8091,0.4158282047109342,0.5628069183447071,1.4246497585653957,0.8803863742134788,3d gaze,-67.43500350098678,-55.33065026020251,524.7873621033189,831845.210519 831845.218588 831845.226658 831845.234727 831845.242796 831845.250866 831845.258935 831845.267004 831845.275073 831845.283143 831845.291212
116,831845.751162,80.69299999624491,8104,8107,0.3967613256293828,0.6034513683694339,1.3204402103280752,0.8345703423023224,3d gaze,-87.7573424092537,-78.51405014667641,545.1714128137626,831845.751162 831845.759231 831845.767301 831845.77537 831845.783439 831845.791508 831845.799578 831845.815716 831845.823786 831845.831855
117,831847.574823,121.03999999817461,8159,8162,0.6980406609832838,0.8067635786250956,1.4025815677601712,1.0,3d gaze,128.95894607423867,-128.03988006388386,352.18279137022535,831847.574823 831847.582892 831847.590962 831847.599031 831847.6071 831847.61517 831847.623239 831847.631308 831847.639378 831847.647447 831847.655516 831847.663585 831847.671655 831847.679724 831847.687793 831847.695863
118,831847.703932,96.83100006077439,8163,8166,0.6866803496680269,0.8047742118037255,1.032667034754382,1.0,3d gaze,123.87118754815775,-129.50306133060204,360.9443678606567,831847.703932 831847.712001 831847.720071 831847.72814 831847.736209 831847.744278 831847.752348 831847.760417 831847.768486 831847.776556 831847.784625 831847.792694 831847.800763
119,831849.616355,96.83200006838888,8220,8223,0.45226177716944993,0.4921262547372451,0.982272404198756,0.9012872485014108,3d gaze,-32.830218906201736,-19.25482436685668,480.3904382560685,831849.616355 831849.624425 831849.632494 831849.640563 831849.648633 831849.656702 831849.664771 831849.67284 831849.68091 831849.688979 831849.697048 831849.705118 831849.713187
120,831851.966048,80.69099998101592,8290,8292,0.32551831488609867,0.624463164569899,1.4744025374566336,0.7884862422943115,3d gaze,-228.0138813842564,-133.9638156337309,797.5448503658529,831851.966048 831851.974117 831851.998324 831852.006394 831852.014463 831852.022532 831852.03867 831852.046739
121,831852.472887,88.76200008671731,8305,8308,0.39986114762118735,0.5532688944947967,1.3666982224331647,0.9575041234493256,3d gaze,-81.79248333543183,-51.15795900146577,527.834135186781,831852.472887 831852.480956 831852.489025 831852.497094 831852.505164 831852.513233 831852.521302 831852.529372 831852.537441 831852.54551 831852.55358 831852.561649
122,831852.577787,88.76299997791648,8308,8311,0.4106188505855439,0.5495789150123568,0.5852798739843139,0.9401568075021108,3d gaze,-71.32686545285424,-48.56508076264178,520.8632872518205,831852.577787 831852.585857 831852.593926 831852.601995 831852.610065 831852.618134 831852.626203 831852.634273 831852.642342 831852.650411 831852.65848 831852.66655
123,831852.682688,185.59399992227554,8311,8317,0.4044002677909799,0.5482831303846223,1.4186938069283477,0.9131417355754159,3d gaze,-77.03777127841248,-48.20514090696528,522.9031407821441,831852.682688 831852.690758 831852.698827 831852.706896 831852.714965 831852.723035 831852.731104 831852.739173 831852.747243 831852.755312 831852.763381 831852.771451 831852.77952 831852.787589 831852.803728 831852.819866 831852.827936 831852.836005 831852.844074 831852.852144 831852.860213 831852.868282
124,831852.89249,80.69299999624491,8317,8320,0.42301228151636683,0.5151897755730801,1.3141845511815753,0.8419260924512689,3d gaze,-58.454697579705204,-30.87992106662094,502.97991019819415,831852.89249 831852.900559 831852.908629 831852.916698 831852.924767 831852.932836 831852.940906 831852.948975 831852.957044 831852.965114 831852.973183
125,831853.061945,80.69299999624491,8323,8325,0.45496660683675505,0.5105296004936348,1.2867502170232206,0.9466389471834357,3d gaze,-30.865317968634574,-27.414006921231877,482.1476168855077,831853.061945 831853.070015 831853.078084 831853.086153 831853.094222 831853.102292 831853.110361 831853.11843 831853.1265 831853.134569 831853.142638
126,831853.216753,112.96699999365956,8327,8331,0.4704941580797996,0.47403593164760927,1.0216236746691665,0.789948499079022,3d gaze,-34.31170264735633,-20.85234306903328,884.7842160426395,831853.216753 831853.32972
127,831853.521895,121.03999999817461,8336,8340,0.4780318913188688,0.5346706782384518,1.211497047654171,0.869043942540884,3d gaze,-12.654044433670403,-37.346201173165454,473.69045104053237,831853.521895 831853.529965 831853.538034 831853.546103 831853.554172 831853.562242 831853.570311 831853.57838 831853.58645 831853.594519 831853.602588 831853.610657 831853.618727 831853.626796 831853.634865 831853.642935
128,831855.87813,88.76200008671731,8407,8409,0.4293667572909408,0.6223830363347117,1.3831937076550724,0.7638764838443018,3d gaze,-56.35844788481829,-84.84625978781484,527.2683581637888,831855.87813 831855.910407 831855.918476 831855.926546 831855.966892
129,831856.233179,80.69299999624491,8417,8420,0.48825475683969943,0.5103587946998002,1.3041077398810441,0.8577985167503357,3d gaze,-4.7029381502433845,-26.110246013775363,461.4624919086587,831856.233179 831856.241248 831856.249318 831856.257387 831856.265456 831856.273526 831856.281595 831856.289664 831856.297733 831856.305803 831856.313872
130,831856.330011,96.83099994435906,8420,8423,0.47307318517151453,0.5425082101920069,1.1196886621604996,0.8998148853962238,3d gaze,-16.683511088963975,-41.318839554229356,480.20098896244394,831856.330011 831856.33808 831856.346149 831856.354219 831856.362288 831856.370357 831856.378426 831856.386496 831856.394565 831856.402634 831856.410704 831856.418773 831856.426842
131,831856.499466,88.76199997030199,8425,8428,0.4414384169222558,0.5477089719767632,1.4192126980321453,0.843394915262858,3d gaze,-43.2876927504135,-45.70531516431266,501.88748670954845,831856.499466 831856.507535 831856.515604 831856.523674 831856.531743 831856.539812 831856.547882 831856.555951 831856.56402 831856.57209 831856.580159 831856.588228
132,831856.693129,80.69299999624491,8431,8433,0.4482522863225802,0.53388021337754,1.4842620529183566,0.8483438708565452,3d gaze,-37.054857386291104,-38.673770200138414,493.99101651669827,831856.693129 831856.701198 831856.709268 831856.717337 831856.725406 831856.733476 831856.741545 831856.749614 831856.757683 831856.765753 831856.773822
133,831856.781891,88.76299997791648,8434,8436,0.4462149500723898,0.5217270834296263,1.3285801887892816,0.9011853337287903,3d gaze,-38.51355753263155,-33.03589197347438,491.9945192905454,831856.781891 831856.789961 831856.79803 831856.806099 831856.814168 831856.822238 831856.830307 831856.838376 831856.846446 831856.854515 831856.862584 831856.870654
134,831857.13694,112.97100002411753,8444,8448,0.43986767638441,0.5073313769305805,1.2981396581944724,0.844327712059021,3d gaze,-43.56888906336885,-26.575159496849416,491.91288044731664,831857.13694 831857.14501 831857.153079 831857.161148 831857.169218 831857.177287 831857.185356 831857.193425 831857.201495 831857.209564 831857.217633 831857.225703 831857.233772 831857.241841 831857.249911
135,831857.25798,217.871000058949,8448,8454,0.4553572129751076,0.5041383589634879,1.083919151271234,0.8657512771231788,3d gaze,-30.495478845244666,-24.557935084695153,481.35249231309814,831857.25798 831857.266049 831857.274118 831857.282188 831857.290257 831857.298326 831857.306396 831857.314465 831857.322534 831857.330604 831857.338673 831857.346742 831857.354811 831857.362881 831857.37095 831857.379019 831857.387089 831857.395158 831857.403227 831857.411296 831857.419366 831857.427435 831857.435504 831857.443574 831857.451643 831857.459712 831857.467782 831857.475851
136,831857.491989,177.52499994821846,8455,8460,0.4614800530123565,0.5036659013160262,1.4271244072761902,0.8650250849516495,3d gaze,-25.51681037640737,-24.132975975622877,477.30113138874657,831857.491989 831857.500059 831857.508128 831857.516197 831857.524267 831857.532336 831857.540405 831857.548475 831857.556544 831857.564613 831857.572682 831857.580752 831857.588821 831857.59689 831857.60496 831857.613029 831857.621098 831857.629167 831857.637237 831857.645306 831857.653375 831857.661445 831857.669514
137,831857.70986,129.109000088647,8461,8465,0.4707519556168491,0.5084076882100229,1.1419662723366055,0.8620937817236957,3d gaze,-18.15694544250094,-25.920466434928176,472.6035745767042,831857.70986 831857.71793 831857.725999 831857.734068 831857.742138 831857.750207 831857.758276 831857.766346 831857.774415 831857.782484 831857.790553 831857.798623 831857.806692 831857.814761 831857.822831 831857.8309 831857.838969
138,831857.847039,80.69199998863041,8465,8468,0.4792087063175509,0.5176520158029887,1.3947278543205852,0.8919632326472889,3d gaze,-11.624583388761039,-29.704655202483856,469.53647987446453,831857.847039 831857.855108 831857.863177 831857.871246 831857.879316 831857.887385 831857.895454 831857.903524 831857.911593 831857.919662 831857.927731
139,831858.000355,112.97000001650304,8470,8473,0.4929336976307742,0.5234923464410035,1.0580671085745166,0.9373866200447083,3d gaze,-1.2081273918402038,-31.668745053655023,461.8513094325504,831858.000355 831858.008424 831858.016494 831858.024563 831858.032632 831858.040702 831858.048771 831858.05684 831858.06491 831858.072979 831858.081048 831858.089117 831858.097187 831858.105256 831858.113325
140,831858.153672,88.76199997030199,8475,8477,0.47913854297775643,0.5139608296195958,1.3446013876085434,0.902415469288826,3d gaze,-11.652311251900713,-28.06200199323689,468.5838811888293,831858.153672 831858.161741 831858.16981 831858.17788 831858.185949 831858.194018 831858.202088 831858.210157 831858.218226 831858.226295 831858.234365 831858.242434
141,831858.250503,112.97100002411753,8477,8481,0.4884210466020034,0.5294484909408849,1.306845927955004,0.9157395601272583,3d gaze,-4.63608946736767,-34.54104613515302,466.4914472438576,831858.250503 831858.258573 831858.266642 831858.274711 831858.282781 831858.29085 831858.298919 831858.306988 831858.315058 831858.323127 831858.331196 831858.339266 831858.347335 831858.355404 831858.363474
142,831858.371543,137.1780000627041,8481,8485,0.4849825806818241,0.5160315531393325,1.4636041159736501,0.9034725262059106,3d gaze,-7.197698594863131,-28.73451063795023,465.2402813474438,831858.371543 831858.379612 831858.387681 831858.395751 831858.40382 831858.411889 831858.419959 831858.428028 831858.436097 831858.444166 831858.452236 831858.460305 831858.468374 831858.476444 831858.484513 831858.492582 831858.500652 831858.508721
143,831858.573275,80.69299999624491,8487,8489,0.4782378573763461,0.5397504344663417,1.409543940460846,0.9456955953077837,3d gaze,-12.567014690163065,-39.726923156497385,476.0673265152958,831858.573275 831858.581345 831858.589414 831858.597483 831858.605552 831858.613622 831858.621691 831858.62976 831858.63783 831858.645899 831858.653968
144,831859.154265,96.83099994435906,8504,8507,0.48014985762093515,0.5573744942225377,1.1198793804555682,0.9204253279245816,3d gaze,-11.184771905430798,-47.77312106665985,479.50943553187057,831859.154265 831859.162334 831859.170403 831859.178473 831859.186542 831859.194611 831859.20268 831859.21075 831859.218819 831859.226888 831859.234958 831859.243027 831859.251096
145,831859.864363,96.83099994435906,8526,8528,0.46802685904056407,0.5273795144553677,1.28799163986966,0.911902904510498,3d gaze,-20.59105047911036,-34.6502851923198,480.04933668437934,831859.864363 831859.872432 831859.880501 831859.888571 831859.89664 831859.904709 831859.912779 831859.920848 831859.928917 831859.936987 831859.945056 831859.953125 831859.961194
146,831860.033818,104.90100004244596,8531,8534,0.48602978220059695,0.5163065197307396,1.1660954413781806,0.9464575478008815,3d gaze,-6.392076845682624,-28.847864597399596,465.09569506298783,831860.033818 831860.041887 831860.049957 831860.058026 831860.066095 831860.074165 831860.082234 831860.090303 831860.098372 831860.106442 831860.114511 831860.12258 831860.13065 831860.138719
147,831860.413075,129.1089999722317,8542,8546,0.47539923926152244,0.5187807624181898,1.4881816234034777,0.7974573276211288,3d gaze,-14.636572403875686,-30.398086645754656,472.86772148437734,831860.413075 831860.46956 831860.477629 831860.485699 831860.493768 831860.501837 831860.509907 831860.517976 831860.526045 831860.534114 831860.542184
148,831860.751986,177.5240000570193,8552,8557,0.47894363952991165,0.4852585640168301,1.1683691754949852,0.8102366172749064,3d gaze,-11.612390031232236,-15.567578730757626,461.30163449731134,831860.751986 831860.760055 831860.768124 831860.776193 831860.784263 831860.792332 831860.800401 831860.808471 831860.81654 831860.824609 831860.832678 831860.840748 831860.848817 831860.856886 831860.864956 831860.873025 831860.881094 831860.889164 831860.897233 831860.905302 831860.913371 831860.921441 831860.92951
149,831860.969857,145.24699992034584,8559,8563,0.46855434568876536,0.5142033410691391,1.2548337713018125,0.8315525211785969,3d gaze,-20.005400255799625,-28.646879110587154,476.2327261698171,831860.969857 831860.977926 831860.985995 831860.994064 831861.002134 831861.010203 831861.018272 831861.026342 831861.034411 831861.04248 831861.050549 831861.058619 831861.066688 831861.074757 831861.082827 831861.090896 831861.098965 831861.107035 831861.115104
150,831861.171589,121.03899999056011,8565,8568,0.4578025198115068,0.5140661221714968,1.0406514969994498,0.8256472817489079,3d gaze,-28.716318821083615,-29.028664738095397,483.14619164324375,831861.171589 831861.187728 831861.203866 831861.211935 831861.220005 831861.228074 831861.236143 831861.244213 831861.252282 831861.260351 831861.268421 831861.27649 831861.284559 831861.292628
151,831861.316836,169.4560000905767,8569,8574,0.46055652659366036,0.5033725096423393,0.7295731763053626,0.8091092081297011,3d gaze,-26.27013726813388,-24.05662725919938,478.40856549597993,831861.316836 831861.324906 831861.332975 831861.341044 831861.349113 831861.357183 831861.365252 831861.373321 831861.381391 831861.38946 831861.397529 831861.405599 831861.413668 831861.421737 831861.429806 831861.437876 831861.445945 831861.454014 831861.470153 831861.478222 831861.486292
152,831861.809063,161.38599999248981,8584,8588,0.46282820499824107,0.48483926609846906,1.412229024671755,0.837660833408958,3d gaze,-24.162104619966037,-15.753028312674072,471.60735112465755,831861.809063 831861.817133 831861.825202 831861.833271 831861.841341 831861.84941 831861.857479 831861.865548 831861.881687 831861.897826 831861.905895 831861.913964 831861.922034 831861.930103 831861.938172 831861.946241 831861.954311 831861.96238 831861.970449
153,831861.978519,104.90100004244596,8589,8592,0.47183519695098564,0.4976814964155575,0.9246683749212495,0.8205095316682544,3d gaze,-17.216455875999735,-21.156594342714243,469.44304173310167,831861.978519 831861.986588 831861.994657 831862.002727 831862.010796 831862.018865 831862.026934 831862.035004 831862.043073 831862.051142 831862.059212 831862.067281 831862.07535 831862.08342
154,831862.817726,88.76199997030199,8614,8616,0.4676398812732227,0.444829374978495,1.2211075096431052,0.7826132426659266,3d gaze,-19.831393466505464,1.3583178752850529,456.5300811148447,831862.817726 831862.825795 831862.833864 831862.841933 831862.850003 831862.858072 831862.866141 831862.874211 831862.88228 831862.890349 831862.898419 831862.906488
155,831864.060397,80.69299999624491,8651,8653,0.442956327104636,0.43915806678511005,1.2613810765624653,0.9940203861756758,3d gaze,-39.21560487215741,3.807954411612849,470.11056961607443,831864.060397 831864.068467 831864.076536 831864.084605 831864.092675 831864.100744 831864.108813 831864.116882 831864.124952 831864.133021 831864.14109
156,831864.439654,88.76299997791648,8662,8665,0.5195646255147552,0.4559608751295028,1.4013941252843685,0.9922449837128321,3d gaze,17.1606543333935,-3.0453081974266376,425.2500183698972,831864.439654 831864.447724 831864.455793 831864.463862 831864.471931 831864.480001 831864.48807 831864.496139 831864.504209 831864.512278 831864.520347 831864.528417
157,831864.633317,96.83199995197356,8668,8671,0.46850610369067536,0.4256598985078487,0.7160447295079706,1.0,3d gaze,-18.901191653659076,9.169021789474753,450.04376243417624,831864.633317 831864.641387 831864.649456 831864.657525 831864.665595 831864.673664 831864.681733 831864.689803 831864.697872 831864.705941 831864.71401 831864.72208 831864.730149
158,831864.818911,96.83199995197356,8673,8676,0.45307407015277634,0.3618127458849845,1.4776250576737742,0.9960848643229558,3d gaze,-29.474560535635966,34.513084867536904,438.7232541178621,831864.818911 831864.826981 831864.83505 831864.843119 831864.851188 831864.859258 831864.867327 831864.875396 831864.883466 831864.891535 831864.899604 831864.907674 831864.915743
159,831865.020644,104.90099992603064,8679,8683,0.44571486081244843,0.4804387843345584,1.354345054840373,0.8339352139404842,3d gaze,-37.969784729261654,-14.158754024905189,480.89419056089895,831865.020644 831865.028713 831865.036782 831865.044852 831865.052921 831865.06099 831865.069059 831865.077129 831865.085198 831865.093267 831865.101337 831865.109406 831865.117475 831865.125545
160,831865.214307,80.69299999624491,8685,8688,0.4476081395103979,0.5089495921118972,1.454377065987532,0.8221745003353466,3d gaze,-37.072705039846674,-27.09120147481509,487.9026213559035,831865.214307 831865.222376 831865.230445 831865.238515 831865.246584 831865.254653 831865.262723 831865.270792 831865.278861 831865.286931 831865.295
161,831865.303069,88.76199997030199,8688,8690,0.43346801270119995,0.5243241098094079,1.4785711228174645,0.8121454228054393,3d gaze,-49.65304167790277,-34.873662665169576,500.8718061252624,831865.303069 831865.311138 831865.327277 831865.335346 831865.343416 831865.351485 831865.359554 831865.367623 831865.375693 831865.383762 831865.391831
162,831865.496732,80.69299999624491,8694,8696,0.5462336090944864,0.5053281475119674,1.2171213930227,0.8838575373996388,3d gaze,35.11935453230193,-21.898861332660722,419.83147919887307,831865.496732 831865.504802 831865.512871 831865.52094 831865.529009 831865.537079 831865.545148 831865.553217 831865.561287 831865.569356 831865.577425
163,831865.771088,129.1089999722317,8702,8706,0.4386478536566888,0.5222017964751345,0.9536235098976881,0.798424482345581,3d gaze,-45.03363001321641,-33.61658529037463,497.00285432156295,831865.771088 831865.779158 831865.803366 831865.811435 831865.819504 831865.827573 831865.835643 831865.843712 831865.859851 831865.86792 831865.875989 831865.884059 831865.892128 831865.900197
164,831866.150345,104.90100004244596,8713,8716,0.4485601070850548,0.4997930509146516,1.4633778260468107,0.8688337160990789,3d gaze,-36.04175967514532,-22.822987592908476,484.5716685963561,831866.150345 831866.158415 831866.174553 831866.182623 831866.190692 831866.198761 831866.20683 831866.2149 831866.222969 831866.231038 831866.239108 831866.247177 831866.255246
165,831867.029899,80.69299999624491,8739,8742,0.6949428102997797,0.8058637827872842,1.418906084629851,1.0,3d gaze,126.95666910002227,-127.69165452506905,352.86636159827617,831867.029899 831867.037968 831867.046037 831867.054107 831867.062176 831867.070245 831867.078314 831867.086384 831867.094453 831867.102522 831867.110592
166,831867.1348,80.69299999624491,8743,8745,0.6969430531259977,0.8143565299871004,1.468134648019977,1.0,3d gaze,128.3557133743878,-130.84663381476196,351.7616959377004,831867.1348 831867.142869 831867.150938 831867.159008 831867.167077 831867.175146 831867.183215 831867.191285 831867.199354 831867.207423 831867.215493
167,831867.223562,185.59400003869087,8745,8751,0.7017946734070567,0.8129354606798085,1.0769704137052079,1.0,3d gaze,130.2037703655399,-129.08672111365948,347.5305460727731,831867.223562 831867.231631 831867.2397 831867.24777 831867.255839 831867.263908 831867.271978 831867.280047 831867.288116 831867.296186 831867.304255 831867.312324 831867.320393 831867.328463 831867.336532 831867.344601 831867.352671 831867.36074 831867.368809 831867.376878 831867.384948 831867.393017 831867.401086 831867.409156
168,831867.425294,217.871000058949,8751,8758,0.6892358774122437,0.7982279299032369,1.4363308495572682,0.9999832361936569,3d gaze,124.09784886508389,-125.69553559707379,357.12699807168696,831867.425294 831867.433364 831867.441433 831867.449502 831867.457571 831867.465641 831867.47371 831867.481779 831867.489849 831867.497918 831867.505987 831867.514057 831867.522126 831867.530195 831867.538264 831867.546334 831867.554403 831867.562472 831867.570542 831867.578611 831867.58668 831867.594749 831867.602819 831867.610888 831867.618957 831867.627027 831867.635096 831867.643165
169,831867.651235,137.17799994628876,8758,8762,0.6902759103774653,0.7892608154674141,0.9956408277208895,1.0,3d gaze,123.83368475932613,-121.55782217980692,355.2918391439226,831867.651235 831867.659304 831867.667373 831867.675442 831867.683512 831867.691581 831867.69965 831867.70772 831867.715789 831867.723858 831867.731928 831867.739997 831867.748066 831867.756135 831867.764205 831867.772274 831867.780343 831867.788413
170,831867.852967,129.1089999722317,8764,8768,0.6706318426190615,0.7373556928262088,1.4964516340884952,1.0,3d gaze,111.93279998891683,-103.55118642193047,366.21446623916427,831867.852967 831867.861036 831867.869106 831867.877175 831867.885244 831867.893313 831867.901383 831867.909452 831867.917521 831867.925591 831867.93366 831867.941729 831867.949799 831867.957868 831867.965937 831867.974006 831867.982076
171,831867.990145,80.69299999624491,8768,8770,0.6653143405691968,0.7303173423905207,1.2355820615089057,1.0,3d gaze,109.12265166256624,-101.56340329480912,369.77666142952427,831867.990145 831867.998214 831868.006284 831868.014353 831868.022422 831868.030492 831868.038561 831868.04663 831868.054699 831868.062769 831868.070838
172,831868.086977,96.83099994435906,8771,8774,0.6944474343795216,0.7405385499253027,1.4109582506877056,1.0,3d gaze,121.96303703560554,-100.49509187106975,346.7859604037846,831868.086977 831868.095046 831868.103115 831868.111185 831868.119254 831868.127323 831868.135392 831868.143462 831868.151531 831868.1596 831868.16767 831868.175739 831868.183808
173,831868.442026,80.69299999624491,8782,8784,0.691733215349028,0.7269297213756969,0.8782079254674332,0.9972183866934343,3d gaze,119.95088275316795,-95.52198153020223,347.4795327135703,831868.442026 831868.450095 831868.458164 831868.466234 831868.474303 831868.482372 831868.490442 831868.498511 831868.50658 831868.514649 831868.522719
174,831868.563065,80.69299999624491,8785,8788,0.691847634245775,0.8112635079409025,1.4957147973632465,1.0,3d gaze,125.92945330823932,-130.56255750094135,355.4391178481506,831868.563065 831868.571134 831868.579204 831868.587273 831868.595342 831868.603412 831868.611481 831868.61955 831868.62762 831868.635689 831868.643758
175,831868.651827,161.38599999248981,8788,8793,0.6833803800563739,0.811382561844402,1.418532351950694,1.0,3d gaze,122.36966475668343,-132.58266620182664,362.64025227617924,831868.651827 831868.659897 831868.667966 831868.676035 831868.684105 831868.692174 831868.700243 831868.708313 831868.716382 831868.724451 831868.73252 831868.74059 831868.748659 831868.756728 831868.764798 831868.772867 831868.780936 831868.789006 831868.797075 831868.805144 831868.813213
176,831868.829352,80.69299999624491,8793,8795,0.6774085335570921,0.7860611131124998,1.4167668160000086,0.9998214190656488,3d gaze,118.08880285232013,-122.90786510404399,365.6118940906818,831868.829352 831868.837421 831868.845491 831868.85356 831868.861629 831868.869699 831868.877768 831868.885837 831868.893906 831868.901976 831868.910045
177,831868.918114,217.87099994253367,8796,8802,0.676227738090014,0.7747864700131072,1.2700914975467865,1.0,3d gaze,116.81710530030146,-118.30756165614378,365.56528360721916,831868.918114 831868.926184 831868.934253 831868.942322 831868.950391 831868.958461 831868.96653 831868.974599 831868.982669 831868.990738 831868.998807 831869.006877 831869.014946 831869.023015 831869.031084 831869.039154 831869.047223 831869.055292 831869.063362 831869.071431 831869.0795 831869.08757 831869.095639 831869.103708 831869.111777 831869.119847 831869.127916 831869.135985
178,831869.144055,80.69299999624491,8802,8805,0.6805055125020225,0.7727172332443705,1.2573710525088542,0.9960007288239219,3d gaze,118.53105022190783,-116.52526306130007,361.76611892670263,831869.144055 831869.152124 831869.160193 831869.168263 831869.176332 831869.184401 831869.19247 831869.20054 831869.208609 831869.216678 831869.224748
179,831869.248955,96.83200006838888,8806,8808,0.6914393148285167,0.8027352443723855,1.4308253512494595,0.9994822006959182,3d gaze,125.1633266706698,-126.96524868427542,355.1226602918466,831869.248955 831869.257025 831869.265094 831869.273163 831869.281233 831869.289302 831869.297371 831869.305441 831869.31351 831869.321579 831869.329648 831869.337718 831869.345787
180,831869.353856,217.87099994253367,8809,8815,0.6965068835881593,0.8077322261529701,1.02639977374025,0.999796735388892,3d gaze,127.56738940644956,-127.93554092879585,351.2118642199036,831869.353856 831869.361926 831869.369995 831869.378064 831869.386134 831869.394203 831869.402272 831869.410341 831869.418411 831869.42648 831869.434549 831869.442619 831869.450688 831869.458757 831869.466827 831869.474896 831869.482965 831869.491034 831869.499104 831869.507173 831869.515242 831869.523312 831869.531381 831869.53945 831869.547519 831869.555589 831869.563658 831869.571727
181,831869.579797,169.4549999665469,8815,8821,0.7069449523746822,0.8190100448041089,1.4472569620679818,0.9984779059886932,3d gaze,132.45376097717033,-130.27009914612302,343.07691910705637,831869.579797 831869.587866 831869.595935 831869.604005 831869.612074 831869.620143 831869.628212 831869.636282 831869.644351 831869.65242 831869.66049 831869.668559 831869.676628 831869.684697 831869.692767 831869.700836 831869.708905 831869.716975 831869.725044 831869.733113 831869.741183 831869.749252
182,831869.829945,112.97000001650304,8823,8826,0.692891272793736,0.8123695955589763,1.4151481482551669,1.0,3d gaze,126.40020711851494,-130.75353051499712,354.58919054424734,831869.829945 831869.838014 831869.846083 831869.854153 831869.862222 831869.870291 831869.878361 831869.88643 831869.894499 831869.902569 831869.910638 831869.918707 831869.926776 831869.934846 831869.942915
183,831869.959054,80.69299999624491,8827,8829,0.6967320171596786,0.8074828052770925,0.7209836336945203,0.999453604221344,3d gaze,127.62837797252888,-127.76381941172805,350.9733042101115,831869.959054 831869.967123 831869.975192 831869.983262 831869.991331 831869.9994 831870.007469 831870.015539 831870.023608 831870.031677 831870.039747
184,831870.063954,129.1089999722317,8830,8834,0.6523384000892444,0.7975947821140358,1.1849392050552767,0.9996613439391641,3d gaze,107.12487393542091,-133.62382610481723,387.74859450447434,831870.063954 831870.072024 831870.080093 831870.088162 831870.096232 831870.104301 831870.11237 831870.12044 831870.128509 831870.136578 831870.144647 831870.152717 831870.160786 831870.168855 831870.176925 831870.184994 831870.193063
185,831870.201132,153.31700001843274,8834,8839,0.6445169137191034,0.7901029083238755,1.0424029444080647,1.0,3d gaze,102.75759299175729,-131.98217557932728,393.6263263691293,831870.201132 831870.209202 831870.217271 831870.22534 831870.23341 831870.241479 831870.249548 831870.257618 831870.265687 831870.273756 831870.281826 831870.289895 831870.297964 831870.306033 831870.314103 831870.322172 831870.330241 831870.338311 831870.34638 831870.354449
186,831870.467419,161.38599999248981,8842,8847,0.6955082187846187,0.7950185162316976,1.3687422925602535,1.0,3d gaze,126.25968878888963,-122.75011303513479,351.05122946975837,831870.467419 831870.475489 831870.483558 831870.491627 831870.499696 831870.507766 831870.515835 831870.523904 831870.531974 831870.540043 831870.548112 831870.556182 831870.564251 831870.57232 831870.580389 831870.588459 831870.596528 831870.604597 831870.612667 831870.620736 831870.628805
187,831870.636875,217.871000058949,8847,8854,0.7044228807652092,0.8049196052630406,1.0343941974548891,1.0,3d gaze,130.45756484917578,-124.9167199561266,344.2545221354747,831870.636875 831870.644944 831870.653013 831870.661082 831870.669152 831870.677221 831870.68529 831870.69336 831870.701429 831870.709498 831870.717568 831870.725637 831870.733706 831870.741775 831870.749845 831870.757914 831870.765983 831870.774053 831870.782122 831870.790191 831870.79826 831870.80633 831870.814399 831870.822468 831870.830538 831870.838607 831870.846676 831870.854746
188,831870.862815,153.31700001843274,8854,8858,0.7045529634865042,0.80801306418122,1.4806295465564108,1.0,3d gaze,130.73016469966979,-126.1897340938333,344.35394084845615,831870.862815 831870.870884 831870.878953 831870.887023 831870.895092 831870.903161 831870.911231 831870.9193 831870.927369 831870.935439 831870.943508 831870.951577 831870.959646 831870.967716 831870.975785 831870.983854 831870.991924 831870.999993 831871.008062 831871.016132
189,831871.048409,104.90099992603064,8859,8862,0.7195483470301542,0.8249325904110947,1.3472476827719808,1.0,3d gaze,137.53153890757835,-129.7541397126686,332.6489422337623,831871.048409 831871.056478 831871.064547 831871.072617 831871.080686 831871.088755 831871.096824 831871.104894 831871.112963 831871.121032 831871.129102 831871.137171 831871.14524 831871.15331
190,831871.161379,217.87099994253367,8863,8869,0.715613100926781,0.8082436422875714,1.320695477082601,1.0,3d gaze,134.8605907834029,-123.75519386309385,334.9820002242369,831871.161379 831871.169448 831871.177517 831871.185587 831871.193656 831871.201725 831871.209795 831871.217864 831871.225933 831871.234003 831871.242072 831871.250141 831871.25821 831871.26628 831871.274349 831871.282418 831871.290488 831871.298557 831871.306626 831871.314696 831871.322765 831871.330834 831871.338903 831871.346973 831871.355042 831871.363111 831871.371181 831871.37925
191,831871.387319,88.76199997030199,8869,8872,0.7236840165862016,0.8109146350532014,1.2627989835298448,1.0,3d gaze,137.92274714879719,-122.99728030608823,328.29366185294015,831871.387319 831871.395389 831871.403458 831871.411527 831871.419596 831871.427666 831871.435735 831871.443804 831871.451874 831871.459943 831871.468012 831871.476081
192,831871.500289,217.871000058949,8873,8879,0.7017587614135872,0.8033558078243982,1.4227863841288397,1.0,3d gaze,129.31409631739126,-124.86943070139787,346.4022299036136,831871.500289 831871.508359 831871.516428 831871.524497 831871.532567 831871.540636 831871.548705 831871.556774 831871.564844 831871.572913 831871.580982 831871.589052 831871.597121 831871.60519 831871.61326 831871.621329 831871.629398 831871.637467 831871.645537 831871.653606 831871.661675 831871.669745 831871.677814 831871.685883 831871.693953 831871.702022 831871.710091 831871.71816
193,831871.72623,137.17799994628876,8880,8884,0.7044220821350169,0.8136910939688345,0.8285075598724199,1.0,3d gaze,131.0911448724975,-128.6029049603425,344.84008232543897,831871.72623 831871.734299 831871.742368 831871.750438 831871.758507 831871.766576 831871.774645 831871.782715 831871.790784 831871.798853 831871.806923 831871.814992 831871.823061 831871.831131 831871.8392 831871.847269 831871.855338 831871.863408
194,831871.960239,177.52499994821846,8887,8892,0.7680268550721188,0.881311221933337,1.3849899786243076,1.0,3d gaze,157.17601082314894,-140.23553920634183,292.7786632606776,831871.960239 831871.968309 831871.976378 831871.984447 831871.992517 831872.000586 831872.008655 831872.016724 831872.024794 831872.032863 831872.040932 831872.049002 831872.057071 831872.06514 831872.073209 831872.081279 831872.089348 831872.097417 831872.105487 831872.121625 831872.129695 831872.137764
195,831872.145833,201.73299999441952,8892,8898,0.7770176174164141,0.8817199648996302,1.4809219264563245,0.9997870073868678,3d gaze,159.55132255948814,-137.95387791006016,285.0391446663765,831872.145833 831872.153902 831872.161972 831872.170041 831872.17811 831872.18618 831872.194249 831872.202318 831872.210388 831872.218457 831872.226526 831872.234595 831872.242665 831872.250734 831872.258803 831872.266873 831872.274942 831872.283011 831872.291081 831872.29915 831872.307219 831872.315288 831872.323358 831872.331427 831872.339496 831872.347566
196,831872.355635,88.76199997030199,8898,8901,0.790032620145694,0.8927832092737313,1.186826308237105,1.0,3d gaze,163.59355356062994,-138.68417342508133,273.8263120672338,831872.355635 831872.363704 831872.371774 831872.379843 831872.387912 831872.395981 831872.404051 831872.41212 831872.420189 831872.428259 831872.436328 831872.444397
197,831873.162565,169.4549999665469,8922,8927,0.5521770671008838,0.9641862867620369,1.4889149216502962,0.7545514967706468,3d gaze,49.04872899375479,-247.4178126259012,468.8793204700703,831873.162565 831873.170634 831873.202911 831873.21098 831873.21905 831873.267465 831873.307812 831873.323951 831873.33202
198,831873.396574,129.1089999722317,8929,8933,0.5548791896691749,0.9486753084763342,0.0985502595775827,0.7340253442525864,3d gaze,50.79135463267163,-237.36323911726868,467.178578674151,831873.396574 831873.469198 831873.501475 831873.525683
199,831875.728601,177.52499994821846,8995,9000,0.46107704759406437,0.6503014434663352,1.2710167666529033,0.8522549193838368,3d gaze,-28.006485810268693,-95.26529285736886,510.35092947095984,831875.728601 831875.73667 831875.74474 831875.752809 831875.760878 831875.768948 831875.777017 831875.785086 831875.793156 831875.801225 831875.809294 831875.817363 831875.825433 831875.833502 831875.841571 831875.849641 831875.85771 831875.865779 831875.873848 831875.881918 831875.889987 831875.898056 831875.906126
200,831876.091719,121.03999999817461,9006,9009,0.4644577793280564,0.625675665341742,1.4515243462511072,0.8481402136385441,3d gaze,-24.726172187772526,-82.12972727161115,502.9335254094195,831876.091719 831876.099789 831876.107858 831876.115927 831876.123997 831876.132066 831876.140135 831876.148205 831876.156274 831876.164343 831876.172412 831876.180482 831876.188551 831876.19662 831876.20469 831876.212759
201,831876.220828,96.83199995197356,9010,9013,0.4647908232684224,0.6597876215469238,1.4000700973962295,0.8864391354414133,3d gaze,-24.895469173931858,-99.75564715789659,509.7986908676367,831876.220828 831876.228898 831876.236967 831876.245036 831876.253105 831876.261175 831876.269244 831876.277313 831876.285383 831876.293452 831876.301521 831876.309591 831876.31766
202,831876.398353,88.76199997030199,9015,9018,0.44720777747612317,0.607891826483339,1.4305643089754994,0.8737251857916514,3d gaze,-39.42189902823888,-74.89138722121339,510.11311742245766,831876.398353 831876.406422 831876.414491 831876.422561 831876.43063 831876.438699 831876.446769 831876.454838 831876.462907 831876.470976 831876.479046 831876.487115
203,831876.527462,104.89999991841614,9019,9022,0.4583344941781903,0.605421612873162,1.375875588703005,0.8656922195638929,3d gaze,-29.64965745217797,-72.52873799660959,502.4103805955416,831876.527462 831876.535531 831876.5436 831876.551669 831876.559739 831876.567808 831876.575877 831876.583947 831876.592016 831876.600085 831876.608154 831876.616224 831876.624293 831876.632362
204,831876.640432,153.31600001081824,9022,9027,0.4582128553822118,0.5820290750106671,1.267470300968945,0.8649821162223816,3d gaze,-29.34902079987122,-60.91761453651659,497.0180191110218,831876.640432 831876.648501 831876.65657 831876.66464 831876.672709 831876.680778 831876.688847 831876.696917 831876.704986 831876.713055 831876.721125 831876.729194 831876.737263 831876.745333 831876.753402 831876.761471 831876.76954 831876.77761 831876.785679 831876.793748
205,831876.850233,153.31700001843274,9028,9033,0.45159451244477244,0.5956006184198082,1.378439636723607,0.9090975642204284,3d gaze,-35.3024871301839,-68.2666555856317,504.5877647698124,831876.850233 831876.858303 831876.866372 831876.874441 831876.882511 831876.89058 831876.898649 831876.906718 831876.914788 831876.922857 831876.930926 831876.938996 831876.947065 831876.955134 831876.963204 831876.971273 831876.979342 831876.987411 831876.995481 831877.00355
206,831877.011619,153.31700001843274,9033,9038,0.4466882193144407,0.6021431516807165,0.9604749562633039,0.9078379690647125,3d gaze,-39.7441087940095,-72.03495827229216,509.2510931738196,831877.011619 831877.019689 831877.027758 831877.035827 831877.043897 831877.051966 831877.060035 831877.068104 831877.076174 831877.084243 831877.092312 831877.100382 831877.108451 831877.11652 831877.12459 831877.132659 831877.140728 831877.148797 831877.156867 831877.164936
207,831877.23756,80.69299999624491,9040,9042,0.449175237734559,0.5759442446092302,0.758899988769104,0.9586950811472806,3d gaze,-36.97865129255466,-58.679033925052416,501.3853447305279,831877.23756 831877.245629 831877.253698 831877.261768 831877.269837 831877.277906 831877.285975 831877.294045 831877.302114 831877.310183 831877.318253
208,831877.358599,217.87099994253367,9044,9050,0.44321276366196344,0.5946656769221217,1.3711903318531433,0.9048196162496295,3d gaze,-42.65459270465458,-68.58134065112806,509.6650953649578,831877.358599 831877.366668 831877.374738 831877.382807 831877.390876 831877.398946 831877.407015 831877.415084 831877.423154 831877.431223 831877.439292 831877.447361 831877.455431 831877.4635 831877.471569 831877.479639 831877.487708 831877.495777 831877.503846 831877.511916 831877.519985 831877.528054 831877.536124 831877.544193 831877.552262 831877.560332 831877.568401 831877.57647
209,831877.584539,129.109000088647,9050,9054,0.4542306632861621,0.6002697793502272,1.1594921390650175,0.9031903042512781,3d gaze,-33.10027754980418,-70.34794613740021,503.9988984343032,831877.584539 831877.592609 831877.600678 831877.608747 831877.616817 831877.624886 831877.632955 831877.641025 831877.649094 831877.657163 831877.665232 831877.673302 831877.681371 831877.68944 831877.69751 831877.705579 831877.713648
210,831877.737856,217.871000058949,9055,9061,0.47257474942829714,0.6065041794084183,1.321221330328239,0.8873416589839118,3d gaze,-17.7104733143139,-71.81447921612278,494.4589058414945,831877.737856 831877.745925 831877.753995 831877.762064 831877.770133 831877.778203 831877.786272 831877.794341 831877.80241 831877.81048 831877.818549 831877.826618 831877.834688 831877.842757 831877.850826 831877.858896 831877.866965 831877.875034 831877.883103 831877.891173 831877.899242 831877.907311 831877.915381 831877.92345 831877.931519 831877.939589 831877.947658 831877.955727
211,831877.963796,177.52499994821846,9062,9067,0.4735389088213198,0.5877449466853735,0.9842664213152484,0.881307752236076,3d gaze,-16.7011566834797,-62.52014921839709,489.4638344306318,831877.963796 831877.971866 831877.979935 831877.988004 831877.996074 831878.004143 831878.012212 831878.020282 831878.028351 831878.03642 831878.044489 831878.052559 831878.060628 831878.068697 831878.076767 831878.084836 831878.092905 831878.100975 831878.109044 831878.117113 831878.125182 831878.133252 831878.141321
212,831878.230083,80.69299999624491,9070,9072,0.44947958851449565,0.5900198155245507,0.9338167553423428,0.8376157825643366,3d gaze,-37.106009965919256,-65.78810349662439,505.71845087284765,831878.230083 831878.238153 831878.246222 831878.254291 831878.26236 831878.27043 831878.278499 831878.286568 831878.294638 831878.302707 831878.310776
213,831878.318846,88.76199997030199,9072,9075,0.43917468685553174,0.5837040941365269,1.1879742802913347,0.8786513209342957,3d gaze,-46.07095751838648,-63.5222666235533,510.6671809381165,831878.318846 831878.326915 831878.334984 831878.343053 831878.351123 831878.359192 831878.367261 831878.375331 831878.3834 831878.391469 831878.399539 831878.407608
214,831878.464093,129.1089999722317,9077,9080,0.4714335093146841,0.5778903593797708,1.2568906419442496,0.907032443635604,3d gaze,-18.341720907385174,-57.95317017242411,488.4879219408803,831878.464093 831878.472162 831878.480231 831878.488301 831878.49637 831878.504439 831878.512509 831878.520578 831878.528647 831878.536717 831878.544786 831878.552855 831878.560924 831878.568994 831878.577063 831878.585132 831878.593202
215,831878.673895,169.4549999665469,9083,9088,0.45042264323304676,0.554351821514627,1.160379336065545,0.9602796381170099,3d gaze,-35.544699183131236,-48.19736428658218,496.39187422263893,831878.673895 831878.681964 831878.690033 831878.698102 831878.706172 831878.714241 831878.72231 831878.73038 831878.738449 831878.746518 831878.754588 831878.762657 831878.770726 831878.778795 831878.786865 831878.794934 831878.803003 831878.811073 831878.819142 831878.827211 831878.835281 831878.84335
216,831878.924043,80.69299999624491,9090,9093,0.4448007820243294,0.5651760793419733,0.6689551258754186,0.9852471893483942,3d gaze,-40.638578870239265,-53.85606048869172,502.77367973957394,831878.924043 831878.932112 831878.940181 831878.948251 831878.95632 831878.964389 831878.972459 831878.980528 831878.988597 831878.996666 831879.004736
217,831879.609933,88.76199997030199,9111,9113,0.6430263507554047,0.8282476365076538,1.203103765996935,0.9996662735939026,3d gaze,103.90092912901319,-149.82907096503516,397.2651830144325,831879.609933 831879.618002 831879.626072 831879.634141 831879.64221 831879.65028 831879.658349 831879.666418 831879.674487 831879.682557 831879.690626 831879.698695
218,831880.610526,80.69299999624491,9141,9143,0.47149520370877057,0.5901054810764685,1.307153293968328,0.8612020828507163,3d gaze,-18.455039334021954,-64.04440152642746,492.75077666417013,831880.610526 831880.618595 831880.626665 831880.634734 831880.642803 831880.650872 831880.658942 831880.667011 831880.67508 831880.68315 831880.691219
219,831881.732158,80.69299999624491,9174,9177,0.4253737025148729,0.7906025041248764,1.2369239148714992,0.7580709186467257,3d gaze,-65.42159736006215,-182.38649051077115,556.4279027042086,831881.732158 831881.740228 831881.748297 831881.756366 831881.764435 831881.772505 831881.780574 831881.788643 831881.796713 831881.804782 831881.812851
220,831881.820921,80.69199998863041,9177,9179,0.41296036658534285,0.8211474907306117,1.3709553063124567,0.7660250609571283,3d gaze,-79.42669072750049,-204.49124070110813,565.8519196407665,831881.820921 831881.82899 831881.837059 831881.845128 831881.853198 831881.861267 831881.869336 831881.877406 831881.885475 831881.893544 831881.901613
221,831881.933891,96.83100006077439,9180,9183,0.4077869703778422,0.8624825566140499,0.41551643277947503,0.7544503957033157,3d gaze,-86.49628647971674,-232.60789642766636,570.5530066959357,831881.933891 831881.950029 831881.958099 831881.966168 831881.974237 831881.982306 831881.998445 831882.030722
222,831882.434187,80.69299999624491,9195,9196,0.4472298097134952,0.9832816519397459,1.3056289396295655,0.7842835187911987,3d gaze,-47.24160472302765,-300.7570437995819,545.0890323316738,831882.434187 831882.442256 831882.450326 831882.458395 831882.474534 831882.482603 831882.490672 831882.498741 831882.506811 831882.51488
223,831884.298791,88.759999955073,9250,9252,0.5965160708035206,0.03444266417884895,1.2857617629009628,0.7605538334808688,3d gaze,130.1789586512749,297.3657331920673,728.2401966464761,831884.298791 831884.30686 831884.314929 831884.331067 831884.339136 831884.347205 831884.355274 831884.363343 831884.371413 831884.387551
224,831884.669382,104.90100004244596,9261,9264,0.5015764420845203,0.5116844764936729,1.020767894830273,0.9009171554020473,3d gaze,5.134264560005387,-26.220198067053328,453.4778672715462,831884.669382 831884.677452 831884.685521 831884.69359 831884.70166 831884.709729 831884.717798 831884.725867 831884.733937 831884.742006 831884.750075 831884.758145 831884.766214 831884.774283
225,831885.379481,96.83099994435906,9282,9285,0.4886860948820558,0.6050749589660527,1.4936750141559503,0.8800654869813186,3d gaze,-4.623499175211171,-69.82740455676377,485.54148723135523,831885.379481 831885.38755 831885.395619 831885.403688 831885.411758 831885.419827 831885.427896 831885.435966 831885.444035 831885.452104 831885.460174 831885.468243 831885.476312
226,831886.65443,88.76199997030199,9320,9323,0.5105809314696921,0.5140245053291174,1.2775713466620564,0.9635058343410492,3d gaze,11.600449529843479,-26.849964891288483,448.0034692844397,831886.65443 831886.662499 831886.670568 831886.678637 831886.686707 831886.694776 831886.702845 831886.710915 831886.718984 831886.727053 831886.735122 831886.743192
227,831887.880963,88.76199997030199,9357,9359,0.5068703933822364,0.4506727926690742,1.1539726241648014,0.9849255234003067,3d gaze,8.619860936908575,-1.0179543503681547,433.9014141808355,831887.880963 831887.889032 831887.897101 831887.905171 831887.91324 831887.921309 831887.929379 831887.937448 831887.945517 831887.953586 831887.961656 831887.969725
228,831888.219873,88.76199997030199,9367,9369,0.4275487438188388,0.5165958277387134,0.932443285443153,0.9022928178310394,3d gaze,-54.79050500610547,-31.538657718924487,503.8125014722293,831888.219873 831888.227943 831888.236012 831888.244081 831888.25215 831888.26022 831888.268289 831888.276358 831888.284428 831888.292497 831888.300566 831888.308635
229,831888.324774,169.4549999665469,9370,9375,0.4280689718140626,0.5138297719296417,1.185940955715557,0.8441577526656064,3d gaze,-54.2424597090287,-30.203138821736285,502.7258067431716,831888.324774 831888.332843 831888.340913 831888.348982 831888.357051 831888.365121 831888.37319 831888.381259 831888.389328 831888.397398 831888.405467 831888.413536 831888.421606 831888.429675 831888.437744 831888.445813 831888.453883 831888.461952 831888.470021 831888.478091 831888.48616 831888.494229
230,831888.607199,80.69299999624491,9378,9381,0.43247707832754484,0.5242310906430285,0.4555825376306317,0.8719268657944419,3d gaze,-50.65120487229567,-34.98704635221523,502.97483792478573,831888.607199 831888.615269 831888.623338 831888.631407 831888.639477 831888.647546 831888.655615 831888.663684 831888.671754 831888.679823 831888.687892
231,831888.744378,88.76199997030199,9382,9385,0.4282450991856251,0.5320558082989376,0.3762418039100868,0.8766210277875265,3d gaze,-54.597933884703195,-38.93495487109194,506.9885096095115,831888.744378 831888.752447 831888.760516 831888.768585 831888.776655 831888.784724 831888.792793 831888.800863 831888.808932 831888.817001 831888.82507 831888.83314
232,831888.954179,80.69299999624491,9389,9391,0.4356852477395814,0.4141216870888057,1.4478756691004426,0.8090744072740729,3d gaze,-44.528660822839385,14.471691457258409,467.3324207481523,831888.954179 831888.962248 831888.970318 831888.978387 831888.986456 831888.994526 831889.002595 831889.010664 831889.018734 831889.026803 831889.034872
233,831889.042942,88.76200008671731,9391,9394,0.42723701275851206,0.4192380712918857,0.9888213407985659,0.8355418890714645,3d gaze,-51.70020074332044,12.474934009755282,473.9491630132646,831889.042942 831889.051011 831889.05908 831889.067149 831889.075219 831889.083288 831889.091357 831889.099427 831889.107496 831889.115565 831889.123634 831889.131704
234,831889.599723,96.83200006838888,9408,9411,0.426029285168009,0.49757221614245106,1.4663340005902992,0.8586230140465957,3d gaze,-55.41401763297409,-22.539337077819763,498.6452909801643,831889.599723 831889.607792 831889.615862 831889.623931 831889.632 831889.640069 831889.648139 831889.656208 831889.664277 831889.672347 831889.680416 831889.688485 831889.696555
235,831889.704624,137.17799994628876,9411,9415,0.42759782208993197,0.5014653275371155,0.3990022917162001,0.8242673277854919,3d gaze,-54.13888592933123,-24.302580052345718,498.6171888338157,831889.704624 831889.712693 831889.720762 831889.728832 831889.736901 831889.74497 831889.75304 831889.761109 831889.769178 831889.777248 831889.785317 831889.793386 831889.801455 831889.809525 831889.817594 831889.825663 831889.833733 831889.841802
236,831890.067742,104.90100004244596,9422,9425,0.41751267148004595,0.46922126177498774,1.0711377737229064,0.9083208569458553,3d gaze,-61.882339232659334,-9.568380691756458,494.9108996373793,831890.067742 831890.075812 831890.083881 831890.09195 831890.100019 831890.108089 831890.116158 831890.124227 831890.132297 831890.140366 831890.148435 831890.156505 831890.164574 831890.172643
237,831890.20492,88.76299997791648,9426,9429,0.41848087169469766,0.4203330176430526,1.366348321657565,0.8364271819591522,3d gaze,-59.14949294922596,12.137492732249719,478.99778661407737,831890.20492 831890.21299 831890.221059 831890.229128 831890.237197 831890.245267 831890.253336 831890.261405 831890.269475 831890.277544 831890.285613 831890.293683
238,831890.301752,88.76199997030199,9429,9432,0.4194132669962969,0.4439545481510159,0.673988908840732,0.8979675670464834,3d gaze,-59.24209229127725,1.8354783190812636,486.0247119396152,831890.301752 831890.309821 831890.31789 831890.32596 831890.334029 831890.342098 831890.350168 831890.358237 831890.366306 831890.374376 831890.382445 831890.390514
239,831890.422791,137.1780000627041,9432,9437,0.42081298875083034,0.46066397392468955,1.377179112474009,0.8815504417699926,3d gaze,-58.6548151495819,-5.65090434483858,490.4021818500604,831890.422791 831890.430861 831890.43893 831890.455069 831890.463138 831890.471207 831890.479276 831890.487346 831890.495415 831890.503484 831890.511554 831890.519623 831890.527692 831890.535762 831890.543831 831890.5519 831890.559969
240,831890.600316,129.1089999722317,9438,9442,0.4197031954130837,0.37403397481479944,0.6785981354678394,0.7583627924323082,3d gaze,-56.31723240803234,31.37846937377226,462.8554516839734,831890.600316 831890.624524 831890.640662 831890.656801 831890.66487 831890.67294 831890.713286 831890.729425
241,831890.745563,88.76299997791648,9442,9445,0.4190631581489684,0.3562598518948546,1.0051903384394785,0.8355059673388799,3d gaze,-56.11580030206449,38.43977120812239,456.68973794880714,831890.745563 831890.753633 831890.761702 831890.769771 831890.77784 831890.78591 831890.793979 831890.802048 831890.810118 831890.818187 831890.826256 831890.834326
242,831891.278137,80.69299999624491,9458,9460,0.42350799529719624,0.4171837823222277,1.4588829597772688,0.910657811164856,3d gaze,-54.71002651053037,13.368699427988284,474.72747757788085,831891.278137 831891.286206 831891.294275 831891.302345 831891.310414 831891.326553 831891.334622 831891.342691 831891.350761 831891.35883
243,831891.907542,104.90100004244596,9477,9480,0.456098956145548,0.3937243703907395,1.0684593946251106,0.8415127396583557,3d gaze,-27.793094662768016,22.127833975882822,447.3149508522084,831891.907542 831891.915611 831891.923681 831891.93175 831891.939819 831891.947888 831891.955958 831891.964027 831891.972096 831891.980166 831891.988235 831891.996304 831892.004374 831892.012443
244,831892.343284,96.83200006838888,9490,9493,0.4292379015429359,0.4962006649436128,1.2959009368171412,0.9648346488292401,3d gaze,-52.43130096272608,-21.756462813309632,495.2408903802931,831892.343284 831892.351353 831892.359423 831892.367492 831892.375561 831892.383631 831892.3917 831892.399769 831892.407838 831892.415908 831892.423977 831892.432046 831892.440116
245,831892.472393,169.4549999665469,9494,9499,0.420586508705744,0.4888159817813332,1.4678625489000343,0.885340544310483,3d gaze,-59.805090558754685,-18.546918523903575,498.1749341437528,831892.472393 831892.480462 831892.488531 831892.496601 831892.50467 831892.512739 831892.520809 831892.528878 831892.536947 831892.545016 831892.553086 831892.561155 831892.569224 831892.577294 831892.585363 831892.593432 831892.601502 831892.609571 831892.61764 831892.625709 831892.633779 831892.641848
246,831893.263184,96.83199995197356,9517,9520,0.4115747701794484,0.4476964367954642,1.3571420194209576,0.9021953206795913,3d gaze,-66.21086611570348,0.15447886488394802,491.0596856067031,831893.263184 831893.271253 831893.279323 831893.287392 831893.295461 831893.30353 831893.3116 831893.319669 831893.327738 831893.335808 831893.343877 831893.351946 831893.360016
247,831893.368085,121.03899999056011,9520,9524,0.41491370332353783,0.47425964904637863,1.3948003365976525,0.884354405105114,3d gaze,-64.32828923363232,-11.901243457587098,497.3378298511186,831893.368085 831893.376154 831893.384223 831893.392293 831893.400362 831893.408431 831893.416501 831893.42457 831893.432639 831893.440708 831893.448778 831893.456847 831893.464916 831893.472986 831893.481055 831893.489124
248,831893.505263,80.69299999624491,9524,9527,0.4229000837414489,0.4757355318316287,0.6476730870702353,0.9243763251738115,3d gaze,-57.31365319583667,-12.451575746827894,493.2066235992019,831893.505263 831893.513332 831893.521401 831893.529471 831893.53754 831893.545609 831893.553679 831893.561748 831893.569817 831893.577887 831893.585956
249,831893.65051,121.03999999817461,9529,9532,0.4103697162787154,0.49197682861533626,1.2512139384292547,0.9151027463376522,3d gaze,-69.18005235945063,-20.32408980145707,505.32164418129264,831893.65051 831893.65858 831893.666649 831893.674718 831893.682787 831893.690857 831893.698926 831893.706995 831893.715065 831893.723134 831893.731203 831893.739273 831893.747342 831893.755411 831893.76348 831893.77155
250,831893.836104,96.83200006838888,9534,9537,0.40177355050577107,0.4203088988174173,1.4796834641847034,0.892947683767839,3d gaze,-73.76114349288072,12.41066137597523,488.09515063078544,831893.836104 831893.844173 831893.860312 831893.868381 831893.876451 831893.88452 831893.892589 831893.908728 831893.916797 831893.924866 831893.932936
251,831896.515355,80.69099998101592,9614,9617,0.4052748630939401,0.612676146488044,1.3407507446439777,0.7851449582311842,3d gaze,-121.77188102558145,-126.41827966492686,829.609583392035,831896.515355 831896.539562 831896.547631 831896.5557 831896.563769 831896.571838 831896.579908 831896.587977 831896.596046
252,831897.693228,121.03999999817461,9649,9653,0.42835763402279103,0.5580854877042518,1.3911871400787135,0.8479750037193299,3d gaze,-68.28639419566095,-63.42801620259837,632.5126290627875,831897.693228 831897.693438 831897.701297 831897.701508 831897.709367 831897.709577 831897.717436 831897.717646 831897.725505 831897.733575 831897.741644 831897.741853 831897.749713 831897.749922 831897.757782 831897.765852 831897.773921 831897.78199 831897.79006 831897.790267 831897.798129 831897.798336 831897.806198 831897.806405 831897.814268
253,831897.919372,112.96699999365956,9656,9660,0.44303937158863815,0.5366418055690864,1.3055584947141032,0.8180793290552886,3d gaze,-52.64056416106094,-51.44580547551163,637.6364895687419,831897.919372 831897.927238 831897.927441 831897.935307 831897.93551 831897.943376 831897.951446 831897.951649 831897.959515 831897.967584 831897.967787 831897.975653 831897.983723 831897.983925 831897.991792 831897.999861 831898.000063 831898.007931 831898.016 831898.024069 831898.02427 831898.032139 831898.032339
254,831898.040208,145.44300001580268,9660,9664,0.44810551802183834,0.5472810773176351,1.483967307112379,0.8348267134279013,3d gaze,-47.83686967626856,-59.22552177038402,641.9422274940396,831898.040208 831898.040408 831898.048277 831898.056346 831898.064416 831898.072485 831898.072684 831898.080554 831898.080754 831898.088624 831898.096693 831898.096892 831898.104762 831898.104961 831898.112832 831898.11303 831898.120901 831898.121099 831898.12897 831898.137039 831898.137237 831898.145109 831898.145306 831898.153178 831898.153375 831898.161247 831898.169317 831898.169513 831898.177386 831898.177582 831898.185455 831898.185651
255,831898.25001,145.24700003676116,9666,9670,0.438763435024922,0.5410456637770347,1.2408527946733112,0.9093356195249056,3d gaze,-45.468919352167084,-42.663771412143475,502.15982186095806,831898.25001 831898.258079 831898.266148 831898.274217 831898.282287 831898.290356 831898.298425 831898.306495 831898.314564 831898.322633 831898.330703 831898.338772 831898.346841 831898.35491 831898.36298 831898.371049 831898.379118 831898.387188 831898.395257
256,831899.000627,88.759999955073,9688,9691,0.41532788164224743,0.5334774769694496,1.4214568958995373,0.8540571786108471,3d gaze,-88.81706373264619,-54.088799165084936,683.1738907402103,831899.000627 831899.008696 831899.016593 831899.016765 831899.024662 831899.024834 831899.032731 831899.032903 831899.040801 831899.040972 831899.04887 831899.049041 831899.056939 831899.05711 831899.065009 831899.073078 831899.073249 831899.081147 831899.081318 831899.089217 831899.089387
257,831899.28288,80.69299999624491,9697,9699,0.431161971670589,0.5481804185073362,1.4251444661698627,0.9016631624915383,3d gaze,-52.40318325734368,-46.587735774973225,508.52433535820677,831899.28288 831899.290949 831899.299018 831899.307088 831899.315157 831899.323226 831899.331295 831899.339365 831899.347434 831899.355503 831899.363573
258,831899.476543,80.69299999624491,9703,9705,0.44098843632232393,0.5183788518686915,1.0395883189577486,0.974576782096516,3d gaze,-42.91294851875364,-31.71078250618341,494.51035347108916,831899.476543 831899.484612 831899.492681 831899.500751 831899.50882 831899.516889 831899.524959 831899.533028 831899.541097 831899.549166 831899.557236
259,831899.678275,88.7630000943318,9709,9711,0.4464569274978825,0.5289462695093841,1.304776784914026,0.9060318271319071,3d gaze,-38.509868306983606,-36.44806638304561,494.1616503949299,831899.678275 831899.686345 831899.694414 831899.702483 831899.710552 831899.718622 831899.726691 831899.73476 831899.74283 831899.750899 831899.758968 831899.767038
260,831899.815453,80.69299999624491,9713,9715,0.4775239210015135,0.5051234851447899,1.2381415310888764,0.9516675689003684,3d gaze,-12.858505744199192,-24.26654577488429,467.9161850505982,831899.815453 831899.823523 831899.831592 831899.839661 831899.84773 831899.8558 831899.863869 831899.871938 831899.880008 831899.888077 831899.896146
261,831900.017329,112.96699999365956,9719,9722,0.5089547978920202,0.46239309530492306,0.6235501632139111,0.7821227976554497,3d gaze,20.08093193103471,-11.212113111893645,864.1315255688246,831900.017329 831900.065744 831900.081882 831900.130296
262,831900.259265,80.69299999624491,9726,9728,0.4328539721963143,0.5184138857533617,1.4190803650036266,0.961657236922871,3d gaze,-50.04654728891933,-32.1234535477518,499.9380027589231,831900.259265 831900.267334 831900.275403 831900.283473 831900.291542 831900.299611 831900.30768 831900.31575 831900.323819 831900.331888 831900.339958
263,831900.348027,96.83100006077439,9729,9731,0.45982467148792927,0.5305827222012827,1.4595963298128758,0.8976507186889648,3d gaze,-27.327261064982817,-36.555095366297735,486.41341408241,831900.348027 831900.356096 831900.364165 831900.372235 831900.380304 831900.388373 831900.396443 831900.404512 831900.412581 831900.420651 831900.42872 831900.436789 831900.444858
264,831900.452928,112.97000001650304,9731,9734,0.44776386263947093,0.5218614746596771,1.363918719913234,0.9069437742233276,3d gaze,-37.25994305942158,-33.072057515682594,491.71839995582326,831900.452928 831900.460997 831900.469066 831900.477136 831900.485205 831900.493274 831900.501344 831900.509413 831900.517482 831900.525551 831900.533621 831900.54169 831900.549759 831900.557829 831900.565898
265,831901.203372,145.24799992796034,9753,9757,0.4185378331322347,0.5076648372557838,1.095918573399866,0.9085367421309153,3d gaze,-62.48838590697775,-27.569901109821913,505.8404629869244,831901.203372 831901.211442 831901.219511 831901.22758 831901.23565 831901.243719 831901.251788 831901.259857 831901.267927 831901.275996 831901.284065 831901.292135 831901.300204 831901.308273 831901.316343 831901.332481 831901.34055 831901.34862
266,831901.590699,88.76199997030199,9765,9767,0.4792604425131006,0.31812426500223573,1.3715942780280381,0.7731639295816422,3d gaze,-10.169472678191411,48.51424698789315,408.8669284125117,831901.590699 831901.606837 831901.614907 831901.679461
267,831904.511784,96.83200006838888,9852,9855,0.4311949813104786,0.44887349256645265,1.096538745061135,0.9338888984460098,3d gaze,-49.31021428817499,-0.3513937681187127,480.7518788255516,831904.511784 831904.519853 831904.527923 831904.535992 831904.544061 831904.552131 831904.5602 831904.568269 831904.576339 831904.584408 831904.592477 831904.600546 831904.608616
268,831904.648962,96.83199995197356,9856,9859,0.4316837501943235,0.41242973435726493,1.2932050849552665,0.8590755187548124,3d gaze,-47.74563188538595,15.230793091358619,468.850718523259,831904.648962 831904.657032 831904.665101 831904.67317 831904.681239 831904.689309 831904.697378 831904.705447 831904.713517 831904.721586 831904.729655 831904.737725 831904.745794
269,831904.939457,112.97000001650304,9865,9868,0.4385177415510294,0.38156381591842425,1.0908208824549879,0.9514127771059672,3d gaze,-41.25063647611606,27.570555358602466,454.4015306544747,831904.939457 831904.947526 831904.955596 831904.963665 831904.971734 831904.979803 831904.987873 831904.995942 831905.004011 831905.012081 831905.02015 831905.028219 831905.036289 831905.044358 831905.052427
270,831905.060496,80.69299999624491,9868,9871,0.4405629992148901,0.4043680167632722,1.1364337875588288,0.9294837117195129,3d gaze,-40.2566256183088,18.339766227837686,460.7435181018667,831905.060496 831905.068566 831905.076635 831905.084704 831905.092774 831905.100843 831905.108912 831905.116982 831905.125051 831905.13312 831905.141189
271,831905.270298,104.90100004244596,9875,9878,0.43510939799619747,0.3952219308362906,1.4432110783479095,0.8798548706940242,3d gaze,-44.393743552333895,22.197658496843196,460.9453548336504,831905.270298 831905.278367 831905.286437 831905.294506 831905.302575 831905.310645 831905.318714 831905.326783 831905.334853 831905.342922 831905.350991 831905.35906 831905.36713 831905.375199
272,831905.472031,80.69299999624491,9881,9883,0.4256323185070763,0.34346441408428846,1.1890414321212617,0.8914874358610674,3d gaze,-50.32390428676502,43.00424803608253,448.6870581468098,831905.472031 831905.4801 831905.488169 831905.496239 831905.504308 831905.512377 831905.520446 831905.528516 831905.536585 831905.544654 831905.552724
273,831906.17406,104.90000003483146,9901,9905,0.4741684801538115,0.49959407083479873,1.3540755424503983,0.9684481365340096,3d gaze,-15.406195125598414,-21.933863462567736,468.44852740238963,831906.17406 831906.182129 831906.190198 831906.198267 831906.206337 831906.214406 831906.222475 831906.230545 831906.238614 831906.246683 831906.254752 831906.262822 831906.270891 831906.27896
274,831906.28703,80.69299999624491,9905,9907,0.47219610860876116,0.5212202127382553,0.6128049288264907,0.939935716715726,3d gaze,-17.174731851450357,-31.649012070011157,475.71430683761355,831906.28703 831906.295099 831906.303168 831906.311238 831906.319307 831906.327376 831906.335445 831906.343515 831906.351584 831906.359653 831906.367723
275,831906.383861,104.90100004244596,9908,9911,0.46610999612332465,0.5118856475745039,1.4684175535319874,0.9660817705667936,3d gaze,-21.937885211108423,-27.686232218759486,477.1360195330568,831906.383861 831906.391931 831906.4 831906.408069 831906.416138 831906.424208 831906.432277 831906.440346 831906.448416 831906.456485 831906.464554 831906.472623 831906.488762
276,831910.063461,96.83100006077439,10018,10020,0.46320552088436345,0.5765062980389956,1.0496607458868097,0.9390587531603299,3d gaze,-25.0819782158989,-57.87971373053415,493.01832525506245,831910.063461 831910.07153 831910.079599 831910.087669 831910.095738 831910.103807 831910.111877 831910.119946 831910.128015 831910.136084 831910.144154 831910.152223 831910.160292
277,831910.450787,80.69299999624491,10029,10032,0.5681478078587113,0.8118441460560164,1.3982740510614213,1.0,3d gaze,57.53420272921476,-160.18701557135117,456.88464496620423,831910.450787 831910.458856 831910.466926 831910.474995 831910.483064 831910.491133 831910.499203 831910.507272 831910.515341 831910.523411 831910.53148
278,831910.64445,88.76199997030199,10035,10038,0.552615968876533,0.7848869239936712,0.9400865835429423,1.0,3d gaze,45.84006428391498,-149.75180994940854,466.34098217121885,831910.64445 831910.652519 831910.660589 831910.668658 831910.676727 831910.684797 831910.692866 831910.700935 831910.709004 831910.717074 831910.725143 831910.733212
279,831912.26617,80.69000008981675,10083,10086,0.3653527337786817,0.7759442345364714,1.4952682932746906,0.9969418319788846,3d gaze,-170.29142201022307,-243.34053184903487,766.3606062386684,831912.26617 831912.274239 831912.282308 831912.290377 831912.298446 831912.306515 831912.314584 831912.322653 831912.330722 831912.338791 831912.34686
280,831913.807361,80.69099998101592,10129,10132,0.5177761492178028,0.675300123307139,1.2842722482101847,0.8992754399776459,3d gaze,32.15749766391131,-177.07477187016266,841.3754075770861,831913.807361 831913.823499 831913.831568 831913.839637 831913.847706 831913.855775 831913.863844 831913.871913 831913.879982 831913.888052
281,831916.397531,112.96699999365956,10207,10210,0.4832751137029822,0.6255355388810439,0.9632170788668103,0.8008269707361857,3d gaze,-15.688948415349776,-139.13411193021255,853.6653259237652,831916.397531 831916.4056 831916.413669 831916.421738 831916.429807 831916.437876 831916.445945 831916.454014 831916.462083 831916.470152 831916.478221 831916.48629 831916.494359 831916.502429 831916.510498
282,831919.722409,96.83199995197356,10306,10309,0.05862879170844352,0.2224513976903221,1.06010076493898,0.7978324492772421,3d gaze,-437.81429181350614,127.48296777061785,438.87662030237647,831919.722409 831919.730479 831919.746617 831919.754687 831919.786964 831919.819241
283,831919.932211,161.38599999248981,10312,10317,-0.14519189736813587,0.42707173014016414,1.2841481307672258,0.8370766020735015,3d gaze,-714.0176801373838,12.504286450642876,249.29291907315047,831919.932211 831919.94028 831919.956419 831919.964488 831919.972558 831919.980627 831919.988696 831919.996766 831920.012904 831920.020973 831920.037112 831920.045181 831920.053251 831920.06132 831920.077459 831920.093597
284,831920.222706,161.38599999248981,10321,10326,-0.10482958847173898,0.39696311844304905,1.453080999386139,0.8163807251874138,3d gaze,-686.9996547947279,32.466410996683344,288.53802837264175,831920.222706 831920.230775 831920.238844 831920.254983 831920.263052 831920.271122 831920.279191 831920.303399 831920.319537 831920.327607 831920.335676 831920.343745 831920.351815 831920.359884 831920.367953 831920.376023 831920.384092
285,831923.256236,145.2430000063032,10411,10416,0.7096120556325454,0.3772714759913498,0.5676467886802591,0.7588578962922047,3d gaze,300.12324451614876,55.63941158601576,814.9158338146381,831923.256236 831923.264305 831923.272374 831923.280443 831923.320788 831923.336926 831923.401479
286,831924.240662,96.82799992151558,10441,10444,0.7729451163571867,0.3177615715078903,0.3419220692823375,0.7296547082146986,3d gaze,377.3743277140382,99.45787178795791,752.5980400816201,831924.240662 831924.289076 831924.33749
287,831924.934601,153.31299998797476,10461,10466,0.6663134662856309,0.4367433514285531,1.1245346504447835,0.7951120691192275,3d gaze,247.34905319679416,9.197300058800952,861.5343237831972,831924.934601 831925.047568 831925.055637 831925.079844 831925.087914
288,831925.28964,80.69099998101592,10472,10474,0.6551178145608791,0.5201598590001231,0.26352176330955085,0.7449405522283915,3d gaze,233.1102573614929,-58.91394911221165,870.9212008021583,831925.28964 831925.297709 831925.305778 831925.313847 831925.321916 831925.370331
289,831926.023925,80.69099998101592,10494,10496,0.6261614194703637,0.4769477778777934,0.717005066500057,0.78209551839362,3d gaze,191.77803876985206,-23.67476057527508,885.0784633827375,831926.023925 831926.031994 831926.072339 831926.104616
290,831926.136892,80.69099998101592,10497,10500,0.6542254264169545,0.3801603690537253,0.27836932558657895,0.7539695397179581,3d gaze,229.23600155058404,54.90884479064029,861.7821057261004,831926.136892 831926.161099 831926.177237 831926.185306 831926.217583
291,831927.177801,209.79600003920496,10528,10535,0.761455776465656,0.36417852602194406,0.8380792311020311,0.7847885314190427,3d gaze,368.49795615063454,65.21519876702116,777.431678962592,831927.177801 831927.27463 831927.282699 831927.331114 831927.355321 831927.387597
292,831927.557047,80.69099998101592,10540,10542,0.7097582785182464,0.40763735955359,0.6585960688549664,0.7962057715593214,3d gaze,305.49134115557854,32.321707678293855,830.0479566686024,831927.557047 831927.589324 831927.597393 831927.629669 831927.637738
293,831927.807188,88.76000007148832,10547,10550,0.6889782641257239,0.40736014939059034,0.8673555233834198,0.8591877968859757,3d gaze,278.18666587862936,32.81024707065467,846.2482239919553,831927.807188 831927.863672 831927.895948
294,831928.670578,80.69099998101592,10573,10575,0.8020988622113867,0.20100195464471238,0.1616321696453301,0.7898840808770862,3d gaze,399.62422377876067,180.75998639158524,686.330316974704,831928.670578 831928.678647 831928.686716 831928.718993 831928.751269
295,831929.033686,80.69099998101592,10584,10586,0.7984154634520425,0.15638748920162984,0.6760659326389256,0.7404710399100528,3d gaze,390.2702604430095,210.9334299097768,672.1861249974963,831929.033686 831929.065962 831929.082101 831929.09017 831929.106308 831929.114377
296,831929.251551,104.89799990318716,10590,10593,0.7850001086781582,0.15733604372893023,0.04978457717753249,0.7326042652130127,3d gaze,376.4072328360556,212.14844221199058,687.7379522087783,831929.251551 831929.356449
297,831929.461347,88.75900006387383,10596,10599,0.7120319354195295,0.29242122230364376,1.1132424431995527,0.7809394032291724,3d gaze,303.2586398597248,122.2094806857557,806.3228511708763,831929.461347 831929.501692 831929.51783 831929.550106
298,831929.60659,112.96699999365956,10601,10604,0.6849389062547231,0.39653223234323143,1.3346051792650375,0.8455446508689475,3d gaze,272.66980485071423,41.56502089133017,848.4719371064708,831929.60659 831929.630797 831929.719557
299,831930.429634,104.89800001960248,10625,10628,0.7502943578207123,0.14086055718361035,0.09163118960279075,0.7925332021925751,3d gaze,335.92461674633773,227.21557431269824,715.3200970820163,831930.429634 831930.534532
300,831930.542601,80.69099998101592,10629,10631,0.7502250569729949,0.14084910167348264,0.22760206222858895,0.7494467766273458,3d gaze,335.84366669138194,227.23083265607764,715.3786216627054,831930.542601 831930.55067 831930.558739 831930.566809 831930.574878 831930.582947 831930.607154 831930.615223 831930.623292
301,831930.89764,104.89800001960248,10639,10642,0.7511758223277801,0.14202553314064956,0.020499644957864216,0.7422876209020615,3d gaze,337.12278487750064,226.38088347806053,715.1498685664759,831930.89764 831930.929916 831930.970262 831931.002538
302,831931.131643,185.5890000006184,10646,10652,0.7322955003153996,0.24422159786123993,0.053409886511351146,0.724901556968689,3d gaze,325.1844939982258,156.9993635369897,774.4984939381003,831931.131643 831931.317232
303,831931.341439,129.10500005818903,10653,10656,0.7410981060625399,0.2832575606276235,0.09352816870656505,0.7650688286800926,3d gaze,339.1511775293793,127.65975995262207,779.2576993694446,831931.341439 831931.470544
304,831931.922411,112.96699999365956,10670,10673,0.6623451060375203,0.40840514304687364,0.07885634180808838,0.7418906937110725,3d gaze,242.089958815072,32.23637258179215,864.1791634890324,831931.922411 831932.035378
305,831932.301657,96.8290000455454,10681,10684,0.6362759902690382,0.42694003504464845,0.0459340419327753,0.7802225421094316,3d gaze,205.9337806522457,17.304028886988096,879.6924326014304,831932.301657 831932.333934 831932.398486
306,831932.777732,121.03599996771663,10695,10699,0.7060234987755581,0.24262524329499588,1.4337413977634998,0.8100263757876048,3d gaze,292.0668788602532,159.76028366753027,795.0876019579158,831932.777732 831932.785801 831932.858423 831932.88263 831932.890699 831932.898768
307,831932.97139,88.76000007148832,10701,10704,0.6842101077734786,0.30687239615354645,1.0030906895691967,0.798644907772541,3d gaze,267.6888835554094,112.2190961334461,830.4196661942858,831932.97139 831932.979459 831932.987528 831932.995597 831933.011735 831933.027873 831933.05208 831933.06015
308,831934.948311,112.96699999365956,10760,10764,0.6211584051439287,0.33163789036111346,1.416063423355761,0.7578059051589997,3d gaze,181.91278769514466,94.19904718424948,869.6924967087494,831934.948311 831934.980587 831934.996725 831935.061278
309,831935.416316,145.24399989750236,10774,10778,0.682597295762335,0.35654027332675126,1.2324235990388612,0.803789820715512,3d gaze,268.0168001828174,73.45892885593778,843.3111589552922,831935.416316 831935.432455 831935.440524 831935.464731 831935.537352 831935.56156
310,831935.609974,104.89800001960248,10780,10783,0.6458877911395822,0.3848354795357951,1.3062388643118001,0.8270180785377262,3d gaze,218.461669429649,51.40276094499856,869.5337899865851,831935.609974 831935.618043 831935.626112 831935.714872
311,831935.916598,153.31299998797476,10789,10794,0.6497944400508969,0.41093391810180246,0.03738730794868097,0.7430279463589594,3d gaze,224.73749286457013,30.284945575472012,871.666997267849,831935.916598 831935.932737 831935.940806 831935.948875 831936.069911
312,831936.126394,104.89800001960248,10795,10798,0.6791822810314754,0.39064854763633605,0.7082987294723828,0.7593123614788055,3d gaze,264.78510146418694,46.379364571087855,851.7848809626208,831936.126394 831936.231292
313,831936.441088,137.1740000322461,10805,10809,0.7237905304897142,0.2592544519983263,1.1257069175650674,0.7807004928588868,3d gaze,315.9346973055707,146.5332310450849,787.0033832337509,831936.441088 831936.449157 831936.457226 831936.481433 831936.578262
314,831936.68316,234.0029999613762,10812,10819,0.6729118542302018,0.28376377961273674,1.3598859208002596,0.792212818406053,3d gaze,251.37486677577868,130.40242309103255,831.3218253105042,831936.68316 831936.699298 831936.715436 831936.731574 831936.917163
315,831936.949439,121.03599996771663,10820,10823,0.6835405877537729,0.2832816115470442,0.9500593743984926,0.7540894034033916,3d gaze,265.59139780219317,130.4012872470346,824.5392450071128,831936.949439 831937.005922 831937.070475
316,831937.126958,80.69099998101592,10825,10828,0.622545929767852,0.3141512549775119,0.027577072759431873,0.7527400056521097,3d gaze,183.31948139033523,108.00938488116692,865.0958777818527,831937.126958 831937.143096 831937.207649
317,831937.320616,88.75900006387383,10831,10834,0.6053388682122197,0.3397712095173663,1.1359105995002317,0.8201326470107333,3d gaze,159.7110010214695,87.92066015249347,877.359063709731,831937.320616 831937.336754 831937.352892 831937.385168 831937.409375
318,831937.45779,112.96699999365956,10835,10838,0.5907030401052447,0.4373917524251566,1.1822883232328507,0.7774508439748627,3d gaze,140.5976733313678,8.805757030364903,897.227764453298,831937.45779 831937.473928 831937.562688 831937.570757
319,831937.716,80.69099998101592,10843,10845,0.5483092113052576,0.396639114108962,1.4900817166644191,0.8489204247792562,3d gaze,78.237278482603,42.15843979677649,898.9926935916047,831937.716 831937.740207 831937.796691
320,831938.563252,104.89800001960248,10868,10871,0.6879184553232113,0.3817484833648624,0.5693757801166767,0.8031066624466938,3d gaze,276.30331652250464,53.36998145609716,844.6214429549685,831938.563252 831938.571321 831938.603597 831938.611666 831938.643942 831938.652011 831938.66815
321,831938.805324,112.96699999365956,10875,10879,0.6990412096116567,0.3695554051763251,1.3356249275989036,0.8298127573676177,3d gaze,290.700845814017,62.86266332894053,834.6921609944475,831938.805324 831938.918291
322,831939.015119,88.759999955073,10882,10884,0.7489259063013406,0.3381226624912876,0.7911485601978951,0.9395804462076913,3d gaze,352.78710242052455,85.85478155060642,786.5936908063753,831939.015119 831939.103879
323,831939.61223,137.1740000322461,10899,10903,0.42902205217885864,0.42702539562999686,0.15664942556648956,0.7705344865972672,3d gaze,-93.50858571575282,16.933047805217733,880.9775374172771,831939.61223 831939.620299 831939.660645 831939.725197 831939.749404
324,831940.483689,96.82899992913008,10925,10928,0.6086621691016572,0.4085150780536142,0.2332857918391591,0.7481180578382192,3d gaze,165.9569568475129,32.407974123106335,887.8394462118567,831940.483689 831940.491758 831940.532104 831940.580518
325,831940.806452,112.96699999365956,10935,10938,0.6902454603535935,0.37662052836270155,0.061175004060976625,0.7562730193138123,3d gaze,279.0388889161664,57.3746538208549,841.5810668466842,831940.806452 831940.814521 831940.830659 831940.862935 831940.919419
326,831941.024316,121.03599996771663,10941,10945,0.7072124079129414,0.37005819279842606,0.6958906646773773,0.7960871333451119,3d gaze,301.29892327358334,62.24256360723261,828.1052342714943,831941.024316 831941.032386 831941.088869 831941.145352
327,831941.193767,217.86500001326203,10947,10953,0.6848585322827349,0.2978324573664449,0.7429202073771662,0.7993070464134217,3d gaze,267.99938398505407,119.13708609172883,827.3257424356771,831941.193767 831941.201836 831941.209905 831941.217974 831941.411632
328,831941.524599,169.45000004488975,10956,10961,0.6501824183293244,0.31077657145414883,0.8352083028820206,0.8069995890343462,3d gaze,221.5824877882607,110.0736237898064,851.0926882667044,831941.524599 831941.532668 831941.540737 831941.548806 831941.556875 831941.564944 831941.669842 831941.677911 831941.694049
329,831941.76667,104.89799990318716,10964,10967,0.6466849276663985,0.30876455531594066,0.08132771947063402,0.7653665282405223,3d gaze,216.69064679347753,111.73347785094704,852.43891901925,831941.76667 831941.863499 831941.871568
330,831941.992604,96.82899992913008,10970,10973,0.6646813577874685,0.45594158280517616,0.9735309892264666,0.7767127167502877,3d gaze,246.46015464463858,-6.406302992761367,867.3199072054533,831941.992604 831942.016811 831942.065226 831942.073295 831942.089433
331,831942.799511,112.96699999365956,10994,10998,0.6374985735959188,0.34318151856845547,1.29385567459179,0.8369712109941495,3d gaze,205.21840313672215,84.78468332595067,865.0630041585733,831942.799511 831942.831787 831942.912478
332,831943.275586,88.75900006387383,11009,11011,0.6755923102977973,0.3166470332160646,0.7769153826529879,0.764648922641385,3d gaze,256.62516236942474,104.90293756392484,838.4666720018265,831943.275586 831943.291724 831943.340138 831943.364345
333,831944.138975,88.759999955073,11034,11037,0.6572794636995627,0.2883346440010066,1.155813523733949,0.7641763728599057,3d gaze,230.34245472034934,127.31993471302522,841.3823051359758,831944.138975 831944.163183 831944.211597 831944.227735
334,831946.850181,96.8290000455454,11113,11116,0.6031635144895365,0.3732679097400767,1.2737738052054624,0.870132187594764,3d gaze,157.23859208534316,60.9899356161638,883.7306475897844,831946.850181 831946.890527 831946.94701
335,831947.350463,96.8290000455454,11128,11131,0.5283431598023243,0.25069802156621734,1.4322360599378634,0.8091119571899221,3d gaze,47.75850014005175,156.95507754830925,862.1807242624317,831947.350463 831947.447292
336,831947.495706,112.96699999365956,11133,11136,0.6044283949941743,0.22405088978544407,1.3160916546471577,0.8496489085770785,3d gaze,154.33402986071633,177.16645567884737,841.9489985057154,831947.495706 831947.519914 831947.608673
337,831947.8104,104.89800001960248,11142,11145,0.636267017666326,0.22277854158264807,0.8907292279957214,0.842702373886333,3d gaze,198.15802990038924,177.38025660334364,829.3608873861247,831947.8104 831947.818469 831947.826538 831947.883022 831947.915298
338,831948.851309,80.69099998101592,11173,11175,0.5902277572322149,0.46602915815749285,0.8092223244209235,0.7648003815107748,3d gaze,140.03573376461128,-14.779553237932854,898.137168639288,831948.851309 831948.867447 831948.932
339,831950.40057,290.48599989619106,11219,11228,0.6425217215166606,0.34262607688878716,1.2720274348266827,0.7910758705731548,3d gaze,212.16023961296048,85.14043934773787,862.3275898298234,831950.40057 831950.440915 831950.691056
340,831951.312374,129.10500005818903,11246,11250,0.564076727682396,0.34347238887008186,0.9446559839578451,0.9146477636718341,3d gaze,100.31110667369951,84.97889535913394,886.3441954261738,831951.312374 831951.34465 831951.393065 831951.43341 831951.441479
341,831951.514101,88.7589999474585,11252,11255,0.5646871497919005,0.3424723730028678,0.7081875194056965,0.7785749594560487,3d gaze,101.17592448228964,85.77695056357285,886.0458170015688,831951.514101 831951.538308 831951.586722 831951.60286
342,831951.683551,96.8290000455454,11258,11260,0.5765728758098461,0.43283180821244166,0.721142682290476,0.7671986529559109,3d gaze,119.75510259598282,12.545990317730082,898.5976224085423,831951.683551 831951.69162 831951.740035 831951.78038
343,831952.216109,104.89800001960248,11273,11277,0.7066766017675629,0.371364775098092,0.6505174028716627,0.8139234871390181,3d gaze,300.43747787682946,61.17997825915932,828.1533502435746,831952.216109 831952.248386 831952.321007
344,831953.781508,112.96699999365956,11320,11324,0.5497901408572311,0.30810704336480366,0.027794420788796275,0.7737543391622226,3d gaze,79.14467135069944,112.9149559352768,879.1581054683402,831953.781508 831953.805715 831953.829922 831953.894475
345,831954.168823,129.1049999417737,11332,11336,0.507278489967676,0.2973373363310612,0.6552084631116305,0.7744061078913451,3d gaze,18.128486622796334,120.8100479580147,875.458415452462,831954.168823 831954.176892 831954.217237 831954.297928
346,831955.267664,96.83099994435906,11365,11367,0.06975831802771483,0.07445832794464002,0.33337624119283515,0.7658490494499092,3d gaze,-390.2803271721646,193.15576293621655,382.76667318673225,831955.267664 831955.275733 831955.364495
347,831959.179712,121.03600008413196,11481,11485,0.5653150985880001,0.2899997599938814,0.9708785620827142,0.8638468505809498,3d gaze,101.01816001604952,127.0481712384523,872.046405360336,831959.179712 831959.203919 831959.300748
348,831960.156069,80.69099998101592,11510,11513,0.48171126430093986,0.2476500133035536,0.9002006108462745,0.7802436412069375,3d gaze,-17.95911336019165,158.02692735748735,855.4999698562655,831960.156069 831960.188345 831960.23676
349,831960.962976,96.82799992151558,11534,11537,0.5342527534561716,0.23816119834939442,1.2165424562034746,0.7726870212456328,3d gaze,55.910804292341425,166.44072247220873,857.5450272716389,831960.962976 831960.979114 831961.019459 831961.059804
350,831962.181404,80.69099998101592,11571,11573,0.48875030816182513,0.2348611273737451,0.6942110178446226,0.7953697311646568,3d gaze,-8.098347301873497,167.82149501266204,852.3686061634794,831962.181404 831962.213681 831962.262095
351,831963.440179,104.89700001198798,11608,11611,0.5679379574112137,0.2265072083692875,1.4045852103708725,0.948694753422002,3d gaze,103.11420347260618,175.28049085726786,849.8478709549825,831963.440179 831963.472455 831963.504731 831963.545076
352,831963.609629,80.69100009743124,11613,11616,0.5447994391107089,0.10618924810807728,0.40025512476933645,0.7705992643512967,3d gaze,67.93402473091933,260.24651160433524,798.2530343632625,831963.609629 831963.69032
353,831963.722596,112.96699999365956,11617,11620,0.548146758626181,0.15308970445746106,1.2587964165190884,0.8855322327231899,3d gaze,73.66570399414493,228.24936395229156,821.134261617688,831963.722596 831963.835563
354,831965.312202,193.6570000834763,11664,11670,0.5171906134636831,0.23155985133485857,1.2617707219902556,0.835440332699172,3d gaze,31.766960629993324,170.96199362311071,854.1837544990981,831965.312202 831965.449376 831965.505859
355,831966.338739,145.24799992796034,11695,11699,0.11338265091485826,0.08012666894787686,1.1278777758417835,0.7976487184983161,3d gaze,-342.1705636503589,185.86909095744036,409.3942505292723,831966.338739 831966.379086 831966.483987
356,831968.17672,169.45000004488975,11750,11755,0.4788622352126965,0.2796247676381677,0.16685376517176181,0.7912677035403839,3d gaze,-22.097518058833487,133.6903604707073,864.9349565901271,831968.17672 831968.34617
357,831970.992823,169.45100005250424,11834,11839,0.5637690140105103,0.20802743496654805,0.4823900670804031,0.8103754517282389,3d gaze,96.76019719206946,188.93615035821188,843.2522006508541,831970.992823 831971.057376 831971.10579 831971.162274
358,831973.066573,88.759999955073,11895,11898,0.5267784223473296,0.17918364782643914,1.2761004455961587,0.7790692810742531,3d gaze,44.57562538148462,209.42595675866414,833.494303285033,831973.066573 831973.098849 831973.155333
359,831973.429681,112.96699999365956,11906,11910,0.5639891320375544,0.3737690427940283,0.8748938246872124,0.732358381696984,3d gaze,100.55261614582878,60.58915845008712,891.4697716197807,831973.429681 831973.43775 831973.542648
360,831975.487292,80.69099998101592,11968,11970,0.41803958400412433,0.24193033368881983,0.3991598042670157,0.7343177318332312,3d gaze,-104.9617969919218,159.26030407982586,831.5422171715097,831975.487292 831975.567983
361,831976.342613,96.8290000455454,11993,11996,0.4997750536311046,0.26326284164672803,1.481721451289249,0.8912295844935555,3d gaze,7.375106739887419,146.6655796834638,863.2907283991644,831976.342613 831976.374889 831976.439442
362,831978.674573,145.24299988988787,12063,12067,0.5691579404348965,0.20173225991244137,1.4541734287801764,0.7222589870302308,3d gaze,104.09635807809002,193.4700797973362,839.6677740970625,831978.674573 831978.819816
363,831979.005405,112.96600010246038,12073,12076,0.5763446571639831,0.17396038769212352,0.07526504876704684,0.7280167003621894,3d gaze,113.17256761465721,213.55490604928445,826.755467244885,831979.005405 831979.118371
364,831979.142579,121.03599996771663,12077,12080,0.5439649617285383,0.22515238214960479,1.3709817667203579,0.8619617727696807,3d gaze,69.34229552859395,176.10234184397586,851.5873090732872,831979.142579 831979.166786 831979.174855 831979.182924 831979.199062 831979.263615
365,831979.346447,88.76199997030199,12083,12085,0.17713353649754085,0.24660695660543708,0.07763615102548073,0.7709140090230524,3d gaze,-302.873941456561,108.21816124518647,503.89773177578877,831979.346447 831979.435209
366,831979.709565,96.83099994435906,12094,12097,0.19201190499477006,0.28279472246245035,0.02461783050619307,0.738041311403417,3d gaze,-291.5425024633108,89.6639793535914,520.3826389193935,831979.709565 831979.806396
367,831980.369076,153.31300010439008,12113,12118,0.5194012501842629,0.22182453676465394,1.4489957578758252,0.838989836709867,3d gaze,34.76265866840869,178.17724287225533,850.3037611907328,831980.369076 831980.401353 831980.409422 831980.42556 831980.522389
368,831981.700472,193.65799997467548,12153,12159,0.4843383738836015,0.26944204705457464,1.2669264232240338,0.8934244199170023,3d gaze,-14.36375828486435,141.55613436898372,862.6125359927057,831981.700472 831981.748887 831981.773094 831981.89413
369,831981.910268,80.68999997340143,12159,12161,0.5069640725805783,0.3201990380117978,0.861623949102005,0.8077883748260155,3d gaze,17.742057002794354,102.81566118565888,880.4357719235554,831981.910268 831981.990958
370,831982.531586,96.8290000455454,12176,12179,0.5053401456565638,0.29856450579201227,0.11623935914558935,0.8030304886409647,3d gaze,15.35058914167775,119.68159820871999,874.5464908794589,831982.531586 831982.571931 831982.628415
371,831983.451459,104.89800001960248,12203,12206,0.5421344988823158,0.1895086429884098,0.1705730394328369,0.78681699105775,3d gaze,66.09823198805942,202.22408055507924,837.4822274155035,831983.451459 831983.556357
372,831983.935603,96.8290000455454,12218,12221,0.5079442101608554,0.2565637796065924,1.0982089304591416,0.8569205284234739,3d gaze,18.885194530245666,151.91693063924365,861.7981001531501,831983.935603 831983.984018 831984.032432
373,831984.785153,217.87099994253367,12243,12250,0.0709491015823259,0.2519948343139625,1.0600440848329384,0.7905125244375791,3d gaze,-437.0586604453386,113.83201542273875,466.80941914660355,831984.785153 831984.841638 831984.914262 831984.954608 831985.003024
374,831986.090043,104.89800001960248,12282,12285,0.49687766446043136,0.3694888133023895,1.1394758855580536,0.8122357531978338,3d gaze,3.361990282501336,63.623739934102815,889.9368972066967,831986.090043 831986.098112 831986.106182 831986.130389 831986.162665 831986.194941
375,831986.364392,129.1049999417737,12290,12294,0.5015402695667315,0.35086797168641287,1.4588968429157878,0.891576561590408,3d gaze,10.055644992803284,78.5141426909604,886.8218774004338,831986.364392 831986.372461 831986.38053 831986.493497
376,831986.517704,129.10500005818903,12295,12299,0.490224131692719,0.30838370198717946,0.02971529244063555,0.7356853656152796,3d gaze,-6.132021522807246,111.7516287147543,875.0391295803115,831986.517704 831986.525773 831986.541911 831986.646809
377,831987.211643,153.31299998797476,12316,12320,0.5077890374762533,0.27967455876972436,0.000573588493756199,0.7963444239545224,3d gaze,18.76429637012545,134.32320849325873,869.377125713655,831987.211643 831987.364956
378,831989.110296,80.69299999624491,12372,12375,0.1485348845760961,0.1895132642153281,0.1415262133953978,0.7383435091223545,3d gaze,-325.5881753394194,136.95155155063037,473.2370639526929,831989.110296 831989.190989
379,831989.812325,104.90100004244596,12393,12396,0.1466520014031349,0.14220660173888156,0.8183395253590664,0.7795350762965201,3d gaze,-317.6364969639401,157.18581996257035,450.6309009817118,831989.812325 831989.917226
380,831990.132645,96.8290000455454,12403,12406,0.5709923452273451,0.18566716868123379,0.8324923652040727,0.7814249511160201,3d gaze,106.15535767512038,205.1616395637654,832.7450532558419,831990.132645 831990.229474
381,831990.665203,104.89800001960248,12419,12422,0.5026219166736275,0.4277479458705762,1.0700517469219284,0.7850317246929167,3d gaze,11.723195682876174,16.612293250699437,899.470776240275,831990.665203 831990.681341 831990.705549 831990.770101
382,831991.980461,129.10500005818903,12458,12462,0.580787644614167,0.3562977829560856,0.1704910085846876,0.8237150558190668,3d gaze,124.46213191375757,74.59089092982231,884.745384213918,831991.980461 831991.996599 831992.020806 831992.109566
383,831992.133773,112.96699999365956,12462,12466,0.5722835110065608,0.3213332316284691,0.5252222381912198,0.753688184207435,3d gaze,111.52761445751449,102.39311891064118,878.4138582299802,831992.133773 831992.141842 831992.174118 831992.206395 831992.24674
384,831992.523609,88.76199997030199,12474,12477,0.1410877089208714,0.16892281938784046,0.15207834502954465,0.7375717604149807,3d gaze,-330.00273454161106,146.7017709057594,461.7861920940659,831992.523609 831992.596233 831992.612371
385,831993.128806,121.03999999817461,12492,12496,0.17151426666353048,0.25866599145862795,0.18438172521983195,0.790838866773468,3d gaze,-311.77135632713157,102.90574380398013,507.8430013630427,831993.128806 831993.249846
386,831994.651321,129.10500005818903,12538,12541,0.5226996900508923,0.22804252439848566,0.22935569886369192,0.7541776571409591,3d gaze,39.46373866361556,173.66044544650265,852.9165597950114,831994.651321 831994.780426
387,831994.799151,185.59400003869087,12542,12547,0.20403133838076568,0.2795810075609551,0.06531445936524762,0.7655902918206547,3d gaze,-276.3660229709128,90.2369395076721,519.3312952469994,831994.799151 831994.871774 831994.984745
388,831996.257065,129.1049999417737,12585,12589,0.570161924536642,0.21417192120894174,0.33246164532140593,0.8092954102817851,3d gaze,105.86963778822988,184.40409914747488,844.6423601768793,831996.257065 831996.38617
389,831996.864891,137.1780000627041,12604,12608,0.12963605607640105,0.1848775134899568,0.17524303468639404,0.7563031634954442,3d gaze,-347.197255024858,140.9522617438236,465.5463737056197,831996.864891 831997.002069
390,831997.273767,112.96700011007488,12616,12619,0.5687825695851074,0.2495650975693317,0.8739647548351479,0.9129980849083519,3d gaze,104.8942670092882,157.93148857451624,857.8294944126288,831997.273767 831997.386734
391,831998.567512,88.76299997791648,12654,12657,0.14993174541974322,0.048088090481273014,1.1700127848027422,0.7944351359822711,3d gaze,-293.1909733347187,191.52646771871605,404.287333521079,831998.567512 831998.583651 831998.656275
392,831999.350234,129.1089999722317,12678,12682,0.1289502961917765,0.07482986352098361,0.3667129452995479,0.7582988394343653,3d gaze,-322.5136149072824,185.32185731863345,411.7710810492423,831999.350234 831999.366373 831999.406719 831999.471274 831999.479343
393,832000.315805,80.68999997340143,12707,12709,0.5956480526040404,0.504027814143297,0.09352891735785171,0.8735248559244031,3d gaze,148.11452734694092,-46.137535707844066,896.8931710789004,832000.315805 832000.396495
394,832000.87257,88.759999955073,12723,12726,0.5884413994501199,0.3685489786909487,0.540692592874835,0.7926968277421698,3d gaze,135.76688769577763,64.75655069216218,885.6578551842532,832000.87257 832000.96133
395,832001.485819,145.24299988988787,12741,12746,0.5666173857445291,0.32710171279833494,0.005545859284033533,0.8561551056058481,3d gaze,103.54130510374249,97.86913489777257,881.0287450439839,832001.485819 832001.631062
396,832001.762954,185.59399992227554,12750,12755,0.20182453027462433,0.20520439254978634,0.040748808816230844,0.7683149380735854,3d gaze,-266.08892854959663,124.28757660859932,487.5311920246171,832001.762954 832001.948548
397,832002.594092,80.69299999624491,12775,12777,0.28533806599504163,0.2613477220843719,0.8447169591595454,0.8081869001044804,3d gaze,-182.083705316812,91.50574072489742,503.2074174645566,832002.594092 832002.658646 832002.674785
398,832003.067356,88.76000007148832,12789,12791,0.5930364355390441,0.29512481079758957,0.010006775564769721,0.7425006515995816,3d gaze,140.50195997096156,122.86718359073058,867.0517532008885,832003.067356 832003.156116
399,832003.610823,80.69299999624491,12805,12807,0.26034181354079405,0.39772262066794867,0.01842367391658749,0.7643153241165337,3d gaze,-226.92908636777946,27.470736252125548,559.5634188581851,832003.610823 832003.691516
400,832004.563,242.07899998873472,12833,12841,0.13111944669055975,0.2560986216687778,0.051434697516012325,0.799121281259015,3d gaze,-361.16232433397136,107.3800407093156,497.0806912235996,832004.563 832004.805079
401,832006.209137,145.24699992034584,12882,12887,0.13101861196562486,0.23147975604578933,0.25834301754254446,0.7703777802622584,3d gaze,-355.8539584982326,119.33825199744882,486.5980972713245,832006.209137 832006.217206 832006.241414 832006.354384
402,832007.064482,104.90100004244596,12908,12911,0.2020745193128791,0.31040691591104247,0.28197448057960933,0.8212109839359135,3d gaze,-283.8414726202645,75.21399517722551,531.3540148460818,832007.064482 832007.072552 832007.169383
403,832009.243193,153.31600001081824,12973,12978,0.23851016149173962,0.20472000137707738,0.5469013698764474,0.7652689449172193,3d gaze,-224.89098874624415,120.3407247588313,486.3566600647923,832009.243193 832009.299678 832009.396509
404,832009.780818,129.10500005818903,12989,12993,0.542261073798938,0.34609045873514593,0.08731335161692304,0.7621965506668056,3d gaze,68.72263385304663,82.71434031212405,887.7738091216806,832009.780818 832009.909923
405,832013.944455,137.1740000322461,13113,13117,0.5695886163113575,0.2122886535868322,1.352715821037128,0.7408811344616444,3d gaze,105.0054686532995,185.73068098599762,843.80499529491,832013.944455 832014.081629
406,832017.09139,169.45100005250424,13207,13212,0.5706692176551085,0.27158734884708585,0.2466581019379519,0.7515637577537243,3d gaze,108.1016183960474,141.12917409305317,864.6638221338562,832017.09139 832017.107529 832017.155943 832017.260841
407,832017.61588,121.03599996771663,13223,13226,0.5421349556413375,0.22488701285626214,0.7014519678041883,0.7766068991685847,3d gaze,66.75515774175223,176.2721417075385,851.4980096053209,832017.61588 832017.728847 832017.736916
408,832017.922504,217.86500001326203,13232,13238,0.5392151538240704,0.22875710137588667,0.8036530551010449,0.7631733255883995,3d gaze,62.699963905144315,173.34150762475772,852.9715816432811,832017.922504 832018.011264 832018.075816 832018.116162 832018.140369
409,832020.101152,80.68999997340143,13297,13299,0.518194177396154,0.235325148045955,0.8337375904545885,0.926822049416465,3d gaze,33.18116632032356,168.09013172552432,855.1401982090432,832020.101152 832020.181842
410,832020.19798,88.759999955073,13300,13303,0.5187188489773388,0.2589708798232743,0.21330499134269568,0.8657307725651769,3d gaze,34.124519589843736,150.30584306274216,863.419764601474,832020.19798 832020.254464 832020.28674
411,832020.795091,145.2430000063032,13318,13322,0.5588283652593268,0.20248490662618104,0.5795927887240168,0.8184942405607666,3d gaze,89.66744707569228,192.903241921432,841.317803478922,832020.795091 832020.80316 832020.940334
412,832021.263097,80.69100009743124,13332,13335,0.606538968697986,0.2038669704093107,0.3202987596876473,0.7813387392103611,3d gaze,156.0227746285601,191.57518114912864,831.4864613109836,832021.263097 832021.287304 832021.343788
413,832021.984613,137.1780000627041,13354,13358,0.2122687620612765,0.07502882769599165,0.5079396212830631,0.793801634342286,3d gaze,-231.85251893493324,172.48909860291167,426.2099051276788,832021.984613 832022.065306 832022.097583 832022.121791
414,832022.981808,80.68999997340143,13384,13386,0.46842597843941886,0.3063079370209253,0.8205898341967225,0.7516459853488446,3d gaze,-36.900805946773566,112.81495171646105,869.5115829769144,832022.981808 832023.04636 832023.062498
415,832024.08727,104.89700001198798,13417,13420,0.5617155495823904,0.2515841709488309,0.09008607676401303,0.7030951986909397,3d gaze,94.9224314505768,156.35779280556767,859.2947875351393,832024.08727 832024.192167
416,832025.499356,80.69099998101592,13459,13461,0.638864777545254,0.5491665880787547,0.3963705449563496,0.8238322622435434,3d gaze,210.72089794532147,-83.09956035636084,879.691781213727,832025.499356 832025.507425 832025.531632 832025.539701 832025.54777 832025.571978 832025.580047
417,832026.532196,80.69099998101592,13490,13492,0.7755839048317309,0.25991591379320156,1.282833232226592,0.836144098656257,3d gaze,377.1097572170361,142.14348368315294,736.602733563364,832026.532196 832026.548334 832026.572542 832026.596749 832026.612887
418,832027.19386,96.8280000379309,13509,13512,0.5884161985824056,0.5194564639198679,1.1679116254471298,0.8026217013808356,3d gaze,137.76185245580993,-58.96926031987473,899.3029149880275,832027.19386 832027.209998 832027.218067 832027.226136 832027.234205 832027.266481 832027.290688
419,832027.540829,80.69100009743124,13520,13522,0.7791547219050586,0.297176941783394,0.48046250529041545,0.8185410508049124,3d gaze,384.54196437937327,114.79630782591595,744.0389387342193,832027.540829 832027.613451 832027.62152
420,832029.445129,88.7589999474585,13576,13579,0.6572595605055717,0.32826551134468557,1.2389130649416926,0.8246592814633485,3d gaze,231.9681952451852,96.16538269822482,851.2948414268583,832029.445129 832029.453198 832029.469336 832029.501612 832029.533888
421,832029.856651,80.69099998101592,13589,13591,0.6883587283504965,0.31051380326686306,1.3418642171991544,0.7886306869595833,3d gaze,273.3747558218469,109.2571751322174,828.4727878625717,832029.856651 832029.86472 832029.880858 832029.896996 832029.913134 832029.937342
422,832032.132127,96.82899992913008,13657,13660,0.7633197598224901,0.3704824057858296,1.0837619330777315,0.8006227834996092,3d gaze,372.426355605747,60.5267164641597,779.4712376841384,832032.132127 832032.148265 832032.156334 832032.204749 832032.228956
423,832032.785721,80.69099998101592,13676,13679,0.7452699585347202,0.30211425797962943,1.2349333454760454,0.8308111038250676,3d gaze,346.09050261627715,113.44105296529841,781.6614041530615,832032.785721 832032.80186 832032.842205 832032.866412
424,832034.633537,80.69099998101592,13731,13734,0.601800897004787,0.32832968450791045,0.49648740840373445,0.7596932326746146,3d gaze,154.48409057769868,97.12547571082501,876.5864847630842,832034.633537 832034.641606 832034.657745 832034.714228
425,832035.141888,121.03600008413196,13746,13750,0.6123226924086543,0.3500035279795422,1.2865537773574605,0.7659248654848039,3d gaze,170.101071361311,79.76740071989163,878.0232852061789,832035.141888 832035.182234 832035.198372 832035.246786 832035.254855 832035.262924
426,832035.440444,88.75900006387383,13755,13758,0.65218653381262,0.25009345388932613,1.3875508619785581,0.797968193797416,3d gaze,221.67419371577427,156.75798950610195,832.9107470486509,832035.440444 832035.464651 832035.480789 832035.496927 832035.529203
427,832036.900945,96.8280000379309,13799,13802,0.6451170861761428,0.27994340326964895,0.48528314730876304,0.7950040880168595,3d gaze,213.5556514720703,134.27818852820124,846.2914462941199,832036.900945 832036.925152 832036.949359 832036.973566 832036.997773
428,832037.385088,121.03599996771663,13813,13817,0.7013022881455502,0.18782274823097792,1.1214645309234161,0.912510581921316,3d gaze,281.98586378179203,199.85496720082642,778.4090258990029,832037.385088 832037.409296 832037.449641 832037.506124
429,832039.216766,80.69099998101592,13868,13870,0.5754145176722891,0.1607509419356903,1.4751455051710898,0.8885526415596281,3d gaze,111.80258455407218,223.69127290382383,823.8758345536355,832039.216766 832039.224835 832039.232904 832039.297457
430,832039.426562,88.76000007148832,13874,13877,0.612913770161146,0.4228578474476314,0.9676569593992747,0.8299254873620188,3d gaze,172.69765003796425,20.726313787144235,889.9354557476288,832039.426562 832039.458838 832039.507253 832039.515322
431,832040.596576,104.89800001960248,13909,13912,0.634372746720414,0.2507568749326399,1.185018260005787,0.8269537242754558,3d gaze,197.3100923606538,156.7793371318175,841.671710824897,832040.596576 832040.636922 832040.669198 832040.701474
432,832041.968317,96.8290000455454,13950,13953,0.6648185369158834,0.17939775629252286,0.870805543994281,0.8135036361408993,3d gaze,234.06513813526874,207.9661046500574,798.3371401493059,832041.968317 832041.976386 832042.040939 832042.065146
433,832042.089353,96.82899992913008,13954,13957,0.6470811744731964,0.11837011995877536,1.0737178595957981,0.779700212561781,3d gaze,206.21635170926112,250.99974139486295,778.7879699627963,832042.089353 832042.153906 832042.161975 832042.186182
434,832044.421313,80.69099998101592,14023,14026,0.7016929574860249,0.2950704885979136,0.10906686873537205,0.8157205473236999,3d gaze,290.25018825706144,120.7203683990733,815.4695415703475,832044.421313 832044.437451 832044.493935 832044.502004
435,832044.663385,88.76000007148832,14031,14033,0.5989260072610079,0.4987891822182815,0.498080375852433,0.802313361481021,3d gaze,153.28790306610173,-41.91810342029818,898.521317225015,832044.663385 832044.671454 832044.736006 832044.752145
436,832045.171736,80.69099998101592,14046,14048,0.6450979951594904,0.311074615165211,0.7261296802121904,0.8055341069739879,3d gaze,214.683183309331,110.01169449852954,854.2003768664758,832045.171736 832045.252427
437,832045.817261,121.03599996771663,14065,14069,0.7139162424465756,0.19608268793062103,1.3636617908855553,0.8061585226135447,3d gaze,298.18822549255225,192.8708823008974,771.3327207489014,832045.817261 832045.833399 832045.841468 832045.865676 832045.873745 832045.938297
438,832048.58495,104.89799990318716,14148,14151,0.6546396023117335,0.25955677130239385,1.403309337763229,0.7873152913558185,3d gaze,225.21409897848716,149.31712980359694,833.6119883219395,832048.58495 832048.609158 832048.633365 832048.641434 832048.689848
439,832050.239109,88.75900006387383,14197,14200,0.6294489429021668,0.3049604497569818,0.5169891552548312,0.8094319280024729,3d gaze,192.53912866469813,115.02101142152134,859.2451718138146,832050.239109 832050.271385 832050.295592 832050.327868
440,832051.078291,121.03599996771663,14222,14226,0.6835406409188679,0.1797165629922609,0.8720285884449681,0.860097030831558,3d gaze,258.13308395275493,206.38782811769002,785.8819905961982,832051.078291 832051.126706 832051.199327
441,832051.731886,104.89800001960248,14242,14245,0.6828960093689931,0.2140737952847805,0.5568831702381601,0.7971981728107413,3d gaze,259.94274206723145,181.8498627959978,800.4468899892292,832051.731886 832051.788369 832051.812576 832051.836784
442,832052.635621,121.03600008413196,14269,14272,0.6909533701292248,0.24303602208254266,1.0332095863907145,0.7787896872745016,3d gaze,272.51142696173576,160.18505516799044,805.7422895809466,832052.635621 832052.675966 832052.716312 832052.748588 832052.756657
443,832053.281146,80.69099998101592,14288,14290,0.6659055744014922,0.2522294882706305,0.8476771714892956,0.8571185080719085,3d gaze,239.96545403636264,154.42922198751705,824.7576004395954,832053.281146 832053.33763 832053.361837
444,832053.902464,88.759999955073,14306,14309,0.7142764333850254,0.2084290954843956,1.0836645976294799,0.8937540335383487,3d gaze,299.6698790470083,184.0162030101836,775.8587115936043,832053.902464 832053.910533 832053.942809 832053.991224
445,832056.194078,80.69099998101592,14375,14377,0.6480656451325844,0.1558697265871251,1.4803561532470122,0.7923642086263324,3d gaze,209.9815792419551,225.03332537362985,795.6607122475225,832056.194078 832056.226355 832056.234424 832056.274769
446,832058.921422,104.89799990318716,14456,14459,0.6583132530634465,0.2592716451906041,1.413808759113533,0.8140348768237331,3d gaze,230.1882308650072,149.43104934310284,831.619206592923,832058.921422 832058.93756 832058.94563 832058.961768 832058.985975 832059.02632
447,832059.147356,88.759999955073,14463,14465,0.6417195120262493,0.2888046537512218,1.266648370016596,0.8051742428205756,3d gaze,208.95131597239788,127.32638273474375,849.2497520063386,832059.147356 832059.155425 832059.171563 832059.211909 832059.236116
448,832059.655707,80.69099998101592,14478,14480,0.6264018905373572,0.21675326802094425,0.617287462244768,0.8817471058874877,3d gaze,184.39122673347475,182.1515136685841,831.4854731895666,832059.655707 832059.663776 832059.728329 832059.736398
449,832059.921986,96.82899992913008,14486,14489,0.6961930430114608,0.189083637275497,1.0706967052499359,0.9096897561605465,3d gaze,275.17772811300233,198.99849854436852,781.4120215115266,832059.921986 832059.994608 832060.018815
450,832060.422268,80.69099998101592,14501,14503,0.6814520528424854,0.2564558717994506,1.3163913330835977,0.7951759110266552,3d gaze,260.97667238402386,150.6507159828659,816.7875412185956,832060.422268 832060.486821 832060.49489 832060.502959
451,832061.261451,129.10500005818903,14526,14530,0.7649284388229841,0.3796745651761096,1.348876314653364,0.8739339484214795,3d gaze,374.26013028412973,53.29030006561768,778.1115439806339,832061.261451 832061.326004 832061.390556
452,832061.608421,104.89800001960248,14536,14539,0.654815121206687,0.38623713142791233,1.0413911653859884,0.9122995941395153,3d gaze,230.83700878880032,50.161593981903415,864.6580382403439,832061.608421 832061.648766 832061.713319
453,832061.753664,80.69100009743124,14541,14543,0.6694533371016038,0.30994193465849973,1.0711349869333475,0.881769952919855,3d gaze,247.8838478515849,110.2404206152035,840.1239355719545,832061.753664 832061.794009 832061.818217 832061.834355
454,832061.906976,104.89799990318716,14545,14548,0.7151010895579487,0.31614443068405773,1.009399576979274,0.9164393368413114,3d gaze,308.6350615947746,103.95482053918607,810.096648849315,832061.906976 832061.939253 832062.011874
455,832062.253946,104.89800001960248,14556,14559,0.7566685946099643,0.23819350636553485,1.4689066701587055,0.8486542367822247,3d gaze,353.7636680337114,159.47837559573642,749.5436205912156,832062.253946 832062.270084 832062.31043 832062.318499 832062.334637 832062.358844
456,832063.561135,104.89700001198798,14595,14598,0.7063656333794202,0.30439206793800216,0.9891617002040914,0.8056136282396951,3d gaze,296.660951665828,113.31207316111617,813.8624010496418,832063.561135 832063.569204 832063.593411 832063.641825 832063.666032
457,832064.109831,137.1740000322461,14611,14615,0.6735700126729675,0.32437089029228633,0.8090928531482893,0.8446614697360255,3d gaze,254.20562469443948,98.91509372494993,841.4473995470947,832064.109831 832064.166314 832064.247005
458,832065.634884,96.82899992913008,14656,14659,0.7221666240124748,0.35826123075880406,1.0575631727943913,0.9141864411997841,3d gaze,320.0851955293606,71.11110262971333,813.8035180683195,832065.634884 832065.667161 832065.731713
459,832065.957647,145.2430000063032,14666,14670,0.7027202668895518,0.3469955262258826,0.9297080696960969,0.8497063995502783,3d gaze,294.2848782918472,80.46446355726756,826.9454774314439,832065.957647 832066.01413 832066.094821 832066.10289
460,832066.143235,88.76000007148832,14672,14674,0.6650852298182501,0.3994380837587131,0.5759814734548043,0.9053834235375318,3d gaze,245.575405010725,39.44498512426747,861.2231172809702,832066.143235 832066.183581 832066.231995
461,832067.208352,80.69099998101592,14703,14706,0.7086923748175922,0.2915435501021781,0.346659069026659,0.90260186192496,3d gaze,298.9146998714216,123.03219499281471,808.6789550621437,832067.208352 832067.272904 832067.289043
462,832068.539748,80.68999997340143,14743,14746,0.6322271980731565,0.3040167532143623,1.3890926399792447,0.8557126405284166,3d gaze,196.41101800601734,115.72542922384419,857.918805530457,832068.539748 832068.563955 832068.588162 832068.620438
463,832068.652715,104.89700001198798,14747,14750,0.6225785748029464,0.2746052276408988,1.3566554538514455,0.8383968320804315,3d gaze,181.73351120184037,138.65849125506438,853.2341603079419,832068.652715 832068.676922 832068.69306 832068.757612
464,832068.822165,88.759999955073,14752,14754,0.5895039798079399,0.21927274213516332,1.2580938667710844,0.8552304467698059,3d gaze,133.3391811875735,180.91503585065402,844.4294740268018,832068.822165 832068.886717 832068.910925
465,832073.292427,80.68999997340143,14885,14887,0.5467092410569885,0.3462694263140945,0.17105134760485266,0.9076636405387112,3d gaze,75.33873555261944,82.79998110149562,889.7947002396431,832073.292427 832073.373117
466,832076.269912,112.96699999365956,14974,14977,0.6591219339652159,0.2893663624555279,0.9800967377359803,0.8315800584115998,3d gaze,232.9041138522578,126.46652081473967,840.6438477096669,832076.269912 832076.277981 832076.302188 832076.334464 832076.382879
467,832078.311385,96.8290000455454,15035,15038,0.5886688199413797,0.36035677734197685,1.4089168139493258,0.9300870749541007,3d gaze,136.24108964116925,71.49116228067099,886.0717984761764,832078.311385 832078.335592 832078.384007 832078.408214
468,832078.464697,96.8290000455454,15039,15042,0.5603455406071806,0.3996599906086062,1.4628265346593876,0.8758667973677318,3d gaze,95.81225206765906,39.69945971408418,898.0665503686873,832078.464697 832078.480836 832078.505043 832078.545388 832078.553457 832078.561526
469,832078.755184,121.03599996771663,15048,15052,0.5810958442813932,0.3027498912549298,1.3084556378482965,0.7957634454376873,3d gaze,124.0219939294896,117.254938891195,874.0351795019039,832078.755184 832078.763253 832078.779391 832078.803598 832078.87622
470,832081.813359,112.96699999365956,15139,15142,0.6598125387995877,0.2727221087264616,1.1021289554507947,0.9384167742729187,3d gaze,232.9246509742213,139.15513018633766,835.0368156514396,832081.813359 832081.926326
471,832082.628335,129.1049999417737,15163,15167,0.7452424015954369,0.2233112031398765,1.370535337321999,0.8285962568119316,3d gaze,338.88405103521467,171.08488826915394,755.101859602273,832082.628335 832082.66868 832082.676749 832082.700956 832082.75744
472,832083.007581,80.69099998101592,15175,15177,0.6494253667081665,0.3759584675678302,1.1385909688572047,0.8268926601932891,3d gaze,223.0569042838684,58.48516058150153,865.9822336147274,832083.007581 832083.031788 832083.055995 832083.080202 832083.088272
473,832083.10441,80.68999997340143,15178,15180,0.677276206939265,0.3416265191925306,1.4731252061095894,0.8321287803284292,3d gaze,260.04682878832045,85.30225721302915,843.2296279835849,832083.10441 832083.120548 832083.136686 832083.160893 832083.1851
474,832083.289998,88.759999955073,15183,15186,0.598301806053082,0.4688900119801826,1.3139155977966186,0.8159542803230556,3d gaze,151.96830160385042,-17.150217317273412,897.0279106495897,832083.289998 832083.298067 832083.306136 832083.346482 832083.354551 832083.36262 832083.378758
475,832083.636968,96.8290000455454,15194,15196,0.7843079048069933,0.3041108300538499,0.4909483510172026,0.8390995498251201,3d gaze,391.6068691429063,109.54828340545977,741.5607679690401,832083.636968 832083.693451 832083.733797
476,832083.951661,145.24400001391768,15203,15207,0.6488192475792728,0.16647984276858535,0.34708128239351393,0.7887819498609036,3d gaze,211.7410713712602,217.62984271871605,800.3188330391117,832083.951661 832084.072697 832084.080766 832084.096905
477,832085.476715,112.96699999365956,15248,15252,0.6910737377313714,0.301483308145425,1.0599464017233637,0.8765510977485433,3d gaze,276.50562171872093,116.13351037349484,824.2936714737227,832085.476715 832085.484784 832085.51706 832085.549336 832085.589682
478,832088.099161,88.75900006387383,15327,15329,0.6756045924507802,0.5199414440641755,0.5365579336977715,0.7703731295205785,3d gaze,262.7094371934672,-58.70617658163605,862.6035474486752,832088.099161 832088.123368 832088.131437 832088.139506 832088.179851 832088.18792
479,832091.891621,88.759999955073,15440,15442,0.570348137334481,0.3204872857422791,1.0909532742535593,0.8325957424763345,3d gaze,109.01050059742025,103.31023358562456,880.7327704702669,832091.891621 832091.89969 832091.940036 832091.964243 832091.980381
480,832093.174603,121.03499996010214,15478,15482,0.7193659220260189,0.29017069241164595,0.8973810015831074,0.8318141854940376,3d gaze,312.5749124122959,123.61951308023397,800.0857894048822,832093.174603 832093.182672 832093.295638
481,832096.579748,104.89800001960248,15580,15583,0.6584927179309418,0.27538244224879693,1.2354395331237835,0.8462524940230269,3d gaze,231.4758425496911,137.28629177180449,837.2920462891507,832096.579748 832096.612024 832096.636231 832096.684646
482,832097.523828,80.69100009743124,15608,15610,0.6832763380102186,0.3656238094538902,1.210087797092866,0.9469653392404473,3d gaze,269.443961038659,66.29014557396142,845.0253186645905,832097.523828 832097.59645 832097.604519
483,832097.870798,96.82899992913008,15618,15621,0.6466898488524003,0.2830140678682991,1.0279243073894795,0.8773906357464276,3d gaze,215.70829943103053,131.77700656400725,845.7957043281106,832097.870798 832097.903074 832097.927282 832097.967627
484,832098.040249,112.96600010246038,15623,15627,0.652321556480169,0.37446571347726426,0.8805483745001196,0.8344566839071955,3d gaze,227.2251552263107,59.70265992083854,864.9012714867856,832098.040249 832098.064456 832098.088663 832098.104801 832098.153215
485,832099.960686,80.69100009743124,15681,15683,0.6327377459915631,0.2584144618037481,1.005531029695545,0.7855144155858342,3d gaze,195.243696154587,150.89082739637368,844.2649632557503,832099.960686 832100.001031 832100.0091 832100.017169 832100.025239 832100.041377
486,832100.259241,80.69099998101592,15690,15692,0.6718923308325994,0.30571099526821993,1.4493298337280052,0.8441506665487298,3d gaze,251.1600714310864,113.53884474790503,838.175423944278,832100.259241 832100.307656 832100.339932
487,832100.832145,88.759999955073,15707,15709,0.7112918019852991,0.2164172866898886,1.202314456540829,0.8168501185325819,3d gaze,296.7950230145605,178.59488672171483,781.7872219198089,832100.832145 832100.896697 832100.920905
488,832101.114562,80.69099998101592,15715,15717,0.6829850175942839,0.23200823523319458,0.5959188122097587,0.7529286330608524,3d gaze,261.5572782344318,168.87125057635345,807.8408697757212,832101.114562 832101.154908 832101.195253
489,832101.348565,129.10500005818903,15722,15726,0.6915939177194155,0.3252458151211873,1.1094763689242375,0.8236524770552209,3d gaze,278.6199341559556,97.79861060136031,830.4430363852418,832101.348565 832101.364703 832101.39698 832101.429256 832101.47767
490,832102.696099,80.69099998101592,15762,15765,0.6175373954678303,0.19533486549068152,1.4883237516721257,0.8481759817254669,3d gaze,171.23093646747648,198.11955248823875,826.6231250685523,832102.696099 832102.736444 832102.744513 832102.768721 832102.77679
491,832106.956565,80.69099998101592,15889,15892,0.699049851346777,0.2507191113615548,0.5274715187052803,0.7768917171689506,3d gaze,283.84128717850956,154.2388703396544,803.5022145682481,832106.956565 832107.00498 832107.021118 832107.037256
492,832107.642436,217.86399988923222,15910,15916,0.7364899562671234,0.3642056643664142,0.9835198553276047,0.78732209712516,3d gaze,338.8880299268791,66.15106635332367,803.3711545451873,832107.642436 832107.674712 832107.69085 832107.698919 832107.811886 832107.819955 832107.836093 832107.852231 832107.8603
493,832108.183063,88.76000007148832,15926,15929,0.656513743267358,0.147566739254502,1.142420050923677,0.8739334249916851,3d gaze,220.70366439077884,230.56174139238124,788.0463127200848,832108.183063 832108.20727 832108.215339 832108.271823
494,832109.853359,80.69100009743124,15976,15978,0.6840853354588036,0.34201212110209234,1.4823533566054783,0.8138209826657006,3d gaze,269.4570171844544,84.90619308712282,839.540774917304,832109.853359 832109.869498 832109.885636 832109.909843 832109.925981 832109.93405
495,832110.006672,80.68999997340143,15980,15983,0.7225923010248972,0.3734840945762404,0.6550497177306958,0.8588587299929978,3d gaze,321.7221905743746,59.255354692655104,817.1526778440065,832110.006672 832110.014741 832110.038948 832110.055086 832110.071224 832110.079293 832110.087362
496,832110.523092,88.759999955073,15996,15998,0.6868144177998913,0.41612207462321327,1.360009362912958,0.9329558188210219,3d gaze,276.07267272889544,25.84262069149628,850.3965329895983,832110.523092 832110.579575 832110.587644 832110.611852
497,832110.644128,104.89800001960248,15999,16003,0.6660498303955743,0.4288825799187419,0.2524667218764467,0.7609221919090667,3d gaze,247.95768606825044,15.634089151680449,865.024683226545,832110.644128 832110.660266 832110.676404 832110.749026
498,832111.386482,88.7589999474585,16022,16024,0.6961766031255907,0.3646940440617155,1.18397021652525,0.8196807367493849,3d gaze,286.7197908595983,66.75900861401058,835.9845790733037,832111.386482 832111.40262 832111.426827 832111.434896 832111.459103 832111.475241
499,832111.523656,80.69099998101592,16026,16028,0.696490807926,0.3832822117713784,0.8983572335654634,0.8208675567501071,3d gaze,287.94152420357034,52.018435173586255,839.098339399924,832111.523656 832111.588208 832111.604347
500,832111.741521,80.68999997340143,16032,16035,0.690607346284791,0.33709170890358275,0.19485930530683815,0.7846837020184859,3d gaze,278.0002863288369,88.61500767645086,834.1985287438363,832111.741521 832111.773797 832111.789935 832111.822211
501,832112.0078,96.82899992913008,16040,16043,0.7339046734252199,0.22482903470097995,1.132952150200822,0.8325194903591696,3d gaze,325.68644294291477,171.04333257944472,766.6625718320644,832112.0078 832112.015869 832112.040076 832112.048145 832112.08849 832112.104629
502,832114.638315,80.69099998101592,16119,16121,0.6350895352177269,0.2657350209787202,1.0790769322718592,0.7748339444098237,3d gaze,198.90678475855438,145.31234702660146,845.9186720037193,832114.638315 832114.646384 832114.670591 832114.67866 832114.719006
503,832115.203149,96.8290000455454,16135,16138,0.6699508539873745,0.41536424587309995,1.2334328819067706,0.7763884645872796,3d gaze,253.03129770080454,26.574019941779035,861.3381899476284,832115.203149 832115.211219 832115.227357 832115.235426 832115.243495 832115.259633 832115.299978
504,832115.993918,104.89800001960248,16159,16162,0.6353850534823207,0.26480994625199533,0.964171217412892,0.8631747086968328,3d gaze,199.27010849828272,146.01213408055858,845.4893763521492,832115.993918 832116.034263 832116.098816
505,832116.139161,80.69099998101592,16163,16166,0.6195925795389463,0.2690571408335006,1.3224607217203443,0.7924801702841425,3d gaze,177.4911279791275,143.08725172498535,853.3104222450293,832116.139161 832116.163368 832116.203713 832116.219852
506,832117.906286,137.1739999158308,16216,16220,0.6921412894964922,0.31517765415409094,1.2573205908089007,0.7996115439749629,3d gaze,278.8548872033433,105.61604068230004,827.6889700893983,832117.906286 832117.954701 832118.011184 832118.035391 832118.04346
507,832119.044024,88.76000007148832,16250,16253,0.6518114282247052,0.2444418286928739,0.27210395855842934,0.8722388981859313,3d gaze,220.7153848899109,160.92794384161326,830.6196409345865,832119.044024 832119.132784
508,832120.093003,80.68999997340143,16281,16284,0.6232966221371226,0.29915891275462614,1.06569437501849,0.906743391979152,3d gaze,183.8142126190709,119.71159178551174,860.6955858055097,832120.093003 832120.141417 832120.173693
509,832121.384053,88.759999955073,16320,16323,0.5722419461316623,0.38816049205024394,1.497254129134238,0.8401017752355253,3d gaze,113.0114203691567,49.07059469350613,894.8153619491434,832121.384053 832121.40826 832121.432467 832121.472813
510,832122.424962,80.69099998101592,16351,16353,0.5910121374783556,0.2542291725447086,0.8879873089258629,0.8252795626904156,3d gaze,136.75394975728562,154.7450550648309,857.2311159524647,832122.424962 832122.441101 832122.465308 832122.489515 832122.497584 832122.505653
511,832123.530424,80.69099998101592,16384,16386,0.7430458288753837,0.3082562780253298,0.9991459830193077,0.8072602624935962,3d gaze,343.5603824135628,108.84127258875033,784.8151019143925,832123.530424 832123.546562 832123.562701 832123.586908 832123.603046 832123.611115
512,832125.224928,104.89800001960248,16435,16438,0.711574304893358,0.426385991042386,1.1105650880037787,0.8567152499648338,3d gaze,309.51859910324384,17.413107604534343,833.4762998253779,832125.224928 832125.241066 832125.249135 832125.273342 832125.329826
513,832125.805901,88.7589999474585,16452,16455,0.5860952289703729,0.35432508608526636,0.8785311645419519,0.9041472030288185,3d gaze,132.46835996931674,76.39065184295555,885.896474419513,832125.805901 832125.862384 832125.878522 832125.89466
514,832126.056042,88.75900006387383,16459,16462,0.6499303049759979,0.18522912853402826,1.3629061341710698,0.9215729051684751,3d gaze,214.60820267374726,204.4167757272947,808.5182838676262,832126.056042 832126.064111 832126.104456 832126.144801
515,832126.177078,80.68999997340143,16463,16465,0.665777227232098,0.18189296102778296,0.0982543386097769,0.7589973417479948,3d gaze,235.4354273816707,206.08617565704822,798.6233109693729,832126.177078 832126.201285 832126.257768
516,832126.378804,80.69099998101592,16469,16471,0.720824986360306,0.232028393093857,0.7704188139034409,0.8047087420958425,3d gaze,310.157397277753,166.74998445947475,780.3332381948013,832126.378804 832126.386873 832126.443357 832126.451426 832126.459495
517,832126.507909,137.1739999158308,16473,16477,0.7494175463110385,0.33371888476211103,1.4075108638512912,0.8593515853272313,3d gaze,353.14777776880265,89.21005092937499,785.2581197979395,832126.507909 832126.556324 832126.564393 832126.620876 832126.628945 832126.645083
518,832126.693498,145.2430000063032,16478,16483,0.7155979199137175,0.35094472067872573,0.6130823495526939,0.7957746804965422,3d gaze,311.5894110748894,77.09611265505733,818.6259384819546,832126.693498 832126.733843 832126.766119 832126.806465 832126.838741
519,832126.919432,96.82799992151558,16485,16488,0.6829430465090736,0.34625663752928987,0.285566287667606,0.8666795268115083,3d gaze,268.17315527115767,81.6139829111435,841.4333320692425,832126.919432 832127.01626
520,832127.750545,88.76000007148832,16510,16513,0.6728273743407159,0.37027985536585184,1.0989931960373271,0.8118565913553955,3d gaze,255.4354439782015,62.762145679558145,852.5875821763827,832127.750545 832127.758614 832127.782821 832127.823167 832127.839305
521,832130.017952,104.89800001960248,16578,16581,0.7010106810770477,0.34032070525150837,1.1649269583950945,0.8341135245523077,3d gaze,291.8742188446704,85.7729972868786,827.266008347254,832130.017952 832130.026021 832130.050229 832130.114781 832130.12285
522,832130.405268,88.75900006387383,16589,16592,0.6905975075731954,0.24732801063849433,0.5183284324963477,0.8276890221714437,3d gaze,272.59201341248803,157.16808476777473,808.2254062863052,832130.405268 832130.429475 832130.494027
523,832130.526303,88.759999955073,16593,16595,0.6580474840081005,0.37131163546268714,1.0804569152487307,0.8101143755899605,3d gaze,235.02049830597602,62.14174132008985,861.0435005598466,832130.526303 832130.582787 832130.598925 832130.615063
524,832130.655409,104.89700001198798,16597,16600,0.6407036989572874,0.38398456104755213,0.18881326330458292,0.926357081873463,3d gaze,211.18600198763022,52.154878145993976,872.1273786433857,832130.655409 832130.760306
525,832132.075564,177.5189999025315,16639,16644,0.644337173135146,0.42893894526684934,1.258106495837134,0.8772359564508864,3d gaze,217.47157612802857,15.652608957013195,876.4066118598888,832132.075564 832132.099771 832132.1966 832132.212738 832132.245014 832132.253083
526,832133.084197,80.69099998101592,16669,16671,0.7177687261518633,0.3121773814321417,1.4360720990730298,0.8018990583357264,3d gaze,312.0294637775513,106.96596603299808,807.5153347395551,832133.084197 832133.092266 832133.124542 832133.156819 832133.164888
527,832134.601181,80.69099998101592,16714,16717,0.6389864549733011,0.2978740801766807,1.2740815200711437,0.8064982428975564,3d gaze,205.6560056456508,120.42000399969545,853.5038844403986,832134.601181 832134.60925 832134.617319 832134.649596 832134.681872
528,832136.804036,129.1049999417737,16780,16784,0.6711793357639374,0.2939517959442047,0.09294086185142844,0.7999542280081892,3d gaze,249.65269683151885,122.66562237241511,835.5548612799518,832136.804036 832136.900865 832136.933141
529,832137.594804,88.759999955073,16804,16806,0.6577090351381246,0.263285967094559,1.306235146209477,0.8934770894623545,3d gaze,229.74938167415863,146.51130789494104,833.7898460482241,832137.594804 832137.610942 832137.63515 832137.683564
530,832138.450125,88.76000007148832,16829,16832,0.6462458811211924,0.34876662796362834,0.6067330277028573,0.8435995216388248,3d gaze,217.86855791980034,80.31599526856257,863.0321495285785,832138.450125 832138.466263 832138.522747 832138.538885
531,832138.587299,153.31199998036027,16833,16838,0.6610712907351681,0.37595058199040865,0.013695012644834898,0.7744638524256859,3d gaze,239.4604984764552,58.40788556782478,860.5338617545613,832138.587299 832138.595368 832138.603437 832138.740611
532,832139.265101,104.89800001960248,16854,16857,0.73431947429268,0.27112367060128656,1.0900596420430073,0.8274116325374243,3d gaze,330.0320008131151,137.13176281486506,781.9905473221803,832139.265101 832139.289308 832139.305446 832139.329653 832139.337722 832139.369999
533,832139.53138,80.69000008981675,16861,16864,0.75208527134542,0.28569100390048596,0.7927789914095581,0.9106170237104806,3d gaze,352.84089824553917,125.27079737909013,770.1092045538575,832139.53138 832139.563656 832139.61207
534,832142.597624,88.759999955073,16953,16956,0.7246358673024184,0.2713163219156026,0.7664758953099925,0.8543467428213576,3d gaze,318.02876692706104,137.56292782432257,790.445525304151,832142.597624 832142.605694 832142.629901 832142.686384
535,832143.848329,112.96700011007488,16990,16994,0.6654511857944878,0.14011324618443596,1.2721958187165399,0.8473979832369054,3d gaze,231.78826797974992,235.19146089579306,779.580504526635,832143.848329 832143.888675 832143.896744 832143.961296
536,832144.122678,88.7589999474585,16998,17001,0.6652163147837232,0.20891045189625554,1.3630227579059417,0.8817932623165893,3d gaze,236.56247798610357,186.64791246284668,810.0070448080618,832144.122678 832144.179161 832144.211437
537,832146.325532,80.69099998101592,17064,17067,0.7066037025322796,0.2972322349164769,1.3920550777320368,0.8124610896431637,3d gaze,296.7776414090244,118.8764250815909,812.4105406209305,832146.325532 832146.34974 832146.357809 832146.406223
538,832146.825814,80.69099998101592,17079,17082,0.7589769323586986,0.24287522020325786,0.5938395303740487,0.894441931119261,3d gaze,357.285862732619,156.1163332334998,749.7536370836531,832146.825814 832146.906505
539,832148.254039,129.1049999417737,17122,17126,0.6153016271915973,0.3163146781476307,1.3934041080709914,0.8811463250242307,3d gaze,173.19793275328112,106.40994092812365,868.5235128163674,832148.254039 832148.318591 832148.367006 832148.383144
540,832149.157774,88.76000007148832,17149,17151,0.8024537338959098,0.2692190089652705,0.962815132051693,0.8058030286116761,3d gaze,408.3879086660457,133.54949532758116,711.1240624526102,832149.157774 832149.222327 832149.246534
541,832149.496675,80.69100009743124,17159,17161,0.7295110458105705,0.26577522237938667,0.9635493752766869,0.8850795056249092,3d gaze,323.62109880898004,141.38466268850252,784.3981221081418,832149.496675 832149.512813 832149.520882 832149.553158 832149.577366
542,832149.779092,88.76000007148832,17167,17170,0.6528894229086818,0.2614466207378464,0.9466267294601376,0.8424304149335917,3d gaze,223.08614829587077,148.05526491907065,835.7283195574937,832149.779092 832149.787161 832149.867852
543,832150.384272,121.03599996771663,17185,17189,0.7495457932072668,0.21971298726564276,1.1652883595530104,0.8858277330558424,3d gaze,344.0071332605568,173.46988442061382,750.5397630838365,832150.384272 832150.392341 832150.408479 832150.448824 832150.505308
544,832151.368698,121.03599996771663,17215,17218,0.7595878006884795,0.17273578265563844,0.5525639780481819,0.8256784513482773,3d gaze,350.625294559648,205.09554720694442,721.6366568861099,832151.368698 832151.400974 832151.425181 832151.489734
545,832152.942166,80.68999997340143,17262,17264,0.6590766607149467,0.35414292025954647,1.2527692198854297,0.8282881405227636,3d gaze,235.93604359007335,75.85750987820725,857.6015790910027,832152.942166 832152.958304 832153.006718 832153.022856
546,832154.620531,80.69099998101592,17312,17314,0.638553749017871,0.28472903025376944,1.1402223111741108,0.96715601348106,3d gaze,204.58910868898818,130.65776593407492,850.3637971426047,832154.620531 832154.701222
547,832154.935225,80.68999997340143,17321,17324,0.6457899005619239,0.35044349068197933,0.6101579262680134,0.830805736219122,3d gaze,217.29200610852482,78.99102146112345,863.6167779478332,832154.935225 832154.959432 832154.967501 832154.983639 832154.991708 832155.015915
548,832157.638361,80.69099998101592,17402,17404,0.7191003463075744,0.35733456736962327,0.6192786422929972,0.9003654112715965,3d gaze,316.480369711385,72.00929666281787,817.1705326091675,832157.638361 832157.662568 832157.719052
549,832159.478108,88.759999955073,17457,17459,0.7473704660572924,0.3030776266397567,1.4991385827801698,0.8546416712405348,3d gaze,348.516353472417,112.55405045115567,779.5711648124474,832159.478108 832159.510384 832159.566868
550,832161.664825,88.75900006387383,17522,17525,0.7515396741873782,0.25011237858554364,0.6010670847473051,0.8110651721016985,3d gaze,349.1311269557105,151.42521649932112,759.3290288353638,832161.664825 832161.729377 832161.753584
551,832161.939173,80.68999997340143,17530,17533,0.6130352092534248,0.32881049822338737,1.1695659234881361,0.8203176187435872,3d gaze,170.33339659176602,96.54042465171474,872.1246378629821,832161.939173 832161.947242 832161.979518 832162.019863
552,832164.335685,80.69099998101592,17602,17604,0.6406817949151067,0.25670983850721873,1.4397364744279482,0.9196272106354714,3d gaze,206.01030822674988,151.9122996955326,839.7570276311623,832164.335685 832164.400238 832164.416376
553,832164.432514,96.8290000455454,17605,17607,0.6387549422016763,0.3521531151690021,1.3676016198714422,0.9219913416719656,3d gaze,207.35669432802487,77.66749026884028,866.6596590146555,832164.432514 832164.529343
554,832166.135086,80.69099998101592,17655,17658,0.6323345660209457,0.3135910405794624,0.6545816146305328,0.8509697004023747,3d gaze,196.96712867177757,108.25164088131714,860.572316082052,832166.135086 832166.215777
555,832168.975397,88.76000007148832,17740,17743,0.8421725057890223,0.099522581748362,1.4951281247491628,0.7626891006739959,3d gaze,421.8030028187149,238.11320719757117,589.3936290510604,832168.975397 832168.983466 832168.991535 832168.999604 832169.007674 832169.031881 832169.064157
556,832169.935616,80.69099998101592,17769,17771,0.6270577991488905,0.31694747480253865,1.0548810522483314,0.8882170678124662,3d gaze,189.74798807046295,105.72269474949086,863.8871805492944,832169.935616 832170.008238 832170.016307
557,832170.137343,80.68999997340143,17775,17777,0.6316627329691031,0.23895826351240068,0.7621819910184028,0.7987779647586593,3d gaze,192.82846292615196,165.60065615086853,838.0313780413082,832170.137343 832170.218033
558,832170.871628,80.68999997340143,17797,17799,0.7783525696799828,0.14232560703219493,1.4045402320740843,0.8471865928482801,3d gaze,367.57117748270684,222.9460789326982,688.4189648743104,832170.871628 832170.879697 832170.887766 832170.944249 832170.952318
559,832172.49351,88.75900006387383,17845,17848,0.771023782950197,0.2124509628933305,1.3385858347537496,0.8118940706924788,3d gaze,367.9959041044281,176.56799644254596,726.3001804288537,832172.49351 832172.501579 832172.509648 832172.517717 832172.558062 832172.5742 832172.582269
560,832174.026632,80.69099998101592,17891,17893,0.5771825635158733,0.4159965049746216,1.4380983505195133,0.8462812040917148,3d gaze,120.56984384786286,26.36237745702577,897.6428539974031,832174.026632 832174.034701 832174.050839 832174.099253 832174.107323
561,832176.11652,88.7589999474585,17953,17956,0.6436229504419242,0.4039896459676594,0.6661110889412949,0.9580859217396374,3d gaze,215.84076974957776,35.947366078672474,873.6902523416979,832176.11652 832176.205279
562,832184.274344,88.759999955073,18197,18199,0.6872140780385694,0.15403066439170074,1.0572524706118003,0.8449702022831195,3d gaze,261.0673908700861,224.34245372279327,773.0545008751669,832184.274344 832184.290482 832184.363104
563,832184.758488,88.759999955073,18211,18214,0.7079126155086877,0.22939551128245364,1.367601527439412,0.8717612516629523,3d gaze,293.7374114345458,169.50031620222165,789.6985582620373,832184.758488 832184.782695 832184.790764 832184.847248
564,832186.194782,88.7589999474585,18254,18257,0.7102419925594204,0.25666196345815445,1.3547576522964513,0.8475418728198391,3d gaze,298.7093927475502,149.24416152964378,797.265703211984,832186.194782 832186.227058 832186.283541
565,832195.498413,80.69099998101592,18532,18534,0.7888567722904748,0.10725834814527666,1.3087044756983726,0.9170088575717843,3d gaze,373.5703016756376,243.56612806517018,659.565421109274,832195.498413 832195.53069 832195.571035 832195.579104
566,832195.724347,112.96699999365956,18538,18542,0.738327793319641,0.22372905392866652,0.5859963808680138,0.853701727062028,3d gaze,330.884486762195,171.4552237128998,762.1638782383673,832195.724347 832195.772762 832195.829245 832195.837314
567,832196.837878,80.69099998101592,18572,18574,0.6777925559274127,0.16828649589914924,1.218433574871848,0.8325637396406167,3d gaze,249.9988640397854,214.919184559999,785.1592529328543,832196.837878 832196.918569
568,832200.945032,121.03600008413196,18694,18698,0.6173896094624175,0.15662727988036584,1.482366602403142,0.8520316648715595,3d gaze,168.9490584892726,225.68561071453257,809.4908277292802,832200.945032 832200.953101 832201.066068
569,832201.187104,88.759999955073,18701,18704,0.7192745735260461,0.16880434486935447,0.2243301824217094,0.7842237586136299,3d gaze,302.385343026369,211.59256298145505,755.7559047790648,832201.187104 832201.195173 832201.211311 832201.275864
570,832203.607823,104.89799990318716,18774,18777,0.7983931349676793,0.10713215849315831,1.298721934989297,0.8225474852097463,3d gaze,383.11572979151015,242.06323006224034,648.5839682492111,832203.607823 832203.6401 832203.672376 832203.688514 832203.712721
571,832206.730552,80.68999997340143,18867,18869,0.6706793059655327,0.20768307101686345,1.3311635094388639,0.8136427814361669,3d gaze,243.5881208679383,187.16864052147753,805.905636752153,832206.730552 832206.811242
572,832207.497113,104.89800001960248,18890,18893,0.743336221405843,0.16287446607628314,0.9836360850787668,0.8395527696853501,3d gaze,330.62265910899396,213.4078213597715,732.4523801573807,832207.497113 832207.505182 832207.513251 832207.593941 832207.602011
573,832209.078649,104.89800001960248,18937,18940,0.7651667140643389,0.11744934556170883,1.1196236380939273,0.8858231366148756,3d gaze,349.8206659866136,240.66224696681616,689.7574900696932,832209.078649 832209.086719 832209.183547
574,832209.643484,80.69099998101592,18954,18956,0.8227039173112696,0.0538984343123801,1.4862136042596277,0.8836806144253966,3d gaze,396.61678185260814,268.25949024136963,589.9623592485528,832209.643484 832209.651553 832209.659622 832209.716106 832209.724175
575,832212.516071,88.759999955073,19039,19042,0.68908087255911,0.23042355983039414,1.356901136068596,0.8263181020341831,3d gaze,269.3958039115793,169.710080421155,803.0885484136397,832212.516071 832212.52414 832212.540278 832212.604831
576,832212.976008,80.68999997340143,19053,19056,0.6622197102918111,0.22459651058929056,1.3914236329202438,0.9716049667132297,3d gaze,233.50279903241187,175.2140401005315,817.4796192009629,832212.976008 832213.048629 832213.056698
577,832214.234782,112.96699999365956,19091,19094,0.6082853442812799,0.30137533852877413,0.6369578920660209,0.9475749322653861,3d gaze,162.67442369937686,118.1522613569,866.4382708473288,832214.234782 832214.347749
578,832215.130448,96.82899992913008,19117,19120,0.6935430342274675,0.18027077953117415,1.4094724462551689,0.8703554084129387,3d gaze,271.2413037181964,205.53398574487545,780.0802958557007,832215.130448 832215.178862 832215.195001 832215.20307 832215.227277
579,832219.608779,153.31199998036027,19251,19256,0.7095904122644906,0.22096286775462484,1.3450941267452807,0.8138754639692948,3d gaze,295.0704887844568,175.47242645853694,784.9986596975808,832219.608779 832219.632986 832219.673332 832219.681401 832219.729815 832219.762091
580,832220.665826,80.69099998101592,19283,19285,0.7914837747345818,0.06604555589120997,0.693618582080206,0.8751777177924653,3d gaze,369.63412668936536,267.7710221257374,634.2497259098214,832220.665826 832220.714241 832220.746517
581,832221.166108,121.03599996771663,19298,19301,0.7167485843494422,0.020042021029288093,1.3815832608671674,0.8845865006370358,3d gaze,281.99980339337776,305.89464689926155,677.6743599298701,832221.166108 832221.182247 832221.190316 832221.198385 832221.287144
582,832222.045637,80.68999997340143,19324,19326,0.8131807414412506,0.13237661254431649,0.962100091885406,0.864970645129818,3d gaze,401.78853273519184,224.13284757203473,644.0239444236327,832222.045637 832222.085982 832222.118258 832222.126327
583,832222.263501,145.2430000063032,19330,19335,0.8076640575022573,0.1320375194530767,1.2952736589397083,0.8573483580307932,3d gaze,396.3729844720008,225.23579935882012,650.465940894004,832222.263501 832222.27157 832222.295778 832222.400675 832222.408744
584,832222.917096,121.03599996771663,19350,19353,0.7771244672477138,0.044300894136921155,0.41603522005543786,0.8778342337002811,3d gaze,351.48950071377425,282.79774986505254,637.1209823465099,832222.917096 832222.957441 832222.96551 832222.973579 832223.038132
585,832226.411001,104.89700001198798,19454,19457,0.7264195965900209,0.13245411612347385,0.2469944334388728,0.9662468887988174,3d gaze,307.26989917994865,235.5075336751736,733.0124676065366,832226.411001 832226.515898
586,832226.967766,121.03600008413196,19471,19474,0.7090062948324078,0.30151936281352243,1.125160373616222,0.9387404368715357,3d gaze,300.1091901718986,115.48204055822056,811.60245689913,832226.967766 832227.088802
587,832230.171185,80.68999997340143,19566,19569,0.7034654675365996,0.20926148117149052,1.2917688705142791,0.8768975926813602,3d gaze,286.2882542964728,184.2753479466885,784.8730947033147,832230.171185 832230.251875
588,832230.510086,112.96599998604506,19576,19580,0.7612608031136922,0.12407106205780888,1.4177558023549106,0.9485132529655877,3d gaze,346.3668176348405,236.92193116163438,696.8805336886111,832230.510086 832230.542362 832230.582707 832230.623052
589,832231.809205,121.03599996771663,19615,19618,0.6919150432616514,0.3255618531203514,1.357305682515208,0.8444961959736265,3d gaze,279.09779753678464,97.5344284478356,830.3940445783204,832231.809205 832231.825343 832231.930241
590,832232.349832,80.69099998101592,19630,19633,0.7408934635878772,0.2831228196312544,1.108107986183254,0.8482097389601553,3d gaze,339.15600279177704,127.86443920612477,780.0104413901852,832232.349832 832232.414385 832232.422454 832232.430523
591,832232.503145,88.75900006387383,19635,19638,0.666515593853277,0.3104199738298329,1.4701373743850632,0.8642666420333145,3d gaze,244.1564169403305,110.05669408419398,842.8141749277228,832232.503145 832232.511214 832232.527352 832232.591904
592,832232.680664,88.76000007148832,19640,19643,0.6770979346810274,0.37355709312790525,1.3836498327468396,0.806114526731332,3d gaze,261.34103712025103,60.0679196193878,850.3700428437891,832232.680664 832232.71294 832232.729078 832232.737147 832232.753286 832232.769424
593,832232.8017,80.69100009743124,19644,19646,0.7036127474717638,0.3143958024570457,1.1332536863926614,0.9128468822584859,3d gaze,293.95308235752236,105.82187807130727,819.3481994123191,832232.8017 832232.842045 832232.882391
594,832233.979783,88.76000007148832,19679,19682,0.7154769660911582,0.40218078833225346,0.903425437119001,0.8069258901273684,3d gaze,313.87139965694615,36.71394527997453,827.7635743787745,832233.979783 832234.01206 832234.036267 832234.068543
595,832234.480065,88.759999955073,19694,19697,0.6136997881362446,0.3304263299770322,1.4941856547079106,0.8359686809872421,3d gaze,171.37242076117806,95.2776495193781,872.4928546533787,832234.480065 832234.504273 832234.512342 832234.544618 832234.560756 832234.568825
596,832236.440848,96.8290000455454,19752,19755,0.7386329716839258,0.3082359249167845,1.0663722756025238,0.8010742456648673,3d gaze,338.35338385479025,109.13659422502666,789.381273427212,832236.440848 832236.448917 832236.537677
597,832236.997614,80.68999997340143,19769,19771,0.6743559897539252,0.31236106011621023,0.6107314891932498,0.785002290492608,3d gaze,255.03503754042373,108.39316351811455,839.1006879400254,832236.997614 832237.037959 832237.054097 832237.078304
598,832237.280031,96.82899992913008,19777,19780,0.7250178189517108,0.2201224058317444,1.2009716682248852,0.9117853502787265,3d gaze,314.5524181874072,175.18973852930927,772.9573736566341,832237.280031 832237.344583 832237.37686
599,832237.965901,80.69100009743124,19798,19800,0.7253205881355886,0.3235242399245262,0.9967875571231025,0.8470830784155888,3d gaze,322.6097226108769,98.03755898056227,804.7506581342749,832237.965901 832237.990109 832238.006247 832238.014316 832238.030454 832238.046592
600,832238.103076,80.68999997340143,19802,19804,0.7183972939910094,0.3583254136300695,1.4869596191498233,0.8004484130707178,3d gaze,315.6743766475353,71.26147807613043,818.0823081694823,832238.103076 832238.127283 832238.143421 832238.167628 832238.183766
601,832238.466183,121.03599996771663,19813,19816,0.5764727407104236,0.3855475017920097,0.9294795349060998,0.8507945549557723,3d gaze,119.11654403731309,51.20294501741107,893.6749731360576,832238.466183 832238.474252 832238.490391 832238.530736 832238.587219
602,832238.974534,96.82899992913008,19828,19831,0.7281130963350604,0.3401566125467161,1.036057269061527,0.8477297771653447,3d gaze,327.18112270316254,85.12483386917341,806.3241115898276,832238.974534 832239.01488 832239.071363
603,832239.87827,80.68999997340143,19855,19857,0.7519087995529331,0.3786681345593427,0.7918586288956823,0.8395426263460453,3d gaze,359.0718195192859,54.52075625368838,792.2415317856801,832239.87827 832239.886339 832239.942822 832239.95896
604,832239.967029,80.69099998101592,19858,19860,0.7406303439792984,0.4149476267926353,0.16283653026523667,0.7705902894747924,3d gaze,346.7382352925512,26.282203560833537,807.9934297248882,832239.967029 832239.991237 832239.999306 832240.04772
605,832240.313999,112.96699999365956,19868,19871,0.690298053375404,0.34761372445756555,1.1588840820105684,0.825741746352843,3d gaze,278.1760754500429,80.39356987811591,836.9570989309083,832240.313999 832240.338206 832240.378552 832240.386621 832240.426966
606,832240.435035,88.76000007148832,19872,19874,0.6974749577773924,0.3670118456877982,1.0640919109504354,0.8402702602629368,3d gaze,288.6463323783857,64.92074899720073,835.7717546893931,832240.435035 832240.459242 832240.507657 832240.515726 832240.523795
607,832242.323196,96.8290000455454,19928,19931,0.6384517780431481,0.4227771349652141,0.0889084929279435,0.7809341527338363,3d gaze,209.1174580787784,20.711843913032133,879.0324812757278,832242.323196 832242.331266 832242.347404 832242.371611 832242.420025
608,832244.461499,96.8280000379309,19992,19995,0.6600805477638534,0.16235877853684824,0.7690206487687523,0.813595603817888,3d gaze,226.663589373322,220.29380153692736,793.6655445270702,832244.461499 832244.501844 832244.517982 832244.558327
609,832245.558891,121.03599996771663,20024,20028,0.731921588678222,0.2646656213504786,1.0842161909727153,0.7600627126025662,3d gaze,326.8375881759745,142.1930672071617,782.7069114021066,832245.558891 832245.57503 832245.599237 832245.663789 832245.671858 832245.679927
610,832246.244762,104.89799990318716,20045,20048,0.6578580204212312,0.33743670855592084,1.1583600712372946,0.8226268165476328,3d gaze,233.60608943356732,89.11787027957942,854.734547514211,832246.244762 832246.277038 832246.317384 832246.34966
611,832246.567524,88.76000007148832,20055,20057,0.6261153573921071,0.4610583840775373,0.7472284352933166,0.844542691332208,3d gaze,192.22231096862893,-10.669096113596916,887.6958779616701,832246.567524 832246.599801 832246.656284
612,832247.164635,145.24299988988787,20072,20077,0.6779251545456969,0.31501657809610945,1.1173110633667727,0.8410005409483086,3d gaze,259.9827992424511,106.21969867919832,837.5398834970911,832247.164635 832247.196912 832247.21305 832247.237257 832247.245326 832247.253395 832247.269533 832247.301809 832247.309878
613,832247.430914,80.69099998101592,20080,20083,0.7260282769930436,0.34102201668375376,1.388316939071393,0.8513768754284292,3d gaze,324.6056753686358,84.51254941027469,808.3236296785761,832247.430914 832247.447053 832247.487398 832247.511605
614,832250.674678,137.17499992344528,20177,20181,0.7087384557145812,0.28299150688495656,1.3745631263800788,0.8357854547693561,3d gaze,298.8562636961657,129.6911370846862,807.3382488232531,832250.674678 832250.715024 832250.739231 832250.811853
615,832251.045855,80.69099998101592,20188,20191,0.7035472811043417,0.3183357122479237,1.0878004452388974,0.8786498088570993,3d gaze,294.292027560481,102.86892109895231,820.9723773488532,832251.045855 832251.086201 832251.118477 832251.126546
616,832251.17496,88.76000007148832,20192,20195,0.7041914149075801,0.33874980215505823,1.1686611160926352,0.7776773951203767,3d gaze,296.26163685473017,86.98401202976443,825.3340096982741,832251.17496 832251.223375 832251.231444 832251.247582 832251.26372
617,832251.941522,80.68999997340143,20215,20217,0.7832530580924959,0.23902027714671323,1.4873990709200717,0.8779430679222023,3d gaze,384.920622669685,156.92558278386016,723.8611864539521,832251.941522 832251.949591 832251.965729 832251.998005 832252.006074 832252.022212
618,832252.070627,80.69000008981675,20219,20221,0.7674648040293869,0.2490500785620034,0.45016102634008903,0.8011023372621131,3d gaze,368.1009695246734,151.14706876781779,744.1005108438653,832252.070627 832252.094834 832252.110972 832252.151317
619,832252.748428,80.69099998101592,20239,20241,0.7070987058737503,0.34041517861077464,1.316948837672568,0.83195902944241,3d gaze,300.11021527672847,85.59912240709497,823.393497046708,832252.748428 832252.764566 832252.772635 832252.829119
620,832254.20086,80.68999997340143,20282,20285,0.6863620079269747,0.36871947615705025,0.15449210789154608,0.8277073365770291,3d gaze,273.8686254489032,63.803973131097415,843.9737967798659,832254.20086 832254.257343 832254.28155
621,832255.935709,80.68999997340143,20334,20337,0.6803113620083209,0.45583599556113114,0.7788472526297465,0.8110205068283837,3d gaze,268.4351696260296,-6.306282036603474,858.9660652239896,832255.935709 832255.951847 832255.959916 832255.976054 832255.984123 832256.000261 832256.016399
622,832258.719536,88.759999955073,20417,20420,0.629916470569697,0.4509306807175788,1.0219242374630038,0.8131652643573494,3d gaze,197.5224285221938,-2.3370980818014204,885.4838743736833,832258.719536 832258.735674 832258.751812 832258.76795 832258.808296
623,832259.026161,80.68999997340143,20426,20429,0.7243768293565869,0.34552019358670294,1.2944876424312972,0.7917141195935887,3d gaze,322.8001044058031,81.09594774690557,810.803924453831,832259.026161 832259.050368 832259.058437 832259.074575 832259.090713 832259.106851
624,832259.89762,88.75900006387383,20452,20455,0.7192561178635224,0.36439038522314543,1.1277207437765915,0.7947270289188957,3d gaze,317.19070522536254,66.51261009788352,818.7978105955366,832259.89762 832259.929896 832259.970241 832259.97831 832259.986379
625,832261.317775,88.759999955073,20495,20497,0.6899250786557798,0.30648837192743994,0.6966425723316297,0.8275448921326388,3d gaze,275.6102377889909,112.46570101045839,827.4710235851962,832261.317775 832261.325844 832261.398466 832261.406535
626,832261.600192,80.69099998101592,20503,20506,0.6274389794353958,0.40952706581784215,0.2179134053838025,0.7607647786150815,3d gaze,193.12955091247377,31.556456956524425,882.16954431729,832261.600192 832261.61633 832261.672814 832261.680883
627,832261.842264,80.69099998101592,20510,20513,0.7194203371173634,0.32986596513259386,1.4911668785574095,0.826727417102744,3d gaze,315.497250879487,93.3913100570438,811.2614002564417,832261.842264 832261.882609 832261.890679 832261.906817 832261.922955
628,832264.053188,80.69099998101592,20576,20579,0.6367961877347292,0.4737422459530157,0.7186749715438021,0.8069114461109965,3d gaze,207.6673352717026,-21.086559115358483,883.5959703547508,832264.053188 832264.061257 832264.109671 832264.11774 832264.133879
629,832265.005338,88.7589999474585,20605,20607,0.6485747498463872,0.41198845347567126,0.3665084740351854,0.8204800420215896,3d gaze,223.12682533038856,29.44607971109147,872.7154505107633,832265.005338 832265.045683 832265.053752 832265.094097
630,832265.545965,80.69099998101592,20621,20623,0.7327102509792149,0.3550422878248701,0.9573372216142501,0.937228996576313,3d gaze,333.86192978567226,73.42120897933836,805.5007069186894,832265.545965 832265.626656
631,832265.957487,88.759999955073,20633,20636,0.7412915381774736,0.21820955480835966,0.9426086439479274,0.8204370840639911,3d gaze,334.25667794996514,175.331796818417,758.1307367437372,832265.957487 832265.989763 832265.997833 832266.013971 832266.046247
632,832266.748256,80.68999997340143,20657,20659,0.6837718182222042,0.3306155580978873,1.0964238516784857,0.8226295876795492,3d gaze,268.60185349192346,93.88519432257486,837.5460632955052,832266.748256 832266.828946
633,832266.949982,88.759999955073,20663,20665,0.703484693325031,0.3353284462450784,0.5656709746341355,0.8147808085574522,3d gaze,295.03876901619407,89.65120789664577,824.7845789131683,832266.949982 832266.96612 832266.990327 832266.998397 832267.006466 832267.014535 832267.022604 832267.038742
634,832268.031237,80.68999997340143,20695,20698,0.6851452500233023,0.47577389427138317,0.97657470114896,0.877598876572196,3d gaze,275.3718774494998,-22.526655114957133,856.5023142575942,832268.031237 832268.055444 832268.063513 832268.08772 832268.103858 832268.111927
635,832268.200687,80.69100009743124,20700,20703,0.7477949582846052,0.3135258602321779,0.764933364115889,0.8276972448825837,3d gaze,350.0111601769886,104.70196788645241,782.3961292293352,832268.200687 832268.208756 832268.224894 832268.281378
636,832268.297516,104.89800001960248,20703,20706,0.748848602580805,0.3138902409863596,1.0123815368683466,0.7503386412486274,3d gaze,351.3252169916061,104.37332157291434,781.4898772532159,832268.297516 832268.305585 832268.313654 832268.337861 832268.362069 832268.402414
637,832271.557418,96.8290000455454,20800,20803,0.6509945572273516,0.4257267370844477,1.3254664449490028,0.8717182842577411,3d gaze,226.85028739538177,18.250806348162982,872.9752958347844,832271.557418 832271.573556 832271.638109 832271.654247
638,832271.751076,96.82899992913008,20806,20809,0.6959896928335536,0.3411654917507703,0.7872288737004639,0.8492057346456019,3d gaze,285.45546081366393,85.31196507981227,831.5999474295155,832271.751076 832271.847905
639,832272.824261,80.69099998101592,20838,20841,0.6319477555862236,0.4598835904169913,1.351355846096814,0.8836948909211422,3d gaze,200.52469473489657,-9.696660017174068,884.9599076476582,832272.824261 832272.83233 832272.872676 832272.904952
640,832273.26806,80.69099998101592,20851,20854,0.6464131749312603,0.44895264224560527,1.465702339818054,0.7610135142183563,3d gaze,220.90481667824102,-0.7107885052976357,877.4360261941049,832273.26806 832273.276129 832273.316474 832273.324543 832273.348751
641,832273.389096,88.759999955073,20855,20858,0.7156959032773115,0.39821574378687663,0.3782620653952424,0.8508243045806886,3d gaze,314.05349902077444,39.8702401982868,827.1790223148753,832273.389096 832273.397165 832273.453648 832273.461717 832273.477856
642,832273.857102,80.68999997340143,20869,20871,0.6394755293874284,0.3332308990416711,0.7858407528450948,0.8426719512985982,3d gaze,207.85598563180312,92.746587262373,862.8743597821114,832273.857102 832273.87324 832273.889378 832273.937792
643,832274.881873,80.69100009743124,20900,20902,0.6310953632783389,0.46836006466377206,1.1809999097171298,0.8187180319385207,3d gaze,199.438635838488,-16.673996489489564,885.8577284384018,832274.881873 832274.889942 832274.930287 832274.938356 832274.954495 832274.962564
644,832276.874932,96.8290000455454,20959,20962,0.665515860072789,0.4007452202671396,0.91318259927965,0.8046985552975183,3d gaze,246.45246630463808,38.41941763002839,861.9898807110133,832276.874932 832276.915277 832276.931415 832276.963692 832276.971761
645,832277.052451,88.76000007148832,20964,20967,0.6971283920662112,0.4122088076358918,1.1010175513428377,0.8836200498212788,3d gaze,289.9661727260991,28.908497687829993,843.0876949696783,832277.052451 832277.076659 832277.117004 832277.141211
646,832278.496814,80.69100009743124,21007,21010,0.6429890776655517,0.3783053185443468,1.3720928507053178,0.8818290063914804,3d gaze,214.30321460868902,56.71353833581065,870.3182756896908,832278.496814 832278.521021 832278.537159 832278.577505
647,832279.101994,80.68999997340143,21025,21028,0.7208108477464652,0.3348860211110789,0.15802972895805148,0.8709192514241817,3d gaze,317.5365884125898,89.44557770433475,811.1973637370739,832279.101994 832279.142339 832279.158477 832279.182684
648,832279.521585,96.8290000455454,21038,21041,0.7479165343194966,0.3387092221662328,1.2051509770714328,0.789964229569561,3d gaze,351.79979526584503,85.50994873960073,788.158566344801,832279.521585 832279.553861 832279.57 832279.618414
649,832280.538287,88.759999955073,21068,21071,0.7660868172018086,0.3607137382286722,0.38816905537082946,0.821946327474091,3d gaze,375.1848392181337,67.96070935293432,774.947329193185,832280.538287 832280.546356 832280.570564 832280.594771 832280.627047
650,832280.715807,153.3120000967756,21074,21078,0.7663984212534727,0.3282507458678711,1.1283437924677335,0.8937921809164083,3d gaze,373.3806205877361,92.66292595185227,767.6788429613262,832280.715807 832280.723876 832280.780359 832280.812636 832280.836843 832280.869119
651,832281.54692,80.69099998101592,21098,21101,0.69531225756395,0.48387782302983207,0.382433285502894,0.854562555072723,3d gaze,289.3163728361336,-29.045643070161827,849.6321703272408,832281.54692 832281.571128 832281.619542 832281.627611
652,832281.72444,88.759999955073,21104,21106,0.7261527519018787,0.416093530587889,0.4763769705716234,0.7809269528902163,3d gaze,328.23750341893503,25.521349362250117,820.6498222228154,832281.72444 832281.732509 832281.772854 832281.8132
653,832283.580325,88.759999955073,21159,21162,0.7269538575155,0.38591665132810565,0.5949065996935285,0.8465964736064038,3d gaze,328.1221293049917,49.41580155378579,816.0941061772245,832283.580325 832283.596463 832283.612601 832283.644877 832283.669085
654,832284.129021,80.69099998101592,21175,21178,0.6516107192776434,0.49024583166770197,1.261271699171671,0.86541753308038,3d gaze,228.93858594251725,-34.60350009713854,876.8750147556078,832284.129021 832284.145159 832284.161297 832284.185505 832284.209712
655,832287.703617,121.03599996771663,21282,21286,0.6666489261233357,0.3828412693312364,1.4602887166986367,0.863281938752869,3d gaze,247.41579616263806,52.79679061379443,858.4917480462052,832287.703617 832287.735893 832287.743962 832287.784308 832287.824653
656,832289.503018,88.759999955073,21336,21338,0.7020832873360074,0.3470496726433223,0.41455285062758007,0.7788351769825733,3d gaze,293.82412164648514,80.5409702565993,828.4846791252108,832289.503018 832289.567571 832289.591778
657,832290.69724,88.759999955073,21371,21374,0.6385281198060092,0.5572669964647649,1.0200372997835003,0.8624762463569642,3d gaze,210.78836391469144,-89.99691907183092,881.5037390161805,832290.69724 832290.753723 832290.786
658,832291.600975,80.69100009743124,21398,21401,0.7297055980771732,0.1749895015051691,0.5199812458198786,0.7499481219057358,3d gaze,316.03205860012207,206.651477105193,750.6419593051594,832291.600975 832291.625182 832291.657459 832291.681666
659,832293.642449,96.82799992151558,21459,21462,0.6390670978016322,0.4338466841359769,0.39954218729571356,0.7833768822896954,3d gaze,210.19352376190767,11.664681532007254,879.7446187128701,832293.642449 832293.650518 832293.71507 832293.739277
660,832293.779623,80.69000008981675,21463,21466,0.6318267451926319,0.4177749013663524,1.1406919872488224,0.8519962203690344,3d gaze,199.5419221326854,24.80874185706562,881.187160541439,832293.779623 832293.828037 832293.836106 832293.852244 832293.860313
661,832294.400941,80.68999997340143,21482,21484,0.7130478720956323,0.40710838266468435,0.06625868322317957,0.776322962573843,3d gaze,310.9698675575562,32.83290530415746,830.5951874423749,832294.400941 832294.417079 832294.425148 832294.481631
662,832294.699496,88.76000007148832,21491,21494,0.6062939243660554,0.483005022297102,1.4001767726451486,0.861231093985562,3d gaze,163.8340738631054,-28.826571268443065,895.729855083933,832294.699496 832294.723703 832294.739841 832294.772118 832294.788256
663,832296.385931,88.7589999474585,21541,21544,0.6419281357875847,0.5639349731768935,0.3082257040999578,0.7788535065686824,3d gaze,215.70701724350502,-95.46873304632307,879.644428044527,832296.385931 832296.418207 832296.47469
664,832297.249321,80.69000008981675,21567,21569,0.6753611730142108,0.3758116024141067,0.4868778951004734,0.8107540111711065,3d gaze,259.2321691023417,58.344711315393326,852.4360867121669,832297.249321 832297.330011
