Timestamp,Local time,Pleasure,Arousal,Dominance
1783977926.9464,14:25:26.946,0.87,0.48,-0.10
1783977927.4466,14:25:27.446,0.87,0.48,-0.13
1783977927.9461,14:25:27.946,0.85,0.50,-0.17
1783977928.4461,14:25:28.446,0.83,0.52,-0.20
1783977928.946,14:25:28.946,0.82,0.54,-0.21
1783977929.4454,14:25:29.445,0.83,0.52,-0.21
1783977929.9453,14:25:29.945,0.86,0.49,-0.16
1783977930.4455,14:25:30.445,0.88,0.47,-0.08
1783977930.9452,14:25:30.945,0.88,0.47,-0.08
1783977931.4458,14:25:31.445,0.90,0.43,-0.06
1783977931.9459,14:25:31.945,0.90,0.42,-0.05
1783977932.4451,14:25:32.445,0.90,0.42,-0.05
1783977932.9452,14:25:32.945,0.90,0.44,-0.03
1783977933.4453,14:25:33.445,0.89,0.45,-0.02
1783977933.9445,14:25:33.944,0.87,0.48,-0.06
1783977934.4442,14:25:34.444,0.86,0.49,-0.11
1783977934.9444,14:25:34.944,0.87,0.47,-0.15
1783977935.4445,14:25:35.444,0.86,0.48,-0.18
1783977935.9443,14:25:35.944,0.85,0.49,-0.18
1783977936.4444,14:25:36.444,0.87,0.48,-0.15
1783977936.944,14:25:36.944,0.89,0.45,-0.09
1783977937.4435,14:25:37.443,0.93,0.37,0.01
1783977937.9439,14:25:37.943,0.95,0.31,0.06
1783977938.4438,14:25:38.443,0.95,0.31,0.04
1783977938.9432,14:25:38.943,0.95,0.32,0.01
1783977939.4435,14:25:39.443,0.93,0.35,-0.04
1783977939.9433,14:25:39.943,0.91,0.40,-0.09
1783977940.4432,14:25:40.443,0.88,0.45,-0.12
1783977940.9436,14:25:40.943,0.86,0.49,-0.16
1783977941.4431,14:25:41.443,0.86,0.49,-0.16
1783977941.9429,14:25:41.942,0.89,0.43,-0.12
1783977942.4432,14:25:42.443,0.90,0.43,-0.11
1783977942.9432,14:25:42.943,0.90,0.43,-0.10
1783977943.4426,14:25:43.442,0.90,0.42,-0.11
1783977943.9425,14:25:43.942,0.90,0.42,-0.11
1783977944.4421,14:25:44.442,0.88,0.46,-0.14
1783977944.9416,14:25:44.941,0.88,0.47,-0.12
1783977945.4416,14:25:45.441,0.88,0.46,-0.10
1783977945.9415,14:25:45.941,0.88,0.46,-0.10
1783977946.4413,14:25:46.441,0.88,0.46,-0.09
1783977946.9412,14:25:46.941,0.88,0.47,-0.06
1783977947.441,14:25:47.441,0.89,0.45,-0.04
1783977947.9403,14:25:47.940,0.90,0.44,-0.04
1783977948.4407,14:25:48.440,0.90,0.44,-0.06
1783977948.941,14:25:48.941,0.88,0.46,-0.08
1783977949.4406,14:25:49.440,0.88,0.46,-0.08
1783977949.9403,14:25:49.940,0.91,0.42,-0.06
1783977950.4401,14:25:50.440,0.91,0.41,-0.09
1783977950.94,14:25:50.940,0.91,0.40,-0.10
1783977951.4394,14:25:51.439,0.91,0.40,-0.11
1783977951.9395,14:25:51.939,0.90,0.42,-0.11
1783977952.4391,14:25:52.439,0.86,0.48,-0.16
1783977952.9383,14:25:52.938,0.87,0.48,-0.15
1783977953.4388,14:25:53.438,0.88,0.46,-0.11
1783977953.9384,14:25:53.938,0.90,0.43,-0.09
1783977954.4379,14:25:54.437,0.89,0.44,-0.10
1783977954.9381,14:25:54.938,0.89,0.45,-0.11
1783977955.4378,14:25:55.437,0.86,0.49,-0.14
1783977955.9376,14:25:55.937,0.83,0.53,-0.16
1783977956.4377,14:25:56.437,0.82,0.55,-0.16
1783977956.9375,14:25:56.937,0.81,0.56,-0.14
1783977957.4368,14:25:57.436,0.81,0.56,-0.14
1783977957.937,14:25:57.937,0.81,0.56,-0.14
1783977958.4369,14:25:58.436,0.81,0.57,-0.14
1783977958.9367,14:25:58.936,0.79,0.59,-0.15
1783977959.4372,14:25:59.437,0.78,0.60,-0.17
1783977959.9368,14:25:59.936,0.77,0.61,-0.19
1783977960.4361,14:26:00.436,0.77,0.61,-0.19
1783977960.9365,14:26:00.936,0.79,0.59,-0.17
1783977961.4364,14:26:01.436,0.81,0.56,-0.17
1783977961.936,14:26:01.936,0.81,0.56,-0.16
1783977962.4358,14:26:02.435,0.82,0.56,-0.16
1783977962.9359,14:26:02.935,0.83,0.54,-0.14
1783977963.4353,14:26:03.435,0.85,0.51,-0.11
1783977963.9348,14:26:03.934,0.86,0.50,-0.10
1783977964.4352,14:26:04.435,0.88,0.47,-0.06
1783977964.9352,14:26:04.935,0.89,0.46,-0.06
1783977965.435,14:26:05.435,0.88,0.46,-0.05
1783977965.9353,14:26:05.935,0.88,0.46,-0.06
1783977966.4351,14:26:06.435,0.89,0.45,-0.06
1783977966.9348,14:26:06.934,0.89,0.44,-0.08
1783977967.4352,14:26:07.435,0.90,0.43,-0.09
1783977967.9347,14:26:07.934,0.90,0.42,-0.11
1783977968.4345,14:26:08.434,0.90,0.42,-0.13
1783977968.9346,14:26:08.934,0.90,0.41,-0.12
1783977969.4342,14:26:09.434,0.90,0.42,-0.09
1783977969.9335,14:26:09.933,0.89,0.44,-0.07
1783977970.4339,14:26:10.433,0.88,0.47,-0.06
1783977970.9333,14:26:10.933,0.87,0.49,-0.08
1783977971.4329,14:26:11.432,0.86,0.50,-0.09
1783977971.933,14:26:11.933,0.86,0.50,-0.10
1783977972.4332,14:26:12.433,0.87,0.48,-0.11
1783977972.9328,14:26:12.932,0.88,0.45,-0.12
1783977973.4327,14:26:13.432,0.89,0.43,-0.11
1783977973.9323,14:26:13.932,0.89,0.43,-0.11
1783977974.4318,14:26:14.431,0.85,0.50,-0.16
1783977974.932,14:26:14.932,0.82,0.55,-0.17
1783977975.432,14:26:15.432,0.82,0.54,-0.17
1783977975.9316,14:26:15.931,0.83,0.53,-0.17
1783977976.4315,14:26:16.431,0.82,0.54,-0.16
1783977976.9319,14:26:16.931,0.82,0.55,-0.17
1783977977.4314,14:26:17.431,0.83,0.54,-0.14
1783977977.9312,14:26:17.931,0.85,0.51,-0.12
1783977978.4309,14:26:18.430,0.85,0.51,-0.12
1783977978.9305,14:26:18.930,0.85,0.51,-0.10
1783977979.4303,14:26:19.430,0.83,0.54,-0.11
1783977979.9303,14:26:19.930,0.83,0.54,-0.10
1783977980.43,14:26:20.430,0.80,0.58,-0.12
1783977980.9292,14:26:20.929,0.82,0.57,-0.11
1783977981.4295,14:26:21.429,0.81,0.57,-0.13
1783977981.929,14:26:21.929,0.83,0.54,-0.10
1783977982.4286,14:26:22.428,0.83,0.54,-0.10
1783977982.9291,14:26:22.929,0.81,0.57,-0.12
1783977983.4287,14:26:23.428,0.80,0.58,-0.15
1783977983.9284,14:26:23.928,0.78,0.59,-0.19
1783977984.4288,14:26:24.428,0.78,0.59,-0.20
1783977984.9285,14:26:24.928,0.82,0.54,-0.16
1783977985.4285,14:26:25.428,0.86,0.50,-0.12
1783977985.9288,14:26:25.928,0.85,0.51,-0.12
1783977986.4282,14:26:26.428,0.79,0.58,-0.20
1783977986.9277,14:26:26.927,0.79,0.57,-0.22
1783977987.4277,14:26:27.427,0.80,0.55,-0.21
1783977987.9274,14:26:27.927,0.82,0.53,-0.21
1783977988.427,14:26:28.427,0.86,0.49,-0.17
1783977988.9273,14:26:28.927,0.90,0.43,-0.12
1783977989.4273,14:26:29.427,0.92,0.38,-0.08
1783977989.9268,14:26:29.926,0.92,0.38,-0.08
1783977990.4269,14:26:30.426,0.91,0.40,-0.09
1783977990.927,14:26:30.927,0.90,0.42,-0.10
1783977991.4266,14:26:31.426,0.91,0.41,-0.10
1783977991.9265,14:26:31.926,0.91,0.42,-0.06
1783977992.4266,14:26:32.426,0.89,0.45,-0.07
1783977992.926,14:26:32.926,0.89,0.45,-0.07
1783977993.4259,14:26:33.425,0.91,0.41,-0.06
1783977993.9261,14:26:33.926,0.92,0.38,-0.05
1783977994.4256,14:26:34.425,0.92,0.39,-0.05
1783977994.9252,14:26:34.925,0.92,0.39,-0.05
1783977995.4257,14:26:35.425,0.91,0.41,-0.05
1783977995.9251,14:26:35.925,0.90,0.44,-0.06
1783977996.4252,14:26:36.425,0.86,0.50,-0.07
1783977996.9254,14:26:36.925,0.86,0.51,-0.06
1783977997.4255,14:26:37.425,0.86,0.51,-0.06
1783977997.9251,14:26:37.925,0.86,0.50,-0.04
1783977998.425,14:26:38.425,0.89,0.46,-0.01
1783977998.9243,14:26:38.924,0.90,0.43,-0.02
1783977999.4236,14:26:39.423,0.91,0.42,-0.03
1783977999.9238,14:26:39.923,0.91,0.40,-0.03
1783978000.4239,14:26:40.423,0.91,0.40,-0.02
1783978000.9233,14:26:40.923,0.91,0.42,-0.02
1783978001.4236,14:26:41.423,0.90,0.43,-0.03
1783978001.9232,14:26:41.923,0.94,0.33,0.03
1783978002.4226,14:26:42.422,0.95,0.31,0.04
1783978002.9225,14:26:42.922,0.95,0.30,0.04
1783978003.4227,14:26:43.422,0.96,0.29,0.01
1783978003.922,14:26:43.922,0.96,0.29,-0.01
1783978004.422,14:26:44.422,0.95,0.32,-0.04
1783978004.9217,14:26:44.921,0.91,0.40,-0.11
1783978005.4213,14:26:45.421,0.85,0.49,-0.18
1783978005.9217,14:26:45.921,0.82,0.53,-0.21
1783978006.422,14:26:46.422,0.80,0.55,-0.23
1783978006.9217,14:26:46.921,0.80,0.56,-0.22
1783978007.4215,14:26:47.421,0.80,0.56,-0.20
1783978007.9216,14:26:47.921,0.82,0.56,-0.15
1783978008.4218,14:26:48.421,0.83,0.54,-0.13
1783978008.9219,14:26:48.921,0.85,0.52,-0.08
1783978009.4221,14:26:49.422,0.86,0.51,-0.07
1783978009.9212,14:26:49.921,0.89,0.46,-0.02
1783978010.4204,14:26:50.420,0.92,0.40,0.03
1783978010.9209,14:26:50.920,0.92,0.39,0.02
1783978011.4203,14:26:51.420,0.92,0.39,0.02
1783978011.9199,14:26:51.919,0.93,0.37,0.03
1783978012.42,14:26:52.420,0.93,0.36,0.03
1783978012.9194,14:26:52.919,0.94,0.33,0.01
1783978013.4195,14:26:53.419,0.95,0.31,-0.02
1783978013.9197,14:26:53.919,0.94,0.34,-0.03
1783978014.4194,14:26:54.419,0.93,0.36,-0.03
1783978014.9188,14:26:54.918,0.92,0.39,-0.05
1783978015.4191,14:26:55.419,0.92,0.39,-0.08
1783978015.9185,14:26:55.918,0.92,0.38,-0.08
1783978016.4182,14:26:56.418,0.92,0.38,-0.06
1783978016.9184,14:26:56.918,0.92,0.38,-0.06
1783978017.4187,14:26:57.418,0.92,0.38,-0.04
1783978017.9181,14:26:57.918,0.92,0.39,-0.03
1783978018.418,14:26:58.418,0.89,0.45,-0.07
1783978018.9178,14:26:58.917,0.86,0.51,-0.08
1783978019.4175,14:26:59.417,0.81,0.57,-0.13
1783978019.9173,14:26:59.917,0.80,0.58,-0.14
1783978020.4174,14:27:00.417,0.80,0.59,-0.13
1783978020.917,14:27:00.917,0.83,0.55,-0.09
1783978021.4172,14:27:01.417,0.86,0.51,-0.06
1783978021.9176,14:27:01.917,0.86,0.51,-0.05
1783978022.4168,14:27:02.416,0.86,0.51,-0.05
1783978022.9167,14:27:02.916,0.86,0.50,-0.05
1783978023.4165,14:27:03.416,0.86,0.50,-0.05
1783978023.9158,14:27:03.915,0.89,0.46,-0.04
1783978024.416,14:27:04.416,0.88,0.47,-0.06
1783978024.9159,14:27:04.915,0.86,0.50,-0.09
1783978025.4157,14:27:05.415,0.83,0.54,-0.12
1783978025.9156,14:27:05.915,0.82,0.56,-0.12
1783978026.4158,14:27:06.415,0.82,0.56,-0.12
1783978026.9151,14:27:06.915,0.84,0.53,-0.09
1783978027.4151,14:27:07.415,0.86,0.51,-0.08
1783978027.915,14:27:07.915,0.86,0.50,-0.09
1783978028.4146,14:27:08.414,0.86,0.50,-0.10
1783978028.9145,14:27:08.914,0.85,0.51,-0.09
1783978029.4147,14:27:09.414,0.85,0.52,-0.09
1783978029.9146,14:27:09.914,0.85,0.51,-0.10
1783978030.4142,14:27:10.414,0.86,0.50,-0.11
1783978030.9142,14:27:10.914,0.88,0.47,-0.08
1783978031.414,14:27:11.414,0.87,0.48,-0.08
1783978031.9134,14:27:11.913,0.86,0.50,-0.08
1783978032.4137,14:27:12.413,0.87,0.49,-0.07
1783978032.9131,14:27:12.913,0.90,0.44,-0.04
1783978033.4128,14:27:13.412,0.89,0.45,-0.04
1783978033.9126,14:27:13.912,0.89,0.46,-0.03
1783978034.4129,14:27:14.412,0.90,0.44,-0.01
1783978034.9123,14:27:14.912,0.91,0.42,0.00
1783978035.4126,14:27:15.412,0.92,0.39,0.03
1783978035.9132,14:27:15.913,0.92,0.39,0.03
1783978036.4124,14:27:16.412,0.92,0.39,0.02
1783978036.9126,14:27:16.912,0.91,0.41,-0.01
1783978037.4127,14:27:17.412,0.91,0.40,-0.05
1783978037.9123,14:27:17.912,0.91,0.40,-0.09
1783978038.4122,14:27:18.412,0.91,0.40,-0.08
1783978038.9122,14:27:18.912,0.94,0.34,-0.02
1783978039.4122,14:27:19.412,0.95,0.32,-0.02
1783978039.9122,14:27:19.912,0.95,0.31,-0.01
1783978040.4119,14:27:20.411,0.95,0.32,0.01
1783978040.9113,14:27:20.911,0.95,0.31,0.01
1783978041.4106,14:27:21.410,0.96,0.29,0.01
1783978041.9112,14:27:21.911,0.96,0.28,0.02
1783978042.411,14:27:22.411,0.96,0.28,0.04
1783978042.9111,14:27:22.911,0.93,0.37,0.01
1783978043.4109,14:27:23.410,0.92,0.38,0.00
1783978043.9103,14:27:23.910,0.91,0.42,0.01
1783978044.41,14:27:24.410,0.88,0.47,-0.03
1783978044.9103,14:27:24.910,0.86,0.51,-0.07
1783978045.4097,14:27:25.409,0.84,0.54,-0.10
1783978045.909,14:27:25.909,0.83,0.55,-0.11
1783978046.409,14:27:26.409,0.82,0.56,-0.12
1783978046.9087,14:27:26.908,0.82,0.57,-0.12
1783978047.4081,14:27:27.408,0.81,0.57,-0.13
1783978047.9082,14:27:27.908,0.81,0.57,-0.12
1783978048.4078,14:27:28.407,0.81,0.57,-0.13
1783978048.9071,14:27:28.907,0.81,0.57,-0.13
1783978049.4069,14:27:29.406,0.84,0.53,-0.08
1783978049.9078,14:27:29.907,0.86,0.51,-0.06
1783978050.407,14:27:30.407,0.86,0.50,-0.08
1783978050.9069,14:27:30.906,0.88,0.46,-0.05
1783978051.4072,14:27:31.407,0.92,0.39,-0.01
1783978051.9065,14:27:31.906,0.92,0.38,-0.02
1783978052.4068,14:27:32.406,0.92,0.39,-0.02
1783978052.9068,14:27:32.906,0.91,0.41,-0.02
1783978053.4067,14:27:33.406,0.91,0.42,-0.03
1783978053.9067,14:27:33.906,0.91,0.42,-0.03
1783978054.407,14:27:34.407,0.87,0.49,-0.07
1783978054.9066,14:27:34.906,0.86,0.51,-0.07
1783978055.4069,14:27:35.406,0.85,0.52,-0.08
1783978055.9069,14:27:35.906,0.84,0.53,-0.08
1783978056.4072,14:27:36.407,0.86,0.50,-0.06
1783978056.9068,14:27:36.906,0.90,0.44,-0.01
1783978057.4067,14:27:37.406,0.89,0.45,0.01
1783978057.9063,14:27:37.906,0.90,0.43,0.02
1783978058.406,14:27:38.406,0.91,0.42,0.03
1783978058.906,14:27:38.906,0.91,0.41,0.03
1783978059.4057,14:27:39.405,0.90,0.43,0.02
1783978059.9053,14:27:39.905,0.89,0.46,-0.01
1783978060.4052,14:27:40.405,0.87,0.50,-0.05
1783978060.9052,14:27:40.905,0.87,0.49,-0.05
1783978061.4044,14:27:41.404,0.89,0.46,-0.01
1783978061.9045,14:27:41.904,0.89,0.46,-0.04
1783978062.4039,14:27:42.403,0.87,0.48,-0.09
1783978062.9032,14:27:42.903,0.87,0.49,-0.12
1783978063.4032,14:27:43.403,0.86,0.50,-0.12
1783978063.903,14:27:43.903,0.87,0.48,-0.11
1783978064.4022,14:27:44.402,0.87,0.48,-0.12
1783978064.9023,14:27:44.902,0.88,0.46,-0.14
1783978065.4025,14:27:45.402,0.87,0.46,-0.17
1783978065.9022,14:27:45.902,0.87,0.47,-0.17
1783978066.4026,14:27:46.402,0.86,0.48,-0.17
1783978066.9031,14:27:46.903,0.85,0.50,-0.17
1783978067.4027,14:27:47.402,0.85,0.50,-0.15
1783978067.903,14:27:47.903,0.85,0.51,-0.14
1783978068.4028,14:27:48.402,0.85,0.51,-0.14
1783978068.9025,14:27:48.902,0.81,0.56,-0.19
1783978069.4023,14:27:49.402,0.77,0.58,-0.25
1783978069.9024,14:27:49.902,0.76,0.58,-0.28
1783978070.4022,14:27:50.402,0.78,0.57,-0.27
1783978070.9023,14:27:50.902,0.78,0.57,-0.27
1783978071.4024,14:27:51.402,0.81,0.54,-0.23
1783978071.9022,14:27:51.902,0.83,0.54,-0.17
1783978072.4019,14:27:52.401,0.83,0.54,-0.16
1783978072.9013,14:27:52.901,0.82,0.54,-0.18
1783978073.4006,14:27:53.400,0.84,0.52,-0.16
1783978073.9002,14:27:53.900,0.84,0.52,-0.13
1783978074.4005,14:27:54.400,0.84,0.52,-0.14
1783978074.8999,14:27:54.899,0.85,0.51,-0.12
1783978075.3998,14:27:55.399,0.85,0.52,-0.14
1783978075.8996,14:27:55.899,0.83,0.54,-0.15
1783978076.3995,14:27:56.399,0.82,0.54,-0.18
1783978076.8991,14:27:56.899,0.81,0.55,-0.22
1783978077.3992,14:27:57.399,0.81,0.54,-0.23
1783978077.8989,14:27:57.898,0.78,0.56,-0.28
1783978078.3982,14:27:58.398,0.74,0.59,-0.32
1783978078.8986,14:27:58.898,0.75,0.59,-0.31
1783978079.3985,14:27:59.398,0.76,0.60,-0.26
1783978079.898,14:27:59.898,0.81,0.56,-0.19
1783978080.3983,14:28:00.398,0.86,0.50,-0.13
1783978080.8982,14:28:00.898,0.87,0.48,-0.11
1783978081.3976,14:28:01.397,0.87,0.49,-0.09
1783978081.8979,14:28:01.897,0.85,0.52,-0.11
1783978082.398,14:28:02.398,0.85,0.52,-0.09
1783978082.8979,14:28:02.897,0.91,0.41,0.00
1783978083.3979,14:28:03.397,0.94,0.33,0.06
1783978083.8982,14:28:03.898,0.96,0.27,0.09
1783978084.3976,14:28:04.397,0.96,0.26,0.09
1783978084.8975,14:28:04.897,0.95,0.32,0.03
1783978085.3971,14:28:05.397,0.95,0.33,0.00
1783978085.8968,14:28:05.896,0.94,0.35,-0.01
1783978086.3966,14:28:06.396,0.90,0.44,-0.08
1783978086.8965,14:28:06.896,0.86,0.49,-0.14
1783978087.3961,14:28:07.396,0.81,0.55,-0.19
1783978087.8956,14:28:07.895,0.77,0.59,-0.23
1783978088.3958,14:28:08.395,0.77,0.59,-0.23
1783978088.8959,14:28:08.895,0.76,0.60,-0.24
1783978089.3951,14:28:09.395,0.79,0.58,-0.21
1783978089.8954,14:28:09.895,0.79,0.58,-0.20
1783978090.3952,14:28:10.395,0.79,0.57,-0.22
1783978090.8946,14:28:10.894,0.78,0.57,-0.24
1783978091.3947,14:28:11.394,0.76,0.60,-0.27
1783978091.8945,14:28:11.894,0.75,0.61,-0.27
1783978092.3941,14:28:12.394,0.78,0.59,-0.23
1783978092.8942,14:28:12.894,0.78,0.59,-0.23
1783978093.3942,14:28:13.394,0.82,0.55,-0.19
1783978093.894,14:28:13.894,0.82,0.54,-0.18
1783978094.3945,14:28:14.394,0.78,0.58,-0.25
1783978094.8939,14:28:14.893,0.77,0.57,-0.30
1783978095.3932,14:28:15.393,0.76,0.57,-0.31
1783978095.8932,14:28:15.893,0.76,0.59,-0.26
1783978096.3932,14:28:16.393,0.76,0.59,-0.26
1783978096.8928,14:28:16.892,0.76,0.59,-0.26
1783978097.3933,14:28:17.393,0.80,0.57,-0.20
1783978097.8929,14:28:17.892,0.84,0.53,-0.11
1783978098.3926,14:28:18.392,0.84,0.53,-0.10
1783978098.8924,14:28:18.892,0.84,0.53,-0.11
1783978099.3929,14:28:19.392,0.82,0.55,-0.14
1783978099.8925,14:28:19.892,0.80,0.58,-0.18
1783978100.3923,14:28:20.392,0.79,0.59,-0.18
1783978100.8922,14:28:20.892,0.79,0.59,-0.18
1783978101.3918,14:28:21.391,0.80,0.57,-0.19
1783978101.8917,14:28:21.891,0.85,0.51,-0.15
1783978102.3917,14:28:22.391,0.89,0.46,-0.08
1783978102.8912,14:28:22.891,0.90,0.43,-0.06
1783978103.3906,14:28:23.390,0.91,0.42,-0.02
1783978103.8907,14:28:23.890,0.92,0.39,-0.01
1783978104.3902,14:28:24.390,0.92,0.39,0.01
1783978104.8899,14:28:24.889,0.92,0.38,0.01
1783978105.3905,14:28:25.390,0.92,0.38,-0.02
1783978105.8898,14:28:25.889,0.90,0.42,-0.07
1783978106.3888,14:28:26.388,0.88,0.45,-0.11
1783978106.8891,14:28:26.889,0.89,0.44,-0.12
1783978107.389,14:28:27.389,0.90,0.43,-0.10
1783978107.8887,14:28:27.888,0.93,0.36,-0.04
1783978108.3889,14:28:28.388,0.93,0.36,-0.04
1783978108.8888,14:28:28.888,0.89,0.44,-0.09
1783978109.3888,14:28:29.388,0.87,0.48,-0.14
1783978109.8888,14:28:29.888,0.85,0.49,-0.18
1783978110.3883,14:28:30.388,0.80,0.55,-0.24
1783978110.8877,14:28:30.887,0.76,0.59,-0.29
1783978111.3878,14:28:31.387,0.74,0.59,-0.33
1783978111.888,14:28:31.888,0.71,0.61,-0.35
1783978112.3877,14:28:32.387,0.69,0.64,-0.35
1783978112.8879,14:28:32.887,0.70,0.64,-0.32
1783978113.3882,14:28:33.388,0.72,0.64,-0.25
1783978113.8874,14:28:33.887,0.74,0.64,-0.21
1783978114.3877,14:28:34.387,0.74,0.64,-0.21
1783978114.8879,14:28:34.887,0.74,0.64,-0.21
1783978115.3877,14:28:35.387,0.75,0.62,-0.23
1783978115.8873,14:28:35.887,0.74,0.62,-0.25
1783978116.3878,14:28:36.387,0.74,0.61,-0.28
1783978116.8872,14:28:36.887,0.74,0.61,-0.29
1783978117.3875,14:28:37.387,0.73,0.61,-0.30
1783978117.8877,14:28:37.887,0.78,0.57,-0.25
1783978118.3876,14:28:38.387,0.82,0.53,-0.21
1783978118.8868,14:28:38.886,0.88,0.45,-0.14
1783978119.3871,14:28:39.387,0.89,0.44,-0.13
1783978119.8865,14:28:39.886,0.88,0.45,-0.15
1783978120.3862,14:28:40.386,0.84,0.51,-0.19
1783978120.8865,14:28:40.886,0.81,0.55,-0.22
1783978121.3859,14:28:41.385,0.81,0.55,-0.21
1783978121.8852,14:28:41.885,0.81,0.56,-0.19
1783978122.3854,14:28:42.385,0.87,0.48,-0.12
1783978122.8849,14:28:42.884,0.92,0.40,-0.04
1783978123.3843,14:28:43.384,0.94,0.33,0.00
1783978123.8848,14:28:43.884,0.94,0.33,0.02
1783978124.3844,14:28:44.384,0.96,0.27,0.08
1783978124.8839,14:28:44.883,0.95,0.28,0.09
1783978125.3843,14:28:45.384,0.95,0.30,0.09
1783978125.8846,14:28:45.884,0.94,0.32,0.09
1783978126.3844,14:28:46.384,0.95,0.30,0.09
1783978126.8843,14:28:46.884,0.95,0.31,0.09
1783978127.3843,14:28:47.384,0.95,0.29,0.09
1783978127.884,14:28:47.884,0.93,0.36,0.03
1783978128.3842,14:28:48.384,0.88,0.46,-0.06
1783978128.8845,14:28:48.884,0.82,0.55,-0.14
1783978129.3837,14:28:49.383,0.84,0.53,-0.13
1783978129.8829,14:28:49.882,0.89,0.46,-0.06
1783978130.383,14:28:50.383,0.94,0.35,0.02
1783978130.8822,14:28:50.882,0.94,0.34,0.04
1783978131.3821,14:28:51.382,0.94,0.34,0.06
1783978131.8821,14:28:51.882,0.95,0.30,0.08
1783978132.3816,14:28:52.381,0.95,0.30,0.08
1783978132.8812,14:28:52.881,0.96,0.26,0.11
1783978133.3816,14:28:53.381,0.96,0.23,0.12
1783978133.8808,14:28:53.880,0.96,0.24,0.12
1783978134.3811,14:28:54.381,0.97,0.24,0.10
1783978134.8813,14:28:54.881,0.97,0.24,0.10
1783978135.381,14:28:55.381,0.97,0.20,0.14
1783978135.881,14:28:55.881,0.97,0.20,0.14
1783978136.3815,14:28:56.381,0.96,0.23,0.13
1783978136.8813,14:28:56.881,0.95,0.28,0.11
1783978137.381,14:28:57.381,0.95,0.29,0.12
1783978137.8816,14:28:57.881,0.95,0.29,0.12
1783978138.3815,14:28:58.381,0.93,0.36,0.08
1783978138.8807,14:28:58.880,0.93,0.35,0.09
1783978139.381,14:28:59.381,0.93,0.37,0.06
1783978139.8801,14:28:59.880,0.93,0.37,0.06
1783978140.3795,14:29:00.379,0.93,0.37,0.05
1783978140.8796,14:29:00.879,0.93,0.36,0.06
1783978141.3794,14:29:01.379,0.94,0.33,0.05
1783978141.8791,14:29:01.879,0.94,0.33,0.05
1783978142.3789,14:29:02.378,0.94,0.33,0.05
1783978142.879,14:29:02.879,0.95,0.29,0.08
1783978143.3784,14:29:03.378,0.96,0.27,0.09
1783978143.8783,14:29:03.878,0.96,0.25,0.10
1783978144.3785,14:29:04.378,0.97,0.22,0.12
1783978144.878,14:29:04.878,0.96,0.23,0.16
1783978145.378,14:29:05.378,0.95,0.27,0.13
1783978145.8785,14:29:05.878,0.95,0.30,0.11
1783978146.3779,14:29:06.377,0.94,0.33,0.09
1783978146.878,14:29:06.878,0.94,0.33,0.08
1783978147.3778,14:29:07.377,0.95,0.29,0.07
1783978147.8771,14:29:07.877,0.96,0.29,0.03
1783978148.3771,14:29:08.377,0.96,0.28,0.03
1783978148.8776,14:29:08.877,0.96,0.27,0.01
1783978149.3772,14:29:09.377,0.98,0.20,0.05
1783978149.877,14:29:09.877,0.99,0.12,0.11
1783978150.3771,14:29:10.377,0.98,0.11,0.14
1783978150.8763,14:29:10.876,0.98,0.12,0.16
1783978151.3764,14:29:11.376,0.98,0.13,0.16
1783978151.8763,14:29:11.876,0.98,0.17,0.14
1783978152.3754,14:29:12.375,0.97,0.25,0.07
1783978152.8752,14:29:12.875,0.96,0.27,0.07
1783978153.3755,14:29:13.375,0.96,0.28,0.08
1783978153.8749,14:29:13.874,0.95,0.28,0.09
1783978154.3746,14:29:14.374,0.95,0.29,0.09
1783978154.8748,14:29:14.874,0.95,0.29,0.09
1783978155.3743,14:29:15.374,0.95,0.29,0.10
1783978155.8737,14:29:15.873,0.96,0.25,0.12
1783978156.374,14:29:16.374,0.96,0.24,0.11
1783978156.874,14:29:16.874,0.96,0.27,0.09
1783978157.3737,14:29:17.373,0.94,0.33,0.05
1783978157.8739,14:29:17.873,0.91,0.41,-0.03
1783978158.3741,14:29:18.374,0.92,0.40,-0.04
1783978158.8737,14:29:18.873,0.92,0.39,-0.02
1783978159.374,14:29:19.374,0.93,0.37,-0.04
1783978159.874,14:29:19.874,0.89,0.44,-0.12
1783978160.3732,14:29:20.373,0.87,0.48,-0.15
1783978160.8735,14:29:20.873,0.85,0.50,-0.15
1783978161.3733,14:29:21.373,0.88,0.45,-0.11
1783978161.8726,14:29:21.872,0.92,0.39,-0.06
1783978162.3724,14:29:22.372,0.95,0.32,0.00
1783978162.8731,14:29:22.873,0.96,0.28,0.05
1783978163.3725,14:29:23.372,0.96,0.27,0.06
1783978163.872,14:29:23.872,0.96,0.26,0.06
1783978164.3724,14:29:24.372,0.98,0.05,0.21
1783978164.8717,14:29:24.871,0.97,0.24,0.01
1783978165.3713,14:29:25.371,0.98,0.18,0.03
1783978165.8717,14:29:25.871,0.99,0.11,0.08
1783978166.3711,14:29:26.371,0.99,0.07,0.11
1783978166.8712,14:29:26.871,0.99,0.05,0.13
1783978167.3712,14:29:27.371,0.99,0.00,0.17
1783978167.8703,14:29:27.870,0.98,-0.02,0.18
1783978168.3701,14:29:28.370,0.98,-0.02,0.19
1783978168.8701,14:29:28.870,0.98,0.00,0.19
1783978169.3701,14:29:29.370,0.98,0.01,0.18
1783978169.8697,14:29:29.869,0.99,0.06,0.14
1783978170.37,14:29:30.370,0.99,0.11,0.10
1783978170.8704,14:29:30.870,0.99,0.11,0.11
1783978171.3701,14:29:31.370,0.99,0.11,0.12
1783978171.8705,14:29:31.870,0.98,0.17,0.08
1783978172.3706,14:29:32.370,0.98,0.20,0.06
1783978172.87,14:29:32.870,0.97,0.25,0.03
1783978173.3697,14:29:33.369,0.97,0.26,0.04
1783978173.87,14:29:33.870,0.98,0.20,0.09
1783978174.3697,14:29:34.369,0.98,0.12,0.16
1783978174.8697,14:29:34.869,0.98,0.12,0.17
1783978175.3693,14:29:35.369,0.98,0.19,0.09
1783978175.8687,14:29:35.868,0.96,0.26,0.06
1783978176.3686,14:29:36.368,0.95,0.30,0.04
1783978176.8684,14:29:36.868,0.95,0.33,0.02
1783978177.3677,14:29:37.367,0.94,0.33,0.02
1783978177.8677,14:29:37.867,0.94,0.35,0.02
1783978178.3678,14:29:38.367,0.92,0.40,-0.02
1783978178.868,14:29:38.868,0.91,0.41,-0.01
1783978179.3675,14:29:39.367,0.91,0.41,-0.03
1783978179.8673,14:29:39.867,0.91,0.42,-0.03
1783978180.3669,14:29:40.366,0.88,0.46,-0.08
1783978180.8666,14:29:40.866,0.89,0.45,-0.11
1783978181.3668,14:29:41.366,0.88,0.46,-0.11
1783978181.8665,14:29:41.866,0.89,0.45,-0.10
1783978182.3663,14:29:42.366,0.87,0.47,-0.11
1783978182.8664,14:29:42.866,0.87,0.47,-0.11
1783978183.3659,14:29:43.365,0.91,0.41,-0.02
1783978183.8652,14:29:43.865,0.94,0.34,0.05
1783978184.365,14:29:44.365,0.94,0.35,0.06
1783978184.8653,14:29:44.865,0.94,0.35,0.03
1783978185.3647,14:29:45.364,0.92,0.39,0.00
1783978185.8648,14:29:45.864,0.90,0.42,-0.06
1783978186.3648,14:29:46.364,0.90,0.44,-0.06
1783978186.8647,14:29:46.864,0.90,0.42,-0.04
1783978187.3647,14:29:47.364,0.90,0.44,-0.03
1783978187.8647,14:29:47.864,0.90,0.44,-0.02
1783978188.3645,14:29:48.364,0.90,0.44,-0.06
1783978188.8647,14:29:48.864,0.92,0.39,-0.04
1783978189.3647,14:29:49.364,0.92,0.39,-0.04
1783978189.8645,14:29:49.864,0.92,0.39,-0.04
1783978190.3646,14:29:50.364,0.90,0.43,-0.08
1783978190.8646,14:29:50.864,0.89,0.45,-0.11
1783978191.3639,14:29:51.363,0.89,0.44,-0.10
1783978191.8635,14:29:51.863,0.92,0.39,-0.05
1783978192.3638,14:29:52.363,0.94,0.33,0.01
1783978192.8628,14:29:52.862,0.94,0.33,0.01
1783978193.3633,14:29:53.363,0.95,0.31,0.01
1783978193.8634,14:29:53.863,0.95,0.33,0.00
1783978194.3629,14:29:54.362,0.95,0.30,0.02
1783978194.8623,14:29:54.862,0.96,0.26,0.06
1783978195.3626,14:29:55.362,0.97,0.25,0.07
1783978195.8624,14:29:55.862,0.98,0.20,0.10
1783978196.3623,14:29:56.362,0.98,0.12,0.14
1783978196.8623,14:29:56.862,0.98,0.04,0.21
1783978197.362,14:29:57.362,0.98,0.04,0.21
1783978197.8612,14:29:57.861,0.98,0.04,0.20
1783978198.3617,14:29:58.361,0.98,0.04,0.21
1783978198.8613,14:29:58.861,0.98,0.11,0.14
1783978199.3603,14:29:59.360,0.98,0.19,0.09
1783978199.861,14:29:59.861,0.97,0.25,0.05
1783978200.361,14:30:00.361,0.95,0.32,-0.01
1783978200.8607,14:30:00.860,0.94,0.35,-0.03
1783978201.3611,14:30:01.361,0.94,0.35,-0.02
1783978201.8608,14:30:01.860,0.96,0.29,0.03
1783978202.3604,14:30:02.360,0.95,0.30,0.04
1783978202.8601,14:30:02.860,0.94,0.33,0.03
1783978203.3603,14:30:03.360,0.94,0.34,0.02
1783978203.8598,14:30:03.859,0.95,0.32,0.00
1783978204.3596,14:30:04.359,0.95,0.32,-0.01
1783978204.8597,14:30:04.859,0.96,0.27,0.00
1783978205.3593,14:30:05.359,0.96,0.28,0.03
1783978205.8592,14:30:05.859,0.96,0.28,0.02
1783978206.3594,14:30:06.359,0.96,0.29,0.02
1783978206.8589,14:30:06.858,0.96,0.26,0.05
1783978207.3589,14:30:07.358,0.96,0.28,0.05
1783978207.8588,14:30:07.858,0.93,0.36,-0.02
1783978208.3586,14:30:08.358,0.91,0.41,-0.05
1783978208.8581,14:30:08.858,0.91,0.40,-0.04
1783978209.358,14:30:09.358,0.92,0.38,0.01
1783978209.8574,14:30:09.857,0.93,0.38,0.02
1783978210.3567,14:30:10.356,0.95,0.29,0.09
1783978210.8573,14:30:10.857,0.95,0.29,0.07
1783978211.357,14:30:11.357,0.94,0.33,0.03
1783978211.8562,14:30:11.856,0.94,0.34,0.03
1783978212.3563,14:30:12.356,0.95,0.32,0.04
1783978212.8563,14:30:12.856,0.95,0.32,0.04
1783978213.3563,14:30:13.356,0.95,0.32,0.03
1783978213.8561,14:30:13.856,0.95,0.30,0.04
1783978214.3563,14:30:14.356,0.95,0.30,0.04
1783978214.8559,14:30:14.855,0.96,0.29,0.04
1783978215.3564,14:30:15.356,0.95,0.30,0.07
1783978215.8554,14:30:15.855,0.91,0.42,0.02
1783978216.3553,14:30:16.355,0.89,0.45,0.01
1783978216.8557,14:30:16.855,0.89,0.45,0.02
1783978217.3558,14:30:17.355,0.89,0.45,0.03
1783978217.8554,14:30:17.855,0.89,0.46,0.02
1783978218.3553,14:30:18.355,0.88,0.48,0.01
1783978218.8552,14:30:18.855,0.89,0.46,-0.01
1783978219.3548,14:30:19.354,0.90,0.44,-0.04
1783978219.8547,14:30:19.854,0.92,0.40,-0.04
1783978220.3547,14:30:20.354,0.92,0.40,-0.04
1783978220.8542,14:30:20.854,0.91,0.40,-0.04
1783978221.3539,14:30:21.353,0.91,0.40,-0.05
1783978221.8538,14:30:21.853,0.91,0.40,-0.05
1783978222.3533,14:30:22.353,0.91,0.41,-0.05
1783978222.8528,14:30:22.852,0.91,0.41,-0.05
1783978223.353,14:30:23.353,0.92,0.39,-0.05
1783978223.8529,14:30:23.852,0.92,0.39,-0.05
1783978224.3531,14:30:24.353,0.92,0.40,-0.05
1783978224.853,14:30:24.853,0.91,0.41,-0.06
1783978225.3522,14:30:25.352,0.91,0.41,-0.06
1783978225.8519,14:30:25.851,0.92,0.38,-0.03
1783978226.3519,14:30:26.351,0.91,0.41,0.00
1783978226.8518,14:30:26.851,0.89,0.45,-0.02
1783978227.3518,14:30:27.351,0.88,0.47,-0.06
1783978227.8521,14:30:27.852,0.88,0.47,-0.06
1783978228.3523,14:30:28.352,0.91,0.41,-0.02
1783978228.8517,14:30:28.851,0.92,0.38,0.00
1783978229.3518,14:30:29.351,0.92,0.38,0.01
1783978229.851,14:30:29.851,0.93,0.36,0.01
1783978230.3505,14:30:30.350,0.93,0.37,-0.01
1783978230.8509,14:30:30.850,0.93,0.36,-0.03
1783978231.351,14:30:31.351,0.96,0.29,0.04
1783978231.8503,14:30:31.850,0.97,0.26,0.06
1783978232.3505,14:30:32.350,0.96,0.26,0.06
1783978232.8503,14:30:32.850,0.96,0.26,0.05
1783978233.35,14:30:33.350,0.96,0.29,0.04
1783978233.85,14:30:33.850,0.94,0.35,-0.03
1783978234.3493,14:30:34.349,0.94,0.35,-0.03
1783978234.8489,14:30:34.848,0.94,0.35,-0.02
1783978235.3494,14:30:35.349,0.94,0.35,-0.02
1783978235.85,14:30:35.850,0.92,0.38,0.00
1783978236.3495,14:30:36.349,0.90,0.44,-0.01
1783978236.8495,14:30:36.849,0.90,0.43,-0.02
1783978237.3494,14:30:37.349,0.90,0.43,-0.02
1783978237.8488,14:30:37.848,0.91,0.41,-0.03
1783978238.3482,14:30:38.348,0.92,0.40,-0.02
1783978238.8484,14:30:38.848,0.92,0.39,0.00
1783978239.3478,14:30:39.347,0.93,0.36,0.01
1783978239.8475,14:30:39.847,0.95,0.32,0.05
1783978240.3479,14:30:40.347,0.95,0.32,0.04
1783978240.8476,14:30:40.847,0.95,0.32,0.03
1783978241.3468,14:30:41.346,0.95,0.32,0.02
1783978241.8473,14:30:41.847,0.98,0.18,0.12
1783978242.3469,14:30:42.346,0.98,0.11,0.16
1783978242.8466,14:30:42.846,0.98,0.09,0.17
1783978243.347,14:30:43.347,0.98,0.10,0.17
1783978243.8467,14:30:43.846,0.98,0.15,0.14
1783978244.3463,14:30:44.346,0.98,0.16,0.14
1783978244.8466,14:30:44.846,0.98,0.17,0.14
1783978245.3462,14:30:45.346,0.98,0.18,0.13
1783978245.8457,14:30:45.845,0.97,0.19,0.13
1783978246.3457,14:30:46.345,0.97,0.19,0.13
1783978246.8458,14:30:46.845,0.97,0.23,0.11
1783978247.3454,14:30:47.345,0.95,0.30,0.04
1783978247.8455,14:30:47.845,0.95,0.30,0.04
1783978248.3461,14:30:48.346,0.94,0.33,0.02
1783978248.8457,14:30:48.845,0.92,0.40,-0.04
1783978249.3458,14:30:49.345,0.92,0.39,-0.06
1783978249.846,14:30:49.846,0.93,0.37,-0.05
1783978250.3459,14:30:50.345,0.93,0.37,-0.05
1783978250.8465,14:30:50.846,0.93,0.36,-0.02
1783978251.3462,14:30:51.346,0.93,0.36,-0.02
1783978251.8454,14:30:51.845,0.92,0.39,-0.04
1783978252.3451,14:30:52.345,0.90,0.42,-0.07
1783978252.8445,14:30:52.844,0.89,0.45,-0.11
1783978253.3438,14:30:53.343,0.88,0.46,-0.11
1783978253.8434,14:30:53.843,0.87,0.47,-0.13
1783978254.3435,14:30:54.343,0.90,0.43,-0.10
1783978254.8428,14:30:54.842,0.90,0.43,-0.10
1783978255.3425,14:30:55.342,0.90,0.43,-0.09
1783978255.8425,14:30:55.842,0.89,0.44,-0.10
1783978256.3428,14:30:56.342,0.90,0.42,-0.08
1783978256.8426,14:30:56.842,0.93,0.37,-0.05
1783978257.3429,14:30:57.342,0.93,0.37,-0.03
1783978257.8427,14:30:57.842,0.93,0.36,-0.02
1783978258.3419,14:30:58.341,0.94,0.35,0.00
1783978258.8421,14:30:58.842,0.94,0.35,0.00
1783978259.3425,14:30:59.342,0.93,0.36,-0.03
1783978259.8424,14:30:59.842,0.93,0.37,-0.04
1783978260.3424,14:31:00.342,0.92,0.38,-0.03
1783978260.8427,14:31:00.842,0.92,0.39,-0.01
1783978261.3423,14:31:01.342,0.94,0.33,0.01
1783978261.8426,14:31:01.842,0.95,0.31,0.03
1783978262.3422,14:31:02.342,0.96,0.29,0.04
1783978262.8421,14:31:02.842,0.95,0.29,0.04
1783978263.3423,14:31:03.342,0.94,0.35,0.00
1783978263.8424,14:31:03.842,0.93,0.37,-0.02
1783978264.3414,14:31:04.341,0.93,0.37,-0.04
1783978264.8415,14:31:04.841,0.93,0.37,-0.04
1783978265.3407,14:31:05.340,0.93,0.36,-0.03
1783978265.8402,14:31:05.840,0.93,0.36,-0.03
1783978266.3402,14:31:06.340,0.93,0.37,-0.03
1783978266.8401,14:31:06.840,0.92,0.38,-0.02
1783978267.3391,14:31:07.339,0.92,0.38,-0.02
1783978267.839,14:31:07.839,0.92,0.40,-0.02
1783978268.339,14:31:08.339,0.91,0.41,-0.01
1783978268.8386,14:31:08.838,0.91,0.42,0.01
1783978269.3383,14:31:09.338,0.92,0.38,0.04
1783978269.8385,14:31:09.838,0.93,0.37,0.06
1783978270.3378,14:31:10.337,0.95,0.29,0.10
1783978270.838,14:31:10.838,0.97,0.21,0.12
1783978271.3383,14:31:11.338,0.97,0.20,0.12
1783978271.8377,14:31:11.837,0.97,0.20,0.12
1783978272.3378,14:31:12.337,0.97,0.22,0.11
1783978272.8376,14:31:12.837,0.97,0.22,0.11
1783978273.3373,14:31:13.337,0.97,0.22,0.11
1783978273.8369,14:31:13.836,0.97,0.21,0.13
1783978274.3372,14:31:14.337,0.97,0.21,0.13
1783978274.837,14:31:14.837,0.96,0.25,0.11
1783978275.3369,14:31:15.336,0.96,0.28,0.07
1783978275.8373,14:31:15.837,0.96,0.28,0.07
1783978276.3372,14:31:16.337,0.96,0.26,0.08
1783978276.8365,14:31:16.836,0.97,0.22,0.10
1783978277.3368,14:31:17.336,0.97,0.22,0.09
1783978277.8368,14:31:17.836,0.97,0.24,0.10
1783978278.3362,14:31:18.336,0.97,0.24,0.10
1783978278.8367,14:31:18.836,0.96,0.25,0.09
1783978279.3363,14:31:19.336,0.96,0.25,0.07
1783978279.8362,14:31:19.836,0.94,0.33,0.03
1783978280.3362,14:31:20.336,0.92,0.38,-0.01
1783978280.8363,14:31:20.836,0.92,0.40,-0.02
1783978281.3357,14:31:21.335,0.92,0.40,-0.02
1783978281.8354,14:31:21.835,0.94,0.35,0.02
1783978282.3354,14:31:22.335,0.95,0.31,0.04
1783978282.8347,14:31:22.834,0.95,0.31,0.04
1783978283.3345,14:31:23.334,0.93,0.37,0.00
1783978283.8348,14:31:23.834,0.91,0.41,-0.04
1783978284.3342,14:31:24.334,0.92,0.40,-0.03
1783978284.8339,14:31:24.833,0.92,0.40,-0.01
1783978285.3339,14:31:25.333,0.92,0.39,-0.01
1783978285.8332,14:31:25.833,0.94,0.35,0.01
1783978286.3332,14:31:26.333,0.96,0.28,0.03
1783978286.8335,14:31:26.833,0.96,0.27,0.02
1783978287.3333,14:31:27.333,0.95,0.32,0.00
1783978287.8331,14:31:27.833,0.95,0.31,0.01
1783978288.333,14:31:28.333,0.95,0.29,0.06
1783978288.8327,14:31:28.832,0.95,0.29,0.05
1783978289.3324,14:31:29.332,0.96,0.29,0.05
1783978289.8322,14:31:29.832,0.96,0.28,0.05
1783978290.3323,14:31:30.332,0.95,0.30,0.06
1783978290.8323,14:31:30.832,0.96,0.26,0.11
1783978291.3326,14:31:31.332,0.96,0.26,0.10
1783978291.8319,14:31:31.831,0.95,0.30,0.07
1783978292.3314,14:31:32.331,0.92,0.39,0.02
1783978292.8316,14:31:32.831,0.92,0.39,0.01
1783978293.3313,14:31:33.331,0.94,0.34,0.03
1783978293.8305,14:31:33.830,0.94,0.34,0.01
1783978294.331,14:31:34.331,0.94,0.35,-0.03
1783978294.8312,14:31:34.831,0.94,0.35,-0.03
1783978295.3309,14:31:35.330,0.96,0.28,0.02
1783978295.8309,14:31:35.830,0.96,0.29,0.05
1783978296.3309,14:31:36.330,0.95,0.30,0.04
1783978296.8299,14:31:36.829,0.95,0.30,0.05
1783978297.33,14:31:37.330,0.96,0.29,0.06
1783978297.8298,14:31:37.829,0.97,0.25,0.07
1783978298.3295,14:31:38.329,0.96,0.01,0.27
1783978298.8296,14:31:38.829,0.95,-0.02,0.31
1783978299.3294,14:31:39.329,0.95,0.00,0.31
1783978299.8289,14:31:39.828,0.96,0.07,0.27
1783978300.3287,14:31:40.328,0.94,0.33,0.04
1783978300.8284,14:31:40.828,0.95,0.32,0.04
1783978301.328,14:31:41.328,0.95,0.30,0.04
1783978301.8282,14:31:41.828,0.97,0.24,0.09
1783978302.328,14:31:42.328,0.97,0.25,0.07
1783978302.8279,14:31:42.827,0.97,0.25,0.07
1783978303.3277,14:31:43.327,0.96,0.26,0.07
1783978303.8278,14:31:43.827,0.96,0.25,0.10
1783978304.3276,14:31:44.327,0.98,0.18,0.13
1783978304.8273,14:31:44.827,0.98,0.18,0.13
1783978305.3273,14:31:45.327,0.97,0.21,0.09
1783978305.8276,14:31:45.827,0.98,0.20,0.09
1783978306.3276,14:31:46.327,0.97,0.23,0.06
1783978306.8277,14:31:46.827,0.97,0.25,0.03
1783978307.3271,14:31:47.327,0.97,0.26,0.02
1783978307.8271,14:31:47.827,0.95,0.30,-0.03
1783978308.3274,14:31:48.327,0.95,0.31,-0.06
1783978308.8275,14:31:48.827,0.95,0.31,-0.06
1783978309.3272,14:31:49.327,0.98,0.20,0.03
1783978309.8272,14:31:49.827,0.99,0.15,0.07
1783978310.3267,14:31:50.326,0.99,0.15,0.08
1783978310.8259,14:31:50.825,0.98,0.17,0.10
1783978311.3266,14:31:51.326,0.98,0.18,0.12
1783978311.8266,14:31:51.826,0.97,0.19,0.14
1783978312.3263,14:31:52.326,0.97,0.21,0.12
1783978312.8263,14:31:52.826,0.97,0.21,0.12
1783978313.326,14:31:53.326,0.97,0.21,0.12
1783978313.825,14:31:53.825,0.97,0.21,0.10
1783978314.3252,14:31:54.325,0.97,0.20,0.09
1783978314.8246,14:31:54.824,0.97,0.25,0.06
1783978315.3243,14:31:55.324,0.96,0.29,0.02
1783978315.8247,14:31:55.824,0.95,0.30,0.04
1783978316.3248,14:31:56.324,0.95,0.30,0.02
1783978316.8246,14:31:56.824,0.96,0.29,0.02
1783978317.3249,14:31:57.324,0.96,0.29,0.01
1783978317.8252,14:31:57.825,0.96,0.28,0.02
1783978318.3247,14:31:58.324,0.96,0.28,0.02
1783978318.8248,14:31:58.824,0.96,0.28,0.02
1783978319.325,14:31:59.325,0.96,0.27,0.03
1783978319.8254,14:31:59.825,0.94,0.33,0.02
1783978320.3252,14:32:00.325,0.92,0.40,-0.04
1783978320.8253,14:32:00.825,0.92,0.39,-0.05
1783978321.3247,14:32:01.324,0.93,0.37,-0.06
1783978321.8242,14:32:01.824,0.94,0.34,-0.02
1783978322.3244,14:32:02.324,0.94,0.34,-0.02
1783978322.8243,14:32:02.824,0.96,0.27,0.03
1783978323.3241,14:32:03.324,0.96,0.27,0.05
1783978323.824,14:32:03.824,0.96,0.26,0.05
1783978324.3236,14:32:04.323,0.97,0.25,0.06
1783978324.8229,14:32:04.822,0.97,0.25,0.06
1783978325.3225,14:32:05.322,0.95,0.32,0.02
1783978325.822,14:32:05.822,0.93,0.35,0.01
1783978326.3218,14:32:06.321,0.93,0.37,0.01
1783978326.822,14:32:06.822,0.93,0.38,0.00
1783978327.3212,14:32:07.321,0.92,0.39,-0.01
1783978327.8203,14:32:07.820,0.92,0.40,0.00
1783978328.3207,14:32:08.320,0.92,0.39,0.00
1783978328.8205,14:32:08.820,0.92,0.39,-0.01
1783978329.3198,14:32:09.319,0.92,0.38,-0.02
1783978329.8196,14:32:09.819,0.93,0.37,0.01
1783978330.3201,14:32:10.320,0.92,0.39,0.00
1783978330.8195,14:32:10.819,0.92,0.39,0.00
1783978331.3196,14:32:11.319,0.92,0.38,0.00
1783978331.8192,14:32:11.819,0.93,0.36,0.01
1783978332.3187,14:32:12.318,0.95,0.30,0.05
1783978332.8181,14:32:12.818,0.96,0.28,0.05
1783978333.3182,14:32:13.318,0.96,0.27,0.04
1783978333.8183,14:32:13.818,0.97,0.25,0.07
1783978334.3186,14:32:14.318,0.97,0.24,0.06
1783978334.8188,14:32:14.818,0.97,0.24,0.05
1783978335.3189,14:32:15.318,0.97,0.25,0.06
1783978335.8181,14:32:15.818,0.96,0.26,0.07
1783978336.3184,14:32:16.318,0.94,0.34,0.01
1783978336.8182,14:32:16.818,0.95,0.32,0.01
1783978337.3179,14:32:17.317,0.95,0.32,0.01
1783978337.8179,14:32:17.817,0.92,0.38,-0.05
1783978338.3171,14:32:18.317,0.93,0.37,-0.07
1783978338.8172,14:32:18.817,0.93,0.35,-0.06
1783978339.3172,14:32:19.317,0.98,0.18,0.09
1783978339.8171,14:32:19.817,0.98,0.14,0.14
1783978340.3163,14:32:20.316,0.98,0.15,0.14
1783978340.8164,14:32:20.816,0.97,0.21,0.11
1783978341.3164,14:32:21.316,0.97,0.22,0.11
1783978341.8161,14:32:21.816,0.97,0.22,0.10
1783978342.3161,14:32:22.316,0.97,0.21,0.10
1783978342.8159,14:32:22.815,0.98,0.19,0.09
1783978343.3153,14:32:23.315,0.98,0.19,0.09
1783978343.8154,14:32:23.815,0.97,0.23,0.05
1783978344.3154,14:32:24.315,0.97,0.23,0.05
1783978344.8153,14:32:24.815,0.97,0.23,0.06
1783978345.3155,14:32:25.315,0.98,0.21,0.05
1783978345.816,14:32:25.816,0.98,0.21,0.05
1783978346.315,14:32:26.315,0.97,0.23,0.05
1783978346.8151,14:32:26.815,0.97,0.23,0.05
1783978347.3155,14:32:27.315,0.97,0.22,0.05
1783978347.8145,14:32:27.814,0.98,0.21,0.04
1783978348.3144,14:32:28.314,0.98,0.20,0.07
1783978348.8147,14:32:28.814,0.98,0.20,0.08
1783978349.314,14:32:29.314,0.98,0.21,0.08
1783978349.814,14:32:29.814,0.97,0.22,0.08
1783978350.3141,14:32:30.314,0.97,0.22,0.09
1783978350.8133,14:32:30.813,0.96,0.26,0.07
1783978351.3126,14:32:31.312,0.96,0.27,0.07
1783978351.8126,14:32:31.812,0.96,0.27,0.06
1783978352.3127,14:32:32.312,0.96,0.27,0.06
1783978352.8121,14:32:32.812,0.97,0.25,0.09
1783978353.3125,14:32:33.312,0.98,0.17,0.14
1783978353.8127,14:32:33.812,0.98,0.17,0.13
1783978354.3128,14:32:34.312,0.97,0.20,0.11
1783978354.813,14:32:34.813,0.97,0.20,0.10
1783978355.3131,14:32:35.313,0.97,0.20,0.09
1783978355.8125,14:32:35.812,0.97,0.22,0.06
1783978356.3128,14:32:36.312,0.96,0.26,0.04
1783978356.8124,14:32:36.812,0.95,0.31,-0.02
1783978357.3121,14:32:37.312,0.95,0.32,-0.01
1783978357.8119,14:32:37.811,0.95,0.32,0.00
1783978358.3122,14:32:38.312,0.97,0.24,0.06
1783978358.8116,14:32:38.811,0.96,0.25,0.07
1783978359.3116,14:32:39.311,0.94,0.33,0.00
1783978359.812,14:32:39.812,0.95,0.32,0.00
1783978360.3114,14:32:40.311,0.93,0.36,-0.03
1783978360.8109,14:32:40.810,0.93,0.36,-0.03
1783978361.3107,14:32:41.310,0.95,0.32,0.01
1783978361.8102,14:32:41.810,0.96,0.28,0.03
1783978362.3094,14:32:42.309,0.96,0.28,0.02
1783978362.8095,14:32:42.809,0.95,0.31,0.01
1783978363.3093,14:32:43.309,0.95,0.31,0.00
1783978363.8088,14:32:43.808,0.95,0.31,0.02
1783978364.3092,14:32:44.309,0.96,0.28,0.04
1783978364.8087,14:32:44.808,0.96,0.27,0.06
1783978365.3083,14:32:45.308,0.96,0.27,0.06
1783978365.8084,14:32:45.808,0.96,0.29,0.04
1783978366.308,14:32:46.308,0.96,0.30,0.03
1783978366.8081,14:32:46.808,0.95,0.30,0.01
1783978367.3083,14:32:47.308,0.92,0.38,-0.05
1783978367.8082,14:32:47.808,0.91,0.40,-0.06
1783978368.3078,14:32:48.307,0.92,0.40,-0.06
1783978368.8077,14:32:48.807,0.89,0.45,-0.10
1783978369.3073,14:32:49.307,0.88,0.47,-0.11
1783978369.8065,14:32:49.806,0.88,0.47,-0.10
1783978370.3068,14:32:50.306,0.88,0.47,-0.09
1783978370.8064,14:32:50.806,0.89,0.46,-0.06
1783978371.3057,14:32:51.305,0.89,0.45,-0.03
1783978371.8059,14:32:51.805,0.91,0.41,-0.01
1783978372.306,14:32:52.306,0.94,0.35,0.02
1783978372.8057,14:32:52.805,0.95,0.30,0.07
1783978373.306,14:32:53.306,0.96,0.26,0.09
1783978373.8058,14:32:53.805,0.96,0.24,0.11
1783978374.3053,14:32:54.305,0.97,0.22,0.13
1783978374.8057,14:32:54.805,0.97,0.22,0.13
1783978375.3056,14:32:55.305,0.96,0.25,0.10
1783978375.8048,14:32:55.804,0.96,0.26,0.10
1783978376.3051,14:32:56.305,0.96,0.27,0.06
1783978376.8051,14:32:56.805,0.96,0.28,0.04
1783978377.3046,14:32:57.304,0.96,0.28,0.04
1783978377.8044,14:32:57.804,0.97,0.24,0.09
1783978378.3049,14:32:58.304,0.97,0.24,0.09
1783978378.8046,14:32:58.804,0.96,0.27,0.07
1783978379.3046,14:32:59.304,0.96,0.28,0.04
1783978379.8045,14:32:59.804,0.95,0.30,0.03
1783978380.3045,14:33:00.304,0.94,0.33,0.01
1783978380.8044,14:33:00.804,0.94,0.35,0.00
1783978381.3046,14:33:01.304,0.93,0.36,0.01
1783978381.8041,14:33:01.804,0.93,0.37,-0.02
1783978382.3039,14:33:02.303,0.93,0.36,-0.01
1783978382.8046,14:33:02.804,0.94,0.34,0.01
1783978383.3038,14:33:03.303,0.95,0.31,0.01
1783978383.8037,14:33:03.803,0.95,0.31,0.01
1783978384.3037,14:33:04.303,0.94,0.33,-0.02
1783978384.8038,14:33:04.803,0.94,0.33,-0.01
1783978385.3032,14:33:05.303,0.95,0.31,0.01
1783978385.8035,14:33:05.803,0.96,0.28,0.04
1783978386.3033,14:33:06.303,0.96,0.27,0.02
1783978386.803,14:33:06.803,0.97,0.23,0.04
1783978387.3036,14:33:07.303,0.97,0.23,0.05
1783978387.8033,14:33:07.803,0.98,0.20,0.06
1783978388.3035,14:33:08.303,0.98,0.19,0.05
1783978388.8038,14:33:08.803,0.97,0.26,-0.01
1783978389.3042,14:33:09.304,0.97,0.26,-0.01
1783978389.8037,14:33:09.803,0.97,0.25,0.02
1783978390.3035,14:33:10.303,0.97,0.22,0.06
1783978390.8035,14:33:10.803,0.97,0.22,0.06
1783978391.3027,14:33:11.302,0.97,0.23,0.07
1783978391.8033,14:33:11.803,0.97,0.24,0.07
1783978392.303,14:33:12.303,0.96,0.26,0.08
1783978392.803,14:33:12.803,0.96,0.26,0.08
1783978393.3033,14:33:13.303,0.96,0.26,0.07
1783978393.8027,14:33:13.802,0.96,0.27,0.06
1783978394.3024,14:33:14.302,0.96,0.26,0.05
1783978394.8016,14:33:14.801,0.96,0.26,0.05
1783978395.3017,14:33:15.301,0.97,0.22,0.07
1783978395.8013,14:33:15.801,0.98,0.19,0.08
1783978396.3016,14:33:16.301,0.98,0.19,0.09
1783978396.8018,14:33:16.801,0.95,0.30,-0.01
1783978397.3014,14:33:17.301,0.98,0.09,0.19
1783978397.8008,14:33:17.800,0.98,0.13,0.17
1783978398.3005,14:33:18.300,0.97,0.17,0.17
1783978398.7999,14:33:18.799,0.97,0.18,0.16
1783978399.2998,14:33:19.299,0.96,0.26,0.11
1783978399.8,14:33:19.800,0.95,0.29,0.10
1783978400.2995,14:33:20.299,0.94,0.32,0.07
1783978400.7996,14:33:20.799,0.95,0.29,0.09
1783978401.3003,14:33:21.300,0.95,0.31,0.06
1783978401.7998,14:33:21.799,0.94,0.35,0.04
1783978402.2995,14:33:22.299,0.93,0.36,0.04
1783978402.7995,14:33:22.799,0.92,0.38,0.05
1783978403.299,14:33:23.299,0.92,0.39,0.07
1783978403.7982,14:33:23.798,0.92,0.39,0.07
1783978404.2983,14:33:24.298,0.93,0.35,0.10
1783978404.7985,14:33:24.798,0.93,0.35,0.10
1783978405.2983,14:33:25.298,0.93,0.35,0.08
1783978405.7984,14:33:25.798,0.92,0.39,0.05
1783978406.2982,14:33:26.298,0.91,0.40,0.04
1783978406.7979,14:33:26.797,0.91,0.40,0.05
1783978407.2977,14:33:27.297,0.92,0.39,0.06
1783978407.7978,14:33:27.797,0.92,0.39,0.06
1783978408.2974,14:33:28.297,0.92,0.38,0.06
1783978408.7969,14:33:28.796,0.91,0.41,0.04
1783978409.2965,14:33:29.296,0.91,0.42,0.02
1783978409.7966,14:33:29.796,0.90,0.43,0.01
1783978410.2961,14:33:30.296,0.90,0.43,0.01
1783978410.7962,14:33:30.796,0.91,0.42,0.02
1783978411.2956,14:33:31.295,0.93,0.37,0.06
1783978411.7953,14:33:31.795,0.93,0.36,0.07
1783978412.2953,14:33:32.295,0.93,0.37,0.06
1783978412.7946,14:33:32.794,0.92,0.39,0.06
1783978413.2944,14:33:33.294,0.91,0.42,0.03
1783978413.7939,14:33:33.793,0.90,0.44,0.03
1783978414.2937,14:33:34.293,0.90,0.43,0.03
1783978414.7936,14:33:34.793,0.91,0.42,0.04
1783978415.2938,14:33:35.293,0.91,0.41,0.04
1783978415.7934,14:33:35.793,0.90,0.43,0.02
1783978416.294,14:33:36.294,0.90,0.43,0.02
1783978416.7939,14:33:36.793,0.90,0.43,0.04
1783978417.2939,14:33:37.293,0.91,0.41,0.05
1783978417.7937,14:33:37.793,0.91,0.42,0.04
1783978418.294,14:33:38.294,0.90,0.43,0.03
1783978418.7938,14:33:38.793,0.90,0.44,0.03
1783978419.2935,14:33:39.293,0.90,0.43,0.03
1783978419.7934,14:33:39.793,0.91,0.42,0.01
1783978420.2927,14:33:40.292,0.91,0.42,0.00
1783978420.7919,14:33:40.791,0.89,0.46,-0.03
1783978421.2918,14:33:41.291,0.89,0.46,0.00
1783978421.7914,14:33:41.791,0.89,0.46,0.01
1783978422.2909,14:33:42.290,0.88,0.47,0.00
1783978422.7911,14:33:42.791,0.88,0.48,0.00
1783978423.2915,14:33:43.291,0.88,0.47,-0.02
1783978423.7907,14:33:43.790,0.90,0.43,0.01
1783978424.2904,14:33:44.290,0.92,0.39,0.06
1783978424.7906,14:33:44.790,0.93,0.35,0.08
1783978425.2905,14:33:45.290,0.94,0.33,0.10
1783978425.7907,14:33:45.790,0.95,0.31,0.09
1783978426.2912,14:33:46.291,0.95,0.29,0.10
1783978426.7902,14:33:46.790,0.95,0.29,0.10
1783978427.2899,14:33:47.289,0.87,0.49,-0.08
1783978427.7903,14:33:47.790,0.87,0.49,-0.07
1783978428.2895,14:33:48.289,0.87,0.49,-0.07
1783978428.789,14:33:48.789,0.87,0.48,-0.06
1783978429.289,14:33:49.289,0.89,0.45,-0.06
1783978429.7887,14:33:49.788,0.92,0.38,-0.02
1783978430.2883,14:33:50.288,0.95,0.31,0.02
1783978430.7886,14:33:50.788,0.95,0.31,0.01
1783978431.2878,14:33:51.287,0.95,0.30,0.02
1783978431.7871,14:33:51.787,0.96,0.28,0.04
1783978432.2875,14:33:52.287,0.96,0.29,0.04
1783978432.7872,14:33:52.787,0.94,0.34,-0.01
1783978433.2868,14:33:53.286,0.91,0.41,-0.08
1783978433.7873,14:33:53.787,0.96,0.28,0.07
1783978434.2871,14:33:54.287,0.95,0.31,0.06
1783978434.7866,14:33:54.786,0.95,0.31,0.03
1783978435.2868,14:33:55.286,0.95,0.32,0.02
1783978435.7865,14:33:55.786,0.94,0.34,0.02
1783978436.286,14:33:56.286,0.93,0.36,0.00
1783978436.7861,14:33:56.786,0.92,0.40,-0.01
1783978437.2864,14:33:57.286,0.91,0.41,-0.01
1783978437.7856,14:33:57.785,0.92,0.40,0.01
1783978438.2855,14:33:58.285,0.93,0.35,0.06
1783978438.7859,14:33:58.785,0.95,0.30,0.10
1783978439.2854,14:33:59.285,0.95,0.30,0.10
1783978439.785,14:33:59.785,0.93,0.35,0.08
1783978440.2857,14:34:00.285,0.92,0.38,0.06
1783978440.7848,14:34:00.784,0.92,0.40,0.05
1783978441.2849,14:34:01.284,0.93,0.35,0.08
1783978441.7849,14:34:01.784,0.93,0.36,0.08
1783978442.2844,14:34:02.284,0.88,0.48,-0.07
1783978442.784,14:34:02.784,0.87,0.48,-0.08
1783978443.2841,14:34:03.284,0.86,0.50,-0.10
1783978443.7837,14:34:03.783,0.87,0.48,-0.12
1783978444.2834,14:34:04.283,0.87,0.47,-0.14
1783978444.7833,14:34:04.783,0.85,0.49,-0.19
1783978445.2832,14:34:05.283,0.85,0.48,-0.19
1783978445.783,14:34:05.783,0.90,0.41,-0.15
1783978446.2831,14:34:06.283,0.90,0.41,-0.17
1783978446.7827,14:34:06.782,0.89,0.42,-0.19
1783978447.2825,14:34:07.282,0.88,0.44,-0.19
1783978447.783,14:34:07.783,0.89,0.43,-0.17
1783978448.2826,14:34:08.282,0.89,0.43,-0.17
1783978448.7823,14:34:08.782,0.83,0.51,-0.24
1783978449.2825,14:34:09.282,0.79,0.55,-0.26
1783978449.7822,14:34:09.782,0.78,0.56,-0.27
1783978450.2818,14:34:10.281,0.78,0.56,-0.27
1783978450.7821,14:34:10.782,0.84,0.49,-0.22
1783978451.2821,14:34:11.282,0.89,0.44,-0.16
1783978451.7814,14:34:11.781,0.91,0.40,-0.10
1783978452.2811,14:34:12.281,0.91,0.40,-0.10
1783978452.7812,14:34:12.781,0.89,0.44,-0.13
1783978453.2808,14:34:13.280,0.88,0.45,-0.16
1783978453.7809,14:34:13.780,0.88,0.44,-0.18
1783978454.2815,14:34:14.281,0.89,0.43,-0.16
1783978454.7808,14:34:14.780,0.91,0.39,-0.14
1783978455.2804,14:34:15.280,0.93,0.35,-0.09
1783978455.7809,14:34:15.780,0.94,0.34,-0.07
1783978456.2803,14:34:16.280,0.94,0.34,-0.06
1783978456.7803,14:34:16.780,0.94,0.32,-0.04
1783978457.2798,14:34:17.279,0.95,0.31,-0.02
1783978457.7792,14:34:17.779,0.96,0.28,0.03
1783978458.2793,14:34:18.279,0.96,0.29,0.05
1783978458.7791,14:34:18.779,0.94,0.33,0.02
1783978459.2782,14:34:19.278,0.94,0.35,-0.01
1783978459.7777,14:34:19.777,0.94,0.35,-0.02
1783978460.2784,14:34:20.278,0.94,0.34,-0.01
1783978460.778,14:34:20.778,0.95,0.32,0.00
1783978461.2781,14:34:21.278,0.94,0.33,-0.01
1783978461.7783,14:34:21.778,0.93,0.37,-0.05
1783978462.2778,14:34:22.277,0.92,0.38,-0.04
1783978462.7768,14:34:22.776,0.91,0.42,-0.05
1783978463.277,14:34:23.277,0.91,0.42,-0.05
1783978463.7774,14:34:23.777,0.94,0.34,0.01
1783978464.2771,14:34:24.277,0.94,0.35,0.01
1783978464.7771,14:34:24.777,0.92,0.40,-0.02
1783978465.2773,14:34:25.277,0.89,0.46,-0.07
1783978465.7771,14:34:25.777,0.87,0.48,-0.09
1783978466.2768,14:34:26.276,0.88,0.47,-0.08
1783978466.7768,14:34:26.776,0.90,0.43,-0.04
1783978467.2762,14:34:27.276,0.93,0.37,0.01
1783978467.7767,14:34:27.776,0.93,0.37,0.00
1783978468.2769,14:34:28.276,0.94,0.33,0.02
1783978468.7764,14:34:28.776,0.95,0.32,0.02
1783978469.2766,14:34:29.276,0.95,0.32,0.03
1783978469.7765,14:34:29.776,0.95,0.32,0.03
1783978470.2757,14:34:30.275,0.95,0.31,0.04
1783978470.7756,14:34:30.775,0.96,0.27,0.08
1783978471.2754,14:34:31.275,0.96,0.26,0.10
1783978471.7752,14:34:31.775,0.97,0.24,0.10
1783978472.2748,14:34:32.274,0.97,0.24,0.09
1783978472.7751,14:34:32.775,0.97,0.24,0.09
1783978473.2743,14:34:33.274,0.97,0.24,0.09
1783978473.7741,14:34:33.774,0.97,0.25,0.06
1783978474.2739,14:34:34.273,0.97,0.24,0.06
1783978474.7736,14:34:34.773,0.97,0.23,0.06
1783978475.2732,14:34:35.273,0.97,0.22,0.07
1783978475.7735,14:34:35.773,0.97,0.22,0.06
1783978476.2733,14:34:36.273,0.97,0.21,0.06
1783978476.7733,14:34:36.773,0.97,0.26,0.03
1783978477.274,14:34:37.274,0.96,0.27,0.06
1783978477.7732,14:34:37.773,0.97,0.25,0.07
1783978478.2729,14:34:38.272,0.97,0.24,0.05
1783978478.7727,14:34:38.772,0.97,0.24,0.05
1783978479.2724,14:34:39.272,0.97,0.25,0.06
1783978479.772,14:34:39.772,0.96,0.29,0.04
1783978480.2719,14:34:40.271,0.96,0.29,0.04
1783978480.7719,14:34:40.771,0.96,0.29,0.04
1783978481.2712,14:34:41.271,0.96,0.28,0.07
1783978481.7718,14:34:41.771,0.96,0.26,0.09
1783978482.2718,14:34:42.271,0.97,0.25,0.08
1783978482.7712,14:34:42.771,0.97,0.21,0.11
1783978483.2715,14:34:43.271,0.97,0.21,0.11
1783978483.7709,14:34:43.770,0.96,0.28,0.06
1783978484.2702,14:34:44.270,0.95,0.30,0.04
1783978484.7704,14:34:44.770,0.95,0.31,0.03
1783978485.2707,14:34:45.270,0.95,0.31,0.02
1783978485.7701,14:34:45.770,0.96,0.28,0.05
1783978486.2701,14:34:46.270,0.96,0.28,0.05
1783978486.7704,14:34:46.770,0.95,0.30,0.03
1783978487.2699,14:34:47.269,0.95,0.31,0.00
1783978487.7698,14:34:47.769,0.95,0.32,-0.02
1783978488.27,14:34:48.270,0.95,0.32,-0.03
1783978488.7697,14:34:48.769,0.97,0.24,0.05
1783978489.2693,14:34:49.269,0.97,0.20,0.10
1783978489.7696,14:34:49.769,0.97,0.21,0.11
1783978490.2688,14:34:50.268,0.97,0.22,0.10
1783978490.7689,14:34:50.768,0.97,0.22,0.10
1783978491.2689,14:34:51.268,0.97,0.20,0.11
1783978491.7682,14:34:51.768,0.98,0.19,0.10
1783978492.2678,14:34:52.267,0.98,0.19,0.09
1783978492.7679,14:34:52.767,0.97,0.24,0.07
1783978493.2671,14:34:53.267,0.97,0.25,0.07
1783978493.7668,14:34:53.766,0.96,0.25,0.07
1783978494.2668,14:34:54.266,0.95,0.30,0.05
1783978494.7669,14:34:54.766,0.95,0.31,0.04
1783978495.2666,14:34:55.266,0.95,0.31,0.03
1783978495.7666,14:34:55.766,0.95,0.31,0.02
1783978496.2665,14:34:56.266,0.95,0.30,0.02
1783978496.7662,14:34:56.766,0.97,0.24,0.04
1783978497.2663,14:34:57.266,0.98,0.21,0.07
1783978497.7663,14:34:57.766,0.98,0.21,0.07
1783978498.2658,14:34:58.265,0.97,0.23,0.07
1783978498.7664,14:34:58.766,0.97,0.24,0.09
1783978499.2665,14:34:59.266,0.97,0.22,0.11
1783978499.7657,14:34:59.765,0.97,0.20,0.10
1783978500.266,14:35:00.266,0.98,0.17,0.06
1783978500.7662,14:35:00.766,0.99,0.15,0.05
1783978501.2657,14:35:01.265,0.97,0.26,-0.03
1783978501.7655,14:35:01.765,0.97,0.22,0.01
1783978502.2656,14:35:02.265,0.94,0.34,-0.08
1783978502.7648,14:35:02.764,0.94,0.35,-0.04
1783978503.2651,14:35:03.265,0.93,0.36,-0.02
1783978503.7649,14:35:03.764,0.93,0.37,0.00
1783978504.2643,14:35:04.264,0.91,0.40,-0.01
1783978504.7643,14:35:04.764,0.91,0.42,0.01
1783978505.2642,14:35:05.264,0.91,0.41,0.03
1783978505.7635,14:35:05.763,0.92,0.39,0.04
1783978506.2634,14:35:06.263,0.92,0.39,0.04
1783978506.7637,14:35:06.763,0.91,0.42,0.02
1783978507.2637,14:35:07.263,0.90,0.44,-0.01
1783978507.7636,14:35:07.763,0.88,0.47,-0.02
1783978508.2642,14:35:08.264,0.88,0.48,-0.04
1783978508.7639,14:35:08.763,0.87,0.49,-0.05
1783978509.2629,14:35:09.262,0.87,0.50,-0.06
1783978509.7631,14:35:09.763,0.86,0.50,-0.08
1783978510.2629,14:35:10.262,0.86,0.50,-0.10
1783978510.7626,14:35:10.762,0.85,0.52,-0.12
1783978511.2626,14:35:11.262,0.85,0.51,-0.14
1783978511.7627,14:35:11.762,0.83,0.53,-0.15
1783978512.2625,14:35:12.262,0.84,0.51,-0.16
1783978512.7627,14:35:12.762,0.85,0.51,-0.16
1783978513.2627,14:35:13.262,0.85,0.51,-0.14
1783978513.7618,14:35:13.761,0.85,0.51,-0.11
1783978514.2616,14:35:14.261,0.64,0.69,-0.33
1783978514.7613,14:35:14.761,0.63,0.68,-0.36
1783978515.2604,14:35:15.260,0.64,0.67,-0.37
1783978515.7602,14:35:15.760,0.65,0.67,-0.37
1783978516.2607,14:35:16.260,0.70,0.63,-0.33
1783978516.7599,14:35:16.759,0.77,0.58,-0.27
1783978517.2602,14:35:17.260,0.83,0.53,-0.19
1783978517.7604,14:35:17.760,0.92,0.38,-0.06
1783978518.2601,14:35:18.260,0.95,0.30,0.02
1783978518.7597,14:35:18.759,0.96,0.29,0.03
1783978519.2596,14:35:19.259,0.96,0.28,0.03
1783978519.7592,14:35:19.759,0.95,0.30,-0.01
1783978520.2593,14:35:20.259,0.95,0.31,-0.01
1783978520.7595,14:35:20.759,0.95,0.32,-0.01
1783978521.2592,14:35:21.259,0.95,0.30,0.02
1783978521.7588,14:35:21.758,0.95,0.30,0.02
1783978522.2589,14:35:22.258,0.95,0.30,0.04
1783978522.7583,14:35:22.758,0.96,0.25,0.09
1783978523.2578,14:35:23.257,0.97,0.23,0.10
1783978523.758,14:35:23.758,0.97,0.22,0.12
1783978524.2581,14:35:24.258,0.97,0.21,0.12
1783978524.7573,14:35:24.757,0.97,0.21,0.11
1783978525.2579,14:35:25.257,0.97,0.25,0.09
1783978525.7578,14:35:25.757,0.97,0.25,0.08
1783978526.2572,14:35:26.257,0.97,0.25,0.06
1783978526.7573,14:35:26.757,0.97,0.26,0.05
1783978527.2577,14:35:27.257,0.96,0.29,0.01
1783978527.7574,14:35:27.757,0.96,0.29,-0.01
1783978528.2578,14:35:28.257,0.94,0.34,-0.08
1783978528.7577,14:35:28.757,0.88,0.44,-0.19
1783978529.2571,14:35:29.257,0.87,0.45,-0.20
1783978529.7569,14:35:29.756,0.86,0.46,-0.20
1783978530.2568,14:35:30.256,0.88,0.45,-0.15
1783978530.7561,14:35:30.756,0.93,0.36,-0.05
1783978531.2559,14:35:31.255,0.96,0.29,0.01
1783978531.756,14:35:31.756,0.96,0.27,0.03
1783978532.2554,14:35:32.255,0.97,0.25,0.05
1783978532.7551,14:35:32.755,0.97,0.24,0.05
1783978533.2553,14:35:33.255,0.97,0.25,0.05
1783978533.7546,14:35:33.754,0.96,0.26,0.05
1783978534.2544,14:35:34.254,0.97,0.25,0.04
1783978534.7548,14:35:34.754,0.97,0.24,0.05
1783978535.2544,14:35:35.254,0.97,0.23,0.05
1783978535.754,14:35:35.754,0.97,0.22,0.05
1783978536.2546,14:35:36.254,0.97,0.22,0.05
1783978536.754,14:35:36.754,0.98,0.21,0.06
1783978537.2535,14:35:37.253,0.98,0.18,0.09
1783978537.7539,14:35:37.753,0.98,0.19,0.09
1783978538.2536,14:35:38.253,0.97,0.21,0.08
1783978538.7534,14:35:38.753,0.97,0.26,0.03
1783978539.2533,14:35:39.253,0.96,0.28,0.02
1783978539.7533,14:35:39.753,0.96,0.28,0.02
1783978540.2532,14:35:40.253,0.96,0.26,0.03
1783978540.753,14:35:40.753,0.96,0.26,0.04
1783978541.2527,14:35:41.252,0.96,0.26,0.02
1783978541.7521,14:35:41.752,0.97,0.23,0.05
1783978542.2528,14:35:42.252,0.97,0.23,0.06
1783978542.752,14:35:42.752,0.97,0.23,0.06
1783978543.2517,14:35:43.251,0.97,0.23,0.07
1783978543.7521,14:35:43.752,0.98,0.20,0.10
1783978544.2519,14:35:44.251,0.98,0.20,0.10
1783978544.7512,14:35:44.751,0.97,0.23,0.08
1783978545.2512,14:35:45.251,0.97,0.25,0.03
1783978545.7509,14:35:45.750,0.97,0.25,0.02
1783978546.2501,14:35:46.250,0.96,0.26,0.02
1783978546.7504,14:35:46.750,0.96,0.26,0.03
1783978547.2504,14:35:47.250,0.96,0.26,0.03
1783978547.7503,14:35:47.750,0.97,0.22,0.06
1783978548.2501,14:35:48.250,0.98,0.20,0.09
1783978548.7504,14:35:48.750,0.98,0.18,0.10
1783978549.25,14:35:49.250,0.98,0.18,0.10
1783978549.7498,14:35:49.749,0.98,0.18,0.10
1783978550.2496,14:35:50.249,0.98,0.19,0.09
1783978550.7494,14:35:50.749,0.98,0.20,0.09
1783978551.249,14:35:51.249,0.97,0.21,0.09
1783978551.7493,14:35:51.749,0.97,0.22,0.10
1783978552.2489,14:35:52.248,0.97,0.22,0.10
1783978552.7484,14:35:52.748,0.97,0.21,0.10
1783978553.2486,14:35:53.248,0.97,0.20,0.11
1783978553.7485,14:35:53.748,0.98,0.19,0.11
1783978554.2479,14:35:54.247,0.97,0.24,0.07
1783978554.7479,14:35:54.747,0.97,0.25,0.07
1783978555.248,14:35:55.248,0.96,0.27,0.05
1783978555.7478,14:35:55.747,0.96,0.26,0.04
1783978556.2483,14:35:56.248,0.96,0.27,0.02
1783978556.7481,14:35:56.748,0.96,0.28,0.01
1783978557.2474,14:35:57.247,0.96,0.29,0.01
1783978557.7476,14:35:57.747,0.95,0.30,0.01
1783978558.2477,14:35:58.247,0.95,0.30,0.01
1783978558.7471,14:35:58.747,0.95,0.31,-0.01
1783978559.2474,14:35:59.247,0.95,0.31,-0.01
1783978559.7476,14:35:59.747,0.96,0.27,0.03
1783978560.2471,14:36:00.247,0.97,0.24,0.05
1783978560.7475,14:36:00.747,0.97,0.22,0.07
1783978561.2472,14:36:01.247,0.98,0.21,0.07
1783978561.7468,14:36:01.746,0.98,0.14,0.12
1783978562.2465,14:36:02.246,0.98,0.12,0.13
1783978562.7465,14:36:02.746,0.99,0.11,0.11
1783978563.2458,14:36:03.245,0.99,0.12,0.09
1783978563.746,14:36:03.746,0.99,0.14,0.07
1783978564.2458,14:36:04.245,0.99,0.16,0.04
1783978564.7449,14:36:04.744,0.98,0.20,0.02
1783978565.2445,14:36:05.244,0.98,0.22,0.04
1783978565.7446,14:36:05.744,0.98,0.22,0.04
1783978566.2446,14:36:06.244,0.97,0.22,0.06
1783978566.7443,14:36:06.744,0.97,0.21,0.08
1783978567.2449,14:36:07.244,0.97,0.21,0.08
1783978567.7446,14:36:07.744,0.97,0.21,0.07
1783978568.244,14:36:08.244,0.97,0.23,0.04
1783978568.7447,14:36:08.744,0.94,0.34,-0.06
1783978569.2445,14:36:09.244,0.97,0.25,0.05
1783978569.7444,14:36:09.744,0.95,0.32,-0.02
1783978570.2445,14:36:10.244,0.94,0.34,-0.02
1783978570.744,14:36:10.744,0.94,0.33,-0.02
1783978571.2436,14:36:11.243,0.93,0.36,-0.01
1783978571.7441,14:36:11.744,0.94,0.34,0.02
1783978572.2439,14:36:12.243,0.96,0.28,0.08
1783978572.7436,14:36:12.743,0.96,0.25,0.12
1783978573.2438,14:36:13.243,0.96,0.24,0.13
1783978573.7434,14:36:13.743,0.96,0.23,0.13
1783978574.2431,14:36:14.243,0.96,0.25,0.13
1783978574.7433,14:36:14.743,0.96,0.25,0.12
1783978575.243,14:36:15.243,0.96,0.27,0.11
1783978575.7426,14:36:15.742,0.93,0.35,0.06
1783978576.2425,14:36:16.242,0.91,0.40,0.02
1783978576.7419,14:36:16.741,0.90,0.43,-0.01
1783978577.2416,14:36:17.241,0.90,0.44,-0.03
1783978577.7416,14:36:17.741,0.89,0.46,-0.04
1783978578.2419,14:36:18.241,0.89,0.45,-0.05
1783978578.7411,14:36:18.741,0.89,0.46,-0.05
1783978579.241,14:36:19.241,0.88,0.47,-0.04
1783978579.7414,14:36:19.741,0.88,0.48,-0.04
1783978580.2405,14:36:20.240,0.88,0.48,-0.03
1783978580.7405,14:36:20.740,0.67,0.69,-0.27
1783978581.2408,14:36:21.240,0.66,0.70,-0.26
1783978581.74,14:36:21.740,0.67,0.69,-0.27
1783978582.2405,14:36:22.240,0.71,0.66,-0.26
1783978582.7412,14:36:22.741,0.77,0.60,-0.22
1783978583.2404,14:36:23.240,0.77,0.59,-0.23
1783978583.7401,14:36:23.740,0.78,0.58,-0.23
1783978584.2399,14:36:24.239,0.81,0.55,-0.21
1783978584.7396,14:36:24.739,0.83,0.53,-0.19
1783978585.2396,14:36:25.239,0.92,0.39,-0.07
1783978585.7402,14:36:25.740,0.93,0.37,-0.06
1783978586.2396,14:36:26.239,0.93,0.37,-0.06
1783978586.7395,14:36:26.739,0.93,0.37,-0.03
1783978587.2393,14:36:27.239,0.93,0.37,-0.03
1783978587.7392,14:36:27.739,0.92,0.38,-0.04
1783978588.2386,14:36:28.238,0.92,0.40,-0.04
1783978588.7387,14:36:28.738,0.93,0.36,-0.01
1783978589.2383,14:36:29.238,0.93,0.36,-0.02
1783978589.7374,14:36:29.737,0.93,0.38,-0.03
1783978590.2378,14:36:30.237,0.93,0.38,-0.03
1783978590.7375,14:36:30.737,0.96,0.27,0.07
1783978591.2369,14:36:31.236,0.96,0.28,0.08
1783978591.737,14:36:31.737,0.96,0.28,0.07
1783978592.237,14:36:32.237,0.96,0.08,0.26
1783978592.7363,14:36:32.736,0.95,0.31,0.05
1783978593.2363,14:36:33.236,0.95,0.31,0.06
1783978593.7361,14:36:33.736,0.95,0.32,0.06
1783978594.2364,14:36:34.236,0.95,0.32,0.06
1783978594.7362,14:36:34.736,0.95,0.32,0.06
1783978595.2367,14:36:35.236,0.95,0.31,0.06
1783978595.7356,14:36:35.735,0.95,0.32,0.05
1783978596.2353,14:36:36.235,0.91,0.42,-0.03
1783978596.7353,14:36:36.735,0.91,0.42,-0.03
1783978597.235,14:36:37.235,0.95,0.30,0.05
1783978597.735,14:36:37.735,0.97,0.23,0.11
1783978598.2354,14:36:38.235,0.97,0.17,0.15
1783978598.7346,14:36:38.734,0.97,0.15,0.17
1783978599.2341,14:36:39.234,0.97,0.15,0.17
1783978599.7343,14:36:39.734,0.97,0.19,0.14
1783978600.234,14:36:40.234,0.97,0.19,0.13
1783978600.7334,14:36:40.733,0.98,0.18,0.13
1783978601.2337,14:36:41.233,0.98,0.17,0.14
1783978601.7331,14:36:41.733,0.97,0.21,0.10
1783978602.2334,14:36:42.233,0.94,0.35,-0.02
1783978602.7336,14:36:42.733,0.97,0.19,0.12
1783978603.233,14:36:43.233,0.96,0.26,0.08
1783978603.7329,14:36:43.732,0.96,0.29,0.08
1783978604.2335,14:36:44.233,0.95,0.32,0.06
1783978604.733,14:36:44.733,0.94,0.34,0.04
1783978605.2325,14:36:45.232,0.92,0.39,0.02
1783978605.7326,14:36:45.732,0.92,0.40,0.02
1783978606.2324,14:36:46.232,0.77,0.61,-0.19
1783978606.7322,14:36:46.732,0.78,0.60,-0.18
1783978607.2325,14:36:47.232,0.78,0.60,-0.19
1783978607.7322,14:36:47.732,0.79,0.58,-0.17
1783978608.2318,14:36:48.231,0.83,0.54,-0.16
1783978608.7315,14:36:48.731,0.87,0.48,-0.12
1783978609.2317,14:36:49.231,0.92,0.39,-0.06
1783978609.7314,14:36:49.731,0.96,0.28,-0.01
1783978610.2313,14:36:50.231,0.97,0.22,0.06
1783978610.7316,14:36:50.731,0.98,0.21,0.05
1783978611.231,14:36:51.231,0.98,0.19,0.06
1783978611.7307,14:36:51.730,0.98,0.18,0.07
1783978612.2305,14:36:52.230,0.98,0.17,0.06
1783978612.7302,14:36:52.730,0.96,0.28,0.00
1783978613.2303,14:36:53.230,0.96,0.28,0.02
1783978613.7299,14:36:53.729,0.96,0.27,0.02
1783978614.2298,14:36:54.229,0.98,0.22,0.04
1783978614.7298,14:36:54.729,0.97,0.22,0.04
1783978615.2301,14:36:55.230,0.98,0.18,0.10
1783978615.7299,14:36:55.729,0.98,0.18,0.10
1783978616.2294,14:36:56.229,0.98,0.11,0.15
1783978616.7297,14:36:56.729,0.98,0.09,0.16
1783978617.2297,14:36:57.229,0.98,0.08,0.17
1783978617.7289,14:36:57.728,0.98,0.08,0.16
1783978618.2296,14:36:58.229,0.98,0.11,0.14
1783978618.7294,14:36:58.729,0.98,0.11,0.14
1783978619.2291,14:36:59.229,0.98,0.08,0.16
1783978619.7293,14:36:59.729,0.98,0.10,0.16
1783978620.2287,14:37:00.228,0.98,0.12,0.14
1783978620.7281,14:37:00.728,0.98,0.16,0.12
1783978621.228,14:37:01.228,0.97,0.23,0.07
1783978621.7276,14:37:01.727,0.97,0.25,0.04
1783978622.2269,14:37:02.226,0.97,0.25,0.04
1783978622.7273,14:37:02.727,0.98,0.19,0.09
1783978623.2273,14:37:03.227,0.98,0.18,0.10
1783978623.7266,14:37:03.726,0.98,0.16,0.10
1783978624.2268,14:37:04.226,0.98,0.16,0.10
1783978624.7265,14:37:04.726,0.98,0.17,0.09
1783978625.2257,14:37:05.225,0.98,0.18,0.09
1783978625.726,14:37:05.726,0.98,0.19,0.07
1783978626.2258,14:37:06.225,0.98,0.19,0.07
1783978626.7257,14:37:06.725,0.98,0.18,0.09
1783978627.2257,14:37:07.225,0.98,0.19,0.11
1783978627.7252,14:37:07.725,0.98,0.19,0.09
1783978628.2246,14:37:08.224,0.98,0.19,0.09
1783978628.7247,14:37:08.724,0.98,0.20,0.09
1783978629.2251,14:37:09.225,0.98,0.20,0.09
1783978629.725,14:37:09.725,0.98,0.20,0.09
1783978630.2246,14:37:10.224,0.98,0.16,0.10
1783978630.7246,14:37:10.724,0.98,0.12,0.14
1783978631.2242,14:37:11.224,0.98,0.11,0.15
1783978631.7245,14:37:11.724,0.98,0.11,0.16
1783978632.2251,14:37:12.225,0.98,0.15,0.13
1783978632.7247,14:37:12.724,0.98,0.18,0.12
1783978633.224,14:37:13.224,0.98,0.19,0.12
1783978633.7241,14:37:13.724,0.97,0.20,0.10
1783978634.2236,14:37:14.223,0.98,0.19,0.09
1783978634.723,14:37:14.723,0.98,0.19,0.07
1783978635.2235,14:37:15.223,0.98,0.18,0.05
1783978635.7235,14:37:15.723,0.98,0.18,0.05
1783978636.2232,14:37:16.223,0.98,0.20,0.05
1783978636.7234,14:37:16.723,0.98,0.20,0.08
1783978637.2231,14:37:17.223,0.96,0.29,0.02
1783978637.7227,14:37:17.722,0.96,0.29,0.03
1783978638.2226,14:37:18.222,0.96,0.26,0.06
1783978638.722,14:37:18.722,0.97,0.24,0.07
1783978639.2215,14:37:19.221,0.98,0.18,0.10
1783978639.7219,14:37:19.721,0.98,0.16,0.09
1783978640.2214,14:37:20.221,0.98,0.16,0.07
1783978640.7212,14:37:20.721,0.98,0.19,0.06
1783978641.2213,14:37:21.221,0.98,0.19,0.06
1783978641.7209,14:37:21.720,0.98,0.16,0.08
1783978642.2205,14:37:22.220,0.99,0.15,0.09
1783978642.7202,14:37:22.720,0.98,0.16,0.10
1783978643.2202,14:37:23.220,0.98,0.17,0.09
1783978643.7201,14:37:23.720,0.98,0.17,0.10
1783978644.2203,14:37:24.220,0.98,0.12,0.13
1783978644.7204,14:37:24.720,0.98,0.10,0.14
1783978645.2202,14:37:25.220,0.99,0.09,0.14
1783978645.7201,14:37:25.720,0.97,0.22,0.03
1783978646.2201,14:37:26.220,0.95,0.31,-0.04
1783978646.7204,14:37:26.720,0.95,0.31,-0.04
1783978647.2202,14:37:27.220,0.97,0.24,0.02
1783978647.7204,14:37:27.720,0.98,0.19,0.04
1783978648.2198,14:37:28.219,0.98,0.16,0.07
1783978648.7199,14:37:28.719,0.98,0.15,0.10
1783978649.2197,14:37:29.219,0.98,0.13,0.12
1783978649.7186,14:37:29.718,0.98,0.14,0.12
1783978650.218,14:37:30.218,0.98,0.16,0.12
1783978650.7187,14:37:30.718,0.98,0.18,0.11
1783978651.2178,14:37:31.217,0.98,0.18,0.11
1783978651.7174,14:37:31.717,0.98,0.17,0.12
1783978652.2179,14:37:32.217,0.98,0.17,0.12
1783978652.7177,14:37:32.717,0.97,0.23,0.07
1783978653.2174,14:37:33.217,0.97,0.23,0.07
1783978653.7172,14:37:33.717,0.97,0.23,0.08
1783978654.2175,14:37:34.217,0.98,0.19,0.11
1783978654.7171,14:37:34.717,0.98,0.15,0.15
1783978655.2177,14:37:35.217,0.98,0.15,0.15
1783978655.7175,14:37:35.717,0.98,0.13,0.15
1783978656.2172,14:37:36.217,0.98,0.12,0.13
1783978656.7176,14:37:36.717,0.99,0.11,0.12
1783978657.2176,14:37:37.217,0.99,0.13,0.08
1783978657.717,14:37:37.717,0.99,0.13,0.08
1783978658.2163,14:37:38.216,0.99,0.12,0.08
1783978658.7159,14:37:38.715,0.99,0.10,0.09
1783978659.2157,14:37:39.215,0.99,0.10,0.10
1783978659.7153,14:37:39.715,0.99,0.12,0.11
1783978660.2158,14:37:40.215,0.99,0.12,0.11
1783978660.7156,14:37:40.715,0.98,0.13,0.13
1783978661.2156,14:37:41.215,0.98,0.08,0.17
1783978661.7157,14:37:41.715,0.98,0.07,0.17
1783978662.2155,14:37:42.215,0.98,0.06,0.17
1783978662.7152,14:37:42.715,0.98,0.05,0.18
1783978663.2154,14:37:43.215,0.98,0.05,0.18
1783978663.7147,14:37:43.714,0.99,0.06,0.16
1783978664.2145,14:37:44.214,0.99,0.06,0.15
1783978664.7146,14:37:44.714,0.99,0.04,0.15
1783978665.214,14:37:45.214,0.98,0.02,0.17
1783978665.7131,14:37:45.713,0.98,0.03,0.19
1783978666.2131,14:37:46.213,0.98,0.03,0.19
1783978666.7132,14:37:46.713,0.98,0.05,0.18
1783978667.2126,14:37:47.212,0.98,0.10,0.14
1783978667.7129,14:37:47.712,0.98,0.13,0.12
1783978668.2128,14:37:48.212,0.99,0.12,0.11
1783978668.7123,14:37:48.712,0.99,0.12,0.11
1783978669.2121,14:37:49.212,0.98,0.13,0.12
1783978669.7122,14:37:49.712,0.98,0.14,0.12
1783978670.212,14:37:50.212,0.98,0.15,0.12
1783978670.7121,14:37:50.712,0.98,0.13,0.12
1783978671.2127,14:37:51.212,0.98,0.13,0.12
1783978671.7117,14:37:51.711,0.98,0.13,0.12
1783978672.2118,14:37:52.211,0.98,0.14,0.13
1783978672.7114,14:37:52.711,0.98,0.20,0.10
1783978673.2107,14:37:53.210,0.97,0.22,0.07
1783978673.7103,14:37:53.710,0.97,0.23,0.04
1783978674.2108,14:37:54.210,0.97,0.25,0.02
1783978674.7106,14:37:54.710,0.96,0.27,0.03
1783978675.2103,14:37:55.210,0.97,0.22,0.07
1783978675.7107,14:37:55.710,0.98,0.19,0.09
1783978676.2106,14:37:56.210,0.98,0.19,0.09
1783978676.7098,14:37:56.709,0.98,0.18,0.09
1783978677.2097,14:37:57.209,0.99,0.15,0.09
1783978677.7095,14:37:57.709,0.99,0.13,0.10
1783978678.209,14:37:58.209,0.99,0.13,0.09
1783978678.7092,14:37:58.709,0.99,0.12,0.10
1783978679.2087,14:37:59.208,0.99,0.09,0.12
1783978679.7083,14:37:59.708,0.99,0.10,0.12
1783978680.2086,14:38:00.208,0.98,0.11,0.14
1783978680.7088,14:38:00.708,0.98,0.11,0.14
1783978681.2082,14:38:01.208,0.98,0.11,0.13
1783978681.7087,14:38:01.708,0.98,0.11,0.13
1783978682.2083,14:38:02.208,0.98,0.06,0.17
1783978682.708,14:38:02.708,0.98,0.05,0.17
1783978683.208,14:38:03.208,0.99,0.05,0.16
1783978683.7075,14:38:03.707,0.98,0.07,0.16
1783978684.2072,14:38:04.207,0.98,0.16,0.09
1783978684.7071,14:38:04.707,0.98,0.21,0.05
1783978685.2067,14:38:05.206,0.98,0.21,0.05
1783978685.7066,14:38:05.706,0.98,0.16,0.10
1783978686.2064,14:38:06.206,0.98,0.16,0.10
1783978686.7069,14:38:06.706,0.98,0.15,0.12
1783978687.2067,14:38:07.206,0.98,0.16,0.11
1783978687.7066,14:38:07.706,0.98,0.16,0.11
1783978688.2064,14:38:08.206,0.98,0.17,0.11
1783978688.7063,14:38:08.706,0.98,0.17,0.11
1783978689.2059,14:38:09.205,0.98,0.18,0.10
1783978689.7058,14:38:09.705,0.97,0.25,0.05
1783978690.2056,14:38:10.205,0.98,0.18,0.12
1783978690.7056,14:38:10.705,0.96,0.28,0.03
1783978691.2057,14:38:11.205,0.96,0.28,0.04
1783978691.7057,14:38:11.705,0.96,0.27,0.03
1783978692.2056,14:38:12.205,0.96,0.28,0.03
1783978692.7054,14:38:12.705,0.96,0.29,0.03
1783978693.2051,14:38:13.205,0.96,0.29,0.04
1783978693.7047,14:38:13.704,0.95,0.30,0.04
1783978694.2052,14:38:14.205,0.94,0.33,-0.01
1783978694.7046,14:38:14.704,0.94,0.35,-0.03
1783978695.2047,14:38:15.204,0.94,0.34,-0.03
1783978695.7045,14:38:15.704,0.94,0.35,0.01
1783978696.2044,14:38:16.204,0.93,0.37,0.01
1783978696.704,14:38:16.704,0.92,0.38,0.02
1783978697.2043,14:38:17.204,0.93,0.37,0.03
1783978697.7037,14:38:17.703,0.71,0.67,-0.24
1783978698.2036,14:38:18.203,0.71,0.67,-0.24
1783978698.7034,14:38:18.703,0.73,0.65,-0.22
1783978699.2037,14:38:19.203,0.74,0.63,-0.23
1783978699.7031,14:38:19.703,0.79,0.58,-0.20
1783978700.2029,14:38:20.202,0.86,0.48,-0.18
1783978700.703,14:38:20.703,0.86,0.47,-0.19
1783978701.203,14:38:21.203,0.95,0.30,-0.04
1783978701.7033,14:38:21.703,0.92,0.38,-0.11
1783978702.2032,14:38:22.203,0.90,0.42,-0.16
1783978702.7033,14:38:22.703,0.90,0.41,-0.14
1783978703.2033,14:38:23.203,0.90,0.41,-0.12
1783978703.7036,14:38:23.703,0.91,0.41,-0.06
1783978704.2034,14:38:24.203,0.94,0.35,0.00
1783978704.7029,14:38:24.702,0.94,0.35,0.01
1783978705.2019,14:38:25.201,0.94,0.34,0.01
1783978705.702,14:38:25.702,0.92,0.40,0.01
1783978706.2014,14:38:26.201,0.91,0.42,0.02
1783978706.7019,14:38:26.701,0.90,0.43,0.00
1783978707.2013,14:38:27.201,0.88,0.47,0.00
1783978707.7016,14:38:27.701,0.88,0.48,-0.03
1783978708.2014,14:38:28.201,0.87,0.50,-0.03
1783978708.7009,14:38:28.700,0.86,0.50,-0.05
1783978709.2003,14:38:29.200,0.84,0.53,-0.07
1783978709.7004,14:38:29.700,0.84,0.54,-0.08
1783978710.2,14:38:30.200,0.84,0.54,-0.07
1783978710.6998,14:38:30.699,0.85,0.52,-0.08
1783978711.1999,14:38:31.199,0.85,0.51,-0.08
1783978711.6997,14:38:31.699,0.85,0.52,-0.09
1783978712.1992,14:38:32.199,0.84,0.54,-0.11
1783978712.6992,14:38:32.699,0.84,0.54,-0.11
1783978713.1993,14:38:33.199,0.84,0.54,-0.09
1783978713.6989,14:38:33.698,0.83,0.55,-0.08
1783978714.1992,14:38:34.199,0.83,0.56,-0.09
1783978714.699,14:38:34.699,0.83,0.56,-0.08
1783978715.1987,14:38:35.198,0.84,0.53,-0.07
1783978715.6987,14:38:35.698,0.85,0.52,-0.06
1783978716.1988,14:38:36.198,0.85,0.52,-0.05
1783978716.6978,14:38:36.697,0.85,0.52,-0.06
1783978717.1977,14:38:37.197,0.85,0.53,-0.06
1783978717.6975,14:38:37.697,0.85,0.53,-0.07
1783978718.1972,14:38:38.197,0.84,0.54,-0.06
1783978718.6976,14:38:38.697,0.85,0.53,-0.05
1783978719.1978,14:38:39.197,0.85,0.53,-0.05
1783978719.6976,14:38:39.697,0.85,0.52,-0.05
1783978720.1972,14:38:40.197,0.85,0.52,-0.05
1783978720.6969,14:38:40.696,0.85,0.52,-0.07
1783978721.1965,14:38:41.196,0.83,0.55,-0.08
1783978721.6964,14:38:41.696,0.82,0.56,-0.08
1783978722.1968,14:38:42.196,0.82,0.57,-0.09
1783978722.6965,14:38:42.696,0.82,0.57,-0.08
1783978723.1963,14:38:43.196,0.83,0.55,-0.06
1783978723.6966,14:38:43.696,0.83,0.55,-0.08
1783978724.196,14:38:44.196,0.83,0.55,-0.08
1783978724.6954,14:38:44.695,0.81,0.57,-0.10
1783978725.1954,14:38:45.195,0.83,0.55,-0.06
1783978725.6951,14:38:45.695,0.85,0.52,-0.04
1783978726.1947,14:38:46.194,0.86,0.50,-0.04
1783978726.695,14:38:46.695,0.86,0.51,-0.05
1783978727.1948,14:38:47.194,0.86,0.50,-0.04
1783978727.6945,14:38:47.694,0.86,0.51,-0.06
1783978728.1943,14:38:48.194,0.85,0.53,-0.05
1783978728.694,14:38:48.694,0.85,0.53,-0.05
1783978729.1937,14:38:49.193,0.85,0.52,-0.05
1783978729.6935,14:38:49.693,0.85,0.52,-0.07
1783978730.1936,14:38:50.193,0.85,0.53,-0.08
1783978730.6934,14:38:50.693,0.84,0.53,-0.08
1783978731.1933,14:38:51.193,0.85,0.52,-0.07
1783978731.6927,14:38:51.692,0.85,0.52,-0.07
1783978732.1926,14:38:52.192,0.85,0.52,-0.06
1783978732.6928,14:38:52.692,0.85,0.52,-0.07
1783978733.1923,14:38:53.192,0.85,0.52,-0.07
1783978733.6915,14:38:53.691,0.84,0.54,-0.08
1783978734.1916,14:38:54.191,0.84,0.54,-0.07
1783978734.6912,14:38:54.691,0.84,0.54,-0.07
1783978735.1909,14:38:55.190,0.84,0.53,-0.06
1783978735.6907,14:38:55.690,0.86,0.51,-0.04
1783978736.191,14:38:56.191,0.86,0.50,-0.04
1783978736.6908,14:38:56.690,0.86,0.51,-0.04
1783978737.1905,14:38:57.190,0.86,0.51,-0.06
1783978737.6907,14:38:57.690,0.86,0.51,-0.08
1783978738.1904,14:38:58.190,0.85,0.51,-0.10
1783978738.69,14:38:58.690,0.84,0.53,-0.10
1783978739.1902,14:38:59.190,0.85,0.52,-0.10
1783978739.6901,14:38:59.690,0.84,0.54,-0.11
1783978740.1895,14:39:00.189,0.83,0.54,-0.10
1783978740.6898,14:39:00.689,0.83,0.54,-0.11
1783978741.1894,14:39:01.189,0.83,0.54,-0.10
1783978741.6891,14:39:01.689,0.84,0.54,-0.10
1783978742.1892,14:39:02.189,0.84,0.54,-0.10
1783978742.6893,14:39:02.689,0.85,0.52,-0.09
1783978743.1887,14:39:03.188,0.85,0.52,-0.08
1783978743.689,14:39:03.689,0.87,0.50,-0.05
1783978744.1892,14:39:04.189,0.88,0.48,-0.04
1783978744.6885,14:39:04.688,0.88,0.47,-0.05
1783978745.1885,14:39:05.188,0.88,0.47,-0.07
1783978745.6882,14:39:05.688,0.88,0.46,-0.07
1783978746.1874,14:39:06.187,0.88,0.48,-0.04
1783978746.6875,14:39:06.687,0.88,0.47,-0.02
1783978747.188,14:39:07.188,0.88,0.48,0.00
1783978747.6879,14:39:07.687,0.88,0.47,0.00
1783978748.1877,14:39:08.187,0.89,0.46,-0.01
1783978748.6876,14:39:08.687,0.89,0.46,-0.02
1783978749.1872,14:39:09.187,0.89,0.46,-0.02
1783978749.6872,14:39:09.687,0.89,0.45,0.00
1783978750.1875,14:39:10.187,0.89,0.45,-0.01
1783978750.6869,14:39:10.686,0.90,0.44,-0.04
1783978751.1866,14:39:11.186,0.90,0.43,-0.04
1783978751.6869,14:39:11.686,0.89,0.45,-0.04
1783978752.1864,14:39:12.186,0.89,0.46,-0.04
1783978752.6864,14:39:12.686,0.88,0.48,-0.06
1783978753.1867,14:39:13.186,0.87,0.50,-0.07
1783978753.6857,14:39:13.685,0.86,0.51,-0.05
1783978754.1852,14:39:14.185,0.85,0.52,-0.04
1783978754.6854,14:39:14.685,0.85,0.52,-0.03
1783978755.1857,14:39:15.185,0.85,0.52,-0.05
1783978755.6853,14:39:15.685,0.86,0.51,-0.04
1783978756.1853,14:39:16.185,0.85,0.52,-0.05
1783978756.6851,14:39:16.685,0.84,0.54,-0.06
1783978757.1844,14:39:17.184,0.84,0.54,-0.08
1783978757.6842,14:39:17.684,0.71,0.66,-0.25
1783978758.1843,14:39:18.184,0.75,0.62,-0.21
1783978758.6834,14:39:18.683,0.82,0.55,-0.15
1783978759.1844,14:39:19.184,0.82,0.55,-0.16
1783978759.6843,14:39:19.684,0.83,0.53,-0.16
1783978760.1836,14:39:20.183,0.92,0.40,-0.02
1783978760.6841,14:39:20.684,0.92,0.39,0.00
1783978761.1843,14:39:21.184,0.94,0.34,0.04
1783978761.6839,14:39:21.683,0.94,0.35,0.05
1783978762.1835,14:39:22.183,0.94,0.35,0.03
1783978762.6834,14:39:22.683,0.93,0.37,0.02
1783978763.1826,14:39:23.182,0.91,0.42,-0.03
1783978763.6825,14:39:23.682,0.91,0.42,-0.04
1783978764.1831,14:39:24.183,0.90,0.44,-0.06
1783978764.6826,14:39:24.682,0.92,0.40,-0.04
1783978765.1822,14:39:25.182,0.92,0.39,-0.04
1783978765.6827,14:39:25.682,0.93,0.37,-0.04
1783978766.1821,14:39:26.182,0.94,0.34,-0.04
1783978766.6818,14:39:26.681,0.94,0.33,-0.03
1783978767.1818,14:39:27.181,0.94,0.35,0.00
1783978767.6813,14:39:27.681,0.80,0.56,-0.21
1783978768.1811,14:39:28.181,0.81,0.55,-0.18
1783978768.6815,14:39:28.681,0.82,0.54,-0.18
1783978769.1812,14:39:29.181,0.82,0.54,-0.18
1783978769.6806,14:39:29.680,0.85,0.50,-0.17
1783978770.1805,14:39:30.180,0.90,0.41,-0.13
1783978770.6798,14:39:30.679,0.91,0.40,-0.14
1783978771.1795,14:39:31.179,0.91,0.37,-0.16
1783978771.6795,14:39:31.679,0.90,0.39,-0.20
1783978772.179,14:39:32.179,0.90,0.40,-0.20
1783978772.6783,14:39:32.678,0.92,0.36,-0.15
1783978773.1791,14:39:33.179,0.92,0.37,-0.14
1783978773.6787,14:39:33.678,0.91,0.39,-0.14
1783978774.1786,14:39:34.178,0.90,0.40,-0.14
1783978774.6791,14:39:34.679,0.91,0.40,-0.13
1783978775.1788,14:39:35.178,0.94,0.35,-0.06
1783978775.6784,14:39:35.678,0.94,0.34,-0.06
1783978776.1785,14:39:36.178,0.95,0.31,-0.04
1783978776.6785,14:39:36.678,0.95,0.30,-0.02
1783978777.1778,14:39:37.177,0.95,0.31,-0.02
1783978777.6778,14:39:37.677,0.94,0.33,-0.04
1783978778.1782,14:39:38.178,0.93,0.36,-0.06
1783978778.6777,14:39:38.677,0.93,0.36,-0.07
1783978779.1777,14:39:39.177,0.95,0.31,-0.03
1783978779.6776,14:39:39.677,0.96,0.26,0.00
1783978780.1774,14:39:40.177,0.98,0.19,0.06
1783978780.6777,14:39:40.677,0.98,0.19,0.06
1783978781.1773,14:39:41.177,0.98,0.18,0.05
1783978781.6765,14:39:41.676,0.98,0.20,0.08
1783978782.1765,14:39:42.176,0.97,0.22,0.10
1783978782.677,14:39:42.677,0.97,0.23,0.09
1783978783.176,14:39:43.176,0.97,0.26,0.04
1783978783.6755,14:39:43.675,0.97,0.24,0.03
1783978784.1759,14:39:44.175,0.97,0.24,0.03
1783978784.6761,14:39:44.676,0.98,0.21,0.05
1783978785.1755,14:39:45.175,0.98,0.16,0.08
1783978785.676,14:39:45.676,0.98,0.16,0.08
1783978786.1756,14:39:46.175,0.98,0.06,0.19
1783978786.6757,14:39:46.675,0.98,0.12,0.15
1783978787.1758,14:39:47.175,0.98,0.17,0.13
1783978787.6748,14:39:47.674,0.97,0.20,0.13
1783978788.1741,14:39:48.174,0.97,0.18,0.14
1783978788.6745,14:39:48.674,0.97,0.17,0.15
1783978789.1742,14:39:49.174,0.97,0.17,0.18
1783978789.6742,14:39:49.674,0.97,0.20,0.15
1783978790.1742,14:39:50.174,0.97,0.22,0.13
1783978790.6744,14:39:50.674,0.96,0.25,0.12
1783978791.1737,14:39:51.173,0.96,0.26,0.11
1783978791.6735,14:39:51.673,0.96,0.28,0.09
1783978792.1736,14:39:52.173,0.95,0.29,0.08
1783978792.673,14:39:52.673,0.94,0.33,0.06
1783978793.1729,14:39:53.172,0.94,0.35,0.04
1783978793.6735,14:39:53.673,0.72,0.66,-0.22
1783978794.173,14:39:54.173,0.71,0.67,-0.22
1783978794.6726,14:39:54.672,0.73,0.65,-0.21
1783978795.1727,14:39:55.172,0.81,0.57,-0.16
1783978795.6723,14:39:55.672,0.87,0.49,-0.11
1783978796.1724,14:39:56.172,0.90,0.42,-0.06
1783978796.6724,14:39:56.672,0.91,0.41,-0.07
1783978797.172,14:39:57.172,0.90,0.42,-0.08
1783978797.6721,14:39:57.672,0.98,0.17,0.13
1783978798.1721,14:39:58.172,0.98,0.19,0.10
1783978798.6712,14:39:58.671,0.98,0.18,0.10
1783978799.1706,14:39:59.170,0.98,0.19,0.08
1783978799.6713,14:39:59.671,0.98,0.18,0.09
1783978800.1709,14:40:00.170,0.98,0.15,0.13
1783978800.6706,14:40:00.670,0.98,0.13,0.15
1783978801.1712,14:40:01.171,0.98,0.14,0.14
1783978801.671,14:40:01.671,0.98,0.16,0.13
1783978802.1706,14:40:02.170,0.97,0.22,0.08
1783978802.671,14:40:02.671,0.97,0.25,0.02
1783978803.1706,14:40:03.170,0.88,0.43,-0.17
1783978803.6701,14:40:03.670,0.90,0.41,-0.13
1783978804.1703,14:40:04.170,0.91,0.39,-0.10
1783978804.6695,14:40:04.669,0.91,0.40,-0.09
1783978805.1693,14:40:05.169,0.90,0.41,-0.10
1783978805.6692,14:40:05.669,0.90,0.43,-0.12
1783978806.169,14:40:06.169,0.88,0.46,-0.15
1783978806.6688,14:40:06.668,0.87,0.48,-0.14
1783978807.169,14:40:07.169,0.84,0.51,-0.17
1783978807.6694,14:40:07.669,0.80,0.57,-0.22
1783978808.1689,14:40:08.168,0.80,0.56,-0.20
1783978808.6689,14:40:08.668,0.83,0.53,-0.17
1783978809.169,14:40:09.169,0.86,0.49,-0.13
1783978809.6681,14:40:09.668,0.87,0.48,-0.16
1783978810.1682,14:40:10.168,0.87,0.46,-0.14
1783978810.6682,14:40:10.668,0.92,0.39,-0.04
1783978811.1675,14:40:11.167,0.94,0.35,0.01
1783978811.6675,14:40:11.667,0.95,0.32,0.04
1783978812.1678,14:40:12.167,0.95,0.30,0.06
1783978812.6674,14:40:12.667,0.96,0.28,0.07
1783978813.1669,14:40:13.166,0.96,0.26,0.08
1783978813.6671,14:40:13.667,0.96,0.26,0.08
1783978814.1666,14:40:14.166,0.96,0.27,0.05
1783978814.6664,14:40:14.666,0.94,0.35,-0.05
1783978815.1669,14:40:15.166,0.91,0.41,-0.12
1783978815.6661,14:40:15.666,0.98,0.20,0.08
1783978816.1658,14:40:16.165,0.96,0.29,-0.01
1783978816.666,14:40:16.666,0.93,0.35,-0.07
1783978817.1658,14:40:17.165,0.92,0.39,-0.09
1783978817.6656,14:40:17.665,0.90,0.43,-0.07
1783978818.1656,14:40:18.165,0.91,0.42,-0.07
1783978818.6655,14:40:18.665,0.92,0.40,-0.06
1783978819.1651,14:40:19.165,0.93,0.37,-0.05
1783978819.6652,14:40:19.665,0.93,0.36,-0.04
1783978820.1652,14:40:20.165,0.93,0.36,-0.04
1783978820.6645,14:40:20.664,0.93,0.36,-0.06
1783978821.1645,14:40:21.164,0.93,0.36,-0.06
1783978821.6647,14:40:21.664,0.93,0.36,-0.05
1783978822.1643,14:40:22.164,0.93,0.36,-0.02
1783978822.6642,14:40:22.664,0.94,0.35,-0.02
1783978823.1638,14:40:23.163,0.94,0.35,-0.02
1783978823.6635,14:40:23.663,0.94,0.34,-0.02
1783978824.1637,14:40:24.163,0.64,0.69,-0.32
1783978824.6638,14:40:24.663,0.64,0.70,-0.31
1783978825.1638,14:40:25.163,0.67,0.68,-0.30
1783978825.6635,14:40:25.663,0.69,0.66,-0.30
1783978826.1635,14:40:26.163,0.70,0.65,-0.31
1783978826.6627,14:40:26.662,0.70,0.64,-0.32
1783978827.1628,14:40:27.162,0.95,0.32,-0.02
1783978827.663,14:40:27.663,0.95,0.31,-0.02
1783978828.1627,14:40:28.162,0.95,0.30,-0.01
1783978828.6621,14:40:28.662,0.96,0.26,0.03
1783978829.1624,14:40:29.162,0.97,0.25,0.02
1783978829.6616,14:40:29.661,0.97,0.25,0.02
1783978830.1611,14:40:30.161,0.97,0.26,0.01
1783978830.6615,14:40:30.661,0.96,0.29,0.00
1783978831.1608,14:40:31.160,0.95,0.30,0.00
1783978831.6602,14:40:31.660,0.71,0.64,-0.30
1783978832.1607,14:40:32.160,0.71,0.64,-0.30
1783978832.6607,14:40:32.660,0.71,0.63,-0.30
1783978833.1602,14:40:33.160,0.75,0.60,-0.29
1783978833.6606,14:40:33.660,0.78,0.57,-0.26
1783978834.1608,14:40:34.160,0.83,0.52,-0.20
1783978834.6604,14:40:34.660,0.86,0.49,-0.15
1783978835.1606,14:40:35.160,0.89,0.45,-0.12
1783978835.6604,14:40:35.660,0.88,0.46,-0.12
1783978836.1595,14:40:36.159,0.84,0.51,-0.19
1783978836.6596,14:40:36.659,0.79,0.55,-0.27
1783978837.1594,14:40:37.159,0.76,0.55,-0.33
1783978837.6591,14:40:37.659,0.76,0.56,-0.34
1783978838.1593,14:40:38.159,0.79,0.53,-0.31
1783978838.6592,14:40:38.659,0.79,0.53,-0.31
1783978839.1586,14:40:39.158,0.77,0.53,-0.35
1783978839.6589,14:40:39.658,0.78,0.53,-0.34
1783978840.1587,14:40:40.158,0.77,0.53,-0.34
1783978840.6584,14:40:40.658,0.76,0.54,-0.36
1783978841.1578,14:40:41.157,0.74,0.57,-0.35
1783978841.6579,14:40:41.657,0.75,0.57,-0.34
1783978842.1573,14:40:42.157,0.75,0.58,-0.33
1783978842.6572,14:40:42.657,0.73,0.60,-0.33
1783978843.1572,14:40:43.157,0.72,0.61,-0.34
1783978843.6565,14:40:43.656,0.72,0.60,-0.35
1783978844.1563,14:40:44.156,0.75,0.58,-0.33
1783978844.6564,14:40:44.656,0.75,0.59,-0.32
1783978845.1558,14:40:45.155,0.74,0.60,-0.30
1783978845.6561,14:40:45.656,0.78,0.58,-0.24
1783978846.1561,14:40:46.156,0.83,0.52,-0.19
1783978846.6561,14:40:46.656,0.83,0.52,-0.19
1783978847.1562,14:40:47.156,0.84,0.50,-0.21
1783978847.6562,14:40:47.656,0.84,0.48,-0.25
1783978848.1563,14:40:48.156,0.84,0.49,-0.25
1783978848.6557,14:40:48.655,0.82,0.50,-0.28
1783978849.1558,14:40:49.155,0.80,0.51,-0.30
1783978849.6554,14:40:49.655,0.81,0.52,-0.26
1783978850.1549,14:40:50.154,0.82,0.53,-0.23
1783978850.6553,14:40:50.655,0.85,0.48,-0.19
1783978851.1556,14:40:51.155,0.88,0.45,-0.17
1783978851.6548,14:40:51.654,0.88,0.44,-0.15
1783978852.1549,14:40:52.154,0.83,0.51,-0.21
1783978852.6545,14:40:52.654,0.81,0.53,-0.24
1783978853.1538,14:40:53.153,0.78,0.55,-0.30
1783978853.6538,14:40:53.653,0.76,0.55,-0.35
1783978854.1539,14:40:54.153,0.77,0.55,-0.34
1783978854.6537,14:40:54.653,0.77,0.54,-0.34
1783978855.1536,14:40:55.153,0.77,0.56,-0.30
1783978855.6536,14:40:55.653,0.77,0.58,-0.26
1783978856.1532,14:40:56.153,0.76,0.59,-0.27
1783978856.6535,14:40:56.653,0.75,0.60,-0.28
1783978857.1533,14:40:57.153,0.76,0.60,-0.27
1783978857.653,14:40:57.653,0.77,0.58,-0.27
1783978858.153,14:40:58.153,0.79,0.57,-0.23
1783978858.6529,14:40:58.652,0.81,0.55,-0.22
1783978859.1529,14:40:59.152,0.81,0.55,-0.22
1783978859.6524,14:40:59.652,0.81,0.55,-0.21
1783978860.1522,14:41:00.152,0.82,0.53,-0.19
1783978860.6519,14:41:00.651,0.83,0.52,-0.19
1783978861.1515,14:41:01.151,0.83,0.52,-0.19
1783978861.6514,14:41:01.651,0.84,0.52,-0.19
1783978862.151,14:41:02.151,0.86,0.48,-0.16
1783978862.6503,14:41:02.650,0.88,0.45,-0.13
1783978863.1502,14:41:03.150,0.90,0.43,-0.09
1783978863.6499,14:41:03.649,0.89,0.44,-0.11
1783978864.1493,14:41:04.149,0.89,0.44,-0.09
1783978864.6494,14:41:04.649,0.89,0.45,-0.10
1783978865.1496,14:41:05.149,0.89,0.45,-0.11
1783978865.6488,14:41:05.648,0.90,0.43,-0.09
1783978866.1497,14:41:06.149,0.90,0.43,-0.09
1783978866.6497,14:41:06.649,0.90,0.44,-0.07
1783978867.149,14:41:07.149,0.88,0.47,-0.09
1783978867.6492,14:41:07.649,0.84,0.52,-0.16
1783978868.1493,14:41:08.149,0.80,0.56,-0.21
1783978868.6491,14:41:08.649,0.79,0.57,-0.24
1783978869.149,14:41:09.149,0.78,0.58,-0.24
1783978869.6492,14:41:09.649,0.74,0.61,-0.28
1783978870.1491,14:41:10.149,0.75,0.61,-0.26
1783978870.6487,14:41:10.648,0.76,0.59,-0.26
1783978871.1483,14:41:11.148,0.79,0.57,-0.21
1783978871.6479,14:41:11.647,0.81,0.55,-0.19
1783978872.148,14:41:12.148,0.88,0.46,-0.07
1783978872.6484,14:41:12.648,0.92,0.39,0.00
1783978873.1481,14:41:13.148,0.92,0.38,0.00
1783978873.648,14:41:13.648,0.93,0.38,-0.01
1783978874.1483,14:41:14.148,0.93,0.37,-0.03
1783978874.648,14:41:14.648,0.94,0.33,-0.02
1783978875.1474,14:41:15.147,0.95,0.32,-0.05
1783978875.6471,14:41:15.647,0.94,0.33,-0.06
1783978876.1467,14:41:16.146,0.92,0.37,-0.12
1783978876.6462,14:41:16.646,0.89,0.41,-0.17
1783978877.1468,14:41:17.146,0.89,0.43,-0.17
1783978877.6465,14:41:17.646,0.91,0.39,-0.11
1783978878.1459,14:41:18.145,0.95,0.31,-0.01
1783978878.646,14:41:18.646,0.96,0.29,0.01
1783978879.1458,14:41:19.145,0.95,0.30,0.02
1783978879.6457,14:41:19.645,0.94,0.33,0.01
1783978880.1461,14:41:20.146,0.91,0.40,-0.04
1783978880.646,14:41:20.646,0.89,0.44,-0.05
1783978881.1458,14:41:21.145,0.90,0.43,-0.04
1783978881.6459,14:41:21.645,0.90,0.44,0.00
1783978882.1451,14:41:22.145,0.87,0.49,-0.04
1783978882.6448,14:41:22.644,0.87,0.49,-0.04
1783978883.1451,14:41:23.145,0.87,0.49,-0.08
1783978883.6446,14:41:23.644,0.90,0.44,-0.05
1783978884.1438,14:41:24.143,0.91,0.41,-0.03
1783978884.6438,14:41:24.643,0.91,0.42,-0.03
1783978885.1437,14:41:25.143,0.86,0.50,-0.11
1783978885.6429,14:41:25.642,0.81,0.56,-0.18
1783978886.1431,14:41:26.143,0.79,0.57,-0.22
1783978886.6433,14:41:26.643,0.78,0.57,-0.25
1783978887.1432,14:41:27.143,0.80,0.54,-0.24
1783978887.643,14:41:27.643,0.85,0.49,-0.19
1783978888.1433,14:41:28.143,0.89,0.44,-0.12
1783978888.6431,14:41:28.643,0.91,0.42,-0.06
1783978889.1428,14:41:29.142,0.92,0.40,-0.02
1783978889.6426,14:41:29.642,0.92,0.38,0.00
1783978890.1425,14:41:30.142,0.93,0.38,0.01
1783978890.6419,14:41:30.641,0.91,0.40,-0.02
1783978891.1418,14:41:31.141,0.91,0.41,-0.03
1783978891.642,14:41:31.642,0.92,0.38,-0.03
1783978892.1417,14:41:32.141,0.92,0.38,-0.03
1783978892.642,14:41:32.642,0.92,0.40,-0.04
1783978893.1419,14:41:33.141,0.89,0.44,-0.07
1783978893.6411,14:41:33.641,0.90,0.43,-0.04
1783978894.1413,14:41:34.141,0.90,0.44,-0.01
1783978894.6414,14:41:34.641,0.92,0.38,0.03
1783978895.1406,14:41:35.140,0.92,0.38,0.03
1783978895.6411,14:41:35.641,0.91,0.42,0.00
1783978896.1411,14:41:36.141,0.89,0.45,-0.03
1783978896.6408,14:41:36.640,0.89,0.45,-0.04
1783978897.141,14:41:37.141,0.88,0.46,-0.06
1783978897.6411,14:41:37.641,0.89,0.44,-0.10
1783978898.1401,14:41:38.140,0.89,0.44,-0.10
1783978898.64,14:41:38.640,0.88,0.46,-0.13
1783978899.14,14:41:39.140,0.88,0.46,-0.12
1783978899.6397,14:41:39.639,0.89,0.45,-0.13
1783978900.1399,14:41:40.139,0.88,0.45,-0.13
1783978900.6402,14:41:40.640,0.88,0.46,-0.11
1783978901.1396,14:41:41.139,0.88,0.47,-0.11
1783978901.6395,14:41:41.639,0.88,0.47,-0.11
1783978902.1391,14:41:42.139,0.85,0.51,-0.15
1783978902.6386,14:41:42.638,0.85,0.50,-0.16
1783978903.138,14:41:43.138,0.83,0.52,-0.18
1783978903.6382,14:41:43.638,0.83,0.53,-0.17
1783978904.1376,14:41:44.137,0.82,0.54,-0.19
1783978904.6376,14:41:44.637,0.82,0.56,-0.15
1783978905.1377,14:41:45.137,0.80,0.57,-0.16
1783978905.6374,14:41:45.637,0.79,0.58,-0.18
1783978906.1373,14:41:46.137,0.76,0.61,-0.24
1783978906.6375,14:41:46.637,0.75,0.60,-0.28
1783978907.1376,14:41:47.137,0.76,0.59,-0.26
1783978907.6374,14:41:47.637,0.79,0.57,-0.21
1783978908.1375,14:41:48.137,0.82,0.54,-0.19
1783978908.6367,14:41:48.636,0.85,0.51,-0.15
1783978909.1364,14:41:49.136,0.85,0.50,-0.18
1783978909.6366,14:41:49.636,0.83,0.50,-0.24
1783978910.1363,14:41:50.136,0.82,0.50,-0.26
1783978910.6361,14:41:50.636,0.84,0.50,-0.23
1783978911.1364,14:41:51.136,0.87,0.46,-0.20
1783978911.6359,14:41:51.635,0.86,0.47,-0.18
1783978912.1352,14:41:52.135,0.90,0.42,-0.11
1783978912.6352,14:41:52.635,0.94,0.35,-0.04
1783978913.1355,14:41:53.135,0.94,0.35,-0.03
1783978913.6349,14:41:53.634,0.93,0.36,-0.03
1783978914.1345,14:41:54.134,0.93,0.37,-0.02
1783978914.6348,14:41:54.634,0.93,0.36,-0.01
1783978915.1343,14:41:55.134,0.93,0.37,0.01
1783978915.6342,14:41:55.634,0.93,0.37,0.03
1783978916.1344,14:41:56.134,0.92,0.38,0.01
1783978916.6337,14:41:56.633,0.88,0.47,-0.10
1783978917.1335,14:41:57.133,0.83,0.53,-0.18
1783978917.6336,14:41:57.633,0.83,0.54,-0.18
1783978918.1328,14:41:58.132,0.83,0.52,-0.18
1783978918.6331,14:41:58.633,0.85,0.50,-0.18
1783978919.1331,14:41:59.133,0.88,0.46,-0.15
1783978919.6328,14:41:59.632,0.87,0.47,-0.15
1783978920.1324,14:42:00.132,0.84,0.51,-0.18
1783978920.6325,14:42:00.632,0.80,0.55,-0.22
1783978921.1317,14:42:01.131,0.76,0.59,-0.27
1783978921.6312,14:42:01.631,0.75,0.61,-0.28
1783978922.1314,14:42:02.131,0.75,0.59,-0.29
1783978922.6317,14:42:02.631,0.76,0.58,-0.28
1783978923.1313,14:42:03.131,0.77,0.57,-0.29
1783978923.6315,14:42:03.631,0.75,0.59,-0.31
1783978924.1318,14:42:04.131,0.94,0.33,-0.04
1783978924.6316,14:42:04.631,0.93,0.36,-0.05
1783978925.1319,14:42:05.131,0.95,0.31,-0.01
1783978925.6311,14:42:05.631,0.96,0.28,0.00
1783978926.1304,14:42:06.130,0.96,0.26,0.02
1783978926.6308,14:42:06.630,0.96,0.29,0.03
1783978927.1307,14:42:07.130,0.95,0.30,0.04
1783978927.6305,14:42:07.630,0.95,0.29,0.06
1783978928.1304,14:42:08.130,0.95,0.30,0.06
1783978928.6302,14:42:08.630,0.96,0.27,0.07
1783978929.1299,14:42:09.129,0.97,0.23,0.12
1783978929.6299,14:42:09.629,0.97,0.23,0.12
1783978930.1298,14:42:10.129,0.97,0.20,0.14
1783978930.6294,14:42:10.629,0.97,0.17,0.16
1783978931.1293,14:42:11.129,0.98,0.18,0.13
1783978931.6293,14:42:11.629,0.97,0.19,0.11
1783978932.1286,14:42:12.128,0.97,0.23,0.06
1783978932.6288,14:42:12.628,0.96,0.28,0.02
1783978933.1292,14:42:13.129,0.95,0.31,0.03
1783978933.6289,14:42:13.628,0.95,0.31,0.05
1783978934.1289,14:42:14.128,0.92,0.39,0.00
1783978934.6294,14:42:14.629,0.90,0.44,-0.05
1783978935.1287,14:42:15.128,0.90,0.42,-0.07
1783978935.629,14:42:15.629,0.91,0.41,-0.05
1783978936.129,14:42:16.129,0.92,0.40,0.00
1783978936.6282,14:42:16.628,0.93,0.37,0.03
1783978937.128,14:42:17.128,0.94,0.35,0.04
1783978937.6283,14:42:17.628,0.94,0.33,0.06
1783978938.1279,14:42:18.127,0.95,0.31,0.07
1783978938.6278,14:42:18.627,0.94,0.35,0.04
1783978939.1286,14:42:19.128,0.94,0.34,0.03
1783978939.6285,14:42:19.628,0.94,0.34,0.02
1783978940.1276,14:42:20.127,0.94,0.33,0.03
1783978940.6275,14:42:20.627,0.94,0.33,0.04
1783978941.1273,14:42:21.127,0.95,0.32,0.04
1783978941.6268,14:42:21.626,0.95,0.31,0.05
1783978942.1272,14:42:22.127,0.96,0.25,0.09
1783978942.6276,14:42:22.627,0.97,0.23,0.12
1783978943.1267,14:42:23.126,0.78,0.60,-0.20
1783978943.6269,14:42:23.626,0.78,0.60,-0.19
1783978944.1269,14:42:24.126,0.75,0.61,-0.24
1783978944.6259,14:42:24.625,0.74,0.61,-0.27
1783978945.1256,14:42:25.125,0.72,0.62,-0.31
1783978945.6256,14:42:25.625,0.71,0.62,-0.32
1783978946.1249,14:42:26.124,0.75,0.59,-0.31
1783978946.6249,14:42:26.624,0.78,0.55,-0.28
1783978947.1254,14:42:27.125,0.80,0.53,-0.27
1783978947.6247,14:42:27.624,0.80,0.53,-0.28
1783978948.1247,14:42:28.124,0,0,0
1783978948.6243,14:42:28.624,0.79,0.54,-0.29
1783978949.124,14:42:29.124,0.77,0.55,-0.32
1783978949.6238,14:42:29.623,0.73,0.58,-0.37
1783978950.124,14:42:30.124,0.73,0.57,-0.37
1783978950.6238,14:42:30.623,0.77,0.54,-0.34
1783978951.1233,14:42:31.123,0.79,0.52,-0.32
1783978951.6235,14:42:31.623,0.79,0.52,-0.32
1783978952.1225,14:42:32.122,0.79,0.53,-0.31
1783978952.622,14:42:32.622,0.76,0.56,-0.33
1783978953.1226,14:42:33.122,0.72,0.59,-0.36
1783978953.6227,14:42:33.622,0.93,0.36,-0.10
1783978954.1229,14:42:34.122,0.92,0.38,-0.11
1783978954.623,14:42:34.623,0.91,0.39,-0.12
1783978955.1224,14:42:35.122,0.90,0.41,-0.14
1783978955.6223,14:42:35.622,0.90,0.42,-0.14
1783978956.1221,14:42:36.122,0.90,0.43,-0.13
1783978956.6222,14:42:36.622,0.91,0.41,-0.10
1783978957.1216,14:42:37.121,0.92,0.40,-0.04
1783978957.6223,14:42:37.622,0.93,0.38,0.00
1783978958.1219,14:42:38.121,0.93,0.37,0.01
1783978958.6215,14:42:38.621,0.92,0.38,0.02
1783978959.1215,14:42:39.121,0.93,0.37,0.02
1783978959.6214,14:42:39.621,0.94,0.34,0.05
1783978960.1206,14:42:40.120,0.95,0.31,0.07
1783978960.6209,14:42:40.620,0.94,0.32,0.07
1783978961.1207,14:42:41.120,0.93,0.36,0.04
1783978961.6199,14:42:41.619,0.78,0.59,-0.20
1783978962.1199,14:42:42.119,0.79,0.58,-0.21
1783978962.6201,14:42:42.620,0.81,0.56,-0.19
1783978963.1196,14:42:43.119,0.80,0.56,-0.20
1783978963.6192,14:42:43.619,0.82,0.53,-0.21
1783978964.1195,14:42:44.119,0.82,0.52,-0.23
1783978964.6189,14:42:44.618,0,0,0
1783978965.1188,14:42:45.118,0,0,0
1783978965.619,14:42:45.619,0.81,0.52,-0.26
1783978966.1191,14:42:46.119,0.72,0.59,-0.36
1783978966.6189,14:42:46.618,0.71,0.61,-0.36
1783978967.119,14:42:47.119,0.70,0.62,-0.36
1783978967.6184,14:42:47.618,0.78,0.55,-0.29
1783978968.1179,14:42:48.117,0.86,0.47,-0.20
1783978968.6179,14:42:48.617,0.85,0.49,-0.21
1783978969.118,14:42:49.118,0.83,0.50,-0.24
1783978969.6174,14:42:49.617,0.76,0.56,-0.34
1783978970.1179,14:42:50.117,0.78,0.53,-0.35
1783978970.6179,14:42:50.617,0.81,0.49,-0.32
1783978971.1172,14:42:51.117,0.88,0.42,-0.21
1783978971.6176,14:42:51.617,0.89,0.42,-0.18
1783978972.117,14:42:52.117,0.89,0.42,-0.18
1783978972.6167,14:42:52.616,0.85,0.47,-0.23
1783978973.1165,14:42:53.116,0.86,0.45,-0.23
1783978973.616,14:42:53.616,0.86,0.45,-0.24
1783978974.1156,14:42:54.115,0.87,0.43,-0.24
1783978974.6157,14:42:54.615,0.90,0.38,-0.19
1783978975.1155,14:42:55.115,0.92,0.35,-0.15
1783978975.615,14:42:55.615,0.93,0.35,-0.15
1783978976.1156,14:42:56.115,0,0,0
1783978976.6157,14:42:56.615,0.91,0.37,-0.18
1783978977.1153,14:42:57.115,0.86,0.46,-0.24
1783978977.6154,14:42:57.615,0.80,0.51,-0.32
1783978978.1152,14:42:58.115,0.80,0.51,-0.32
1783978978.6143,14:42:58.614,0.82,0.50,-0.29
1783978979.1141,14:42:59.114,0.82,0.51,-0.27
1783978979.6146,14:42:59.614,0.82,0.51,-0.27
1783978980.114,14:43:00.114,0.95,0.31,-0.06
1783978980.6143,14:43:00.614,0.95,0.31,-0.06
1783978981.1139,14:43:01.113,0.95,0.32,-0.07
1783978981.6135,14:43:01.613,0.93,0.35,-0.11
1783978982.1134,14:43:02.113,0.92,0.38,-0.12
1783978982.6136,14:43:02.613,0.70,0.62,-0.35
1783978983.1134,14:43:03.113,0.71,0.63,-0.33
1783978983.6128,14:43:03.612,0.73,0.61,-0.31
1783978984.1133,14:43:04.113,0.74,0.59,-0.33
1783978984.6131,14:43:04.613,0.76,0.58,-0.29
1783978985.1123,14:43:05.112,0.79,0.56,-0.24
1783978985.6123,14:43:05.612,0.89,0.44,-0.14
1783978986.1122,14:43:06.112,0.94,0.34,-0.04
1783978986.6114,14:43:06.611,0.97,0.25,-0.01
1783978987.1121,14:43:07.112,0.98,0.17,0.06
1783978987.6125,14:43:07.612,0.99,0.08,0.14
1783978988.1124,14:43:08.112,0.98,0.03,0.19
1783978988.6126,14:43:08.612,0.98,0.04,0.20
1783978989.1124,14:43:09.112,0.98,0.07,0.18
1783978989.6122,14:43:09.612,0.98,0.08,0.17
1783978990.1127,14:43:10.112,0.98,0.07,0.16
1783978990.6125,14:43:10.612,0.98,0.03,0.18
1783978991.1123,14:43:11.112,0.98,0.02,0.18
1783978991.6126,14:43:11.612,0.96,-0.07,0.28
1783978992.1126,14:43:12.112,0.97,-0.02,0.25
1783978992.6121,14:43:12.612,0.97,0.02,0.23
1783978993.1121,14:43:13.112,0.98,0.08,0.20
1783978993.6114,14:43:13.611,0.98,0.17,0.13
1783978994.111,14:43:14.111,0.97,0.19,0.12
1783978994.6115,14:43:14.611,0.98,0.14,0.17
1783978995.1109,14:43:15.110,0.97,0.09,0.21
1783978995.6102,14:43:15.610,0.97,0.11,0.21
1783978996.1099,14:43:16.109,0.98,0.15,0.16
1783978996.61,14:43:16.610,0.97,0.17,0.15
1783978997.1096,14:43:17.109,0.97,0.21,0.11
1783978997.6091,14:43:17.609,0.97,0.22,0.09
1783978998.1089,14:43:18.108,0.97,0.21,0.09
1783978998.609,14:43:18.609,0.97,0.22,0.09
1783978999.1082,14:43:19.108,0.92,0.38,-0.07
1783978999.6087,14:43:19.608,0.91,0.41,-0.05
1783979000.1087,14:43:20.108,0.88,0.47,-0.06
1783979000.6083,14:43:20.608,0.85,0.52,-0.11
1783979001.1091,14:43:21.109,0.86,0.50,-0.10
1783979001.6089,14:43:21.608,0.89,0.45,-0.07
1783979002.1084,14:43:22.108,0.94,0.35,0.02
1783979002.6082,14:43:22.608,0.97,0.24,0.09
1783979003.1085,14:43:23.108,0.97,0.20,0.11
1783979003.6079,14:43:23.607,0.98,0.18,0.11
1783979004.1088,14:43:24.108,0.98,0.16,0.13
1783979004.608,14:43:24.608,0.98,0.15,0.14
1783979005.1073,14:43:25.107,0.98,0.16,0.14
1783979005.6073,14:43:25.607,0.98,0.14,0.14
1783979006.107,14:43:26.107,0.98,0.15,0.15
1783979006.6063,14:43:26.606,0.98,0.07,0.20
1783979007.1064,14:43:27.106,0.98,0.07,0.20
1783979007.606,14:43:27.606,0.98,0.13,0.15
1783979008.1063,14:43:28.106,0.98,0.12,0.16
1783979008.6061,14:43:28.606,0.98,0.08,0.19
1783979009.1059,14:43:29.105,0.98,0.08,0.19
1783979009.6055,14:43:29.605,0.98,0.09,0.16
1783979010.105,14:43:30.105,0.98,0.09,0.16
1783979010.6048,14:43:30.604,0.98,0.11,0.17
1783979011.1048,14:43:31.104,0.97,0.06,0.22
1783979011.6051,14:43:31.605,0.97,0.07,0.23
1783979012.1051,14:43:32.105,0.97,0.08,0.23
1783979012.6048,14:43:32.604,0.97,0.10,0.22
1783979013.1046,14:43:33.104,0.97,0.11,0.22
1783979013.6051,14:43:33.605,0.97,0.16,0.19
1783979014.1043,14:43:34.104,0.97,0.18,0.18
1783979014.6042,14:43:34.604,0.96,0.21,0.16
1783979015.1042,14:43:35.104,0.96,0.21,0.16
1783979015.6037,14:43:35.603,0.97,0.19,0.17
1783979016.1029,14:43:36.102,0.97,0.19,0.17
1783979016.6032,14:43:36.603,0.97,0.19,0.17
1783979017.1033,14:43:37.103,0.97,0.19,0.17
1783979017.6026,14:43:37.602,0.97,0.19,0.17
1783979018.103,14:43:38.103,0.97,0.20,0.17
1783979018.6031,14:43:38.603,0.97,0.20,0.16
1783979019.1027,14:43:39.102,0.97,0.20,0.15
1783979019.603,14:43:39.603,0.97,0.20,0.15
1783979020.1028,14:43:40.102,0.97,0.18,0.15
1783979020.6024,14:43:40.602,0.98,0.09,0.18
1783979021.1025,14:43:41.102,0.98,0.09,0.19
1783979021.6028,14:43:41.602,0.97,0.09,0.20
1783979022.1023,14:43:42.102,0.98,0.10,0.18
1783979022.6019,14:43:42.601,0.98,0.11,0.18
1783979023.102,14:43:43.102,0.98,0.12,0.18
1783979023.6012,14:43:43.601,0.98,0.11,0.19
1783979024.1007,14:43:44.100,0.97,0.11,0.21
1783979024.6005,14:43:44.600,0.97,0.09,0.22
1783979025.0998,14:43:45.099,0.97,0.08,0.23
1783979025.5992,14:43:45.599,0.97,0.08,0.22
1783979026.0999,14:43:46.099,0.97,0.09,0.22
1783979026.6001,14:43:46.600,0.97,0.10,0.22
1783979027.1,14:43:47.100,0.97,0.10,0.21
1783979027.6002,14:43:47.600,0.97,0.10,0.20
1783979028.1001,14:43:48.100,0.97,0.10,0.20
1783979028.5999,14:43:48.599,0.97,0.08,0.21
1783979029.0996,14:43:49.099,0.97,0.08,0.23
1783979029.5994,14:43:49.599,0.96,0.09,0.25
1783979030.0992,14:43:50.099,0.96,0.12,0.24
1783979030.5997,14:43:50.599,0.97,0.12,0.23
1783979031.0991,14:43:51.099,0.97,0.12,0.22
1783979031.5986,14:43:51.598,0.97,0.13,0.22
1783979032.0988,14:43:52.098,0.97,0.15,0.20
1783979032.5981,14:43:52.598,0.97,0.14,0.21
1783979033.0973,14:43:53.097,0.97,0.15,0.20
1783979033.5976,14:43:53.597,0.97,0.14,0.22
1783979034.0976,14:43:54.097,0.97,0.13,0.22
1783979034.5969,14:43:54.596,0.97,0.13,0.21
1783979035.0969,14:43:55.096,0.97,0.16,0.19
1783979035.597,14:43:55.597,0.97,0.16,0.19
1783979036.0964,14:43:56.096,0.97,0.17,0.18
1783979036.5966,14:43:56.596,0.97,0.17,0.18
1783979037.0968,14:43:57.096,0.97,0.16,0.20
1783979037.5963,14:43:57.596,0.97,0.15,0.20
1783979038.0963,14:43:58.096,0.97,0.15,0.20
1783979038.5962,14:43:58.596,0.97,0.20,0.16
1783979039.0954,14:43:59.095,0.94,0.33,0.05
1783979039.5957,14:43:59.595,0.94,0.35,0.02
1783979040.0955,14:44:00.095,0.94,0.34,0.02
1783979040.5948,14:44:00.594,0.97,0.21,0.11
1783979041.0951,14:44:01.095,0.98,0.13,0.16
1783979041.5954,14:44:01.595,0.98,0.10,0.16
1783979042.0949,14:44:02.094,0.99,0.09,0.14
1783979042.5951,14:44:02.595,0.99,0.06,0.10
1783979043.0948,14:44:03.094,0.99,0.05,0.12
1783979043.5944,14:44:03.594,0.99,0.05,0.13
1783979044.0939,14:44:04.093,0.99,0.06,0.14
1783979044.5939,14:44:04.593,0.98,0.05,0.18
1783979045.094,14:44:05.094,0.97,0.07,0.22
1783979045.5936,14:44:05.593,0.97,0.10,0.21
1783979046.0941,14:44:06.094,0.97,0.10,0.21
1783979046.5935,14:44:06.593,0.97,0.09,0.21
1783979047.093,14:44:07.093,0.97,0.08,0.22
1783979047.5932,14:44:07.593,0.98,0.07,0.20
1783979048.0925,14:44:08.092,0.98,0.06,0.20
1783979048.5923,14:44:08.592,0.98,0.04,0.20
1783979049.0928,14:44:09.092,0.97,0.06,0.24
1783979049.5926,14:44:09.592,0.97,0.07,0.23
1783979050.0924,14:44:10.092,0.97,0.07,0.22
1783979050.5925,14:44:10.592,0.98,0.05,0.20
1783979051.0924,14:44:11.092,0.98,0.10,0.16
1783979051.5919,14:44:11.591,0.98,0.12,0.16
1783979052.0923,14:44:12.092,0.98,0.17,0.11
1783979052.5926,14:44:12.592,0.98,0.16,0.10
1783979053.0918,14:44:13.091,0.99,0.13,0.09
1783979053.5921,14:44:13.592,0.99,0.12,0.09
1783979054.0921,14:44:14.092,0.99,0.10,0.13
1783979054.5914,14:44:14.591,0.98,0.13,0.15
1783979055.0907,14:44:15.090,0.98,0.13,0.14
1783979055.591,14:44:15.591,0.98,0.13,0.14
1783979056.0906,14:44:16.090,0.98,0.12,0.15
1783979056.5907,14:44:16.590,0.98,0.07,0.19
1783979057.0907,14:44:17.090,0.98,0.07,0.19
1783979057.5902,14:44:17.590,0.98,0.05,0.18
1783979058.0904,14:44:18.090,0.98,0.03,0.18
1783979058.5907,14:44:18.590,0.98,0.03,0.18
1783979059.0901,14:44:19.090,0.98,0.06,0.16
1783979059.5899,14:44:19.589,0.99,0.09,0.14
1783979060.09,14:44:20.090,0.98,0.11,0.16
1783979060.5898,14:44:20.589,0.98,0.14,0.16
1783979061.0897,14:44:21.089,0.98,0.14,0.17
1783979061.5895,14:44:21.589,0.98,0.12,0.18
1783979062.09,14:44:22.090,0.98,0.10,0.18
1783979062.589,14:44:22.589,0.98,0.12,0.17
1783979063.0889,14:44:23.088,0.98,0.11,0.17
1783979063.5885,14:44:23.588,0.98,0.10,0.17
1783979064.0882,14:44:24.088,0.98,0.07,0.19
1783979064.5884,14:44:24.588,0.98,0.06,0.18
1783979065.0884,14:44:25.088,0.98,0.08,0.18
1783979065.5878,14:44:25.587,0.98,0.10,0.15
1783979066.0873,14:44:26.087,0.98,0.17,0.09
1783979066.5868,14:44:26.586,0.98,0.10,0.15
1783979067.0864,14:44:27.086,0.98,0.17,0.13
1783979067.5866,14:44:27.586,0.97,0.22,0.09
1783979068.0867,14:44:28.086,0.79,0.58,-0.22
1783979068.5865,14:44:28.586,0.77,0.58,-0.24
1783979069.0867,14:44:29.086,0.78,0.58,-0.25
1783979069.5866,14:44:29.586,0.80,0.55,-0.24
1783979070.086,14:44:30.086,0.85,0.49,-0.19
1783979070.5855,14:44:30.585,0.89,0.44,-0.16
1783979071.0857,14:44:31.085,0.94,0.33,-0.09
1783979071.586,14:44:31.586,0.97,0.24,-0.03
1783979072.0858,14:44:32.085,0.99,0.12,0.04
1783979072.5863,14:44:32.586,0.99,0.08,0.06
1783979073.0857,14:44:33.085,0.99,0.08,0.06
1783979073.5858,14:44:33.585,0.99,0.14,0.08
1783979074.0856,14:44:34.085,0.97,0.23,0.00
1783979074.5855,14:44:34.585,0.96,0.29,-0.04
1783979075.0853,14:44:35.085,0.94,0.33,-0.06
1783979075.5858,14:44:35.585,0.94,0.34,-0.04
1783979076.0854,14:44:36.085,0.94,0.34,-0.03
1783979076.5845,14:44:36.584,0.94,0.34,-0.03
1783979077.0849,14:44:37.084,0.94,0.34,-0.04
1783979077.5844,14:44:37.584,0.93,0.36,-0.05
1783979078.0836,14:44:38.083,0.93,0.37,-0.04
1783979078.5836,14:44:38.583,0.91,0.41,-0.06
1783979079.0834,14:44:39.083,0.91,0.41,-0.04
1783979079.5826,14:44:39.582,0.90,0.43,-0.04
1783979080.0833,14:44:40.083,0.69,0.68,-0.25
1783979080.5837,14:44:40.583,0.68,0.70,-0.23
1783979081.0826,14:44:41.082,0.68,0.70,-0.22
1783979081.5828,14:44:41.582,0.69,0.69,-0.22
1783979082.0829,14:44:42.082,0.77,0.61,-0.17
1783979082.5822,14:44:42.582,0.86,0.51,-0.07
1783979083.0821,14:44:43.082,0.88,0.48,-0.04
1783979083.5819,14:44:43.581,0.89,0.46,-0.02
1783979084.0816,14:44:44.081,0.90,0.44,-0.01
1783979084.5816,14:44:44.581,0.92,0.40,0.02
1783979085.0811,14:44:45.081,0.92,0.40,0.04
1783979085.5801,14:44:45.580,0.93,0.35,0.07
1783979086.08,14:44:46.080,0.94,0.34,0.08
1783979086.5802,14:44:46.580,0.94,0.34,0.08
1783979087.0795,14:44:47.079,0.94,0.33,0.08
1783979087.5791,14:44:47.579,0.94,0.32,0.06
1783979088.0794,14:44:48.079,0.93,0.36,0.03
1783979088.5788,14:44:48.578,0.92,0.39,0.02
1783979089.0782,14:44:49.078,0.92,0.39,0.03
1783979089.5785,14:44:49.578,0.93,0.36,0.06
1783979090.0777,14:44:50.077,0.93,0.37,0.06
1783979090.5776,14:44:50.577,0.93,0.37,0.07
1783979091.0778,14:44:51.077,0.93,0.35,0.07
1783979091.5775,14:44:51.577,0.95,0.29,0.11
1783979092.0775,14:44:52.077,0.96,0.24,0.14
1783979092.5778,14:44:52.577,0.97,0.20,0.16
1783979093.0772,14:44:53.077,0.97,0.19,0.17
1783979093.5769,14:44:53.576,0.97,0.16,0.18
1783979094.0775,14:44:54.077,0.97,0.14,0.19
1783979094.5774,14:44:54.577,0.97,0.14,0.19
1783979095.0768,14:44:55.076,0.97,0.14,0.19
1783979095.5769,14:44:55.576,0.97,0.19,0.16
1783979096.0765,14:44:56.076,0.95,0.28,0.11
1783979096.5758,14:44:56.575,0.95,0.31,0.10
1783979097.076,14:44:57.076,0.95,0.31,0.09
1783979097.5763,14:44:57.576,0.95,0.31,0.09
1783979098.0755,14:44:58.075,0.95,0.30,0.09
1783979098.5757,14:44:58.575,0.96,0.28,0.10
1783979099.0758,14:44:59.075,0.96,0.25,0.11
1783979099.5752,14:44:59.575,0.96,0.25,0.11
1783979100.0749,14:45:00.074,0.96,0.24,0.11
1783979100.5751,14:45:00.575,0.97,0.19,0.14
1783979101.0746,14:45:01.074,0.97,0.18,0.14
1783979101.5742,14:45:01.574,0.98,0.16,0.13
1783979102.0747,14:45:02.074,0.93,0.37,-0.05
1783979102.5742,14:45:02.574,0.96,0.29,0.03
1783979103.0743,14:45:03.074,0.93,0.36,-0.04
1783979103.5743,14:45:03.574,0.92,0.38,-0.04
1783979104.0742,14:45:04.074,0.93,0.38,-0.01
1783979104.5742,14:45:04.574,0.94,0.35,0.02
1783979105.0744,14:45:05.074,0.94,0.34,0.04
1783979105.5742,14:45:05.574,0.95,0.32,0.04
1783979106.0739,14:45:06.073,0.95,0.30,0.06
1783979106.5745,14:45:06.574,0.96,0.28,0.06
1783979107.0742,14:45:07.074,0.96,0.26,0.08
1783979107.574,14:45:07.574,0.97,0.22,0.10
1783979108.0742,14:45:08.074,0.97,0.20,0.12
1783979108.5738,14:45:08.573,0.97,0.19,0.13
1783979109.073,14:45:09.073,0.97,0.19,0.13
1783979109.5729,14:45:09.572,0.97,0.18,0.13
1783979110.0729,14:45:10.072,0.98,0.16,0.14
1783979110.573,14:45:10.573,0.97,0.16,0.15
1783979111.0732,14:45:11.073,0.98,0.16,0.15
1783979111.5735,14:45:11.573,0.97,0.16,0.16
1783979112.0727,14:45:12.072,0.72,0.66,-0.22
1783979112.5726,14:45:12.572,0.72,0.66,-0.22
1783979113.0723,14:45:13.072,0.71,0.67,-0.22
1783979113.5716,14:45:13.571,0.75,0.63,-0.20
1783979114.0722,14:45:14.072,0.79,0.58,-0.17
1783979114.5721,14:45:14.572,0.87,0.48,-0.10
1783979115.0715,14:45:15.071,0.93,0.36,0.01
1783979115.572,14:45:15.572,0.96,0.28,0.08
1783979116.0722,14:45:16.072,0.97,0.23,0.08
1783979116.5717,14:45:16.571,0.98,0.17,0.09
1783979117.0715,14:45:17.071,0.98,0.13,0.13
1783979117.5715,14:45:17.571,0.98,0.13,0.15
1783979118.0712,14:45:18.071,0.98,0.18,0.13
1783979118.571,14:45:18.571,0.97,0.21,0.12
1783979119.0709,14:45:19.070,0.97,0.21,0.13
1783979119.5705,14:45:19.570,0.96,0.25,0.11
1783979120.0702,14:45:20.070,0.95,0.30,0.07
1783979120.5702,14:45:20.570,0.95,0.31,0.09
1783979121.0699,14:45:21.069,0.95,0.29,0.11
1783979121.5695,14:45:21.569,0.95,0.29,0.13
1783979122.0698,14:45:22.069,0.95,0.29,0.13
1783979122.5693,14:45:22.569,0.95,0.27,0.13
1783979123.069,14:45:23.069,0.96,0.25,0.14
1783979123.5694,14:45:23.569,0.96,0.23,0.16
1783979124.0697,14:45:24.069,0.96,0.22,0.17
1783979124.569,14:45:24.569,0.96,0.21,0.17
1783979125.0693,14:45:25.069,0.96,0.22,0.16
1783979125.5685,14:45:25.568,0.96,0.23,0.13
1783979126.068,14:45:26.068,0.96,0.24,0.13
1783979126.568,14:45:26.568,0.96,0.25,0.13
1783979127.0674,14:45:27.067,0.96,0.25,0.13
1783979127.5669,14:45:27.566,0.96,0.24,0.13
1783979128.0667,14:45:28.066,0.96,0.24,0.13
1783979128.5667,14:45:28.566,0.96,0.24,0.13
1783979129.0667,14:45:29.066,0.95,0.28,0.12
1783979129.5668,14:45:29.566,0.95,0.31,0.10
1783979130.0668,14:45:30.066,0.95,0.31,0.09
1783979130.5665,14:45:30.566,0.94,0.32,0.08
1783979131.0665,14:45:31.066,0.94,0.32,0.10
1783979131.567,14:45:31.567,0.95,0.27,0.12
1783979132.0666,14:45:32.066,0.96,0.26,0.13
1783979132.5663,14:45:32.566,0.95,0.29,0.12
1783979133.0665,14:45:33.066,0.94,0.32,0.10
1783979133.5662,14:45:33.566,0.94,0.32,0.10
1783979134.066,14:45:34.066,0.94,0.32,0.09
1783979134.5663,14:45:34.566,0.95,0.30,0.10
1783979135.0655,14:45:35.065,0.95,0.30,0.10
1783979135.5652,14:45:35.565,0.94,0.32,0.09
1783979136.0652,14:45:36.065,0.94,0.32,0.09
1783979136.5654,14:45:36.565,0.95,0.29,0.10
1783979137.0652,14:45:37.065,0.95,0.28,0.11
1783979137.5652,14:45:37.565,0.96,0.26,0.12
1783979138.0645,14:45:38.064,0.96,0.26,0.11
1783979138.5641,14:45:38.564,0.96,0.28,0.07
1783979139.0646,14:45:39.064,0.97,0.13,0.19
1783979139.5642,14:45:39.564,0.97,0.18,0.15
1783979140.0643,14:45:40.064,0.97,0.20,0.13
1783979140.5649,14:45:40.564,0.97,0.25,0.08
1783979141.0646,14:45:41.064,0.96,0.27,0.04
1783979141.564,14:45:41.564,0.96,0.30,0.00
1783979142.064,14:45:42.064,0.95,0.31,-0.02
1783979142.5636,14:45:42.563,0.95,0.32,-0.05
1783979143.0632,14:45:43.063,0.95,0.32,-0.06
1783979143.563,14:45:43.563,0.95,0.29,-0.06
1783979144.0631,14:45:44.063,0.96,0.28,-0.05
1783979144.5627,14:45:44.562,0.89,0.41,-0.18
1783979145.0628,14:45:45.062,0.95,0.31,-0.09
1783979145.5628,14:45:45.562,0.97,0.26,-0.03
1783979146.0623,14:45:46.062,0.97,0.25,-0.01
1783979146.5619,14:45:46.561,0.96,0.28,-0.04
1783979147.0615,14:45:47.061,0.95,0.29,-0.06
1783979147.5612,14:45:47.561,0.93,0.34,-0.13
1783979148.061,14:45:48.061,0.91,0.38,-0.17
1783979148.5607,14:45:48.560,0.91,0.38,-0.18
1783979149.06,14:45:49.060,0,0,0
1783979149.5603,14:45:49.560,0.91,0.37,-0.18
1783979150.0605,14:45:50.060,0.88,0.42,-0.22
1783979150.5606,14:45:50.560,0.84,0.46,-0.27
1783979151.0606,14:45:51.060,0.84,0.46,-0.27
1783979151.5603,14:45:51.560,0.86,0.44,-0.26
1783979152.0595,14:45:52.059,0.86,0.44,-0.26
1783979152.5594,14:45:52.559,0.82,0.49,-0.29
1783979153.0594,14:45:53.059,0.81,0.50,-0.29
1783979153.5596,14:45:53.559,0.79,0.52,-0.31
1783979154.059,14:45:54.059,0.80,0.52,-0.30
1783979154.5595,14:45:54.559,0.81,0.52,-0.28
1783979155.0587,14:45:55.058,0.82,0.51,-0.27
1783979155.5587,14:45:55.558,0.95,0.31,-0.06
1783979156.0589,14:45:56.058,0.81,0.52,-0.26
1783979156.5587,14:45:56.558,0.79,0.54,-0.28
1783979157.0588,14:45:57.058,0.78,0.54,-0.31
1783979157.5586,14:45:57.558,0.77,0.55,-0.32
1783979158.0583,14:45:58.058,0.78,0.55,-0.31
1783979158.5577,14:45:58.557,0.79,0.53,-0.30
1783979159.0582,14:45:59.058,0.78,0.54,-0.32
1783979159.5578,14:45:59.557,0.78,0.53,-0.33
1783979160.0569,14:46:00.056,0.77,0.54,-0.34
1783979160.5567,14:46:00.556,0.79,0.52,-0.32
1783979161.0569,14:46:01.056,0.82,0.48,-0.30
1783979161.5562,14:46:01.556,0.87,0.43,-0.23
1783979162.0563,14:46:02.056,0.88,0.42,-0.22
1783979162.5561,14:46:02.556,0.87,0.43,-0.24
1783979163.0556,14:46:03.055,0.79,0.52,-0.32
1783979163.5551,14:46:03.555,0.79,0.52,-0.32
1783979164.0552,14:46:04.055,0.83,0.50,-0.26
1783979164.5548,14:46:04.554,0.90,0.41,-0.14
1783979165.0545,14:46:05.054,0.90,0.42,-0.14
1783979165.5543,14:46:05.554,0.90,0.41,-0.13
1783979166.0538,14:46:06.053,0.90,0.41,-0.15
1783979166.554,14:46:06.554,0.89,0.42,-0.15
1783979167.054,14:46:07.054,0.89,0.43,-0.17
1783979167.5545,14:46:07.554,0.89,0.44,-0.16
1783979168.0542,14:46:08.054,0.87,0.46,-0.19
1783979168.5543,14:46:08.554,0.87,0.44,-0.19
1783979169.0539,14:46:09.053,0.88,0.43,-0.20
1783979169.5536,14:46:09.553,0.88,0.43,-0.20
1783979170.0538,14:46:10.053,0.86,0.46,-0.21
1783979170.5533,14:46:10.553,0.86,0.46,-0.20
1783979171.0525,14:46:11.052,0.91,0.39,-0.13
1783979171.553,14:46:11.553,0.96,0.28,-0.01
1783979172.0526,14:46:12.052,0.96,0.28,0.03
1783979172.5523,14:46:12.552,0.95,0.30,0.04
1783979173.0523,14:46:13.052,0.95,0.30,0.05
1783979173.552,14:46:13.552,0.95,0.31,0.06
1783979174.0516,14:46:14.051,0.95,0.31,0.07
1783979174.5516,14:46:14.551,0.95,0.31,0.05
1783979175.0516,14:46:15.051,0.93,0.37,-0.02
1783979175.5509,14:46:15.550,0.88,0.44,-0.18
1783979176.0511,14:46:16.051,0.83,0.50,-0.25
1783979176.5511,14:46:16.551,0.82,0.50,-0.26
1783979177.0506,14:46:17.050,0.89,0.41,-0.19
1783979177.5505,14:46:17.550,0.89,0.41,-0.20
1783979178.0509,14:46:18.050,0.88,0.42,-0.23
1783979178.5501,14:46:18.550,0.87,0.42,-0.24
1783979179.0498,14:46:19.049,0.90,0.38,-0.20
1783979179.5506,14:46:19.550,0.90,0.38,-0.20
1783979180.0503,14:46:20.050,0.90,0.39,-0.19
1783979180.5503,14:46:20.550,0.85,0.46,-0.25
1783979181.0506,14:46:21.050,0.77,0.54,-0.33
1783979181.5501,14:46:21.550,0.77,0.54,-0.33
1783979182.0502,14:46:22.050,0.93,0.35,-0.14
1783979182.5504,14:46:22.550,0.91,0.38,-0.17
1783979183.0503,14:46:23.050,0.90,0.39,-0.18
1783979183.5503,14:46:23.550,0.90,0.40,-0.17
1783979184.0508,14:46:24.050,0.90,0.42,-0.15
1783979184.5506,14:46:24.550,0.89,0.42,-0.15
1783979185.0508,14:46:25.050,0.90,0.42,-0.12
1783979185.5513,14:46:25.551,0.92,0.39,-0.09
1783979186.0505,14:46:26.050,0.92,0.38,-0.07
1783979186.55,14:46:26.550,0.93,0.37,-0.05
1783979187.05,14:46:27.050,0.93,0.36,-0.04
1783979187.5496,14:46:27.549,0.93,0.36,-0.03
1783979188.0496,14:46:28.049,0.94,0.34,0.00
1783979188.5497,14:46:28.549,0.94,0.33,0.02
1783979189.0497,14:46:29.049,0.95,0.31,0.04
1783979189.5488,14:46:29.548,0.67,0.70,-0.27
1783979190.0486,14:46:30.048,0.66,0.70,-0.27
1783979190.5481,14:46:30.548,0.67,0.68,-0.30
1783979191.0475,14:46:31.047,0.67,0.66,-0.33
1783979191.5477,14:46:31.547,0.69,0.64,-0.34
1783979192.0481,14:46:32.048,0.71,0.63,-0.32
1783979192.5474,14:46:32.547,0.74,0.60,-0.31
1783979193.048,14:46:33.048,0.75,0.59,-0.30
1783979193.5477,14:46:33.547,0.76,0.58,-0.29
1783979194.0469,14:46:34.046,0.76,0.58,-0.30
1783979194.547,14:46:34.547,0.75,0.58,-0.32
1783979195.0468,14:46:35.046,0.70,0.61,-0.37
1783979195.5466,14:46:35.546,0.68,0.63,-0.38
1783979196.0463,14:46:36.046,0.65,0.64,-0.40
1783979196.5466,14:46:36.546,0.66,0.63,-0.41
1783979197.0465,14:46:37.046,0.69,0.61,-0.39
1783979197.5461,14:46:37.546,0.72,0.60,-0.37
1783979198.046,14:46:38.046,0.72,0.58,-0.37
1783979198.5458,14:46:38.545,0.73,0.58,-0.37
1783979199.0453,14:46:39.045,0.73,0.58,-0.35
1783979199.5453,14:46:39.545,0.74,0.59,-0.32
1783979200.0456,14:46:40.045,0.74,0.60,-0.31
1783979200.5448,14:46:40.544,0.72,0.62,-0.31
1783979201.0449,14:46:41.044,0.68,0.64,-0.37
1783979201.5448,14:46:41.544,0.64,0.65,-0.41
1783979202.0442,14:46:42.044,0.63,0.66,-0.42
1783979202.5444,14:46:42.544,0.65,0.65,-0.39
1783979203.0447,14:46:43.044,0.90,0.42,-0.15
1783979203.5443,14:46:43.544,0.92,0.39,-0.09
1783979204.0444,14:46:44.044,0.93,0.35,-0.04
1783979204.544,14:46:44.544,0.93,0.36,-0.03
1783979205.043,14:46:45.043,0.95,0.31,0.01
1783979205.5435,14:46:45.543,0.76,0.61,-0.23
1783979206.0431,14:46:46.043,0.76,0.62,-0.19
1783979206.5426,14:46:46.542,0.77,0.61,-0.20
1783979207.0426,14:46:47.042,0.82,0.55,-0.16
1783979207.5428,14:46:47.542,0.86,0.49,-0.11
1783979208.0422,14:46:48.042,0.93,0.37,-0.01
1783979208.5423,14:46:48.542,0.97,0.24,0.09
1783979209.0429,14:46:49.042,0.98,0.15,0.15
1783979209.5426,14:46:49.542,0.98,0.09,0.20
1783979210.0424,14:46:50.042,0.98,0.08,0.18
1783979210.5421,14:46:50.542,0.99,0.12,0.13
1783979211.0415,14:46:51.041,0.98,0.19,0.10
1783979211.5414,14:46:51.541,0.97,0.21,0.08
1783979212.0412,14:46:52.041,0.97,0.21,0.09
1783979212.5411,14:46:52.541,0.98,0.14,0.14
1783979213.0407,14:46:53.040,0.98,0.14,0.15
1783979213.541,14:46:53.541,0.98,0.14,0.16
1783979214.0402,14:46:54.040,0.97,0.14,0.18
1783979214.5398,14:46:54.539,0.97,0.15,0.18
1783979215.0403,14:46:55.040,0.97,0.14,0.18
1783979215.5399,14:46:55.539,0.98,0.12,0.18
1783979216.0394,14:46:56.039,0.98,0.12,0.18
1783979216.5398,14:46:56.539,0.97,0.12,0.21
1783979217.0399,14:46:57.039,0.97,0.17,0.18
1783979217.5393,14:46:57.539,0.97,0.16,0.17
1783979218.0398,14:46:58.039,0.98,0.13,0.16
1783979218.5394,14:46:58.539,0.98,0.10,0.17
1783979219.0391,14:46:59.039,0.98,0.10,0.17
1783979219.5397,14:46:59.539,0.98,0.17,0.12
1783979220.0388,14:47:00.038,0.98,0.17,0.12
1783979220.5384,14:47:00.538,0.98,0.16,0.14
1783979221.0389,14:47:01.038,0.98,0.12,0.18
1783979221.5385,14:47:01.538,0.98,0.12,0.18
1783979222.0376,14:47:02.037,0.97,0.14,0.19
1783979222.5378,14:47:02.537,0.97,0.14,0.19
1783979223.0379,14:47:03.037,0.97,0.11,0.22
1783979223.5371,14:47:03.537,0.97,0.11,0.21
1783979224.037,14:47:04.037,0.97,0.17,0.17
1783979224.5369,14:47:04.536,0.97,0.16,0.16
1783979225.0363,14:47:05.036,0.98,0.14,0.14
1783979225.5364,14:47:05.536,0.98,0.19,0.07
1783979226.0364,14:47:06.036,0.96,0.28,-0.04
1783979226.5365,14:47:06.536,0.93,0.36,-0.11
1783979227.0359,14:47:07.035,0.92,0.36,-0.13
1783979227.5363,14:47:07.536,0.96,0.27,-0.06
1783979228.0359,14:47:08.035,0.98,0.20,0.02
1783979228.5354,14:47:08.535,0.98,0.17,0.04
1783979229.0356,14:47:09.035,0.98,0.17,0.04
1783979229.5355,14:47:09.535,0.98,0.19,0.00
1783979230.0355,14:47:10.035,0.97,0.25,-0.03
1783979230.5354,14:47:10.535,0.96,0.26,-0.02
1783979231.0355,14:47:11.035,0.98,0.19,0.04
1783979231.5348,14:47:11.534,0.98,0.16,0.07
1783979232.0352,14:47:12.035,0.99,0.14,0.08
1783979232.5347,14:47:12.534,0.99,0.12,0.08
1783979233.034,14:47:13.034,0.99,0.16,0.04
1783979233.5345,14:47:13.534,0.93,0.35,-0.11
1783979234.0344,14:47:14.034,0.92,0.37,-0.12
1783979234.534,14:47:14.534,0.92,0.37,-0.12
1783979235.0341,14:47:15.034,0.95,0.30,-0.06
1783979235.5339,14:47:15.533,0.97,0.23,-0.01
1783979236.0333,14:47:16.033,0.99,0.17,0.04
1783979236.5335,14:47:16.533,0.99,0.14,0.05
1783979237.0329,14:47:17.032,0.99,0.11,0.07
1783979237.5321,14:47:17.532,0.99,0.14,0.09
1783979238.0324,14:47:18.032,0.98,0.15,0.13
1783979238.532,14:47:18.532,0.98,0.16,0.13
1783979239.0313,14:47:19.031,0.98,0.13,0.12
1783979239.531,14:47:19.531,0.99,0.12,0.10
1783979240.0311,14:47:20.031,0.99,0.12,0.09
1783979240.5303,14:47:20.530,0.99,0.12,0.09
1783979241.0308,14:47:21.030,0.99,0.10,0.08
1783979241.5306,14:47:21.530,0.99,0.17,0.01
1783979242.0301,14:47:22.030,0.95,0.29,-0.12
1783979242.5297,14:47:22.529,0.96,0.27,-0.11
1783979243.0302,14:47:23.030,0.96,0.25,-0.09
1783979243.5298,14:47:23.529,0.97,0.26,-0.03
1783979244.0294,14:47:24.029,0.95,0.30,0.03
1783979244.5299,14:47:24.529,0.94,0.33,0.03
1783979245.0293,14:47:25.029,0.93,0.37,0.02
1783979245.5288,14:47:25.528,0.92,0.39,0.01
1783979246.0288,14:47:26.028,0.91,0.41,-0.01
1783979246.5293,14:47:26.529,0.88,0.47,-0.08
1783979247.0289,14:47:27.028,0.85,0.50,-0.14
1783979247.5294,14:47:27.529,0.85,0.49,-0.16
1783979248.0288,14:47:28.028,0.91,0.41,-0.10
1783979248.5282,14:47:28.528,0.96,0.27,0.02
1783979249.0282,14:47:29.028,0.98,0.11,0.15
1783979249.5279,14:47:29.527,0.98,0.12,0.14
1783979250.0272,14:47:30.027,0.99,0.11,0.11
1783979250.5279,14:47:30.527,0.99,0.10,0.11
1783979251.0275,14:47:31.027,0.99,0.07,0.13
1783979251.5272,14:47:31.527,0.98,0.08,0.18
1783979252.0274,14:47:32.027,0.98,0.08,0.18
1783979252.5273,14:47:32.527,0.98,0.04,0.19
1783979253.0265,14:47:33.026,0.98,0.04,0.18
1783979253.5263,14:47:33.526,0.98,0.04,0.18
1783979254.0264,14:47:34.026,0.98,0.01,0.20
1783979254.526,14:47:34.526,0.97,-0.01,0.23
1783979255.0266,14:47:35.026,0.97,0.00,0.24
1783979255.5271,14:47:35.527,0.98,0.04,0.21
1783979256.027,14:47:36.027,0.98,0.12,0.17
1783979256.5269,14:47:36.526,0.97,0.18,0.14
1783979257.0274,14:47:37.027,0.97,0.21,0.13
1783979257.5269,14:47:37.526,0.95,0.29,0.09
1783979258.0268,14:47:38.026,0.94,0.33,0.07
1783979258.5268,14:47:38.526,0.94,0.33,0.08
1783979259.0265,14:47:39.026,0.95,0.30,0.10
1783979259.5265,14:47:39.526,0.94,0.31,0.10
1783979260.0267,14:47:40.026,0.93,0.36,0.07
1783979260.5267,14:47:40.526,0.93,0.35,0.07
1783979261.0264,14:47:41.026,0.94,0.33,0.07
1783979261.5265,14:47:41.526,0.94,0.33,0.07
1783979262.026,14:47:42.026,0.93,0.37,0.03
1783979262.526,14:47:42.526,0.92,0.40,0.00
1783979263.0258,14:47:43.025,0.92,0.38,-0.01
1783979263.5253,14:47:43.525,0.95,0.30,0.04
1783979264.0247,14:47:44.024,0.95,0.29,0.06
1783979264.5248,14:47:44.524,0.97,0.24,0.11
1783979265.0251,14:47:45.025,0.97,0.24,0.11
1783979265.5248,14:47:45.524,0.96,0.25,0.11
1783979266.0246,14:47:46.024,0.95,0.28,0.09
1783979266.5247,14:47:46.524,0.95,0.29,0.09
1783979267.0241,14:47:47.024,0.95,0.29,0.09
1783979267.5236,14:47:47.523,0.95,0.29,0.09
1783979268.0238,14:47:48.023,0.94,0.33,0.06
1783979268.5232,14:47:48.523,0.93,0.36,0.04
1783979269.0236,14:47:49.023,0.91,0.41,0.00
1783979269.5233,14:47:49.523,0.91,0.41,0.00
1783979270.0225,14:47:50.022,0.92,0.40,0.01
1783979270.5228,14:47:50.522,0.92,0.40,0.01
1783979271.0226,14:47:51.022,0.91,0.41,0.00
1783979271.5217,14:47:51.521,0.89,0.45,-0.03
1783979272.0213,14:47:52.021,0.89,0.45,-0.03
1783979272.5214,14:47:52.521,0.91,0.41,0.00
1783979273.021,14:47:53.021,0.93,0.36,0.04
1783979273.5208,14:47:53.520,0.93,0.36,0.04
1783979274.0209,14:47:54.020,0.94,0.35,0.00
1783979274.5205,14:47:54.520,0.94,0.34,-0.02
1783979275.0202,14:47:55.020,0.97,0.25,0.04
1783979275.5206,14:47:55.520,0.98,0.13,0.14
1783979276.0201,14:47:56.020,0.98,0.06,0.19
1783979276.5203,14:47:56.520,0.98,0.04,0.21
1783979277.0208,14:47:57.020,0.97,0.05,0.22
1783979277.5204,14:47:57.520,0.97,0.06,0.22
1783979278.0203,14:47:58.020,0.97,0.07,0.23
1783979278.5205,14:47:58.520,0.97,0.06,0.23
1783979279.02,14:47:59.020,0.97,0.07,0.22
1783979279.5192,14:47:59.519,0.97,0.07,0.22
1783979280.0193,14:48:00.019,0.98,0.15,0.16
1783979280.5195,14:48:00.519,0.97,0.19,0.15
1783979281.0192,14:48:01.019,0.97,0.19,0.16
1783979281.5196,14:48:01.519,0.97,0.18,0.17
1783979282.0197,14:48:02.019,0.97,0.15,0.18
1783979282.5191,14:48:02.519,0.97,0.13,0.19
1783979283.0189,14:48:03.018,0.97,0.13,0.19
1783979283.519,14:48:03.519,0.97,0.16,0.17
1783979284.0184,14:48:04.018,0.97,0.18,0.15
1783979284.5185,14:48:04.518,0.97,0.22,0.14
1783979285.0187,14:48:05.018,0.97,0.21,0.12
1783979285.5182,14:48:05.518,0.97,0.21,0.12
1783979286.0174,14:48:06.017,0.97,0.20,0.12
1783979286.5177,14:48:06.517,0.98,0.15,0.16
1783979287.0169,14:48:07.016,0.98,0.14,0.17
1783979287.517,14:48:07.517,0.98,0.14,0.17
1783979288.017,14:48:08.017,0.97,0.19,0.12
1783979288.5167,14:48:08.516,0.97,0.22,0.11
1783979289.0167,14:48:09.016,0.97,0.23,0.12
1783979289.5164,14:48:09.516,0.97,0.22,0.13
1783979290.0162,14:48:10.016,0.97,0.19,0.15
1783979290.5155,14:48:10.515,0.97,0.10,0.21
1783979291.0157,14:48:11.015,0.97,0.09,0.21
1783979291.5152,14:48:11.515,0.97,0.08,0.22
1783979292.0146,14:48:12.014,0.97,0.08,0.21
1783979292.5146,14:48:12.514,0.97,0.08,0.22
1783979293.0147,14:48:13.014,0.97,0.12,0.19
1783979293.5143,14:48:13.514,0.97,0.21,0.13
1783979294.0146,14:48:14.014,0.96,0.23,0.13
1783979294.5148,14:48:14.514,0.96,0.23,0.13
1783979295.0147,14:48:15.014,0.97,0.22,0.12
1783979295.5153,14:48:15.515,0.97,0.23,0.12
1783979296.0151,14:48:16.015,0.96,0.29,0.07
1783979296.5145,14:48:16.514,0.96,0.29,0.07
1783979297.0148,14:48:17.014,0.95,0.30,0.07
1783979297.5148,14:48:17.514,0.94,0.33,0.05
1783979298.0145,14:48:18.014,0.93,0.37,0.02
1783979298.5145,14:48:18.514,0.92,0.38,0.01
1783979299.0142,14:48:19.014,0.92,0.38,0.02
1783979299.5138,14:48:19.513,0.93,0.36,0.04
1783979300.0143,14:48:20.014,0.95,0.31,0.08
1783979300.5139,14:48:20.513,0.95,0.30,0.08
1783979301.0132,14:48:21.013,0.95,0.30,0.08
1783979301.513,14:48:21.513,0.93,0.38,0.03
1783979302.0128,14:48:22.012,0.93,0.38,0.03
1783979302.5127,14:48:22.512,0.95,0.31,0.07
1783979303.0131,14:48:23.013,0.96,0.28,0.11
1783979303.5138,14:48:23.513,0.96,0.25,0.12
1783979304.0128,14:48:24.012,0.96,0.24,0.12
1783979304.5131,14:48:24.513,0.96,0.28,0.07
1783979305.0129,14:48:25.012,0.95,0.32,0.05
1783979305.512,14:48:25.512,0.95,0.32,0.04
1783979306.0118,14:48:26.011,0.96,0.27,0.07
1783979306.5119,14:48:26.511,0.96,0.27,0.07
1783979307.0115,14:48:27.011,0.96,0.29,0.06
1783979307.5108,14:48:27.510,0.96,0.29,0.07
1783979308.0112,14:48:28.011,0.96,0.24,0.11
1783979308.5111,14:48:28.511,0.97,0.21,0.13
1783979309.0101,14:48:29.010,0.97,0.21,0.14
1783979309.5102,14:48:29.510,0.97,0.21,0.13
1783979310.0104,14:48:30.010,0.97,0.21,0.14
1783979310.5104,14:48:30.510,0.97,0.22,0.13
1783979311.011,14:48:31.011,0.96,0.24,0.12
1783979311.5108,14:48:31.510,0.96,0.26,0.12
1783979312.0107,14:48:32.010,0.96,0.26,0.10
1783979312.5108,14:48:32.510,0.96,0.26,0.09
1783979313.0105,14:48:33.010,0.96,0.25,0.11
1783979313.5095,14:48:33.509,0.96,0.25,0.11
1783979314.0092,14:48:34.009,0.96,0.26,0.10
1783979314.509,14:48:34.509,0.96,0.26,0.11
1783979315.0085,14:48:35.008,0.96,0.25,0.10
1783979315.5085,14:48:35.508,0.97,0.23,0.11
1783979316.0082,14:48:36.008,0.97,0.23,0.11
1783979316.508,14:48:36.508,0.97,0.23,0.11
1783979317.0079,14:48:37.007,0.96,0.26,0.09
1783979317.5079,14:48:37.507,0.96,0.28,0.08
1783979318.0078,14:48:38.007,0.96,0.28,0.09
1783979318.5074,14:48:38.507,0.96,0.28,0.09
1783979319.0071,14:48:39.007,0.95,0.29,0.09
1783979319.5065,14:48:39.506,0.95,0.32,0.06
1783979320.0066,14:48:40.006,0.95,0.32,0.05
1783979320.5062,14:48:40.506,0.95,0.31,0.05
1783979321.0055,14:48:41.005,0.96,0.25,0.08
1783979321.5053,14:48:41.505,0.96,0.24,0.11
1783979322.0053,14:48:42.005,0.97,0.20,0.13
1783979322.505,14:48:42.505,0.97,0.17,0.15
1783979323.0046,14:48:43.004,0.97,0.18,0.14
1783979323.5047,14:48:43.504,0.97,0.19,0.14
1783979324.0043,14:48:44.004,0.96,0.23,0.12
1783979324.5038,14:48:44.503,0.96,0.25,0.12
1783979325.004,14:48:45.004,0.96,0.27,0.11
1783979325.5041,14:48:45.504,0.95,0.28,0.10
1783979326.0033,14:48:46.003,0.96,0.27,0.08
1783979326.5036,14:48:46.503,0.93,0.37,-0.04
1783979327.0034,14:48:47.003,0.97,0.26,0.02
1783979327.5033,14:48:47.503,0.94,0.33,-0.05
1783979328.0037,14:48:48.003,0.93,0.35,-0.09
1783979328.5036,14:48:48.503,0.93,0.36,-0.10
1783979329.0028,14:48:49.002,0.91,0.39,-0.14
1783979329.5029,14:48:49.502,0.91,0.40,-0.14
1783979330.0029,14:48:50.002,0.91,0.41,-0.12
1783979330.5024,14:48:50.502,0.90,0.41,-0.12
1783979331.0028,14:48:51.002,0.90,0.40,-0.14
1783979331.5028,14:48:51.502,0.90,0.41,-0.16
1783979332.0023,14:48:52.002,0.88,0.43,-0.17
1783979332.5026,14:48:52.502,0.88,0.44,-0.18
1783979333.0023,14:48:53.002,0.88,0.46,-0.16
1783979333.5021,14:48:53.502,0.88,0.45,-0.15
1783979334.0027,14:48:54.002,0.88,0.45,-0.13
1783979334.5031,14:48:54.503,0.90,0.43,-0.10
1783979335.0024,14:48:55.002,0.90,0.43,-0.09
1783979335.5022,14:48:55.502,0.88,0.46,-0.12
1783979336.0023,14:48:56.002,0.73,0.62,-0.29
1783979336.5021,14:48:56.502,0.73,0.62,-0.29
1783979337.0014,14:48:57.001,0.74,0.60,-0.31
1783979337.5013,14:48:57.501,0.80,0.54,-0.26
1783979338.001,14:48:58.001,0.79,0.55,-0.28
1783979338.5008,14:48:58.500,0.88,0.45,-0.15
1783979339.0013,14:48:59.001,0.72,0.60,-0.34
1783979339.5013,14:48:59.501,0.70,0.61,-0.37
1783979340.001,14:49:00.001,0.68,0.62,-0.39
1783979340.501,14:49:00.501,0.69,0.61,-0.38
1783979341.0003,14:49:01.000,0.69,0.61,-0.39
1783979341.5,14:49:01.500,0.69,0.62,-0.38
1783979342.0002,14:49:02.000,0.70,0.63,-0.35
1783979342.4997,14:49:02.499,0.71,0.62,-0.34
1783979342.9993,14:49:02.999,0.86,0.49,-0.17
1783979343.4994,14:49:03.499,0.86,0.50,-0.15
1783979343.999,14:49:03.999,0.85,0.51,-0.15
1783979344.4987,14:49:04.498,0.65,0.67,-0.35
1783979344.9989,14:49:04.998,0,0,0
1783979345.4995,14:49:05.499,0,0,0
1783979345.9989,14:49:05.998,0,0,0
1783979346.4992,14:49:06.499,0,0,0
1783979346.999,14:49:06.999,0,0,0
1783979347.4989,14:49:07.498,0,0,0
1783979347.9981,14:49:07.998,0.63,0.66,-0.41
1783979348.4982,14:49:08.498,0,0,0
1783979348.9978,14:49:08.997,0.63,0.65,-0.44
1783979349.4977,14:49:09.497,0,0,0
1783979349.9979,14:49:09.997,0.63,0.65,-0.43
1783979350.4973,14:49:10.497,0.64,0.64,-0.42
1783979350.9968,14:49:10.996,0.63,0.65,-0.42
1783979351.4972,14:49:11.497,0.62,0.64,-0.44
1783979351.9969,14:49:11.996,0.62,0.63,-0.46
1783979352.4967,14:49:12.496,0.62,0.63,-0.46
1783979352.9972,14:49:12.997,0.64,0.64,-0.43
1783979353.4965,14:49:13.496,0.65,0.63,-0.43
1783979353.9964,14:49:13.996,0.80,0.53,-0.29
1783979354.4962,14:49:14.496,0.80,0.52,-0.30
1783979354.9959,14:49:14.995,0.80,0.51,-0.30
1783979355.4957,14:49:15.495,0.82,0.50,-0.28
1783979355.9961,14:49:15.996,0.84,0.49,-0.26
1783979356.4955,14:49:16.495,0.86,0.46,-0.22
1783979356.9954,14:49:16.995,0.87,0.44,-0.20
1783979357.4956,14:49:17.495,0.88,0.44,-0.16
1783979357.9956,14:49:17.995,0.88,0.44,-0.16
1783979358.4953,14:49:18.495,0.88,0.44,-0.16
1783979358.9954,14:49:18.995,0.88,0.45,-0.16
1783979359.4952,14:49:19.495,0.88,0.45,-0.13
1783979359.995,14:49:19.995,0.89,0.45,-0.12
1783979360.4951,14:49:20.495,0.88,0.45,-0.14
1783979360.9952,14:49:20.995,0.87,0.46,-0.19
1783979361.4949,14:49:21.494,0.87,0.46,-0.19
1783979361.9944,14:49:21.994,0.88,0.44,-0.19
1783979362.4945,14:49:22.494,0.92,0.36,-0.12
1783979362.9939,14:49:22.993,0.96,0.29,-0.04
1783979363.4932,14:49:23.493,0.96,0.27,-0.05
1783979363.9928,14:49:23.992,0.96,0.29,-0.07
1783979364.4925,14:49:24.492,0.95,0.30,-0.10
1783979364.9921,14:49:24.992,0.94,0.31,-0.11
1783979365.4926,14:49:25.492,0.95,0.29,-0.08
1783979365.992,14:49:25.992,0.89,0.41,-0.20
1783979366.4923,14:49:26.492,0.90,0.40,-0.20
1783979366.9924,14:49:26.992,0.82,0.49,-0.31
1783979367.4917,14:49:27.491,0.72,0.57,-0.40
1783979367.9915,14:49:27.991,0,0,0
1783979368.4918,14:49:28.491,0,0,0
1783979368.9914,14:49:28.991,0,0,0
1783979369.4907,14:49:29.490,0,0,0
1783979369.9911,14:49:29.991,0,0,0
1783979370.4909,14:49:30.490,0.72,0.58,-0.39
1783979370.99,14:49:30.990,0.74,0.53,-0.41
1783979371.4904,14:49:31.490,0.81,0.45,-0.36
1783979371.99,14:49:31.990,0.82,0.44,-0.37
1783979372.4898,14:49:32.489,0.82,0.47,-0.33
1783979372.9901,14:49:32.990,0.79,0.52,-0.34
1783979373.4896,14:49:33.489,0.87,0.43,-0.23
1783979373.9895,14:49:33.989,0.84,0.46,-0.28
1783979374.4895,14:49:34.489,0.81,0.50,-0.30
1783979374.9892,14:49:34.989,0.80,0.51,-0.31
1783979375.4888,14:49:35.488,0.82,0.49,-0.30
1783979375.9891,14:49:35.989,0.82,0.50,-0.27
1783979376.4891,14:49:36.489,0.85,0.49,-0.23
1783979376.9888,14:49:36.988,0.85,0.48,-0.19
1783979377.489,14:49:37.489,0.87,0.47,-0.17
1783979377.9891,14:49:37.989,0.87,0.47,-0.14
1783979378.4883,14:49:38.488,0.90,0.43,-0.10
1783979378.9886,14:49:38.988,0.91,0.41,-0.08
1783979379.4888,14:49:39.488,0.68,0.66,-0.32
1783979379.9882,14:49:39.988,0.72,0.63,-0.30
1783979380.4881,14:49:40.488,0.77,0.60,-0.22
1783979380.9883,14:49:40.988,0.82,0.56,-0.14
1783979381.4882,14:49:41.488,0.87,0.49,-0.08
1783979381.9876,14:49:41.987,0.89,0.45,-0.05
1783979382.4878,14:49:42.487,0.91,0.41,-0.05
1783979382.9878,14:49:42.987,0.93,0.37,-0.01
1783979383.4873,14:49:43.487,0.93,0.36,0.00
1783979383.9871,14:49:43.987,0.95,0.30,0.02
1783979384.4868,14:49:44.486,0.96,0.28,0.02
1783979384.987,14:49:44.987,0.95,0.32,-0.01
1783979385.4873,14:49:45.487,0.94,0.34,-0.01
1783979385.9869,14:49:45.986,0.93,0.35,-0.01
1783979386.4866,14:49:46.486,0.93,0.37,0.00
1783979386.9862,14:49:46.986,0.96,0.28,0.04
1783979387.4857,14:49:47.485,0.97,0.21,0.10
1783979387.9851,14:49:47.985,0.97,0.21,0.11
1783979388.4854,14:49:48.485,0.97,0.23,0.10
1783979388.9847,14:49:48.984,0.95,0.29,0.08
1783979389.4841,14:49:49.484,0.95,0.32,0.07
1783979389.984,14:49:49.984,0.94,0.34,0.04
1783979390.4837,14:49:50.483,0.92,0.39,0.01
1783979390.9834,14:49:50.983,0.92,0.39,0.02
1783979391.4833,14:49:51.483,0.94,0.35,0.04
1783979391.983,14:49:51.983,0.94,0.34,0.03
1783979392.4826,14:49:52.482,0.94,0.35,0.01
1783979392.9825,14:49:52.982,0.94,0.34,0.01
1783979393.4825,14:49:53.482,0.96,0.29,0.03
1783979393.982,14:49:53.982,0.97,0.25,0.07
1783979394.4818,14:49:54.481,0.96,0.26,0.07
1783979394.9819,14:49:54.981,0.94,0.33,0.04
1783979395.4812,14:49:55.481,0.95,0.32,0.06
1783979395.9813,14:49:55.981,0.94,0.34,0.02
1783979396.4814,14:49:56.481,0.95,0.30,0.02
1783979396.9812,14:49:56.981,0.95,0.30,0.00
1783979397.4814,14:49:57.481,0.96,0.26,0.04
1783979397.9815,14:49:57.981,0.97,0.25,0.06
1783979398.4809,14:49:58.480,0.96,0.26,0.04
1783979398.9803,14:49:58.980,0.96,0.28,0.04
1783979399.4806,14:49:59.480,0.94,0.34,0.03
1783979399.9802,14:49:59.980,0.94,0.35,0.05
1783979400.4799,14:50:00.479,0.95,0.31,0.08
1783979400.9803,14:50:00.980,0.96,0.28,0.10
1783979401.4798,14:50:01.479,0.96,0.27,0.10
1783979401.9792,14:50:01.979,0.95,0.31,0.07
1783979402.4793,14:50:02.479,0.95,0.31,0.07
1783979402.9789,14:50:02.978,0.95,0.31,0.08
1783979403.4784,14:50:03.478,0.95,0.31,0.08
1783979403.9786,14:50:03.978,0.94,0.33,0.05
1783979404.4787,14:50:04.478,0.92,0.39,-0.02
1783979404.9783,14:50:04.978,0.93,0.37,-0.03
1783979405.4788,14:50:05.478,0.95,0.32,0.02
1783979405.9786,14:50:05.978,0.97,0.21,0.12
1783979406.4783,14:50:06.478,0.97,0.18,0.14
1783979406.9785,14:50:06.978,0.97,0.17,0.14
1783979407.4786,14:50:07.478,0.98,0.16,0.13
1783979407.9782,14:50:07.978,0.96,0.29,0.03
1783979408.478,14:50:08.478,0.98,0.16,0.13
1783979408.9781,14:50:08.978,0.97,0.23,0.08
1783979409.4777,14:50:09.477,0.96,0.29,0.04
1783979409.9776,14:50:09.977,0.94,0.34,0.02
1783979410.4776,14:50:10.477,0.94,0.35,0.03
1783979410.9773,14:50:10.977,0.94,0.34,0.03
1783979411.4775,14:50:11.477,0.94,0.34,0.04
1783979411.9776,14:50:11.977,0.94,0.33,0.05
1783979412.4777,14:50:12.477,0.95,0.30,0.07
1783979412.9778,14:50:12.977,0.95,0.30,0.08
1783979413.4778,14:50:13.477,0.95,0.30,0.09
1783979413.9771,14:50:13.977,0.95,0.30,0.10
1783979414.4771,14:50:14.477,0.95,0.31,0.09
1783979414.977,14:50:14.977,0.95,0.29,0.09
1783979415.4768,14:50:15.476,0.95,0.30,0.08
1783979415.9767,14:50:15.976,0.67,0.70,-0.25
1783979416.4769,14:50:16.476,0.67,0.70,-0.23
1783979416.9768,14:50:16.976,0.67,0.70,-0.25
1783979417.4762,14:50:17.476,0.70,0.68,-0.23
1783979417.9762,14:50:17.976,0.75,0.63,-0.21
1783979418.4759,14:50:18.475,0.80,0.58,-0.18
1783979418.9755,14:50:18.975,0.84,0.53,-0.15
1783979419.4756,14:50:19.475,0.85,0.50,-0.12
1783979419.9756,14:50:19.975,0.87,0.48,-0.12
1783979420.4747,14:50:20.474,0.88,0.45,-0.14
1783979420.9747,14:50:20.974,0.88,0.44,-0.16
1783979421.4749,14:50:21.474,0.89,0.43,-0.18
1783979421.9745,14:50:21.974,0.89,0.42,-0.18
1783979422.4748,14:50:22.474,0.92,0.37,-0.15
1783979422.975,14:50:22.975,0.92,0.36,-0.16
1783979423.4749,14:50:23.474,0.91,0.37,-0.16
1783979423.9751,14:50:23.975,0.89,0.42,-0.20
1783979424.4746,14:50:24.474,0.87,0.44,-0.22
1783979424.9744,14:50:24.974,0.83,0.49,-0.28
1783979425.4747,14:50:25.474,0.83,0.48,-0.29
1783979425.9749,14:50:25.974,0.83,0.48,-0.30
1783979426.4744,14:50:26.474,0.81,0.50,-0.31
1783979426.9744,14:50:26.974,0.79,0.52,-0.32
1783979427.4746,14:50:27.474,0.77,0.55,-0.33
1783979427.9743,14:50:27.974,0.92,0.38,-0.14
1783979428.4735,14:50:28.473,0.89,0.40,-0.21
1783979428.9732,14:50:28.973,0.90,0.39,-0.21
1783979429.473,14:50:29.473,0.90,0.38,-0.20
1783979429.9725,14:50:29.972,0,0,0
1783979430.4725,14:50:30.472,0,0,0
1783979430.9722,14:50:30.972,0,0,0
1783979431.4718,14:50:31.471,0.68,0.60,-0.43
1783979431.9717,14:50:31.971,0,0,0
1783979432.4713,14:50:32.471,0,0,0
1783979432.971,14:50:32.971,0.69,0.60,-0.41
1783979433.471,14:50:33.471,0,0,0
1783979433.9715,14:50:33.971,0,0,0
1783979434.4711,14:50:34.471,0,0,0
1783979434.971,14:50:34.971,0,0,0
1783979435.471,14:50:35.471,0,0,0
1783979435.9701,14:50:35.970,0,0,0
1783979436.47,14:50:36.470,0,0,0
1783979436.9702,14:50:36.970,0,0,0
1783979437.4696,14:50:37.469,0,0,0
1783979437.97,14:50:37.970,0,0,0
1783979438.4699,14:50:38.469,0,0,0
1783979438.9692,14:50:38.969,0,0,0
1783979439.4691,14:50:39.469,0,0,0
1783979439.9689,14:50:39.968,0,0,0
1783979440.4684,14:50:40.468,0,0,0
1783979440.9685,14:50:40.968,0,0,0
1783979441.4686,14:50:41.468,0,0,0
1783979441.9684,14:50:41.968,0,0,0
1783979442.4685,14:50:42.468,0,0,0
1783979442.9683,14:50:42.968,0,0,0
1783979443.468,14:50:43.468,0,0,0
1783979443.9678,14:50:43.967,0,0,0
1783979444.4681,14:50:44.468,0,0,0
1783979444.9679,14:50:44.967,0,0,0
1783979445.4674,14:50:45.467,0,0,0
1783979445.9676,14:50:45.967,0,0,0
1783979446.4675,14:50:46.467,0,0,0
1783979446.9669,14:50:46.966,0,0,0
1783979447.4667,14:50:47.466,0,0,0
1783979447.9667,14:50:47.966,0,0,0
1783979448.4663,14:50:48.466,0,0,0
1783979448.9664,14:50:48.966,0,0,0
1783979449.4666,14:50:49.466,0,0,0
1783979449.9661,14:50:49.966,0,0,0
1783979450.4664,14:50:50.466,0,0,0
1783979450.9664,14:50:50.966,0,0,0
1783979451.4658,14:50:51.465,0,0,0
1783979451.9657,14:50:51.965,0,0,0
1783979452.4657,14:50:52.465,0,0,0
1783979452.9648,14:50:52.964,0,0,0
1783979453.4654,14:50:53.465,0,0,0
1783979453.9653,14:50:53.965,0,0,0
1783979454.4643,14:50:54.464,0,0,0
1783979454.9644,14:50:54.964,0,0,0
1783979455.465,14:50:55.465,0,0,0
1783979455.9647,14:50:55.964,0,0,0
1783979456.4641,14:50:56.464,0.94,0.26,-0.23
1783979456.9647,14:50:56.964,0,0,0
1783979457.464,14:50:57.464,0,0,0
1783979457.9637,14:50:57.963,0,0,0
1783979458.4638,14:50:58.463,0,0,0
1783979458.9634,14:50:58.963,0,0,0
1783979459.4629,14:50:59.462,0,0,0
1783979459.9629,14:50:59.962,0,0,0
1783979460.4626,14:51:00.462,0,0,0
1783979460.9622,14:51:00.962,0,0,0
1783979461.4628,14:51:01.462,0,0,0
1783979461.962,14:51:01.962,0,0,0
1783979462.4616,14:51:02.461,0,0,0
1783979462.9618,14:51:02.961,0.92,0.34,-0.18
1783979463.4613,14:51:03.461,0.90,0.39,-0.21
1783979463.9609,14:51:03.960,0.80,0.50,-0.34
1783979464.4615,14:51:04.461,0.78,0.52,-0.34
1783979464.9611,14:51:04.961,0.77,0.54,-0.35
1783979465.4602,14:51:05.460,0.79,0.51,-0.35
1783979465.9604,14:51:05.960,0.81,0.47,-0.34
1783979466.46,14:51:06.460,0.83,0.45,-0.33
1783979466.9593,14:51:06.959,0.84,0.44,-0.31
1783979467.4592,14:51:07.459,0.91,0.37,-0.21
1783979467.9593,14:51:07.959,0.91,0.37,-0.19
1783979468.4585,14:51:08.458,0.90,0.39,-0.18
1783979468.959,14:51:08.959,0.90,0.40,-0.18
1783979469.4586,14:51:09.458,0.94,0.32,-0.13
1783979469.9581,14:51:09.958,0.95,0.27,-0.14
1783979470.4585,14:51:10.458,0.95,0.25,-0.16
1783979470.9584,14:51:10.958,0.95,0.24,-0.17
1783979471.4578,14:51:11.457,0.94,0.27,-0.19
1783979471.9578,14:51:11.957,0.93,0.29,-0.22
1783979472.4578,14:51:12.457,0.91,0.33,-0.26
1783979472.9577,14:51:12.957,0.89,0.36,-0.29
1783979473.4573,14:51:13.457,0.89,0.36,-0.29
1783979473.9574,14:51:13.957,0.90,0.35,-0.27
1783979474.457,14:51:14.457,0.90,0.35,-0.28
1783979474.9565,14:51:14.956,0.93,0.29,-0.21
1783979475.4567,14:51:15.456,0.94,0.26,-0.19
1783979475.9566,14:51:15.956,0.94,0.27,-0.19
1783979476.4562,14:51:16.456,0.96,0.24,-0.14
1783979476.9562,14:51:16.956,0.97,0.23,-0.11
1783979477.4559,14:51:17.455,0,0,0
1783979477.9553,14:51:17.955,0,0,0
1783979478.4558,14:51:18.455,0,0,0
1783979478.9553,14:51:18.955,0,0,0
1783979479.4548,14:51:19.454,0,0,0
1783979479.9552,14:51:19.955,0,0,0
1783979480.4549,14:51:20.454,0,0,0
1783979480.9545,14:51:20.954,0,0,0
1783979481.4548,14:51:21.454,0,0,0
1783979481.9542,14:51:21.954,0.97,0.23,-0.11
1783979482.4545,14:51:22.454,0.88,0.39,-0.28
1783979482.9551,14:51:22.955,0,0,0
1783979483.4552,14:51:23.455,0.78,0.49,-0.38
1783979483.9548,14:51:23.954,0.74,0.53,-0.42
1783979484.4549,14:51:24.454,0.74,0.53,-0.42
1783979484.9551,14:51:24.955,0.79,0.48,-0.38
1783979485.4551,14:51:25.455,0.85,0.42,-0.32
1783979485.9554,14:51:25.955,0.88,0.38,-0.28
1783979486.4557,14:51:26.455,0.93,0.32,-0.19
1783979486.955,14:51:26.955,0.95,0.28,-0.13
1783979487.4552,14:51:27.455,0.97,0.23,-0.09
1783979487.9551,14:51:27.955,0,0,0
1783979488.4545,14:51:28.454,0.98,0.21,-0.08
1783979488.9544,14:51:28.954,0.98,0.20,-0.08
1783979489.4544,14:51:29.454,0.97,0.21,-0.10
1783979489.9541,14:51:29.954,0.95,0.30,-0.12
1783979490.4541,14:51:30.454,0.94,0.32,-0.07
1783979490.9544,14:51:30.954,0.96,0.28,-0.08
1783979491.4536,14:51:31.453,0.99,0.15,0.00
1783979491.9535,14:51:31.953,0.99,0.10,0.05
1783979492.4537,14:51:32.453,0.99,0.09,0.08
1783979492.953,14:51:32.953,0.99,0.06,0.11
1783979493.4524,14:51:33.452,0.99,0.03,0.11
1783979493.9525,14:51:33.952,0.99,0.03,0.11
1783979494.4518,14:51:34.451,0.99,0.11,0.03
1783979494.9515,14:51:34.951,0.99,0.14,0.00
1783979495.4521,14:51:35.452,0.99,0.15,0.02
1783979495.9516,14:51:35.951,0.99,0.16,0.03
1783979496.4511,14:51:36.451,0.99,0.16,0.02
1783979496.9517,14:51:36.951,0.96,0.27,-0.07
1783979497.4516,14:51:37.451,0.96,0.26,-0.09
1783979497.9508,14:51:37.950,0.97,0.22,-0.06
1783979498.4511,14:51:38.451,0.97,0.22,-0.06
1783979498.9511,14:51:38.951,0.98,0.21,-0.05
1783979499.4506,14:51:39.450,0.97,0.22,-0.05
1783979499.9502,14:51:39.950,0.98,0.20,-0.03
1783979500.4506,14:51:40.450,0.98,0.19,0.00
1783979500.95,14:51:40.950,0.99,0.16,0.04
1783979501.4495,14:51:41.449,0.99,0.13,0.08
1783979501.9495,14:51:41.949,0.99,0.12,0.10
1783979502.4492,14:51:42.449,0.99,0.12,0.12
1783979502.9488,14:51:42.948,0.98,0.10,0.16
1783979503.4491,14:51:43.449,0.97,0.04,0.22
1783979503.9487,14:51:43.948,0.98,0.03,0.21
1783979504.449,14:51:44.449,0.98,0.10,0.15
1783979504.9488,14:51:44.948,0.98,0.09,0.15
1783979505.4482,14:51:45.448,0.98,0.08,0.16
1783979505.9481,14:51:45.948,0.98,0.08,0.17
1783979506.4481,14:51:46.448,0.98,0.12,0.14
1783979506.9478,14:51:46.947,0.98,0.15,0.11
1783979507.4474,14:51:47.447,0.98,0.14,0.10
1783979507.9474,14:51:47.947,0.98,0.14,0.11
1783979508.4468,14:51:48.446,0.98,0.10,0.15
1783979508.9463,14:51:48.946,0.99,0.08,0.15
1783979509.4467,14:51:49.446,0.98,0.05,0.17
1783979509.9462,14:51:49.946,0.98,0.03,0.18
1783979510.4458,14:51:50.445,0.98,0.02,0.18
1783979510.9463,14:51:50.946,0.98,-0.02,0.20
1783979511.4458,14:51:51.445,0.98,-0.03,0.19
1783979511.9459,14:51:51.945,0.98,-0.02,0.19
1783979512.4458,14:51:52.445,0.98,-0.01,0.20
1783979512.9453,14:51:52.945,0.98,0.03,0.18
1783979513.4449,14:51:53.444,0.99,0.05,0.14
1783979513.9446,14:51:53.944,0.99,0.04,0.13
1783979514.4446,14:51:54.444,0.99,0.04,0.13
1783979514.944,14:51:54.944,0.98,0.01,0.17
1783979515.4445,14:51:55.444,0.98,-0.02,0.18
1783979515.9447,14:51:55.944,0.99,-0.04,0.17
1783979516.4442,14:51:56.444,1.00,0.06,0.06
1783979516.9446,14:51:56.944,0.97,0.24,-0.10
1783979517.4447,14:51:57.444,0.92,0.35,-0.20
1783979517.9441,14:51:57.944,0.89,0.40,-0.23
1783979518.4438,14:51:58.443,0.86,0.44,-0.25
1783979518.944,14:51:58.944,0.97,0.24,-0.04
1783979519.4439,14:51:59.443,0.97,0.25,-0.03
1783979519.9435,14:51:59.943,0.96,0.26,-0.03
1783979520.4438,14:52:00.443,0.97,0.24,-0.02
1783979520.9434,14:52:00.943,0.97,0.23,-0.01
1783979521.4429,14:52:01.442,0.98,0.22,-0.01
1783979521.9431,14:52:01.943,0.97,0.23,-0.02
1783979522.4426,14:52:02.442,0.96,0.26,-0.04
1783979522.9422,14:52:02.942,0.97,0.25,-0.03
1783979523.4425,14:52:03.442,0.97,0.24,-0.01
1783979523.9423,14:52:03.942,0.82,0.51,-0.25
1783979524.4421,14:52:04.442,0.80,0.54,-0.26
1783979524.942,14:52:04.942,0.81,0.52,-0.27
1783979525.4415,14:52:05.441,0.84,0.49,-0.24
1783979525.9412,14:52:05.941,0.85,0.48,-0.23
1783979526.4416,14:52:06.441,0.84,0.48,-0.24
1783979526.9413,14:52:06.941,0.83,0.49,-0.27
1783979527.4411,14:52:07.441,0.81,0.51,-0.30
1783979527.9412,14:52:07.941,0.77,0.54,-0.34
1783979528.4416,14:52:08.441,0.75,0.55,-0.36
1783979528.9413,14:52:08.941,0.72,0.58,-0.39
1783979529.4409,14:52:09.440,0.73,0.57,-0.38
1783979529.941,14:52:09.941,0.73,0.57,-0.38
1783979530.4406,14:52:10.440,0.75,0.56,-0.35
1783979530.9407,14:52:10.940,0.75,0.56,-0.35
1783979531.4407,14:52:11.440,0.77,0.55,-0.32
1783979531.9402,14:52:11.940,0.79,0.53,-0.31
1783979532.4404,14:52:12.440,0.82,0.50,-0.28
1783979532.9404,14:52:12.940,0.82,0.50,-0.28
1783979533.4396,14:52:13.439,0.81,0.50,-0.31
1783979533.9398,14:52:13.939,0.78,0.53,-0.33
1783979534.4401,14:52:14.440,0.73,0.58,-0.37
1783979534.9395,14:52:14.939,0.72,0.58,-0.38
1783979535.4392,14:52:15.439,0.94,0.31,-0.11
1783979535.9388,14:52:15.938,0.96,0.27,-0.07
1783979536.4383,14:52:16.438,0.81,0.51,-0.30
1783979536.9381,14:52:16.938,0.81,0.50,-0.30
1783979537.4378,14:52:17.437,0.85,0.47,-0.24
1783979537.9372,14:52:17.937,0.85,0.47,-0.25
1783979538.4371,14:52:18.437,0.81,0.50,-0.31
1783979538.9379,14:52:18.937,0.81,0.50,-0.31
1783979539.4378,14:52:19.437,0.81,0.49,-0.32
1783979539.9376,14:52:19.937,0.87,0.43,-0.25
1783979540.4379,14:52:20.437,0.88,0.42,-0.23
1783979540.9371,14:52:20.937,0.88,0.42,-0.24
1783979541.4368,14:52:21.436,0.91,0.38,-0.19
1783979541.9366,14:52:21.936,0.91,0.38,-0.19
1783979542.4361,14:52:22.436,0.91,0.38,-0.19
1783979542.9355,14:52:22.935,0.86,0.45,-0.23
1783979543.4356,14:52:23.435,0.84,0.48,-0.24
1783979543.9356,14:52:23.935,0.81,0.53,-0.25
1783979544.4348,14:52:24.434,0.79,0.55,-0.26
1783979544.9347,14:52:24.934,0.76,0.59,-0.29
1783979545.4347,14:52:25.434,0.75,0.60,-0.29
1783979545.934,14:52:25.934,0.75,0.60,-0.30
1783979546.4338,14:52:26.433,0.75,0.59,-0.31
1783979546.9339,14:52:26.933,0.75,0.59,-0.30
1783979547.4336,14:52:27.433,0.75,0.58,-0.31
1783979547.9337,14:52:27.933,0.75,0.59,-0.31
1783979548.4335,14:52:28.433,0.92,0.36,-0.11
1783979548.933,14:52:28.933,0.93,0.36,-0.12
1783979549.4328,14:52:29.432,0.92,0.36,-0.11
1783979549.9333,14:52:29.933,0.93,0.35,-0.11
1783979550.4329,14:52:30.432,0.93,0.35,-0.11
1783979550.933,14:52:30.933,0.93,0.35,-0.11
1783979551.4328,14:52:31.432,0.91,0.38,-0.14
1783979551.9323,14:52:31.932,0.91,0.39,-0.12
1783979552.4321,14:52:32.432,0.93,0.36,-0.08
1783979552.9324,14:52:32.932,0.94,0.33,-0.06
1783979553.4321,14:52:33.432,0.95,0.31,-0.02
1783979553.9315,14:52:33.931,0.95,0.30,-0.02
1783979554.4316,14:52:34.431,0.96,0.29,-0.02
1783979554.932,14:52:34.932,0.96,0.28,-0.01
1783979555.4315,14:52:35.431,0.96,0.28,0.00
1783979555.9315,14:52:35.931,0.96,0.28,-0.01
1783979556.4311,14:52:36.431,0.97,0.23,0.03
1783979556.9305,14:52:36.930,0.98,0.22,0.04
1783979557.4306,14:52:37.430,0.98,0.22,0.04
1783979557.93,14:52:37.930,0.97,0.25,0.01
1783979558.4297,14:52:38.429,0.83,0.49,-0.28
1783979558.9303,14:52:38.930,0.79,0.53,-0.32
1783979559.4304,14:52:39.430,0.77,0.54,-0.34
1783979559.9302,14:52:39.930,0.72,0.58,-0.39
1783979560.4306,14:52:40.430,0.66,0.61,-0.44
1783979560.9304,14:52:40.930,0.65,0.61,-0.44
1783979561.4301,14:52:41.430,0.89,0.41,-0.22
1783979561.9299,14:52:41.929,0.89,0.40,-0.21
1783979562.4298,14:52:42.429,0.89,0.41,-0.20
1783979562.9292,14:52:42.929,0.90,0.40,-0.17
1783979563.4292,14:52:43.429,0.92,0.37,-0.13
1783979563.929,14:52:43.929,0.91,0.38,-0.15
1783979564.4286,14:52:44.428,0.88,0.41,-0.22
1783979564.9283,14:52:44.928,0.86,0.43,-0.26
1783979565.4283,14:52:45.428,0.84,0.46,-0.29
1783979565.9278,14:52:45.927,0.84,0.46,-0.29
1783979566.4283,14:52:46.428,0.83,0.47,-0.29
1783979566.9282,14:52:46.928,0.83,0.48,-0.28
1783979567.428,14:52:47.428,0.84,0.49,-0.25
1783979567.9279,14:52:47.927,0.84,0.48,-0.24
1783979568.4279,14:52:48.427,0.84,0.48,-0.25
1783979568.9274,14:52:48.927,0.85,0.47,-0.24
1783979569.427,14:52:49.427,0.86,0.46,-0.23
1783979569.9275,14:52:49.927,0.86,0.46,-0.23
1783979570.4277,14:52:50.427,0.86,0.45,-0.22
1783979570.928,14:52:50.928,0.86,0.46,-0.22
1783979571.4283,14:52:51.428,0.88,0.44,-0.20
1783979571.9278,14:52:51.927,0.90,0.41,-0.17
1783979572.427,14:52:52.427,0.91,0.40,-0.13
1783979572.9268,14:52:52.926,0.91,0.40,-0.14
1783979573.4261,14:52:53.426,0.92,0.38,-0.14
1783979573.9259,14:52:53.925,0.89,0.43,-0.18
1783979574.426,14:52:54.426,0.88,0.43,-0.20
1783979574.926,14:52:54.926,0.89,0.42,-0.19
1783979575.4259,14:52:55.425,0.89,0.41,-0.17
1783979575.9261,14:52:55.926,0.90,0.40,-0.15
1783979576.4256,14:52:56.425,0.71,0.60,-0.37
1783979576.9251,14:52:56.925,0.72,0.59,-0.37
1783979577.4252,14:52:57.425,0.73,0.58,-0.36
1783979577.9256,14:52:57.925,0.74,0.58,-0.34
1783979578.4253,14:52:58.425,0.76,0.57,-0.33
1783979578.9253,14:52:58.925,0.75,0.57,-0.34
1783979579.4252,14:52:59.425,0.91,0.39,-0.15
1783979579.9248,14:52:59.924,0.92,0.38,-0.12
1783979580.4244,14:53:00.424,0.92,0.38,-0.11
1783979580.9242,14:53:00.924,0.92,0.39,-0.10
1783979581.4237,14:53:01.423,0.90,0.41,-0.15
1783979581.9235,14:53:01.923,0.90,0.41,-0.16
1783979582.4234,14:53:02.423,0.92,0.37,-0.13
1783979582.9231,14:53:02.923,0.95,0.31,-0.07
1783979583.4231,14:53:03.423,0.96,0.27,-0.05
1783979583.9234,14:53:03.923,0.97,0.25,-0.03
1783979584.423,14:53:04.423,0.88,0.43,-0.20
1783979584.9225,14:53:04.922,0.88,0.42,-0.23
1783979585.4226,14:53:05.422,0.87,0.42,-0.24
1783979585.9223,14:53:05.922,0.87,0.43,-0.25
1783979586.4221,14:53:06.422,0.80,0.50,-0.32
1783979586.9227,14:53:06.922,0.79,0.53,-0.32
1783979587.4221,14:53:07.422,0.78,0.54,-0.31
1783979587.9216,14:53:07.921,0.83,0.50,-0.25
1783979588.4222,14:53:08.422,0.86,0.46,-0.22
1783979588.922,14:53:08.922,0.86,0.46,-0.22
1783979589.4214,14:53:09.421,0.85,0.47,-0.23
1783979589.9215,14:53:09.921,0.84,0.49,-0.25
1783979590.4212,14:53:10.421,0.82,0.51,-0.28
1783979590.9205,14:53:10.920,0.78,0.54,-0.32
1783979591.4205,14:53:11.420,0.75,0.56,-0.36
1783979591.921,14:53:11.921,0.71,0.59,-0.39
1783979592.4204,14:53:12.420,0.71,0.59,-0.39
1783979592.9205,14:53:12.920,0.93,0.34,-0.11
1783979593.4204,14:53:13.420,0.96,0.28,-0.03
1783979593.9196,14:53:13.919,0.97,0.25,0.00
1783979594.4197,14:53:14.419,0.85,0.48,-0.21
1783979594.9199,14:53:14.919,0.81,0.51,-0.27
1783979595.419,14:53:15.419,0.80,0.52,-0.29
1783979595.919,14:53:15.919,0.80,0.52,-0.29
1783979596.4195,14:53:16.419,0.80,0.52,-0.28
1783979596.9193,14:53:16.919,0.77,0.55,-0.32
1783979597.4188,14:53:17.418,0.71,0.60,-0.37
1783979597.919,14:53:17.919,0.66,0.63,-0.41
1783979598.4183,14:53:18.418,0.67,0.62,-0.41
1783979598.9179,14:53:18.917,0.90,0.40,-0.18
1783979599.4184,14:53:19.418,0.71,0.60,-0.38
1783979599.9176,14:53:19.917,0.72,0.59,-0.37
1783979600.4177,14:53:20.417,0.75,0.56,-0.35
1783979600.9181,14:53:20.918,0.80,0.49,-0.33
1783979601.4178,14:53:21.417,0.81,0.49,-0.32
1783979601.9178,14:53:21.917,0.82,0.48,-0.30
1783979602.418,14:53:22.418,0.82,0.48,-0.30
1783979602.9173,14:53:22.917,0.83,0.46,-0.30
1783979603.4167,14:53:23.416,0.83,0.46,-0.30
1783979603.9174,14:53:23.917,0.82,0.48,-0.31
1783979604.417,14:53:24.417,0,0,0
1783979604.9163,14:53:24.916,0,0,0
1783979605.4165,14:53:25.416,0.82,0.49,-0.31
1783979605.9162,14:53:25.916,0.72,0.57,-0.40
1783979606.416,14:53:26.416,0.68,0.59,-0.44
1783979606.9167,14:53:26.916,0.66,0.60,-0.46
1783979607.4167,14:53:27.416,0.63,0.61,-0.47
1783979607.9159,14:53:27.915,0.64,0.62,-0.46
1783979608.4157,14:53:28.415,0.65,0.62,-0.44
1783979608.9155,14:53:28.915,0.67,0.62,-0.40
1783979609.4151,14:53:29.415,0.72,0.60,-0.35
1783979609.9154,14:53:29.915,0.94,0.32,-0.08
1783979610.4152,14:53:30.415,0.96,0.28,-0.04
1783979610.9145,14:53:30.914,0.97,0.25,-0.01
1783979611.4143,14:53:31.414,0.97,0.24,-0.01
1783979611.9143,14:53:31.914,0.85,0.49,-0.21
1783979612.4136,14:53:32.413,0.87,0.46,-0.15
1783979612.9136,14:53:32.913,0.87,0.47,-0.14
1783979613.414,14:53:33.414,0.87,0.47,-0.13
1783979613.9138,14:53:33.913,0.82,0.54,-0.19
1783979614.4135,14:53:34.413,0.78,0.57,-0.24
1783979614.9137,14:53:34.913,0.72,0.62,-0.31
1783979615.413,14:53:35.413,0.67,0.65,-0.37
1783979615.9124,14:53:35.912,0,0,0
1783979616.4129,14:53:36.412,0,0,0
1783979616.9123,14:53:36.912,0,0,0
1783979617.4118,14:53:37.411,0.67,0.64,-0.38
1783979617.912,14:53:37.912,0.70,0.59,-0.41
1783979618.4115,14:53:38.411,0.70,0.57,-0.42
1783979618.9111,14:53:38.911,0.72,0.55,-0.42
1783979619.4114,14:53:39.411,0.70,0.58,-0.42
1783979619.9109,14:53:39.910,0.72,0.58,-0.38
1783979620.4106,14:53:40.410,0.72,0.58,-0.37
1783979620.9106,14:53:40.910,0.80,0.52,-0.29
1783979621.4103,14:53:41.410,0.88,0.44,-0.16
1783979621.91,14:53:41.910,0.91,0.39,-0.11
1783979622.4104,14:53:42.410,0.95,0.30,-0.03
1783979622.91,14:53:42.910,0.98,0.18,0.06
1783979623.4094,14:53:43.409,0.98,0.20,0.06
1783979623.9095,14:53:43.909,0.95,0.30,-0.02
1783979624.4093,14:53:44.409,0.85,0.49,-0.20
1783979624.9088,14:53:44.908,0,0,0
1783979625.409,14:53:45.409,0,0,0
1783979625.9092,14:53:45.909,0,0,0
1783979626.409,14:53:46.409,0,0,0
1783979626.9087,14:53:46.908,0,0,0
1783979627.4085,14:53:47.408,0,0,0
1783979627.9082,14:53:47.908,0,0,0
1783979628.4078,14:53:48.407,0,0,0
1783979628.908,14:53:48.908,0,0,0
1783979629.4074,14:53:49.407,0,0,0
1783979629.9076,14:53:49.907,0,0,0
1783979630.4076,14:53:50.407,0,0,0
1783979630.9071,14:53:50.907,0.77,0.58,-0.26
1783979631.4069,14:53:51.406,0,0,0
1783979631.9071,14:53:51.907,0,0,0
1783979632.4064,14:53:52.406,0,0,0
1783979632.906,14:53:52.906,0,0,0
1783979633.4063,14:53:53.406,0,0,0
1783979633.9059,14:53:53.905,0,0,0
1783979634.4054,14:53:54.405,0,0,0
1783979634.9056,14:53:54.905,0,0,0
1783979635.4059,14:53:55.405,0,0,0
1783979635.9053,14:53:55.905,0,0,0
1783979636.4062,14:53:56.406,0,0,0
1783979636.9064,14:53:56.906,0,0,0
1783979637.4059,14:53:57.405,0.75,0.58,-0.32
1783979637.9059,14:53:57.905,0,0,0
1783979638.4058,14:53:58.405,0,0,0
1783979638.9054,14:53:58.905,0,0,0
1783979639.4051,14:53:59.405,0.74,0.59,-0.33
1783979639.9051,14:53:59.905,0.74,0.59,-0.32
1783979640.4046,14:54:00.404,0.74,0.60,-0.32
1783979640.9048,14:54:00.904,0.72,0.60,-0.34
1783979641.405,14:54:01.405,0.70,0.61,-0.37
1783979641.9043,14:54:01.904,0.70,0.61,-0.37
1783979642.4045,14:54:02.404,0.73,0.57,-0.37
1783979642.9046,14:54:02.904,0,0,0
1783979643.404,14:54:03.404,0.72,0.58,-0.37
1783979643.9043,14:54:03.904,0.72,0.59,-0.36
1783979644.4041,14:54:04.404,0.73,0.60,-0.34
1783979644.9038,14:54:04.903,0.77,0.58,-0.27
1783979645.4038,14:54:05.403,0.83,0.52,-0.21
1783979645.9037,14:54:05.903,0.88,0.45,-0.15
1783979646.4033,14:54:06.403,0.88,0.44,-0.17
1783979646.9032,14:54:06.903,0.88,0.45,-0.17
1783979647.4032,14:54:07.403,0,0,0
1783979647.9031,14:54:07.903,0.83,0.51,-0.21
1783979648.4027,14:54:08.402,0,0,0
1783979648.9032,14:54:08.903,0,0,0
1783979649.4028,14:54:09.402,0.78,0.57,-0.25
1783979649.9023,14:54:09.902,0,0,0
1783979650.4021,14:54:10.402,0,0,0
1783979650.902,14:54:10.902,0,0,0
1783979651.4019,14:54:11.401,0,0,0
1783979651.9021,14:54:11.902,0,0,0
1783979652.402,14:54:12.402,0,0,0
1783979652.9016,14:54:12.901,0,0,0
1783979653.4019,14:54:13.401,0,0,0
1783979653.9017,14:54:13.901,0,0,0
1783979654.401,14:54:14.401,0,0,0
1783979654.9006,14:54:14.900,0,0,0
1783979655.4007,14:54:15.400,0,0,0
1783979655.9003,14:54:15.900,0,0,0
1783979656.4006,14:54:16.400,0,0,0
1783979656.901,14:54:16.901,0,0,0
1783979657.4003,14:54:17.400,0,0,0
1783979657.9003,14:54:17.900,0,0,0
1783979658.3997,14:54:18.399,0,0,0
1783979658.8995,14:54:18.899,0,0,0
1783979659.3994,14:54:19.399,0,0,0
1783979659.8994,14:54:19.899,0,0,0
1783979660.3994,14:54:20.399,0,0,0
1783979660.8995,14:54:20.899,0,0,0
1783979661.3993,14:54:21.399,0,0,0
1783979661.8992,14:54:21.899,0,0,0
1783979662.399,14:54:22.399,0,0,0
1783979662.8987,14:54:22.898,0,0,0
1783979663.3983,14:54:23.398,0,0,0
1783979663.8978,14:54:23.897,0,0,0
1783979664.3982,14:54:24.398,0,0,0
1783979664.8977,14:54:24.897,0,0,0
1783979665.3977,14:54:25.397,0,0,0
1783979665.8978,14:54:25.897,0.69,0.61,-0.39
1783979666.3976,14:54:26.397,0,0,0
1783979666.8973,14:54:26.897,0,0,0
1783979667.3975,14:54:27.397,0.81,0.54,-0.23
1783979667.897,14:54:27.897,0.81,0.55,-0.20
1783979668.3966,14:54:28.396,0,0,0
1783979668.8969,14:54:28.896,0,0,0
1783979669.3967,14:54:29.396,0,0,0
1783979669.8957,14:54:29.895,0.81,0.55,-0.20
1783979670.396,14:54:30.396,0.79,0.57,-0.21
1783979670.8958,14:54:30.895,0,0,0
1783979671.3953,14:54:31.395,0.82,0.54,-0.20
1783979671.8955,14:54:31.895,0,0,0
1783979672.395,14:54:32.395,0,0,0
1783979672.8946,14:54:32.894,0,0,0
1783979673.3947,14:54:33.394,0,0,0
1783979673.8953,14:54:33.895,0,0,0
1783979674.3946,14:54:34.394,0.81,0.55,-0.19
1783979674.8946,14:54:34.894,0,0,0
1783979675.3945,14:54:35.394,0.81,0.52,-0.27
1783979675.8941,14:54:35.894,0,0,0
1783979676.3942,14:54:36.394,0,0,0
1783979676.8944,14:54:36.894,0,0,0
1783979677.3941,14:54:37.394,0,0,0
1783979677.8935,14:54:37.893,0,0,0
1783979678.3934,14:54:38.393,0,0,0
1783979678.8934,14:54:38.893,0,0,0
1783979679.3932,14:54:39.393,0,0,0
1783979679.8937,14:54:39.893,0,0,0
1783979680.3933,14:54:40.393,0,0,0
1783979680.893,14:54:40.893,0,0,0
1783979681.3928,14:54:41.392,0,0,0
1783979681.8925,14:54:41.892,0.76,0.57,-0.31
1783979682.3919,14:54:42.391,0.75,0.54,-0.39
1783979682.8922,14:54:42.892,0.72,0.56,-0.42
1783979683.392,14:54:43.392,0.70,0.57,-0.44
1783979683.8917,14:54:43.891,0.69,0.59,-0.43
1783979684.3916,14:54:44.391,0.89,0.39,-0.22
1783979684.8912,14:54:44.891,0.89,0.40,-0.20
1783979685.3908,14:54:45.390,0.90,0.39,-0.18
1783979685.8911,14:54:45.891,0.92,0.37,-0.15
1783979686.3908,14:54:46.390,0.92,0.36,-0.15
1783979686.8901,14:54:46.890,0.92,0.37,-0.13
1783979687.3907,14:54:47.390,0.79,0.54,-0.29
1783979687.8904,14:54:47.890,0,0,0
1783979688.39,14:54:48.390,0,0,0
1783979688.8898,14:54:48.889,0,0,0
1783979689.3901,14:54:49.390,0,0,0
1783979689.8897,14:54:49.889,0,0,0
1783979690.3894,14:54:50.389,0,0,0
1783979690.8898,14:54:50.889,0,0,0
1783979691.3895,14:54:51.389,0,0,0
1783979691.8888,14:54:51.888,0,0,0
1783979692.3895,14:54:52.389,0,0,0
1783979692.8885,14:54:52.888,0,0,0
1783979693.3882,14:54:53.388,0,0,0
1783979693.8882,14:54:53.888,0,0,0
1783979694.3879,14:54:54.387,0,0,0
1783979694.8873,14:54:54.887,0,0,0
1783979695.3876,14:54:55.387,0,0,0
1783979695.8872,14:54:55.887,0,0,0
1783979696.3867,14:54:56.386,0,0,0
1783979696.8869,14:54:56.886,0,0,0
1783979697.3867,14:54:57.386,0,0,0
1783979697.8863,14:54:57.886,0.75,0.49,-0.44
1783979698.3866,14:54:58.386,0,0,0
1783979698.8864,14:54:58.886,0,0,0
1783979699.3856,14:54:59.385,0,0,0
1783979699.8859,14:54:59.885,0,0,0
1783979700.386,14:55:00.386,0,0,0
1783979700.8853,14:55:00.885,0,0,0
1783979701.3853,14:55:01.385,0,0,0
1783979701.8852,14:55:01.885,0,0,0
1783979702.3846,14:55:02.384,0,0,0
1783979702.8849,14:55:02.884,0,0,0
1783979703.3849,14:55:03.384,0,0,0
1783979703.8844,14:55:03.884,0,0,0
1783979704.3842,14:55:04.384,0,0,0
1783979704.8845,14:55:04.884,0,0,0
1783979705.3841,14:55:05.384,0,0,0
1783979705.8838,14:55:05.883,0,0,0
1783979706.384,14:55:06.384,0.83,0.46,-0.31
1783979706.8835,14:55:06.883,0.83,0.46,-0.31
1783979707.3831,14:55:07.383,0.80,0.50,-0.35
1783979707.8834,14:55:07.883,0.75,0.54,-0.39
1783979708.3828,14:55:08.382,0.73,0.57,-0.38
1783979708.8824,14:55:08.882,0.69,0.59,-0.42
1783979709.3827,14:55:09.382,0.69,0.59,-0.42
1783979709.8822,14:55:09.882,0.88,0.41,-0.24
1783979710.3819,14:55:10.381,0.89,0.40,-0.23
1783979710.8823,14:55:10.882,0.68,0.59,-0.43
1783979711.3821,14:55:11.382,0.72,0.56,-0.41
1783979711.8815,14:55:11.881,0.75,0.55,-0.36
1783979712.3818,14:55:12.381,0.76,0.56,-0.34
1783979712.8818,14:55:12.881,0.75,0.57,-0.33
1783979713.3815,14:55:13.381,0.73,0.60,-0.34
1783979713.8821,14:55:13.882,0.92,0.38,-0.11
1783979714.3814,14:55:14.381,0.92,0.39,-0.11
1783979714.8812,14:55:14.881,0.93,0.37,-0.09
1783979715.3814,14:55:15.381,0.93,0.35,-0.07
1783979715.8812,14:55:15.881,0.93,0.35,-0.08
1783979716.3809,14:55:16.380,0.94,0.34,-0.08
1783979716.8807,14:55:16.880,0.94,0.34,-0.06
1783979717.3804,14:55:17.380,0.68,0.66,-0.32
1783979717.8802,14:55:17.880,0,0,0
1783979718.3798,14:55:18.379,0,0,0
1783979718.8799,14:55:18.879,0,0,0
1783979719.3795,14:55:19.379,0,0,0
1783979719.8798,14:55:19.879,0,0,0
1783979720.3802,14:55:20.380,0,0,0
1783979720.8802,14:55:20.880,0,0,0
1783979721.3804,14:55:21.380,0,0,0
1783979721.8809,14:55:21.880,0,0,0
1783979722.3803,14:55:22.380,0,0,0
1783979722.8799,14:55:22.879,0,0,0
1783979723.3797,14:55:23.379,0,0,0
1783979723.8792,14:55:23.879,0,0,0
1783979724.3786,14:55:24.378,0,0,0
1783979724.8793,14:55:24.879,0,0,0
1783979725.3789,14:55:25.378,0,0,0
1783979725.879,14:55:25.879,0,0,0
1783979726.3792,14:55:26.379,0,0,0
1783979726.8791,14:55:26.879,0,0,0
1783979727.3785,14:55:27.378,0,0,0
1783979727.8787,14:55:27.878,0,0,0
1783979728.3784,14:55:28.378,0,0,0
1783979728.8776,14:55:28.877,0,0,0
1783979729.3778,14:55:29.377,0,0,0
1783979729.8776,14:55:29.877,0,0,0
1783979730.3773,14:55:30.377,0,0,0
1783979730.8773,14:55:30.877,0,0,0
1783979731.3772,14:55:31.377,0,0,0
1783979731.8762,14:55:31.876,0,0,0
1783979732.3763,14:55:32.376,0,0,0
1783979732.8764,14:55:32.876,0,0,0
1783979733.3769,14:55:33.376,0,0,0
1783979733.8763,14:55:33.876,0,0,0
1783979734.3766,14:55:34.376,0,0,0
1783979734.8758,14:55:34.875,0,0,0
1783979735.3759,14:55:35.375,0,0,0
1783979735.8761,14:55:35.876,0,0,0
1783979736.376,14:55:36.376,0,0,0
1783979736.8758,14:55:36.875,0,0,0
1783979737.3762,14:55:37.376,0,0,0
1783979737.8757,14:55:37.875,0,0,0
1783979738.3751,14:55:38.375,0,0,0
1783979738.8752,14:55:38.875,0,0,0
1783979739.3744,14:55:39.374,0.76,0.47,-0.45
1783979739.8743,14:55:39.874,0.84,0.45,-0.30
1783979740.3743,14:55:40.374,0.84,0.45,-0.30
1783979740.8741,14:55:40.874,0.84,0.44,-0.31
1783979741.3739,14:55:41.373,0,0,0
1783979741.8744,14:55:41.874,0,0,0
1783979742.3742,14:55:42.374,0,0,0
1783979742.8733,14:55:42.873,0,0,0
1783979743.3739,14:55:43.373,0,0,0
1783979743.8732,14:55:43.873,0.80,0.48,-0.35
1783979744.373,14:55:44.373,0.80,0.46,-0.38
1783979744.8733,14:55:44.873,0.78,0.47,-0.41
1783979745.3731,14:55:45.373,0.76,0.48,-0.43
1783979745.8728,14:55:45.872,0.73,0.53,-0.43
1783979746.3726,14:55:46.372,0.72,0.57,-0.39
1783979746.8724,14:55:46.872,0.71,0.60,-0.36
1783979747.3719,14:55:47.371,0.69,0.62,-0.37
1783979747.8719,14:55:47.871,0.68,0.63,-0.37
1783979748.3722,14:55:48.372,0.68,0.63,-0.39
1783979748.8716,14:55:48.871,0.66,0.64,-0.38
1783979749.3715,14:55:49.371,0.66,0.65,-0.38
1783979749.8715,14:55:49.871,0.66,0.65,-0.38
1783979750.3706,14:55:50.370,0.66,0.66,-0.37
1783979750.8708,14:55:50.870,0.67,0.65,-0.36
1783979751.3709,14:55:51.370,0.67,0.66,-0.33
1783979751.87,14:55:51.870,0.68,0.66,-0.32
1783979752.3701,14:55:52.370,0,0,0
1783979752.8699,14:55:52.869,0,0,0
1783979753.3698,14:55:53.369,0,0,0
1783979753.8694,14:55:53.869,0,0,0
1783979754.3697,14:55:54.369,0,0,0
1783979754.8694,14:55:54.869,0,0,0
1783979755.3693,14:55:55.369,0,0,0
1783979755.8697,14:55:55.869,0,0,0
1783979756.3698,14:55:56.369,0,0,0
1783979756.8691,14:55:56.869,0,0,0
1783979757.3691,14:55:57.369,0,0,0
1783979757.8688,14:55:57.868,0,0,0
1783979758.3686,14:55:58.368,0,0,0
1783979758.8685,14:55:58.868,0,0,0
1783979759.3681,14:55:59.368,0,0,0
1783979759.8674,14:55:59.867,0,0,0
1783979760.3678,14:56:00.367,0,0,0
1783979760.8677,14:56:00.867,0,0,0
1783979761.3671,14:56:01.367,0,0,0
1783979761.8676,14:56:01.867,0,0,0
1783979762.3674,14:56:02.367,0,0,0
1783979762.8671,14:56:02.867,0,0,0
1783979763.3673,14:56:03.367,0,0,0
1783979763.867,14:56:03.867,0,0,0
1783979764.366,14:56:04.366,0,0,0
1783979764.8657,14:56:04.865,0,0,0
1783979765.3659,14:56:05.365,0,0,0
1783979765.8658,14:56:05.865,0,0,0
1783979766.3658,14:56:06.365,0,0,0
1783979766.8662,14:56:06.866,0,0,0
1783979767.3661,14:56:07.366,0,0,0
1783979767.8657,14:56:07.865,0,0,0
1783979768.366,14:56:08.366,0,0,0
1783979768.8654,14:56:08.865,0,0,0
1783979769.3652,14:56:09.365,0,0,0
1783979769.865,14:56:09.865,0,0,0
1783979770.3643,14:56:10.364,0,0,0
1783979770.8641,14:56:10.864,0,0,0
1783979771.3644,14:56:11.364,0,0,0
1783979771.864,14:56:11.864,0,0,0
1783979772.3638,14:56:12.363,0,0,0
1783979772.8636,14:56:12.863,0,0,0
1783979773.3635,14:56:13.363,0,0,0
1783979773.8627,14:56:13.862,0,0,0
1783979774.3628,14:56:14.362,0,0,0
1783979774.8622,14:56:14.862,0,0,0
1783979775.3615,14:56:15.361,0,0,0
1783979775.8613,14:56:15.861,0,0,0
1783979776.3615,14:56:16.361,0,0,0
1783979776.861,14:56:16.861,0,0,0
1783979777.3612,14:56:17.361,0,0,0
1783979777.8615,14:56:17.861,0,0,0
1783979778.3609,14:56:18.360,0,0,0
1783979778.8606,14:56:18.860,0,0,0
1783979779.3606,14:56:19.360,0,0,0
1783979779.8603,14:56:19.860,0,0,0
1783979780.3607,14:56:20.360,0,0,0
1783979780.8608,14:56:20.860,0,0,0
1783979781.3602,14:56:21.360,0,0,0
1783979781.8603,14:56:21.860,0,0,0
1783979782.3601,14:56:22.360,0,0,0
1783979782.8596,14:56:22.859,0,0,0
1783979783.3592,14:56:23.359,0,0,0
1783979783.8593,14:56:23.859,0,0,0
1783979784.3589,14:56:24.358,0,0,0
1783979784.8588,14:56:24.858,0,0,0
1783979785.3588,14:56:25.358,0,0,0
1783979785.8584,14:56:25.858,0,0,0
1783979786.3583,14:56:26.358,0,0,0
1783979786.8585,14:56:26.858,0,0,0
1783979787.3582,14:56:27.358,0,0,0
1783979787.8576,14:56:27.857,0,0,0
1783979788.3577,14:56:28.357,0,0,0
1783979788.8579,14:56:28.857,0,0,0
1783979789.3576,14:56:29.357,0,0,0
1783979789.8576,14:56:29.857,0,0,0
1783979790.3579,14:56:30.357,0,0,0
1783979790.8569,14:56:30.856,0,0,0
1783979791.3572,14:56:31.357,0,0,0
1783979791.8574,14:56:31.857,0,0,0
1783979792.3571,14:56:32.357,0,0,0
1783979792.8571,14:56:32.857,0,0,0
1783979793.3568,14:56:33.356,0,0,0
1783979793.8566,14:56:33.856,0,0,0
1783979794.3567,14:56:34.356,0,0,0
1783979794.8561,14:56:34.856,0,0,0
1783979795.3558,14:56:35.355,0.72,0.52,-0.47
1783979795.8562,14:56:35.856,0.85,0.44,-0.30
1783979796.3562,14:56:36.356,0.85,0.44,-0.28
1783979796.8561,14:56:36.856,0.79,0.51,-0.34
1783979797.3561,14:56:37.356,0,0,0
1783979797.8559,14:56:37.855,0.76,0.52,-0.39
1783979798.3553,14:56:38.355,0.76,0.51,-0.41
1783979798.8548,14:56:38.854,0.81,0.46,-0.38
1783979799.3556,14:56:39.355,0.81,0.46,-0.38
1783979799.8554,14:56:39.855,0.76,0.51,-0.40
1783979800.355,14:56:40.355,0.73,0.55,-0.41
1783979800.855,14:56:40.855,0.71,0.57,-0.42
1783979801.3546,14:56:41.354,0.69,0.59,-0.41
1783979801.8537,14:56:41.853,0.68,0.62,-0.40
1783979802.3535,14:56:42.353,0,0,0
1783979802.8536,14:56:42.853,0.66,0.65,-0.38
1783979803.3528,14:56:43.352,0.66,0.65,-0.37
1783979803.8529,14:56:43.852,0.66,0.66,-0.37
1783979804.3527,14:56:44.352,0.66,0.66,-0.37
1783979804.8526,14:56:44.852,0.66,0.62,-0.44
1783979805.3531,14:56:45.353,0,0,0
1783979805.8532,14:56:45.853,0,0,0
1783979806.3525,14:56:46.352,0.66,0.61,-0.44
1783979806.8529,14:56:46.852,0.67,0.60,-0.43
1783979807.3528,14:56:47.352,0.66,0.60,-0.46
1783979807.8524,14:56:47.852,0.66,0.60,-0.46
1783979808.3525,14:56:48.352,0.66,0.61,-0.43
1783979808.8525,14:56:48.852,0.65,0.63,-0.43
1783979809.3518,14:56:49.351,0.64,0.63,-0.44
1783979809.8514,14:56:49.851,0.63,0.63,-0.45
1783979810.3519,14:56:50.351,0.62,0.63,-0.46
1783979810.8518,14:56:50.851,0.62,0.64,-0.46
1783979811.3519,14:56:51.351,0.61,0.64,-0.47
1783979811.8517,14:56:51.851,0.60,0.64,-0.48
1783979812.3516,14:56:52.351,0.60,0.63,-0.49
1783979812.8516,14:56:52.851,0.60,0.64,-0.48
1783979813.3517,14:56:53.351,0.60,0.63,-0.49
1783979813.8509,14:56:53.850,0.60,0.62,-0.50
1783979814.3506,14:56:54.350,0.60,0.62,-0.50
1783979814.8506,14:56:54.850,0.60,0.62,-0.50
1783979815.3498,14:56:55.349,0.59,0.62,-0.51
1783979815.8495,14:56:55.849,0.60,0.62,-0.51
1783979816.3499,14:56:56.349,0.60,0.62,-0.51
1783979816.8496,14:56:56.849,0,0,0
1783979817.3488,14:56:57.348,0.61,0.62,-0.50
1783979817.8495,14:56:57.849,0,0,0
1783979818.3495,14:56:58.349,0,0,0
1783979818.8492,14:56:58.849,0,0,0
1783979819.3492,14:56:59.349,0,0,0
1783979819.849,14:56:59.849,0,0,0
1783979820.348,14:57:00.348,0.61,0.62,-0.49
1783979820.8487,14:57:00.848,0.63,0.60,-0.50
1783979821.3481,14:57:01.348,0.64,0.59,-0.49
1783979821.8478,14:57:01.847,0.64,0.61,-0.47
1783979822.3478,14:57:02.347,0.65,0.62,-0.45
1783979822.8477,14:57:02.847,0.63,0.62,-0.46
1783979823.3473,14:57:03.347,0.63,0.63,-0.45
1783979823.8478,14:57:03.847,0.63,0.63,-0.45
1783979824.3476,14:57:04.347,0.62,0.64,-0.46
1783979824.8468,14:57:04.846,0.61,0.64,-0.46
1783979825.347,14:57:05.347,0.61,0.63,-0.48
1783979825.8474,14:57:05.847,0.62,0.62,-0.48
1783979826.3471,14:57:06.347,0.61,0.62,-0.49
1783979826.8468,14:57:06.846,0.60,0.62,-0.50
1783979827.3471,14:57:07.347,0.60,0.62,-0.50
1783979827.8464,14:57:07.846,0.60,0.63,-0.50
1783979828.3461,14:57:08.346,0.59,0.62,-0.51
1783979828.8463,14:57:08.846,0.60,0.62,-0.51
1783979829.3458,14:57:09.345,0.60,0.62,-0.50
1783979829.8452,14:57:09.845,0.60,0.62,-0.51
1783979830.3457,14:57:10.345,0.59,0.62,-0.52
1783979830.8454,14:57:10.845,0.59,0.62,-0.52
1783979831.3455,14:57:11.345,0.59,0.62,-0.52
1783979831.8457,14:57:11.845,0.59,0.61,-0.52
1783979832.3454,14:57:12.345,0.60,0.62,-0.51
1783979832.8448,14:57:12.844,0.60,0.62,-0.51
1783979833.3451,14:57:13.345,0.59,0.63,-0.51
1783979833.8445,14:57:13.844,0.60,0.62,-0.51
1783979834.3441,14:57:14.344,0.60,0.61,-0.51
1783979834.8449,14:57:14.844,0.61,0.61,-0.51
1783979835.3449,14:57:15.344,0.61,0.62,-0.50
1783979835.8446,14:57:15.844,0.60,0.62,-0.51
1783979836.3446,14:57:16.344,0.60,0.62,-0.51
1783979836.8439,14:57:16.843,0.60,0.62,-0.51
1783979837.3433,14:57:17.343,0.60,0.62,-0.50
1783979837.8432,14:57:17.843,0.61,0.63,-0.49
1783979838.3426,14:57:18.342,0.62,0.64,-0.46
1783979838.8425,14:57:18.842,0.63,0.64,-0.44
1783979839.3425,14:57:19.342,0.63,0.63,-0.46
1783979839.8428,14:57:19.842,0.63,0.62,-0.47
1783979840.342,14:57:20.342,0.63,0.62,-0.47
1783979840.8418,14:57:20.841,0.63,0.62,-0.47
1783979841.3416,14:57:21.341,0.64,0.62,-0.45
1783979841.8413,14:57:21.841,0.65,0.63,-0.44
1783979842.3413,14:57:22.341,0.65,0.63,-0.42
1783979842.8416,14:57:22.841,0.66,0.62,-0.42
1783979843.341,14:57:23.341,0.66,0.64,-0.40
1783979843.841,14:57:23.841,0.66,0.64,-0.39
1783979844.3415,14:57:24.341,0.66,0.64,-0.38
1783979844.8409,14:57:24.840,0.64,0.65,-0.40
1783979845.3408,14:57:25.340,0.64,0.65,-0.40
1783979845.8414,14:57:25.841,0.66,0.65,-0.38
1783979846.3407,14:57:26.340,0,0,0
1783979846.8403,14:57:26.840,0.66,0.66,-0.35
1783979847.3406,14:57:27.340,0.67,0.65,-0.36
1783979847.8398,14:57:27.839,0.66,0.65,-0.36
1783979848.3391,14:57:28.339,0.66,0.66,-0.36
1783979848.8389,14:57:28.838,0.66,0.67,-0.35
1783979849.3384,14:57:29.338,0.65,0.67,-0.36
1783979849.8378,14:57:29.837,0.64,0.68,-0.36
1783979850.3387,14:57:30.338,0.63,0.68,-0.37
1783979850.8388,14:57:30.838,0.64,0.67,-0.37
1783979851.3384,14:57:31.338,0.64,0.67,-0.37
1783979851.8385,14:57:31.838,0.64,0.68,-0.37
1783979852.3386,14:57:32.338,0.63,0.68,-0.36
1783979852.838,14:57:32.838,0.63,0.68,-0.38
1783979853.3384,14:57:33.338,0.64,0.68,-0.37
1783979853.8381,14:57:33.838,0.65,0.67,-0.36
1783979854.3375,14:57:34.337,0.64,0.68,-0.36
1783979854.8374,14:57:34.837,0.63,0.68,-0.38
1783979855.3382,14:57:35.338,0.62,0.68,-0.38
1783979855.8375,14:57:35.837,0.63,0.68,-0.37
1783979856.3377,14:57:36.337,0.65,0.66,-0.36
1783979856.8376,14:57:36.837,0.66,0.66,-0.36
1783979857.337,14:57:37.337,0.65,0.66,-0.37
1783979857.8371,14:57:37.837,0.65,0.67,-0.36
1783979858.3369,14:57:38.336,0.66,0.67,-0.35
1783979858.8362,14:57:38.836,0.66,0.66,-0.35
1783979859.3358,14:57:39.335,0.66,0.67,-0.35
1783979859.8359,14:57:39.835,0.65,0.67,-0.35
1783979860.3361,14:57:40.336,0.65,0.68,-0.34
1783979860.8356,14:57:40.835,0.65,0.68,-0.35
1783979861.3356,14:57:41.335,0.64,0.69,-0.34
1783979861.8351,14:57:41.835,0.64,0.69,-0.34
1783979862.3349,14:57:42.334,0.64,0.69,-0.34
1783979862.8354,14:57:42.835,0.64,0.69,-0.34
1783979863.3347,14:57:43.334,0.65,0.68,-0.35
1783979863.8341,14:57:43.834,0.64,0.67,-0.38
1783979864.3346,14:57:44.334,0.61,0.66,-0.44
1783979864.8344,14:57:44.834,0.61,0.65,-0.45
1783979865.3347,14:57:45.334,0.60,0.65,-0.46
1783979865.8349,14:57:45.834,0.61,0.67,-0.43
1783979866.3346,14:57:46.334,0.61,0.67,-0.41
1783979866.8344,14:57:46.834,0.62,0.68,-0.39
1783979867.3341,14:57:47.334,0.63,0.67,-0.38
1783979867.8339,14:57:47.833,0.64,0.68,-0.35
1783979868.3336,14:57:48.333,0.66,0.68,-0.31
1783979868.834,14:57:48.834,0.66,0.68,-0.32
1783979869.3341,14:57:49.334,0.65,0.66,-0.36
1783979869.8339,14:57:49.833,0.64,0.65,-0.40
1783979870.334,14:57:50.334,0.64,0.64,-0.43
1783979870.8336,14:57:50.833,0.63,0.64,-0.43
1783979871.3333,14:57:51.333,0,0,0
1783979871.8329,14:57:51.832,0.65,0.61,-0.46
1783979872.333,14:57:52.333,0.65,0.61,-0.45
1783979872.8324,14:57:52.832,0.66,0.61,-0.43
1783979873.3324,14:57:53.332,0.67,0.62,-0.40
1783979873.8327,14:57:53.832,0.68,0.62,-0.40
1783979874.3323,14:57:54.332,0.70,0.60,-0.39
1783979874.8318,14:57:54.831,0.71,0.58,-0.39
1783979875.3318,14:57:55.331,0.70,0.59,-0.40
1783979875.8317,14:57:55.831,0.72,0.57,-0.39
1783979876.3315,14:57:56.331,0.75,0.56,-0.35
1783979876.8318,14:57:56.831,0.95,0.30,-0.06
1783979877.3312,14:57:57.331,0.96,0.29,-0.01
1783979877.8313,14:57:57.831,0.96,0.29,0.03
1783979878.3315,14:57:58.331,0.96,0.28,0.06
1783979878.8314,14:57:58.831,0.80,0.57,-0.18
1783979879.3314,14:57:59.331,0,0,0
1783979879.8317,14:57:59.831,0.81,0.56,-0.20
1783979880.3311,14:58:00.331,0.77,0.58,-0.28
1783979880.831,14:58:00.831,0.77,0.56,-0.30
1783979881.331,14:58:01.331,0.79,0.53,-0.31
1783979881.8306,14:58:01.830,0.79,0.53,-0.31
1783979882.3296,14:58:02.329,0.95,0.31,-0.08
1783979882.8296,14:58:02.829,0.93,0.34,-0.10
1783979883.3295,14:58:03.329,0.93,0.35,-0.10
1783979883.8291,14:58:03.829,0.93,0.35,-0.09
1783979884.3294,14:58:04.329,0.94,0.34,-0.07
1783979884.8296,14:58:04.829,0.72,0.61,-0.33
1783979885.3291,14:58:05.329,0.73,0.61,-0.32
1783979885.8291,14:58:05.829,0.75,0.58,-0.31
1783979886.3286,14:58:06.328,0.75,0.59,-0.30
1783979886.8277,14:58:06.827,0.76,0.58,-0.30
1783979887.3276,14:58:07.327,0.78,0.56,-0.27
1783979887.828,14:58:07.828,0.79,0.55,-0.27
1783979888.3275,14:58:08.327,0.82,0.52,-0.24
1783979888.8275,14:58:08.827,0.84,0.50,-0.23
1783979889.3276,14:58:09.327,0.83,0.51,-0.22
1783979889.8274,14:58:09.827,0.78,0.56,-0.27
1783979890.3275,14:58:10.327,0.73,0.61,-0.30
1783979890.8275,14:58:10.827,0.68,0.64,-0.35
1783979891.3276,14:58:11.327,0.68,0.65,-0.34
1783979891.8272,14:58:11.827,0.69,0.65,-0.32
1783979892.3276,14:58:12.327,0.70,0.64,-0.31
1783979892.8277,14:58:12.827,0.68,0.66,-0.32
1783979893.3273,14:58:13.327,0.67,0.66,-0.33
1783979893.8276,14:58:13.827,0.65,0.67,-0.35
1783979894.328,14:58:14.328,0.64,0.68,-0.35
1783979894.8279,14:58:14.827,0.64,0.68,-0.35
1783979895.3279,14:58:15.327,0.63,0.69,-0.35
1783979895.8278,14:58:15.827,0.63,0.69,-0.35
1783979896.3272,14:58:16.327,0.63,0.69,-0.36
1783979896.8269,14:58:16.826,0.62,0.69,-0.36
1783979897.3261,14:58:17.326,0.63,0.69,-0.35
1783979897.8252,14:58:17.825,0.64,0.69,-0.34
1783979898.3256,14:58:18.325,0.64,0.69,-0.34
1783979898.8255,14:58:18.825,0.62,0.69,-0.36
1783979899.3251,14:58:19.325,0.62,0.68,-0.38
1783979899.8254,14:58:19.825,0.61,0.69,-0.39
1783979900.3252,14:58:20.325,0.62,0.68,-0.39
1783979900.8247,14:58:20.824,0.62,0.68,-0.39
1783979901.3244,14:58:21.324,0.63,0.67,-0.39
1783979901.8243,14:58:21.824,0.62,0.68,-0.39
1783979902.3233,14:58:22.323,0.62,0.67,-0.41
1783979902.8231,14:58:22.823,0.64,0.66,-0.40
1783979903.3234,14:58:23.323,0.65,0.65,-0.39
1783979903.8224,14:58:23.822,0.64,0.64,-0.42
1783979904.3223,14:58:24.322,0.63,0.65,-0.42
1783979904.8225,14:58:24.822,0.62,0.65,-0.43
1783979905.322,14:58:25.322,0.63,0.65,-0.42
1783979905.8224,14:58:25.822,0.65,0.65,-0.38
1783979906.3227,14:58:26.322,0.69,0.64,-0.33
1783979906.8225,14:58:26.822,0.93,0.35,-0.07
1783979907.322,14:58:27.322,0.78,0.57,-0.26
1783979907.8224,14:58:27.822,0.82,0.52,-0.23
1783979908.3225,14:58:28.322,0.82,0.52,-0.23
1783979908.8217,14:58:28.821,0.80,0.54,-0.26
1783979909.322,14:58:29.322,0.76,0.58,-0.29
1783979909.8222,14:58:29.822,0.75,0.58,-0.32
1783979910.3215,14:58:30.321,0.74,0.59,-0.33
1783979910.8211,14:58:30.821,0.73,0.59,-0.34
1783979911.3208,14:58:31.320,0.70,0.60,-0.39
1783979911.8204,14:58:31.820,0,0,0
1783979912.3202,14:58:32.320,0.70,0.61,-0.38
1783979912.8199,14:58:32.819,0.72,0.59,-0.36
1783979913.3193,14:58:33.319,0.75,0.57,-0.34
1783979913.8198,14:58:33.819,0.76,0.54,-0.35
1783979914.3193,14:58:34.319,0.79,0.51,-0.33
1783979914.8192,14:58:34.819,0.82,0.48,-0.31
1783979915.3196,14:58:35.319,0.82,0.48,-0.30
1783979915.8192,14:58:35.819,0.82,0.48,-0.30
1783979916.3188,14:58:36.318,0.79,0.51,-0.34
1783979916.8192,14:58:36.819,0.74,0.55,-0.39
1783979917.3195,14:58:37.319,0.75,0.56,-0.35
1783979917.819,14:58:37.819,0.95,0.31,-0.06
1783979918.3188,14:58:38.318,0.97,0.26,0.00
1783979918.8191,14:58:38.819,0.96,0.26,0.04
1783979919.3185,14:58:39.318,0.96,0.27,0.06
1783979919.8179,14:58:39.817,0.81,0.56,-0.17
1783979920.3181,14:58:40.318,0.81,0.55,-0.18
1783979920.8176,14:58:40.817,0.82,0.54,-0.20
1783979921.3172,14:58:41.317,0.81,0.54,-0.21
1783979921.817,14:58:41.817,0.83,0.53,-0.18
1783979922.3167,14:58:42.316,0.83,0.52,-0.17
1783979922.8161,14:58:42.816,0.96,0.26,0.07
1783979923.316,14:58:43.316,0.96,0.29,0.05
1783979923.8154,14:58:43.815,0.95,0.30,0.02
1783979924.3149,14:58:44.314,0.95,0.30,0.00
1783979924.8155,14:58:44.815,0.96,0.26,-0.02
1783979925.3154,14:58:45.315,0.97,0.25,-0.05
1783979925.8144,14:58:45.814,0.89,0.40,-0.21
1783979926.3146,14:58:46.314,0,0,0
1783979926.8149,14:58:46.814,0,0,0
1783979927.3148,14:58:47.314,0,0,0
1783979927.8152,14:58:47.815,0.89,0.40,-0.21
1783979928.3155,14:58:48.315,0.92,0.32,-0.23
1783979928.8151,14:58:48.815,0.92,0.32,-0.22
1783979929.3151,14:58:49.315,0.83,0.46,-0.33
1783979929.8149,14:58:49.814,0.80,0.50,-0.33
1783979930.3144,14:58:50.314,0.81,0.51,-0.30
1783979930.8145,14:58:50.814,0.84,0.50,-0.23
1783979931.3143,14:58:51.314,0.84,0.51,-0.20
1783979931.8138,14:58:51.813,0.84,0.50,-0.19
1783979932.3136,14:58:52.313,0.84,0.51,-0.19
1783979932.8131,14:58:52.813,0.83,0.51,-0.23
1783979933.3123,14:58:53.312,0.82,0.52,-0.25
1783979933.8124,14:58:53.812,0.80,0.53,-0.26
1783979934.313,14:58:54.313,0.78,0.56,-0.28
1783979934.8127,14:58:54.812,0.79,0.56,-0.26
1783979935.3121,14:58:55.312,0.82,0.54,-0.19
1783979935.8128,14:58:55.812,0.85,0.51,-0.12
1783979936.3119,14:58:56.311,0.85,0.51,-0.11
1783979936.8114,14:58:56.811,0.85,0.51,-0.13
1783979937.3116,14:58:57.311,0.85,0.50,-0.16
1783979937.8111,14:58:57.811,0.86,0.48,-0.19
1783979938.3107,14:58:58.310,0.91,0.40,-0.11
1783979938.8112,14:58:58.811,0.91,0.40,-0.08
1783979939.3108,14:58:59.310,0.93,0.36,-0.02
1783979939.8103,14:58:59.810,0.93,0.36,-0.02
1783979940.3105,14:59:00.310,0.93,0.37,0.00
1783979940.8105,14:59:00.810,0.90,0.43,-0.04
1783979941.3099,14:59:01.309,0.91,0.41,-0.03
1783979941.8103,14:59:01.810,0.91,0.41,0.00
1783979942.3107,14:59:02.310,0.92,0.40,0.01
1783979942.8105,14:59:02.810,0.91,0.42,0.00
1783979943.3107,14:59:03.310,0.90,0.43,-0.02
1783979943.8108,14:59:03.810,0.89,0.45,-0.05
1783979944.3109,14:59:04.310,0.97,0.16,0.17
1783979944.8109,14:59:04.810,0.98,0.13,0.17
1783979945.3104,14:59:05.310,0.91,0.40,-0.04
1783979945.8098,14:59:05.809,0.94,0.35,0.01
1783979946.3105,14:59:06.310,0,0,0
1783979946.8101,14:59:06.810,0,0,0
1783979947.3096,14:59:07.309,0,0,0
1783979947.8095,14:59:07.809,0,0,0
1783979948.3094,14:59:08.309,0.95,0.32,-0.02
1783979948.8088,14:59:08.808,0.89,0.42,-0.14
1783979949.3085,14:59:09.308,0.85,0.47,-0.22
1783979949.8085,14:59:09.808,0.86,0.47,-0.23
1783979950.3076,14:59:10.307,0.85,0.48,-0.23
1783979950.8078,14:59:10.807,0,0,0
1783979951.3076,14:59:11.307,0,0,0
1783979951.8069,14:59:11.806,0,0,0
1783979952.3065,14:59:12.306,0,0,0
1783979952.807,14:59:12.807,0,0,0
1783979953.3066,14:59:13.306,0,0,0
1783979953.8061,14:59:13.806,0,0,0
1783979954.3065,14:59:14.306,0,0,0
1783979954.8064,14:59:14.806,0,0,0
1783979955.3058,14:59:15.305,0,0,0
1783979955.8063,14:59:15.806,0,0,0
1783979956.3059,14:59:16.305,0,0,0
1783979956.8054,14:59:16.805,0,0,0
1783979957.3056,14:59:17.305,0,0,0
1783979957.8055,14:59:17.805,0,0,0
1783979958.3054,14:59:18.305,0,0,0
1783979958.8055,14:59:18.805,0,0,0
1783979959.3051,14:59:19.305,0,0,0
1783979959.8043,14:59:19.804,0,0,0
1783979960.3045,14:59:20.304,0,0,0
1783979960.8045,14:59:20.804,0,0,0
1783979961.304,14:59:21.304,0,0,0
1783979961.804,14:59:21.804,0,0,0
1783979962.3037,14:59:22.303,0,0,0
1783979962.8031,14:59:22.803,0,0,0
1783979963.3031,14:59:23.303,0,0,0
1783979963.8029,14:59:23.802,0,0,0
1783979964.3022,14:59:24.302,0,0,0
1783979964.8022,14:59:24.802,0,0,0
1783979965.3025,14:59:25.302,0,0,0
1783979965.8023,14:59:25.802,0,0,0
1783979966.3024,14:59:26.302,0,0,0
1783979966.8022,14:59:26.802,0,0,0
1783979967.3019,14:59:27.301,0,0,0
1783979967.8013,14:59:27.801,0,0,0
1783979968.3014,14:59:28.301,0,0,0
1783979968.8014,14:59:28.801,0,0,0
1783979969.3015,14:59:29.301,0,0,0
1783979969.8015,14:59:29.801,0,0,0
1783979970.3011,14:59:30.301,0,0,0
1783979970.8012,14:59:30.801,0,0,0
1783979971.3015,14:59:31.301,0,0,0
1783979971.8008,14:59:31.800,0,0,0
1783979972.3002,14:59:32.300,0,0,0
1783979972.8005,14:59:32.800,0,0,0
1783979973.3007,14:59:33.300,0,0,0
1783979973.8004,14:59:33.800,0,0,0
1783979974.3006,14:59:34.300,0,0,0
1783979974.8009,14:59:34.800,0,0,0
1783979975.3005,14:59:35.300,0,0,0
1783979975.8004,14:59:35.800,0,0,0
1783979976.2998,14:59:36.299,0,0,0
1783979976.7993,14:59:36.799,0,0,0
1783979977.2991,14:59:37.299,0,0,0
1783979977.7992,14:59:37.799,0,0,0
1783979978.2986,14:59:38.298,0,0,0
1783979978.7987,14:59:38.798,0,0,0
1783979979.2989,14:59:39.298,0,0,0
1783979979.7981,14:59:39.798,0,0,0
1783979980.298,14:59:40.298,0,0,0
1783979980.7978,14:59:40.797,0,0,0
1783979981.2973,14:59:41.297,0,0,0
1783979981.7973,14:59:41.797,0,0,0
1783979982.2976,14:59:42.297,0,0,0
1783979982.7968,14:59:42.796,0,0,0
1783979983.2969,14:59:43.296,0,0,0
1783979983.797,14:59:43.797,0,0,0
1783979984.2969,14:59:44.296,0,0,0
1783979984.7963,14:59:44.796,0,0,0
1783979985.2966,14:59:45.296,0,0,0
1783979985.7962,14:59:45.796,0,0,0
1783979986.2963,14:59:46.296,0,0,0
1783979986.7961,14:59:46.796,0,0,0
1783979987.2958,14:59:47.295,0,0,0
1783979987.7954,14:59:47.795,0,0,0
1783979988.2955,14:59:48.295,0,0,0
1783979988.7955,14:59:48.795,0,0,0
1783979989.2952,14:59:49.295,0,0,0
1783979989.7958,14:59:49.795,0,0,0
1783979990.2958,14:59:50.295,0,0,0
1783979990.7955,14:59:50.795,0,0,0
1783979991.2956,14:59:51.295,0,0,0
1783979991.7949,14:59:51.794,0,0,0
1783979992.2939,14:59:52.293,0,0,0
1783979992.7942,14:59:52.794,0,0,0
1783979993.2939,14:59:53.293,0,0,0
1783979993.7938,14:59:53.793,0,0,0
1783979994.2937,14:59:54.293,0,0,0
1783979994.7934,14:59:54.793,0,0,0
1783979995.2928,14:59:55.292,0,0,0
1783979995.7927,14:59:55.792,0,0,0
1783979996.2926,14:59:56.292,0,0,0
1783979996.7925,14:59:56.792,0,0,0
1783979997.2927,14:59:57.292,0,0,0
1783979997.7928,14:59:57.792,0,0,0
1783979998.292,14:59:58.292,0,0,0
1783979998.7919,14:59:58.791,0,0,0
1783979999.2917,14:59:59.291,0,0,0
1783979999.7913,14:59:59.791,0,0,0
1783980000.2912,15:00:00.291,0,0,0
1783980000.7917,15:00:00.791,0,0,0
1783980001.2912,15:00:01.291,0,0,0
1783980001.791,15:00:01.791,0,0,0
1783980002.2913,15:00:02.291,0,0,0
1783980002.7911,15:00:02.791,0,0,0
1783980003.2904,15:00:03.290,0,0,0
1783980003.7902,15:00:03.790,0,0,0
1783980004.2903,15:00:04.290,0,0,0
1783980004.7897,15:00:04.789,0,0,0
1783980005.2904,15:00:05.290,0,0,0
1783980005.7902,15:00:05.790,0,0,0
1783980006.2899,15:00:06.289,0,0,0
1783980006.7897,15:00:06.789,0,0,0
1783980007.2894,15:00:07.289,0,0,0
1783980007.7888,15:00:07.788,0,0,0
1783980008.2887,15:00:08.288,0,0,0
1783980008.7893,15:00:08.789,0,0,0
1783980009.2885,15:00:09.288,0,0,0
1783980009.7884,15:00:09.788,0,0,0
1783980010.2886,15:00:10.288,0,0,0
1783980010.7881,15:00:10.788,0,0,0
1783980011.2877,15:00:11.287,0,0,0
1783980011.7874,15:00:11.787,0,0,0
1783980012.2868,15:00:12.286,0,0,0
1783980012.7871,15:00:12.787,0,0,0
1783980013.2871,15:00:13.287,0,0,0
1783980013.7872,15:00:13.787,0,0,0
1783980014.287,15:00:14.287,0,0,0
1783980014.7872,15:00:14.787,0,0,0
1783980015.2868,15:00:15.286,0,0,0
1783980015.7863,15:00:15.786,0,0,0
1783980016.2863,15:00:16.286,0,0,0
1783980016.7864,15:00:16.786,0,0,0
1783980017.2858,15:00:17.285,0,0,0
1783980017.7859,15:00:17.785,0,0,0
1783980018.2857,15:00:18.285,0,0,0
1783980018.7849,15:00:18.784,0,0,0
1783980019.2854,15:00:19.285,0,0,0
1783980019.7855,15:00:19.785,0,0,0
1783980020.285,15:00:20.285,0,0,0
1783980020.7854,15:00:20.785,0,0,0
1783980021.2855,15:00:21.285,0,0,0
1783980021.7849,15:00:21.784,0,0,0
1783980022.2848,15:00:22.284,0,0,0
1783980022.7844,15:00:22.784,0,0,0
1783980023.2841,15:00:23.284,0,0,0
1783980023.7843,15:00:23.784,0.71,0.59,-0.39
1783980024.2848,15:00:24.284,0.80,0.54,-0.25
1783980024.7838,15:00:24.783,0.82,0.53,-0.23
1783980025.2841,15:00:25.284,0,0,0
1783980025.784,15:00:25.784,0,0,0
1783980026.2837,15:00:26.283,0,0,0
1783980026.7833,15:00:26.783,0,0,0
1783980027.2832,15:00:27.283,0,0,0
1783980027.7824,15:00:27.782,0,0,0
1783980028.2824,15:00:28.282,0,0,0
1783980028.7827,15:00:28.782,0,0,0
1783980029.2825,15:00:29.282,0,0,0
1783980029.7824,15:00:29.782,0,0,0
1783980030.2822,15:00:30.282,0,0,0
1783980030.7819,15:00:30.781,0,0,0
1783980031.2819,15:00:31.281,0,0,0
1783980031.7822,15:00:31.782,0,0,0
1783980032.2819,15:00:32.281,0,0,0
1783980032.7814,15:00:32.781,0,0,0
1783980033.2818,15:00:33.281,0,0,0
1783980033.7821,15:00:33.782,0,0,0
1783980034.2818,15:00:34.281,0,0,0
1783980034.7817,15:00:34.781,0,0,0
1783980035.2817,15:00:35.281,0,0,0
1783980035.7808,15:00:35.780,0,0,0
1783980036.281,15:00:36.281,0.77,0.53,-0.35
1783980036.7811,15:00:36.781,0.85,0.46,-0.26
1783980037.2801,15:00:37.280,0.85,0.46,-0.26
1783980037.7803,15:00:37.780,0.80,0.52,-0.29
1783980038.2799,15:00:38.279,0,0,0
1783980038.7791,15:00:38.779,0,0,0
1783980039.279,15:00:39.279,0.80,0.51,-0.31
1783980039.7792,15:00:39.779,0,0,0
1783980040.2787,15:00:40.278,0,0,0
1783980040.7791,15:00:40.779,0,0,0
1783980041.2794,15:00:41.279,0.80,0.49,-0.34
1783980041.7792,15:00:41.779,0.84,0.45,-0.30
1783980042.2787,15:00:42.278,0,0,0
1783980042.7785,15:00:42.778,0,0,0
1783980043.2783,15:00:43.278,0,0,0
1783980043.7778,15:00:43.777,0,0,0
1783980044.2783,15:00:44.278,0,0,0
1783980044.7775,15:00:44.777,0,0,0
1783980045.2774,15:00:45.277,0,0,0
1783980045.7774,15:00:45.777,0,0,0
1783980046.2771,15:00:46.277,0,0,0
1783980046.7763,15:00:46.776,0,0,0
1783980047.2768,15:00:47.276,0,0,0
1783980047.7772,15:00:47.777,0,0,0
1783980048.277,15:00:48.277,0,0,0
1783980048.7777,15:00:48.777,0,0,0
1783980049.2771,15:00:49.277,0,0,0
1783980049.7768,15:00:49.776,0,0,0
1783980050.2766,15:00:50.276,0,0,0
1783980050.7761,15:00:50.776,0,0,0
1783980051.2759,15:00:51.275,0,0,0
1783980051.776,15:00:51.776,0,0,0
1783980052.276,15:00:52.276,0,0,0
1783980052.7753,15:00:52.775,0,0,0
1783980053.2753,15:00:53.275,0,0,0
1783980053.7752,15:00:53.775,0,0,0
1783980054.2748,15:00:54.274,0,0,0
1783980054.7751,15:00:54.775,0,0,0
1783980055.2751,15:00:55.275,0,0,0
1783980055.7748,15:00:55.774,0,0,0
1783980056.2748,15:00:56.274,0,0,0
1783980056.7747,15:00:56.774,0,0,0
1783980057.2741,15:00:57.274,0,0,0
1783980057.7735,15:00:57.773,0,0,0
1783980058.2734,15:00:58.273,0,0,0
1783980058.7729,15:00:58.772,0,0,0
1783980059.2726,15:00:59.272,0,0,0
1783980059.773,15:00:59.773,0.67,0.54,-0.51
1783980060.2729,15:01:00.272,0,0,0
1783980060.7727,15:01:00.772,0,0,0
1783980061.273,15:01:01.273,0,0,0
1783980061.7728,15:01:01.772,0,0,0
1783980062.2725,15:01:02.272,0,0,0
1783980062.7723,15:01:02.772,0,0,0
1783980063.2716,15:01:03.271,0,0,0
1783980063.7712,15:01:03.771,0,0,0
1783980064.2715,15:01:04.271,0,0,0
1783980064.7711,15:01:04.771,0,0,0
1783980065.2708,15:01:05.270,0,0,0
1783980065.771,15:01:05.771,0,0,0
1783980066.2707,15:01:06.270,0,0,0
1783980066.7703,15:01:06.770,0.81,0.50,-0.29
1783980067.2705,15:01:07.270,0.82,0.54,-0.20
1783980067.7702,15:01:07.770,0.80,0.57,-0.18
1783980068.2696,15:01:08.269,0.77,0.60,-0.22
1783980068.7697,15:01:08.769,0.76,0.61,-0.23
1783980069.2695,15:01:09.269,0.76,0.60,-0.24
1783980069.7694,15:01:09.769,0.75,0.61,-0.25
1783980070.2694,15:01:10.269,0.71,0.64,-0.29
1783980070.7691,15:01:10.769,0.69,0.66,-0.29
1783980071.2687,15:01:11.268,0.69,0.64,-0.33
1783980071.7693,15:01:11.769,0.69,0.63,-0.35
1783980072.2693,15:01:12.269,0,0,0
1783980072.7688,15:01:12.768,0.69,0.61,-0.38
1783980073.2684,15:01:13.268,0.67,0.62,-0.40
1783980073.7687,15:01:13.768,0.68,0.62,-0.41
1783980074.2683,15:01:14.268,0.67,0.63,-0.41
1783980074.7684,15:01:14.768,0.68,0.62,-0.39
1783980075.2685,15:01:15.268,0.68,0.62,-0.39
1783980075.7678,15:01:15.767,0.67,0.62,-0.42
1783980076.2676,15:01:16.267,0.67,0.61,-0.41
1783980076.7676,15:01:16.767,0.69,0.61,-0.39
1783980077.2675,15:01:17.267,0.70,0.61,-0.37
1783980077.7675,15:01:17.767,0.71,0.60,-0.36
1783980078.2678,15:01:18.267,0,0,0
1783980078.7672,15:01:18.767,0.73,0.59,-0.33
1783980079.2669,15:01:19.266,0.73,0.60,-0.34
1783980079.7675,15:01:19.767,0.71,0.60,-0.37
1783980080.2672,15:01:20.267,0.70,0.61,-0.37
1783980080.7664,15:01:20.766,0.70,0.62,-0.36
1783980081.2669,15:01:21.266,0.70,0.62,-0.34
1783980081.7665,15:01:21.766,0.73,0.62,-0.29
1783980082.266,15:01:22.266,0.95,0.31,0.00
1783980082.7662,15:01:22.766,0.95,0.32,0.00
1783980083.2658,15:01:23.265,0.77,0.58,-0.26
1783980083.7652,15:01:23.765,0.84,0.50,-0.20
1783980084.2649,15:01:24.264,0.88,0.46,-0.14
1783980084.7645,15:01:24.764,0.88,0.44,-0.15
1783980085.2642,15:01:25.264,0.87,0.47,-0.15
1783980085.7646,15:01:25.764,0.86,0.48,-0.16
1783980086.2648,15:01:26.264,0.85,0.50,-0.18
1783980086.7641,15:01:26.764,0.82,0.54,-0.19
1783980087.2637,15:01:27.263,0.82,0.55,-0.18
1783980087.764,15:01:27.764,0.84,0.52,-0.16
1783980088.2632,15:01:28.263,0.85,0.51,-0.14
1783980088.7633,15:01:28.763,0.85,0.51,-0.12
1783980089.2631,15:01:29.263,0.85,0.51,-0.12
1783980089.7626,15:01:29.762,0.88,0.46,-0.09
1783980090.2624,15:01:30.262,0.93,0.38,-0.02
1783980090.7631,15:01:30.763,0.92,0.39,-0.02
1783980091.2625,15:01:31.262,0.92,0.39,0.01
1783980091.762,15:01:31.762,0.92,0.38,0.03
1783980092.2624,15:01:32.262,0.92,0.39,0.03
1783980092.7625,15:01:32.762,0.93,0.38,0.03
1783980093.2621,15:01:33.262,0.93,0.37,0.03
1783980093.7624,15:01:33.762,0.92,0.39,0.01
1783980094.262,15:01:34.262,0.89,0.46,-0.05
1783980094.7617,15:01:34.761,0.86,0.51,-0.07
1783980095.2619,15:01:35.261,0.86,0.51,-0.06
1783980095.7611,15:01:35.761,0.85,0.52,-0.08
1783980096.2605,15:01:36.260,0.84,0.54,-0.10
1783980096.7611,15:01:36.761,0.83,0.55,-0.14
1783980097.261,15:01:37.261,0.82,0.54,-0.16
1783980097.7602,15:01:37.760,0.86,0.50,-0.11
1783980098.2605,15:01:38.260,0.89,0.46,-0.07
1783980098.7603,15:01:38.760,0.90,0.44,-0.05
1783980099.26,15:01:39.260,0.90,0.44,-0.02
1783980099.76,15:01:39.760,0.87,0.49,-0.05
1783980100.2597,15:01:40.259,0.85,0.52,-0.11
1783980100.7595,15:01:40.759,0.84,0.51,-0.16
1783980101.2594,15:01:41.259,0.86,0.48,-0.15
1783980101.7594,15:01:41.759,0.89,0.43,-0.12
1783980102.2589,15:01:42.258,0.89,0.43,-0.12
1783980102.7591,15:01:42.759,0.86,0.48,-0.15
1783980103.259,15:01:43.259,0.84,0.52,-0.17
1783980103.7584,15:01:43.758,0.82,0.54,-0.19
1783980104.2587,15:01:44.258,0.80,0.56,-0.21
1783980104.7584,15:01:44.758,0.79,0.57,-0.22
1783980105.2581,15:01:45.258,0.78,0.58,-0.23
1783980105.7579,15:01:45.757,0.97,0.24,0.09
1783980106.2579,15:01:46.257,0.97,0.21,0.13
1783980106.7572,15:01:46.757,0.97,0.20,0.13
1783980107.2574,15:01:47.257,0.86,0.50,-0.15
1783980107.7575,15:01:47.757,0.85,0.50,-0.13
1783980108.2575,15:01:48.257,0.83,0.54,-0.17
1783980108.7574,15:01:48.757,0.82,0.56,-0.15
1783980109.2577,15:01:49.257,0.84,0.53,-0.13
1783980109.7576,15:01:49.757,0.86,0.50,-0.08
1783980110.2572,15:01:50.257,0.90,0.44,-0.03
1783980110.7575,15:01:50.757,0.90,0.44,-0.01
1783980111.2569,15:01:51.256,0.90,0.44,0.02
1783980111.7562,15:01:51.756,0.90,0.44,0.03
1783980112.2564,15:01:52.256,0.88,0.48,-0.01
1783980112.7559,15:01:52.755,0.88,0.47,0.01
1783980113.2557,15:01:53.255,0.88,0.47,0.00
1783980113.756,15:01:53.756,0.89,0.46,-0.01
1783980114.2562,15:01:54.256,0.90,0.44,-0.01
1783980114.7557,15:01:54.755,0.91,0.42,-0.01
1783980115.2561,15:01:55.256,0.91,0.42,0.01
1783980115.7561,15:01:55.756,0.90,0.43,0.00
1783980116.2554,15:01:56.255,0.88,0.47,-0.03
1783980116.7554,15:01:56.755,0,0,0
1783980117.2558,15:01:57.255,0.88,0.47,-0.08
1783980117.755,15:01:57.755,0.88,0.46,-0.11
1783980118.2555,15:01:58.255,0.87,0.46,-0.16
1783980118.7551,15:01:58.755,0.83,0.51,-0.22
1783980119.2546,15:01:59.254,0.82,0.52,-0.22
1783980119.7542,15:01:59.754,0,0,0
1783980120.2543,15:02:00.254,0.83,0.53,-0.19
1783980120.7541,15:02:00.754,0.79,0.58,-0.22
1783980121.254,15:02:01.254,0.79,0.58,-0.21
1783980121.7542,15:02:01.754,0.79,0.58,-0.21
1783980122.2537,15:02:02.253,0.79,0.58,-0.20
1783980122.7533,15:02:02.753,0.79,0.58,-0.19
1783980123.2532,15:02:03.253,0.80,0.57,-0.20
1783980123.7526,15:02:03.752,0.79,0.57,-0.22
1783980124.2522,15:02:04.252,0,0,0
1783980124.7526,15:02:04.752,0,0,0
1783980125.252,15:02:05.252,0.79,0.56,-0.24
1783980125.7515,15:02:05.751,0.78,0.58,-0.26
1783980126.2515,15:02:06.251,0.73,0.61,-0.30
1783980126.7518,15:02:06.751,0.74,0.60,-0.30
1783980127.251,15:02:07.251,0.75,0.61,-0.27
1783980127.7511,15:02:07.751,0.76,0.60,-0.23
1783980128.2511,15:02:08.251,0.78,0.58,-0.22
1783980128.7504,15:02:08.750,0.77,0.60,-0.23
1783980129.2506,15:02:09.250,0.76,0.60,-0.25
1783980129.7509,15:02:09.750,0.76,0.59,-0.26
1783980130.2501,15:02:10.250,0.79,0.57,-0.24
1783980130.7501,15:02:10.750,0.80,0.56,-0.23
1783980131.2499,15:02:11.249,0.81,0.54,-0.22
1783980131.7492,15:02:11.749,0.80,0.55,-0.23
1783980132.2496,15:02:12.249,0.80,0.55,-0.24
1783980132.7496,15:02:12.749,0.80,0.55,-0.24
1783980133.2488,15:02:13.248,0.85,0.51,-0.15
1783980133.7487,15:02:13.748,0.85,0.52,-0.12
1783980134.2489,15:02:14.248,0,0,0
1783980134.7487,15:02:14.748,0.82,0.55,-0.16
1783980135.2486,15:02:15.248,0.83,0.53,-0.20
1783980135.749,15:02:15.749,0.80,0.55,-0.25
1783980136.249,15:02:16.249,0.80,0.54,-0.27
1783980136.7486,15:02:16.748,0.80,0.54,-0.26
1783980137.2487,15:02:17.248,0.80,0.55,-0.26
1783980137.7487,15:02:17.748,0.79,0.55,-0.27
1783980138.2482,15:02:18.248,0.77,0.57,-0.29
1783980138.7481,15:02:18.748,0.79,0.56,-0.25
1783980139.248,15:02:19.248,0.79,0.56,-0.24
1783980139.7476,15:02:19.747,0.77,0.58,-0.25
1783980140.2477,15:02:20.247,0.74,0.62,-0.26
1783980140.7475,15:02:20.747,0.73,0.63,-0.25
1783980141.2474,15:02:21.247,0.73,0.64,-0.23
1783980141.7472,15:02:21.747,0.75,0.63,-0.20
1783980142.2465,15:02:22.246,0.76,0.63,-0.18
1783980142.7459,15:02:22.745,0.77,0.62,-0.16
1783980143.246,15:02:23.246,0.80,0.59,-0.13
1783980143.7456,15:02:23.745,0.80,0.58,-0.13
1783980144.2449,15:02:24.244,0.81,0.57,-0.14
1783980144.7455,15:02:24.745,0.80,0.58,-0.16
1783980145.2457,15:02:25.245,0.78,0.60,-0.17
1783980145.7454,15:02:25.745,0.79,0.59,-0.16
1783980146.2458,15:02:26.245,0.80,0.59,-0.14
1783980146.7457,15:02:26.745,0.78,0.60,-0.16
1783980147.2449,15:02:27.244,0.78,0.61,-0.15
1783980147.7452,15:02:27.745,0.74,0.65,-0.20
1783980148.2451,15:02:28.245,0.71,0.67,-0.22
1783980148.7448,15:02:28.744,0.71,0.67,-0.23
1783980149.2447,15:02:29.244,0.71,0.67,-0.23
1783980149.7446,15:02:29.744,0.75,0.63,-0.19
1783980150.2442,15:02:30.244,0.82,0.56,-0.12
1783980150.7441,15:02:30.744,0.82,0.55,-0.12
1783980151.2445,15:02:31.244,0.82,0.55,-0.14
1783980151.7444,15:02:31.744,0.79,0.58,-0.18
1783980152.2438,15:02:32.243,0.79,0.59,-0.17
1783980152.7441,15:02:32.744,0.77,0.61,-0.19
1783980153.2431,15:02:33.243,0.75,0.63,-0.21
1783980153.7424,15:02:33.742,0.74,0.63,-0.23
1783980154.2426,15:02:34.242,0.74,0.63,-0.23
1783980154.7418,15:02:34.741,0.70,0.67,-0.25
1783980155.2417,15:02:35.241,0.70,0.68,-0.21
1783980155.7423,15:02:35.742,0.72,0.67,-0.20
1783980156.2418,15:02:36.241,0.74,0.65,-0.18
1783980156.741,15:02:36.741,0.75,0.64,-0.15
1783980157.2415,15:02:37.241,0.81,0.58,-0.09
1783980157.7417,15:02:37.741,0.82,0.57,-0.09
1783980158.241,15:02:38.241,0.83,0.55,-0.08
1783980158.7414,15:02:38.741,0.85,0.52,-0.06
1783980159.2409,15:02:39.240,0.86,0.51,-0.08
1783980159.7403,15:02:39.740,0.85,0.52,-0.10
1783980160.2404,15:02:40.240,0.83,0.54,-0.12
1783980160.74,15:02:40.740,0.79,0.60,-0.12
1783980161.2396,15:02:41.239,0.79,0.60,-0.12
1783980161.74,15:02:41.740,0.78,0.61,-0.12
1783980162.2401,15:02:42.240,0.82,0.57,-0.08
1783980162.7399,15:02:42.739,0.82,0.56,-0.08
1783980163.2402,15:02:43.240,0.79,0.60,-0.12
1783980163.7408,15:02:43.740,0.77,0.62,-0.16
1783980164.24,15:02:44.240,0.76,0.63,-0.16
1783980164.7397,15:02:44.739,0.76,0.63,-0.15
1783980165.2395,15:02:45.239,0.76,0.63,-0.15
1783980165.7392,15:02:45.739,0.75,0.63,-0.18
1783980166.2388,15:02:46.238,0.75,0.64,-0.17
1783980166.7391,15:02:46.739,0.75,0.64,-0.18
1783980167.2389,15:02:47.238,0.75,0.64,-0.16
1783980167.7387,15:02:47.738,0.78,0.61,-0.13
1783980168.2389,15:02:48.238,0.83,0.56,-0.06
1783980168.7388,15:02:48.738,0.85,0.53,-0.04
1783980169.2386,15:02:49.238,0.85,0.53,-0.04
1783980169.7387,15:02:49.738,0.85,0.52,-0.06
1783980170.2381,15:02:50.238,0.82,0.56,-0.11
1783980170.738,15:02:50.738,0,0,0
1783980171.2382,15:02:51.238,0,0,0
1783980171.7375,15:02:51.737,0,0,0
1783980172.2377,15:02:52.237,0,0,0
1783980172.738,15:02:52.738,0.83,0.54,-0.13
1783980173.2378,15:02:53.237,0.83,0.54,-0.15
1783980173.737,15:02:53.737,0,0,0
1783980174.2371,15:02:54.237,0,0,0
1783980174.7371,15:02:54.737,0.85,0.50,-0.15
1783980175.2372,15:02:55.237,0.87,0.46,-0.17
1783980175.7372,15:02:55.737,0.87,0.46,-0.18
1783980176.2371,15:02:56.237,0,0,0
1783980176.7365,15:02:56.736,0,0,0
1783980177.2361,15:02:57.236,0,0,0
1783980177.7363,15:02:57.736,0,0,0
1783980178.2356,15:02:58.235,0,0,0
1783980178.736,15:02:58.736,0,0,0
1783980179.2363,15:02:59.236,0.88,0.42,-0.20
1783980179.7355,15:02:59.735,0,0,0
1783980180.2356,15:03:00.235,0,0,0
1783980180.7356,15:03:00.735,0,0,0
1783980181.2349,15:03:01.234,0,0,0
1783980181.7351,15:03:01.735,0,0,0
1783980182.2355,15:03:02.235,0,0,0
1783980182.7349,15:03:02.734,0.89,0.41,-0.18
1783980183.2347,15:03:03.234,0,0,0
1783980183.7348,15:03:03.734,0,0,0
1783980184.2342,15:03:04.234,0.88,0.42,-0.22
1783980184.7339,15:03:04.733,0.91,0.38,-0.19
1783980185.2338,15:03:05.233,0,0,0
1783980185.7333,15:03:05.733,0,0,0
1783980186.2332,15:03:06.233,0,0,0
1783980186.7335,15:03:06.733,0,0,0
1783980187.2331,15:03:07.233,0,0,0
1783980187.733,15:03:07.733,0,0,0
1783980188.233,15:03:08.233,0.94,0.32,-0.13
1783980188.7321,15:03:08.732,0.94,0.32,-0.14
1783980189.2319,15:03:09.231,0,0,0
1783980189.7324,15:03:09.732,0,0,0
1783980190.2315,15:03:10.231,0,0,0
1783980190.7312,15:03:10.731,0,0,0
1783980191.2313,15:03:11.231,0,0,0
1783980191.731,15:03:11.731,0,0,0
1783980192.2306,15:03:12.230,0,0,0
1783980192.7306,15:03:12.730,0,0,0
1783980193.2311,15:03:13.231,0,0,0
1783980193.7307,15:03:13.730,0,0,0
1783980194.2309,15:03:14.230,0,0,0
1783980194.7307,15:03:14.730,0,0,0
1783980195.2298,15:03:15.229,0,0,0
1783980195.7292,15:03:15.729,0,0,0
1783980196.2297,15:03:16.229,0,0,0
1783980196.7297,15:03:16.729,0,0,0
1783980197.2299,15:03:17.229,0,0,0
1783980197.7301,15:03:17.730,0,0,0
1783980198.23,15:03:18.230,0,0,0
1783980198.7298,15:03:18.729,0,0,0
1783980199.2301,15:03:19.230,0,0,0
1783980199.7295,15:03:19.729,0,0,0
1783980200.229,15:03:20.229,0,0,0
1783980200.7292,15:03:20.729,0,0,0
1783980201.2287,15:03:21.228,0,0,0
1783980201.7282,15:03:21.728,0,0,0
1783980202.2284,15:03:22.228,0,0,0
1783980202.7281,15:03:22.728,0,0,0
1783980203.2277,15:03:23.227,0,0,0
1783980203.7277,15:03:23.727,0.89,0.34,-0.30
1783980204.2279,15:03:24.227,0,0,0
1783980204.7272,15:03:24.727,0,0,0
1783980205.2276,15:03:25.227,0,0,0
1783980205.7275,15:03:25.727,0,0,0
1783980206.2269,15:03:26.226,0,0,0
1783980206.727,15:03:26.727,0.89,0.38,-0.23
1783980207.2268,15:03:27.226,0,0,0
1783980207.7265,15:03:27.726,0.90,0.38,-0.22
1783980208.2263,15:03:28.226,0.87,0.41,-0.27
1783980208.726,15:03:28.726,0,0,0
1783980209.2259,15:03:29.225,0,0,0
1783980209.7256,15:03:29.725,0,0,0
1783980210.2253,15:03:30.225,0,0,0
1783980210.7251,15:03:30.725,0.87,0.42,-0.26
1783980211.2249,15:03:31.224,0.90,0.36,-0.23
1783980211.725,15:03:31.725,0.90,0.36,-0.24
1783980212.2246,15:03:32.224,0,0,0
1783980212.7245,15:03:32.724,0,0,0
1783980213.225,15:03:33.225,0,0,0
1783980213.7248,15:03:33.724,0,0,0
1783980214.2249,15:03:34.224,0,0,0
1783980214.7249,15:03:34.724,0.90,0.37,-0.25
1783980215.2244,15:03:35.224,0.89,0.38,-0.25
1783980215.724,15:03:35.724,0.89,0.39,-0.24
1783980216.2243,15:03:36.224,0.83,0.47,-0.30
1783980216.7237,15:03:36.723,0.81,0.50,-0.32
1783980217.2234,15:03:37.223,0.81,0.50,-0.31
1783980217.7238,15:03:37.723,0.82,0.51,-0.26
1783980218.2233,15:03:38.223,0.86,0.47,-0.19
1783980218.7229,15:03:38.722,0.88,0.45,-0.15
1783980219.223,15:03:39.223,0.89,0.44,-0.13
1783980219.7224,15:03:39.722,0.90,0.41,-0.11
1783980220.2221,15:03:40.222,0.93,0.36,-0.06
1783980220.7219,15:03:40.721,0.94,0.34,-0.04
1783980221.2221,15:03:41.222,0,0,0
1783980221.7213,15:03:41.721,0,0,0
1783980222.2217,15:03:42.221,0,0,0
1783980222.7216,15:03:42.721,0,0,0
1783980223.2208,15:03:43.220,0,0,0
1783980223.721,15:03:43.721,0,0,0
1783980224.2212,15:03:44.221,0,0,0
1783980224.7209,15:03:44.720,0,0,0
1783980225.2207,15:03:45.220,0,0,0
1783980225.7212,15:03:45.721,0.94,0.34,-0.04
1783980226.2206,15:03:46.220,0,0,0
1783980226.7207,15:03:46.720,0,0,0
1783980227.2211,15:03:47.221,0,0,0
1783980227.7208,15:03:47.720,0,0,0
1783980228.2204,15:03:48.220,0,0,0
1783980228.7205,15:03:48.720,0,0,0
1783980229.2197,15:03:49.219,0,0,0
1783980229.7196,15:03:49.719,0,0,0
1783980230.2192,15:03:50.219,0,0,0
1783980230.7185,15:03:50.718,0,0,0
1783980231.2183,15:03:51.218,0,0,0
1783980231.7181,15:03:51.718,0.93,0.37,-0.06
1783980232.218,15:03:52.218,0,0,0
1783980232.7174,15:03:52.717,0,0,0
1783980233.2175,15:03:53.217,0,0,0
1783980233.7169,15:03:53.716,0,0,0
1783980234.2166,15:03:54.216,0,0,0
1783980234.7168,15:03:54.716,0,0,0
1783980235.2167,15:03:55.216,0,0,0
1783980235.7159,15:03:55.715,0,0,0
1783980236.2164,15:03:56.216,0,0,0
1783980236.717,15:03:56.717,0,0,0
1783980237.2171,15:03:57.217,0,0,0
1783980237.7169,15:03:57.716,0,0,0
1783980238.2172,15:03:58.217,0,0,0
1783980238.7168,15:03:58.716,0,0,0
1783980239.2169,15:03:59.216,0,0,0
1783980239.7166,15:03:59.716,0,0,0
1783980240.2163,15:04:00.216,0,0,0
1783980240.7165,15:04:00.716,0,0,0
1783980241.2161,15:04:01.216,0.92,0.37,-0.09
1783980241.7156,15:04:01.715,0,0,0
1783980242.2158,15:04:02.215,0,0,0
1783980242.7161,15:04:02.716,0,0,0
1783980243.2151,15:04:03.215,0,0,0
1783980243.7148,15:04:03.714,0,0,0
1783980244.2146,15:04:04.214,0,0,0
1783980244.7143,15:04:04.714,0,0,0
1783980245.2137,15:04:05.213,0,0,0
1783980245.7142,15:04:05.714,0,0,0
1783980246.214,15:04:06.214,0,0,0
1783980246.7139,15:04:06.713,0,0,0
1783980247.2139,15:04:07.213,0,0,0
1783980247.7136,15:04:07.713,0,0,0
1783980248.213,15:04:08.213,0,0,0
1783980248.7137,15:04:08.713,0,0,0
1783980249.2131,15:04:09.213,0,0,0
1783980249.7127,15:04:09.712,0,0,0
1783980250.2127,15:04:10.212,0,0,0
1783980250.7129,15:04:10.712,0,0,0
1783980251.2122,15:04:11.212,0,0,0
1783980251.7124,15:04:11.712,0,0,0
1783980252.2119,15:04:12.211,0,0,0
1783980252.7115,15:04:12.711,0,0,0
1783980253.2116,15:04:13.211,0,0,0
1783980253.7114,15:04:13.711,0,0,0
1783980254.2109,15:04:14.210,0,0,0
1783980254.7109,15:04:14.710,0,0,0
1783980255.211,15:04:15.211,0,0,0
1783980255.7106,15:04:15.710,0,0,0
1783980256.2107,15:04:16.210,0,0,0
1783980256.7107,15:04:16.710,0,0,0
1783980257.2102,15:04:17.210,0,0,0
1783980257.7106,15:04:17.710,0,0,0
1783980258.2109,15:04:18.210,0,0,0
1783980258.7107,15:04:18.710,0,0,0
1783980259.2108,15:04:19.210,0,0,0
1783980259.7102,15:04:19.710,0,0,0
1783980260.2095,15:04:20.209,0.79,0.48,-0.38
1783980260.7091,15:04:20.709,0,0,0
1783980261.2093,15:04:21.209,0,0,0
1783980261.7087,15:04:21.708,0,0,0
1783980262.2087,15:04:22.208,0,0,0
1783980262.7088,15:04:22.708,0,0,0
1783980263.2078,15:04:23.207,0,0,0
1783980263.7073,15:04:23.707,0,0,0
1783980264.2079,15:04:24.207,0,0,0
1783980264.7078,15:04:24.707,0,0,0
1783980265.2078,15:04:25.207,0,0,0
1783980265.7081,15:04:25.708,0,0,0
1783980266.2077,15:04:26.207,0,0,0
1783980266.7076,15:04:26.707,0,0,0
1783980267.2078,15:04:27.207,0,0,0
1783980267.7073,15:04:27.707,0,0,0
1783980268.2067,15:04:28.206,0,0,0
1783980268.7072,15:04:28.707,0,0,0
1783980269.2075,15:04:29.207,0.82,0.52,-0.23
1783980269.7074,15:04:29.707,0.83,0.50,-0.24
1783980270.2078,15:04:30.207,0.81,0.52,-0.27
1783980270.7076,15:04:30.707,0.77,0.55,-0.32
1783980271.2069,15:04:31.206,0.76,0.56,-0.33
1783980271.7067,15:04:31.706,0.75,0.55,-0.36
1783980272.2068,15:04:32.206,0.76,0.54,-0.36
1783980272.706,15:04:32.706,0.75,0.55,-0.37
1783980273.2062,15:04:33.206,0.73,0.56,-0.39
1783980273.706,15:04:33.706,0.72,0.58,-0.39
1783980274.2059,15:04:34.205,0.69,0.61,-0.40
1783980274.7057,15:04:34.705,0.69,0.63,-0.37
1783980275.2056,15:04:35.205,0.69,0.63,-0.35
1783980275.7047,15:04:35.704,0.71,0.63,-0.30
1783980276.2046,15:04:36.204,0.74,0.60,-0.30
1783980276.7052,15:04:36.705,0.77,0.57,-0.29
1783980277.2047,15:04:37.204,0.76,0.57,-0.31
1783980277.7045,15:04:37.704,0.75,0.59,-0.30
1783980278.2042,15:04:38.204,0.75,0.60,-0.28
1783980278.7034,15:04:38.703,0.75,0.60,-0.28
1783980279.2027,15:04:39.202,0.75,0.61,-0.27
1783980279.7033,15:04:39.703,0.76,0.60,-0.26
1783980280.2025,15:04:40.202,0.74,0.61,-0.28
1783980280.7022,15:04:40.702,0.72,0.63,-0.31
1783980281.2026,15:04:41.202,0.72,0.63,-0.30
1783980281.7024,15:04:41.702,0.71,0.64,-0.29
1783980282.2024,15:04:42.202,0.71,0.65,-0.26
1783980282.7029,15:04:42.702,0.69,0.68,-0.25
1783980283.2035,15:04:43.203,0.70,0.67,-0.24
1783980283.7026,15:04:43.702,0.70,0.67,-0.25
1783980284.2026,15:04:44.202,0.70,0.66,-0.28
1783980284.7028,15:04:44.702,0.70,0.64,-0.32
1783980285.2026,15:04:45.202,0.68,0.63,-0.37
1783980285.7027,15:04:45.702,0.68,0.63,-0.37
1783980286.2025,15:04:46.202,0.68,0.64,-0.35
1783980286.7017,15:04:46.701,0.72,0.63,-0.29
1783980287.2015,15:04:47.201,0.73,0.61,-0.29
1783980287.7018,15:04:47.701,0.75,0.60,-0.28
1783980288.201,15:04:48.201,0.75,0.60,-0.27
1783980288.7007,15:04:48.700,0.76,0.61,-0.24
1783980289.2009,15:04:49.200,0.75,0.61,-0.25
1783980289.6999,15:04:49.699,0.74,0.62,-0.28
1783980290.1996,15:04:50.199,0.71,0.62,-0.34
1783980290.7,15:04:50.700,0.67,0.64,-0.38
1783980291.1995,15:04:51.199,0.67,0.64,-0.37
1783980291.6991,15:04:51.699,0.69,0.62,-0.36
1783980292.1993,15:04:52.199,0.69,0.61,-0.38
1783980292.6986,15:04:52.698,0.69,0.61,-0.39
1783980293.1985,15:04:53.198,0.69,0.61,-0.39
1783980293.6989,15:04:53.698,0.74,0.60,-0.31
1783980294.1985,15:04:54.198,0.76,0.59,-0.26
1783980294.698,15:04:54.698,0.80,0.56,-0.20
1783980295.1987,15:04:55.198,0.80,0.57,-0.19
1783980295.6985,15:04:55.698,0.78,0.60,-0.19
1783980296.1984,15:04:56.198,0.79,0.59,-0.17
1783980296.6986,15:04:56.698,0.79,0.59,-0.16
1783980297.1987,15:04:57.198,0.82,0.56,-0.13
1783980297.6979,15:04:57.697,0.82,0.57,-0.11
1783980298.198,15:04:58.198,0.81,0.58,-0.11
1783980298.6978,15:04:58.697,0.80,0.59,-0.12
1783980299.1971,15:04:59.197,0.79,0.60,-0.13
1783980299.6972,15:04:59.697,0.79,0.60,-0.12
1783980300.1968,15:05:00.196,0.79,0.60,-0.11
1783980300.6963,15:05:00.696,0.77,0.63,-0.14
1783980301.1965,15:05:01.196,0.75,0.64,-0.15
1783980301.6964,15:05:01.696,0.75,0.65,-0.15
1783980302.1958,15:05:02.195,0.74,0.66,-0.15
1783980302.6959,15:05:02.695,0.72,0.67,-0.16
1783980303.1961,15:05:03.196,0.72,0.67,-0.16
1783980303.6956,15:05:03.695,0.74,0.66,-0.15
1783980304.1962,15:05:04.196,0.76,0.63,-0.13
1783980304.6961,15:05:04.696,0.77,0.63,-0.12
1783980305.1955,15:05:05.195,0.77,0.63,-0.12
1783980305.6954,15:05:05.695,0.74,0.66,-0.15
1783980306.1953,15:05:06.195,0.73,0.67,-0.15
1783980306.6947,15:05:06.694,0.72,0.67,-0.16
1783980307.1945,15:05:07.194,0.73,0.67,-0.15
1783980307.6949,15:05:07.694,0.73,0.67,-0.15
1783980308.1943,15:05:08.194,0.73,0.67,-0.15
1783980308.6938,15:05:08.693,0.75,0.65,-0.14
1783980309.1944,15:05:09.194,0.76,0.63,-0.14
1783980309.6936,15:05:09.693,0.76,0.63,-0.14
1783980310.1933,15:05:10.193,0.77,0.62,-0.15
1783980310.6933,15:05:10.693,0.73,0.66,-0.16
1783980311.193,15:05:11.193,0.72,0.67,-0.17
1783980311.693,15:05:11.693,0.72,0.67,-0.17
1783980312.1931,15:05:12.193,0.72,0.67,-0.18
1783980312.6929,15:05:12.692,0.72,0.67,-0.17
1783980313.1926,15:05:13.192,0.70,0.69,-0.18
1783980313.693,15:05:13.693,0.70,0.69,-0.18
1783980314.1925,15:05:14.192,0.70,0.69,-0.17
1783980314.6916,15:05:14.691,0.70,0.69,-0.18
1783980315.1923,15:05:15.192,0.71,0.69,-0.17
1783980315.6924,15:05:15.692,0.72,0.67,-0.17
1783980316.1921,15:05:16.192,0.72,0.67,-0.18
1783980316.6921,15:05:16.692,0.73,0.66,-0.19
1783980317.1917,15:05:17.191,0.76,0.63,-0.19
1783980317.6913,15:05:17.691,0.75,0.64,-0.19
1783980318.1915,15:05:18.191,0.74,0.64,-0.19
1783980318.6916,15:05:18.691,0.75,0.64,-0.17
1783980319.1908,15:05:19.190,0.75,0.64,-0.16
1783980319.6911,15:05:19.691,0.73,0.66,-0.18
1783980320.1911,15:05:20.191,0.73,0.66,-0.17
1783980320.6908,15:05:20.690,0.73,0.66,-0.16
1783980321.1902,15:05:21.190,0.74,0.66,-0.15
1783980321.6909,15:05:21.690,0.76,0.64,-0.12
1783980322.1901,15:05:22.190,0.76,0.64,-0.12
1783980322.6902,15:05:22.690,0.74,0.66,-0.14
1783980323.1904,15:05:23.190,0.72,0.67,-0.16
1783980323.69,15:05:23.690,0.73,0.66,-0.16
1783980324.19,15:05:24.190,0.74,0.66,-0.16
1783980324.6899,15:05:24.689,0.73,0.66,-0.16
1783980325.1895,15:05:25.189,0.74,0.66,-0.16
1783980325.689,15:05:25.689,0.74,0.65,-0.16
1783980326.1894,15:05:26.189,0.73,0.66,-0.17
1783980326.6891,15:05:26.689,0.72,0.67,-0.18
1783980327.1883,15:05:27.188,0.72,0.68,-0.18
1783980327.6886,15:05:27.688,0.74,0.65,-0.15
1783980328.188,15:05:28.188,0.76,0.63,-0.14
1783980328.6875,15:05:28.687,0.77,0.63,-0.14
1783980329.1878,15:05:29.187,0.77,0.61,-0.17
1783980329.6876,15:05:29.687,0.77,0.61,-0.22
1783980330.1873,15:05:30.187,0.74,0.61,-0.29
1783980330.6877,15:05:30.687,0.73,0.61,-0.32
1783980331.188,15:05:31.188,0.73,0.61,-0.32
1783980331.6874,15:05:31.687,0.73,0.62,-0.30
1783980332.1881,15:05:32.188,0.73,0.62,-0.29
1783980332.6873,15:05:32.687,0.75,0.62,-0.24
1783980333.1868,15:05:33.186,0.77,0.61,-0.21
1783980333.687,15:05:33.687,0.80,0.57,-0.17
1783980334.1867,15:05:34.186,0.80,0.58,-0.17
1783980334.6859,15:05:34.685,0.77,0.61,-0.19
1783980335.1861,15:05:35.186,0.76,0.62,-0.18
1783980335.6861,15:05:35.686,0.75,0.63,-0.17
1783980336.1862,15:05:36.186,0.74,0.65,-0.17
1783980336.686,15:05:36.686,0.75,0.64,-0.17
1783980337.1856,15:05:37.185,0.75,0.64,-0.16
1783980337.6851,15:05:37.685,0.77,0.62,-0.13
1783980338.1851,15:05:38.185,0.78,0.61,-0.13
1783980338.6848,15:05:38.684,0.79,0.60,-0.12
1783980339.1846,15:05:39.184,0.78,0.61,-0.12
1783980339.6845,15:05:39.684,0.78,0.62,-0.12
1783980340.1841,15:05:40.184,0.78,0.61,-0.11
1783980340.6836,15:05:40.683,0.78,0.62,-0.10
1783980341.1832,15:05:41.183,0.80,0.60,-0.09
1783980341.6833,15:05:41.683,0.80,0.60,-0.09
1783980342.1833,15:05:42.183,0.78,0.61,-0.13
1783980342.6828,15:05:42.682,0.79,0.60,-0.16
1783980343.1832,15:05:43.183,0.79,0.59,-0.18
1783980343.6835,15:05:43.683,0.82,0.55,-0.16
1783980344.1831,15:05:44.183,0.82,0.55,-0.16
1783980344.6836,15:05:44.683,0.81,0.56,-0.18
1783980345.1836,15:05:45.183,0.78,0.59,-0.22
1783980345.6827,15:05:45.682,0.75,0.61,-0.24
1783980346.1831,15:05:46.183,0.72,0.65,-0.25
1783980346.6831,15:05:46.683,0.71,0.66,-0.25
1783980347.1827,15:05:47.182,0.71,0.66,-0.26
1783980347.6829,15:05:47.682,0.72,0.65,-0.26
1783980348.1822,15:05:48.182,0.74,0.63,-0.25
1783980348.6814,15:05:48.681,0.94,0.34,-0.02
1783980349.1815,15:05:49.181,0.94,0.34,-0.03
1783980349.6811,15:05:49.681,0.94,0.34,-0.04
1783980350.181,15:05:50.181,0.94,0.34,-0.03
1783980350.6813,15:05:50.681,0.95,0.33,-0.01
1783980351.181,15:05:51.181,0.95,0.33,0.01
1783980351.6802,15:05:51.680,0.95,0.32,0.02
1783980352.1801,15:05:52.180,0.95,0.32,0.03
1783980352.6798,15:05:52.679,0.77,0.60,-0.20
1783980353.1797,15:05:53.179,0.77,0.61,-0.19
1783980353.6797,15:05:53.679,0.79,0.59,-0.17
1783980354.1798,15:05:54.179,0.81,0.56,-0.16
1783980354.68,15:05:54.680,0.84,0.52,-0.14
1783980355.1797,15:05:55.179,0.85,0.51,-0.14
1783980355.6801,15:05:55.680,0.86,0.49,-0.13
1783980356.1798,15:05:56.179,0.87,0.47,-0.10
1783980356.679,15:05:56.679,0.87,0.47,-0.10
1783980357.1794,15:05:57.179,0.86,0.49,-0.12
1783980357.6793,15:05:57.679,0.84,0.53,-0.15
1783980358.1789,15:05:58.178,0.80,0.57,-0.20
1783980358.6792,15:05:58.679,0.78,0.58,-0.22
1783980359.1784,15:05:59.178,0.76,0.61,-0.24
1783980359.6781,15:05:59.678,0.76,0.61,-0.23
1783980360.1783,15:06:00.178,0.75,0.62,-0.22
1783980360.6782,15:06:00.678,0.74,0.63,-0.23
1783980361.1774,15:06:01.177,0.74,0.63,-0.23
1783980361.6779,15:06:01.677,0.74,0.65,-0.19
1783980362.1777,15:06:02.177,0.74,0.65,-0.17
1783980362.6768,15:06:02.676,0.73,0.66,-0.18
1783980363.177,15:06:03.177,0.74,0.65,-0.17
1783980363.6771,15:06:03.677,0.74,0.65,-0.18
1783980364.1761,15:06:04.176,0.74,0.65,-0.18
1783980364.6761,15:06:04.676,0.75,0.65,-0.16
1783980365.1761,15:06:05.176,0.76,0.64,-0.14
1783980365.6761,15:06:05.676,0.76,0.64,-0.15
1783980366.1763,15:06:06.176,0.74,0.65,-0.18
1783980366.6764,15:06:06.676,0.73,0.65,-0.21
1783980367.176,15:06:07.176,0.94,0.33,0.05
1783980367.6758,15:06:07.675,0.72,0.66,-0.24
1783980368.1753,15:06:08.175,0.72,0.66,-0.24
1783980368.6751,15:06:08.675,0.76,0.62,-0.19
1783980369.1748,15:06:09.174,0.78,0.60,-0.16
1783980369.6746,15:06:09.674,0.80,0.58,-0.14
1783980370.1743,15:06:10.174,0.81,0.57,-0.13
1783980370.6739,15:06:10.673,0,0,0
1783980371.1742,15:06:11.174,0.82,0.55,-0.15
1783980371.674,15:06:11.674,0.83,0.54,-0.17
1783980372.1739,15:06:12.173,0.82,0.53,-0.22
1783980372.6741,15:06:12.674,0.83,0.50,-0.24
1783980373.1744,15:06:13.174,0.80,0.54,-0.27
1783980373.6738,15:06:13.673,0.80,0.54,-0.26
1783980374.1741,15:06:14.174,0.81,0.54,-0.24
1783980374.6734,15:06:14.673,0.95,0.30,-0.01
1783980375.1733,15:06:15.173,0.96,0.28,0.01
1783980375.6735,15:06:15.673,0.96,0.28,0.01
1783980376.1734,15:06:16.173,0.96,0.27,0.02
1783980376.6731,15:06:16.673,0.96,0.28,0.02
1783980377.1731,15:06:17.173,0.81,0.55,-0.21
1783980377.6728,15:06:17.672,0.78,0.58,-0.22
1783980378.1722,15:06:18.172,0.75,0.62,-0.23
1783980378.6727,15:06:18.672,0.75,0.62,-0.23
1783980379.1724,15:06:19.172,0.73,0.63,-0.24
1783980379.6719,15:06:19.671,0.95,0.31,0.05
1783980380.1721,15:06:20.172,0.95,0.30,0.06
1783980380.672,15:06:20.672,0.95,0.30,0.07
1783980381.1714,15:06:21.171,0.71,0.66,-0.23
1783980381.6717,15:06:21.671,0.72,0.66,-0.23
1783980382.1713,15:06:22.171,0.73,0.65,-0.21
1783980382.6706,15:06:22.670,0.75,0.63,-0.18
1783980383.1706,15:06:23.170,0.78,0.61,-0.16
1783980383.6709,15:06:23.670,0.81,0.57,-0.15
1783980384.1703,15:06:24.170,0.81,0.57,-0.14
1783980384.6704,15:06:24.670,0.83,0.54,-0.13
1783980385.1705,15:06:25.170,0.82,0.55,-0.13
1783980385.6704,15:06:25.670,0.78,0.60,-0.19
1783980386.1698,15:06:26.169,0.74,0.63,-0.25
1783980386.67,15:06:26.670,0.72,0.64,-0.25
1783980387.1697,15:06:27.169,0.72,0.64,-0.24
1783980387.6695,15:06:27.669,0.73,0.65,-0.21
1783980388.1696,15:06:28.169,0.95,0.28,0.10
1783980388.6694,15:06:28.669,0.95,0.28,0.12
1783980389.1691,15:06:29.169,0.95,0.29,0.11
1783980389.6693,15:06:29.669,0.95,0.30,0.12
1783980390.1694,15:06:30.169,0.95,0.30,0.11
1783980390.6688,15:06:30.668,0.94,0.32,0.08
1783980391.1687,15:06:31.168,0.75,0.63,-0.19
1783980391.6687,15:06:31.668,0.74,0.64,-0.21
1783980392.1686,15:06:32.168,0.73,0.64,-0.24
1783980392.6685,15:06:32.668,0.74,0.63,-0.22
1783980393.1682,15:06:33.168,0.77,0.61,-0.19
1783980393.6674,15:06:33.667,0.77,0.61,-0.18
1783980394.1673,15:06:34.167,0.95,0.30,0.10
1783980394.6671,15:06:34.667,0.93,0.34,0.09
1783980395.1664,15:06:35.166,0.94,0.33,0.09
1783980395.6662,15:06:35.666,0.76,0.63,-0.15
1783980396.1665,15:06:36.166,0.77,0.62,-0.13
1783980396.666,15:06:36.666,0.78,0.61,-0.13
1783980397.1657,15:06:37.165,0.77,0.63,-0.13
1783980397.6662,15:06:37.666,0.77,0.62,-0.15
1783980398.1654,15:06:38.165,0.77,0.62,-0.18
1783980398.6653,15:06:38.665,0,0,0
1783980399.1653,15:06:39.165,0,0,0
1783980399.6646,15:06:39.664,0,0,0
1783980400.1642,15:06:40.164,0,0,0
1783980400.6641,15:06:40.664,0,0,0
1783980401.1637,15:06:41.163,0.76,0.63,-0.18
1783980401.6637,15:06:41.663,0.84,0.52,-0.17
1783980402.1639,15:06:42.163,0.84,0.51,-0.18
1783980402.6632,15:06:42.663,0.82,0.52,-0.24
1783980403.1632,15:06:43.163,0.81,0.53,-0.25
1783980403.6637,15:06:43.663,0.81,0.52,-0.27
1783980404.1634,15:06:44.163,0.81,0.52,-0.29
1783980404.6633,15:06:44.663,0.79,0.53,-0.30
1783980405.1631,15:06:45.163,0.79,0.54,-0.30
1783980405.663,15:06:45.663,0.96,0.28,-0.05
1783980406.1626,15:06:46.162,0.81,0.53,-0.26
1783980406.663,15:06:46.663,0.80,0.54,-0.25
1783980407.1627,15:06:47.162,0.79,0.55,-0.27
1783980407.6621,15:06:47.662,0.79,0.53,-0.29
1783980408.1626,15:06:48.162,0.79,0.53,-0.30
1783980408.6628,15:06:48.662,0.80,0.53,-0.29
1783980409.1627,15:06:49.162,0.80,0.52,-0.29
1783980409.6627,15:06:49.662,0.81,0.51,-0.28
1783980410.1628,15:06:50.162,0.81,0.51,-0.27
1783980410.6618,15:06:50.661,0.82,0.52,-0.24
1783980411.1615,15:06:51.161,0.83,0.52,-0.23
1783980411.6613,15:06:51.661,0.83,0.51,-0.22
1783980412.1608,15:06:52.160,0.83,0.51,-0.22
1783980412.661,15:06:52.661,0.83,0.50,-0.23
1783980413.1611,15:06:53.161,0.83,0.50,-0.26
1783980413.6609,15:06:53.660,0.83,0.50,-0.26
1783980414.161,15:06:54.161,0.82,0.51,-0.26
1783980414.6612,15:06:54.661,0.82,0.53,-0.23
1783980415.1607,15:06:55.160,0.79,0.56,-0.25
1783980415.6606,15:06:55.660,0.79,0.57,-0.24
1783980416.1609,15:06:56.160,0.78,0.58,-0.24
1783980416.6606,15:06:56.660,0.75,0.60,-0.27
1783980417.1605,15:06:57.160,0.71,0.63,-0.31
1783980417.6602,15:06:57.660,0.69,0.65,-0.33
1783980418.1595,15:06:58.159,0.69,0.65,-0.33
1783980418.659,15:06:58.659,0.71,0.64,-0.30
1783980419.1586,15:06:59.158,0.73,0.64,-0.26
1783980419.6586,15:06:59.658,0.73,0.63,-0.25
1783980420.1584,15:07:00.158,0.75,0.62,-0.22
1783980420.6589,15:07:00.658,0.76,0.62,-0.20
1783980421.1586,15:07:01.158,0.76,0.62,-0.21
1783980421.6581,15:07:01.658,0.77,0.60,-0.21
1783980422.1581,15:07:02.158,0.77,0.60,-0.20
1783980422.6578,15:07:02.657,0.78,0.60,-0.19
1783980423.1569,15:07:03.156,0.82,0.56,-0.14
1783980423.6576,15:07:03.657,0.85,0.52,-0.11
1783980424.1572,15:07:04.157,0.85,0.51,-0.12
1783980424.6568,15:07:04.656,0.86,0.50,-0.11
1783980425.1568,15:07:05.156,0.85,0.51,-0.12
1783980425.6567,15:07:05.656,0.81,0.56,-0.17
1783980426.156,15:07:06.156,0.81,0.56,-0.17
1783980426.6562,15:07:06.656,0.97,0.23,0.12
1783980427.1565,15:07:07.156,0.85,0.51,-0.12
1783980427.6561,15:07:07.656,0.86,0.50,-0.12
1783980428.156,15:07:08.156,0,0,0
1783980428.656,15:07:08.656,0.86,0.49,-0.13
1783980429.1559,15:07:09.155,0.85,0.50,-0.16
1783980429.6559,15:07:09.655,0.80,0.55,-0.25
1783980430.1554,15:07:10.155,0.76,0.58,-0.30
1783980430.6546,15:07:10.654,0.75,0.59,-0.29
1783980431.1549,15:07:11.154,0.75,0.61,-0.27
1783980431.6549,15:07:11.654,0.73,0.62,-0.27
1783980432.1548,15:07:12.154,0.72,0.64,-0.27
1783980432.6548,15:07:12.654,0.74,0.63,-0.25
1783980433.1555,15:07:13.155,0.76,0.60,-0.24
1783980433.6551,15:07:13.655,0.78,0.59,-0.23
1783980434.1544,15:07:14.154,0.78,0.59,-0.22
1783980434.6546,15:07:14.654,0.77,0.60,-0.23
1783980435.1542,15:07:15.154,0.75,0.61,-0.24
1783980435.6535,15:07:15.653,0.73,0.62,-0.30
1783980436.1539,15:07:16.153,0.73,0.61,-0.32
1783980436.6536,15:07:16.653,0.73,0.60,-0.32
1783980437.1536,15:07:17.153,0.74,0.60,-0.31
1783980437.6537,15:07:17.653,0.75,0.58,-0.32
1783980438.1529,15:07:18.152,0.78,0.57,-0.26
1783980438.6524,15:07:18.652,0.79,0.57,-0.23
1783980439.1528,15:07:19.152,0.79,0.58,-0.22
1783980439.6527,15:07:19.652,0.77,0.59,-0.23
1783980440.1521,15:07:20.152,0.78,0.58,-0.24
1783980440.6528,15:07:20.652,0.80,0.56,-0.22
1783980441.1523,15:07:21.152,0.80,0.56,-0.22
1783980441.6516,15:07:21.651,0.79,0.57,-0.21
1783980442.1514,15:07:22.151,0.81,0.56,-0.18
1783980442.6515,15:07:22.651,0.84,0.54,-0.12
1783980443.1509,15:07:23.150,0.86,0.51,-0.08
1783980443.651,15:07:23.651,0.87,0.48,-0.05
1783980444.1514,15:07:24.151,0.88,0.48,-0.05
1783980444.6512,15:07:24.651,0.87,0.49,-0.03
1783980445.1511,15:07:25.151,0.84,0.54,-0.09
1783980445.6508,15:07:25.650,0.79,0.60,-0.14
1783980446.1507,15:07:26.150,0.75,0.63,-0.17
1783980446.6505,15:07:26.650,0.75,0.64,-0.15
1783980447.1506,15:07:27.150,0.75,0.65,-0.15
1783980447.65,15:07:27.650,0.75,0.64,-0.15
1783980448.1501,15:07:28.150,0.75,0.64,-0.18
1783980448.6501,15:07:28.650,0.72,0.66,-0.21
1783980449.15,15:07:29.150,0.70,0.67,-0.22
1783980449.65,15:07:29.650,0.71,0.66,-0.25
1783980450.1499,15:07:30.149,0.70,0.67,-0.24
1783980450.6493,15:07:30.649,0.71,0.66,-0.23
1783980451.1488,15:07:31.148,0.72,0.66,-0.22
1783980451.6492,15:07:31.649,0.74,0.65,-0.19
1783980452.1489,15:07:32.148,0.75,0.64,-0.17
1783980452.6487,15:07:32.648,0.75,0.65,-0.15
1783980453.1492,15:07:33.149,0.75,0.65,-0.15
1783980453.649,15:07:33.649,0.74,0.66,-0.16
1783980454.1482,15:07:34.148,0.74,0.65,-0.16
1783980454.6483,15:07:34.648,0.74,0.65,-0.16
1783980455.1477,15:07:35.147,0.74,0.65,-0.17
1783980455.6472,15:07:35.647,0.72,0.66,-0.20
1783980456.1478,15:07:36.147,0.71,0.66,-0.24
1783980456.648,15:07:36.648,0.71,0.66,-0.24
1783980457.1472,15:07:37.147,0.73,0.64,-0.24
1783980457.6476,15:07:37.647,0.73,0.64,-0.25
1783980458.1472,15:07:38.147,0.72,0.64,-0.25
1783980458.6471,15:07:38.647,0.71,0.65,-0.25
1783980459.1473,15:07:39.147,0.70,0.67,-0.25
1783980459.6468,15:07:39.646,0.70,0.67,-0.25
1783980460.1468,15:07:40.146,0.69,0.68,-0.25
1783980460.6469,15:07:40.646,0.68,0.69,-0.25
1783980461.1469,15:07:41.146,0.69,0.68,-0.26
1783980461.6467,15:07:41.646,0.70,0.68,-0.24
1783980462.1459,15:07:42.145,0.71,0.67,-0.23
1783980462.6459,15:07:42.645,0.71,0.67,-0.22
1783980463.1459,15:07:43.145,0.71,0.67,-0.21
1783980463.6463,15:07:43.646,0.70,0.68,-0.21
1783980464.1464,15:07:44.146,0.69,0.69,-0.21
1783980464.6458,15:07:44.645,0.70,0.69,-0.19
1783980465.1463,15:07:45.146,0.71,0.68,-0.17
1783980465.6463,15:07:45.646,0.72,0.67,-0.18
1783980466.146,15:07:46.146,0.72,0.67,-0.19
1783980466.646,15:07:46.646,0.71,0.68,-0.20
1783980467.1457,15:07:47.145,0.69,0.69,-0.22
1783980467.6459,15:07:47.645,0.68,0.69,-0.24
1783980468.1454,15:07:48.145,0.68,0.69,-0.24
1783980468.6456,15:07:48.645,0.68,0.69,-0.25
1783980469.1453,15:07:49.145,0.68,0.69,-0.25
1783980469.6451,15:07:49.645,0.66,0.71,-0.25
1783980470.1453,15:07:50.145,0.65,0.72,-0.24
1783980470.6449,15:07:50.644,0.66,0.72,-0.23
1783980471.1446,15:07:51.144,0.68,0.70,-0.21
1783980471.6445,15:07:51.644,0.70,0.69,-0.20
1783980472.1436,15:07:52.143,0.71,0.68,-0.19
1783980472.6434,15:07:52.643,0.71,0.68,-0.19
1783980473.1432,15:07:53.143,0.71,0.68,-0.17
1783980473.6427,15:07:53.642,0.71,0.68,-0.18
1783980474.1423,15:07:54.142,0.71,0.68,-0.19
1783980474.6421,15:07:54.642,0.73,0.66,-0.18
1783980475.1419,15:07:55.141,0.73,0.65,-0.19
1783980475.6416,15:07:55.641,0.74,0.65,-0.19
1783980476.142,15:07:56.142,0.72,0.66,-0.21
1783980476.6421,15:07:56.642,0.73,0.66,-0.20
1783980477.1414,15:07:57.141,0.72,0.67,-0.19
1783980477.6419,15:07:57.641,0.70,0.69,-0.17
1783980478.1419,15:07:58.141,0.71,0.69,-0.16
1783980478.6416,15:07:58.641,0.74,0.66,-0.16
1783980479.1414,15:07:59.141,0.76,0.63,-0.16
1783980479.6412,15:07:59.641,0.79,0.60,-0.15
1783980480.141,15:08:00.141,0.78,0.60,-0.17
1783980480.6409,15:08:00.640,0.75,0.63,-0.21
1783980481.1407,15:08:01.140,0.71,0.66,-0.24
1783980481.6401,15:08:01.640,0.72,0.66,-0.22
1783980482.1397,15:08:02.139,0.72,0.66,-0.21
1783980482.6398,15:08:02.639,0.72,0.66,-0.21
1783980483.1388,15:08:03.138,0.72,0.66,-0.22
1783980483.6384,15:08:03.638,0.71,0.67,-0.22
1783980484.1386,15:08:04.138,0.71,0.68,-0.21
1783980484.6382,15:08:04.638,0.70,0.68,-0.21
1783980485.1377,15:08:05.137,0.72,0.67,-0.20
1783980485.6377,15:08:05.637,0.72,0.67,-0.21
1783980486.1376,15:08:06.137,0.70,0.69,-0.22
1783980486.6372,15:08:06.637,0.69,0.69,-0.21
1783980487.1375,15:08:07.137,0.69,0.70,-0.19
1783980487.6377,15:08:07.637,0.70,0.69,-0.19
1783980488.1374,15:08:08.137,0.71,0.68,-0.20
1783980488.6376,15:08:08.637,0.71,0.68,-0.21
1783980489.1375,15:08:09.137,0.71,0.68,-0.19
1783980489.6367,15:08:09.636,0.71,0.68,-0.19
1783980490.1366,15:08:10.136,0.69,0.69,-0.20
1783980490.6364,15:08:10.636,0.69,0.69,-0.20
1783980491.1361,15:08:11.136,0.69,0.69,-0.20
1783980491.6363,15:08:11.636,0.69,0.69,-0.19
1783980492.1366,15:08:12.136,0.69,0.69,-0.21
1783980492.6358,15:08:12.635,0.70,0.68,-0.21
1783980493.1356,15:08:13.135,0.71,0.68,-0.20
1783980493.6359,15:08:13.635,0.74,0.65,-0.17
1783980494.1355,15:08:14.135,0.75,0.64,-0.17
1783980494.6352,15:08:14.635,0.79,0.60,-0.13
1783980495.1352,15:08:15.135,0.81,0.57,-0.12
1783980495.6349,15:08:15.634,0.83,0.55,-0.11
1783980496.1347,15:08:16.134,0.85,0.52,-0.09
1783980496.6348,15:08:16.634,0.86,0.51,-0.08
1783980497.1346,15:08:17.134,0.86,0.51,-0.08
1783980497.634,15:08:17.634,0.82,0.56,-0.11
1783980498.1344,15:08:18.134,0.79,0.59,-0.14
1783980498.6339,15:08:18.633,0.78,0.61,-0.14
1783980499.1337,15:08:19.133,0.77,0.62,-0.16
1783980499.634,15:08:19.634,0.77,0.61,-0.18
1783980500.1338,15:08:20.133,0.75,0.63,-0.20
1783980500.6337,15:08:20.633,0.74,0.64,-0.21
1783980501.1337,15:08:21.133,0.73,0.65,-0.21
1783980501.6334,15:08:21.633,0.73,0.65,-0.19
1783980502.1333,15:08:22.133,0.74,0.65,-0.18
1783980502.6331,15:08:22.633,0.75,0.64,-0.17
1783980503.133,15:08:23.133,0.75,0.64,-0.17
1783980503.6324,15:08:23.632,0.75,0.63,-0.18
1783980504.1325,15:08:24.132,0.75,0.63,-0.19
1783980504.6326,15:08:24.632,0.75,0.63,-0.19
1783980505.1319,15:08:25.131,0.75,0.63,-0.19
1783980505.6321,15:08:25.632,0.75,0.64,-0.19
1783980506.1326,15:08:26.132,0.73,0.66,-0.21
1783980506.632,15:08:26.632,0.71,0.66,-0.22
1783980507.1321,15:08:27.132,0.73,0.65,-0.22
1783980507.6322,15:08:27.632,0.72,0.65,-0.24
1783980508.1315,15:08:28.131,0.72,0.64,-0.27
1783980508.6313,15:08:28.631,0.71,0.65,-0.27
1783980509.131,15:08:29.131,0.70,0.65,-0.28
1783980509.6308,15:08:29.630,0.70,0.66,-0.25
1783980510.1311,15:08:30.131,0.71,0.66,-0.23
1783980510.6313,15:08:30.631,0.73,0.65,-0.20
1783980511.1308,15:08:31.130,0.74,0.64,-0.19
1783980511.6304,15:08:31.630,0.75,0.64,-0.18
1783980512.1306,15:08:32.130,0.75,0.63,-0.18
1783980512.6297,15:08:32.629,0.74,0.64,-0.21
1783980513.1297,15:08:33.129,0.71,0.66,-0.24
1783980513.6296,15:08:33.629,0.71,0.67,-0.22
1783980514.1288,15:08:34.128,0.71,0.67,-0.20
1783980514.6287,15:08:34.628,0.73,0.66,-0.16
1783980515.1286,15:08:35.128,0.74,0.65,-0.15
1783980515.6285,15:08:35.628,0.74,0.65,-0.15
1783980516.1279,15:08:36.127,0.73,0.66,-0.16
1783980516.6283,15:08:36.628,0.73,0.66,-0.18
1783980517.1283,15:08:37.128,0.74,0.65,-0.18
1783980517.6276,15:08:37.627,0.74,0.65,-0.18
1783980518.128,15:08:38.128,0.74,0.65,-0.17
1783980518.6283,15:08:38.628,0.73,0.66,-0.15
1783980519.1276,15:08:39.127,0.74,0.66,-0.14
1783980519.6281,15:08:39.628,0.76,0.64,-0.13
1783980520.1277,15:08:40.127,0.75,0.65,-0.14
1783980520.6272,15:08:40.627,0.74,0.65,-0.15
1783980521.1272,15:08:41.127,0.74,0.65,-0.15
1783980521.6273,15:08:41.627,0.73,0.66,-0.16
1783980522.1269,15:08:42.126,0.73,0.66,-0.16
1783980522.6267,15:08:42.626,0.73,0.67,-0.17
1783980523.1266,15:08:43.126,0.73,0.66,-0.15
1783980523.626,15:08:43.626,0.72,0.67,-0.16
1783980524.1259,15:08:44.125,0.73,0.67,-0.14
1783980524.6261,15:08:44.626,0.72,0.68,-0.14
1783980525.1252,15:08:45.125,0.71,0.69,-0.15
1783980525.625,15:08:45.625,0.71,0.69,-0.16
1783980526.1253,15:08:46.125,0.72,0.67,-0.17
1783980526.6249,15:08:46.624,0.72,0.67,-0.17
1783980527.125,15:08:47.125,0.71,0.68,-0.15
1783980527.6254,15:08:47.625,0.71,0.69,-0.14
1783980528.1247,15:08:48.124,0.71,0.69,-0.15
1783980528.6245,15:08:48.624,0.70,0.70,-0.16
1783980529.1246,15:08:49.124,0.69,0.70,-0.17
1783980529.6244,15:08:49.624,0.71,0.68,-0.17
1783980530.1241,15:08:50.124,0.73,0.66,-0.14
1783980530.6245,15:08:50.624,0.74,0.66,-0.14
1783980531.124,15:08:51.124,0.74,0.65,-0.15
1783980531.6234,15:08:51.623,0.73,0.66,-0.16
1783980532.1234,15:08:52.123,0.75,0.65,-0.14
1783980532.6229,15:08:52.622,0.75,0.65,-0.14
1783980533.1222,15:08:53.122,0.74,0.65,-0.16
1783980533.6225,15:08:53.622,0.74,0.65,-0.17
1783980534.1227,15:08:54.122,0.74,0.66,-0.17
1783980534.6224,15:08:54.622,0.73,0.67,-0.16
1783980535.1228,15:08:55.122,0.73,0.67,-0.16
1783980535.6233,15:08:55.623,0.73,0.67,-0.16
1783980536.1226,15:08:56.122,0.72,0.67,-0.19
1783980536.6227,15:08:56.622,0,0,0
1783980537.1225,15:08:57.122,0.72,0.66,-0.19
1783980537.6218,15:08:57.621,0.72,0.66,-0.22
1783980538.1218,15:08:58.121,0,0,0
1783980538.6223,15:08:58.622,0,0,0
1783980539.1217,15:08:59.121,0,0,0
1783980539.6218,15:08:59.621,0,0,0
1783980540.122,15:09:00.122,0.73,0.63,-0.25
1783980540.6215,15:09:00.621,0.76,0.60,-0.25
1783980541.1211,15:09:01.121,0.77,0.58,-0.28
1783980541.6213,15:09:01.621,0.77,0.56,-0.29
1783980542.1206,15:09:02.120,0.77,0.56,-0.30
1783980542.62,15:09:02.620,0.78,0.55,-0.29
1783980543.1201,15:09:03.120,0,0,0
1783980543.6193,15:09:03.619,0,0,0
1783980544.1188,15:09:04.118,0,0,0
1783980544.619,15:09:04.619,0,0,0
1783980545.1185,15:09:05.118,0,0,0
1783980545.6183,15:09:05.618,0,0,0
1783980546.1186,15:09:06.118,0,0,0
1783980546.6186,15:09:06.618,0,0,0
1783980547.1183,15:09:07.118,0,0,0
1783980547.6187,15:09:07.618,0,0,0
1783980548.1184,15:09:08.118,0,0,0
1783980548.6176,15:09:08.617,0,0,0
1783980549.1179,15:09:09.117,0,0,0
1783980549.6177,15:09:09.617,0,0,0
1783980550.117,15:09:10.117,0.78,0.56,-0.28
1783980550.6176,15:09:10.617,0.81,0.50,-0.31
1783980551.1176,15:09:11.117,0.81,0.50,-0.30
1783980551.6173,15:09:11.617,0,0,0
1783980552.1173,15:09:12.117,0,0,0
1783980552.6174,15:09:12.617,0,0,0
1783980553.1166,15:09:13.116,0,0,0
1783980553.6167,15:09:13.616,0.83,0.46,-0.30
1783980554.1169,15:09:14.116,0.84,0.44,-0.33
1783980554.6166,15:09:14.616,0.82,0.43,-0.37
1783980555.1166,15:09:15.116,0.82,0.43,-0.37
1783980555.6173,15:09:15.617,0.79,0.47,-0.39
1783980556.1165,15:09:16.116,0,0,0
1783980556.6166,15:09:16.616,0,0,0
1783980557.1164,15:09:17.116,0,0,0
1783980557.6159,15:09:17.615,0,0,0
1783980558.1153,15:09:18.115,0,0,0
1783980558.6158,15:09:18.615,0,0,0
1783980559.1152,15:09:19.115,0,0,0
1783980559.6147,15:09:19.614,0,0,0
1783980560.1147,15:09:20.114,0,0,0
1783980560.6141,15:09:20.614,0,0,0
1783980561.1136,15:09:21.113,0,0,0
1783980561.6136,15:09:21.613,0,0,0
1783980562.1137,15:09:22.113,0.79,0.47,-0.39
1783980562.6132,15:09:22.613,0.81,0.44,-0.39
1783980563.1133,15:09:23.113,0,0,0
1783980563.6129,15:09:23.612,0,0,0
1783980564.1124,15:09:24.112,0,0,0
1783980564.6124,15:09:24.612,0,0,0
1783980565.1125,15:09:25.112,0,0,0
1783980565.6123,15:09:25.612,0,0,0
1783980566.113,15:09:26.113,0,0,0
1783980566.6132,15:09:26.613,0,0,0
1783980567.1125,15:09:27.112,0.84,0.41,-0.36
1783980567.6127,15:09:27.612,0.89,0.34,-0.30
1783980568.1122,15:09:28.112,0.89,0.34,-0.29
1783980568.6116,15:09:28.611,0.89,0.34,-0.30
1783980569.1115,15:09:29.111,0.87,0.38,-0.33
1783980569.6115,15:09:29.611,0,0,0
1783980570.1112,15:09:30.111,0,0,0
1783980570.6114,15:09:30.611,0,0,0
1783980571.1112,15:09:31.111,0,0,0
1783980571.6107,15:09:31.610,0,0,0
1783980572.1103,15:09:32.110,0,0,0
1783980572.6106,15:09:32.610,0,0,0
1783980573.1102,15:09:33.110,0,0,0
1783980573.6099,15:09:33.609,0,0,0
1783980574.1099,15:09:34.109,0,0,0
1783980574.6096,15:09:34.609,0,0,0
1783980575.109,15:09:35.109,0,0,0
1783980575.6097,15:09:35.609,0,0,0
1783980576.1091,15:09:36.109,0,0,0
1783980576.609,15:09:36.609,0,0,0
1783980577.1096,15:09:37.109,0,0,0
1783980577.6097,15:09:37.609,0,0,0
1783980578.1093,15:09:38.109,0,0,0
1783980578.6097,15:09:38.609,0,0,0
1783980579.1087,15:09:39.108,0,0,0
1783980579.6084,15:09:39.608,0,0,0
1783980580.1084,15:09:40.108,0,0,0
1783980580.6084,15:09:40.608,0,0,0
1783980581.1083,15:09:41.108,0,0,0
1783980581.6081,15:09:41.608,0,0,0
1783980582.108,15:09:42.108,0,0,0
1783980582.6076,15:09:42.607,0,0,0
1783980583.1073,15:09:43.107,0,0,0
1783980583.6071,15:09:43.607,0.95,0.23,-0.20
1783980584.1066,15:09:44.106,0.93,0.31,-0.19
1783980584.607,15:09:44.607,0.92,0.33,-0.19
1783980585.1073,15:09:45.107,0,0,0
1783980585.6067,15:09:45.606,0,0,0
1783980586.1068,15:09:46.106,0,0,0
1783980586.6066,15:09:46.606,0,0,0
1783980587.1057,15:09:47.105,0,0,0
1783980587.6053,15:09:47.605,0,0,0
1783980588.1054,15:09:48.105,0,0,0
1783980588.6048,15:09:48.604,0,0,0
1783980589.1049,15:09:49.104,0,0,0
1783980589.6051,15:09:49.605,0,0,0
1783980590.1052,15:09:50.105,0,0,0
1783980590.6045,15:09:50.604,0,0,0
1783980591.1049,15:09:51.104,0.91,0.35,-0.24
1783980591.6044,15:09:51.604,0.90,0.35,-0.27
1783980592.104,15:09:52.104,0.89,0.35,-0.29
1783980592.6045,15:09:52.604,0.89,0.35,-0.31
1783980593.1042,15:09:53.104,0,0,0
1783980593.6041,15:09:53.604,0,0,0
1783980594.1043,15:09:54.104,0,0,0
1783980594.6044,15:09:54.604,0,0,0
1783980595.1036,15:09:55.103,0,0,0
1783980595.6039,15:09:55.603,0,0,0
1783980596.1037,15:09:56.103,0,0,0
1783980596.6032,15:09:56.603,0,0,0
1783980597.1036,15:09:57.103,0,0,0
1783980597.6037,15:09:57.603,0,0,0
1783980598.1029,15:09:58.102,0.89,0.35,-0.31
1783980598.603,15:09:58.603,0.90,0.33,-0.28
1783980599.1028,15:09:59.102,0.90,0.33,-0.27
1783980599.6025,15:09:59.602,0.88,0.37,-0.28
1783980600.1026,15:10:00.102,0.84,0.44,-0.31
1783980600.6026,15:10:00.602,0.81,0.48,-0.33
1783980601.1021,15:10:01.102,0.78,0.51,-0.35
1783980601.6017,15:10:01.601,0.78,0.53,-0.34
1783980602.1016,15:10:02.101,0.78,0.53,-0.33
1783980602.6008,15:10:02.600,0.78,0.53,-0.33
1783980603.1007,15:10:03.100,0.78,0.53,-0.33
1783980603.6008,15:10:03.600,0.77,0.54,-0.34
1783980604.1003,15:10:04.100,0.77,0.54,-0.34
1783980604.5999,15:10:04.599,0.81,0.50,-0.30
1783980605.1,15:10:05.100,0.87,0.44,-0.23
1783980605.5992,15:10:05.599,0.86,0.47,-0.21
1783980606.0991,15:10:06.099,0.86,0.48,-0.20
1783980606.5995,15:10:06.599,0.85,0.49,-0.20
1783980607.0995,15:10:07.099,0.84,0.51,-0.19
1783980607.5993,15:10:07.599,0.84,0.51,-0.21
1783980608.0996,15:10:08.099,0.84,0.50,-0.19
1783980608.5996,15:10:08.599,0.87,0.46,-0.15
1783980609.099,15:10:09.099,0.87,0.47,-0.14
1783980609.5991,15:10:09.599,0.87,0.48,-0.14
1783980610.0987,15:10:10.098,0.84,0.51,-0.16
1783980610.5986,15:10:10.598,0.84,0.51,-0.18
1783980611.099,15:10:11.099,0.83,0.53,-0.18
1783980611.5991,15:10:11.599,0.81,0.54,-0.21
1783980612.0983,15:10:12.098,0.80,0.56,-0.22
1783980612.5986,15:10:12.598,0.77,0.59,-0.24
1783980613.0982,15:10:13.098,0.75,0.61,-0.25
1783980613.5973,15:10:13.597,0.76,0.60,-0.25
1783980614.0973,15:10:14.097,0.77,0.60,-0.24
1783980614.5975,15:10:14.597,0.77,0.60,-0.24
1783980615.0969,15:10:15.096,0.77,0.59,-0.25
1783980615.5968,15:10:15.596,0.76,0.60,-0.25
1783980616.0969,15:10:16.096,0.77,0.59,-0.26
1783980616.5969,15:10:16.596,0.78,0.57,-0.26
1783980617.0965,15:10:17.096,0.79,0.56,-0.24
1783980617.5966,15:10:17.596,0.79,0.56,-0.25
1783980618.0962,15:10:18.096,0.81,0.54,-0.22
1783980618.5958,15:10:18.595,0.83,0.52,-0.21
1783980619.0961,15:10:19.096,0.83,0.52,-0.20
1783980619.5959,15:10:19.595,0.83,0.52,-0.20
1783980620.0962,15:10:20.096,0.81,0.55,-0.21
1783980620.5964,15:10:20.596,0.80,0.55,-0.23
1783980621.0956,15:10:21.095,0.78,0.57,-0.25
1783980621.5954,15:10:21.595,0.77,0.58,-0.26
1783980622.0955,15:10:22.095,0.76,0.59,-0.27
1783980622.5951,15:10:22.595,0.75,0.60,-0.28
1783980623.0948,15:10:23.094,0.74,0.60,-0.29
1783980623.5948,15:10:23.594,0.74,0.60,-0.31
1783980624.0949,15:10:24.094,0.74,0.60,-0.31
1783980624.5945,15:10:24.594,0.75,0.59,-0.31
1783980625.0948,15:10:25.094,0.75,0.58,-0.30
1783980625.5946,15:10:25.594,0.76,0.58,-0.29
1783980626.0939,15:10:26.093,0.77,0.56,-0.29
1783980626.5943,15:10:26.594,0.77,0.57,-0.30
1783980627.0942,15:10:27.094,0.77,0.57,-0.29
1783980627.5934,15:10:27.593,0.77,0.56,-0.31
1783980628.094,15:10:28.094,0.78,0.55,-0.30
1783980628.5934,15:10:28.593,0.79,0.55,-0.28
1783980629.0924,15:10:29.092,0.79,0.55,-0.28
1783980629.5925,15:10:29.592,0.79,0.55,-0.28
1783980630.0919,15:10:30.091,0.80,0.54,-0.26
1783980630.5914,15:10:30.591,0.81,0.53,-0.25
1783980631.0916,15:10:31.091,0.81,0.52,-0.26
1783980631.5921,15:10:31.592,0.78,0.55,-0.29
1783980632.0917,15:10:32.091,0.74,0.58,-0.34
1783980632.5915,15:10:32.591,0.72,0.59,-0.36
1783980633.0917,15:10:33.091,0.73,0.58,-0.37
1783980633.5912,15:10:33.591,0.70,0.60,-0.39
1783980634.091,15:10:34.091,0.70,0.60,-0.39
1783980634.5912,15:10:34.591,0.71,0.60,-0.37
1783980635.091,15:10:35.091,0.71,0.61,-0.35
1783980635.5911,15:10:35.591,0.70,0.63,-0.34
1783980636.0909,15:10:36.090,0.69,0.63,-0.35
1783980636.5911,15:10:36.591,0.67,0.64,-0.37
1783980637.0909,15:10:37.090,0.65,0.65,-0.39
1783980637.5915,15:10:37.591,0.64,0.65,-0.41
1783980638.0909,15:10:38.090,0.64,0.64,-0.43
1783980638.5905,15:10:38.590,0.63,0.63,-0.46
1783980639.0908,15:10:39.090,0,0,0
1783980639.5904,15:10:39.590,0,0,0
1783980640.0901,15:10:40.090,0,0,0
1783980640.5897,15:10:40.589,0.64,0.62,-0.46
1783980641.0896,15:10:41.089,0.68,0.57,-0.46
1783980641.589,15:10:41.589,0.72,0.54,-0.43
1783980642.0889,15:10:42.088,0.79,0.49,-0.37
1783980642.5893,15:10:42.589,0.80,0.49,-0.36
1783980643.0888,15:10:43.088,0.81,0.48,-0.32
1783980643.5894,15:10:43.589,0.78,0.52,-0.35
1783980644.0889,15:10:44.088,0.79,0.52,-0.33
1783980644.5879,15:10:44.587,0.80,0.52,-0.31
1783980645.0878,15:10:45.087,0.81,0.51,-0.29
1783980645.5876,15:10:45.587,0.86,0.46,-0.24
1783980646.0873,15:10:46.087,0.86,0.45,-0.23
1783980646.5873,15:10:46.587,0.86,0.45,-0.23
1783980647.0872,15:10:47.087,0,0,0
1783980647.5866,15:10:47.586,0.84,0.48,-0.25
1783980648.0864,15:10:48.086,0.82,0.51,-0.27
1783980648.5865,15:10:48.586,0,0,0
1783980649.0863,15:10:49.086,0.80,0.53,-0.27
1783980649.5866,15:10:49.586,0,0,0
1783980650.0868,15:10:50.086,0,0,0
1783980650.5861,15:10:50.586,0.80,0.53,-0.28
1783980651.0857,15:10:51.085,0,0,0
1783980651.5858,15:10:51.585,0,0,0
1783980652.0853,15:10:52.085,0,0,0
1783980652.5846,15:10:52.584,0,0,0
1783980653.0846,15:10:53.084,0,0,0
1783980653.5843,15:10:53.584,0,0,0
1783980654.084,15:10:54.084,0,0,0
1783980654.5847,15:10:54.584,0.84,0.49,-0.25
1783980655.0843,15:10:55.084,0,0,0
1783980655.5844,15:10:55.584,0,0,0
1783980656.0846,15:10:56.084,0,0,0
1783980656.5847,15:10:56.584,0,0,0
1783980657.0839,15:10:57.083,0.84,0.47,-0.26
1783980657.5843,15:10:57.584,0,0,0
1783980658.0845,15:10:58.084,0,0,0
1783980658.5839,15:10:58.583,0,0,0
1783980659.0844,15:10:59.084,0.80,0.52,-0.31
1783980659.5844,15:10:59.584,0,0,0
1783980660.0837,15:11:00.083,0,0,0
1783980660.5835,15:11:00.583,0,0,0
1783980661.0832,15:11:01.083,0.80,0.52,-0.30
1783980661.5829,15:11:01.582,0,0,0
1783980662.0832,15:11:02.083,0,0,0
1783980662.5834,15:11:02.583,0,0,0
1783980663.0827,15:11:03.082,0.82,0.50,-0.28
1783980663.5827,15:11:03.582,0.83,0.48,-0.28
1783980664.0823,15:11:04.082,0.82,0.49,-0.29
1783980664.5815,15:11:04.581,0.80,0.51,-0.32
1783980665.0813,15:11:05.081,0.78,0.53,-0.34
1783980665.5815,15:11:05.581,0.78,0.53,-0.33
1783980666.0814,15:11:06.081,0.78,0.52,-0.35
1783980666.581,15:11:06.581,0.76,0.53,-0.37
1783980667.0816,15:11:07.081,0,0,0
1783980667.5811,15:11:07.581,0,0,0
1783980668.0803,15:11:08.080,0.75,0.54,-0.37
1783980668.5804,15:11:08.580,0,0,0
1783980669.0796,15:11:09.079,0.78,0.53,-0.33
1783980669.5793,15:11:09.579,0.80,0.52,-0.32
1783980670.0799,15:11:10.079,0.83,0.48,-0.29
1783980670.5795,15:11:10.579,0,0,0
1783980671.0794,15:11:11.079,0,0,0
1783980671.5799,15:11:11.579,0,0,0
1783980672.0797,15:11:12.079,0,0,0
1783980672.5794,15:11:12.579,0.86,0.43,-0.26
1783980673.0796,15:11:13.079,0,0,0
1783980673.5793,15:11:13.579,0,0,0
1783980674.0789,15:11:14.078,0.88,0.40,-0.25
1783980674.579,15:11:14.579,0.90,0.37,-0.25
1783980675.0786,15:11:15.078,0.91,0.35,-0.24
1783980675.5779,15:11:15.577,0,0,0
1783980676.0779,15:11:16.077,0.91,0.35,-0.24
1783980676.5778,15:11:16.577,0,0,0
1783980677.0775,15:11:17.077,0.93,0.32,-0.20
1783980677.5775,15:11:17.577,0.93,0.32,-0.20
1783980678.0776,15:11:18.077,0.93,0.32,-0.20
1783980678.5772,15:11:18.577,0,0,0
1783980679.0771,15:11:19.077,0,0,0
1783980679.5775,15:11:19.577,0,0,0
1783980680.077,15:11:20.077,0,0,0
1783980680.5776,15:11:20.577,0.92,0.33,-0.20
1783980681.0779,15:11:21.077,0,0,0
1783980681.577,15:11:21.577,0,0,0
1783980682.0771,15:11:22.077,0.90,0.37,-0.22
1783980682.5774,15:11:22.577,0.89,0.39,-0.23
1783980683.0763,15:11:23.076,0,0,0
1783980683.5759,15:11:23.575,0,0,0
1783980684.0766,15:11:24.076,0,0,0
1783980684.5768,15:11:24.576,0,0,0
1783980685.0765,15:11:25.076,0,0,0
1783980685.5772,15:11:25.577,0.88,0.41,-0.25
1783980686.0768,15:11:26.076,0.88,0.41,-0.24
1783980686.5757,15:11:26.575,0.88,0.41,-0.24
1783980687.0759,15:11:27.075,0.88,0.41,-0.23
1783980687.5756,15:11:27.575,0.85,0.46,-0.25
1783980688.075,15:11:28.075,0.82,0.50,-0.27
1783980688.5753,15:11:28.575,0,0,0
1783980689.075,15:11:29.075,0,0,0
1783980689.5753,15:11:29.575,0,0,0
1783980690.0753,15:11:30.075,0,0,0
1783980690.5746,15:11:30.574,0,0,0
1783980691.0744,15:11:31.074,0,0,0
1783980691.5745,15:11:31.574,0,0,0
1783980692.0741,15:11:32.074,0,0,0
1783980692.5734,15:11:32.573,0,0,0
1783980693.0732,15:11:33.073,0,0,0
1783980693.5727,15:11:33.572,0.82,0.50,-0.27
1783980694.0725,15:11:34.072,0.85,0.47,-0.25
1783980694.5722,15:11:34.572,0,0,0
1783980695.0723,15:11:35.072,0,0,0
1783980695.572,15:11:35.572,0,0,0
1783980696.072,15:11:36.072,0,0,0
1783980696.5722,15:11:36.572,0,0,0
1783980697.0723,15:11:37.072,0,0,0
1783980697.5719,15:11:37.571,0,0,0
1783980698.0718,15:11:38.071,0,0,0
1783980698.5723,15:11:38.572,0,0,0
1783980699.0722,15:11:39.072,0,0,0
1783980699.572,15:11:39.572,0,0,0
1783980700.0715,15:11:40.071,0,0,0
1783980700.5711,15:11:40.571,0,0,0
1783980701.0712,15:11:41.071,0,0,0
1783980701.5712,15:11:41.571,0,0,0
1783980702.0711,15:11:42.071,0,0,0
1783980702.5709,15:11:42.570,0,0,0
1783980703.0708,15:11:43.070,0,0,0
1783980703.5702,15:11:43.570,0.88,0.42,-0.23
1783980704.0709,15:11:44.070,0,0,0
1783980704.5703,15:11:44.570,0,0,0
1783980705.07,15:11:45.070,0.88,0.42,-0.23
1783980705.5696,15:11:45.569,0.88,0.40,-0.25
1783980706.0691,15:11:46.069,0.87,0.41,-0.27
1783980706.569,15:11:46.569,0.87,0.42,-0.26
1783980707.0692,15:11:47.069,0.87,0.43,-0.24
1783980707.5692,15:11:47.569,0.86,0.47,-0.22
1783980708.0687,15:11:48.068,0.84,0.49,-0.23
1783980708.5688,15:11:48.568,0.82,0.51,-0.25
1783980709.0688,15:11:49.068,0.82,0.52,-0.23
1783980709.5687,15:11:49.568,0,0,0
1783980710.0689,15:11:50.068,0,0,0
1783980710.569,15:11:50.569,0,0,0
1783980711.0682,15:11:51.068,0,0,0
1783980711.5683,15:11:51.568,0,0,0
1783980712.0679,15:11:52.067,0,0,0
1783980712.5674,15:11:52.567,0,0,0
1783980713.0668,15:11:53.066,0,0,0
1783980713.5669,15:11:53.566,0,0,0
1783980714.0665,15:11:54.066,0,0,0
1783980714.5664,15:11:54.566,0,0,0
1783980715.0666,15:11:55.066,0,0,0
1783980715.5665,15:11:55.566,0,0,0
1783980716.066,15:11:56.066,0,0,0
1783980716.5656,15:11:56.565,0,0,0
1783980717.0655,15:11:57.065,0,0,0
1783980717.5653,15:11:57.565,0,0,0
1783980718.0656,15:11:58.065,0,0,0
1783980718.565,15:11:58.565,0,0,0
1783980719.0645,15:11:59.064,0,0,0
1783980719.5645,15:11:59.564,0,0,0
1783980720.0638,15:12:00.063,0,0,0
1783980720.5636,15:12:00.563,0,0,0
1783980721.0635,15:12:01.063,0.94,0.31,-0.13
1783980721.5631,15:12:01.563,0,0,0
1783980722.0628,15:12:02.062,0,0,0
1783980722.5628,15:12:02.562,0,0,0
1783980723.0634,15:12:03.063,0,0,0
1783980723.563,15:12:03.563,0,0,0
1783980724.0627,15:12:04.062,0,0,0
1783980724.5628,15:12:04.562,0,0,0
1783980725.0624,15:12:05.062,0,0,0
1783980725.5624,15:12:05.562,0,0,0
1783980726.0624,15:12:06.062,0,0,0
1783980726.5619,15:12:06.561,0,0,0
1783980727.0619,15:12:07.061,0,0,0
1783980727.5624,15:12:07.562,0,0,0
1783980728.0618,15:12:08.061,0,0,0
1783980728.5617,15:12:08.561,0,0,0
1783980729.0617,15:12:09.061,0,0,0
1783980729.561,15:12:09.561,0,0,0
1783980730.0606,15:12:10.060,0,0,0
1783980730.5611,15:12:10.561,0,0,0
1783980731.0613,15:12:11.061,0,0,0
1783980731.561,15:12:11.561,0,0,0
1783980732.061,15:12:12.061,0,0,0
1783980732.5605,15:12:12.560,0,0,0
1783980733.06,15:12:13.060,0,0,0
1783980733.5599,15:12:13.559,0,0,0
1783980734.0595,15:12:14.059,0,0,0
1783980734.5594,15:12:14.559,0,0,0
1783980735.0594,15:12:15.059,0,0,0
1783980735.5594,15:12:15.559,0,0,0
1783980736.0587,15:12:16.058,0,0,0
1783980736.5585,15:12:16.558,0,0,0
1783980737.0586,15:12:17.058,0,0,0
1783980737.5584,15:12:17.558,0,0,0
1783980738.0589,15:12:18.058,0,0,0
1783980738.5592,15:12:18.559,0,0,0
1783980739.0588,15:12:19.058,0,0,0
1783980739.5585,15:12:19.558,0,0,0
1783980740.0582,15:12:20.058,0,0,0
1783980740.558,15:12:20.558,0,0,0
1783980741.0579,15:12:21.057,0,0,0
1783980741.5581,15:12:21.558,0,0,0
1783980742.0574,15:12:22.057,0,0,0
1783980742.5574,15:12:22.557,0.96,0.26,-0.12
1783980743.0579,15:12:23.057,0.93,0.36,-0.09
1783980743.5571,15:12:23.557,0,0,0
1783980744.0569,15:12:24.056,0,0,0
1783980744.5567,15:12:24.556,0,0,0
1783980745.0566,15:12:25.056,0,0,0
1783980745.5565,15:12:25.556,0.93,0.35,-0.10
1783980746.0569,15:12:26.056,0,0,0
1783980746.5572,15:12:26.557,0,0,0
1783980747.0566,15:12:27.056,0.94,0.33,-0.11
1783980747.5567,15:12:27.556,0.94,0.33,-0.11
1783980748.0564,15:12:28.056,0,0,0
1783980748.5561,15:12:28.556,0,0,0
1783980749.0559,15:12:29.055,0,0,0
1783980749.5554,15:12:29.555,0.94,0.32,-0.13
1783980750.0548,15:12:30.054,0.92,0.35,-0.16
1783980750.5553,15:12:30.555,0,0,0
1783980751.0553,15:12:31.055,0,0,0
1783980751.5552,15:12:31.555,0,0,0
1783980752.0552,15:12:32.055,0.92,0.35,-0.16
1783980752.5553,15:12:32.555,0.91,0.37,-0.18
1783980753.0542,15:12:33.054,0,0,0
1783980753.5539,15:12:33.553,0,0,0
1783980754.0531,15:12:34.053,0.91,0.38,-0.19
1783980754.5523,15:12:34.552,0,0,0
1783980755.0524,15:12:35.052,0,0,0
1783980755.5522,15:12:35.552,0,0,0
1783980756.0521,15:12:36.052,0,0,0
1783980756.5525,15:12:36.552,0,0,0
1783980757.053,15:12:37.053,0,0,0
1783980757.5529,15:12:37.552,0.90,0.39,-0.20
1783980758.0532,15:12:38.053,0,0,0
1783980758.5532,15:12:38.553,0,0,0
1783980759.0529,15:12:39.052,0.89,0.39,-0.23
1783980759.5521,15:12:39.552,0.89,0.39,-0.23
1783980760.0525,15:12:40.052,0,0,0
1783980760.5519,15:12:40.551,0.89,0.40,-0.23
1783980761.0514,15:12:41.051,0,0,0
1783980761.5514,15:12:41.551,0,0,0
1783980762.0513,15:12:42.051,0,0,0
1783980762.5504,15:12:42.550,0,0,0
1783980763.0505,15:12:43.050,0,0,0
1783980763.5505,15:12:43.550,0,0,0
1783980764.0495,15:12:44.049,0,0,0
1783980764.5496,15:12:44.549,0,0,0
1783980765.0496,15:12:45.049,0,0,0
1783980765.5491,15:12:45.549,0,0,0
1783980766.0491,15:12:46.049,0,0,0
1783980766.5494,15:12:46.549,0,0,0
1783980767.0486,15:12:47.048,0,0,0
1783980767.5489,15:12:47.548,0,0,0
1783980768.0491,15:12:48.049,0,0,0
1783980768.5488,15:12:48.548,0,0,0
1783980769.0492,15:12:49.049,0,0,0
1783980769.5493,15:12:49.549,0,0,0
1783980770.0486,15:12:50.048,0,0,0
1783980770.5487,15:12:50.548,0,0,0
1783980771.0485,15:12:51.048,0,0,0
1783980771.5476,15:12:51.547,0,0,0
1783980772.0472,15:12:52.047,0,0,0
1783980772.5479,15:12:52.547,0,0,0
1783980773.0471,15:12:53.047,0.89,0.39,-0.22
1783980773.5473,15:12:53.547,0,0,0
1783980774.0476,15:12:54.047,0,0,0
1783980774.5474,15:12:54.547,0.91,0.39,-0.15
1783980775.0473,15:12:55.047,0,0,0
1783980775.5475,15:12:55.547,0,0,0
1783980776.047,15:12:56.047,0.90,0.41,-0.15
1783980776.5467,15:12:56.546,0,0,0
1783980777.0472,15:12:57.047,0,0,0
1783980777.547,15:12:57.547,0.89,0.41,-0.20
1783980778.0469,15:12:58.046,0,0,0
1783980778.5469,15:12:58.546,0,0,0
1783980779.046,15:12:59.046,0,0,0
1783980779.5456,15:12:59.545,0,0,0
1783980780.0461,15:13:00.046,0,0,0
1783980780.5455,15:13:00.545,0,0,0
1783980781.045,15:13:01.045,0,0,0
1783980781.545,15:13:01.545,0,0,0
1783980782.0453,15:13:02.045,0,0,0
1783980782.5447,15:13:02.544,0,0,0
1783980783.0449,15:13:03.044,0,0,0
1783980783.5446,15:13:03.544,0,0,0
1783980784.0445,15:13:04.044,0,0,0
1783980784.5444,15:13:04.544,0,0,0
1783980785.0446,15:13:05.044,0,0,0
1783980785.5441,15:13:05.544,0,0,0
1783980786.0437,15:13:06.043,0,0,0
1783980786.5442,15:13:06.544,0,0,0
1783980787.0434,15:13:07.043,0,0,0
1783980787.5431,15:13:07.543,0.89,0.40,-0.22
1783980788.0435,15:13:08.043,0,0,0
1783980788.543,15:13:08.543,0,0,0
1783980789.0426,15:13:09.042,0.89,0.39,-0.23
1783980789.5433,15:13:09.543,0,0,0
1783980790.0429,15:13:10.042,0,0,0
1783980790.5426,15:13:10.542,0,0,0
1783980791.0432,15:13:11.043,0,0,0
1783980791.5423,15:13:11.542,0,0,0
1783980792.0417,15:13:12.041,0,0,0
1783980792.5418,15:13:12.541,0,0,0
1783980793.0411,15:13:13.041,0,0,0
1783980793.5407,15:13:13.540,0,0,0
1783980794.041,15:13:14.041,0,0,0
1783980794.5408,15:13:14.540,0,0,0
1783980795.0403,15:13:15.040,0,0,0
1783980795.5411,15:13:15.541,0,0,0
1783980796.041,15:13:16.041,0,0,0
1783980796.5404,15:13:16.540,0.89,0.40,-0.22
1783980797.0409,15:13:17.040,0.90,0.38,-0.22
1783980797.5405,15:13:17.540,0,0,0
1783980798.04,15:13:18.040,0.91,0.38,-0.19
1783980798.5396,15:13:18.539,0.90,0.38,-0.19
1783980799.0396,15:13:19.039,0,0,0
1783980799.5392,15:13:19.539,0,0,0
1783980800.039,15:13:20.039,0.90,0.38,-0.19
1783980800.539,15:13:20.539,0,0,0
1783980801.0387,15:13:21.038,0,0,0
1783980801.5387,15:13:21.538,0.91,0.37,-0.20
1783980802.0386,15:13:22.038,0,0,0
1783980802.538,15:13:22.538,0,0,0
1783980803.038,15:13:23.038,0,0,0
1783980803.5379,15:13:23.537,0,0,0
1783980804.0375,15:13:24.037,0,0,0
1783980804.5376,15:13:24.537,0,0,0
1783980805.0378,15:13:25.037,0,0,0
1783980805.5377,15:13:25.537,0,0,0
1783980806.0377,15:13:26.037,0,0,0
1783980806.5379,15:13:26.537,0,0,0
1783980807.0373,15:13:27.037,0.91,0.36,-0.21
1783980807.537,15:13:27.537,0,0,0
1783980808.037,15:13:28.037,0,0,0
1783980808.5367,15:13:28.536,0,0,0
1783980809.0362,15:13:29.036,0,0,0
1783980809.5365,15:13:29.536,0.92,0.33,-0.21
1783980810.0361,15:13:30.036,0,0,0
1783980810.5356,15:13:30.535,0,0,0
1783980811.0358,15:13:31.035,0,0,0
1783980811.5354,15:13:31.535,0,0,0
1783980812.035,15:13:32.035,0.92,0.32,-0.23
1783980812.5352,15:13:32.535,0.93,0.31,-0.21
1783980813.0347,15:13:33.034,0.92,0.33,-0.20
1783980813.5348,15:13:33.534,0.93,0.33,-0.18
1783980814.0353,15:13:34.035,0.89,0.39,-0.22
1783980814.5349,15:13:34.534,0.87,0.43,-0.24
1783980815.0348,15:13:35.034,0.85,0.46,-0.25
1783980815.5346,15:13:35.534,0.85,0.46,-0.26
1783980816.0349,15:13:36.034,0.87,0.44,-0.23
1783980816.5345,15:13:36.534,0.92,0.36,-0.15
1783980817.0348,15:13:37.034,0.94,0.33,-0.09
1783980817.5348,15:13:37.534,0.94,0.33,-0.07
1783980818.0343,15:13:38.034,0.91,0.40,-0.15
1783980818.5343,15:13:38.534,0.87,0.45,-0.20
1783980819.0344,15:13:39.034,0.97,0.25,-0.01
1783980819.534,15:13:39.534,0.82,0.52,-0.25
1783980820.0341,15:13:40.034,0.80,0.53,-0.29
1783980820.5337,15:13:40.533,0.79,0.54,-0.30
1783980821.0332,15:13:41.033,0.79,0.54,-0.30
1783980821.533,15:13:41.533,0.83,0.50,-0.26
1783980822.0329,15:13:42.032,0.86,0.47,-0.21
1783980822.5322,15:13:42.532,0.87,0.44,-0.20
1783980823.0318,15:13:43.031,0.89,0.41,-0.19
1783980823.532,15:13:43.532,0.98,0.19,0.00
1783980824.0312,15:13:44.031,0.98,0.21,-0.02
1783980824.5307,15:13:44.530,0.98,0.21,-0.02
1783980825.0307,15:13:45.030,0.88,0.42,-0.22
1783980825.53,15:13:45.530,0.87,0.43,-0.23
1783980826.0294,15:13:46.029,0.87,0.45,-0.22
1783980826.5301,15:13:46.530,0.88,0.43,-0.19
1783980827.0295,15:13:47.029,0.88,0.44,-0.18
1783980827.5294,15:13:47.529,0.87,0.46,-0.18
1783980828.0296,15:13:48.029,0.87,0.46,-0.20
1783980828.5301,15:13:48.530,0.88,0.44,-0.20
1783980829.0297,15:13:49.029,0.89,0.42,-0.17
1783980829.53,15:13:49.530,0.92,0.37,-0.12
1783980830.03,15:13:50.030,0.92,0.37,-0.12
1783980830.5291,15:13:50.529,0.92,0.37,-0.15
1783980831.0291,15:13:51.029,0.90,0.41,-0.18
1783980831.5291,15:13:51.529,0.89,0.41,-0.19
1783980832.0288,15:13:52.028,0.87,0.44,-0.21
1783980832.5288,15:13:52.528,0.84,0.48,-0.27
1783980833.0291,15:13:53.029,0.84,0.48,-0.26
1783980833.5285,15:13:53.528,0.83,0.50,-0.25
1783980834.0282,15:13:54.028,0.82,0.51,-0.24
1783980834.5282,15:13:54.528,0.81,0.54,-0.25
1783980835.0281,15:13:55.028,0.96,0.27,-0.01
1783980835.5277,15:13:55.527,0.82,0.51,-0.24
1783980836.0278,15:13:56.027,0.86,0.46,-0.21
1783980836.5276,15:13:56.527,0.87,0.45,-0.20
1783980837.0273,15:13:57.027,0.86,0.47,-0.21
1783980837.5277,15:13:57.527,0.86,0.48,-0.18
1783980838.0272,15:13:58.027,0.86,0.48,-0.17
1783980838.5268,15:13:58.526,0.83,0.52,-0.22
1783980839.0273,15:13:59.027,0.83,0.51,-0.23
1783980839.5265,15:13:59.526,0.84,0.50,-0.23
1783980840.0264,15:14:00.026,0.88,0.44,-0.18
1783980840.5263,15:14:00.526,0,0,0
1783980841.0257,15:14:01.025,0,0,0
1783980841.5253,15:14:01.525,0,0,0
1783980842.0253,15:14:02.025,0.92,0.38,-0.15
1783980842.5252,15:14:02.525,0.93,0.34,-0.17
1783980843.025,15:14:03.025,0.93,0.32,-0.18
1783980843.5249,15:14:03.524,0.93,0.33,-0.19
1783980844.0249,15:14:04.024,0.90,0.38,-0.23
1783980844.5241,15:14:04.524,0.90,0.37,-0.22
1783980845.0247,15:14:05.024,0.91,0.37,-0.16
1783980845.5248,15:14:05.524,0.99,0.12,0.11
1783980846.0246,15:14:06.024,0.94,0.34,-0.08
1783980846.5249,15:14:06.524,0.93,0.37,-0.07
1783980847.0249,15:14:07.024,0.91,0.40,-0.09
1783980847.5248,15:14:07.524,0.89,0.44,-0.13
1783980848.0242,15:14:08.024,0.85,0.50,-0.17
1783980848.5241,15:14:08.524,0.97,0.22,0.08
1783980849.0237,15:14:09.023,0.84,0.52,-0.17
1783980849.5238,15:14:09.523,0.85,0.51,-0.15
1783980850.024,15:14:10.024,0.85,0.50,-0.16
1783980850.5239,15:14:10.523,0.86,0.49,-0.14
1783980851.0233,15:14:11.023,0.86,0.49,-0.14
1783980851.5232,15:14:11.523,0.85,0.50,-0.16
1783980852.0225,15:14:12.022,0.84,0.50,-0.21
1783980852.5219,15:14:12.521,0.82,0.51,-0.26
1783980853.0226,15:14:13.022,0.77,0.56,-0.32
1783980853.5226,15:14:13.522,0.76,0.55,-0.33
1783980854.0225,15:14:14.022,0.76,0.56,-0.33
1783980854.5223,15:14:14.522,0.75,0.58,-0.33
1783980855.0222,15:14:15.022,0.75,0.58,-0.32
1783980855.5216,15:14:15.521,0.81,0.54,-0.25
1783980856.0215,15:14:16.021,0.87,0.47,-0.17
1783980856.5208,15:14:16.520,0.89,0.43,-0.13
1783980857.0207,15:14:17.020,0.89,0.43,-0.13
1783980857.5205,15:14:17.520,0.90,0.42,-0.14
1783980858.0206,15:14:18.020,0.87,0.47,-0.16
1783980858.5203,15:14:18.520,0.84,0.50,-0.19
1783980859.0204,15:14:19.020,0.82,0.53,-0.21
1783980859.5202,15:14:19.520,0.83,0.53,-0.20
1783980860.0195,15:14:20.019,0.86,0.48,-0.16
1783980860.5195,15:14:20.519,0.98,0.16,0.12
1783980861.0199,15:14:21.019,0.98,0.15,0.14
1783980861.5192,15:14:21.519,0.98,0.13,0.17
1783980862.0194,15:14:22.019,0.98,0.10,0.19
1783980862.5199,15:14:22.519,0.97,0.10,0.20
1783980863.0195,15:14:23.019,0.98,0.11,0.19
1783980863.5194,15:14:23.519,0.98,0.10,0.18
1783980864.0192,15:14:24.019,0.98,0.12,0.18
1783980864.5187,15:14:24.518,0.92,0.40,-0.03
1783980865.0189,15:14:25.018,0.91,0.40,-0.02
1783980865.519,15:14:25.519,0.90,0.43,-0.05
1783980866.018,15:14:26.018,0.87,0.47,-0.11
1783980866.5179,15:14:26.517,0.84,0.52,-0.15
1783980867.018,15:14:27.018,0.82,0.54,-0.18
1783980867.5175,15:14:27.517,0.96,0.29,0.02
1783980868.0173,15:14:28.017,0.96,0.28,0.01
1783980868.518,15:14:28.518,0.96,0.28,0.00
1783980869.0172,15:14:29.017,0.95,0.30,-0.02
1783980869.5167,15:14:29.516,0.73,0.61,-0.31
1783980870.0165,15:14:30.016,0.72,0.61,-0.33
1783980870.5165,15:14:30.516,0.72,0.61,-0.33
1783980871.0156,15:14:31.015,0.72,0.61,-0.33
1783980871.5156,15:14:31.515,0.73,0.60,-0.32
1783980872.0157,15:14:32.015,0.76,0.59,-0.27
1783980872.5149,15:14:32.514,0.78,0.58,-0.23
1783980873.015,15:14:33.015,0.79,0.58,-0.21
1783980873.5148,15:14:33.514,0.81,0.56,-0.19
1783980874.0145,15:14:34.014,0.83,0.52,-0.21
1783980874.5145,15:14:34.514,0.85,0.49,-0.19
1783980875.0149,15:14:35.014,0.85,0.48,-0.22
1783980875.5145,15:14:35.514,0.85,0.48,-0.23
1783980876.015,15:14:36.015,0.85,0.48,-0.23
1783980876.515,15:14:36.515,0.86,0.46,-0.23
1783980877.0147,15:14:37.014,0.89,0.41,-0.18
1783980877.5147,15:14:37.514,0.90,0.41,-0.15
1783980878.0148,15:14:38.014,0.90,0.41,-0.15
1783980878.5142,15:14:38.514,0.90,0.40,-0.16
1783980879.0139,15:14:39.013,0.90,0.40,-0.16
1783980879.5139,15:14:39.513,0.90,0.41,-0.16
1783980880.0133,15:14:40.013,0.92,0.37,-0.11
1783980880.5132,15:14:40.513,0.93,0.36,-0.10
1783980881.0134,15:14:41.013,0.92,0.37,-0.11
1783980881.5127,15:14:41.512,0.91,0.39,-0.12
1783980882.0123,15:14:42.012,0.87,0.45,-0.20
1783980882.5124,15:14:42.512,0.86,0.47,-0.22
1783980883.0123,15:14:43.012,0.85,0.48,-0.21
1783980883.512,15:14:43.512,0.89,0.42,-0.15
1783980884.0124,15:14:44.012,0.91,0.39,-0.12
1783980884.5121,15:14:44.512,0.93,0.36,-0.10
1783980885.0113,15:14:45.011,0.93,0.34,-0.12
1783980885.5114,15:14:45.511,0.95,0.29,-0.08
1783980886.0112,15:14:46.011,0.98,0.22,-0.02
1783980886.5107,15:14:46.510,0.98,0.22,-0.02
1783980887.0107,15:14:47.010,0.96,0.28,-0.07
1783980887.5108,15:14:47.510,0.93,0.35,-0.14
1783980888.0102,15:14:48.010,0.91,0.38,-0.15
1783980888.5108,15:14:48.510,0.91,0.39,-0.15
1783980889.0102,15:14:49.010,0.95,0.32,-0.08
1783980889.5101,15:14:49.510,0.96,0.29,-0.03
1783980890.0103,15:14:50.010,0.97,0.23,0.00
1783980890.5109,15:14:50.510,0.98,0.22,-0.01
1783980891.0106,15:14:51.010,0.96,0.26,-0.06
1783980891.5106,15:14:51.510,0.95,0.29,-0.11
1783980892.0105,15:14:52.010,0,0,0
1783980892.5095,15:14:52.509,0.95,0.30,-0.11
1783980893.0094,15:14:53.009,0.94,0.32,-0.12
1783980893.5094,15:14:53.509,0.92,0.36,-0.16
1783980894.0091,15:14:54.009,0.89,0.42,-0.18
1783980894.5093,15:14:54.509,0.89,0.41,-0.20
1783980895.009,15:14:55.009,0.92,0.37,-0.16
1783980895.5086,15:14:55.508,0.93,0.34,-0.12
1783980896.0083,15:14:56.008,0.93,0.34,-0.12
1783980896.5085,15:14:56.508,0.92,0.38,-0.14
1783980897.0078,15:14:57.007,0.92,0.38,-0.13
1783980897.5072,15:14:57.507,0.93,0.36,-0.11
1783980898.0077,15:14:58.007,0.93,0.36,-0.11
1783980898.5079,15:14:58.507,0.93,0.36,-0.09
1783980899.0073,15:14:59.007,0.92,0.39,-0.07
1783980899.5073,15:14:59.507,0.91,0.41,-0.03
1783980900.0073,15:15:00.007,0.86,0.51,-0.09
1783980900.507,15:15:00.507,0.80,0.58,-0.13
1783980901.0072,15:15:01.007,0.80,0.59,-0.13
1783980901.5067,15:15:01.506,0.79,0.59,-0.14
1783980902.0059,15:15:02.005,0,0,0
1783980902.5062,15:15:02.506,0,0,0
1783980903.006,15:15:03.006,0.81,0.55,-0.19
1783980903.5053,15:15:03.505,0.81,0.53,-0.23
1783980904.0057,15:15:04.005,0.82,0.51,-0.24
1783980904.5058,15:15:04.505,0.83,0.50,-0.25
1783980905.0048,15:15:05.004,0.84,0.49,-0.24
1783980905.5049,15:15:05.504,0.86,0.47,-0.21
1783980906.0053,15:15:06.005,0.90,0.41,-0.15
1783980906.505,15:15:06.505,0.94,0.34,-0.11
1783980907.0052,15:15:07.005,0.96,0.26,-0.08
1783980907.5057,15:15:07.505,0.97,0.25,-0.07
1783980908.0051,15:15:08.005,0.97,0.26,-0.06
1783980908.5048,15:15:08.504,0.94,0.33,-0.13
1783980909.005,15:15:09.005,0,0,0
1783980909.5046,15:15:09.504,0,0,0
1783980910.0043,15:15:10.004,0.87,0.44,-0.23
1783980910.5041,15:15:10.504,0.87,0.44,-0.23
1783980911.0038,15:15:11.003,0,0,0
1783980911.504,15:15:11.504,0,0,0
1783980912.0039,15:15:12.003,0,0,0
1783980912.5034,15:15:12.503,0,0,0
1783980913.0033,15:15:13.003,0.88,0.43,-0.21
1783980913.5031,15:15:13.503,0.88,0.43,-0.20
1783980914.0028,15:15:14.002,0.88,0.44,-0.18
1783980914.5024,15:15:14.502,0.87,0.45,-0.19
1783980915.0027,15:15:15.002,0.85,0.48,-0.21
1783980915.5023,15:15:15.502,0.85,0.48,-0.21
1783980916.0014,15:15:16.001,0.84,0.50,-0.20
1783980916.502,15:15:16.502,0.86,0.48,-0.17
1783980917.0015,15:15:17.001,0.86,0.47,-0.20
1783980917.5013,15:15:17.501,0.85,0.48,-0.21
1783980918.0018,15:15:18.001,0.86,0.47,-0.22
1783980918.5014,15:15:18.501,0.85,0.47,-0.23
1783980919.0012,15:15:19.001,0,0,0
1783980919.5015,15:15:19.501,0.87,0.44,-0.21
1783980920.0011,15:15:20.001,0,0,0
1783980920.501,15:15:20.501,0.90,0.40,-0.18
1783980921.0008,15:15:21.000,0.91,0.39,-0.17
1783980921.5007,15:15:21.500,0.90,0.39,-0.18
1783980921.9999,15:15:21.999,0.90,0.39,-0.19
1783980922.5,15:15:22.500,0.90,0.39,-0.17
1783980923.0004,15:15:23.000,0.91,0.39,-0.14
1783980923.5001,15:15:23.500,0.93,0.36,-0.11
1783980923.9997,15:15:23.999,0.94,0.33,-0.09
1783980924.5,15:15:24.500,0.96,0.26,-0.06
1783980924.9995,15:15:24.999,0.96,0.26,-0.08
1783980925.4992,15:15:25.499,0.96,0.27,-0.09
1783980925.9992,15:15:25.999,0.95,0.31,-0.08
1783980926.4989,15:15:26.498,0.94,0.33,-0.04
1783980926.9989,15:15:26.998,0.95,0.32,-0.02
1783980927.499,15:15:27.499,0.94,0.35,-0.04
1783980927.9986,15:15:27.998,0.93,0.36,-0.06
1783980928.498,15:15:28.498,0.92,0.37,-0.09
1783980928.9982,15:15:28.998,0.92,0.39,-0.10
1783980929.4978,15:15:29.497,0.91,0.40,-0.13
1783980929.9973,15:15:29.997,0.90,0.40,-0.14
1783980930.4978,15:15:30.497,0.90,0.40,-0.14
1783980930.9975,15:15:30.997,0.91,0.38,-0.14
1783980931.4973,15:15:31.497,0.93,0.35,-0.11
1783980931.9976,15:15:31.997,0.94,0.33,-0.09
1783980932.497,15:15:32.497,0.95,0.30,-0.06
1783980932.9965,15:15:32.996,0.95,0.29,-0.05
1783980933.4969,15:15:33.496,0.96,0.27,-0.06
1783980933.9964,15:15:33.996,0.96,0.27,-0.06
1783980934.496,15:15:34.496,0.94,0.33,-0.12
1783980934.9967,15:15:34.996,0.90,0.39,-0.18
1783980935.4963,15:15:35.496,0.90,0.39,-0.18
1783980935.9958,15:15:35.995,0.90,0.41,-0.18
1783980936.496,15:15:36.496,0.90,0.40,-0.16
1783980936.9963,15:15:36.996,0.90,0.40,-0.16
1783980937.4959,15:15:37.495,0.91,0.38,-0.14
1783980937.9959,15:15:37.995,0.91,0.38,-0.14
1783980938.4964,15:15:38.496,0.90,0.42,-0.14
1783980938.9954,15:15:38.995,0.90,0.42,-0.12
1783980939.4953,15:15:39.495,0.87,0.47,-0.14
1783980939.9953,15:15:39.995,0.81,0.54,-0.21
1783980940.4948,15:15:40.494,0.80,0.56,-0.23
1783980940.9944,15:15:40.994,0.80,0.56,-0.22
1783980941.4946,15:15:41.494,0.80,0.56,-0.22
1783980941.9938,15:15:41.993,0.83,0.54,-0.17
1783980942.4941,15:15:42.494,0.87,0.47,-0.13
1783980942.9943,15:15:42.994,0.92,0.38,-0.08
1783980943.4938,15:15:43.493,0.92,0.38,-0.08
1783980943.9932,15:15:43.993,0.91,0.40,-0.10
1783980944.4937,15:15:44.493,0.90,0.41,-0.12
1783980944.9931,15:15:44.993,0.91,0.39,-0.11
1783980945.4928,15:15:45.492,0.93,0.35,-0.08
1783980945.9934,15:15:45.993,0.95,0.30,-0.04
1783980946.4931,15:15:46.493,0.95,0.30,-0.03
1783980946.9925,15:15:46.992,0.95,0.31,-0.06
1783980947.4925,15:15:47.492,0.95,0.31,-0.06
1783980947.9927,15:15:47.992,0.97,0.26,-0.02
1783980948.4921,15:15:48.492,0.97,0.25,-0.01
1783980948.9922,15:15:48.992,0.98,0.22,0.03
1783980949.4924,15:15:49.492,0.98,0.21,0.04
1783980949.9921,15:15:49.992,0.98,0.21,0.05
1783980950.4917,15:15:50.491,0.98,0.20,0.05
1783980950.9914,15:15:50.991,0.98,0.19,0.03
1783980951.4908,15:15:51.490,0.99,0.17,0.03
1783980951.9913,15:15:51.991,0.99,0.17,0.03
1783980952.4911,15:15:52.491,0.98,0.22,0.00
1783980952.9906,15:15:52.990,0.96,0.28,-0.05
1783980953.4908,15:15:53.490,0.96,0.29,-0.06
1783980953.9911,15:15:53.991,0.95,0.31,-0.08
1783980954.4903,15:15:54.490,0.95,0.31,-0.08
1783980954.9902,15:15:54.990,0.95,0.31,-0.09
1783980955.4904,15:15:55.490,0.96,0.27,-0.08
1783980955.9899,15:15:55.989,0.96,0.26,-0.07
1783980956.49,15:15:56.490,0.96,0.25,-0.07
1783980956.9901,15:15:56.990,0.97,0.23,-0.07
1783980957.4893,15:15:57.489,0.98,0.19,-0.04
1783980957.9891,15:15:57.989,0.98,0.20,-0.03
1783980958.4892,15:15:58.489,0.96,0.26,-0.05
1783980958.9888,15:15:58.988,0.92,0.37,-0.10
1783980959.4883,15:15:59.488,0.89,0.44,-0.14
1783980959.9885,15:15:59.988,0.89,0.44,-0.13
1783980960.4884,15:16:00.488,0.89,0.42,-0.16
1783980960.9882,15:16:00.988,0.89,0.39,-0.21
1783980961.4883,15:16:01.488,0.93,0.33,-0.14
1783980961.9881,15:16:01.988,0.93,0.33,-0.14
1783980962.4878,15:16:02.487,0.94,0.34,-0.11
1783980962.9876,15:16:02.987,0.92,0.39,-0.11
1783980963.4875,15:16:03.487,0.90,0.41,-0.11
1783980963.9871,15:16:03.987,0.90,0.42,-0.11
1783980964.487,15:16:04.487,0,0,0
1783980964.9868,15:16:04.986,0.90,0.42,-0.12
1783980965.4865,15:16:05.486,0.89,0.42,-0.15
1783980965.9869,15:16:05.986,0.90,0.41,-0.17
1783980966.487,15:16:06.487,0.85,0.47,-0.25
1783980966.9864,15:16:06.986,0.84,0.48,-0.27
1783980967.4866,15:16:07.486,0.86,0.45,-0.23
1783980967.9865,15:16:07.986,0.87,0.45,-0.22
1783980968.4859,15:16:08.485,0.83,0.48,-0.26
1783980968.9856,15:16:08.985,0.79,0.53,-0.31
1783980969.4854,15:16:09.485,0.78,0.54,-0.33
1783980969.9845,15:16:09.984,0.78,0.54,-0.33
1783980970.484,15:16:10.484,0.79,0.52,-0.31
1783980970.9843,15:16:10.984,0,0,0
1783980971.4844,15:16:11.484,0.82,0.50,-0.29
1783980971.9843,15:16:11.984,0.81,0.49,-0.33
1783980972.4845,15:16:12.484,0.80,0.50,-0.34
1783980972.9848,15:16:12.984,0.83,0.47,-0.31
1783980973.4846,15:16:13.484,0.87,0.43,-0.22
1783980973.9845,15:16:13.984,0.90,0.40,-0.18
1783980974.4842,15:16:14.484,0.93,0.34,-0.16
1783980974.9841,15:16:14.984,0.95,0.29,-0.08
1783980975.484,15:16:15.484,0.96,0.28,-0.07
1783980975.9841,15:16:15.984,0.96,0.28,-0.07
1783980976.4835,15:16:16.483,0.96,0.28,-0.07
1783980976.9835,15:16:16.983,0.96,0.28,-0.09
1783980977.4834,15:16:17.483,0.98,0.21,-0.04
1783980977.9832,15:16:17.983,0.99,0.16,-0.01
1783980978.4837,15:16:18.483,0.99,0.16,-0.01
1783980978.9835,15:16:18.983,0.98,0.17,-0.02
1783980979.4826,15:16:19.482,0.98,0.17,-0.02
1783980979.9824,15:16:19.982,0.98,0.19,0.01
1783980980.4823,15:16:20.482,0.98,0.18,0.02
1783980980.9817,15:16:20.981,0.99,0.15,0.03
1783980981.4818,15:16:21.481,0.99,0.10,0.05
1783980981.9819,15:16:21.981,0.99,0.10,0.05
1783980982.4814,15:16:22.481,0.99,0.13,0.02
1783980982.9812,15:16:22.981,0.98,0.20,-0.02
1783980983.4811,15:16:23.481,0.96,0.25,-0.07
1783980983.9805,15:16:23.980,0.97,0.24,-0.07
1783980984.4807,15:16:24.480,0.97,0.24,-0.07
1783980984.9805,15:16:24.980,0.97,0.23,-0.05
1783980985.48,15:16:25.480,0.97,0.24,-0.04
1783980985.9796,15:16:25.979,0.97,0.22,-0.03
1783980986.48,15:16:26.480,0.98,0.21,-0.06
1783980986.9795,15:16:26.979,0.97,0.23,-0.09
1783980987.4791,15:16:27.479,0.95,0.27,-0.14
1783980987.9792,15:16:27.979,0.88,0.40,-0.25
1783980988.4784,15:16:28.478,0.85,0.45,-0.27
1783980988.9785,15:16:28.978,0.86,0.45,-0.26
1783980989.4787,15:16:29.478,0.86,0.45,-0.24
1783980989.978,15:16:29.978,0.92,0.37,-0.15
1783980990.4778,15:16:30.477,0.91,0.38,-0.13
1783980990.9779,15:16:30.977,0.88,0.44,-0.19
1783980991.4775,15:16:31.477,0.84,0.48,-0.24
1783980991.9774,15:16:31.977,0.83,0.50,-0.25
1783980992.4774,15:16:32.477,0.82,0.50,-0.26
1783980992.9775,15:16:32.977,0.83,0.50,-0.26
1783980993.4775,15:16:33.477,0.86,0.45,-0.22
1783980993.9778,15:16:33.977,0.86,0.44,-0.24
1783980994.4779,15:16:34.477,0.88,0.41,-0.22
1783980994.9776,15:16:34.977,0.88,0.41,-0.22
1783980995.4776,15:16:35.477,0.89,0.41,-0.20
1783980995.9768,15:16:35.976,0.88,0.42,-0.20
1783980996.4763,15:16:36.476,0.91,0.38,-0.17
1783980996.9765,15:16:36.976,0.94,0.33,-0.13
1783980997.4768,15:16:37.476,0.94,0.34,-0.10
1783980997.9762,15:16:37.976,0.94,0.33,-0.08
1783980998.4763,15:16:38.476,0.95,0.31,-0.06
1783980998.9761,15:16:38.976,0.96,0.29,-0.04
1783980999.4754,15:16:39.475,0.98,0.22,0.02
1783980999.9754,15:16:39.975,0.98,-0.01,0.20
1783981000.4753,15:16:40.475,0.98,0.01,0.18
1783981000.9745,15:16:40.974,0.98,0.04,0.17
1783981001.4746,15:16:41.474,0.98,0.12,0.16
1783981001.9748,15:16:41.974,0.96,0.24,0.12
1783981002.4747,15:16:42.474,0.95,0.30,0.10
1783981002.9749,15:16:42.974,0.95,0.31,0.09
1783981003.4747,15:16:43.474,0.96,0.27,0.10
1783981003.9739,15:16:43.973,0.96,0.25,0.11
1783981004.474,15:16:44.474,0.97,0.23,0.10
1783981004.9744,15:16:44.974,0.98,0.20,0.08
1783981005.4739,15:16:45.473,0.95,0.29,-0.07
1783981005.9735,15:16:45.973,0.97,0.23,-0.04
1783981006.4741,15:16:46.474,0,0,0
1783981006.9739,15:16:46.973,0.98,0.19,-0.05
1783981007.4735,15:16:47.473,0,0,0
1783981007.9736,15:16:47.973,0,0,0
1783981008.4733,15:16:48.473,0.94,0.31,-0.15
1783981008.9728,15:16:48.972,0.88,0.42,-0.24
1783981009.4726,15:16:49.472,0.81,0.51,-0.29
1783981009.9725,15:16:49.972,0.77,0.54,-0.34
1783981010.4723,15:16:50.472,0.75,0.56,-0.35
1783981010.9727,15:16:50.972,0.88,0.43,-0.20
1783981011.4719,15:16:51.471,0.89,0.43,-0.16
1783981011.9714,15:16:51.971,0.90,0.41,-0.14
1783981012.4714,15:16:52.471,0.90,0.40,-0.14
1783981012.9717,15:16:52.971,0.91,0.39,-0.13
1783981013.4707,15:16:53.470,0.91,0.39,-0.13
1783981013.9708,15:16:53.970,0.91,0.39,-0.14
1783981014.4708,15:16:54.470,0.91,0.39,-0.14
1783981014.9705,15:16:54.970,0.91,0.39,-0.11
1783981015.4709,15:16:55.470,0.92,0.37,-0.07
1783981015.9713,15:16:55.971,0.93,0.36,-0.07
1783981016.4704,15:16:56.470,0.93,0.36,-0.07
1783981016.9702,15:16:56.970,0.94,0.35,-0.04
1783981017.4701,15:16:57.470,0.93,0.36,-0.04
1783981017.9693,15:16:57.969,0.93,0.37,-0.05
1783981018.4694,15:16:58.469,0.94,0.34,-0.03
1783981018.9694,15:16:58.969,0.95,0.30,0.01
1783981019.4693,15:16:59.469,0.96,0.29,0.04
1783981019.9691,15:16:59.969,0.96,0.29,0.05
1783981020.4696,15:17:00.469,0.95,0.30,0.05
1783981020.9692,15:17:00.969,0.95,0.30,0.07
1783981021.4687,15:17:01.468,0.94,0.33,0.03
1783981021.9691,15:17:01.969,0.94,0.34,0.04
1783981022.4686,15:17:02.468,0.93,0.36,0.02
1783981022.9682,15:17:02.968,0.93,0.36,0.02
1783981023.4688,15:17:03.468,0.93,0.38,-0.02
1783981023.9682,15:17:03.968,0.92,0.39,-0.09
1783981024.4677,15:17:04.467,0.91,0.38,-0.15
1783981024.9681,15:17:04.968,0.91,0.38,-0.16
1783981025.4675,15:17:05.467,0.93,0.35,-0.13
1783981025.967,15:17:05.967,0.93,0.36,-0.10
1783981026.4674,15:17:06.467,0.94,0.34,-0.08
1783981026.9675,15:17:06.967,0.94,0.33,-0.10
1783981027.4673,15:17:07.467,0.94,0.31,-0.13
1783981027.9672,15:17:07.967,0.94,0.31,-0.15
1783981028.467,15:17:08.467,0.93,0.33,-0.16
1783981028.9665,15:17:08.966,0.93,0.34,-0.17
1783981029.4663,15:17:09.466,0.93,0.34,-0.17
1783981029.9662,15:17:09.966,0.93,0.34,-0.17
1783981030.4656,15:17:10.465,0.93,0.34,-0.14
1783981030.9657,15:17:10.965,0.93,0.35,-0.12
1783981031.4653,15:17:11.465,0.92,0.36,-0.13
1783981031.965,15:17:11.965,0.92,0.35,-0.16
1783981032.465,15:17:12.465,0.93,0.31,-0.18
1783981032.9655,15:17:12.965,0.95,0.28,-0.15
1783981033.4653,15:17:13.465,0.95,0.29,-0.15
1783981033.965,15:17:13.965,0.95,0.28,-0.13
1783981034.465,15:17:14.465,0.95,0.29,-0.13
1783981034.9646,15:17:14.964,0.95,0.29,-0.12
1783981035.4643,15:17:15.464,0.95,0.30,-0.10
1783981035.9643,15:17:15.964,0.94,0.33,-0.12
1783981036.4645,15:17:16.464,0.93,0.33,-0.15
1783981036.9643,15:17:16.964,0.93,0.33,-0.15
1783981037.4646,15:17:17.464,0.94,0.32,-0.15
1783981037.9645,15:17:17.964,0.95,0.29,-0.13
1783981038.4638,15:17:18.463,0.96,0.27,-0.11
1783981038.9638,15:17:18.963,0.96,0.27,-0.11
1783981039.4633,15:17:19.463,0.94,0.32,-0.10
1783981039.9631,15:17:19.963,0.92,0.39,-0.10
1783981040.4634,15:17:20.463,0.90,0.43,-0.10
1783981040.963,15:17:20.963,0.89,0.45,-0.06
1783981041.4629,15:17:21.462,0.90,0.44,-0.01
1783981041.9629,15:17:21.962,0.91,0.42,0.03
1783981042.4622,15:17:22.462,0.91,0.41,0.05
1783981042.9614,15:17:22.961,0.92,0.39,0.06
1783981043.4615,15:17:23.461,0.91,0.41,0.02
1783981043.9611,15:17:23.961,0.91,0.42,0.01
1783981044.4608,15:17:24.460,0.90,0.43,0.00
1783981044.961,15:17:24.961,0.91,0.42,0.01
1783981045.461,15:17:25.461,0.90,0.43,-0.03
1783981045.9609,15:17:25.960,0.90,0.43,-0.12
1783981046.4605,15:17:26.460,0.91,0.40,-0.12
1783981046.9606,15:17:26.960,0.91,0.40,-0.13
1783981047.4604,15:17:27.460,0.93,0.35,-0.10
1783981047.9599,15:17:27.959,0.95,0.31,-0.08
1783981048.4598,15:17:28.459,0.85,0.47,-0.24
1783981048.9597,15:17:28.959,0.86,0.45,-0.23
1783981049.4593,15:17:29.459,0.86,0.45,-0.23
1783981049.9594,15:17:29.959,0.87,0.44,-0.24
1783981050.459,15:17:30.459,0.87,0.43,-0.25
1783981050.9593,15:17:30.959,0.81,0.49,-0.31
1783981051.4595,15:17:31.459,0,0,0
1783981051.959,15:17:31.959,0,0,0
1783981052.459,15:17:32.459,0,0,0
1783981052.9591,15:17:32.959,0,0,0
1783981053.4589,15:17:33.458,0,0,0
1783981053.9588,15:17:33.958,0,0,0
1783981054.4592,15:17:34.459,0,0,0
1783981054.959,15:17:34.959,0,0,0
1783981055.4585,15:17:35.458,0,0,0
1783981055.9588,15:17:35.958,0,0,0
1783981056.4585,15:17:36.458,0,0,0
1783981056.9582,15:17:36.958,0,0,0
1783981057.4584,15:17:37.458,0,0,0
1783981057.9581,15:17:37.958,0,0,0
1783981058.4576,15:17:38.457,0,0,0
1783981058.9574,15:17:38.957,0,0,0
1783981059.4575,15:17:39.457,0,0,0
1783981059.9571,15:17:39.957,0,0,0
1783981060.457,15:17:40.457,0,0,0
1783981060.9568,15:17:40.956,0,0,0
1783981061.4563,15:17:41.456,0,0,0
1783981061.9559,15:17:41.955,0,0,0
1783981062.4562,15:17:42.456,0,0,0
1783981062.9558,15:17:42.955,0,0,0
1783981063.4557,15:17:43.455,0,0,0
1783981063.9561,15:17:43.956,0,0,0
1783981064.4557,15:17:44.455,0,0,0
1783981064.9554,15:17:44.955,0,0,0
1783981065.4552,15:17:45.455,0.74,0.60,-0.30
1783981065.9549,15:17:45.954,0,0,0
1783981066.4546,15:17:46.454,0,0,0
1783981066.9549,15:17:46.954,0,0,0
1783981067.4547,15:17:47.454,0,0,0
1783981067.9548,15:17:47.954,0,0,0
1783981068.4546,15:17:48.454,0,0,0
1783981068.9543,15:17:48.954,0,0,0
1783981069.4541,15:17:49.454,0.86,0.49,-0.17
1783981069.954,15:17:49.954,0.86,0.49,-0.17
1783981070.4536,15:17:50.453,0.85,0.49,-0.20
1783981070.9533,15:17:50.953,0.81,0.52,-0.26
1783981071.4533,15:17:51.453,0.79,0.54,-0.29
1783981071.953,15:17:51.953,0.75,0.58,-0.33
1783981072.4524,15:17:52.452,0.72,0.61,-0.33
1783981072.9525,15:17:52.952,0,0,0
1783981073.4527,15:17:53.452,0.74,0.60,-0.32
1783981073.9519,15:17:53.951,0.71,0.62,-0.33
1783981074.4518,15:17:54.451,0,0,0
1783981074.9518,15:17:54.951,0,0,0
1783981075.4513,15:17:55.451,0,0,0
1783981075.9511,15:17:55.951,0,0,0
1783981076.4516,15:17:56.451,0,0,0
1783981076.9512,15:17:56.951,0.70,0.62,-0.34
1783981077.4511,15:17:57.451,0.70,0.59,-0.40
1783981077.9513,15:17:57.951,0,0,0
1783981078.451,15:17:58.451,0,0,0
1783981078.9504,15:17:58.950,0.71,0.55,-0.43
1783981079.4507,15:17:59.450,0.68,0.57,-0.46
1783981079.9503,15:17:59.950,0.69,0.58,-0.44
1783981080.4503,15:18:00.450,0.69,0.59,-0.42
1783981080.9503,15:18:00.950,0.70,0.59,-0.42
1783981081.45,15:18:01.450,0.72,0.58,-0.39
1783981081.95,15:18:01.950,0.93,0.35,-0.13
1783981082.4501,15:18:02.450,0.94,0.34,-0.09
1783981082.9499,15:18:02.949,0.95,0.30,-0.02
1783981083.4493,15:18:03.449,0.97,0.24,0.06
1783981083.9493,15:18:03.949,0.98,0.17,0.11
1783981084.4493,15:18:04.449,0.98,0.16,0.14
1783981084.9488,15:18:04.948,0.98,0.16,0.15
1783981085.449,15:18:05.449,0.97,0.19,0.12
1783981085.9487,15:18:05.948,0.97,0.20,0.11
1783981086.4485,15:18:06.448,0.98,0.19,0.11
1783981086.9486,15:18:06.948,0.98,0.16,0.13
1783981087.4486,15:18:07.448,0.98,0.13,0.15
1783981087.9479,15:18:07.947,0.98,0.12,0.15
1783981088.4483,15:18:08.448,0.98,0.07,0.17
1783981088.9478,15:18:08.947,0.92,0.39,-0.04
1783981089.447,15:18:09.447,0.91,0.40,-0.06
1783981089.9471,15:18:09.947,0.90,0.42,-0.07
1783981090.4473,15:18:10.447,0,0,0
1783981090.9466,15:18:10.946,0,0,0
1783981091.4462,15:18:11.446,0.88,0.47,-0.12
1783981091.9467,15:18:11.946,0.83,0.52,-0.19
1783981092.4461,15:18:12.446,0.80,0.56,-0.22
1783981092.9461,15:18:12.946,0.78,0.58,-0.23
1783981093.4462,15:18:13.446,0.76,0.59,-0.25
1783981093.9456,15:18:13.945,0.75,0.60,-0.28
1783981094.4457,15:18:14.445,0.97,0.22,0.03
1783981094.9459,15:18:14.945,0.98,0.21,0.05
1783981095.4456,15:18:15.445,0.98,0.18,0.07
1783981095.945,15:18:15.945,0.98,0.19,0.06
1783981096.4453,15:18:16.445,0.74,0.61,-0.28
1783981096.9445,15:18:16.944,0.74,0.61,-0.28
1783981097.4446,15:18:17.444,0,0,0
1783981097.9448,15:18:17.944,0,0,0
1783981098.4448,15:18:18.444,0,0,0
1783981098.9448,15:18:18.944,0.73,0.62,-0.28
1783981099.4453,15:18:19.445,0.74,0.60,-0.30
1783981099.9453,15:18:19.945,0.72,0.60,-0.34
1783981100.4448,15:18:20.444,0.71,0.60,-0.36
1783981100.945,15:18:20.945,0.70,0.61,-0.36
1783981101.4449,15:18:21.444,0.69,0.62,-0.37
1783981101.9439,15:18:21.943,0,0,0
1783981102.4439,15:18:22.443,0.69,0.62,-0.36
1783981102.9432,15:18:22.943,0.71,0.61,-0.36
1783981103.443,15:18:23.443,0,0,0
1783981103.9429,15:18:23.942,0,0,0
1783981104.4429,15:18:24.442,0,0,0
1783981104.9421,15:18:24.942,0.71,0.61,-0.36
1783981105.4427,15:18:25.442,0.72,0.59,-0.36
1783981105.9428,15:18:25.942,0.71,0.59,-0.37
1783981106.4424,15:18:26.442,0.72,0.59,-0.36
1783981106.9424,15:18:26.942,0.73,0.58,-0.37
1783981107.442,15:18:27.442,0.75,0.56,-0.35
1783981107.9411,15:18:27.941,0.93,0.33,-0.13
1783981108.4415,15:18:28.441,0.95,0.28,-0.09
1783981108.9417,15:18:28.941,0.96,0.27,-0.07
1783981109.4407,15:18:29.440,0.98,0.17,0.04
1783981109.941,15:18:29.941,0.99,0.08,0.13
1783981110.4407,15:18:30.440,0.99,0.04,0.14
1783981110.9406,15:18:30.940,0.96,0.27,-0.07
1783981111.4406,15:18:31.440,0.95,0.29,-0.08
1783981111.9407,15:18:31.940,0.94,0.32,-0.10
1783981112.4405,15:18:32.440,0.89,0.42,-0.18
1783981112.9401,15:18:32.940,0.85,0.47,-0.25
1783981113.4399,15:18:33.439,0.78,0.53,-0.32
1783981113.9395,15:18:33.939,0.73,0.58,-0.35
1783981114.4388,15:18:34.438,0.70,0.61,-0.37
1783981114.9392,15:18:34.939,0.70,0.60,-0.38
1783981115.4389,15:18:35.438,0.71,0.60,-0.37
1783981115.9385,15:18:35.938,0,0,0
1783981116.4392,15:18:36.439,0,0,0
1783981116.9388,15:18:36.938,0,0,0
1783981117.4381,15:18:37.438,0.72,0.60,-0.35
1783981117.9381,15:18:37.938,0.73,0.59,-0.34
1783981118.4375,15:18:38.437,0.78,0.55,-0.31
1783981118.9368,15:18:38.936,0.79,0.52,-0.31
1783981119.4373,15:18:39.437,0.79,0.51,-0.34
1783981119.9373,15:18:39.937,0.77,0.52,-0.37
1783981120.4366,15:18:40.436,0.97,0.24,-0.09
1783981120.9366,15:18:40.936,0.79,0.51,-0.35
1783981121.4365,15:18:41.436,0,0,0
1783981121.9361,15:18:41.936,0.79,0.52,-0.34
1783981122.4365,15:18:42.436,0.80,0.51,-0.32
1783981122.9366,15:18:42.936,0.79,0.53,-0.31
1783981123.4364,15:18:43.436,0.79,0.53,-0.30
1783981123.9367,15:18:43.936,0.78,0.53,-0.32
1783981124.4369,15:18:44.436,0.75,0.55,-0.37
1783981124.9362,15:18:44.936,0.73,0.57,-0.38
1783981125.436,15:18:45.436,0.73,0.56,-0.39
1783981125.9362,15:18:45.936,0.72,0.57,-0.39
1783981126.4358,15:18:46.435,0.94,0.32,-0.15
1783981126.9357,15:18:46.935,0.94,0.32,-0.15
1783981127.4359,15:18:47.435,0.95,0.30,-0.12
1783981127.9356,15:18:47.935,0.95,0.29,-0.12
1783981128.4354,15:18:48.435,0.95,0.28,-0.10
1783981128.9357,15:18:48.935,0.96,0.28,-0.09
1783981129.4356,15:18:49.435,0.97,0.24,-0.04
1783981129.9353,15:18:49.935,0.97,0.24,-0.04
1783981130.4361,15:18:50.436,0.97,0.25,-0.06
1783981130.9356,15:18:50.935,0.97,0.26,-0.05
1783981131.4348,15:18:51.434,0.97,0.24,-0.02
1783981131.9346,15:18:51.934,0.97,0.24,-0.02
1783981132.4343,15:18:52.434,0.97,0.24,-0.02
1783981132.9337,15:18:52.933,0.97,0.24,-0.02
1783981133.434,15:18:53.434,0.97,0.23,-0.01
1783981133.9332,15:18:53.933,0.98,0.19,0.04
1783981134.4325,15:18:54.432,0.99,0.14,0.07
1783981134.9325,15:18:54.932,0.99,0.11,0.10
1783981135.4328,15:18:55.432,0.99,0.11,0.10
1783981135.9319,15:18:55.931,0.99,0.13,0.09
1783981136.4322,15:18:56.432,0.98,0.16,0.07
1783981136.9326,15:18:56.932,0.98,0.16,0.08
1783981137.4317,15:18:57.431,0.99,0.14,0.09
1783981137.9317,15:18:57.931,0.99,0.13,0.11
1783981138.4314,15:18:58.431,0.99,0.12,0.11
1783981138.9312,15:18:58.931,0.99,0.14,0.09
1783981139.4313,15:18:59.431,0.99,0.14,0.09
1783981139.9315,15:18:59.931,0.99,0.14,0.09
1783981140.4314,15:19:00.431,0.99,0.14,0.09
1783981140.9316,15:19:00.931,0.99,0.14,0.09
1783981141.432,15:19:01.432,0.99,0.14,0.09
1783981141.9317,15:19:01.931,0.98,0.17,0.06
1783981142.4311,15:19:02.431,0.98,0.18,0.06
1783981142.9314,15:19:02.931,0.98,0.16,0.07
1783981143.4308,15:19:03.430,0.98,0.17,0.06
1783981143.9301,15:19:03.930,0.98,0.19,0.05
1783981144.4305,15:19:04.430,0.98,0.21,0.02
1783981144.9304,15:19:04.930,0.98,0.20,0.02
1783981145.4298,15:19:05.429,0.98,0.20,0.01
1783981145.9299,15:19:05.929,0.98,0.21,0.01
1783981146.4293,15:19:06.429,0.98,0.22,0.00
1783981146.9288,15:19:06.928,0.97,0.25,-0.01
1783981147.4288,15:19:07.428,0.97,0.25,0.01
1783981147.9287,15:19:07.928,0.97,0.23,0.02
1783981148.4285,15:19:08.428,0.97,0.23,0.03
1783981148.9286,15:19:08.928,0.97,0.23,0.02
1783981149.428,15:19:09.428,0.97,0.24,0.01
1783981149.9273,15:19:09.927,0.97,0.24,0.01
1783981150.4271,15:19:10.427,0.97,0.22,0.02
1783981150.9275,15:19:10.927,0.98,0.21,0.04
1783981151.427,15:19:11.427,0.98,0.21,0.04
1783981151.9274,15:19:11.927,0.98,0.21,0.05
1783981152.4276,15:19:12.427,0.98,0.20,0.04
1783981152.9268,15:19:12.926,0.98,0.18,0.06
1783981153.4269,15:19:13.426,0.98,0.16,0.09
1783981153.9267,15:19:13.926,0.98,0.16,0.09
1783981154.4266,15:19:14.426,0.98,0.15,0.10
1783981154.9264,15:19:14.926,0.98,0.12,0.13
1783981155.4263,15:19:15.426,0.98,0.11,0.14
1783981155.9261,15:19:15.926,0.98,0.11,0.14
1783981156.426,15:19:16.426,0.98,0.13,0.12
1783981156.926,15:19:16.926,0.98,0.15,0.10
1783981157.4255,15:19:17.425,0.98,0.15,0.09
1783981157.9249,15:19:17.924,0.99,0.12,0.09
1783981158.4254,15:19:18.425,0.99,0.13,0.08
1783981158.9254,15:19:18.925,0.99,0.11,0.11
1783981159.4251,15:19:19.425,0.99,0.07,0.13
1783981159.9257,15:19:19.925,0.99,0.07,0.13
1783981160.425,15:19:20.425,0.99,0.07,0.13
1783981160.925,15:19:20.925,0.99,0.10,0.09
1783981161.4252,15:19:21.425,0.99,0.11,0.06
1783981161.9245,15:19:21.924,0.99,0.11,0.06
1783981162.4235,15:19:22.423,0.99,0.09,0.08
1783981162.924,15:19:22.924,0.91,0.38,-0.17
1783981163.4238,15:19:23.423,0.90,0.40,-0.18
1783981163.9237,15:19:23.923,0.88,0.43,-0.19
1783981164.4237,15:19:24.423,0.86,0.45,-0.23
1783981164.9234,15:19:24.923,0.84,0.47,-0.26
1783981165.4232,15:19:25.423,0.85,0.47,-0.24
1783981165.9235,15:19:25.923,0.90,0.40,-0.18
1783981166.4235,15:19:26.423,0.89,0.41,-0.20
1783981166.9234,15:19:26.923,0.88,0.41,-0.23
1783981167.4232,15:19:27.423,0.88,0.40,-0.25
1783981167.9226,15:19:27.922,0.87,0.41,-0.27
1783981168.422,15:19:28.422,0.87,0.42,-0.26
1783981168.9217,15:19:28.921,0.87,0.43,-0.24
1783981169.4219,15:19:29.421,0.90,0.40,-0.18
1783981169.9216,15:19:29.921,0.99,0.11,0.08
1783981170.4214,15:19:30.421,0.99,0.08,0.12
1783981170.9214,15:19:30.921,0.99,0.05,0.15
1783981171.4213,15:19:31.421,0.99,0.06,0.15
1783981171.9211,15:19:31.921,0.99,0.10,0.13
1783981172.4215,15:19:32.421,0.98,0.10,0.14
1783981172.921,15:19:32.921,0.98,0.05,0.18
1783981173.4209,15:19:33.420,0.98,0.02,0.20
1783981173.9213,15:19:33.921,0.98,0.01,0.21
1783981174.421,15:19:34.421,0.95,0.30,-0.05
1783981174.9206,15:19:34.920,0.89,0.42,-0.16
1783981175.4207,15:19:35.420,0.84,0.48,-0.24
1783981175.9203,15:19:35.920,0.85,0.46,-0.25
1783981176.4196,15:19:36.419,0.85,0.46,-0.27
1783981176.92,15:19:36.920,0,0,0
1783981177.4193,15:19:37.419,0,0,0
1783981177.9187,15:19:37.918,0,0,0
1783981178.4194,15:19:38.419,0,0,0
1783981178.9192,15:19:38.919,0.84,0.48,-0.26
1783981179.4185,15:19:39.418,0,0,0
1783981179.9183,15:19:39.918,0,0,0
1783981180.4179,15:19:40.417,0,0,0
1783981180.9176,15:19:40.917,0,0,0
1783981181.4174,15:19:41.417,0,0,0
1783981181.9177,15:19:41.917,0,0,0
1783981182.4175,15:19:42.417,0,0,0
1783981182.9174,15:19:42.917,0,0,0
1783981183.4173,15:19:43.417,0,0,0
1783981183.9168,15:19:43.916,0,0,0
1783981184.4164,15:19:44.416,0,0,0
1783981184.9167,15:19:44.916,0,0,0
1783981185.4163,15:19:45.416,0,0,0
1783981185.916,15:19:45.916,0,0,0
1783981186.4166,15:19:46.416,0,0,0
1783981186.9165,15:19:46.916,0,0,0
1783981187.4161,15:19:47.416,0,0,0
1783981187.9162,15:19:47.916,0,0,0
1783981188.4158,15:19:48.415,0,0,0
1783981188.9157,15:19:48.915,0,0,0
1783981189.4157,15:19:49.415,0,0,0
1783981189.9155,15:19:49.915,0,0,0
1783981190.4154,15:19:50.415,0,0,0
1783981190.9153,15:19:50.915,0,0,0
1783981191.4148,15:19:51.414,0,0,0
1783981191.9144,15:19:51.914,0,0,0
1783981192.4147,15:19:52.414,0,0,0
1783981192.9143,15:19:52.914,0,0,0
1783981193.4142,15:19:53.414,0,0,0
1783981193.9141,15:19:53.914,0,0,0
1783981194.4142,15:19:54.414,0,0,0
1783981194.9134,15:19:54.913,0,0,0
1783981195.4137,15:19:55.413,0,0,0
1783981195.914,15:19:55.914,0,0,0
1783981196.4136,15:19:56.413,0,0,0
1783981196.9136,15:19:56.913,0,0,0
1783981197.4135,15:19:57.413,0,0,0
1783981197.9129,15:19:57.912,0,0,0
1783981198.413,15:19:58.413,0,0,0
1783981198.9132,15:19:58.913,0,0,0
1783981199.4126,15:19:59.412,0,0,0
1783981199.9125,15:19:59.912,0,0,0
1783981200.4127,15:20:00.412,0,0,0
1783981200.9124,15:20:00.912,0,0,0
1783981201.4119,15:20:01.411,0,0,0
1783981201.912,15:20:01.912,0,0,0
1783981202.4116,15:20:02.411,0,0,0
1783981202.9111,15:20:02.911,0,0,0
1783981203.4113,15:20:03.411,0,0,0
1783981203.9112,15:20:03.911,0,0,0
1783981204.4106,15:20:04.410,0,0,0
1783981204.9108,15:20:04.910,0,0,0
1783981205.4107,15:20:05.410,0,0,0
1783981205.9104,15:20:05.910,0,0,0
1783981206.4106,15:20:06.410,0,0,0
1783981206.9101,15:20:06.910,0,0,0
1783981207.4097,15:20:07.409,0,0,0
1783981207.9098,15:20:07.909,0,0,0
1783981208.4096,15:20:08.409,0,0,0
1783981208.9091,15:20:08.909,0,0,0
1783981209.4095,15:20:09.409,0,0,0
1783981209.909,15:20:09.909,0,0,0
1783981210.4087,15:20:10.408,0,0,0
1783981210.9083,15:20:10.908,0,0,0
1783981211.4086,15:20:11.408,0,0,0
1783981211.9084,15:20:11.908,0,0,0
1783981212.4085,15:20:12.408,0,0,0
1783981212.9089,15:20:12.908,0,0,0
1783981213.4082,15:20:13.408,0,0,0
1783981213.9082,15:20:13.908,0,0,0
1783981214.4085,15:20:14.408,0,0,0
1783981214.9078,15:20:14.907,0,0,0
1783981215.4079,15:20:15.407,0,0,0
1783981215.9077,15:20:15.907,0,0,0
1783981216.4076,15:20:16.407,0,0,0
1783981216.9072,15:20:16.907,0,0,0
1783981217.4079,15:20:17.407,0,0,0
1783981217.907,15:20:17.907,0,0,0
1783981218.4067,15:20:18.406,0,0,0
1783981218.9071,15:20:18.907,0,0,0
1783981219.4061,15:20:19.406,0,0,0
1783981219.9056,15:20:19.905,0,0,0
1783981220.4058,15:20:20.405,0,0,0
1783981220.9053,15:20:20.905,0,0,0
1783981221.4049,15:20:21.404,0,0,0
1783981221.9052,15:20:21.905,0,0,0
1783981222.4046,15:20:22.404,0,0,0
1783981222.9045,15:20:22.904,0,0,0
1783981223.4044,15:20:23.404,0,0,0
1783981223.9045,15:20:23.904,0,0,0
1783981224.4045,15:20:24.404,0,0,0
1783981224.905,15:20:24.905,0,0,0
1783981225.4046,15:20:25.404,0,0,0
1783981225.904,15:20:25.904,0,0,0
1783981226.4044,15:20:26.404,0,0,0
1783981226.9045,15:20:26.904,0,0,0
1783981227.4035,15:20:27.403,0,0,0
1783981227.9034,15:20:27.903,0,0,0
1783981228.4036,15:20:28.403,0,0,0
1783981228.9028,15:20:28.902,0,0,0
1783981229.4029,15:20:29.402,0,0,0
1783981229.9031,15:20:29.903,0,0,0
1783981230.4024,15:20:30.402,0,0,0
1783981230.9022,15:20:30.902,0,0,0
1783981231.4023,15:20:31.402,0,0,0
1783981231.9019,15:20:31.901,0,0,0
1783981232.402,15:20:32.402,0,0,0
1783981232.9022,15:20:32.902,0,0,0
1783981233.4021,15:20:33.402,0,0,0
1783981233.9017,15:20:33.901,0,0,0
1783981234.4016,15:20:34.401,0,0,0
1783981234.901,15:20:34.901,0,0,0
1783981235.4007,15:20:35.400,0,0,0
1783981235.9009,15:20:35.900,0,0,0
1783981236.4002,15:20:36.400,0,0,0
1783981236.9002,15:20:36.900,0,0,0
1783981237.4003,15:20:37.400,0,0,0
1783981237.8999,15:20:37.899,0,0,0
1783981238.3993,15:20:38.399,0,0,0
1783981238.8998,15:20:38.899,0,0,0
1783981239.3998,15:20:39.399,0,0,0
1783981239.8992,15:20:39.899,0,0,0
1783981240.3992,15:20:40.399,0,0,0
1783981240.8995,15:20:40.899,0,0,0
1783981241.3991,15:20:41.399,0,0,0
1783981241.8992,15:20:41.899,0,0,0
1783981242.3994,15:20:42.399,0,0,0
1783981242.8993,15:20:42.899,0,0,0
1783981243.3993,15:20:43.399,0,0,0
1783981243.8992,15:20:43.899,0,0,0
1783981244.3984,15:20:44.398,0,0,0
1783981244.8983,15:20:44.898,0,0,0
1783981245.3981,15:20:45.398,0,0,0
1783981245.8978,15:20:45.897,0,0,0
1783981246.3978,15:20:46.397,0,0,0
1783981246.8979,15:20:46.897,0,0,0
1783981247.3975,15:20:47.397,0,0,0
1783981247.8977,15:20:47.897,0,0,0
1783981248.3982,15:20:48.398,0,0,0
1783981248.8978,15:20:48.897,0,0,0
1783981249.3975,15:20:49.397,0,0,0
1783981249.8979,15:20:49.897,0,0,0
1783981250.3971,15:20:50.397,0,0,0
1783981250.8966,15:20:50.896,0,0,0
1783981251.3969,15:20:51.396,0,0,0
1783981251.8963,15:20:51.896,0,0,0
1783981252.396,15:20:52.396,0,0,0
1783981252.8962,15:20:52.896,0,0,0
1783981253.3959,15:20:53.395,0,0,0
1783981253.8951,15:20:53.895,0,0,0
1783981254.3958,15:20:54.395,0,0,0
1783981254.8952,15:20:54.895,0,0,0
1783981255.3945,15:20:55.394,0,0,0
1783981255.8945,15:20:55.894,0,0,0
1783981256.3948,15:20:56.394,0,0,0
1783981256.8943,15:20:56.894,0,0,0
1783981257.3941,15:20:57.394,0,0,0
1783981257.894,15:20:57.894,0,0,0
1783981258.3938,15:20:58.393,0,0,0
1783981258.8941,15:20:58.894,0,0,0
1783981259.3937,15:20:59.393,0,0,0
1783981259.8934,15:20:59.893,0,0,0
1783981260.393,15:21:00.393,0,0,0
1783981260.8929,15:21:00.892,0,0,0
1783981261.3923,15:21:01.392,0,0,0
1783981261.8926,15:21:01.892,0,0,0
1783981262.3928,15:21:02.392,0,0,0
1783981262.8925,15:21:02.892,0,0,0
1783981263.3921,15:21:03.392,0,0,0
1783981263.8926,15:21:03.892,0,0,0
1783981264.3918,15:21:04.391,0,0,0
1783981264.8913,15:21:04.891,0,0,0
1783981265.3913,15:21:05.391,0,0,0
1783981265.8912,15:21:05.891,0,0,0
1783981266.3912,15:21:06.391,0,0,0
1783981266.8913,15:21:06.891,0,0,0
1783981267.3909,15:21:07.390,0,0,0
1783981267.8903,15:21:07.890,0,0,0
1783981268.3902,15:21:08.390,0,0,0
1783981268.8898,15:21:08.889,0,0,0
1783981269.3893,15:21:09.389,0,0,0
1783981269.8897,15:21:09.889,0,0,0
1783981270.3896,15:21:10.389,0,0,0
1783981270.8894,15:21:10.889,0,0,0
1783981271.3901,15:21:11.390,0,0,0
1783981271.8903,15:21:11.890,0,0,0
1783981272.3898,15:21:12.389,0,0,0
1783981272.8902,15:21:12.890,0,0,0
1783981273.3895,15:21:13.389,0,0,0
1783981273.8895,15:21:13.889,0,0,0
1783981274.3896,15:21:14.389,0,0,0
1783981274.89,15:21:14.890,0,0,0
1783981275.3897,15:21:15.389,0,0,0
1783981275.8897,15:21:15.889,0,0,0
1783981276.3893,15:21:16.389,0,0,0
1783981276.8887,15:21:16.888,0,0,0
1783981277.3883,15:21:17.388,0,0,0
1783981277.888,15:21:17.888,0,0,0
1783981278.3876,15:21:18.387,0,0,0
1783981278.8875,15:21:18.887,0.60,0.64,-0.47
1783981279.3877,15:21:19.387,0.72,0.60,-0.35
1783981279.8876,15:21:19.887,0.72,0.60,-0.35
1783981280.3874,15:21:20.387,0.68,0.63,-0.38
1783981280.8873,15:21:20.887,0,0,0
1783981281.3865,15:21:21.386,0.68,0.62,-0.40
1783981281.886,15:21:21.886,0.69,0.62,-0.39
1783981282.386,15:21:22.386,0.69,0.61,-0.39
1783981282.8859,15:21:22.885,0.72,0.61,-0.35
1783981283.385,15:21:23.385,0.71,0.62,-0.34
1783981283.8851,15:21:23.885,0.92,0.37,-0.09
1783981284.3851,15:21:24.385,0.94,0.34,-0.07
1783981284.8844,15:21:24.884,0.94,0.33,-0.07
1783981285.385,15:21:25.385,0.95,0.32,-0.05
1783981285.8853,15:21:25.885,0.95,0.32,0.00
1783981286.3847,15:21:26.384,0.96,0.28,0.03
1783981286.8851,15:21:26.885,0.97,0.22,0.08
1783981287.3848,15:21:27.384,0.97,0.20,0.10
1783981287.8844,15:21:27.884,0.98,0.16,0.13
1783981288.3853,15:21:28.385,0.98,0.17,0.14
1783981288.8849,15:21:28.884,0.97,0.17,0.15
1783981289.3842,15:21:29.384,0.97,0.21,0.14
1783981289.8842,15:21:29.884,0.97,0.21,0.11
1783981290.3842,15:21:30.384,0.97,0.22,0.07
1783981290.8838,15:21:30.883,0.97,0.23,0.06
1783981291.3835,15:21:31.383,0.97,0.24,0.04
1783981291.8839,15:21:31.883,0.97,0.25,0.05
1783981292.3835,15:21:32.383,0.97,0.24,0.09
1783981292.8839,15:21:32.883,0.96,0.25,0.10
1783981293.384,15:21:33.384,0.96,0.27,0.09
1783981293.8836,15:21:33.883,0.95,0.31,0.07
1783981294.3833,15:21:34.383,0.95,0.32,0.06
1783981294.8831,15:21:34.883,0.95,0.31,0.04
1783981295.3828,15:21:35.382,0.95,0.32,0.03
1783981295.8822,15:21:35.882,0.94,0.34,0.03
1783981296.3823,15:21:36.382,0.94,0.35,0.02
1783981296.8822,15:21:36.882,0.94,0.35,0.02
1783981297.3816,15:21:37.381,0.94,0.34,0.04
1783981297.8819,15:21:37.881,0.94,0.34,0.06
1783981298.3815,15:21:38.381,0.93,0.35,0.06
1783981298.8818,15:21:38.881,0.94,0.34,0.06
1783981299.3818,15:21:39.381,0.95,0.31,0.06
1783981299.8811,15:21:39.881,0.96,0.28,0.09
1783981300.3803,15:21:40.380,0.96,0.27,0.09
1783981300.8808,15:21:40.880,0.96,0.26,0.05
1783981301.3804,15:21:41.380,0.97,0.24,0.07
1783981301.8797,15:21:41.879,0.96,0.26,0.09
1783981302.3797,15:21:42.379,0.96,0.28,0.09
1783981302.8797,15:21:42.879,0.95,0.32,0.06
1783981303.3789,15:21:43.378,0.94,0.33,0.06
1783981303.8788,15:21:43.878,0.93,0.36,0.05
1783981304.3792,15:21:44.379,0.93,0.38,0.03
1783981304.8787,15:21:44.878,0.91,0.42,0.00
1783981305.3787,15:21:45.378,0.90,0.43,-0.02
1783981305.8793,15:21:45.879,0.89,0.46,-0.05
1783981306.379,15:21:46.379,0.88,0.47,-0.10
1783981306.8792,15:21:46.879,0.88,0.47,-0.11
1783981307.3793,15:21:47.379,0.88,0.46,-0.10
1783981307.8785,15:21:47.878,0.88,0.46,-0.09
1783981308.3782,15:21:48.378,0.89,0.45,-0.06
1783981308.8782,15:21:48.878,0.91,0.42,-0.03
1783981309.3777,15:21:49.377,0.91,0.40,0.01
1783981309.8773,15:21:49.877,0.91,0.41,0.01
1783981310.3772,15:21:50.377,0.90,0.43,-0.01
1783981310.8774,15:21:50.877,0.90,0.43,-0.04
1783981311.3767,15:21:51.376,0.92,0.40,-0.03
1783981311.8767,15:21:51.876,0.92,0.38,-0.05
1783981312.3764,15:21:52.376,0.94,0.35,-0.05
1783981312.8758,15:21:52.875,0.95,0.31,-0.01
1783981313.3763,15:21:53.376,0.96,0.29,0.08
1783981313.8759,15:21:53.875,0.95,0.28,0.10
1783981314.3764,15:21:54.376,0.95,0.31,0.09
1783981314.8763,15:21:54.876,0.94,0.32,0.09
1783981315.3763,15:21:55.376,0.94,0.32,0.09
1783981315.8761,15:21:55.876,0.96,0.24,0.15
1783981316.3763,15:21:56.376,0.97,0.21,0.16
1783981316.8764,15:21:56.876,0.97,0.22,0.14
1783981317.3762,15:21:57.376,0.96,0.24,0.11
1783981317.8761,15:21:57.876,0.96,0.25,0.08
1783981318.3759,15:21:58.375,0.96,0.28,0.05
1783981318.8752,15:21:58.875,0.95,0.31,0.01
1783981319.3752,15:21:59.375,0.95,0.31,-0.02
1783981319.8753,15:21:59.875,0.94,0.33,-0.04
1783981320.3747,15:22:00.374,0.80,0.54,-0.26
1783981320.8748,15:22:00.874,0.81,0.53,-0.24
1783981321.3749,15:22:01.374,0.82,0.53,-0.23
1783981321.8742,15:22:01.874,0.81,0.54,-0.24
1783981322.3739,15:22:02.373,0.80,0.54,-0.26
1783981322.8736,15:22:02.873,0.80,0.54,-0.28
1783981323.373,15:22:03.373,0,0,0
1783981323.8729,15:22:03.872,0,0,0
1783981324.3727,15:22:04.372,0,0,0
1783981324.8722,15:22:04.872,0,0,0
1783981325.372,15:22:05.372,0,0,0
1783981325.8722,15:22:05.872,0,0,0
1783981326.3723,15:22:06.372,0,0,0
1783981326.8723,15:22:06.872,0,0,0
1783981327.3728,15:22:07.372,0,0,0
1783981327.8722,15:22:07.872,0,0,0
1783981328.3725,15:22:08.372,0,0,0
1783981328.8723,15:22:08.872,0,0,0
1783981329.3716,15:22:09.371,0,0,0
1783981329.8708,15:22:09.870,0,0,0
1783981330.3713,15:22:10.371,0,0,0
1783981330.8715,15:22:10.871,0,0,0
1783981331.3713,15:22:11.371,0,0,0
1783981331.8717,15:22:11.871,0,0,0
1783981332.3714,15:22:12.371,0,0,0
1783981332.8712,15:22:12.871,0,0,0
1783981333.3713,15:22:13.371,0,0,0
1783981333.8709,15:22:13.870,0,0,0
1783981334.3704,15:22:14.370,0,0,0
1783981334.8708,15:22:14.870,0,0,0
1783981335.3704,15:22:15.370,0,0,0
1783981335.8699,15:22:15.869,0,0,0
1783981336.3703,15:22:16.370,0,0,0
1783981336.8706,15:22:16.870,0,0,0
1783981337.37,15:22:17.370,0,0,0
1783981337.8695,15:22:17.869,0,0,0
1783981338.3695,15:22:18.369,0,0,0
1783981338.8688,15:22:18.868,0,0,0
1783981339.3683,15:22:19.368,0,0,0
1783981339.8686,15:22:19.868,0.65,0.63,-0.43
1783981340.3676,15:22:20.367,0,0,0
1783981340.8673,15:22:20.867,0,0,0
1783981341.3675,15:22:21.367,0,0,0
1783981341.867,15:22:21.867,0.77,0.57,-0.30
1783981342.3672,15:22:22.367,0.77,0.56,-0.30
1783981342.8674,15:22:22.867,0,0,0
1783981343.367,15:22:23.367,0,0,0
1783981343.8667,15:22:23.866,0,0,0
1783981344.3669,15:22:24.366,0,0,0
1783981344.8667,15:22:24.866,0,0,0
1783981345.3662,15:22:25.366,0,0,0
1783981345.8666,15:22:25.866,0,0,0
1783981346.3665,15:22:26.366,0,0,0
1783981346.8657,15:22:26.865,0,0,0
1783981347.366,15:22:27.366,0,0,0
1783981347.8659,15:22:27.865,0,0,0
1783981348.3656,15:22:28.365,0.75,0.59,-0.31
1783981348.8658,15:22:28.865,0.69,0.63,-0.36
1783981349.3661,15:22:29.366,0.70,0.62,-0.36
1783981349.8657,15:22:29.865,0.70,0.62,-0.36
1783981350.3658,15:22:30.365,0,0,0
1783981350.866,15:22:30.866,0,0,0
1783981351.3655,15:22:31.365,0,0,0
1783981351.8655,15:22:31.865,0,0,0
1783981352.365,15:22:32.365,0,0,0
1783981352.8644,15:22:32.864,0,0,0
1783981353.3645,15:22:33.364,0,0,0
1783981353.8641,15:22:33.864,0,0,0
1783981354.3632,15:22:34.363,0,0,0
1783981354.8633,15:22:34.863,0,0,0
1783981355.3635,15:22:35.363,0,0,0
1783981355.863,15:22:35.863,0,0,0
1783981356.3628,15:22:36.362,0,0,0
1783981356.8627,15:22:36.862,0,0,0
1783981357.3623,15:22:37.362,0,0,0
1783981357.8622,15:22:37.862,0,0,0
1783981358.3624,15:22:38.362,0,0,0
1783981358.8619,15:22:38.861,0,0,0
1783981359.3617,15:22:39.361,0,0,0
1783981359.8616,15:22:39.861,0,0,0
1783981360.3614,15:22:40.361,0,0,0
1783981360.8609,15:22:40.860,0,0,0
1783981361.3613,15:22:41.361,0,0,0
1783981361.8616,15:22:41.861,0,0,0
1783981362.3614,15:22:42.361,0,0,0
1783981362.8621,15:22:42.862,0,0,0
1783981363.3615,15:22:43.361,0,0,0
1783981363.8603,15:22:43.860,0,0,0
1783981364.3608,15:22:44.360,0,0,0
1783981364.8604,15:22:44.860,0,0,0
1783981365.3601,15:22:45.360,0,0,0
1783981365.8601,15:22:45.860,0,0,0
1783981366.3603,15:22:46.360,0,0,0
1783981366.8599,15:22:46.859,0,0,0
1783981367.36,15:22:47.360,0,0,0
1783981367.8596,15:22:47.859,0,0,0
1783981368.3593,15:22:48.359,0,0,0
1783981368.8591,15:22:48.859,0.61,0.64,-0.47
1783981369.3592,15:22:49.359,0,0,0
1783981369.8584,15:22:49.858,0,0,0
1783981370.3583,15:22:50.358,0,0,0
1783981370.8585,15:22:50.858,0,0,0
1783981371.3578,15:22:51.357,0,0,0
1783981371.8576,15:22:51.857,0,0,0
1783981372.3575,15:22:52.357,0,0,0
1783981372.8571,15:22:52.857,0,0,0
1783981373.357,15:22:53.357,0,0,0
1783981373.8574,15:22:53.857,0,0,0
1783981374.357,15:22:54.357,0,0,0
1783981374.8565,15:22:54.856,0,0,0
1783981375.3565,15:22:55.356,0,0,0
1783981375.8564,15:22:55.856,0,0,0
1783981376.3562,15:22:56.356,0,0,0
1783981376.8569,15:22:56.856,0,0,0
1783981377.3566,15:22:57.356,0,0,0
1783981377.8565,15:22:57.856,0,0,0
1783981378.3569,15:22:58.356,0,0,0
1783981378.8569,15:22:58.856,0,0,0
1783981379.3561,15:22:59.356,0,0,0
1783981379.8562,15:22:59.856,0,0,0
1783981380.356,15:23:00.356,0,0,0
1783981380.8559,15:23:00.855,0,0,0
1783981381.3559,15:23:01.355,0,0,0
1783981381.8556,15:23:01.855,0,0,0
1783981382.3546,15:23:02.354,0,0,0
1783981382.8547,15:23:02.854,0,0,0
1783981383.3548,15:23:03.354,0,0,0
1783981383.854,15:23:03.854,0,0,0
1783981384.3539,15:23:04.353,0,0,0
1783981384.8537,15:23:04.853,0,0,0
1783981385.3538,15:23:05.353,0,0,0
1783981385.8534,15:23:05.853,0,0,0
1783981386.3535,15:23:06.353,0,0,0
1783981386.8533,15:23:06.853,0,0,0
1783981387.3528,15:23:07.352,0,0,0
1783981387.853,15:23:07.853,0,0,0
1783981388.3529,15:23:08.352,0,0,0
1783981388.8523,15:23:08.852,0,0,0
1783981389.3524,15:23:09.352,0,0,0
1783981389.852,15:23:09.852,0,0,0
1783981390.3515,15:23:10.351,0,0,0
1783981390.8519,15:23:10.851,0,0,0
1783981391.3514,15:23:11.351,0,0,0
1783981391.851,15:23:11.851,0,0,0
1783981392.3513,15:23:12.351,0,0,0
1783981392.8511,15:23:12.851,0,0,0
1783981393.3507,15:23:13.350,0,0,0
1783981393.8509,15:23:13.850,0,0,0
1783981394.3505,15:23:14.350,0,0,0
1783981394.85,15:23:14.850,0,0,0
1783981395.35,15:23:15.350,0,0,0
1783981395.8499,15:23:15.849,0,0,0
1783981396.3495,15:23:16.349,0,0,0
1783981396.8498,15:23:16.849,0,0,0
1783981397.3496,15:23:17.349,0,0,0
1783981397.8493,15:23:17.849,0,0,0
1783981398.3498,15:23:18.349,0,0,0
1783981398.8499,15:23:18.849,0,0,0
1783981399.3496,15:23:19.349,0,0,0
1783981399.8495,15:23:19.849,0,0,0
1783981400.349,15:23:20.349,0,0,0
1783981400.8487,15:23:20.848,0,0,0
1783981401.3483,15:23:21.348,0,0,0
1783981401.8484,15:23:21.848,0,0,0
1783981402.3483,15:23:22.348,0,0,0
1783981402.8479,15:23:22.847,0,0,0
1783981403.3484,15:23:23.348,0.61,0.65,-0.45
1783981403.848,15:23:23.848,0.71,0.62,-0.33
1783981404.3479,15:23:24.347,0.71,0.62,-0.33
1783981404.8481,15:23:24.848,0.67,0.64,-0.37
1783981405.3478,15:23:25.347,0.66,0.63,-0.40
1783981405.8474,15:23:25.847,0.65,0.63,-0.41
1783981406.3477,15:23:26.347,0.64,0.64,-0.42
1783981406.8469,15:23:26.846,0.65,0.64,-0.42
1783981407.3468,15:23:27.346,0.65,0.62,-0.44
1783981407.847,15:23:27.847,0.90,0.38,-0.20
1783981408.3467,15:23:28.346,0.93,0.35,-0.12
1783981408.8461,15:23:28.846,0.93,0.35,-0.11
1783981409.3466,15:23:29.346,0.93,0.36,-0.10
1783981409.8466,15:23:29.846,0.93,0.36,-0.10
1783981410.3463,15:23:30.346,0.93,0.36,-0.09
1783981410.8463,15:23:30.846,0.93,0.36,-0.10
1783981411.346,15:23:31.346,0.92,0.37,-0.11
1783981411.8452,15:23:31.845,0.92,0.37,-0.12
1783981412.3454,15:23:32.345,0.92,0.38,-0.14
1783981412.8455,15:23:32.845,0.91,0.39,-0.16
1783981413.345,15:23:33.345,0.90,0.41,-0.16
1783981413.8453,15:23:33.845,0.89,0.43,-0.17
1783981414.3451,15:23:34.345,0.89,0.43,-0.17
1783981414.8448,15:23:34.844,0.89,0.42,-0.16
1783981415.3448,15:23:35.344,0.89,0.42,-0.17
1783981415.8449,15:23:35.844,0.89,0.43,-0.15
1783981416.3444,15:23:36.344,0.67,0.65,-0.36
1783981416.8447,15:23:36.844,0.68,0.64,-0.35
1783981417.3451,15:23:37.345,0.68,0.64,-0.35
1783981417.8446,15:23:37.844,0.68,0.64,-0.35
1783981418.344,15:23:38.344,0.69,0.65,-0.33
1783981418.8441,15:23:38.844,0.69,0.65,-0.33
1783981419.3433,15:23:39.343,0.70,0.64,-0.33
1783981419.8427,15:23:39.842,0.71,0.63,-0.32
1783981420.3428,15:23:40.342,0.73,0.62,-0.30
1783981420.8427,15:23:40.842,0.72,0.63,-0.30
1783981421.3429,15:23:41.342,0.71,0.63,-0.31
1783981421.8431,15:23:41.843,0.70,0.64,-0.33
1783981422.3428,15:23:42.342,0.69,0.64,-0.34
1783981422.8422,15:23:42.842,0.68,0.64,-0.35
1783981423.3424,15:23:43.342,0.67,0.64,-0.38
1783981423.842,15:23:43.842,0,0,0
1783981424.3419,15:23:44.341,0.66,0.63,-0.40
1783981424.8415,15:23:44.841,0.66,0.64,-0.40
1783981425.3415,15:23:45.341,0.64,0.65,-0.41
1783981425.8407,15:23:45.840,0.64,0.65,-0.40
1783981426.341,15:23:46.341,0.65,0.66,-0.37
1783981426.8406,15:23:46.840,0.93,0.37,-0.08
1783981427.3401,15:23:47.340,0.93,0.36,-0.07
1783981427.8401,15:23:47.840,0.92,0.37,-0.07
1783981428.3406,15:23:48.340,0.92,0.38,-0.06
1783981428.8399,15:23:48.839,0.93,0.37,-0.05
1783981429.3398,15:23:49.339,0.93,0.35,-0.04
1783981429.8398,15:23:49.839,0.94,0.35,-0.04
1783981430.3391,15:23:50.339,0.94,0.34,-0.04
1783981430.8387,15:23:50.838,0.94,0.33,-0.04
1783981431.3388,15:23:51.338,0.94,0.33,-0.03
1783981431.8382,15:23:51.838,0.94,0.33,-0.02
1783981432.338,15:23:52.338,0.95,0.31,0.03
1783981432.8385,15:23:52.838,0.96,0.27,0.05
1783981433.3383,15:23:53.338,0.96,0.26,0.08
1783981433.838,15:23:53.838,0.96,0.25,0.08
1783981434.338,15:23:54.338,0.96,0.26,0.07
1783981434.8381,15:23:54.838,0.96,0.30,0.02
1783981435.3377,15:23:55.337,0.94,0.33,0.00
1783981435.838,15:23:55.838,0.93,0.37,-0.01
1783981436.338,15:23:56.338,0.91,0.42,0.00
1783981436.8379,15:23:56.837,0.66,0.70,-0.26
1783981437.3379,15:23:57.337,0.65,0.71,-0.28
1783981437.8375,15:23:57.837,0.65,0.69,-0.33
1783981438.3369,15:23:58.336,0.63,0.69,-0.35
1783981438.837,15:23:58.837,0.66,0.65,-0.37
1783981439.3366,15:23:59.336,0.67,0.64,-0.38
1783981439.8363,15:23:59.836,0.70,0.63,-0.34
1783981440.3363,15:24:00.336,0.73,0.62,-0.30
1783981440.8366,15:24:00.836,0.78,0.58,-0.25
1783981441.3358,15:24:01.335,0.94,0.35,0.00
1783981441.8356,15:24:01.835,0.93,0.36,0.01
1783981442.3353,15:24:02.335,0.92,0.38,0.01
1783981442.8345,15:24:02.834,0.92,0.40,-0.02
1783981443.3346,15:24:03.334,0.92,0.40,-0.03
1783981443.8344,15:24:03.834,0.91,0.40,-0.04
1783981444.3341,15:24:04.334,0.92,0.40,-0.03
1783981444.8339,15:24:04.833,0.92,0.40,-0.03
1783981445.3346,15:24:05.334,0.92,0.39,-0.05
1783981445.8343,15:24:05.834,0.92,0.38,-0.06
1783981446.3344,15:24:06.334,0.92,0.39,-0.07
1783981446.835,15:24:06.835,0.92,0.38,-0.05
1783981447.3347,15:24:07.334,0.93,0.36,-0.04
1783981447.8341,15:24:07.834,0.94,0.35,0.00
1783981448.3348,15:24:08.334,0.96,0.27,0.07
1783981448.8342,15:24:08.834,0.97,0.20,0.12
1783981449.3339,15:24:09.333,0.97,0.19,0.13
1783981449.8339,15:24:09.833,0.97,0.19,0.13
1783981450.3336,15:24:10.333,0.97,0.21,0.13
1783981450.8334,15:24:10.833,0.97,0.23,0.11
1783981451.3334,15:24:11.333,0.97,0.23,0.11
1783981451.8333,15:24:11.833,0.96,0.25,0.10
1783981452.3329,15:24:12.332,0.96,0.28,0.08
1783981452.8334,15:24:12.833,0.96,0.29,0.06
1783981453.3332,15:24:13.333,0.95,0.30,0.05
1783981453.8329,15:24:13.832,0.96,0.29,0.05
1783981454.3329,15:24:14.332,0.95,0.31,0.04
1783981454.833,15:24:14.833,0.95,0.32,0.03
1783981455.3324,15:24:15.332,0.94,0.34,0.02
1783981455.8329,15:24:15.832,0.95,0.32,0.04
1783981456.3323,15:24:16.332,0.74,0.64,-0.21
1783981456.832,15:24:16.832,0.74,0.64,-0.21
1783981457.332,15:24:17.332,0.73,0.63,-0.26
1783981457.8319,15:24:17.831,0.73,0.62,-0.29
1783981458.3309,15:24:18.330,0.73,0.60,-0.33
1783981458.8308,15:24:18.830,0.73,0.60,-0.34
1783981459.331,15:24:19.331,0.71,0.60,-0.35
1783981459.8309,15:24:19.830,0,0,0
1783981460.3303,15:24:20.330,0,0,0
1783981460.8305,15:24:20.830,0.71,0.60,-0.37
1783981461.3298,15:24:21.329,0.72,0.59,-0.36
1783981461.8296,15:24:21.829,0.76,0.55,-0.34
1783981462.3297,15:24:22.329,0.80,0.51,-0.31
1783981462.8291,15:24:22.829,0.80,0.50,-0.33
1783981463.3286,15:24:23.328,0.76,0.53,-0.37
1783981463.8288,15:24:23.828,0.77,0.53,-0.36
1783981464.3287,15:24:24.328,0.81,0.51,-0.29
1783981464.8281,15:24:24.828,0.94,0.33,-0.06
1783981465.3286,15:24:25.328,0.94,0.33,-0.05
1783981465.8284,15:24:25.828,0.94,0.33,-0.03
1783981466.3281,15:24:26.328,0.94,0.33,-0.03
1783981466.8285,15:24:26.828,0.93,0.36,-0.06
1783981467.3286,15:24:27.328,0.91,0.39,-0.09
1783981467.8284,15:24:27.828,0.92,0.38,-0.11
1783981468.3287,15:24:28.328,0.92,0.39,-0.10
1783981468.8285,15:24:28.828,0.92,0.39,-0.08
1783981469.3282,15:24:29.328,0.91,0.41,-0.08
1783981469.8282,15:24:29.828,0.92,0.40,-0.05
1783981470.3278,15:24:30.327,0.91,0.40,-0.06
1783981470.8271,15:24:30.827,0.90,0.42,-0.08
1783981471.3271,15:24:31.327,0.90,0.43,-0.10
1783981471.8272,15:24:31.827,0.90,0.43,-0.11
1783981472.3266,15:24:32.326,0.89,0.44,-0.11
1783981472.8266,15:24:32.826,0.89,0.44,-0.13
1783981473.3264,15:24:33.326,0.88,0.45,-0.16
1783981473.8261,15:24:33.826,0.88,0.45,-0.16
1783981474.3261,15:24:34.326,0.88,0.45,-0.14
1783981474.8263,15:24:34.826,0.89,0.45,-0.11
1783981475.3255,15:24:35.325,0.89,0.44,-0.09
1783981475.8256,15:24:35.825,0.90,0.43,-0.06
1783981476.3256,15:24:36.325,0.91,0.41,-0.04
1783981476.8253,15:24:36.825,0.91,0.41,-0.03
1783981477.3249,15:24:37.324,0.91,0.40,-0.04
1783981477.8252,15:24:37.825,0.90,0.42,-0.06
1783981478.3244,15:24:38.324,0.90,0.43,-0.07
1783981478.8243,15:24:38.824,0.88,0.45,-0.12
1783981479.3241,15:24:39.324,0.88,0.45,-0.18
1783981479.8238,15:24:39.823,0.88,0.44,-0.18
1783981480.3237,15:24:40.323,0.88,0.46,-0.13
1783981480.8241,15:24:40.824,0.89,0.45,-0.07
1783981481.324,15:24:41.324,0.89,0.44,-0.08
1783981481.8234,15:24:41.823,0.90,0.42,-0.06
1783981482.3235,15:24:42.323,0.91,0.42,-0.04
1783981482.8232,15:24:42.823,0.91,0.42,-0.02
1783981483.3227,15:24:43.322,0.90,0.43,-0.03
1783981483.8229,15:24:43.822,0.89,0.45,-0.05
1783981484.3227,15:24:44.322,0.89,0.45,-0.04
1783981484.8219,15:24:44.821,0.89,0.45,-0.03
1783981485.3224,15:24:45.322,0.89,0.45,-0.02
1783981485.822,15:24:45.822,0.90,0.43,-0.01
1783981486.3217,15:24:46.321,0.91,0.41,-0.01
1783981486.8219,15:24:46.821,0.92,0.40,-0.01
1783981487.3218,15:24:47.321,0.91,0.41,-0.01
1783981487.8212,15:24:47.821,0.92,0.40,-0.01
1783981488.3215,15:24:48.321,0.92,0.39,-0.01
1783981488.8214,15:24:48.821,0.92,0.39,0.00
1783981489.3211,15:24:49.321,0.92,0.39,0.00
1783981489.8209,15:24:49.820,0.67,0.68,-0.31
1783981490.3209,15:24:50.320,0.66,0.67,-0.33
1783981490.82,15:24:50.820,0.67,0.65,-0.36
1783981491.3204,15:24:51.320,0.69,0.63,-0.37
1783981491.8201,15:24:51.820,0.70,0.61,-0.36
1783981492.3197,15:24:52.319,0.70,0.61,-0.36
1783981492.8196,15:24:52.819,0.70,0.62,-0.36
1783981493.3198,15:24:53.319,0.71,0.63,-0.33
1783981493.8197,15:24:53.819,0.72,0.63,-0.28
1783981494.3195,15:24:54.319,0.93,0.36,-0.03
1783981494.8198,15:24:54.819,0.94,0.35,-0.03
1783981495.3196,15:24:55.319,0.94,0.33,-0.05
1783981495.8189,15:24:55.818,0.95,0.31,-0.05
1783981496.319,15:24:56.319,0.97,0.26,-0.03
1783981496.8193,15:24:56.819,0.97,0.22,-0.06
1783981497.3187,15:24:57.318,0.98,0.21,-0.04
1783981497.819,15:24:57.819,0.98,0.18,0.00
1783981498.3184,15:24:58.318,0.98,0.17,0.01
1783981498.8183,15:24:58.818,0.98,0.20,0.04
1783981499.3183,15:24:59.318,0.97,0.23,0.05
1783981499.8181,15:24:59.818,0.96,0.27,0.06
1783981500.3174,15:25:00.317,0.95,0.31,0.02
1783981500.8177,15:25:00.817,0.94,0.33,-0.02
1783981501.3174,15:25:01.317,0.94,0.35,-0.03
1783981501.817,15:25:01.817,0.94,0.35,-0.03
1783981502.3169,15:25:02.316,0.92,0.38,-0.05
1783981502.8167,15:25:02.816,0.91,0.41,-0.08
1783981503.316,15:25:03.316,0.91,0.42,-0.08
1783981503.8162,15:25:03.816,0.91,0.41,-0.09
1783981504.3163,15:25:04.316,0.91,0.41,-0.10
1783981504.8159,15:25:04.815,0.91,0.41,-0.11
1783981505.316,15:25:05.316,0.91,0.39,-0.11
1783981505.8158,15:25:05.815,0.92,0.38,-0.10
1783981506.316,15:25:06.316,0.92,0.38,-0.10
1783981506.8158,15:25:06.815,0.91,0.40,-0.11
1783981507.3161,15:25:07.316,0.89,0.44,-0.15
1783981507.8161,15:25:07.816,0.88,0.45,-0.18
1783981508.3156,15:25:08.315,0.86,0.46,-0.21
1783981508.8154,15:25:08.815,0.71,0.60,-0.38
1783981509.315,15:25:09.315,0.71,0.60,-0.37
1783981509.8145,15:25:09.814,0.71,0.60,-0.37
1783981510.3143,15:25:10.314,0.72,0.60,-0.35
1783981510.814,15:25:10.814,0,0,0
1783981511.3138,15:25:11.313,0.72,0.60,-0.35
1783981511.8141,15:25:11.814,0.73,0.59,-0.35
1783981512.3141,15:25:12.314,0.72,0.59,-0.37
1783981512.8134,15:25:12.813,0.72,0.58,-0.38
1783981513.3138,15:25:13.313,0.72,0.58,-0.38
1783981513.8135,15:25:13.813,0.73,0.57,-0.38
1783981514.3129,15:25:14.312,0.86,0.44,-0.23
1783981514.8128,15:25:14.812,0.85,0.46,-0.26
1783981515.3124,15:25:15.312,0.85,0.46,-0.25
1783981515.8117,15:25:15.811,0.88,0.43,-0.18
1783981516.3119,15:25:16.311,0.80,0.54,-0.25
1783981516.8116,15:25:16.811,0.81,0.54,-0.24
1783981517.3108,15:25:17.310,0.79,0.55,-0.27
1783981517.8113,15:25:17.811,0.76,0.56,-0.33
1783981518.3111,15:25:18.311,0.76,0.55,-0.35
1783981518.8109,15:25:18.810,0,0,0
1783981519.3116,15:25:19.311,0.75,0.56,-0.36
1783981519.8113,15:25:19.811,0.74,0.56,-0.37
1783981520.3108,15:25:20.310,0.72,0.57,-0.38
1783981520.8108,15:25:20.810,0.72,0.58,-0.38
1783981521.3105,15:25:21.310,0.73,0.57,-0.38
1783981521.8101,15:25:21.810,0.74,0.56,-0.37
1783981522.31,15:25:22.310,0.87,0.44,-0.23
1783981522.8105,15:25:22.810,0,0,0
1783981523.3106,15:25:23.310,0.73,0.57,-0.38
1783981523.81,15:25:23.810,0.75,0.56,-0.36
1783981524.3103,15:25:24.310,0.76,0.54,-0.35
1783981524.8103,15:25:24.810,0.81,0.48,-0.34
1783981525.31,15:25:25.310,0.81,0.47,-0.35
1783981525.8102,15:25:25.810,0.81,0.47,-0.35
1783981526.3097,15:25:26.309,0,0,0
1783981526.8093,15:25:26.809,0.81,0.49,-0.33
1783981527.3094,15:25:27.309,0.78,0.53,-0.35
1783981527.809,15:25:27.809,0,0,0
1783981528.3084,15:25:28.308,0.76,0.55,-0.36
1783981528.8085,15:25:28.808,0.74,0.56,-0.36
1783981529.3083,15:25:29.308,0.74,0.58,-0.35
1783981529.8076,15:25:29.807,0,0,0
1783981530.3078,15:25:30.307,0,0,0
1783981530.8081,15:25:30.808,0,0,0
1783981531.3077,15:25:31.307,0,0,0
1783981531.8078,15:25:31.807,0,0,0
1783981532.3078,15:25:32.307,0,0,0
1783981532.8069,15:25:32.806,0,0,0
1783981533.3067,15:25:33.306,0,0,0
1783981533.8068,15:25:33.806,0,0,0
1783981534.3064,15:25:34.306,0,0,0
1783981534.8065,15:25:34.806,0,0,0
1783981535.3061,15:25:35.306,0,0,0
1783981535.8056,15:25:35.805,0,0,0
1783981536.306,15:25:36.306,0,0,0
1783981536.8063,15:25:36.806,0,0,0
1783981537.3057,15:25:37.305,0,0,0
1783981537.8058,15:25:37.805,0,0,0
1783981538.3062,15:25:38.306,0,0,0
1783981538.806,15:25:38.806,0,0,0
1783981539.3055,15:25:39.305,0,0,0
1783981539.8059,15:25:39.805,0,0,0
1783981540.3052,15:25:40.305,0,0,0
1783981540.8048,15:25:40.804,0,0,0
1783981541.3049,15:25:41.304,0,0,0
1783981541.8049,15:25:41.804,0,0,0
1783981542.3042,15:25:42.304,0.61,0.63,-0.49
1783981542.8044,15:25:42.804,0,0,0
1783981543.3038,15:25:43.303,0,0,0
1783981543.803,15:25:43.803,0,0,0
1783981544.3035,15:25:44.303,0,0,0
1783981544.8033,15:25:44.803,0,0,0
1783981545.3028,15:25:45.302,0,0,0
1783981545.803,15:25:45.803,0,0,0
1783981546.3027,15:25:46.302,0,0,0
1783981546.8017,15:25:46.801,0,0,0
1783981547.3022,15:25:47.302,0,0,0
1783981547.8018,15:25:47.801,0,0,0
1783981548.3015,15:25:48.301,0,0,0
1783981548.8015,15:25:48.801,0,0,0
1783981549.3017,15:25:49.301,0,0,0
1783981549.8014,15:25:49.801,0,0,0
1783981550.301,15:25:50.301,0,0,0
1783981550.8012,15:25:50.801,0,0,0
1783981551.301,15:25:51.301,0,0,0
1783981551.8007,15:25:51.800,0,0,0
1783981552.3011,15:25:52.301,0,0,0
1783981552.801,15:25:52.801,0,0,0
1783981553.3008,15:25:53.300,0,0,0
1783981553.8011,15:25:53.801,0,0,0
1783981554.3003,15:25:54.300,0,0,0
1783981554.8002,15:25:54.800,0,0,0
1783981555.2998,15:25:55.299,0,0,0
1783981555.7993,15:25:55.799,0,0,0
1783981556.2991,15:25:56.299,0,0,0
1783981556.7996,15:25:56.799,0,0,0
1783981557.2994,15:25:57.299,0,0,0
1783981557.799,15:25:57.799,0,0,0
1783981558.2993,15:25:58.299,0,0,0
1783981558.799,15:25:58.799,0,0,0
1783981559.2985,15:25:59.298,0,0,0
1783981559.7989,15:25:59.798,0,0,0
1783981560.2986,15:26:00.298,0,0,0
1783981560.7984,15:26:00.798,0,0,0
1783981561.2985,15:26:01.298,0,0,0
1783981561.7985,15:26:01.798,0,0,0
1783981562.2984,15:26:02.298,0,0,0
1783981562.7979,15:26:02.797,0,0,0
1783981563.2974,15:26:03.297,0,0,0
1783981563.7972,15:26:03.797,0,0,0
1783981564.2971,15:26:04.297,0,0,0
1783981564.7973,15:26:04.797,0,0,0
1783981565.2969,15:26:05.296,0,0,0
1783981565.7971,15:26:05.797,0,0,0
1783981566.297,15:26:06.297,0,0,0
1783981566.7964,15:26:06.796,0,0,0
1783981567.2958,15:26:07.295,0,0,0
1783981567.7967,15:26:07.796,0,0,0
1783981568.2957,15:26:08.295,0,0,0
1783981568.7956,15:26:08.795,0,0,0
1783981569.2958,15:26:09.295,0,0,0
1783981569.7953,15:26:09.795,0.69,0.59,-0.42
1783981570.2951,15:26:10.295,0,0,0
1783981570.7954,15:26:10.795,0,0,0
1783981571.2948,15:26:11.294,0,0,0
1783981571.7945,15:26:11.794,0.75,0.59,-0.29
1783981572.2949,15:26:12.294,0,0,0
1783981572.7946,15:26:12.794,0,0,0
1783981573.2944,15:26:13.294,0,0,0
1783981573.7945,15:26:13.794,0,0,0
1783981574.2937,15:26:14.293,0,0,0
1783981574.793,15:26:14.793,0.78,0.55,-0.30
1783981575.2936,15:26:15.293,0.79,0.53,-0.31
1783981575.7931,15:26:15.793,0.79,0.52,-0.32
1783981576.2927,15:26:16.292,0.79,0.51,-0.33
1783981576.7929,15:26:16.792,0.79,0.51,-0.35
1783981577.2928,15:26:17.292,0.95,0.28,-0.11
1783981577.792,15:26:17.792,0.79,0.50,-0.34
1783981578.2919,15:26:18.291,0.82,0.48,-0.32
1783981578.7925,15:26:18.792,0.89,0.39,-0.23
1783981579.2924,15:26:19.292,0.90,0.38,-0.23
1783981579.7921,15:26:19.792,0.90,0.37,-0.23
1783981580.2926,15:26:20.292,0.90,0.37,-0.23
1783981580.7918,15:26:20.791,0.85,0.44,-0.29
1783981581.2913,15:26:21.291,0.83,0.47,-0.31
1783981581.7912,15:26:21.791,0,0,0
1783981582.2907,15:26:22.290,0,0,0
1783981582.7905,15:26:22.790,0.81,0.50,-0.31
1783981583.2912,15:26:23.291,0,0,0
1783981583.7906,15:26:23.790,0,0,0
1783981584.2905,15:26:24.290,0,0,0
1783981584.791,15:26:24.791,0,0,0
1783981585.2907,15:26:25.290,0,0,0
1783981585.7904,15:26:25.790,0,0,0
1783981586.2906,15:26:26.290,0.77,0.53,-0.35
1783981586.7907,15:26:26.790,0.77,0.54,-0.34
1783981587.2903,15:26:27.290,0,0,0
1783981587.7906,15:26:27.790,0,0,0
1783981588.2906,15:26:28.290,0.80,0.53,-0.29
1783981588.7899,15:26:28.789,0.81,0.52,-0.26
1783981589.2897,15:26:29.289,0.81,0.53,-0.26
1783981589.789,15:26:29.789,0.78,0.55,-0.29
1783981590.2886,15:26:30.288,0.77,0.56,-0.31
1783981590.7889,15:26:30.788,0.77,0.56,-0.32
1783981591.2891,15:26:31.289,0.78,0.55,-0.31
1783981591.7885,15:26:31.788,0.96,0.29,-0.04
1783981592.2883,15:26:32.288,0.96,0.28,-0.02
1783981592.7882,15:26:32.788,0.97,0.25,0.02
1783981593.2874,15:26:33.287,0.97,0.24,0.02
1783981593.7876,15:26:33.787,0.97,0.25,0.01
1783981594.2874,15:26:34.287,0.97,0.26,0.01
1783981594.7871,15:26:34.787,0.96,0.27,0.00
1783981595.2873,15:26:35.287,0.97,0.25,0.01
1783981595.7873,15:26:35.787,0.96,0.27,0.00
1783981596.2869,15:26:36.286,0.96,0.28,0.01
1783981596.7868,15:26:36.786,0.95,0.32,-0.01
1783981597.2867,15:26:37.286,0.94,0.34,-0.03
1783981597.7867,15:26:37.786,0.93,0.36,-0.03
1783981598.2864,15:26:38.286,0.93,0.37,-0.06
1783981598.7865,15:26:38.786,0.93,0.37,-0.05
1783981599.2858,15:26:39.285,0.93,0.37,-0.03
1783981599.7854,15:26:39.785,0.93,0.36,-0.01
1783981600.2855,15:26:40.285,0.95,0.32,0.01
1783981600.7854,15:26:40.785,0.96,0.27,0.04
1783981601.2853,15:26:41.285,0.97,0.23,0.06
1783981601.7859,15:26:41.785,0.94,0.34,-0.10
1783981602.2854,15:26:42.285,0.94,0.32,-0.09
1783981602.7854,15:26:42.785,0.88,0.43,-0.19
1783981603.2857,15:26:43.285,0.87,0.45,-0.21
1783981603.7853,15:26:43.785,0.87,0.45,-0.21
1783981604.2846,15:26:44.284,0.85,0.47,-0.24
1783981604.7848,15:26:44.784,0.82,0.50,-0.28
1783981605.2841,15:26:45.284,0.79,0.53,-0.32
1783981605.7839,15:26:45.783,0.75,0.55,-0.36
1783981606.2841,15:26:46.284,0.73,0.57,-0.37
1783981606.7842,15:26:46.784,0.71,0.58,-0.39
1783981607.2836,15:26:47.283,0.68,0.60,-0.41
1783981607.7837,15:26:47.783,0.67,0.61,-0.42
1783981608.2837,15:26:48.283,0.68,0.61,-0.41
1783981608.7834,15:26:48.783,0.68,0.60,-0.42
1783981609.2832,15:26:49.283,0.68,0.61,-0.41
1783981609.7831,15:26:49.783,0.69,0.60,-0.40
1783981610.2823,15:26:50.282,0.70,0.61,-0.39
1783981610.7824,15:26:50.782,0.69,0.62,-0.38
1783981611.2826,15:26:51.282,0.67,0.63,-0.38
1783981611.7819,15:26:51.781,0.66,0.64,-0.39
1783981612.2823,15:26:52.282,0.66,0.64,-0.39
1783981612.7823,15:26:52.782,0.66,0.64,-0.40
1783981613.2821,15:26:53.282,0.65,0.63,-0.42
1783981613.7822,15:26:53.782,0.64,0.63,-0.44
1783981614.2822,15:26:54.282,0.63,0.64,-0.45
1783981614.7817,15:26:54.781,0.63,0.64,-0.44
1783981615.2817,15:26:55.281,0,0,0
1783981615.7813,15:26:55.781,0.64,0.63,-0.44
1783981616.2808,15:26:56.280,0.66,0.62,-0.42
1783981616.7806,15:26:56.780,0.67,0.63,-0.39
1783981617.2809,15:26:57.280,0.74,0.60,-0.31
1783981617.7801,15:26:57.780,0.76,0.59,-0.29
1783981618.2798,15:26:58.279,0.75,0.59,-0.30
1783981618.78,15:26:58.780,0.74,0.58,-0.35
1783981619.2797,15:26:59.279,0.72,0.58,-0.37
1783981619.7795,15:26:59.779,0.70,0.59,-0.39
1783981620.2796,15:27:00.279,0.71,0.59,-0.38
1783981620.7793,15:27:00.779,0.70,0.60,-0.38
1783981621.279,15:27:01.279,0.70,0.60,-0.39
1783981621.7792,15:27:01.779,0.69,0.61,-0.39
1783981622.2794,15:27:02.279,0.69,0.60,-0.41
1783981622.7786,15:27:02.778,0.68,0.60,-0.41
1783981623.2787,15:27:03.278,0.70,0.60,-0.38
1783981623.7785,15:27:03.778,0.71,0.60,-0.37
1783981624.278,15:27:04.278,0.71,0.62,-0.34
1783981624.7786,15:27:04.778,0.71,0.63,-0.33
1783981625.2786,15:27:05.278,0.71,0.62,-0.33
1783981625.7783,15:27:05.778,0.70,0.62,-0.34
1783981626.2783,15:27:06.278,0.69,0.63,-0.35
1783981626.7782,15:27:06.778,0.67,0.63,-0.39
1783981627.278,15:27:07.278,0.67,0.62,-0.41
1783981627.7781,15:27:07.778,0.67,0.62,-0.41
1783981628.2777,15:27:08.277,0.68,0.61,-0.40
1783981628.7772,15:27:08.777,0.68,0.62,-0.39
1783981629.2772,15:27:09.277,0.68,0.62,-0.39
1783981629.7769,15:27:09.776,0.69,0.62,-0.38
1783981630.2761,15:27:10.276,0.68,0.63,-0.38
1783981630.7764,15:27:10.776,0.68,0.63,-0.38
1783981631.2762,15:27:11.276,0.69,0.60,-0.41
1783981631.7761,15:27:11.776,0.71,0.59,-0.39
1783981632.2755,15:27:12.275,0.71,0.60,-0.37
1783981632.7756,15:27:12.775,0.71,0.60,-0.37
1783981633.2752,15:27:13.275,0.70,0.60,-0.38
1783981633.7747,15:27:13.774,0.68,0.61,-0.40
1783981634.2747,15:27:14.274,0.68,0.61,-0.40
1783981634.7746,15:27:14.774,0.68,0.62,-0.40
1783981635.2747,15:27:15.274,0.67,0.63,-0.39
1783981635.7747,15:27:15.774,0.68,0.63,-0.38
1783981636.2746,15:27:16.274,0.67,0.64,-0.37
1783981636.774,15:27:16.774,0.67,0.65,-0.37
1783981637.2743,15:27:17.274,0.67,0.65,-0.37
1783981637.7741,15:27:17.774,0.67,0.65,-0.37
1783981638.2736,15:27:18.273,0.67,0.65,-0.36
1783981638.774,15:27:18.774,0.68,0.65,-0.34
1783981639.2743,15:27:19.274,0.68,0.65,-0.34
1783981639.7733,15:27:19.773,0.68,0.65,-0.35
1783981640.2736,15:27:20.273,0.67,0.64,-0.37
1783981640.7736,15:27:20.773,0.66,0.64,-0.39
1783981641.2735,15:27:21.273,0.66,0.64,-0.40
1783981641.7736,15:27:21.773,0.66,0.64,-0.40
1783981642.2731,15:27:22.273,0.65,0.63,-0.41
1783981642.7727,15:27:22.772,0.65,0.63,-0.41
1783981643.2726,15:27:23.272,0.68,0.62,-0.38
1783981643.7724,15:27:23.772,0.71,0.61,-0.35
1783981644.2723,15:27:24.272,0.70,0.62,-0.35
1783981644.7719,15:27:24.771,0.70,0.63,-0.35
1783981645.2717,15:27:25.271,0.69,0.64,-0.34
1783981645.7712,15:27:25.771,0.69,0.64,-0.34
1783981646.271,15:27:26.271,0.68,0.65,-0.34
1783981646.7709,15:27:26.770,0.70,0.63,-0.33
1783981647.2703,15:27:27.270,0.72,0.62,-0.32
1783981647.7702,15:27:27.770,0.74,0.60,-0.30
1783981648.2704,15:27:28.270,0.75,0.59,-0.31
1783981648.7697,15:27:28.769,0.74,0.59,-0.33
1783981649.2693,15:27:29.269,0.73,0.60,-0.32
1783981649.7694,15:27:29.769,0.73,0.60,-0.32
1783981650.2692,15:27:30.269,0.73,0.60,-0.32
1783981650.7687,15:27:30.768,0.73,0.59,-0.33
1783981651.2687,15:27:31.268,0.74,0.59,-0.34
1783981651.7686,15:27:31.768,0.74,0.59,-0.34
1783981652.268,15:27:32.268,0.71,0.61,-0.36
1783981652.7681,15:27:32.768,0.70,0.61,-0.38
1783981653.2683,15:27:33.268,0.69,0.62,-0.37
1783981653.7679,15:27:33.767,0.70,0.62,-0.37
1783981654.2679,15:27:34.267,0.71,0.61,-0.35
1783981654.7677,15:27:34.767,0.71,0.61,-0.35
1783981655.2672,15:27:35.267,0.69,0.62,-0.37
1783981655.7674,15:27:35.767,0.67,0.62,-0.40
1783981656.2677,15:27:36.267,0.65,0.64,-0.42
1783981656.7669,15:27:36.766,0.65,0.64,-0.41
1783981657.267,15:27:37.267,0.66,0.63,-0.41
1783981657.767,15:27:37.767,0.66,0.62,-0.43
1783981658.2663,15:27:38.266,0.68,0.60,-0.42
1783981658.7661,15:27:38.766,0.68,0.60,-0.42
1783981659.2664,15:27:39.266,0.68,0.62,-0.40
1783981659.7658,15:27:39.765,0.92,0.36,-0.14
1783981660.2655,15:27:40.265,0.93,0.35,-0.11
1783981660.7657,15:27:40.765,0.93,0.35,-0.09
1783981661.2654,15:27:41.265,0.93,0.35,-0.08
1783981661.7652,15:27:41.765,0.93,0.36,-0.07
1783981662.2653,15:27:42.265,0.93,0.37,-0.06
1783981662.7645,15:27:42.764,0.93,0.37,-0.05
1783981663.2642,15:27:43.264,0.93,0.36,-0.04
1783981663.7648,15:27:43.764,0.94,0.35,-0.02
1783981664.2644,15:27:44.264,0.94,0.34,-0.03
1783981664.7643,15:27:44.764,0.95,0.32,-0.04
1783981665.2645,15:27:45.264,0.95,0.32,-0.06
1783981665.7642,15:27:45.764,0.95,0.32,-0.06
1783981666.2638,15:27:46.263,0.95,0.32,-0.06
1783981666.7639,15:27:46.763,0.95,0.31,-0.04
1783981667.2637,15:27:47.263,0.96,0.28,-0.01
1783981667.7632,15:27:47.763,0.96,0.26,0.05
1783981668.2634,15:27:48.263,0.96,0.26,0.08
1783981668.7635,15:27:48.763,0.96,0.26,0.08
1783981669.2629,15:27:49.262,0.97,0.23,0.09
1783981669.763,15:27:49.763,0.84,0.52,-0.17
1783981670.2629,15:27:50.262,0.85,0.49,-0.20
1783981670.7624,15:27:50.762,0.84,0.47,-0.26
1783981671.2628,15:27:51.262,0.83,0.48,-0.27
1783981671.7627,15:27:51.762,0.83,0.48,-0.27
1783981672.2621,15:27:52.262,0.98,0.22,0.01
1783981672.7626,15:27:52.762,0.92,0.36,-0.13
1783981673.2622,15:27:53.262,0.94,0.32,-0.11
1783981673.7618,15:27:53.761,0.94,0.31,-0.12
1783981674.2621,15:27:54.262,0.92,0.35,-0.16
1783981674.7621,15:27:54.762,0.92,0.35,-0.17
1783981675.2618,15:27:55.261,0.89,0.39,-0.21
1783981675.7622,15:27:55.762,0.84,0.46,-0.28
1783981676.2628,15:27:56.262,0.83,0.47,-0.29
1783981676.762,15:27:56.762,0.83,0.47,-0.29
1783981677.2615,15:27:57.261,0.88,0.42,-0.20
1783981677.7617,15:27:57.761,0.89,0.41,-0.18
1783981678.2614,15:27:58.261,0.98,0.17,0.05
1783981678.7608,15:27:58.760,0.98,0.17,0.06
1783981679.2613,15:27:59.261,0.98,0.16,0.09
1783981679.7611,15:27:59.761,0.98,0.13,0.12
1783981680.2613,15:28:00.261,0.98,0.12,0.13
1783981680.7616,15:28:00.761,0.98,0.12,0.14
1783981681.2609,15:28:01.260,0.98,0.15,0.11
1783981681.7601,15:28:01.760,0.98,0.14,0.13
1783981682.2602,15:28:02.260,0.98,0.12,0.12
1783981682.7598,15:28:02.759,0.98,0.11,0.13
1783981683.2596,15:28:03.259,0.99,0.11,0.12
1783981683.7595,15:28:03.759,0.99,0.09,0.13
1783981684.2589,15:28:04.258,0.98,0.05,0.18
1783981684.7586,15:28:04.758,0.98,0.07,0.19
1783981685.2586,15:28:05.258,0.93,0.35,-0.07
1783981685.7587,15:28:05.758,0.90,0.42,-0.11
1783981686.2585,15:28:06.258,0.90,0.42,-0.13
1783981686.759,15:28:06.759,0.93,0.34,-0.10
1783981687.2586,15:28:07.258,0.93,0.34,-0.10
1783981687.7579,15:28:07.757,0.99,0.10,0.13
1783981688.2577,15:28:08.257,0.99,0.09,0.12
1783981688.758,15:28:08.758,0.99,0.09,0.14
1783981689.2574,15:28:09.257,0.99,0.10,0.14
