id,start_timestamp,duration,start_frame_index,end_frame_index,norm_pos_x,norm_pos_y,dispersion,confidence,method,gaze_point_3d_x,gaze_point_3d_y,gaze_point_3d_z,base_data
0,683755.9730835,80.69049997720867,0,1,0.489817157503889,0.6704568712630609,1.4458443589592291,0.9165387394882384,3d gaze,-0.7115913368212973,-18.88515798556054,91.81584126390423,683755.9730835 683755.977118 683755.9811525 683755.985187 683755.9892215 683755.993256 683755.9972905 683756.0013255 683756.00536 683756.0093944999 683756.013429 683756.0174635 683756.021498 683756.0255325 683756.029567 683756.0336015 683756.037636 683756.0416705 683756.0457049999 683756.0497395 683756.053774
1,683756.2676039999,84.72500008065253,7,10,0.5259943932581456,0.6900942435507799,1.2110651919771187,0.884921442378651,3d gaze,5.7405938091641335,-24.86307900628591,110.47917441907724,683756.2676039999 683756.2716385 683756.275673 683756.2797075 683756.283742 683756.2877765 683756.291811 683756.2958455 683756.2998800001 683756.3039145 683756.3079495 683756.311984 683756.3160185 683756.320053 683756.3240875 683756.328122 683756.3321565 683756.336191 683756.3402255 683756.34426 683756.3482945 683756.352329
2,683756.3563635,217.8645000094548,10,17,0.516123940769487,0.670617082230475,0.7505478175791543,0.8840414020750258,3d gaze,4.6588119357926026,-26.43540298339511,128.61000945437056,683756.3563635 683756.3603985 683756.364433 683756.3725020001 683756.3765364999 683756.380571 683756.3846055 683756.38864 683756.392461 683756.404778 683756.4088125 683756.4128469999 683756.4168815 683756.420916 683756.424737 683756.437054 683756.4410885 683756.445123 683756.453192 683756.4572265 683756.4612615 683756.465083 683756.4773995 683756.481434 683756.4854685001 683756.493538 683756.4975725 683756.501607 683756.5056415 683756.509676 683756.5137105 683756.517745 683756.5217795 683756.525814 683756.533883 683756.5379175 683756.541952 683756.5459865 683756.550021 683756.5540555 683756.55809 683756.5621245 683756.566159 683756.5701935 683756.574228
3,683756.6589535,129.10500005818903,19,23,0.5025772075484305,0.6621521582510833,1.4427195196066769,0.9145916709394166,3d gaze,1.2430544586609966,-18.53293770699364,93.72268777280684,683756.6589535 683756.662988 683756.6670225 683756.671057 683756.6750915 683756.679126 683756.6831605 683756.687195 683756.6912295 683756.695264 683756.6992985 683756.703333 683756.7073675 683756.711402 683756.7154365 683756.719471 683756.7235055 683756.72754 683756.7315745 683756.735609 683756.7396435 683756.743678 683756.7477125 683756.751747 683756.7557815 683756.759816 683756.7638505 683756.767885 683756.7719195 683756.7759545 683756.7799895 683756.7840239999 683756.7880585
4,683756.792093,80.68999997340143,23,25,0.5124110093080022,0.6768579448450416,1.3952651705571972,0.9082673745495933,3d gaze,2.641962857418883,-19.046080173850424,89.88175460346616,683756.792093 683756.7961275 683756.800162 683756.8041965 683756.808231 683756.8122655 683756.8163000001 683756.8203345 683756.824369 683756.8284035 683756.832438 683756.8364725 683756.840507 683756.8445415 683756.848576 683756.8526105 683756.8566449999 683756.8606795 683756.864714 683756.8687485 683756.872783
5,683756.8768175,125.07049995474517,26,29,0.518888835009025,0.6925347438020155,0.8433687456138174,0.9441434722393751,3d gaze,3.5488730878197936,-20.056462000000963,88.29449075860495,683756.8768175 683756.880852 683756.8848865 683756.8889210001 683756.8929555 683756.89699 683756.9010245 683756.905059 683756.9090935 683756.913128 683756.9171625 683756.921197 683756.925232 683756.9292669999 683756.9333015 683756.937336 683756.9413705 683756.945405 683756.9494395 683756.953474 683756.9575085 683756.961543 683756.9655774999 683756.969612 683756.9736465 683756.977681 683756.9817155 683756.98575 683756.9897845 683756.993819 683756.9978535 683757.0018879999
6,683757.16709,282.4170000385493,34,43,0.22628590886260297,0.5392916096984607,0.6347471436965769,0.8055044112768326,3d gaze,-334.2683097006196,-64.00119777918862,700.1006510341062,683757.16709 683757.449507
7,683757.990347,84.72550008445978,59,61,0.5958481460885231,0.7955625866069793,1.1155662346709967,0.8724792230696905,3d gaze,20.123638917157574,-38.84041369883615,115.77182825195199,683757.990347 683757.9943815 683757.998416 683758.0024505 683758.006485 683758.0105195 683758.014554 683758.018589 683758.0226235 683758.026658 683758.0306925001 683758.034727 683758.0427965 683758.046831 683758.0508655 683758.0549 683758.0589345 683758.062969 683758.0670035 683758.071038 683758.0750725
8,683758.0831415,141.20850001927465,62,66,0.5856428557447914,0.8030775781629839,1.1003209533709624,0.8660424767118512,3d gaze,18.801378755950854,-41.26440810507923,120.44591436406293,683758.0831415 683758.087176 683758.0912105 683758.095245 683758.0992795 683758.103314 683758.1073485 683758.1154175 683758.119452 683758.1234865 683758.127521 683758.1315555 683758.13559 683758.1396245 683758.143659 683758.1476935 683758.151728 683758.1557625 683758.159797 683758.1638315 683758.167866 683758.1719005 683758.1799695 683758.1840045 683758.188039 683758.1961085 683758.200143 683758.2041775 683758.208212 683758.2122465 683758.216281 683758.2203154999 683758.22435
9,683758.232205,96.8290000455454,66,69,0.5262726282013461,0.7054341542730266,0.16776575302475963,1.0,3d gaze,25.811980697946748,-117.8831176486583,491.3858465269595,683758.232205 683758.240274 683758.248343 683758.256412 683758.264481 683758.27255 683758.280619 683758.288688 683758.296757 683758.304826 683758.312895 683758.320964 683758.329034
10,683758.3494205,217.86400000564754,69,76,0.5936284940526225,0.8097584287665163,1.206305544872908,0.8737980285111595,3d gaze,23.966610607470397,-49.29175757322371,140.56074698029852,683758.3494205 683758.353455 683758.3574895 683758.361524 683758.3655584999 683758.369593 683758.3736275 683758.3816965 683758.385731 683758.3897655 683758.3978345001 683758.401869 683758.4059035 683758.4139725 683758.418007 683758.4220415 683758.426076 683758.4301105 683758.434145 683758.4381794999 683758.442214 683758.4462485 683758.450283 683758.4543175 683758.458352 683758.4623865 683758.466421 683758.4704555001 683758.478525 683758.4825595 683758.4865945 683758.490629 683758.4946635 683758.498698 683758.5027325 683758.506767 683758.5108015 683758.514836 683758.5188705 683758.522905 683758.5269395 683758.530974 683758.5350085 683758.539043 683758.5430775 683758.547112 683758.5511465 683758.555181 683758.5592155 683758.56325 683758.5672845
11,683758.660079,96.82849992532283,79,82,0.46963569251543835,0.6926482269328946,1.043969394485723,0.9162284338474274,3d gaze,-3.901599166758192,-21.5844526887377,94.9617062604019,683758.660079 683758.6641135 683758.668148 683758.6721825 683758.676217 683758.6802515 683758.684286 683758.6883205 683758.692355 683758.6963895 683758.700424 683758.7044585 683758.708493 683758.7125275 683758.716562 683758.7205965 683758.724631 683758.7286655 683758.7327 683758.7367345 683758.740769 683758.7448035 683758.7488385 683758.752873 683758.7569075
12,683759.1240495,157.3464999673888,93,97,0.5184289887433875,0.754681869497453,1.3879568363658017,0.8875512392134279,3d gaze,5.219395184415074,-37.525319745859555,129.77866759510454,683759.1240495 683759.128084 683759.1321185001 683759.136153 683759.1401875 683759.144222 683759.1482565 683759.152291 683759.1563255 683759.16036 683759.1643945 683759.168429 683759.1724634999 683759.1764985 683759.180533 683759.1845675 683759.188602 683759.196671 683759.2007055 683759.20474 683759.212809 683759.2168435 683759.220878 683759.2249125 683759.228947 683759.237016 683759.2410505 683759.2450850001 683759.2491195 683759.253154 683759.2571885 683759.2612235 683759.265258 683759.2692925 683759.273327 683759.2773615 683759.281396
13,683759.3459485,88.75950006768107,99,102,0.41634121410473296,0.6645429176457954,1.3757444199624982,0.9191873177238132,3d gaze,-10.379855531349213,-16.199835245814928,80.34029317873141,683759.3459485 683759.349983 683759.3540175 683759.3580519999 683759.3620865 683759.366121 683759.3701555 683759.37419 683759.3782245 683759.382259 683759.3862935 683759.3903280001 683759.3943625 683759.398397 683759.4024315 683759.406466 683759.4105005 683759.4145355 683759.41857 683759.4226045 683759.426639 683759.4306735 683759.434708
14,683759.579737,177.5189999025315,106,111,0.5038315612002707,0.6568049331807102,1.3702687528593795,0.9964341210282367,3d gaze,8.170193788963434,-103.54174807949549,537.7551069395572,683759.579737 683759.587806 683759.595875 683759.603944 683759.612013 683759.620082 683759.628151 683759.63622 683759.644289 683759.652358 683759.660427 683759.668496 683759.676565 683759.684634 683759.692703 683759.700772 683759.708841 683759.71691 683759.724979 683759.733049 683759.741118 683759.749187 683759.757256
15,683759.765325,217.86400000564754,112,118,0.49820314234512547,0.6511213158828729,0.7119547970499408,0.9988398977688381,3d gaze,3.266534399411441,-102.11293876151026,545.5690811364345,683759.765325 683759.773394 683759.781463 683759.789532 683759.797601 683759.80567 683759.813739 683759.821808 683759.829877 683759.837946 683759.846015 683759.854084 683759.862153 683759.870222 683759.878292 683759.886361 683759.89443 683759.902499 683759.910568 683759.918637 683759.926706 683759.934775 683759.942844 683759.950913 683759.958982 683759.967051 683759.97512 683759.983189
16,683760.285993,80.69099998101592,127,130,0.664940138546627,0.8530714815487528,0.543736918331022,0.8845268519301164,3d gaze,45.53747953483192,-60.95024804577989,148.75585496945513,683760.285993 683760.2900275 683760.294062 683760.298097 683760.3021315 683760.306166 683760.3102005001 683760.3142349999 683760.3182695 683760.322304 683760.3263385 683760.3344075 683760.338442 683760.3424765 683760.346511 683760.3505460001 683760.358615 683760.3626495 683760.366684
17,683760.431236,84.72549996804446,132,134,0.6897911700746577,0.855187806165829,1.4162913914710964,0.9086636673836481,3d gaze,48.174711919074376,-56.55008538439719,135.30801347418782,683760.431236 683760.4352705 683760.439305 683760.44334 683760.4473745 683760.451409 683760.4554435001 683760.459478 683760.4635125 683760.467547 683760.4715815 683760.475616 683760.4796505 683760.483685 683760.4877195 683760.491754 683760.4957885 683760.5038575 683760.5078925 683760.511927 683760.5159615
18,683760.959544,217.86500001326203,147,154,0.5687642301503415,0.6119757768341846,1.253072912849769,1.0,3d gaze,61.07179674180337,-75.91459068398899,502.0001883367148,683760.959544 683760.967613 683760.975683 683760.983752 683760.991821 683760.99989 683761.007959 683761.016028 683761.024097 683761.032166 683761.040235 683761.048304 683761.056373 683761.064442 683761.072511 683761.08058 683761.088649 683761.096718 683761.104787 683761.112856 683761.120925 683761.128995 683761.137064 683761.145133 683761.153202 683761.161271 683761.16934 683761.177409
19,683761.185478,217.86400000564754,154,161,0.5734503470826354,0.6081048228534037,1.4105191878859145,0.9847122626057987,3d gaze,58.66479883649156,-67.57071732784736,458.3333026800673,683761.185478 683761.193547 683761.201616 683761.209685 683761.217754 683761.225823 683761.233892 683761.241961 683761.25003 683761.258099 683761.266168 683761.274237 683761.2865565 683761.290591 683761.2946255 683761.298445 683761.306514 683761.314583 683761.322652 683761.330721 683761.33879 683761.346859 683761.354928 683761.362997 683761.371066 683761.379135 683761.387204 683761.395273 683761.403342
20,683761.411411,161.38100007083267,161,166,0.5785417941011379,0.6050842104624418,0.7851323866768989,1.0,3d gaze,68.31231613747737,-71.88613279564126,495.64742544829556,683761.411411 683761.41948 683761.427549 683761.435618 683761.443688 683761.451757 683761.459826 683761.467895 683761.475964 683761.484033 683761.492102 683761.500171 683761.50824 683761.516309 683761.524378 683761.532447 683761.540516 683761.548585 683761.556654 683761.564723 683761.572792
21,683761.580861,105.11300002690405,166,169,0.5673821553535966,0.6259519798377952,1.3148464790024597,0.913102008047558,3d gaze,15.625575508268382,-21.428949442869513,130.89967495182793,683761.580861 683761.58893 683761.601249 683761.605284 683761.6093185 683761.613353 683761.6173875 683761.621422 683761.6254565 683761.6335255 683761.63756 683761.6415945 683761.645629 683761.6496635 683761.653698 683761.6577325 683761.661767 683761.6698360001 683761.677905 683761.6819395 683761.685974
22,683761.8634935,169.44999992847443,174,179,0.46526322438762824,0.6518063047754106,1.4896884047072982,0.9378690962181535,3d gaze,-4.858806137490925,-19.07711047824133,101.46521714533779,683761.8634935 683761.867528 683761.8715625 683761.875597 683761.8796315 683761.883666 683761.8877005 683761.8917350001 683761.8957694999 683761.899804 683761.9038385 683761.9078735 683761.911908 683761.9159425 683761.919977 683761.9240115 683761.928046 683761.9320805001 683761.936115 683761.9401495 683761.944184 683761.9482185 683761.952253 683761.9562875 683761.960322 683761.9643565 683761.9683910001 683761.9724254999 683761.97646 683761.9804945 683761.984529 683761.9885635 683761.9925985 683761.996633 683762.0006675 683762.004702 683762.0087365 683762.0127709999 683762.0168055 683762.02084 683762.0248745 683762.028909 683762.0329435
23,683762.0369780001,137.1739999158308,180,184,0.4539352414092595,0.656050884511278,1.0856201178121117,0.9404451395784106,3d gaze,-6.498811599712358,-18.75647851563244,97.54054845298454,683762.0369780001 683762.0410125 683762.045047 683762.0490815 683762.053116 683762.0571505 683762.0611855 683762.06522 683762.0692545 683762.073289 683762.0773235001 683762.0813579999 683762.0853925 683762.089427 683762.0934615 683762.097496 683762.1015305 683762.105565 683762.1095995 683762.113634 683762.1176684999 683762.121703 683762.1257375 683762.129772 683762.1338065 683762.1378415 683762.141876 683762.1459105 683762.149945 683762.1539795 683762.1580139999 683762.1620485 683762.166083 683762.1701175 683762.174152
24,683762.2144975,84.72500008065253,185,187,0.43484158055261574,0.6145586552345587,1.497618560174085,0.9512806318022988,3d gaze,-9.309128660562386,-14.637385056315122,95.4026856076855,683762.2144975 683762.218532 683762.2225665001 683762.226601 683762.2306355 683762.23467 683762.2387045 683762.242739 683762.2467735 683762.250808 683762.2548425 683762.258877 683762.2629115 683762.266946 683762.2709805 683762.2750155 683762.27905 683762.2830845 683762.287119 683762.2911535 683762.295188 683762.2992225001
25,683762.3557055,165.4154999414459,189,194,0.42821342379186755,0.5729086429975152,1.459404336726919,0.958975632985433,3d gaze,-9.816217508708688,-10.402468165304336,90.83304465612598,683762.3557055 683762.35974 683762.3637745 683762.367809 683762.3718435001 683762.3758785 683762.379913 683762.3839475 683762.387982 683762.3920165 683762.396051 683762.4000855 683762.40412 683762.4081545 683762.4121894999 683762.416224 683762.4202585 683762.424293 683762.4283275 683762.432362 683762.4363965 683762.440431 683762.4444655 683762.4484999999 683762.4525345 683762.456569 683762.4606035 683762.464638 683762.4686725 683762.472707 683762.4767415 683762.4807760001 683762.4848104999 683762.488845 683762.4928795 683762.496914 683762.5009485 683762.504983 683762.5090175 683762.513052 683762.5170865001 683762.5211209999
26,683762.5251555,217.86500001326203,194,201,0.4385293643544257,0.570620289318348,1.1435806219470201,0.9365692366253245,3d gaze,-8.454071640666815,-10.4163825601314,92.79393425295213,683762.5251555 683762.5291905 683762.533225 683762.5372595 683762.541294 683762.5453285 683762.549363 683762.5533975 683762.5574325 683762.561467 683762.5655015 683762.569536 683762.5735705 683762.577605 683762.5816395 683762.585674 683762.5897085 683762.593743 683762.5977775 683762.6018119999 683762.6058465 683762.609881 683762.6139155 683762.61795 683762.6219845 683762.6260190001 683762.6300535 683762.634088 683762.6381225 683762.642157 683762.6461915 683762.650226 683762.6542605 683762.658295 683762.6623295 683762.666364 683762.6703985 683762.6744335 683762.678468 683762.6825025 683762.686537 683762.6905715 683762.6946065 683762.698641 683762.7026755 683762.70671 683762.7107445 683762.714779 683762.7188135 683762.722848 683762.7268825 683762.730917 683762.7349515 683762.738986 683762.7430205
27,683762.7470549999,145.2430001227185,201,205,0.43599938985576486,0.5705109347221523,1.0742484709279108,0.9273817849892271,3d gaze,-8.847369726513195,-10.416741084979872,92.86634593472839,683762.7470549999 683762.7510895 683762.755124 683762.7591585 683762.763193 683762.7672275 683762.7712620001 683762.7752965 683762.779331 683762.7833655 683762.7874 683762.7914345 683762.795469 683762.7995035 683762.803538 683762.8075725 683762.811607 683762.8156415 683762.8196759999 683762.8237105 683762.827745 683762.8317795 683762.8358145 683762.8398495 683762.843884 683762.8479185 683762.8519530001 683762.8559874999 683762.860022 683762.8640565 683762.868091 683762.8721255 683762.87616 683762.8801945 683762.884229 683762.892298
28,683763.6185125,108.93250000663102,227,230,0.4961656170226921,0.6292503805314226,1.381747816894251,0.8807939114394011,3d gaze,0.2900256057366992,-17.719109931781112,106.35993841550265,683763.6185125 683763.6225475001 683763.6265819999 683763.6306165 683763.634651 683763.6386855 683763.64272 683763.6467545 683763.650789 683763.6548235 683763.6588580001 683763.6628924999 683763.666927 683763.6709615 683763.674996 683763.6830655 683763.6871 683763.6911345001 683763.695169 683763.6992035001 683763.7032379999 683763.7072725 683763.711307 683763.7153415 683763.719376 683763.7234105 683763.727445
29,683763.8041010001,80.69049986079335,232,235,0.49418443135606194,0.6226412523884802,1.4159419318475353,0.9292025679633731,3d gaze,-0.05632543218061685,-15.709651533239665,98.03408653926397,683763.8041010001 683763.8081355 683763.81217 683763.8162045 683763.820239 683763.824274 683763.8283085 683763.832343 683763.8363775 683763.840412 683763.8444465001 683763.8484809999 683763.8525155 683763.85655 683763.8605845 683763.864619 683763.8686535 683763.872688 683763.8767225 683763.8807570001 683763.8847914999
30,683763.888826,217.86500001326203,235,241,0.49069286329897954,0.6254733693398927,1.3649013917190347,0.9307779864831405,3d gaze,-0.6007256241946531,-15.70216264212003,96.33275565633569,683763.888826 683763.8928605 683763.896895 683763.9009295 683763.904964 683763.9089985 683763.913033 683763.9170675001 683763.9211019999 683763.9251369999 683763.9291715 683763.933206 683763.9372405 683763.941275 683763.9453095 683763.9493440001 683763.9533785 683763.957413 683763.961448 683763.9654824999 683763.969517 683763.9735515 683763.977586 683763.9816205 683763.985655 683763.9896895001 683763.9937239999 683763.9977585 683764.001793 683764.0058275 683764.009862 683764.0138965 683764.017931 683764.0219655 683764.0260000001 683764.0300344999 683764.034069 683764.0381034999 683764.042138 683764.0461725 683764.050207 683764.0542415 683764.058276 683764.0623105001 683764.0663449999 683764.0703795 683764.074414 683764.078449 683764.0824835 683764.086518 683764.0905525 683764.094587 683764.0986215 683764.1026560001 683764.106691
31,683764.2317605,108.93250000663102,245,248,0.43520262560708656,0.672993659656323,1.445748308956131,0.9726625489337104,3d gaze,-9.216490896178689,-19.68065562550776,94.16752749863295,683764.2317605 683764.235795 683764.23983 683764.243865 683764.2478995 683764.251934 683764.2559684999 683764.260003 683764.2640375 683764.268072 683764.2721065 683764.276141 683764.2801755001 683764.28421 683764.2882445 683764.2922789999 683764.2963135 683764.300348 683764.3043825 683764.308417 683764.3124515 683764.316486 683764.3205205 683764.324555 683764.3285894999 683764.332624 683764.3366585 683764.340693
32,683764.3447275,217.86500001326203,248,255,0.43282785545359537,0.6704812462333763,0.5860022225147198,0.9619773868119942,3d gaze,-9.305860857210607,-18.88533634404101,91.37214580166146,683764.3447275 683764.348762 683764.3527965001 683764.356831 683764.3608655 683764.3648999999 683764.3689345 683764.372969 683764.3770035 683764.381038 683764.3850725 683764.3891075 683764.3931425 683764.3971770001 683764.4012114999 683764.405246 683764.4092805 683764.413315 683764.4173495 683764.421384 683764.4254185 683764.429453 683764.4334875001 683764.4375219999 683764.4415565 683764.445591 683764.4496255 683764.45366 683764.4576945 683764.461729 683764.4657635 683764.4697980001 683764.4738324999 683764.477867 683764.485936 683764.494005 683764.4980395 683764.502074 683764.5061085001 683764.5101429999 683764.5141775 683764.518212 683764.5222465 683764.5262815 683764.530316 683764.5343505 683764.5383850001 683764.5424195 683764.546454 683764.5504884999 683764.5545234999 683764.558558 683764.5625925
33,683764.577826,217.86400000564754,255,262,0.4506203009468932,0.669170973423783,1.3138786748012636,0.9291269302368164,3d gaze,-6.781253974619172,-19.22691590922401,93.82488917714862,683764.577826 683764.5818604999 683764.585895 683764.5899295 683764.593964 683764.5979985 683764.602033 683764.6060675001 683764.610102 683764.6141365 683764.6181709999 683764.6222055 683764.6262399999 683764.6302745 683764.6343090001 683764.6383435 683764.6423780001 683764.6464125 683764.650447 683764.6544814999 683764.658516 683764.6625505 683764.666585 683764.67062 683764.6746545001 683764.678689 683764.6827235001 683764.6867579999 683764.6907925 683764.6948269999 683764.6988615 683764.702896 683764.7069305 683764.7109650001 683764.7150000001 683764.7190345 683764.723069 683764.7271034999 683764.731138 683764.7351725 683764.739207 683764.7432415 683764.747276 683764.7513105001 683764.755345 683764.7593795 683764.7634139999 683764.7674485 683764.7714829999 683764.7755175 683764.779552 683764.7835865 683764.7876210001 683764.7916555 683764.79569
34,683764.7997244999,137.1740000322461,262,266,0.4450796768579164,0.6609638596474248,0.4831732222917342,0.942454091991697,3d gaze,-7.404626436605052,-17.943024099274954,91.00725147999495,683764.7997244999 683764.803759 683764.807794 683764.8118284999 683764.815863 683764.8198975001 683764.823932 683764.8279665001 683764.832001 683764.8360355 683764.8400699999 683764.8441045 683764.848139 683764.8521735 683764.856208 683764.8602425 683764.8642770001 683764.8683115 683764.872346 683764.8763804999 683764.880415 683764.8844494999 683764.888484 683764.8925185001 683764.896553 683764.9005875001 683764.904622 683764.9086565 683764.9126909999 683764.9167259999 683764.9207605 683764.924795 683764.9288295 683764.9328640001 683764.9368985
35,683765.0458305001,92.79449982568622,269,272,0.1255885464495644,0.05831684025665107,1.3946973261650037,0.970156396428744,3d gaze,-1050.14145182707,622.6266179792622,1311.993025586182,683765.0458305001 683765.049865 683765.0538995 683765.0579339999 683765.0619685 683765.066003 683765.0700375 683765.074072 683765.0781065 683765.0821410001 683765.0861755 683765.0902104999 683765.094245 683765.0982794999 683765.102314 683765.1063485 683765.110383 683765.1144175001 683765.118452 683765.1224865001 683765.1265215001 683765.1305559999 683765.1345905 683765.1386249999
36,683765.1426595,173.48399991169572,272,277,0.12516001077954894,0.0491262558976477,1.1522457649860867,0.9898908314379778,3d gaze,-708.1483535977059,430.359022650785,877.4516448882707,683765.1426595 683765.146694 683765.1507285 683765.1547630001 683765.1587975 683765.1628320001 683765.1668664999 683765.170901 683765.1749354999 683765.17897 683765.1830045 683765.187039 683765.1910735001 683765.195108 683765.1991425001 683765.2031769999 683765.2072115 683765.2112459999 683765.2152805 683765.219315 683765.2233495 683765.2273845 683765.2314190001 683765.2354535 683765.239488 683765.2435224999 683765.247557 683765.2515915 683765.255626 683765.2596605 683765.263695 683765.2677295001 683765.271764 683765.2757985 683765.2798329999 683765.2838675 683765.2879019999 683765.2919365 683765.2959710001 683765.3000055 683765.3040400001 683765.3080745 683765.312109 683765.3161434999
37,683765.408938,112.96700011007488,280,284,0.16850039148621712,0.17285931183259792,1.3599339966864934,0.9362130596719939,3d gaze,-5264.031394210927,2505.8976719186116,8124.127324611767,683765.408938 683765.4129725001 683765.417007 683765.4210415 683765.4250759999 683765.4291105 683765.4331449999 683765.4371795 683765.4412140001 683765.4452485 683765.4492830001 683765.4533175 683765.457352 683765.4613864999 683765.465421 683765.4694554999 683765.47349 683765.4775245 683765.481559 683765.4855935001 683765.489628 683765.4936625 683765.4976969999 683765.5017315 683765.5057659999 683765.509801 683765.513836 683765.5178705 683765.5219050001
38,683765.6308365001,80.69049986079335,287,289,0.42474529450607595,0.25464539721651547,1.4039023420258754,0.8359294874327523,3d gaze,-9.58548888568023,14.960251617170817,83.52767926831876,683765.6308365001 683765.634871 683765.6389055001 683765.6429399999 683765.6469745 683765.6510089999 683765.6550435 683765.659078 683765.663113 683765.6671475 683765.6711820001 683765.6752165 683765.679251 683765.6832854999 683765.68732 683765.6913544999 683765.695389 683765.6994235001 683765.703458 683765.7074925001 683765.711527
39,683766.417569,80.69049986079335,310,313,0.6010959071786174,0.7933652795735852,1.2807011568721558,0.9018630966544151,3d gaze,35.88501851005013,-65.47162682476457,196.27852313023087,683766.417569 683766.4216034999 683766.425638 683766.433707 683766.4377415001 683766.441776 683766.4458105001 683766.4498449999 683766.4538795 683766.4579139999 683766.4619485 683766.465983 683766.4700175 683766.4740520001 683766.4780865 683766.4821210001 683766.4861554999 683766.49019 683766.494225 683766.4982594999
40,683766.5345705,137.17349991202354,314,318,0.4921029734605263,0.6486707566797373,1.4570948984891101,0.924487647839955,3d gaze,-0.36992712640173536,-17.35575300666822,93.8823847571439,683766.5345705 683766.5386049999 683766.5426395 683766.5466740001 683766.5507085 683766.5547430001 683766.5587775 683766.562812 683766.5668464999 683766.570881 683766.5749155 683766.57895 683766.5829845001 683766.587019 683766.5910535001 683766.595088 683766.5991225 683766.6031569999 683766.6071915 683766.6112259999 683766.6152605 683766.6192950001 683766.6233295 683766.6273640001 683766.6313985 683766.635433 683766.639468 683766.6435024999 683766.647537 683766.6515715 683766.655606 683766.6596405001 683766.663675 683766.6677095001 683766.6717439999
41,683766.6757785,217.86400000564754,318,324,0.49900242179214105,0.64510525698069,0.6825339120538862,0.9240092239596627,3d gaze,0.7333098862716867,-18.213033461519622,100.39585926067143,683766.6757785 683766.6798129999 683766.6838475 683766.687882 683766.6919165 683766.6959510001 683766.6999855 683766.7040200001 683766.7080544999 683766.712089 683766.716124 683766.7201584999 683766.724193 683766.7282275001 683766.732262 683766.7362965001 683766.740331 683766.7443655 683766.7483999999 683766.7524345 683766.7564689999 683766.7605035 683766.7645380001 683766.7685725 683766.7726070001 683766.7766420001 683766.7806764999 683766.784711 683766.7887454999 683766.79278 683766.7968145 683766.800849 683766.8048835001 683766.808918 683766.8129525001 683766.8169869999 683766.8210215 683766.8250559999 683766.8290905 683766.833125 683766.8371595 683766.8411940001 683766.8452285 683766.8492630001 683766.8532974999 683766.857332 683766.8613664999 683766.865401 683766.8694355 683766.87347 683766.8775045001 683766.881539 683766.8855735001 683766.8896079999 683766.8936425
42,683766.8976769999,217.86500001326203,325,331,0.5019310921637604,0.6462397157119966,0.9546600679618301,0.9203717947006226,3d gaze,1.2006695119014454,-18.040472734317373,98.82252626908164,683766.8976769999 683766.9017115 683766.905746 683766.9097810001 683766.9138155 683766.9178500001 683766.9218850001 683766.9259195 683766.929954 683766.9339884999 683766.938023 683766.9420574999 683766.946092 683766.9501265001 683766.954161 683766.9581955001 683766.96223 683766.9662645 683766.9702989999 683766.9743335 683766.9783679999 683766.9824025 683766.9864370001 683766.9904715 683766.9945060001 683766.9985405 683767.002575 683767.0066094999 683767.010644 683767.0146784999 683767.018713 683767.0227475001 683767.026782 683767.0308165001 683767.034851 683767.0388855 683767.0429199999 683767.0469545 683767.0509889999 683767.0550235 683767.0590580001 683767.0630925 683767.0671275 683767.0711620001 683767.0751964999 683767.079231 683767.0832654999 683767.0873 683767.0913345 683767.095369 683767.0994035001 683767.1034385001 683767.107473 683767.1115075 683767.1155419999
43,683767.1195765,189.62249998003244,331,337,0.4905649862918528,0.6418687718523438,0.8699670131312852,0.9142619681855043,3d gaze,-0.6200867318402937,-17.001886648662467,95.31801851052394,683767.1195765 683767.1236109999 683767.1276455 683767.1316800001 683767.1357145 683767.1397490001 683767.1437835 683767.147818 683767.1518524999 683767.155887 683767.1599214999 683767.163956 683767.1679905001 683767.172025 683767.1760595001 683767.180094 683767.1841285 683767.1881629999 683767.1921975 683767.1962319999 683767.2002665 683767.2043015 683767.2083360001 683767.2123705 683767.2164050001 683767.2204395 683767.224474 683767.2285084999 683767.232543 683767.2365774999 683767.240612 683767.2446465001 683767.248681 683767.2527155001 683767.25675 683767.2607845 683767.2648189999 683767.2688535 683767.272888 683767.2769225 683767.2809570001 683767.2849915 683767.2890260001 683767.2930605 683767.297095 683767.3011294999 683767.3051644999 683767.309199
44,683767.547236,108.93200011923909,344,347,0.511557636301078,0.7238152992990587,1.3588048540875048,0.8728391230106354,3d gaze,4.245000745818509,-38.358334768647815,148.71212029637343,683767.547236 683767.5512705001 683767.5553049999 683767.5593395 683767.5633739999 683767.5674085 683767.571443 683767.5754775 683767.5795120001 683767.5835465 683767.587581 683767.5916154999 683767.59565 683767.5996844999 683767.603719 683767.6077535001 683767.611788 683767.6158225001 683767.619857 683767.623892 683767.6279265 683767.6359955 683767.6400299999 683767.6440645 683767.6480990001 683767.6521335 683767.6561680001
45,683767.6763405,125.0705000711605,348,352,0.5102411698686233,0.7103028069367642,0.5984453760503012,0.8863156223669648,3d gaze,3.5245777464113206,-33.161225536534396,135.62904058622186,683767.6763405 683767.680375 683767.6844095001 683767.688444 683767.6924785001 683767.696513 683767.7005475 683767.7045819999 683767.7086169999 683767.7126515 683767.716686 683767.7207205 683767.7247550001 683767.7287895 683767.7328240001 683767.7368584999 683767.740893 683767.7449274999 683767.748962 683767.7529965 683767.757031 683767.761066 683767.7651005001 683767.7691345001 683767.7731689999 683767.7772039999 683767.7812385 683767.7852729999 683767.7893075 683767.7933420001 683767.7973765 683767.8014110001
46,683767.825618,217.86449989303946,352,359,0.4636457579916082,0.6845883573972166,1.4005068298427554,0.9277532062747261,3d gaze,-5.5315855830849845,-23.874418432645072,108.71940279121486,683767.825618 683767.8296525 683767.833687 683767.8377215001 683767.841756 683767.8457905 683767.8498249999 683767.8538595 683767.8578939999 683767.8619285 683767.8659630001 683767.8699975 683767.8740320001 683767.8780665 683767.882101 683767.8861354999 683767.89017 683767.8942045 683767.898239 683767.902274 683767.906309 683767.9103435001 683767.914378 683767.9184125001 683767.9224469999 683767.9264815 683767.9305159999 683767.9345505 683767.9385850001 683767.9426195 683767.9466540001 683767.9506885 683767.9547230001 683767.9587574999 683767.962792 683767.9668264999 683767.970861 683767.9748955 683767.97893 683767.9829645001 683767.986999 683767.9910335001 683767.9950679999 683767.9991025 683768.0031369999 683768.0071715 683768.0112060001 683768.0152405 683768.0192750001 683768.0233095 683768.0273440001 683768.0313784999 683768.035413 683768.0394474999 683768.0434824999
47,683768.047517,217.86400000564754,359,365,0.46380953624161575,0.6824552190283972,1.3263866699607882,0.9358047555793415,3d gaze,-5.22979236327134,-22.457511585677466,103.2402603139223,683768.047517 683768.0515515001 683768.055586 683768.0596205001 683768.063655 683768.0676895 683768.0717239999 683768.0757585 683768.079793 683768.0838275 683768.087862 683768.0918965 683768.0959315 683768.0999660001 683768.1040004999 683768.108035 683768.1120694999 683768.116104 683768.1201385 683768.124173 683768.1282075001 683768.132242 683768.1362765001 683768.1403109999 683768.1443455 683768.1483799999 683768.1524145 683768.156449 683768.1604835 683768.1645180001 683768.1685525 683768.1725870001 683768.1766214999 683768.180656 683768.1846904999 683768.1887254999 683768.19276 683768.1967945001 683768.200829 683768.2048635001 683768.208898 683768.2129325 683768.2169669999 683768.2210015 683768.225036 683768.2290705 683768.233105 683768.2371395 683768.2411740001 683768.2452085 683768.249243 683768.2532774999 683768.257312 683768.2613464999 683768.265381
48,683768.4388655,80.69099998101592,371,373,0.3815660959998967,0.6407935796284067,1.478956894842141,0.9888634766851153,3d gaze,-18.009402970549413,-17.32307719140902,96.04073697478064,683768.4388655 683768.4428999999 683768.4469345 683768.450969 683768.4550035 683768.4590380001 683768.4630725 683768.4671070001 683768.4711414999 683768.475176 683768.479211 683768.4832455 683768.48728 683768.4913145 683768.495349 683768.4993835001 683768.503418 683768.5074529999 683768.5114875 683768.5155219999 683768.5195565
49,683768.523591,217.86400000564754,373,380,0.37418163940805144,0.6369701436653402,0.9227461037584185,0.9932926893234253,3d gaze,-18.758006859537144,-16.574950009946303,93.66747899448374,683768.523591 683768.5276255 683768.5316600001 683768.5356945 683768.5397290001 683768.5437634999 683768.547798 683768.5518324999 683768.555867 683768.5599015 683768.563936 683768.5679705001 683768.572005 683768.5760395001 683768.5800739999 683768.5841085 683768.5881429999 683768.5921775 683768.596212 683768.6002465 683768.6042810001 683768.6083160001 683768.6123505 683768.6163850001 683768.6204194999 683768.624454 683768.6284885 683768.632523 683768.6365575 683768.640592 683768.6446265001 683768.648661 683768.6526955001 683768.6567299999 683768.6607645 683768.6647989999 683768.6688335 683768.672868 683768.6769025 683768.6809370001 683768.6849715 683768.6890060001 683768.6930404999 683768.697075 683768.70111 683768.7051444999 683768.709179 683768.7132135001 683768.717248 683768.7212825001 683768.725317 683768.7293515 683768.7333859999 683768.7374205 683768.741455
50,683768.818111,96.8290000455454,382,385,0.3726688123870964,0.5674304616862127,1.4903840346341215,0.9850724494457245,3d gaze,-18.54453740674113,-10.229405774601572,92.21258063429273,683768.818111 683768.8221455 683768.8261800001 683768.8302145 683768.8342490001 683768.8382834999 683768.842318 683768.8463524999 683768.850387 683768.8544215 683768.858456 683768.8624905001 683768.866525 683768.8705595001 683768.8745939999 683768.8786285 683768.8826629999 683768.8866975 683768.8907325 683768.8947675 683768.8988020001 683768.9028365 683768.9068710001 683768.9109055 683768.91494
51,683768.9189744999,217.86400000564754,385,391,0.37254745190260047,0.5578497182125768,0.5067698326835252,0.9855143162939284,3d gaze,-18.487549396721935,-9.365884115271818,91.91086034740128,683768.9189744999 683768.923009 683768.9270435 683768.931078 683768.9351125 683768.939147 683768.9431815001 683768.947216 683768.9512505 683768.9552849999 683768.9593195 683768.963354 683768.9673885 683768.9714230001 683768.9754575 683768.9794920001 683768.9835265 683768.987561 683768.9915954999 683768.9996644999 683769.003699 683769.0077335 683769.011768 683769.0158025001 683769.0198369999 683769.0238715 683769.0279059999 683769.0319405 683769.0359755 683769.04001 683769.0440445 683769.0480790001 683769.0521135 683769.0561480001 683769.0601824999 683769.064217 683769.0682514999 683769.072286 683769.0763205 683769.080355 683769.0843895001 683769.0884245001 683769.092459 683769.0964935 683769.1005279999 683769.1045625 683769.1085969999 683769.1126315 683769.1166660001 683769.1207005 683769.1247350001 683769.1287695 683769.132804 683769.1368384999
52,683769.140873,217.86449989303946,392,398,0.3776892494022329,0.5557101602700936,0.8823186944607126,0.9733183557336981,3d gaze,-17.80966683456429,-9.236011607739941,92.60509832100642,683769.140873 683769.1449075 683769.148942 683769.1529765 683769.157011 683769.1610455001 683769.16508 683769.1691145 683769.1731495 683769.1771839999 683769.1812185 683769.185253 683769.1892875 683769.193322 683769.1973565 683769.2013910001 683769.2054254999 683769.20946 683769.2134944999 683769.217529 683769.2215635 683769.225598 683769.2296325001 683769.233667 683769.2377015001 683769.2417359999 683769.2457705 683769.2498049999 683769.2538395 683769.257874 683769.2619085 683769.265943 683769.2699775 683769.2740120001 683769.2780464999 683769.282081 683769.2861154999 683769.29015 683769.2941845 683769.2982195 683769.302254 683769.3062885001 683769.310323 683769.3143575 683769.3183925 683769.3224269999 683769.3264615 683769.330496 683769.3345305 683769.338565 683769.3425995 683769.3466340001 683769.3506685 683769.354703 683769.3587374999
53,683769.362772,217.86400000564754,398,405,0.3814989024524721,0.5511104867807735,0.5261974502852921,0.9775476791641929,3d gaze,-17.227435533565046,-8.84023933968029,92.72816892898965,683769.362772 683769.3668065 683769.370841 683769.3748755001 683769.37891 683769.3829445001 683769.386979 683769.3910135 683769.3950479999 683769.3990825 683769.403117 683769.4071515 683769.411186 683769.4152205 683769.4192550001 683769.4232895 683769.427324 683769.4313584999 683769.435393 683769.4394275 683769.443462 683769.4474965001 683769.451531 683769.455566 683769.4596005001 683769.4636349999 683769.4676695 683769.4717039999 683769.4757385 683769.479773 683769.4838075 683769.4878420001 683769.4918765 683769.4959110001 683769.499946 683769.5039804999 683769.508015 683769.5120494999 683769.516084 683769.5201185 683769.524153 683769.5281875001 683769.532222 683769.5362565 683769.5402909999 683769.5443255 683769.54836 683769.5523945 683769.556429 683769.5604635 683769.5644980001 683769.5685325 683769.572567 683769.5766014999 683769.580636
54,683769.5846704999,217.8645001258701,405,411,0.3846333632774575,0.5536228792391911,0.8807033982527196,0.9806164806539363,3d gaze,-17.089016563125277,-9.244310113573857,94.69141696407166,683769.5846704999 683769.588705 683769.5927395 683769.596774 683769.600809 683769.6048435001 683769.6088779999 683769.6129125 683769.6169469999 683769.6209815 683769.625016 683769.6290505 683769.6330850001 683769.6371195 683769.6411540001 683769.6451884999 683769.649223 683769.6532574999 683769.657292 683769.6613265 683769.665361 683769.6693955 683769.67343 683769.6774645001 683769.6814989999 683769.6855335 683769.6895679999 683769.693603 683769.6976375 683769.701672 683769.7057065 683769.7097410001 683769.7137755 683769.7178100001 683769.7218444999 683769.725879 683769.7299134999 683769.733948 683769.7379825 683769.742017 683769.746052 683769.7500865001 683769.754121 683769.7581555 683769.7621899999 683769.7662245 683769.770259 683769.7742935 683769.778328 683769.7823625 683769.7863970001 683769.7904315 683769.794466 683769.7985004999 683769.802535
55,683769.8832255,129.1045000543818,414,418,0.44323714243260864,0.5699210894682925,1.4576448396114554,0.9232838365339464,3d gaze,-8.123365330700533,-10.857107190515999,97.31960617653704,683769.8832255 683769.8872605 683769.891295 683769.8953295001 683769.899364 683769.9033985 683769.9074329999 683769.9114675 683769.9155019999 683769.9195365 683769.923571 683769.9276055 683769.9316400001 683769.9356745 683769.939709 683769.947778 683769.955847 683769.9598815 683769.963916 683769.9679505001 683769.971985 683769.9760195 683769.9800539999 683769.9840885 683769.988123 683769.9921575 683769.996192 683770.0002265 683770.0042610001 683770.0082955 683770.01233
56,683770.0163644999,217.8645001258701,418,424,0.44999289896058176,0.5813088621363698,0.9591100198542969,0.9256091367114674,3d gaze,-7.022766484056942,-11.827907180011495,96.93434985982559,683770.0163644999 683770.020399 683770.0244335 683770.0284685 683770.032503 683770.0365375 683770.040572 683770.0446065001 683770.048641 683770.0526755 683770.05671 683770.0607445 683770.064779 683770.0688135 683770.072848 683770.0768825 683770.0809170001 683770.0849515 683770.0889864999 683770.093021 683770.0970555 683770.10109 683770.1051245 683770.109159 683770.1131935 683770.117228 683770.1212625001 683770.1252969999 683770.1293315 683770.1333659999 683770.1374005 683770.141435 683770.1454695 683770.1495040001 683770.1535385 683770.1575735 683770.161608 683770.1656424999 683770.169677 683770.1737115 683770.177746 683770.1817805 683770.185815 683770.1898495001 683770.193884 683770.1979185 683770.2019529999 683770.2059875 683770.210022 683770.2140565 683770.218091 683770.2221255 683770.2261600001 683770.2301945 683770.234229
57,683770.2382634999,217.8645001258701,424,431,0.44749802494722796,0.5805240523795642,0.5531850941099994,0.9357934361154383,3d gaze,-7.445911720247852,-11.803882607335696,97.31352696221299,683770.2382634999 683770.242298 683770.2463325 683770.250367 683770.2544015 683770.258436 683770.2624705001 683770.266505 683770.2705395 683770.2745739999 683770.2786085 683770.282643 683770.2866775 683770.290712 683770.2947465 683770.2987815 683770.3028160001 683770.3068504999 683770.3108854999 683770.31492 683770.3189545 683770.322989 683770.3270235 683770.331058 683770.3350925001 683770.339127 683770.3431615001 683770.3471959999 683770.3512305 683770.355265 683770.3592995 683770.363334 683770.3673685 683770.371403 683770.3754375 683770.3794720001 683770.3835064999 683770.387541 683770.3915755 683770.39561 683770.3996445 683770.403679 683770.4077135001 683770.411748 683770.4157825001 683770.4198169999 683770.4238515 683770.427886 683770.4319205 683770.435955 683770.43999 683770.4440245 683770.4480590001 683770.4520935 683770.456128
58,683770.4601625,217.86399988923222,431,437,0.44378456433618385,0.5825962575467819,0.79738341896459,0.9409550227902153,3d gaze,-8.187182668108262,-12.216323281672793,99.08999949738275,683770.4601625 683770.464197 683770.4682315 683770.472266 683770.4763005 683770.480335 683770.4843695001 683770.488404 683770.4924389999 683770.4964735 683770.500508 683770.5045425 683770.508577 683770.5126115 683770.516646 683770.5206805 683770.5247150001 683770.5287494999 683770.532784 683770.5368184999 683770.540853 683770.5448875 683770.548922 683770.5529565001 683770.556991 683770.5610255001 683770.5650599999 683770.5690945 683770.573129 683770.577164 683770.5811985 683770.585233 683770.5892675 683770.5933020001 683770.5973365 683770.601371 683770.6054054999 683770.60944 683770.6134745 683770.617509 683770.6215435 683770.625578 683770.6296125 683770.633647 683770.6376815 683770.6417159999 683770.6457505 683770.649785 683770.6538195 683770.657854 683770.6618885 683770.6659230001 683770.6699575 683770.673992 683770.6780264999
59,683770.682061,217.86500001326203,438,444,0.44160524849799915,0.5921531199320452,0.6873456317813043,0.9394656240940094,3d gaze,-8.485588511443105,-13.005122475883217,98.36855787332537,683770.682061 683770.686096 683770.6901305 683770.694165 683770.6981995 683770.702234 683770.7062685001 683770.7103029999 683770.7143375 683770.718372 683770.722407 683770.7264415 683770.730476 683770.7345105 683770.7385450001 683770.7425795 683770.7466140001 683770.7506484999 683770.754683 683770.7587175 683770.762752 683770.7667865 683770.770821 683770.7748555 683770.77889 683770.7829245001 683770.7869589999 683770.7909935 683770.795028 683770.7990625 683770.803097 683770.8071315 683770.8111660001 683770.8152005 683770.8192350001 683770.8232694999 683770.827304 683770.8313385 683770.835373 683770.8394075 683770.843442 683770.8474765 683770.851511 683770.8555455001 683770.8595805 683770.863615 683770.8676495 683770.871684 683770.8757185 683770.879753 683770.8837875 683770.8878225 683770.8918570001 683770.8958914999 683770.899926
60,683770.9039605,217.86400000564754,444,451,0.44250829207733305,0.5849031271249546,0.671540424973049,0.9455984792926094,3d gaze,-8.247799467982277,-12.210613650764925,97.34788980987639,683770.9039605 683770.907995 683770.9120295 683770.916064 683770.9200985 683770.924133 683770.9281675001 683770.9322019999 683770.9362365 683770.9402709999 683770.9443055 683770.94834 683770.9523745 683770.956409 683770.9604435 683770.9644780001 683770.9685124999 683770.972547 683770.9765815 683770.980616 683770.9846505 683770.988685 683770.9927195 683770.996754 683771.0007885001 683771.0048229999 683771.0088575 683771.0128925 683771.016927 683771.0209615 683771.024996 683771.0290305 683771.033065 683771.0370995 683771.041134 683771.0451684999 683771.049203 683771.0532375 683771.057272 683771.0613065 683771.065341 683771.0693755001 683771.07341 683771.0774445 683771.0814789999 683771.0855135 683771.0895485 683771.093583 683771.0976175 683771.101652 683771.1056865 683771.1097210001 683771.1137555 683771.11779 683771.1218245
61,683771.125859,217.86449989303946,451,457,0.4449608946893589,0.5803391923653581,0.49732382713105067,0.9543192971836437,3d gaze,-7.847166564265615,-11.786782644442331,97.28251341131913,683771.125859 683771.1298935 683771.133928 683771.1379625 683771.1419975 683771.146032 683771.1500665001 683771.1541009999 683771.1581355 683771.16217 683771.1662045 683771.170239 683771.1742735 683771.178308 683771.1823425 683771.1863770001 683771.1904114999 683771.194446 683771.1984805 683771.202515 683771.2065495 683771.210584 683771.2146185 683771.218653 683771.2226875001 683771.2267219999 683771.2307565 683771.234791 683771.2388255 683771.24286 683771.2468945 683771.250929 683771.2549635 683771.2589980001 683771.2630324999 683771.267067 683771.2711015 683771.275136 683771.2791705 683771.283205 683771.28724 683771.291275 683771.2953095001 683771.2993439999 683771.3033785 683771.307413 683771.3114475 683771.315482 683771.3195165 683771.323551 683771.3275855 683771.3316200001 683771.3356544999 683771.339689 683771.3437234999
62,683771.347758,217.86400000564754,457,464,0.4432396159303456,0.579508495598878,0.6886446255827628,0.9532392686063593,3d gaze,-8.014429942738287,-11.563172721157246,96.02251651348331,683771.347758 683771.3517925 683771.355827 683771.3598615 683771.363896 683771.3679305001 683771.3719649999 683771.3759995 683771.380034 683771.3840685 683771.388103 683771.3921375 683771.396172 683771.4002065 683771.4042410001 683771.4082754999 683771.41231 683771.4163444999 683771.420379 683771.424414 683771.4284485 683771.432483 683771.4365175 683771.440552 683771.4445865001 683771.4486209999 683771.4526555 683771.45669 683771.4607245 683771.464759 683771.468794 683771.4728285 683771.4768625 683771.4808970001 683771.484932 683771.4889664999 683771.493001 683771.4970355 683771.50107 683771.5051045 683771.509139 683771.5131735001 683771.517208 683771.5212425 683771.525277 683771.5293115 683771.533346 683771.5373805 683771.541415 683771.5454495 683771.549484 683771.5535185 683771.557553 683771.5615874999 683771.565622
63,683771.569657,217.86400000564754,464,470,0.4431536868125551,0.5849456286135177,1.0630467634586451,0.9637230439619584,3d gaze,-7.759149072913432,-11.63451962556518,92.73674725376675,683771.569657 683771.5736915 683771.577726 683771.5817605 683771.585795 683771.5898295001 683771.5938639999 683771.5978985 683771.601933 683771.6059675 683771.610002 683771.6140365 683771.618071 683771.6221055 683771.6261400001 683771.6301744999 683771.634209 683771.6382435 683771.642278 683771.6463125 683771.650347 683771.6543815 683771.658416 683771.6624505001 683771.6664849999 683771.6705195 683771.674554 683771.678589 683771.6826235 683771.686658 683771.6906925 683771.694727 683771.6987615 683771.702796 683771.7068304999 683771.710865 683771.7149 683771.7189345 683771.722969 683771.7270035 683771.731038 683771.7350725 683771.739107 683771.7431415 683771.7471759999 683771.7512105 683771.755245 683771.7592795 683771.763314 683771.7673485 683771.7713830001 683771.7754175 683771.779452 683771.7834865 683771.787521
64,683771.7915555,217.8645000094548,471,477,0.4462413333606555,0.5924426551747451,0.8067693332095386,0.9705154614015059,3d gaze,-7.35861159401203,-12.384012534767734,93.54322779563412,683771.7915555 683771.79559 683771.7996245 683771.803659 683771.8076935 683771.811728 683771.8157625 683771.8197969999 683771.8238315 683771.827866 683771.8319005 683771.835935 683771.8399695 683771.8440040001 683771.8480385 683771.8520734999 683771.856108 683771.8601425 683771.864177 683771.8682115 683771.872246 683771.8762805 683771.880315 683771.8843495001 683771.8883845 683771.8924189999 683771.8964535 683771.900488 683771.9045225 683771.908557 683771.9125915 683771.9166260001 683771.9206605 683771.924695 683771.9287295 683771.932764 683771.9367985 683771.940833 683771.9448675 683771.948902 683771.9529365 683771.956971 683771.9610055 683771.9650399999 683771.9690745 683771.973109 683771.9771435 683771.981178 683771.9852125 683771.9892475 683771.993282 683771.9973164999 683772.001351 683772.0053855 683772.00942
65,683772.0134545,217.86400000564754,477,484,0.4430411734046142,0.5822989879382738,0.7852804175468859,0.9748294028368863,3d gaze,-7.9344458363752395,-11.645641893552076,94.64009766580055,683772.0134545 683772.017489 683772.0215235 683772.025558 683772.0295925001 683772.0336269999 683772.0376615 683772.041696 683772.0457305 683772.049765 683772.0537995 683772.057834 683772.0618685 683772.065903 683772.0699374999 683772.0739724999 683772.078007 683772.0820415 683772.086076 683772.0901105 683772.094145 683772.0981795 683772.102214 683772.1062485001 683772.1102829999 683772.1143175 683772.118352 683772.1223865 683772.126421 683772.1304555 683772.1344905 683772.138525 683772.1425595 683772.146594 683772.1506285 683772.154663 683772.1586975 683772.162732 683772.1667665 683772.170801 683772.1748355001 683772.17887 683772.1829045 683772.186939 683772.1909735 683772.195008 683772.1990425 683772.203077 683772.2071115 683772.211146 683772.2151805 683772.219215 683772.2232495 683772.227284 683772.2313185
66,683772.235353,125.07049995474517,484,488,0.44391014713300214,0.5794599395997029,0.41161203725940165,0.9821028355509043,3d gaze,-7.806487715801112,-11.405404152271332,94.76205246833173,683772.235353 683772.2393875 683772.243422 683772.2474565001 683772.251491 683772.2555255 683772.25956 683772.2635945 683772.2676295 683772.271664 683772.2756985 683772.2797335 683772.283768 683772.2878025 683772.291837 683772.2958714999 683772.299906 683772.3039405 683772.307975 683772.3120095 683772.316044 683772.3200785 683772.324113 683772.3281475 683772.332182 683772.3362165 683772.340251 683772.3442855 683772.34832 683772.3523545 683772.356389 683772.3604235
67,683772.667047,217.86500001326203,497,503,0.5036993922738491,0.6195555618875082,1.4143248348675386,0.9247232122854753,3d gaze,1.5085370180739535,-15.80461951797191,100.42129844325743,683772.667047 683772.6710815 683772.675116 683772.679151 683772.6831855 683772.68722 683772.691255 683772.6952895 683772.6993239999 683772.7033585 683772.707393 683772.7114275 683772.715462 683772.7194965 683772.723531 683772.7275655 683772.7316 683772.7356345 683772.739669 683772.7437035 683772.747738 683772.7517725 683772.755807 683772.7598415 683772.763876 683772.7679105 683772.7719449999 683772.7759795 683772.780014 683772.7840485 683772.788083 683772.7921175 683772.796152 683772.8001865 683772.804221 683772.8082555 683772.81229 683772.8163245 683772.820359 683772.8243935 683772.828428 683772.8324625 683772.836497 683772.8405315 683772.8445665 683772.848601 683772.8526355 683772.85667 683772.8607045 683772.864739 683772.8687735 683772.8728085 683772.8768430001 683772.8808775 683772.884912
68,683772.8889465,217.86400000564754,503,510,0.49422295646319475,0.6218787537570968,0.89205361855798,0.9211763739585876,3d gaze,-0.045688526354541924,-15.498194821785264,97.13851555108144,683772.8889465 683772.892981 683772.8970155 683772.90105 683772.9050845 683772.909119 683772.9131535 683772.9171879999 683772.9212225 683772.925257 683772.9292915 683772.933326 683772.9373605 683772.941395 683772.9454295 683772.9494640001 683772.9534985 683772.957533 683772.9615675 683772.965602 683772.9696365 683772.9736715 683772.977706 683772.9817405 683772.985775 683772.9898095 683772.993844 683772.9978785 683773.001913 683773.0059475 683773.009982 683773.0140165 683773.018051 683773.0220855 683773.02612 683773.0301545 683773.034189 683773.0382235 683773.042258 683773.0462925 683773.050327 683773.0543615 683773.058396 683773.0624305 683773.0664655 683773.0705 683773.0745345 683773.078569 683773.0826035 683773.086638 683773.0906725 683773.0947070001 683773.0987414999 683773.102776 683773.1068105
69,683773.110845,217.8645000094548,510,516,0.489256620703622,0.6125761904600205,0.3667627002225838,0.9068863852457567,3d gaze,-0.7932982035662083,-13.903643231068521,92.19667513893918,683773.110845 683773.1148795 683773.118914 683773.1229485 683773.1269835 683773.131018 683773.1350525001 683773.139087 683773.1431215 683773.147156 683773.1511905 683773.155225 683773.1592595 683773.163294 683773.1673285 683773.171363 683773.1753974999 683773.179432 683773.1834665 683773.187501 683773.1915355 683773.19557 683773.1996045 683773.203639 683773.2076735001 683773.211708 683773.2157425 683773.219777 683773.2238115 683773.227846 683773.2318805 683773.235915 683773.2399495 683773.2439840001 683773.2480184999 683773.252053 683773.256088 683773.2601225 683773.264157 683773.268192 683773.2722265 683773.276261 683773.2802955001 683773.28433 683773.2883645 683773.292399 683773.2964335 683773.300468 683773.3045025 683773.308537 683773.3125715 683773.316606 683773.3206404999 683773.324675 683773.3287095
70,683773.332744,217.8645000094548,517,523,0.48497923428976153,0.6077462437955711,1.0206875851708948,0.920567125082016,3d gaze,-1.4074489199149787,-13.256078600418649,90.60071846486038,683773.332744 683773.3367785 683773.340813 683773.3448475 683773.348882 683773.3529165001 683773.356951 683773.3609855 683773.36502 683773.3690545 683773.373089 683773.3771235 683773.381158 683773.3851925 683773.389227 683773.3932614999 683773.397296 683773.401331 683773.4053655 683773.4094 683773.4134345 683773.417469 683773.4215035 683773.425538 683773.4295725 683773.433607 683773.4376415 683773.441676 683773.4457105 683773.449745 683773.4537795 683773.457814 683773.4618485 683773.465883 683773.469918 683773.4739525 683773.477987 683773.4820215 683773.486056 683773.4900905 683773.494125 683773.4981595001 683773.502194 683773.5062285 683773.510263 683773.5142975 683773.518332 683773.5223665 683773.526401 683773.5304355 683773.53447 683773.5385045 683773.542539 683773.546574 683773.5506085
71,683773.554643,217.86400000564754,523,530,0.48107095913241366,0.604995916470189,1.272398502427306,0.9270306847312234,3d gaze,-1.997254345441823,-13.111677164551207,91.21570518073932,683773.554643 683773.5586775 683773.562712 683773.5667465 683773.570781 683773.5748155 683773.5788499999 683773.5828845 683773.586919 683773.5909535 683773.594988 683773.5990225 683773.603057 683773.6070915 683773.6111260001 683773.6151605 683773.619195 683773.6232295 683773.627264 683773.6312985 683773.635333 683773.6393675 683773.643402 683773.6474365 683773.6514709999 683773.6555055 683773.65954 683773.6635745 683773.667609 683773.671644 683773.6756785 683773.679713 683773.683748 683773.6877824999 683773.691817 683773.6958515 683773.699886 683773.7039205 683773.707955 683773.7119895 683773.716024 683773.7200585 683773.7240929999 683773.7281275 683773.732162 683773.7361965 683773.740231 683773.7442655 683773.7483 683773.7523345 683773.7563690001 683773.7604035 683773.764438 683773.7684725 683773.772507
72,683773.7765415,217.8645000094548,530,536,0.4814755674946004,0.6097306734933818,0.7155990560464031,0.9118110190738331,3d gaze,-1.9800301472674595,-13.797063589408266,93.1175568384686,683773.7765415 683773.780576 683773.7846105 683773.788645 683773.7926795 683773.7967139999 683773.8007485 683773.804783 683773.8088175 683773.812852 683773.8168865 683773.820921 683773.8249555 683773.8289905 683773.833025 683773.8370595 683773.841094 683773.8451285 683773.849163 683773.8531975 683773.857232 683773.8612665 683773.8653015 683773.869336 683773.8733705 683773.877405 683773.8814395 683773.885474 683773.8895085 683773.893543 683773.8975775 683773.901612 683773.9056465 683773.909681 683773.9137155 683773.91775 683773.9217845 683773.925819 683773.9298535 683773.933888 683773.9379225 683773.941957 683773.9459915 683773.950026 683773.9540605 683773.958095 683773.9621295 683773.9661645 683773.970199 683773.9742335 683773.9782680001 683773.9823025 683773.986337 683773.9903715 683773.994406
73,683773.9984405,217.86400000564754,536,543,0.48266434334751585,0.6111001083579775,0.4757202434016122,0.9126301223581488,3d gaze,-1.8251981639100854,-14.107943252672898,94.40353601150488,683773.9984405 683774.002475 683774.0065095 683774.010544 683774.0145785001 683774.018613 683774.0226475 683774.026682 683774.0307165 683774.034751 683774.0387855 683774.04282 683774.0468545 683774.0508890001 683774.0549235 683774.0589585 683774.062993 683774.0670275 683774.071062 683774.0750965 683774.079131 683774.0831655 683774.0872 683774.0912345 683774.095269 683774.0993035 683774.103338 683774.1073725 683774.1114075 683774.115442 683774.1194765 683774.123511 683774.1275454999 683774.13158 683774.1356145 683774.139649 683774.1436835 683774.147718 683774.1517525 683774.155787 683774.1598215 683774.1638559999 683774.1678905 683774.171925 683774.1759595 683774.179994 683774.1840285 683774.188063 683774.1920975 683774.196132 683774.2001664999 683774.204201 683774.2082355 683774.21227 683774.2163045
74,683774.220339,217.8645000094548,543,550,0.48524418565955363,0.5989661155713405,0.837844384317754,0.912661058252508,3d gaze,-1.3997375373133485,-12.835502363610937,92.88925759130834,683774.220339 683774.2243735 683774.228408 683774.2324425 683774.2364769999 683774.2405115 683774.244546 683774.248581 683774.2526155 683774.25665 683774.2606845 683774.264719 683774.268754 683774.2727885 683774.276823 683774.2808575 683774.284892 683774.2889265 683774.292961 683774.2969955 683774.30103 683774.3050645 683774.309099 683774.3131335 683774.317168 683774.3212025 683774.325237 683774.3292715 683774.333306 683774.3373405 683774.341375 683774.3454095 683774.349444 683774.3534785 683774.357513 683774.3615475 683774.365582 683774.3696165 683774.373651 683774.3776855 683774.38172 683774.3857545 683774.389789 683774.393824 683774.3978585 683774.401893 683774.4059275 683774.409962 683774.4139965 683774.418031 683774.4220654999 683774.4261 683774.4301345 683774.434169 683774.4382035
75,683774.442238,217.86400000564754,550,556,0.48798379327119146,0.6092983512007335,0.7070604647492351,0.9136513097719713,3d gaze,-1.0165617712922366,-14.085763820754005,95.33538287180224,683774.442238 683774.4462725 683774.450307 683774.4543415001 683774.458376 683774.462411 683774.4664455 683774.47048 683774.4745145 683774.478549 683774.4825835 683774.486618 683774.4906525 683774.494687 683774.4987215 683774.502756 683774.5067905 683774.510825 683774.5148595 683774.518894 683774.5229285 683774.526963 683774.530998 683774.5350325 683774.539067 683774.5431015 683774.547136 683774.5511705 683774.555205 683774.5592395 683774.563274 683774.5673085 683774.571343 683774.5753775 683774.579412 683774.5834465 683774.587481 683774.5915155 683774.59555 683774.5995845 683774.603619 683774.6076535 683774.611688 683774.6157225 683774.619757 683774.6237915 683774.627826 683774.6318605 683774.635895 683774.6399295 683774.643964 683774.6479985 683774.652033 683774.6560675 683774.660102
76,683774.664137,217.8645000094548,556,563,0.4895344241093406,0.6028730583702663,0.7127381439450755,0.9102615481073206,3d gaze,-0.7720646670368622,-13.449226623940715,94.88104791149694,683774.664137 683774.6681715 683774.672206 683774.676241 683774.6802755 683774.68431 683774.6883445 683774.692379 683774.6964135 683774.700448 683774.7044825 683774.708517 683774.7125515 683774.716586 683774.7206205 683774.724655 683774.7286895 683774.732724 683774.7367585 683774.740793 683774.7448275 683774.748862 683774.7528965 683774.756931 683774.7609655 683774.765 683774.7690345 683774.773069 683774.7771035 683774.781138 683774.7851725 683774.789207 683774.7932415 683774.797276 683774.8013105 683774.8053455 683774.80938 683774.8134145 683774.817449 683774.8214835 683774.8255179999 683774.8295525 683774.833587 683774.8376215 683774.841656 683774.8456905 683774.849725 683774.8537595 683774.8577945 683774.8618290001 683774.8658635 683774.869898 683774.8739325 683774.877967 683774.8820015
77,683774.886036,217.8645000094548,563,569,0.4905024024006471,0.6012567667985923,0.41584722944603936,0.9239337986165826,3d gaze,-0.630035891783455,-13.468404172499145,96.04688584097434,683774.886036 683774.8900705 683774.894105 683774.8981395001 683774.902174 683774.9062085 683774.910243 683774.9142775 683774.918312 683774.9223465 683774.926381 683774.9304155 683774.9344500001 683774.9384845 683774.942519 683774.9465535 683774.950588 683774.9546225 683774.9586575 683774.962692 683774.9667265 683774.970761 683774.9747955 683774.97883 683774.9828645 683774.986899 683774.9909335 683774.994968 683774.9990025 683775.003037 683775.0070715 683775.011106 683775.0151405 683775.019175 683775.0232095 683775.027244 683775.0312785 683775.035313 683775.0393475 683775.043382 683775.0474165 683775.051451 683775.0554855 683775.0595205 683775.063555 683775.0675895 683775.071624 683775.0756585 683775.079693 683775.0837274999 683775.087762 683775.0917965 683775.0958315 683775.099866 683775.1039005
78,683775.107935,217.86400000564754,570,576,0.49005777299218556,0.6010432363908569,0.3148331907071833,0.9270690094340931,3d gaze,-0.6992691166816246,-13.424322897658108,95.86987347253394,683775.107935 683775.1119695 683775.116004 683775.1200385 683775.124073 683775.1281075 683775.132142 683775.1361765 683775.140211 683775.1442455 683775.14828 683775.1523145 683775.156349 683775.1603835 683775.164418 683775.1684525 683775.172487 683775.1765215 683775.180556 683775.1845905 683775.188625 683775.1926595 683775.196694 683775.2007285 683775.204763 683775.2087975 683775.212832 683775.2168665 683775.220901 683775.2249355 683775.22897 683775.2330045 683775.237039 683775.241074 683775.2451085 683775.249143 683775.2531775 683775.257212 683775.261247 683775.2652815 683775.2693159999 683775.2733505 683775.277385 683775.2814195 683775.285454 683775.2894885 683775.293523 683775.2975575 683775.3015920001 683775.3056265 683775.309661 683775.3136955 683775.31773 683775.3217645 683775.325799
79,683775.3298335,217.8645000094548,576,583,0.48867347733155836,0.6001139596627584,0.6148920597872207,0.9371810615062713,3d gaze,-0.8989149899039185,-13.137132443680473,94.40995497631454,683775.3298335 683775.333868 683775.3379025 683775.3419369999 683775.3459715 683775.350006 683775.3540405 683775.358075 683775.3621095 683775.366144 683775.3701785 683775.3742130001 683775.378248 683775.3822825 683775.386317 683775.3903515 683775.394386 683775.3984205 683775.402455 683775.4064895 683775.410524 683775.4145585 683775.418593 683775.4226275 683775.426662 683775.4306965 683775.434731 683775.4387655 683775.4428 683775.4468345 683775.450869 683775.454904 683775.4589385 683775.462973 683775.4670075 683775.471042 683775.4750765 683775.479111 683775.4831455 683775.4871799999 683775.4912145 683775.495249 683775.4992835 683775.503318 683775.5073525 683775.511387 683775.515422 683775.5194565 683775.523491 683775.5275254999 683775.53156 683775.5355945 683775.539629 683775.5436635 683775.547698
80,683775.5517325,217.86400000564754,583,589,0.4860184858196998,0.6048291489206221,0.46947199444658444,0.9477661690928719,3d gaze,-1.2951124189608199,-13.4143788380464,93.43565561398046,683775.5517325 683775.555767 683775.5598015 683775.563836 683775.5678705 683775.571905 683775.5759395 683775.579974 683775.5840085 683775.588043 683775.5920775 683775.596112 683775.6001464999 683775.604181 683775.6082155 683775.61225 683775.6162845 683775.620319 683775.6243535 683775.628388 683775.6324225 683775.636457 683775.6404915 683775.644526 683775.648561 683775.6525955 683775.65663 683775.660665 683775.6646995 683775.668734 683775.6727684999 683775.676803 683775.6808375 683775.684872 683775.6889065 683775.692941 683775.6969755 683775.70101 683775.7050445001 683775.709079 683775.7131135 683775.717148 683775.7211825 683775.725217 683775.7292515 683775.733286 683775.7373205 683775.741355 683775.7453894999 683775.749424 683775.7534585 683775.757493 683775.7615275 683775.765562 683775.7695965
81,683776.0479785,84.72549996804446,598,600,0.5528969808827779,0.7581142418479216,1.360157141567541,0.9217013617356619,3d gaze,14.815702977260603,-44.32929318558423,151.04781874894576,683776.0479785 683776.052013 683776.060082 683776.064117 683776.0681515 683776.0721865 683776.0762209999 683776.0802555 683776.08429 683776.0883245 683776.092359 683776.0963935 683776.100428 683776.1044625 683776.1084970001 683776.1125314999 683776.116566 683776.1206005 683776.124635 683776.1286695 683776.132704
82,683776.1528765,217.86449989303946,601,607,0.48686054858948735,0.6865032211984646,0.6855984275717906,0.9394296662373977,3d gaze,-1.28648914113201,-22.487623591562294,101.67716824393706,683776.1528765 683776.156911 683776.1609455 683776.16498 683776.1690145 683776.173049 683776.1770835 683776.1811180001 683776.1851524999 683776.189187 683776.1932215 683776.197256 683776.2012905 683776.205325 683776.2093595 683776.213394 683776.217429 683776.2214635 683776.225498 683776.2295325 683776.233567 683776.2376015 683776.241636 683776.2456705 683776.249705 683776.2537400001 683776.2577745 683776.261809 683776.2658435 683776.269878 683776.2739125 683776.277947 683776.2819815 683776.286016 683776.2900505 683776.294085 683776.2981195 683776.302154 683776.3061885 683776.310223 683776.3142575 683776.318292 683776.3223265 683776.3263610001 683776.3303955 683776.33443 683776.3384645 683776.342499 683776.3465335 683776.350568 683776.3546025 683776.358637 683776.362672 683776.3667065001 683776.3707409999
83,683776.3747755,217.86400000564754,607,614,0.48412469991405244,0.6797082926686762,1.2020279929505928,0.9270714483477852,3d gaze,-1.7546861450130664,-22.023123939458376,102.6056782877396,683776.3747755 683776.37881 683776.3828445 683776.386879 683776.3909135 683776.394948 683776.3989825 683776.4030170001 683776.4070514999 683776.411086 683776.4151205 683776.419155 683776.4231895 683776.427224 683776.4312585 683776.435293 683776.4393275001 683776.4433619999 683776.4473969999 683776.4514315 683776.455466 683776.4595005 683776.463535 683776.4675695 683776.4716040001 683776.4756385 683776.479673 683776.4837075 683776.487742 683776.4917765 683776.495811 683776.499846 683776.5038805 683776.507915 683776.5119495001 683776.5159839999 683776.5200185 683776.524053 683776.5280875 683776.532122 683776.5361565 683776.540191 683776.5442255 683776.5482600001 683776.5522944999 683776.556329 683776.5603635 683776.564398 683776.5684325 683776.572467 683776.5765015 683776.580536 683776.5845705001 683776.5886049999 683776.5926395
84,683776.596674,217.8645000094548,614,621,0.478315912284687,0.6835140438899991,1.2366199120648544,0.9320383451201699,3d gaze,-2.580180629399867,-21.144664560272194,96.84115409595881,683776.596674 683776.6007085 683776.604743 683776.6087775 683776.612812 683776.6168465 683776.6208810001 683776.6249154999 683776.62895 683776.6329845 683776.637019 683776.641054 683776.645089 683776.6491235 683776.653158 683776.6571925001 683776.661227 683776.6652615 683776.669296 683776.6733305 683776.677365 683776.6813995 683776.685434 683776.6894685 683776.693503 683776.6975375 683776.701572 683776.7056064999 683776.709641 683776.7136755 683776.71771 683776.7217445 683776.725779 683776.7298135001 683776.733848 683776.7378825 683776.741917 683776.7459515 683776.749986 683776.7540205 683776.758055 683776.7620895 683776.766124 683776.7701585 683776.774193 683776.7782274999 683776.7822625 683776.786297 683776.7903315 683776.794366 683776.7984005 683776.802435 683776.8064695001 683776.8105039999 683776.8145385
85,683776.818573,217.86399988923222,621,627,0.47708333400616915,0.6756233433092926,0.9024294400913022,0.9287673711776734,3d gaze,-2.7420219863354123,-20.13603889752762,95.53067411575759,683776.818573 683776.8226075 683776.826642 683776.8306765 683776.834711 683776.8387455 683776.8427800001 683776.8468144999 683776.8508494999 683776.854884 683776.8589185 683776.862953 683776.8669875 683776.871022 683776.8750565001 683776.879091 683776.8831255 683776.88716 683776.8911945 683776.895229 683776.8992635 683776.903298 683776.9073325 683776.911367 683776.9154015 683776.919436 683776.9234704999 683776.9275055 683776.93154 683776.9355745 683776.939609 683776.9436435 683776.947678 683776.9517125001 683776.9557469999 683776.9597815 683776.9638159999 683776.9678505 683776.971885 683776.9759195 683776.979954 683776.9839885 683776.9880230001 683776.9920574999 683776.996092 683777.0001265 683777.004161 683777.0081955 683777.01223 683777.0162645 683777.020299 683777.0243335001 683777.0283679999 683777.0324025 683777.0364369999
86,683777.0404715,165.4155000578612,627,632,0.478250785043097,0.6700633240734616,1.4742024336648163,0.9210163610322135,3d gaze,-2.6442779133283216,-20.29621819603284,98.87333273212124,683777.0404715 683777.044506 683777.0485405 683777.0525755 683777.05661 683777.0606445 683777.0646795 683777.068714 683777.0727485 683777.076783 683777.0808175 683777.084852 683777.0888865 683777.092921 683777.0969555 683777.10099 683777.1050245 683777.1090589999 683777.1130935 683777.117128 683777.1211625 683777.125197 683777.1292315 683777.1332660001 683777.1373005 683777.141335 683777.1453695 683777.149404 683777.1534385 683777.157473 683777.1615075 683777.165542 683777.1695765 683777.173611 683777.1776455 683777.1816799999 683777.1857145 683777.189749 683777.1937835 683777.197818 683777.2018525 683777.2058870001
87,683777.2099220001,217.86400000564754,632,639,0.4775388492382225,0.650213538839075,0.46321040828892684,0.9422125057740645,3d gaze,-2.7350984440242243,-18.31952116881931,98.29028430851903,683777.2099220001 683777.2139564999 683777.217991 683777.2220254999 683777.22606 683777.2300945 683777.234129 683777.2381635 683777.242198 683777.246233 683777.2502675 683777.2543019999 683777.2583365 683777.262371 683777.2664055 683777.27044 683777.2744745 683777.2785090001 683777.2825435 683777.286578 683777.2906124999 683777.294647 683777.2986815 683777.302716 683777.3067505 683777.310785 683777.3148195 683777.318854 683777.3228885 683777.3269229999 683777.3309575 683777.334992 683777.339027 683777.3430615 683777.347096 683777.3511305 683777.3551650001 683777.3591995 683777.363234 683777.3672684999 683777.371303 683777.3753375 683777.379372 683777.3834065 683777.387441 683777.3914755001 683777.39551 683777.3995445 683777.403579 683777.4076135 683777.411648 683777.4156825 683777.419717 683777.4237515 683777.4277860001
88,683777.895791,84.72499996423721,653,655,0.5596092140735123,0.6932433862032586,1.4492252333320677,0.9079064970666711,3d gaze,11.57377029679523,-24.538717791460293,107.18457474538391,683777.895791 683777.8998255 683777.90386 683777.9078945001 683777.9119295 683777.9159639999 683777.9199985 683777.924033 683777.9280675 683777.932102 683777.9361365 683777.9401710001 683777.9442055 683777.94824 683777.9522744999 683777.956309 683777.9603435 683777.964378 683777.9684125 683777.972447 683777.9764815001 683777.980516
89,683777.9845505,217.86449989303946,655,662,0.5673821590634582,0.6896920438560369,1.3144290276557808,0.9073213848200712,3d gaze,12.7706237959676,-23.85015082217171,105.62286798407858,683777.9845505 683777.9885849999 683777.9926195 683777.996654 683778.0006885 683778.004723 683778.0087575 683778.0127920001 683778.0168265 683778.020861 683778.0248954999 683778.02893 683778.0329645 683778.036999 683778.0410335 683778.0450685 683778.0491035 683778.053138 683778.0571725001 683778.0612069999 683778.0652415 683778.0692759999 683778.0733105 683778.077345 683778.0813795 683778.0854140001 683778.0894485 683778.0934830001 683778.0975174999 683778.101552 683778.1055865 683778.109621 683778.1136555 683778.11769 683778.1217245 683778.125759 683778.1297935001 683778.1338279999 683778.1378625 683778.1418969999 683778.1459315 683778.149966 683778.1540005 683778.1580350001 683778.1620695 683778.1661040001 683778.1701384999 683778.174173 683778.1782075 683778.182242 683778.1862765 683778.190311 683778.194346 683778.1983805001 683778.202415
90,683778.2064495,217.86400000564754,662,669,0.5567898437392811,0.6711638103225026,1.3034365286270115,0.9159381714734164,3d gaze,10.581800439397362,-21.328440979091134,102.7925231205806,683778.2064495 683778.2104839999 683778.2145185 683778.218553 683778.2225875 683778.226622 683778.2306570001 683778.2346915 683778.2387260001 683778.2427604999 683778.246795 683778.2508295 683778.254864 683778.2588985 683778.262933 683778.2669675 683778.271002 683778.2750365001 683778.2790709999 683778.2831055 683778.2871399999 683778.2911745 683778.295209 683778.2992435 683778.3032780001 683778.3073125 683778.3113470001 683778.3153814999 683778.319416 683778.3234505 683778.327485 683778.33152 683778.3355545 683778.339589 683778.3436235001 683778.347658 683778.3516925001 683778.3557269999 683778.3597615 683778.363796 683778.3678305 683778.371865 683778.3758995 683778.3799340001 683778.3839685 683778.3880030001 683778.3920374999 683778.396072 683778.4001064999 683778.404141 683778.4081755 683778.41221 683778.4162445001 683778.420279 683778.4243135
91,683778.4283479999,217.86500001326203,669,675,0.5617794811378454,0.6730651482996003,0.5919864135677823,0.8918546497821808,3d gaze,12.127067588736685,-22.849518102818113,109.14603795975806,683778.4283479999 683778.4323825 683778.436417 683778.440452 683778.4444865 683778.448521 683778.4525555 683778.4565900001 683778.4606245 683778.464659 683778.4686934999 683778.472728 683778.476763 683778.4807975 683778.484832 683778.4888665001 683778.492901 683778.4969355001 683778.5009699999 683778.5050045 683778.509039 683778.5130735 683778.517108 683778.5211425 683778.525177 683778.5292115 683778.5332460001 683778.5372804999 683778.541315 683778.5453494999 683778.549384 683778.5534185 683778.557453 683778.5614875001 683778.565522 683778.5695565001 683778.5735909999 683778.5776255 683778.58166 683778.5856945 683778.589729 683778.5937635 683778.597798 683778.6018325 683778.6058670001 683778.6099014999 683778.6139364999 683778.617971 683778.6220055 683778.62604 683778.6300745 683778.6341095001 683778.638144 683778.6421785001 683778.6462129999
92,683778.6502475,217.86400000564754,675,682,0.5510790012702245,0.6662353880995203,1.2579542757335456,0.9271157877011733,3d gaze,9.202126105158005,-19.955385000271633,98.57032515384529,683778.6502475 683778.6542819999 683778.6583165 683778.662351 683778.6663855 683778.67042 683778.6744545 683778.6784890001 683778.6825234999 683778.686558 683778.6905924999 683778.694627 683778.6986615 683778.702696 683778.7067305001 683778.710765 683778.7147995001 683778.7188339999 683778.7228685 683778.7269029999 683778.7309375 683778.734972 683778.7390065 683778.743041 683778.7470755 683778.7511100001 683778.7551444999 683778.7591794999 683778.763214 683778.7672485 683778.771283 683778.7753175 683778.779352 683778.7833865001 683778.787421 683778.7914555001 683778.7954899999 683778.7995245 683778.8035589999 683778.8075935 683778.811628 683778.8156625 683778.8196970001 683778.8237315 683778.8277665 683778.831801 683778.8358354999 683778.83987 683778.8439045 683778.847939 683778.8519735 683778.856008 683778.8600425001 683778.864077 683778.8681115
93,683778.8721459999,217.8645001258701,682,688,0.5522037073549586,0.6801852437303177,0.44669046932700285,0.9247356273911216,3d gaze,9.266076647815012,-20.99878400898071,97.24956805247477,683778.8721459999 683778.8761805 683778.880215 683778.8842495 683778.888284 683778.8923185 683778.8963535 683778.9003880001 683778.9044224999 683778.908457 683778.9124914999 683778.916526 683778.9205605 683778.924595 683778.9286295 683778.932664 683778.9366985001 683778.9407329999 683778.9447675 683778.9488019999 683778.9528365 683778.956871 683778.9609055 683778.9649400001 683778.9689745 683778.9730090001 683778.9770434999 683778.981078 683778.9851124999 683778.989147 683778.9931815 683778.997216 683779.0012505 683779.005285 683779.0093195001 683779.0133539999 683779.0173885 683779.0214229999 683779.0254575 683779.0294925 683779.033527 683779.0375615 683779.0415965 683779.0456310001 683779.0496655 683779.0537 683779.0577344999 683779.061769 683779.0658035 683779.069838 683779.0738725 683779.077907 683779.0819415001 683779.085976 683779.0900105
94,683779.0940449999,217.86400000564754,689,695,0.5463575990123966,0.6705861161391495,1.1895671929258906,0.9219281835989519,3d gaze,8.191182055225015,-19.793828381417548,95.84200159452637,683779.0940449999 683779.0980795 683779.102114 683779.1061485 683779.1101830001 683779.1142175 683779.1182520001 683779.1222865 683779.126321 683779.1303554999 683779.13439 683779.1384245 683779.142459 683779.1464935 683779.150528 683779.1545625001 683779.158597 683779.1626315 683779.1666659999 683779.1707005 683779.174735 683779.17877 683779.1828045 683779.1868390001 683779.1908735 683779.1949080001 683779.1989424999 683779.202977 683779.2070114999 683779.211046 683779.2150805 683779.219115 683779.2231495001 683779.227184 683779.231219 683779.2352535 683779.2392879999 683779.2433225 683779.2473569999 683779.2513915 683779.255426 683779.2594605 683779.2634950001 683779.2675295 683779.271564 683779.2755984999 683779.279633 683779.2836675 683779.287702 683779.2917365 683779.295771 683779.2998055001 683779.30384 683779.3078745 683779.3119089999
95,683779.3159435,217.86449989303946,695,702,0.5489914378972449,0.6664822061773858,0.8996347660718682,0.9168521480126814,3d gaze,8.779446357869391,-19.811061090484824,97.81264868337398,683779.3159435 683779.3199779999 683779.324013 683779.3280475 683779.332082 683779.3361165 683779.3401510001 683779.3441854999 683779.34822 683779.3522544999 683779.356289 683779.3603235 683779.364358 683779.3683925001 683779.372427 683779.3764615001 683779.3804959999 683779.3845305 683779.3885649999 683779.3925995 683779.396634 683779.4006685 683779.404703 683779.4087375 683779.4127720001 683779.4168064999 683779.420841 683779.4248754999 683779.42891 683779.432945 683779.4369795 683779.441014 683779.4450485001 683779.449083 683779.4531175001 683779.4571519999 683779.4611869999 683779.4652215 683779.469256 683779.4732905 683779.477325 683779.4813595 683779.4853940001 683779.4894285 683779.493463 683779.4974974999 683779.501532 683779.5055664999 683779.509601 683779.5136355001 683779.51767 683779.5217045001 683779.525739 683779.5297735 683779.5338079999
96,683779.5378425,217.86449989303946,702,708,0.5555126826651273,0.6718846272529273,1.1016678966283413,0.9229195887392218,3d gaze,10.040967359681046,-20.749484240045007,99.75582089362493,683779.5378425 683779.541877 683779.5459115 683779.549946 683779.5539805 683779.5580150001 683779.5620495 683779.566084 683779.5701184999 683779.574153 683779.5781874999 683779.582222 683779.5862565001 683779.590291 683779.5943255001 683779.59836 683779.6023945 683779.6064295 683779.6104639999 683779.6144985 683779.618533 683779.6225675 683779.6266025 683779.6306370001 683779.6346715 683779.638706 683779.6427404999 683779.646775 683779.6508094999 683779.654844 683779.6588785 683779.662913 683779.6669475001 683779.670982 683779.6750165 683779.6790509999 683779.6830855 683779.68712 683779.6911545 683779.695189 683779.6992235 683779.7032580001 683779.7072925 683779.711327 683779.7153614999 683779.719396 683779.7234304999 683779.727465 683779.7314995 683779.735534 683779.7395685001 683779.7436035001 683779.747638 683779.7516725 683779.7557069999
97,683779.7597415,217.86400000564754,708,715,0.5525312241393756,0.6704225528578899,0.938560110670235,0.9233580941503698,3d gaze,9.161085085707057,-19.779968407166777,95.76327966462271,683779.7597415 683779.7637759999 683779.7678105 683779.7718450001 683779.7758795 683779.7799140001 683779.7839485 683779.787983 683779.7920174999 683779.796052 683779.8000865 683779.804121 683779.8081555001 683779.81219 683779.8162245001 683779.8202595001 683779.8242939999 683779.8283285 683779.8323629999 683779.8363975 683779.840432 683779.8444665 683779.8485010001 683779.8525355 683779.8565700001 683779.8606044999 683779.864639 683779.8686734999 683779.872708 683779.8767425 683779.880777 683779.8848115001 683779.8888465001 683779.892881 683779.8969155 683779.9009499999 683779.9049845 683779.9090189999 683779.9130535 683779.9170880001 683779.9211225 683779.9251570001 683779.9291915 683779.933226 683779.9372604999 683779.941295 683779.9453295 683779.949364 683779.9533985 683779.957433 683779.9614675001 683779.965502 683779.9695365 683779.9735709999 683779.9776055
98,683779.9816399999,217.8645001258701,715,722,0.5464397032401596,0.665422550383458,0.7681310734689748,0.9263588119636882,3d gaze,7.985254750587344,-18.82535929390396,93.42740455734297,683779.9816399999 683779.9856745 683779.9897090001 683779.9937435 683779.9977780001 683780.0018125 683780.005847 683780.0098814999 683780.013916 683780.0179505 683780.0219855 683780.0260205 683780.030055 683780.0340895001 683780.038124 683780.0421585001 683780.0461929999 683780.0502275 683780.0542619999 683780.0582965 683780.0623310001 683780.0663655 683780.0704000001 683780.0744345 683780.0784690001 683780.0825034999 683780.086538 683780.0905724999 683780.094607 683780.0986415 683780.102676 683780.1067105001 683780.110745 683780.1147795 683780.1188139999 683780.1228485 683780.1268829999 683780.1309175 683780.1349520001 683780.1389865 683780.1430210001 683780.1470555 683780.15109 683780.1551244999 683780.159159 683780.163194 683780.1672284999 683780.171263 683780.1752975001 683780.179332 683780.1833665001 683780.187401 683780.1914355 683780.1954699999 683780.1995045
99,683780.203539,217.86400000564754,722,728,0.5449673860748209,0.6600563212077407,0.4063894611568568,0.9180906133218245,3d gaze,7.653621168517563,-18.11549648840299,92.28061698601951,683780.203539 683780.2075735 683780.2116080001 683780.2156425 683780.2196770001 683780.2237115 683780.227746 683780.231781 683780.2358154999 683780.23985 683780.2438845 683780.247919 683780.2519535001 683780.255988 683780.2600225001 683780.2640569999 683780.2680915 683780.2721259999 683780.2761605 683780.280195 683780.2842295 683780.2882640001 683780.2922985 683780.2963330001 683780.3003674999 683780.304402 683780.308437 683780.3124714999 683780.316506 683780.3205405001 683780.324575 683780.3286095001 683780.332644 683780.3366785 683780.3407129999 683780.3447475 683780.3487819999 683780.3528165 683780.356851 683780.3608855 683780.3649200001 683780.3689545 683780.372989 683780.3770234999 683780.381058 683780.3850924999 683780.389127 683780.3931615001 683780.397196 683780.4012305001 683780.405265 683780.4092995 683780.4133339999 683780.4173685 683780.421403
100,683780.425438,217.8645000094548,728,735,0.5475726251961309,0.6615196552618307,1.1254200245407233,0.9175638122992082,3d gaze,8.237437214554413,-18.657709433890435,94.27694973145158,683780.425438 683780.4294725 683780.4335070001 683780.4375415 683780.4415760001 683780.4456110001 683780.4496454999 683780.45368 683780.4577144999 683780.461749 683780.4657835001 683780.469818 683780.4738525001 683780.477887 683780.4819215001 683780.4859559999 683780.4899905 683780.4940249999 683780.4980595 683780.502094 683780.5061285 683780.5101630001 683780.5141975 683780.5182320001 683780.5222664999 683780.526301 683780.5303354999 683780.53437 683780.5384045001 683780.542439 683780.5464735001 683780.550508 683780.5545425001 683780.5585769999 683780.5626115 683780.5666459999 683780.5706805 683780.574715 683780.5787495 683780.5827840001 683780.5868185 683780.5908535 683780.594888 683780.5989224999 683780.602957 683780.6069914999 683780.611026 683780.6150605001 683780.6190955001 683780.62313 683780.6271645001 683780.6311989999 683780.6352335 683780.6392679999 683780.6433025
101,683780.647337,217.8645000094548,735,741,0.5432367993277324,0.6674287624662765,0.8745391435793498,0.915366015109149,3d gaze,7.705107252176267,-19.53084080515731,96.04657247424313,683780.647337 683780.6513715 683780.6554060001 683780.6594405 683780.6634750001 683780.6675094999 683780.671544 683780.6755784999 683780.679613 683780.6836475 683780.687682 683780.6917165001 683780.695751 683780.6997855001 683780.7038199999 683780.7078545 683780.7118889999 683780.7159235 683780.719958 683780.7239925 683780.7280275 683780.7320620001 683780.7360965 683780.740131 683780.7441654999 683780.7482 683780.7522344999 683780.756269 683780.7603035 683780.764338 683780.7683725001 683780.772407 683780.7764415 683780.7804759999 683780.7845105 683780.7885449999 683780.7925795 683780.7966140001 683780.8006485 683780.8046830001 683780.8087175 683780.8127525 683780.816787 683780.8208214999 683780.824856 683780.8288904999 683780.832925 683780.8369595001 683780.840994 683780.8450285001 683780.849063 683780.8530975 683780.8571319999 683780.8611665 683780.8652015
102,683780.869236,217.86399988923222,742,748,0.5389270434451918,0.6674816774891347,1.2029720028467525,0.9261345337737691,3d gaze,6.941629280136448,-19.31360176238892,95.00055951650037,683780.869236 683780.8732705 683780.8773050001 683780.8813395 683780.8853740001 683780.8894084999 683780.893443 683780.8974774999 683780.901512 683780.9055465 683780.909581 683780.9136155001 683780.91765 683780.9216845001 683780.9257189999 683780.9297535 683780.9337879999 683780.9378225 683780.9418570001 683780.9458915 683780.9499260001 683780.9539605 683780.9579950001 683780.9620294999 683780.966064 683780.9700984999 683780.974133 683780.9781675 683780.982202 683780.9862365001 683780.990271 683780.9943055001 683780.9983399999 683781.0023745 683781.0064089999 683781.0104439999 683781.0144785 683781.0185130001 683781.0225480001 683781.0265825 683781.0306170001 683781.0346514999 683781.038686 683781.0427204999 683781.046755 683781.0507895 683781.054824 683781.0588585001 683781.062893 683781.0669275001 683781.0709619999 683781.0749965 683781.0790309999 683781.0830655 683781.0870999999
103,683781.0911345,217.8645000094548,748,755,0.5251446138727556,0.6523431189170529,1.2787687099669818,0.9434447261420164,3d gaze,4.738762556754679,-17.800251782342876,94.41851469605467,683781.0911345 683781.0951690001 683781.0992035 683781.1032380001 683781.1072724999 683781.111307 683781.1153414999 683781.119376 683781.1234105 683781.127445 683781.1314795001 683781.135514 683781.1395485001 683781.1435829999 683781.1476179999 683781.1516525 683781.1556869999 683781.1597215 683781.163756 683781.1677905 683781.1718250001 683781.1758595 683781.1798940001 683781.1839284999 683781.187963 683781.1919974999 683781.196032 683781.2000665001 683781.204101 683781.2081355001 683781.21217 683781.2162045001 683781.2202389999 683781.2242739999 683781.2283085 683781.2323429999 683781.2363775 683781.2404120001 683781.2444465 683781.2484810001 683781.2525155 683781.25655 683781.2605844999 683781.264619 683781.2686535 683781.272688 683781.2767225001 683781.280757 683781.2847915001 683781.288826 683781.2928609999 683781.2968955 683781.3009299999 683781.3049645 683781.308999
104,683781.3130335,217.86400000564754,755,761,0.523878436614705,0.6495336230788046,0.8057127771364828,0.941614582863721,3d gaze,4.601588189808872,-17.78009092597193,95.69292891209102,683781.3130335 683781.3170680001 683781.3211025 683781.3251370001 683781.3291714999 683781.333206 683781.3372404999 683781.341275 683781.3453095 683781.349344 683781.3533785001 683781.357413 683781.3614475001 683781.3654819999 683781.3695165 683781.3735509999 683781.3775855 683781.38162 683781.3856545 683781.3896890001 683781.3937235 683781.3977580001 683781.4017924999 683781.405827 683781.4098614999 683781.413896 683781.417931 683781.4219655 683781.426 683781.430035 683781.4340695001 683781.438104 683781.4421385 683781.4461729999 683781.4502075 683781.454242 683781.4582765 683781.4623110001 683781.4663455 683781.4703800001 683781.4744145 683781.478449 683781.4824834999 683781.486518 683781.4905524999 683781.494587 683781.4986215001 683781.502656 683781.5066905001 683781.510725 683781.5147595 683781.5187939999 683781.5228285 683781.526863 683781.5308975
105,683781.5349320001,217.86449989303946,761,768,0.5253172295154329,0.6556203355586573,0.6721695478666124,0.954232147065076,3d gaze,4.615426484875358,-17.528035674759405,91.44609139942406,683781.5349320001 683781.5389665 683781.5430010001 683781.5470354999 683781.55107 683781.5551044999 683781.559139 683781.5631734999 683781.567208 683781.5712425001 683781.5752775001 683781.579312 683781.5833465001 683781.5873809999 683781.5914155 683781.5954499999 683781.5994845 683781.603519 683781.6075535 683781.6115885 683781.6156230001 683781.6196575 683781.623692 683781.6277264999 683781.631761 683781.6357954999 683781.63983 683781.6438645001 683781.647899 683781.6519335001 683781.655968 683781.6600025 683781.6640369999 683781.6680715 683781.6721059999 683781.6761405 683781.6801750001 683781.6842095 683781.6882440001 683781.6922785 683781.696313 683781.7003474999 683781.704382 683781.7084164999 683781.7124515 683781.716486 683781.7205205001 683781.724555 683781.7285895001 683781.7326239999 683781.7366585 683781.7406929999 683781.7447275 683781.748762 683781.7527965
106,683781.7568310001,149.2774998769164,768,772,0.5190948103264402,0.6548109140142986,0.5427755272727143,0.9579275901380339,3d gaze,3.566648195491028,-16.9030674556053,88.5740425673492,683781.7568310001 683781.7608655 683781.7649000001 683781.7689344999 683781.772969 683781.7770034999 683781.781038 683781.7850725 683781.789107 683781.7931415001 683781.797176 683781.8012105001 683781.8052449999 683781.8092795 683781.8133145 683781.8173489999 683781.8213835 683781.825418 683781.8294525 683781.8334870001 683781.8375215 683781.841556 683781.8455904999 683781.849625 683781.8536594999 683781.8576944999 683781.861729 683781.8657635001 683781.869798 683781.8738325001 683781.877867 683781.8819015 683781.8859359999 683781.8899705 683781.8940049999 683781.8980395 683781.9020740001 683781.9061085
107,683782.1522145,84.72500008065253,780,782,0.6058346671208155,0.7633369839242777,1.4029474040181336,0.8987155216080802,3d gaze,39.05407403914188,-62.27799286675448,205.9090908246353,683782.1522145 683782.156249 683782.1602835001 683782.1683525001 683782.1723869999 683782.1764215 683782.1804559999 683782.1844905 683782.1885249999 683782.1925595 683782.1965940001 683782.2006285 683782.2046630001 683782.2086974999 683782.212732 683782.216767 683782.2208014999 683782.224836 683782.2288705001 683782.232905 683782.2369395001
108,683782.2611465,217.86449989303946,783,790,0.4941862913682488,0.6862569829282368,0.7046387683719836,0.925859120759097,3d gaze,-0.0563431081662998,-21.421801328875105,96.95696749436465,683782.2611465 683782.265181 683782.2692155 683782.2732500001 683782.2772850001 683782.2813195 683782.285354 683782.2893884999 683782.293423 683782.2974575 683782.301492 683782.3055265001 683782.309561 683782.3135955001 683782.31763 683782.3216645 683782.3256989999 683782.3297335 683782.3337679999 683782.3378025 683782.3418370001 683782.3458715 683782.3499060001 683782.3539405 683782.357975 683782.3620094999 683782.366044 683782.3700785 683782.374113 683782.3781475001 683782.382182 683782.3862165001 683782.390251 683782.3942855 683782.3983199999 683782.4023545 683782.4063889999 683782.410424 683782.4144585 683782.4184930001 683782.4225280001 683782.4265625 683782.430597 683782.4346314999 683782.438666 683782.4427004999 683782.446735 683782.4507695 683782.454804 683782.4588385001 683782.462873 683782.4669075 683782.4709419999 683782.4749765 683782.4790109999
109,683782.4830455,217.86400000564754,790,796,0.49297428502190865,0.6783455675700906,1.02798832427848,0.9276690580628135,3d gaze,-0.24440776830813646,-20.547467528839444,96.320630492,683782.4830455 683782.4870800001 683782.4911145 683782.4951490001 683782.4991835 683782.503218 683782.5072524999 683782.511287 683782.5153214999 683782.519356 683782.5233905 683782.527425 683782.5314595001 683782.535494 683782.5395285 683782.5435629999 683782.5475975 683782.5516319999 683782.5556665 683782.5597015 683782.5637360001 683782.5677705 683782.5718050001 683782.5758395 683782.579874 683782.5839084999 683782.587943 683782.5919774999 683782.596012 683782.6000465001 683782.604081 683782.6081155001 683782.6121505001 683782.6161849999 683782.6202195 683782.6242539999 683782.6282885 683782.6323230001 683782.6363575 683782.6403920001 683782.6444265 683782.6484610001 683782.6524954999 683782.65653 683782.6605644999 683782.664599 683782.6686335 683782.672668 683782.6767025001 683782.680737 683782.6847715001 683782.6888059999 683782.6928405 683782.6968749999 683782.7009095
110,683782.7049445,217.86400000564754,796,803,0.48901811831688996,0.674433736459176,0.5241440187060536,0.9143752374432303,3d gaze,-0.8840785405540706,-20.38829095948324,97.31379391017057,683782.7049445 683782.708979 683782.7130135 683782.7170480001 683782.7210825 683782.725117 683782.7291514999 683782.733186 683782.7372204999 683782.741255 683782.7452895001 683782.749324 683782.7533585001 683782.757393 683782.7614275 683782.7654619999 683782.7694965 683782.773531 683782.7775655 683782.7816 683782.7856345 683782.7896690001 683782.7937035 683782.797738 683782.8017724999 683782.805807 683782.8098414999 683782.8138765 683782.817911 683782.8219455001 683782.82598 683782.8300145001 683782.8340489999 683782.8380835 683782.8421185 683782.8461529999 683782.8501875 683782.854222 683782.8582565 683782.8622910001 683782.8663255 683782.8703600001 683782.8743944999 683782.878429 683782.8824634999 683782.886498 683782.8905325001 683782.894567 683782.8986015001 683782.902636 683782.9066705001 683782.9107049999 683782.9147395 683782.9187739999 683782.9228085
111,683782.926843,217.8645000094548,803,809,0.48515936405090565,0.6682034671914208,0.853664007024232,0.9137420117855072,3d gaze,-1.437618132462402,-18.990148094871472,93.29463393082075,683782.926843 683782.9308775 683782.9349120001 683782.9389465 683782.9429810001 683782.9470154999 683782.95105 683782.9550844999 683782.959119 683782.9631535001 683782.967188 683782.9712225001 683782.975257 683782.979292 683782.9833265 683782.9873609999 683782.9913955 683782.9954299999 683782.9994645 683783.0034990001 683783.0075335 683783.0115680001 683783.0156030001 683783.0196374999 683783.023672 683783.0277064999 683783.031741 683783.0357755 683783.03981 683783.0438445001 683783.047879 683783.0519135001 683783.0559479999 683783.0599825 683783.0640169999 683783.0680515 683783.072086 683783.0761205 683783.0801550001 683783.0841895 683783.0882240001 683783.0922584999 683783.096293 683783.1003274999 683783.104362 683783.1083965 683783.112431 683783.1164655001 683783.1205 683783.124535 683783.1285695 683783.1326039999 683783.1366385 683783.1406729999 683783.1447075
112,683783.3746750001,217.86449989303946,816,823,0.48861436386842355,0.5401545753978243,1.2094681814517394,0.9475189328193665,3d gaze,-0.841093334094716,-7.395049790684584,88.23309649380516,683783.3746750001 683783.3787095 683783.3827440001 683783.3867784999 683783.390813 683783.3948474999 683783.398882 683783.402917 683783.406952 683783.4109865001 683783.415021 683783.4190555001 683783.4230899999 683783.4271245 683783.4311589999 683783.4351935 683783.439228 683783.4432625 683783.4472970001 683783.4513315 683783.4553660001 683783.4594004999 683783.463435 683783.4674694999 683783.471504 683783.4755385 683783.479573 683783.4836075001 683783.487642 683783.4916765001 683783.4957109999 683783.4997455 683783.5037799999 683783.5078145 683783.511849 683783.5158835 683783.5199180001 683783.5239525 683783.5279870001 683783.5320214999 683783.536056 683783.5400904999 683783.5441254999 683783.54816 683783.5521945 683783.556229 683783.5602635001 683783.564298 683783.5683325 683783.5723669999 683783.5764015 683783.580436 683783.5844705 683783.588505 683783.5925395
113,683783.5965740001,217.86449989303946,823,829,0.48158728148518165,0.528628058833324,0.7859536215481105,0.9438467806035822,3d gaze,-1.8169597931650294,-6.365251357462695,86.89372196154059,683783.5965740001 683783.6006085 683783.604643 683783.6086774999 683783.6127124999 683783.616747 683783.6207815 683783.624816 683783.6288505 683783.632885 683783.6369195001 683783.640954 683783.6449885 683783.6490229999 683783.6530575 683783.6570919999 683783.6611265 683783.6651610001 683783.6691955 683783.6732300001 683783.6772645 683783.681299 683783.6853334999 683783.6893684999 683783.693403 683783.6974375 683783.701472 683783.7055065001 683783.709541 683783.7135755001 683783.7176099999 683783.7216445 683783.7256789999 683783.7297135 683783.733748 683783.7377825 683783.7418170001 683783.7458515 683783.7498860001 683783.7539204999 683783.757955 683783.7619894999 683783.766024 683783.7700585 683783.774093 683783.7781275001 683783.782162 683783.7861965001 683783.7902309999 683783.7942655 683783.7983 683783.8023345 683783.8063695 683783.8104040001 683783.8144385
114,683783.8184730001,217.86449989303946,830,836,0.4813512774858567,0.5343342861020691,0.8552284118524026,0.9466080486774444,3d gaze,-1.8604077385545044,-6.852746998394883,87.31085497102674,683783.8184730001 683783.8225075 683783.8265424999 683783.830577 683783.8346114999 683783.838646 683783.8426805 683783.846715 683783.8507495001 683783.854784 683783.8588185001 683783.8628529999 683783.8668875 683783.8709219999 683783.8749565 683783.878991 683783.8830255 683783.88706 683783.8910945 683783.8951290001 683783.8991634999 683783.903198 683783.9072324999 683783.911267 683783.9153015 683783.919336 683783.9233705001 683783.927405 683783.9314395001 683783.9354739999 683783.9395085 683783.9435429999 683783.9475775 683783.951612 683783.9556465 683783.959681 683783.9637155 683783.9677500001 683783.9717850001 683783.9758194999 683783.979854 683783.9838885 683783.987923 683783.9919575 683783.995992 683784.000027 683784.0040615001 683784.008096 683784.0121305 683784.0161649999 683784.0201995 683784.024234 683784.0282685 683784.032303 683784.0363375
115,683784.0403720001,217.86449989303946,836,843,0.4920644211251191,0.541503755366639,1.4750257887851268,0.9410143901001323,3d gaze,-0.34910429504949936,-7.534539478479087,88.53452415393755,683784.0403720001 683784.0444065 683784.048441 683784.0524754999 683784.05651 683784.0605445 683784.064579 683784.0686135001 683784.072648 683784.0766825001 683784.080717 683784.0847515 683784.0887859999 683784.0928205 683784.096855 683784.1008895 683784.104924 683784.1089590001 683784.1129935 683784.1170280001 683784.1210624999 683784.125097 683784.1291315 683784.133166 683784.1372005 683784.141235 683784.1452695 683784.149304 683784.1533385001 683784.1573729999 683784.1614075 683784.1654419999 683784.1694765 683784.173511 683784.1775455 683784.1815800001 683784.1856145 683784.1896490001 683784.1936834999 683784.197718 683784.201753 683784.2057874999 683784.209822 683784.2138565 683784.217891 683784.2219255001 683784.22596 683784.2299945 683784.2340289999 683784.2380635 683784.242098 683784.246133 683784.2501675 683784.2542020001 683784.2582365
116,683784.2622710001,217.86400000564754,843,849,0.49087580189500685,0.5540068474225375,1.1575230161279968,0.9488196671009064,3d gaze,-0.5584663025074822,-8.999161510318855,93.23618827527069,683784.2622710001 683784.2663055 683784.27034 683784.2743744999 683784.278409 683784.2824435 683784.286478 683784.2905125 683784.294547 683784.2985815001 683784.302616 683784.3066505 683784.3106849999 683784.3147195 683784.318754 683784.3227885 683784.3268230001 683784.3308575 683784.3348920001 683784.3389265 683784.342961 683784.3469954999 683784.35103 683784.3550645 683784.359099 683784.3631335 683784.367168 683784.3712025001 683784.375237 683784.3792715 683784.3833059999 683784.3873405 683784.3913755 683784.39541 683784.3994445 683784.4034795 683784.4075140001 683784.4115485 683784.415583 683784.4196174999 683784.423652 683784.4276865 683784.431721 683784.4357555 683784.43979 683784.4438245001 683784.447859 683784.4518935 683784.4559279999 683784.4599625 683784.463997 683784.4680315 683784.472066 683784.4761005 683784.4801350001
117,683784.4841695,217.8645001258701,849,856,0.4895306981025734,0.5482461489322717,1.2456246066185004,0.9521356013688174,3d gaze,-0.7354747576033097,-8.272688267103632,90.58163564681128,683784.4841695 683784.488204 683784.4922384999 683784.496273 683784.5003075 683784.504342 683784.5083765 683784.512411 683784.5164455001 683784.52048 683784.5245145 683784.5285495 683784.532584 683784.5366185 683784.540653 683784.5446875 683784.548722 683784.5527565 683784.5567910001 683784.5608254999 683784.56486 683784.5688944999 683784.572929 683784.5769635 683784.580998 683784.5850325001 683784.589067 683784.5931015001 683784.5971359999 683784.6011705 683784.6052055 683784.6092399999 683784.6132745 683784.617309 683784.6213435 683784.6253780001 683784.6294125 683784.6334470001 683784.6374814999 683784.641516 683784.6455505 683784.649585 683784.6536195 683784.657654 683784.6616885001 683784.665723 683784.6697575 683784.6737925 683784.6778269999 683784.6818615 683784.685896 683784.6899305 683784.693965 683784.6979995 683784.7020340001
118,683784.7060685,217.86400000564754,856,863,0.4899454633761364,0.5429738203395794,1.0260514414278927,0.94071131456982,3d gaze,-0.657159911950345,-7.660002125627665,88.68247489971114,683784.7060685 683784.710103 683784.7141374999 683784.718172 683784.7222065 683784.726241 683784.7302755 683784.73431 683784.7383445001 683784.742379 683784.7464135 683784.7504479999 683784.7544825 683784.758517 683784.7625515 683784.766586 683784.7706205 683784.7746550001 683784.7786895 683784.782724 683784.7867584999 683784.790793 683784.7948275 683784.7988625 683784.802897 683784.8069315 683784.8109665001 683784.815001 683784.8190355 683784.8230699999 683784.8271045 683784.831139 683784.8351735 683784.839208 683784.8432425 683784.8472770001 683784.8513115 683784.855346 683784.8593804999 683784.863415 683784.8674495 683784.871484 683784.8755185 683784.879553 683784.8835875001 683784.887622 683784.8916565 683784.8956909999 683784.8997255 683784.90376 683784.9077945 683784.911829 683784.9158635 683784.9198980001 683784.9239325
119,683784.927967,217.86449989303946,863,869,0.47946161253670755,0.5418403997398844,1.167742540702645,0.956511760299856,3d gaze,-2.156819137977393,-7.569867691679561,88.67411982808038,683784.927967 683784.9320014999 683784.936036 683784.9400705 683784.944105 683784.9481395 683784.952174 683784.956209 683784.9602435001 683784.9642779999 683784.9683125 683784.9723469999 683784.9763815 683784.980416 683784.9844505 683784.988485 683784.99252 683784.9965545 683785.0005890001 683785.0046234999 683785.008658 683785.0126924999 683785.016727 683785.0207615 683785.024796 683785.0288305001 683785.032865 683785.0368995001 683785.0409339999 683785.0449685 683785.049003 683785.0530375 683785.057072 683785.0611065 683785.065141 683785.0691755 683785.0732100001 683785.0772444999 683785.081279 683785.0853134999 683785.089348 683785.093383 683785.0974175 683785.101452 683785.1054865001 683785.109521 683785.1135555 683785.1175899999 683785.1216245 683785.125659 683785.1296935 683785.133728 683785.1377625 683785.1417970001 683785.1458315
120,683785.149866,217.86400000564754,869,876,0.4745269831652139,0.5437083989274474,0.5863431179694976,0.9519342725927179,3d gaze,-2.8557093581916515,-7.68181806215861,88.19073806079489,683785.149866 683785.1539004999 683785.157935 683785.1619695 683785.166004 683785.1700385 683785.174073 683785.1781075001 683785.182142 683785.1861765 683785.1902109999 683785.194246 683785.1982805 683785.202315 683785.2063495 683785.210384 683785.2144185 683785.2184530001 683785.2224874999 683785.226522 683785.2305564999 683785.234591 683785.2386255 683785.24266 683785.246695 683785.2507295 683785.254764 683785.2587985 683785.2628329999 683785.2668675 683785.270902 683785.2749365 683785.278971 683785.2830055 683785.2870400001 683785.2910745 683785.295109 683785.2991434999 683785.303178 683785.3072125 683785.311247 683785.3152815 683785.319316 683785.3233505 683785.327385 683785.3314195 683785.3354539999 683785.3394885 683785.343523 683785.3475575 683785.351592 683785.3556265 683785.3596610001 683785.3636955 683785.36773
121,683785.3717644999,217.86500001326203,876,882,0.4781535936206476,0.5383759916242286,0.38959810616216034,0.9539125962690873,3d gaze,-2.3275933497617607,-7.221597708801931,87.8604847795084,683785.3717644999 683785.3757994999 683785.379834 683785.3838685 683785.387903 683785.3919375 683785.395972 683785.4000065001 683785.4040415001 683785.4080759999 683785.4121105 683785.4161449999 683785.4201795 683785.424214 683785.4282485 683785.4322830001 683785.4363175 683785.4403520001 683785.4443864999 683785.448421 683785.4524555 683785.45649 683785.4605245 683785.464559 683785.4685935 683785.472628 683785.4766625001 683785.4806969999 683785.4847315 683785.4887659999 683785.4928005 683785.496835 683785.5008695 683785.5049040001 683785.5089385 683785.5129735 683785.517008 683785.521042 683785.5250765 683785.5291115 683785.533146 683785.5371805 683785.541215 683785.5452495001 683785.549284 683785.5533185 683785.5573529999 683785.5613875 683785.565422 683785.5694565 683785.573491 683785.5775255 683785.58156 683785.5855945 683785.5896294999
122,683785.593664,217.86449989303946,883,889,0.47833532208593654,0.539512095710977,0.6566816888913698,0.9445555166764693,3d gaze,-2.3173246005138903,-7.361674614826915,88.43943242764374,683785.593664 683785.5976985 683785.601733 683785.6057675 683785.609802 683785.6138365 683785.617871 683785.6219055001 683785.6259399999 683785.6299745 683785.6340089999 683785.6380435 683785.642078 683785.6461125 683785.650147 683785.6541815 683785.6582165 683785.6622510001 683785.6662854999 683785.67032 683785.6743545 683785.678389 683785.6824235 683785.686458 683785.6904925001 683785.694527 683785.6985615001 683785.7025959999 683785.7066305 683785.710665 683785.7146995 683785.718734 683785.7227685 683785.726803 683785.7308375 683785.7348720001 683785.7389064999 683785.742941 683785.7469755 683785.75101 683785.7550445 683785.759079 683785.7631135001 683785.767148 683785.7711825001 683785.7752169999 683785.7792515 683785.7832865 683785.787321 683785.7913555 683785.7953905 683785.799425 683785.8034595 683785.8074940001 683785.8115284999
123,683785.815563,217.86400000564754,889,896,0.4755703607908817,0.5491083599296429,0.5969940214255814,0.9494350411675193,3d gaze,-2.7112427619731694,-8.131070994160456,88.32351277648819,683785.815563 683785.8195974999 683785.823632 683785.8276665 683785.831701 683785.8357355 683785.83977 683785.8438045001 683785.8478389999 683785.8518735 683785.855908 683785.8599425 683785.863977 683785.8680115 683785.872046 683785.8760805 683785.8801150001 683785.8841494999 683785.888184 683785.8922185 683785.896253 683785.9002875 683785.904322 683785.9083565 683785.912391 683785.9164255001 683785.9204599999 683785.9244945 683785.928529 683785.9325635 683785.936598 683785.940633 683785.9446675 683785.9487020001 683785.9527365 683785.956771 683785.9608055 683785.96484 683785.9688745 683785.972909 683785.9769435 683785.980978 683785.985013 683785.9890475001 683785.993082 683785.9971165 683786.001151 683786.0051855 683786.00922 683786.0132545 683786.017289 683786.0213235 683786.0253580001 683786.0293925 683786.033427
124,683786.0374614999,217.8645001258701,896,902,0.4755690198908181,0.5544477451526381,0.4632856992176809,0.9480098588900132,3d gaze,-2.696784386899647,-8.51282080764229,87.80043692009905,683786.0374614999 683786.041496 683786.0455305 683786.049565 683786.0535995 683786.057634 683786.0616685001 683786.065703 683786.0697375 683786.073772 683786.077807 683786.0818415 683786.085876 683786.0899105 683786.093945 683786.0979795 683786.1020140001 683786.1060484999 683786.110083 683786.1141175 683786.118152 683786.1221865 683786.126221 683786.1302555 683786.13429 683786.1383245001 683786.1423589999 683786.1463935 683786.150428 683786.1544625 683786.158497 683786.1625315 683786.166566 683786.1706005 683786.1746350001 683786.1786694999 683786.182704 683786.186739 683786.1907735 683786.194808 683786.1988425 683786.202877 683786.2069115001 683786.210946 683786.2149805 683786.219015 683786.22305 683786.2270845 683786.231119 683786.2351535 683786.239188 683786.2432225 683786.2472570001 683786.2512914999 683786.255326
125,683786.2593605,217.86400000564754,902,909,0.48085174125341834,0.5571907740431429,0.45787275355500845,0.9535028950734572,3d gaze,-1.9534509969190124,-8.767217380402258,88.14823542189548,683786.2593605 683786.263395 683786.2674295 683786.271464 683786.2754985 683786.279533 683786.2835675001 683786.2876019999 683786.2916365 683786.295671 683786.2997055 683786.30374 683786.3077745 683786.311809 683786.3158435 683786.3198780001 683786.3239124999 683786.327947 683786.3319815 683786.336016 683786.3400505 683786.344085 683786.3481195 683786.352154 683786.3561885001 683786.3602235 683786.364258 683786.3682925 683786.372327 683786.3763615 683786.380396 683786.3844305 683786.3884655 683786.3925000001 683786.3965345 683786.400569 683786.4046035 683786.408638 683786.4126725 683786.416707 683786.4207415 683786.424776 683786.4288105 683786.432845 683786.4368795 683786.4409139999 683786.4449485 683786.448983 683786.4530175 683786.457052 683786.4610865 683786.4651210001 683786.4691555 683786.47319 683786.4772245
126,683786.481259,217.8645000094548,909,916,0.48728738508791647,0.5554727085876695,1.150151324610701,0.9480124825781042,3d gaze,-1.0387096476418354,-8.67758886943221,88.67266928395391,683786.481259 683786.4852935 683786.489328 683786.4933625 683786.497397 683786.5014315 683786.5054665001 683786.5095009999 683786.5135355 683786.51757 683786.5216045 683786.525639 683786.5296735 683786.533708 683786.5377425 683786.5417770001 683786.5458114999 683786.549846 683786.5538805 683786.557915 683786.5619495 683786.565984 683786.5700185 683786.574053 683786.5780875001 683786.5821225 683786.5861569999 683786.5901915 683786.594226 683786.5982605 683786.602295 683786.6063295 683786.6103640001 683786.6143985 683786.618433 683786.6224675 683786.626502 683786.6305365 683786.634571 683786.6386055 683786.6426405 683786.646675 683786.6507095001 683786.6547439999 683786.6587785 683786.662813 683786.6668475 683786.670882 683786.6749165 683786.678951 683786.6829855 683786.68702 683786.6910544999 683786.695089 683786.6991235
127,683786.703158,217.86400000564754,916,922,0.49631005755386887,0.5589300711301776,0.568323005056206,0.9517603131857786,3d gaze,0.2587847790336921,-9.121514660094366,90.27576349743511,683786.703158 683786.7071925 683786.711227 683786.7152615 683786.719296 683786.7233305001 683786.7273649999 683786.7313995 683786.735434 683786.7394685 683786.743503 683786.7475375 683786.751572 683786.7556065 683786.759641 683786.7636754999 683786.76771 683786.7717445 683786.775779 683786.7798135 683786.7838485 683786.7878835 683786.791918 683786.7959525001 683786.799987 683786.8040215 683786.808056 683786.8120905 683786.816125 683786.8201595 683786.824194 683786.8282285 683786.832263 683786.8362975 683786.840332 683786.8443664999 683786.848401 683786.8524355 683786.85647 683786.8605045 683786.864539 683786.8685735001 683786.872608 683786.8766425 683786.880677 683786.8847115 683786.888746 683786.8927805 683786.896815 683786.9008495 683786.904884 683786.9089185 683786.912953 683786.9169874999 683786.921022
128,683786.925057,217.86400000564754,922,929,0.49756863262300016,0.551293799054669,1.0092134959147956,0.9446706668897109,3d gaze,0.44816604637577034,-8.480384678090763,90.20624523426099,683786.925057 683786.9290915 683786.933126 683786.9371605 683786.941195 683786.9452295 683786.9492639999 683786.9532985 683786.957333 683786.9613675 683786.965402 683786.9694365 683786.973471 683786.9775055 683786.9815400001 683786.985575 683786.9896094999 683786.993644 683786.9976785 683787.001713 683787.0057475 683787.009782 683787.0138165 683787.017851 683787.0218855 683787.02592 683787.0299545 683787.033989 683787.0380235 683787.042058 683787.0460925 683787.050127 683787.0541615 683787.058196 683787.0622304999 683787.066265 683787.0703 683787.0743345 683787.078369 683787.0824035 683787.086438 683787.0904725 683787.094507 683787.0985415 683787.102576 683787.1066105 683787.110645 683787.1146795 683787.118714 683787.1227485 683787.1267830001 683787.1308175 683787.134852 683787.1388865 683787.142921
129,683787.1469555,217.8645000094548,929,935,0.5108406612693915,0.5526913374514387,1.1304805444501929,0.9419627661054785,3d gaze,2.533571642419115,-9.116417157948007,95.60917249978111,683787.1469555 683787.15099 683787.1550245 683787.159059 683787.1630935 683787.167128 683787.1711625 683787.175197 683787.179232 683787.1832665 683787.187301 683787.1913355 683787.19537 683787.1994045 683787.2034390001 683787.207474 683787.2115085 683787.215543 683787.2195775 683787.223612 683787.2276465 683787.231681 683787.2357155 683787.23975 683787.2437845 683787.2478189999 683787.2518535 683787.255888 683787.2599225 683787.263957 683787.2679915 683787.272026 683787.2760605 683787.280095 683787.2841295 683787.288164 683787.2921985 683787.296233 683787.3002675 683787.304302 683787.3083365 683787.312371 683787.3164055 683787.3204399999 683787.3244745 683787.328509 683787.3325435 683787.336578 683787.3406125 683787.3446470001 683787.3486815 683787.3527164999 683787.356751 683787.3607855 683787.36482
130,683787.3688545,217.8645000094548,935,942,0.5179064607433009,0.5530927185475076,0.5885911877165956,0.9454280511899428,3d gaze,3.64283890573264,-9.213365900328451,96.22825089398245,683787.3688545 683787.3728895 683787.376924 683787.3809585 683787.384993 683787.3890275001 683787.3930619999 683787.3970965 683787.401131 683787.4051655 683787.4092 683787.4132345 683787.417269 683787.4213035 683787.4253380001 683787.4293725 683787.433407 683787.4374415 683787.441476 683787.4455105 683787.449545 683787.4535795 683787.457614 683787.4616485001 683787.4656829999 683787.4697175 683787.473752 683787.4777865 683787.481821 683787.4858555 683787.4898905 683787.493925 683787.4979595 683787.501994 683787.5060285 683787.510063 683787.5140975 683787.518132 683787.5221665 683787.526201 683787.5302355 683787.53427 683787.5383045 683787.542339 683787.5463735 683787.550408 683787.5544425 683787.558477 683787.5625115 683787.566546 683787.5705805 683787.5746154999 683787.57865 683787.5826845 683787.586719
131,683787.5907535,217.8645000094548,942,949,0.5108315245631203,0.554350391662285,1.0211953322194953,0.9432062024419958,3d gaze,2.509216230914246,-9.202459495549528,95.00487994061163,683787.5907535 683787.594788 683787.5988225 683787.602857 683787.6068915001 683787.6109259999 683787.6149605 683787.618995 683787.6230295 683787.6270645 683787.631099 683787.6351335 683787.639168 683787.6432025 683787.647237 683787.6512714999 683787.655306 683787.6593405 683787.663375 683787.6674095 683787.671444 683787.6754785 683787.679513 683787.6835475 683787.687582 683787.6916165 683787.695651 683787.6996855 683787.70372 683787.7077545 683787.711789 683787.7158235 683787.719858 683787.7238924999 683787.727927 683787.7319615 683787.735996 683787.7400305 683787.744065 683787.7480995 683787.752134 683787.7561685 683787.760203 683787.7642375 683787.768272 683787.772307 683787.7763415 683787.780376 683787.784411 683787.7884455 683787.79248 683787.7965144999 683787.800549 683787.8045835 683787.808618
132,683787.8126525,217.86400000564754,949,955,0.5043974880462381,0.5517686054619269,0.29219247704368206,0.9493255723606456,3d gaze,1.4799805536169417,-8.763117061223621,92.76421576886983,683787.8126525 683787.816687 683787.8207215 683787.824756 683787.8287905001 683787.832825 683787.8368595 683787.840894 683787.8449285 683787.848963 683787.8529975 683787.857032 683787.8610665 683787.8651010001 683787.8691354999 683787.87317 683787.8772045 683787.881239 683787.8852735 683787.889308 683787.8933425 683787.897377 683787.9014115001 683787.905446 683787.909481 683787.9135155 683787.91755 683787.9215845 683787.925619 683787.9296535 683787.933688 683787.9377225 683787.941757 683787.9457915 683787.949826 683787.9538605 683787.957895 683787.9619295 683787.965964 683787.9699985 683787.974033 683787.9780679999 683787.9821025 683787.986137 683787.9901715 683787.994206 683787.9982405 683788.002275 683788.0063095 683788.010344 683788.0143784999 683788.018413 683788.0224475 683788.026482 683788.0305165
133,683788.034551,217.8645000094548,955,962,0.5066271275507559,0.5528665013744132,0.817116254761186,0.9451717723499645,3d gaze,1.7762427267008547,-8.64229850287747,90.57688143817931,683788.034551 683788.0385855 683788.04262 683788.0466545001 683788.050689 683788.0547235 683788.058758 683788.062793 683788.0668275 683788.070862 683788.0748965 683788.078931 683788.0829655 683788.087 683788.0910345 683788.095069 683788.0991035 683788.103138 683788.1071725 683788.111207 683788.1152415 683788.119276 683788.1233105 683788.127345 683788.1313795 683788.135414 683788.1394485 683788.143483 683788.1475175 683788.151552 683788.1555865 683788.159621 683788.1636555 683788.16769 683788.171725 683788.1757595 683788.179794 683788.1838285 683788.187863 683788.191898 683788.1959325 683788.1999669999 683788.2040015 683788.208036 683788.2120705 683788.216105 683788.2201395 683788.224174 683788.2282085 683788.2322430001 683788.2362775 683788.240312 683788.2443465 683788.248381 683788.2524155
134,683788.502556,80.69049997720867,969,972,0.5521817161412496,0.7085939127381295,0.8029493301777062,0.903374870121479,3d gaze,14.51934621190669,-36.93867521309144,151.6231760093258,683788.502556 683788.510625 683788.5146595 683788.518694 683788.5227285 683788.5267630001 683788.5307975 683788.534832 683788.5388665 683788.542901 683788.5469355 683788.55097 683788.5550045 683788.559039 683788.5630735001 683788.567108 683788.5711425 683788.5751775 683788.579212 683788.5832465
135,683788.603419,217.86449989303946,972,979,0.46531878871243304,0.5893731875557143,0.7771959465854369,0.9304187812588431,3d gaze,-4.462859277763313,-12.14953504973377,93.9655453330646,683788.603419 683788.6074535 683788.6114885 683788.615523 683788.6195575 683788.623592 683788.6276265 683788.631661 683788.6356955001 683788.63973 683788.6437645 683788.647799 683788.6518335 683788.655868 683788.6599025 683788.663937 683788.6679715 683788.672006 683788.6760404999 683788.680075 683788.6841095 683788.688144 683788.6921785 683788.696213 683788.7002475 683788.704282 683788.7083165001 683788.712351 683788.7163855 683788.72042 683788.7244545 683788.728489 683788.7325235 683788.736558 683788.7405925 683788.744627 683788.7486614999 683788.752696 683788.756731 683788.7607655 683788.7648 683788.7688345 683788.772869 683788.776904 683788.7809385 683788.784973 683788.7890075 683788.793042 683788.7970765 683788.801111 683788.8051455 683788.80918 683788.8132145 683788.817249 683788.8212835
136,683788.825318,217.86449989303946,979,985,0.46262916462178605,0.5963200238388271,1.036879924714823,0.9403741321780464,3d gaze,-4.691246856441317,-12.277078388846656,90.43791150331174,683788.825318 683788.8293525 683788.833387 683788.8374215 683788.841456 683788.8454905 683788.849525 683788.8535595 683788.857594 683788.8616285 683788.865663 683788.8696975 683788.873732 683788.8777665 683788.881801 683788.8858355 683788.88987 683788.8939050001 683788.8979395 683788.901974 683788.9060085 683788.910043 683788.9140775 683788.918112 683788.9221465 683788.926181 683788.9302155001 683788.93425 683788.9382845 683788.942319 683788.9463535 683788.950388 683788.9544225 683788.958457 683788.9624915 683788.9665260001 683788.970561 683788.9745955 683788.97863 683788.9826645 683788.986699 683788.9907335 683788.994768 683788.9988025 683789.002837 683789.0068715 683789.010906 683789.0149405 683789.018975 683789.0230095 683789.027044 683789.0310785 683789.035113 683789.039148 683789.0431824999
137,683789.047217,217.86400000564754,986,992,0.4665839209955428,0.5958336414260013,0.7399566268798351,0.9119011224419983,3d gaze,-4.314108829495162,-12.839728889028866,94.88260773866544,683789.047217 683789.0512515 683789.055286 683789.0593205 683789.063355 683789.0673895 683789.071424 683789.0754585 683789.0794929999 683789.0835275 683789.0915965 683789.095631 683789.0996655 683789.1037 683789.1077345 683789.111769 683789.1158034999 683789.119838 683789.1238725 683789.127907 683789.1319415 683789.135976 683789.1400105 683789.144045 683789.1480795 683789.1521139999 683789.1561485 683789.160183 683789.164218 683789.1682525 683789.172287 683789.176322 683789.1803565 683789.184391 683789.1884255 683789.19246 683789.1964945 683789.200529 683789.2045635 683789.208598 683789.2126325 683789.216667 683789.2207015 683789.224736 683789.2287705 683789.232805 683789.2368395 683789.240874 683789.2449085 683789.248943 683789.2529775 683789.257012 683789.2610465 683789.265081
138,683789.2691155,217.8645000094548,992,999,0.46506280908015635,0.5934276721518906,0.8635434223422677,0.9262262945825404,3d gaze,-4.432701023222712,-12.325954418602327,92.59743101448292,683789.2691155 683789.27315 683789.2771845 683789.281219 683789.2852535 683789.289288 683789.2933225 683789.297357 683789.3013915 683789.305426 683789.3094605 683789.313495 683789.3175295 683789.321564 683789.3255985 683789.3296335 683789.3336680001 683789.3377025 683789.341737 683789.3457715 683789.349806 683789.3538405 683789.357875 683789.3619095 683789.3659445 683789.369979 683789.3740135 683789.378048 683789.3820825 683789.386117 683789.3901515 683789.394186 683789.3982205 683789.402255 683789.4062895 683789.410324 683789.4143585 683789.418393 683789.4224275 683789.426462 683789.4304965 683789.434531 683789.4385655 683789.4426 683789.4466345 683789.450669 683789.4547035 683789.4587385 683789.462773 683789.4668075 683789.470842 683789.4748765 683789.478911 683789.4829454999 683789.48698
139,683789.4910145,217.86400000564754,999,1005,0.45589285215827613,0.5935591359906237,0.7355238716895687,0.9512681684710763,3d gaze,-5.805730973124104,-12.299945075643627,92.26845775035912,683789.4910145 683789.495049 683789.4990835 683789.503118 683789.5071525 683789.511187 683789.5152215 683789.5192559999 683789.5232905 683789.527325 683789.5313595 683789.535394 683789.5394285 683789.543463 683789.5474975 683789.551532 683789.5555664999 683789.559601 683789.5636355 683789.56767 683789.5717045 683789.5757395 683789.579774 683789.5838085 683789.587843 683789.5918775001 683789.595912 683789.5999465 683789.6039815 683789.608016 683789.6120505 683789.616085 683789.6201195 683789.624154 683789.6281885 683789.632223 683789.6362575 683789.640292 683789.6443265 683789.648361 683789.6523955 683789.65643 683789.6604645 683789.664499 683789.6685335 683789.672568 683789.6766025 683789.680637 683789.6846715 683789.688706 683789.6927405 683789.696775 683789.7008095 683789.704844 683789.7088785
140,683789.712913,217.8645000094548,1005,1012,0.4541700634064173,0.5842449243599668,0.7670094141854714,0.939523781971498,3d gaze,-6.1030763569727995,-11.591526695638773,92.99713217600622,683789.712913 683789.7169475 683789.720982 683789.7250165 683789.729051 683789.7330855 683789.73712 683789.741155 683789.7451895 683789.749224 683789.7532585 683789.757293 683789.7613275 683789.765362 683789.769397 683789.7734315 683789.777466 683789.7815005 683789.785535 683789.7895695 683789.793604 683789.7976385 683789.801673 683789.8057075 683789.809742 683789.8137765 683789.817811 683789.8218455 683789.82588 683789.8299145 683789.833949 683789.8379835 683789.842018 683789.8460525 683789.850087 683789.8541215 683789.858156 683789.8621905 683789.866225 683789.8702595 683789.874294 683789.8783285 683789.882363 683789.886398 683789.8904325 683789.894467 683789.8985015 683789.902536 683789.9065705 683789.910605 683789.9146395 683789.918674 683789.9227085 683789.926743 683789.9307775
141,683789.934812,217.86400000564754,1012,1019,0.4640256785091,0.575178007822069,1.1086904906228556,0.9397411568598314,3d gaze,-4.756030452567969,-11.152294187359722,96.0155973521621,683789.934812 683789.9388465 683789.942881 683789.9469155 683789.95095 683789.9549845001 683789.959019 683789.9630539999 683789.9670885 683789.971123 683789.9751575 683789.979192 683789.9832265 683789.987261 683789.9912955 683789.9953300001 683789.9993645 683790.003399 683790.0074335 683790.011468 683790.0155025 683790.019537 683790.023572 683790.0276065 683790.031641 683790.0356755 683790.03971 683790.0437445 683790.047779 683790.0518135 683790.055848 683790.0598825 683790.063917 683790.0679515 683790.071986 683790.0760205 683790.080055 683790.0840895 683790.088124 683790.0921585 683790.096193 683790.1002275 683790.104262 683790.1082965 683790.112331 683790.1163655 683790.1204 683790.1244345 683790.128469 683790.1325035 683790.136538 683790.1405725 683790.144607 683790.1486415 683790.152676
142,683790.1567105,217.86500001326203,1019,1025,0.4649445887866071,0.5757175510129917,0.48602351959655093,0.9315342410044236,3d gaze,-4.56728705189375,-11.089615585893352,95.0745805486553,683790.1567105 683790.160745 683790.16478 683790.168815 683790.1728495 683790.176884 683790.1809185001 683790.184953 683790.1889875 683790.193022 683790.1970565 683790.201091 683790.2051255 683790.20916 683790.2131945 683790.2172290001 683790.2212634999 683790.225298 683790.2293325 683790.233367 683790.2374015 683790.241436 683790.2454705 683790.249505 683790.2535395001 683790.257574 683790.2616085 683790.265643 683790.2696775 683790.273712 683790.2777465 683790.281781 683790.2858155 683790.2898500001 683790.2938844999 683790.297919 683790.3019535 683790.3059885 683790.310023 683790.3140575 683790.318092 683790.3221265 683790.326161 683790.3301955 683790.33423 683790.3382645 683790.342299 683790.3463335 683790.350368 683790.3544025 683790.3584370001 683790.3624715 683790.3665064999 683790.370541 683790.3745755
143,683790.37861,217.8645000094548,1025,1032,0.4583297174194673,0.5783670109441836,0.8107069877798471,0.9416154558008367,3d gaze,-5.602451758828659,-11.3489775862639,95.2382478547765,683790.37861 683790.3826445 683790.386679 683790.3907135 683790.394748 683790.3987825001 683790.402817 683790.4068515 683790.410886 683790.4149205 683790.418955 683790.4229895 683790.427024 683790.4310585 683790.435093 683790.4391274999 683790.4431625 683790.447197 683790.4512315 683790.455266 683790.4593005 683790.463335 683790.4673695 683790.471404 683790.4754385 683790.4794729999 683790.4835075 683790.487542 683790.4915765 683790.495611 683790.4996455 683790.50368 683790.5077145 683790.511749 683790.5157835 683790.519818 683790.5238525 683790.527887 683790.5319215 683790.535956 683790.5399905 683790.544025 683790.5480595 683790.5520939999 683790.5561285 683790.560163 683790.5641975 683790.5682325 683790.572267 683790.5763015 683790.580336 683790.5843705 683790.588405 683790.5924395 683790.5964745
144,683790.600509,217.86400000564754,1032,1038,0.45522991234546545,0.574859929018392,0.6133399227392784,0.9337070801041343,3d gaze,-6.03023466285871,-10.953340378343603,94.4636860433688,683790.600509 683790.6045435 683790.608578 683790.6126125 683790.616647 683790.6206815001 683790.6247159999 683790.6287505 683790.632785 683790.6368195 683790.640854 683790.6448885 683790.648923 683790.6529575 683790.6569920001 683790.6610265 683790.665061 683790.6690955 683790.67313 683790.6771645 683790.681199 683790.6852335 683790.689268 683790.6933025001 683790.6973369999 683790.7013715 683790.705406 683790.7094405 683790.713475 683790.7175095 683790.721544 683790.725579 683790.7296135 683790.733648 683790.7376824999 683790.741717 683790.7457515 683790.749786 683790.7538205 683790.757855 683790.76189 683790.7659245 683790.7699589999 683790.7739935 683790.778028 683790.7820625 683790.786097 683790.7901315 683790.794166 683790.7982005 683790.8022350001 683790.8062694999 683790.810304 683790.8143385 683790.818373
145,683790.8224075,217.8645000094548,1039,1045,0.45383757952382714,0.5704934408098834,0.46646413181834895,0.9168886412273753,3d gaze,-5.9533933855311485,-10.081821609689639,90.08890998191167,683790.8224075 683790.826442 683790.8304765 683790.834511 683790.8385455 683790.8425799999 683790.8466145 683790.850649 683790.8546835 683790.858718 683790.8627525 683790.866787 683790.8708215 683790.8748560001 683790.8788910001 683790.8829254999 683790.88696 683790.8909945 683790.895029 683790.8990635 683790.903098 683790.9071325 683790.911167 683790.9152015 683790.919236 683790.9232705 683790.927305 683790.9313395 683790.935374 683790.9394085 683790.943443 683790.9474775 683790.951512 683790.955547 683790.9595815 683790.963616 683790.9676505 683790.971685 683790.9757195 683790.979754 683790.9837885 683790.987823 683790.9918575 683790.995892 683790.9999265 683791.003961 683791.007996 683791.0120305 683791.016065 683791.0200995 683791.0241340001 683791.0281684999 683791.032203 683791.0362375 683791.040272
146,683791.0443065,217.86400000564754,1045,1052,0.45022794409502664,0.5814089385059442,1.0841195855842949,0.9330893700773065,3d gaze,-6.521886037291508,-11.046437787589815,90.46009442187521,683791.0443065 683791.048341 683791.0523755 683791.05641 683791.0604445001 683791.0644789999 683791.0685135 683791.072548 683791.0765825 683791.080617 683791.0846515 683791.088686 683791.0927205 683791.0967550001 683791.1007894999 683791.104824 683791.1088585 683791.112893 683791.1169275 683791.120962 683791.1249965 683791.129031 683791.1330655001 683791.1370999999 683791.1411345 683791.145169 683791.1492035 683791.1532385 683791.157273 683791.1613075 683791.1653425 683791.169377 683791.1734114999 683791.177446 683791.1814805 683791.185515 683791.1895495 683791.193584 683791.1976185 683791.201653 683791.2056875001 683791.2097219999 683791.2137565 683791.217791 683791.2218255 683791.22586 683791.2298945 683791.233929 683791.2379635 683791.241998 683791.2460324999 683791.250067 683791.2541015 683791.258136 683791.2621705
147,683791.266205,217.8645000094548,1052,1058,0.44247266599427926,0.5816167969549175,0.5129914748454429,0.9460173444314437,3d gaze,-7.667336452606052,-11.071154305055014,90.46148031530883,683791.266205 683791.2702395 683791.274274 683791.2783085001 683791.2823429999 683791.2863775 683791.2904125 683791.294447 683791.2984815 683791.302516 683791.3065505 683791.310585 683791.3146195 683791.3186540001 683791.3226884999 683791.326723 683791.3307575 683791.334792 683791.3388265 683791.342861 683791.3468955 683791.35093 683791.3549645001 683791.3589995 683791.363034 683791.3670685 683791.371103 683791.3751375 683791.379172 683791.3832065 683791.387241 683791.3912755 683791.39531 683791.3993444999 683791.403379 683791.4074135 683791.411448 683791.4154825 683791.419517 683791.4235515001 683791.427586 683791.4316205 683791.4356555 683791.43969 683791.4437245 683791.447759 683791.4517935 683791.455828 683791.4598625 683791.4638970001 683791.4679314999 683791.471966 683791.4760005 683791.480035 683791.4840695
148,683791.488104,185.5879999930039,1058,1064,0.4527875374389023,0.5796576133410671,1.4590700958068679,0.9500342886498634,3d gaze,-6.190670288701829,-10.988721708536533,91.25294764664383,683791.488104 683791.4921385 683791.496173 683791.5002075001 683791.5042419999 683791.5082765 683791.512311 683791.5163455 683791.52038 683791.5244145 683791.528449 683791.5324835 683791.5365180001 683791.5405524999 683791.5445874999 683791.548622 683791.552656 683791.5566905 683791.5607255 683791.56476 683791.5687945 683791.5728295 683791.576864 683791.5808985 683791.5849329999 683791.5889675 683791.593002 683791.5970365 683791.601071 683791.6051055 683791.6091400001 683791.6131745 683791.617209 683791.6212435 683791.625278 683791.6293125 683791.633347 683791.6373815 683791.641416 683791.6454505 683791.649485 683791.6535195 683791.6575539999 683791.6615885 683791.665623 683791.6696575 683791.673692
149,683791.6777265,217.8645000094548,1064,1071,0.459979215785079,0.5787317517178995,0.7657337835358123,0.9313338160514831,3d gaze,-5.0527639897101135,-10.754738114928749,90.00531274909783,683791.6777265 683791.6817610001 683791.6857955 683791.68983 683791.6938645 683791.697899 683791.7019335 683791.705968 683791.7100025 683791.714037 683791.718072 683791.7221065001 683791.7261409999 683791.7301755 683791.73421 683791.7382445 683791.742279 683791.746314 683791.7503485 683791.7543830001 683791.7584175 683791.762452 683791.7664865 683791.770521 683791.7745555 683791.77859 683791.7826245 683791.786659 683791.7906935 683791.794728 683791.7987625 683791.8027969999 683791.8068315 683791.810866 683791.8149005 683791.818935 683791.8229695 683791.8270040001 683791.8310385 683791.835073 683791.8391075 683791.843142 683791.8471765 683791.851211 683791.8552455 683791.85928 683791.863315 683791.8673495001 683791.8713839999 683791.8754185 683791.879453 683791.8834875 683791.887522 683791.8915565 683791.895591
150,683791.8996255,217.86400000564754,1071,1077,0.46074408434190534,0.5855865222019794,0.8325365681337397,0.9352269638668407,3d gaze,-5.000764233670981,-11.45116020061409,90.99143263037575,683791.8996255 683791.9036600001 683791.9076944999 683791.911729 683791.9157634999 683791.919798 683791.9238325 683791.927867 683791.9319015 683791.935936 683791.9399705001 683791.9440049999 683791.9480395 683791.952074 683791.956109 683791.9601435 683791.964178 683791.9682125 683791.9722470001 683791.9762815 683791.9803160001 683791.9843504999 683791.988385 683791.9924195 683791.996454 683792.000489 683792.0045235 683792.008558 683792.0125925001 683792.016627 683792.0206615 683792.024696 683792.0287305 683792.032765 683792.0367995 683792.040834 683792.0448685 683792.0489030001 683792.0529375 683792.056972 683792.0610064999 683792.065041 683792.0690755 683792.07311 683792.0771445 683792.081179 683792.0852135001 683792.089248 683792.0932825 683792.097317 683792.1013515 683792.105386 683792.1094205 683792.113455 683792.1174895
151,683792.1215240001,217.86449989303946,1077,1084,0.45605104769361493,0.5937167203974303,0.5085640129571978,0.9441610157489777,3d gaze,-5.8085337746150865,-12.373851363604816,92.7257991930315,683792.1215240001 683792.1255585 683792.129593 683792.1336274999 683792.137662 683792.1416965 683792.1457315 683792.1497665 683792.153801 683792.1578355001 683792.16187 683792.1659045 683792.1699389999 683792.1739735 683792.178008 683792.1820425 683792.186077 683792.1901115 683792.194146 683792.1981805 683792.202215 683792.2062494999 683792.210284 683792.2143185 683792.218353 683792.2223875 683792.226422 683792.2304565001 683792.234491 683792.2385255 683792.2425599999 683792.2465945 683792.250629 683792.2546635 683792.258698 683792.2627325 683792.266767 683792.2708015 683792.274836 683792.2788704999 683792.2829055 683792.28694 683792.2909745 683792.295009 683792.2990435 683792.303078 683792.3071125001 683792.311147 683792.3151815 683792.3192159999 683792.3232505 683792.327285 683792.3313195 683792.335354 683792.3393885
152,683792.3434235,217.8645001258701,1084,1090,0.45617287901223,0.5837723205600777,0.7707996407274942,0.9698613692413677,3d gaze,-5.50444911451388,-10.96602641649209,88.23357934747526,683792.3434235 683792.3474580001 683792.3514924999 683792.355527 683792.3595615 683792.363596 683792.3676305 683792.371665 683792.3756995001 683792.379734 683792.3837685001 683792.3878029999 683792.3918375 683792.395872 683792.3999065 683792.403941 683792.4079755 683792.41201 683792.4160445 683792.4200790001 683792.4241134999 683792.4281484999 683792.432183 683792.4362175 683792.440252 683792.4442865 683792.448321 683792.4523555001 683792.45639 683792.4604245 683792.4644589999 683792.4684935 683792.472528 683792.4765625 683792.480597 683792.4846315 683792.4886660001 683792.4927005 683792.496735 683792.5007694999 683792.504804 683792.5088385 683792.512873 683792.5169075 683792.520942 683792.5249765001 683792.529011 683792.5330455 683792.5370805 683792.541115 683792.5451495 683792.549184 683792.5532185 683792.5572535 683792.5612880001
153,683792.5653225,205.76050004456192,1091,1097,0.4482324846800058,0.5682568750603922,1.4313713822228264,0.9917617738246918,3d gaze,-6.372734722552206,-9.324232076883558,84.7979505087701,683792.5653225 683792.5693570001 683792.5733914999 683792.577426 683792.5814605 683792.585495 683792.5895295 683792.593564 683792.5975985 683792.601633 683792.6056675 683792.6097019999 683792.6137365 683792.617771 683792.6218055 683792.62584 683792.6298745 683792.6339090001 683792.6379435 683792.641978 683792.6460124999 683792.650047 683792.6540815 683792.658116 683792.6621505 683792.666185 683792.6702195 683792.674254 683792.6782885 683792.6823229999 683792.6863575 683792.690392 683792.6944265 683792.698461 683792.7024955 683792.7065300001 683792.7105650001 683792.7145995 683792.718634 683792.7226684999 683792.726703 683792.7307375 683792.734772 683792.7388065 683792.742841 683792.746876 683792.7509105001 683792.7549449999 683792.7589795 683792.7630139999 683792.7670485 683792.771083
154,683792.7751175,216.19149995967746,1097,1103,0.4415457818930169,0.5634525555217306,1.2083130873945913,0.9930102668025277,3d gaze,-7.2669693885712325,-8.912967696630254,84.41140178297388,683792.7751175 683792.7791520001 683792.7831865 683792.7872210001 683792.7912554999 683792.79529 683792.7993245 683792.803359 683792.8073935 683792.811428 683792.8154625 683792.819497 683792.8235315001 683792.8275659999 683792.8316005 683792.8356349999 683792.83967 683792.8437045 683792.847739 683792.8517735 683792.8558080001 683792.8598425 683792.863877 683792.8679114999 683792.871946 683792.8759805 683792.880015 683792.8840495 683792.888084 683792.8921185001 683792.896153 683792.9001875 683792.9042219999 683792.9082565 683792.912291 683792.9163255 683792.92036 683792.9243945 683792.9284290001 683792.9324635 683792.936498 683792.9405324999 683792.944567 683792.948602 683792.9526365 683792.956671 683792.9607055 683792.96474 683792.967102 683792.9711365 683792.975171 683792.9792055 683792.98324 683792.9872745001 683792.991309
155,683792.9953435,217.86400000564754,1103,1110,0.4512875944953159,0.5707224279239158,0.7873930459087384,0.9860699648206884,3d gaze,-6.195509684889145,-9.893712893659032,88.19937256449805,683792.9953435 683792.9993779999 683793.0034125 683793.007447 683793.011482 683793.0155165 683793.019551 683793.0235855 683793.0276200001 683793.0316544999 683793.035689 683793.0397235 683793.043758 683793.0477925 683793.051827 683793.0558615 683793.059896 683793.0639305001 683793.0679649999 683793.0719995 683793.0760339999 683793.0800685 683793.084103 683793.0881375 683793.0921720001 683793.0962065 683793.1002410001 683793.1042754999 683793.10831 683793.1123445 683793.116379 683793.1204135 683793.124448 683793.1284825 683793.132517 683793.1365515001 683793.1405859999 683793.1446209999 683793.1486555 683793.15269 683793.1567245 683793.160759 683793.1647935 683793.1688280001 683793.1728625 683793.176897 683793.1809314999 683793.184966 683793.1890005 683793.193035 683793.1970695 683793.201104 683793.2051385001 683793.209173 683793.2132075
156,683793.2172419999,217.86400000564754,1110,1117,0.45615064836828184,0.5741201608010902,1.1097624414518432,0.9738893330097198,3d gaze,-5.557996916286388,-10.292502358551554,89.30156451707079,683793.2172419999 683793.2212765 683793.225311 683793.2293455 683793.23338 683793.237415 683793.2414495 683793.2454840001 683793.2495185 683793.253553 683793.2575875 683793.261622 683793.2656565 683793.269691 683793.2737255 683793.27776 683793.2817945001 683793.285829 683793.2898635 683793.2938979999 683793.2979325 683793.301967 683793.3060015 683793.310036 683793.3140705 683793.3181050001 683793.3221395 683793.326174 683793.3302085 683793.334243 683793.338278 683793.3423125 683793.346347 683793.3503815001 683793.354416 683793.3584505001 683793.3624849999 683793.3665195 683793.370554 683793.3745885 683793.378623 683793.3826575 683793.386692 683793.3907265 683793.3947610001 683793.3987954999 683793.40283 683793.4068644999 683793.410899 683793.4149335 683793.418968 683793.4230025001 683793.427037 683793.4310715001 683793.4351059999
157,683793.4391405,217.86400000564754,1117,1123,0.45796139615526205,0.5736956436559091,1.023479077403832,0.9698022392663088,3d gaze,-5.465054264940368,-10.564010976483596,91.95596141436647,683793.4391405 683793.443175 683793.44721 683793.4512445 683793.455279 683793.4593135 683793.4633480001 683793.4673825 683793.471417 683793.4754514999 683793.479486 683793.4835205 683793.487555 683793.4915895 683793.495624 683793.4996585001 683793.503693 683793.5077275 683793.5117619999 683793.5157965 683793.519831 683793.5238655 683793.5279 683793.5319345 683793.5359690001 683793.5400040001 683793.5440384999 683793.548073 683793.5521074999 683793.556142 683793.5601765 683793.564211 683793.5682455001 683793.57228 683793.5763145001 683793.5803489999 683793.5843835 683793.588418 683793.5924525 683793.596487 683793.6005215 683793.604556 683793.6085905 683793.6126250001 683793.6166594999 683793.620694 683793.6247284999 683793.628763 683793.6327975 683793.636832 683793.6408665001 683793.644901 683793.6489355001 683793.6529699999 683793.6570045
158,683793.661039,117.0014999806881,1123,1127,0.45611196528888537,0.5783576681660271,0.5071806495879279,0.9634048600991567,3d gaze,-5.901239506975498,-11.263677157947907,94.51895602749893,683793.661039 683793.665074 683793.6691085 683793.673143 683793.6771775 683793.6812120001 683793.6852465 683793.689281 683793.6933154999 683793.69735 683793.7013845 683793.705419 683793.7094535 683793.713488 683793.7175225 683793.721557 683793.7255915 683793.7296259999 683793.7336605 683793.737695 683793.7417295 683793.745764 683793.749799 683793.7538335 683793.7578680001 683793.7619025 683793.765937 683793.7699714999 683793.774006 683793.7780405
159,683794.1008019999,217.86350011825562,1136,1143,0.4709791076323814,0.6589988309497362,1.2980338386660981,0.9271652107989347,3d gaze,-3.768097429463304,-19.015585124703225,97.6144011063694,683794.1008019999 683794.1048365 683794.108871 683794.1129055 683794.11694 683794.1209745 683794.1250090001 683794.1290434999 683794.133078 683794.137113 683794.1411475 683794.145182 683794.1492165 683794.153251 683794.1572855001 683794.16132 683794.1653545001 683794.1693889999 683794.1734235 683794.177458 683794.1814925 683794.185527 683794.1895615 683794.193596 683794.1976305 683794.2016650001 683794.2056994999 683794.209734 683794.2137685 683794.217803 683794.2218375 683794.225872 683794.2299065001 683794.233941 683794.2379755001 683794.2420099999 683794.2460445 683794.250079 683794.2541135 683794.258148 683794.2621825 683794.266217 683794.2702515 683794.2783205 683794.282355 683794.2863895 683794.290424 683794.2944585 683794.298493 683794.3025275001 683794.306562 683794.3105965 683794.3146309999 683794.3186655
160,683794.3227,217.8645000094548,1143,1150,0.4713695480088101,0.6549251995522083,1.1802250294318202,0.9284293082627383,3d gaze,-3.6577259731027256,-18.423709805625684,96.47717921693379,683794.3227 683794.326735 683794.3307695 683794.334804 683794.338839 683794.3428735 683794.3469080001 683794.3509424999 683794.354977 683794.3590114999 683794.363046 683794.3670805 683794.371115 683794.3751495001 683794.379184 683794.3832185001 683794.3872529999 683794.3912875 683794.395322 683794.3993565 683794.403391 683794.4074255 683794.41146 683794.4154945 683794.4195290001 683794.4235634999 683794.427598 683794.4316324999 683794.435667 683794.4397015 683794.443736 683794.4477705001 683794.451805 683794.4558395001 683794.4598739999 683794.4639085 683794.467943 683794.4719775 683794.476012 683794.4800465 683794.484081 683794.4881155 683794.4921500001 683794.4961844999 683794.500219 683794.5042534999 683794.508288 683794.5123225 683794.516357 683794.5203915001 683794.524426 683794.5284605001 683794.5324949999 683794.5365295 683794.5405645
161,683794.544599,217.8645000094548,1150,1156,0.46503664200174877,0.6527868025677779,0.9798087072284541,0.935663451389833,3d gaze,-4.530688986986309,-17.71939134836379,93.77062109423437,683794.544599 683794.5486335 683794.5526685 683794.556703 683794.5607375 683794.5647720001 683794.5688064999 683794.572841 683794.5768754999 683794.58091 683794.5849445 683794.588979 683794.5930135 683794.597048 683794.6010825001 683794.6051169999 683794.6091515 683794.613186 683794.6172205 683794.621255 683794.6252895 683794.629324 683794.6333585 683794.6373930001 683794.6414274999 683794.645462 683794.6494964999 683794.653531 683794.6575655 683794.6616 683794.6656345 683794.669669 683794.6737035001 683794.6777379999 683794.6817725 683794.685807 683794.6898415 683794.693876 683794.6979105 683794.701945 683794.7059795 683794.7100140001 683794.7140484999 683794.718083 683794.7221174999 683794.726152 683794.7301865 683794.734221 683794.7382555001 683794.7422905001 683794.746325 683794.7503595001 683794.7543939999 683794.7584285 683794.7624635
162,683794.766498,217.86400000564754,1156,1163,0.463263528818063,0.6440153001503661,0.5740533690227778,0.9523000180721283,3d gaze,-4.759755944450831,-16.785808720358713,92.92709991088513,683794.766498 683794.7705325 683794.774567 683794.7786015 683794.7826360001 683794.7866705 683794.790705 683794.7947394999 683794.798774 683794.8028085 683794.806843 683794.8108775 683794.814912 683794.8189465001 683794.822981 683794.8270155 683794.8310499999 683794.8350845 683794.839119 683794.8431535 683794.847188 683794.8512225 683794.8552570001 683794.8592915 683794.863326 683794.8673604999 683794.871395 683794.8754295 683794.879464 683794.8834985 683794.887533 683794.8915675001 683794.895602 683794.8996365 683794.9036709999 683794.9077055 683794.91174 683794.9157745 683794.919809 683794.9238435 683794.9278780001 683794.9319125 683794.9359474999 683794.939982 683794.9440165 683794.948051 683794.9520855 683794.95612 683794.9601545 683794.964189 683794.9682235001 683794.9722579999 683794.9762925 683794.9803275 683794.984362
163,683794.9883965,217.86400000564754,1163,1169,0.4631860662070442,0.6420566273102435,1.0054980992361378,0.9634124409068715,3d gaze,-4.872268361468267,-16.996652457697376,95.07907730207269,683794.9883965 683794.992431 683794.9964655 683795.0005000001 683795.0045345 683795.008569 683795.0126034999 683795.016638 683795.0206725 683795.024707 683795.0287415 683795.032776 683795.0368105001 683795.040845 683795.0448795 683795.0489139999 683795.0529485 683795.056983 683795.0610175 683795.065052 683795.0690865 683795.0731210001 683795.0771555 683795.08119 683795.0852244999 683795.089259 683795.0932935 683795.097328 683795.1013625 683795.105397 683795.1094315001 683795.113466 683795.1175005 683795.1215349999 683795.1255695 683795.1296045 683795.133639 683795.1376735 683795.1417080001 683795.1457425 683795.1497770001 683795.1538115 683795.157846 683795.1618804999 683795.165915 683795.1699495 683795.173984 683795.1780185 683795.182053 683795.1860875001 683795.1901225001 683795.1941569999 683795.1981909999 683795.2022255 683795.2062605
164,683795.218364,217.86400000564754,1170,1176,0.471791612022358,0.650821031878005,1.0539354815492643,0.9533413046935819,3d gaze,-3.613209002305064,-18.134291680623388,96.97109518165692,683795.218364 683795.2264330001 683795.234502 683795.2385364999 683795.242571 683795.2466055 683795.25064 683795.2546745001 683795.258709 683795.2627435001 683795.2667779999 683795.2708125 683795.274847 683795.2788815 683795.282916 683795.2869505 683795.290985 683795.2950195 683795.2990540001 683795.3030884999 683795.307123 683795.3111574999 683795.315192 683795.3192265 683795.323261 683795.3272955001 683795.33133 683795.3353645001 683795.3393995 683795.3434339999 683795.3474685 683795.351503 683795.3555375 683795.359572 683795.3636065 683795.3676410001 683795.3716755 683795.37571 683795.3797444999 683795.383779 683795.3878135 683795.391848 683795.3958825 683795.399917 683795.4039515001 683795.407986 683795.4120205 683795.4160555 683795.42009 683795.4241245 683795.428159 683795.4321935 683795.436228
165,683795.4402625,217.86400000564754,1176,1183,0.47770308075549006,0.65399449183942,0.3590407048515704,0.9552614873105829,3d gaze,-2.7133004407212167,-18.68417832861142,98.35310364655714,683795.4402625 683795.4442970001 683795.4483314999 683795.452366 683795.4564004999 683795.460435 683795.4644695 683795.468504 683795.4725385001 683795.476573 683795.4806075001 683795.4846419999 683795.4886765 683795.492711 683795.4967455 683795.50078 683795.5048145 683795.508849 683795.5128835 683795.5169180001 683795.5209524999 683795.524987 683795.5290214999 683795.5330565 683795.537091 683795.5411255 683795.54516 683795.5491945001 683795.553229 683795.5572635 683795.5612979999 683795.5653325 683795.5693669999 683795.5734015 683795.577436 683795.5814705 683795.5855050001 683795.5895395 683795.593574 683795.5976084999 683795.601643 683795.6056775 683795.609712 683795.6137465 683795.617781 683795.6218155001 683795.62585 683795.6298845 683795.6339189999 683795.6379535 683795.6419885 683795.646023 683795.6500575 683795.654092 683795.6581265
166,683795.6621610001,217.86400000564754,1183,1189,0.47658107829115126,0.6491869923788341,0.5591549425405612,0.9642823381857438,3d gaze,-2.870360592955969,-18.097480375808523,97.60751778433948,683795.6621610001 683795.6661955 683795.67023 683795.6742644999 683795.678299 683795.6823335 683795.686368 683795.6904025 683795.694437 683795.6984715001 683795.702506 683795.7065405 683795.710575 683795.7146095 683795.718644 683795.7226785 683795.7267135 683795.7307480001 683795.7347825 683795.7388170001 683795.7428514999 683795.746886 683795.7509205 683795.754955 683795.7589895 683795.763024 683795.7670585 683795.771093 683795.7751275001 683795.7791619999 683795.7831965 683795.7872309999 683795.7912655 683795.7953 683795.7993345 683795.8033690001 683795.8074035 683795.8114380001 683795.8154724999 683795.819507 683795.8235415 683795.827576 683795.8316105 683795.835645 683795.8396795 683795.843714 683795.8477485001 683795.8517829999 683795.8558175 683795.8598525 683795.863887 683795.8679215 683795.871956 683795.8759905 683795.8800250001
167,683795.8840595,217.86400000564754,1190,1196,0.4753690905549169,0.6383784662822244,0.5913883949996859,0.9607234423810785,3d gaze,-3.02679550562097,-16.916814203511752,96.58252635940848,683795.8840595 683795.888094 683795.8921284999 683795.896163 683795.9001975 683795.904232 683795.9082665 683795.912301 683795.9163355001 683795.92037 683795.9244045 683795.9284395 683795.9324739999 683795.9365085 683795.940543 683795.9445775 683795.9486120001 683795.9526465 683795.9566810001 683795.9607154999 683795.96475 683795.9687845 683795.972819 683795.9768535 683795.980888 683795.9849225 683795.988957 683795.9929915001 683795.9970259999 683796.0010605 683796.0050949999 683796.0091295 683796.013164 683796.0171985 683796.0212330001 683796.0252675 683796.0293020001 683796.0333364999 683796.037371 683796.0414055 683796.04544 683796.0494745 683796.053509 683796.0575435 683796.061578 683796.0656125001 683796.0696469999 683796.0736815 683796.0777165 683796.081751 683796.0857855 683796.08982 683796.0938545 683796.097889 683796.1019235
168,683796.1059580001,217.86400000564754,1196,1203,0.4769429406251093,0.6428444375278266,0.8748624949904825,0.9631784005598588,3d gaze,-2.75159605515679,-17.141088658351986,95.56603989054351,683796.1059580001 683796.1099924999 683796.114027 683796.1180615 683796.122096 683796.1261305 683796.1301655 683796.1342 683796.1382345001 683796.142269 683796.1463035 683796.1503379999 683796.1543725 683796.158407 683796.1624415 683796.166476 683796.1705105 683796.1745450001 683796.1785795 683796.182614 683796.1866484999 683796.190683 683796.1947175 683796.198752 683796.2027865 683796.206821 683796.2108555001 683796.21489 683796.2189245 683796.2229589999 683796.2269935 683796.231028 683796.2350625 683796.239097 683796.2431315 683796.2471660001 683796.2512005 683796.255235 683796.2592694999 683796.263304 683796.2673385 683796.271373 683796.2754075 683796.279442 683796.2834765001 683796.2875115001 683796.2915459999 683796.2955805 683796.299615 683796.3036495 683796.307684 683796.3117185 683796.315753 683796.3197875 683796.3238220001
169,683796.3278564999,217.8645001258701,1203,1209,0.47446085897831486,0.6375527031705845,1.1194315923020293,0.9646642782471396,3d gaze,-3.0160778695601485,-16.0403646057233,91.96779465213025,683796.3278564999 683796.3318914999 683796.335926 683796.3399605 683796.343995 683796.3480295 683796.352064 683796.3560985001 683796.360133 683796.3641675 683796.3682019999 683796.3722365 683796.376271 683796.3803055 683796.38434 683796.3883745 683796.3924090001 683796.3964435 683796.400478 683796.4045124999 683796.408547 683796.4125815 683796.416616 683796.4206505 683796.424685 683796.4287195001 683796.432754 683796.4367885 683796.4408229999 683796.4448575 683796.448892 683796.4529265 683796.456961 683796.4609955 683796.4650300001 683796.4690645 683796.473099 683796.4771334999 683796.481168 683796.4852025 683796.489237 683796.4932715 683796.497306 683796.5013405001 683796.505375 683796.5094095 683796.5134445 683796.517479 683796.5215135 683796.5255485 683796.529583 683796.5336175 683796.5376520001 683796.5416865 683796.5457210001
170,683796.5497554999,217.86400000564754,1209,1216,0.47377617905007186,0.6364375825782331,0.5190977868744913,0.9663036021319302,3d gaze,-3.1294554447692704,-15.986923237001587,92.22963695213754,683796.5497554999 683796.55379 683796.5578245 683796.561859 683796.5658935 683796.569928 683796.5739625001 683796.577997 683796.5820315001 683796.5860659999 683796.5901005 683796.5941349999 683796.5981695 683796.602204 683796.6062385 683796.6102730001 683796.6143075 683796.6183420001 683796.6223764999 683796.626411 683796.6304455 683796.63448 683796.6385145 683796.642549 683796.6465835001 683796.650618 683796.6546525001 683796.6586869999 683796.6627215 683796.6667559999 683796.6707905 683796.674825 683796.6788595 683796.6828940001 683796.6869285 683796.6909630001 683796.6949974999 683796.699032 683796.7030665 683796.707101 683796.7111355 683796.71517 683796.719205 683796.7232395001 683796.727274 683796.7313085 683796.7353429999 683796.7393779999 683796.7434125 683796.747447 683796.7514815 683796.7555160001 683796.7595505 683796.7635850001 683796.7676194999
171,683796.771654,217.86400000564754,1216,1223,0.47086047646239143,0.6370429360748655,0.5639425283006309,0.9674855684334377,3d gaze,-3.5376115231016407,-15.903591654012166,91.43122900617,683796.771654 683796.7756885 683796.779723 683796.7837575 683796.787792 683796.7918265 683796.795861 683796.7998955001 683796.8039299999 683796.8079645 683796.8119989999 683796.8160335 683796.820068 683796.8241025 683796.8281370001 683796.8321715 683796.8362060001 683796.8402404999 683796.844275 683796.8483095 683796.852344 683796.8563785 683796.860413 683796.8644475 683796.868482 683796.8725165001 683796.8805855 683796.8886545 683796.892689 683796.8967235 683796.9007580001 683796.9047925 683796.9088270001 683796.9128614999 683796.916896 683796.920931 683796.9249654999 683796.929 683796.9330345 683796.937069 683796.9411035001 683796.945138 683796.9491725 683796.9532069999 683796.9572419999 683796.9612765 683796.965311 683796.9693455 683796.9733800001 683796.9774145 683796.9814490001 683796.9854835 683796.989518
172,683796.9935524999,217.86400000564754,1223,1229,0.47477594625143826,0.6347039369042681,0.7118433475989814,0.9697999694130638,3d gaze,-2.94850865973827,-15.683950622576754,91.3572038645252,683796.9935524999 683796.997587 683797.0016215 683797.005656 683797.0096905 683797.013725 683797.0177595001 683797.021794 683797.0258285 683797.0298629999 683797.0338975 683797.037932 683797.0419665 683797.0460010001 683797.0500355 683797.0540700001 683797.0581044999 683797.062139 683797.0661734999 683797.070208 683797.0742425 683797.078277 683797.0823115 683797.086346 683797.0903805001 683797.0944149999 683797.0984495 683797.1024839999 683797.1065185 683797.110553 683797.1145875 683797.1186220001 683797.1226565 683797.1266910001 683797.1307260001 683797.1347604999 683797.138795 683797.1428294999 683797.146864 683797.1508985 683797.154933 683797.1589675001 683797.163002 683797.1670365001 683797.1710709999 683797.1751059999 683797.1791405 683797.183175 683797.1872095 683797.191244 683797.1952785 683797.1993130001 683797.2033475 683797.207382 683797.2114164999
173,683797.215451,217.86400000564754,1229,1236,0.4749495353606425,0.6361409630582596,0.5404284554238753,0.9519024773077531,3d gaze,-2.9639711588265185,-16.017177394887774,92.56586001882519,683797.215451 683797.2194855 683797.22352 683797.2275545 683797.231589 683797.2356235001 683797.239658 683797.2436925 683797.2477269999 683797.2517615 683797.255796 683797.2598305 683797.263865 683797.2678995 683797.2719340001 683797.2759685 683797.280003 683797.2840374999 683797.288072 683797.2921065 683797.296141 683797.3001755 683797.30421 683797.3082445001 683797.312279 683797.3163135 683797.3203479999 683797.3243829999 683797.3284175 683797.332452 683797.3364865 683797.340521 683797.3445555 683797.3485900001 683797.3526244999 683797.356659 683797.3606934999 683797.364728 683797.3687625 683797.372797 683797.3768315001 683797.380866 683797.384901 683797.3889355 683797.3929699999 683797.3970045 683797.4010389999 683797.4050735 683797.409108 683797.4131425 683797.4171770001 683797.4212115 683797.425246 683797.4292804999 683797.433315
174,683797.4373495,217.86400000564754,1236,1242,0.47516083966210154,0.636037287678794,1.085632679059117,0.9649925632910294,3d gaze,-2.9046232591014403,-15.883491085069947,91.81205435354376,683797.4373495 683797.441384 683797.4454185 683797.449453 683797.4534875001 683797.457522 683797.4615565 683797.4655909999 683797.4696255 683797.4736599999 683797.4776945 683797.481729 683797.4857635 683797.4897980001 683797.4938325 683797.497867 683797.5019014999 683797.505936 683797.5099705 683797.514005 683797.51804 683797.5220745001 683797.526109 683797.5301435001 683797.534178 683797.5382125 683797.5422469999 683797.5462815 683797.550316 683797.5543505 683797.558385 683797.5624195 683797.5664540001 683797.5704885 683797.574523 683797.5785574999 683797.582592 683797.5866265 683797.590661 683797.5946955001 683797.59873 683797.602765 683797.6067995001 683797.6108339999 683797.6148685 683797.6189029999 683797.6229375 683797.626972 683797.6310065 683797.6350410001 683797.6390755 683797.6431100001 683797.6471444999 683797.651179 683797.6552135
175,683797.659248,217.86400000564754,1243,1249,0.4690402941511998,0.6335283941596149,0.6171747400764876,0.9756653498519551,3d gaze,-3.7488926232682807,-15.356090793963778,89.99841327474022,683797.659248 683797.6632825 683797.667317 683797.6713515 683797.675386 683797.6794205001 683797.6834549999 683797.6874895 683797.6915239999 683797.6955585 683797.699593 683797.7036275 683797.7076620001 683797.7116970001 683797.7157315 683797.719766 683797.7238004999 683797.727835 683797.7318694999 683797.735904 683797.7399385 683797.743973 683797.7480075001 683797.752042 683797.7560765 683797.7601109999 683797.7641455 683797.76818 683797.7722145 683797.776249 683797.7802835 683797.7843180001 683797.7883525 683797.792387 683797.7964214999 683797.800456 683797.8044905 683797.808525 683797.8125595 683797.816594 683797.8206285001 683797.824663 683797.8286979999 683797.8327325 683797.8367669999 683797.8408015 683797.844836 683797.8488705 683797.8529050001 683797.8569395 683797.8609740001 683797.8650084999 683797.869043 683797.8730775 683797.877112
176,683797.8811465,100.86300002876669,1249,1252,0.46779031007696353,0.6326569244208466,0.6177031413022189,0.9539471348890891,3d gaze,-3.9532888878272603,-15.374517511383798,90.53577668958216,683797.8811465 683797.885181 683797.8892155 683797.89325 683797.8972845001 683797.9013189999 683797.9053535 683797.9093879999 683797.9134225 683797.917457 683797.921492 683797.9255265 683797.9295610001 683797.9335955 683797.9376300001 683797.9416644999 683797.945699 683797.9497334999 683797.953768 683797.9578025 683797.961837 683797.9658715001 683797.969906 683797.9739405001 683797.9779749999 683797.9820095
177,683798.179701,92.79399993829429,1258,1261,0.6108983509971027,0.8004067423164868,1.4910565601234858,0.8993078991770744,3d gaze,30.91615682571584,-52.68404700590032,153.94725422378613,683798.179701 683798.1837355001 683798.18777 683798.1918045001 683798.1958389999 683798.1998735 683798.203908 683798.2079425 683798.211977 683798.2160115 683798.2200460001 683798.2240805 683798.2281150001 683798.2321494999 683798.236184 683798.2402184999 683798.244253 683798.2482875 683798.252322 683798.2563565001 683798.260391 683798.2644255001 683798.2684599999 683798.2724949999
178,683798.3209095,121.03499996010214,1262,1266,0.5457523338771053,0.6667475605482285,0.8982149890069214,0.93753751631706,3d gaze,8.581553839536681,-20.63196882861648,101.73578850086089,683798.3209095 683798.324944 683798.3289785001 683798.333013 683798.3370475001 683798.3410819999 683798.3451165 683798.3491509999 683798.3531855 683798.35722 683798.3612545 683798.365289 683798.3693235 683798.3733580001 683798.3773924999 683798.381427 683798.3854614999 683798.389496 683798.3935305 683798.397565 683798.4015995001 683798.405634 683798.4096685001 683798.4137029999 683798.4177375 683798.4217719999 683798.4258065 683798.429841 683798.4338755 683798.43791 683798.4419445
179,683798.462117,80.69099998101592,1267,1269,0.5149258986203348,0.6651559340805533,1.459424018965914,0.9160665018217904,3d gaze,3.3708095439567156,-20.15974481334092,100.45888101263378,683798.462117 683798.4661515 683798.470186 683798.4742205001 683798.478255 683798.4822895001 683798.4863239999 683798.4903589999 683798.4943935 683798.4984279999 683798.5024625 683798.506497 683798.510532 683798.5145665 683798.5186010001 683798.5226355 683798.52667 683798.5307044999 683798.534739 683798.5387735 683798.542808
180,683798.5468425001,153.3114998601377,1269,1274,0.5022808113123081,0.6530035850416278,1.4243932548844447,0.9107057299369421,3d gaze,1.2283338696978094,-18.207651909170952,96.33758346690125,683798.5468425001 683798.550877 683798.5549115001 683798.558946 683798.5629805 683798.5670149999 683798.5710495 683798.575084 683798.5791185 683798.583153 683798.5871875 683798.5912220001 683798.5952565 683798.599291 683798.6033254999 683798.60736 683798.6113945 683798.615429 683798.6194635001 683798.623498 683798.6275325001 683798.631567 683798.6356015 683798.6396359999 683798.6436705 683798.647705 683798.6517395 683798.655774 683798.6598085 683798.6638430001 683798.6678775 683798.671912 683798.6759464999 683798.679981 683798.6840155 683798.68805 683798.6920845001 683798.696119 683798.700154
181,683798.7041885001,108.93199988640845,1274,1277,0.494705681229949,0.6430046710704441,1.0599132085413026,0.9096971196787698,3d gaze,0.02387069719741199,-16.824813451064422,93.74707144204355,683798.7041885001 683798.7082229999 683798.7122579999 683798.7162925 683798.720327 683798.7243615 683798.728396 683798.7324305 683798.7364650001 683798.7404995 683798.744534 683798.7485684999 683798.752603 683798.7566374999 683798.760672 683798.7647065 683798.768741 683798.7727755001 683798.77681 683798.7808445 683798.7848789999 683798.7889135 683798.792948 683798.7969825 683798.801017 683798.8050515 683798.8090860001 683798.8131205
182,683798.817155,149.2774998769164,1277,1282,0.5065013793570687,0.621907886818516,1.0023092843899788,0.9195535104525717,3d gaze,1.8132600225023137,-14.834818116734096,92.95219371208196,683798.817155 683798.8211894999 683798.825224 683798.8292584999 683798.833293 683798.8373275 683798.841362 683798.8453965001 683798.849431 683798.8534655 683798.8574999999 683798.8615345 683798.865569 683798.8696035 683798.873638 683798.8776725 683798.8817070001 683798.8857415 683798.889776 683798.8938104999 683798.897845 683798.9018794999 683798.9059145 683798.909949 683798.913983 683798.918018 683798.922053 683798.9260875001 683798.9301219999 683798.9341565 683798.938191 683798.9422255 683798.94626 683798.9502945 683798.9543290001 683798.9583635 683798.9623980001 683798.9664324999
183,683799.3497115001,108.93199988640845,1293,1296,0.5984140552355508,0.7671372629440067,0.5508564884546706,0.89953557573832,3d gaze,26.961115287102448,-46.63857083902416,152.53811667367137,683799.3497115001 683799.353746 683799.3577805001 683799.36585 683799.3698845 683799.3739189999 683799.3779535 683799.381988 683799.3860225 683799.390057 683799.3940915 683799.3981260001 683799.4021605 683799.406195 683799.4102294999 683799.414264 683799.4182985 683799.422333 683799.4263675001 683799.430402 683799.4344365001 683799.438471 683799.4465399999 683799.4505745 683799.454609 683799.4586435
184,683799.4828504999,217.86400000564754,1297,1303,0.5070316845940209,0.655224292290401,0.8099933397750219,0.9202028095722199,3d gaze,2.1068334369191826,-19.683889987124058,102.98667304626174,683799.4828504999 683799.486885 683799.4909195 683799.494954 683799.4989885001 683799.503023 683799.5070575001 683799.5110925001 683799.5151269999 683799.5191615 683799.5231959999 683799.5272305 683799.531265 683799.5352995 683799.5393340001 683799.5433685 683799.5474030001 683799.5514374999 683799.555472 683799.5595064999 683799.563541 683799.5675755 683799.57161 683799.5756445001 683799.579679 683799.5837135001 683799.5877485 683799.5917829999 683799.5958175 683799.599852 683799.6038865 683799.607921 683799.6119555 683799.6159900001 683799.6200245 683799.624059 683799.6280934999 683799.632128 683799.6361624999 683799.640197 683799.6442315 683799.648266 683799.6523005001 683799.656335 683799.6603695 683799.6644039999 683799.6684385 683799.672473 683799.6765075 683799.680542 683799.6845765 683799.6886110001 683799.6926455 683799.69668 683799.7007144999
185,683799.7128185,100.86300002876669,1304,1307,0.49898844003281934,0.6309648696401897,1.4753867954109279,0.9205540441549741,3d gaze,0.7180515431830318,-16.640469686375862,98.91730033045125,683799.7128185 683799.716853 683799.7208875 683799.724922 683799.7289565001 683799.7329909999 683799.7370255 683799.7410599999 683799.7450945 683799.749129 683799.7531635 683799.7571980001 683799.7612325 683799.7652670001 683799.7693014999 683799.773336 683799.7773704999 683799.781405 683799.7854395 683799.789474 683799.7935085001 683799.7975435001 683799.801578 683799.8056125001 683799.8096469999 683799.8136815
186,683799.817716,97.35299996100366,1307,1310,0.5129725004745732,0.6280357918671107,1.494603221200867,0.9232600843906402,3d gaze,4.1897260516027535,-22.577694309329107,133.16373458249427,683799.817716 683799.8217505 683799.825785 683799.8298195 683799.8338540001 683799.8378885 683799.841923 683799.8459574999 683799.849992 683799.8540264999 683799.858061 683799.8620955 683799.86613 683799.8701645001 683799.874199 683799.8782335 683799.8822679999 683799.8863025 683799.890337 683799.8943715 683799.8984065 683799.9024410001 683799.9064755 683799.907 683799.915069
187,683800.2978235,217.8645000094548,1321,1328,0.5438587748496908,0.7061855710526219,1.441147594866322,0.9105589974385041,3d gaze,8.412813345545526,-24.789050167491137,102.78145754025326,683800.2978235 683800.3018585 683800.305893 683800.3099275001 683800.313962 683800.3179965001 683800.3220309999 683800.3260655 683800.3300999999 683800.3341345 683800.338169 683800.3422035 683800.3462380001 683800.3502725 683800.3543070001 683800.3583414999 683800.362376 683800.3664105 683800.370445 683800.3744795 683800.378514 683800.3825485001 683800.386583 683800.3906175001 683800.3946519999 683800.3986865 683800.4027209999 683800.4067555 683800.41079 683800.4148245 683800.4228935 683800.4309624999 683800.434997 683800.443066 683800.4471005 683800.451135 683800.4551695001 683800.459204 683800.4632385001 683800.4672735 683800.4713079999 683800.4753425 683800.479377 683800.4834115 683800.487446 683800.4914805 683800.4955150001 683800.4995495 683800.5035844999 683800.507619 683800.5116534999 683800.515688
188,683800.5197225,149.27649998571724,1328,1332,0.5457171281542612,0.7106958815017265,1.0305830023219278,0.9083147903806285,3d gaze,9.099700393593261,-26.275141568402642,106.97994404177759,683800.5197225 683800.523757 683800.5277915001 683800.531826 683800.5358605001 683800.5398949999 683800.5439295 683800.5479639999 683800.5519985 683800.556033 683800.5600675 683800.5641020001 683800.5681365 683800.5721710001 683800.5762054999 683800.58024 683800.5842744999 683800.588309 683800.5923435 683800.596378 683800.6004125001 683800.604447 683800.6084815001 683800.6125159999 683800.6165505 683800.6205849999 683800.6246195 683800.628654 683800.6326885 683800.6367230001 683800.6407575 683800.6447920001 683800.6488264999 683800.652861 683800.6568954999 683800.66093 683800.6649645 683800.668999
189,683800.6972415,121.03499996010214,1333,1337,0.5421207261333685,0.6504983449609467,1.4434142863634214,0.912207386186046,3d gaze,8.091242327725327,-19.37692522485258,103.5574052552007,683800.6972415 683800.701276 683800.7053105 683800.7093450001 683800.7133795 683800.7174140001 683800.7214485 683800.725483 683800.7295174999 683800.733552 683800.7375865 683800.741621 683800.7456555 683800.74969 683800.7537245001 683800.757759 683800.7617935 683800.7658279999 683800.7698625 683800.773897 683800.7779315 683800.7819660001 683800.7860005 683800.7900350001 683800.7940694999 683800.798104 683800.8021384999 683800.806173 683800.8102075 683800.814242 683800.8182765
190,683800.822311,84.72550008445978,1337,1339,0.5400776873810385,0.6388779556489138,1.0782782915894071,0.8986872959704626,3d gaze,7.880263792652652,-18.599025650953095,105.68396891729593,683800.822311 683800.8263455001 683800.8303799999 683800.8344145 683800.8384489999 683800.8424835 683800.8505525 683800.8545870001 683800.8586215 683800.8626560001 683800.8666904999 683800.870725 683800.8747594999 683800.878794 683800.8828285 683800.886863 683800.890898 683800.894933 683800.8989675001 683800.903002 683800.9070365
191,683800.9110709999,217.86400000564754,1340,1346,0.5182920669490326,0.632482923008295,1.3329340193654617,0.921200876344334,3d gaze,4.136453288095185,-18.056624162980693,106.4638882231003,683800.9110709999 683800.9151055 683800.9191399999 683800.9231745 683800.9272090001 683800.9312435 683800.9352780001 683800.9393125 683800.943347 683800.9473814999 683800.951416 683800.9554505 683800.959485 683800.9635195 683800.967554 683800.9715885001 683800.975623 683800.9796575 683800.9836919999 683800.9877265 683800.9917609999 683800.9957955 683800.9998300001 683801.0038645 683801.0078990001 683801.0119335 683801.015968 683801.0200024999 683801.024037 683801.0280715 683801.032106 683801.0361405 683801.040175 683801.0442095001 683801.048244 683801.0522785 683801.0563129999 683801.0603475 683801.0643819999 683801.0684165 683801.0724510001 683801.0764855 683801.0805200001 683801.0845545 683801.088589 683801.092624 683801.0966584999 683801.100693 683801.1047275 683801.108762 683801.112797 683801.1168315001 683801.120866 683801.1249005 683801.1289349999
192,683801.1329695,153.31099997274578,1346,1351,0.5240643006694244,0.6525520821949445,1.3745027448616418,0.9158847706440167,3d gaze,5.0598574215578385,-19.70451633183183,104.42041792258232,683801.1329695 683801.1370039999 683801.1410385 683801.145073 683801.1491075 683801.1531420001 683801.1571765 683801.161211 683801.1652454999 683801.16928 683801.1733145 683801.177349 683801.1813835 683801.185418 683801.1894525001 683801.193487 683801.1975215 683801.2015559999 683801.2055905 683801.2096249999 683801.2136595 683801.217694 683801.2217285 683801.2257630001 683801.2297975 683801.233832 683801.2378664999 683801.241901 683801.2459355 683801.24997 683801.2540045 683801.258039 683801.2620735001 683801.266108 683801.2701425 683801.2741769999 683801.2782115 683801.2822459999 683801.2862805
193,683801.697802,173.48400002811104,1363,1368,0.6063432300495644,0.7616252816484124,1.0679907153557258,0.8942038659439531,3d gaze,23.817943877904888,-37.624230785255584,125.11066580138854,683801.697802 683801.7018365001 683801.705871 683801.7139399999 683801.7179745 683801.7220089999 683801.7260435 683801.730078 683801.7341125 683801.7381470001 683801.7421815 683801.746216 683801.7502504999 683801.754285 683801.7583194999 683801.762354 683801.7663885001 683801.770423 683801.7744575001 683801.778492 683801.782527 683801.7865615 683801.7905959999 683801.7946305 683801.798665 683801.8026995 683801.8067340001 683801.8107685 683801.8148030001 683801.8188375 683801.822872 683801.8269064999 683801.830941 683801.8349755 683801.83901 683801.8430445 683801.847079 683801.8511135001 683801.855148 683801.8591825 683801.8632169999 683801.8672515 683801.871286
194,683801.8954934999,217.86400000564754,1369,1375,0.5615194555161834,0.7041890868340727,1.2555441029776035,0.9124350970441645,3d gaze,11.405915163371962,-24.566791066536602,102.51136656197943,683801.8954934999 683801.899528 683801.9035624999 683801.907597 683801.9116315 683801.915666 683801.9197005001 683801.923735 683801.9277695001 683801.9318039999 683801.9358385 683801.9398729999 683801.9439075 683801.947942 683801.9519765 683801.9560110001 683801.9600455 683801.9640800001 683801.9681144999 683801.972149 683801.9761834999 683801.980218 683801.9842525 683801.988287 683801.992322 683801.9963565001 683802.000391 683802.0044255 683802.0084599999 683802.0124945 683802.0165289999 683802.0205635 683802.0245980001 683802.0286325 683802.0326670001 683802.0367015 683802.040736 683802.0447704999 683802.048805 683802.0528395 683802.056874 683802.0609085 683802.064943 683802.0689775001 683802.073012 683802.0770465 683802.0810809999 683802.0851155 683802.0891499999 683802.093185 683802.0972195 683802.1012540001 683802.1052885 683802.1093230001 683802.1133574999
195,683802.1617715,141.20849990285933,1377,1381,0.5358256075149984,0.710960820068715,1.4212514378929635,0.9141522960530387,3d gaze,6.8739198191811814,-24.678465558656715,100.46839442644583,683802.1617715 683802.165806 683802.1698405 683802.1738750001 683802.1779095 683802.1819440001 683802.1859784999 683802.190013 683802.1940474999 683802.198082 683802.2021165 683802.206151 683802.210186 683802.2142205001 683802.218255 683802.2222895001 683802.2263239999 683802.2303585 683802.2343929999 683802.2384275 683802.242462 683802.2464965 683802.2505310001 683802.2545655 683802.2586000001 683802.2626344999 683802.266669 683802.2707035 683802.274738 683802.2787725 683802.282807 683802.2868415001 683802.290876 683802.294911 683802.2989455 683802.3029799999
196,683802.3070145,80.68999997340143,1381,1384,0.5334455800550547,0.7196002806351818,0.5272290054505424,0.9205021020911989,3d gaze,6.559539342668124,-25.77718672040549,101.46892834297489,683802.3070145 683802.311049 683802.3150835 683802.319118 683802.3231525 683802.3271870001 683802.3312215 683802.335256 683802.3392904999 683802.343325 683802.3473594999 683802.351394 683802.3554285001 683802.359463 683802.3634975001 683802.367532 683802.3715665 683802.3756009999 683802.3796355 683802.38367 683802.3877045
197,683802.900089,80.69000008981675,1399,1401,0.6507846250971785,0.8459881731259138,1.1152090680600248,0.9122716798668816,3d gaze,25.063655858708763,-35.94643550533312,90.15420498684196,683802.900089 683802.9041235 683802.9081580001 683802.9121925 683802.9162270001 683802.9202614999 683802.924296 683802.9283304999 683802.932365 683802.9363995 683802.940434 683802.9444685001 683802.948503 683802.9525375001 683802.9565719999 683802.9606065 683802.9646409999 683802.9686755 683802.97271 683802.9767445 683802.9807790001
198,683802.9848135,153.31199998036027,1401,1406,0.6790250319010659,0.9119873868578517,1.0471916524931346,0.9371316066155067,3d gaze,34.523057577434095,-48.88880990455651,100.73430506763619,683802.9848135 683802.9888480001 683802.9928824999 683802.996917 683803.0009514999 683803.004986 683803.0090205 683803.013055 683803.0170895001 683803.021124 683803.0251585001 683803.0291929999 683803.0332275 683803.0372619999 683803.0412965 683803.045331 683803.0493655 683803.0534000001 683803.0574345 683803.0614690001 683803.0655034999 683803.069538 683803.0735724999 683803.077607 683803.0816415 683803.0856765 683803.089711 683803.0937455001 683803.0977805001 683803.101815 683803.1058495 683803.1098839999 683803.1139185 683803.117953 683803.1219875 683803.126022 683803.1300565 683803.1340910001 683803.1381255
199,683803.2672295,100.86350003257394,1410,1413,0.5522579676635361,0.7353397446596108,1.4410012027261787,0.9094798771234659,3d gaze,9.136638372124478,-25.549049284681963,94.53436249826896,683803.2672295 683803.2712640001 683803.2752985 683803.2793330001 683803.2833675 683803.2874024999 683803.291437 683803.2954714999 683803.299506 683803.3035405 683803.3075755001 683803.31161 683803.3156445001 683803.319679 683803.3237135 683803.3277479999 683803.3317825 683803.335817 683803.3398515 683803.343886 683803.3479205 683803.3519550001 683803.3559895 683803.360024 683803.3640584999 683803.368093
200,683803.456852,92.79450005851686,1416,1418,0.5216404639340116,0.5170381677605143,1.224342687752058,0.8669418309416089,3d gaze,4.202679368161067,-6.032612962993467,96.08495488373696,683803.456852 683803.464921 683803.4689555 683803.4729899999 683803.4770245 683803.4810595 683803.4850939999 683803.4891285 683803.4931630001 683803.4971975 683803.5052664999 683803.509301 683803.5133354999 683803.521405 683803.5254395001 683803.529474 683803.5335085001 683803.537543 683803.5415775001 683803.5456119999 683803.5496465
201,683803.6545434999,129.10500005818903,1421,1425,0.5103583895100973,0.34246350768988226,0.8957969296072975,0.8318599087576712,3d gaze,2.0797027530550247,7.819379841525607,81.22390614880318,683803.6545434999 683803.658578 683803.6626124999 683803.666647 683803.6706815001 683803.674716 683803.682785 683803.68682 683803.6908545 683803.6948889999 683803.6989235 683803.7029579999 683803.7069925 683803.7110270001 683803.7150615 683803.7190960001 683803.7231305 683803.727165 683803.7311994999 683803.7352344999 683803.739269 683803.7433035 683803.747338 683803.7513725001 683803.755407 683803.7634759999 683803.7675105 683803.7715449999 683803.7755795 683803.779614 683803.7836485
202,683803.8159245,96.82849992532283,1426,1429,0.48654397368151003,0.2323073378240019,1.308307686877896,0.7993168556690216,3d gaze,-1.0249193103715963,15.615377335945732,78.32003506683573,683803.8159245 683803.819959 683803.8239935001 683803.828028 683803.8320625001 683803.8360969999 683803.8401315 683803.8441659999 683803.8482005 683803.852235 683803.8562695 683803.8603040001 683803.8643385 683803.8683730001 683803.8724074999 683803.876442 683803.8804764999 683803.8845114999 683803.888546 683803.8925805 683803.896615 683803.9006495001 683803.904684 683803.9087185 683803.9127529999
203,683804.5461725,181.55349988956004,1448,1454,0.6297607718934449,0.7972531693764655,1.3992119861630625,0.9235182197197623,3d gaze,24.364431198447736,-35.41927009553751,103.86336113969594,683804.5461725 683804.550207 683804.5542415001 683804.558276 683804.5623105001 683804.5663449999 683804.5703795 683804.5744139999 683804.5784485 683804.5824829999 683804.5865175 683804.5905520001 683804.5945865 683804.5986210001 683804.6026554999 683804.60669 683804.6107244999 683804.614759 683804.6187935 683804.6228285 683804.626863 683804.6308975001 683804.634932 683804.6389665001 683804.6430009999 683804.6470355 683804.6510699999 683804.6551045 683804.659139 683804.6631735 683804.6672080001 683804.6712425 683804.6752770001 683804.6793114999 683804.6833464999 683804.687381 683804.6914155 683804.69545 683804.6994845 683804.703519 683804.7075535001 683804.711588 683804.7156225 683804.7196569999 683804.7236915 683804.7277259999
204,683804.7317605,141.2080000154674,1454,1458,0.6408112910104019,0.7939171069758023,1.1109969930040005,0.9259465154674318,3d gaze,27.516697474245646,-36.63233594491466,108.08272536463126,683804.7317605 683804.7357950001 683804.7398295 683804.7438640001 683804.7478985 683804.751933 683804.7559674999 683804.760002 683804.7640365 683804.768071 683804.7721055 683804.77614 683804.7801745001 683804.784209 683804.7882435 683804.7922779999 683804.7963125 683804.8003469999 683804.8043815 683804.8084160001 683804.8124505 683804.8164850001 683804.8205195 683804.824554 683804.8285884999 683804.832623 683804.8366575 683804.8406925 683804.844727 683804.8487615001 683804.852796 683804.8568305001 683804.8608649999 683804.8648995 683804.8689339999 683804.8729685
205,683804.9455899999,104.8970001284033,1460,1463,0.5130685322516061,0.7508036229049992,1.4797441874373276,0.941132085190879,3d gaze,3.236067518419903,-29.716122037633617,104.291133077853,683804.9455899999 683804.9496245 683804.9536590001 683804.9576935 683804.9617280001 683804.9657625 683804.969797 683804.9738314999 683804.977866 683804.9819004999 683804.985935 683804.9899695 683804.994004 683804.9980385001 683805.002073 683805.0061075 683805.0101419999 683805.0141765 683805.0182109999 683805.0222455 683805.0262800001 683805.0303145 683805.0343490001 683805.0383835 683805.042418 683805.0464524999 683805.050487
206,683805.0545214999,217.8645001258701,1463,1470,0.5090713996645642,0.7500195672932367,0.9840207411983941,0.9282821942459453,3d gaze,2.560840145177146,-29.99371188141989,105.58184320521549,683805.0545214999 683805.0585564999 683805.0625915 683805.066626 683805.0706605001 683805.074695 683805.0787295001 683805.0827639999 683805.0867985 683805.0908329999 683805.0948675 683805.0989020001 683805.1029365 683805.1069710001 683805.1110055 683805.1150400001 683805.1190744999 683805.123109 683805.1271434999 683805.131178 683805.1352125 683805.139247 683805.1432815001 683805.147316 683805.1513505001 683805.1553849999 683805.1594195 683805.1634539999 683805.1674885 683805.1715230001 683805.1755575 683805.1795920001 683805.1836265 683805.1876610001 683805.1916954999 683805.19573 683805.1997644999 683805.203799 683805.2078335 683805.211868 683805.2159025001 683805.219937 683805.2239715001 683805.2280059999 683805.2320405 683805.2360749999 683805.2401095 683805.2441440001 683805.2481785 683805.2522130001 683805.2562475 683805.2602820001 683805.264317 683805.2683514999 683805.272386
207,683805.3208005,80.68999997340143,1471,1474,0.5173045150731551,0.7073713257629184,1.4265027124713971,0.9089009421212333,3d gaze,3.8724926566226126,-24.81170861230683,102.68360230708251,683805.3208005 683805.3248350001 683805.3288695 683805.3329040001 683805.3369384999 683805.340973 683805.3450074999 683805.349042 683805.3530765 683805.357111 683805.3611455001 683805.36518 683805.3692145001 683805.3732489999 683805.3772835 683805.3813179999 683805.3853525 683805.3893869999 683805.3934215 683805.3974560001 683805.4014905
208,683805.4499045,84.72549985162914,1475,1478,0.5308257952924479,0.624048876500381,1.3408554149038285,0.9196600995280526,3d gaze,5.994601905760407,-16.319132060435752,100.83799015700619,683805.4499045 683805.4539389999 683805.4579735 683805.4620079999 683805.4660425 683805.4700770001 683805.4741120001 683805.4781465 683805.482181 683805.4862154999 683805.49025 683805.4942844999 683805.498319 683805.502354 683805.5063885001 683805.510423 683805.5144575001 683805.518492 683805.5225265 683805.5265609999 683805.5305955 683805.5346299999
209,683805.5386645,129.10449993796647,1478,1482,0.5355798596575954,0.6253728695827162,1.1426175186986285,0.932359805612853,3d gaze,6.9574208597416884,-16.911114366690622,103.60459283810744,683805.5386645 683805.5426990001 683805.5467335 683805.5507680001 683805.5548025 683805.558837 683805.5628714999 683805.566906 683805.5709405 683805.574975 683805.5790095001 683805.583044 683805.5870785001 683805.591113 683805.5951475 683805.5991819999 683805.6032165 683805.6072509999 683805.6112855 683805.6153200001 683805.6193545 683805.6233890001 683805.6274235 683805.631458 683805.6354924999 683805.639527 683805.6435615 683805.647596 683805.6516305001 683805.655665 683805.6596995001 683805.663734 683805.6677689999
210,683805.6798725,217.86400000564754,1482,1488,0.5344178832956582,0.6758599844307929,1.4123916046080733,0.9192895482886921,3d gaze,7.140852748723526,-22.94200818473288,108.56100070038944,683805.6798725 683805.683907 683805.6879415 683805.6919760001 683805.6960105 683805.7000450001 683805.7040794999 683805.708114 683805.7121484999 683805.716183 683805.720218 683805.7242525 683805.728287 683805.7323215001 683805.736356 683805.7403905 683805.7444249999 683805.7484595 683805.7524939999 683805.7565285 683805.7605630001 683805.7645975 683805.7686320001 683805.7726665 683805.776701 683805.7807354999 683805.78477 683805.7888045 683805.792839 683805.7968735 683805.800908 683805.8049425001 683805.808977 683805.8130115 683805.8170459999 683805.8210805 683805.8251149999 683805.8291495 683805.8331840001 683805.8372185 683805.8412530001 683805.8452875 683805.849322 683805.8533564999 683805.857391 683805.861426 683805.8654604999 683805.869495 683805.8735295001 683805.877564 683805.8815985001 683805.8856329999 683805.8896675 683805.8937019999 683805.8977365
211,683805.901771,217.86400000564754,1489,1495,0.5231238341190307,0.6735259051381515,1.235222095846204,0.9245592393658378,3d gaze,4.947980543621904,-21.89707696938105,104.9441801769586,683805.901771 683805.9058055 683805.9098400001 683805.9138745 683805.9179090001 683805.9219434999 683805.925978 683805.930013 683805.9340474999 683805.938082 683805.9421165 683805.946151 683805.9501855001 683805.95422 683805.9582545001 683805.9622889999 683805.9663235 683805.9703579999 683805.9743925 683805.9784270001 683805.9824615 683805.9864960001 683805.9905305 683805.9945650001 683805.9985994999 683806.002634 683806.0066684999 683806.010703 683806.0147375 683806.018772 683806.0228065001 683806.026841 683806.0308755001 683806.0349099999 683806.0389445 683806.0429789999 683806.0470135 683806.0510480001 683806.0550825 683806.0591170001 683806.0631520001 683806.0671865 683806.071221 683806.0752554999 683806.07929 683806.0833244999 683806.087359 683806.0913935001 683806.095428 683806.0994625001 683806.103497 683806.1075315 683806.1115659999 683806.1156005 683806.119635
212,683806.1236695,100.86299991235137,1495,1498,0.517252233506743,0.6763609454277012,1.3825593112109977,0.9403908848762512,3d gaze,3.745589625088593,-21.158428798087357,99.99768544692354,683806.1236695 683806.1277040001 683806.1317385 683806.1357730001 683806.1398075 683806.143842 683806.147877 683806.1519114999 683806.155946 683806.1599805 683806.164015 683806.1680495001 683806.172084 683806.1761185001 683806.1801529999 683806.1841875 683806.1882219999 683806.1922565 683806.196291 683806.2003255 683806.2043600001 683806.2083945 683806.2124290001 683806.2164634999 683806.220498 683806.2245324999
213,683806.228567,217.86400000564754,1498,1505,0.5089902132046228,0.6629074134817418,1.2144086556556681,0.9334444490346041,3d gaze,2.285311144601514,-19.145672357982985,96.46615901468743,683806.228567 683806.2326015 683806.236636 683806.2406705001 683806.244705 683806.2487395001 683806.2527739999 683806.2568085 683806.2608429999 683806.2648779999 683806.2689125 683806.272947 683806.2769815 683806.2810160001 683806.2850505 683806.289085 683806.2931194999 683806.297154 683806.3011884999 683806.305223 683806.3092575001 683806.313292 683806.3173265001 683806.321361 683806.3253955 683806.3294299999 683806.3334645 683806.3374989999 683806.3415335 683806.345568 683806.3496025 683806.3536370001 683806.3576715 683806.361706 683806.3657404999 683806.369775 683806.37381 683806.3778445 683806.381879 683806.3859135001 683806.389948 683806.3939825001 683806.3980169999 683806.4020515 683806.4060859999 683806.4101205 683806.4141549999 683806.4181895 683806.4222240001 683806.4262585 683806.4302930001 683806.4343274999 683806.438362 683806.4423964999 683806.446431
214,683806.4504655,125.06999995093793,1505,1509,0.5258734724423872,0.6613560059937093,1.0950615492099955,0.9039464350789785,3d gaze,5.007585749107596,-19.159316312647256,97.16709067478601,683806.4504655 683806.4545 683806.4585345001 683806.462569 683806.466604 683806.4706385001 683806.4746729999 683806.4787075 683806.4827419999 683806.4867765 683806.490811 683806.4948455 683806.4988800001 683806.5029145 683806.5069490001 683806.5109834999 683806.515018 683806.5190524999 683806.523087 683806.5271215001 683806.531156 683806.5351905001 683806.539225 683806.5432595001 683806.5472939999 683806.5513285 683806.5553629999 683806.5593975 683806.563432 683806.5674665 683806.5715010001 683806.5755355
215,683806.8135724999,88.75950006768107,1516,1518,0.5587998869881223,0.6773539782805924,1.4786497986300995,0.9051909731193022,3d gaze,13.53391902744774,-27.25905140834225,127.64319457700704,683806.8135724999 683806.817607 683806.8216415 683806.8297105001 683806.833745 683806.8377795 683806.8418139999 683806.8458485 683806.8498829999 683806.853918 683806.8579525 683806.8619870001 683806.8660215 683806.8700560001 683806.8740905 683806.878125 683806.8821594999 683806.886194 683806.8902284999 683806.894263 683806.8982975001 683806.902332
216,683807.0152980001,217.86400000564754,1522,1528,0.5136764530952501,0.7363611391408138,1.2907995597156905,0.931596253676848,3d gaze,3.33891642112798,-28.240927676022036,104.45638688990158,683807.0152980001 683807.0193325 683807.023367 683807.0274014999 683807.031436 683807.035471 683807.0395055 683807.04354 683807.0475745001 683807.051609 683807.0556435001 683807.0596779999 683807.0637129999 683807.0677475 683807.0717819999 683807.0758165 683807.0798510001 683807.0838855 683807.0879200001 683807.0919545 683807.095989 683807.1000234999 683807.104058 683807.1080924999 683807.112127 683807.1161615001 683807.120196 683807.1242305001 683807.128265 683807.1322995 683807.1363339999 683807.1403685 683807.1444029999 683807.1484375 683807.1524720001 683807.1565065 683807.1605410001 683807.1645755 683807.16861 683807.1726444999 683807.176679 683807.1807134999 683807.184748 683807.1887825001 683807.192817 683807.1968515001 683807.200886 683807.2049205 683807.2089549999 683807.2129895 683807.2170239999 683807.2210585 683807.2250930001 683807.2291275 683807.2331620001
217,683807.2371965,201.72600005753338,1528,1534,0.5176346152960892,0.738127810556077,1.0771451846854951,0.9355547317102844,3d gaze,3.901664145166441,-27.601092869579833,101.40902101410752,683807.2371965 683807.241231 683807.245266 683807.2493004999 683807.253335 683807.25737 683807.2614045001 683807.265439 683807.2694735001 683807.273508 683807.2775425 683807.2815769999 683807.2856115 683807.2896459999 683807.2936805 683807.297715 683807.3017495 683807.3057840001 683807.3098185 683807.313853 683807.3178874999 683807.321922 683807.3259564999 683807.329991 683807.3340255001 683807.33806 683807.3420945001 683807.346129 683807.3501635 683807.3541979999 683807.3582325 683807.3622669999 683807.3663015 683807.370336 683807.3743705 683807.3784050001 683807.3824395 683807.386474 683807.3905084999 683807.394543 683807.3985774999 683807.402612 683807.4066465001 683807.410681 683807.4147155001 683807.41875 683807.4227845 683807.4268189999 683807.4308535 683807.4348879999 683807.4389225
218,683807.4873375001,84.72449984401464,1536,1538,0.47249437665667104,0.6997206612993252,1.4472343252059827,0.9652313617142764,3d gaze,-3.471890838424535,-22.368783234684592,95.50593040056792,683807.4873375001 683807.491372 683807.4954065001 683807.4994409999 683807.5034755 683807.5075099999 683807.5115445 683807.515579 683807.5196135 683807.5236480001 683807.5276825 683807.5317170001 683807.5357514999 683807.539786 683807.5438204999 683807.547855 683807.5518895 683807.555924 683807.5599585001 683807.563993 683807.5680275001 683807.5720619999
219,683807.5760965,149.2774998769164,1539,1543,0.4667096975284439,0.6963870285804922,1.1882064705774629,0.9579103102809504,3d gaze,-4.448391422873834,-22.341315961684664,96.72263191820491,683807.5760965 683807.5801309999 683807.5841655 683807.5882 683807.5922345 683807.5962690001 683807.6003035 683807.6043380001 683807.6083724999 683807.612407 683807.6164414999 683807.620476 683807.6245105001 683807.628545 683807.6325795001 683807.636614 683807.6406485001 683807.6446829999 683807.6487175 683807.6527525 683807.6567869999 683807.6608215 683807.6648560001 683807.6688905 683807.6729250001 683807.6769595 683807.680994 683807.6850284999 683807.6890634999 683807.693098 683807.6971324999 683807.701167 683807.7052015001 683807.709236 683807.7132705001 683807.7173049999 683807.7213395 683807.7253739999
220,683807.7294085,133.13900004141033,1543,1547,0.4813602768575103,0.6719840292639507,1.251073839581951,0.9328165580244625,3d gaze,-2.0318050219867008,-19.436646864598078,93.80781501056673,683807.7294085 683807.733443 683807.7374775 683807.7415120001 683807.7455465 683807.7495810001 683807.7536154999 683807.75765 683807.7616844999 683807.765719 683807.7697534999 683807.773788 683807.7778225001 683807.781857 683807.7858915001 683807.7899259999 683807.7939605 683807.7979949999 683807.8020295 683807.806064 683807.8100985 683807.8141330001 683807.8181675 683807.8222020001 683807.8262364999 683807.830271 683807.8343054999 683807.83834 683807.8423744999 683807.846409 683807.8504435001 683807.8544785001 683807.858513 683807.8625475001
221,683807.8988580001,217.86400000564754,1548,1555,0.5087252707729499,0.645551434967867,1.439964686603607,0.9017888432199305,3d gaze,2.3129490070670014,-18.006965524951084,99.0006272703564,683807.8988580001 683807.9028924999 683807.906927 683807.9109614999 683807.9149964999 683807.919031 683807.9230655001 683807.9271 683807.9311345001 683807.935169 683807.9392035 683807.9432379999 683807.9472725 683807.951307 683807.9553415 683807.9593760001 683807.9634105 683807.9674450001 683807.9714795 683807.975514 683807.9795484999 683807.983583 683807.9876174999 683807.991652 683807.9956865001 683807.999721 683808.0037555001 683808.00779 683808.0118245 683808.0158589999 683808.0198935 683808.023928 683808.0279625 683808.0319970001 683808.0360315 683808.0400660001 683808.0441005 683808.048135 683808.0521694999 683808.0562044999 683808.060239 683808.0642735 683808.068308 683808.0723425001 683808.076377 683808.0804115001 683808.0844459999 683808.0884805 683808.0925149999 683808.0965495 683808.100584 683808.1046185 683808.1086530001 683808.1126875 683808.1167220001
222,683808.1207564999,141.20850013568997,1555,1559,0.509500681421471,0.6533150392827294,1.475526476901052,0.9139659081896147,3d gaze,2.456945033742646,-18.980146605972067,100.23930740451969,683808.1207564999 683808.124791 683808.1288254999 683808.1328604999 683808.136895 683808.1409295001 683808.144964 683808.1489985001 683808.153033 683808.1570675 683808.1611019999 683808.1651365 683808.1691709999 683808.1732055 683808.17724 683808.1812745 683808.1853090001 683808.1893435 683808.193378 683808.1974124999 683808.201447 683808.2054814999 683808.209516 683808.2135505001 683808.217585 683808.2216195001 683808.225654 683808.2296885 683808.2337229999 683808.2377575 683808.2417919999 683808.2458265 683808.2498615 683808.2538960001 683808.2579305 683808.2619650001
223,683808.2659994999,217.86400000564754,1559,1566,0.4984650745550785,0.6576094985487477,0.7349303585840661,0.9218774091113697,3d gaze,0.6296792804821008,-18.857958150881178,97.53686742926445,683808.2659994999 683808.270034 683808.2740684999 683808.278103 683808.2821375 683808.286172 683808.2902065001 683808.294241 683808.2982755001 683808.3023099999 683808.3063445 683808.3103789999 683808.3144135 683808.318448 683808.3224825 683808.3265170001 683808.3305515 683808.3345860001 683808.3386204999 683808.3426554999 683808.34669 683808.3507244999 683808.354759 683808.3587935001 683808.362828 683808.3668625001 683808.370897 683808.3749315001 683808.3789659999 683808.3830005 683808.3870349999 683808.3910695 683808.395104 683808.3991385 683808.4031730001 683808.4072075 683808.4112420001 683808.4152764999 683808.419311 683808.4233454999 683808.42738 683808.4314145001 683808.435449 683808.4394835001 683808.4435185001 683808.447553 683808.4515875 683808.4556219999 683808.4596565 683808.4636909999 683808.4677255 683808.4717600001 683808.4757945 683808.4798290001 683808.4838635
224,683808.487898,161.38099995441735,1566,1571,0.4915403080918426,0.6732326766803687,1.436583299167088,0.9158924083884169,3d gaze,-0.5025407296358158,-21.249685130923638,102.0077134049468,683808.487898 683808.4919324999 683808.495967 683808.5000014999 683808.504036 683808.5080705001 683808.512105 683808.5161395001 683808.520174 683808.5242085 683808.5282429999 683808.5322775 683808.5363119999 683808.5403465 683808.5443810001 683808.5484155 683808.5524500001 683808.5564845 683808.5605194999 683808.564554 683808.5685884999 683808.572623 683808.5766575 683808.580692 683808.5847265001 683808.588761 683808.5927955001 683808.5968299999 683808.6008645 683808.6048989999 683808.6089335 683808.612968 683808.6170025 683808.6210370001 683808.6250715 683808.6291060001 683808.6331404999 683808.637175 683808.6412094999 683808.6452444999 683808.649279
225,683808.7783835,88.75950006768107,1574,1577,0.39804064065447975,0.7741779946393443,1.4760324190211842,0.996825389240099,3d gaze,-16.107110248342423,-30.660292202763483,98.12174241199163,683808.7783835 683808.782418 683808.7864524999 683808.790487 683808.7945214999 683808.798556 683808.8025905001 683808.806625 683808.8106595001 683808.814694 683808.8187285 683808.8227629999 683808.8267975 683808.830832 683808.8348665 683808.8389010001 683808.8429355 683808.8469700001 683808.8510045 683808.8550394999 683808.859074 683808.8631084999 683808.867143
226,683808.9518675001,96.82899992913008,1580,1582,0.41955880858060984,0.7448284044466985,1.4895846156375228,0.9977475714683532,3d gaze,-11.843554572805893,-26.38733701520315,93.95468607341185,683808.9518675001 683808.955902 683808.9599365001 683808.9639709999 683808.9680055 683808.9720399999 683808.9760745 683808.980109 683808.9841435 683808.9881780001 683808.9922125 683808.9962470001 683809.0002814999 683809.0043164999 683809.008351 683809.0123854999 683809.01642 683809.0204545001 683809.024489 683809.0285235001 683809.032558 683809.0365925 683809.0406269999 683809.0446615 683809.0486965
227,683809.173766,161.38099995441735,1586,1591,0.4809409079458317,0.725804899547038,1.3764511319951325,0.9648238718509674,3d gaze,-2.09857441283048,-24.19230946455788,93.1326256082231,683809.173766 683809.1778005001 683809.1818349999 683809.1858695 683809.1899039999 683809.1939385 683809.197973 683809.2020075 683809.2060420001 683809.2100765 683809.2141110001 683809.2181454999 683809.22218 683809.2262144999 683809.2302494999 683809.234284 683809.2383185001 683809.2423535001 683809.246388 683809.2504225001 683809.254457 683809.2584915 683809.2625259999 683809.2665605 683809.2705949999 683809.2746295 683809.2786640001 683809.2826985 683809.2867330001 683809.2907675 683809.294802 683809.2988364999 683809.302871 683809.3069054999 683809.31094 683809.3149745001 683809.319009 683809.3230435001 683809.327078 683809.3311125 683809.3351469999
228,683809.6296665,80.69099998101592,1600,1602,0.5388755337833148,0.7965203828680866,1.4357558135412605,0.9162364034425645,3d gaze,8.907431960673144,-39.341894317388665,118.23909518885384,683809.6296665 683809.6337009999 683809.6377355 683809.6417700001 683809.6458050001 683809.6498395 683809.6538740001 683809.6579090001 683809.6619434999 683809.665978 683809.6700124999 683809.674047 683809.6780815 683809.682116 683809.6861505001 683809.690185 683809.6942195001 683809.6982539999 683809.7022885 683809.7063229999 683809.7103575
229,683809.7224610001,161.38099995441735,1603,1607,0.5185792757060985,0.7390134445914884,1.3767360493520606,0.9155919086642381,3d gaze,4.180104868000129,-28.43471185517232,104.11131199128866,683809.7224610001 683809.7264955 683809.7305300001 683809.7345644999 683809.738599 683809.7426334999 683809.746668 683809.7507025 683809.754737 683809.7587715001 683809.762806 683809.7668405001 683809.7708749999 683809.7749095 683809.7789439999 683809.7829785 683809.7870130001 683809.7910475 683809.7950820001 683809.7991165 683809.8031510001 683809.8071854999 683809.81122 683809.8152544999 683809.819289 683809.8233235 683809.827358 683809.8313925001 683809.835427 683809.8394615 683809.8434959999 683809.8475309999 683809.8515655 683809.8555999999 683809.8596345 683809.8636690001 683809.8677035 683809.8717380001 683809.8757730001 683809.8798074999 683809.883842
230,683809.8878764999,108.93149999901652,1607,1611,0.5084287910401085,0.733375028254554,0.6489617333035578,0.9334140558327947,3d gaze,2.346217432405052,-27.140539939638927,101.53118336655879,683809.8878764999 683809.891911 683809.8959455 683809.89998 683809.9040145001 683809.908049 683809.9120835001 683809.9161179999 683809.9201525 683809.9241869999 683809.9282215 683809.932256 683809.9362905 683809.9403250001 683809.9443595 683809.9483940001 683809.9524284999 683809.956463 683809.9604974999 683809.964532 683809.9685665 683809.972601 683809.9766355001 683809.98067 683809.9847045001 683809.9887389999 683809.9927735 683809.9968079999
231,683810.7956429999,84.72499996423721,1635,1637,0.646331656594993,0.7857669844359532,1.4277459380720414,0.8823603852228685,3d gaze,57.607611461891295,-72.13881888970216,218.0218553673957,683810.7956429999 683810.7996775 683810.8037119999 683810.8077465 683810.811781 683810.8158155 683810.8198500001 683810.8238845 683810.8279190001 683810.8319534999 683810.835988 683810.840023 683810.8440574999 683810.848092 683810.8521265001 683810.856161 683810.8601955001 683810.86423 683810.8682645 683810.8722989999 683810.8763335 683810.8803679999
232,683810.8844025,104.89750001579523,1637,1640,0.6390946074034987,0.7967631479161206,0.3412720536782074,0.8583000099658966,3d gaze,56.70070229539056,-77.02045011031485,225.3726971032843,683810.8844025 683810.8884370001 683810.8924715 683810.8965060001 683810.9005405 683810.904575 683810.9086094999 683810.912644 683810.9166784999 683810.920713 683810.9247475001 683810.928782 683810.9328165001 683810.936851 683810.9408855 683810.9449199999 683810.9489545 683810.9529889999 683810.9570235 683810.9610580001 683810.9691275 683810.9731620001 683810.9771964999 683810.9852654999 683810.9893
233,683811.042276,80.68999997340143,1642,1644,0.5243510554020646,0.6789542738032078,0.2399796241010718,1.0,3d gaze,24.679813021902234,-107.62885642109076,502.76870803016226,683811.042276 683811.050345 683811.058414 683811.066483 683811.074552 683811.082621 683811.09069 683811.098759 683811.106828 683811.114897 683811.122966
234,683811.3120615,217.86400000564754,1650,1656,0.5572876682499109,0.7225350171610467,1.36188321784947,0.9199236436323686,3d gaze,11.55469085647892,-28.452654125549977,110.377699581098,683811.3120615 683811.3160959999 683811.3201305 683811.324165 683811.3281995 683811.3322340001 683811.3362685 683811.3403030001 683811.3443374999 683811.348372 683811.3524064999 683811.356441 683811.3604755 683811.36451 683811.3685445001 683811.372579 683811.3766135001 683811.3806479999 683811.3846825 683811.3887169999 683811.3927515 683811.396786 683811.4008205 683811.4048550001 683811.4088895 683811.4129240001 683811.416959 683811.4209934999 683811.425028 683811.4290624999 683811.433097 683811.437132 683811.4411665001 683811.445201 683811.4492355001 683811.4532699999 683811.4573045 683811.4613389999 683811.4653735 683811.4694079999 683811.4734425 683811.4774770001 683811.4815115 683811.4855460001 683811.4895804999 683811.493615 683811.4976494999 683811.501684 683811.5057185 683811.509753 683811.5137875001 683811.517822 683811.5218565001 683811.5258909999 683811.5299255
235,683811.5339599999,92.79400017112494,1657,1659,0.5635783791297353,0.7036266035155041,0.7633829890948255,0.8963932444651922,3d gaze,12.217388416637862,-25.46130084707833,106.397950283834,683811.5339599999 683811.5379945 683811.5420289999 683811.5460635 683811.5500980001 683811.5541325 683811.5581670001 683811.5622014999 683811.566236 683811.5702704999 683811.574305 683811.5783395 683811.582374 683811.5864085001 683811.590443 683811.5944775001 683811.5985119999 683811.6025465 683811.6065809999 683811.6106155 683811.61465 683811.6186845 683811.6227190001 683811.6267540001
236,683811.646927,217.86400000564754,1660,1666,0.6029595804740218,0.6448264829193201,1.3780067016895217,0.9020162920157114,3d gaze,18.738269820860292,-19.115727327089136,103.90030946201657,683811.646927 683811.6509614999 683811.654996 683811.6590305001 683811.663065 683811.6670995001 683811.671134 683811.6751685 683811.6792029999 683811.6832375 683811.6872719999 683811.695341 683811.6993755 683811.7034100001 683811.7074445 683811.711479 683811.7155134999 683811.719548 683811.7235824999 683811.727617 683811.7316515001 683811.735686 683811.7397205001 683811.743755 683811.7477895 683811.7518239999 683811.7558585 683811.7598929999 683811.7639275 683811.7679620001 683811.7719965 683811.7760310001 683811.7800655 683811.7841 683811.7881344999 683811.792169 683811.7962035 683811.800238 683811.8042725001 683811.808307 683811.8123415001 683811.8163765001 683811.8204109999 683811.8244449999 683811.8284795 683811.8325145 683811.836549 683811.8405835 683811.8446180001 683811.8486525 683811.8526875 683811.856722 683811.8607564999 683811.864791
237,683811.9253085,104.89750001579523,1668,1671,0.6524101820068472,0.6427711501899016,1.4823465175751398,0.938820830097905,3d gaze,29.594509433654167,-20.5525570969324,111.00913081564998,683811.9253085 683811.929343 683811.9333774999 683811.937412 683811.9414464999 683811.945481 683811.9495155001 683811.95355 683811.9575845001 683811.961619 683811.9656535 683811.9696879999 683811.9737225 683811.9777569999 683811.9817915 683811.9858260001 683811.9898605 683811.9938950001 683811.9979295 683812.001964 683812.0059984999 683812.010033 683812.0140674999 683812.018102 683812.0221365001 683812.0261715001 683812.030206
238,683812.0342405001,217.86400000564754,1672,1678,0.6587650156690397,0.6565388435801469,1.2291823076555812,0.9465091344383028,3d gaze,33.42919907018932,-23.89095556557988,119.9817056919912,683812.0342405001 683812.0382749999 683812.0423095 683812.0463439999 683812.0503785 683812.054413 683812.0584475 683812.0624820001 683812.0665165 683812.0705515 683812.0745860001 683812.0786204999 683812.082655 683812.0866894999 683812.090724 683812.0947585 683812.098793 683812.1028275001 683812.106862 683812.1108965001 683812.1149309999 683812.1189655 683812.1229999999 683812.1270345 683812.1310690001 683812.1351035 683812.1391380001 683812.1431725 683812.1472070001 683812.1512414999 683812.155276 683812.1593104999 683812.163345 683812.1673795 683812.171414 683812.1754485001 683812.179483 683812.1835175001 683812.1875519999 683812.1915865 683812.1956209999 683812.1996555 683812.2036900001 683812.2077245 683812.2117590001 683812.2157935 683812.2198280001 683812.2238624999 683812.227897 683812.235966 683812.240001 683812.2440355001 683812.24807 683812.2521045001
239,683812.256139,169.45000004488975,1678,1683,0.6723763107712885,0.6456679415681529,1.0727005241607592,0.9648773365242537,3d gaze,36.29738959284905,-22.72192714176522,119.80983415677083,683812.256139 683812.2601735 683812.2642079999 683812.2682425 683812.272277 683812.2763115 683812.2803465 683812.2843810001 683812.2884155 683812.2924500001 683812.2964844999 683812.300519 683812.3045534999 683812.308588 683812.3126225 683812.316657 683812.3206915001 683812.324726 683812.3287605001 683812.3327949999 683812.3368295 683812.3408639999 683812.3448985 683812.348933 683812.3529675 683812.3570020001 683812.3610365 683812.3650710001 683812.3691054999 683812.37314 683812.3771744999 683812.381209 683812.3852435 683812.389278 683812.3933125001 683812.397347 683812.4013815001 683812.4054159999 683812.4094505 683812.4134849999 683812.4175195 683812.4215545 683812.425589
240,683812.5062795,121.03549996390939,1686,1689,0.5235793555630874,0.7012926230106066,1.4027266797832327,0.9149344948030287,3d gaze,5.066832919974338,-24.800253237940797,105.16598237849718,683812.5062795 683812.5103140001 683812.5143485 683812.518383 683812.5224174999 683812.526452 683812.5304865 683812.534521 683812.5385555001 683812.54259 683812.5466245001 683812.550659 683812.5546935 683812.5587279999 683812.5627625 683812.5667969999 683812.5708315 683812.5748660001 683812.5789005 683812.5829350001 683812.5869695 683812.591004 683812.5950384999 683812.599073 683812.6031075 683812.607142 683812.6111765001 683812.6152115001 683812.619246 683812.6232805001 683812.6273149999
241,683812.6999359999,88.75950006768107,1691,1694,0.5114629416099749,0.5688997538462547,1.3786767156146351,0.9193668806034586,3d gaze,2.676185426939434,-10.729224903274012,97.31712389621467,683812.6999359999 683812.7039705 683812.7080049999 683812.7120395 683812.716074 683812.7201085 683812.7241430001 683812.7281775 683812.7322125 683812.736247 683812.7402814999 683812.744316 683812.7483504999 683812.752385 683812.7564195001 683812.760454 683812.7644885001 683812.768523 683812.7725575 683812.7765919999 683812.7806265 683812.7846609999 683812.7886955
242,683812.7967645,96.82850004173815,1694,1697,0.502074520986106,0.5373627608179554,1.4100320637778312,0.9072548389434815,3d gaze,1.198472257989301,-7.993174948410384,98.39913835423111,683812.7967645 683812.8007990001 683812.8048335 683812.808868 683812.8129024999 683812.8169374999 683812.820972 683812.8250064999 683812.829041 683812.8330755001 683812.83711 683812.8411445001 683812.8451789999 683812.8492135 683812.8532479999 683812.8572825 683812.861317 683812.8653515 683812.8693860001 683812.8734205 683812.8774550001 683812.8814894999 683812.885524 683812.8895584999 683812.893593
243,683812.909731,96.82850004173815,1698,1701,0.520497841079905,0.5393940650757927,1.2521282462306063,0.9090061688423157,3d gaze,4.6714257887318755,-9.26159436211554,111.28467757960892,683812.909731 683812.9137655001 683812.9177999999 683812.9218345 683812.9258689999 683812.9299035 683812.933938 683812.9379725 683812.9420075 683812.9460420001 683812.9500760001 683812.9541104999 683812.9581454999 683812.96218 683812.9662144999 683812.970249 683812.9742835 683812.978318 683812.9823525001 683812.986387 683812.9904215 683812.9944559999 683812.9984905 683813.0025249999 683813.0065595
244,683813.046905,80.68999997340143,1702,1704,0.49573730072490946,0.4912438677733339,1.490831560672267,0.9232630460035234,3d gaze,0.1964877798929025,-3.5553891961118094,90.37504688428508,683813.046905 683813.0509395001 683813.054974 683813.0590085001 683813.063043 683813.0670775 683813.0711119999 683813.0751465 683813.079181 683813.0832155 683813.0872500001 683813.0912845 683813.0953190001 683813.0993535 683813.103388 683813.1074224999 683813.111457 683813.1154914999 683813.119526 683813.1235605001 683813.127595
245,683813.1760094999,149.27699998952448,1706,1710,0.5126469275198628,0.48505069524416666,1.495745209535112,0.941875507957057,3d gaze,2.8055245758868765,-3.207428380123123,95.68892554339769,683813.1760094999 683813.180044 683813.1840784999 683813.188113 683813.1921475 683813.196182 683813.2002165001 683813.204251 683813.2082855001 683813.2123199999 683813.2163545 683813.2203895 683813.2244239999 683813.2284585 683813.232493 683813.2365275 683813.2405620001 683813.2445965 683813.248631 683813.2526654999 683813.2567 683813.2607344999 683813.264769 683813.2688035001 683813.272838 683813.2768725001 683813.280907 683813.2849415 683813.2889759999 683813.2930105 683813.2970449999 683813.3010795 683813.305114 683813.3091485 683813.3131830001 683813.3172175 683813.321252 683813.3252864999
246,683813.329321,173.4845000319183,1710,1715,0.515871012497244,0.4886383151219383,1.0035337343927346,0.9291943609714508,3d gaze,3.351222087186298,-3.5865701795709253,97.36348752307613,683813.329321 683813.3333554999 683813.33739 683813.3414245001 683813.345459 683813.3494935001 683813.353528 683813.3575625 683813.3615969999 683813.3656315 683813.369666 683813.3737005 683813.3777355 683813.3817700001 683813.3858045 683813.3898390001 683813.3938734999 683813.397908 683813.4019424999 683813.405977 683813.4100115 683813.4140465001 683813.418081 683813.4221155001 683813.42615 683813.4301845001 683813.4342189999 683813.4382535 683813.4422879999 683813.4463225 683813.450357 683813.4543915 683813.4584260001 683813.4624605 683813.4664950001 683813.4705294999 683813.474564 683813.4785984999 683813.482633 683813.4866675001 683813.490702 683813.4947365001 683813.498771 683813.5028055001
247,683813.539116,117.0014999806881,1716,1720,0.5095218185292973,0.5453323479018425,1.4488580218885778,0.9381858050823212,3d gaze,2.7294350224618955,-9.916987360749518,111.77094055864885,683813.539116 683813.5431504999 683813.547185 683813.5512194999 683813.555254 683813.5592885001 683813.563323 683813.5673575001 683813.571392 683813.5754265 683813.5794609999 683813.5834955 683813.5875299999 683813.5915645 683813.595599 683813.5996335 683813.6036685 683813.6077030001 683813.6117375 683813.6157724999 683813.619807 683813.6238414999 683813.627876 683813.6319105 683813.635945 683813.6399795001 683813.644014 683813.6480485001 683813.6520829999 683813.6561175
248,683813.6601519999,129.10400005057454,1720,1724,0.5185824759218023,0.5256395852428919,1.428611071680901,0.902644438273979,3d gaze,4.193045156937687,-7.624084654257973,107.83661626257845,683813.6601519999 683813.6641865 683813.668221 683813.6722555 683813.6762900001 683813.6803245 683813.6843590001 683813.6883934999 683813.692428 683813.6964624999 683813.700497 683813.7045315001 683813.708566 683813.7126005001 683813.716635 683813.7206695001 683813.7247039999 683813.7287385 683813.7327729999 683813.7368075 683813.740842 683813.7448765 683813.7489110001 683813.7529455 683813.7569800001 683813.7610144999 683813.765049 683813.7690834999 683813.773118 683813.7771525001 683813.781187 683813.7852215001 683813.789256
249,683813.7932905001,217.86400000564754,1724,1731,0.501762754206547,0.5096836207636747,1.4343104655884935,0.9050620171156797,3d gaze,1.1708012872763645,-5.579369094313192,99.60212524114472,683813.7932905001 683813.7973249999 683813.8013595 683813.8053939999 683813.8094285 683813.813463 683813.8174980001 683813.8215325 683813.8255670001 683813.8296020001 683813.8336364999 683813.837671 683813.8417054999 683813.84574 683813.8497744999 683813.853809 683813.8578435001 683813.861878 683813.8659125001 683813.8699469999 683813.8739815 683813.8780159999 683813.8820505 683813.886085 683813.8901195 683813.8941540001 683813.8981885 683813.9022230001 683813.9062574999 683813.910292 683813.9143264999 683813.918361 683813.9223954999 683813.92643 683813.9304645001 683813.934499 683813.9385335001 683813.9425679999 683813.9466025 683813.9506369999 683813.9546715 683813.958706 683813.9627405 683813.9667750001 683813.9708095 683813.9748440001 683813.9788784999 683813.982913 683813.9869474999 683813.990982 683813.9950164999 683813.999051 683814.0030855001 683814.00712 683814.0111545001
250,683814.0151889999,88.76000007148832,1731,1733,0.5034927388008112,0.5137776623164435,1.2398288646037088,0.8955685872098674,3d gaze,1.5049479530146253,-6.187860694678414,103.63720590960014,683814.0151889999 683814.0192239999 683814.0232585 683814.0272929999 683814.0313275 683814.0353620001 683814.0393970001 683814.0434315 683814.0474660001 683814.0515005 683814.055535 683814.0595694999 683814.063604 683814.0676384999 683814.071673 683814.0757075001 683814.079742 683814.0837765001 683814.087811 683814.0918455 683814.0958799999 683814.0999145 683814.103949
251,683814.1079835,217.86400000564754,1733,1740,0.5199020345811233,0.5221843764329571,1.080546876298703,0.902698306021867,3d gaze,4.3918698269754675,-7.223629764593045,107.14709211360133,683814.1079835 683814.1120180001 683814.1160525 683814.1200870001 683814.1241215 683814.128156 683814.1321904999 683814.136225 683814.1402594999 683814.144294 683814.1483285001 683814.152363 683814.1563975001 683814.160432 683814.1644665 683814.1685009999 683814.1725355 683814.17657 683814.1806045 683814.1846390001 683814.1886735 683814.1927080001 683814.1967425 683814.200777 683814.2048114999 683814.208846 683814.212881 683814.2169155 683814.22095 683814.2249845001 683814.229019 683814.2330535001 683814.2370879999 683814.2411225 683814.2451569999 683814.2491915 683814.253226 683814.2612955 683814.2653300001 683814.2693645 683814.273399 683814.2774334999 683814.281468 683814.2855024999 683814.289537 683814.2935715001 683814.297606 683814.3016405001 683814.305675 683814.3097095 683814.3137439999 683814.3177785 683814.3218129999 683814.3258475
252,683814.329882,217.86400000564754,1740,1747,0.5182433646524174,0.5234559089390177,1.4085408320275534,0.9022836761041121,3d gaze,3.8821611985835154,-6.943980930922058,101.2922833743063,683814.329882 683814.3339165 683814.3379510001 683814.3419855 683814.34602 683814.3500544999 683814.354089 683814.3581234999 683814.362158 683814.3661925001 683814.370227 683814.3742615001 683814.378296 683814.3823305 683814.3863649999 683814.3903995 683814.3944339999 683814.3984685 683814.402503 683814.4065380001 683814.4105725 683814.4146070001 683814.4186415 683814.422676 683814.4267104999 683814.430745 683814.4347795 683814.438814 683814.4428485001 683814.446883 683814.4509175001 683814.454952 683814.4589865 683814.4630209999 683814.4670555 683814.4710899999 683814.475125 683814.4791595 683814.4831940001 683814.4872285 683814.4912630001 683814.4952974999 683814.499332 683814.5033664999 683814.507401 683814.5114355001 683814.51547 683814.5195045001 683814.523539 683814.5275735001 683814.5316079999 683814.5356425 683814.5396769999 683814.5437115 683814.547746
253,683814.5517805,161.38099995441735,1747,1751,0.511164439795239,0.5151688154657397,1.2628281894310232,0.9175764729336995,3d gaze,2.6829562717373605,-6.079129802465868,99.70675385883459,683814.5517805 683814.5558150001 683814.5598495 683814.5638840001 683814.5679184999 683814.571953 683814.5759874999 683814.580022 683814.5840565001 683814.588091 683814.5921255001 683814.59616 683814.6001945001 683814.6042289999 683814.6082639999 683814.6122985 683814.6163329999 683814.6203675 683814.6244020001 683814.6284365 683814.6324710001 683814.6365055 683814.64054 683814.6445744999 683814.648609 683814.6526435 683814.656678 683814.6607125 683814.664747 683814.6687815001 683814.672816 683814.6768505 683814.6808849999 683814.6849195 683814.6889539999 683814.692989 683814.6970235 683814.7010580001 683814.7050925 683814.7091270001 683814.7131614999
254,683814.717196,177.51850001513958,1752,1757,0.49953537680244153,0.5099845214109913,1.2768803145524878,0.9168983552190992,3d gaze,0.7913669748517974,-5.500759471510209,97.77944015948138,683814.717196 683814.7212304999 683814.725265 683814.7292994999 683814.733334 683814.7373685001 683814.741403 683814.7454375001 683814.7494719999 683814.7535065 683814.7575409999 683814.7615755 683814.76561 683814.7696445 683814.7736790001 683814.7777135 683814.7817480001 683814.7857824999 683814.789817 683814.7938514999 683814.797886 683814.8019204999 683814.805955 683814.80999 683814.8140245001 683814.818059 683814.8220935 683814.8261279999 683814.8301625 683814.8341969999 683814.8382315 683814.8422660001 683814.8463005 683814.8503350001 683814.8543695 683814.858404 683814.8624384999 683814.866473 683814.8705074999 683814.874542 683814.8785765 683814.882611 683814.8866455001 683814.89068 683814.8947145
255,683814.8987489999,100.86300014518201,1757,1760,0.5208641625575842,0.5157212689689613,1.4917705819098361,0.8957957373215601,3d gaze,4.339439812126849,-6.2709491548810705,101.90885029556559,683814.8987489999 683814.9027835 683814.9068179999 683814.9108525 683814.9148870001 683814.9189220001 683814.9229565 683814.9269910001 683814.9310255 683814.93506 683814.9390944999 683814.943129 683814.9471634999 683814.951198 683814.9552325001 683814.959267 683814.9633015001 683814.967336 683814.9713705 683814.9754049999 683814.9794395 683814.983474 683814.9875085 683814.9915430001 683814.9955775 683814.9996120001
256,683815.0036465,217.8645001258701,1760,1767,0.5227382209110281,0.5181897505117561,1.1104657183221585,0.9054499062624844,3d gaze,4.463881573695405,-6.244282043834131,97.84836312469209,683815.0036465 683815.007681 683815.011716 683815.0157504999 683815.019785 683815.0238195 683815.027854 683815.0318885001 683815.035923 683815.0399575001 683815.0439919999 683815.0480265 683815.0520609999 683815.0560955 683815.06013 683815.0641645 683815.0681990001 683815.0722335 683815.0762680001 683815.0803024999 683815.084337 683815.0883714999 683815.092406 683815.0964405 683815.100475 683815.1045095001 683815.108544 683815.1125785001 683815.1166129999 683815.1206475 683815.1246819999 683815.1287165 683815.132751 683815.136786 683815.1408205 683815.1448550001 683815.1488895 683815.152924 683815.1569584999 683815.160993 683815.1650274999 683815.169062 683815.1730965001 683815.177131 683815.1811655001 683815.1852 683815.1892345 683815.1932689999 683815.1973035 683815.2013379999 683815.2053729999 683815.2094075 683815.2134420001 683815.2174765 683815.2215110001
257,683815.2255454999,217.86400000564754,1767,1773,0.5139121566544154,0.5214954097122261,1.1067641947697036,0.9010985921729695,3d gaze,3.0655265242304917,-6.5106331008571425,97.56389691039367,683815.2255454999 683815.22958 683815.2336144999 683815.237649 683815.2416835 683815.245718 683815.2497525001 683815.253787 683815.2578215001 683815.2618559999 683815.2658905 683815.2699249999 683815.2739595 683815.277994 683815.2820285 683815.2860630001 683815.2900975 683815.2941320001 683815.2981664999 683815.302201 683815.3062354999 683815.31027 683815.3143045 683815.318339 683815.3223735001 683815.326408 683815.3304425001 683815.3344769999 683815.3385115 683815.3425459999 683815.3465805 683815.350615 683815.35465 683815.3586845 683815.3627190001 683815.3667535 683815.3707880001 683815.3748224999 683815.378857 683815.3828914999 683815.386926 683815.3909605001 683815.394995 683815.3990295001 683815.403064 683815.407099 683815.4111335 683815.4151679999 683815.4192025 683815.4232369999 683815.4272715 683815.4313060001 683815.4353405 683815.4393750001 683815.4434095
258,683815.447444,217.86400000564754,1773,1780,0.5185569764765874,0.5219556878303812,0.8191944956019442,0.9098267289725217,3d gaze,4.08163045916609,-7.067169782517612,105.15661981605211,683815.447444 683815.4514784999 683815.455513 683815.4595475 683815.463582 683815.4676165 683815.471651 683815.4756855001 683815.47972 683815.4837545 683815.4877889999 683815.4918235 683815.4958579999 683815.4998925 683815.5039270001 683815.5079615 683815.5119960001 683815.5160305 683815.520065 683815.5240994999 683815.528134 683815.5321685 683815.536203 683815.5402375 683815.544272 683815.5483065001 683815.552341 683815.5563755 683815.5604099999 683815.5644449999 683815.5684795 683815.5725135 683815.5765480001 683815.5805830001 683815.5846175 683815.5886520001 683815.5926864999 683815.596721 683815.6007554999 683815.60479 683815.608825 683815.6128595 683815.616894 683815.6209285001 683815.624963 683815.6289975 683815.6330319999 683815.6370665 683815.6411009999 683815.6451355 683815.6491700001 683815.6532045 683815.6572390001 683815.6612735 683815.665308
259,683815.6693424999,217.86400000564754,1780,1787,0.5254267801783911,0.5289574440817064,1.4014577168030529,0.9055836921388453,3d gaze,5.387945084255848,-7.931331140920722,107.70849149057688,683815.6693424999 683815.673377 683815.6774115 683815.681446 683815.6854805 683815.689515 683815.6935495001 683815.697584 683815.7016185 683815.7056529999 683815.7096875 683815.7137219999 683815.7177565 683815.7217910001 683815.7258255 683815.7298600001 683815.7338945 683815.737929 683815.7419634999 683815.745998 683815.7500325 683815.754067 683815.7581015 683815.762136 683815.7661705001 683815.770205 683815.7742395 683815.7782739999 683815.7823085 683815.7863429999 683815.790378 683815.7944125 683815.7984470001 683815.8024820001 683815.8065165 683815.8105510001 683815.8145854999 683815.81862 683815.8226544999 683815.826689 683815.8307235 683815.834758 683815.8387925001 683815.842827 683815.8468615001 683815.8508959999 683815.8549305 683815.8589649999 683815.8629995 683815.8670340001 683815.8710685 683815.8751030001 683815.8791375 683815.8831720001 683815.8872064999
260,683815.891241,217.86400000564754,1787,1793,0.5317395559146781,0.5269451590329128,1.1922922605670196,0.9086137007583271,3d gaze,6.565784768493919,-7.841086023141984,109.00833938198923,683815.891241 683815.8952754999 683815.89931 683815.9033445 683815.907379 683815.9114135001 683815.915448 683815.9194825001 683815.9235169999 683815.9275515 683815.9315859999 683815.9356205 683815.9396550001 683815.9436895 683815.9477240001 683815.9517585 683815.9557930001 683815.9598274999 683815.963862 683815.9678964999 683815.971931 683815.9759655 683815.98 683815.9840345001 683815.988069 683815.9921035001 683815.9961385 683816.0001729999 683816.0042075 683816.0082425 683816.012277 683816.0163115 683816.0203460001 683816.0243805 683816.0284150001 683816.0324494999 683816.036484 683816.0405184999 683816.044553 683816.0485875 683816.052622 683816.0566565001 683816.060691 683816.0647255001 683816.0687599999 683816.0727945 683816.0768289999 683816.0808635 683816.084898 683816.0889325 683816.0929670001 683816.0970015 683816.1010360001 683816.1050704999 683816.109105
261,683816.48835,165.41499993763864,1804,1809,0.5955830122538092,0.7002607568853477,0.7813667110249995,0.8849791578948498,3d gaze,28.439610818730994,-39.97761557187372,168.3227524902674,683816.48835 683816.4923845 683816.496419 683816.5004535001 683816.504488 683816.5085225 683816.5125569999 683816.5165915 683816.5206259999 683816.528695 683816.5327295 683816.5367640001 683816.544833 683816.5488674999 683816.552902 683816.5569365 683816.560971 683816.5650055 683816.56904 683816.5730745001 683816.577109 683816.5811435 683816.5851779999 683816.5892125 683816.5932469999 683816.5972815 683816.6013165 683816.6053510001 683816.6093855 683816.6134200001 683816.6174544999 683816.621489 683816.6255234999 683816.629558 683816.6335925 683816.637627 683816.6416615001 683816.645696 683816.6497305001 683816.6537649999
262,683816.7021794999,88.75900018028915,1811,1813,0.5180429723489549,0.6002183119859087,1.1991512203457897,0.9282069245110387,3d gaze,4.056225335826273,-14.744807706936296,105.71061778424705,683816.7021794999 683816.706214 683816.7102485 683816.714283 683816.7183175001 683816.722352 683816.7263865 683816.7304209999 683816.7344555 683816.7384899999 683816.7425245 683816.7465590001 683816.7505935 683816.7546280001 683816.7586625 683816.762697 683816.7667314999 683816.770766 683816.7748004999 683816.778835 683816.7828695 683816.786904 683816.7909385001
263,683816.8070769999,80.69000008981675,1814,1816,0.5395139711639001,0.6106803281672333,1.4134868229763096,0.9372070332368215,3d gaze,8.570133307748918,-17.431622883137162,116.67830778427353,683816.8070769999 683816.8111115 683816.815146 683816.8191805 683816.823215 683816.8272495 683816.8312840001 683816.8353185 683816.839353 683816.8433874999 683816.847422 683816.8514565 683816.855491 683816.8595255001 683816.86356 683816.8675945001 683816.871629 683816.8756635 683816.8796979999 683816.8837325 683816.887767
264,683816.8918015,149.27749999333173,1816,1821,0.5456354627898873,0.6067734768174291,1.4124367682712755,0.9236974684815658,3d gaze,10.079445115783283,-17.623032289180706,120.82072041564861,683816.8918015 683816.8958365 683816.8998710001 683816.9039055 683816.9079400001 683816.9119744999 683816.916009 683816.9200434999 683816.924078 683816.9281125 683816.932147 683816.9361815001 683816.940216 683816.9442505001 683816.9482849999 683816.9523195 683816.9563539999 683816.9603885 683816.964423 683816.9684575 683816.9724920001 683816.9765265 683816.9805610001 683816.9845954999 683816.9886304999 683816.992665 683816.9966994999 683817.000734 683817.0047685001 683817.008803 683817.0128375001 683817.016872 683817.0209065 683817.0249409999 683817.0289755 683817.03301 683817.0370445 683817.041079
265,683817.0451135,161.38099995441735,1821,1826,0.528108781180483,0.5898936572465848,1.3159678704813285,0.9295193618390618,3d gaze,6.263805184700168,-14.886935378597371,114.60905013495191,683817.0451135 683817.0491480001 683817.0531825 683817.057217 683817.0612514999 683817.065286 683817.0693204999 683817.073355 683817.0773895001 683817.081424 683817.0854585001 683817.089493 683817.0935275 683817.0975619999 683817.1015965 683817.1056315 683817.109666 683817.1137005 683817.1177350001 683817.1217695 683817.1258040001 683817.1298384999 683817.133873 683817.1379074999 683817.141942 683817.1459765 683817.150011 683817.1540455001 683817.15808 683817.1621145001 683817.1661489999 683817.1701835 683817.1742179999 683817.1782525 683817.182287 683817.1863215 683817.1903560001 683817.1943905 683817.1984255 683817.2024600001 683817.2064944999
266,683817.210529,181.5529998857528,1826,1831,0.5236357440414446,0.5769642520918721,1.471300731614014,0.9244623598845109,3d gaze,5.239958757569149,-13.06414598568094,110.89278004213983,683817.210529 683817.2145634999 683817.218598 683817.2226325 683817.226667 683817.2307015001 683817.234736 683817.2387705001 683817.2428049999 683817.2468395 683817.250874 683817.2549085 683817.258943 683817.2629775 683817.2670120001 683817.2710465 683817.275081 683817.2791154999 683817.28315 683817.2871844999 683817.291219 683817.2952535 683817.299288 683817.3033225001 683817.307357 683817.3113915 683817.3154259999 683817.3194605 683817.3234955 683817.3275299999 683817.3315645 683817.3355990001 683817.3396335 683817.3436680001 683817.3477025 683817.351737 683817.3557714999 683817.359806 683817.3638405 683817.367875 683817.3719095 683817.375944 683817.3799785001 683817.384013 683817.3880475 683817.3920819999
267,683817.3961165,161.38099995441735,1832,1836,0.5283427287702572,0.549202440043832,1.3926587699303945,0.907502622866049,3d gaze,6.025523589465992,-10.127518986654891,109.83301978279684,683817.3961165 683817.4001515 683817.404186 683817.4082205 683817.4122550001 683817.4162895 683817.4203240001 683817.4243584999 683817.428393 683817.4324274999 683817.436462 683817.4404965 683817.444531 683817.4485655001 683817.4526 683817.4566345001 683817.4606689999 683817.4647035 683817.4687379999 683817.4727725 683817.476807 683817.4808415 683817.4848760001 683817.4889105 683817.4929450001 683817.4969794999 683817.501014 683817.5050484999 683817.509083 683817.5131175 683817.517152 683817.5211865001 683817.525221 683817.5292555001 683817.5332899999 683817.5373245 683817.5413589999 683817.5453935 683817.5494285 683817.5534630001 683817.5574975
268,683817.5615320001,92.79399993829429,1836,1839,0.544822596798359,0.5520326482842929,1.4231960931117695,0.913538534194231,3d gaze,9.352598938500726,-10.879847969173227,114.54116280344238,683817.5615320001 683817.5655665 683817.569601 683817.5736354999 683817.57767 683817.5817045 683817.585739 683817.5897735 683817.5938085001 683817.597843 683817.6018775001 683817.6059119999 683817.6099465 683817.6139809999 683817.6180155 683817.62205 683817.6260845 683817.630119 683817.6341535 683817.6381880001 683817.6422224999 683817.646257 683817.6502914999 683817.654326
269,683817.7108090001,80.69099998101592,1841,1843,0.5365089659570568,0.5398653375427207,1.3825492699389215,0.9184267137731824,3d gaze,7.628163137311704,-9.381632898422136,112.03629057242068,683817.7108090001 683817.7148434999 683817.718878 683817.7229124999 683817.726947 683817.7309815 683817.735016 683817.7390505001 683817.743085 683817.7471195001 683817.7511539999 683817.7551885 683817.7592229999 683817.7632575 683817.7672925 683817.7713270001 683817.7753615 683817.7793960001 683817.7834305 683817.7874655 683817.7915
270,683817.880259,80.68999997340143,1846,1848,0.4697951227453697,0.5595429001873669,1.499985638957528,0.9286091029644012,3d gaze,-4.204898251003011,-10.719610362374468,105.40561998974461,683817.880259 683817.8842935001 683817.888328 683817.8923625001 683817.896397 683817.9004315 683817.9044659999 683817.9085005 683817.912535 683817.9165695 683817.920604 683817.9246385 683817.9286730001 683817.9327075 683817.936742 683817.9407764999 683817.944811 683817.9488454999 683817.95288 683817.9569145001 683817.960949
271,683817.9649835001,80.69099998101592,1849,1851,0.4645608582211194,0.5593382025785338,1.1207118714667128,0.9428468956833794,3d gaze,-4.988551526585583,-10.427971371337804,102.70012026588648,683817.9649835001 683817.969018 683817.9730525 683817.9770875 683817.9811219999 683817.9851565 683817.9891915 683817.993226 683817.9972605 683818.0012950001 683818.0053295 683818.009364 683818.0133984999 683818.017433 683818.0214674999 683818.025502 683818.0295365001 683818.033571 683818.0376055001 683818.04164 683818.0456745
272,683818.057778,185.5879999930039,1851,1857,0.47190041097631036,0.60453518127262,1.393831528160204,0.9272854017450455,3d gaze,-3.938228899591243,-15.32947637740025,106.91261878187677,683818.057778 683818.0618125 683818.065847 683818.0698815 683818.0739160001 683818.0779505 683818.081985 683818.0860194999 683818.090054 683818.0940884999 683818.098123 683818.1021575001 683818.106192 683818.1102265001 683818.114261 683818.1182955 683818.1223299999 683818.1263645 683818.130399 683818.1344335 683818.138468 683818.1425025 683818.1465370001 683818.1505715 683818.154606 683818.1586404999 683818.162675 683818.1667094999 683818.170744 683818.1747785001 683818.178813 683818.1828475001 683818.186882 683818.1909165 683818.1949509999 683818.1989859999 683818.2030209999 683818.2070555 683818.21109 683818.2151245 683818.2191590001 683818.2231935 683818.2272280001 683818.2312624999 683818.235297 683818.2393314999 683818.243366
273,683818.5056095,217.86400000564754,1865,1871,0.5546030147265852,0.7955088323404325,1.248203198845383,0.86657747397056,3d gaze,17.18300960116229,-56.061260112929695,168.628477823605,683818.5056095 683818.5096440001 683818.5136785 683818.5177130001 683818.5217474999 683818.525782 683818.5298164999 683818.5378855 683818.54192 683818.5459545001 683818.5540235001 683818.5580579999 683818.5620925 683818.5661269999 683818.5701615 683818.574196 683818.578231 683818.5822655 683818.5863000001 683818.5903345 683818.594369 683818.602438 683818.6064725 683818.610507 683818.6145415 683818.618576 683818.6226105001 683818.626645 683818.6306795 683818.6347139999 683818.6387485 683818.6427829999 683818.646818 683818.6508525 683818.654887 683818.6589215 683818.6629560001 683818.6669905 683818.671025 683818.6750594999 683818.679094 683818.6831284999 683818.687163 683818.6911975001 683818.695232 683818.6992665001 683818.703301 683818.7073355 683818.7113699999 683818.7154045 683818.719439 683818.7234735
274,683818.743646,217.86400000564754,1872,1878,0.4704529089685549,0.6129210059860749,1.014676944256699,0.9028855069117112,3d gaze,-4.169000561654213,-16.063038806816895,106.19770387646693,683818.743646 683818.7476804999 683818.751715 683818.7557495 683818.759784 683818.7638185001 683818.767853 683818.7718875001 683818.775922 683818.7799565 683818.7839909999 683818.7880259999 683818.7920605 683818.796095 683818.8001295 683818.8041640001 683818.8081985 683818.8122330001 683818.8162674999 683818.820302 683818.8243365 683818.828371 683818.8324055 683818.83644 683818.8404745001 683818.844509 683818.8485435001 683818.8525779999 683818.8566125 683818.8606469999 683818.864682 683818.8687165 683818.872751 683818.8767855 683818.8808200001 683818.8848545 683818.888889 683818.8929234999 683818.896958 683818.9009924999 683818.905027 683818.9090615001 683818.913096 683818.9171305001 683818.921165 683818.9251995 683818.9292339999 683818.9332685 683818.937303 683818.9413375 683818.945372 683818.9494065 683818.9534410001 683818.9574755 683818.96151
275,683818.9655444999,217.8645001258701,1878,1885,0.47669159948875356,0.6089668477919034,0.8017661183438534,0.9365577746521343,3d gaze,-3.0637518467334246,-15.561254230385515,105.51076080291567,683818.9655444999 683818.969579 683818.9736134999 683818.977648 683818.981683 683818.9857175 683818.989752 683818.9937865001 683818.9978209999 683819.0018555 683819.0058899999 683819.0099245 683819.013959 683819.0179935 683819.0220280001 683819.0260625 683819.0300970001 683819.0341314999 683819.038166 683819.0422004999 683819.046235 683819.0502695 683819.054304 683819.0583385 683819.062373 683819.0664075001 683819.0704419999 683819.0744765 683819.0785109999 683819.082546 683819.0865805 683819.090615 683819.0946495 683819.0986840001 683819.1027185 683819.1067530001 683819.1107874999 683819.114822 683819.1188564999 683819.122891 683819.1269255 683819.13096 683819.1349945001 683819.139029 683819.1430635 683819.1470979999 683819.1511325 683819.155167 683819.1592015 683819.163236 683819.1672705 683819.1713050001 683819.1753400001 683819.1793745 683819.183409
276,683819.1874434999,217.86400000564754,1885,1892,0.4742225338652767,0.6027179676542389,0.45081593260175834,0.9317315648902547,3d gaze,-3.3986810382605728,-14.56112993728847,102.79177174114815,683819.1874434999 683819.191478 683819.1955125 683819.199547 683819.2035815 683819.207616 683819.2116505001 683819.215685 683819.2197195 683819.2237539999 683819.2277885 683819.231823 683819.2358575 683819.2398920001 683819.2439265 683819.2479610001 683819.2519955 683819.25603 683819.2600644999 683819.264099 683819.2681335 683819.272168 683819.2762025 683819.280237 683819.2842715001 683819.288306 683819.2923409999 683819.2963755 683819.3004099999 683819.3044445 683819.308479 683819.3125135 683819.3165480001 683819.3205825 683819.3246170001 683819.3286514999 683819.332686 683819.3367204999 683819.340755 683819.3447895 683819.348824 683819.3528585001 683819.356893 683819.3609275001 683819.3649619999 683819.3689965 683819.3730309999 683819.3770659999 683819.3811005 683819.385135 683819.3891695 683819.3932040001 683819.3972385 683819.401273 683819.4053074999
277,683819.409342,217.86400000564754,1892,1898,0.47340654184606024,0.6047961274581978,0.39947064278351313,0.9201193722811613,3d gaze,-3.587862902865304,-14.984657938193749,104.33251054087144,683819.409342 683819.4133765 683819.417411 683819.4214455 683819.42548 683819.4295145001 683819.433549 683819.4375835 683819.4416179999 683819.4456525 683819.4496869999 683819.4537215 683819.457756 683819.4617905 683819.4658250001 683819.4698595 683819.473894 683819.4779284999 683819.481963 683819.4859975 683819.490032 683819.4940665 683819.498101 683819.5021355001 683819.50617 683819.5102045 683819.5142389999 683819.5182739999 683819.5223085 683819.526343 683819.5303775 683819.5344120001 683819.5384465 683819.5424810001 683819.5465154999 683819.55055 683819.5545844999 683819.558619 683819.5626535 683819.566688 683819.5707225001 683819.574757 683819.578792 683819.5828265001 683819.5868609999 683819.5908955 683819.5949299999 683819.5989645 683819.602999 683819.6070335 683819.6110680001 683819.6151025 683819.6191370001 683819.6231714999 683819.627206
278,683819.6312405,217.86399988923222,1898,1905,0.47222329486897163,0.6027068817851633,0.7662754598309856,0.9335554437203841,3d gaze,-3.770281234839414,-14.716490268383213,103.83615144805222,683819.6312405 683819.635275 683819.6393095 683819.643344 683819.6473785001 683819.651413 683819.6554475001 683819.6594819999 683819.6635165 683819.6675509999 683819.6715855 683819.67562 683819.6796545 683819.6836890001 683819.6877235 683819.6917580001 683819.6957924999 683819.699827 683819.7038615 683819.707896 683819.7119305 683819.715965 683819.7199995001 683819.724034 683819.7280685001 683819.7321029999 683819.7361379999 683819.7401725 683819.744207 683819.7482415 683819.752276 683819.7563105 683819.7603450001 683819.7643795 683819.768414 683819.7724484999 683819.776483 683819.780518 683819.7845525 683819.788587 683819.7926215001 683819.796656 683819.8006905001 683819.8047249999 683819.8087595 683819.8127939999 683819.8168285 683819.820863 683819.8248975 683819.8289320001 683819.8329665 683819.8370010001 683819.8410354999 683819.84507 683819.8491044999
279,683819.853139,217.86400000564754,1905,1911,0.46609992498629943,0.5930737220984649,1.0126764419861423,0.9341964683749459,3d gaze,-4.6779005564048575,-13.429368385286141,101.17051728986176,683819.853139 683819.8571735 683819.861208 683819.8652425001 683819.869277 683819.8733115001 683819.8773459999 683819.8813805 683819.8854149999 683819.8894495 683819.893484 683819.8975185 683819.9015530001 683819.9055875 683819.9096220001 683819.9136564999 683819.917691 683819.9217254999 683819.92576 683819.9297945 683819.933829 683819.9378635001 683819.941898 683819.9459325001 683819.9499669999 683819.9540015 683819.9580359999 683819.962071 683819.9661055 683819.97014 683819.9741750001 683819.9782095 683819.9822440001 683819.9862785 683819.990313 683819.9943474999 683819.998382 683820.0024165 683820.006451 683820.0104855 683820.01452 683820.0185545001 683820.022589 683820.0266235 683820.0306579999 683820.0346925 683820.038727 683820.0427615 683820.0467960001 683820.0508305 683820.0548650001 683820.0588994999 683820.062934 683820.0669684999 683820.071003
280,683820.0750375,217.86400000564754,1911,1918,0.45856300602432526,0.5909275277707929,1.0163266001536753,0.9420119794932279,3d gaze,-5.776587884482801,-12.912569039967742,98.701258898798,683820.0750375 683820.079072 683820.0831065 683820.087141 683820.0911755001 683820.0952099999 683820.0992445 683820.1032789999 683820.1073135 683820.111348 683820.1153825 683820.1194170001 683820.1234515 683820.1274860001 683820.1315204999 683820.135555 683820.1395894999 683820.143624 683820.1476585 683820.151693 683820.1557275 683820.159762 683820.1637965001 683820.1678315001 683820.1718665 683820.1759009999 683820.1799355 683820.1839699999 683820.1880045 683820.1920390001 683820.1960735 683820.2001080001 683820.2041425 683820.208177 683820.2122114999 683820.216246 683820.2202805 683820.224315 683820.2283495 683820.232384 683820.2364185001 683820.240453 683820.2444875 683820.2485219999 683820.2525565 683820.2565909999 683820.2606255 683820.2646600001 683820.2686945 683820.2727290001 683820.2767635 683820.280798 683820.2848324999 683820.288867 683820.2929015
281,683820.296936,217.86400000564754,1918,1925,0.4469997998381803,0.59751650925298,0.5233654962865519,0.9430705070495605,3d gaze,-7.459397413852278,-13.201683990257362,96.28506781674683,683820.296936 683820.3009705 683820.305005 683820.3090395001 683820.313074 683820.3171085 683820.3211429999 683820.3251775 683820.329212 683820.3332465 683820.3372810001 683820.3413155 683820.3453500001 683820.3493845 683820.353419 683820.3574534999 683820.361488 683820.3655225 683820.3695575 683820.373592 683820.3776265001 683820.381661 683820.3856955001 683820.3897305 683820.3937649999 683820.3977995 683820.4018339999 683820.4058685 683820.409903 683820.4139375 683820.4179720001 683820.4220065 683820.426041 683820.4300754999 683820.43411 683820.4381445 683820.442179 683820.4462135 683820.450248 683820.4542825001 683820.458317 683820.4623515 683820.4663859999 683820.4704205 683820.4744549999 683820.4784895 683820.482524 683820.4865585 683820.4905930001 683820.4946275 683820.498662 683820.5026964999 683820.506731 683820.5107655 683820.5148
282,683820.5188345,112.96699999365956,1925,1928,0.4530487414891077,0.5980596740677374,1.356252661625943,0.9120294164334025,3d gaze,-6.68676878496692,-13.647429304916798,99.17481687740262,683820.5188345 683820.522869 683820.5269035001 683820.530938 683820.5349725 683820.5390069999 683820.5430415 683820.5470759999 683820.5511105 683820.555145 683820.5591795 683820.5632140001 683820.5672485 683820.571283 683820.5753174999 683820.5793524999 683820.583387 683820.5874215 683820.591456 683820.5954905001 683820.5995255001 683820.60356 683820.6075945001 683820.6116289999 683820.6156635 683820.6196979999 683820.627767 683820.6318015
283,683820.636365,129.10399993415922,1928,1932,0.493105275299535,0.6298000664201562,0.9392937123264454,0.8363331171870232,3d gaze,-1.3076442545598042,-92.85841018414517,556.2008500743691,683820.636365 683820.644434 683820.652503 683820.660572 683820.668641 683820.67671 683820.692848 683820.765469
284,683821.1280469999,169.45000016130507,1943,1948,0.5345596222164903,0.5926143678819094,1.0902988354408907,0.8816807986724944,3d gaze,5.43645470955834,-11.041734171986873,83.2967064952221,683821.1280469999 683821.1320815 683821.136116 683821.1401505 683821.1441850001 683821.1522540001 683821.1562885 683821.1603234999 683821.164358 683821.1683924999 683821.172427 683821.1764615 683821.180496 683821.1845305001 683821.188565 683821.1925995001 683821.1966339999 683821.2006685 683821.204703 683821.2087375 683821.212772 683821.2168065 683821.220841 683821.2248755 683821.2289100001 683821.2329444999 683821.236979 683821.2410134999 683821.245048 683821.2490825 683821.253117 683821.2571515001 683821.261186 683821.2652205001 683821.2692549999 683821.2732895 683821.2773245 683821.2813589999 683821.2853935 683821.289428 683821.2934625 683821.2974970001
285,683821.3015315,80.690500093624,1948,1950,0.5184096001142078,0.5847928876315539,1.403844630718347,0.9019768118858338,3d gaze,2.9754817534296487,-9.587048978478004,76.69195666890168,683821.3015315 683821.305566 683821.3096004999 683821.313635 683821.3176695 683821.321704 683821.3257385 683821.329773 683821.3338075001 683821.337842 683821.3418765 683821.3459109999 683821.3499455 683821.3539799999 683821.3580145 683821.362049 683821.370118 683821.3741530001 683821.3781874999 683821.382222
286,683821.624293,104.89750001579523,1958,1961,0.4892404591303126,0.6457702726988921,1.3773913771521724,0.9262488903822722,3d gaze,-0.8613635363830512,-18.405426366787417,100.99574970696823,683821.624293 683821.6283275001 683821.632362 683821.6363965 683821.6404309999 683821.6444655 683821.6485 683821.6525345 683821.656569 683821.6606035 683821.6646380001 683821.6686725 683821.672707 683821.6767414999 683821.680776 683821.6848105 683821.688845 683821.6928795001 683821.696914 683821.7009485001 683821.7049835001 683821.7090179999 683821.7130525 683821.7170869999 683821.7211215 683821.725156 683821.7291905
287,683821.7332250001,80.69049986079335,1961,1963,0.48781660322989484,0.6302286146365726,1.0098916218429903,0.931601053192502,3d gaze,-1.0895755825709739,-16.628671365510293,99.34109367411462,683821.7332250001 683821.7372595 683821.7412940001 683821.7453284999 683821.749363 683821.7533974999 683821.757432 683821.7614665 683821.7655015 683821.769536 683821.7735705001 683821.777605 683821.7816395 683821.7856739999 683821.7897085 683821.793743 683821.7977775 683821.801812 683821.8058465 683821.8098810001 683821.8139155
288,683821.8582949999,153.3120000967756,1965,1969,0.5329564240173995,0.5997823052613258,1.4037276078527285,0.9233290621867547,3d gaze,6.461577354495021,-14.345949609477834,103.04826202357629,683821.8582949999 683821.8623295 683821.866364 683821.8703985 683821.874433 683821.8784675 683821.8825020001 683821.8865365 683821.890571 683821.8946054999 683821.89864 683821.9026744999 683821.906709 683821.9107435 683821.9147785 683821.918813 683821.9228475001 683821.9268819999 683821.9309165 683821.9349509999 683821.9389855 683821.94302 683821.9470545 683821.9510890001 683821.9551235 683821.9591585 683821.9631930001 683821.9672274999 683821.971262 683821.9752964999 683821.979331 683821.9833655 683821.9874 683821.9914345001 683821.995469 683821.9995035001 683822.0035379999 683822.0075725 683822.011607
289,683822.0156415,217.86400000564754,1969,1976,0.5228840267689752,0.5747144484811082,1.322135964915358,0.9069291250272231,3d gaze,4.445762786375978,-11.152471745803947,96.3918487147459,683822.0156415 683822.019676 683822.0237105 683822.0277450001 683822.0317795 683822.0358140001 683822.0398484999 683822.043883 683822.0479174999 683822.051952 683822.0559865 683822.060021 683822.0640555001 683822.06809 683822.0721245001 683822.0761589999 683822.0801935 683822.084228 683822.0882625 683822.092297 683822.0963315 683822.1003660001 683822.1044005 683822.1084350001 683822.1124694999 683822.116504 683822.1205384999 683822.124573 683822.1286075 683822.132642 683822.1366765001 683822.140711 683822.1447455001 683822.1487805 683822.1528149999 683822.1568495 683822.1608845 683822.164919 683822.1689535 683822.172988 683822.1770225 683822.1810570001 683822.1850914999 683822.189126 683822.1931604999 683822.197195 683822.2012295 683822.205264 683822.2092985001 683822.213333 683822.2173675001 683822.2214019999 683822.2254365 683822.229471 683822.2335055
290,683822.600647,81.31999999750406,1987,1989,0.5176773652517305,0.6590202427039968,0.6424915060102447,0.9433245729832422,3d gaze,4.2260348646983825,-21.68525982819469,111.30490237287242,683822.600647 683822.6046815 683822.608716 683822.6127505 683822.6167850001 683822.6208195 683822.624854 683822.6288884999 683822.632923 683822.6369575 683822.640992 683822.6450265 683822.649061 683822.6530955001 683822.65713 683822.6611645 683822.6651989999 683822.6698634999 683822.673898 683822.6779325 683822.681967
291,683822.734416,125.07000006735325,1991,1995,0.5239100168194512,0.5713178749185819,1.4489119998732576,0.9352569337934256,3d gaze,4.927265087347882,-11.647231897858036,103.45623221568641,683822.734416 683822.7384505 683822.742485 683822.7465195 683822.750554 683822.7545885 683822.758623 683822.7626575 683822.766692 683822.7707265 683822.774761 683822.7787955 683822.78283 683822.7868645 683822.790899 683822.7949335 683822.798968 683822.803003 683822.8070375 683822.811072 683822.8151064999 683822.819141 683822.8231755 683822.82721 683822.8312445 683822.835279 683822.8393135 683822.843348 683822.8473825001 683822.8514169999 683822.8554515 683822.859486
292,683822.8877280001,217.86400000564754,1995,2002,0.5156313445503004,0.5427113533550655,1.4896759481241977,0.9063354969024658,3d gaze,3.4037619835596815,-8.604453279763526,99.77927012581546,683822.8877280001 683822.8917625 683822.895797 683822.8998315 683822.903866 683822.9079005 683822.911935 683822.9159695 683822.920004 683822.9240385001 683822.9280729999 683822.9321075 683822.936142 683822.9401765 683822.944211 683822.9482455 683822.95228 683822.9563145 683822.9603490001 683822.9643835 683822.968418 683822.9724525 683822.976487 683822.9805215 683822.984556 683822.9885905 683822.992625 683822.9966595001 683823.0006939999 683823.0047285 683823.008763 683823.0127975 683823.016832 683823.020867 683823.0249015 683823.028936 683823.0329705 683823.037005 683823.0410395 683823.045074 683823.0491085 683823.053143 683823.057178 683823.0612125 683823.065247 683823.0692815 683823.0733159999 683823.0773505 683823.081385 683823.0854195 683823.089454 683823.0934885 683823.097523 683823.1015575 683823.1055920001
293,683823.1096265,80.68999997340143,2002,2004,0.5223980529799804,0.5533792631426278,1.310744415609732,0.8977132326080686,3d gaze,4.716294224779347,-10.031884422908153,104.30837151577687,683823.1096265 683823.113661 683823.1176955 683823.12173 683823.1257645 683823.129799 683823.1338335 683823.137868 683823.1419025 683823.1459369999 683823.1499715 683823.154006 683823.1580405 683823.162075 683823.1661095 683823.170144 683823.1741785 683823.1782130001 683823.1822475 683823.186282 683823.1903165
294,683823.194351,165.4154999414459,2005,2010,0.524107994579259,0.5585642514298642,1.386258645924229,0.9092447360356649,3d gaze,4.998148103267347,-10.498112574711731,104.06645958102473,683823.194351 683823.1983855 683823.20242 683823.2064545 683823.210489 683823.2145235 683823.2185579999 683823.2225925 683823.2266275 683823.230662 683823.2346965 683823.2387315 683823.242766 683823.2468005 683823.2508350001 683823.2548695 683823.258904 683823.2629385 683823.266973 683823.2710075 683823.275042 683823.2790765 683823.283111 683823.2871455 683823.29118 683823.2952145 683823.299249 683823.3032835 683823.307318 683823.3113525 683823.315387 683823.3194215 683823.3234560001 683823.3274904999 683823.331525 683823.3355595 683823.339594 683823.3436285 683823.347663 683823.3516975 683823.355732 683823.3597665
295,683823.456595,177.51900001894683,2012,2018,0.5930072341364222,0.7476347665400505,1.3207892155641638,0.9027593308024936,3d gaze,19.94689628653835,-34.18662332409613,119.87750694300661,683823.456595 683823.4606295 683823.4646645 683823.468699 683823.4727335 683823.476768 683823.4808025 683823.484837 683823.4888715 683823.492906 683823.4969405 683823.500975 683823.5050095 683823.509044 683823.5130785 683823.517113 683823.5211475 683823.525182 683823.5292165 683823.533251 683823.5372855 683823.54132 683823.5453545 683823.549389 683823.5534235 683823.5574585 683823.561493 683823.5655275 683823.569562 683823.5735965 683823.577631 683823.5816655001 683823.5857 683823.5897345 683823.593769 683823.5978035 683823.601838 683823.6058725 683823.609907 683823.6139415 683823.617976 683823.6220104999 683823.626045 683823.6300795 683823.634114
296,683823.7148045,92.79400005470961,2020,2023,0.5093067812371453,0.7602723438451844,1.2386871362294989,0.9911738733450571,3d gaze,2.708376229128824,-32.08215593484258,108.90540166694082,683823.7148045 683823.7188395 683823.722874 683823.7269085 683823.730943 683823.7349775 683823.739012 683823.7430465 683823.747081 683823.7511155 683823.75515 683823.7591845 683823.763219 683823.7672535 683823.771288 683823.7753225 683823.779357 683823.7833915 683823.787426 683823.7914605 683823.795495 683823.7995295 683823.803564 683823.8075985
297,683823.841035,217.8649998968467,2024,2030,0.427207804385183,0.7264859484456653,0.8067242187583202,1.0,3d gaze,-61.48927249601739,-143.13336887928457,546.513899202795,683823.841035 683823.849104 683823.857173 683823.865242 683823.873311 683823.88138 683823.889449 683823.897519 683823.905588 683823.913657 683823.921726 683823.929795 683823.937864 683823.945933 683823.954002 683823.962071 683823.97014 683823.978209 683823.986278 683823.994347 683824.002416 683824.010485 683824.018554 683824.026623 683824.034692 683824.042761 683824.05083 683824.0589
298,683824.190878,133.13900004141033,2034,2038,0.3597895477724243,0.752584494397338,1.4962171781293554,1.0,3d gaze,-22.588318100250714,-28.757637044341777,97.94180760102549,683824.190878 683824.1949125 683824.198947 683824.2029815 683824.2070160001 683824.2110505 683824.215085 683824.2191195 683824.223154 683824.227189 683824.2312235 683824.235258 683824.2392925 683824.243327 683824.2473615 683824.251396 683824.2554305 683824.259465 683824.2634995 683824.267534 683824.2715685 683824.275603 683824.2796375 683824.283672 683824.2877065 683824.291741 683824.2957755 683824.29981 683824.3038445 683824.307879 683824.3119135 683824.315948 683824.3199825 683824.324017
299,683824.328052,217.8635000018403,2038,2045,0.35764755761872147,0.727576133808818,1.3604495234745777,1.0,3d gaze,-22.574242725642275,-25.948282217787327,96.82261567142704,683824.328052 683824.3320865 683824.336121 683824.3401555 683824.34419 683824.3482245 683824.352259 683824.3562934999 683824.360328 683824.3643625 683824.368397 683824.3724315 683824.376466 683824.3805005 683824.384535 683824.38857 683824.3926045 683824.396639 683824.4006735 683824.404708 683824.4087425 683824.412777 683824.4168115 683824.420846 683824.4248805 683824.428915 683824.4329495 683824.436984 683824.4410185 683824.445053 683824.4490875 683824.453122 683824.4571565 683824.461191 683824.4652255 683824.46926 683824.4732945 683824.477329 683824.4813635 683824.485398 683824.4894325 683824.493467 683824.4975015 683824.501536 683824.5055705 683824.509605 683824.5136395 683824.517674 683824.5217085 683824.525743 683824.5297775 683824.533812 683824.5378465 683824.541881 683824.5459155
300,683824.566089,141.20750001166016,2046,2050,0.3872678554777762,0.7213838806824324,1.4327850000522768,1.0,3d gaze,-17.41208807789928,-24.978276295190476,96.37999436192088,683824.566089 683824.5701235 683824.5741580001 683824.5781925 683824.582227 683824.5862615 683824.590296 683824.5943305 683824.598365 683824.6023995 683824.606434 683824.6104685001 683824.614503 683824.6185375 683824.622572 683824.6266065 683824.630641 683824.6346755 683824.63871 683824.6427445 683824.6467790001 683824.6508135 683824.654848 683824.6588825 683824.662917 683824.6669515 683824.670986 683824.6750205 683824.679055 683824.6830895001 683824.687124 683824.6911585 683824.695193 683824.6992275 683824.703262 683824.7072965
301,683824.7879875,173.48400002811104,2052,2057,0.44980086750639986,0.7064037975018672,1.348226214399702,0.9945602850480513,3d gaze,-7.497898525944749,-24.399391407462364,101.1628233727754,683824.7879875 683824.792022 683824.7960564999 683824.800091 683824.8041255 683824.80816 683824.8121945 683824.816229 683824.8202635 683824.824298 683824.8283325 683824.8323669999 683824.8364015 683824.840436 683824.8444705 683824.848505 683824.8525395 683824.856574 683824.8606085 683824.864643 683824.8686774999 683824.872712 683824.8767465 683824.880781 683824.8848155 683824.88885 683824.8928845 683824.8969195 683824.900954 683824.9049885 683824.909023 683824.9130575 683824.917092 683824.9211265 683824.925161 683824.9291955 683824.93323 683824.9372645 683824.941299 683824.9453335 683824.949368 683824.9534025 683824.957437 683824.9614715
302,683825.0461965,201.72650006134063,2060,2066,0.6328161507791886,0.7809844934227138,1.2955588459732357,0.9148599464519351,3d gaze,28.064332186143485,-38.03681590750549,117.42289353831619,683825.0461965 683825.050231 683825.0542655 683825.0583005 683825.062335 683825.0663695 683825.070404 683825.0744385 683825.078473 683825.0825075 683825.0865420001 683825.0905765 683825.094611 683825.0986455 683825.10268 683825.1067145 683825.110749 683825.1147835 683825.118818 683825.1228525 683825.1268869999 683825.1309215 683825.134956 683825.1389905 683825.143025 683825.1470595 683825.151094 683825.1551285 683825.1591630001 683825.1631975 683825.167232 683825.1712665 683825.175301 683825.1793355 683825.18337 683825.1874045 683825.191439 683825.1954735 683825.1995079999 683825.2035425 683825.207577 683825.2116115 683825.2156465 683825.219681 683825.2237155 683825.2277505 683825.231785 683825.2358194999 683825.239854 683825.2438885 683825.247923
303,683825.2519575,84.72449996042997,2066,2069,0.6451615256741283,0.8016955230148671,1.306611135875358,0.9099586294455961,3d gaze,30.832668420969625,-40.76085905332217,117.1127164455325,683825.2519575 683825.255992 683825.2600265 683825.264061 683825.2680955 683825.2721299999 683825.2761645 683825.280199 683825.2842335 683825.288268 683825.2923025 683825.296337 683825.3003715 683825.304406 683825.3084404999 683825.312475 683825.3165095 683825.320544 683825.3245785 683825.328613 683825.3326475 683825.336682
304,683825.3407165,193.6570000834763,2069,2074,0.6577359026774449,0.8025601619713892,1.496663086876302,0.896325303583729,3d gaze,34.083742746359,-41.71066432761239,118.82404793204546,683825.3407165 683825.3447509999 683825.3487855 683825.35282 683825.3568545 683825.360889 683825.3649235 683825.368958 683825.3729925 683825.3770270001 683825.3810615 683825.385096 683825.3891305 683825.393165 683825.3971995 683825.401234 683825.405269 683825.4093035 683825.413338 683825.4173725001 683825.421407 683825.425442 683825.4294765 683825.433511 683825.4375455 683825.44158 683825.4456145 683825.449649 683825.4536835 683825.457718 683825.4617525 683825.465787 683825.4698215 683825.473856 683825.4778905 683825.481925 683825.4859595 683825.489994 683825.4940285 683825.498063 683825.5020975 683825.506132 683825.5101665 683825.514201 683825.5182355 683825.52227 683825.5263045 683825.530339 683825.5343735
305,683825.667513,177.51850001513958,2078,2084,0.5519644762772189,0.7610863330162528,1.391261819292698,0.9413143025504218,3d gaze,10.563587495764494,-32.36240520994915,109.12283087778918,683825.667513 683825.6715475 683825.675582 683825.6796165 683825.683651 683825.6876855 683825.69172 683825.6957545 683825.699789 683825.7038235 683825.707858 683825.7118925 683825.715927 683825.7199615 683825.723996 683825.7280305 683825.732065 683825.7361 683825.7401345 683825.744169 683825.7482034999 683825.752238 683825.7562725 683825.760307 683825.7643415 683825.768376 683825.7724105 683825.776445 683825.7804795001 683825.784514 683825.7885485 683825.792583 683825.7966175 683825.800652 683825.8046865 683825.808721 683825.8127555 683825.81679 683825.8208244999 683825.824859 683825.8288935 683825.832928 683825.8369625 683825.840997 683825.8450315
306,683825.849066,121.03600008413196,2084,2087,0.534583907515626,0.7547110716514548,1.387325295877202,0.9443013648832997,3d gaze,7.164421153225304,-30.853069040206616,106.63646093791266,683825.849066 683825.8531005001 683825.857135 683825.8611695 683825.865204 683825.8692385 683825.873273 683825.877308 683825.8813425 683825.885377 683825.8894115 683825.8934460001 683825.897481 683825.9015155 683825.90555 683825.9095845 683825.913619 683825.9176535 683825.921688 683825.9257225 683825.929757 683825.9337915 683825.937826 683825.9418605 683825.945895 683825.9499295 683825.953964 683825.9579985 683825.962033 683825.9660675 683825.970102
307,683825.9741365,108.93200000282377,2088,2091,0.5260565951754258,0.7509662630795555,1.0742007541251495,0.955817563193185,3d gaze,5.466074837667984,-29.574591380706885,103.6633999208767,683825.9741365 683825.978171 683825.9822055 683825.98624 683825.9902745 683825.994309 683825.9983435 683826.002378 683826.0064125 683826.010447 683826.0144815 683826.018516 683826.0225505 683826.026585 683826.0306195 683826.034654 683826.0386885 683826.042723 683826.0467575 683826.050792 683826.0548265 683826.058861 683826.0628955 683826.06693 683826.0709645 683826.0749995 683826.0790339999 683826.0830685
308,683826.123414,88.7589999474585,2092,2095,0.5183790146285199,0.6312293713168389,1.4914378030092132,0.9158164690370145,3d gaze,3.6496674092739103,-15.7877755665552,93.71829126703697,683826.123414 683826.1274485 683826.131483 683826.1355175 683826.139552 683826.1435865 683826.147621 683826.1516555 683826.15569 683826.1597245 683826.163759 683826.1677935 683826.171828 683826.1758625 683826.179897 683826.1839315 683826.187966 683826.1920005 683826.196035 683826.2000695 683826.204104 683826.2081385 683826.212173
309,683826.3372434999,117.00100009329617,2098,2102,0.493474920327035,0.5433283827673095,1.412832032319474,0.9459892312685648,3d gaze,-0.15176153764174927,-8.311480407569027,95.90071366542182,683826.3372434999 683826.341278 683826.3453125 683826.349347 683826.3533815 683826.357416 683826.3614505 683826.365485 683826.3695195001 683826.373554 683826.3775885 683826.381623 683826.3856575 683826.389692 683826.3937265 683826.397761 683826.4017955 683826.4058305 683826.409865 683826.4138995 683826.417934 683826.4219685 683826.426003 683826.4300375 683826.434072 683826.4381065 683826.442141 683826.4461755 683826.45021 683826.4542445
310,683826.4784515,217.86400000564754,2103,2109,0.5114687766741896,0.5118025512646063,1.3536685660967465,0.9356617103923451,3d gaze,2.6332151207426957,-5.584797762160295,96.35426186166804,683826.4784515 683826.482486 683826.4865205 683826.490555 683826.4945895 683826.498624 683826.5026585 683826.506693 683826.5107275 683826.514762 683826.5187965 683826.5228315 683826.526866 683826.5309005 683826.534935 683826.5389695 683826.543004 683826.5470385 683826.551073 683826.5551074999 683826.559142 683826.5631765 683826.567211 683826.5712455 683826.5752805 683826.579315 683826.5833495 683826.587384 683826.5914185001 683826.5954529999 683826.5994875 683826.603522 683826.6075565 683826.611591 683826.6156255 683826.61966 683826.6236945 683826.627729 683826.6317635 683826.635798 683826.6398325 683826.643867 683826.6479015 683826.651936 683826.6559705 683826.660005 683826.6640395 683826.6680739999 683826.6721085 683826.676143 683826.6801775 683826.684212 683826.6882465 683826.692281 683826.6963155
311,683826.70035,217.86449989303946,2109,2116,0.5066260594415372,0.49381173195229733,1.2069077397071994,0.9469530755823309,3d gaze,1.7148567258421379,-3.664307080802154,88.00390985713575,683826.70035 683826.7043845 683826.708419 683826.7124535 683826.716488 683826.7205225 683826.724557 683826.7285915 683826.732626 683826.736661 683826.7406959999 683826.7447305 683826.748765 683826.7527995 683826.756834 683826.7608685 683826.764903 683826.7689375 683826.7729720001 683826.7770065 683826.781041 683826.7850755 683826.78911 683826.7931445 683826.797179 683826.8012135 683826.805248 683826.8092825 683826.8133169999 683826.8173515 683826.821386 683826.8254205 683826.829455 683826.8334895 683826.837524 683826.8415585 683826.8455930001 683826.8496275 683826.853662 683826.8576965 683826.861731 683826.8657655 683826.8698 683826.8738345 683826.877869 683826.8819035 683826.8859379999 683826.8899725 683826.894007 683826.8980415 683826.902076 683826.906111 683826.9101455 683826.91418 683826.9182145
312,683826.922249,217.86400000564754,2116,2122,0.5077359137139689,0.5007218101334193,0.49801571751247786,0.9352671904997392,3d gaze,1.9098425840654407,-4.2884187498131885,89.67472137950587,683826.922249 683826.9262834999 683826.930318 683826.9343525 683826.938387 683826.9424215 683826.946456 683826.9504905 683826.954525 683826.9585595 683826.962594 683826.966629 683826.9706635 683826.974698 683826.9787325 683826.982767 683826.9868015 683826.9908360001 683826.9948704999 683826.998905 683827.0029395 683827.006974 683827.0110085 683827.015043 683827.0190775 683827.023112 683827.0271465 683827.0311809999 683827.0352155 683827.03925 683827.0432845 683827.047319 683827.0513535 683827.055388 683827.0594225 683827.0634570001 683827.0674914999 683827.071526 683827.0755605 683827.079595 683827.08363 683827.0876645 683827.091699 683827.0957335 683827.099768 683827.1038025001 683827.107837 683827.1118715 683827.115906 683827.1199405 683827.123975 683827.1280095 683827.132044 683827.1360785 683827.1401130001
313,683827.1441474999,217.86400000564754,2122,2129,0.5124940630582172,0.5082861110838502,0.8424626552995043,0.9330251937562769,3d gaze,2.863890833882673,-5.41198739806664,98.61019013707656,683827.1441474999 683827.148182 683827.1522165 683827.156251 683827.1602855 683827.16432 683827.1683545 683827.172389 683827.1764235001 683827.180458 683827.1844925 683827.188527 683827.192562 683827.1965965 683827.200631 683827.2046655 683827.2087 683827.2127345 683827.216769 683827.2208035 683827.224838 683827.2288725 683827.232907 683827.2369415 683827.240976 683827.245011 683827.2490455001 683827.2530799999 683827.2571145 683827.261149 683827.2651835 683827.269218 683827.2732525 683827.277287 683827.2813215 683827.2853560001 683827.2893904999 683827.293425 683827.2974595 683827.301494 683827.3055285 683827.309563 683827.3135975 683827.317632 683827.3216665001 683827.3257009999 683827.3297355 683827.33377 683827.3378045 683827.341839 683827.3458735 683827.349908 683827.3539425 683827.3579770001 683827.3620114999
314,683827.366046,161.38099995441735,2129,2134,0.5073818081440071,0.5273871832435959,1.3184958339726998,0.9250737857527849,3d gaze,2.2517823408900948,-7.830197330565257,108.3559782704658,683827.366046 683827.3700805 683827.374115 683827.3781495 683827.382184 683827.3862185 683827.390253 683827.3942875001 683827.3983219999 683827.4023565 683827.4063915 683827.4104265 683827.414461 683827.4184955 683827.42253 683827.4265645 683827.430599 683827.4346335 683827.438668 683827.4427025 683827.446737 683827.4507715 683827.454806 683827.4588405 683827.462875 683827.4669095001 683827.470944 683827.4749785 683827.479013 683827.4830475 683827.487082 683827.4911165 683827.495151 683827.4991855 683827.50322 683827.5072545 683827.511289 683827.5153235 683827.519358 683827.5233925 683827.527427
315,683827.5314615,213.83000002242625,2134,2140,0.49125760433968363,0.5045518204544284,1.4911857563790045,0.9351379915519997,3d gaze,-0.5139512737180658,-5.038402626465545,98.0952731547043,683827.5314615 683827.535496 683827.5395305001 683827.5435649999 683827.5475995 683827.551634 683827.5556685 683827.559703 683827.5637375 683827.567772 683827.5718065 683827.5758415 683827.5798760001 683827.5839104999 683827.587945 683827.5919795 683827.596014 683827.6000485 683827.604083 683827.6081175 683827.612152 683827.6161865001 683827.6202215 683827.624256 683827.6282905 683827.632325 683827.6363595 683827.640394 683827.6444285 683827.648463 683827.6524975 683827.656532 683827.6605664999 683827.664601 683827.6686355 683827.67267 683827.6767045 683827.680739 683827.6847735001 683827.688808 683827.6928425 683827.696877 683827.7009115 683827.704946 683827.7089805 683827.713015 683827.7170495 683827.721084 683827.7251185 683827.729153 683827.7331874999 683827.737222 683827.7412565 683827.7452915
316,683828.378711,161.38100007083267,2159,2164,0.5457015894063114,0.554297216189376,1.3763687526435544,0.9251192495590304,3d gaze,10.755124922494446,-12.57116228561392,129.3673102848505,683828.378711 683828.3827455 683828.3867800001 683828.3908145 683828.394849 683828.3988835 683828.402918 683828.4069525 683828.410987 683828.415022 683828.4190565001 683828.423091 683828.4271255 683828.43116 683828.4351945 683828.439229 683828.4432635 683828.447298 683828.4513325 683828.455367 683828.4594015 683828.463436 683828.4674704999 683828.471505 683828.4755395 683828.479574 683828.4836085 683828.487643 683828.4916775001 683828.495712 683828.4997465 683828.503781 683828.507816 683828.5118505 683828.515885 683828.5199195 683828.523954 683828.5279885 683828.5320230001 683828.5360574999 683828.540092
317,683828.55623,169.45000004488975,2165,2170,0.5299677157211383,0.5384732112937204,1.4421727862758933,0.92659290585407,3d gaze,6.856703005260684,-9.854821841686702,119.41966426228348,683828.55623 683828.5602645 683828.564299 683828.5683335001 683828.5723679999 683828.5764025 683828.580437 683828.5844715 683828.588506 683828.592541 683828.5965755 683828.60061 683828.6046445 683828.608679 683828.6127134999 683828.616748 683828.6207825 683828.624817 683828.6288515 683828.632886 683828.6369205001 683828.640955 683828.6449895 683828.649024 683828.6530585 683828.657093 683828.6611275 683828.665162 683828.6691965 683828.673231 683828.6772655 683828.6813 683828.6853344999 683828.689369 683828.6934035 683828.697438 683828.7014725 683828.705507 683828.7095415001 683828.713576 683828.7176105 683828.721645 683828.72568
318,683828.7297145,217.8645000094548,2170,2176,0.5282661720643399,0.5241424929786401,0.9950939934704941,0.918494147604162,3d gaze,6.192775568085542,-7.864591812244093,113.57698039143226,683828.7297145 683828.733749 683828.7377835 683828.741818 683828.7458525 683828.7498870001 683828.7539220001 683828.7579564999 683828.761991 683828.7660255 683828.77006 683828.7740945 683828.778129 683828.7821635 683828.786198 683828.7902325001 683828.7942669999 683828.7983015 683828.802336 683828.8063705 683828.810405 683828.8144395 683828.818474 683828.8225085 683828.8265430001 683828.8305774999 683828.834612 683828.8386465 683828.842681 683828.8467155 683828.85075 683828.8547845001 683828.858819 683828.8628535001 683828.8668879999 683828.8709225 683828.874957 683828.8789915 683828.883026 683828.8870605 683828.891095 683828.8951295 683828.8991640001 683828.9031984999 683828.907233 683828.9112675 683828.915302 683828.9193365 683828.9233715 683828.927406 683828.9314405001 683828.9354755001 683828.9395099999 683828.9435445 683828.947579
319,683828.9516135,217.86400000564754,2176,2183,0.5274067687149894,0.5237353557570613,1.253471307486252,0.9302998905832117,3d gaze,6.176695614748397,-8.013367316065073,116.26240446313693,683828.9516135 683828.955648 683828.9596825 683828.963717 683828.9677515 683828.9717860001 683828.9758204999 683828.979855 683828.9838895 683828.987924 683828.9919585 683828.995993 683829.0000275 683829.004062 683829.0080965001 683829.0121309999 683829.0161655 683829.0202 683829.0242345 683829.028269 683829.0323035 683829.036338 683829.0403725 683829.0444070001 683829.0484414999 683829.052476 683829.0565105 683829.060545 683829.0645795 683829.068614 683829.0726485 683829.076683 683829.0807175001 683829.0847525 683829.0887869999 683829.0928215 683829.096856 683829.1008905 683829.104925 683829.1089595 683829.1129940001 683829.1170285 683829.121063 683829.1250974999 683829.129132 683829.1331665 683829.137201 683829.1412355 683829.14527 683829.1493045 683829.1533395001 683829.157374 683829.1614085 683829.165443 683829.1694775
320,683829.173512,217.86400000564754,2183,2190,0.5224190021993367,0.5288207996217507,0.7873163305720914,0.9341348805210807,3d gaze,5.396485326618978,-8.794609202023137,119.63495546098821,683829.173512 683829.1775465 683829.181581 683829.1856155 683829.1896500001 683829.1936845 683829.197719 683829.2017534999 683829.205788 683829.2098225 683829.213857 683829.2178915 683829.221926 683829.2259605001 683829.229995 683829.2340295 683829.238064 683829.2420985 683829.246133 683829.2501675 683829.2542025 683829.2582370001 683829.2622715 683829.2663060001 683829.2703404999 683829.274375 683829.2784095 683829.282444 683829.2864785 683829.290513 683829.2945475 683829.298582 683829.3026165001 683829.3066509999 683829.3106855 683829.31472 683829.3187545 683829.322789 683829.3268235 683829.3308580001 683829.3348925 683829.3389270001 683829.3429614999 683829.346996 683829.3510305 683829.355065 683829.3590995 683829.363134 683829.3671685 683829.3712035001 683829.375238 683829.3792725 683829.383307 683829.3873415 683829.391376
321,683829.3954105,217.8645000094548,2190,2196,0.5174574493613109,0.5252624945798482,0.9798287106451736,0.9105206050656058,3d gaze,4.338993678862935,-8.219587619770586,116.94681116390159,683829.3954105 683829.399445 683829.4034795 683829.407514 683829.4115485 683829.415583 683829.4196174999 683829.4236525 683829.427687 683829.4317215 683829.435756 683829.4397905 683829.443825 683829.4478595001 683829.4518939999 683829.4559285 683829.4599629999 683829.4639975 683829.468032 683829.4720665 683829.476101 683829.4801355 683829.4841700001 683829.4882044999 683829.492239 683829.4962735 683829.500308 683829.5043425 683829.508377 683829.5124115 683829.516446 683829.5204805001 683829.5245149999 683829.5285495 683829.5325839999 683829.5366185 683829.540653 683829.5446875 683829.548722 683829.5527565 683829.5567910001 683829.5608254999 683829.56486 683829.5688945 683829.572929 683829.5769635 683829.580998 683829.5850325 683829.589067 683829.593102 683829.597137 683829.6011715 683829.6052059999 683829.6092405 683829.613275
322,683829.6173095,100.86250002495944,2196,2199,0.5266606404353973,0.5248429878273667,1.3532103443557453,0.9167223022534297,3d gaze,6.052186012498916,-8.154916021867514,116.720745702434,683829.6173095 683829.621344 683829.6253785 683829.6294130001 683829.6334475 683829.637482 683829.6415165 683829.645551 683829.6495855 683829.65362 683829.6576545 683829.661689 683829.6657235001 683829.669758 683829.6737925 683829.6778269999 683829.6818615 683829.685896 683829.6899305 683829.693965 683829.6979995 683829.7020340001 683829.7060685 683829.710103 683829.7141375 683829.718172
323,683829.7222065,217.8645000094548,2199,2206,0.5388346302306288,0.522213770718867,1.3596066942482645,0.9153519429943778,3d gaze,8.01901528889297,-7.552733454058139,111.81002179812013,683829.7222065 683829.726241 683829.7302755 683829.73431 683829.7383445001 683829.742379 683829.7464135 683829.7504479999 683829.754483 683829.7585175 683829.762552 683829.7665865 683829.770621 683829.7746555 683829.7786900001 683829.7827244999 683829.786759 683829.7907934999 683829.794828 683829.7988625 683829.802897 683829.8069315001 683829.810966 683829.8150005001 683829.8190349999 683829.8230699999 683829.8271045 683829.831139 683829.8351735 683829.839208 683829.8432425 683829.8472770001 683829.8513115 683829.855346 683829.8593804999 683829.863415 683829.8674495 683829.871484 683829.8755185 683829.879553 683829.8835875 683829.887622 683829.8916565 683829.8956909999 683829.8997255 683829.90376 683829.9077945 683829.911829 683829.9158635 683829.9198980001 683829.9239330001 683829.9279674999 683829.932002 683829.9360364999 683829.940071
324,683829.9441055,153.31199998036027,2206,2211,0.5319133762071243,0.5272823048953106,1.3172117388444424,0.9106462001800537,3d gaze,6.700662948668637,-7.993030851281042,110.79371522542039,683829.9441055 683829.94814 683829.9521745 683829.956209 683829.9602435001 683829.9642779999 683829.9683125 683829.972347 683829.9763815 683829.980416 683829.9844505 683829.988485 683829.9925195 683829.9965540001 683830.0005884999 683830.004623 683830.0086574999 683830.012692 683830.0167265 683830.020761 683830.0247955 683830.02883 683830.032865 683830.0368995001 683830.0409339999 683830.0449685 683830.049003 683830.0530375 683830.057072 683830.0611065 683830.0651410001 683830.0691755 683830.0732100001 683830.0772444999 683830.081279 683830.0853135 683830.089348 683830.093383 683830.0974175
325,683830.1377625,193.6570000834763,2212,2218,0.49658094316053597,0.5186770887019135,1.491240328467294,0.9141828071097938,3d gaze,0.3534928721951124,-6.700355860514878,104.31153653116846,683830.1377625 683830.1417970001 683830.1458315 683830.149866 683830.1539004999 683830.157935 683830.1619695 683830.166004 683830.1700385 683830.174073 683830.1781075001 683830.182142 683830.1861765 683830.1902109999 683830.1942455 683830.19828 683830.2023145 683830.206349 683830.2103835 683830.2144180001 683830.2184525 683830.222487 683830.2265214999 683830.230556 683830.2345905 683830.238625 683830.2426595 683830.246694 683830.250729 683830.2547635001 683830.2587979999 683830.2628329999 683830.2668675 683830.270902 683830.2749365 683830.278971 683830.2830055 683830.28704 683830.2910745 683830.295109 683830.2991434999 683830.303178 683830.3072125 683830.311247 683830.3152815 683830.319316 683830.3233505001 683830.327385 683830.3314195
326,683830.6259395,88.75949995126575,2226,2229,0.5564882067496612,0.6017250081085909,1.292266444788817,0.869633226290993,3d gaze,14.022091320758037,-19.620376720081843,138.76994904399348,683830.6259395 683830.6299739999 683830.6340085 683830.638043 683830.6420775 683830.646112 683830.6501465 683830.6541810001 683830.6582155 683830.66225 683830.6662844999 683830.670319 683830.6743535 683830.678388 683830.6824225 683830.686457 683830.6904915001 683830.6945265001 683830.6985609999 683830.7025955 683830.70663 683830.7106645 683830.714699
327,683830.7994240001,217.86400000564754,2232,2238,0.5323167501434538,0.5242806059143389,1.0208556129339226,0.9240184214982119,3d gaze,6.904640651691302,-7.840760621739911,112.93188512336292,683830.7994240001 683830.8034585 683830.8074930001 683830.8115274999 683830.815562 683830.8195965 683830.823631 683830.8276655 683830.8317 683830.8357345001 683830.839769 683830.8438035 683830.8478379999 683830.8518725 683830.8559069999 683830.8599415 683830.863976 683830.8680105 683830.8720450001 683830.8760795 683830.880114 683830.8841484999 683830.888183 683830.8922175 683830.896252 683830.9002865 683830.904321 683830.9083555001 683830.91239 683830.9164245 683830.9204595 683830.9244939999 683830.9285285 683830.9325635 683830.936598 683830.9406325 683830.9446670001 683830.9487015 683830.9527360001 683830.9567704999 683830.960805 683830.9648395 683830.968874 683830.9729085 683830.976943 683830.9809775 683830.985012 683830.9890465001 683830.9930809999 683830.9971155 683831.0011499999 683831.0051845 683831.009219 683831.0132535 683831.0172880001
328,683831.0213225,197.69149995408952,2238,2244,0.5309477491941585,0.5256412315979476,1.4213907124545728,0.9128826910257339,3d gaze,6.62153009174903,-7.938549103705518,112.24211758428726,683831.0213225 683831.0253570001 683831.0293914999 683831.033426 683831.0374605 683831.041495 683831.0455295 683831.049564 683831.0535985 683831.057633 683831.0616675001 683831.0657019999 683831.0697365 683831.0737709999 683831.0778055 683831.08184 683831.0858745 683831.0899090001 683831.0939435 683831.0979780001 683831.1020124999 683831.106047 683831.110082 683831.1141164999 683831.118151 683831.1221855 683831.12622 683831.130255 683831.1342895001 683831.1383239999 683831.1423585 683831.1463929999 683831.1504275 683831.154462 683831.1584965 683831.1625310001 683831.1665655 683831.1706000001 683831.1746344999 683831.178669 683831.1827034999 683831.186738 683831.1907725 683831.194807 683831.1988415 683831.202876 683831.2069105001 683831.2109449999 683831.2149795 683831.2190139999
329,683831.2230485,217.86449989303946,2244,2251,0.5169007303069729,0.5142373348031063,0.8969796063495634,0.915448440445794,3d gaze,3.7988529988337216,-6.327019964697264,105.10611080988184,683831.2230485 683831.227083 683831.2311175 683831.2351520001 683831.2391865 683831.2432210001 683831.2472554999 683831.25129 683831.2553245 683831.259359 683831.2633935 683831.267428 683831.271463 683831.2754975001 683831.279532 683831.2835665001 683831.2876009999 683831.2916355 683831.29567 683831.2997045 683831.303739 683831.3077735 683831.3118080001 683831.3158425 683831.3198770001 683831.3239114999 683831.327946 683831.3319804999 683831.336015 683831.3400495 683831.344084 683831.3521535001 683831.356188 683831.3602225 683831.3642569999 683831.3682915 683831.372326 683831.3763605 683831.380395 683831.3844295 683831.3884640001 683831.3924985 683831.396533 683831.4005674999 683831.404602 683831.4086365 683831.412671 683831.4167055 683831.42074 683831.4247745001 683831.428809 683831.4328439999 683831.4368785 683831.4409129999
330,683831.4489819999,217.86400012206286,2251,2257,0.5292226549915214,0.5095841616890647,1.4678523675931967,0.9091128370978615,3d gaze,6.14779438817395,-6.138123327055904,109.43946408329039,683831.4489819999 683831.4530165 683831.457051 683831.4610855 683831.4651200001 683831.4691544999 683831.473189 683831.4772234999 683831.481258 683831.4852925 683831.489327 683831.4933615001 683831.497396 683831.5014305001 683831.5054649999 683831.5094995 683831.513534 683831.5175685 683831.521603 683831.5256375 683831.529672 683831.5337065 683831.5377410001 683831.5417754999 683831.54581 683831.5498444999 683831.553879 683831.557914 683831.5619485 683831.565983 683831.5700175001 683831.574052 683831.5780865 683831.5821209999 683831.5861555 683831.59019 683831.5942245 683831.598259 683831.602294 683831.6063285 683831.6103630001 683831.6143975 683831.618432 683831.6224664999 683831.626501 683831.6305355 683831.63457 683831.6386045001 683831.642639 683831.6466735001 683831.650708 683831.6547425 683831.6587769999 683831.6628115 683831.666846
331,683831.6708805,201.72600005753338,2258,2264,0.528663729698462,0.5152903020368294,1.3512216825767713,0.9256254376149645,3d gaze,6.199743026572504,-6.864180408240388,112.117235347371,683831.6708805 683831.674915 683831.6789495 683831.6829840001 683831.6870185 683831.691053 683831.6950874999 683831.699122 683831.7031565 683831.707191 683831.7112255001 683831.71526 683831.7192945001 683831.723329 683831.7273635 683831.7313979999 683831.7354325 683831.739467 683831.7435015 683831.747536 683831.7515705 683831.7556050001 683831.7596395 683831.763674 683831.7677084999 683831.7717435 683831.775778 683831.7798125 683831.7838475 683831.787882 683831.7919165001 683831.795951 683831.7999855 683831.8040199999 683831.8080545 683831.812089 683831.8161235 683831.820158 683831.8241925 683831.8282270001 683831.8322615 683831.836296 683831.8403304999 683831.844365 683831.8483995 683831.852434 683831.8564685 683831.860503 683831.8645375001 683831.868572 683831.8726065
332,683831.8766409999,173.4845000319183,2264,2269,0.5155057893025553,0.5181776096590662,1.4627916372472927,0.9235652698711916,3d gaze,3.3987761692278182,-6.390128527052326,100.12505783855887,683831.8766409999 683831.8806755 683831.88471 683831.8887445 683831.892779 683831.8968135 683831.9008480001 683831.9048825 683831.908917 683831.9129514999 683831.916986 683831.9210205 683831.925055 683831.9290895 683831.933124 683831.9371585001 683831.9411935001 683831.9452279999 683831.9492625 683831.9532969999 683831.9573315 683831.961366 683831.9654005 683831.9694350001 683831.9734695 683831.9775040001 683831.9815384999 683831.985573 683831.9896074999 683831.993642 683831.9976765 683832.001711 683832.0057455 683832.0097805001 683832.013815 683832.0178495001 683832.0218839999 683832.0259185 683832.029953 683832.0339875 683832.038022 683832.0420565 683832.0460910001 683832.0501255
333,683832.05416,217.86449989303946,2269,2275,0.5261264135725958,0.5354787458901383,1.4122632469335805,0.9168834426186302,3d gaze,5.378943557576015,-8.37431777971322,105.10133428014603,683832.05416 683832.0581944999 683832.062229 683832.0662634999 683832.070298 683832.0743325 683832.078367 683832.0824015001 683832.086436 683832.0904705 683832.0945049999 683832.0985395 683832.102574 683832.1066085 683832.1106435 683832.1146780001 683832.1187125 683832.1227470001 683832.1267815 683832.130816 683832.1348504999 683832.138885 683832.1429195 683832.146954 683832.1509885 683832.155023 683832.1590575001 683832.163092 683832.1671265 683832.1711609999 683832.1751955 683832.17923 683832.1832645 683832.1872990001 683832.1913335 683832.1953680001 683832.1994025 683832.203437 683832.2074714999 683832.211506 683832.2155405 683832.219575 683832.2236095 683832.2276445001 683832.231679 683832.2357135001 683832.2397479999 683832.2437825 683832.247817 683832.2518515 683832.255886 683832.2599205 683832.263955 683832.2679895 683832.2720245
334,683832.276059,217.86400000564754,2276,2282,0.5207588504335188,0.5184759863170614,0.9692931941248039,0.9213854172013023,3d gaze,4.301234047095422,-6.497067949252892,101.43049053868819,683832.276059 683832.2800934999 683832.284128 683832.2881625 683832.292197 683832.2962315 683832.300266 683832.3043005001 683832.308335 683832.3123695 683832.3164039999 683832.3204385 683832.3244729999 683832.3285075 683832.3325420001 683832.3365765 683832.3406110001 683832.3446455 683832.34868 683832.3527144999 683832.356749 683832.3607835 683832.364818 683832.3688525 683832.372887 683832.3769215001 683832.380956 683832.3849905 683832.3890249999 683832.3930595 683832.3970939999 683832.4011285 683832.4051630001 683832.4091975 683832.4132320001 683832.4172665 683832.421301 683832.4253354999 683832.42937 683832.4334045 683832.437439 683832.441474 683832.445509 683832.4495435001 683832.453578 683832.4576125001 683832.4616469999 683832.4656815 683832.4697159999 683832.4737505 683832.477785 683832.4818195 683832.4858540001 683832.4898885 683832.4939230001
335,683832.4979574999,177.51900013536215,2282,2288,0.5241071239242718,0.5216381801969753,1.4897584479660637,0.9192643152342902,3d gaze,4.88777826863955,-6.859492887338104,102.26745014717567,683832.4979574999 683832.501992 683832.5060265 683832.510061 683832.5140955 683832.51813 683832.5221645001 683832.526199 683832.5302335001 683832.5342679999 683832.5383025 683832.5423369999 683832.5463715 683832.550406 683832.5544405 683832.5584750001 683832.5625095 683832.5665440001 683832.5705784999 683832.574613 683832.5786475 683832.582682 683832.5867165 683832.590751 683832.5947855001 683832.59882 683832.6028545001 683832.6068889999 683832.6109235 683832.6149579999 683832.618993 683832.6230275 683832.627062 683832.6310965 683832.6351310001 683832.6391655 683832.6432 683832.6472344999 683832.651269 683832.655304 683832.6593385 683832.663373 683832.6674075001 683832.671442 683832.6754765001
336,683832.6795109999,217.86400000564754,2288,2294,0.5239541878678795,0.5343837591623765,1.1130633867068231,0.9181022882461548,3d gaze,5.037593397680851,-8.315894729485585,105.76989597536007,683832.6795109999 683832.6835455 683832.6875799999 683832.6916145 683832.695649 683832.6996835 683832.7037180001 683832.7077525 683832.7117870001 683832.7158214999 683832.719856 683832.7238904999 683832.727925 683832.7319595 683832.735994 683832.7400285001 683832.744063 683832.7480975001 683832.7521319999 683832.7561665 683832.7602009999 683832.7642355 683832.76827 683832.7723045 683832.7763390001 683832.7803740001 683832.7844085 683832.788443 683832.7924774999 683832.796512 683832.8005464999 683832.804581 683832.8086155001 683832.81265 683832.8166845001 683832.820719 683832.8247535 683832.8287879999 683832.8328225 683832.836857 683832.8408915 683832.844926 683832.8489605 683832.8529950001 683832.8570295 683832.861064 683832.8650984999 683832.869133 683832.873168 683832.8772025 683832.881237 683832.8852715 683832.889306 683832.8933405001 683832.897375
337,683832.9014095,217.86449989303946,2294,2301,0.528288696444169,0.5409634810325938,0.7225392823941111,0.9161203861236572,3d gaze,6.020616117428763,-9.331441427407938,110.14459483526757,683832.9014095 683832.9054439999 683832.9094785 683832.913513 683832.9175475 683832.9215820001 683832.9256165 683832.9296510001 683832.9336855 683832.93772 683832.941755 683832.9457894999 683832.949824 683832.9538585 683832.957893 683832.9619275001 683832.965962 683832.9699965001 683832.9740309999 683832.9780655 683832.9820999999 683832.9861345 683832.990169 683832.9942035 683832.9982380001 683833.0022725 683833.0063070001 683833.0103414999 683833.014376 683833.0184104999 683833.022445 683833.0264795 683833.030514 683833.0345485001 683833.038583 683833.0426175001 683833.0466519999 683833.0506865 683833.0547209999 683833.0587555 683833.06279 683833.0668245 683833.0708590001 683833.0748935 683833.0789280001 683833.0829624999 683833.086997 683833.0910314999 683833.095066 683833.099101 683833.103136 683833.1071705001 683833.111205 683833.1152395001 683833.1192739999
338,683833.1233085,217.86400000564754,2301,2307,0.5323742552009698,0.5303988857105412,0.8253456221264301,0.9122459893876856,3d gaze,6.757438257803865,-8.273686788975082,110.33310800764461,683833.1233085 683833.1273429999 683833.1313775 683833.135412 683833.1394465 683833.1434810001 683833.1475155 683833.1515500001 683833.1555844999 683833.159619 683833.1636534999 683833.167688 683833.1717225 683833.175757 683833.1797915001 683833.183826 683833.1878605001 683833.1918949999 683833.1959295 683833.1999639999 683833.2039985 683833.208033 683833.2120675 683833.2161020001 683833.2201365 683833.2241710001 683833.2282054999 683833.23224 683833.2362744999 683833.240309 683833.2443435 683833.248378 683833.2524125001 683833.256447 683833.2604815001 683833.2645159999 683833.2685505 683833.2725855 683833.2766199999 683833.2806545 683833.2846890001 683833.2887235 683833.2927580001 683833.2967925 683833.300827 683833.3048614999 683833.308896 683833.3129304999 683833.316965 683833.3209995 683833.3250345001 683833.329069 683833.3331035001 683833.337138 683833.3411725
339,683833.3452069999,217.86400000564754,2307,2314,0.5269643093391922,0.5371429788326357,1.3124711831417595,0.915422525731,3d gaze,5.653182818477591,-8.738411308157145,107.64528853683402,683833.3452069999 683833.3492415 683833.353276 683833.3573105 683833.361345 683833.3653795 683833.3694140001 683833.3734485 683833.377483 683833.3815174999 683833.385552 683833.3895864999 683833.393621 683833.3976555001 683833.40169 683833.4057245001 683833.409759 683833.4137935 683833.4178279999 683833.4218625 683833.425897 683833.4299315 683833.433966 683833.4380005 683833.4420350001 683833.4460695 683833.4501044999 683833.454139 683833.4581734999 683833.462208 683833.4662425 683833.470277 683833.4743115001 683833.478346 683833.4823805001 683833.4864149999 683833.4904495 683833.4944839999 683833.4985185 683833.502553 683833.5065875 683833.5106220001 683833.5146565 683833.5186910001 683833.5227254999 683833.52676 683833.5307944999 683833.534829 683833.5388635 683833.5428985001 683833.546933 683833.5509675001 683833.555002 683833.5590365 683833.5630709999
340,683833.5671055,217.86449989303946,2314,2321,0.5189165340400408,0.5450618020091058,1.3256857780924998,0.9215023517608643,3d gaze,4.248474171238947,-9.502695982201354,107.46367760753387,683833.5671055 683833.57114 683833.5751745 683833.579209 683833.5832435 683833.5872780001 683833.5913125 683833.595347 683833.5993814999 683833.603416 683833.6074504999 683833.611485 683833.6155195001 683833.6195545001 683833.623589 683833.6276235001 683833.6316579999 683833.6356925 683833.6397269999 683833.6437615 683833.6477959999 683833.6518305 683833.6558650001 683833.6598995 683833.6639340001 683833.6679684999 683833.672003 683833.6760374999 683833.680072 683833.6841065 683833.688141 683833.6921755001 683833.69621 683833.7002445001 683833.7042789999 683833.7083135 683833.7123479999 683833.7163825 683833.7204169999 683833.7244515 683833.7284860001 683833.7325205 683833.7365550001 683833.7405894999 683833.744624 683833.7486584999 683833.752693 683833.7567275 683833.7607625 683833.764797 683833.7688315001 683833.772866 683833.7769005001 683833.7809355 683833.7849699999
341,683833.7890045,217.86400000564754,2321,2327,0.5266514871096122,0.543495630620614,1.0650841094434207,0.9139386848969893,3d gaze,5.501110120951612,-9.209086079063596,105.80843720487495,683833.7890045 683833.7930389999 683833.7970735 683833.8011080001 683833.8051425 683833.8091770001 683833.8132115 683833.817246 683833.8212804999 683833.825315 683833.8293495 683833.833384 683833.8374185 683833.841453 683833.8454875001 683833.849522 683833.8535565 683833.8575909999 683833.8616255 683833.8656599999 683833.8696945 683833.8737290001 683833.8777635 683833.8817980001 683833.8858325 683833.889867 683833.8939014999 683833.897936 683833.9019705 683833.906005 683833.9100395001 683833.914074 683833.9181085001 683833.922143 683833.9261775 683833.9302119999 683833.9342465 683833.9382809999 683833.9423155 683833.9463500001 683833.9503850001 683833.9544195 683833.9584540001 683833.9624884999 683833.966523 683833.970558 683833.9745924999 683833.978627 683833.9826615 683833.986696 683833.9907305001 683833.994765 683833.9987995 683834.0028339999 683834.0068685
342,683834.0109029999,217.86400000564754,2327,2334,0.5210710964006765,0.5362027660802268,0.9829895910083937,0.913559262860905,3d gaze,4.561095203535786,-8.522795603298244,106.13120922058937,683834.0109029999 683834.0149375 683834.0189720001 683834.0230065 683834.0270410001 683834.0310755 683834.03511 683834.0391444999 683834.043179 683834.0472134999 683834.051248 683834.0552825 683834.059317 683834.0633515001 683834.067386 683834.0714205 683834.0754549999 683834.0794895 683834.0835239999 683834.0875585 683834.0915930001 683834.0956275 683834.0996620001 683834.1036965 683834.107731 683834.111766 683834.1158004999 683834.119835 683834.1238694999 683834.127904 683834.1319385001 683834.135973 683834.1400075001 683834.1440419999 683834.1480765 683834.1521109999 683834.1561455 683834.16018 683834.1642145 683834.1682490001 683834.1722835 683834.1763180001 683834.1803524999 683834.184387 683834.188422 683834.1924564999 683834.196491 683834.2005255 683834.20456 683834.2085945001 683834.212629 683834.2166635001 683834.2206979999 683834.2247325 683834.2287669999
343,683834.2328015,217.86400000564754,2334,2340,0.5169731815248861,0.5343592972767892,1.4966386513861158,0.9189486378973181,3d gaze,3.786239545229525,-8.229607876195361,104.72972201463924,683834.2328015 683834.2368360001 683834.2408705 683834.2449050001 683834.2489395 683834.2529740001 683834.2570084999 683834.261043 683834.2650774999 683834.269112 683834.2731465 683834.277181 683834.2812155001 683834.28525 683834.289285 683834.2933195 683834.2973539999 683834.3013885 683834.3054229999 683834.3094575 683834.3134920001 683834.3175265 683834.3215610001 683834.3255955 683834.32963 683834.3336644999 683834.337699 683834.3417334999 683834.345768 683834.3498025001 683834.353837 683834.3578715001 683834.361906 683834.3659405 683834.3699749999 683834.3740095 683834.378044 683834.3820785 683834.3861130001 683834.3901475 683834.3941820001 683834.3982165 683834.402251 683834.4062854999 683834.41032 683834.4143544999 683834.418389 683834.422424 683834.4264585001 683834.430493 683834.4345275001 683834.4385619999 683834.4425965 683834.4466309999 683834.4506655
344,683834.4547,217.8645000094548,2341,2347,0.5193372200138525,0.5311150038244872,1.3351841242937255,0.9127262651920318,3d gaze,4.377824740985613,-8.2665940602341,108.89156437592582,683834.4547 683834.458735 683834.4627695 683834.4668040001 683834.4708385 683834.474873 683834.4789074999 683834.482942 683834.4869764999 683834.491011 683834.4950455001 683834.49908 683834.5031145001 683834.507149 683834.5111835 683834.5152179999 683834.5192525 683834.5232869999 683834.5273215 683834.531356 683834.5353905 683834.5394250001 683834.5434595 683834.547494 683834.5515284999 683834.555563 683834.5595974999 683834.563632 683834.5676665001 683834.571701 683834.5757355001 683834.57977 683834.5838045 683834.5878389999 683834.5918735 683834.5959079999 683834.5999425 683834.603977 683834.6080115 683834.6120460001 683834.6160805 683834.6201155 683834.62415 683834.6281844999 683834.632219 683834.6362535 683834.640288 683834.6443225001 683834.6483575001 683834.652392 683834.6564265001 683834.6604609999 683834.6644955 683834.6685299999 683834.6725645
345,683834.676599,217.86400000564754,2347,2354,0.5183011381456865,0.5216590673379613,1.1403032534996644,0.9165671641176397,3d gaze,3.8733498846452443,-6.7430329787346635,100.70646913550809,683834.676599 683834.6806335 683834.6846680001 683834.6887025 683834.6927370001 683834.6967714999 683834.700806 683834.7048404999 683834.708875 683834.7129095001 683834.716944 683834.7209785001 683834.725013 683834.7290475001 683834.7330819999 683834.7371165 683834.7411509999 683834.7451855 683834.74922 683834.7532545 683834.7572890001 683834.7613235 683834.7653580001 683834.7693924999 683834.773427 683834.7774614999 683834.7814964999 683834.785531 683834.7895655001 683834.7936 683834.7976345001 683834.801669 683834.8057035 683834.8097379999 683834.8137725 683834.8178069999 683834.8218415 683834.8258760001 683834.8299105 683834.8339450001 683834.8379795 683834.842014 683834.8460484999 683834.850083 683834.8541174999 683834.8581524999 683834.862187 683834.8662215001 683834.870256 683834.8742905001 683834.8783249999 683834.8823595 683834.8863939999 683834.8904285 683834.894463
346,683834.8984975,217.86400000564754,2354,2360,0.5179399827589922,0.5198051478131457,0.9116664090414952,0.922594611753117,3d gaze,3.7781970935572695,-6.516913467576759,99.87469780067218,683834.8984975 683834.9025320001 683834.9065665 683834.9106010001 683834.9146354999 683834.91867 683834.9227044999 683834.926739 683834.9307734999 683834.934808 683834.9388425001 683834.942877 683834.9469115001 683834.9509459999 683834.9549805 683834.9590155 683834.9630499999 683834.9670845 683834.9711190001 683834.9751535 683834.9791880001 683834.9832225 683834.9872570001 683834.9912914999 683834.995326 683834.9993604999 683835.003395 683835.0074295 683835.011464 683835.0154985001 683835.019533 683835.0235675001 683835.0276019999 683835.0316365 683835.0356709999 683835.0397055 683835.0437400001 683835.0477745 683835.0518090001 683835.0558435 683835.0598780001 683835.0639124999 683835.0679474999 683835.071982 683835.0760164999 683835.080051 683835.0840855001 683835.08812 683835.0921545001 683835.096189 683835.1002235 683835.1042579999 683835.1082925 683835.112327 683835.1163615
347,683835.1203965,217.86400000564754,2360,2367,0.5148373708401291,0.5129363766928894,0.5256061039972333,0.9233705260536887,3d gaze,3.281660989313599,-5.903062090685957,100.13109627663707,683835.1203965 683835.1244310001 683835.1284655 683835.1325000001 683835.1365344999 683835.140569 683835.1446034999 683835.148638 683835.1526725 683835.156707 683835.1607415001 683835.164776 683835.1688105001 683835.1728449999 683835.1768795 683835.1809139999 683835.1849485 683835.188983 683835.1930175 683835.1970520001 683835.2010865 683835.2051210001 683835.2091554999 683835.21319 683835.2172244999 683835.221259 683835.2252935 683835.229328 683835.2333625001 683835.237397 683835.2414315001 683835.2454659999 683835.2495005 683835.2535349999 683835.2575695 683835.261604 683835.2656385 683835.2696730001 683835.2737075 683835.2777420001 683835.2817764999 683835.2858114999 683835.2898464999 683835.293881 683835.2979155 683835.30195 683835.3059845001 683835.310019 683835.3140535001 683835.3180879999 683835.3221225 683835.3261569999 683835.3301915 683835.3342259999 683835.3382605
348,683835.3422950001,217.86400000564754,2367,2374,0.5145131555371903,0.5211824844371923,1.1659331535953077,0.9113965652205728,3d gaze,3.1686249876147055,-6.52578627662232,98.1693565863868,683835.3422950001 683835.3463295 683835.3503640001 683835.3543984999 683835.358433 683835.3624674999 683835.366502 683835.3705365 683835.374571 683835.3786055001 683835.38264 683835.3866745001 683835.3907089999 683835.3947435 683835.3987779999 683835.4028125 683835.4068469999 683835.4108815 683835.4149160001 683835.4189505 683835.4229850001 683835.4270194999 683835.431054 683835.4350884999 683835.439123 683835.4431575 683835.447192 683835.4512265001 683835.455261 683835.459296 683835.4633305001 683835.4673649999 683835.4713995 683835.4754339999 683835.4794685 683835.483503 683835.4875375 683835.4915720001 683835.4956065 683835.4996410001 683835.5036754999 683835.50771 683835.511745 683835.5157794999 683835.519814 683835.5238485001 683835.527883 683835.5319175001 683835.535952 683835.5399865 683835.5440209999 683835.5480555 683835.5520899999 683835.5561245 683835.5601590001
349,683835.5641935,217.86400000564754,2374,2380,0.5204735905824159,0.5321467123175353,0.38843574747140835,0.9140832077373158,3d gaze,4.273403091870414,-7.798174255537528,101.90033118090335,683835.5641935 683835.5682280001 683835.5722625 683835.576297 683835.5803314999 683835.584366 683835.5884004999 683835.592435 683835.5964695001 683835.600504 683835.6045385001 683835.608573 683835.6126075 683835.6166419999 683835.6206769999 683835.6247115 683835.628746 683835.6327805 683835.6368150001 683835.6408495 683835.6448840001 683835.6489184999 683835.652953 683835.6569874999 683835.661022 683835.6650565 683835.669091 683835.6731255001 683835.67716 683835.6811945001 683835.6852289999 683835.6892635 683835.6932979999 683835.6973325 683835.701367 683835.7054015 683835.7094360001 683835.7134705 683835.7175050001 683835.7215394999 683835.725574 683835.729609 683835.7336434999 683835.737678 683835.7417125 683835.745747 683835.7497815001 683835.753816 683835.7578505 683835.7618849999 683835.7659195 683835.7699539999 683835.7739885 683835.7780230001 683835.7820575
350,683835.7860920001,217.86449989303946,2380,2387,0.5171679830410096,0.53027350863239,0.8050208073363344,0.9152481566775929,3d gaze,3.7568078148691475,-7.660254327708386,102.33549279617029,683835.7860920001 683835.7901270001 683835.7941615 683835.798196 683835.8022304999 683835.806265 683835.8102995 683835.814334 683835.8183685001 683835.822403 683835.8264375001 683835.830472 683835.8345065 683835.8385409999 683835.8425755 683835.8466099999 683835.8506445 683835.8546790001 683835.8587135 683835.8627480001 683835.8667825 683835.870817 683835.8748514999 683835.878886 683835.8829205 683835.886955 683835.8909895001 683835.895024 683835.8990585001 683835.903093 683835.9071275 683835.9111619999 683835.9151965 683835.9192309999 683835.9232655 683835.9273000001 683835.9313345 683835.9353690001 683835.9394035 683835.943438 683835.9474724999 683835.951507 683835.955542 683835.9595765 683835.963611 683835.967646 683835.9716805001 683835.975715 683835.9797495 683835.9837839999 683835.9878185 683835.9918529999 683835.9958875 683835.9999220001 683836.0039565
351,683836.0079910001,193.65699985064566,2387,2393,0.513928663430719,0.543375750969856,1.4857887605932492,0.9155593879368841,3d gaze,3.3318861826572097,-9.215971430782465,105.78624931035063,683836.0079910001 683836.0120255 683836.01606 683836.0200944999 683836.024129 683836.0281634999 683836.032198 683836.0362325001 683836.040267 683836.0443015001 683836.048336 683836.0523705 683836.0564049999 683836.0604395 683836.0644739999 683836.0685085 683836.0725430001 683836.0765775 683836.0806120001 683836.0846465 683836.088681 683836.0927154999 683836.09675 683836.1007844999 683836.104819 683836.1088535001 683836.112888 683836.1169225001 683836.120957 683836.1249915 683836.1290265 683836.1330609999 683836.1370955 683836.14113 683836.1451645 683836.1491990001 683836.1532335 683836.1572680001 683836.1613024999 683836.1653374999 683836.169372 683836.1734064999 683836.177441 683836.1814755 683836.18551 683836.1895445001 683836.193579 683836.1976135001 683836.2016479999
352,683836.2056825,193.65699996706098,2393,2399,0.5139467617497647,0.5588729414533479,1.4411018225804177,0.9134369741897194,3d gaze,3.3583309041275964,-10.801929319029917,106.89512600733165,683836.2056825 683836.2097169999 683836.2137515 683836.2177860001 683836.2218205 683836.2258550001 683836.2298895 683836.2339240001 683836.2379584999 683836.241993 683836.2460274999 683836.250062 683836.2540965 683836.258131 683836.2621655001 683836.2662 683836.2702345 683836.2742689999 683836.2783035 683836.2823379999 683836.2863725 683836.2904075 683836.2944420001 683836.2984765 683836.3025110001 683836.3065455 683836.31058 683836.3146144999 683836.318649 683836.3226834999 683836.326718 683836.3307525001 683836.334787 683836.3388215001 683836.342856 683836.3468905 683836.3509249999 683836.3549595 683836.358994 683836.3630285 683836.3670630001 683836.3710975 683836.3751320001 683836.3791665 683836.3832014999 683836.387236 683836.3912704999 683836.395305 683836.3993395
353,683836.4396845,217.8645000094548,2400,2406,0.5421846837922092,0.5602707812591133,1.4934053877976174,0.9104150051420385,3d gaze,9.343315014201877,-12.39075411532781,120.58942379474621,683836.4396845 683836.4437190001 683836.4477535 683836.4517880001 683836.4558224999 683836.459857 683836.4638914999 683836.4679264999 683836.471961 683836.4759955001 683836.48003 683836.4840645001 683836.488099 683836.4921335 683836.4961679999 683836.5002025 683836.5042369999 683836.5082715 683836.512306 683836.5163405 683836.5203750001 683836.5244095 683836.528444 683836.5324784999 683836.536513 683836.5405474999 683836.544582 683836.5486165001 683836.552651 683836.5566855001 683836.56072 683836.5647545 683836.5687889999 683836.5728235 683836.5768579999 683836.5808925 683836.584927 683836.5889615 683836.5929960001 683836.5970305 683836.6010654999 683836.6051 683836.6091344999 683836.613169 683836.6172035 683836.621238 683836.6252725001 683836.6293075001 683836.633342 683836.6373765001 683836.6414109999 683836.6454455 683836.6494799999 683836.6535145 683836.657549
354,683836.6615835,197.69149995408952,2406,2412,0.5325928464529003,0.5497416066660066,1.3024017792473546,0.907844706773758,3d gaze,6.9541138520858485,-10.4517267841641,112.6620280438528,683836.6615835 683836.6656180001 683836.6696525 683836.6736870001 683836.6777214999 683836.681756 683836.6857904999 683836.689825 683836.6938595001 683836.697894 683836.7019285001 683836.705963 683836.7099975001 683836.7140319999 683836.7180665 683836.7221009999 683836.7261355 683836.73017 683836.7342045 683836.7382390001 683836.7422735 683836.7463080001 683836.7503424999 683836.754377 683836.7584114999 683836.762446 683836.7664805001 683836.770515 683836.7745495001 683836.778584 683836.7826185001 683836.7866529999 683836.7906875 683836.7947219999 683836.7987565 683836.802791 683836.8068260001 683836.8108605 683836.8148950001 683836.8189295 683836.822964 683836.826999 683836.8310334999 683836.835068 683836.8391024999 683836.843137 683836.8471715001 683836.851206 683836.8552405001 683836.8592749999
355,683836.8633095,217.86400000564754,2412,2419,0.5408401509296269,0.5634414172153362,1.4877561808128272,0.9165485539219597,3d gaze,8.916800983230502,-12.463907275687928,118.03514178234545,683836.8633095 683836.8673439999 683836.8713785 683836.875413 683836.8794475 683836.8834820001 683836.8875165 683836.8915510001 683836.8955854999 683836.89962 683836.9036544999 683836.907689 683836.9117234999 683836.915758 683836.9197925001 683836.923827 683836.9278615001 683836.9318959999 683836.9359305 683836.9399649999 683836.9439995 683836.948034 683836.9520685 683836.9561030001 683836.9601375 683836.9641720001 683836.968207 683836.9722414999 683836.976276 683836.9803104999 683836.984345 683836.9883795 683836.992414 683836.9964485001 683837.000483 683837.0045175 683837.0085519999 683837.0125865 683837.0166209999 683837.0206555 683837.0246900001 683837.0287245 683837.0327590001 683837.0367935 683837.040828 683837.044863 683837.0488974999 683837.052932 683837.0569664999 683837.061001 683837.0650355001 683837.06907 683837.0731045001 683837.077139 683837.0811735
356,683837.0852079999,217.8645001258701,2419,2426,0.5342526831351228,0.5515550985881991,0.874512054560432,0.9054939204996283,3d gaze,7.082947516046248,-10.389401749998168,110.02426039606506,683837.0852079999 683837.0892425 683837.093277 683837.0973115 683837.1013460001 683837.1053805 683837.1094150001 683837.1134495 683837.117484 683837.1215184999 683837.125553 683837.129588 683837.1336225 683837.137657 683837.1416915001 683837.145726 683837.1497605001 683837.1537949999 683837.1578295 683837.1618639999 683837.1658985 683837.169933 683837.1739675 683837.1780020001 683837.1820365 683837.1860710001 683837.1901054999 683837.19414 683837.1981744999 683837.202209 683837.2062435 683837.210278 683837.2143125001 683837.218347 683837.2223815001 683837.2264159999 683837.2304505 683837.2344849999 683837.2385195 683837.2425540001 683837.2465885 683837.2506230001 683837.2546575 683837.2586920001 683837.2627264999 683837.266761 683837.270796 683837.2748304999 683837.278865 683837.2828995001 683837.286934 683837.2909685001 683837.295003 683837.2990379999 683837.3030725
357,683837.3071069999,217.86400000564754,2426,2432,0.5363322644038356,0.5500100164219365,1.2144807676638187,0.9167848312192493,3d gaze,7.521048578197229,-10.346528357573199,111.10958206441174,683837.3071069999 683837.315176 683837.3192105 683837.3232450001 683837.3272795 683837.3313140001 683837.3353484999 683837.339383 683837.3434174999 683837.347452 683837.3514865 683837.355521 683837.3595555001 683837.36359 683837.3676245001 683837.3716589999 683837.3756935 683837.3797279999 683837.3837625 683837.387797 683837.3918315 683837.3958660001 683837.3999005 683837.4039350001 683837.4079694999 683837.412004 683837.4160384999 683837.420073 683837.4241075 683837.428142 683837.4321765001 683837.436211 683837.4402455001 683837.4442799999 683837.4483145 683837.4523489999 683837.4563835 683837.460418 683837.4644525 683837.4684870001 683837.4725215 683837.4765565 683837.4805915 683837.484626 683837.4886604999 683837.492695 683837.4967295 683837.500764 683837.5047985001 683837.508833 683837.5128675001 683837.516902 683837.5209365 683837.5249709999
358,683837.5290055,217.86400000564754,2432,2439,0.5301072518503661,0.5437347508963379,1.1554413438713687,0.9096199344504964,3d gaze,6.2276156938775555,-9.43103112263456,108.06520727551413,683837.5290055 683837.5330399999 683837.5370745 683837.5411090001 683837.5451435 683837.5491780001 683837.5532125 683837.557247 683837.5612814999 683837.565316 683837.5693505 683837.573385 683837.5774195001 683837.581454 683837.5854885001 683837.589523 683837.5935575 683837.5975919999 683837.6016265 683837.6056609999 683837.6096955 683837.6137300001 683837.6177645 683837.6217990001 683837.6258335 683837.629868 683837.6339024999 683837.6379374999 683837.641972 683837.6460065 683837.650041 683837.6540755001 683837.65811 683837.6621445001 683837.6661789999 683837.6702135 683837.6742479999 683837.6782825 683837.682317 683837.6863515 683837.6903860001 683837.6944205 683837.6984555 683837.70249 683837.7065244999 683837.710559 683837.7145935 683837.718628 683837.7226625 683837.726697 683837.7307315001 683837.734766 683837.7388005 683837.7428349999 683837.7468695
359,683837.8033525001,88.75949983485043,2441,2443,0.5380413433599525,0.596002150901273,1.217774186052935,0.9306090422298597,3d gaze,8.317783579991193,-15.914890794630015,117.21204548079285,683837.8033525001 683837.8073875001 683837.8114219999 683837.8154565 683837.8194909999 683837.8235255 683837.82756 683837.8315945 683837.8356290001 683837.8396635 683837.8436980001 683837.8477324999 683837.851767 683837.8558014999 683837.859836 683837.8638705 683837.867905 683837.8719395001 683837.875974 683837.8800085001 683837.8840429999 683837.8880775 683837.8921119999
360,683838.2027705,149.27750010974705,2452,2457,0.5745657713233335,0.6331649362830749,0.43283038146928127,0.8924929121056119,3d gaze,17.938819913031942,-23.360366965575484,136.2206247948385,683838.2027705 683838.2068050001 683838.2108395 683838.214874 683838.2189084999 683838.2269775 683838.231012 683838.2350465001 683838.239081 683838.2431155001 683838.24715 683838.2511845 683838.2552189999 683838.2592535 683838.263288 683838.2673225 683838.271357 683838.2753915 683838.2794260001 683838.2834605 683838.287495 683838.2915294999 683838.295564 683838.2995984999 683838.303633 683838.3076675001 683838.311702 683838.315737 683838.3197715001 683838.323806 683838.3278405 683838.3318749999 683838.3359095 683838.339944 683838.3439785 683838.3480130001 683838.3520480001
361,683838.3601170001,217.86400000564754,2457,2464,0.5450860260628404,0.591223656923999,1.1164732333194796,0.9265004569833929,3d gaze,8.987147085058048,-14.31782519244544,109.03003253536544,683838.3601170001 683838.3641514999 683838.368186 683838.3722204999 683838.376255 683838.3802895 683838.384324 683838.3883585001 683838.392393 683838.3964275001 683838.4004619999 683838.4044965 683838.4085309999 683838.4125655 683838.4166 683838.4206345 683838.4246690001 683838.4287035 683838.4327380001 683838.4367724999 683838.440807 683838.4448414999 683838.448876 683838.4529105 683838.456945 683838.4609795001 683838.465014 683838.4690485001 683838.4730829999 683838.4771179999 683838.4811525 683838.4851869999 683838.4892215 683838.4932560001 683838.4972905 683838.5013250001 683838.5053595 683838.509394 683838.5134284999 683838.517463 683838.5214975 683838.525532 683838.5295665 683838.533601 683838.5376355001 683838.54167 683838.5457045 683838.5497389999 683838.5537735 683838.5578079999 683838.5618425 683838.5658770001 683838.5699115 683838.5739460001 683838.5779810001
362,683838.5820154999,217.86400000564754,2464,2470,0.5373817757421574,0.5707123760539778,1.348270721223391,0.9124596281485124,3d gaze,7.614897657082179,-12.272721068392155,109.37201631934286,683838.5820154999 683838.58605 683838.5900844999 683838.594119 683838.5981535 683838.602188 683838.6062225001 683838.610257 683838.6142915001 683838.6183259999 683838.6223605 683838.6263949999 683838.6304295 683838.634464 683838.638499 683838.6425335 683838.6465680001 683838.6506025 683838.654637 683838.6586714999 683838.662706 683838.6667405 683838.670775 683838.6748095 683838.678844 683838.6828785001 683838.686913 683838.6909475 683838.6949819999 683838.6990165 683838.7030509999 683838.7070855 683838.71112 683838.7151545 683838.7191890001 683838.7232235 683838.727258 683838.7312924999 683838.735327 683838.7393615 683838.743396 683838.7474305 683838.751465 683838.7554995001 683838.759534 683838.7635685 683838.7676029999 683838.7716375 683838.7756719999 683838.7797065 683838.783741 683838.7877755 683838.7918100001 683838.7958450001 683838.7998795
363,683838.803914,145.24249988608062,2470,2475,0.5369680311969484,0.570475272292871,1.4420607772318166,0.9088403195948214,3d gaze,7.34383107717163,-11.926180176470362,106.5587974075804,683838.803914 683838.807949 683838.8119834999 683838.816018 683838.8200525 683838.824087 683838.8281215001 683838.832156 683838.8361905001 683838.8402249999 683838.8442595 683838.8482939999 683838.8523285 683838.856363 683838.8603975 683838.8644320001 683838.8684665 683838.8725010001 683838.8765354999 683838.88057 683838.8846044999 683838.888639 683838.8926735 683838.896708 683838.9007425001 683838.904777 683838.9088115001 683838.9128459999 683838.9168805 683838.9209149999 683838.9249495 683838.928984 683838.9330185 683838.9370530001 683838.9410875 683838.9451220001 683838.9491564999
364,683838.953191,181.55350000597537,2475,2480,0.5358257424906416,0.5980159355565968,1.3894254540145587,0.9236664305562559,3d gaze,7.2917112165033116,-14.92752599709299,108.49138472057076,683838.953191 683838.9572254999 683838.96126 683838.9652945 683838.969329 683838.9733635001 683838.977398 683838.9814325001 683838.9854675 683838.9895019999 683838.9935365 683838.997571 683839.0016055 683839.00564 683839.0096745 683839.0137095 683839.0177440001 683839.0217784999 683839.025813 683839.0298474999 683839.033882 683839.0379165 683839.041951 683839.0459855 683839.05002 683839.0540545001 683839.0580889999 683839.0621235 683839.0661579999 683839.0701925 683839.074227 683839.0782615 683839.0822960001 683839.0863305 683839.0903650001 683839.0943994999 683839.098434 683839.1024684999 683839.106503 683839.1105375 683839.114572 683839.1186065 683839.122641 683839.1266755001 683839.1307099999 683839.1347445
365,683839.1387789999,217.8645001258701,2480,2487,0.5264770624861256,0.6241384968910582,0.9933656536361339,0.9390305855057456,3d gaze,5.519402592905576,-17.114756304259412,105.77575319795113,683839.1387789999 683839.1428135 683839.1468485 683839.150883 683839.1549175 683839.1589520001 683839.1629865 683839.1670210001 683839.1710554999 683839.17509 683839.1791244999 683839.183159 683839.1871935 683839.191228 683839.1952625001 683839.199297 683839.2033315001 683839.2073659999 683839.2114005 683839.215435 683839.2194695 683839.223504 683839.2275385 683839.2315730001 683839.2356075 683839.2396425 683839.243677 683839.2477114999 683839.251746 683839.2557805 683839.259815 683839.2638495 683839.267884 683839.2719185001 683839.275953 683839.2799875 683839.2840219999 683839.2880565 683839.292091 683839.2961255 683839.3001600001 683839.3041945 683839.3082290001 683839.3122635 683839.3162984999 683839.320333 683839.3243674999 683839.328402 683839.3324365 683839.336471 683839.3405055001 683839.34454 683839.3485745001 683839.3526089999 683839.3566435
366,683839.360678,217.86399988923222,2487,2494,0.5229001029125834,0.6232675022527684,0.6830248096880341,0.9292296409606934,3d gaze,4.856803263033612,-16.896624760855833,104.94962706185336,683839.360678 683839.3647125 683839.368747 683839.3727815 683839.376816 683839.3808505 683839.3848850001 683839.3889194999 683839.392954 683839.3969884999 683839.401023 683839.4050575 683839.409092 683839.4131265001 683839.417161 683839.4211955001 683839.4252299999 683839.4292645 683839.433299 683839.4373335 683839.441368 683839.4454025 683839.449437 683839.4534715 683839.4575065 683839.461541 683839.4655754999 683839.46961 683839.4736445 683839.4776795 683839.481714 683839.4857485001 683839.489783 683839.4938175001 683839.497852 683839.5018865 683839.5059209999 683839.5099555 683839.51399 683839.5180245 683839.522059 683839.5260935 683839.5301280001 683839.5341625 683839.538197 683839.5422314999 683839.546266 683839.5503005 683839.554335 683839.5583695001 683839.562404 683839.5664385001 683839.5704729999 683839.5745075 683839.5785419999
367,683839.6511635,161.3804999506101,2496,2500,0.5355221759210622,0.5789290564036078,1.4275529964525853,0.929590218514204,3d gaze,7.54089213426702,-13.51229363991131,112.88753503193286,683839.6511635 683839.6551979999 683839.6592325 683839.663267 683839.667302 683839.6713365 683839.6753710001 683839.6794055 683839.68344 683839.6874744999 683839.691509 683839.6955435 683839.699578 683839.7036125 683839.707647 683839.7116815001 683839.715716 683839.7197505 683839.7237849999 683839.7278195 683839.731854 683839.7358885 683839.739923 683839.7439575 683839.7479920001 683839.7520265 683839.756061 683839.7600954999 683839.76413 683839.7681645 683839.772199 683839.7762335 683839.7843025 683839.788337 683839.7923715 683839.7964059999 683839.8004405 683839.804475 683839.8085095 683839.812544
368,683839.8165790001,173.48399991169572,2501,2506,0.5197683997502497,0.5774377912055819,1.4654266226891985,0.9243166954679922,3d gaze,4.492019947570729,-12.976098967667536,109.79086805049486,683839.8165790001 683839.8206135 683839.8246480001 683839.8286824999 683839.832717 683839.8367515 683839.840786 683839.8448205 683839.848855 683839.8528895 683839.856924 683839.8609585001 683839.8649929999 683839.8690275 683839.8730619999 683839.8770965 683839.881131 683839.8851655 683839.8892000001 683839.8932350001 683839.8972695 683839.901304 683839.9053384999 683839.909373 683839.9134074999 683839.917442 683839.9214765 683839.925511 683839.9295455001 683839.93358 683839.9376145 683839.9416489999 683839.9456835 683839.949718 683839.9537525 683839.957787 683839.9618215 683839.9658560001 683839.9698905 683839.973925 683839.9779594999 683839.981994 683839.9860284999 683839.990063
369,683840.1030295,217.8645000094548,2509,2516,0.535162616158503,0.6297388758246585,1.3647704829084792,0.9203796663067557,3d gaze,7.595221568168786,-19.118542053649275,114.28836804465766,683840.1030295 683840.107064 683840.111099 683840.1151335 683840.1191680001 683840.1232024999 683840.127237 683840.1312714999 683840.135306 683840.1393405 683840.143375 683840.1474095001 683840.151444 683840.155479 683840.1595135 683840.1635479999 683840.1675825 683840.171617 683840.1756515 683840.179686 683840.1837205 683840.1877550001 683840.1917895 683840.195824 683840.1998584999 683840.203893 683840.2079275 683840.211962 683840.2159965 683840.220031 683840.2240655001 683840.2281 683840.2321345 683840.2361689999 683840.2402035 683840.244238 683840.2482725 683840.252307 683840.2563415 683840.2603760001 683840.2644105 683840.268445 683840.2724794999 683840.276514 683840.2805485 683840.284583 683840.2886175 683840.292652 683840.2966865001 683840.300721 683840.3047555 683840.3087899999 683840.3128245 683840.3168595 683840.320894
370,683840.3249285,217.86400000564754,2516,2522,0.5271100961116316,0.6187413110080101,1.464998086809036,0.9241470261053606,3d gaze,5.902393977167978,-17.369875594557442,110.71043818506415,683840.3249285 683840.3289635 683840.3329980001 683840.3370325 683840.3410670001 683840.3451014999 683840.349136 683840.3531705 683840.357205 683840.3612395 683840.365274 683840.3693085001 683840.373343 683840.3773775001 683840.3814119999 683840.3854465 683840.3894809999 683840.3935155 683840.39755 683840.4015845 683840.4056190001 683840.4096535 683840.4136880001 683840.4177224999 683840.421757 683840.4257915 683840.429826 683840.4338605 683840.437895 683840.4419295001 683840.445964 683840.4499985001 683840.4540329999 683840.4580675 683840.4621019999 683840.4661365 683840.470171 683840.4742055 683840.4782400001 683840.4822745 683840.4863095 683840.490344 683840.4943784999 683840.498413 683840.5024475 683840.506482 683840.5105165 683840.514551 683840.5185855001 683840.52262 683840.5266545 683840.5306889999 683840.5347235 683840.538758 683840.5427925
371,683840.546827,217.8645000094548,2522,2529,0.528514190570126,0.6125692715047358,1.2775777299980513,0.9128526579249989,3d gaze,5.999244242220895,-16.361625168090814,108.31266776286988,683840.546827 683840.5508615 683840.5548965 683840.5589310001 683840.5629654999 683840.567 683840.5710345 683840.575069 683840.5791035 683840.583138 683840.5871725 683840.591207 683840.5952415001 683840.5992759999 683840.6033105 683840.6073449999 683840.6113795 683840.615414 683840.6194485 683840.6234830001 683840.6275175 683840.6315520001 683840.6355864999 683840.639621 683840.6436555 683840.64769 683840.6517245 683840.6557595 683840.659794 683840.6638285001 683840.667863 683840.6718975 683840.6759319999 683840.6799665 683840.684001 683840.6880355 683840.69207 683840.6961045 683840.7001390001 683840.7041735 683840.708208 683840.7122424999 683840.716277 683840.7203115 683840.724346 683840.7283805 683840.732415 683840.7364495001 683840.740484 683840.7445185 683840.7485529999 683840.7525875 683840.756622 683840.7606565 683840.7646915
372,683840.7687260001,217.86399988923222,2529,2536,0.5332229502104461,0.5874960985641282,0.9790385249486089,0.9214665282856335,3d gaze,7.011964008779508,-14.216654843292883,111.36984761422111,683840.7687260001 683840.7727605 683840.7767950001 683840.7808294999 683840.784864 683840.7888984999 683840.792933 683840.7969675 683840.801002 683840.8050365 683840.809071 683840.8131055001 683840.8171399999 683840.8211745 683840.8252095 683840.829244 683840.8332785 683840.837313 683840.8413475 683840.845382 683840.8494165 683840.8534510001 683840.8574854999 683840.86152 683840.8655545 683840.869589 683840.8736235 683840.877658 683840.8816925001 683840.885727 683840.8897615001 683840.8937959999 683840.8978305 683840.901865 683840.9058995 683840.909934 683840.9139685 683840.918003 683840.9220375 683840.9260720001 683840.9301064999 683840.934141 683840.9381755 683840.94221 683840.9462445 683840.950279 683840.9543135001 683840.958348 683840.9623825001 683840.9664169999 683840.9704515 683840.974486 683840.9785205 683840.9825555 683840.98659
373,683840.9906245,185.5879999930039,2536,2541,0.5381314748418804,0.5812605163071569,1.0425917459464125,0.9124745104623877,3d gaze,7.923204552584036,-13.626815621696029,111.7178616814631,683840.9906245 683840.9946595 683840.9986940001 683841.0027284999 683841.006763 683841.0107974999 683841.014832 683841.0188665 683841.022901 683841.0269355001 683841.03097 683841.0350045001 683841.0390389999 683841.0430735 683841.047108 683841.0511425 683841.055177 683841.0592115 683841.063246 683841.0672805 683841.0713150001 683841.0753494999 683841.079384 683841.0834184999 683841.087453 683841.0914875 683841.095522 683841.0995565001 683841.103591 683841.1076255001 683841.1116599999 683841.1156945 683841.119729 683841.1237635 683841.127798 683841.1318325 683841.135867 683841.1399015 683841.1439360001 683841.1479704999 683841.152005 683841.15604 683841.1600745 683841.164109 683841.172178 683841.1762125
374,683841.527216,117.00099997688085,2552,2555,0.5978347212273059,0.6654998210041166,1.1749211630817507,0.88414767692829,3d gaze,29.194618816971648,-34.62353408119658,169.8044084224129,683841.527216 683841.5312505 683841.535285 683841.5393195 683841.543354 683841.5473885001 683841.5514229999 683841.5554575 683841.5594919999 683841.567561 683841.5715955 683841.57563 683841.5796645 683841.5836990001 683841.5877334999 683841.591768 683841.5958025 683841.599837 683841.6038715 683841.607906 683841.6119405 683841.615975 683841.6200095001 683841.6240439999 683841.6280785 683841.6321129999 683841.6361475 683841.640182 683841.644217
375,683841.6764935,157.34599996358156,2556,2561,0.5420301723852771,0.5749331137591217,1.228079578750773,0.9181862264871598,3d gaze,8.03789256743071,-12.083371071848017,103.9867984828284,683841.6764935 683841.680528 683841.6845625 683841.688597 683841.6926315001 683841.696666 683841.7007005 683841.7047349999 683841.7087695 683841.712804 683841.7168385 683841.720873 683841.7249075 683841.7289420001 683841.7329765 683841.737011 683841.7410455 683841.74508 683841.7491145 683841.753149 683841.7571835 683841.761218 683841.7652525001 683841.769287 683841.7733215 683841.7773559999 683841.7813905 683841.785425 683841.7894595 683841.793494 683841.7975285 683841.8015630001 683841.8055975 683841.809632 683841.8136665 683841.817701 683841.8217355 683841.8257705 683841.829805 683841.8338395
376,683841.837874,88.75950006768107,2561,2564,0.5362792961463484,0.5730153662407166,1.2926931942557887,0.910190479910892,3d gaze,7.42527286784852,-12.47761926148189,109.12868643924858,683841.837874 683841.8419085001 683841.8459429999 683841.8499775 683841.854012 683841.8580465 683841.8620815 683841.866116 683841.8701505 683841.8741850001 683841.8782195 683841.882254 683841.8862884999 683841.890323 683841.8943575 683841.898392 683841.9024265 683841.906461 683841.9104955 683841.91453 683841.9185645 683841.9225989999 683841.9266335
377,683841.930668,133.138999924995,2564,2568,0.5465217815027159,0.5747609829541434,1.4637471385432173,0.9156276390833014,3d gaze,9.931126833659981,-13.610649622174734,117.10219757463516,683841.930668 683841.9347025 683841.938737 683841.9427715 683841.9468060001 683841.9508405 683841.954875 683841.9589094999 683841.962944 683841.9669785 683841.971013 683841.9750475 683841.979082 683841.9831165 683841.987151 683841.9911855 683841.9952205 683841.999255 683842.0032895 683842.007324 683842.0113585 683842.015393 683842.0194275 683842.0234620001 683842.0274964999 683842.031531 683842.0355654999 683842.0396 683842.0436345 683842.047669 683842.0517035 683842.055738 683842.0597725001 683842.0638069999
378,683842.0678415,80.69049997720867,2568,2570,0.535936795400424,0.5597184961917635,1.3279891367352332,0.9015122524329594,3d gaze,7.110443055583003,-10.78739489740285,105.73420823614445,683842.0678415 683842.071876 683842.0759105 683842.0799455 683842.08398 683842.0880145 683842.0920490001 683842.0960835 683842.1001180001 683842.1041524999 683842.108187 683842.1122215 683842.116256 683842.1202905 683842.124325 683842.1283595 683842.132394 683842.1364285001 683842.1404629999 683842.1444975 683842.148532
379,683842.1606355,217.8645000094548,2571,2577,0.5142535602109177,0.5358078697019679,1.494355539281874,0.9100362284616991,3d gaze,3.2998966216357934,-8.28238672875353,103.75084374800794,683842.1606355 683842.1646705 683842.168705 683842.1727395 683842.176774 683842.1808084999 683842.184843 683842.1888775 683842.192912 683842.1969465 683842.200981 683842.2050155001 683842.20905 683842.2130845 683842.217119 683842.2211535 683842.225188 683842.2292225 683842.233257 683842.2372915 683842.241326 683842.2453605 683842.249395 683842.2534294999 683842.257464 683842.2614985 683842.265533 683842.2695675 683842.273602 683842.2776365001 683842.281671 683842.2857055 683842.2897405 683842.2937749999 683842.297809 683842.3018435 683842.3058785 683842.309913 683842.3139475 683842.3179820001 683842.3220164999 683842.326051 683842.3300855 683842.3341205 683842.338155 683842.3421895 683842.346224 683842.3502585001 683842.354293 683842.3583275 683842.3623619999 683842.3663965 683842.370431 683842.3744655 683842.3785
380,683842.3825345,217.86400000564754,2577,2584,0.5161283617731817,0.5367585089170747,1.143712873298157,0.9126064880327744,3d gaze,3.645226667418909,-8.418277536576857,104.24154648269905,683842.3825345 683842.386569 683842.3906035 683842.394638 683842.3986724999 683842.402707 683842.4067415 683842.410776 683842.4148105 683842.418845 683842.4228795001 683842.426914 683842.4309485 683842.4349829999 683842.4390175 683842.443052 683842.4470865 683842.451121 683842.4551555 683842.45919 683842.4632245 683842.467259 683842.4712934999 683842.475328 683842.4793625 683842.483397 683842.4874315 683842.491466 683842.4955005001 683842.499535 683842.50357 683842.5076045 683842.511639 683842.515674 683842.5197085 683842.523743 683842.5277775 683842.531812 683842.5358465 683842.5398810001 683842.5439154999 683842.54795 683842.5519845 683842.556019 683842.5600535 683842.564088 683842.5681225 683842.572157 683842.5761915001 683842.5802259999 683842.5842605 683842.588295 683842.5923295 683842.596364 683842.6003985
381,683842.604433,217.86400000564754,2584,2590,0.5157725519591932,0.5369529829709463,0.9252595400588248,0.9101764951591138,3d gaze,3.461161010030662,-8.151981140744502,100.75671380551017,683842.604433 683842.6084675 683842.6125020001 683842.6165364999 683842.620571 683842.6246055 683842.62864 683842.6326745 683842.636709 683842.6407435 683842.644778 683842.6488125001 683842.6568815 683842.660916 683842.664951 683842.6689855 683842.67302 683842.6770545 683842.6810890001 683842.6851235 683842.689158 683842.6931925 683842.697227 683842.7012615 683842.705296 683842.7093305 683842.713365 683842.7173995 683842.721434 683842.7254685 683842.7295029999 683842.733538 683842.7375725 683842.741607 683842.7456415 683842.749676 683842.7537105 683842.7577450001 683842.7617794999 683842.765814 683842.7698485 683842.773883 683842.7779175 683842.781952 683842.7859865 683842.790021 683842.7940555001 683842.7980899999 683842.8021245 683842.806159 683842.8101935 683842.814228 683842.8182625 683842.822297
382,683842.8263315,189.623000100255,2591,2596,0.5293696392954059,0.5427518496576834,1.0393847754671994,0.9007013837496439,3d gaze,5.890457352280659,-9.009894749394238,104.37623954850864,683842.8263315 683842.8303660001 683842.8344010001 683842.8384355 683842.84247 683842.8465045 683842.850539 683842.8545735 683842.858608 683842.8626425 683842.866677 683842.8707115 683842.8747459999 683842.8787805 683842.882815 683842.8868495 683842.890884 683842.8949185 683842.898953 683842.9029875 683842.907022 683842.9110565 683842.915091 683842.9191255 683842.92316 683842.9271945 683842.931229 683842.9352635 683842.939298 683842.9433325 683842.9473669999 683842.9514015 683842.955436 683842.9594705 683842.963505 683842.96754 683842.9715745 683842.975609 683842.9796435 683842.983678 683842.9877124999 683842.991747 683842.9957815 683842.999816 683843.003851 683843.0078855 683843.01192 683843.0159545001
383,683843.108748,125.07049995474517,2599,2603,0.5104967032903475,0.5632519476707412,1.4041749270075428,0.9219551710411906,3d gaze,2.835007960281776,-11.448723878892794,108.92600650351491,683843.108748 683843.1127825 683843.116817 683843.1208515 683843.1248860001 683843.1289204999 683843.132955 683843.1369895 683843.141024 683843.1450585 683843.149093 683843.1531275 683843.157162 683843.1611965001 683843.1652309999 683843.1692655 683843.1733005 683843.1773355 683843.18137 683843.1854045 683843.189439 683843.1934735 683843.1975080001 683843.2015424999 683843.205577 683843.2096115 683843.213646 683843.2176805 683843.221715 683843.2257495 683843.229784 683843.2338185
384,683843.2499565,217.86400000564754,2603,2610,0.5185836369167097,0.6146737177924944,1.285598129087634,0.9249904740940441,3d gaze,4.348678039554651,-16.94407206563838,110.82424785880758,683843.2499565 683843.253991 683843.2580255 683843.26206 683843.2660945 683843.2701290001 683843.2741634999 683843.278198 683843.2822325 683843.286267 683843.2903015 683843.294336 683843.2983705 683843.302405 683843.3064395001 683843.3104739999 683843.3145085 683843.318543 683843.3225775 683843.326612 683843.3306465 683843.334681 683843.3387155 683843.3427505 683843.3467850001 683843.3508194999 683843.354854 683843.3588885 683843.362923 683843.3669575 683843.370992 683843.3750265 683843.379061 683843.3830955001 683843.38713 683843.3911645 683843.3951995 683843.399234 683843.4032685 683843.407303 683843.4113375 683843.4153720001 683843.4194065 683843.423441 683843.4274755 683843.43151 683843.4355445 683843.439579 683843.4436135 683843.447648 683843.4516825 683843.455717 683843.4597515 683843.4637859999 683843.4678205
385,683843.471855,117.00099997688085,2610,2613,0.5191421856214591,0.6212841903653878,1.3400170794659318,0.9242906610171,3d gaze,4.312791628442759,-17.132833599044567,107.73794914614932,683843.471855 683843.4758895 683843.479924 683843.4839585 683843.4879930001 683843.4920275 683843.496062 683843.5000965 683843.5041315 683843.508166 683843.5122005 683843.516235 683843.5202695 683843.524304 683843.5283385001 683843.5323729999 683843.5364075 683843.540442 683843.5444765 683843.548511 683843.5525455 683843.55658 683843.5606145 683843.5646490001 683843.5686834999 683843.572718 683843.5767525 683843.580787 683843.5848215 683843.588856
386,683843.5928905,121.03599996771663,2613,2617,0.5260193952511365,0.6361919464985342,1.4390187204589646,0.9184876276600745,3d gaze,5.524537327536988,-18.579116509342366,107.26173264244285,683843.5928905 683843.596925 683843.6009595001 683843.6049945 683843.6090289999 683843.613063 683843.6170975 683843.6211325 683843.625167 683843.6292015 683843.6332360001 683843.6372705 683843.641305 683843.6453395 683843.649374 683843.6534085 683843.657443 683843.6614775 683843.6655125 683843.669547 683843.6735815001 683843.677616 683843.6816505 683843.685685 683843.6897195 683843.693754 683843.6977885 683843.701823 683843.7058575 683843.709892 683843.7139265
387,683843.717961,88.7589999474585,2617,2620,0.5466248237980006,0.6254600957199083,1.4897939540232736,0.9055937139884286,3d gaze,9.045199168692529,-17.337247961531947,106.07488927339953,683843.717961 683843.7219955 683843.72603 683843.7300645 683843.734099 683843.7381335 683843.742168 683843.7462025001 683843.750237 683843.7542715 683843.758306 683843.7623405 683843.766375 683843.7704095 683843.774444 683843.7784785 683843.782513 683843.7865474999 683843.790582 683843.7946165 683843.798651 683843.8026855 683843.80672
388,683843.8107545,129.1049999417737,2620,2624,0.5611789261281086,0.629797368577174,1.2830121696339576,0.9120107907237429,3d gaze,12.24006880404115,-18.795175614331665,111.9469692813737,683843.8107545 683843.814789 683843.8188235001 683843.8228579999 683843.8268925 683843.8309275 683843.834962 683843.8389965 683843.8430315 683843.847066 683843.8511005 683843.855135 683843.8591695 683843.863204 683843.8672384999 683843.871273 683843.8753075 683843.879342 683843.8833765 683843.887411 683843.8914455001 683843.89548 683843.8995145 683843.903549 683843.9075835 683843.911618 683843.9156525 683843.919687 683843.9237215 683843.927756 683843.9317905 683843.935825 683843.9398594999
389,683843.943894,217.86400000564754,2624,2630,0.5691639336000149,0.6238536605502992,0.5565069752496478,0.90085282813419,3d gaze,13.339209466424032,-17.691919512846344,108.8823858696916,683843.943894 683843.9479285 683843.951963 683843.9559975 683843.960032 683843.9640665001 683843.968101 683843.9721355 683843.97617 683843.9802045 683843.984239 683843.9882735 683843.992308 683843.9963425 683844.000377 683844.0044115 683844.008446 683844.012481 683844.0165155 683844.02055 683844.0245845 683844.028619 683844.0326535 683844.036688 683844.0407225 683844.0447569999 683844.0487915 683844.052826 683844.056861 683844.0608955 683844.06493 683844.0689645 683844.072999 683844.0770335 683844.081068 683844.0851024999 683844.089137 683844.0931715 683844.097206 683844.1012405 683844.105275 683844.1093095 683844.113344 683844.1173785 683844.121413 683844.1254475 683844.129482 683844.1335165 683844.137551 683844.1415855 683844.14562 683844.1496545 683844.153689 683844.1577234999 683844.161758
390,683844.1657925,125.07049995474517,2630,2634,0.5677078640426223,0.6151623227156467,1.332347518568475,0.9031255813315511,3d gaze,13.151754810082767,-16.907468473786334,109.57246626580928,683844.1657925 683844.169827 683844.173862 683844.1778965 683844.181931 683844.1859655 683844.19 683844.1940345 683844.198069 683844.2021035 683844.206138 683844.2101725 683844.214207 683844.2182415 683844.2222760001 683844.2263105 683844.230345 683844.2343795 683844.238414 683844.2424485 683844.246483 683844.2505175 683844.254552 683844.2585865 683844.262621 683844.2666555 683844.27069 683844.274725 683844.2787595 683844.282794 683844.2868285 683844.290863
391,683844.2948975,157.34600007999688,2634,2639,0.5540301547367691,0.5995950609834821,1.4862450487743288,0.9075027629733086,3d gaze,9.925351524349173,-14.233626375532108,102.16740965930094,683844.2948975 683844.2989320001 683844.3029664999 683844.307001 683844.3110355 683844.31507 683844.3191045 683844.323139 683844.3271735 683844.331208 683844.3352425001 683844.339277 683844.343312 683844.3473465 683844.351381 683844.3554155 683844.35945 683844.3634845 683844.367519 683844.3715535 683844.375588 683844.3796225 683844.383657 683844.3876915 683844.391726 683844.3957605 683844.399795 683844.4038295 683844.407864 683844.4118985 683844.415933 683844.4199675 683844.424002 683844.4280365 683844.432071 683844.4361055 683844.44014 683844.4441745 683844.448209 683844.4522435
392,683844.4845195,217.8649998968467,2640,2646,0.5773073482904904,0.5845599081984686,1.319508946834209,0.9022372023625808,3d gaze,14.917694792134217,-13.838924135394615,110.02078316832063,683844.4845195 683844.488554 683844.492589 683844.4966235 683844.500658 683844.5046925 683844.508727 683844.512762 683844.5167965 683844.5208310001 683844.5248655 683844.5289 683844.5329345 683844.536969 683844.5410035 683844.545038 683844.5490725 683844.553107 683844.5571415001 683844.5611759999 683844.5652105 683844.569245 683844.5732795 683844.577314 683844.5813485 683844.585383 683844.5894175 683844.5934520001 683844.5974865 683844.601521 683844.6055555 683844.60959 683844.6136245 683844.617659 683844.6216935 683844.625728 683844.6297625001 683844.6337969999 683844.6378315 683844.641866 683844.6459005 683844.649935 683844.6539695 683844.658004 683844.6620385 683844.6660730001 683844.6701075 683844.674142 683844.6781765 683844.6822115 683844.686246 683844.6902805 683844.694315 683844.6983495 683844.7023845
393,683844.7992125,217.8645000094548,2649,2656,0.5177894948480046,0.5672599612158371,1.4985199908690991,0.915333620927952,3d gaze,4.048149797159386,-11.668791595608143,107.23727443053724,683844.7992125 683844.803247 683844.8072815 683844.8113160001 683844.8153505 683844.819385 683844.8234195 683844.827454 683844.8314885 683844.835523 683844.8395575 683844.843592 683844.8476265 683844.8516615 683844.855696 683844.8597305 683844.863765 683844.8677995 683844.871834 683844.8758685 683844.879903 683844.8839375 683844.887972 683844.8920065 683844.896041 683844.9000755 683844.90411 683844.9081445 683844.912179 683844.9162135 683844.924283 683844.9283175 683844.932352 683844.9363865 683844.940421 683844.9444555 683844.94849 683844.9525245 683844.9565590001 683844.9605934999 683844.964628 683844.9686625 683844.972697 683844.9767315 683844.980766 683844.9848005 683844.988835 683844.9928695 683844.9969039999 683845.0009385 683845.004973 683845.0090075 683845.0130425 683845.017077
394,683845.0211115,80.68999997340143,2656,2658,0.5183402696064535,0.5704034199930157,1.2908327509122068,0.9141478084382557,3d gaze,4.2612278296124755,-12.329379321437719,110.3941535612034,683845.0211115 683845.025146 683845.0291805 683845.033215 683845.0372494999 683845.041284 683845.0453185 683845.049353 683845.0533875 683845.057422 683845.0614565 683845.065491 683845.0695255001 683845.07356 683845.0775945 683845.081629 683845.0856635 683845.089698 683845.0937325 683845.097767 683845.1018015
395,683845.121974,217.86400000564754,2659,2666,0.49584342176659335,0.5456787349565361,1.2562504281159634,0.935285866802389,3d gaze,0.21278153768488653,-8.582827593772924,96.43545565348248,683845.121974 683845.1260085 683845.130043 683845.1340775 683845.138112 683845.1421465001 683845.1461815 683845.150216 683845.1542505 683845.158285 683845.1623195 683845.166354 683845.1703885 683845.1744235 683845.178458 683845.1824924999 683845.186527 683845.1905615 683845.194596 683845.1986305 683845.202665 683845.2066995 683845.210734 683845.2147685001 683845.218803 683845.2228375 683845.226872 683845.2309065 683845.234941 683845.2389755 683845.24301 683845.2470445 683845.251079 683845.2551134999 683845.259148 683845.2631825 683845.267217 683845.2712515 683845.275286 683845.2793205 683845.283355 683845.2873895001 683845.291424 683845.2954585 683845.299493 683845.3035275 683845.307562 683845.3115965 683845.315631 683845.3196655 683845.3237 683845.3277344999 683845.331769 683845.3358035 683845.339838
396,683845.404391,217.86400000564754,2667,2674,0.5185882966532008,0.5638545088208768,1.3725945413192975,0.9199786207892678,3d gaze,3.8868401375961836,-10.499919682490635,99.40563884093011,683845.404391 683845.4084255 683845.41246 683845.4164945 683845.420529 683845.4245635 683845.428598 683845.4326325 683845.436667 683845.4407015 683845.444736 683845.4487705 683845.452805 683845.4568395 683845.460874 683845.4649085 683845.468943 683845.4729775 683845.477012 683845.4810465 683845.485081 683845.4891155 683845.49315 683845.4971845 683845.501219 683845.5052535 683845.509288 683845.5133225 683845.517357 683845.5213915 683845.525426 683845.529461 683845.5334955 683845.53753 683845.5415645 683845.5455990001 683845.5496335 683845.553668 683845.5577025 683845.561737 683845.5657715 683845.569806 683845.5738405 683845.577875 683845.5819095 683845.5859439999 683845.589979 683845.5940135 683845.598048 683845.6020825 683845.606117 683845.6101515 683845.614186 683845.6182205 683845.622255
397,683845.6262895,100.86299991235137,2674,2677,0.5169483398341254,0.56386968583512,0.9348387856065679,0.9170859387287726,3d gaze,3.5379044847973278,-10.290797775407025,97.40710371515493,683845.6262895 683845.630324 683845.6343585 683845.638393 683845.6424275 683845.646462 683845.6504965 683845.654531 683845.6585655 683845.6626 683845.6666345 683845.670669 683845.6747035 683845.678738 683845.6827725 683845.686807 683845.690842 683845.6948764999 683845.698911 683845.7029455 683845.70698 683845.7110145 683845.715049 683845.7190835 683845.723118 683845.7271525
398,683845.747325,92.79399993829429,2678,2680,0.5116358014916171,0.5100424849348315,1.442974338766073,0.900059433033069,3d gaze,2.7179605588135467,-5.543444711153117,98.47864259089688,683845.747325 683845.7513595 683845.755394 683845.7594285 683845.763463 683845.7674974999 683845.771532 683845.7755665 683845.779601 683845.7836355 683845.78767 683845.7917045 683845.795739 683845.799774 683845.8038085001 683845.807843 683845.8118775 683845.815912 683845.8199465 683845.823981 683845.8280155 683845.83205 683845.8360845 683845.840119
399,683845.8441534999,217.8645001258701,2681,2687,0.5115212153646695,0.49676754018112973,0.4626433548208808,0.9028468522158536,3d gaze,2.663521981311583,-4.3001092239674765,97.19537126655682,683845.8441534999 683845.848188 683845.852223 683845.8562575 683845.860292 683845.8643265 683845.868361 683845.8723955 683845.87643 683845.8804645 683845.884499 683845.8885335 683845.892568 683845.8966025 683845.900637 683845.9046715 683845.908706 683845.9127405 683845.916775 683845.9208095 683845.924844 683845.9288785 683845.932913 683845.9369475 683845.940982 683845.9450165 683845.949051 683845.9530855 683845.95712 683845.9611545 683845.965189 683845.9692235 683845.973258 683845.9772925 683845.981327 683845.9853615 683845.989396 683845.9934305 683845.997465 683846.0014995 683846.005534 683846.0095685 683846.0136035 683846.0176385 683846.021673 683846.0257075 683846.029742 683846.0337765 683846.037811 683846.0418455 683846.04588 683846.0499145 683846.053949 683846.0579835 683846.062018
400,683846.0660525,153.31149997655302,2687,2692,0.5104854249918009,0.49242849075362916,0.8544981693232293,0.9125071328419906,3d gaze,2.4341025417089637,-3.808665774901211,94.55136518870073,683846.0660525 683846.070087 683846.0741215 683846.078156 683846.0821905 683846.086225 683846.0902595 683846.094294 683846.0983285 683846.102363 683846.1063975 683846.110432 683846.1144665 683846.118501 683846.1225355 683846.12657 683846.1306045 683846.134639 683846.1386735 683846.142708 683846.1467425 683846.150777 683846.1548115 683846.158846 683846.1628805 683846.166915 683846.1709495 683846.174984 683846.1790185 683846.1830535 683846.187088 683846.1911225 683846.195157 683846.1991915 683846.203226 683846.2072604999 683846.211295 683846.2153295 683846.219364
401,683846.2677785,173.48400002811104,2693,2698,0.5414131822578295,0.5476619345593731,1.4695575694873075,0.9124565083872188,3d gaze,8.111630020742636,-9.695602254829215,106.54645153817705,683846.2677785 683846.271813 683846.2758475 683846.2798820001 683846.2839165 683846.287951 683846.2919855 683846.29602 683846.3000545 683846.304089 683846.3081235 683846.312158 683846.3161925001 683846.320227 683846.3242615 683846.328296 683846.3323305 683846.336365 683846.3403995 683846.344434 683846.3484685 683846.3525030001 683846.3565375 683846.3605725 683846.364607 683846.3686415 683846.372676 683846.3767105 683846.380745 683846.3847795 683846.388814 683846.3928485 683846.396883 683846.4009175 683846.404952 683846.4089865 683846.413021 683846.4170555 683846.42109 683846.4251245 683846.429159 683846.4331935 683846.437228 683846.4412625
402,683846.4493315,108.93250000663102,2699,2702,0.5460713502488593,0.572744815200699,1.4991123383032006,0.9189300664833614,3d gaze,9.066355480210778,-12.344572734440963,108.1550743164674,683846.4493315 683846.453366 683846.4574005 683846.4614355 683846.4654699999 683846.4695045 683846.473539 683846.4775735 683846.481608 683846.4856425 683846.489677 683846.4937115 683846.4977460001 683846.5017805 683846.505815 683846.5098495 683846.513884 683846.5179185 683846.5219535 683846.525988 683846.5300225 683846.534057 683846.5380915 683846.542126 683846.5461605 683846.550195 683846.5542295 683846.558264
403,683846.5622985,108.93149999901652,2702,2705,0.5441065346338168,0.5831900551632491,1.208820788862766,0.9277521339910371,3d gaze,8.391229850411625,-12.882149516757048,103.98539851995018,683846.5622985 683846.566333 683846.5703675 683846.574402 683846.5784365 683846.582471 683846.5865055 683846.59054 683846.5945745 683846.598609 683846.6026435 683846.606678 683846.6107125 683846.614747 683846.6187815 683846.622816 683846.6268505 683846.630885 683846.6349195 683846.638954 683846.6429885 683846.647023 683846.6510575 683846.655092 683846.6591265 683846.663161 683846.6671955 683846.67123
404,683846.784197,137.1740000322461,2709,2713,0.5919853168324025,0.6182329819970079,1.4333133375789031,0.902420232125691,3d gaze,16.63010002796435,-16.364505821281902,103.48108789764396,683846.784197 683846.7882315 683846.7922660001 683846.7963005 683846.800335 683846.8043695 683846.808404 683846.8124385 683846.816473 683846.8205075 683846.824542 683846.8285765001 683846.832611 683846.8366455 683846.84068 683846.8447145 683846.848749 683846.8527835 683846.856818 683846.860853 683846.8648875 683846.868922 683846.8729565 683846.876991 683846.8810255 683846.88506 683846.8890945 683846.893129 683846.8971635 683846.901198 683846.9052329999 683846.9092675 683846.913302 683846.9173365 683846.921371
405,683846.9254055,165.41500005405396,2713,2718,0.5964606484035588,0.6232277862428486,1.404669491837253,0.9034778426090876,3d gaze,18.228034330366697,-17.639030116833784,108.29698657556669,683846.9254055 683846.92944 683846.9334745 683846.937509 683846.9415434999 683846.945578 683846.9496125 683846.953647 683846.9576815 683846.961716 683846.9657505 683846.969785 683846.9738195 683846.9778539999 683846.9818885 683846.985923 683846.9899575 683846.993992 683846.9980265 683847.002061 683847.0060955 683847.01013 683847.0141644999 683847.018199 683847.022234 683847.0262685 683847.030303 683847.0343375 683847.038372 683847.0424065 683847.046441 683847.0504755001 683847.05451 683847.0585445 683847.062579 683847.0666135 683847.070648 683847.0746825 683847.078717 683847.0827515 683847.086786 683847.0908205
406,683847.094855,165.4154999414459,2718,2723,0.582577036068097,0.6404085732790853,1.0481024373977126,0.8926982849072187,3d gaze,15.607720217666214,-19.197733310482718,107.39082118722672,683847.094855 683847.0988895 683847.102924 683847.1069585 683847.110993 683847.115028 683847.1190625 683847.123097 683847.1271315 683847.131166 683847.1352005 683847.139235 683847.1432695 683847.147304 683847.1513385 683847.155373 683847.1594075 683847.163442 683847.1674765 683847.171511 683847.1755455 683847.17958 683847.1836145 683847.187649 683847.1916835 683847.195718 683847.199753 683847.207822 683847.2118565 683847.215891 683847.22396 683847.2279945 683847.232029 683847.2360634999 683847.240098 683847.2441325 683847.248167 683847.256236 683847.2602705
407,683847.8008965,217.86400000564754,2739,2745,0.5793886727662627,0.636172674701479,1.3015410476845408,0.9073316232724623,3d gaze,14.085194404741449,-17.57085694930127,100.64850601918867,683847.8008965 683847.804931 683847.8089655 683847.813 683847.8170345 683847.821069 683847.8251035 683847.829138 683847.8331725 683847.837207 683847.8412415 683847.845276 683847.8493105 683847.853345 683847.8573795 683847.861414 683847.8654485 683847.8694835 683847.873518 683847.8775525 683847.881587 683847.8856215 683847.8896560001 683847.8936905 683847.897725 683847.9017595 683847.905794 683847.9098285 683847.913863 683847.9178975 683847.921932 683847.9259665 683847.930001 683847.9340355 683847.93807 683847.9421045 683847.946139 683847.9501735 683847.954208 683847.9582425 683847.9622770001 683847.9663115 683847.970346 683847.9743805 683847.978415 683847.9824495 683847.986484 683847.9905185 683847.994553 683847.9985875 683848.0026225001 683848.006657 683848.0106915 683848.014726 683848.0187605
408,683848.180141,84.72550008445978,2750,2753,0.5317401063967074,0.7346507249812589,1.4032837202281792,0.9380136619914662,3d gaze,6.75997305594047,-29.158783494292493,108.35645736226435,683848.180141 683848.1841755 683848.18821 683848.1922445 683848.196279 683848.200314 683848.2043485 683848.208383 683848.212418 683848.2164525 683848.220487 683848.2245215001 683848.2285559999 683848.2325905 683848.236625 683848.2406595 683848.244694 683848.2487285 683848.252763 683848.2567975 683848.260832 683848.2648665
409,683848.268901,117.00099997688085,2753,2756,0.5203690335965209,0.7397093878586554,0.8018252067477898,0.9408802390098572,3d gaze,4.310551281011133,-27.404508883008013,100.08481612686556,683848.268901 683848.2729355 683848.27697 683848.2810045 683848.285039 683848.2890735 683848.293108 683848.2971425 683848.3011769999 683848.3052115 683848.309246 683848.3132805 683848.317315 683848.3213495 683848.325384 683848.3294185 683848.333453 683848.3374875 683848.341522 683848.3455565 683848.349591 683848.3536255 683848.35766 683848.361695 683848.3657295001 683848.369764 683848.3737985 683848.377833 683848.3818675 683848.385902
410,683848.462558,88.75949995126575,2759,2761,0.5373578361594636,0.5716507082643845,1.278592206120852,0.8987320195073667,3d gaze,6.554344086641601,-10.647877617982662,94.22498750284882,683848.462558 683848.4665925 683848.470627 683848.4746615 683848.4786960001 683848.4827305 683848.486765 683848.4907995 683848.494834 683848.4988685 683848.502903 683848.5069375 683848.510972 683848.5150065 683848.5190409999 683848.5230755 683848.52711 683848.531145 683848.5351795 683848.539214 683848.5432485 683848.547283 683848.5513175
411,683848.555352,217.86400000564754,2761,2768,0.5363202077636141,0.5456989993262592,1.4712664115628382,0.8967790993777188,3d gaze,6.586251006592393,-8.6678367628906,97.33605231774301,683848.555352 683848.5593864999 683848.563421 683848.5674555 683848.57149 683848.5755245 683848.579559 683848.5835935 683848.587628 683848.5916625 683848.595697 683848.5997315 683848.603766 683848.6078005 683848.611835 683848.6158695 683848.619904 683848.6239385 683848.627973 683848.6320074999 683848.636042 683848.6400765 683848.644111 683848.648146 683848.6521805 683848.656215 683848.6602495 683848.6642839999 683848.6683185 683848.672353 683848.6763875 683848.680422 683848.6844565 683848.688491 683848.6925255 683848.6965600001 683848.7005950001 683848.7046294999 683848.708664 683848.7126985 683848.716733 683848.7207675 683848.724802 683848.7288365 683848.732871 683848.7369055001 683848.74094 683848.7449745 683848.749009 683848.7530435 683848.757078 683848.7611125 683848.765147 683848.7691815 683848.7732160001
412,683848.9144245,145.24250000249594,2772,2777,0.5237433524567544,0.7566945886975797,1.464887764981058,0.9398050284063494,3d gaze,5.349211507210586,-31.768767704614422,109.14225222749266,683848.9144245 683848.918459 683848.9224934999 683848.926528 683848.9305625 683848.934597 683848.9386315 683848.942666 683848.9467005 683848.950735 683848.9547695001 683848.9588039999 683848.9628385 683848.966873 683848.9709075 683848.974942 683848.9789765 683848.983011 683848.9870455 683848.99108 683848.9951144999 683848.999149 683849.0031835 683849.007218 683849.0112525 683849.015287 683849.0193215 683849.023356 683849.0273905001 683849.031425 683849.0354595 683849.0394945 683849.043529 683849.0475635 683849.051598 683849.0556325 683849.059667
413,683849.0637015,217.86400000564754,2777,2783,0.512730123079242,0.7478476815703882,0.82170360555068,0.9425403047691692,3d gaze,3.1509295217794073,-29.261233822224547,103.80159456469244,683849.0637015 683849.067736 683849.0717705 683849.075805 683849.0798395 683849.083874 683849.0879085 683849.091943 683849.0959775 683849.1000125001 683849.104047 683849.1080815 683849.112116 683849.1161505 683849.120185 683849.1242195 683849.128254 683849.1322885 683849.136323 683849.1403575 683849.144392 683849.1484265 683849.152461 683849.1564955 683849.16053 683849.1645645 683849.168599 683849.1726335001 683849.176668 683849.1807025 683849.184737 683849.1887715 683849.192806 683849.1968405 683849.2008755 683849.20491 683849.2089445 683849.2129790001 683849.2170134999 683849.221048 683849.2250825 683849.229117 683849.2331515 683849.237186 683849.2412205 683849.245255 683849.2492895001 683849.2533239999 683849.2573585 683849.261393 683849.2654275 683849.269462 683849.2734965 683849.277531 683849.2815655
414,683849.2856000001,217.86400000564754,2783,2790,0.5071792181991536,0.7407029468157899,0.8637814618116275,0.9537742549722845,3d gaze,2.161385945510001,-28.160376627475024,102.52633641683396,683849.2856000001 683849.2896345 683849.293669 683849.2977035 683849.301738 683849.3057725 683849.3098075 683849.313842 683849.3178765 683849.321911 683849.3259455 683849.32998 683849.3340145 683849.338049 683849.3420835 683849.346118 683849.3501525 683849.354187 683849.3582215 683849.362256 683849.3662905 683849.370325 683849.3743595 683849.3783945 683849.382429 683849.3864635 683849.390498 683849.3945325001 683849.3985669999 683849.4026015 683849.406636 683849.4106705 683849.414705 683849.4187395 683849.422774 683849.4268085 683849.4308430001 683849.4348774999 683849.438912 683849.4429465 683849.446981 683849.4510155 683849.45505 683849.4590845 683849.463119 683849.4671535001 683849.4711879999 683849.4752225 683849.479257 683849.4832915 683849.487326 683849.4913605 683849.495395 683849.4994295 683849.5034640001
415,683849.5074984999,217.8645001258701,2790,2796,0.5058287197935177,0.7385396887532186,0.8074437593801248,0.9749762014909225,3d gaze,1.9147994681760017,-27.758439282831812,101.88145690459906,683849.5074984999 683849.511533 683849.5155675 683849.519602 683849.5236365 683849.5276715 683849.531706 683849.5357405 683849.5397755 683849.54381 683849.5478445 683849.551879 683849.5559135 683849.559948 683849.5639825 683849.568017 683849.5720515 683849.5760860001 683849.5801205 683849.584155 683849.5881895 683849.592224 683849.5962585 683849.600293 683849.6043275 683849.608362 683849.6123965 683849.616431 683849.6204655 683849.6245 683849.6285345 683849.632569 683849.6366035 683849.640638 683849.6446725 683849.6487070001 683849.6527415 683849.656776 683849.6608105 683849.664845 683849.6688795 683849.672914 683849.6769485 683849.680983 683849.6850175 683849.689052 683849.6930865 683849.697121 683849.7011555 683849.70519 683849.709225 683849.7132595 683849.717294 683849.7213285 683849.7253630001
416,683849.7293974999,217.86400000564754,2796,2803,0.5093319731509219,0.7285653382474548,0.6879384320918954,0.957131153345108,3d gaze,2.4638037005602325,-26.310771218529624,100.21414809601815,683849.7293974999 683849.733432 683849.7374665 683849.741501 683849.745536 683849.7495705 683849.753605 683849.7576395 683849.761674 683849.7657085 683849.7697429999 683849.7737775 683849.777812 683849.7818465 683849.785881 683849.7899155 683849.7939500001 683849.7979845 683849.802019 683849.8060535 683849.810088 683849.8141225 683849.818157 683849.8221915 683849.826226 683849.8302605 683849.834295 683849.8383295 683849.8423639999 683849.8463985 683849.850433 683849.8544675 683849.858502 683849.8625365 683849.8665710001 683849.8706060001 683849.8746404999 683849.878675 683849.8827095 683849.886744 683849.8907785 683849.894813 683849.8988475 683849.902882 683849.9069165001 683849.9109509999 683849.9149855 683849.91902 683849.9230545 683849.927089 683849.9311235 683849.935158 683849.9391925 683849.9432270001 683849.9472614999
417,683849.951296,217.86400000564754,2803,2810,0.5086522610257607,0.7301166300201738,1.2315495368132852,0.9669304289601066,3d gaze,2.4081055225957324,-27.086986630659766,102.59464402963513,683849.951296 683849.9553305 683849.959365 683849.9634 683849.9674345 683849.971469 683849.9755035 683849.979538 683849.9835725001 683849.9876069999 683849.9916415 683849.995676 683849.9997105 683850.003745 683850.0077795 683850.011814 683850.0158485 683850.0198830001 683850.0239175 683850.027952 683850.0319865 683850.036021 683850.040056 683850.0440905 683850.048125 683850.0521595001 683850.056194 683850.0602285 683850.064263 683850.0682975 683850.072332 683850.0763665 683850.080401 683850.0844355 683850.08847 683850.0925045 683850.096539 683850.1005734999 683850.104608 683850.1086425 683850.112677 683850.1167115 683850.120746 683850.1247805001 683850.128815 683850.1328495 683850.136884 683850.1409185 683850.144953 683850.1489875 683850.153022 683850.1570565 683850.161091 683850.1651255 683850.16916
418,683850.1731944999,185.58800010941923,2810,2815,0.5027758993395367,0.7345516143092233,1.464979910056017,0.9697713008586396,3d gaze,1.3829622712628045,-27.083124455205777,100.8935851120626,683850.1731944999 683850.177229 683850.1812635 683850.185298 683850.189333 683850.1933675 683850.197402 683850.2014365001 683850.2054709999 683850.209506 683850.2135405 683850.217575 683850.2216095 683850.225644 683850.2296785 683850.233713 683850.2377475 683850.241782 683850.2458164999 683850.249851 683850.2538855 683850.25792 683850.2619545 683850.265989 683850.2700235001 683850.274058 683850.2780925 683850.282127 683850.2861615 683850.290196 683850.2942305 683850.298265 683850.3022995 683850.306334 683850.3103685 683850.314403 683850.3184374999 683850.322472 683850.3265065 683850.330541 683850.3345755 683850.33861 683850.3426445001 683850.346679 683850.3507135 683850.354748 683850.3587825
419,683850.362817,217.8645000094548,2815,2822,0.5016402127090548,0.7483282496459306,0.5228283026706301,0.9799371247941797,3d gaze,1.19253965835937,-28.42369932947283,100.69174819864568,683850.362817 683850.3668515 683850.370886 683850.3749205 683850.378955 683850.3829895 683850.3870244999 683850.391059 683850.3950935 683850.399128 683850.4031625 683850.4071975 683850.411232 683850.4152665 683850.419301 683850.4233355001 683850.4273699999 683850.4314045 683850.435439 683850.4394735 683850.443508 683850.4475425 683850.451577 683850.4556115 683850.4596460001 683850.4636804999 683850.467715 683850.4717495 683850.475784 683850.4798185 683850.483853 683850.4878875 683850.491922 683850.4959565001 683850.4999909999 683850.5040255 683850.50806 683850.5120945 683850.516129 683850.5201635 683850.524198 683850.5282325 683850.5322670001 683850.5363014999 683850.540336 683850.5443705 683850.5484055 683850.55244 683850.5564745 683850.560509 683850.5645435 683850.568578 683850.5726125 683850.5766469999 683850.5806815
420,683850.584716,217.86400000564754,2822,2829,0.5111311469128074,0.7353820976469444,1.1841144258743763,0.9646067364649339,3d gaze,2.731158974845089,-26.65128566627079,98.94132089276913,683850.584716 683850.5887505 683850.592785 683850.5968195 683850.6008540001 683850.6048885 683850.608923 683850.6129575 683850.616992 683850.6210265 683850.6250615 683850.629096 683850.6331305 683850.637165 683850.6411995001 683850.6452339999 683850.6492685 683850.653303 683850.6573375 683850.661372 683850.6654065 683850.669441 683850.6734755 683850.6775100001 683850.6815444999 683850.685579 683850.6896135 683850.693648 683850.6976825 683850.701717 683850.7057515 683850.7097865 683850.713821 683850.7178555 683850.7218899999 683850.7259245 683850.729959 683850.7339935 683850.738028 683850.7420625 683850.7460970001 683850.7501315 683850.754166 683850.7582004999 683850.762235 683850.7662695 683850.770304 683850.7743385 683850.778373 683850.7824075 683850.786442 683850.7904765 683850.7945109999 683850.7985455 683850.80258
421,683850.8066145,181.55350000597537,2829,2834,0.509497821767396,0.7300913883568714,1.4250991237871533,0.955856785826061,3d gaze,2.4277445480779556,-25.8156311826274,97.76009550692024,683850.8066145 683850.810649 683850.8146835 683850.8187180001 683850.8227525 683850.826787 683850.8308214999 683850.8348564999 683850.838891 683850.8429255 683850.84696 683850.8509945 683850.855029 683850.8590635001 683850.863098 683850.8671325 683850.871167 683850.8752015 683850.8792365 683850.883271 683850.8873055 683850.89134 683850.8953745 683850.8994090001 683850.9034434999 683850.907478 683850.9115125 683850.915547 683850.9195815 683850.923616 683850.9276505 683850.931685 683850.9357195001 683850.9397539999 683850.9437885 683850.947823 683850.9518575 683850.955892 683850.9599265 683850.963961 683850.9679955 683850.9720300001 683850.9760644999 683850.980099 683850.9841335 683850.988168
422,683850.9922025,219.01300002355129,2834,2841,0.507691804477971,0.747349657086808,1.4865505625789373,0.9681408291513269,3d gaze,2.1126627881758653,-27.04226169500326,96.12327295833008,683850.9922025 683850.996237 683851.0002715 683851.004306 683851.0083405001 683851.0123749999 683851.0164095 683851.020444 683851.0244785 683851.028513 683851.0325475 683851.0365820001 683851.0406165 683851.0446510001 683851.048686 683851.052721 683851.0567555 683851.0619385 683851.065973 683851.0700075 683851.074042 683851.0780765 683851.082111 683851.0861455 683851.09018 683851.0942144999 683851.098249 683851.1022835 683851.106318 683851.1103525 683851.114387 683851.1184215 683851.122456 683851.1264905 683851.130525 683851.13456 683851.1385945 683851.142629 683851.1466635 683851.150698 683851.1547325 683851.158767 683851.1628015 683851.166836 683851.1708705 683851.174905 683851.1789395 683851.182974 683851.1870085 683851.191043 683851.1950775 683851.199112 683851.2031465 683851.207181 683851.2112155
423,683851.21525,129.1049999417737,2841,2845,0.5133489242044427,0.7365776251245854,1.3943806451579623,0.9502107844208226,3d gaze,3.106011634306814,-26.918930671594325,99.53540749920008,683851.21525 683851.2192845 683851.223319 683851.227354 683851.2313885 683851.235423 683851.2394574999 683851.243492 683851.2475265 683851.251561 683851.2555955 683851.25963 683851.2636645 683851.267699 683851.2717335001 683851.275768 683851.2798025 683851.283837 683851.2878715 683851.291906 683851.295941 683851.2999755 683851.30401 683851.3080445 683851.312079 683851.3161135 683851.320148 683851.3241825 683851.328217 683851.3322515 683851.336286 683851.3403205 683851.344355
424,683851.3483895,217.86449989303946,2845,2851,0.5068360921780016,0.7206384314308504,0.783150847691412,0.9635199590162797,3d gaze,2.0725566245009817,-25.904086753170674,101.74339635399052,683851.3483895 683851.352424 683851.3564585 683851.360493 683851.3645275 683851.368562 683851.3725965 683851.376631 683851.3806655 683851.3847 683851.388735 683851.3927695 683851.396804 683851.4008385 683851.404873 683851.4089075 683851.412942 683851.4169765001 683851.4210109999 683851.4250455 683851.42908 683851.4331145 683851.437149 683851.4411835 683851.445218 683851.4492525 683851.453287 683851.4573220001 683851.4613565 683851.465391 683851.4694255 683851.47346 683851.4774945 683851.481529 683851.4855635 683851.489598 683851.4936325 683851.4976669999 683851.5017015 683851.505736 683851.5097705 683851.513805 683851.5178395 683851.521874 683851.5259085 683851.5299430001 683851.5339775 683851.538012 683851.5420465 683851.546081 683851.550116 683851.5541505 683851.558185 683851.5622195 683851.566254
425,683851.5702885,217.86449989303946,2851,2858,0.5084696053559596,0.7240376912946309,1.3808708118544952,0.958944996920499,3d gaze,2.3560784065604587,-26.305000066632577,101.90167873175656,683851.5702885 683851.574323 683851.5783575 683851.582392 683851.5864265 683851.590461 683851.5944955 683851.59853 683851.6025645 683851.606599 683851.6106335 683851.614668 683851.618703 683851.6227375 683851.626772 683851.6308065 683851.634841 683851.6388755 683851.6429099999 683851.6469445 683851.650979 683851.6550135 683851.659048 683851.6630825 683851.667117 683851.6711515 683851.6751860001 683851.6792205 683851.683255 683851.6872895 683851.691324 683851.6953585 683851.699393 683851.7034275 683851.707462 683851.7114965 683851.7155309999 683851.719566 683851.7236005 683851.727635 683851.7316695 683851.735704 683851.7397385 683851.743773 683851.7478075 683851.751842 683851.7558764999 683851.759911 683851.7639455 683851.76798 683851.7720145 683851.776049 683851.780084 683851.7841185 683851.788153
426,683851.7921875,217.86400000564754,2858,2865,0.5070860549384176,0.7400675435628302,1.0909302087544888,0.971650265563618,3d gaze,2.112178597166217,-27.635912327048572,100.85189306155364,683851.7921875 683851.796222 683851.8002565 683851.804291 683851.8083255 683851.81236 683851.8163945 683851.820429 683851.8244635 683851.828498 683851.8325325 683851.836567 683851.8406015 683851.844636 683851.8486705 683851.852705 683851.8567395 683851.860774 683851.8648085 683851.868843 683851.8728775 683851.876912 683851.8809465 683851.884981 683851.8890155 683851.89305 683851.897085 683851.9011194999 683851.905154 683851.9091885 683851.913223 683851.9172575 683851.921292 683851.9253265 683851.929361 683851.9333955001 683851.93743 683851.941465 683851.9454995 683851.949534 683851.9535685 683851.957603 683851.9616375 683851.965672 683851.9697065 683851.973741 683851.9777755 683851.98181 683851.9858445 683851.989879 683851.9939135 683851.997948 683852.0019825 683852.006017 683852.0100515
427,683852.014086,217.8645000094548,2865,2871,0.5038281871193288,0.7426074893778666,0.9948187912833667,0.9693795680999756,3d gaze,1.5382507731673254,-27.35276026337364,98.9022020412288,683852.014086 683852.0181205 683852.022155 683852.0261895 683852.030224 683852.0342585 683852.038293 683852.0423275 683852.046362 683852.0503965 683852.054431 683852.058466 683852.0625005 683852.066535 683852.0705695 683852.074604 683852.0786385001 683852.0826729999 683852.0867075 683852.090742 683852.094777 683852.0988115 683852.102846 683852.1068805 683852.110915 683852.1149495 683852.1189840001 683852.1230185 683852.127053 683852.1310875 683852.135122 683852.1391565 683852.143191 683852.1472255 683852.15126 683852.1552945001 683852.159329 683852.1633635 683852.167398 683852.1714325 683852.175467 683852.1795015 683852.183536 683852.1875705 683852.191605 683852.1956395 683852.199674 683852.2037085 683852.207743 683852.2117775 683852.215812 683852.2198465 683852.223881 683852.227916 683852.2319505
428,683852.4699875,80.68999997340143,2878,2881,0.5328246275122841,0.7000366997548484,1.3825853559141141,0.9263895869255065,3d gaze,6.800746854158672,-25.13565410882982,107.10119562572893,683852.4699875 683852.4780565 683852.482091 683852.4861254999 683852.49016 683852.4941945 683852.498229 683852.5022635 683852.506298 683852.5103325 683852.514367 683852.5184015 683852.5224359999 683852.5264705 683852.530505 683852.5345395 683852.538574 683852.5426085 683852.546643 683852.5506775
429,683852.65961,161.38100007083267,2884,2889,0.41711999593301663,0.6148218310430965,1.373096091326249,0.985014070824879,3d gaze,-12.26694867984969,-14.880463878752124,96.56528597263298,683852.65961 683852.6636445 683852.667679 683852.6717135 683852.675748 683852.6797825 683852.683817 683852.6878515 683852.691886 683852.6959205 683852.699955 683852.7039895 683852.708024 683852.7120585 683852.716093 683852.7201275 683852.724162 683852.728197 683852.732232 683852.7362665 683852.740301 683852.7443355 683852.74837 683852.7524045 683852.756439 683852.7604735 683852.764508 683852.7685425 683852.772577 683852.7766115 683852.780646 683852.7846805 683852.788715 683852.7927495 683852.796784 683852.8008185 683852.804853 683852.8088875 683852.812922 683852.8169565 683852.820991
430,683852.8250255,117.0014999806881,2889,2892,0.40874151030993827,0.5963833438053523,1.4714564759815179,0.9846482356389363,3d gaze,-13.590241798323483,-13.23364557254618,96.60425607272059,683852.8250255 683852.82906 683852.8330945 683852.837129 683852.8411635 683852.845198 683852.8492325 683852.853267 683852.8573015 683852.861336 683852.8653705 683852.869405 683852.8734395 683852.877474 683852.8815085 683852.885543 683852.8895775 683852.893612 683852.897647 683852.901682 683852.9057165 683852.909751 683852.9137855 683852.91782 683852.9218545 683852.9258890001 683852.9299235 683852.933958 683852.9379925 683852.942027
431,683852.9460615,96.8280000379309,2892,2895,0.40245160237546107,0.5773045757790226,1.3952309708760784,0.982445330619812,3d gaze,-13.919153603711825,-11.010256971537837,92.31407282396434,683852.9460615 683852.950096 683852.9541305 683852.958165 683852.9621995 683852.9662339999 683852.9702685 683852.974303 683852.9783375 683852.982372 683852.9864065 683852.990441 683852.9944755 683852.9985100001 683853.0025445 683853.006579 683853.0106135 683853.014648 683853.0186825 683853.022717 683853.0267515 683853.030786 683853.0348205 683853.0388549999 683853.0428895
432,683853.046924,185.5890000006184,2895,2901,0.39249097991614046,0.5875569852719454,1.4437371873245504,0.989020844723316,3d gaze,-15.087423553228552,-11.611897605974406,89.90839136958367,683853.046924 683853.0509585 683853.0549935 683853.0590285 683853.063063 683853.0670975 683853.0711320001 683853.0751665 683853.079201 683853.0832355 683853.08727 683853.0913045 683853.095339 683853.0993735 683853.103408 683853.1074425 683853.1114769999 683853.1155115 683853.119546 683853.1235805 683853.127615 683853.1316495 683853.135684 683853.1397185 683853.1437530001 683853.1477875 683853.151822 683853.1558565 683853.159891 683853.1639255 683853.16796 683853.1719945 683853.176029 683853.1800635 683853.1840979999 683853.1881325 683853.192167 683853.1962015 683853.200236 683853.2042705 683853.208305 683853.2123395 683853.2163740001 683853.2204085 683853.2244435 683853.2284785 683853.232513
433,683853.2365475,88.7589999474585,2901,2904,0.4034883160305961,0.6058941551391925,0.9168960453444017,0.9945625222247579,3d gaze,-14.309418025203424,-13.969697774746317,95.64988262043326,683853.2365475 683853.240582 683853.2446165 683853.248651 683853.2526855 683853.25672 683853.2607545 683853.264789 683853.2688235 683853.272858 683853.2768925 683853.280927 683853.2849615 683853.288996 683853.2930305 683853.297065 683853.3010995 683853.305134 683853.3091685 683853.313203 683853.3172375 683853.321272 683853.3253065
434,683853.514929,217.86449989303946,2909,2916,0.6387454948044543,0.6309167172747463,1.0812230049402949,0.8828124641268341,3d gaze,26.399084131773773,-18.848027539166722,109.26217842774882,683853.514929 683853.5189635 683853.522998 683853.5270325 683853.531067 683853.5351015 683853.5391365 683853.543171 683853.5472055 683853.55124 683853.559309 683853.5633435 683853.5673785 683853.571413 683853.5754475 683853.579482 683853.5835165 683853.5875510001 683853.5915855 683853.59562 683853.5996545 683853.603689 683853.6077235 683853.611758 683853.6157925 683853.619827 683853.6238615 683853.6278959999 683853.6319305 683853.635965 683853.6399995 683853.644034 683853.6480685 683853.652103 683853.6561375 683853.6601720001 683853.6642065 683853.668241 683853.6722755 683853.67631 683853.6803445 683853.684379 683853.6884135 683853.692448 683853.6964825 683853.7005169999 683853.7045515 683853.7085865 683853.712621 683853.7166555 683853.72069 683853.7247245 683853.728759 683853.7327935
435,683853.7368285,217.86399988923222,2916,2923,0.6455664115377262,0.6372587198320246,0.7989157479947947,0.8839255234709492,3d gaze,28.14813950831306,-19.853643393922205,110.83804719068264,683853.7368285 683853.740863 683853.7448975 683853.748932 683853.7529665 683853.7610355 683853.76507 683853.7691045 683853.7731389999 683853.7771735 683853.781208 683853.7852425 683853.789277 683853.7933115 683853.797346 683853.8013805 683853.8054150001 683853.8094495 683853.813484 683853.8175185 683853.821553 683853.8255875 683853.829622 683853.8336565 683853.837691 683853.8417255 683853.8457599999 683853.8497945 683853.853829 683853.8578635 683853.8618985 683853.865933 683853.8699675 683853.874002 683853.8780365 683853.882071 683853.8861055 683853.89014 683853.8941745 683853.8982095 683853.902244 683853.9062785 683853.910313 683853.9143475 683853.918382 683853.9224165 683853.926451 683853.9304855 683853.93452 683853.9385545 683853.942589 683853.9466235 683853.950658 683853.9546925
436,683854.112039,112.96649998985231,2927,2931,0.46681517023528,0.5579091382049103,1.3891089984496139,0.9483553304754454,3d gaze,-4.312462332273434,-9.62366493011475,96.04224199486265,683854.112039 683854.1160735 683854.120108 683854.1241425 683854.128177 683854.1322115 683854.136246 683854.1402805 683854.144315 683854.1483495 683854.152384 683854.1564185 683854.160453 683854.1644875 683854.168522 683854.1725565 683854.1765914999 683854.180626 683854.1846605 683854.188695 683854.1927295 683854.196764 683854.2007985 683854.204833 683854.2088675 683854.2129019999 683854.2169365 683854.220971 683854.2250055
437,683854.22904,165.4154999414459,2931,2936,0.45745883364409196,0.5557060257285076,0.998080836483012,0.9524429036038262,3d gaze,-5.664693078038872,-9.263044460551177,94.26316703738787,683854.22904 683854.2330745 683854.2371095 683854.241144 683854.2451785 683854.2492130001 683854.2532475 683854.257282 683854.2613165 683854.265351 683854.2693855 683854.27342 683854.2774545 683854.281489 683854.2855235 683854.2895579999 683854.2935925 683854.297627 683854.3016615 683854.305696 683854.3097305 683854.313765 683854.3177995 683854.3218340001 683854.3258685 683854.329903 683854.3339375 683854.337972 683854.3420065 683854.3460415 683854.350076 683854.3541105 683854.358145 683854.3621795 683854.366214 683854.3702485 683854.374283 683854.3783175 683854.382352 683854.3863865 683854.390421 683854.3944555
438,683854.73739,80.69049997720867,2946,2948,0.5143721186193931,0.6036322681934718,1.3450024120446684,0.8753756582736969,3d gaze,3.198242097591849,-14.086551015173736,98.76864464099704,683854.73739 683854.741425 683854.7454595 683854.749494 683854.7535285 683854.7615975 683854.765632 683854.7696665 683854.773701 683854.7777355 683854.78177 683854.7858045 683854.789839 683854.7938735 683854.797908 683854.8019425 683854.805977 683854.8100115 683854.814046 683854.8180805
439,683854.967358,137.1740000322461,2953,2957,0.5419955609132081,0.6003645614225444,1.4701097751763552,0.9233007652418954,3d gaze,8.16836839690689,-14.738945789678057,105.3886162302474,683854.967358 683854.9713925 683854.975427 683854.9794615 683854.9834960001 683854.9875305 683854.9915655 683854.9956 683854.9996345 683855.003669 683855.0077035 683855.011738 683855.0157725 683855.019807 683855.0238415 683855.027876 683855.0319105 683855.035945 683855.0399795 683855.044014 683855.0480485 683855.052083 683855.0561175 683855.060152 683855.0641865 683855.068221 683855.0722555 683855.0762905 683855.080325 683855.0843595 683855.088394 683855.0924285 683855.0964629999 683855.1004975 683855.104532
440,683855.1085665,217.8645000094548,2957,2964,0.5353326189062908,0.5924413269612587,1.2494595062859795,0.8999776630489914,3d gaze,6.933608256514891,-13.827816806791999,104.49213937897048,683855.1085665 683855.112601 683855.1166355 683855.12067 683855.1247045 683855.1287390001 683855.1327735 683855.136808 683855.1408425 683855.1448775 683855.148912 683855.1529465 683855.156981 683855.1610155 683855.16505 683855.1690845 683855.173119 683855.1771535 683855.181188 683855.1852225 683855.189257 683855.1932915 683855.197326 683855.2013605 683855.205395 683855.2094295 683855.213464 683855.2174985 683855.221533 683855.2255675 683855.229602 683855.2336365 683855.237671 683855.2417055 683855.2457405 683855.249775 683855.2538095 683855.257844 683855.2618785 683855.265913 683855.2699475 683855.2780165 683855.282051 683855.2860855 683855.29012 683855.2941545 683855.298189 683855.3022235 683855.3062585 683855.310293 683855.3143275001 683855.318362 683855.3223965 683855.326431
441,683855.3304655,121.03549996390939,2964,2967,0.535787865299599,0.5812082265054105,0.8211650765580449,0.906503664870416,3d gaze,7.029919953968897,-12.775860805249444,104.84251395834656,683855.3304655 683855.3345 683855.3385345 683855.342569 683855.3466035 683855.3506380001 683855.3546725 683855.358707 683855.3627415 683855.366776 683855.3708105 683855.374845 683855.3788795 683855.382914 683855.3869485001 683855.390983 683855.3950175 683855.399052 683855.4030865 683855.4071215 683855.411156 683855.4151905 683855.419225 683855.4232595 683855.427294 683855.4313285 683855.435363 683855.4393975 683855.443432 683855.4474665 683855.451501
442,683855.487812,84.72449996042997,2968,2971,0.5159591238695753,0.6319269985763151,1.4957559273951697,0.9310142140496861,3d gaze,3.69311475373504,-17.802085329712074,105.31217332700353,683855.487812 683855.4918465 683855.495881 683855.4999154999 683855.50395 683855.5079845 683855.512019 683855.5160535 683855.520088 683855.5241225 683855.528157 683855.5321915 683855.5362259999 683855.5402605 683855.544295 683855.5483295 683855.552364 683855.5563985 683855.560433 683855.5644675 683855.568502 683855.5725364999
443,683855.5765715,217.8645000094548,2971,2977,0.5104538057219489,0.6338906848229303,0.7389399978061049,0.9262041362849149,3d gaze,2.6686470286868635,-17.540984340880225,102.65021522274571,683855.5765715 683855.580606 683855.5846405 683855.588675 683855.5927095 683855.596744 683855.6007785 683855.604813 683855.6088475 683855.612882 683855.6169165 683855.620951 683855.6249855 683855.6290205 683855.633055 683855.6370895 683855.641124 683855.6451585 683855.649193 683855.6532275 683855.657262 683855.6612965 683855.665331 683855.6693655 683855.6734 683855.6774345 683855.681469 683855.6855035 683855.689538 683855.6935725 683855.697607 683855.7016415 683855.705676 683855.7097105 683855.713745 683855.7177795 683855.721814 683855.7258485 683855.729883 683855.7339175 683855.737952 683855.7419865 683855.7460215 683855.750056 683855.7540905 683855.7581249999 683855.7621595 683855.766194 683855.7702285 683855.774263 683855.7782975 683855.782332 683855.7863665 683855.7904015 683855.794436
444,683855.919506,217.8645000094548,2981,2988,0.4072991931409634,0.5959993683908261,1.1859865902448756,0.9868224523284218,3d gaze,-13.665545116858853,-13.051744748186568,95.5123817728817,683855.919506 683855.9235405 683855.927575 683855.9316095 683855.9356440001 683855.9396785 683855.9437135 683855.947748 683855.9517825 683855.955817 683855.9598515 683855.963886 683855.9679205 683855.971955 683855.9759895001 683855.980024 683855.9840585 683855.988093 683855.9921275 683855.996162 683856.0001965 683856.004231 683856.0082655 683856.0123000001 683856.0163345 683856.020369 683856.0244035 683856.028438 683856.0324725 683856.036507 683856.0405415 683856.044576 683856.0486105001 683856.052645 683856.0566795 683856.060714 683856.0647485 683856.068783 683856.0728175 683856.076852 683856.0808865 683856.0849215 683856.088956 683856.0929905 683856.097025 683856.1010595 683856.1050945 683856.109129 683856.1131635 683856.117198 683856.1212325 683856.1252669999 683856.1293015 683856.133336 683856.1373705
445,683856.141405,217.86400000564754,2988,2994,0.4062227798263308,0.589553362230236,0.9575589127170157,0.9903593280098655,3d gaze,-13.619949878616014,-12.282193175939197,94.0541904249755,683856.141405 683856.1454395 683856.149474 683856.1535085 683856.157543 683856.1615774999 683856.165612 683856.1696465 683856.173681 683856.1777155 683856.18175 683856.1857845 683856.189819 683856.1938535001 683856.197888 683856.2019225 683856.205957 683856.2099915 683856.214026 683856.2180605 683856.222095 683856.2261295 683856.230164 683856.2341984999 683856.238233 683856.2422675 683856.2463025 683856.250337 683856.2543715 683856.258406 683856.2624405 683856.2664755 683856.27051 683856.2745445 683856.278579 683856.2826135 683856.286648 683856.2906825 683856.294717 683856.2987515 683856.302786 683856.3068205 683856.310855 683856.3148895 683856.318924 683856.3229585 683856.326993 683856.3310275 683856.335062 683856.3390965 683856.343131 683856.3471655 683856.3512 683856.3552345 683856.359269
446,683856.3633035,209.79500003159046,2994,3001,0.3987997144571817,0.6074943190159392,1.1350031666979854,0.998026173069792,3d gaze,-14.978104458573243,-14.045476921297997,95.06760385253936,683856.3633035 683856.367338 683856.3713725 683856.375407 683856.3794415 683856.383476 683856.3875105 683856.391545 683856.3955795 683856.399614 683856.4036485 683856.407683 683856.4117175 683856.4157525 683856.4197869999 683856.4238215 683856.427856 683856.4318905 683856.4359255 683856.43996 683856.4439945 683856.448029 683856.4520635 683856.456098 683856.4601325 683856.464167 683856.4682015 683856.472236 683856.4762705 683856.480305 683856.4843395 683856.488374 683856.4924085 683856.496443 683856.5004775 683856.504512 683856.5085465 683856.512581 683856.5166155 683856.52065 683856.5246845 683856.528719 683856.5327535 683856.536788 683856.5408225 683856.544857 683856.5488915 683856.552926 683856.5569605 683856.560995 683856.5650295 683856.569064 683856.5730985
447,683856.5771335,149.27699998952448,3001,3005,0.4202664590685322,0.6056697406693651,1.4897872146255686,0.985209689328545,3d gaze,-11.626326950220431,-13.888129560727311,95.56369180178972,683856.5771335 683856.581168 683856.5852025 683856.5892375 683856.593272 683856.5973065 683856.6013410001 683856.6053755 683856.60941 683856.6134445 683856.617479 683856.6215135 683856.625548 683856.6295825 683856.633617 683856.6376515001 683856.641686 683856.6457205 683856.649755 683856.6537895 683856.657824 683856.6618585 683856.665893 683856.6699275 683856.6739620001 683856.6779965 683856.682031 683856.6860655 683856.6901 683856.6941345 683856.698169 683856.7022035 683856.706238 683856.7102725001 683856.714307 683856.7183415 683856.722376 683856.7264105
448,683856.8474465,104.89800001960248,3009,3012,0.5276006823091349,0.5939432858185724,1.43432230272901,0.9079484520135103,3d gaze,5.269578873993857,-13.087264656261778,97.96139844484006,683856.8474465 683856.851481 683856.8555155001 683856.85955 683856.8635845 683856.867619 683856.8716535 683856.875688 683856.8797225 683856.883757 683856.8877915 683856.891826 683856.8958604999 683856.899895 683856.90393 683856.9079645 683856.911999 683856.9160335 683856.920068 683856.924103 683856.9281375 683856.932172 683856.9362065 683856.940241 683856.9442755 683856.94831 683856.9523445
449,683856.9926895,88.75950006768107,3013,3016,0.6080107859982202,0.6001120872619637,1.498923098747092,0.8904082876703014,3d gaze,18.263649642875123,-13.779181241972639,97.35204297376058,683856.9926895 683856.996724 683857.0007585 683857.004793 683857.0088275 683857.012862 683857.0168965 683857.020931 683857.0249655 683857.029 683857.0330345 683857.037069 683857.0411034999 683857.045138 683857.0491725 683857.053207 683857.0572415 683857.061276 683857.0653105 683857.069345 683857.07338 683857.0774145001 683857.081449
450,683857.4364875,112.96599998604506,3026,3030,0.6042192208399305,0.6203351230864913,1.3506023924796513,0.8983709709002421,3d gaze,16.83757881237183,-14.886327030886218,92.76600002803669,683857.4364875 683857.440522 683857.4445565001 683857.448591 683857.45666 683857.4606945 683857.464729 683857.4687635 683857.472798 683857.4808670001 683857.4849014999 683857.488936 683857.4929705 683857.497005 683857.5010395 683857.505074 683857.5091085 683857.513143 683857.5171775001 683857.521212 683857.529281 683857.5333155 683857.53735 683857.5413845 683857.545419 683857.5494535
451,683857.62611,80.69000008981675,3032,3035,0.54866763058039,0.6097496807044394,1.4962004341798374,0.9073736738590967,3d gaze,10.356188615150623,-17.416370500689066,117.03841814504432,683857.62611 683857.6301444999 683857.634179 683857.6382135 683857.642248 683857.6462825 683857.650317 683857.6543515 683857.658386 683857.6624205 683857.6664549999 683857.6704895 683857.674524 683857.6785585 683857.682593 683857.6866275 683857.690662 683857.6946965 683857.698731 683857.7027654999 683857.7068
452,683857.710835,80.69049997720867,3035,3037,0.5346135435057221,0.597840811194313,1.4313269528470318,0.9293617677120936,3d gaze,7.346852559270651,-15.449232783080095,112.49296234532305,683857.710835 683857.7148695 683857.718904 683857.7229385 683857.726973 683857.7310075 683857.735042 683857.7390765001 683857.743111 683857.7471455 683857.75118 683857.7552145 683857.759249 683857.763284 683857.7673185 683857.771353 683857.7753875 683857.779422 683857.7834565 683857.787491 683857.7915255
453,683857.79556,145.2430000063032,3037,3042,0.5199510912012292,0.5887305240044639,1.1904295196801487,0.9360085025026992,3d gaze,4.416297889445695,-13.746299137013414,106.76462433226692,683857.79556 683857.7995945 683857.803629 683857.8076635 683857.811698 683857.8157325 683857.819767 683857.8238015 683857.827836 683857.8318705 683857.835905 683857.8399395 683857.843974 683857.8480085 683857.852043 683857.8560775 683857.860112 683857.8641465 683857.868181 683857.8722155 683857.87625 683857.880285 683857.8843195001 683857.888354 683857.8923885 683857.896423 683857.9004575 683857.904492 683857.9085265 683857.912561 683857.9165955 683857.92063 683857.924665 683857.9286995 683857.932734 683857.9367685 683857.940803
454,683857.9932515,217.8645000094548,3043,3050,0.5466780311285331,0.6390207373682981,1.4377153488238101,0.9202662365003066,3d gaze,9.940660899884836,-20.504713967722545,116.29792084357618,683857.9932515 683857.997286 683858.0013205 683858.005355 683858.0093895 683858.013424 683858.0174585 683858.021493 683858.0255275 683858.029562 683858.033597 683858.0376315 683858.041666 683858.0457005 683858.049735 683858.0537695 683858.057804 683858.0618385 683858.065873 683858.0699075 683858.073942 683858.0779765 683858.082011 683858.086046 683858.0900805 683858.094115 683858.0981495 683858.102184 683858.1062185001 683858.110253 683858.1142875 683858.118322 683858.1223565 683858.126391 683858.1304255 683858.13446 683858.1384945 683858.1425290001 683858.1465635 683858.150598 683858.1546325 683858.158667 683858.1627015 683858.166736 683858.1707705 683858.174805 683858.1788395001 683858.182874 683858.1869085 683858.190943 683858.1949775 683858.199012 683858.203047 683858.2070815 683858.211116
455,683858.2151505,217.8645000094548,3050,3056,0.5406088891726204,0.6309712696901425,0.6880179669926663,0.9186510427431627,3d gaze,8.49112036089063,-18.972483248530942,112.57905465876003,683858.2151505 683858.219185 683858.2232195 683858.227254 683858.2312885 683858.235323 683858.2393575 683858.243392 683858.2474265 683858.251461 683858.2554955 683858.25953 683858.263565 683858.2675995 683858.271634 683858.2756685 683858.279703 683858.2837375 683858.287772 683858.2918064999 683858.295841 683858.2998755 683858.30391 683858.3079445 683858.311979 683858.3160135 683858.320048 683858.3240825 683858.3281169999 683858.3321515 683858.336186 683858.3402205 683858.344255 683858.3482895 683858.352324 683858.356359 683858.3603935 683858.3644280001 683858.3684625 683858.372497 683858.3765315 683858.380566 683858.3846005 683858.388635 683858.3926695 683858.396704 683858.4007385001 683858.404773 683858.4088075 683858.412842 683858.4168765 683858.420911 683858.4249455 683858.42898 683858.433015
456,683858.533878,96.82850004173815,3059,3062,0.5159700112091948,0.5844723342053405,1.389894805296284,0.923836486339569,3d gaze,3.4455622362193425,-12.342981123107954,98.96590771418842,683858.533878 683858.5379125 683858.541947 683858.5459815001 683858.550016 683858.5540505 683858.558085 683858.5621195 683858.566154 683858.5701885 683858.574223 683858.5782575 683858.582292 683858.5863264999 683858.590361 683858.594396 683858.5984305 683858.602465 683858.6064995 683858.610534 683858.6145685 683858.618603 683858.6226375 683858.626672 683858.6307065
457,683858.634741,217.8645000094548,3062,3069,0.5127496654583982,0.5941419281345277,1.3153387803921532,0.9103257818655535,3d gaze,2.8894375476088685,-13.045267579639367,97.59998767368224,683858.634741 683858.6387755 683858.64281 683858.6468445 683858.650879 683858.6549135 683858.658948 683858.6629825 683858.667017 683858.6710515 683858.675086 683858.679121 683858.6831555 683858.68719 683858.6912245 683858.695259 683858.6992935 683858.703328 683858.7073625 683858.711397 683858.7154315 683858.719466 683858.7235005 683858.727535 683858.7315694999 683858.735604 683858.7396385 683858.743673 683858.7477075 683858.751742 683858.755777 683858.7598115 683858.763846 683858.7678805001 683858.771915 683858.7759495 683858.779984 683858.7840185 683858.788053 683858.7920875 683858.796122 683858.8001565 683858.8041910001 683858.8082255 683858.81226 683858.8162945 683858.820329 683858.8243635 683858.828398 683858.8324325 683858.836467 683858.840502 683858.8445365 683858.848571 683858.8526055
458,683858.85664,217.86400000564754,3069,3075,0.516182653534164,0.5889196142025674,0.6726224380128982,0.9013306590643796,3d gaze,3.4326463124528748,-12.577875479100511,97.63312731335674,683858.85664 683858.8606745 683858.864709 683858.8687435 683858.872778 683858.8768125 683858.880847 683858.8848815 683858.888916 683858.8929505 683858.896985 683858.9010195 683858.905054 683858.9090885 683858.913123 683858.9171575 683858.921192 683858.925227 683858.9292615 683858.933296 683858.9373305 683858.941365 683858.9453995 683858.949434 683858.9534684999 683858.957503 683858.9615375 683858.965572 683858.9696065 683858.973641 683858.9776755 683858.98171 683858.9857445 683858.9897789999 683858.993814 683858.9978485 683859.001883 683859.0059175 683859.009952 683859.0139865 683859.018021 683859.0220555 683859.02609 683859.0301245 683859.034159 683859.0381935 683859.042228 683859.0462625 683859.050297 683859.0543315 683859.058366 683859.0624005 683859.066435 683859.0704695 683859.074504
459,683859.0785385,137.1740000322461,3075,3080,0.5201546867291421,0.5881811331764948,1.3988102229635908,0.9073135452611106,3d gaze,4.182038423709928,-12.829188338000645,100.09549465060921,683859.0785385 683859.082573 683859.0866075 683859.090642 683859.094677 683859.0987115 683859.102746 683859.1067805 683859.110815 683859.1148495 683859.118884 683859.1229185 683859.126953 683859.1309875 683859.135022 683859.1390565 683859.143091 683859.1471255 683859.15116 683859.155195 683859.1592295 683859.163264 683859.1672985 683859.171333 683859.1753674999 683859.179402 683859.1834365 683859.187471 683859.1915055 683859.19554 683859.1995745 683859.203609 683859.2076435001 683859.211678 683859.2157125
460,683859.260092,153.31199998036027,3081,3085,0.47181357384754846,0.5715969986525061,1.4448804080014586,0.9503383284960037,3d gaze,-3.598538965998615,-11.037956103070917,97.83035413396526,683859.260092 683859.2641265 683859.268161 683859.272196 683859.2762305 683859.280265 683859.2842995 683859.288334 683859.2923685 683859.296403 683859.3004375 683859.304472 683859.3085065 683859.312541 683859.316576 683859.3206104999 683859.324645 683859.3286795 683859.332714 683859.3367485 683859.340783 683859.3448175 683859.348852 683859.3528865 683859.3569209999 683859.3609555 683859.36499 683859.3690245 683859.373059 683859.3770935 683859.381128 683859.3851625 683859.389197 683859.3932314999 683859.397266 683859.4013005 683859.405335 683859.4093695 683859.413404
461,683859.510233,157.3464999673888,3088,3093,0.5457701964244221,0.6182070423963251,1.340560159731008,0.9246360719203949,3d gaze,8.927396030635975,-16.714544468939344,106.62817891133595,683859.510233 683859.5142675 683859.518302 683859.5223365 683859.526371 683859.5304055 683859.53444 683859.5384745 683859.542509 683859.5465435 683859.550578 683859.5546125 683859.558647 683859.5626815 683859.566716 683859.5707505 683859.574785 683859.5788195 683859.582854 683859.5868885 683859.590923 683859.594958 683859.5989925 683859.603027 683859.6070615 683859.611096 683859.6151304999 683859.619165 683859.6231995 683859.627234 683859.6312685 683859.635303 683859.639338 683859.6433725 683859.647407 683859.6514415 683859.655476 683859.6595105 683859.663545 683859.6675795
462,683859.671614,145.2430000063032,3093,3098,0.5317460822908386,0.6263970561651776,0.6878937579277069,0.903445317513413,3d gaze,6.816674079914848,-18.40280291987276,112.1663443794755,683859.671614 683859.6756485 683859.679683 683859.6837175 683859.687752 683859.6917865 683859.695821 683859.6998555 683859.7079245 683859.711959 683859.7159935 683859.720028 683859.7240625 683859.728097 683859.7321315 683859.736166 683859.7402005 683859.744235 683859.7482695 683859.752304 683859.7563385 683859.760373 683859.7644075 683859.768442 683859.772477 683859.7765115 683859.780546 683859.7845805 683859.788615 683859.7926495 683859.796684 683859.800719 683859.8047535 683859.808788 683859.8128225 683859.816857
463,683860.0871695001,80.69099998101592,3106,3108,0.6020770667185479,0.7086181131311616,1.3468461065299027,0.9111676031634921,3d gaze,30.477793449121886,-41.590025268569306,168.8307971439443,683860.0871695001 683860.0912039999 683860.0952385 683860.099273 683860.1033075 683860.107342 683860.111377 683860.115412 683860.1194465 683860.123481 683860.1275155 683860.13155 683860.1355845 683860.139619 683860.1436535 683860.147688 683860.1517225 683860.155757 683860.1597915 683860.163826 683860.1678605
464,683860.179964,217.86400000564754,3108,3115,0.5472362102436271,0.6303433549888462,1.1362869902425519,0.91898986751383,3d gaze,9.68464641530044,-18.85902511579144,112.23857699932621,683860.179964 683860.1839985 683860.188033 683860.1920675 683860.196102 683860.2001365 683860.204171 683860.2082055 683860.21224 683860.2162745 683860.220309 683860.2243435 683860.228378 683860.2324125 683860.236447 683860.2404815 683860.244516 683860.2485505 683860.252585 683860.2566195 683860.260654 683860.2646885 683860.268723 683860.272758 683860.2767924999 683860.280827 683860.284862 683860.2888965 683860.292931 683860.2969655 683860.301 683860.3050345 683860.309069 683860.3131035 683860.317138 683860.3211725 683860.325207 683860.3292415 683860.333276 683860.3373105 683860.341345 683860.3453795 683860.349414 683860.3534485 683860.357483 683860.3615175 683860.365552 683860.3695865 683860.373621 683860.3776555 683860.38169 683860.3857245 683860.389759 683860.3937935 683860.397828
465,683860.4018625,157.3464999673888,3115,3120,0.5429647771416872,0.6346506061781162,1.3558967403438444,0.928212059289217,3d gaze,8.827195534439985,-19.122419027255628,111.13263554519685,683860.4018625 683860.405897 683860.4099315 683860.413966 683860.4180005 683860.422035 683860.4260695 683860.430104 683860.434139 683860.438174 683860.4422085 683860.446243 683860.4502775 683860.454312 683860.4583465001 683860.462381 683860.4664155 683860.47045 683860.4744845 683860.478519 683860.4825535 683860.486588 683860.4906225 683860.4946570001 683860.4986915 683860.502726 683860.5067605 683860.510795 683860.5148295 683860.518864 683860.5228985 683860.526933 683860.5309675001 683860.535002 683860.5390365 683860.543071 683860.5471055 683860.55114 683860.5551745 683860.559209
466,683860.5632435,217.86500001326203,3120,3126,0.5277976960715521,0.6243743461298344,1.3331420552756859,0.9288832160559568,3d gaze,5.602084053534287,-16.684576382139568,102.90429209125914,683860.5632435 683860.5672780001 683860.5713125 683860.575347 683860.5793815 683860.583416 683860.5874505 683860.591485 683860.5955195 683860.599554 683860.603589 683860.6076239999 683860.6116585 683860.615693 683860.6197275 683860.623762 683860.6277965 683860.631831 683860.6358655 683860.6399 683860.6439344999 683860.647969 683860.6520035 683860.656038 683860.6600725 683860.664107 683860.6681415 683860.672176 683860.6762105 683860.6802449999 683860.6842795 683860.688314 683860.6923485 683860.696383 683860.7004175 683860.704452 683860.7084865 683860.712521 683860.7165554999 683860.72059 683860.7246245 683860.728659 683860.7326935 683860.736728 683860.7407625 683860.744797 683860.7488315 683860.7528665 683860.756901 683860.760935 683860.7649695 683860.7690045 683860.773039 683860.7770735 683860.7811085
467,683860.785143,217.86400000564754,3126,3133,0.5295708745455203,0.6125815227247824,0.9642660836964811,0.9200751597231085,3d gaze,5.7720166705756695,-15.268594806541,101.0858864391045,683860.785143 683860.7891775 683860.793212 683860.7972465 683860.801281 683860.8053155 683860.80935 683860.8133845 683860.817419 683860.8214535 683860.825488 683860.8295225 683860.833557 683860.8375915 683860.841626 683860.8456605 683860.849695 683860.8537295 683860.857764 683860.8617985 683860.865833 683860.8698675 683860.873902 683860.8779365 683860.881971 683860.8860055 683860.89004 683860.8940745 683860.898109 683860.9021435 683860.906178 683860.9102125 683860.914247 683860.9182815 683860.9223165 683860.926351 683860.9303855 683860.9344200001 683860.9384545 683860.9424895 683860.946524 683860.9505585 683860.954593 683860.9586275 683860.962662 683860.9666965 683860.970731 683860.9747655 683860.9788 683860.9828345 683860.986869 683860.9909035 683860.994938 683860.9989725 683861.003007
468,683861.0715935,80.69099998101592,3135,3137,0.5304954305854933,0.5745087780544024,1.439423809066676,0.9341164046809787,3d gaze,6.012850292809768,-11.901743033970346,103.0659113259153,683861.0715935 683861.075628 683861.0796625 683861.083697 683861.0877315 683861.0917665 683861.095801 683861.0998355 683861.10387 683861.1079045 683861.1119395 683861.115974 683861.1200085001 683861.124043 683861.1280775 683861.132112 683861.1361465 683861.140181 683861.1442155 683861.14825 683861.1522845
469,683861.1563190001,129.1049999417737,3137,3141,0.5299163974315793,0.5562549752615872,1.0741531719077964,0.9281330280231707,3d gaze,6.050760976886953,-10.411733778020666,105.41848959403507,683861.1563190001 683861.1603535 683861.164388 683861.1684225 683861.172457 683861.1764915 683861.180526 683861.1845605 683861.188595 683861.1926295001 683861.196664 683861.2006985 683861.204733 683861.2087675 683861.212802 683861.2168365 683861.220871 683861.2249055 683861.2289400001 683861.2329745 683861.237009 683861.2410435 683861.2450785 683861.249113 683861.2531475 683861.257182 683861.2612165 683861.265251 683861.2692855 683861.2733205 683861.277355 683861.2813895 683861.285424
470,683861.341907,217.86449989303946,3143,3150,0.5236712932665903,0.6750501816888278,1.3698058316634858,0.930078958381306,3d gaze,4.923710730178048,-21.585118895000107,102.65153413298891,683861.341907 683861.3459415 683861.349976 683861.3540105 683861.358045 683861.3620795 683861.366114 683861.3701485 683861.374183 683861.3782174999 683861.382252 683861.3862865 683861.390321 683861.3943555 683861.39839 683861.4024245 683861.4064595 683861.410494 683861.4145285 683861.418563 683861.4225975 683861.426632 683861.4306665 683861.434701 683861.4387355 683861.4427705 683861.446805 683861.4508395 683861.454874 683861.4589085 683861.462943 683861.4669775 683861.471012 683861.4750465 683861.479081 683861.4831155 683861.48715 683861.4911845 683861.495219 683861.4992535 683861.503288 683861.5073225 683861.511357 683861.5153915 683861.519426 683861.5234605 683861.527495 683861.5315295 683861.535564 683861.5395985 683861.543633 683861.5476675 683861.551702 683861.5557365 683861.5597715
471,683861.5638059999,112.96650010626763,3150,3153,0.5338607269349803,0.672506143594046,1.199675794555604,0.9112324899640577,3d gaze,7.253019421087824,-23.309480585097376,112.015904489299,683861.5638059999 683861.5678405 683861.571875 683861.5759095 683861.579944 683861.5839785 683861.588013 683861.5920475 683861.5960820001 683861.6001165 683861.604151 683861.6081855 683861.6122205 683861.616255 683861.6202895 683861.624324 683861.6283585 683861.632393 683861.6364275 683861.640462 683861.6444965 683861.648531 683861.6525655 683861.6566 683861.6606345 683861.664669 683861.6687035 683861.672738 683861.6767725
472,683861.6929105,121.03599996771663,3154,3157,0.5132536982530223,0.7007030991714926,1.4534188370311854,0.9301235416243153,3d gaze,3.341776438571253,-25.34382087085432,107.81164206884111,683861.6929105 683861.696945 683861.7009795 683861.705014 683861.7090485 683861.713083 683861.7171175 683861.721152 683861.7251865 683861.7292215 683861.733256 683861.7372905 683861.7413250001 683861.7453595 683861.749394 683861.7534285 683861.757463 683861.7614975 683861.765532 683861.7695665 683861.773601 683861.7776355 683861.7816705001 683861.785705 683861.7897395 683861.793774 683861.7978085 683861.801843 683861.8058775 683861.809912 683861.8139465
473,683861.8179810001,217.86399988923222,3157,3164,0.5140657229313649,0.6733408337721986,1.4025752288268913,0.9231690656055104,3d gaze,3.268798071719648,-21.25046047609019,101.77503993182971,683861.8179810001 683861.8220155 683861.82605 683861.8300845 683861.834119 683861.8381535 683861.842188 683861.8462225 683861.850257 683861.8542915 683861.858326 683861.8623605 683861.866395 683861.8704295 683861.874464 683861.8784985 683861.8825335 683861.886568 683861.8906025 683861.894637 683861.8986715 683861.902706 683861.9067405 683861.910775 683861.9148095 683861.918844 683861.9228785 683861.926913 683861.9309475 683861.934982 683861.9390165 683861.9430515 683861.947086 683861.9511205 683861.955155 683861.9591895 683861.963224 683861.9672584999 683861.971293 683861.9753275 683861.979362 683861.9833965 683861.987431 683861.9914655 683861.9955 683861.9995345001 683862.003569 683862.0076035 683862.011638 683862.0156725 683862.019707 683862.0237415 683862.027776 683862.0318105 683862.035845
474,683862.1084665,104.89800001960248,3166,3169,0.5574240154606855,0.6333902020896949,1.4620950211393282,0.8823498366055665,3d gaze,9.701201399497668,-16.10574302341722,94.0628780206672,683862.1084665 683862.1125014999 683862.116536 683862.1205705 683862.124605 683862.1286395 683862.132674 683862.1367085 683862.140743 683862.1447775 683862.1488119999 683862.1528465 683862.156881 683862.1609155 683862.16495 683862.1689845 683862.173019 683862.1770535 683862.181088 683862.1851224999 683862.189157 683862.1931915 683862.197226 683862.2012605 683862.2052955 683862.20933 683862.2133645
475,683862.233537,177.51900001894683,3170,3175,0.5655449759419503,0.6178952950559982,1.2990077083682974,0.8861067897894166,3d gaze,11.232306177444846,-15.135561677560599,96.41848374696373,683862.233537 683862.2375715 683862.241606 683862.2456405 683862.249675 683862.2537095 683862.2577440001 683862.2617785 683862.265813 683862.273882 683862.2779165 683862.281951 683862.2859855 683862.2900205 683862.294055 683862.2980895 683862.302124 683862.3061585 683862.310193 683862.3142275 683862.318262 683862.3222965 683862.326331 683862.3303655 683862.3344 683862.3384345 683862.342469 683862.3465035 683862.350538 683862.3545725 683862.358607 683862.3626415 683862.366676 683862.3707105 683862.3747455 683862.37878 683862.3828145 683862.386849 683862.3908835 683862.394918 683862.3989525 683862.4029870001 683862.4070215 683862.411056
476,683862.4150905,217.8645000094548,3175,3182,0.5694130204339322,0.6303976798644774,1.0661769443025488,0.8920546331495609,3d gaze,12.886982917949036,-17.654610981283405,104.63401364536928,683862.4150905 683862.419125 683862.4231595 683862.427194 683862.4312285 683862.435263 683862.4392975 683862.4433319999 683862.4473665 683862.4514015 683862.455436 683862.4594705 683862.463505 683862.4675395 683862.471574 683862.4756085 683862.4836774999 683862.487712 683862.4917465 683862.495781 683862.4998155 683862.50385 683862.5078845 683862.511919 683862.5159535 683862.519988 683862.5240225 683862.5280575 683862.532092 683862.5361265 683862.540161 683862.5441955 683862.54823 683862.5522645 683862.556299 683862.5603335 683862.564368 683862.5684025 683862.572437 683862.5764715 683862.580506 683862.5845405 683862.588575 683862.5926095 683862.596644 683862.6006785 683862.604713 683862.612782 683862.6168165 683862.6208515 683862.624886 683862.6289204999 683862.632955
477,683862.6369895,165.4154999414459,3182,3187,0.5601589458059782,0.628931369546652,1.1675893051763298,0.8962832781530562,3d gaze,10.866907441187378,-16.85288851016565,100.90866274620504,683862.6369895 683862.641024 683862.6450585 683862.649093 683862.6531275 683862.657162 683862.6611965001 683862.665231 683862.6692655 683862.6733 683862.6773345 683862.681369 683862.6854035 683862.6894385 683862.693473 683862.6975075 683862.701542 683862.7055765 683862.709611 683862.7136455 683862.71768 683862.7217145 683862.725749 683862.7297835 683862.733818 683862.7378525 683862.741887 683862.7459215 683862.749956 683862.7539905 683862.758025 683862.7620595 683862.766094 683862.7701285 683862.774163 683862.7781975 683862.7822325 683862.786267 683862.7903015 683862.794336 683862.7983705 683862.802405
478,683862.8064395,137.17350002843887,3187,3191,0.5525053701379832,0.6298448962971416,0.8999940487265351,0.8967182491506849,3d gaze,9.441835833547664,-16.67320805100222,99.41112122879612,683862.8064395 683862.8104739999 683862.8145085 683862.818543 683862.8225775 683862.826612 683862.8306465 683862.834681 683862.8387155 683862.8427505 683862.8467850001 683862.8508195 683862.854854 683862.8588885 683862.862923 683862.8669575 683862.870992 683862.8750265 683862.879061 683862.8830955 683862.8871299999 683862.8911645 683862.895199 683862.8992335 683862.903268 683862.9073025 683862.911337 683862.9153715 683862.9194060001 683862.9234405 683862.927475 683862.9315095 683862.935544 683862.9395785 683862.943613
479,683863.0202695,80.68999997340143,3193,3196,0.5348979953948708,0.7461219228154071,1.4427640741252292,0.9380138629958743,3d gaze,7.2038617528382956,-29.952293234777834,106.74231769653878,683863.0202695 683863.024304 683863.0283385 683863.0323729999 683863.0364075 683863.040442 683863.0444765 683863.048511 683863.0525455 683863.05658 683863.0606145 683863.0646490001 683863.0686835 683863.072718 683863.0767525 683863.080787 683863.0848215 683863.088856 683863.0928905 683863.096925 683863.1009595
480,683863.1049939999,217.8645001258701,3196,3202,0.5298695811319822,0.7588122818303323,1.132900986435722,0.9420239795338023,3d gaze,6.200049914153189,-30.656875592372337,104.46193363101169,683863.1049939999 683863.1090285 683863.113063 683863.1170975 683863.1211325 683863.125167 683863.1292015 683863.133236 683863.1372705 683863.141305 683863.1453395 683863.149374 683863.1534085 683863.157443 683863.1614775 683863.1655125 683863.169547 683863.1735815 683863.177616 683863.1816505 683863.185685 683863.1897195 683863.193754 683863.1977885 683863.201823 683863.2058575 683863.209892 683863.2139265 683863.217961 683863.2219955 683863.22603 683863.2300645 683863.234099 683863.2381335 683863.242168 683863.2462025 683863.250237 683863.2542715 683863.258306 683863.2623405 683863.266375 683863.2704095 683863.274444 683863.2784785 683863.282513 683863.2865474999 683863.2905825 683863.294617 683863.2986515 683863.302686 683863.3067205 683863.310755 683863.3147895 683863.318824 683863.3228585001
481,683863.9643485,217.86400000564754,3221,3228,0.5390037195193955,0.6945063403178184,1.4849704822252343,0.9302846057848497,3d gaze,7.725542505741928,-24.08932243585161,104.94790777907117,683863.9643485 683863.968383 683863.9724175 683863.976452 683863.9804865 683863.984521 683863.9885555 683863.99259 683863.9966245 683864.000659 683864.0046935 683864.008728 683864.0127625 683864.016797 683864.0208315 683864.024866 683864.0289005 683864.032935 683864.0369695 683864.041004 683864.0450385 683864.049073 683864.0531075 683864.057142 683864.0611765 683864.065211 683864.0692455 683864.07328 683864.0773145 683864.081349 683864.0853835 683864.089418 683864.0934525 683864.097487 683864.1015215 683864.105556 683864.1095905 683864.113625 683864.1176595 683864.121694 683864.1257285 683864.1297635 683864.1337979999 683864.1378325 683864.1418675 683864.145902 683864.1499365 683864.153971 683864.1580055 683864.16204 683864.1660745 683864.170109 683864.1741435 683864.178178 683864.1822125
482,683864.186247,197.69149995408952,3228,3234,0.5371932222289513,0.6916191125784558,1.4195342472463934,0.9260559600591659,3d gaze,7.778694473614983,-24.955382587787724,110.13763006556955,683864.186247 683864.1902815 683864.194316 683864.1983505 683864.202385 683864.2064195 683864.210454 683864.2144885 683864.218523 683864.2225575 683864.226592 683864.2306265 683864.234661 683864.2386955 683864.24273 683864.2467645 683864.250799 683864.2548335 683864.258868 683864.2629025 683864.266937 683864.2709715 683864.275006 683864.2790405 683864.283075 683864.2871095 683864.2911445 683864.2951795 683864.299214 683864.3032485 683864.307283 683864.3113175 683864.3153520001 683864.3193865 683864.323421 683864.3274555 683864.33149 683864.3355245 683864.339559 683864.3435935 683864.347628 683864.3516625 683864.3556969999 683864.3597315 683864.363766 683864.3678005 683864.371835 683864.3758695 683864.379904 683864.3839385
483,683864.3879730001,217.86400000564754,3234,3240,0.5289962762294964,0.6871094747063657,1.0890676628391776,0.9381120898506858,3d gaze,6.396438316421512,-24.95074662310037,112.3676662404237,683864.3879730001 683864.3920075 683864.396042 683864.4000765 683864.404111 683864.4081455 683864.41218 683864.4162145 683864.420249 683864.4242835 683864.4283179999 683864.4323525 683864.436387 683864.4404215 683864.444456 683864.4484905 683864.452525 683864.45656 683864.4605950001 683864.4646295 683864.468664 683864.4726985 683864.476733 683864.4807675 683864.484802 683864.4888365 683864.492871 683864.4969055 683864.5009399999 683864.5049745 683864.509009 683864.5130435 683864.517078 683864.5211125 683864.525147 683864.5291815 683864.5332160001 683864.5372505 683864.541285 683864.5453195 683864.549354 683864.5533885 683864.557423 683864.5614575 683864.565492 683864.5695265 683864.5735609999 683864.5775955 683864.58163 683864.5856645 683864.589699 683864.5937335 683864.597768 683864.6018025 683864.6058370001
484,683864.6098715,84.72549996804446,3241,3243,0.5249678481621637,0.6815116726775866,1.3949364240381512,0.9316190508278933,3d gaze,5.623121608491555,-24.28585994732053,112.1275867366946,683864.6098715 683864.613906 683864.617941 683864.6219755 683864.62601 683864.630045 683864.6340795 683864.638114 683864.6421485 683864.646183 683864.6502175 683864.654252 683864.6582865 683864.662321 683864.6663555 683864.67039 683864.6744245 683864.678459 683864.6824935 683864.686528 683864.6905625 683864.694597
485,683864.775287,137.1740000322461,3245,3250,0.47642909073168016,0.5822335264822106,1.4707416091969439,0.951732839005334,3d gaze,-2.9780716937693414,-12.432284818112397,101.39974643509224,683864.775287 683864.779322 683864.7833565 683864.787391 683864.7914255001 683864.79546 683864.7994945 683864.803529 683864.807564 683864.8115985 683864.815633 683864.8196675 683864.823702 683864.8277365 683864.831771 683864.8358055 683864.83984 683864.8438745 683864.847909 683864.8519435 683864.855978 683864.8600125 683864.864047 683864.8680815 683864.872116 683864.8761505 683864.880185 683864.8842195 683864.888254 683864.8922885 683864.896323 683864.9003575 683864.904392 683864.9084265 683864.912461
486,683864.9164955,217.86500001326203,3250,3256,0.4765223977619443,0.5673512894443886,1.3731351105194094,0.9586183417927135,3d gaze,-2.8821644946370593,-10.749522829733923,98.73968345148272,683864.9164955 683864.92053 683864.9245645 683864.928599 683864.932634 683864.9366685001 683864.940703 683864.9447375 683864.948772 683864.9528065 683864.956841 683864.9608755 683864.96491 683864.968945 683864.9729795 683864.9770140001 683864.9810485 683864.985083 683864.9891175 683864.993152 683864.9971865 683865.001221 683865.0052555 683865.00929 683865.0133245 683865.0173589999 683865.0213935 683865.025428 683865.0294625 683865.033497 683865.0375315 683865.041566 683865.0456005 683865.0496350001 683865.0536695 683865.057704 683865.0617385 683865.065773 683865.0698075 683865.073842 683865.0778765 683865.081911 683865.0859455 683865.0899799999 683865.094015 683865.0980495 683865.102084 683865.1061185 683865.110153 683865.1141875 683865.118222 683865.1222565 683865.126291 683865.130326 683865.1343605
487,683865.2392575,217.8645000094548,3259,3266,0.5497656659407312,0.6233413226525784,1.3085958345161686,0.9309506833553314,3d gaze,10.38986167753962,-18.549712608093834,114.86181802318058,683865.2392575 683865.243292 683865.2473265 683865.251361 683865.255396 683865.2594305 683865.263465 683865.2674995 683865.271534 683865.2755684999 683865.279603 683865.2836375 683865.287672 683865.2917065 683865.295741 683865.299776 683865.3038105 683865.307845 683865.3118795 683865.315914 683865.3199485 683865.323983 683865.3280175 683865.332052 683865.3360865 683865.340121 683865.3441555 683865.34819 683865.3522245 683865.356259 683865.3602935 683865.364328 683865.3683625 683865.372397 683865.3764315 683865.380466 683865.3845005 683865.388535 683865.3925695 683865.396604 683865.4006385 683865.404673 683865.4087075 683865.412742 683865.416777 683865.4208114999 683865.424846 683865.4288805 683865.432915 683865.4369495 683865.440984 683865.4450185 683865.449053 683865.4530875001 683865.457122
488,683865.4611565,205.76099993195385,3266,3272,0.543969133818802,0.6245139369501811,1.4215664036197593,0.9336525058517089,3d gaze,8.937784865833414,-17.934219077770308,110.26945845134024,683865.4611565 683865.465191 683865.469226 683865.4732605 683865.477295 683865.4813295 683865.485364 683865.4893985 683865.493433 683865.4974675 683865.501502 683865.5055365 683865.509571 683865.5136055 683865.51764 683865.5216745 683865.525709 683865.5297435 683865.533778 683865.5378125 683865.541847 683865.5458815 683865.549916 683865.5539505 683865.557985 683865.5620195 683865.566054 683865.5700885 683865.574123 683865.578158 683865.5821925 683865.586227 683865.5902615 683865.594296 683865.5983305001 683865.6023649999 683865.6063995 683865.610434 683865.6144685 683865.618503 683865.6225375 683865.626572 683865.6306065 683865.634641 683865.6386760001 683865.6427105 683865.646745 683865.6507795 683865.654814 683865.6588485 683865.662883 683865.6669175
489,683865.73147,145.24250000249594,3274,3278,0.4731545658170044,0.6100190002527817,1.4837877659833123,0.9570691504993954,3d gaze,-3.389934352649739,-14.5010731719557,97.62417336837757,683865.73147 683865.7355045 683865.739539 683865.7435735 683865.747608 683865.7516425 683865.755677 683865.7597115 683865.763746 683865.7677805 683865.771815 683865.7758495 683865.779884 683865.7839185 683865.787953 683865.7919875 683865.796022 683865.8000565 683865.804091 683865.808126 683865.8121605 683865.816195 683865.8202295 683865.8242639999 683865.8282985 683865.832333 683865.8363675 683865.840402 683865.8444365 683865.848471 683865.8525055 683865.8565400001 683865.8605745 683865.864609 683865.8686435 683865.872678 683865.8767125
490,683865.880747,217.8645000094548,3278,3285,0.47249395106982733,0.596988360198134,1.3948960229316043,0.961596452106129,3d gaze,-3.478489423409298,-13.259811124610978,97.29760984065062,683865.880747 683865.8847815 683865.888816 683865.8928505 683865.8968849999 683865.90092 683865.9049545 683865.908989 683865.9130235 683865.917058 683865.9210925 683865.925127 683865.9291615 683865.933196 683865.9372304999 683865.941265 683865.9452995 683865.949334 683865.9533685 683865.957403 683865.9614375 683865.965472 683865.969507 683865.9735415 683865.977576 683865.9816105 683865.985645 683865.9896795 683865.993714 683865.9977485 683866.001783 683866.0058175 683866.009852 683866.0138865 683866.017921 683866.0219555 683866.02599 683866.0300245 683866.034059 683866.0380935 683866.042128 683866.0461625 683866.050197 683866.054232 683866.0582665 683866.062301 683866.0663355 683866.07037 683866.0744045 683866.078439 683866.0824734999 683866.086508 683866.0905425 683866.094577 683866.0986115
491,683866.102646,88.75950006768107,3285,3288,0.4787812375776781,0.6011636975966352,1.02662415389815,0.9647769189399221,3d gaze,-2.5623389182702736,-14.010469927086147,99.92707849117345,683866.102646 683866.1066805 683866.110715 683866.1147495001 683866.118784 683866.1228185 683866.126853 683866.1308875 683866.134922 683866.138957 683866.1429915 683866.147026 683866.1510605 683866.155095 683866.1591295 683866.163164 683866.1671985 683866.171233 683866.1752675 683866.179302 683866.1833365 683866.187371 683866.1914055
492,683866.219647,80.69049997720867,3289,3291,0.47530881890238114,0.653698321140026,1.4916732848112837,0.9694121338072277,3d gaze,-3.270318144734338,-19.69317192319823,103.74998168298156,683866.219647 683866.223682 683866.2277164999 683866.231751 683866.2357855 683866.23982 683866.2438545 683866.247889 683866.2519235 683866.255958 683866.2599925001 683866.2640269999 683866.2680615 683866.272096 683866.2761305 683866.280165 683866.2841995 683866.288234 683866.2922685 683866.296303 683866.3003374999
493,683866.304372,117.0014999806881,3291,3295,0.4739227670934951,0.6667380140411318,1.1560955534440482,0.988355286916097,3d gaze,-3.5237394174818575,-21.095467849944516,104.29300211693234,683866.304372 683866.308407 683866.3124415 683866.316476 683866.3205105 683866.324545 683866.3285795 683866.332614 683866.3366485001 683866.340683 683866.3447175 683866.348752 683866.3527865 683866.356821 683866.3608555 683866.36489 683866.3689245 683866.3729590001 683866.376994 683866.3810285 683866.385063 683866.3890975 683866.393132 683866.3971665 683866.401201 683866.4052355 683866.40927 683866.4133045 683866.417339 683866.4213735
494,683866.449615,80.69049997720867,3295,3298,0.4655387857413994,0.61719767176469,1.462813817454079,0.9790659277212053,3d gaze,-4.645718437392948,-15.283327643544267,98.32721437477946,683866.449615 683866.4536495 683866.457684 683866.4617185 683866.465753 683866.4697875 683866.473822 683866.477857 683866.4818915 683866.4859259999 683866.4899605 683866.493995 683866.4980295 683866.502064 683866.5060985 683866.510133 683866.5141675 683866.5182020001 683866.5222365 683866.526271 683866.5303055
495,683866.53434,88.75949995126575,3298,3301,0.46304100977153084,0.6073664791056999,0.7863486602941705,0.9922594207784404,3d gaze,-4.837412593992646,-13.780575383486944,94.30996180387429,683866.53434 683866.538375 683866.5424095 683866.546444 683866.5504785 683866.554513 683866.5585475 683866.562582 683866.5666165 683866.570651 683866.5746855 683866.57872 683866.5827545 683866.586789 683866.5908235 683866.594858 683866.5988925 683866.602927 683866.6069615 683866.610996 683866.6150305 683866.619065 683866.6230995
496,683866.699756,217.86400000564754,3303,3309,0.5612862772683329,0.7173195483201464,1.469456306526975,0.90294610099359,3d gaze,12.112150273844035,-27.524949043542243,108.88303128937942,683866.699756 683866.7037905001 683866.707825 683866.7118595 683866.715894 683866.7199285 683866.723963 683866.7279975 683866.732032 683866.7360665 683866.740101 683866.7441354999 683866.74817 683866.7522045 683866.756239 683866.7602735 683866.764308 683866.7683425 683866.772377 683866.7764115001 683866.780446 683866.7844805 683866.788515 683866.7925495 683866.796584 683866.8006185 683866.804653 683866.808688 683866.8127225 683866.816757 683866.8207915 683866.824826 683866.8288605 683866.832895 683866.8369295 683866.840964 683866.8449985 683866.849033 683866.8530675 683866.857102 683866.861137 683866.8651715 683866.869206 683866.8732405 683866.877275 683866.8813095 683866.885344 683866.8893784999 683866.893413 683866.8974475 683866.901482 683866.9055165 683866.909551 683866.9135855 683866.91762
497,683866.9216545001,217.86400000564754,3310,3316,0.5755233902334391,0.7066775361573228,1.4699907386070041,0.9163070835850455,3d gaze,14.316674508890907,-25.7366567585782,105.98718979370572,683866.9216545001 683866.925689 683866.9297235 683866.933758 683866.9377925 683866.941827 683866.9458615 683866.949896 683866.9539305 683866.957965 683866.9619994999 683866.966034 683866.970069 683866.9741035 683866.978138 683866.9821725 683866.986207 683866.9902415 683866.994276 683866.9983105 683867.002345 683867.0063795 683867.010414 683867.0144485 683867.018483 683867.0225175 683867.026552 683867.030587 683867.0346215 683867.038656 683867.0426905 683867.046725 683867.0507595 683867.054794 683867.0588285 683867.062863 683867.0668975001 683867.070932 683867.0749665 683867.079001 683867.0830355 683867.08707 683867.0911045 683867.095139 683867.0991735 683867.103208 683867.1072425 683867.111277 683867.1153115 683867.119346 683867.1233805 683867.127415 683867.1314495 683867.135484 683867.1395185001
498,683867.143553,217.86500001326203,3316,3323,0.5827915703516816,0.6965180824224472,0.6659234896141483,0.9150819507512179,3d gaze,15.762163592456119,-24.988850837072203,107.16311546721217,683867.143553 683867.1475879999 683867.1516225 683867.155657 683867.1596915 683867.163726 683867.1677605 683867.171795 683867.1758295 683867.1798640001 683867.183899 683867.1879335 683867.191968 683867.1960025 683867.200037 683867.2040715 683867.208106 683867.2121405 683867.216175 683867.2202095 683867.224244 683867.2282785 683867.232313 683867.2363475 683867.240382 683867.2444165 683867.248451 683867.2524855 683867.25652 683867.2605545 683867.264589 683867.2686235 683867.272658 683867.2766925 683867.280727 683867.2847615 683867.288796 683867.2928305 683867.296865 683867.3008995 683867.304934 683867.3089685 683867.313003 683867.317038 683867.3210725 683867.3251070001 683867.3291415 683867.333176 683867.3372105 683867.341245 683867.34528 683867.3493145 683867.353349 683867.3573835 683867.361418
499,683867.3977285,80.690500093624,3324,3326,0.5894904414421874,0.6786415725197084,1.4994008957902953,0.8973819059985024,3d gaze,16.345457438606616,-22.351004169204494,103.47551643456356,683867.3977285 683867.4017630001 683867.4057974999 683867.409832 683867.4138665 683867.417901 683867.4219355 683867.42597 683867.4300045 683867.434039 683867.4380735001 683867.442108 683867.4461425 683867.450177 683867.4542115 683867.458246 683867.4622805 683867.466315 683867.4703495 683867.4743840001 683867.478419
500,683867.4824535,217.8645000094548,3326,3333,0.5932897409573988,0.652913535261691,1.3913634951495424,0.8943692944370784,3d gaze,17.274903493109083,-20.171946406641897,105.52558546249658,683867.4824535 683867.486488 683867.4905225 683867.494557 683867.498592 683867.5026265 683867.5106955001 683867.51473 683867.5187645 683867.522799 683867.5268335 683867.530868 683867.5349025 683867.538937 683867.5429715 683867.547006 683867.5510404999 683867.555075 683867.5591095 683867.563144 683867.5671785 683867.571213 683867.5752475 683867.5833165001 683867.587351 683867.5913855 683867.59542 683867.5994545 683867.603489 683867.6075235 683867.611558 683867.6155925 683867.6236614999 683867.627696 683867.6317305 683867.635765 683867.6398 683867.6438345 683867.647869 683867.6519035 683867.655938 683867.6599725 683867.664007 683867.668042 683867.6720765 683867.676111 683867.6801455 683867.68418 683867.6882145 683867.692249 683867.6962835 683867.700318
501,683867.7043525,217.86400000564754,3333,3339,0.5932644854520357,0.6515440907522403,1.0761819604457539,0.8935857271706616,3d gaze,17.70402513083009,-20.542243436731788,108.19711306528643,683867.7043525 683867.708387 683867.7124215 683867.7204905 683867.724525 683867.7285595001 683867.732594 683867.7366285 683867.740663 683867.7446975 683867.748732 683867.7527665 683867.756801 683867.7608355 683867.76487 683867.7689045 683867.772939 683867.7769735 683867.781008 683867.7850425 683867.789077 683867.7931115 683867.797146 683867.8011805001 683867.805215 683867.8092495 683867.813284 683867.817319 683867.8213535 683867.825388 683867.829423 683867.8334575 683867.837492 683867.8415265 683867.845561 683867.8495955 683867.85363 683867.8576645 683867.861699 683867.8657335 683867.869768 683867.8738025 683867.877837 683867.8818715 683867.885906 683867.8899405 683867.893975 683867.8980095 683867.902044 683867.9060785 683867.910113 683867.9141475 683867.918182 683867.9222165
502,683867.926251,217.8645000094548,3340,3346,0.5922856832952464,0.6432252077225671,1.4451829651279735,0.8906428732655265,3d gaze,18.153559266809676,-20.40781950122573,112.24793680347092,683867.926251 683867.9302855 683867.93432 683867.9383545 683867.942389 683867.9464235 683867.950458 683867.9544925 683867.958527 683867.9625615 683867.966596 683867.9706305 683867.974665 683867.9786995 683867.982734 683867.9867690001 683867.9908040001 683867.9948384999 683867.998873 683868.0029075 683868.006942 683868.0109765 683868.015011 683868.0190455 683868.02308 683868.0271145001 683868.031149 683868.0351835 683868.039218 683868.0432525 683868.047287 683868.0513215 683868.055356 683868.0593905 683868.0634250001 683868.0674594999 683868.071494 683868.0755285 683868.079563 683868.0835975 683868.087632 683868.0916665 683868.095701 683868.0997355 683868.10377 683868.1078045 683868.111839 683868.1158735 683868.119908 683868.1239425 683868.127977 683868.1320115 683868.136046 683868.1400804999 683868.1441155
503,683868.14815,181.5540000097826,3346,3352,0.583478508631141,0.6363800613500935,0.457288322400918,0.8817316830158234,3d gaze,16.064220664872668,-19.150517887836582,109.50244588760823,683868.14815 683868.1521845 683868.1562195 683868.160254 683868.1642885 683868.168323 683868.1723575001 683868.176392 683868.1804265 683868.184461 683868.1884955 683868.19253 683868.1965645 683868.200599 683868.2046335 683868.208668 683868.2127024999 683868.216737 683868.2207715 683868.224806 683868.2288405 683868.232875 683868.2369095 683868.240944 683868.2449785001 683868.249013 683868.2530475 683868.257082 683868.2611165 683868.265151 683868.2691855 683868.27322 683868.2772545 683868.2853234999 683868.289358 683868.2933925 683868.297427 683868.3014615 683868.3054965 683868.309531 683868.3135655 683868.3176005001 683868.321635 683868.3256695 683868.329704
504,683868.3498765,217.86400000564754,3352,3359,0.5846628977058946,0.6439771510140471,1.3983803772646946,0.8943928496404128,3d gaze,16.53443869668736,-20.229012010288823,110.98712986066202,683868.3498765 683868.353911 683868.3579454999 683868.36198 683868.3660145 683868.370049 683868.3740835 683868.378118 683868.3821525 683868.386187 683868.3902215001 683868.3942559999 683868.3982905 683868.402325 683868.4063595 683868.410394 683868.4144285 683868.418463 683868.4224975 683868.426532 683868.4305664999 683868.434601 683868.4386355 683868.44267 683868.4467045 683868.450739 683868.4547735 683868.458808 683868.4628425001 683868.4668775001 683868.4709119999 683868.4749465 683868.4789815 683868.483016 683868.4870505 683868.491085 683868.4951195 683868.499154 683868.5031885 683868.507223 683868.5112575 683868.515292 683868.5193265 683868.523361 683868.5273955 683868.53143 683868.5354645 683868.539499 683868.5435335 683868.547568 683868.5516025 683868.555637 683868.5596715 683868.563706 683868.5677405
505,683868.571775,217.8645000094548,3359,3365,0.5789174008748659,0.6347113271606817,1.2468823645903793,0.8956051685593345,3d gaze,14.625301228942552,-18.212259789380713,105.18723696701588,683868.571775 683868.5758095 683868.579844 683868.5838785 683868.587913 683868.5919475 683868.595982 683868.6000165 683868.604051 683868.6080855 683868.61212 683868.6161545 683868.620189 683868.6242235 683868.6282585 683868.632293 683868.6363275 683868.640362 683868.6443965 683868.6484310001 683868.6524654999 683868.6565004999 683868.660535 683868.6645695 683868.668604 683868.6726385 683868.676673 683868.6807075 683868.684742 683868.6887765 683868.692811 683868.6968455 683868.70088 683868.7049145 683868.708949 683868.7129835 683868.717018 683868.7210525 683868.725087 683868.7291214999 683868.733156 683868.7371905 683868.741225 683868.7452595 683868.749294 683868.7533285 683868.757363 683868.7613975 683868.765432 683868.7694665 683868.773501 683868.7775355 683868.78157 683868.7856045 683868.7896395
506,683868.934882,153.31199998036027,3370,3374,0.46845102971359676,0.6308835078932857,1.4088625480369978,0.9777732911782387,3d gaze,-4.144839457347004,-16.35505211720792,97.19793391021035,683868.934882 683868.9389165 683868.9429515 683868.946986 683868.9510205 683868.955055 683868.9590895 683868.963124 683868.9671585 683868.971193 683868.9752275 683868.979262 683868.9832965 683868.9873309999 683868.9913655 683868.9954005 683868.999435 683869.0034695 683869.007504 683869.0115385 683869.015573 683869.0196074999 683869.023642 683869.0276765 683869.031711 683869.0357455 683869.03978 683869.0438145 683869.047849 683869.0518835001 683869.0559179999 683869.0599525 683869.063987 683869.0680215 683869.072056 683869.0760905 683869.080125 683869.0841595 683869.088194
507,683869.0922284999,217.8645001258701,3374,3381,0.47582113655215047,0.6175547686266759,0.7278872614478481,0.9582394399426201,3d gaze,-2.8876997630405414,-14.716845159363064,94.62055677306591,683869.0922284999 683869.096263 683869.1002975 683869.104332 683869.1083665 683869.1124015 683869.116436 683869.1204705 683869.124505 683869.1285395001 683869.1325739999 683869.1366085 683869.140643 683869.1446775 683869.148712 683869.1527465 683869.1567815 683869.160816 683869.1648505 683869.168885 683869.1729195 683869.176954 683869.1809885 683869.185023 683869.1890575 683869.193092 683869.1971265 683869.201161 683869.2051955 683869.20923 683869.2132645 683869.217299 683869.2213335 683869.225368 683869.2294025 683869.233437 683869.2374715 683869.241506 683869.2455405 683869.249575 683869.2536095 683869.257644 683869.2616785 683869.2657135 683869.269748 683869.2737825 683869.2778169999 683869.2818515 683869.285886 683869.2899205 683869.293955 683869.2979895 683869.302024 683869.3060585 683869.3100930001
508,683869.3141274999,217.8645000094548,3381,3387,0.4700769019027682,0.6150281617108039,1.118130613772308,0.9518871486186982,3d gaze,-3.7979299401513336,-14.61155863779574,95.38076753511048,683869.3141274999 683869.318162 683869.3221965 683869.3262315 683869.330266 683869.3343005 683869.338335 683869.3423695 683869.346404 683869.3504385 683869.354473 683869.3585075 683869.362542 683869.3665765 683869.370611 683869.3746455 683869.37868 683869.3827145 683869.386749 683869.3907834999 683869.394818 683869.3988525 683869.402887 683869.4069215 683869.410956 683869.4149905 683869.419025 683869.4230595 683869.4270945 683869.431129 683869.4351635 683869.439198 683869.4432325 683869.447267 683869.4513015 683869.4553360001 683869.4593705 683869.463405 683869.4674395 683869.471474 683869.4755085 683869.479543 683869.4835775 683869.4876125 683869.491647 683869.4956815001 683869.499716 683869.5037505 683869.507785 683869.5118195 683869.515854 683869.5198885 683869.523923 683869.5279575 683869.531992
509,683869.5360264999,217.86400000564754,3388,3394,0.46482046817831907,0.615135797891768,0.41891631216881425,0.9508155177940022,3d gaze,-4.587646252271293,-14.519291275728161,94.67273763206198,683869.5360264999 683869.540061 683869.5440955 683869.54813 683869.5521645 683869.556199 683869.5602335 683869.564268 683869.5683025001 683869.572337 683869.5763715 683869.580406 683869.5844405 683869.5884755 683869.59251 683869.5965445 683869.600579 683869.6046135 683869.608648 683869.6126825 683869.616717 683869.6207515 683869.624786 683869.6288205 683869.632855 683869.6368895 683869.640924 683869.6449585 683869.6489929999 683869.6530275 683869.657062 683869.6610965 683869.6651315 683869.669166 683869.6732005 683869.677235 683869.6812694999 683869.685304 683869.6893385 683869.693373 683869.6974075 683869.701442 683869.7054765 683869.709511 683869.7135455001 683869.71758 683869.7216145 683869.725649 683869.7296835 683869.733718 683869.7377525 683869.741787 683869.7458215 683869.749856 683869.7538904999
510,683869.786167,108.93200000282377,3395,3398,0.4826659526533469,0.6537584756249173,1.4551683477638528,0.9539619620357241,3d gaze,-1.8617470122961464,-18.142686552251185,95.63483364797214,683869.786167 683869.7902015 683869.7942359999 683869.7982705 683869.802305 683869.8063395 683869.810374 683869.8144085 683869.818443 683869.8224775 683869.8265125 683869.830547 683869.8345815 683869.838616 683869.8426505 683869.846685 683869.8507195 683869.854754 683869.8587885 683869.862823 683869.8668575 683869.870892 683869.8749265 683869.878961 683869.8829955 683869.88703 683869.8910645 683869.895099
511,683869.8991335,193.65750008728355,3398,3404,0.48434869835626815,0.6652952515437102,1.3420743782258844,0.9545127591308282,3d gaze,-1.641801544019616,-19.73122422734396,98.29212173581261,683869.8991335 683869.9031684999 683869.907203 683869.9112375 683869.915272 683869.9193065 683869.923341 683869.9273755 683869.93141 683869.9354445001 683869.9394789999 683869.9435135 683869.947548 683869.9515825 683869.955617 683869.9596515 683869.963686 683869.9677205 683869.9717550001 683869.9757895 683869.979824 683869.9838585 683869.9878935 683869.991928 683869.9959625 683869.999997 683870.0040315 683870.008066 683870.0121005 683870.016135 683870.0201695 683870.024204 683870.0282385 683870.032273 683870.0363075 683870.040342 683870.0443765 683870.048411 683870.0524455 683870.05648 683870.0605145 683870.064549 683870.0685835 683870.0726185 683870.076653 683870.0806875 683870.0847219999 683870.0887565 683870.092791
512,683870.0968255,217.86400000564754,3404,3411,0.4778440702832707,0.6345021436883599,0.9852855598515231,0.9680977116931568,3d gaze,-2.6608505025534477,-16.727330522482564,97.55013126824743,683870.0968255 683870.10086 683870.1048945 683870.108929 683870.1129635 683870.1169980001 683870.1210324999 683870.125067 683870.1291015 683870.133136 683870.1371705 683870.141205 683870.1452395 683870.149274 683870.1533085 683870.1573429999 683870.1613775 683870.1654125 683870.169447 683870.1734815 683870.177516 683870.1815505 683870.185585 683870.1896195 683870.1936540001 683870.1976884999 683870.201723 683870.2057575 683870.209792 683870.2138265 683870.217861 683870.2218955 683870.2259305 683870.229965 683870.2339995 683870.238034 683870.2420685 683870.246103 683870.2501375 683870.254172 683870.2582065 683870.2622410001 683870.2662755 683870.27031 683870.2743445 683870.278379 683870.2824135 683870.286448 683870.2904825 683870.294517 683870.2985515 683870.302586 683870.3066205 683870.310655 683870.3146895
513,683870.318724,96.8290000455454,3411,3414,0.46992289092558037,0.635729497500171,1.455556232956226,0.9684683918952942,3d gaze,-3.939160561782005,-16.873644100869605,97.69485463900487,683870.318724 683870.3227585 683870.326793 683870.3308275 683870.3348625 683870.338897 683870.3429314999 683870.346966 683870.3510005 683870.355035 683870.3590695 683870.363104 683870.3671385 683870.371173 683870.3752075001 683870.379242 683870.3832765 683870.387311 683870.3913455 683870.3953805 683870.399415 683870.4034495 683870.407484 683870.4115185 683870.415553
514,683870.4195875,217.86400000564754,3414,3420,0.46194379397760804,0.6338436667415591,1.4226234039153605,0.9660001467574727,3d gaze,-5.360890531566949,-17.172149620183575,100.46943561238669,683870.4195875 683870.423622 683870.4276565 683870.431691 683870.4357255 683870.43976 683870.4437945 683870.447829 683870.4518635 683870.4558979999 683870.4599325 683870.463967 683870.4680015 683870.472036 683870.4760705 683870.480105 683870.4841395 683870.488174 683870.4922085 683870.496243 683870.5002775 683870.5043125 683870.508347 683870.5123815 683870.516416 683870.5204505001 683870.524485 683870.5285195 683870.532554 683870.5365885 683870.540623 683870.5446575 683870.548692 683870.5527265 683870.5567615 683870.5607960001 683870.5648305 683870.568865 683870.5728995 683870.576934 683870.5809685 683870.585003 683870.5890375 683870.593072 683870.5971065001 683870.6011409999 683870.6051755 683870.60921 683870.6132445 683870.617279 683870.6213135 683870.625348 683870.6293825 683870.6334170001 683870.6374515
515,683870.641486,125.07049995474517,3421,3424,0.45684790146342874,0.6202597436642309,0.8374593858281433,0.9703061813488603,3d gaze,-6.304627700991544,-16.219085895022225,102.46423673426979,683870.641486 683870.6455205 683870.649555 683870.6535895 683870.657624 683870.6616585 683870.6656935 683870.669728 683870.6737625 683870.677797 683870.6818315 683870.685866 683870.6899005 683870.693935 683870.6979695 683870.702004 683870.7060385 683870.7100734999 683870.714108 683870.7181425 683870.722177 683870.7262115 683870.730246 683870.7342805 683870.738315 683870.7423495 683870.7463839999 683870.7504185 683870.754453 683870.7584875 683870.762522 683870.7665565
516,683871.109491,133.13950004521757,3435,3438,0.6056425875264895,0.7393184376963791,1.2042885823449014,0.8868577706091332,3d gaze,21.909801126113685,-32.344757897926634,116.45978818189225,683871.109491 683871.1135255 683871.1175599999 683871.1215945 683871.125629 683871.1296635 683871.133698 683871.141767 683871.1458015 683871.149836 683871.1538705 683871.157905 683871.1619395 683871.165974 683871.1700085 683871.1740435 683871.178078 683871.1821125001 683871.186147 683871.1901815 683871.1942165 683871.198251 683871.2022855 683871.20632 683871.2103545 683871.214389 683871.2184235 683871.2224580001 683871.2264925 683871.230527 683871.2345615 683871.238596 683871.2426305
517,683871.3071825,217.86500001326203,3440,3447,0.5933555336838543,0.6616237583820833,0.8956812260211259,0.8874164949763905,3d gaze,18.508142261588944,-22.504099606104113,112.7849500564138,683871.3071825 683871.311217 683871.3152515 683871.319286 683871.3233205 683871.327355 683871.3313895001 683871.3354239999 683871.3394585 683871.3434935 683871.347528 683871.3515625 683871.3555975 683871.359632 683871.3636665 683871.3677010001 683871.3717354999 683871.37577 683871.3798045 683871.383839 683871.3878735 683871.391908 683871.3959425 683871.399977 683871.4040115 683871.4080459999 683871.4120805 683871.416115 683871.4201495 683871.424184 683871.4282185 683871.432253 683871.4362875 683871.4403220001 683871.4443564999 683871.448391 683871.4524255 683871.45646 683871.4604945 683871.464529 683871.4685635 683871.472598 683871.4766325 683871.4806669999 683871.4847015 683871.488736 683871.4927705 683871.496805 683871.5008395 683871.5048745 683871.508909 683871.5129435 683871.5169785 683871.521013 683871.5250475
518,683871.529082,217.86400000564754,3447,3454,0.5912154067027713,0.6489882635441666,1.1991733724122213,0.9020199634812095,3d gaze,18.877924049878587,-22.09534708403249,117.80108922060803,683871.529082 683871.5331165 683871.537151 683871.5411855 683871.54522 683871.5492545 683871.553289 683871.5573235 683871.561358 683871.5653925 683871.569427 683871.5734615 683871.577496 683871.5815305 683871.5855650001 683871.5895995 683871.593634 683871.5976685 683871.601703 683871.6057375 683871.609772 683871.6138065 683871.617841 683871.6218755 683871.62591 683871.6299445 683871.633979 683871.6380135 683871.642048 683871.6460825 683871.650117 683871.6541515 683871.6581860001 683871.6622205 683871.6662554999 683871.6702905 683871.674325 683871.6783595 683871.682394 683871.6864285 683871.690463 683871.6944975 683871.698532 683871.7025665 683871.7066009999 683871.7106355 683871.71467 683871.7187045 683871.722739 683871.7267735 683871.730808 683871.7348425 683871.738877 683871.7429115 683871.746946
519,683871.7509805,217.86400000564754,3454,3460,0.5982730050592265,0.6400467368687484,1.3766409740603118,0.901338517665863,3d gaze,20.33819545863681,-21.184210800105028,118.31973658917566,683871.7509805 683871.755015 683871.7590495 683871.763084 683871.7671185 683871.771153 683871.7751875 683871.7792219999 683871.7832565 683871.787291 683871.7913255 683871.79536 683871.7993945 683871.803429 683871.8074635 683871.811498 683871.8155325 683871.819567 683871.8236015 683871.827636 683871.8316705 683871.8357055 683871.8397405 683871.843775 683871.8478095001 683871.8518439999 683871.8558785 683871.859913 683871.8639475 683871.867982 683871.8720165 683871.876051 683871.8800855 683871.8841200001 683871.8881545 683871.892189 683871.8962235 683871.900258 683871.9042925 683871.908327 683871.9123615 683871.916396 683871.9204305001 683871.9244649999 683871.9284995 683871.932534 683871.9365685 683871.940603 683871.9446375 683871.948672 683871.9527065 683871.9567410001 683871.9607755 683871.96481 683871.9688445
520,683871.972879,217.86500001326203,3460,3467,0.6036972372517527,0.6409059611898575,0.9920237202343313,0.9010670694437894,3d gaze,22.087724756895145,-21.96707593699934,121.92053044620558,683871.972879 683871.9769135 683871.980948 683871.9849825 683871.989017 683871.993052 683871.9970865 683872.001121 683872.005156 683872.0091905 683872.013225 683872.0172595 683872.021294 683872.0253285 683872.0293630001 683872.0333974999 683872.037432 683872.0414665 683872.045501 683872.0495355 683872.05357 683872.0576045 683872.061639 683872.0656735 683872.0697079999 683872.0737425 683872.077777 683872.0818115 683872.085846 683872.0898805 683872.093915 683872.0979495 683872.1019840001 683872.1060184999 683872.110053 683872.1140875 683872.118122 683872.1221565 683872.126191 683872.1302255 683872.13426 683872.1382945 683872.1423289999 683872.1463635 683872.150398 683872.1544325 683872.158467 683872.162502 683872.1665365 683872.170571 683872.1746060001 683872.1786405 683872.182675 683872.1867095 683872.190744
521,683872.1947785,217.86400000564754,3467,3473,0.6082674716825646,0.6505057387535869,0.7532805731645053,0.9011434840935247,3d gaze,23.934728675219148,-23.995832459471753,126.50401547691673,683872.1947785 683872.198813 683872.2028475 683872.206882 683872.2109165 683872.214951 683872.2189855 683872.22302 683872.231089 683872.2351235 683872.239158 683872.2431925 683872.2472270001 683872.2512615 683872.255296 683872.2593305 683872.263365 683872.2673995 683872.271434 683872.2754685 683872.279503 683872.2835375 683872.287572 683872.2916065 683872.295641 683872.2996755 683872.30371 683872.3077445 683872.311779 683872.315814 683872.3198485 683872.3238830001 683872.3279174999 683872.331952 683872.3359865 683872.340021 683872.344056 683872.3480905 683872.352125 683872.3561595 683872.360194 683872.3642285 683872.3682629999 683872.3722975 683872.376332 683872.3803665 683872.384401 683872.3884355 683872.39247 683872.3965045 683872.400539 683872.4045735 683872.408608 683872.4126425
522,683872.416677,217.86400000564754,3474,3480,0.6077947585326791,0.6555301031372854,0.5285010084808177,0.9047607562758706,3d gaze,24.52253651044819,-25.291503735734405,130.04002055938594,683872.416677 683872.4207115 683872.424746 683872.4287805 683872.432815 683872.4368495 683872.4408839999 683872.4449185 683872.448953 683872.4529875 683872.457022 683872.4610565 683872.465091 683872.4691255 683872.47316 683872.477195 683872.4812295 683872.485264 683872.4892985 683872.493333 683872.4973675 683872.501402 683872.505437 683872.5094715001 683872.5135059999 683872.5175405 683872.521575 683872.5256095 683872.529644 683872.5336785 683872.537713 683872.5417475 683872.5457820001 683872.5498165 683872.553851 683872.5578855 683872.56192 683872.5659545 683872.569989 683872.5740235 683872.578058 683872.5820925001 683872.5861269999 683872.5901615 683872.594196 683872.5982305 683872.602265 683872.6062995 683872.610334 683872.6143685 683872.6184030001 683872.6224375 683872.626472 683872.6305065 683872.634541
523,683872.638576,217.8645000094548,3480,3487,0.6040476755372454,0.6487601054384808,0.8889995013002788,0.9015869281508706,3d gaze,22.495732005359617,-23.20412154832335,123.57151807132122,683872.638576 683872.6426105 683872.646645 683872.6506795001 683872.654714 683872.6587485 683872.662783 683872.6668175 683872.670852 683872.6748865 683872.678921 683872.682956 683872.6869905 683872.6910250001 683872.6950594999 683872.699094 683872.7031285 683872.707163 683872.7111975 683872.715232 683872.7192665 683872.723301 683872.7273355 683872.7313699999 683872.7354045 683872.739439 683872.7434735 683872.747508 683872.7515425 683872.755577 683872.7596115 683872.7636460001 683872.7676804999 683872.771715 683872.7757495 683872.779784 683872.7838185 683872.787853 683872.7918875 683872.795922 683872.799957 683872.8039915 683872.808026 683872.8120605 683872.816095 683872.8201295 683872.824164 683872.8281985 683872.832233 683872.8362675 683872.840302 683872.844337 683872.8483715 683872.852406 683872.8564405
524,683873.009752,161.38099995441735,3491,3496,0.5277566210634234,0.6934264947102369,1.4104106746332423,0.9353942791136299,3d gaze,6.090271259448787,-25.284863516255168,110.82533796828154,683873.009752 683873.013787 683873.0178215 683873.021856 683873.0258905 683873.0299249999 683873.0339595 683873.037994 683873.0420285 683873.046063 683873.0500975 683873.0541320001 683873.0581665 683873.062201 683873.0662355 683873.07027 683873.0743045 683873.078339 683873.0823735 683873.086408 683873.0904425 683873.094477 683873.0985115 683873.102546 683873.1065805 683873.110615 683873.11465 683873.1186845 683873.122719 683873.1267535 683873.1307880001 683873.1348224999 683873.138857 683873.1428915 683873.146926 683873.1509605 683873.154995 683873.1590295 683873.163064 683873.1670985001 683873.1711329999
525,683873.191334,92.76600007433444,3497,3499,0.4961880579122023,0.651071406053963,1.3141652878301402,0.9959041006748491,3d gaze,2.3910460448004716,-75.60245327481044,405.37527629491734,683873.191334 683873.199403 683873.207472 683873.215541 683873.22361 683873.231679 683873.239748 683873.247817 683873.255886 683873.271996 683873.2760305 683873.280065 683873.2841
526,683873.332514,112.96699999365956,3501,3504,0.465598247999581,0.6058549108909899,1.4929766691390831,0.9737025540450523,3d gaze,-4.316098471311998,-13.27122850106824,91.70146580692803,683873.332514 683873.3365485 683873.340583 683873.344618 683873.3486525 683873.3526870001 683873.3567215 683873.360756 683873.3647905 683873.368825 683873.3728595 683873.376894 683873.3809285 683873.384963 683873.3889975001 683873.3930319999 683873.3970665 683873.401101 683873.4051355 683873.40917 683873.4132045 683873.417239 683873.4212735 683873.4253080001 683873.4293425 683873.433377 683873.437412 683873.4414465 683873.445481
527,683873.4495155,201.72599994111806,3504,3510,0.45966243036353643,0.6227232126015281,1.4821163538610511,0.972686718491947,3d gaze,-5.419316508611461,-15.30348505005161,95.21014003843452,683873.4495155 683873.45355 683873.4575845001 683873.461619 683873.4656535 683873.469688 683873.4737225 683873.477757 683873.4817915 683873.485826 683873.4898605 683873.493895 683873.4979295 683873.501964 683873.5059984999 683873.510033 683873.514068 683873.5181025 683873.522137 683873.5261715 683873.530206 683873.5342405 683873.5382749999 683873.5423095 683873.546344 683873.5503785 683873.554413 683873.5584475 683873.562482 683873.5665165 683873.5705510001 683873.5745854999 683873.57862 683873.5826545 683873.586689 683873.5907235 683873.594758 683873.5987925 683873.602827 683873.606862 683873.6108965001 683873.614931 683873.6189655 683873.623 683873.6270345 683873.631069 683873.6351035 683873.639138 683873.6431725 683873.6472070001 683873.6512414999
528,683873.655276,173.4845000319183,3510,3516,0.4627985518674155,0.6287789584788217,1.2926975682898962,0.9652035358277234,3d gaze,-4.968207990029511,-15.930522430995103,95.84014339553784,683873.655276 683873.6593105 683873.663345 683873.6673795 683873.671414 683873.6754485 683873.679483 683873.6835175001 683873.687552 683873.691587 683873.6956215 683873.699656 683873.7036905 683873.707725 683873.7117595 683873.7157940001 683873.7198285 683873.723863 683873.7278975 683873.731932 683873.7359665 683873.740001 683873.7440355 683873.74807 683873.752105 683873.7561395001 683873.7601739999 683873.7642085 683873.768243 683873.7722775 683873.776312 683873.7803465 683873.784381 683873.7884155 683873.7924500001 683873.7964844999 683873.800519 683873.8045535 683873.808588 683873.8126225 683873.816657 683873.8206915 683873.824726 683873.8287605001
529,683873.8327949999,217.8645001258701,3516,3522,0.4723230921519709,0.6457941569272899,1.0841998849360508,0.9630954168059609,3d gaze,-3.5979564797017147,-18.033813740218122,98.95785318286339,683873.8327949999 683873.8368295 683873.840864 683873.8448985 683873.848933 683873.852968 683873.8570025 683873.861037 683873.8650715 683873.869106 683873.8731405 683873.877175 683873.8812095 683873.885244 683873.8892785 683873.893313 683873.8973475 683873.901382 683873.9054165 683873.9094509999 683873.9134855 683873.91752 683873.921555 683873.9255895 683873.929624 683873.9336585 683873.937693 683873.9417275 683873.945762 683873.9497965 683873.953831 683873.9578655 683873.9619 683873.9659345 683873.969969 683873.9740035001 683873.978038 683873.9820725 683873.986107 683873.9901415 683873.994176 683873.9982105 683874.002245 683874.0062795 683874.010314 683874.0143490001 683874.0183835 683874.022418 683874.0264525 683874.030487 683874.0345215 683874.038556 683874.0425905 683874.046625 683874.0506595001
530,683874.1959025,217.8645000094548,3527,3533,0.4810834879445354,0.5583652330506923,1.4037034376290756,0.9216427331620997,3d gaze,-2.0869459067924145,-9.663273098927112,96.11106923909783,683874.1959025 683874.1999369999 683874.2039715 683874.208006 683874.2120405 683874.216075 683874.2201095 683874.224144 683874.2281785 683874.2322130001 683874.2362474999 683874.240282 683874.244317 683874.2483515 683874.252386 683874.2564205 683874.260455 683874.2644895 683874.268524 683874.2725585001 683874.276593 683874.2806275 683874.284662 683874.2886965 683874.292731 683874.2967655 683874.3008 683874.3048345 683874.3088690001 683874.3129034999 683874.316938 683874.3209725 683874.325007 683874.3290415 683874.333076 683874.3371105 683874.341145 683874.3451795001 683874.349214 683874.353249 683874.3572835 683874.361318 683874.3653525 683874.369387 683874.3734215 683874.3774560001 683874.3814905 683874.385525 683874.3895595 683874.393594 683874.3976285 683874.401663 683874.405698 683874.4097325 683874.413767
531,683874.4178015001,173.48449991550297,3533,3538,0.4829319283523741,0.5513065468051003,1.391815175223981,0.9341836984861981,3d gaze,-1.8234956343422617,-9.129078892995404,97.09526482939445,683874.4178015001 683874.4218359999 683874.4258705 683874.429905 683874.4339395 683874.437974 683874.4420085 683874.446043 683874.4500775 683874.4541120001 683874.4581464999 683874.462181 683874.4662155 683874.47025 683874.4742845 683874.478319 683874.4823535 683874.486388 683874.4904225001 683874.4944569999 683874.4984915 683874.502526 683874.5065605 683874.510595 683874.5146295 683874.518664 683874.522699 683874.5267335 683874.530768 683874.5348025 683874.538837 683874.5428715 683874.546906 683874.5509405 683874.554975 683874.5590095 683874.563044 683874.567079 683874.5711135 683874.575148 683874.5791825 683874.583217 683874.5872515 683874.591286
532,683874.5953205,217.86400000564754,3539,3545,0.4808898047727981,0.5330200303810162,1.2114319609561852,0.9239291873845187,3d gaze,-2.1196406285976495,-7.44256150418237,96.28086944882045,683874.5953205 683874.599355 683874.6033895 683874.607424 683874.6114585 683874.615493 683874.6195275 683874.623562 683874.6275965 683874.631631 683874.6356655001 683874.6396999999 683874.6437345 683874.647769 683874.6518035 683874.655838 683874.6598725 683874.663907 683874.6679415 683874.671976 683874.6760104999 683874.680045 683874.6840795 683874.688114 683874.692149 683874.6961835 683874.700218 683874.7042525 683874.708287 683874.7123215001 683874.7163559999 683874.7203905 683874.724425 683874.72846 683874.7324945 683874.736529 683874.7405635 683874.744598 683874.7486325 683874.752667 683874.7567014999 683874.760736 683874.7647705 683874.768805 683874.7728395 683874.776874 683874.7809085001 683874.784943 683874.7889775 683874.793012 683874.7970465 683874.801081 683874.8051155 683874.80915 683874.8131845
533,683874.817219,104.89800001960248,3545,3548,0.4756838684707333,0.5308780274233694,0.6571229649006812,0.926840153005388,3d gaze,-2.9028038904121196,-7.176232094859059,95.24702662185099,683874.817219 683874.8212535 683874.825288 683874.8293224999 683874.833357 683874.8373915 683874.841426 683874.8454605 683874.849495 683874.85353 683874.8575645 683874.8615989999 683874.8656335 683874.869668 683874.8737025 683874.877737 683874.881772 683874.8858065 683874.889841 683874.8938755 683874.89791 683874.9019444999 683874.905979 683874.9100135 683874.914048 683874.9180825 683874.922117
534,683874.946324,96.8290000455454,3549,3552,0.43707734066183135,0.5523661524375731,1.431547119802,0.9839957547187805,3d gaze,-9.37005917845691,-9.56851473284877,100.30379241076682,683874.946324 683874.9503585 683874.954393 683874.9584275 683874.962462 683874.9664965 683874.970531 683874.9745654999 683874.9786 683874.9826345 683874.986669 683874.9907035 683874.994738 683874.9987725 683875.002807 683875.0068415 683875.010876 683875.0149105 683875.018945 683875.02298 683875.0270145 683875.031049 683875.0350835 683875.0391180001 683875.0431530001
535,683875.172257,197.69250007811934,3556,3562,0.5205215691636654,0.7314468232898013,1.379445050947947,0.9500280487537384,3d gaze,4.682764476892884,-28.760490297873126,108.31148017547716,683875.172257 683875.1762915 683875.180326 683875.1843605 683875.1883950001 683875.1924294999 683875.196464 683875.200499 683875.204534 683875.2085685 683875.212603 683875.2166375 683875.220672 683875.2247065001 683875.2287409999 683875.2327755 683875.23681 683875.2408445 683875.244879 683875.2489135 683875.252948 683875.2569825 683875.261017 683875.2650514999 683875.269086 683875.2731205 683875.277155 683875.2811895 683875.285224 683875.2892585 683875.293293 683875.2973275001 683875.3013619999 683875.3053965 683875.309431 683875.3134655 683875.3175 683875.3215345 683875.325569 683875.3296035 683875.333638 683875.3376724999 683875.341707 683875.3457415 683875.349776 683875.3538105 683875.357845 683875.36188 683875.365915 683875.3699495001
536,683875.373984,161.38100007083267,3562,3567,0.5160479432593406,0.7439851874767621,1.31649828536834,0.9597150639789861,3d gaze,3.8207977080295414,-29.59600584957415,106.44906101536792,683875.373984 683875.3780185 683875.382053 683875.3860875 683875.390122 683875.3941565 683875.398191 683875.4022255 683875.40626 683875.4102945 683875.414329 683875.4183634999 683875.422398 683875.4264325 683875.430467 683875.4345015 683875.438536 683875.4425705001 683875.446605 683875.4506395 683875.454674 683875.4587085 683875.462743 683875.4667775 683875.470812 683875.4748465 683875.478881 683875.4829155 683875.48695 683875.4909844999 683875.495019 683875.4990535 683875.503088 683875.5071225 683875.511157 683875.5151915001 683875.519226 683875.5232609999 683875.527296 683875.5313305 683875.535365
537,683875.5393995,217.86400000564754,3567,3573,0.507659970123499,0.7443276809329905,0.7853122853482164,0.9574525573036887,3d gaze,2.3682118313948637,-30.038725573370233,107.94358811167454,683875.5393995 683875.543434 683875.5474685 683875.551503 683875.5555375 683875.559572 683875.5636064999 683875.567641 683875.5716755 683875.57571 683875.5797445 683875.583779 683875.5878135 683875.591848 683875.5958825 683875.599917 683875.6039515 683875.607986 683875.6120205 683875.616055 683875.6200895 683875.624124 683875.6281585 683875.632193 683875.6362274999 683875.640262 683875.6442965 683875.648331 683875.6523655 683875.6564 683875.6604345001 683875.664469 683875.6685035 683875.672538 683875.6765725 683875.680607 683875.6846415 683875.6886765 683875.6927115 683875.696746 683875.7007805 683875.7048150001 683875.7088494999 683875.712884 683875.7169185 683875.720953 683875.7249875 683875.729022 683875.7330565 683875.737091 683875.7411255001 683875.7451599999 683875.7491945 683875.753229 683875.7572635
538,683875.761298,217.86400000564754,3573,3580,0.5098807246227792,0.7441312734138722,1.1815181779888015,0.9650453946807168,3d gaze,2.754953312476534,-29.905545737784355,107.53286455901295,683875.761298 683875.7653325 683875.769367 683875.7734015 683875.7774360001 683875.7814704999 683875.785505 683875.7895395 683875.793574 683875.7976085 683875.801643 683875.8056775 683875.809712 683875.8137465001 683875.8177809999 683875.8218155 683875.82585 683875.8298845 683875.833919 683875.8379535 683875.841988 683875.8460225 683875.8500575 683875.854092 683875.8581265 683875.8621615 683875.866196 683875.8702305 683875.874265 683875.8782995 683875.882334 683875.8863685001 683875.8904029999 683875.8944375 683875.898472 683875.9025065 683875.906541 683875.9105755 683875.91461 683875.9186445 683875.9226790001 683875.9267134999 683875.930748 683875.9347825 683875.938817 683875.9428515 683875.946886 683875.9509205 683875.954955 683875.9589895001 683875.9630239999 683875.9670585 683875.971093 683875.9751275 683875.979162
539,683876.08406,217.86400000564754,3583,3589,0.5266786414521357,0.7824606426890682,1.387275745225352,0.9783273328434338,3d gaze,5.493697101300968,-32.17636828973505,101.29543122995631,683876.08406 683876.0880945 683876.092129 683876.0961635 683876.100198 683876.1042325001 683876.108267 683876.1123015 683876.116336 683876.1203705 683876.124405 683876.1284395 683876.132474 683876.1365085 683876.140543 683876.1445775 683876.148612 683876.1526464999 683876.156681 683876.1607155 683876.1647505 683876.168785 683876.1728195 683876.176854 683876.1808885001 683876.1849229999 683876.1889575 683876.192992 683876.1970265 683876.2010615 683876.205096 683876.2091305 683876.213165 683876.2171995 683876.221234 683876.2252684999 683876.229303 683876.2333375 683876.237372 683876.2414065 683876.245441 683876.2494755001 683876.25351 683876.2575445 683876.261579 683876.2656135 683876.269648 683876.2736825 683876.277717 683876.2817515 683876.285786 683876.2898205 683876.293855 683876.2978894999 683876.301924
540,683876.3220965001,217.8649998968467,3590,3597,0.5573287478481671,0.7989977791928272,1.380159260846872,0.9599045173688369,3d gaze,11.436079417278581,-35.9448701231542,106.91290713381395,683876.3220965001 683876.3261315001 683876.3301659999 683876.3342005 683876.3382349999 683876.3422695 683876.346304 683876.3503385 683876.354373 683876.3584075 683876.3624425 683876.3664770001 683876.3705114999 683876.374546 683876.3785805 683876.382615 683876.3866495 683876.390684 683876.3947185 683876.398753 683876.4027875001 683876.4068219999 683876.4108565 683876.414891 683876.4189255 683876.42296 683876.4269945 683876.431029 683876.4350635 683876.4390980001 683876.4431324999 683876.447167 683876.4512015 683876.455236 683876.4592705 683876.463305 683876.4673395 683876.471374 683876.4754085001 683876.479443 683876.4834775 683876.4875125 683876.491547 683876.4955815 683876.499616 683876.5036505 683876.5076850001 683876.5117195 683876.515754 683876.5197885 683876.523823 683876.5278575 683876.5318925 683876.535927 683876.5399615
541,683876.5964445,217.86400000564754,3598,3605,0.6012352449658944,0.7864161022983887,1.387114545510406,0.9371258881959048,3d gaze,18.104507365689646,-32.32453793735183,99.08419709745647,683876.5964445 683876.600479 683876.6045135 683876.608548 683876.6125825 683876.616617 683876.6206515001 683876.6246859999 683876.6287205 683876.632755 683876.6367895 683876.640824 683876.6448585 683876.6488935 683876.6529280001 683876.6569625 683876.660997 683876.6650314999 683876.669066 683876.6731005 683876.677135 683876.6811695 683876.685204 683876.6892385 683876.693273 683876.6973075 683876.7013425 683876.705377 683876.7094115 683876.713446 683876.7174805 683876.721515 683876.7255495 683876.729584 683876.7336185 683876.737653 683876.7416875 683876.745722 683876.7497565 683876.753791 683876.7578255 683876.76186 683876.7658945001 683876.769929 683876.7739635 683876.777998 683876.7820325 683876.786067 683876.7901015 683876.794136 683876.7981705 683876.802205 683876.8062395 683876.810274 683876.8143085
542,683876.8949995,141.2080000154674,3607,3611,0.6261165402532741,0.6986822729810742,1.3298060248551802,0.9034099653363228,3d gaze,21.86372621452354,-23.43660182765247,98.41230296901148,683876.8949995 683876.899034 683876.9030685 683876.907103 683876.9111375001 683876.915172 683876.9192065 683876.923241 683876.9272755 683876.93131 683876.9353445 683876.939379 683876.9434135 683876.947448 683876.9514825 683876.955517 683876.9595514999 683876.963586 683876.9676205 683876.9716555 683876.97569 683876.9797245 683876.983759 683876.9877935001 683876.9918279999 683876.9958625 683876.999897 683877.0039315 683877.007966 683877.0120005 683877.016035 683877.0200695 683877.0241040001 683877.0281384999 683877.032173 683877.0362075
543,683877.0644495001,201.72599994111806,3612,3618,0.6320582037476994,0.6350698196356701,1.4457929786729633,0.8899020552635193,3d gaze,22.051748231896788,-16.889764716829355,95.88470066664014,683877.0644495001 683877.068484 683877.0725185 683877.076553 683877.0805875 683877.084622 683877.0886565 683877.092691 683877.0967255 683877.1047945 683877.108829 683877.1128635 683877.116898 683877.1209325 683877.124967 683877.1290015 683877.133036 683877.1370705001 683877.1411055 683877.1451399999 683877.153209 683877.1572435 683877.161278 683877.1653125 683877.1693470001 683877.1733815 683877.177416 683877.1814505 683877.185485 683877.1895195 683877.193554 683877.1975885 683877.2016235 683877.205658 683877.2096925001 683877.2137269999 683877.2177615 683877.221796 683877.2258305 683877.229865 683877.2338995 683877.237934 683877.2419685 683877.2460030001 683877.2500374999 683877.254072 683877.2581065 683877.262141 683877.2661755
544,683877.27021,217.8645000094548,3618,3625,0.634296055753979,0.6348524416121204,1.4113865289612102,0.894886461631307,3d gaze,23.065786117339382,-17.362013614391795,98.56407138748646,683877.27021 683877.2742445 683877.278279 683877.2823135001 683877.2863485 683877.2903829999 683877.2944175 683877.298452 683877.3024865 683877.306521 683877.3105555 683877.3186245 683877.322659 683877.3266935 683877.330728 683877.3347625 683877.338797 683877.3428315 683877.346866 683877.3509005 683877.354935 683877.3589695 683877.3630045 683877.367039 683877.3710735 683877.375108 683877.3791425 683877.383177 683877.3872115 683877.391246 683877.3952805 683877.399315 683877.4033495 683877.407384 683877.4114185 683877.415453 683877.4194875 683877.423522 683877.4275565001 683877.431591 683877.4356255 683877.4436945 683877.447729 683877.4517635 683877.4557985 683877.459833 683877.4638675 683877.4679020001 683877.4719364999 683877.475971 683877.4800055 683877.48404 683877.4880745
545,683877.492109,209.79500003159046,3625,3631,0.6424749966274502,0.6414884840589015,0.8456019264402128,0.8835212261630938,3d gaze,25.792185178325994,-18.983555925662007,103.69557246497257,683877.492109 683877.4961435 683877.500178 683877.5042125001 683877.5082469999 683877.5122815 683877.516316 683877.5203505 683877.524385 683877.5284195 683877.532454 683877.5364885 683877.5405235 683877.544558 683877.5485924999 683877.552627 683877.5566615 683877.560696 683877.5647305 683877.568765 683877.5727995001 683877.576834 683877.5808685 683877.584903 683877.5889375 683877.592972 683877.5970065 683877.601041 683877.6050755 683877.60911 683877.6131445 683877.6171794999 683877.621214 683877.6252485 683877.629283 683877.6333175 683877.637352 683877.6413865 683877.645421 683877.6494555001 683877.6534899999 683877.6575245 683877.661559 683877.6655935 683877.669628 683877.677697 683877.6817315 683877.6857660001 683877.6898004999 683877.693835 683877.6978695 683877.701904
546,683877.8108365,197.69149995408952,3634,3640,0.5209289532911929,0.6254510698576682,1.3273844991188328,0.9244427418708802,3d gaze,4.079680925483369,-15.435439271286704,94.67652687839423,683877.8108365 683877.814871 683877.8189055 683877.82294 683877.8269745 683877.8310090001 683877.8350435 683877.839078 683877.8431125 683877.847147 683877.8511815 683877.855216 683877.8592505 683877.863285 683877.8673195 683877.871354 683877.8753885 683877.8794235 683877.883458 683877.8874925 683877.891527 683877.8955615 683877.899596 683877.9036305 683877.9076650001 683877.9116994999 683877.915734 683877.9197685 683877.923803 683877.9278375 683877.9318725 683877.935907 683877.9399415 683877.943976 683877.9480105 683877.9520449999 683877.9560795 683877.960114 683877.9641485 683877.968183 683877.9722175 683877.9762520001 683877.9802865 683877.984321 683877.9883555 683877.99239 683877.9964245 683878.000459 683878.0044935 683878.008528
547,683878.060977,129.10449993796647,3642,3646,0.5242531554664707,0.7202087826688439,1.4193366357718422,0.9475729420329585,3d gaze,4.718954882635856,-24.338721189731565,95.6849152958206,683878.060977 683878.0650115 683878.069046 683878.0730805 683878.077115 683878.0811495 683878.085184 683878.0892185001 683878.0932535001 683878.0972879999 683878.1013225 683878.105357 683878.1093915 683878.113426 683878.1174605 683878.121495 683878.1255295 683878.1295640001 683878.1335984999 683878.137633 683878.1416675 683878.145702 683878.1497365 683878.153771 683878.1578055 683878.16184 683878.1658745001 683878.1699089999 683878.1739435 683878.177978 683878.1820125 683878.186047 683878.1900815
548,683878.194116,125.0705000711605,3646,3650,0.5246036080068662,0.7255984342268212,1.4075479916587905,0.9351144563406706,3d gaze,4.845148380120913,-25.18782366339762,96.94824411245574,683878.194116 683878.1981505 683878.2021850001 683878.2062194999 683878.2102544999 683878.214289 683878.2183235 683878.222358 683878.2263925 683878.230427 683878.2344615001 683878.238496 683878.2425305 683878.246565 683878.2505995 683878.2546345 683878.258669 683878.2627035 683878.266738 683878.2707725 683878.2748070001 683878.2788414999 683878.282876 683878.2869105 683878.290945 683878.2949795 683878.299014 683878.3030485 683878.307083 683878.3111175001 683878.3151519999 683878.3191865
549,683878.323221,217.86399988923222,3650,3656,0.5203416918456368,0.7039095944186196,1.2680840491004228,0.9287548818371513,3d gaze,4.152106037403351,-23.172701135017046,97.21803769746236,683878.323221 683878.3272555 683878.33129 683878.3353245 683878.339359 683878.3433935 683878.3474280001 683878.3514624999 683878.355497 683878.3595315 683878.363566 683878.3676005 683878.371635 683878.3756695 683878.3797045 683878.383739 683878.3877735 683878.391808 683878.3958425 683878.399877 683878.4039115 683878.407946 683878.4119805 683878.4160155 683878.4200500001 683878.4240845 683878.428119 683878.4321535 683878.436188 683878.4402225 683878.444257 683878.4482915 683878.452326 683878.4563605 683878.460395 683878.4644295 683878.4684639999 683878.4724985 683878.476533 683878.4805675 683878.484602 683878.4886365 683878.4926710001 683878.4967055 683878.50074 683878.5047745 683878.508809 683878.5128435 683878.516878 683878.5209125 683878.524947 683878.5289815001 683878.533016 683878.5370505 683878.5410849999
550,683878.5451195,217.86500001326203,3656,3663,0.5258040338533371,0.7328781737068536,1.1784876658710821,0.9227478070692583,3d gaze,5.468906013972155,-28.012739776775728,104.83875144752456,683878.5451195 683878.5491545 683878.553189 683878.5572235 683878.561258 683878.5652925 683878.5693270001 683878.5733614999 683878.5773965 683878.581431 683878.5854655 683878.5895 683878.5935345 683878.597569 683878.6016035 683878.605638 683878.6096725 683878.6137069999 683878.6177415 683878.621776 683878.6258105 683878.629845 683878.6338795 683878.6379140001 683878.6419485 683878.645983 683878.6500175 683878.654052 683878.6580865 683878.662121 683878.6661555 683878.67019 683878.6742245 683878.678259 683878.6822935 683878.6863279999 683878.6903625 683878.694397 683878.6984315 683878.702466 683878.7065005 683878.7105355 683878.71457 683878.7186044999 683878.722639 683878.7266735 683878.7307085 683878.734743 683878.7387775 683878.742812 683878.7468465 683878.750881 683878.7549155001 683878.7589499999 683878.7629845
551,683878.767019,137.1739999158308,3663,3667,0.5289289395578819,0.7392393691083683,0.7828696475818773,0.9226397344044277,3d gaze,6.022906537028763,-28.713847413340524,104.97531141921202,683878.767019 683878.7710535 683878.775088 683878.7791225 683878.7831570001 683878.7871915 683878.7912260001 683878.7952604999 683878.799295 683878.8033295 683878.807364 683878.8113985 683878.815433 683878.8194675 683878.823502 683878.8275365001 683878.8315709999 683878.8356055 683878.83964 683878.8436745 683878.847709 683878.8517435 683878.8557780001 683878.8598125 683878.8638470001 683878.8678814999 683878.8719164999 683878.875951 683878.8799855 683878.88402 683878.8880545 683878.892089 683878.8961235001 683878.9001585001 683878.9041929999
552,683878.920331,108.93149999901652,3668,3671,0.5278557966072627,0.7924546612004245,1.4243356898469293,0.9501323316778455,3d gaze,5.713254348432288,-33.23022372049271,101.32738837057148,683878.920331 683878.9243655 683878.9284 683878.9324345 683878.9364690001 683878.9405034999 683878.944538 683878.9485725 683878.952607 683878.9566415 683878.960676 683878.9647105 683878.968745 683878.9727795001 683878.9768139999 683878.9808485 683878.984883 683878.9889175 683878.992952 683878.9969865 683879.001021 683879.0050555 683879.0090900001 683879.0131244999 683879.017159 683879.0211935 683879.025228 683879.0292625
553,683879.033297,217.86500001326203,3671,3677,0.5255365072238737,0.7980808274905358,0.7767824104028908,0.9449630390514027,3d gaze,5.12414098412818,-32.58966613754671,97.59203599308871,683879.033297 683879.0373315 683879.041366 683879.0454005001 683879.0494355 683879.0534705 683879.0575049999 683879.0615395 683879.065574 683879.0696085 683879.073643 683879.0776775 683879.0817120001 683879.0857465 683879.089781 683879.0938155 683879.09785 683879.1018845 683879.105919 683879.1099535 683879.113988 683879.1180225001 683879.122057 683879.1260915 683879.1301259999 683879.1341605 683879.138195 683879.1422295 683879.146264 683879.1502985 683879.1543330001 683879.1583675 683879.162402 683879.1664365 683879.170471 683879.1745055 683879.17854 683879.1825745 683879.186609 683879.1906435001 683879.1946779999 683879.1987125 683879.2027469999 683879.2067815 683879.210816 683879.2148505 683879.2188855 683879.2229205 683879.2269550001 683879.2309895 683879.235024 683879.2390585 683879.243093 683879.2471275 683879.251162
554,683879.2551965,217.86400000564754,3678,3684,0.5179811607881571,0.7903976010106472,0.8468310384101257,0.9359116711399772,3d gaze,3.8373317658162724,-31.566744054420145,96.92203591916761,683879.2551965 683879.259231 683879.2632655 683879.2673 683879.2713345 683879.2753689999 683879.2794035 683879.283438 683879.2874725 683879.291507 683879.2955415 683879.2995760001 683879.3036105 683879.307645 683879.3116795 683879.315714 683879.3197485 683879.323783 683879.3278175 683879.331852 683879.3358865 683879.339921 683879.3439555 683879.3479899999 683879.3520245 683879.356059 683879.3600935 683879.364128 683879.3681625 683879.3721970001 683879.3762320001 683879.3802664999 683879.384301 683879.388336 683879.3923705 683879.396405 683879.4004395 683879.404474 683879.4085085 683879.412543 683879.4165775001 683879.4206119999 683879.4246465 683879.428681 683879.4327155 683879.43675 683879.4407845 683879.4448190001 683879.4488535 683879.452888 683879.4569224999 683879.460957 683879.4649915 683879.469026 683879.4730605
555,683879.477095,217.8645000094548,3684,3691,0.5187873088815992,0.7799283666159084,0.7023777904104148,0.942827793735045,3d gaze,3.860712230707078,-29.758950726842528,94.53171228651257,683879.477095 683879.485164 683879.4891985 683879.4932329999 683879.4972675 683879.501302 683879.5053365 683879.509371 683879.5134055 683879.5174400001 683879.5214745 683879.525509 683879.5295434999 683879.533578 683879.5376125 683879.541647 683879.545682 683879.549717 683879.5537515 683879.557786 683879.5618205001 683879.5658549999 683879.5698895 683879.573924 683879.5779585 683879.581993 683879.5860275 683879.590062 683879.5940965 683879.5981310001 683879.6021654999 683879.6062 683879.6102345 683879.614269 683879.6183035 683879.622338 683879.6263725 683879.630407 683879.6344415001 683879.6384759999 683879.6425105 683879.646545 683879.6505795 683879.654614 683879.6586485 683879.662683 683879.6667175 683879.6707520001 683879.6747864999 683879.678821 683879.6828555 683879.68689 683879.690925 683879.6949595
556,683879.698994,217.8645000094548,3691,3697,0.5166872305667939,0.7779106023603016,0.5669465998890003,0.9356844820759513,3d gaze,3.596182752238209,-30.15954965756185,96.45770996836116,683879.698994 683879.7030285001 683879.707063 683879.7110975 683879.7151319999 683879.7191669999 683879.7232015 683879.727236 683879.7312705 683879.735305 683879.7393395 683879.7433740001 683879.7474084999 683879.751443 683879.7554775 683879.759512 683879.7635465 683879.767581 683879.7716155 683879.77565 683879.7796845001 683879.7837189999 683879.7877535 683879.7917879999 683879.7958225 683879.799857 683879.8038915 683879.807926 683879.8119605 683879.8159950001 683879.8200294999 683879.824064 683879.8280985 683879.832133 683879.8361675 683879.840202 683879.8442365 683879.848271 683879.8523055001 683879.8563399999 683879.8603749999 683879.8644095 683879.868444 683879.8724785 683879.876513 683879.880548 683879.8845825 683879.8886170001 683879.8926515 683879.896686 683879.9007205 683879.904755 683879.9087895 683879.912824 683879.9168585
557,683879.920893,133.13900004141033,3697,3701,0.5162380436873582,0.7823650508417949,0.3426523261933893,0.9443758217727437,3d gaze,3.52117990397784,-30.564838902469933,96.33642334465316,683879.920893 683879.9249275 683879.928962 683879.9329965 683879.9370309999 683879.9410655 683879.9451 683879.9491345 683879.953169 683879.9572035 683879.9612380001 683879.9652725 683879.969307 683879.9733415 683879.977376 683879.9814105 683879.985445 683879.9894795 683879.993514 683879.9975485 683880.001583 683880.0056175 683880.0096519999 683880.013687 683880.0177215 683880.021756 683880.0257905 683880.029825 683880.0338595 683880.0378940001 683880.0419284999 683880.045963 683880.0499974999 683880.054032
558,683880.130688,121.03599996771663,3704,3707,0.5302314366707489,0.6993446423630328,1.3350246055495016,0.8985320955514908,3d gaze,6.264138996808928,-24.809353718131092,106.03728772716185,683880.130688 683880.1347225 683880.138757 683880.1427915 683880.146826 683880.1508605 683880.1548949999 683880.1589295 683880.162964 683880.1669985 683880.171033 683880.1750675 683880.1791020001 683880.1871715 683880.191206 683880.1952404999 683880.199275 683880.2033095 683880.207344 683880.2113785 683880.215413 683880.2194475001 683880.223482 683880.2275169999 683880.2315515 683880.235586 683880.2396205 683880.243655 683880.2476895 683880.251724
559,683880.2799655,217.8645000094548,3708,3715,0.5284426787797634,0.6667083784371801,0.8077280472919431,0.9122667372226715,3d gaze,5.966601531013855,-21.659740454346668,107.0465200731413,683880.2799655 683880.284 683880.2880345 683880.292069 683880.2961035001 683880.3001379999 683880.3041725 683880.308207 683880.3122415 683880.316276 683880.3203105 683880.324345 683880.3283795 683880.3324140001 683880.3364484999 683880.340483 683880.344518 683880.3485525 683880.352587 683880.3566215 683880.360656 683880.3646905001 683880.368725 683880.3727595 683880.376794 683880.3808285 683880.384863 683880.388898 683880.3929325 683880.396967 683880.4010015 683880.4050360001 683880.4090704999 683880.413105 683880.4171395 683880.421174 683880.4252085 683880.429243 683880.4332775 683880.437312 683880.4413465001 683880.4453809999 683880.4494155 683880.45345 683880.4574845 683880.461519 683880.4655535 683880.469588 683880.4736225 683880.4776570001 683880.4816914999 683880.485726 683880.4897605 683880.493795 683880.49783
560,683880.5018645,205.76050004456192,3715,3721,0.5264477940716924,0.658768051392618,1.4568716262237182,0.9199913814663887,3d gaze,5.534333046980496,-20.5654821402533,105.46452430789994,683880.5018645 683880.505899 683880.5099335001 683880.513968 683880.5180025001 683880.5220369999 683880.5260715 683880.530106 683880.5341405 683880.538175 683880.5422095 683880.546244 683880.5502790001 683880.5543135 683880.558348 683880.5623825 683880.566417 683880.5704515 683880.574486 683880.5785205 683880.582555 683880.5865895 683880.590624 683880.5946585 683880.5986929999 683880.6027275 683880.606762 683880.6107965 683880.614831 683880.6188655 683880.6229000001 683880.6269345 683880.630969 683880.6350035 683880.639038 683880.6430725 683880.647107 683880.6511415 683880.655176 683880.6592105 683880.663245 683880.6672799999 683880.6713145 683880.675349 683880.6793835 683880.683418 683880.6874525 683880.691487 683880.6955215 683880.6995560001 683880.7035904999 683880.707625
561,683880.7116595,191.2424999754876,3721,3727,0.5255814905071128,0.640803192085291,1.052802634511517,0.9215079667616863,3d gaze,5.441119275477895,-19.429175752978793,109.38787492396278,683880.7116595 683880.715694 683880.7197285 683880.723763 683880.727798 683880.7318325 683880.735867 683880.7399015 683880.7439359999 683880.7479705 683880.752005 683880.7560395 683880.760074 683880.7641085 683880.7669225 683880.770957 683880.7749915 683880.7790260001 683880.7830605 683880.787095 683880.7911295 683880.795164 683880.7991985 683880.803233 683880.8072675 683880.811302 683880.8153365001 683880.8193709999 683880.823406 683880.8274405 683880.831475 683880.8355095 683880.839544 683880.8435785 683880.847613 683880.8516475 683880.855682 683880.8597164999 683880.863751 683880.8677855 683880.87182 683880.8758545 683880.879889 683880.8839235001 683880.887958 683880.8919925 683880.896027 683880.9000615 683880.902902
562,683881.3236865,80.69049997720867,3739,3742,0.5367260342640835,0.708025619166796,1.2544401951243762,0.8859011609303323,3d gaze,7.598554874920594,-26.33963560718591,108.53807475150427,683881.3236865 683881.327721 683881.3317555 683881.3357899999 683881.3398245 683881.343859 683881.3478935 683881.351928 683881.3559625 683881.3599970001 683881.3640315 683881.368066 683881.376135 683881.3801695 683881.384204 683881.3882385 683881.392273 683881.400342 683881.4043769999
563,683881.6061025,201.72650006134063,3748,3754,0.5584063291785044,0.6694238925335535,1.384206732396537,0.9319903009078082,3d gaze,10.948805509068727,-21.32038716483178,103.68986684115889,683881.6061025 683881.610137 683881.6141715 683881.618206 683881.6222405001 683881.6262749999 683881.63031 683881.6343445 683881.638379 683881.6424135 683881.646448 683881.650483 683881.6545175 683881.6585520001 683881.6625864999 683881.666621 683881.6706555 683881.67469 683881.6787245 683881.682759 683881.6867935 683881.690828 683881.6948625001 683881.6988969999 683881.7029315 683881.706966 683881.7110005 683881.715035 683881.7190695 683881.723104 683881.7271385 683881.7311730001 683881.7352074999 683881.739242 683881.7432765 683881.747311 683881.7513455 683881.75538 683881.7594145 683881.763449 683881.7674835001 683881.7715179999 683881.7755525 683881.779587 683881.783622 683881.7876565 683881.791691 683881.7957255 683881.79976 683881.8037945 683881.807829
564,683881.884485,80.69049997720867,3756,3758,0.6335595942272544,0.6710948368649338,1.4405604020204117,0.9062653199622506,3d gaze,22.683956125316712,-20.48813520961709,96.8808338103474,683881.884485 683881.8885195 683881.892554 683881.8965885 683881.900623 683881.9046575 683881.908692 683881.9127265001 683881.916761 683881.9207955 683881.9248299999 683881.9288645 683881.932899 683881.940968 683881.9450025 683881.9490370001 683881.9571065 683881.961141 683881.9651755
565,683881.96921,173.4845000319183,3759,3764,0.6470878287206392,0.6773534954863113,1.44050115973693,0.8880054134698141,3d gaze,26.08700517928139,-22.089632986136433,100.94401995591173,683881.96921 683881.9732445 683881.977279 683881.9813135001 683881.985348 683881.9893825001 683881.9934169999 683881.9974515 683882.001486 683882.0055205 683882.009555 683882.0135895 683882.017624 683882.0216585 683882.0256930001 683882.0297274999 683882.033762 683882.0377965 683882.0458655 683882.0499 683882.0539345001 683882.057969 683882.0620035001 683882.0660379999 683882.0700725 683882.0781415 683882.082176 683882.0862105 683882.090245 683882.0942795 683882.0983140001 683882.1023484999 683882.1063834999 683882.1104184999 683882.114453 683882.1184875 683882.122522 683882.1265565 683882.130591 683882.1346255001 683882.1386599999 683882.1426945
566,683882.146729,217.86400000564754,3764,3770,0.6505203119882249,0.6688020000274416,0.915492012646837,0.887660785957619,3d gaze,27.44931227089801,-21.88352178966501,103.94280513857744,683882.146729 683882.1507635 683882.154798 683882.1588325 683882.162867 683882.1669015 683882.1709360001 683882.1749704999 683882.179005 683882.1830394999 683882.187074 683882.1911085 683882.195143 683882.1991775 683882.203212 683882.2072465001 683882.2112809999 683882.2153155 683882.21935 683882.2233845 683882.227419 683882.2314535 683882.235488 683882.2395225 683882.2435570001 683882.2475914999 683882.251626 683882.2556604999 683882.259695 683882.2637295 683882.2677645 683882.271799 683882.2758335 683882.279868 683882.2839025 683882.2879369999 683882.2919715 683882.296006 683882.3000405 683882.304075 683882.3081095 683882.3121440001 683882.3161785 683882.320213 683882.3242474999 683882.328282 683882.3323165 683882.336351 683882.3403855 683882.34442 683882.3484545 683882.352489 683882.360558 683882.364593
567,683882.3686275,177.51850001513958,3771,3776,0.6494668359714327,0.6631744310778024,0.6726469294733775,0.8938522689872318,3d gaze,27.939114620526237,-21.841958109203585,106.60784188133741,683882.3686275 683882.372662 683882.3766965 683882.380731 683882.3847655 683882.3888000001 683882.3928345 683882.396869 683882.4009034999 683882.404938 683882.4089725 683882.413007 683882.4170415 683882.421076 683882.4251105001 683882.4291455001 683882.4331799999 683882.4372145 683882.4412489999 683882.4452835 683882.449318 683882.4533525 683882.4573870001 683882.4614215 683882.4654560001 683882.4694904999 683882.473525 683882.4775595 683882.481594 683882.4856285 683882.489663 683882.4936975 683882.497732 683882.5017665001 683882.5058009999 683882.5098355 683882.5138699999 683882.5179045 683882.521939 683882.5259735 683882.5300080001 683882.5340425 683882.5380770001 683882.5421114999 683882.546146
568,683882.6712165,80.68999997340143,3780,3782,0.5540171132559178,0.6318594351476451,1.4845827233492004,0.9171747309820992,3d gaze,10.023187769078763,-17.434933792889055,102.75470532861213,683882.6712165 683882.675251 683882.6792855 683882.6833200001 683882.6873544999 683882.691389 683882.6954235 683882.699458 683882.7034925 683882.707527 683882.7115615 683882.715596 683882.7196305001 683882.7236649999 683882.7276995 683882.7317339999 683882.7357685 683882.739803 683882.7438375 683882.747872 683882.7519065
569,683882.7559410001,173.4849999193102,3782,3787,0.543604969506504,0.6251801738692412,1.2848671925514634,0.918283695524389,3d gaze,8.299071111688171,-16.818849725768338,103.07242505593094,683882.7559410001 683882.7599760001 683882.7640104999 683882.768045 683882.7720794999 683882.776114 683882.7801485 683882.784183 683882.7882175001 683882.792252 683882.7962865001 683882.8003209999 683882.8043555 683882.80839 683882.8124245 683882.816459 683882.820494 683882.8245285 683882.8285625 683882.8325970001 683882.836632 683882.8406664999 683882.844701 683882.8487355 683882.85277 683882.8568045 683882.860839 683882.8648735001 683882.868908 683882.8729425 683882.8769769999 683882.8810115 683882.885046 683882.8890805 683882.893115 683882.8971495 683882.9011840001 683882.9052190001 683882.9092534999 683882.913288 683882.9173224999 683882.921357 683882.9253915 683882.929426
570,683882.9334605001,217.86400000564754,3787,3794,0.5320476094259113,0.6212712883111825,0.9568275208849312,0.917155921459198,3d gaze,5.890023725916527,-15.297493846513067,96.04903628118288,683882.9334605001 683882.937495 683882.9415295001 683882.9455639999 683882.9495985 683882.953633 683882.9576675 683882.961702 683882.9657365 683882.969771 683882.9738055 683882.9778400001 683882.9818744999 683882.985909 683882.9899434999 683882.993978 683882.9980125 683883.002047 683883.0060815001 683883.010116 683883.0141505001 683883.0181849999 683883.0222195 683883.026254 683883.0302885 683883.034323 683883.0383575 683883.042392 683883.0464265 683883.0504610001 683883.0544954999 683883.05853 683883.0625644999 683883.066599 683883.070634 683883.074669 683883.0787035001 683883.082738 683883.0867725001 683883.090807 683883.0948415 683883.0988759999 683883.1029105 683883.106945 683883.1109795 683883.115014 683883.1190485 683883.1230830001 683883.1271175 683883.131152 683883.1351864999 683883.139221 683883.1432555 683883.14729 683883.1513245001
571,683883.155359,217.86400000564754,3794,3800,0.5429490806147231,0.6313286168271336,1.4061404352573097,0.9206996912306006,3d gaze,7.855220324600781,-16.73664054343491,99.08430222123513,683883.155359 683883.1593935001 683883.1634279999 683883.1674625 683883.1714969999 683883.1755315 683883.179566 683883.1836005 683883.187635 683883.1916695 683883.1957040001 683883.1997384999 683883.203773 683883.2078074999 683883.211842 683883.2158765 683883.219911 683883.2239455001 683883.2279805001 683883.232015 683883.2360495001 683883.2400839999 683883.2441185 683883.2481529999 683883.2521875 683883.256222 683883.2602565 683883.2642910001 683883.2683255 683883.2723600001 683883.2763944999 683883.280429 683883.2844635 683883.288498 683883.2925325 683883.2965675 683883.300602 683883.3046365001 683883.308671 683883.3127055 683883.3167399999 683883.3207745 683883.324809 683883.3288435 683883.332878 683883.3369125 683883.3409470001 683883.3449815 683883.349016 683883.3530504999 683883.357085 683883.3611195 683883.365154 683883.3691885 683883.373223
572,683883.3772575001,217.86449989303946,3801,3807,0.549822911817196,0.6292303552248917,0.6814469190023296,0.9173446335575798,3d gaze,9.055689756793788,-16.69867228973286,99.95912537879866,683883.3772575001 683883.381292 683883.3853265 683883.3893609999 683883.3933955 683883.3974305 683883.401465 683883.4054995 683883.4095340001 683883.4135685 683883.4176030001 683883.4216374999 683883.425672 683883.4297064999 683883.433741 683883.4377755 683883.44181 683883.4458445 683883.449879 683883.4539135001 683883.4579479999 683883.4619825 683883.4660169999 683883.4700515 683883.474086 683883.4781205 683883.4821550001 683883.4861895 683883.4902240001 683883.4942584999 683883.498293 683883.5023275 683883.506362 683883.5103965 683883.514431 683883.5184655 683883.5225 683883.5265345001 683883.5305695 683883.5346039999 683883.5386379999 683883.542673 683883.546708 683883.5507425 683883.5547770001 683883.5588115 683883.5628460001 683883.5668805 683883.570915 683883.5749494999 683883.578984 683883.5830185 683883.587053 683883.5910875 683883.595122
573,683883.5991565001,117.00099986046553,3807,3811,0.5474543403696575,0.6361480548065302,0.8802802061525911,0.9055546243985494,3d gaze,8.410324610348436,-16.83375393911358,96.99528781481627,683883.5991565001 683883.603191 683883.6072255 683883.6112599999 683883.6152945 683883.619329 683883.6233635 683883.6273980001 683883.6314325 683883.6354670001 683883.6395015 683883.643536 683883.6475704999 683883.651605 683883.6556395 683883.659674 683883.6637085 683883.667743 683883.6717775001 683883.675812 683883.6798465 683883.6838809999 683883.6879155 683883.69195 683883.6959845 683883.7000190001 683883.7040535 683883.7080880001 683883.7121230001 683883.7161574999
574,683883.8250895,141.2080000154674,3814,3818,0.6512043639638978,0.66670185856012,1.436682833252402,0.9185317903757095,3d gaze,28.096222595706813,-22.078456756721625,105.8618853520475,683883.8250895 683883.8291239999 683883.8331585 683883.837193 683883.8412275 683883.845262 683883.8492965 683883.8533310001 683883.8573655 683883.8614 683883.8654344999 683883.869469 683883.873504 683883.8775385 683883.881573 683883.8856075001 683883.889642 683883.8936765001 683883.8977109999 683883.9017455 683883.9057799999 683883.9098145 683883.913849 683883.9178835 683883.921918 683883.9259525 683883.9299870001 683883.9340214999 683883.938056 683883.9420904999 683883.946125 683883.9501595 683883.954194 683883.9582285001 683883.962263 683883.9662975001
575,683883.9703319999,217.86400000564754,3818,3825,0.6581824370135412,0.6508951684625017,0.8639750395804954,0.9153301927176389,3d gaze,27.741870679096497,-19.366016899527498,100.04685721795674,683883.9703319999 683883.9743665 683883.9784009999 683883.9824355 683883.98647 683883.9905045 683883.994539 683883.9985735 683884.0026080001 683884.0066430001 683884.0106774999 683884.014712 683884.0187465 683884.022781 683884.0268155 683884.03085 683884.034885 683884.0389195001 683884.042954 683884.0469885 683884.0510229999 683884.0550575 683884.059092 683884.0631265 683884.067161 683884.0711955 683884.0752300001 683884.0792645 683884.083299 683884.0873334999 683884.091368 683884.0954025 683884.099437 683884.1034715001 683884.107506 683884.1115405001 683884.115575 683884.1196095 683884.1236439999 683884.1276785 683884.131713 683884.1357475 683884.139782 683884.1438165 683884.1478510001 683884.1518855 683884.15592 683884.1599544999 683884.163989 683884.1680235 683884.172058 683884.1760925001 683884.180127 683884.1841615001 683884.188196
576,683884.1922305,217.86449989303946,3825,3831,0.6592792477751511,0.6521572296225376,0.7775542708828002,0.9105707655350367,3d gaze,28.68368165568075,-20.0153401801774,102.71286451274251,683884.1922305 683884.1962655 683884.2002999999 683884.2043345 683884.208369 683884.2124035 683884.2164380001 683884.2204725 683884.2245070001 683884.2285414999 683884.232576 683884.2366104999 683884.240645 683884.2446795 683884.248714 683884.256783 683884.260818 683884.2648525 683884.2688869999 683884.2729215 683884.276956 683884.2809905 683884.285025 683884.2890595 683884.2930940001 683884.2971285 683884.301163 683884.3051974999 683884.309232 683884.3132664999 683884.317301 683884.3213355 683884.32537 683884.3294045001 683884.333439 683884.3374735 683884.3415079999 683884.3455425 683884.3495775 683884.353612 683884.3576465 683884.3616810001 683884.3657155 683884.3697500001 683884.3737844999 683884.377819 683884.3818534999 683884.385888 683884.3899225 683884.393957 683884.3979915 683884.402026 683884.4060605001 683884.4100949999
577,683884.4141295,217.86400000564754,3832,3838,0.6577827534154391,0.6497306913060835,0.5768300181477357,0.9241920763796027,3d gaze,27.984055508690496,-19.46147110193708,101.21556213878891,683884.4141295 683884.4181639999 683884.4221985 683884.426233 683884.4302675 683884.4343020001 683884.4383365 683884.4423710001 683884.4464054999 683884.45044 683884.4544744999 683884.458509 683884.4625435 683884.466578 683884.4706125001 683884.474647 683884.4786815001 683884.4827165001 683884.4867509999 683884.4907855 683884.49482 683884.4988545 683884.502889 683884.5069235 683884.5109580001 683884.5149925 683884.5190275 683884.523062 683884.5270964999 683884.531131 683884.5351655 683884.5392 683884.5432345 683884.547269 683884.5513035001 683884.555338 683884.5593725 683884.5634069999 683884.5674415 683884.5714759999 683884.5755105 683884.5795450001 683884.5835795 683884.5876140001 683884.5916485 683884.595683 683884.5997174999 683884.603752 683884.6077865 683884.611821 683884.6158555 683884.61989 683884.6239245001 683884.627959 683884.6319935
578,683885.035446,217.86400000564754,3850,3857,0.5400077667738385,0.6423795146435233,1.0020401211148025,0.9037242981520566,3d gaze,8.087894750017917,-19.432600781256895,108.32393064947864,683885.035446 683885.0394804999 683885.043515 683885.0475494999 683885.051584 683885.0556185001 683885.059653 683885.0636875001 683885.067722 683885.0717565 683885.0757909999 683885.0798255 683885.08386 683885.0878945 683885.091929 683885.0959635 683885.0999980001 683885.1040325 683885.108067 683885.1121014999 683885.116136 683885.1201704999 683885.124205 683885.1282395001 683885.132274 683885.1363085001 683885.140343 683885.1443775 683885.1484119999 683885.1524465 683885.1564815 683885.1605159999 683885.1645505 683885.1685850001 683885.1726195 683885.1766540001 683885.1806884999 683885.184723 683885.1887574999 683885.1927924999 683885.196827 683885.2008615001 683885.204896 683885.2089305001 683885.212965 683885.2169995001 683885.2210339999 683885.2250685 683885.2291029999 683885.2331375 683885.237172 683885.2412065 683885.2452410001 683885.2492755 683885.2533100001
579,683885.2573444999,125.07000006735325,3857,3860,0.5404983463400342,0.6308161103631144,1.4200397589759535,0.9062831364572048,3d gaze,8.211537720869739,-18.37488390021635,109.07186209573328,683885.2573444999 683885.261379 683885.2654134999 683885.269448 683885.2734825001 683885.277517 683885.2815515001 683885.285586 683885.2896205 683885.2936549999 683885.2976895 683885.3017239999 683885.3057585 683885.309793 683885.3138275 683885.3178625 683885.3218970001 683885.3259315 683885.329966 683885.3340004999 683885.338035 683885.3420695 683885.346104 683885.3501385001 683885.354173 683885.3582075001 683885.362242 683885.3662765 683885.3703109999 683885.3743455 683885.3783799999 683885.3824145
580,683885.3864490001,108.9324998902157,3861,3864,0.5240112922885419,0.6239431966608616,1.391616846591419,0.926019800560815,3d gaze,4.905312919461286,-16.463705259403728,101.86260053814426,683885.3864490001 683885.3904835 683885.3945180001 683885.3985525 683885.402587 683885.4066214999 683885.410656 683885.4146905 683885.418725 683885.4227595001 683885.4267945001 683885.430829 683885.4348635001 683885.4388979999 683885.4429325 683885.4469669999 683885.4510015 683885.455036 683885.4590705 683885.4631050001 683885.4671395 683885.4711740001 683885.4752084999 683885.4792434999 683885.483278 683885.4873124999 683885.491347 683885.4953815
581,683885.499416,217.86400000564754,3864,3870,0.5168912465689679,0.6224161549069184,0.5108075963163698,0.9104159555651925,3d gaze,3.625388021734667,-15.917093797864972,99.40739546699146,683885.499416 683885.5034505001 683885.507485 683885.5115195 683885.5155539999 683885.5195885 683885.5236229999 683885.5276575 683885.5316920001 683885.5357265 683885.5397610001 683885.5437955 683885.54783 683885.5518644999 683885.555899 683885.5599334999 683885.563968 683885.5680025 683885.572037 683885.5760715001 683885.580106 683885.5841405 683885.5881749999 683885.5922095 683885.5962439999 683885.6002785 683885.6043130001 683885.6083475 683885.6123820001 683885.6164165 683885.620451 683885.6244854999 683885.62852 683885.6325544999 683885.636589 683885.640624 683885.6446585001 683885.648693 683885.6527275001 683885.6567619999 683885.6607965 683885.6648309999 683885.6688659999 683885.6729005 683885.6769350001 683885.6809695 683885.6850040001 683885.6890385 683885.6930730001 683885.6971074999 683885.701142 683885.7051764999 683885.709211 683885.7132455 683885.71728
582,683885.7213145001,197.69149995408952,3871,3876,0.5181125290428303,0.6204953111552031,1.2645160633716153,0.9110262787342072,3d gaze,3.872120412646546,-15.921195199124192,100.5560280191494,683885.7213145001 683885.725349 683885.7293835001 683885.7334179999 683885.7374525 683885.7414869999 683885.7455215 683885.7495560001 683885.7535905 683885.7576250001 683885.7616595 683885.7656940001 683885.7697284999 683885.773763 683885.7777974999 683885.781832 683885.7858665 683885.789901 683885.7939355001 683885.79797 683885.802005 683885.8060395 683885.8100739999 683885.8141085 683885.8181429999 683885.8221775 683885.8262120001 683885.8302465 683885.8342810001 683885.8383155 683885.84235 683885.8463844999 683885.850419 683885.8544534999 683885.858488 683885.8625225001 683885.866557 683885.8705915001 683885.874626 683885.8786605 683885.8826949999 683885.8867295 683885.8907639999 683885.8947985 683885.8988330001 683885.9028680001 683885.9069025 683885.9109370001 683885.9149714999 683885.919006
583,683885.927075,217.86449989303946,3877,3883,0.49786639002436545,0.6510129059717561,1.4816452953446622,0.93274092186581,3d gaze,0.5625949299564015,-19.33238565475441,103.33018081064196,683885.927075 683885.9311095 683885.935144 683885.9391785001 683885.943213 683885.9472475001 683885.9512819999 683885.9553169999 683885.9593515 683885.9633859999 683885.9674205 683885.971455 683885.9754895 683885.9795240001 683885.9835585 683885.987593 683885.9916274999 683885.995662 683885.9996964999 683886.003731 683886.0077655001 683886.0118 683886.0158345001 683886.019869 683886.0239035 683886.0279379999 683886.0319725 683886.0360069999 683886.0400415 683886.0440760001 683886.0481105 683886.0521450001 683886.0561795 683886.060214 683886.0642484999 683886.068283 683886.0723174999 683886.076352 683886.0803865001 683886.084421 683886.0884555001 683886.09249 683886.0965245 683886.1005589999 683886.1045935 683886.1086279999 683886.1126625 683886.1166975 683886.1207320001 683886.1247665 683886.1288010001 683886.1328355 683886.1368704999 683886.140905 683886.1449394999
584,683886.148974,217.86349988542497,3883,3890,0.5026332660824011,0.649459352509985,1.067445549264394,0.9259028093381362,3d gaze,1.3388929696217322,-18.733051514138875,100.92316767175909,683886.148974 683886.1530085 683886.157043 683886.1610775001 683886.165112 683886.1691465001 683886.1731809999 683886.1772155 683886.1812499999 683886.1852845 683886.189319 683886.1933535 683886.1973880001 683886.2014225 683886.2054570001 683886.2094914999 683886.213526 683886.2175604999 683886.221595 683886.2256295 683886.229664 683886.2336985001 683886.237733 683886.2417675001 683886.2458019999 683886.2498365 683886.2538709999 683886.2579055 683886.26194 683886.2659745 683886.2700090001 683886.2740435 683886.2780780001 683886.2821124999 683886.2861474999 683886.290182 683886.2942164999 683886.298251 683886.3022855001 683886.30632 683886.3103545001 683886.314389 683886.3184235 683886.3224579999 683886.3264925 683886.3305269999 683886.3345615 683886.3385960001 683886.3426305 683886.3466650001 683886.3506995 683886.354734 683886.3587684999 683886.362803 683886.3668374999
585,683886.370872,217.86400000564754,3890,3896,0.5092228065232218,0.6333305492446366,1.3452384163890008,0.9315788675438273,3d gaze,2.4083300019856853,-17.125401449491655,100.499943600617,683886.370872 683886.3749065001 683886.3789415001 683886.382976 683886.3870105001 683886.3910449999 683886.3950795 683886.3991139999 683886.4031485 683886.407183 683886.4112175 683886.4152520001 683886.4192865 683886.4233210001 683886.4273554999 683886.43139 683886.4354244999 683886.4394594999 683886.443494 683886.4475285001 683886.451563 683886.4555975001 683886.459632 683886.4636665 683886.4677009999 683886.4717355 683886.4757699999 683886.4798045 683886.483839 683886.4878735 683886.4919080001 683886.4959425 683886.499977 683886.5040114999 683886.508046 683886.5120804999 683886.516115 683886.5201495001 683886.524184 683886.5282185001 683886.532253 683886.5362875 683886.5403219999 683886.5443565 683886.5483909999 683886.5524255 683886.55646 683886.5604945 683886.5645290001 683886.5685635 683886.572598 683886.5766324999 683886.580667 683886.5847014999 683886.588736
586,683886.5927705001,217.86449989303946,3897,3903,0.5092866338152909,0.6234056407671659,0.5449021135885201,0.9147939877076583,3d gaze,2.4348916711476396,-16.30137981491953,101.2472473135811,683886.5927705001 683886.596805 683886.6008395001 683886.604874 683886.608909 683886.6129439999 683886.6169785 683886.6210129999 683886.6250475 683886.629082 683886.6331165 683886.6371510001 683886.6411855 683886.6452200001 683886.6492544999 683886.653289 683886.6573234999 683886.661358 683886.6653925 683886.669427 683886.6734615001 683886.677496 683886.6815305001 683886.6855649999 683886.6895995 683886.6936339999 683886.6976685 683886.701703 683886.7057375 683886.7097720001 683886.7138065 683886.7178410001 683886.7218754999 683886.72591 683886.7299444999 683886.733979 683886.7380135 683886.742048 683886.7460825001 683886.750117 683886.754152 683886.7581865 683886.7622209999 683886.7662555 683886.7702899999 683886.7743245 683886.7783590001 683886.7823935 683886.7864280001 683886.7904625 683886.794497 683886.7985314999 683886.802566 683886.8066004999 683886.810635
587,683886.8146695,189.62250009644777,3903,3909,0.5121120480765305,0.6224692070972841,0.7182609819672965,0.9182209006200234,3d gaze,2.8756231535533563,-16.05395302496265,100.249723019829,683886.8146695 683886.818704 683886.8227385001 683886.826773 683886.8308075 683886.8348419999 683886.8388765 683886.8429109999 683886.846946 683886.8509805 683886.8550150001 683886.8590495 683886.8630840001 683886.8671184999 683886.871153 683886.8751874999 683886.879222 683886.8832565 683886.887291 683886.8913255001 683886.89536 683886.8993945001 683886.9034289999 683886.9074635 683886.9114979999 683886.9155325 683886.919567 683886.9236015 683886.9276360001 683886.9316710001 683886.9357055 683886.9397400001 683886.9437744999 683886.947809 683886.9518434999 683886.955878 683886.9599125 683886.963947 683886.9679815001 683886.972016 683886.9760505001 683886.9800849999 683886.9841195 683886.9881539999 683886.9921885 683886.9962230001 683887.0002575 683887.0042920001
588,683887.02043,121.03599996771663,3909,3913,0.5459372958682004,0.6347277644967017,1.3974356162056967,0.9184577724625987,3d gaze,8.807753696461367,-17.982949587038974,104.38788135997301,683887.02043 683887.0244644999 683887.028499 683887.0325335 683887.036568 683887.0406025001 683887.044637 683887.0486715001 683887.0527059999 683887.0567405 683887.0607749999 683887.0648095 683887.0688440001 683887.0728785 683887.0769135 683887.0809480001 683887.0849825 683887.0890174999 683887.093052 683887.0970864999 683887.101121 683887.1051555 683887.10919 683887.1132245001 683887.117259 683887.1212935001 683887.1253279999 683887.1293625 683887.1333969999 683887.1374315 683887.141466
589,683887.1455005,217.86400000564754,3913,3920,0.5574944046456626,0.6434052775184839,1.2474059216540627,0.9247815874489871,3d gaze,11.010455685165653,-19.22492659837722,106.39199053597171,683887.1455005 683887.1495350001 683887.1535695 683887.1576040001 683887.1616384999 683887.165673 683887.1697074999 683887.173742 683887.1777765 683887.181811 683887.1858455001 683887.18988 683887.1939145001 683887.1979489999 683887.2019835 683887.2060179999 683887.2100525 683887.214087 683887.2181215 683887.2221560001 683887.2261905 683887.2302250001 683887.2342594999 683887.238294 683887.2423284999 683887.2463634999 683887.250398 683887.2544325001 683887.258467 683887.2625015001 683887.266536 683887.2705705 683887.2746049999 683887.2786395 683887.2826739999 683887.2867085 683887.290743 683887.2947775 683887.2988120001 683887.3028465 683887.306881 683887.3109154999 683887.31495 683887.3189844999 683887.3230195 683887.327054 683887.3310885001 683887.335123 683887.3391575001 683887.343192 683887.3472265 683887.3512609999 683887.3552955 683887.3593299999 683887.3633645
590,683887.4561584999,165.4155000578612,3922,3927,0.6276677281433793,0.6486469189924479,1.4427740382019703,0.8856495306605384,3d gaze,23.16200330188446,-19.652550467214777,103.90349705337542,683887.4561584999 683887.460193 683887.4642274999 683887.468262 683887.4722965001 683887.476331 683887.4803655001 683887.4844 683887.4884345001 683887.4924689999 683887.4965035 683887.5005379999 683887.5045725 683887.508607 683887.5126415 683887.5166760001 683887.5207105 683887.5247450001 683887.5287794999 683887.532814 683887.5368484999 683887.540883 683887.5449175001 683887.548952 683887.5529865001 683887.5570215001 683887.561056 683887.5650905 683887.5691255 683887.5731599999 683887.5771945 683887.581229 683887.5852635 683887.5892980001 683887.5933325 683887.5973670001 683887.6014014999 683887.605436 683887.6094704999 683887.613505 683887.6175394999 683887.621574
591,683887.6256085001,217.86400000564754,3927,3934,0.6354465848910883,0.645679864457904,0.8956010669087348,0.8929274326021021,3d gaze,24.23823913015708,-19.141596598773102,102.5672135543255,683887.6256085001 683887.629643 683887.6336775001 683887.6377119999 683887.6417465 683887.6457809999 683887.6498155 683887.65385 683887.6578845 683887.6619190001 683887.6659535 683887.6699880001 683887.6740224999 683887.678057 683887.6820914999 683887.686126 683887.6901605 683887.694195 683887.6982295001 683887.702264 683887.7062985001 683887.7103329999 683887.7143675 683887.7184019999 683887.7224365 683887.726471 683887.7305060001 683887.7345405 683887.7385750001 683887.7426095 683887.746644 683887.7506784999 683887.754713 683887.7587475 683887.762782 683887.7668165 683887.770851 683887.7748855001 683887.77892 683887.7829545 683887.7869889999 683887.7910235 683887.7950579999 683887.799093 683887.8031275 683887.8071620001 683887.8111965 683887.8152310001 683887.8192655 683887.8233 683887.8273344999 683887.831369 683887.8354034999 683887.839438 683887.8434725001
592,683888.4405815001,129.1049999417737,3952,3956,0.5336990171552541,0.7514399092101979,1.1453304268242197,0.9340885444120928,3d gaze,6.848166638774987,-29.836648088596863,104.31276231575713,683888.4405815001 683888.4446159999 683888.4486505 683888.4526849999 683888.4567195 683888.460754 683888.4647885 683888.4688230001 683888.4728575 683888.4768920001 683888.4809264999 683888.484961 683888.4889954999 683888.49303 683888.4970645 683888.501099 683888.5051335001 683888.5091685001 683888.513203 683888.5172375 683888.5212725 683888.5253069999 683888.5293415 683888.533376 683888.5374105 683888.541445 683888.5454795 683888.5495140001 683888.5535485 683888.557583 683888.5616174999 683888.565652 683888.5696865
593,683888.6907220001,92.79399993829429,3959,3962,0.4168614398863624,0.6226268976276884,1.419987138588705,0.9852147946755091,3d gaze,-12.157853561535633,-15.406188695313803,95.38640595717158,683888.6907220001 683888.6947565 683888.6987910001 683888.7028254999 683888.70686 683888.7108945 683888.714929 683888.7189635 683888.722998 683888.7270325001 683888.731067 683888.7351015001 683888.7391359999 683888.7431709999 683888.7472055 683888.75124 683888.7552745 683888.759309 683888.7633435 683888.7673780001 683888.7714125 683888.775447 683888.7794814999 683888.783516
594,683888.7875504999,217.86400000564754,3962,3969,0.40376873212651704,0.6080095720115629,1.1062769205404548,0.9977113821289756,3d gaze,-13.743431394065325,-13.638046104299882,92.1207328007733,683888.7875504999 683888.791585 683888.7956195001 683888.799654 683888.8036885001 683888.807723 683888.8117575 683888.8157919999 683888.8198265 683888.823861 683888.8278955 683888.83193 683888.8359645 683888.8399990001 683888.8440340001 683888.8480684999 683888.852103 683888.8561374999 683888.860172 683888.8642065 683888.868241 683888.8722755 683888.87631 683888.8803445001 683888.8843789999 683888.8884135 683888.8924479999 683888.8964825 683888.900517 683888.9045515 683888.9085860001 683888.9126205 683888.9166550001 683888.9206894999 683888.924724 683888.9287584999 683888.932793 683888.9368275 683888.940862 683888.9448965 683888.948931 683888.9529655001 683888.9569999999 683888.9610345 683888.9650689999 683888.9691035 683888.973138 683888.977173 683888.9812075 683888.9852420001 683888.9892765 683888.993311 683888.9973454999 683889.00138 683889.0054144999
595,683889.009449,217.8645000094548,3969,3975,0.40728971552999627,0.6175797149928679,1.433259420421159,0.9917487068609758,3d gaze,-13.635143465500532,-14.925602857039012,95.03252450856394,683889.009449 683889.013484 683889.0175185 683889.021553 683889.0255875001 683889.029622 683889.0336565 683889.0376909999 683889.0417255 683889.04576 683889.0497945 683889.0538290001 683889.0578635 683889.0618980001 683889.0659325 683889.069967 683889.0740014999 683889.078036 683889.0820705 683889.086105 683889.0901395 683889.094174 683889.0982085001 683889.102243 683889.1062775 683889.1103119999 683889.1143465 683889.118381 683889.1224155 683889.1264500001 683889.1304845 683889.1345190001 683889.1385535 683889.142588 683889.1466224999 683889.150657 683889.1546915 683889.158726 683889.1627605 683889.1667955001 683889.17083 683889.1748645001 683889.1788989999 683889.1829335 683889.186968 683889.1910025 683889.195037 683889.1990715 683889.203106 683889.2071405 683889.2111750001 683889.2152094999 683889.2192444999 683889.223279 683889.2273135
596,683889.231348,141.2080000154674,3975,3980,0.40962774408293806,0.6202737325125589,0.8140096768550046,0.9954876287115945,3d gaze,-13.41984610665346,-15.321756793795982,96.1020485592615,683889.231348 683889.2353825 683889.239417 683889.2434515001 683889.247486 683889.2515205 683889.2555549999 683889.2595895 683889.263624 683889.2676585 683889.271693 683889.2757275 683889.2797620001 683889.2837965 683889.287831 683889.2918654999 683889.2959 683889.2999345 683889.303969 683889.3080035 683889.312038 683889.3160725001 683889.320107 683889.3241415 683889.3281765 683889.332211 683889.3362455 683889.34028 683889.3443145 683889.348349 683889.3523835 683889.3564180001 683889.3604524999 683889.364487 683889.3685214999 683889.372556
597,683889.4169355,104.89800001960248,3981,3984,0.521341235755123,0.625283768518959,1.3045051463929196,0.8962828461770658,3d gaze,4.287952762697302,-15.91188591508327,97.65849323287118,683889.4169355 683889.42097 683889.4250045 683889.4290390001 683889.4330734999 683889.437108 683889.4411424999 683889.445177 683889.4492115 683889.4532465 683889.457281 683889.4613155001 683889.46535 683889.4693845001 683889.4734189999 683889.4774535 683889.4814879999 683889.4855225 683889.4895575 683889.493592 683889.4976265 683889.5016610001 683889.5056955 683889.50973 683889.5137644999 683889.517799 683889.5218335
598,683889.5299025,137.17350002843887,3984,3988,0.5375870762349857,0.6389799071559459,1.440560419999619,0.8994769646840937,3d gaze,7.615707016641818,-18.972824246963803,107.74184899002002,683889.5299025 683889.533937 683889.542006 683889.5460405 683889.5500749999 683889.5541095 683889.558144 683889.5621785 683889.566213 683889.5702475 683889.5742820001 683889.5783165 683889.582351 683889.5863854999 683889.59042 683889.5944545 683889.598489 683889.6025235 683889.606558 683889.6105925001 683889.614627 683889.6186615 683889.6226959999 683889.6267305 683889.630765 683889.6347995 683889.638834 683889.6428685 683889.6469030001 683889.6509380001 683889.6549724999 683889.659007 683889.6630415 683889.667076
599,683889.6711105,133.13950004521757,3988,3992,0.546069129861849,0.6345622473101722,0.8524724276736757,0.9038672920535592,3d gaze,8.745924050790974,-17.821824647022524,103.55686664073163,683889.6711105 683889.675145 683889.6791795 683889.683214 683889.6872485001 683889.6912829999 683889.6953179999 683889.6993525 683889.703387 683889.7074215 683889.711456 683889.7154905 683889.7195250001 683889.7235595 683889.727594 683889.7316284999 683889.735663 683889.7396975 683889.743732 683889.7477665 683889.751801 683889.7558355001 683889.75987 683889.7639045 683889.7679389999 683889.7719735 683889.776008 683889.7800425 683889.784077 683889.7881115 683889.7921460001 683889.7961805 683889.800215 683889.80425
600,683889.9575614999,153.31150009296834,3997,4002,0.6467593783813236,0.6563508022586318,1.4437409467741962,0.8981284146246157,3d gaze,26.703985201999938,-20.5749512161481,103.90577486827186,683889.9575614999 683889.961596 683889.9656305 683889.969665 683889.9737 683889.9777345001 683889.981769 683889.9858035 683889.9898379999 683889.9938725 683890.0019415 683890.005976 683890.0100105 683890.0140450001 683890.0180795 683890.022114 683890.0261484999 683890.030183 683890.0342175 683890.038252 683890.0422865 683890.046321 683890.0503555001 683890.05439 683890.0584245 683890.0624589999 683890.0664935 683890.070528 683890.0745625 683890.078597 683890.0826315 683890.0866660001 683890.0907005 683890.094735 683890.0987694999 683890.102804 683890.1068385 683890.110873
601,683890.1149075,217.8645000094548,4002,4008,0.6536524469679059,0.671161450872841,1.0758309146716427,0.902036589052942,3d gaze,29.58644825990419,-23.360919205130244,109.56628847104511,683890.1149075 683890.118942 683890.1229765001 683890.127011 683890.1310455 683890.1350805 683890.139115 683890.1431495 683890.147184 683890.1512185 683890.155253 683890.1592875 683890.1633225 683890.167357 683890.1713914999 683890.175426 683890.1794605 683890.183495 683890.1875295 683890.191564 683890.1955985 683890.199633 683890.2036675 683890.2077019999 683890.2117365 683890.215771 683890.2198055 683890.22384 683890.2278745 683890.2319090001 683890.2359435 683890.2440124999 683890.248047 683890.2520815 683890.256116 683890.2601505 683890.264185 683890.2682195001 683890.272254 683890.2762885 683890.2803229999 683890.2843575 683890.2883925 683890.292427 683890.2964615 683890.300496 683890.3045305 683890.3085650001 683890.3125995 683890.316634 683890.3206684999 683890.324703 683890.3287375 683890.332772
602,683890.3368065,217.86400000564754,4008,4015,0.6576544639450208,0.6684645986778338,0.8861761368400807,0.9130043425343254,3d gaze,30.674376425296536,-23.33541063892917,110.64360259490692,683890.3368065 683890.340841 683890.3448755001 683890.34891 683890.3529445 683890.356979 683890.3610135 683890.365048 683890.3690825 683890.373117 683890.3771515 683890.3811860001 683890.3852205 683890.389255 683890.3932894999 683890.3973245 683890.401359 683890.4053935 683890.409428 683890.4134625 683890.417497 683890.4215315001 683890.4255659999 683890.4296005 683890.4336349999 683890.4376695 683890.441704 683890.4457385 683890.4497730001 683890.4538075 683890.4578425 683890.461877 683890.4659114999 683890.469946 683890.4739805 683890.478015 683890.4820495 683890.486084 683890.4901185001 683890.494153 683890.4981875 683890.5022219999 683890.5062565 683890.510291 683890.5143255 683890.51836 683890.5223945 683890.5264290001 683890.5304635 683890.534498 683890.5385324999 683890.542567 683890.5466015 683890.550636 683890.5546705
603,683890.558705,217.86400000564754,4015,4021,0.6591927262066481,0.6660518050428249,0.7666010576458451,0.9028261270787981,3d gaze,30.835384600844108,-22.987675767496984,110.19556156800446,683890.558705 683890.5627395001 683890.566774 683890.5708085 683890.5748429999 683890.5788775 683890.582912 683890.5869465 683890.590981 683890.5950155 683890.5990500001 683890.6030845 683890.607119 683890.611154 683890.6151885 683890.619223 683890.6232575 683890.627292 683890.6313265 683890.635361 683890.639396 683890.6434305001 683890.6474649999 683890.6514995 683890.655534 683890.6595685 683890.663603 683890.6676375 683890.671672 683890.6757065 683890.679741 683890.6837754999 683890.68781 683890.6918445 683890.695879 683890.6999135 683890.703948 683890.7079825001 683890.712017 683890.7160515 683890.7200859999 683890.7241205 683890.728155 683890.736224 683890.7402585 683890.744293 683890.7483275 683890.752362 683890.7563964999 683890.760431 683890.7644655 683890.7685 683890.7725345 683890.776569
604,683890.780604,217.86400000564754,4022,4028,0.6536030987701779,0.6585346855694482,0.8279913280366374,0.9033007621765137,3d gaze,29.09333785628273,-21.6738028945733,108.00088492741249,683890.780604 683890.7846385001 683890.788673 683890.7927075 683890.7967419999 683890.8007765 683890.804811 683890.8088455 683890.81288 683890.8169145 683890.8209490001 683890.8249835 683890.829018 683890.8330525 683890.837087 683890.8411215 683890.845156 683890.8491905 683890.853225 683890.8572595001 683890.861294 683890.8653285 683890.8693629999 683890.873398 683890.8774325 683890.881467 683890.8855015 683890.889536 683890.8935705 683890.8976050001 683890.9016394999 683890.905674 683890.9097085 683890.913743 683890.9177775 683890.921812 683890.9258465001 683890.929881 683890.933916 683890.9379505 683890.9419849999 683890.9460195 683890.950054 683890.9540885 683890.958123 683890.9621575 683890.9661920001 683890.9702265 683890.974261 683890.9782955 683890.98233 683890.9863645 683890.990399 683890.9944335 683890.998468
605,683891.0025025,217.86400000564754,4028,4035,0.6474288024917426,0.6565627797858237,0.706634883549901,0.9039676557887685,3d gaze,27.029225400943993,-20.75246772630833,104.71436532801525,683891.0025025 683891.006537 683891.0105715 683891.0146059999 683891.0186405 683891.022675 683891.0267095 683891.030744 683891.0347785 683891.0388130001 683891.0428475 683891.046882 683891.0509165 683891.054951 683891.0589855 683891.06302 683891.0670545 683891.071089 683891.0751235 683891.079158 683891.0831925 683891.0872269999 683891.0912615 683891.0952965 683891.099331 683891.1033655 683891.1074005 683891.1114350001 683891.1154695 683891.1195040001 683891.1235384999 683891.127573 683891.1316075 683891.135642 683891.1396765 683891.143711 683891.1477455 683891.15178 683891.1558145001 683891.1598489999 683891.1638835 683891.167918 683891.1719525 683891.175987 683891.1800215 683891.1840560001 683891.1880905 683891.1921250001 683891.1961594999 683891.200194 683891.2042285 683891.208263 683891.2122975 683891.216332 683891.2203665
606,683891.224401,217.8645001258701,4035,4041,0.6467723464724238,0.6600420856477733,0.6454613256356022,0.9187464882027019,3d gaze,27.09065180288598,-21.237213285454253,105.35951637185784,683891.224401 683891.2284355001 683891.2324699999 683891.2365045 683891.240539 683891.2445735 683891.248608 683891.2526425 683891.2566775 683891.260712 683891.2647465 683891.268781 683891.2728154999 683891.27685 683891.2808845 683891.284919 683891.2889535 683891.292988 683891.2970225001 683891.301057 683891.3050915 683891.309126 683891.3131605 683891.317195 683891.3212295 683891.325264 683891.3292985 683891.333333 683891.3373675 683891.3414024999 683891.345437 683891.3494715 683891.353506 683891.3575405 683891.361575 683891.3656095 683891.369644 683891.3736785001 683891.3777129999 683891.3817475 683891.385782 683891.3898165 683891.393851 683891.3978855 683891.40192 683891.4059545 683891.4099890001 683891.4140234999 683891.4180584999 683891.422093 683891.4261275 683891.430162 683891.4341965 683891.438231 683891.4422655001
607,683891.4463,217.86400000564754,4041,4048,0.6454623403608706,0.6536454002729813,0.9381515717031405,0.9251188056035475,3d gaze,26.309962414863715,-20.175980864310812,103.35174059276537,683891.4463 683891.4503345 683891.454369 683891.4584035 683891.462438 683891.4664725 683891.470507 683891.4745415 683891.478576 683891.4826105 683891.486645 683891.4906794999 683891.494714 683891.4987485 683891.502783 683891.5068175 683891.510852 683891.5148865001 683891.518921 683891.5229555 683891.52699 683891.5310245 683891.535059 683891.5390935 683891.543128 683891.5471625 683891.551197 683891.5552315 683891.559266 683891.5633004999 683891.567335 683891.5713695 683891.5754045 683891.5794395 683891.583474 683891.5875085 683891.591543 683891.5955775001 683891.5996119999 683891.6036465 683891.607681 683891.6117155 683891.61575 683891.6197845 683891.623819 683891.6278535 683891.6318880001 683891.6359224999 683891.639957 683891.6439915 683891.648026 683891.6520605 683891.656095 683891.6601295 683891.664164
608,683891.6681985001,217.86400000564754,4048,4055,0.6437614842902732,0.6501423205862724,0.5852388758282828,0.915582992813804,3d gaze,24.946745983389217,-19.021829798434688,99.27648208600577,683891.6681985001 683891.6722329999 683891.6762675 683891.680302 683891.6843365 683891.688371 683891.6924055 683891.69644 683891.7004745 683891.7045090001 683891.7085434999 683891.712578 683891.7166125 683891.720647 683891.7246815 683891.728716 683891.732751 683891.7367855 683891.74082 683891.7448545 683891.7488889999 683891.7529235 683891.756958 683891.7609925 683891.765027 683891.7690615 683891.7730960001 683891.7771305 683891.781165 683891.7851995 683891.789234 683891.7932685 683891.797303 683891.8013375 683891.805372 683891.809407 683891.8134415001 683891.8174759999 683891.8215105 683891.825545 683891.8295795 683891.833614 683891.8376485 683891.841683 683891.8457175 683891.8497520001 683891.8537864999 683891.857821 683891.8618555 683891.86589 683891.8699245 683891.873959 683891.8779935 683891.882028 683891.8860625001
609,683891.8900969999,217.8645001258701,4055,4061,0.6430315183538683,0.654105095483099,0.7333399703690563,0.8996694196354259,3d gaze,24.583703068024377,-19.204906181987482,98.27878230928307,683891.8900969999 683891.8941319999 683891.8981665 683891.902201 683891.9062355 683891.91027 683891.9143045 683891.918339 683891.9223735 683891.926408 683891.9304425 683891.934477 683891.9385115 683891.942546 683891.9465805 683891.950615 683891.9546495 683891.958684 683891.9627185 683891.9667529999 683891.9707875 683891.974822 683891.9788565 683891.982891 683891.9869255 683891.99096 683891.9949945 683891.999029 683892.0030635 683892.007098 683892.0111325 683892.015167 683892.0192015 683892.023236 683892.0272705 683892.031305 683892.0353395 683892.0393739999 683892.0434085 683892.047443 683892.051478 683892.055513 683892.0595475 683892.063582 683892.0676165 683892.0716510001 683892.0756854999 683892.07972 683892.0837545 683892.087789 683892.0918235 683892.095858 683892.0998925 683892.103927 683892.1079615001
610,683892.1119959999,217.86400000564754,4061,4068,0.6348980714678476,0.6575600312547194,1.0854990645875504,0.9117760154333981,3d gaze,22.486051519260695,-18.89846685302158,95.32533569277935,683892.1119959999 683892.1160305 683892.120065 683892.1240995 683892.128134 683892.1321685 683892.136203 683892.1402375 683892.1442720001 683892.1483064999 683892.152341 683892.1563755 683892.16041 683892.1644445 683892.168479 683892.1725135 683892.176548 683892.1805825001 683892.1846169999 683892.1886515 683892.192686 683892.1967205 683892.200755 683892.2047895 683892.208824 683892.2128585 683892.2168935 683892.220928 683892.2249625 683892.228997 683892.2330315 683892.237066 683892.2411005 683892.245135 683892.2491695 683892.253204 683892.2572385 683892.261273 683892.2653075 683892.269342 683892.2733765 683892.277411 683892.2814455 683892.2854805 683892.2895150001 683892.2935494999 683892.297584 683892.3016185 683892.305653 683892.3096875 683892.313722 683892.3177565 683892.321791 683892.3258255 683892.3298599999
611,683892.3338945,80.69049997720867,4068,4070,0.6355382932168869,0.6522642427862604,1.4121318425542975,0.9308965646085285,3d gaze,23.117941387425663,-18.842890678159467,97.5630739205841,683892.3338945 683892.337929 683892.3419635 683892.345998 683892.3500325 683892.354067 683892.3581015 683892.3621360001 683892.3661704999 683892.370205 683892.3742395 683892.3782745 683892.382309 683892.3863435 683892.390378 683892.3944125 683892.398447 683892.4024815001 683892.406516 683892.4105505 683892.414585
612,683892.4186195,217.86400000564754,4070,4077,0.6438059837137673,0.6632203889031631,0.8319576733298636,0.9405066381801258,3d gaze,24.6764803920141,-20.0263171032428,97.9393705682404,683892.4186195 683892.422654 683892.4266885 683892.430723 683892.4347575 683892.4387920001 683892.4428264999 683892.446861 683892.4508955 683892.45493 683892.4589645 683892.462999 683892.4670335 683892.471068 683892.4751025001 683892.479137 683892.4831715 683892.487206 683892.4912405 683892.495275 683892.4993095 683892.503344 683892.5073785 683892.5114130001 683892.5154474999 683892.5194825 683892.523517 683892.5275515 683892.531586 683892.5356205 683892.539655 683892.5436895 683892.5477245001 683892.551759 683892.5557935 683892.559828 683892.5638625 683892.567897 683892.5719315 683892.575966 683892.5800005 683892.584035 683892.5880694999 683892.592104 683892.5961385 683892.600173 683892.6042075 683892.608242 683892.6122765 683892.616311 683892.6203455001 683892.62438 683892.6284145 683892.632449 683892.6364835
613,683892.640518,193.65699996706098,4077,4083,0.6422065971620096,0.6647735640063507,1.1525133024227272,0.9303771999417519,3d gaze,24.49051263296058,-20.23462553868874,98.27198466837181,683892.640518 683892.6445525 683892.648587 683892.6526215 683892.656656 683892.6606904999 683892.664725 683892.6687595 683892.672794 683892.6768285 683892.680863 683892.6848975 683892.688932 683892.692967 683892.6970015 683892.701036 683892.7050705 683892.709105 683892.7131395 683892.717174 683892.7212085 683892.725243 683892.7292775 683892.733312 683892.7373465 683892.741381 683892.7454155 683892.74945 683892.753485 683892.7575195 683892.761554 683892.7655885001 683892.769623 683892.7736575 683892.777692 683892.7817265 683892.785761 683892.7897955 683892.79383 683892.7978645 683892.801899 683892.8059334999 683892.809968 683892.8140025 683892.818037 683892.8220715 683892.826106 683892.8301405 683892.834175
614,683893.36956,121.03599996771663,4099,4102,0.5189431265931254,0.6660919168399382,1.0231882998764106,0.9939825646579266,3d gaze,20.640720039666263,-103.84823371040062,515.0920760275101,683893.36956 683893.377629 683893.385698 683893.393767 683893.401836 683893.409905 683893.417974 683893.426043 683893.434112 683893.442181 683893.45025 683893.458319 683893.466389 683893.474458 683893.482527 683893.490596
615,683893.511975,84.72449996042997,4103,4106,0.5315346777219088,0.6187279457136163,0.988890953064681,0.9252649403702129,3d gaze,6.364513779655465,-16.554410631944805,105.47288420414912,683893.511975 683893.5160095 683893.520044 683893.5240785 683893.528113 683893.5321475 683893.536182 683893.5402164999 683893.544251 683893.5482855 683893.55232 683893.5563545 683893.560389 683893.5644235 683893.568458 683893.5724925 683893.5765269999 683893.5805615 683893.584596 683893.5886305 683893.592665 683893.5966995
616,683893.6047685,217.8645000094548,4106,4112,0.5498099448535493,0.6582356814971075,1.3690110368998205,0.9123145683245225,3d gaze,10.071005492037466,-21.528931505595605,110.52580966275106,683893.6047685 683893.608803 683893.6128374999 683893.616872 683893.6209065 683893.624941 683893.6289755 683893.63301 683893.6370445 683893.641079 683893.6451135001 683893.649148 683893.6531825 683893.657217 683893.6612515 683893.665286 683893.669321 683893.6733555 683893.67739 683893.6814245 683893.6854590001 683893.6894935 683893.693528 683893.697563 683893.7015975 683893.705632 683893.7096665 683893.713701 683893.7177355 683893.72177 683893.7258045 683893.729839 683893.7338735 683893.737908 683893.7419425 683893.745977 683893.7500115 683893.754046 683893.7580805 683893.762115 683893.7661495 683893.770184 683893.7742185 683893.778253 683893.7822875 683893.786322 683893.7903565 683893.794391 683893.7984255 683893.80246 683893.8064945 683893.810529 683893.8145635 683893.818598 683893.822633
617,683893.8266675,209.79500003159046,4112,4119,0.5425562948124245,0.6532645386716143,0.7711919875969413,0.8974378440739974,3d gaze,8.79125276455826,-21.151387019953994,111.47986313633191,683893.8266675 683893.830702 683893.8347364999 683893.838771 683893.8428055 683893.84684 683893.8508745 683893.854909 683893.8589435 683893.862978 683893.8670125001 683893.871047 683893.8750815 683893.879116 683893.8831505 683893.887185 683893.8912195 683893.895254 683893.8992885 683893.9033230001 683893.9073575 683893.911392 683893.9154265 683893.919461 683893.9234955 683893.92753 683893.9315645 683893.935599 683893.939634 683893.9436685 683893.947703 683893.9517375 683893.955772 683893.9598065 683893.963841 683893.9678755 683893.97191 683893.9759445 683893.979979 683893.984014 683893.9880485 683893.992083 683893.9961175 683894.000152 683894.0041865 683894.008221 683894.0122555 683894.0162899999 683894.0203245 683894.024359 683894.0283935 683894.032428 683894.0364625
618,683894.056635,88.75949995126575,4119,4122,0.5787530581483381,0.6512299099297945,1.343908949721309,0.8950282425984092,3d gaze,14.80804725793902,-20.11086701654199,106.44612321909786,683894.056635 683894.0606695 683894.064704 683894.0687385 683894.072773 683894.0768075 683894.080842 683894.0848765 683894.0889109999 683894.0929455 683894.09698 683894.1010145 683894.105049 683894.1090835 683894.113118 683894.1171525 683894.121187 683894.1252214999 683894.129256 683894.1332905 683894.1373255 683894.14136 683894.1453945
619,683894.149429,117.00099997688085,4122,4126,0.5887869312272845,0.6541481869442282,1.346580043011949,0.8946549954085514,3d gaze,17.074421923952244,-21.016947883037844,109.33703872599952,683894.149429 683894.1534635 683894.157498 683894.1615325001 683894.1655675 683894.169602 683894.1736365 683894.177671 683894.1817055 683894.18574 683894.1897745 683894.1978435 683894.201878 683894.2059125 683894.209947 683894.2139815 683894.218016 683894.2220505 683894.226085 683894.2301195 683894.234154 683894.2381885 683894.242223 683894.2462575 683894.250292 683894.2543265 683894.258361 683894.2623955 683894.26643
620,683894.2704645,129.10500005818903,4126,4130,0.5981244345362251,0.6784281351272693,1.3374292464535755,0.9119348336349834,3d gaze,19.27787126343678,-24.136802205985177,111.61643506137055,683894.2704645 683894.274499 683894.2785335 683894.282568 683894.2866025 683894.290637 683894.2946715 683894.298706 683894.3027405 683894.3067755 683894.3108099999 683894.3148445 683894.318879 683894.3229135 683894.326948 683894.3309825 683894.335017 683894.3390515 683894.3430860001 683894.3471205 683894.351155 683894.3551895 683894.359224 683894.3632585 683894.367293 683894.3713275 683894.375362 683894.3793965 683894.3834309999 683894.3874655 683894.3915 683894.3955345 683894.3995695
621,683894.43588,217.8645000094548,4131,4137,0.6471702797565945,0.6644612124541094,1.36291005272513,0.9220158918337389,3d gaze,25.627638098755007,-20.433967621788078,99.18821528426045,683894.43588 683894.4399145 683894.443949 683894.4479835 683894.452018 683894.4560525 683894.460087 683894.4641215 683894.4681565 683894.472191 683894.4762255 683894.48026 683894.4842945 683894.488329 683894.4923635 683894.496398 683894.5004325 683894.504467 683894.5085015 683894.512536 683894.5165705 683894.520605 683894.5246395 683894.528674 683894.5327085 683894.536743 683894.5407775 683894.544812 683894.5488465 683894.552881 683894.5569155 683894.56095 683894.5649845 683894.569019 683894.5730535 683894.577088 683894.5811225 683894.585157 683894.5891915 683894.593226 683894.5972605 683894.601295 683894.6053295 683894.609364 683894.6133985 683894.617433 683894.6214675 683894.625502 683894.629537 683894.6335715 683894.637606 683894.641641 683894.6456755 683894.64971 683894.6537445
622,683894.7304,80.69049997720867,4139,4142,0.6071606345588831,0.7435111668125112,1.1581021874040753,0.8000000000000002,3d gaze,30.443313275089963,-44.98771954660286,159.4644454158757,683894.7304 683894.7344345 683894.738469 683894.7425035 683894.746538 683894.7505725 683894.754607 683894.7586415 683894.762676 683894.7667105 683894.770745 683894.7747795 683894.778814 683894.782849 683894.7868834999 683894.790918 683894.7949525 683894.798987 683894.8030215 683894.807056 683894.8110905
623,683894.8877465,157.34600007999688,4144,4149,0.5501825334210112,0.6632556690923606,1.2516661006471643,0.922681225836277,3d gaze,10.34745695345039,-22.51924650736612,112.84071856330179,683894.8877465 683894.891781 683894.8958155001 683894.89985 683894.9038845 683894.907919 683894.9119535 683894.915988 683894.9200225 683894.924057 683894.9280915 683894.932126 683894.9361605 683894.940195 683894.9442295 683894.948264 683894.952299 683894.9563335 683894.960368 683894.9644025 683894.968437 683894.9724715 683894.976506 683894.9805405 683894.984575 683894.9886095 683894.992644 683894.9966785 683895.000713 683895.0047475 683895.008782 683895.0128165 683895.016851 683895.0208855 683895.02492 683895.0289545 683895.032989 683895.0370235 683895.041058 683895.0450925
624,683895.073334,217.8645000094548,4150,4156,0.5339760315469944,0.7401360492674098,1.40451921523449,0.9421675416556272,3d gaze,7.384583560922541,-30.700295594134516,111.82237723875924,683895.073334 683895.0773685 683895.081403 683895.0854375 683895.089472 683895.0935065 683895.097541 683895.1015755 683895.1056105 683895.1096455 683895.11368 683895.1177145 683895.121749 683895.1257835 683895.129818 683895.1338525 683895.137887 683895.1419215 683895.145956 683895.1499905 683895.154025 683895.1580595 683895.162094 683895.1661285 683895.170163 683895.1741975 683895.178232 683895.1822665 683895.186301 683895.1903355 683895.19437 683895.1984045 683895.202439 683895.2064735 683895.210508 683895.2145425 683895.218577 683895.2226115 683895.226646 683895.2306805 683895.234715 683895.2387495 683895.242784 683895.2468185 683895.250853 683895.2548875 683895.258922 683895.2629565 683895.2669915 683895.271026 683895.2750605 683895.279095 683895.2831295 683895.287164 683895.2911985
625,683895.3396125,217.86400000564754,4158,4164,0.5355011110103404,0.7878886754020118,1.4064353213988188,0.9261338374831459,3d gaze,7.973702502760735,-37.1935521207154,114.9414851107913,683895.3396125 683895.343647 683895.3476815 683895.3517165 683895.355751 683895.3597855 683895.36382 683895.3678545 683895.371889 683895.3759234999 683895.379958 683895.3839925 683895.388027 683895.3920615 683895.396096 683895.4001305 683895.404165 683895.4081995001 683895.412234 683895.4162685 683895.420303 683895.4243375 683895.4283725 683895.432407 683895.4364415 683895.4404760001 683895.4445105 683895.448545 683895.4525795 683895.456614 683895.4606485 683895.464683 683895.4687175 683895.472752 683895.4767865 683895.480821 683895.4848555 683895.48889 683895.4929245 683895.496959 683895.5009935 683895.505028 683895.5090625 683895.5130970001 683895.5171315 683895.521166 683895.5252005 683895.529235 683895.5332695 683895.537304 683895.5413385 683895.545373 683895.5494075 683895.553442 683895.5574765
626,683895.561511,217.8645000094548,4164,4171,0.5253647257348734,0.7868450862659246,1.089898474069332,0.9439763264222578,3d gaze,5.5924038358160795,-34.593600481710595,107.38187789116685,683895.561511 683895.5655455 683895.56958 683895.5736145 683895.577649 683895.5816835 683895.5857185 683895.5897535 683895.593788 683895.5978225 683895.601857 683895.6058915 683895.609926 683895.6139605 683895.617995 683895.6220295 683895.626064 683895.6300985 683895.6341329999 683895.6381675 683895.642202 683895.6462365 683895.650271 683895.6543055 683895.65834 683895.6623745 683895.666409 683895.6704435 683895.674478 683895.6785125 683895.682547 683895.6865815 683895.690616 683895.6946505 683895.698685 683895.7027195 683895.7067539999 683895.7107885 683895.714823 683895.7188575 683895.722892 683895.7269265 683895.730961 683895.7349955 683895.73903 683895.7430645 683895.747099 683895.751134 683895.7551685 683895.759203 683895.7632375 683895.767272 683895.7713065001 683895.775341 683895.7793755
627,683895.78341,217.86400000564754,4171,4177,0.5204588092904661,0.7750439617621683,1.4085310708442227,0.9811661151322452,3d gaze,4.627561625421802,-32.73052747830784,105.5939243715288,683895.78341 683895.7874445 683895.791479 683895.7955135 683895.799548 683895.8035825 683895.807617 683895.8116515 683895.815686 683895.819721 683895.8237555 683895.82779 683895.8318245 683895.835859 683895.8398935 683895.843928 683895.8479625001 683895.8519969999 683895.8560315 683895.860066 683895.8641005 683895.868135 683895.8721695 683895.876204 683895.8802385 683895.8842730001 683895.8883075 683895.892342 683895.8963765 683895.900411 683895.904446 683895.9084805 683895.912515 683895.9165495001 683895.920584 683895.9246185 683895.928653 683895.9326875 683895.936722 683895.9407565 683895.944791 683895.9488255 683895.95286 683895.9568945 683895.960929 683895.9649634999 683895.968998 683895.9730325 683895.977067 683895.9811015 683895.985136 683895.9891705001 683895.993205 683895.9972395 683896.001274
628,683896.4370025,84.72449996042997,4190,4193,0.5340700800743502,0.6380570772159364,1.3514156378164366,0.9186583025888964,3d gaze,6.602411325487474,-17.820484983282405,101.75022652815996,683896.4370025 683896.4410369999 683896.4450715 683896.449106 683896.4531405 683896.457175 683896.4612095 683896.4652440001 683896.4692785 683896.473313 683896.4773475 683896.481382 683896.4854165 683896.489451 683896.4934855 683896.49752 683896.5015545 683896.505589 683896.5096235 683896.5136579999 683896.5176925 683896.521727
629,683896.6225904999,217.86400000564754,4196,4202,0.5290318092760429,0.7181368482018892,1.4309860241966554,0.9153264674273405,3d gaze,6.262072448697522,-27.592734541130636,109.26503057024094,683896.6225904999 683896.626625 683896.6306595 683896.634694 683896.6387285 683896.642763 683896.6467975 683896.650832 683896.6548665001 683896.6589009999 683896.6629355 683896.66697 683896.6710045 683896.675039 683896.6790735 683896.683108 683896.6871425 683896.6911770001 683896.6952114999 683896.699246 683896.7032805 683896.707315 683896.71135 683896.7153845 683896.719419 683896.7234535001 683896.727488 683896.7315225 683896.735557 683896.7395915 683896.743626 683896.7476605 683896.751695 683896.7557295 683896.759764 683896.7637985 683896.767833 683896.771868 683896.7759025 683896.779937 683896.7839715 683896.788006 683896.7920405 683896.796075 683896.8001095001 683896.8041439999 683896.8081785 683896.812213 683896.8162475 683896.820282 683896.8243165 683896.828351 683896.8323855 683896.8364200001 683896.8404544999
630,683896.844489,217.86449989303946,4202,4209,0.5307981931270976,0.7224437044070293,1.0694185082762844,0.9106829643249512,3d gaze,6.437687734148993,-27.41461069258152,106.76428205656066,683896.844489 683896.8485235 683896.852558 683896.8565925 683896.860627 683896.864662 683896.8686965001 683896.8727305001 683896.8767649999 683896.8807999999 683896.8848345 683896.888869 683896.8929035 683896.896938 683896.9009725 683896.905007 683896.9090415 683896.913076 683896.9171104999 683896.921145 683896.9251795 683896.929214 683896.9332485 683896.937283 683896.9413175001 683896.945352 683896.9493865 683896.9534209999 683896.9574555 683896.96149 683896.9655245 683896.969559 683896.9735935 683896.977628 683896.9816625 683896.985697 683896.9897314999 683896.993766 683896.9978005 683897.001835 683897.00587 683897.0099045 683897.013939 683897.0179735001 683897.0220079999 683897.0260425 683897.030077 683897.034112 683897.0381465 683897.042181 683897.0462155 683897.05025 683897.0542845 683897.0583190001 683897.0623534999
631,683897.066388,100.86250002495944,4209,4212,0.5344891331477175,0.7128336684043476,0.809171877902614,0.9085167852731851,3d gaze,7.275045070719619,-27.1584654364543,109.78483528472526,683897.066388 683897.0704225 683897.074457 683897.0784915 683897.082526 683897.0865605001 683897.090595 683897.0946295001 683897.0986639999 683897.1026985 683897.106733 683897.1107675 683897.114802 683897.1188365 683897.122871 683897.1269055 683897.1309400001 683897.1349744999 683897.139009 683897.1430435 683897.147078 683897.1511125 683897.155147 683897.1591815001 683897.163216 683897.1672505001
632,683897.1833885,88.759999955073,4213,4215,0.5571892755919218,0.6649397796845442,1.4207149040697018,0.8861763516198033,3d gaze,10.322804613728527,-20.1301413092666,99.93716635771665,683897.1833885 683897.187423 683897.1914575 683897.1954925 683897.1995270001 683897.2035615 683897.207596 683897.2116304999 683897.215665 683897.2196995 683897.223734 683897.2277685 683897.231803 683897.2358375001 683897.2398725001 683897.2439069999 683897.2479415 683897.251976 683897.2560105 683897.260045 683897.2640795 683897.268114 683897.2721485
633,683897.2761830001,161.3804999506101,4215,4220,0.5591903995051086,0.6538950819376405,0.613167420236527,0.8978239210640512,3d gaze,10.58922383162471,-18.97102028498648,99.43015045852809,683897.2761830001 683897.2802174999 683897.284252 683897.2882865 683897.292321 683897.2963555 683897.30039 683897.3044245 683897.308459 683897.3124935001 683897.3165279999 683897.3205625 683897.324597 683897.3286315 683897.332666 683897.3367005 683897.340735 683897.3447695 683897.3488040001 683897.3528384999 683897.3568734999 683897.360908 683897.3649425 683897.368977 683897.3730115 683897.377046 683897.3810805 683897.385115 683897.3891495 683897.3931839999 683897.3972185 683897.401253 683897.4052875 683897.409322 683897.4133565 683897.4173910001 683897.4214255 683897.42546 683897.4294944999 683897.433529 683897.4375635
634,683897.476698,219.0750000299886,4221,4228,0.5296915864463301,0.6358716794188192,1.4903520578586384,0.9113204730492012,3d gaze,6.7141411357965985,-21.004325075108827,121.02863806224723,683897.476698 683897.484768 683897.4980815 683897.502116 683897.5061504999 683897.51422 683897.5182545 683897.522289 683897.5263235 683897.530358 683897.5343925001 683897.5384269999 683897.5424615 683897.546496 683897.5505305 683897.554565 683897.5585995 683897.5626340001 683897.5666685 683897.5707030001 683897.5747374999 683897.578772 683897.5828065 683897.586841 683897.5908755 683897.59491 683897.5989445 683897.602979 683897.6070135001 683897.6110479999 683897.6150825 683897.619117 683897.6231515 683897.627186 683897.6312205 683897.6352550001 683897.6392895 683897.6433240001 683897.6473584999 683897.651393 683897.6554275 683897.659462 683897.6634965 683897.667531 683897.671566 683897.6756005001 683897.679635 683897.6836695 683897.6877039999 683897.6917385 683897.695773
635,683897.6998075,104.89750001579523,4228,4231,0.5284406934648795,0.6310836240887783,1.0224089929498794,0.8999040336520584,3d gaze,5.7905499025056075,-17.598333927683356,104.4941425694402,683897.6998075 683897.703842 683897.7078765 683897.7119110001 683897.7159460001 683897.7199804999 683897.724015 683897.7280495 683897.732084 683897.7361185 683897.740153 683897.7441875 683897.748222 683897.7522565001 683897.7562909999 683897.7603255 683897.7643599999 683897.7683945 683897.772429 683897.7764635 683897.780498 683897.7845325 683897.7885670001 683897.7926014999 683897.796636 683897.8006705 683897.804705
636,683897.8168085,137.1740000322461,4231,4236,0.5639358708533841,0.6086792267367537,1.3419779978788617,0.8882306558745248,3d gaze,11.623156096029968,-15.132438601952348,102.28410855648015,683897.8168085 683897.820843 683897.8248775001 683897.8289119999 683897.8329465 683897.8369809999 683897.841016 683897.8450505 683897.849085 683897.8531195 683897.857154 683897.8611885 683897.8652230001 683897.8692574999 683897.873292 683897.8773265 683897.881361 683897.8853955 683897.88943 683897.8934645001 683897.897499 683897.9015335001 683897.9055679999 683897.9096025 683897.913637 683897.9176715 683897.921706 683897.9257405 683897.929775 683897.9338095 683897.9378440001 683897.9418784999 683897.945913 683897.949948 683897.9539825
637,683897.958017,88.75950006768107,4236,4238,0.5703241577025625,0.6083846684087537,0.7677458623699989,0.882280474359339,3d gaze,13.415085831637581,-15.979071632383182,108.01961738618907,683897.958017 683897.966086 683897.9701205001 683897.974155 683897.9781895 683897.9822239999 683897.9862585 683897.990293 683897.994328 683897.9983625 683898.002397 683898.0064315 683898.0104660001 683898.0145004999 683898.018535 683898.0225694999 683898.026604 683898.0306385 683898.034673 683898.0387075001 683898.042742 683898.0467765001
638,683898.1193975001,125.07049995474517,4241,4244,0.5447605413263485,0.7510853173718482,1.3726200391205037,0.93248634878546,3d gaze,9.562565014617025,-32.46491879137467,113.54673560357926,683898.1193975001 683898.1234319999 683898.1274665 683898.131501 683898.1355355 683898.13957 683898.1436045 683898.147639 683898.1516735 683898.1557080001 683898.1597424999 683898.1637774999 683898.167812 683898.1718465 683898.175881 683898.1799155 683898.18395 683898.1879845001 683898.1920195001 683898.196054 683898.2000885 683898.204123 683898.2081575 683898.212192 683898.2162265 683898.220261 683898.2242955 683898.2283300001 683898.2323644999 683898.236399 683898.2404334999 683898.244468
639,683898.2485025,217.86400000564754,4244,4251,0.5631610229156706,0.7467141421748248,1.4699642507080033,0.9243168738755313,3d gaze,12.334045476659146,-30.203543359865325,106.93681713581344,683898.2485025 683898.252537 683898.2565715 683898.260606 683898.2646405001 683898.2686749999 683898.2727095 683898.276744 683898.2807785 683898.284813 683898.2888475 683898.292882 683898.2969165 683898.3009510001 683898.3049854999 683898.30902 683898.3130544999 683898.3170895 683898.321124 683898.3251585 683898.329193 683898.3332275 683898.337262 683898.3412965001 683898.3453309999 683898.3493655 683898.3533999999 683898.3574345 683898.361469 683898.3655035 683898.3695380001 683898.3735725 683898.3776070001 683898.3816414999 683898.385676 683898.3897105 683898.393745 683898.3977795 683898.401814 683898.4058485001 683898.409883 683898.4139175001 683898.4179519999 683898.4219865 683898.4260215 683898.430056 683898.4340905 683898.438125 683898.4421595 683898.4461940001 683898.4502285 683898.454263 683898.4582974999 683898.462332 683898.4663665
640,683898.470401,217.8645000094548,4251,4258,0.5517884738365961,0.7609789603111528,1.472835066206706,0.9217358177358453,3d gaze,10.07544939655406,-31.046337564054888,104.73233416282314,683898.470401 683898.4744355 683898.4784705 683898.482505 683898.4865395001 683898.4905739999 683898.4946085 683898.4986429999 683898.5026775 683898.506712 683898.5107465 683898.5147810001 683898.5188155 683898.5228500001 683898.5268844999 683898.530919 683898.5349535 683898.538988 683898.5430225 683898.547057 683898.5510915 683898.555126 683898.5591605001 683898.5631949999 683898.5672295 683898.5712639999 683898.5752985 683898.579333 683898.5833675 683898.5874020001 683898.5914365 683898.5954710001 683898.5995054999 683898.60354 683898.6075745 683898.611609 683898.6156435 683898.619678 683898.6237125 683898.627747 683898.631782 683898.6358165 683898.6398509999 683898.6438855 683898.64792 683898.6519545 683898.655989 683898.6600240001 683898.6640585 683898.6680930001 683898.6721275 683898.676162 683898.6801964999 683898.684231 683898.6882655
641,683898.6923,104.89700001198798,4258,4261,0.5533725626858214,0.7577356691803034,1.2490410627260449,0.9164089405978167,3d gaze,10.658325159229603,-31.596073408001008,107.79914000067959,683898.6923 683898.6963345 683898.700369 683898.7044035001 683898.708438 683898.7124725 683898.7165069999 683898.7205415 683898.724576 683898.7286105 683898.7326450001 683898.7366795 683898.7407140001 683898.7447485 683898.748783 683898.7528174999 683898.756852 683898.7608865 683898.764921 683898.7689555 683898.77299 683898.7770245001 683898.781059 683898.7850935 683898.7891279999 683898.7931625 683898.797197
642,683898.8819220001,217.86399988923222,4263,4270,0.48405934593693484,0.7514625208295154,1.2270047146747198,0.9844261380759153,3d gaze,-1.841578592011959,-29.997639451949635,105.07481447773345,683898.8819220001 683898.8859565 683898.8899910001 683898.8940254999 683898.89806 683898.902095 683898.9061295 683898.910164 683898.9141985 683898.918233 683898.9222675001 683898.926302 683898.9303365 683898.9343709999 683898.9384055 683898.94244 683898.9464745 683898.950509 683898.954544 683898.9585785 683898.9626130001 683898.9666474999 683898.970682 683898.9747164999 683898.978751 683898.9827855 683898.98682 683898.9908545001 683898.994889 683898.9989235001 683899.0029579999 683899.0069925 683899.0110269999 683899.0150615 683899.019096 683899.0231305 683899.027165 683899.0311995 683899.0352340001 683899.0392684999 683899.043303 683899.0473374999 683899.051372 683899.0554065 683899.059441 683899.0634755001 683899.06751 683899.0715445001 683899.0755789999 683899.0796135 683899.0836479999 683899.0876825 683899.091717 683899.0957515 683899.099786
643,683899.1038205,189.623000100255,4270,4276,0.4857585423703235,0.7441247249637807,1.4550774888894453,0.9780332297086716,3d gaze,-1.5145292045826084,-28.723274855178747,103.32812247267186,683899.1038205 683899.1078550001 683899.1118894999 683899.1159244999 683899.119959 683899.1239935 683899.128028 683899.1320625 683899.1360975001 683899.140132 683899.1441665001 683899.148201 683899.1522355 683899.1562699999 683899.1603045 683899.164339 683899.1683735 683899.172408 683899.1764425 683899.1804770001 683899.1845115 683899.188546 683899.1925804999 683899.196615 683899.2006495 683899.204684 683899.2087185001 683899.212753 683899.2167875001 683899.220822 683899.2248565 683899.2288909999 683899.2329255 683899.23696 683899.2409945 683899.245029 683899.2490635 683899.2530980001 683899.2571325 683899.261167 683899.2652014999 683899.269236 683899.2732705 683899.2773055 683899.28134 683899.2853745001 683899.289409 683899.2934435001
644,683899.2974779999,217.86400000564754,4276,4282,0.48643418713237774,0.7220011117714255,1.0581091195234482,0.9681124584241347,3d gaze,-1.4275590984199027,-27.439343424399315,107.2057531557742,683899.2974779999 683899.3015125 683899.3055469999 683899.3095815 683899.313616 683899.3176505 683899.3216850001 683899.3257195 683899.3297540001 683899.3337884999 683899.337823 683899.3418574999 683899.345892 683899.3499265 683899.353961 683899.3579955001 683899.36203 683899.3660645001 683899.3700989999 683899.3741335 683899.3781685 683899.382203 683899.3862375 683899.390272 683899.3943065 683899.3983410001 683899.4023755 683899.40641 683899.4104444999 683899.414479 683899.4185134999 683899.422548 683899.4265825 683899.430617 683899.4346515001 683899.4386865001 683899.4427209999 683899.4467555 683899.4507899999 683899.4548245 683899.458859 683899.4628935 683899.4669280001 683899.4709625 683899.4749970001 683899.4790314999 683899.483066 683899.4871004999 683899.491135 683899.4951695 683899.499204 683899.5032385 683899.507273 683899.5113075001 683899.5153419999
645,683899.5193765,165.4155000578612,4282,4287,0.48088351140346575,0.7253385326016364,1.4199168202043542,0.9927437646048409,3d gaze,-2.252007866617132,-25.534517335960146,98.4978627816257,683899.5193765 683899.5234109999 683899.5274455 683899.53148 683899.5355145 683899.5395490001 683899.5435835 683899.5476180001 683899.5516524999 683899.555687 683899.5597214999 683899.563756 683899.5677905 683899.571825 683899.5758595 683899.579894 683899.5839285001 683899.5879629999 683899.5919975 683899.5960319999 683899.6000665 683899.604101 683899.608136 683899.6121710001 683899.6162055 683899.6202400001 683899.6242745 683899.628309 683899.6323434999 683899.636378 683899.6404125 683899.644447 683899.6484815 683899.652516 683899.6565505001 683899.660585 683899.6646195 683899.6686539999 683899.6726885 683899.6767229999 683899.6807575 683899.6847920001
646,683899.99545,145.2430000063032,4297,4301,0.49856324710697947,0.765135657358269,0.8662189723069236,0.9662642374232009,3d gaze,0.6785029362300682,-29.97375469889477,100.13041760978209,683899.99545 683899.9994844999 683900.003519 683900.0075534999 683900.011588 683900.0156225001 683900.019657 683900.0236915001 683900.027726 683900.0317605 683900.0357949999 683900.0398295 683900.043864 683900.0478985 683900.0519330001 683900.0559675 683900.0600020001 683900.0640364999 683900.068071 683900.0721054999 683900.0761404999 683900.080175 683900.0842095 683900.0882445001 683900.092279 683900.0963135001 683900.100348 683900.1043825 683900.1084169999 683900.1124515 683900.116486 683900.1205205 683900.124555 683900.1285895 683900.1326240001 683900.1366585 683900.140693
647,683900.1689345001,217.86400000564754,4302,4308,0.5531151689754884,0.7549159667519674,1.2846662562200148,0.9411204468120228,3d gaze,9.85520026768182,-29.03240268989783,100.05394420303766,683900.1689345001 683900.172969 683900.1770035 683900.1810379999 683900.1850725 683900.189107 683900.1931415 683900.197176 683900.2012105 683900.2052450001 683900.2092795 683900.213314 683900.2173484999 683900.221383 683900.2254174999 683900.229452 683900.2334865001 683900.237521 683900.2415555001 683900.2455905001 683900.2496249999 683900.2536595 683900.2576939999 683900.2617285 683900.2657629999 683900.2697975 683900.2738320001 683900.2778665 683900.2819010001 683900.2859354999 683900.28997 683900.2940044999 683900.298039 683900.3020735 683900.306108 683900.3101425001 683900.314177 683900.3182115001 683900.3222465 683900.3262809999 683900.3303155 683900.3343499999 683900.3383845 683900.342419 683900.3464535 683900.3504880001 683900.3545225 683900.358557 683900.3625914999 683900.366626 683900.3706604999 683900.374695 683900.3787295001 683900.382764 683900.3867985001
648,683900.390833,217.8645001258701,4308,4315,0.5604382803533595,0.7477644322644713,0.9091825133941964,0.9232007460160689,3d gaze,11.671268910196828,-29.889965402141012,105.50603714557515,683900.390833 683900.3948675 683900.3989019999 683900.4029365 683900.4069715 683900.4110059999 683900.4150405 683900.4190750001 683900.4231095 683900.4271440001 683900.4311785 683900.435213 683900.4392474999 683900.443282 683900.4473165 683900.451351 683900.4553855001 683900.45942 683900.4634545001 683900.467489 683900.4715235 683900.4755579999 683900.4795925 683900.4836269999 683900.4876615 683900.4916960001 683900.4957305 683900.4997650001 683900.5037995 683900.507834 683900.5118684999 683900.515903 683900.5199375 683900.523972 683900.5280065001 683900.532041 683900.5360755001 683900.54011 683900.5441445 683900.5481789999 683900.5522135 683900.5562485 683900.560283 683900.5643175 683900.5683525 683900.5723870001 683900.5764215 683900.580456 683900.5844904999 683900.588525 683900.5925594999 683900.596594 683900.6006285 683900.604663 683900.6086975001
649,683900.612732,217.86400000564754,4315,4321,0.5581931316761706,0.7565984629238608,0.8946941723227924,0.9314833380959251,3d gaze,11.961932414810219,-32.62455433727843,111.64520123840482,683900.612732 683900.6167665 683900.6208009999 683900.6248355 683900.6288699999 683900.6329045 683900.6369390001 683900.6409735 683900.6450080001 683900.6490425 683900.653077 683900.6571114999 683900.661146 683900.6651805 683900.669215 683900.6732495 683900.677284 683900.6813185001 683900.685353 683900.6893875 683900.6934219999 683900.6974565 683900.7014909999 683900.7055255 683900.7095600001 683900.7135945 683900.7176290001 683900.7216640001 683900.7256984999 683900.729733 683900.7337674999 683900.737802 683900.7418364999 683900.745871 683900.7499055001 683900.75394 683900.7579745001 683900.7620089999 683900.7660435 683900.7700779999 683900.7741125 683900.778147 683900.7821815 683900.7862160001 683900.7902505 683900.7942850001 683900.7983200001 683900.8023544999 683900.806389 683900.8104234999 683900.814458 683900.8184925 683900.822527 683900.8265615001 683900.830596
650,683900.8346305001,217.86449989303946,4322,4328,0.5595890753528427,0.7472213500190212,1.4199486898641795,0.9320727001536976,3d gaze,11.55951245434169,-29.92337137563223,105.73835352329152,683900.8346305001 683900.8386649999 683900.8426995 683900.8467339999 683900.8507685 683900.8548030001 683900.8588375 683900.8628720001 683900.8669065 683900.8709410001 683900.8749754999 683900.87901 683900.883045 683900.8870794999 683900.891114 683900.8951485001 683900.899183 683900.9032175001 683900.907252 683900.9112865 683900.9153209999 683900.9193555 683900.92339 683900.9274245 683900.9314590001 683900.9354935 683900.9395280001 683900.9435625 683900.947597 683900.9516314999 683900.955666 683900.9597004999 683900.963735 683900.9677695001 683900.971804 683900.9758385001 683900.979873 683900.9839075 683900.9879419999 683900.9919765 683900.996011 683901.0000455 683901.0040800001 683901.0081145 683901.0121490001 683901.0161835 683901.020218 683901.0242524999 683901.028287 683901.032322 683901.0363565 683901.040391 683901.044426 683901.0484605001 683901.052495
651,683901.0565295,217.86400000564754,4328,4335,0.5603977742587865,0.7485955395583158,1.2721626862276958,0.9365320454944264,3d gaze,11.34112740717845,-29.152644769795238,102.59290696250733,683901.0565295 683901.0605639999 683901.0645985 683901.0686329999 683901.0726675 683901.076702 683901.0807365 683901.0847710001 683901.0888055 683901.09284 683901.0968744999 683901.100909 683901.1049434999 683901.108978 683901.1130125001 683901.117047 683901.1210815001 683901.125116 683901.1291505 683901.1331849999 683901.1372195 683901.1412539999 683901.1452885 683901.149323 683901.1533575 683901.1573920001 683901.1614265 683901.165461 683901.1694954999 683901.17353 683901.1775644999 683901.181599 683901.1856335001 683901.189668 683901.1937025001 683901.197737 683901.2017715 683901.2058065 683901.2098409999 683901.2138755 683901.2179099999 683901.2219445 683901.2259790001 683901.2300135 683901.2340480001 683901.2380825 683901.242117 683901.2461514999 683901.250186 683901.2542205 683901.258255 683901.2622895001 683901.2663245001 683901.270359 683901.2743935001
652,683901.2784279999,165.41500017046928,4335,4340,0.555780868238724,0.7469053683674429,0.7478178576067623,0.9495476853279841,3d gaze,10.694603402392996,-29.387618210715118,104.13211208993297,683901.2784279999 683901.2824625 683901.2864969999 683901.2905315 683901.294566 683901.2986005 683901.3026350001 683901.3066695 683901.3107040001 683901.3147384999 683901.318773 683901.3228074999 683901.326842 683901.3308765001 683901.334911 683901.3389455001 683901.34298 683901.3470145001 683901.3510489999 683901.3550835 683901.3591179999 683901.3631525 683901.3671875 683901.3712220001 683901.3752565 683901.3792910001 683901.3833255 683901.38736 683901.3913944999 683901.395429 683901.3994634999 683901.403498 683901.4075325001 683901.411567 683901.4156015001 683901.419636 683901.4236705 683901.4277049999 683901.4317395 683901.4357739999 683901.4398085 683901.4438430001
653,683901.4720844999,117.00150021351874,4341,4344,0.5127015950373196,0.7421199442000826,1.499686575328153,0.9685949107011159,3d gaze,3.169706137856145,-28.645557600451184,103.71298737750523,683901.4720844999 683901.476119 683901.4801535001 683901.484188 683901.4882225001 683901.492257 683901.4962915 683901.5003259999 683901.5043605 683901.5083955 683901.51243 683901.5164645 683901.5204995 683901.5245340001 683901.5285685 683901.532603 683901.5366374999 683901.540672 683901.5447064999 683901.548741 683901.5527755 683901.55681 683901.5608445001 683901.564879 683901.5689135 683901.5729479999 683901.5769825 683901.5810169999 683901.5850515 683901.5890860001
654,683901.5931205,161.38099995441735,4344,4349,0.5010334243225353,0.7371800248113982,0.8953495131467869,0.9865610461409499,3d gaze,1.0848052918841837,-27.10123305650087,99.97964910988306,683901.5931205 683901.5971550001 683901.6011895 683901.605224 683901.6092584999 683901.613293 683901.6173274999 683901.621362 683901.6253965001 683901.629431 683901.6334655001 683901.6375 683901.6415345 683901.6455689999 683901.6496035 683901.6536379999 683901.6576725 683901.6617070001 683901.6657415 683901.6697760001 683901.6738105 683901.677845 683901.6818794999 683901.685914 683901.689949 683901.6939835 683901.698018 683901.7020525001 683901.706087 683901.7101215001 683901.714156 683901.7181905 683901.7222249999 683901.7262595 683901.7302939999 683901.7343285 683901.7383630001 683901.7423980001 683901.7464325 683901.7504670001 683901.7545014999
655,683901.7625704999,217.86400000564754,4349,4356,0.5201187503762926,0.7615329987674557,0.9204586827474432,0.9735472310673107,3d gaze,4.322333747151343,-29.82112729009924,100.78183334245774,683901.7625704999 683901.766605 683901.7706395 683901.774674 683901.7787085001 683901.782743 683901.7867775001 683901.7908119999 683901.7948465 683901.7988809999 683901.8029155 683901.80695 683901.8109845 683901.8150190001 683901.8190535 683901.8230880001 683901.8271224999 683901.831157 683901.8351914999 683901.839226 683901.843261 683901.8472955001 683901.85133 683901.8553645001 683901.859399 683901.8634335 683901.8674679999 683901.8715025 683901.8755369999 683901.8795715 683901.8836060001 683901.8876405 683901.8916750001 683901.8957095 683901.899744 683901.9037784999 683901.907813 683901.9118474999 683901.915882 683901.9199165001 683901.923951 683901.9279855001 683901.93202 683901.9360545 683901.9400889999 683901.9441235 683901.9481579999 683901.9521925 683901.9562270001 683901.9602615 683901.9642960001 683901.9683305 683901.972365 683901.9764 683901.9804344999
656,683901.984469,217.86400000564754,4356,4362,0.5189643572110854,0.7623272543703328,0.808117451704516,0.97557785727761,3d gaze,4.134774466544648,-29.954970074480016,100.96707993563345,683901.984469 683901.9885035 683901.992538 683901.9965725001 683902.000607 683902.004642 683902.0086765001 683902.0127109999 683902.0167455 683902.0207799999 683902.0248145 683902.0288490001 683902.0328835 683902.0369180001 683902.0409525 683902.0449870001 683902.0490214999 683902.053056 683902.0570904999 683902.061125 683902.0651595 683902.069194 683902.0732285001 683902.077263 683902.0812975001 683902.0853319999 683902.0893665 683902.0934009999 683902.0974355 683902.1014700001 683902.1055045 683902.1095390001 683902.1135735 683902.1176080001 683902.1216424999 683902.125677 683902.1297114999 683902.133746 683902.1377805 683902.141815 683902.1458495001 683902.149884 683902.1539185001 683902.1579529999 683902.1619875 683902.1660225 683902.170057 683902.1740915 683902.1781260001 683902.1821605 683902.1861950001 683902.1902295 683902.194264 683902.1982984999 683902.202333
657,683902.2063674999,217.86400000564754,4362,4369,0.5185675591738631,0.7677255727087613,0.8013790867722275,0.9871694169261239,3d gaze,4.022185113704997,-30.12628712927254,99.68701996855754,683902.2063674999 683902.210402 683902.2144365001 683902.2184715001 683902.222506 683902.2265405001 683902.2305749999 683902.2346095 683902.2386439999 683902.2426785 683902.246713 683902.2507475 683902.2547820001 683902.2588165 683902.2628510001 683902.2668854999 683902.27092 683902.2749544999 683902.278989 683902.2830235 683902.287058 683902.2910925001 683902.295127 683902.2991615001 683902.3031959999 683902.3072305 683902.3112649999 683902.3152995 683902.319334 683902.3233685 683902.3274030001 683902.3314375 683902.3354725 683902.339507 683902.3435414999 683902.347576 683902.3516104999 683902.355645 683902.3596795001 683902.363714 683902.3677485001 683902.371783 683902.3758175 683902.3798519999 683902.3838865 683902.3879209999 683902.3919555 683902.39599 683902.4000245 683902.4040590001 683902.4080935 683902.412128 683902.4161624999 683902.420197 683902.4242314999
658,683902.541233,181.55349988956004,4372,4378,0.47614605202457616,0.7421292046670098,1.4540908999696753,0.993639349937439,3d gaze,-3.0358488577694716,-27.32915014026879,98.96883894558759,683902.541233 683902.5452675 683902.5493020001 683902.5533365 683902.5573710001 683902.5614054999 683902.56544 683902.5694744999 683902.573509 683902.5775435001 683902.581578 683902.5856125001 683902.589647 683902.5936815001 683902.5977159999 683902.6017505 683902.6057849999 683902.6098195 683902.613854 683902.6178885 683902.6219230001 683902.6259575 683902.6299920001 683902.6340264999 683902.638061 683902.6420954999 683902.64613 683902.650165 683902.6541995 683902.658234 683902.6622685001 683902.666303 683902.6703375 683902.6743719999 683902.6784065 683902.6824409999 683902.686476 683902.6905105 683902.6945450001 683902.6985795 683902.7026140001 683902.7066484999 683902.710683 683902.7147174999 683902.718752 683902.7227864999
659,683902.726821,217.86400000564754,4378,4385,0.4779361325265846,0.7353793952512762,0.7359035788357523,0.9829348412427035,3d gaze,-2.6020894849030807,-25.358503266495568,94.13438105249286,683902.726821 683902.7308555001 683902.73489 683902.7389245001 683902.7429589999 683902.7469935 683902.7510279999 683902.7550625 683902.759097 683902.7631315 683902.7671660001 683902.7712005 683902.7752350001 683902.7792694999 683902.783304 683902.7873384999 683902.791373 683902.7954074999 683902.799442 683902.803477 683902.8075115001 683902.811546 683902.8155805 683902.8196149999 683902.8236495 683902.8276839999 683902.8317185 683902.8357530001 683902.8397875 683902.8438220001 683902.8478565 683902.851891 683902.8559254999 683902.85996 683902.8639944999 683902.868029 683902.8720635 683902.876098 683902.8801325001 683902.884167 683902.8882015 683902.8922359999 683902.8962705 683902.9003049999 683902.9043395 683902.9083740001 683902.9124085 683902.9164430001 683902.9204775 683902.924512 683902.928547 683902.9325814999 683902.936616 683902.9406504999 683902.944685
660,683902.9487195001,217.86449989303946,4385,4391,0.483752330221553,0.7480747994100033,1.1207327825795046,0.979917148026553,3d gaze,-1.7129718551570368,-26.891269858613594,95.31964246456923,683902.9487195001 683902.952754 683902.9567885001 683902.960823 683902.9648575 683902.9688919999 683902.9729269999 683902.9769615 683902.980996 683902.9850305 683902.9890650001 683902.9930995 683902.9971340001 683903.0011684999 683903.005203 683903.0092374999 683903.013272 683903.0173065 683903.021341 683903.0253755001 683903.02941 683903.0334445001 683903.0374789999 683903.0415135 683903.0455479999 683903.0495825 683903.053617 683903.0576515 683903.0616860001 683903.0657205 683903.0697550001 683903.0737894999 683903.077824 683903.0818584999 683903.085893 683903.0899275 683903.093962 683903.0979965001 683903.102031 683903.1060655001 683903.1100999999 683903.1141345 683903.1181689999 683903.1222035 683903.126238 683903.1302725 683903.1343075 683903.1383420001 683903.1423765 683903.146411 683903.1504454999 683903.15448 683903.1585144999 683903.1625495 683903.166584
661,683903.1706185001,217.86349988542497,4391,4398,0.4872349274087649,0.7506372967428522,0.5840188072361114,0.9884287324818698,3d gaze,-1.1680053174785752,-27.241358514171115,95.71271891533591,683903.1706185001 683903.174653 683903.1786875001 683903.1827219999 683903.1867565 683903.1907909999 683903.1948255 683903.19886 683903.2028945 683903.2069290001 683903.2109635 683903.2149980001 683903.2190324999 683903.223067 683903.2271014999 683903.231136 683903.2351705 683903.239205 683903.2432395001 683903.247274 683903.2513085001 683903.2553429999 683903.2593775 683903.2634119999 683903.2674465 683903.271481 683903.2755155 683903.2795500001 683903.2835845 683903.2876195 683903.2916540001 683903.2956884999 683903.299723 683903.3037574999 683903.307792 683903.3118265 683903.315861 683903.3198955001 683903.32393 683903.3279645001 683903.3319989999 683903.3360335 683903.340068 683903.3441025 683903.348137 683903.3521715 683903.3562060001 683903.3602405 683903.364275 683903.3683094999 683903.372344 683903.3763784999 683903.380413 683903.3844475 683903.388482
662,683903.3925165001,217.86449989303946,4398,4404,0.4878544683808619,0.749544013579363,0.6742102080677073,0.9940665201707319,3d gaze,-1.0661237739532252,-27.04287451502953,95.38949493775063,683903.3925165001 683903.3965515001 683903.400586 683903.4046205 683903.4086549999 683903.4126895 683903.4167239999 683903.4207585 683903.4247930001 683903.4288275 683903.4328620001 683903.4368965 683903.440931 683903.4449654999 683903.449 683903.4530345 683903.4570695 683903.461104 683903.4651385001 683903.469173 683903.4732075001 683903.4772419999 683903.4812765 683903.4853109999 683903.4893455 683903.49338 683903.4974145 683903.5014490001 683903.5054835 683903.5095180001 683903.5135524999 683903.517587 683903.5216214999 683903.525656 683903.5296905 683903.533725 683903.5377595001 683903.541794 683903.5458285001 683903.5498629999 683903.5538975 683903.5579319999 683903.5619665 683903.566001 683903.5700355 683903.5740700001 683903.5781045 683903.5821390001 683903.5861734999 683903.590208 683903.5942424999 683903.598277 683903.6023115 683903.606346 683903.610381
663,683903.6144155001,217.86400000564754,4405,4411,0.48654886596706454,0.7441849285024889,0.5727553818684542,0.9871973807161505,3d gaze,-1.270300583381498,-26.514337947325856,95.33820757305394,683903.6144155001 683903.61845 683903.6224845 683903.6265189999 683903.6305535 683903.6345879999 683903.638623 683903.6426575 683903.646692 683903.6507265 683903.6547610001 683903.6587954999 683903.66283 683903.6668644999 683903.670899 683903.6749335 683903.678968 683903.6830025001 683903.687037 683903.6910715001 683903.6951059999 683903.6991405 683903.7031749999 683903.7072095 683903.711244 683903.7152785 683903.719313 683903.7233475 683903.7273820001 683903.7314164999 683903.735451 683903.7394854999 683903.74352 683903.7475545 683903.751589 683903.7556235001 683903.759658 683903.7636925001 683903.7677269999 683903.7717615 683903.7757959999 683903.7798309999 683903.7838655 683903.7879 683903.7919345 683903.7959690001 683903.8000035 683903.8040380001 683903.8080724999 683903.812107 683903.8161415 683903.820176 683903.8242105 683903.828245 683903.8322795001
664,683903.836314,217.86400000564754,4411,4418,0.4878851005820478,0.7350504931818395,1.2122179409205376,0.9888979559594935,3d gaze,-1.0603696273258565,-25.853675908615443,96.13314700192498,683903.836314 683903.8403485001 683903.8443829999 683903.8484175 683903.8524519999 683903.8564865 683903.860521 683903.8645555 683903.8685900001 683903.8726250001 683903.8766595 683903.880694 683903.8847284999 683903.888763 683903.8927974999 683903.896832 683903.9008665001 683903.904901 683903.9089355001 683903.91297 683903.9170045 683903.9210389999 683903.9250739999 683903.9291085 683903.933143 683903.9371775 683903.9412120001 683903.9452465 683903.9492810001 683903.9533154999 683903.95735 683903.9613844999 683903.965419 683903.9694535 683903.973488 683903.9775225 683903.981557 683903.9855915001 683903.9896259999 683903.9936605 683903.9976949999 683904.0017295 683904.005764 683904.0097985 683904.0138330001 683904.0178675 683904.0219020001 683904.0259364999 683904.029971 683904.0340054999 683904.03804 683904.0420745 683904.046109 683904.0501435001 683904.054178
665,683904.0582125001,205.76099993195385,4418,4424,0.48268398551496416,0.7406839041551604,1.3738857229229717,0.9849418407449355,3d gaze,-1.9010450093167537,-26.500532242383546,96.4897419313518,683904.0582125001 683904.0622469999 683904.0662815 683904.0703159999 683904.0743505 683904.078385 683904.0824195 683904.0864540001 683904.0904885 683904.0945235 683904.098558 683904.1025924999 683904.1066274999 683904.110662 683904.1146965 683904.118731 683904.1227655 683904.1268 683904.1308345001 683904.134869 683904.1389035 683904.1429379999 683904.1469725 683904.151007 683904.1550415 683904.1590760001 683904.1631105 683904.1671450001 683904.1711795 683904.175214 683904.1792484999 683904.183283 683904.1873175 683904.191352 683904.1953865 683904.199421 683904.2034555001 683904.20749 683904.2115245 683904.2155589999 683904.2195935 683904.223628 683904.2276625 683904.2316970001 683904.2357315 683904.2397660001 683904.2438005 683904.247835 683904.2518694999 683904.2559044999 683904.259939 683904.2639735
666,683904.268008,217.86400000564754,4424,4431,0.499425165669604,0.7378776612187974,1.093228200563728,0.9838958425955339,3d gaze,0.8159033578980281,-27.286545783717152,100.43329139766473,683904.268008 683904.2720425001 683904.276077 683904.2801115001 683904.2841459999 683904.2881805 683904.292215 683904.2962495 683904.300284 683904.3043185 683904.3083530001 683904.3123875 683904.3164220001 683904.3204564999 683904.324491 683904.3285254999 683904.33256 683904.3365945 683904.3406295 683904.344664 683904.3486985001 683904.352733 683904.3567675 683904.3608019999 683904.3648365 683904.3688709999 683904.3729055 683904.3769400001 683904.3809745 683904.3850090001 683904.3890435 683904.393078 683904.3971124999 683904.401147 683904.4051815 683904.409216 683904.4132505 683904.4172855001 683904.42132 683904.4253545001 683904.4293889999 683904.4334235 683904.4374579999 683904.4414925 683904.445527 683904.4495615 683904.453596 683904.4576305 683904.4616650001 683904.4656994999 683904.469734 683904.4737684999 683904.477803 683904.4818375 683904.485872
667,683904.4899065001,217.86400000564754,4431,4437,0.5014926987476734,0.7410671718034546,0.9581133032464252,0.981250708211552,3d gaze,1.1338838705498306,-26.837358949074776,97.60817008793087,683904.4899065001 683904.493941 683904.4979755001 683904.5020099999 683904.5060445 683904.5100789999 683904.5141135 683904.518148 683904.5221825 683904.526217 683904.5302515 683904.5342860001 683904.5383204999 683904.542355 683904.5463894999 683904.550424 683904.5544585 683904.558493 683904.5625275001 683904.566562 683904.5705965001 683904.5746315 683904.5786665 683904.5827009999 683904.5867355 683904.59077 683904.5948045 683904.598839 683904.6028735 683904.6069080001 683904.6109425 683904.614977 683904.6190114999 683904.623046 683904.6270805 683904.631115 683904.6351495001 683904.639184 683904.6432185001 683904.647253 683904.6512875 683904.6553219999 683904.6593565 683904.663391 683904.6674255 683904.67146 683904.6754945 683904.6795290001 683904.6835635 683904.687598 683904.6916324999 683904.695667 683904.6997015 683904.703736 683904.7077705001
668,683904.711805,217.8645000094548,4437,4444,0.500545906828827,0.7314667751061699,0.9963646524643099,0.9768678789789026,3d gaze,0.9731630815389231,-25.710239136892906,96.88535251256214,683904.711805 683904.7158395001 683904.719874 683904.7239085 683904.7279429999 683904.7319775 683904.736012 683904.740047 683904.7440815 683904.7481160001 683904.7521505 683904.7561850001 683904.7602194999 683904.764254 683904.7682885 683904.772323 683904.7763575 683904.780392 683904.7844265 683904.788461 683904.7924955001 683904.7965299999 683904.8005645 683904.8045989999 683904.808634 683904.8126685 683904.816703 683904.8207375 683904.8247720001 683904.8288065 683904.832841 683904.8368754999 683904.84091 683904.8449445 683904.848979 683904.8530135 683904.857048 683904.8610825001 683904.865117 683904.8691515 683904.8731859999 683904.8772205 683904.881255 683904.8852895 683904.889324 683904.8933585 683904.8973930001 683904.9014280001 683904.9054624999 683904.909497 683904.9135315 683904.917566 683904.9216005 683904.925635 683904.9296695
669,683904.933704,157.34650008380413,4444,4449,0.49170260366756163,0.7338905123591761,0.8914261647109579,0.9781646206974983,3d gaze,-0.4449521967714606,-25.440339725432718,95.02094562505955,683904.933704 683904.9377385001 683904.9417729999 683904.9458075 683904.9498419999 683904.9538765 683904.957911 683904.9619455 683904.9659800001 683904.9700145 683904.9740490001 683904.9780834999 683904.982118 683904.9861525 683904.990187 683904.9942215 683904.998256 683905.0022905 683905.006325 683905.0103595001 683905.0143939999 683905.0184285 683905.0224629999 683905.0264975 683905.030532 683905.0345665 683905.0386010001 683905.0426355 683905.0466700001 683905.0507050001 683905.05474 683905.0587744999 683905.062809 683905.0668435 683905.070878 683905.0749125 683905.078947 683905.0829815001 683905.087016 683905.0910505
670,683905.1313954999,217.86400000564754,4450,4456,0.5345608479775026,0.7306757718470915,1.4320325817521489,0.9586172456091101,3d gaze,6.32532284619489,-25.134283893578456,94.81399817487569,683905.1313954999 683905.13543 683905.1394645 683905.143499 683905.1475335 683905.151568 683905.1556025001 683905.159637 683905.1636715 683905.1677059999 683905.1717405 683905.175775 683905.1798095 683905.183844 683905.1878785 683905.1919130001 683905.1959475 683905.199982 683905.2040164999 683905.208051 683905.2120855 683905.2161205 683905.220155 683905.2241895001 683905.228224 683905.2322585001 683905.2362929999 683905.2403275 683905.244362 683905.2483965 683905.252431 683905.2564655 683905.2605 683905.2645345 683905.2685690001 683905.2726034999 683905.276638 683905.2806724999 683905.2847075 683905.288742 683905.2927765 683905.296811 683905.3008455001 683905.30488 683905.3089145 683905.3129489999 683905.3169835 683905.321018 683905.3250525 683905.329087 683905.3331215 683905.3371560001 683905.3411905 683905.345225 683905.3492594999
671,683905.353294,217.86449989303946,4456,4463,0.5295346753445241,0.7209396145974741,1.1017822237475312,0.9753302357413552,3d gaze,5.483481142848481,-24.077184186610182,94.31973490924082,683905.353294 683905.3573285 683905.361363 683905.3653975 683905.369432 683905.3734665001 683905.3775015001 683905.381536 683905.3855705 683905.389605 683905.3936395 683905.397674 683905.4017085 683905.405743 683905.4097775 683905.4138120001 683905.4178465 683905.421881 683905.4259154999 683905.42995 683905.4339845 683905.438019 683905.4420535 683905.446088 683905.4501225001 683905.454157 683905.4581915 683905.462226 683905.4662605 683905.470295 683905.4743295 683905.478364 683905.4823985 683905.4864330001 683905.4904674999 683905.494502 683905.4985364999 683905.502571 683905.5066055 683905.51064 683905.5146745 683905.5187095 683905.522744 683905.5267785001 683905.5308129999 683905.5348475 683905.5388825 683905.542917 683905.5469515 683905.550986 683905.5550205 683905.5590550001 683905.5630895 683905.567124 683905.5711584999
672,683905.575193,133.13900004141033,4463,4467,0.5250240128658082,0.7128272618318829,0.42931042424435606,0.9676793787409278,3d gaze,4.794161863484297,-23.44244010921891,94.85108558860364,683905.575193 683905.5792275 683905.583262 683905.5872965 683905.591331 683905.5953655001 683905.5994 683905.6034345 683905.6074689999 683905.6115035 683905.615538 683905.6195725 683905.623607 683905.6276415 683905.6316760001 683905.6357105 683905.639745 683905.6437794999 683905.647814 683905.6518485 683905.655883 683905.6599175 683905.663952 683905.6679865001 683905.672021 683905.6760555 683905.6800899999 683905.6841245 683905.688159 683905.692194 683905.6962285 683905.700263 683905.7042975 683905.7083320001
673,683905.8979545,84.72449996042997,4473,4475,0.48158690721853287,0.6935886222392523,1.2423827666041698,0.9323754838921807,3d gaze,-2.202252316322264,-23.501824944941845,102.99840200110599,683905.8979545 683905.9019889999 683905.9060235 683905.910058 683905.9140925 683905.918127 683905.9221615 683905.9261960001 683905.9302305 683905.934265 683905.9382995 683905.942334 683905.9463685 683905.950403 683905.9544375 683905.958472 683905.9625065001 683905.966541 683905.9705755 683905.9746099999 683905.9786445 683905.982679
674,683905.986714,104.89750001579523,4475,4478,0.4866279431964492,0.6688946974807864,1.4482508753748424,0.9390737679269578,3d gaze,-1.3143014292436999,-20.70745022584302,101.40746287322253,683905.986714 683905.9907485 683905.994783 683905.9988175 683906.0028520001 683906.0068864999 683906.010921 683906.014956 683906.0189905 683906.023025 683906.0270595 683906.031094 683906.0351285 683906.039163 683906.0431975 683906.0472319999 683906.0512665 683906.055301 683906.0593355 683906.06337 683906.0674045 683906.0714390001 683906.0754735 683906.079508 683906.0835424999 683906.087577 683906.0916115
675,683906.095646,197.69149995408952,4479,4484,0.47586763247196,0.6728611155842585,1.083293597567758,0.9455970680713653,3d gaze,-3.104859423318845,-21.0521173934638,101.13044579084871,683906.095646 683906.0996805 683906.103715 683906.1077495 683906.111784 683906.1158185 683906.1198529999 683906.1238875 683906.127922 683906.1319565 683906.135991 683906.1400255 683906.1440600001 683906.1480945 683906.152129 683906.1561635 683906.160198 683906.1642325 683906.168267 683906.1723015 683906.176336 683906.1803705 683906.1844055001 683906.1884399999 683906.1924745 683906.196509 683906.2005435 683906.204578 683906.2086125 683906.212647 683906.2166815 683906.2207165 683906.2247510001 683906.2287854999 683906.23282 683906.2368545 683906.240889 683906.2449235 683906.248958 683906.2529925 683906.257027 683906.2610615001 683906.2650959999 683906.2691305 683906.273165 683906.2771995 683906.281234 683906.2852685 683906.2893030001 683906.2933375
676,683906.3014064999,217.8645001258701,4485,4491,0.4869560026328108,0.631649534736257,1.4834467076996718,0.9584886388345198,3d gaze,-1.1946433256273168,-16.418580905182385,97.29688386216687,683906.3014064999 683906.305441 683906.3094755 683906.31351 683906.3175445 683906.321579 683906.3256135 683906.329648 683906.3336825001 683906.3377175 683906.341752 683906.3457865 683906.349821 683906.3538555 683906.35789 683906.3619245 683906.365959 683906.3699935 683906.374028 683906.3780624999 683906.382097 683906.3861315 683906.390166 683906.3942005 683906.398235 683906.4022695001 683906.406304 683906.4103385 683906.414373 683906.4184075 683906.422442 683906.4264765 683906.430511 683906.4345455 683906.43858 683906.4426145 683906.446649 683906.4506834999 683906.454718 683906.4587525 683906.4627875 683906.466822 683906.4708565 683906.474891 683906.4789255001 683906.4829599999 683906.4869945 683906.491029 683906.4950635 683906.4990985 683906.503133 683906.5071675 683906.511202 683906.5152365 683906.519271
677,683906.5233054999,100.86250002495944,4491,4494,0.48542434110556426,0.62530555949548,1.0698668520849857,0.964637068601755,3d gaze,-1.4539214296113014,-15.907759532499892,97.73285546532438,683906.5233054999 683906.52734 683906.5313745 683906.535409 683906.5394435 683906.543478 683906.5475125001 683906.551547 683906.5555815 683906.559616 683906.5636505 683906.567685 683906.5717195 683906.575754 683906.5797885 683906.583823 683906.5878575 683906.591892 683906.5959264999 683906.599961 683906.6039955 683906.60803 683906.6120645 683906.616099 683906.6201335001 683906.624168
678,683906.6362715,217.86449989303946,4495,4501,0.4596733153522776,0.6433186944483432,1.442337215660777,0.9807044999165968,3d gaze,-5.384349718568975,-16.988394563738634,94.36952346212357,683906.6362715 683906.640306 683906.6443405 683906.648375 683906.6524095 683906.656444 683906.6604785 683906.664513 683906.668548 683906.6725825 683906.676617 683906.6806515 683906.684686 683906.6887205 683906.692755 683906.69679 683906.7008245001 683906.7048589999 683906.7088935 683906.712928 683906.7169625 683906.720997 683906.7250315 683906.729066 683906.7331005 683906.7371350001 683906.7411694999 683906.745204 683906.7492385 683906.753273 683906.7573075 683906.761342 683906.7653765 683906.769411 683906.7734455001 683906.7774799999 683906.7815145 683906.785549 683906.7895835 683906.793618 683906.7976525 683906.801687 683906.8057215 683906.8097560001 683906.8137904999 683906.817825 683906.82186 683906.8258945 683906.829929 683906.8339635 683906.837998 683906.8420325 683906.846067 683906.8501015 683906.8541359999
679,683906.8581705,217.86400000564754,4501,4508,0.46419076392427755,0.6423059256863638,0.914327319282182,0.9873583603988995,3d gaze,-4.678821903080156,-16.853444271403806,94.14250583726546,683906.8581705 683906.862205 683906.8662395 683906.870274 683906.8743085 683906.8783430001 683906.8823775 683906.886412 683906.8904465 683906.894481 683906.8985155 683906.90255 683906.9065845 683906.910619 683906.9146535 683906.918688 683906.9227225 683906.9267569999 683906.930792 683906.9348265 683906.938861 683906.9428955 683906.94693 683906.9509645 683906.9549990001 683906.9590334999 683906.963068 683906.9671025 683906.971137 683906.9751715 683906.979206 683906.983241 683906.9872755 683906.99131 683906.9953445 683906.9993789999 683907.0034135 683907.007448 683907.0114825 683907.015517 683907.0195515 683907.023586 683907.0276205 683907.031655 683907.0356895 683907.039724 683907.0437585 683907.047793 683907.0518275 683907.055862 683907.0598965 683907.063931 683907.0679655 683907.0719999999 683907.0760345
680,683907.080069,217.86400000564754,4508,4514,0.4615779376600235,0.638476134284054,0.6901853842986839,0.9881420243870128,3d gaze,-4.8811794293007065,-15.873722646882474,90.49725927471262,683907.080069 683907.0841035 683907.088138 683907.0921725 683907.096207 683907.1002415 683907.104276 683907.1083105 683907.112345 683907.1163795 683907.120414 683907.1244485 683907.128483 683907.1325175 683907.136552 683907.1405865 683907.1446215 683907.148656 683907.1526905 683907.156725 683907.1607595 683907.1647945 683907.168829 683907.1728635 683907.1768980001 683907.1809324999 683907.184967 683907.1890015 683907.193036 683907.1970705 683907.201105 683907.2051395 683907.209174 683907.2132085001 683907.2172429999 683907.2212775 683907.225312 683907.2293465 683907.233381 683907.2374155 683907.24145 683907.2454845 683907.2495190001 683907.2535534999 683907.257588 683907.2616225 683907.265657 683907.2696915 683907.273726 683907.2777605 683907.281795 683907.2858295001 683907.2898639999 683907.2938985 683907.297933
681,683907.4149345,125.06999995093793,4518,4522,0.5947443567770422,0.6299975187122345,1.4196694516547523,0.8868303487698237,3d gaze,14.68151072877278,-15.004900720132522,88.62958884133748,683907.4149345 683907.418969 683907.4230035 683907.427038 683907.4310725001 683907.4351069999 683907.4391415 683907.443176 683907.4472105 683907.451245 683907.4552795 683907.4593145 683907.463349 683907.4673835 683907.4714180001 683907.4754524999 683907.479487 683907.4835215 683907.487556 683907.4915905 683907.495625 683907.4996595 683907.503694 683907.5117629999 683907.5157975 683907.519832 683907.5238665 683907.527901 683907.5359700001 683907.5400045
682,683908.0120435001,96.82899992913008,4536,4539,0.6236303343983889,0.6170687538003208,0.7722573438463555,0.8879994607490042,3d gaze,20.130781999064943,-14.84089099641486,93.75618512415288,683908.0120435001 683908.016078 683908.0201125001 683908.0281815 683908.032216 683908.0362505 683908.0443195 683908.048354 683908.0523885 683908.0564230001 683908.0604575 683908.064492 683908.0685265 683908.072561 683908.0765955 683908.08063 683908.0846645 683908.088699 683908.0927335001 683908.0967679999 683908.1008025 683908.1048375 683908.1088725
683,683908.119755,112.96599998604506,4539,4542,0.5491867742876066,0.6657932693066763,1.1981164617035354,0.9993333333333333,3d gaze,43.942364099793615,-98.57934336584051,488.2135351444847,683908.119755 683908.127824 683908.135893 683908.143962 683908.152031 683908.1601 683908.168169 683908.176238 683908.184307 683908.192376 683908.200445 683908.208514 683908.216583 683908.224652 683908.232721
684,683908.2541145,100.86350003257394,4543,4546,0.5923198817880795,0.628140295778719,0.49696453950953023,0.8902461975812912,3d gaze,16.102525518096108,-16.69695945025832,99.75118227591503,683908.2541145 683908.258149 683908.2621835 683908.2662185 683908.270253 683908.2742875 683908.278322 683908.2823565 683908.286391 683908.2904255 683908.29446 683908.2984945 683908.302529 683908.3065635 683908.310598 683908.3146325 683908.318667 683908.3227015 683908.326736 683908.3307705 683908.334805 683908.3388395 683908.3428745 683908.3469090001 683908.3509435 683908.354978
685,683908.363047,104.89750001579523,4546,4549,0.5955537809990685,0.6745101796825217,0.8171838249624009,0.9095568237481294,3d gaze,16.459780043542178,-20.770058859988534,97.84783845780085,683908.363047 683908.3670815 683908.371116 683908.3751505 683908.379185 683908.3832195 683908.387254 683908.3912885 683908.395323 683908.3993575 683908.403392 683908.4074265 683908.411461 683908.4154955 683908.4195300001 683908.4235645 683908.4275994999 683908.431634 683908.4356685 683908.439703 683908.4437375 683908.447772 683908.4518065 683908.455841 683908.4598755001 683908.46391 683908.4679445
686,683908.5970495,96.8280000379309,4553,4556,0.6388035821195845,0.847340749121861,1.2890598919798046,0.90286874294281,3d gaze,26.403522771100214,-41.152543499023196,103.3464614422524,683908.5970495 683908.601084 683908.6051185001 683908.609153 683908.6131875 683908.617222 683908.6212565 683908.625291 683908.6293255 683908.63336 683908.6373945 683908.641429 683908.6454634999 683908.649498 683908.6535325 683908.657567 683908.6616015 683908.665636 683908.6696705 683908.673705 683908.6777395001 683908.681774 683908.6858085 683908.689843 683908.6938775
687,683908.697912,137.1740000322461,4556,4560,0.6452499355376345,0.8223964777231068,1.2463505639383436,0.9234867998531886,3d gaze,25.79193065050009,-36.078310937122346,97.22457956208453,683908.697912 683908.7019465 683908.705981 683908.7100155 683908.71405 683908.7180844999 683908.722119 683908.7261535 683908.730188 683908.7342225 683908.738257 683908.742292 683908.7463265 683908.750361 683908.7543955001 683908.75843 683908.7624645 683908.766499 683908.7705335 683908.774568 683908.7786025 683908.782637 683908.7866715 683908.790706 683908.7947405 683908.798775 683908.8028095 683908.806844 683908.8108785 683908.814913 683908.818948 683908.8229825 683908.827017 683908.8310515 683908.835086
688,683908.8391205,217.8635000018403,4560,4567,0.6574101516659628,0.8237626865096922,1.212198667500587,0.9179030938581987,3d gaze,28.668114848131776,-37.246424898995734,99.3737305760855,683908.8391205 683908.843155 683908.8471895 683908.851224 683908.8552585 683908.859293 683908.8633275 683908.867362 683908.8713965 683908.875431 683908.8794655 683908.8835 683908.8875345 683908.891569 683908.8956035 683908.899638 683908.9036729999 683908.9077075 683908.911742 683908.9157765 683908.919811 683908.9238455 683908.92788 683908.9319145 683908.9359490001 683908.9399835 683908.944018 683908.9480525 683908.952087 683908.9561215 683908.960156 683908.9641905 683908.968225 683908.9722595 683908.9762939999 683908.9803285 683908.984363 683908.9883975 683908.992432 683908.9964665 683909.000501 683909.0045355 683909.0085700001 683909.0126045 683909.016639 683909.0206735 683909.024708 683909.0287425 683909.032777 683909.0368115 683909.040846 683909.0448805 683909.0489149999 683909.0529495 683909.056984
689,683909.061019,217.28899993468076,4567,4574,0.6679390287012295,0.8259464411482872,0.6591816024634732,0.9221314614469355,3d gaze,31.393166981021885,-38.52679857648179,101.65724017729428,683909.061019 683909.065054 683909.0690885 683909.073123 683909.0771575 683909.081192 683909.0852264999 683909.089261 683909.0932955 683909.09733 683909.1013645 683909.105399 683909.1094335 683909.113468 683909.1175025 683909.1215369999 683909.1255715 683909.129606 683909.1336405 683909.137675 683909.1417095 683909.145744 683909.1497785 683909.153813 683909.1578474999 683909.1613075 683909.1653420001 683909.1693765 683909.173411 683909.1774454999 683909.18148 683909.1855145 683909.189549 683909.1935835 683909.197618 683909.2016525001 683909.205687 683909.2097215 683909.2137559999 683909.2177905 683909.2218249999 683909.2258595 683909.2298940001 683909.2339285 683909.2379630001 683909.2419975 683909.246032 683909.2500664999 683909.254101 683909.2581355 683909.26217 683909.2662045 683909.270239 683909.2742735001 683909.278308
690,683909.2823425,161.38099995441735,4574,4578,0.6630564906418227,0.8249297006179533,1.2642971840276391,0.9160001154352979,3d gaze,30.923574911548354,-38.94974476497105,103.31657842800493,683909.2823425 683909.2863769999 683909.2904119999 683909.2944469999 683909.2984815 683909.302516 683909.3065505 683909.3105850001 683909.3146195 683909.3186540001 683909.3226884999 683909.326723 683909.3307574999 683909.334792 683909.3388265 683909.342861 683909.3468955001 683909.35093 683909.3549645001 683909.3589989999 683909.3630335 683909.3670679999 683909.3711025 683909.3751370001 683909.3791715 683909.3832060001 683909.3872405 683909.3912750001 683909.3953094999 683909.399344 683909.4033784999 683909.407413 683909.4114475 683909.415482 683909.4195165001 683909.423551 683909.4275855001 683909.4316199999 683909.4356545 683909.4396889999 683909.4437235
691,683909.5566905,217.86400000564754,4582,4588,0.4376677262198656,0.8255053627263148,1.470313950795288,0.9993508609858426,3d gaze,-9.587998738337522,-35.84834606727423,98.38570165710827,683909.5566905 683909.560725 683909.5647595001 683909.568794 683909.5728285001 683909.5768629999 683909.5808975 683909.5849319999 683909.5889665 683909.593001 683909.5970355 683909.6010700001 683909.6051045 683909.6091390001 683909.6131734999 683909.617208 683909.6212424999 683909.625277 683909.6293115 683909.633346 683909.6373805001 683909.641415 683909.6454495001 683909.6494839999 683909.6535185 683909.6575529999 683909.6615879999 683909.6656225 683909.669657 683909.6736915 683909.6777260001 683909.6817605 683909.685795 683909.6898294999 683909.693864 683909.6978984999 683909.701933 683909.7059675001 683909.710002 683909.7140365001 683909.718071 683909.7221055 683909.7261399999 683909.7301745 683909.7342089999 683909.7382435 683909.742278 683909.7463125 683909.7503470001 683909.7543815 683909.758416 683909.7624504999 683909.766485 683909.77052 683909.7745545
692,683909.778589,133.13900004141033,4588,4592,0.43567241192953593,0.8254164792309241,1.4116831396335023,1.0,3d gaze,-10.11956263220982,-36.558145122244674,100.33032518056692,683909.778589 683909.7826235001 683909.786658 683909.7906925001 683909.794727 683909.7987615 683909.8027959999 683909.8068305 683909.8108649999 683909.8148995 683909.8189340001 683909.8229685 683909.8270030001 683909.8310375 683909.835072 683909.8391064999 683909.843141 683909.847176 683909.8512105001 683909.855245 683909.8592795001 683909.863314 683909.8673485001 683909.8713829999 683909.8754175 683909.8794519999 683909.8834865 683909.887521 683909.8915555 683909.8955900001 683909.8996245 683909.9036590001 683909.9076934999 683909.911728
693,683909.9157624999,129.10500005818903,4593,4596,0.4239371720226709,0.8173357704417756,0.7514788297355441,1.0,3d gaze,-11.735520360309913,-34.55304288312155,96.97058926927632,683909.9157624999 683909.919797 683909.9238315001 683909.927866 683909.9319005001 683909.935935 683909.9399695001 683909.9440039999 683909.9480385 683909.9520729999 683909.9561075 683909.960142 683909.9641765 683909.9682110001 683909.9722455 683909.9762800001 683909.9803144999 683909.984349 683909.9883834999 683909.992418 683909.9964525001 683910.000487 683910.004522 683910.0085565001 683910.012591 683910.0166255 683910.0206599999 683910.0246945 683910.0287289999 683910.032764 683910.0367985 683910.0408330001 683910.0448675
694,683910.0610054999,217.86400000564754,4597,4603,0.38953635523614777,0.8143977034382123,1.3552723381342633,1.0,3d gaze,-16.941823498794182,-33.2974650565074,93.49691685560488,683910.0610054999 683910.06504 683910.0690744999 683910.073109 683910.0771435001 683910.081178 683910.0852125001 683910.0892469999 683910.0932815 683910.0973159999 683910.1013505 683910.105385 683910.1094195 683910.1134540001 683910.1174885 683910.1215230001 683910.1255574999 683910.129592 683910.1336264999 683910.137661 683910.1416954999 683910.14573 683910.1497645001 683910.153799 683910.1578335001 683910.1618679999 683910.1659025 683910.1699369999 683910.1739715 683910.178006 683910.1820405 683910.1860750001 683910.1901095 683910.1941440001 683910.1981784999 683910.202213 683910.2062474999 683910.2102824999 683910.214317 683910.2183515 683910.222386 683910.2264205001 683910.230455 683910.2344895 683910.2385245 683910.2425589999 683910.2465935 683910.250628 683910.2546625 683910.2586970001 683910.2627315 683910.2667660001 683910.2708005 683910.274835 683910.2788694999
695,683910.282904,217.86400000564754,4604,4610,0.38901694659997654,0.8105592572887382,0.752927926042764,1.0,3d gaze,-17.003966810454177,-32.88654984605889,93.42313509092185,683910.282904 683910.2869384999 683910.290973 683910.2950075001 683910.299042 683910.3030765001 683910.307111 683910.3111455 683910.3151799999 683910.3192145 683910.323249 683910.3272835 683910.3313180001 683910.3353525 683910.3393870001 683910.3434215 683910.347456 683910.3514904999 683910.355525 683910.3595594999 683910.363594 683910.3676285001 683910.371663 683910.3756975001 683910.379732 683910.3837665 683910.3878009999 683910.3918355 683910.39587 683910.3999045 683910.4039395 683910.4079740001 683910.4120085 683910.4160430001 683910.4200774999 683910.424112 683910.4281464999 683910.432181 683910.4362155 683910.44025 683910.4442845001 683910.448319 683910.4523535001 683910.4563879999 683910.4604225 683910.4644569999 683910.4684915 683910.472526 683910.4765605 683910.4805955 683910.4846300001 683910.4886645 683910.492699 683910.4967334999 683910.500768
696,683910.5048024999,96.82850004173815,4610,4613,0.3847946334570001,0.8121497471952972,0.778581227599085,1.0,3d gaze,-17.50038573299531,-32.68618549528712,92.28121195315366,683910.5048024999 683910.508837 683910.5128715001 683910.516906 683910.5209405001 683910.524975 683910.5290095 683910.5330439999 683910.5370785 683910.5411129999 683910.5451475 683910.549182 683910.5532165 683910.5572510001 683910.5612855 683910.56532 683910.5693544999 683910.573389 683910.5774234999 683910.5814585 683910.585493 683910.5895275001 683910.593562 683910.5975965001 683910.6016309999
697,683910.6863555,108.93250000663102,4616,4619,0.5985193776298351,0.8111439960434479,1.458248927313442,0.9436971545219421,3d gaze,17.223543838216525,-33.856148370306684,96.04556997826286,683910.6863555 683910.6903899999 683910.6944245 683910.6984590001 683910.7024935 683910.7065280001 683910.7105624999 683910.7145974999 683910.718632 683910.7226664999 683910.726701 683910.7307355001 683910.73477 683910.7388045001 683910.742839 683910.7468735001 683910.7509079999 683910.7549425 683910.7589769999 683910.7630115 683910.7670465 683910.7710810001 683910.7751155 683910.7791500001 683910.7831845 683910.787219 683910.7912534999 683910.795288
698,683910.85984,217.86400000564754,4621,4627,0.6264220343966621,0.8163885169459948,1.4731257029030158,0.951400698856874,3d gaze,21.86290636962694,-34.38261342489233,95.1199568036359,683910.85984 683910.8638744999 683910.867909 683910.8719435 683910.875978 683910.8800125001 683910.884047 683910.8880815001 683910.892116 683910.8961505 683910.9001849999 683910.9042195 683910.9082539999 683910.9122885 683910.9163230001 683910.9203575 683910.9243920001 683910.9284265 683910.932461 683910.9364954999 683910.94053 683910.9445645 683910.9485995 683910.9526345 683910.956669 683910.9607035001 683910.964738 683910.9687725 683910.9728069999 683910.9768415 683910.9808759999 683910.9849105 683910.9889450001 683910.9929795 683910.9970140001 683911.0010485 683911.005083 683911.0091174999 683911.013152 683911.0171864999 683911.021221 683911.0252555001 683911.02929 683911.0333245001 683911.037359 683911.0413935 683911.0454279999 683911.0494625 683911.0534969999 683911.0575315 683911.0615660001 683911.0656005 683911.0696350001 683911.0736695 683911.077704
699,683911.0817384999,100.86300014518201,4627,4630,0.6270272542167249,0.8134377749101055,1.198957312584179,0.9558167937168709,3d gaze,22.179740004336743,-34.445131222056816,96.13948903022613,683911.0817384999 683911.085773 683911.0898074999 683911.093842 683911.0978765001 683911.101911 683911.1059455001 683911.10998 683911.1140145 683911.1180489999 683911.1220835 683911.1261179999 683911.1301525 683911.1341870001 683911.1382220001 683911.1422565 683911.1462910001 683911.1503254999 683911.15436 683911.1583944999 683911.162429 683911.1664635 683911.170498 683911.1745325001 683911.178567 683911.1826015001
700,683911.2834645,217.86400000564754,4633,4640,0.5234302860899825,0.8013879779265229,1.4021296813765183,0.9755054798993197,3d gaze,4.762105553625884,-32.76824025864508,97.1318837884928,683911.2834645 683911.2874990001 683911.2915335 683911.2955680001 683911.2996024999 683911.303637 683911.3076714999 683911.311706 683911.3157405 683911.319775 683911.32381 683911.3278445001 683911.331879 683911.3359135 683911.3399479999 683911.3439825 683911.3480169999 683911.3520515 683911.3560860001 683911.3601205 683911.3641550001 683911.3681895 683911.372224 683911.3762584999 683911.380293 683911.3843274999 683911.388362 683911.3923965001 683911.396431 683911.4004655001 683911.4045 683911.4085345 683911.4125689999 683911.4166035 683911.4206379999 683911.424673 683911.4287075 683911.4327420001 683911.4367765 683911.4408110001 683911.4448454999 683911.44888 683911.4529144999 683911.456949 683911.4609835 683911.465018 683911.4690525001 683911.473087 683911.4771215001 683911.4811559999 683911.4851905 683911.4892249999 683911.4932595 683911.497294 683911.5013285
701,683911.5053630001,217.86449989303946,4640,4646,0.5369058531690346,0.7977051800597327,0.8529048354568246,0.9734421892599626,3d gaze,7.193919389610719,-33.43708945403143,100.15986101334985,683911.5053630001 683911.5093980001 683911.5134325 683911.517467 683911.5215014999 683911.525536 683911.5295704999 683911.533605 683911.5376395001 683911.541674 683911.5457085001 683911.549743 683911.5537775 683911.5578119999 683911.5618465 683911.5658809999 683911.5699155 683911.5739500001 683911.5779845 683911.5820190001 683911.5860535 683911.590088 683911.5941224999 683911.598157 683911.6021914999 683911.606226 683911.6102605001 683911.614295 683911.6183295001 683911.622364 683911.6263985 683911.6304329999 683911.6344675 683911.6385019999 683911.6425365 683911.6465710001 683911.6506055 683911.6546400001 683911.6586750001 683911.6627095 683911.666744 683911.6707784999 683911.674813 683911.6788475 683911.682882 683911.686917 683911.6909515001 683911.694986 683911.6990205001 683911.7030549999 683911.7070895 683911.7111239999 683911.7151585 683911.719193 683911.7232275
702,683911.7272620001,217.86400000564754,4647,4653,0.5291769562935856,0.8014606810819849,1.306769131915926,0.9677239228378642,3d gaze,5.938913216932922,-34.10708391735236,101.04066759122475,683911.7272620001 683911.7312965 683911.7353310001 683911.7393654999 683911.7434 683911.7474344999 683911.751469 683911.7555035 683911.759538 683911.7635725001 683911.767607 683911.7716415001 683911.7756759999 683911.7797105 683911.7837449999 683911.7877795 683911.791814 683911.7958485 683911.7998830001 683911.8039175 683911.8079520001 683911.8119864999 683911.816021 683911.8200554999 683911.82409 683911.8281245 683911.832159 683911.8361935001 683911.840228 683911.8442625001 683911.8482969999 683911.8523315 683911.8563659999 683911.8604005 683911.8644355 683911.8684700001 683911.8725045 683911.8765390001 683911.8805735 683911.884608 683911.8886424999 683911.892677 683911.8967114999 683911.9007465 683911.904781 683911.9088155001 683911.91285 683911.9168845001 683911.9209189999 683911.9249535 683911.9289879999 683911.9330225 683911.937057 683911.9410915 683911.9451260001
703,683911.9491605,112.96649998985231,4653,4657,0.5292126758013748,0.8025239546782557,0.6387191068294636,0.954143677292199,3d gaze,6.0063814983224715,-34.580334470448086,102.09451126531319,683911.9491605 683911.9531950001 683911.9572294999 683911.961264 683911.9652984999 683911.969333 683911.9733675 683911.977402 683911.9814365001 683911.985471 683911.9895055001 683911.9935399999 683911.9975745 683912.0016089999 683912.0056435 683912.009678 683912.0137125 683912.0177470001 683912.0217815 683912.0258160001 683912.0298504999 683912.033885 683912.0379194999 683912.041954 683912.0459885 683912.050023 683912.0540575001 683912.0580925001 683912.062127
704,683912.1468519999,217.86350011825562,4659,4666,0.4374750669473961,0.6610203058247754,1.2817348950796228,0.9991034150123597,3d gaze,-9.099616498902016,-19.119697755659335,96.83647676886244,683912.1468519999 683912.1508865 683912.1549209999 683912.1589555 683912.1629900001 683912.1670245 683912.1710590001 683912.1750935 683912.179128 683912.1831624999 683912.187197 683912.1912314999 683912.195266 683912.1993005001 683912.203335 683912.2073695001 683912.211404 683912.2154385 683912.2194729999 683912.2235075 683912.2275419999 683912.2315765 683912.2356115 683912.2396460001 683912.2436805 683912.2477150001 683912.2517494999 683912.255784 683912.2598184999 683912.263853 683912.2678875 683912.271922 683912.2759565001 683912.279991 683912.2840255001 683912.2880599999 683912.2920945 683912.2961289999 683912.3001635 683912.304198 683912.3082325 683912.3122670001 683912.3163015 683912.3203360001 683912.3243704999 683912.328405 683912.3324394999 683912.336474 683912.3405085001 683912.344543 683912.3485775001 683912.352612 683912.3566465001 683912.3606809999 683912.3647155
705,683912.3687505,217.86349988542497,4666,4672,0.43366874526756843,0.6566768082331252,0.9708955172691641,0.9997659433971752,3d gaze,-9.329028671737106,-17.99992404932618,93.07908771633318,683912.3687505 683912.3727849999 683912.3768195 683912.3808540001 683912.3848885 683912.3889230001 683912.3929575 683912.396992 683912.4010264999 683912.405061 683912.4090954999 683912.41313 683912.4171645001 683912.421199 683912.4252335001 683912.4292685001 683912.4333029999 683912.4373375 683912.4413719999 683912.4454065 683912.449441 683912.4534755 683912.4575100001 683912.4615445 683912.4655790001 683912.4696134999 683912.473648 683912.4776824999 683912.481717 683912.4857514999 683912.489786 683912.4938205001 683912.497855 683912.5018895001 683912.5059239999 683912.5099585 683912.5139929999 683912.5180275 683912.522062 683912.5260965 683912.5301310001 683912.5341655 683912.5382000001 683912.5422344999 683912.546269 683912.5503034999 683912.554338 683912.5583724999 683912.562407 683912.5664415001 683912.570476 683912.5745105001 683912.5785449999 683912.5825795 683912.5866139999
706,683912.5906485,117.0014999806881,4672,4676,0.4292578067771825,0.6613809711677571,0.5249527833934619,1.0,3d gaze,-10.255335024207328,-18.862798755161215,95.26392598257631,683912.5906485 683912.594683 683912.5987175 683912.6027520001 683912.6067870001 683912.6108220001 683912.6148565 683912.618891 683912.6229254999 683912.62696 683912.6309944999 683912.635029 683912.6390635001 683912.643098 683912.6471325001 683912.651167 683912.6552015 683912.6592359999 683912.6632705 683912.667305 683912.6713395 683912.6753740001 683912.6794085 683912.6834430001 683912.6874775 683912.691512 683912.6955464999 683912.699581 683912.7036154999 683912.70765
707,683913.0989985,217.86349988542497,4688,4694,0.44139103516427375,0.8401148298773994,1.382685856997222,0.9994324879212813,3d gaze,-9.651912207348275,-40.091188747775725,105.48858810646787,683913.0989985 683913.1030329999 683913.1070675 683913.111102 683913.1151365 683913.1191710001 683913.1232055 683913.1272400001 683913.1312744999 683913.135309 683913.1393434999 683913.143378 683913.1474125001 683913.151447 683913.155482 683913.1595165001 683913.163551 683913.1675855 683913.1716199999 683913.1756545 683913.1796889999 683913.1837235 683913.1877580001 683913.1917925 683913.1958270001 683913.1998615 683913.203896 683913.2079304999 683913.211965 683913.2159995 683913.220034 683913.2240685001 683913.228103 683913.2321375001 683913.236172 683913.2402065 683913.2442409999 683913.2482755 683913.2523099999 683913.2563445 683913.2603790001 683913.2644135 683913.2684480001 683913.2724825 683913.276517 683913.2805514999 683913.284586 683913.2886205 683913.292655 683913.2966895001 683913.300724 683913.3047585001 683913.308793 683913.3128275 683913.3168619999
708,683913.4056220001,201.72599982470274,4697,4703,0.5200930606270338,0.6887248282086511,1.323156620190073,0.9242744229587854,3d gaze,4.354148758295763,-23.075384609427832,103.22391494244013,683913.4056220001 683913.4096565 683913.4136910001 683913.4177255 683913.42176 683913.4257944999 683913.429829 683913.4338634999 683913.437898 683913.4419325 683913.445967 683913.4500015001 683913.454036 683913.4580705 683913.4621049999 683913.4661395 683913.4701739999 683913.4742085 683913.4782430001 683913.4822775 683913.4863120001 683913.4903465 683913.494381 683913.4984154999 683913.50245 683913.5064844999 683913.510519 683913.5145535 683913.518588 683913.5226225001 683913.5266575001 683913.530692 683913.5347265 683913.5387609999 683913.5427955 683913.54683 683913.5508645 683913.5548995 683913.5589340001 683913.5629685 683913.5670030001 683913.5710374999 683913.575072 683913.5791064999 683913.583141 683913.5871755 683913.59121 683913.5952445001 683913.599279 683913.6033135001 683913.6073479999
709,683913.7162794999,217.8645001258701,4706,4712,0.5226521035621743,0.8179275755884615,1.4147806945518926,0.9467159103263508,3d gaze,5.052384654341092,-37.40934377956547,105.41273281670385,683913.7162794999 683913.7203144999 683913.724349 683913.7283834999 683913.732418 683913.7364525001 683913.740487 683913.7445215001 683913.748556 683913.7525905 683913.7566249999 683913.7606595 683913.764694 683913.7687285 683913.772763 683913.7767975 683913.7808320001 683913.7848665 683913.7889014999 683913.792936 683913.7969704999 683913.801005 683913.8050395 683913.809074 683913.8131085001 683913.817143 683913.8211775001 683913.8252119999 683913.8292465 683913.8332809999 683913.8373155 683913.8413499999 683913.8453845 683913.8494190001 683913.8534535 683913.8574880001 683913.8615224999 683913.865557 683913.8695914999 683913.873626 683913.8776605 683913.881695 683913.8857295001 683913.8897645001 683913.893799 683913.8978335 683913.9018679999 683913.9059025 683913.909937 683913.9139715 683913.918006 683913.9220405 683913.9260750001 683913.9301095 683913.934144
710,683913.9381784999,217.86400000564754,4713,4719,0.5197233600187119,0.8047365670376291,0.947875290509732,0.9434303830970417,3d gaze,4.571801226406281,-36.480389104969476,107.0440883501429,683913.9381784999 683913.942213 683913.9462474999 683913.950282 683913.9543165001 683913.958351 683913.9623855001 683913.96642 683913.9704545 683913.9744889999 683913.9785235 683913.982558 683913.9865925 683913.990627 683913.9946615 683913.9986960001 683914.0027305 683914.006765 683914.0107994999 683914.014834 683914.0188684999 683914.022903 683914.0269375001 683914.0309725001 683914.035007 683914.0390415001 683914.043076 683914.0471105 683914.0511449999 683914.0551795 683914.0592139999 683914.0632485 683914.0672830001 683914.0713175 683914.0753520001 683914.0793865 683914.0834214999 683914.087456 683914.0914904999 683914.095525 683914.0995595 683914.103594 683914.1076285001 683914.111663 683914.1156975001 683914.1197319999 683914.1237665 683914.1278009999 683914.1318355 683914.13587 683914.1399045 683914.1439390001 683914.1479735 683914.1520080001 683914.1560424999
711,683914.160077,217.86400000564754,4719,4726,0.5186044860357206,0.7982148173108632,0.6591416352195462,0.9469550322402608,3d gaze,4.281016834353598,-35.08481696591102,105.08242879753274,683914.160077 683914.1641114999 683914.168146 683914.1721805 683914.176215 683914.1802495001 683914.184284 683914.1883185001 683914.1923529999 683914.1963875 683914.2004219999 683914.2044565 683914.208491 683914.2125255 683914.2165600001 683914.2205945 683914.2246290001 683914.2286634999 683914.232698 683914.2367324999 683914.240767 683914.2448015 683914.248836 683914.2528705001 683914.256905 683914.26094 683914.2649749999 683914.2690095 683914.2730439999 683914.2770785 683914.281113 683914.2851475 683914.2891820001 683914.2932165 683914.2972510001 683914.3012854999 683914.30532 683914.3093544999 683914.313389 683914.3174235 683914.321458 683914.3254925001 683914.329527 683914.3335615001 683914.3375959999 683914.3416305 683914.3456649999 683914.3496995 683914.353734 683914.3577685 683914.3618030001 683914.3658375 683914.3698720001 683914.3739064999 683914.377941
712,683914.3819754999,104.89750001579523,4726,4729,0.5181687853516047,0.7935302840988461,0.5345518596920198,0.9466275131260907,3d gaze,4.027150973737672,-33.160793220046656,100.8167057050292,683914.3819754999 683914.38601 683914.3900445 683914.394079 683914.3981135001 683914.402148 683914.4061825001 683914.4102169999 683914.4142515 683914.4182859999 683914.4223205 683914.426355 683914.4303895 683914.4344240001 683914.4384585 683914.4424930001 683914.4465274999 683914.450562 683914.454597 683914.4586315 683914.462666 683914.4667005 683914.470735 683914.4747695001 683914.478804 683914.4828385001 683914.4868729999
713,683914.6159775001,117.00099986046553,4733,4736,0.6317076946646744,0.6823774819867495,1.310698673382981,0.9299440324306488,3d gaze,24.509332556412787,-23.565804861838096,105.93434836594263,683914.6159775001 683914.620012 683914.6240465001 683914.628081 683914.6321159999 683914.6361505 683914.6401849999 683914.6442195 683914.648254 683914.6522885 683914.6563230001 683914.6603575 683914.6643920001 683914.6684264999 683914.672461 683914.6764954999 683914.68053 683914.6845645 683914.688599 683914.6926335001 683914.696668 683914.7007025001 683914.7047369999 683914.7087715 683914.7128059999 683914.7168405 683914.720875 683914.7249095 683914.7289440001 683914.7329785
714,683914.7370130001,104.89799990318716,4736,4740,0.6460184898949499,0.682396048032547,1.354161311311636,0.9362697468863593,3d gaze,26.656753663567763,-23.218440546270127,103.78219378348628,683914.7370130001 683914.741048 683914.7450824999 683914.749117 683914.7531514999 683914.757186 683914.7612205001 683914.765255 683914.7692895001 683914.773324 683914.7773585 683914.7813929999 683914.7854275 683914.789462 683914.7934965 683914.797531 683914.8015655 683914.8056000001 683914.8096350001 683914.8136694999 683914.817704 683914.8217384999 683914.825773 683914.8298075 683914.833842 683914.8378765 683914.841911
715,683914.8459455001,217.86400000564754,4740,4746,0.6461628815832022,0.691156806360011,1.4018485911755194,0.9323010834780606,3d gaze,25.841921004941423,-23.316250466071473,100.26703596474933,683914.8459455001 683914.8499799999 683914.8540145 683914.8580489999 683914.8620835 683914.866118 683914.8701525 683914.8741870001 683914.8782215 683914.8822560001 683914.8862904999 683914.890325 683914.8943594999 683914.898394 683914.9024285 683914.906463 683914.9104975 683914.914532 683914.9185665001 683914.9226009999 683914.9266355 683914.9306699999 683914.9347045 683914.938739 683914.9427735 683914.9468080001 683914.9508425 683914.9548770001 683914.9589114999 683914.962946 683914.9669804999 683914.971015 683914.97505 683914.9790845 683914.983119 683914.9871535001 683914.991188 683914.9952225001 683914.9992569999 683915.0032919999 683915.0073265 683915.0113609999 683915.0153955 683915.0194300001 683915.0234645 683915.0274990001 683915.0315335 683915.035568 683915.0396024999 683915.043637 683915.0476715 683915.051706 683915.0557405 683915.059775 683915.0638095001
716,683915.067844,96.82800015434623,4746,4749,0.6393936817949436,0.6956771772790262,1.382015094400945,0.9220523929595947,3d gaze,24.21948616295529,-23.308217712164602,98.60144984161039,683915.067844 683915.0718785 683915.0759129999 683915.0799475 683915.0839819999 683915.0880165 683915.0920510001 683915.0960855 683915.1001200001 683915.1041545 683915.108189 683915.1122234999 683915.116258 683915.1202925 683915.124327 683915.1283615 683915.132396 683915.1364305001 683915.140465 683915.1444995 683915.1485339999 683915.1525685 683915.1566029999 683915.1606375 683915.1646720001
717,683915.1687065,217.8645000094548,4749,4756,0.6323983303139807,0.704096268290677,1.0284716428364469,0.9332222147421403,3d gaze,21.901861786772663,-22.917613717980093,93.80851778160363,683915.1687065 683915.1727410001 683915.1767755 683915.1808104999 683915.184845 683915.1888794999 683915.192914 683915.1969485 683915.200983 683915.2050175001 683915.209052 683915.2130865001 683915.2171215 683915.2211559999 683915.2251905 683915.2292249999 683915.2332595 683915.237294 683915.2413285 683915.2453630001 683915.2493975 683915.253432 683915.2574664999 683915.261501 683915.2655355 683915.26957 683915.2736045 683915.277639 683915.2816735001 683915.285708 683915.2897425 683915.2937769999 683915.2978115 683915.3018459999 683915.3058805 683915.309915 683915.3139495 683915.3179840001 683915.3220185 683915.326053 683915.3300874999 683915.334122 683915.3381565 683915.342191 683915.3462255 683915.35026 683915.3542945001 683915.358329 683915.3623635 683915.3663979999 683915.3704325 683915.3744675 683915.378502 683915.3825365 683915.386571
718,683915.3906055,217.86400000564754,4756,4762,0.638635929377811,0.6937757257581204,0.5979873309161736,0.9318825402043083,3d gaze,22.6689717773877,-21.76253033956711,92.84756520551058,683915.3906055 683915.3946400001 683915.3986745 683915.402709 683915.4067434999 683915.410778 683915.4148125 683915.418847 683915.4228815001 683915.426916 683915.4309505001 683915.4349849999 683915.4390195 683915.4430539999 683915.4470885 683915.4511235 683915.455158 683915.4591925 683915.4632270001 683915.4672615 683915.4712960001 683915.4753304999 683915.479365 683915.4833994999 683915.487434 683915.4914685 683915.495503 683915.4995375001 683915.503572 683915.5076065001 683915.5116409999 683915.5156755 683915.5197099999 683915.5237445 683915.527779 683915.5318135 683915.5358480001 683915.5398825 683915.5439170001 683915.5479514999 683915.5519864999 683915.556021 683915.5600555 683915.56409 683915.5681245 683915.572159 683915.5761935001 683915.580228 683915.5842625 683915.5882969999 683915.5923315 683915.596366 683915.6004005 683915.604435 683915.6084695
719,683915.6125040001,185.58799987658858,4763,4768,0.6316118094243025,0.6933748556978422,1.4413673993767204,0.9259073043123205,3d gaze,22.01263505238771,-22.198102589909173,95.07513055140821,683915.6125040001 683915.6165385 683915.620573 683915.6246074999 683915.628642 683915.6326765 683915.636711 683915.6407455001 683915.64478 683915.6488145001 683915.652849 683915.6568835 683915.6609179999 683915.6649525 683915.668987 683915.6730215 683915.677056 683915.6810905 683915.6851255 683915.6891600001 683915.6931944999 683915.697229 683915.7012634999 683915.705298 683915.7093325 683915.713367 683915.7174015001 683915.721436 683915.7254705001 683915.7295049999 683915.7335395 683915.7375739999 683915.7416085 683915.7456435 683915.749678 683915.7537125 683915.7577470001 683915.7617815 683915.765816 683915.7698504999 683915.773885 683915.7779194999 683915.781954 683915.7859885 683915.790023 683915.7940575001 683915.798092
720,683915.8021265,217.86400000564754,4768,4775,0.6215026765210983,0.7092163972273118,0.969143108399773,0.94589560605445,3d gaze,20.717528334137523,-23.98269437090152,96.55066358703904,683915.8021265 683915.8061609999 683915.8101955 683915.81423 683915.8182645 683915.822299 683915.8263335 683915.8303680001 683915.8344025 683915.838437 683915.8424714999 683915.846506 683915.8505404999 683915.854575 683915.8586095 683915.862644 683915.8666785001 683915.870713 683915.8747475 683915.8787819999 683915.8828165 683915.886851 683915.8908855 683915.89492 683915.8989545 683915.9029890001 683915.9070235 683915.911058 683915.9150924999 683915.919127 683915.923162 683915.927197 683915.9312315 683915.935266 683915.9393005001 683915.943335 683915.9473695001 683915.9514039999 683915.9554385 683915.959473 683915.9635075 683915.967542 683915.9715765 683915.9756110001 683915.9796455 683915.9836800001 683915.9877144999 683915.9957835 683916.0038525 683916.007887 683916.0119215001 683916.015956 683916.0199905001
721,683916.0240249999,181.55350000597537,4775,4780,0.6268986191256054,0.7032682864612789,0.9138061235631907,0.9424805725398271,3d gaze,21.838020244595647,-23.71032053858753,97.6076281125929,683916.0240249999 683916.0280595 683916.032094 683916.0361285 683916.040163 683916.0441975 683916.0482320001 683916.0522665 683916.0563010001 683916.0603354999 683916.06437 683916.0684044999 683916.072439 683916.0764735 683916.080508 683916.0845425001 683916.088577 683916.0926115001 683916.0966459999 683916.1006809999 683916.1047155 683916.10875 683916.1127845 683916.116819 683916.1208535 683916.1248880001 683916.1289225 683916.132957 683916.1369914999 683916.141026 683916.1450605 683916.149095 683916.1531295 683916.157164 683916.161199 683916.1652335001 683916.1692679999 683916.1733025 683916.1773369999 683916.1813715 683916.185406 683916.1894405 683916.193475 683916.1975095 683916.2015440001 683916.2055784999
722,683916.209613,217.86400000564754,4780,4787,0.6050373773234117,0.7020361473176565,1.4455022108627127,0.9332356171174483,3d gaze,17.3600205797802,-22.455163154239422,93.53191548330683,683916.209613 683916.2136474999 683916.217682 683916.2217165 683916.225751 683916.2297855001 683916.23382 683916.2378545001 683916.2418889999 683916.2459235 683916.2499579999 683916.2539925 683916.258027 683916.2620615 683916.266096 683916.2701305 683916.2741650001 683916.2781994999 683916.282234 683916.2862684999 683916.290303 683916.294338 683916.2983725 683916.302407 683916.3064415001 683916.310476 683916.3145105001 683916.3185449999 683916.3225795 683916.3266139999 683916.3306485 683916.334683 683916.3387175 683916.3427520001 683916.3467865 683916.350821 683916.3548554999 683916.35889 683916.3629245 683916.366959 683916.3709935 683916.375028 683916.3790625001 683916.383097 683916.3871315 683916.3911659999 683916.3952009999 683916.3992355 683916.40327 683916.4073045 683916.411339 683916.4153735 683916.4194080001 683916.4234425 683916.427477
723,683916.4315114999,209.79500003159046,4787,4793,0.6011886215098118,0.7039493634348059,1.4945105737137727,0.9223657497819865,3d gaze,16.835234089112966,-22.746915422289398,94.13485499614715,683916.4315114999 683916.435546 683916.4395805 683916.443615 683916.4476495001 683916.451684 683916.4557185001 683916.459753 683916.4637875 683916.4678219999 683916.4718569999 683916.4758915 683916.479926 683916.4839605 683916.4879950001 683916.4920295 683916.4960640001 683916.5000984999 683916.504133 683916.5081675 683916.512202 683916.5162365 683916.520271 683916.5243055 683916.52834 683916.5323745001 683916.5364089999 683916.5404435 683916.5444779999 683916.5485125 683916.552547 683916.5565815 683916.5606160001 683916.5646505 683916.5686850001 683916.5727194999 683916.576754 683916.5807885 683916.584823 683916.5888575 683916.592892 683916.5969265 683916.600961 683916.6049955001 683916.6090299999 683916.6130645 683916.6170989999 683916.6211335 683916.625168 683916.6292025 683916.6332370001 683916.6372720001 683916.6413065
724,683916.645341,217.86400000564754,4793,4800,0.6222060217114652,0.7018572319616773,1.2952324702719862,0.9263654817234386,3d gaze,20.378432143504117,-22.805396162012844,94.58020949188108,683916.645341 683916.6493754999 683916.65341 683916.6574444999 683916.661479 683916.665514 683916.6695485 683916.673583 683916.6776175001 683916.6816519999 683916.6856865 683916.6897209999 683916.6937555 683916.69779 683916.7018245 683916.7058590001 683916.7098935 683916.7139280001 683916.7179624999 683916.721997 683916.7260314999 683916.730066 683916.7341005 683916.738135 683916.7421695 683916.746204 683916.7502385001 683916.7542729999 683916.7583075 683916.7623419999 683916.7663765 683916.770411 683916.7744455 683916.7784800001 683916.7825145 683916.7865490001 683916.7905834999 683916.794618 683916.7986524999 683916.802687 683916.8067215 683916.810756 683916.8147905 683916.818825 683916.8228595001 683916.8268939999 683916.8309285 683916.8349635 683916.838998 683916.8430325 683916.847067 683916.8511015 683916.855136 683916.8591705 683916.8632050001
725,683916.8672394999,217.86400000564754,4800,4806,0.6242338616261872,0.6916388821725956,0.7535557640049843,0.9247763736681505,3d gaze,20.928927915731947,-22.129792064917027,95.77567283154592,683916.8672394999 683916.8712744999 683916.875309 683916.8793435 683916.883378 683916.8874125 683916.891447 683916.8954815001 683916.899516 683916.9035505 683916.9075849999 683916.9116195 683916.915654 683916.9196885 683916.923723 683916.9277575 683916.9317920001 683916.9358265 683916.939861 683916.9438954999 683916.94793 683916.9519645 683916.955999 683916.9600335 683916.964068 683916.9681025001 683916.972137 683916.9761715 683916.9802059999 683916.9842405 683916.988275 683916.9923095 683916.996344 683917.0003785 683917.0044130001 683917.0084475 683917.012482 683917.0165164999 683917.020551 683917.0245855 683917.0286205 683917.032655 683917.0366895001 683917.040724 683917.0447585001 683917.0487929999 683917.0528275 683917.056862 683917.0608965 683917.064931 683917.0689655 683917.073 683917.0770345 683917.0810690001 683917.0851034999
726,683917.089138,193.65699996706098,4807,4812,0.6314706184822042,0.6933294018181438,1.4670963067006981,0.9383734081472669,3d gaze,23.049919683853002,-23.23361264490015,99.50511688609203,683917.089138 683917.0931724999 683917.097207 683917.1012415 683917.1052765 683917.109311 683917.1133455001 683917.11738 683917.1214145 683917.1254489999 683917.1294835 683917.133518 683917.1375525 683917.141587 683917.1456215 683917.1496560001 683917.1536905 683917.157725 683917.1617594999 683917.165794 683917.1698285 683917.173863 683917.1778975 683917.181932 683917.1859665001 683917.190001 683917.1940355 683917.1980699999 683917.2021045 683917.2061395 683917.210174 683917.2142085 683917.218243 683917.2222775 683917.2263120001 683917.2303465 683917.234381 683917.2384154999 683917.24245 683917.2464845 683917.250519 683917.2545535 683917.258588 683917.2626225001 683917.266657 683917.2706915 683917.274726 683917.2787605 683917.282795
727,683917.3675200001,217.86449989303946,4815,4821,0.5319864579043895,0.6642208112307377,1.4877839588572372,0.912811462987553,3d gaze,6.067393889607243,-19.664206901856428,98.30789409535633,683917.3675200001 683917.3715545 683917.3755890001 683917.3796234999 683917.383658 683917.3876925 683917.391727 683917.3957615 683917.3997965 683917.403831 683917.4078655001 683917.4119 683917.4159345 683917.4199689999 683917.4240035 683917.428038 683917.4320725 683917.436107 683917.4401415 683917.4441760001 683917.4482105 683917.452245 683917.4562794999 683917.460314 683917.4643485 683917.468383 683917.4724175 683917.476452 683917.4804865001 683917.484521 683917.4885555 683917.4925899999 683917.4966245 683917.500659 683917.5046935 683917.508728 683917.5127625 683917.5167970001 683917.5208315 683917.524866 683917.5289004999 683917.532935 683917.5369695 683917.541004 683917.5450385 683917.549073 683917.5531075001 683917.557142 683917.5611765 683917.5652109999 683917.5692455 683917.5732805 683917.5773155 683917.58135 683917.5853845
728,683917.589419,92.79350005090237,4822,4824,0.5265452003304693,0.6702118104107019,0.4306134286080142,0.901778656989336,3d gaze,5.053659981937639,-19.75124050720874,96.02670188016397,683917.589419 683917.5934535 683917.597488 683917.6015224999 683917.605557 683917.6095915 683917.613626 683917.6176605 683917.621695 683917.6257295001 683917.629764 683917.6337985 683917.6378329999 683917.6418675 683917.645902 683917.6499365 683917.653971 683917.6580055 683917.66204 683917.6660745 683917.670109 683917.6741434999 683917.678178 683917.6822125
729,683917.702385,125.07049995474517,4825,4829,0.5621479934319239,0.6979472244938592,1.4895716546994162,0.9029283132404089,3d gaze,10.900416725626718,-22.669920897956754,96.9974220574788,683917.702385 683917.7064195 683917.7104539999 683917.7144885 683917.718523 683917.7225575 683917.726592 683917.7306265 683917.7346610001 683917.7386955 683917.74273 683917.7467644999 683917.750799 683917.7548335 683917.758868 683917.762903 683917.7669375 683917.770972 683917.7750065001 683917.779041 683917.7830755 683917.7871099999 683917.7911445 683917.795179 683917.7992135 683917.803248 683917.8072825 683917.8113170001 683917.8153520001 683917.8193864999 683917.823421 683917.8274554999
730,683917.83149,153.31149997655302,4829,4833,0.5696748830562819,0.7103529554998439,1.4098420098118374,0.8997126183448694,3d gaze,12.658985834895502,-24.879894651332826,101.04342168059023,683917.83149 683917.8355245 683917.839559 683917.8435935001 683917.847628 683917.8516625001 683917.8556969999 683917.8597315 683917.863766 683917.8678005 683917.871835 683917.8758695 683917.879904 683917.8839385 683917.8879730001 683917.8920074999 683917.896042 683917.9000764999 683917.904111 683917.9081455 683917.91218 683917.9162145001 683917.920249 683917.9242835001 683917.9283179999 683917.9323525 683917.936387 683917.9404215 683917.944456 683917.948491 683917.9525255 683917.9565600001 683917.9605945 683917.964629 683917.9686634999 683917.972698 683917.9767325 683917.980767 683917.9848015
731,683917.988836,217.86400000564754,4833,4840,0.5811021685255511,0.7249110354887813,0.6817067749738959,0.9107284312898463,3d gaze,15.192304564060125,-27.35113851471848,104.66578753287268,683917.988836 683917.9928705001 683917.996905 683918.0009395 683918.0049739999 683918.0090085 683918.013043 683918.0170775 683918.021112 683918.0251465 683918.0291810001 683918.0332155 683918.03725 683918.0412844999 683918.045319 683918.049354 683918.0533885 683918.057423 683918.0614575001 683918.065492 683918.0695265001 683918.0735609999 683918.0775955 683918.08163 683918.0856645 683918.089699 683918.0937335 683918.097768 683918.1018025 683918.1058370001 683918.1098714999 683918.113906 683918.1179404999 683918.121975 683918.12601 683918.1300445 683918.134079 683918.1381135 683918.142148 683918.1461825001 683918.1502169999 683918.1542515 683918.158286 683918.1623205 683918.166355 683918.1703895 683918.1744240001 683918.1784585 683918.1824930001 683918.1865274999 683918.190562 683918.1945965 683918.198631 683918.2026655 683918.2067
732,683918.2107345,217.86400000564754,4840,4847,0.577540191027648,0.7286300761422327,1.050844771586167,0.905427666685798,3d gaze,15.167886567272582,-28.864138128987044,108.96410581612055,683918.2107345 683918.214769 683918.2188035 683918.2228379999 683918.2268725 683918.230907 683918.2349415 683918.238976 683918.2430105 683918.2470450001 683918.2510795 683918.255114 683918.2591484999 683918.263183 683918.2672175 683918.271252 683918.2752865 683918.279321 683918.283356 683918.2873905001 683918.291425 683918.2954595 683918.2994939999 683918.3035285 683918.307563 683918.3115975 683918.315632 683918.3196670001 683918.3237015 683918.3277360001 683918.3317704999 683918.335805 683918.3398395 683918.343874 683918.3479085 683918.351943 683918.3559775 683918.360012 683918.3640465001 683918.3680809999 683918.3721155 683918.3761499999 683918.3801845 683918.384219 683918.3882535 683918.3922880001 683918.3963225 683918.4003570001 683918.4043914999 683918.408426 683918.4124605 683918.416495 683918.4205295 683918.424564 683918.4285985
733,683918.432633,217.86400000564754,4847,4853,0.5714206559003491,0.7151451575660828,0.793154747896092,0.9127294258126672,3d gaze,13.269267476762893,-25.951787594783962,103.36911123443926,683918.432633 683918.4366675001 683918.4407019999 683918.4447365 683918.4487709999 683918.4528055 683918.45684 683918.4608745 683918.4649090001 683918.4689435 683918.4729780001 683918.4770124999 683918.481047 683918.4850815 683918.489116 683918.4931505 683918.4971855 683918.50122 683918.5052545001 683918.509289 683918.5133235 683918.5173585 683918.5213929999 683918.5254275 683918.529462 683918.5334965 683918.537531 683918.5415655 683918.5456000001 683918.5496344999 683918.553669 683918.5577035 683918.561738 683918.5657725 683918.569807 683918.5738415 683918.5819105001 683918.5859449999 683918.594014 683918.5980485 683918.602083 683918.6061175 683918.610152 683918.6141865 683918.6182210001 683918.6222554999 683918.62629 683918.6303245 683918.634359 683918.6383935 683918.642428 683918.6464625 683918.650497
734,683918.6545315001,84.72499996423721,4853,4856,0.5764470684728229,0.7125783204658124,0.31262360056040706,0.8902323422106829,3d gaze,14.4302870062196,-26.235890539379298,105.48665393875699,683918.6545315001 683918.6585659999 683918.6626005 683918.6666349999 683918.6706695 683918.674704 683918.6787385 683918.682773 683918.6868075 683918.6908425 683918.6948770001 683918.6989114999 683918.702946 683918.7069805 683918.711015 683918.7150495 683918.719084 683918.7231185001 683918.727153 683918.7311875001 683918.7352219999 683918.7392565
735,683919.2718135,100.86250002495944,4872,4875,0.5110470733958199,0.7314386276669322,0.9894701953623687,0.9344722766142625,3d gaze,2.873463656126617,-27.795864225836947,104.71709858565035,683919.2718135 683919.275848 683919.2798825 683919.283917 683919.2879514999 683919.291986 683919.2960205 683919.300055 683919.3040895 683919.308124 683919.3121585001 683919.316193 683919.3202275 683919.324262 683919.3282965 683919.332331 683919.3363655 683919.3404 683919.3444345 683919.348469 683919.3525035 683919.356538 683919.3605724999 683919.364607 683919.3686415 683919.372676
736,683919.3847795001,165.4154999414459,4875,4880,0.542569234898291,0.7282283994489365,1.2711223757784955,0.9234494495959509,3d gaze,8.326502890023674,-27.342743105997535,104.00084683854641,683919.3847795001 683919.388814 683919.3928485 683919.396883 683919.4009175 683919.404952 683919.4089865 683919.413021 683919.4170555 683919.42109 683919.4251250001 683919.4291594999 683919.433194 683919.4372285 683919.441263 683919.4452975 683919.449332 683919.4533665 683919.457401 683919.461436 683919.4654705 683919.4695049999 683919.4735395 683919.477574 683919.4816085 683919.485643 683919.4896775 683919.493712 683919.4977465 683919.501781 683919.5058154999 683919.50985 683919.5138845 683919.517919 683919.5219535 683919.525988 683919.5300225001 683919.534057 683919.5380915 683919.5421259999 683919.5461605 683919.550195
737,683919.5703675,217.8645001258701,4881,4887,0.5206293296779745,0.7709072886490813,1.3586713454982142,0.9561026968739249,3d gaze,4.507381306546163,-31.39168032692438,102.73355803254832,683919.5703675 683919.574402 683919.5784364999 683919.582471 683919.5865055 683919.59054 683919.5945745 683919.598609 683919.602644 683919.6066785 683919.610713 683919.6147475 683919.6187819999 683919.6228165 683919.626851 683919.6308855 683919.63492 683919.6389545 683919.6429890001 683919.6470235 683919.651058 683919.6550925 683919.659127 683919.6631615 683919.667196 683919.6712305 683919.675265 683919.6792995 683919.683334 683919.6873685 683919.6914029999 683919.695438 683919.6994725 683919.703507 683919.7075415 683919.711576 683919.7156105 683919.7196450001 683919.7236794999 683919.727714 683919.7317485 683919.735783 683919.7398175 683919.743852 683919.7478865 683919.751921 683919.7559555001 683919.7599899999 683919.7640245 683919.768059 683919.7720935 683919.776128 683919.7801625 683919.784197 683919.7882320001
738,683919.7922665,84.72450007684529,4887,4890,0.5176639957930104,0.7787521178881908,1.4666252975496614,0.9542440595951948,3d gaze,4.003434373723289,-32.26816853862768,102.85946475810243,683919.7922665 683919.796301 683919.8003355 683919.80437 683919.8084045 683919.812439 683919.8164735 683919.820508 683919.8245425 683919.828577 683919.8326115 683919.8366459999 683919.8406805 683919.844715 683919.8487495 683919.852784 683919.8568185 683919.8608530001 683919.8648875 683919.868922 683919.8729565 683919.876991
739,683919.8810255,141.20850001927465,4890,4894,0.5155764095186554,0.7927679810457494,0.9469727895323987,0.973089767826928,3d gaze,3.7103895909642324,-34.244518038524355,104.36203189737415,683919.8810255 683919.88506 683919.8890945 683919.893129 683919.8971635 683919.901198 683919.9052325 683919.9092669999 683919.9133015 683919.917336 683919.9213705 683919.925405 683919.92944 683919.9334745 683919.9375090001 683919.9415434999 683919.945578 683919.9496124999 683919.953647 683919.9576815 683919.961716 683919.9657505 683919.969785 683919.97382 683919.9778545001 683919.9818889999 683919.9859235 683919.989958 683919.9939925 683919.998027 683920.0020615 683920.006096 683920.0101305 683920.0141650001 683920.0181994999 683920.022234
740,683920.038372,217.86400000564754,4895,4901,0.5195085872359924,0.8477764949978001,1.2932830485596387,0.9966003450480374,3d gaze,4.488287450195668,-40.46735458177716,104.49691262836524,683920.038372 683920.0424065 683920.046441 683920.0504755001 683920.0545099999 683920.0585445 683920.062579 683920.0666135 683920.070648 683920.0746825 683920.0787170001 683920.0827515 683920.086786 683920.0908205 683920.094855 683920.0988895 683920.102924 683920.1069585 683920.110993 683920.1150275 683920.119062 683920.1230965 683920.1271309999 683920.1311655 683920.1352 683920.1392345 683920.143269 683920.1473035 683920.1513385 683920.155373 683920.1594075 683920.1634424999 683920.167477 683920.1715115 683920.175546 683920.1795805 683920.183615 683920.1876495 683920.191684 683920.1957185001 683920.1997529999 683920.2037875 683920.207822 683920.2118565 683920.215891 683920.2199255 683920.22396 683920.2279945 683920.2320290001 683920.2360634999 683920.240098 683920.2441325 683920.248167 683920.2522015 683920.256236
741,683920.2602705,217.86400000564754,4901,4908,0.5150954961349081,0.8377432086690675,1.139171794005981,0.9979397101835771,3d gaze,3.7260192176444153,-39.73780238138749,105.62531054663877,683920.2602705 683920.264305 683920.2683395001 683920.2723739999 683920.2764085 683920.280443 683920.2844775 683920.288512 683920.2925465 683920.296581 683920.3006155 683920.3046500001 683920.3086844999 683920.312719 683920.3167535 683920.320788 683920.3248225 683920.328857 683920.3328915 683920.336926 683920.3409605001 683920.3449955 683920.34903 683920.3530645 683920.357099 683920.3611335 683920.365168 683920.3692025 683920.373237 683920.3772715 683920.381306 683920.3853404999 683920.389375 683920.3934095 683920.3974445 683920.401479 683920.4055135 683920.409548 683920.4135825001 683920.4176169999 683920.4216515 683920.425686 683920.4297205 683920.433755 683920.4377895 683920.441824 683920.4458585 683920.4498930001 683920.4539274999 683920.457962 683920.4619965 683920.466031 683920.4700655 683920.4741 683920.4781345
742,683920.482169,181.55350000597537,4908,4913,0.5134024711631058,0.8304571523446889,0.7828265446494934,0.9961683180021204,3d gaze,3.351615445345978,-38.2752296450175,103.94800842665403,683920.482169 683920.4862035001 683920.4902379999 683920.4942725 683920.498307 683920.5023415 683920.506376 683920.5104105 683920.514445 683920.5184795 683920.5225145 683920.5265490001 683920.5305834999 683920.534618 683920.5386525 683920.542687 683920.5467215 683920.550756 683920.5547905 683920.558825 683920.5628595001 683920.566894 683920.5709285 683920.574963 683920.5789975 683920.583032 683920.5870665 683920.591101 683920.5951355 683920.5991700001 683920.6032044999 683920.607239 683920.6112735 683920.615308 683920.6193425 683920.623377 683920.6274115 683920.631446 683920.6354805001 683920.6395155 683920.6435499999 683920.6475845 683920.651619 683920.6556535 683920.659688 683920.6637225
743,683920.6959985,96.82850004173815,4914,4917,0.5458280186156387,0.7913739519529119,1.4848454023624607,0.9303549110889435,3d gaze,9.147077416446606,-34.44990393407244,105.17273847352318,683920.6959985 683920.700033 683920.7040675 683920.708102 683920.7121365 683920.7161715 683920.720206 683920.7242405 683920.728275 683920.7323095 683920.736344 683920.7403785 683920.7444130001 683920.7484474999 683920.752482 683920.7565165 683920.760551 683920.7645855 683920.76862 683920.7726545 683920.776689 683920.7807235001 683920.7847579999 683920.7887925 683920.792827
744,683920.7968615,217.86400000564754,4917,4924,0.5558600042146166,0.7840281134071604,1.2785039353967305,0.9434357285499573,3d gaze,10.891036068761464,-33.62570704472101,104.9403886041368,683920.7968615 683920.800896 683920.8049305 683920.808965 683920.8129995 683920.8170340001 683920.8210684999 683920.825103 683920.8291375 683920.833172 683920.8372065 683920.841241 683920.8452755 683920.84931 683920.8533445001 683920.8573789999 683920.8614135 683920.865448 683920.8694825 683920.8735175 683920.877552 683920.8815865 683920.8856210001 683920.8896555 683920.8936905 683920.897725 683920.9017595 683920.905794 683920.9098285 683920.913863 683920.9178975 683920.921932 683920.9259665001 683920.930001 683920.9340355 683920.93807 683920.9421045 683920.946139 683920.9501735 683920.954208 683920.9582425 683920.962277 683920.9663115 683920.970346 683920.9743805 683920.978415 683920.9824495 683920.986484 683920.9905185 683920.994553 683920.9985875001 683921.0026219999 683921.0066565 683921.010691 683921.0147255
745,683921.01876,161.38099995441735,4924,4929,0.5603513563954842,0.7838087393438823,0.9571670116174613,0.9372984083687387,3d gaze,11.12550330800713,-31.95372517449998,99.72869453118868,683921.01876 683921.0227945 683921.026829 683921.0308635 683921.034898 683921.0389324999 683921.042967 683921.0470015 683921.051036 683921.0550705 683921.059105 683921.0631395 683921.067174 683921.071209 683921.0752435001 683921.0792775 683921.083312 683921.087347 683921.0913815 683921.095416 683921.0994505 683921.103485 683921.10752 683921.1115545 683921.115589 683921.1196234999 683921.123658 683921.1276925 683921.131727 683921.1357615 683921.139796 683921.1438305001 683921.147865 683921.1518995 683921.155934 683921.1599685 683921.164003 683921.1680375 683921.172072 683921.1761065 683921.180141
746,683921.220486,217.86400000564754,4930,4936,0.5141108032364393,0.8409028808192284,1.4881317030424237,0.9983387741175564,3d gaze,3.5767788623820227,-40.369110463944494,106.34610245910142,683921.220486 683921.2245205 683921.228555 683921.2325895 683921.236624 683921.2406585 683921.244693 683921.2487275 683921.252762 683921.2567965 683921.260831 683921.264866 683921.2689005 683921.272935 683921.2769695 683921.281004 683921.2850385 683921.289073 683921.2931075 683921.2971419999 683921.3011765 683921.305211 683921.3092455 683921.31328 683921.3173145 683921.321349 683921.3253835 683921.3294180001 683921.3334524999 683921.337487 683921.341522 683921.3455565 683921.349591 683921.3536255 683921.35766 683921.3616945 683921.365729 683921.3697635 683921.373798 683921.3778325 683921.381867 683921.3859015 683921.389936 683921.3939705 683921.398005 683921.4020395 683921.406074 683921.4101084999 683921.414143 683921.4181775 683921.422212 683921.4262465 683921.430281 683921.4343155 683921.43835
747,683921.442385,217.86400000564754,4937,4943,0.517935453109181,0.8296216931023332,1.3904251245713268,0.9893490043553439,3d gaze,3.9745519763133443,-36.55744385188565,99.46496199968102,683921.442385 683921.4464195 683921.450454 683921.4544885 683921.458523 683921.4625575 683921.466592 683921.4706265 683921.4746610001 683921.4786955 683921.48273 683921.4867645 683921.490799 683921.4948335 683921.498868 683921.5029025 683921.506937 683921.5109715 683921.515006 683921.5190405 683921.523075 683921.5271095 683921.531144 683921.5351785 683921.539213 683921.5432475 683921.5472820001 683921.5513165 683921.555351 683921.5593855 683921.56342 683921.5674545 683921.571489 683921.5755235 683921.579558 683921.583593 683921.5876275001 683921.5916619999 683921.5956965 683921.599731 683921.6037655 683921.6078 683921.6118345 683921.615869 683921.6199035 683921.6239380001 683921.6279724999 683921.632007 683921.636042 683921.6400765 683921.644111 683921.6481455 683921.65218 683921.6562145 683921.660249
748,683921.6642835,217.86400000564754,4943,4950,0.5131388765034469,0.8240050456198869,0.7278119813566117,0.9823864795944908,3d gaze,3.1844027445916097,-36.260063163362155,100.37670953925927,683921.6642835 683921.6683179999 683921.6723525 683921.676387 683921.6804215 683921.684456 683921.6884905 683921.692525 683921.6965595 683921.700594 683921.7046285 683921.708663 683921.7126975 683921.716732 683921.7207665 683921.724801 683921.7288355 683921.73287 683921.7369045 683921.740939 683921.7449735 683921.749008 683921.7530425 683921.757077 683921.7611115 683921.765146 683921.7691805 683921.773215 683921.7772495 683921.781284 683921.7853185 683921.789353 683921.7933875 683921.797422 683921.8014565 683921.805491 683921.8095255 683921.8135605 683921.8175955 683921.82163 683921.8256645 683921.829699 683921.8337335 683921.837768 683921.8418025 683921.8458370001 683921.8498715 683921.853906 683921.8579405 683921.861975 683921.8660095 683921.870044 683921.8740785 683921.878113 683921.8821475001
749,683921.966872,217.8645000094548,4952,4959,0.48464850950590266,0.7754435491409913,1.3095504470339654,0.9796851439909502,3d gaze,-1.6200712162011262,-30.17705107588353,97.36465187180868,683921.966872 683921.9709065 683921.974941 683921.9789755 683921.98301 683921.9870445 683921.991079 683921.9951135 683921.999148 683922.0031825 683922.0072175 683922.011252 683922.0152865 683922.019321 683922.0233555 683922.02739 683922.0314245 683922.035459 683922.0394935 683922.043528 683922.0475625 683922.0515975 683922.055632 683922.0596665 683922.0637010001 683922.0677355 683922.07177 683922.0758045 683922.079839 683922.0838735 683922.087908 683922.0919425 683922.095977 683922.1000115 683922.1040459999 683922.1080805 683922.112115 683922.1161495 683922.120184 683922.1242185 683922.128253 683922.1322875 683922.1363220001 683922.1403565 683922.144391 683922.1484255 683922.15246 683922.1564945 683922.160529 683922.1645635 683922.168598 683922.1726325 683922.1766675 683922.180702 683922.1847365
750,683922.221047,84.72499996423721,4960,4962,0.514309747638165,0.7567653370316385,1.4961465150738635,0.9530904658816077,3d gaze,3.2725211287258897,-28.794885179540596,98.96593567166495,683922.221047 683922.2250815 683922.229116 683922.2331505 683922.237185 683922.2412195 683922.245254 683922.2492885 683922.253323 683922.2573575 683922.261392 683922.2654265 683922.269461 683922.2734955 683922.27753 683922.2815645 683922.285599 683922.2896335 683922.2936685 683922.297703 683922.3017375 683922.305772
751,683922.3098065,193.65650007966906,4962,4968,0.5197216584376186,0.7554076859046608,1.3479898247980604,0.9613142852880516,3d gaze,3.9874832037169314,-27.387279620874367,94.49134068935359,683922.3098065 683922.313841 683922.3178755 683922.3219099999 683922.3259445 683922.329979 683922.3340135 683922.338048 683922.3420825 683922.346117 683922.3501515 683922.3541860001 683922.3582204999 683922.362255 683922.3662895 683922.3703245 683922.374359 683922.3783935 683922.382428 683922.3864625 683922.390497 683922.3945315001 683922.398566 683922.4026005 683922.406635 683922.4106695 683922.414704 683922.4187385 683922.422773 683922.4268075 683922.4308420001 683922.4348764999 683922.438911 683922.4429455 683922.44698 683922.4510145 683922.455049 683922.4590835 683922.463118 683922.4671525001 683922.471187 683922.4752215 683922.479256 683922.4832905 683922.487325 683922.4913595 683922.495394 683922.4994285 683922.5034630001
752,683922.5478435,133.13849992118776,4970,4973,0.48281166368409517,0.8120005355583289,1.4924434102913169,0.9820682529140922,3d gaze,-2.0030076096797673,-34.968865564397206,100.40979544739383,683922.5478435 683922.551878 683922.5559125 683922.559947 683922.5639815 683922.568016 683922.5720505 683922.576085 683922.5801194999 683922.584154 683922.5881885 683922.592223 683922.5962575 683922.600292 683922.6043265 683922.608361 683922.6123955001 683922.61643 683922.6204645 683922.624499 683922.6285335 683922.632568 683922.6366025 683922.640637 683922.6446715 683922.648706 683922.6527404999 683922.656775 683922.6608095 683922.664844 683922.6688785 683922.672913 683922.6769475 683922.680982
753,683922.6850165001,217.86400000564754,4974,4980,0.4780503189128934,0.8089251066591118,1.4653506233639273,0.9894348848949779,3d gaze,-2.7695860346807697,-34.136926278827964,98.91257692184199,683922.6850165001 683922.689051 683922.6930855 683922.69712 683922.7011545 683922.705189 683922.7092235 683922.713258 683922.7172925 683922.721327 683922.7253614999 683922.729396 683922.733431 683922.7374655 683922.7415 683922.7455345 683922.749569 683922.7536035 683922.757638 683922.761673 683922.7657075 683922.769742 683922.7737765 683922.777811 683922.7818455 683922.78588 683922.7899145 683922.793949 683922.7979835 683922.802018 683922.8060525 683922.810087 683922.8141215 683922.818156 683922.8221905 683922.826225 683922.8302595001 683922.834294 683922.8383285 683922.842363 683922.8463975 683922.850432 683922.8544665 683922.858501 683922.8625355 683922.86657 683922.8706044999 683922.874639 683922.8786735 683922.882708 683922.8867425 683922.890777 683922.8948115 683922.898846 683922.9028805001
754,683922.9069149999,217.8645000094548,4980,4987,0.4777411934626869,0.8144315948329623,1.0064313511116132,0.9958327759395946,3d gaze,-2.836878775409006,-34.81135762957116,99.18631044629888,683922.9069149999 683922.9109495 683922.914984 683922.919019 683922.9230535 683922.927088 683922.9311225 683922.935157 683922.9391915 683922.9432260001 683922.9472605 683922.951295 683922.9553295 683922.959364 683922.9633985 683922.967433 683922.9714675 683922.975502 683922.9795365 683922.9835709999 683922.9876055 683922.99164 683922.9956745 683922.999709 683923.003744 683923.0077785 683923.011813 683923.0158475 683923.019882 683923.0239165 683923.027951 683923.0319855 683923.03602 683923.0400545 683923.044089 683923.0481235 683923.052158 683923.0561925 683923.060227 683923.0642615 683923.068296 683923.0723305 683923.076365 683923.0803995 683923.084434 683923.0884685 683923.092503 683923.0965375 683923.100572 683923.104607 683923.1086415 683923.112676 683923.1167105 683923.120745 683923.1247795
755,683923.169159,92.79399993829429,4988,4991,0.5214081982062188,0.7770239654559475,1.4450313561197747,0.9598137984673182,3d gaze,4.8713579829557565,-33.47280133585093,107.34596342269067,683923.169159 683923.1731935 683923.177228 683923.1812625 683923.185297 683923.1893315 683923.193366 683923.1974005 683923.2014349999 683923.2054695 683923.209504 683923.2135385 683923.217573 683923.2216075 683923.225642 683923.2296765 683923.2337110001 683923.237746 683923.2417804999 683923.245815 683923.2498495 683923.253884 683923.2579185 683923.261953
756,683923.2659875,217.8645000094548,4991,4997,0.5206644770444764,0.7694320108381907,1.115575309616355,0.963478127934716,3d gaze,4.444736650013097,-30.676821829149926,100.90593115602599,683923.2659875 683923.270022 683923.2740565 683923.278091 683923.2821255 683923.28616 683923.290195 683923.2942295 683923.298264 683923.3022985 683923.306333 683923.3103675 683923.314402 683923.3184365 683923.322471 683923.3265055 683923.33054 683923.3345745 683923.338609 683923.3426435 683923.346678 683923.3507125 683923.354747 683923.3587815 683923.362816 683923.3668505 683923.370885 683923.3749195 683923.378954 683923.3829885 683923.387023 683923.3910575 683923.395092 683923.3991265 683923.403161 683923.4071955 683923.41123 683923.4152645 683923.419299 683923.4233335 683923.427368 683923.4314025 683923.435437 683923.4394715 683923.443506 683923.4475405 683923.451575 683923.4556095 683923.4596445 683923.463679 683923.4677135 683923.4717485 683923.475783 683923.4798175 683923.483852
757,683923.58068,217.86400000564754,5000,5007,0.57849556120043,0.7230910533061307,1.4399858877902845,0.9196510591290213,3d gaze,14.609618327398628,-26.93036885306707,103.85346924551908,683923.58068 683923.5847145 683923.588749 683923.5927835 683923.596818 683923.6008525 683923.604887 683923.6089215 683923.612956 683923.6169905 683923.621025 683923.6250595 683923.629094 683923.6331285 683923.637163 683923.6411975 683923.645232 683923.6492665 683923.653301 683923.6573355 683923.6613705 683923.665405 683923.6694395 683923.673474 683923.6775084999 683923.681543 683923.6855775 683923.689612 683923.6936465 683923.697681 683923.7017155 683923.70575 683923.7097845 683923.7138195001 683923.717854 683923.7218885 683923.725923 683923.7299575 683923.733992 683923.7380265 683923.742061 683923.7460955 683923.7501300001 683923.7541645 683923.758199 683923.7622335 683923.766268 683923.7703025 683923.774337 683923.7783715 683923.782406 683923.7864405001 683923.790475 683923.7945095 683923.798544
758,683923.891338,153.3120000967756,5010,5014,0.5442431680389763,0.7353900717233719,1.4364507028021511,0.9361169391717666,3d gaze,8.687550098217168,-28.280319206769992,104.69674520139874,683923.891338 683923.8953725 683923.899407 683923.9034415 683923.907476 683923.9115105 683923.915545 683923.9195795 683923.923614 683923.9276485 683923.931683 683923.9357175 683923.939752 683923.9437865 683923.9478215 683923.951856 683923.9558905 683923.959925 683923.9639595 683923.9679940001 683923.9720285 683923.976063 683923.9800975 683923.984132 683923.9881665 683923.992201 683923.9962355 683924.00027 683924.0043045 683924.0083389999 683924.0123735 683924.016408 683924.0204425 683924.0244775 683924.028512 683924.0325465 683924.036581 683924.0406155 683924.04465
759,683924.5247575,217.86400000564754,5029,5035,0.6171968254553766,0.8679039644052411,1.195389526314381,0.9707633332772688,3d gaze,23.456785643427065,-45.21650895168723,108.06944635362306,683924.5247575 683924.528792 683924.5328265 683924.536861 683924.5408955 683924.54493 683924.5489645 683924.552999 683924.5570334999 683924.561068 683924.5651025 683924.569137 683924.5731715 683924.577206 683924.581241 683924.5852755 683924.58931 683924.5933445 683924.597379 683924.6014135 683924.605448 683924.6094825 683924.613517 683924.6175515 683924.621586 683924.6256205 683924.629655 683924.6336895 683924.637724 683924.6417585 683924.645793 683924.6498275 683924.653862 683924.657897 683924.6619315 683924.665966 683924.6700005 683924.674035 683924.6780695 683924.682104 683924.6861385 683924.690173 683924.6942075 683924.698242 683924.7022765 683924.706311 683924.7103455 683924.71438 683924.7184145 683924.722449 683924.7264835 683924.730518 683924.7345525 683924.7385869999 683924.7426215
760,683924.791036,217.86400000564754,5036,5043,0.5894400372893996,0.848932408959022,1.433178139076862,0.9805470390753313,3d gaze,16.55380458971234,-39.34732954074349,100.04487521666908,683924.791036 683924.7950705 683924.799105 683924.8031395 683924.807174 683924.8112085001 683924.815243 683924.8192775 683924.823312 683924.8273465 683924.831381 683924.8354155 683924.83945 683924.8434845 683924.8475190001 683924.8515535 683924.855588 683924.8596225 683924.863657 683924.8676915 683924.871726 683924.8757605 683924.879795 683924.8838295001 683924.887864 683924.8918985 683924.895933 683924.899968 683924.9040025 683924.908037 683924.9120715 683924.916106 683924.9201405 683924.924175 683924.9282095 683924.932244 683924.9362785 683924.940313 683924.9443475 683924.948382 683924.952417 683924.9564515001 683924.960486 683924.9645205 683924.968555 683924.9725895 683924.976624 683924.9806585 683924.984693 683924.9887275 683924.992762 683924.9967964999 683925.000831 683925.0048655 683925.0089
761,683925.0129345,153.31199998036027,5043,5048,0.5896739643133913,0.8415539781141075,0.8386721600026835,0.9932882510698758,3d gaze,15.998593230617226,-37.26146328180405,96.79878266843777,683925.0129345 683925.016969 683925.0210035 683925.025038 683925.0290725001 683925.033107 683925.0371415 683925.041176 683925.0452105 683925.049245 683925.0532795 683925.057314 683925.0613485 683925.065383 683925.0694174999 683925.073452 683925.0774865 683925.081521 683925.0855555 683925.08959 683925.0936245 683925.097659 683925.1016935001 683925.105728 683925.1097625 683925.113797 683925.1178315 683925.121866 683925.1259005 683925.1299355 683925.1339705 683925.138005 683925.1420395 683925.146074 683925.1501085 683925.154143 683925.1581775 683925.162212 683925.1662465
762,683925.25904,80.69049997720867,5050,5053,0.594071006424244,0.7226363142665454,1.2681314745417909,0.9331024686495463,3d gaze,15.252992362794233,-23.677837923239093,91.13457567738325,683925.25904 683925.2630745 683925.267109 683925.2711435 683925.275178 683925.2792125 683925.283247 683925.2872815 683925.291316 683925.2953505 683925.299385 683925.3034195 683925.307454 683925.3114885 683925.315523 683925.3195575 683925.3235925 683925.3276269999 683925.3316615 683925.335696 683925.3397305
763,683925.343765,141.2080000154674,5053,5057,0.6121460085392149,0.7097707324658753,1.4258958319182973,0.9136395413014624,3d gaze,19.691505227506457,-24.668175659614988,99.3657407487823,683925.343765 683925.3477995 683925.351834 683925.3558685 683925.3599030001 683925.3639375 683925.3679725 683925.372007 683925.3760415 683925.380076 683925.3841105 683925.388145 683925.3921795 683925.396214 683925.4002485 683925.404283 683925.4083175 683925.412352 683925.4163865 683925.420421 683925.4244555 683925.42849 683925.4325245 683925.436559 683925.4405935 683925.444628 683925.4486625 683925.452697 683925.4567315 683925.460766 683925.4648005 683925.468835 683925.4728695 683925.476904 683925.4809385 683925.484973
764,683925.4890075,121.03599996771663,5057,5061,0.621174916235684,0.7029638816501101,0.6642694957384935,0.9089602337729547,3d gaze,21.50289815700271,-24.38152825308084,100.65939682988673,683925.4890075 683925.4930425 683925.497077 683925.5011115 683925.5051460001 683925.5091805 683925.513215 683925.5172495 683925.521284 683925.5253185 683925.529353 683925.5333875 683925.537422 683925.5414565 683925.5454909999 683925.5495255 683925.55356 683925.5575945 683925.561629 683925.5656635 683925.569698 683925.5737325 683925.5777670001 683925.5818015 683925.585836 683925.5898705 683925.593905 683925.5979395 683925.601974 683925.6060085 683925.6100435
765,683925.6947685,104.89699989557266,5063,5067,0.506281130637038,0.7079604723324243,1.3707574404264944,0.97010988217813,3d gaze,1.9941620454152538,-24.621930037399252,101.65202529103142,683925.6947685 683925.698803 683925.7028375 683925.706872 683925.7109065 683925.714941 683925.7189755 683925.72301 683925.7270445 683925.731079 683925.7351135 683925.739148 683925.7431825 683925.747217 683925.7512515 683925.755286 683925.7593205 683925.763355 683925.7673895 683925.771424 683925.7754585 683925.779493 683925.7835275 683925.787562 683925.7915965 683925.795631 683925.7996655
766,683925.819838,217.86400000564754,5067,5074,0.4741517246319348,0.7081196926392471,1.2421765532802729,0.9919033007188277,3d gaze,-3.3436591020485444,-24.06715048279671,99.28105225475447,683925.819838 683925.8238725 683925.827907 683925.8319415 683925.835976 683925.8400105 683925.8440455 683925.84808 683925.8521145 683925.856149 683925.8601835 683925.8642185 683925.868253 683925.8722875 683925.876322 683925.8803565 683925.884391 683925.8884255 683925.89246 683925.8964945 683925.900529 683925.9045635 683925.908598 683925.9126325 683925.916667 683925.9207015 683925.924736 683925.9287705 683925.932805 683925.9368395 683925.940874 683925.9449085 683925.948943 683925.9529775 683925.957012 683925.9610465 683925.965081 683925.9691155 683925.97315 683925.9771845 683925.981219 683925.9852535 683925.989288 683925.9933225 683925.997357 683926.0013915 683926.005426 683926.0094605 683926.013495 683926.0175295 683926.021564 683926.0255985 683926.029633 683926.0336675 683926.037702
767,683926.0417365,217.8645000094548,5074,5080,0.4672444147098476,0.7072427897482351,0.8107649857900084,0.996030004457994,3d gaze,-4.505900417300293,-24.083061854689298,99.67841624488928,683926.0417365 683926.045771 683926.049806 683926.0538405001 683926.0578749999 683926.0619095 683926.065944 683926.0699785 683926.074013 683926.078048 683926.0820825 683926.086117 683926.0901515 683926.0941860001 683926.0982205 683926.102255 683926.1062895 683926.110324 683926.1143585 683926.118393 683926.1224275 683926.126462 683926.1304965 683926.1345309999 683926.1385655 683926.1426 683926.1466345 683926.150669 683926.1547035 683926.158738 683926.1627725 683926.1668070001 683926.1708415 683926.174876 683926.1789105 683926.182945 683926.1869795 683926.191014 683926.1950485 683926.199083 683926.2031175 683926.2071519999 683926.2111865 683926.215221 683926.2192555 683926.22329 683926.2273245 683926.231359 683926.235394 683926.2394285 683926.243463 683926.2474975 683926.251532 683926.2555665 683926.259601
768,683926.2636355,100.86300002876669,5080,5083,0.46194462606075753,0.7069816057969541,0.3828354238015106,0.9816125860581031,3d gaze,-5.367336774879044,-24.00217395086891,99.4133092109126,683926.2636355 683926.26767 683926.2717045001 683926.275739 683926.2797735 683926.283808 683926.2878425 683926.291877 683926.2959115 683926.299946 683926.3039805 683926.308015 683926.3120495 683926.316084 683926.320119 683926.3241535 683926.328188 683926.3322225 683926.336257 683926.3402915 683926.344326 683926.3483605 683926.3523949999 683926.3564295 683926.360464 683926.3644985
769,683926.759881,189.62249998003244,5095,5101,0.5241009061913834,0.7492248023873532,1.3853681179612631,0.9413672760128975,3d gaze,5.146326274854007,-29.42366292064197,103.79077918257052,683926.759881 683926.7639155 683926.76795 683926.7719845 683926.7760195 683926.780054 683926.7840885 683926.7881235001 683926.7921579999 683926.7961925 683926.800227 683926.8042615 683926.808296 683926.8123305 683926.816365 683926.8203995 683926.824434 683926.8284684999 683926.832503 683926.8365375 683926.840572 683926.8446065 683926.848641 683926.8526755 683926.85671 683926.8607445001 683926.8647789999 683926.8688135 683926.872848 683926.8768825 683926.880917 683926.8849515 683926.888986 683926.8930205 683926.897055 683926.9010894999 683926.905124 683926.9091585 683926.913193 683926.9172275 683926.921262 683926.9252965 683926.929331 683926.9333655001 683926.9374 683926.9414345 683926.945469 683926.9495035
770,683926.9696765,88.75950006768107,5101,5104,0.5623109499443886,0.747676143168241,1.4712662376445196,0.8984816748162975,3d gaze,11.330532696556682,-28.199316574385797,99.53990550068532,683926.9696765 683926.973711 683926.9777455 683926.98178 683926.9858145 683926.989849 683926.9938835 683926.997918 683927.0019525 683927.005987 683927.0100215 683927.0140559999 683927.0180905 683927.022125 683927.0261595 683927.0301945 683927.034229 683927.0382635 683927.042298 683927.0463325 683927.050367 683927.0544015 683927.058436
771,683927.0624705,173.48400002811104,5104,5109,0.5786777125304104,0.7283056011830155,1.4312773644647727,0.9110003195025704,3d gaze,14.575618048672858,-27.324250369062682,103.27618551835884,683927.0624705 683927.066505 683927.0705395 683927.074574 683927.0786085001 683927.082643 683927.0866775 683927.090712 683927.0947465 683927.098781 683927.1028155 683927.10685 683927.1108845 683927.114919 683927.1189535 683927.122988 683927.1270225 683927.131057 683927.1350915 683927.139126 683927.1431605 683927.1471955 683927.15123 683927.1552645001 683927.1592989999 683927.1633335 683927.167368 683927.1714025 683927.175437 683927.1794715 683927.183506 683927.1875405 683927.1915750001 683927.1956095 683927.199644 683927.2036785 683927.207713 683927.2117475 683927.215782 683927.2198165 683927.223851 683927.2278855001 683927.2319199999 683927.2359545
772,683927.239989,217.86400000564754,5110,5116,0.5863396930349005,0.724963636238665,1.1666651715930578,0.9107627023350109,3d gaze,15.823732343994603,-26.872191348072455,102.6833239397143,683927.239989 683927.2440235 683927.248058 683927.2520925 683927.256127 683927.2601615 683927.2641965 683927.268231 683927.2722655 683927.2763 683927.2803345 683927.284369 683927.2884035 683927.292438 683927.2964725 683927.300507 683927.3045415 683927.308576 683927.3126105 683927.316645 683927.3206795 683927.324714 683927.3287485 683927.332783 683927.3368175 683927.3408524999 683927.344887 683927.3489215 683927.352956 683927.3569905 683927.361025 683927.3650595 683927.369094 683927.3731285 683927.3771629999 683927.3811975 683927.385232 683927.3892665 683927.393301 683927.3973355 683927.40137 683927.4054045 683927.4094390001 683927.4134734999 683927.417508 683927.4215425 683927.425577 683927.4296115 683927.433646 683927.4376805 683927.441715 683927.4457495 683927.4497839999 683927.4538185 683927.457853
773,683927.4618875,141.20850001927465,5116,5120,0.5767391445713397,0.7343555137027807,0.9402105330733238,0.9228574964735243,3d gaze,13.81835119964396,-27.098208393583082,100.14717444929623,683927.4618875 683927.465922 683927.4699565 683927.473991 683927.4780255 683927.4820600001 683927.4860944999 683927.490129 683927.4941635 683927.4981985 683927.502233 683927.5062675 683927.510302 683927.5143365 683927.5183715 683927.522406 683927.5264405 683927.530475 683927.5345095 683927.538544 683927.5425785 683927.546613 683927.5506475 683927.5546820001 683927.5587165 683927.562751 683927.5667855 683927.57082 683927.5748545 683927.578889 683927.5829235 683927.586958 683927.5909925 683927.595027 683927.5990615 683927.603096
774,683927.65151,80.69049997720867,5122,5124,0.539411849139886,0.7889933968210504,1.4239281057986592,0.9365893957160768,3d gaze,8.85568605001184,-37.85937931701193,116.55975820530155,683927.65151 683927.6555445 683927.659579 683927.6636135 683927.667648 683927.6716825 683927.675717 683927.6797515 683927.683786 683927.6878205 683927.691855 683927.6958895 683927.6999240001 683927.7039590001 683927.7079934999 683927.712028 683927.7160625 683927.720097 683927.7241315 683927.728166 683927.7322005
775,683927.736235,217.86400000564754,5124,5131,0.5291743713114894,0.7886827980700933,0.5030895407551437,0.9392289752309972,3d gaze,6.258261293198859,-34.65806332987402,106.91185596804802,683927.736235 683927.74027 683927.7443045 683927.7483389999 683927.7523735 683927.756408 683927.7604425 683927.764477 683927.7685115 683927.772546 683927.7765805 683927.780615 683927.7846495 683927.788684 683927.7927185 683927.796753 683927.8007875 683927.804822 683927.8088565 683927.812891 683927.8169255 683927.8209599999 683927.8249945 683927.829029 683927.8330635 683927.837098 683927.8411325 683927.845167 683927.8492015 683927.853236 683927.8572705 683927.861305 683927.8653395 683927.869374 683927.8734085 683927.877443 683927.8814775 683927.885512 683927.8895469999 683927.8935815 683927.897616 683927.9016505 683927.905685 683927.9097195 683927.913754 683927.9177885 683927.9218230001 683927.9258574999 683927.929892 683927.9339265 683927.937961 683927.9419955 683927.94603 683927.9500645 683927.954099
776,683927.9581335001,217.86400000564754,5131,5137,0.5301753994584865,0.78367281883941,0.8435546310090628,0.9295301096005874,3d gaze,6.260561826154064,-33.21521121802038,104.1287853246343,683927.9581335001 683927.9621679999 683927.9662025 683927.970237 683927.974272 683927.9783065 683927.982341 683927.9863755 683927.99041 683927.9944445 683927.9984790001 683928.0025135 683928.006548 683928.0105825 683928.014617 683928.0186515 683928.022686 683928.0267205 683928.030755 683928.0347895001 683928.0388239999 683928.0428585 683928.046893 683928.0509275 683928.054962 683928.0589965 683928.063031 683928.0670655 683928.0711000001 683928.075135 683928.0791694999 683928.083204 683928.0872385 683928.091273 683928.0953075 683928.099342 683928.1033765001 683928.107411 683928.1114455 683928.11548 683928.1195145 683928.123549 683928.1275835 683928.131618 683928.1356525 683928.139687 683928.1437215 683928.147756 683928.1517904999 683928.155825 683928.1598595 683928.163894 683928.1679285 683928.171963 683928.1759975001
777,683928.180032,217.86400000564754,5138,5144,0.5304268846981001,0.7754838597359709,0.5545793690090027,0.9197680283676494,3d gaze,6.0329551223931865,-30.98874829132774,99.81385742821838,683928.180032 683928.1840665 683928.188101 683928.1921355 683928.19617 683928.200205 683928.2042395 683928.208274 683928.2123085 683928.2163430001 683928.2203774999 683928.224412 683928.2284465 683928.232481 683928.2365155 683928.24055 683928.2445845 683928.248619 683928.2526535001 683928.2566879999 683928.260723 683928.2647575 683928.268792 683928.2728265 683928.276861 683928.2808955 683928.28493 683928.2889645 683928.292999 683928.2970334999 683928.301068 683928.3051025 683928.309137 683928.3131715 683928.317206 683928.3212405001 683928.325275 683928.3293095 683928.333344 683928.3373785 683928.341413 683928.3454475 683928.349482 683928.3535165 683928.357551 683928.3615855 683928.36562 683928.3696544999 683928.373689 683928.3777235 683928.381758 683928.3857925 683928.389827 683928.3938615001 683928.397896
778,683928.4019305,217.86400000564754,5144,5151,0.526732244073778,0.7807254923140278,0.7746809322088891,0.9268835376609456,3d gaze,5.490481840441073,-31.946490122925695,101.15804399964154,683928.4019305 683928.405965 683928.4099995 683928.414034 683928.4180685 683928.422103 683928.4261375 683928.430172 683928.4342065 683928.4382415 683928.442276 683928.4463105 683928.4503455 683928.45438 683928.4584145 683928.462449 683928.4664835 683928.470518 683928.4745525001 683928.4785869999 683928.4826215 683928.486656 683928.4906905 683928.494725 683928.4987595 683928.502794 683928.5068285 683928.5108630001 683928.5148974999 683928.518932 683928.5229665 683928.527001 683928.5310355 683928.53507 683928.5391045 683928.543139 683928.5471735001 683928.5512079999 683928.5552425 683928.559277 683928.5633115 683928.567346 683928.5713805 683928.575415 683928.5794495 683928.5834840001 683928.5875184999 683928.591553 683928.5955875 683928.599622 683928.6036565 683928.607691 683928.6117255 683928.61576 683928.6197945001
779,683928.6238295,209.79499991517514,5151,5157,0.5341313723939718,0.7813202357557308,1.0101046805501648,0.930403638560817,3d gaze,6.7666784489002225,-32.06018205816598,101.24855194089041,683928.6238295 683928.6278639999 683928.6318985 683928.635933 683928.6399675 683928.644002 683928.6480365 683928.6520710001 683928.6561055 683928.66014 683928.6641745 683928.668209 683928.6722435 683928.676278 683928.6803125 683928.6843475 683928.688382 683928.6924165001 683928.6964509999 683928.7004855 683928.70452 683928.7085545 683928.712589 683928.7166235 683928.720658 683928.7246925 683928.7287270001 683928.7327614999 683928.736796 683928.7408305 683928.744865 683928.7488995 683928.752934 683928.7569685 683928.761003 683928.7650375001 683928.7690719999 683928.7731065 683928.777141 683928.7811755 683928.78521 683928.7892445 683928.793279 683928.7973135 683928.8013480001 683928.8053824999 683928.8094174999 683928.813452 683928.8174865 683928.821521 683928.8255555 683928.82959 683928.8336245
780,683928.8497625,177.5189999025315,5158,5163,0.5572707099211193,0.7921642615897303,1.2425438509411382,0.9428002695242564,3d gaze,10.661120005715128,-32.946482912415235,100.11950150610666,683928.8497625 683928.853797 683928.8578315 683928.861866 683928.8659005 683928.8699350001 683928.8739695 683928.878004 683928.8820384999 683928.886073 683928.8901075 683928.894142 683928.8981765 683928.902211 683928.9062455 683928.9102805001 683928.914315 683928.9183495 683928.922384 683928.9264185 683928.930453 683928.9344875 683928.938522 683928.9425565 683928.946591 683928.9506255 683928.95466 683928.9586944999 683928.962729 683928.9667635 683928.970798 683928.9748325 683928.978867 683928.9829015001 683928.986936 683928.9909705 683928.9950055 683928.99904 683929.0030745 683929.007109 683929.0111435 683929.015178 683929.0192125 683929.0232470001 683929.0272814999
781,683929.031316,217.86400000564754,5163,5169,0.5657566031067267,0.8085596856036764,1.170096031495142,0.9430752965536985,3d gaze,12.630077953669863,-36.00135322229381,103.75738814907051,683929.031316 683929.0353505 683929.039385 683929.0434195 683929.047454 683929.0514885 683929.055523 683929.0595575001 683929.0635919999 683929.0676265 683929.071661 683929.0756955 683929.07973 683929.0837645 683929.087799 683929.0918335 683929.0958680001 683929.0999024999 683929.103937 683929.1079715 683929.112006 683929.1160405 683929.120075 683929.1241095 683929.128144 683929.1321785001 683929.1362129999 683929.1402475 683929.144282 683929.1483165 683929.152351 683929.1563855 683929.1604205 683929.164455 683929.1684895 683929.172524 683929.1765584999 683929.1805935 683929.184628 683929.1886625 683929.192697 683929.1967315 683929.200766 683929.2048005001 683929.2088349999 683929.2128695 683929.2169039999 683929.2209385 683929.224973 683929.2290075 683929.233042 683929.2370765 683929.2411110001 683929.2451454999 683929.24918
782,683929.2532145,217.86400000564754,5170,5176,0.5586945104948994,0.8198131142460267,1.4211640980540223,0.9386108414693313,3d gaze,11.373181768431492,-37.10849375732734,103.49486018055062,683929.2532145 683929.257249 683929.2612835 683929.265318 683929.2693525 683929.273387 683929.2774215001 683929.2814559999 683929.2854905 683929.289525 683929.2935595 683929.297594 683929.3016285 683929.305663 683929.3096975 683929.3137320001 683929.3177664999 683929.321801 683929.3258355 683929.32987 683929.3339045 683929.337939 683929.3419735 683929.346008 683929.3500425001 683929.3540769999 683929.3581115 683929.362146 683929.366181 683929.3702155 683929.37425 683929.3782845 683929.382319 683929.3863540001 683929.3903885 683929.394423 683929.3984575 683929.402492 683929.4065265 683929.410561 683929.4145955 683929.41863 683929.4226645 683929.426699 683929.4307335 683929.4347679999 683929.4388025 683929.442837 683929.4468715 683929.450906 683929.4549405 683929.4589750001 683929.4630095 683929.467044 683929.4710785
783,683929.5436995,141.20850001927465,5178,5182,0.6211909333339318,0.7570698188940004,1.4900150051411623,0.8984170804421107,3d gaze,20.97472332706585,-28.79825118419835,96.84702934440662,683929.5436995 683929.547734 683929.551769 683929.5558035 683929.559838 683929.5638725001 683929.567907 683929.5719415001 683929.5759759999 683929.5800105 683929.584045 683929.5880795 683929.592114 683929.5961485 683929.600183 683929.6042175 683929.6082520001 683929.6122864999 683929.616321 683929.620356 683929.6243905 683929.6284245 683929.632459 683929.636494 683929.6405285 683929.644563 683929.6485975 683929.6526319999 683929.6566665 683929.660701 683929.6647355 683929.66877 683929.6728045 683929.6768390001 683929.6808735 683929.684908
784,683929.709115,217.8645000094548,5183,5190,0.6353803112266242,0.7245343873583474,1.2799711035782155,0.910899575731971,3d gaze,22.350440779314678,-24.722470428047675,93.13899668749744,683929.709115 683929.7131495 683929.717184 683929.7212189999 683929.7252535 683929.729288 683929.7333225 683929.737357 683929.7413915 683929.745426 683929.7494605 683929.7534950001 683929.7575294999 683929.761564 683929.7655984999 683929.769633 683929.7736675 683929.777702 683929.7817365 683929.785771 683929.7898055001 683929.7938399999 683929.7978745 683929.801909 683929.8059435 683929.809978 683929.8140125 683929.818047 683929.8220815 683929.8261160001 683929.8301504999 683929.834185 683929.8382194999 683929.842254 683929.8462885 683929.850323 683929.8543575 683929.858392 683929.8624265001 683929.8664609999 683929.8704959999 683929.8745305 683929.878565 683929.8825995 683929.886634 683929.8906685 683929.8947030001 683929.8987375 683929.9027720001 683929.9068064999 683929.910841 683929.914876 683929.9189105 683929.922945 683929.9269795
785,683929.931014,217.86400000564754,5190,5196,0.6396556732254254,0.7226457699845094,0.6727791891086902,0.8972935156388716,3d gaze,23.858948422940795,-25.419957824996356,96.37700609779161,683929.931014 683929.9350485001 683929.939083 683929.9431175 683929.947152 683929.9511865 683929.955221 683929.9592555 683929.96329 683929.9673245 683929.9713590001 683929.9753935 683929.979428 683929.9834624999 683929.987497 683929.9915315 683929.995566 683929.9996005 683930.003635 683930.0076695001 683930.011704 683930.0157385 683930.019773 683930.0238075 683930.027842 683930.0318765 683930.035911 683930.0399455 683930.0439800001 683930.0480145 683930.052049 683930.0560834999 683930.060118 683930.0641525 683930.068187 683930.0722215 683930.076256 683930.0802905001 683930.084325 683930.0883595 683930.0923945 683930.0964295 683930.100464 683930.1044985 683930.108533 683930.1125675 683930.116602 683930.1206365 683930.124671 683930.1287054999 683930.13274 683930.1367745 683930.140809 683930.1448435 683930.148878
786,683930.1529125001,88.7589999474585,5196,5199,0.6408185884297746,0.7182869054980974,0.5940290164061136,0.9074127000311146,3d gaze,24.921883469908913,-25.92661525905212,99.92346188016148,683930.1529125001 683930.156947 683930.1609815 683930.1650159999 683930.1690505 683930.173085 683930.1771195 683930.181154 683930.1851885 683930.189223 683930.1932575 683930.197292 683930.2013264999 683930.205361 683930.2093955 683930.21343 683930.2174645 683930.221499 683930.2255335001 683930.229568 683930.2336025 683930.2376369999 683930.2416715
787,683930.269913,137.1739999158308,5200,5204,0.5927198268223912,0.7959616693406529,1.2329813991463534,0.8000000000000002,3d gaze,25.903105563700944,-51.69464066255175,154.01544927440824,683930.269913 683930.2739474999 683930.277982 683930.2820165 683930.2860515 683930.290086 683930.2941205 683930.298155 683930.3021895001 683930.3062239999 683930.3102585 683930.3142929999 683930.3183275 683930.322362 683930.3263965 683930.3304315 683930.334466 683930.3385005 683930.3425350001 683930.3465694999 683930.350604 683930.3546385 683930.358673 683930.3627075 683930.366742 683930.3707765001 683930.374811 683930.3788455001 683930.3828799999 683930.3869145 683930.390949 683930.3949835 683930.399018 683930.4030525 683930.407087
788,683930.4635705,169.4495000410825,5206,5211,0.5365305466855375,0.7501673352112692,1.471146617771619,0.9529294704282006,3d gaze,6.93045206318594,-27.985654200056086,98.24930589909486,683930.4635705 683930.467605 683930.4716395 683930.475674 683930.4797085 683930.4837430001 683930.4877775 683930.491812 683930.4958464999 683930.499881 683930.5039155 683930.50795 683930.5119845 683930.516019 683930.5200535001 683930.524088 683930.5281225 683930.5321569999 683930.5361915 683930.540226 683930.5442605 683930.548295 683930.5523295 683930.5563640001 683930.5603985 683930.564433 683930.5684674999 683930.5725024999 683930.576537 683930.5805715 683930.584606 683930.5886405 683930.592675 683930.5967095001 683930.6007439999 683930.6047785 683930.608813 683930.6128475 683930.616882 683930.6209165 683930.624951 683930.6289855 683930.6330200001
789,683930.6451234999,112.96650010626763,5211,5215,0.53035147806873,0.7703479181812041,1.4926861894072396,0.9531851431419109,3d gaze,6.018678956571544,-30.51845009854522,99.92831706386723,683930.6451234999 683930.6491585 683930.653193 683930.6572275 683930.661262 683930.6652965 683930.669331 683930.6733655 683930.6773999999 683930.6814345 683930.685469 683930.6895035 683930.693538 683930.6975725 683930.7016070001 683930.7056415 683930.709676 683930.7137104999 683930.717745 683930.7217795 683930.725814 683930.7298485 683930.733883 683930.7379175 683930.741952 683930.7459865 683930.7500209999 683930.7540555 683930.75809
790,683930.7621245,217.86400000564754,5215,5221,0.5316431376313902,0.772283601080352,0.836534963493955,0.9355087838389656,3d gaze,6.4719849072204365,-31.85033204851514,103.66235251883704,683930.7621245 683930.766159 683930.7701935 683930.7742280001 683930.7782625 683930.782297 683930.7863314999 683930.790366 683930.7944005 683930.798435 683930.8024695 683930.8065045 683930.810539 683930.8145735001 683930.818608 683930.8226425 683930.826677 683930.8307115 683930.8347465 683930.838781 683930.8428155 683930.8468500001 683930.8508845 683930.8549190001 683930.8589534999 683930.862988 683930.8670225 683930.871057 683930.8750915 683930.879126 683930.8831605 683930.887195 683930.8912295001 683930.8952639999 683930.8992985 683930.9033329999 683930.9073675 683930.911402 683930.9154365 683930.9194710001 683930.9235055 683930.9275400001 683930.9315744999 683930.935609 683930.9396435 683930.943678 683930.9477125 683930.951747 683930.9557815 683930.959816 683930.9638505001 683930.9678849999 683930.9719195 683930.9759539999 683930.9799885
791,683930.984023,217.86400000564754,5221,5228,0.5324462224603973,0.7680997179404687,0.6550027139142763,0.9515992094169964,3d gaze,6.586696756913206,-31.31371548985113,103.35649627290755,683930.984023 683930.9880575 683930.9920920001 683930.9961265 683931.0001610001 683931.0041954999 683931.00823 683931.0122645 683931.016299 683931.020334 683931.0243685 683931.028403 683931.0324375001 683931.036472 683931.0405065 683931.0445409999 683931.0485759999 683931.0526105 683931.056645 683931.0606795 683931.0647140001 683931.0687485 683931.0727830001 683931.0768174999 683931.080852 683931.0848865 683931.088921 683931.0929555 683931.09699 683931.1010245 683931.105059 683931.1090935001 683931.1131279999 683931.1171625 683931.1211969999 683931.1252315 683931.129266 683931.1333005 683931.1373350001 683931.1413695 683931.1454040001 683931.1494384999 683931.153473 683931.1575075 683931.161542 683931.1655765 683931.169611 683931.1736455 683931.17768 683931.1817145001 683931.1857489999 683931.1897835 683931.1938179999 683931.1978525 683931.201887
792,683931.205922,217.86400000564754,5228,5234,0.5302497324110739,0.7673283868368364,0.7735216036939336,0.9651458658955314,3d gaze,6.116317301233411,-30.783615932739117,101.8911336245042,683931.205922 683931.2099565 683931.2139910001 683931.2180255 683931.2220600001 683931.2260944999 683931.230129 683931.2341634999 683931.238198 683931.2422325 683931.246267 683931.2503015001 683931.254336 683931.2583705 683931.2624049999 683931.2664395 683931.270474 683931.2745085 683931.278543 683931.282578 683931.2866125 683931.2906470001 683931.2946815 683931.298716 683931.3027504999 683931.306785 683931.3108195 683931.314854 683931.3188885 683931.322923 683931.3269575001 683931.330992 683931.3350265 683931.3390609999 683931.3430955 683931.34713 683931.3511645 683931.355199 683931.3592335 683931.3632680001 683931.3673025 683931.371337 683931.3753714999 683931.379406 683931.383441 683931.3874755 683931.39151 683931.3955445001 683931.399579 683931.4036135001 683931.4076479999 683931.4116825 683931.415717 683931.4197515 683931.423786
793,683931.4278205,217.86400000564754,5235,5241,0.5222637152954013,0.7703835138598367,1.3195814970907829,0.9701867650855671,3d gaze,4.567041042136234,-29.893868679137228,98.00588854520575,683931.4278205 683931.431855 683931.4358895 683931.4399240001 683931.4439584999 683931.447993 683931.4520274999 683931.456062 683931.4600965 683931.464131 683931.4681655001 683931.4722 683931.4762345001 683931.4802689999 683931.4843035 683931.488338 683931.4923725 683931.496407 683931.5004415 683931.504476 683931.5085105 683931.5125450001 683931.51658 683931.5206144999 683931.524649 683931.5286835 683931.532718 683931.5367525 683931.540787 683931.5448215001 683931.548856 683931.5528905 683931.5569249999 683931.5609595 683931.564994 683931.5690285 683931.573063 683931.577098 683931.5811325 683931.5851670001 683931.5892014999 683931.593236 683931.5972704999 683931.601305 683931.6053395 683931.609374 683931.6134085001 683931.617443 683931.6214775001 683931.6255119999 683931.6295465 683931.6335809999 683931.6376155 683931.64165 683931.6456845
794,683931.649719,92.79349993448704,5241,5244,0.5242616990936868,0.7756497517756973,1.3655374520808203,0.9626429031292597,3d gaze,4.900696099713547,-30.433573942626087,98.01157410533187,683931.649719 683931.6537535 683931.6577880001 683931.6618224999 683931.665857 683931.6698914999 683931.673926 683931.6779605 683931.681995 683931.6860295001 683931.690064 683931.6940985001 683931.6981329999 683931.7021675 683931.706202 683931.7102365 683931.714271 683931.7183055 683931.72234 683931.7263745 683931.7304090001 683931.7344434999 683931.738478 683931.7425124999
795,683931.7465475,165.41500005405396,5244,5249,0.5409037201264066,0.7727544853837652,0.910754814870702,0.9589710334936777,3d gaze,7.785213130449084,-30.69825806298328,99.66421634278765,683931.7465475 683931.7505825 683931.754617 683931.7586515 683931.762686 683931.7667205001 683931.770755 683931.7747895 683931.7788239999 683931.7828585 683931.786893 683931.7909275 683931.794962 683931.7989965 683931.8030310001 683931.8070655 683931.8111 683931.8151344999 683931.819169 683931.8232035 683931.827238 683931.8312725 683931.835307 683931.8393415001 683931.843376 683931.8474105 683931.8514449999 683931.8554795 683931.859514 683931.8635485 683931.867583 683931.8716175 683931.8756520001 683931.8796865 683931.883721 683931.8877554999 683931.89179 683931.8958245 683931.899859 683931.9038935 683931.907928 683931.9119625001
796,683931.968446,217.86400000564754,5251,5257,0.5225624759667759,0.87887162703586,1.4951598207669687,0.9977354450659318,3d gaze,4.916454825678404,-42.542738848604394,100.72643586185771,683931.968446 683931.9724805 683931.976515 683931.9805495 683931.9845845001 683931.988619 683931.9926535 683931.9966879999 683932.0007225 683932.004757 683932.0087915 683932.012826 683932.0168605 683932.0208950001 683932.0249295 683932.028964 683932.0329984999 683932.037033 683932.0410675 683932.045102 683932.0491365 683932.053171 683932.0572055001 683932.06124 683932.0652745 683932.0693089999 683932.0733435 683932.077378 683932.0814125 683932.085447 683932.0894815 683932.0935160001 683932.0975505 683932.101585 683932.1056194999 683932.109654 683932.1136885 683932.1177235 683932.121758 683932.1257925 683932.129827 683932.1338615001 683932.137896 683932.1419305 683932.1459649999 683932.1499995 683932.154034 683932.1580685 683932.1621030001 683932.1661375 683932.1701720001 683932.1742064999 683932.178241 683932.1822754999 683932.18631
797,683932.1903445,217.86400000564754,5257,5264,0.5222888606827495,0.8765047475238898,0.4932997952007757,1.0,3d gaze,4.679199182492577,-40.71091899152421,97.00928895265965,683932.1903445 683932.194379 683932.1984135 683932.202448 683932.2064825001 683932.2105169999 683932.2145515 683932.2185859999 683932.2226205 683932.2266555 683932.23069 683932.2347245 683932.238759 683932.2427935 683932.2468280001 683932.2508624999 683932.254897 683932.2589314999 683932.262966 683932.2670005 683932.271035 683932.2750695001 683932.279104 683932.2831385001 683932.2871729999 683932.2912075 683932.295242 683932.2992765 683932.303311 683932.3073455 683932.3113805 683932.3154150001 683932.3194495 683932.323484 683932.3275184999 683932.331553 683932.3355875 683932.339622 683932.3436565 683932.347691 683932.3517255001 683932.35576 683932.3597945 683932.3638289999 683932.3678635 683932.371898 683932.3759325 683932.379967 683932.3840015 683932.3880360001 683932.3920705 683932.396105 683932.4001394999 683932.404174 683932.4082085
798,683932.412243,217.86400000564754,5264,5270,0.5219806244620523,0.8811718602833843,0.6053259476362239,1.0,3d gaze,4.660487826529793,-41.43436812779137,97.49615780326087,683932.412243 683932.4162775 683932.420312 683932.4243465001 683932.428381 683932.4324155 683932.4364499999 683932.4404845 683932.444519 683932.4485535 683932.4525880001 683932.4566225 683932.4606575 683932.4646920001 683932.4687264999 683932.472761 683932.4767954999 683932.48083 683932.4848645 683932.4888995 683932.492934 683932.4969685001 683932.501003 683932.5050375 683932.5090719999 683932.5131065 683932.5171409999 683932.5211755 683932.52521 683932.5292445 683932.5332790001 683932.5373135 683932.541348 683932.5453824999 683932.549417 683932.5534515 683932.557486 683932.5615205 683932.565555 683932.5695895001 683932.573624 683932.5776585 683932.5816929999 683932.5857275 683932.5897619999 683932.5937965 683932.597831 683932.6018655 683932.6059000001 683932.6099345 683932.613969 683932.6180034999 683932.622038 683932.6260725 683932.630107
799,683932.6704525,80.690500093624,5272,5274,0.5121409948976677,0.8489881046146195,1.4464404339505428,1.0,3d gaze,2.9605377591373423,-37.99307457668867,97.79220646609404,683932.6704525 683932.6744865 683932.6785210001 683932.6825560001 683932.6865905 683932.690625 683932.69466 683932.6986945 683932.702729 683932.7067635 683932.710798 683932.7148325001 683932.718867 683932.7229015001 683932.7269359999 683932.7309705 683932.7350049999 683932.7390395 683932.743074 683932.7471085 683932.7511430001
800,683932.7551775,217.86400000564754,5274,5281,0.5045229979617232,0.8411975771410981,0.8406746936847336,0.9996018940752203,3d gaze,1.6420723154314845,-36.46598859345328,96.00652780196397,683932.7551775 683932.7592120001 683932.7632464999 683932.767281 683932.7713155 683932.77535 683932.7793845 683932.783419 683932.7874535001 683932.791488 683932.7955225001 683932.7995569999 683932.8035915 683932.8076259999 683932.8116605 683932.815695 683932.8197295 683932.8237640001 683932.8277985 683932.8318330001 683932.8358674999 683932.839902 683932.8439365 683932.847971 683932.8520055 683932.85604 683932.860075 683932.8641095001 683932.868144 683932.8721785 683932.8762129999 683932.8802475 683932.884282 683932.8883165 683932.892351 683932.8963855 683932.9004200001 683932.9044545 683932.908489 683932.9125234999 683932.916558 683932.9205924999 683932.924627 683932.928662 683932.9326965 683932.936731 683932.9407655001 683932.9447999999 683932.9488345 683932.9528689999 683932.9569035 683932.960938 683932.9649725 683932.9690070001 683932.9730415
801,683932.9770760001,217.86400000564754,5281,5287,0.5063819344130165,0.8415748932502571,0.7686632512143282,0.9990813547914679,3d gaze,2.020660763306309,-37.80612632401195,99.42764723726965,683932.9770760001 683932.9811104999 683932.985145 683932.9891794999 683932.993214 683932.9972485 683933.001283 683933.0053175 683933.009352 683933.0133865001 683933.0174209999 683933.0214555 683933.0254899999 683933.0295245 683933.033559 683933.037594 683933.0416285 683933.0456630001 683933.0496975 683933.0537320001 683933.0577664999 683933.061801 683933.0658354999 683933.06987 683933.0739045 683933.077939 683933.0819735001 683933.086008 683933.0900425 683933.0940769999 683933.0981115 683933.102146 683933.1061805 683933.110215 683933.1142495 683933.1182840001 683933.1223185 683933.126353 683933.1303874999 683933.134422 683933.1384564999 683933.142491 683933.1465255 683933.15056 683933.1545945001 683933.158629 683933.162664 683933.1666985 683933.1707329999 683933.1747675 683933.178802 683933.1828365 683933.1868710001 683933.1909055 683933.1949400001
802,683933.1989745,217.8645001258701,5287,5294,0.51077587136503,0.8429482768017937,0.5561432872873301,0.9995308578014374,3d gaze,2.7937523649609135,-38.2715317723585,100.2367859910989,683933.1989745 683933.203009 683933.2070434999 683933.211078 683933.2151125 683933.219147 683933.2231815 683933.227216 683933.231251 683933.2352855001 683933.2393199999 683933.2433545 683933.2473889999 683933.2514235 683933.255458 683933.2594925 683933.2635270001 683933.2675615 683933.2715960001 683933.2756304999 683933.279665 683933.2836994999 683933.287734 683933.2917685 683933.295803 683933.2998375001 683933.303872 683933.3079065001 683933.3119409999 683933.3159755 683933.3200099999 683933.3240445 683933.328079 683933.3321135 683933.3361480001 683933.3401825 683933.3442170001 683933.3482514999 683933.352286 683933.3563204999 683933.360355 683933.3643895 683933.368424 683933.3724585001 683933.376493 683933.3805275001 683933.3845619999 683933.3885965 683933.3926309999 683933.3966659999 683933.4007005 683933.404735 683933.40877 683933.4128045 683933.4168390001
803,683933.4208734999,217.86400000564754,5294,5300,0.5133663952990732,0.8424972484259166,0.6752616765706319,0.9994199541482058,3d gaze,3.2333178263782396,-38.13724065336072,99.99970754724133,683933.4208734999 683933.424908 683933.4289424999 683933.432977 683933.4370115 683933.441046 683933.4450805001 683933.449115 683933.4531495001 683933.4571839999 683933.4612185 683933.4652529999 683933.4692875 683933.473322 683933.4773565 683933.481391 683933.4854255 683933.4894600001 683933.4934944999 683933.497529 683933.5015634999 683933.505598 683933.5096325 683933.513667 683933.5177015001 683933.521736 683933.5257705001 683933.5298049999 683933.5338395 683933.5378739999 683933.5419085 683933.545943 683933.5499775 683933.554012 683933.5580465 683933.5620810001 683933.5661154999 683933.57015 683933.5741844999 683933.578219 683933.5822535 683933.586288 683933.5903225001 683933.594357 683933.5983915001 683933.6024265001 683933.6064609999 683933.6104955 683933.6145299999 683933.6185645 683933.622599 683933.6266335 683933.6306680001 683933.6347025 683933.6387375
804,683933.642772,217.86349988542497,5301,5307,0.506062649224056,0.8502612844905336,0.7832451509544736,0.998726813359694,3d gaze,1.9629238932384434,-38.595890228203196,99.00492875694218,683933.642772 683933.6468064999 683933.650841 683933.6548754999 683933.65891 683933.6629445001 683933.666979 683933.6710135001 683933.675048 683933.6790825 683933.6831169999 683933.6871515 683933.691186 683933.6952205 683933.699255 683933.7032895 683933.7073240001 683933.7113585 683933.715393 683933.7194274999 683933.723462 683933.7274964999 683933.731531 683933.7355655001 683933.7396 683933.7436345001 683933.747669 683933.7517035 683933.7557379999 683933.7597725 683933.763807 683933.7678415 683933.771876 683933.7759105 683933.7799455 683933.7839800001 683933.7880144999 683933.792049 683933.7960834999 683933.800118 683933.8041525 683933.808187 683933.8122215001 683933.816256 683933.8202905001 683933.8243249999 683933.8283595 683933.8323939999 683933.8364285 683933.840463 683933.8444975 683933.8485320001 683933.8525665 683933.8566010001 683933.8606354999
805,683933.86467,217.86400000564754,5307,5314,0.512704744276247,0.8457264074582149,0.8788254224982832,0.9991801077669317,3d gaze,3.1511395804909537,-38.86066479334064,100.9610370567189,683933.86467 683933.8687044999 683933.8727394999 683933.876774 683933.8808085 683933.884843 683933.8888775001 683933.892912 683933.8969465 683933.9009809999 683933.9050155 683933.90905 683933.9130845 683933.917119 683933.9211535 683933.9251880001 683933.9292225 683933.933257 683933.9372914999 683933.941326 683933.9453604999 683933.949395 683933.9534295 683933.957464 683933.9614985001 683933.9655335001 683933.969568 683933.9736025 683933.9776369999 683933.9816715 683933.9857059999 683933.9897405 683933.9937750001 683933.9978095 683934.0018440001 683934.0058785 683934.009913 683934.0139474999 683934.017982 683934.0220165 683934.026051 683934.0300855001 683934.03412 683934.0381545001 683934.0421889999 683934.0462235 683934.0502579999 683934.0542925 683934.058327 683934.0623615 683934.0663960001 683934.0704305 683934.0744650001 683934.0784994999 683934.082534
806,683934.1309485,185.58749998919666,5315,5321,0.4938348130049695,0.7817715115830537,1.473982821904031,0.991172434167659,3d gaze,-0.11603454646238036,-30.75636865204969,97.1741500077712,683934.1309485 683934.134983 683934.1390175 683934.1430520001 683934.1470865 683934.1511215 683934.155156 683934.1591904999 683934.163225 683934.1672595 683934.171294 683934.1753285 683934.179363 683934.1833975001 683934.187432 683934.1914665 683934.1955009999 683934.1995355 683934.2035699999 683934.2076045 683934.2116390001 683934.2156735 683934.2197080001 683934.2237425 683934.227777 683934.2318114999 683934.235846 683934.2398805 683934.243915 683934.2479495 683934.251984 683934.2560185001 683934.260053 683934.2640875 683934.2681219999 683934.2721565 683934.2761909999 683934.2802255 683934.2842600001 683934.2882945 683934.2923290001 683934.2963635 683934.300398 683934.3044324999 683934.308467 683934.3125015 683934.316536
807,683934.324605,193.6570000834763,5321,5327,0.49532655679270077,0.7532674332891137,1.3916279856838893,0.9855473430789247,3d gaze,0.12439590313025864,-27.66077622375772,96.2919241369365,683934.324605 683934.32864 683934.3326745001 683934.3367089999 683934.3407439999 683934.3447785 683934.3488129999 683934.3528475 683934.3568820001 683934.3609165 683934.3649510001 683934.3689855 683934.37302 683934.3770544999 683934.381089 683934.3851235 683934.389158 683934.3931925 683934.397227 683934.4012615001 683934.405296 683934.4093305 683934.4133649999 683934.4173995 683934.4214339999 683934.4254685 683934.4295030001 683934.4335375 683934.4375720001 683934.4416065 683934.445641 683934.4496754999 683934.45371 683934.4577445 683934.461779 683934.4658135 683934.469848 683934.4738825001 683934.477917 683934.4819515 683934.4859859999 683934.4900205 683934.4940549999 683934.4980895 683934.5021240001 683934.5061585 683934.5101930001 683934.5142275 683934.518262
808,683934.538435,157.34599996358156,5327,5332,0.5233513434109869,0.7654636041430584,1.4401516885066592,0.9715898886322976,3d gaze,4.647898628370642,-28.823646134431755,96.07454384211547,683934.538435 683934.5424695001 683934.546504 683934.5505385001 683934.554573 683934.5586075 683934.5626419999 683934.5666765 683934.570711 683934.5747455 683934.5787800001 683934.5828150001 683934.5868495 683934.5908840001 683934.5949184999 683934.598953 683934.6029874999 683934.607022 683934.6110565 683934.615091 683934.6191255001 683934.62316 683934.6271945001 683934.6312289999 683934.6352635 683934.6392979999 683934.6433325 683934.647367 683934.6514015 683934.6554360001 683934.6594705 683934.6635050001 683934.6675394999 683934.671574 683934.6756084999 683934.679643 683934.6836775 683934.687712 683934.6917465001 683934.695781
809,683934.8047130001,217.86400000564754,5335,5342,0.4605527468900073,0.7041677560709887,1.2272524028176817,0.9929193279959939,3d gaze,-5.0508139985368095,-21.429760136217663,89.75458648563986,683934.8047130001 683934.8087475 683934.812782 683934.816817 683934.8208514999 683934.824886 683934.8289205 683934.832955 683934.8369895001 683934.841024 683934.8450585001 683934.8490929999 683934.8531275 683934.8571619999 683934.8611965 683934.865231 683934.8692655 683934.8733000001 683934.8773345 683934.8813690001 683934.8854040001 683934.8894384999 683934.893473 683934.8975074999 683934.901542 683934.9055765001 683934.909611 683934.9136455001 683934.91768 683934.9217145001 683934.9257489999 683934.9297835 683934.9338179999 683934.9378525 683934.941887 683934.9459215 683934.9499560001 683934.9539905 683934.958025 683934.9620594999 683934.966094 683934.9701284999 683934.974163 683934.9781975001 683934.982232 683934.9862665001 683934.990301 683934.9943355 683934.9983699999 683935.0024045 683935.0064389999 683935.0104735 683935.014508 683935.0185425 683935.0225770001
810,683935.0266115,217.86400000564754,5342,5348,0.4677588426891274,0.7239836396993373,1.4328869941861062,0.9993493405255405,3d gaze,-4.356081966191524,-25.38667473390235,98.26677662023347,683935.0266115 683935.030646 683935.0346804999 683935.038715 683935.0427494999 683935.046784 683935.050819 683935.0548535 683935.058888 683935.062923 683935.0669575001 683935.0709919999 683935.0750265 683935.0790609999 683935.0830955 683935.08713 683935.0911645 683935.0951990001 683935.0992335 683935.1032680001 683935.1073024999 683935.111337 683935.1153714999 683935.119406 683935.1234405 683935.127475 683935.1315095001 683935.135544 683935.1395785001 683935.1436129999 683935.1476475 683935.1516819999 683935.1557165 683935.159751 683935.1637855 683935.1678200001 683935.1718545 683935.1758890001 683935.1799234999 683935.183958 683935.1879924999 683935.192027 683935.1960615 683935.200096 683935.2041305001 683935.208165 683935.2121995001 683935.2162339999 683935.2202685 683935.2243029999 683935.2283375 683935.232372 683935.2364065 683935.2404410001 683935.2444755
811,683935.2485100001,80.69099998101592,5349,5351,0.4680706281990328,0.7079320495841523,0.53959542260268,0.9851992470877511,3d gaze,-4.141740264347421,-22.896465863321193,94.49898489321475,683935.2485100001 683935.2525444999 683935.2565794999 683935.260614 683935.2646484999 683935.268683 683935.2727175 683935.276752 683935.2807865001 683935.284821 683935.2888555 683935.2928905 683935.2969249999 683935.3009595 683935.304994 683935.3090285 683935.3130630001 683935.3170975 683935.3211320001 683935.3251664999 683935.329201
812,683935.6600315,104.89750001579523,5361,5364,0.5445457142216044,0.8532191662506265,1.1940130525098422,0.9430885127297154,3d gaze,9.0536883471339,-41.2935266507466,104.70575651838932,683935.6600315 683935.6640659999 683935.6681005 683935.672135 683935.6761695 683935.6802040001 683935.6842385 683935.6882730001 683935.6923074999 683935.696342 683935.7003764999 683935.704411 683935.7084455 683935.71248 683935.7165145001 683935.720549 683935.7245835001 683935.7286179999 683935.7326525 683935.7366869999 683935.7407215 683935.744756 683935.7487905 683935.7528250001 683935.7568595 683935.7608945 683935.764929
813,683935.7851015001,185.58749998919666,5365,5370,0.5418517128225181,0.7980218961085641,1.483259241860395,0.93650144084971,3d gaze,8.208069486157843,-34.18665461974692,102.19747345332458,683935.7851015001 683935.789136 683935.7931705001 683935.797205 683935.8012395 683935.8052745 683935.8093089999 683935.8133435 683935.8173779999 683935.8214125 683935.8254470001 683935.8294815 683935.8335160001 683935.8375505 683935.841585 683935.8456194999 683935.849654 683935.8536885 683935.857723 683935.8617575001 683935.865792 683935.8698265001 683935.873861 683935.8778955 683935.8819299999 683935.8859645 683935.8899989999 683935.8940335 683935.8980680001 683935.9021025 683935.9061370001 683935.9101714999 683935.914206 683935.9182404999 683935.922275 683935.9263095 683935.930344 683935.9343785001 683935.938413 683935.9424475001 683935.9464819999 683935.9505165 683935.9545509999 683935.9585855 683935.9626199999 683935.9666545 683935.9706890001
814,683935.9747235,217.8645001258701,5370,5377,0.5320008359980071,0.7938966445222383,1.4283035338314558,0.9467991695359901,3d gaze,6.494918790564522,-33.76442056753983,102.39449144702478,683935.9747235 683935.9787580001 683935.9827924999 683935.986827 683935.990862 683935.9948964999 683935.998931 683936.002966 683936.0070005001 683936.011035 683936.0150695001 683936.019104 683936.0231385 683936.0271729999 683936.0312075 683936.0352419999 683936.0392765 683936.0433110001 683936.0473455 683936.0513800001 683936.0554145 683936.059449 683936.0634834999 683936.067518 683936.0715524999 683936.075587 683936.0796215001 683936.083656 683936.0876905001 683936.091725 683936.0957595 683936.0997939999 683936.1038285 683936.1078629999 683936.1118975 683936.1159320001 683936.1199665 683936.1240010001 683936.1280355 683936.13207 683936.1361044999 683936.140139 683936.1441735 683936.148208 683936.1522425001 683936.156277 683936.1603115001 683936.164346 683936.1683805 683936.1724149999 683936.1804845 683936.184519 683936.1885535 683936.1925880001
815,683936.1966225,181.55350000597537,5377,5382,0.5240744394666784,0.7680302685751046,1.4917557893067441,0.9538663314736407,3d gaze,4.896171493321815,-29.856197280491305,98.64251578666978,683936.1966225 683936.2006570001 683936.2046914999 683936.208726 683936.2127604999 683936.216795 683936.2208295 683936.224864 683936.2288985001 683936.232933 683936.236968 683936.2410025 683936.2450369999 683936.2490715 683936.2531059999 683936.2571405 683936.2611750001 683936.2652095 683936.2692440001 683936.2732785 683936.277313 683936.2813474999 683936.285382 683936.2894164999 683936.293451 683936.2974855 683936.30152 683936.3055545001 683936.309589 683936.3136235 683936.3176579999 683936.3216925 683936.3257269999 683936.3297615 683936.3337960001 683936.3378305 683936.3418650001 683936.3458995 683936.349934 683936.353969 683936.3580034999 683936.362038 683936.3660724999 683936.370107 683936.3741415001 683936.378176
816,683936.3822105001,217.86400000564754,5382,5389,0.519522345871181,0.77014801129963,0.6288089073332662,0.9667129641229456,3d gaze,4.0666657926694745,-29.518682390578938,96.8789697619386,683936.3822105001 683936.386245 683936.3902795 683936.3943139999 683936.3983485 683936.402383 683936.4064175 683936.4104520001 683936.4144865 683936.4185210001 683936.4225555 683936.42659 683936.4306244999 683936.434659 683936.4386934999 683936.442728 683936.4467625001 683936.450797 683936.4548315001 683936.458866 683936.4629005 683936.4669349999 683936.4709699999 683936.4750045 683936.4790390001 683936.4830735 683936.4871080001 683936.4911425 683936.4951770001 683936.4992114999 683936.503246 683936.5072804999 683936.511315 683936.5153495 683936.519384 683936.5234185001 683936.527453 683936.5314875001 683936.5355219999 683936.5395565 683936.5435909999 683936.5476259999 683936.5516605 683936.5556950001 683936.5597295 683936.5637640001 683936.5677985 683936.571833 683936.5758674999 683936.579902 683936.5839364999 683936.587971 683936.5920055001 683936.59604 683936.6000745001
817,683936.604109,217.86400000564754,5389,5395,0.5183845487043895,0.783239970623937,0.6626651504420453,0.9619055666706778,3d gaze,3.8806508799247372,-30.693713982425788,96.44608454669327,683936.604109 683936.6081435 683936.6121779999 683936.6162125 683936.6202469999 683936.6242815 683936.6283160001 683936.6323505 683936.6363850001 683936.6404195 683936.644454 683936.6484884999 683936.652523 683936.6565574999 683936.660592 683936.6646265001 683936.668661 683936.6726955001 683936.67673 683936.6807645 683936.6847989999 683936.6888335 683936.6928679999 683936.6969025 683936.7009370001 683936.7049715 683936.7090060001 683936.7130410001 683936.7170754999 683936.72111 683936.725145 683936.7291794999 683936.733214 683936.7372485001 683936.741283 683936.7453175001 683936.749352 683936.7533865001 683936.7574209999 683936.7614555 683936.7654899999 683936.7695245 683936.773559 683936.7775935 683936.7816280001 683936.7856625 683936.7896970001 683936.7937314999 683936.797766 683936.8018004999 683936.805835 683936.8098695001 683936.813904 683936.8179385001 683936.821973
818,683936.8260075,217.86400000564754,5396,5402,0.5238243465038578,0.7930635352613331,0.9699273269524267,0.9647271757776087,3d gaze,5.108143936675497,-33.888398701973465,103.12697807068406,683936.8260075 683936.8300419999 683936.8340765 683936.8381109999 683936.8421455 683936.84618 683936.8502145 683936.8542490001 683936.8582835 683936.862318 683936.8663524999 683936.870387 683936.8744214999 683936.878456 683936.8824905001 683936.886525 683936.8905595001 683936.894594 683936.8986285 683936.9026629999 683936.9066975 683936.9107319999 683936.9147665 683936.9188015 683936.9228360001 683936.9268705 683936.9309050001 683936.9349395 683936.938974 683936.9430084999 683936.9470434999 683936.951078 683936.9551125 683936.959147 683936.9631815001 683936.967216 683936.9712505001 683936.9752849999 683936.9793195 683936.9833539999 683936.9873885 683936.991423 683936.9954575 683936.9994920001 683937.0035265 683937.0075610001 683937.0115954999 683937.01563 683937.0196644999 683937.023699 683937.0277335 683937.031768 683937.0358025001 683937.039837 683937.0438715001
819,683937.0963204999,217.86400000564754,5404,5410,0.5778198397092587,0.7354010411091407,1.415511410746327,0.9330770427530463,3d gaze,13.595274600230708,-26.39936798405344,97.16322777843756,683937.0963204999 683937.100355 683937.1043895001 683937.108424 683937.1124585001 683937.116493 683937.1205275 683937.1245619999 683937.1285965 683937.1326309999 683937.1366655 683937.1407000001 683937.1447345 683937.1487690001 683937.1528035 683937.156838 683937.1608724999 683937.164907 683937.1689414999 683937.172976 683937.1770105001 683937.1810455001 683937.18508 683937.1891145001 683937.1931489999 683937.1971835 683937.2012179999 683937.2052525 683937.209287 683937.2133215 683937.2173560001 683937.2213905 683937.2254250001 683937.2294594999 683937.233494 683937.2375284999 683937.241563 683937.2455975 683937.249632 683937.2536665001 683937.257701 683937.2617355001 683937.2657699999 683937.2698045 683937.2738389999 683937.2778735 683937.2819085 683937.285943 683937.2899775 683937.2940120001 683937.2980465 683937.3020810001 683937.3061154999 683937.31015 683937.3141844999
820,683937.318219,217.86400000564754,5410,5417,0.5722514758032473,0.7352387299607017,1.2492423696422874,0.9321417862718756,3d gaze,12.925473657976152,-26.898790773285302,99.18655481703829,683937.318219 683937.3222535001 683937.326288 683937.3303225001 683937.334357 683937.3383915001 683937.3424259999 683937.3464605 683937.3504949999 683937.3545295 683937.358564 683937.3625985 683937.3666330001 683937.3706675 683937.3747020001 683937.3787364999 683937.382771 683937.3868054999 683937.39084 683937.3948745001 683937.398909 683937.4029435001 683937.406978 683937.4110125001 683937.4150469999 683937.4190815 683937.4231165 683937.4271509999 683937.4311855 683937.4352200001 683937.4392545 683937.4432890001 683937.4473235 683937.451358 683937.4553924999 683937.4594274999 683937.463462 683937.4674965 683937.471531 683937.4755655001 683937.4796 683937.4836345001 683937.4876689999 683937.4917035 683937.4957379999 683937.4997725 683937.503807 683937.5078415 683937.5118760001 683937.5159105 683937.5199450001 683937.5239794999 683937.528014 683937.5320484999 683937.536083
821,683937.5401175,217.86399988923222,5417,5423,0.5732389355887172,0.7319160347710536,0.7515320816355406,0.9331933986056935,3d gaze,13.092554860553527,-26.581875815399016,99.23162026861773,683937.5401175 683937.544152 683937.5481865001 683937.552221 683937.5562555001 683937.5602899999 683937.5643245 683937.5683589999 683937.5723935 683937.576428 683937.5804625 683937.5844970001 683937.5885315 683937.5925660001 683937.5966004999 683937.600635 683937.6046694999 683937.608704 683937.6127385 683937.616773 683937.6208075001 683937.624842 683937.6288765001 683937.6329109999 683937.6369455 683937.6409799999 683937.6450149999 683937.6490495 683937.6530840001 683937.6571190001 683937.6611535 683937.6651880001 683937.6692225 683937.673257 683937.6772914999 683937.681326 683937.6853604999 683937.689395 683937.6934295001 683937.697464 683937.7014985001 683937.705533 683937.7095675 683937.7136019999 683937.7176365 683937.721671 683937.7257055 683937.7297400001 683937.7337745 683937.7378090001 683937.7418434999 683937.745878 683937.7499124999 683937.753947 683937.7579814999
822,683937.762016,217.86400000564754,5424,5430,0.564721166237924,0.7316667902095926,1.4149108817294325,0.9258138689127835,3d gaze,11.55074901182416,-26.287597327931113,98.37626540191486,683937.762016 683937.7660505001 683937.770085 683937.7741195001 683937.7781539999 683937.7821885 683937.7862229999 683937.7902575 683937.794292 683937.7983265 683937.8023610001 683937.8063955 683937.8104300001 683937.8144644999 683937.818499 683937.8225334999 683937.826568 683937.8306024999 683937.834637 683937.838672 683937.8427065001 683937.846741 683937.8507755001 683937.8548099999 683937.8588445 683937.8628789999 683937.8669135 683937.8709480001 683937.8749825 683937.8790170001 683937.8830520001 683937.8870865 683937.891121 683937.8951554999 683937.89919 683937.9032244999 683937.907259 683937.9112935001 683937.915328 683937.9193625001 683937.923397 683937.9274315 683937.9314659999 683937.9355005 683937.9395349999 683937.9435695 683937.9476040001 683937.9516385 683937.9556730001 683937.9597075 683937.963742 683937.9677764999 683937.971811 683937.9758454999 683937.97988
823,683938.1614335,121.03549996390939,5435,5439,0.41947796094161627,0.7180807359841122,1.489136740378069,1.0,3d gaze,-11.51478243447992,-23.353621518095377,91.93827208893116,683938.1614335 683938.165468 683938.1695025 683938.1735370001 683938.1775715 683938.181606 683938.1856404999 683938.189675 683938.1937094999 683938.197744 683938.201779 683938.2058135001 683938.209848 683938.2138825001 683938.217917 683938.2219515 683938.2259859999 683938.2300205 683938.2340549999 683938.2380895 683938.2421240001 683938.2461585 683938.2501930001 683938.2542275 683938.258262 683938.2622964999 683938.266331 683938.2703655 683938.2744 683938.2784345001 683938.282469
824,683938.2865035001,88.75949983485043,5439,5442,0.408094316551204,0.7179151199086521,1.263848326239304,1.0,3d gaze,-13.314655504183124,-23.403838064550364,92.02311492129033,683938.2865035001 683938.290538 683938.2945725 683938.2986069999 683938.3026415 683938.3066759999 683938.3107105 683938.3147450001 683938.3187795 683938.3228140001 683938.3268485 683938.330883 683938.3349174999 683938.338952 683938.3429865 683938.347021 683938.3510555001 683938.35509 683938.3591245001 683938.363159 683938.3671939999 683938.3712285 683938.3752629999
825,683938.3954360001,217.86400000564754,5442,5449,0.4075542039085889,0.7168115220690141,0.6786144477209238,0.9985704736276106,3d gaze,-13.361497414251852,-23.246764000756713,91.78716615103158,683938.3954360001 683938.3994705 683938.403505 683938.4075394999 683938.411574 683938.4156084999 683938.419643 683938.4236775 683938.427712 683938.4317465001 683938.435781 683938.4398155 683938.4438499999 683938.4478845 683938.4519189999 683938.4559535 683938.4599880001 683938.4640225 683938.4680570001 683938.4720915 683938.476126 683938.4801604999 683938.484195 683938.4882294999 683938.492264 683938.4962985 683938.500333 683938.5043675001 683938.508402 683938.5124365 683938.5164709999 683938.5205055 683938.5245399999 683938.5285745 683938.5326090001 683938.5366435 683938.5406780001 683938.5447125 683938.548747 683938.5527814999 683938.556816 683938.5608504999 683938.564885 683938.5689195001 683938.5729545001 683938.576989 683938.5810235001 683938.5850579999 683938.5890925 683938.5931275 683938.5971619999 683938.6011965 683938.6052310001 683938.6092655 683938.6133000001
826,683938.6173345,217.86350011825562,5449,5456,0.40335477552128873,0.7072794456655288,0.6090406579572231,0.9994545665654269,3d gaze,-13.80610438289761,-22.094879614134182,90.55326433689744,683938.6173345 683938.6213690001 683938.6254034999 683938.629438 683938.6334724999 683938.637507 683938.6415415 683938.645576 683938.6496105001 683938.653645 683938.6576795001 683938.6617139999 683938.6657485 683938.6697829999 683938.6738175 683938.6778520001 683938.6818865 683938.6859210001 683938.6899555 683938.69399 683938.6980244999 683938.702059 683938.7060934999 683938.710128 683938.7141625 683938.718197 683938.7222315001 683938.726266 683938.7303005 683938.7343349999 683938.7383695 683938.7424039999 683938.7464385 683938.7504735 683938.7545080001 683938.7585425 683938.7625770001 683938.7666115 683938.770646 683938.7746804999 683938.778715 683938.7827494999 683938.786784 683938.7908185001 683938.794853 683938.7988875001 683938.802922 683938.8069565 683938.8109909999 683938.8150255 683938.81906 683938.8230945 683938.8271290001 683938.8311635 683938.8351980001
827,683938.8392325,217.86400000564754,5456,5462,0.40085241825111256,0.7021517411424825,0.856400937618261,1.0,3d gaze,-14.135900969775907,-21.58331280898269,90.28610974061417,683938.8392325 683938.8432674999 683938.847302 683938.8513364999 683938.855371 683938.8594055 683938.86344 683938.8674745001 683938.871509 683938.8755435001 683938.8795779999 683938.8836125 683938.8876469999 683938.8916815 683938.8957160001 683938.8997505 683938.9037850001 683938.9078195 683938.9118540001 683938.9158884999 683938.919923 683938.9239574999 683938.927992 683938.9320265 683938.936061 683938.9400955001 683938.9441305001 683938.948165 683938.9521995 683938.9562339999 683938.9602685 683938.964303 683938.9683375 683938.972372 683938.9764065 683938.9804410001 683938.9844755 683938.98851 683938.9925444999 683938.996579 683939.0006134999 683939.004648 683939.0086825001 683939.012717 683939.0167515001 683939.020786 683939.0248205 683939.0288549999 683939.0328895 683939.036924 683939.0409585 683939.044993 683939.0490275 683939.0530620001 683939.0570965
828,683939.061131,217.86400000564754,5462,5469,0.39871429461556324,0.7046260426626908,0.7403277296878036,1.0,3d gaze,-14.334402093344265,-21.605282873925237,89.41174391506779,683939.061131 683939.0651654999 683939.0692004999 683939.073235 683939.0772695 683939.081304 683939.0853385001 683939.089373 683939.0934075001 683939.0974419999 683939.1014765 683939.1055109999 683939.1095455 683939.1135799999 683939.1176145 683939.1216495 683939.1256840001 683939.1297185 683939.1337530001 683939.1377874999 683939.141822 683939.1458564999 683939.149891 683939.1539255001 683939.15796 683939.1619945001 683939.166029 683939.1700635001 683939.1740979999 683939.1781325 683939.1821669999 683939.1862015 683939.190236 683939.1942705 683939.1983050001 683939.2023395 683939.2063740001 683939.2104084999 683939.214443 683939.2184774999 683939.222512 683939.2265465001 683939.230581 683939.2346155001 683939.23865 683939.2426845001 683939.2467189999 683939.2507535 683939.2547879999 683939.2588225 683939.262857 683939.2668915 683939.2709260001 683939.2749605 683939.2789950001
829,683939.2830294999,217.8645001258701,5469,5475,0.40482047816131284,0.7042719838972208,0.24858650487210188,1.0,3d gaze,-13.539215534671522,-21.76667031044074,90.34081515464264,683939.2830294999 683939.287064 683939.2910984999 683939.295133 683939.299168 683939.303203 683939.3072375001 683939.3112715001 683939.315306 683939.3193409999 683939.3233755 683939.3274099999 683939.3314445 683939.335479 683939.3395135 683939.3435480001 683939.3475825 683939.3516170001 683939.3556514999 683939.359686 683939.3637204999 683939.367755 683939.3717895 683939.375824 683939.3798585001 683939.383893 683939.3879275001 683939.3919619999 683939.3959965 683939.4000309999 683939.4040655 683939.4081 683939.4121345 683939.4161690001 683939.4202035 683939.4242380001 683939.4282724999 683939.432307 683939.4363414999 683939.440376 683939.4444105 683939.448445 683939.4524795001 683939.456514 683939.4605485001 683939.4645829999 683939.4686175 683939.4726519999 683939.4766865 683939.480721 683939.4847555 683939.4887900001 683939.4928250001 683939.4968595 683939.500894
830,683939.5049284999,217.86400000564754,5476,5482,0.40677722695177737,0.7046615058626932,0.44132262210276135,1.0,3d gaze,-13.442166894117491,-22.123692924918856,91.72363401641137,683939.5049284999 683939.508963 683939.5129975 683939.517032 683939.5210665 683939.525101 683939.5291355001 683939.53317 683939.5372045 683939.5412389999 683939.5452735 683939.5493079999 683939.553343 683939.5573775 683939.5614120001 683939.5654465 683939.5694810001 683939.5735155 683939.57755 683939.5815844999 683939.585619 683939.5896534999 683939.593688 683939.5977225001 683939.601757 683939.6057915001 683939.6098259999 683939.6138605 683939.6178949999 683939.6219295 683939.625964 683939.6299985 683939.6340330001 683939.6380675 683939.6421020001 683939.6461364999 683939.650171 683939.6542054999 683939.65824 683939.6622744999 683939.666309 683939.670344 683939.6743785001 683939.678413 683939.6824475001 683939.6864819999 683939.6905165 683939.6945509999 683939.6985855 683939.70262 683939.7066545 683939.7106890001 683939.7147235 683939.7187580001 683939.7227924999
831,683939.726827,217.86400000564754,5482,5489,0.4047462149110896,0.7079754490592747,0.35695307992965813,1.0,3d gaze,-13.460878611761958,-21.937158976190407,89.68045295682735,683939.726827 683939.7308614999 683939.734896 683939.7389305 683939.742965 683939.7469995001 683939.751034 683939.7550685001 683939.7591029999 683939.7631375 683939.7671719999 683939.7712065 683939.775241 683939.779276 683939.7833105 683939.7873450001 683939.7913795 683939.795414 683939.7994484999 683939.803483 683939.8075174999 683939.811552 683939.8155865001 683939.819621 683939.8236555001 683939.82769 683939.8317245 683939.8357589999 683939.8397935 683939.843828 683939.8478625 683939.851897 683939.8559315 683939.8599660001 683939.8640010001 683939.8680354999 683939.87207 683939.8761044999 683939.880139 683939.8841735 683939.888208 683939.8922425001 683939.896277 683939.9003115001 683939.9043459999 683939.9083805 683939.9124149999 683939.9164495 683939.920484 683939.9245185 683939.9285530001 683939.9325875 683939.9366220001 683939.9406564999 683939.944691
832,683939.9487254999,217.86400000564754,5489,5495,0.39982205131534476,0.7034255861601089,0.8430683276686486,1.0,3d gaze,-13.869881762159414,-21.054316181951567,87.58405714713784,683939.9487254999 683939.95276 683939.9567945 683939.960829 683939.9648635001 683939.968898 683939.9729325001 683939.9769669999 683939.9810015 683939.9850359999 683939.9890705 683939.993105 683939.9971395 683940.0011740001 683940.0052085 683940.0092430001 683940.013278 683940.0173124999 683940.0213464999 683940.025381 683940.029416 683940.033451 683940.0374855 683940.04152 683940.0455545001 683940.049589 683940.0536235 683940.0576579999 683940.0616925 683940.0657269999 683940.0697615 683940.0737960001 683940.0778305 683940.0818650001 683940.0858995 683940.089934 683940.0939684999 683940.098003 683940.1020375 683940.106072 683940.1101065 683940.114141 683940.1181755001 683940.12221 683940.1262445 683940.1302789999 683940.1343135 683940.1383479999 683940.1423825 683940.1464170001 683940.1504515 683940.1544860001 683940.1585205 683940.162555 683940.1665894999
833,683940.170624,217.86400000564754,5495,5502,0.40286276303874485,0.6974497569567769,0.9959867961551486,1.0,3d gaze,-13.502444268308803,-20.680702722864613,88.27158038983663,683940.170624 683940.1746585 683940.178693 683940.1827275 683940.186762 683940.1907965001 683940.194831 683940.1988655 683940.2028999999 683940.2069345 683940.210969 683940.2150035 683940.2190380001 683940.2230725 683940.2271075 683940.2311420001 683940.2351764999 683940.239211 683940.2432454999 683940.24728 683940.2513145 683940.2553495 683940.259384 683940.2634185001 683940.267453 683940.2714875 683940.2755219999 683940.2795565 683940.2835909999 683940.2876255 683940.2916600001 683940.2956945 683940.2997290001 683940.3037635 683940.307798 683940.3118324999 683940.315867 683940.3199015 683940.323936 683940.3279705 683940.332005 683940.3360395001 683940.340074 683940.3441085 683940.3481429999 683940.3521775 683940.3562119999 683940.3602465 683940.3642810001 683940.3683155 683940.3723500001 683940.3763845 683940.380419 683940.3844534999 683940.388488
834,683940.3925225,217.8645000094548,5502,5509,0.4050747293209093,0.6966567733112737,0.35755375471960016,1.0,3d gaze,-13.318623298476734,-20.835373517806982,89.27003060411944,683940.3925225 683940.396557 683940.4005915 683940.4046265001 683940.408661 683940.4126955001 683940.4167299999 683940.4207645 683940.4247989999 683940.4288335 683940.432868 683940.4369025 683940.440937 683940.4449715 683940.4490060001 683940.4530404999 683940.457075 683940.4611094999 683940.465144 683940.4691785 683940.473213 683940.4772475001 683940.481282 683940.4853165001 683940.4893515001 683940.4933859999 683940.4974205 683940.5014549999 683940.5054895 683940.509524 683940.5135585 683940.5175930001 683940.5216275 683940.5256620001 683940.5296964999 683940.533731 683940.5377655 683940.5418 683940.5458345 683940.549869 683940.5539035001 683940.557938 683940.5619725 683940.5660069999 683940.5700415 683940.5740759999 683940.5781105 683940.582145 683940.5861795 683940.5902145 683940.5942490001 683940.5982835 683940.602318 683940.6063524999 683940.610387
835,683940.6144215,217.86399988923222,5509,5515,0.404099689401952,0.7018853499888793,0.5202456916296417,1.0,3d gaze,-13.505510927561348,-21.339047992635734,89.42947612790043,683940.6144215 683940.618456 683940.6224905001 683940.626525 683940.6305595001 683940.634594 683940.6386285 683940.6426629999 683940.6466975 683940.650732 683940.6547665 683940.658801 683940.6628355 683940.6668700001 683940.6709045 683940.674939 683940.6789734999 683940.683008 683940.6870425 683940.691077 683940.6951115001 683940.699146 683940.7031805001 683940.707215 683940.7112495 683940.7152839999 683940.7193185 683940.723353 683940.7273875 683940.731422 683940.7354565 683940.7394915 683940.7435260001 683940.7475604999 683940.751595 683940.7556294999 683940.759664 683940.7636985 683940.767733 683940.7717675001 683940.7758025001 683940.779837 683940.7838715 683940.7879059999 683940.7919405 683940.795975 683940.8000095 683940.804044 683940.8080785 683940.8121130001 683940.8161475 683940.820182 683940.8242164999 683940.828251 683940.8322854999
836,683940.83632,217.86400000564754,5515,5522,0.40269098676183196,0.702977697972874,0.6261235072439435,1.0,3d gaze,-13.904158154162122,-21.72458115362878,90.60537150813761,683940.83632 683940.8403545 683940.844389 683940.8484235001 683940.852458 683940.8564925 683940.8605269999 683940.8645615 683940.868596 683940.8726305 683940.876665 683940.8806995 683940.8847340001 683940.8887685 683940.892803 683940.8968374999 683940.900872 683940.9049064999 683940.908941 683940.9129755001 683940.91701 683940.9210445001 683940.925079 683940.9291135 683940.9331479999 683940.9371825 683940.941217 683940.9452515 683940.949286 683940.9533205 683940.9573550001 683940.9613900001 683940.9654250001 683940.9694594999 683940.973494 683940.9775284999 683940.981563 683940.9855975 683940.989632 683940.9936665001 683940.997701 683941.0017355001 683941.0057699999 683941.0098045 683941.013839 683941.0178735 683941.021908 683941.0259425 683941.0299770001 683941.0340115 683941.0380460001 683941.0420804999 683941.046115 683941.0501494999 683941.054184
837,683941.0582185,217.86400000564754,5522,5528,0.40050580003815134,0.70590127245625,0.5991161769330732,1.0,3d gaze,-14.050962783910302,-21.693450358551015,89.34767249325768,683941.0582185 683941.062253 683941.0662875001 683941.070322 683941.0743565001 683941.0783909999 683941.0824255 683941.08646 683941.0904945 683941.094529 683941.0985635 683941.1025980001 683941.1066325 683941.1106670001 683941.1147014999 683941.118736 683941.1227704999 683941.126805 683941.1308395 683941.134874 683941.1389085001 683941.142943 683941.146978 683941.1510125 683941.1550469999 683941.1590815 683941.163116 683941.1671505 683941.1711850001 683941.1752195 683941.1792540001 683941.1832885 683941.187323 683941.1913574999 683941.195392 683941.199427 683941.2034615 683941.207496 683941.2115305001 683941.215565 683941.2195995001 683941.2236339999 683941.2276685 683941.2317029999 683941.2357375 683941.239772 683941.2438065 683941.2478410001 683941.2518755 683941.2559100001 683941.2599444999 683941.263979 683941.2680134999 683941.272048 683941.2760825
838,683941.280117,217.86400000564754,5529,5535,0.3982022658793973,0.7082023415964125,0.7154822006640164,1.0,3d gaze,-14.264181825788796,-21.683970106396263,88.42387082578377,683941.280117 683941.2841515001 683941.288186 683941.2922205001 683941.2962549999 683941.3002895 683941.3043239999 683941.3083585 683941.312393 683941.3164275 683941.3204620001 683941.3244970001 683941.3285315 683941.332566 683941.3366004999 683941.340635 683941.3446695 683941.348704 683941.3527385 683941.356773 683941.3608075001 683941.364842 683941.3688765 683941.3729109999 683941.3769455 683941.3809799999 683941.3850145 683941.389049 683941.3930835 683941.3971180001 683941.4011525 683941.405187 683941.4092214999 683941.413256 683941.4172905 683941.421325 683941.4253595 683941.429394 683941.4334285001 683941.437463 683941.441498 683941.4455325 683941.4495669999 683941.4536015 683941.457636 683941.4616705 683941.465705 683941.4697395 683941.4737740001 683941.4778084999 683941.481843 683941.4858774999 683941.489912 683941.4939465 683941.497981
839,683941.5020155001,217.86449989303946,5535,5542,0.3999105076489717,0.7115401846973104,0.387309239157954,1.0,3d gaze,-14.082280720169868,-22.074016096733214,88.84704948983762,683941.5020155001 683941.50605 683941.5100845001 683941.5141189999 683941.5181539999 683941.5221885 683941.5262229999 683941.5302575 683941.534292 683941.5383265 683941.5423610001 683941.5463955 683941.5504300001 683941.5544644999 683941.558499 683941.5625335 683941.566568 683941.5706025 683941.574637 683941.5786715001 683941.582706 683941.5867405001 683941.5907749999 683941.5948095 683941.5988439999 683941.6028785 683941.606913 683941.6109475 683941.6149820001 683941.6190165 683941.6230510001 683941.6270854999 683941.63112 683941.6351545 683941.639189 683941.6432235 683941.647258 683941.6512925001 683941.655327 683941.6593615001 683941.6633959999 683941.6674305 683941.6714649999 683941.6755 683941.6795345 683941.683569 683941.6876035 683941.6916380001 683941.6956730001 683941.6997074999 683941.703742 683941.7077764999 683941.711811 683941.7158455 683941.71988
840,683941.7239145,217.86400000564754,5542,5548,0.39761388737892744,0.7061345957171338,0.5250685463779106,1.0,3d gaze,-14.713024094421169,-22.053478425755767,90.679541356741,683941.7239145 683941.727949 683941.7319835001 683941.7360179999 683941.7400525 683941.7440869999 683941.7481215 683941.752156 683941.7561905 683941.7602250001 683941.7642595 683941.7682940001 683941.7723284999 683941.776363 683941.7803974999 683941.784432 683941.7884665 683941.792501 683941.7965355 683941.80057 683941.8046045001 683941.8086389999 683941.8126735 683941.8167079999 683941.8207425 683941.824777 683941.8288115 683941.8328460001 683941.8368805 683941.8409150001 683941.8449494999 683941.848984 683941.8530185 683941.857053 683941.8610875 683941.865122 683941.8691565 683941.873191 683941.8772255001 683941.8812599999 683941.8852945 683941.8893295 683941.893364 683941.8973985 683941.901433 683941.9054675 683941.9095025 683941.9135370001 683941.9175715 683941.921606 683941.9256404999 683941.929675 683941.9337095 683941.937744 683941.9417785
841,683941.945813,217.86400000564754,5548,5555,0.39825379674813594,0.69691857103432,0.5646413104376263,1.0,3d gaze,-14.685383327580706,-21.367920457034334,91.30196454676614,683941.945813 683941.9498475001 683941.953882 683941.9579165 683941.9619509999 683941.9659855 683941.97002 683941.9740545 683941.9780890001 683941.9821235 683941.9861580001 683941.9901925 683941.994227 683941.9982614999 683942.002296 683942.0063305 683942.010365 683942.0143995 683942.018434 683942.0224685001 683942.026503 683942.0305375 683942.0345719999 683942.0386065 683942.042641 683942.0466755 683942.0507100001 683942.0547445 683942.0587790001 683942.0628135 683942.0668484999 683942.070883 683942.0749174999 683942.078952 683942.0829865 683942.087021 683942.0910555001 683942.09509 683942.0991245001 683942.1031589999 683942.1071935 683942.111228 683942.1152625 683942.119297 683942.1233315 683942.127366 683942.1314005 683942.1354350001 683942.1394694999 683942.143504 683942.1475384999 683942.1515735 683942.155608 683942.1596425 683942.163677
842,683942.1677115001,217.86400000564754,5555,5561,0.398337319095965,0.6951853708741046,0.699683344203375,1.0,3d gaze,-14.440385756036976,-20.88263676395292,89.89088385423624,683942.1677115001 683942.171746 683942.1757805 683942.1798149999 683942.1838495 683942.187884 683942.1919185 683942.195953 683942.1999875 683942.2040220001 683942.2080565 683942.212091 683942.2161254999 683942.22016 683942.2241945 683942.228229 683942.2322635 683942.236298 683942.2403325001 683942.2443675001 683942.2484019999 683942.2524365 683942.256471 683942.2605055 683942.26454 683942.2685745 683942.272609 683942.2766435 683942.2806780001 683942.2847124999 683942.288747 683942.2927814999 683942.296816 683942.3008505 683942.304885 683942.3089195001 683942.312954 683942.3169885001 683942.3210229999 683942.3250575 683942.329092 683942.3331265 683942.337161 683942.3411955 683942.34523 683942.3492645 683942.3532990001 683942.3573334999 683942.361368 683942.3654024999 683942.369437 683942.3734715 683942.377506 683942.3815405001 683942.3855755001
843,683942.4985420001,80.68999997340143,5565,5567,0.4531296065501043,0.744542976237883,1.4636810606817376,0.9988882754530225,3d gaze,-6.638878091619926,-26.698781636077257,95.65230159928073,683942.4985420001 683942.5025765 683942.506611 683942.5106454999 683942.51468 683942.5187145 683942.522749 683942.5267835 683942.530818 683942.5348525001 683942.538887 683942.5429215 683942.5469559999 683942.5509905 683942.555025 683942.5590595 683942.563094 683942.5671285 683942.5711630001 683942.5751975 683942.579232
844,683942.5832664999,217.86400000564754,5567,5574,0.46132314994221535,0.7370325888771253,0.9018948452520977,0.9931651158766313,3d gaze,-5.225623374718375,-25.610713237601868,94.37492632362122,683942.5832664999 683942.587301 683942.5913355 683942.59537 683942.5994045 683942.603439 683942.6074735001 683942.611508 683942.6155429999 683942.6195779999 683942.6236125 683942.627647 683942.6316815 683942.635716 683942.6397505 683942.6437850001 683942.6478195 683942.651854 683942.6558884999 683942.659923 683942.6639575 683942.667992 683942.6720265 683942.676061 683942.6800955001 683942.68413 683942.6881645 683942.6921989999 683942.6962335 683942.700268 683942.7043025 683942.708337 683942.7123715 683942.7164060001 683942.7204405 683942.724475 683942.7285094999 683942.732544 683942.7365785 683942.740613 683942.7446475 683942.748682 683942.7527165001 683942.756751 683942.7607855 683942.7648199999 683942.7688545 683942.772889 683942.7769235 683942.780958 683942.7849925 683942.7890270001 683942.7930615 683942.797096 683942.8011304999
845,683942.805165,217.86449989303946,5574,5581,0.46138813313483323,0.7473809714955127,0.42223081466354756,0.9962918184020303,3d gaze,-5.322108567182669,-27.050034308642754,96.0203920611817,683942.805165 683942.8092 683942.8132345 683942.817269 683942.8213035 683942.825338 683942.8293725001 683942.8334069999 683942.8374415 683942.8414759999 683942.8455105 683942.849545 683942.8535795 683942.857614 683942.861649 683942.8656835 683942.8697180001 683942.8737524999 683942.877787 683942.8818214999 683942.885856 683942.8898905 683942.893925 683942.8979595001 683942.901994 683942.9060285001 683942.9100629999 683942.9140975 683942.918132 683942.9221665 683942.926201 683942.9302355 683942.93427 683942.9383045 683942.9423390001 683942.9463734999 683942.950408 683942.9544424999 683942.958477 683942.9625115 683942.966546 683942.9705805001 683942.974615 683942.9786495001 683942.9826839999 683942.9867189999 683942.9907535 683942.994788 683942.9988225 683943.002857 683943.0068915 683943.0109260001 683943.0149605 683943.018995 683943.0230294999
846,683943.067409,149.27749999333173,5582,5586,0.41063656764258333,0.7173396638112378,1.4972540612662777,1.0,3d gaze,-13.045575283852758,-23.608053351455954,93.06295129862664,683943.067409 683943.0714435 683943.075478 683943.0795125 683943.0835470001 683943.0875815 683943.091616 683943.095651 683943.0996854999 683943.10372 683943.1077545 683943.111789 683943.1158235001 683943.119858 683943.1238925001 683943.1279269999 683943.1319615 683943.135996 683943.1400305 683943.144065 683943.1480995 683943.152134 683943.1561685 683943.1602030001 683943.1642374999 683943.168272 683943.1723064999 683943.176341 683943.180376 683943.1844105 683943.188445 683943.1924795 683943.196514 683943.2005485 683943.2045829999 683943.2086175 683943.212652 683943.2166865
847,683943.220721,165.4154999414459,5586,5591,0.40611330996745576,0.7132306905043542,0.624858093339781,1.0,3d gaze,-13.48277974055578,-22.760455075293727,91.12399486116482,683943.220721 683943.2247555 683943.2287900001 683943.2328245 683943.236859 683943.2408934999 683943.244928 683943.2489625 683943.252997 683943.2570315 683943.261066 683943.2651005001 683943.269135 683943.2731695 683943.2772039999 683943.2812385 683943.285273 683943.2893075 683943.293342 683943.2973765 683943.3014110001 683943.3054455 683943.30948 683943.3135144999 683943.317549 683943.3215835 683943.325618 683943.329653 683943.3336875001 683943.337722 683943.3417565001 683943.3457909999 683943.3498259999 683943.3538605 683943.3578949999 683943.3619295 683943.365964 683943.3699985 683943.3740330001 683943.3780675 683943.3821020001 683943.3861364999
848,683943.4950679999,112.96700011007488,5595,5598,0.3502591114785075,0.7077018984921684,1.4458181778636805,1.0,3d gaze,-22.786125976797287,-23.09745896613774,92.93403753154125,683943.4950679999 683943.4991025 683943.503137 683943.5071715 683943.511206 683943.5152405 683943.5192750001 683943.5233095 683943.5273440001 683943.5313784999 683943.5354134999 683943.539448 683943.5434825 683943.547517 683943.5515515 683943.555586 683943.5596205001 683943.563655 683943.5676895 683943.5717245 683943.5757589999 683943.5797935 683943.583828 683943.5878625 683943.5918970001 683943.5959315 683943.5999660001 683943.6040004999 683943.608035
849,683943.7129319999,141.20850013568997,5601,5605,0.414977893848117,0.22461984483148864,1.404354183034465,0.9272484911812676,3d gaze,-11.200037272635887,17.721122927291326,85.05064081910227,683943.7129319999 683943.7169665 683943.7210015 683943.725036 683943.7290705 683943.733105 683943.7371395 683943.741174 683943.7452085 683943.749243 683943.7532774999 683943.757312 683943.7613465 683943.765381 683943.7694155 683943.77345 683943.7774845001 683943.781519 683943.7855535 683943.7895879999 683943.7936225 683943.797657 683943.8016915 683943.8057265 683943.809761 683943.8137955 683943.8178300001 683943.8218645 683943.825899 683943.8299335 683943.833968 683943.8380025 683943.842037 683943.8460715 683943.850106 683943.8541405001
850,683943.89852,217.86449989303946,5607,5613,0.38855305174226523,0.18544273445819037,1.3331095484538709,0.9522414955225857,3d gaze,-14.731157638478782,20.548921048492993,82.762602325319,683943.89852 683943.9025545 683943.9065895 683943.910624 683943.9146585 683943.918693 683943.9227275001 683943.926762 683943.9307965001 683943.9348309999 683943.9388655 683943.9429 683943.9469345 683943.950969 683943.9550035 683943.959038 683943.9630725 683943.9671070001 683943.9711414999 683943.975176 683943.9792105 683943.983245 683943.9872795 683943.991314 683943.9953485001 683943.999383 683944.0034175001 683944.0074519999 683944.0114865 683944.015521 683944.0195555 683944.02359 683944.0276245 683944.031659 683944.0356935 683944.0397285 683944.043763 683944.0477974999 683944.051832 683944.0558665 683944.059901 683944.0639355 683944.06797 683944.0720045001 683944.076039 683944.0800735 683944.0841079999 683944.0881425 683944.0921775 683944.096212 683944.1002465 683944.104281 683944.1083155 683944.1123500001 683944.1163844999
851,683944.874874,217.86400000564754,5636,5642,0.1370037504365485,0.7015577891075971,0.8151920683553704,1.0,3d gaze,-52.52329732095032,-20.9695469068336,72.8372754966752,683944.874874 683944.8789085 683944.882943 683944.8869775 683944.8910119999 683944.8950465 683944.899081 683944.9031155 683944.90715 683944.9111845 683944.9152190001 683944.9192535 683944.923288 683944.9273225 683944.931357 683944.9353915 683944.939426 683944.9434605 683944.947495 683944.9515295 683944.955564 683944.9595985 683944.9636329999 683944.9676675 683944.971702 683944.9757365 683944.979771 683944.9838055 683944.9878400001 683944.9918750001 683944.9959094999 683944.999944 683945.0039784999 683945.008013 683945.012048 683945.0160825 683945.020117 683945.0241515 683945.028186 683945.0322205 683945.0362549999 683945.0402895 683945.044324 683945.0483585 683945.052393 683945.0564275 683945.0604620001 683945.0644965 683945.068531 683945.0725655 683945.0766 683945.0806345 683945.084669 683945.0887035 683945.092738
852,683945.0967725,80.69000008981675,5642,5645,0.13968817502045117,0.7086190622597671,0.6980385940155406,1.0,3d gaze,-52.945957444392704,-21.892098197805474,74.08797121320343,683945.0967725 683945.100807 683945.1048415 683945.1088759999 683945.1129105 683945.116945 683945.1209795 683945.125014 683945.1290485 683945.1330830001 683945.1371175 683945.141152 683945.1451865 683945.149221 683945.1532555 683945.15729 683945.1613245 683945.165359 683945.1693935 683945.173428 683945.1774625
853,683945.189566,217.8645000094548,5645,5652,0.1442039386722339,0.6646038584363123,1.4704868543770415,0.9999735723842275,3d gaze,-53.1330067014118,-18.49364244579305,76.72418553615128,683945.189566 683945.1936005 683945.1976355 683945.20167 683945.2057045 683945.209739 683945.2137734999 683945.217808 683945.2218425 683945.2258775 683945.229912 683945.2339465 683945.237981 683945.2420155 683945.24605 683945.2500845001 683945.2541189999 683945.2581535 683945.262188 683945.2662225 683945.270257 683945.2742915 683945.278326 683945.2823605 683945.2863950001 683945.2904294999 683945.294464 683945.2984985 683945.302533 683945.3065675 683945.310602 683945.3146365 683945.318671 683945.3227055001 683945.3267399999 683945.3307745 683945.334809 683945.3388435 683945.342878 683945.3469125 683945.3509470001 683945.3549815 683945.3590160001 683945.3630504999 683945.367085 683945.3711195 683945.3751545 683945.379189 683945.3832235 683945.387258 683945.3912925001 683945.395327 683945.3993615 683945.403396 683945.4074305
854,683945.411465,88.75949995126575,5652,5654,0.13678737975298888,0.6658632564844137,1.1218675476878313,1.0,3d gaze,-54.71749351916525,-18.768346407750553,76.59753201262848,683945.411465 683945.4154995 683945.419534 683945.4235685 683945.427603 683945.4316375 683945.435672 683945.4397064999 683945.443741 683945.4477755 683945.45181 683945.4558445 683945.4598795 683945.463914 683945.4679485001 683945.4719829999 683945.4760175 683945.480052 683945.4840865 683945.488121 683945.4921555 683945.49619 683945.5002245
855,683945.5244315,217.86400000564754,5655,5662,0.13459685185626663,0.7296162095172197,1.441296417885512,0.999969401142814,3d gaze,-56.79419750241766,-25.01424691197182,77.24303192848718,683945.5244315 683945.528466 683945.5325005 683945.536535 683945.5405695001 683945.5446039999 683945.5486385 683945.552673 683945.5567075 683945.5607425 683945.564777 683945.5688115 683945.572846 683945.5768805 683945.580915 683945.5849494999 683945.588984 683945.5930185 683945.597053 683945.6010875 683945.605122 683945.6091565001 683945.613191 683945.6172255 683945.62126 683945.6252945 683945.629329 683945.6333635 683945.637398 683945.6414325 683945.645467 683945.6495015 683945.653536 683945.6575704999 683945.661605 683945.6656395 683945.669674 683945.6737085 683945.677743 683945.6817775001 683945.685812 683945.6898465 683945.6938815 683945.6979159999 683945.7019505 683945.705985 683945.7100195 683945.714054 683945.7180885 683945.7221230001 683945.7261575 683945.730192 683945.7342265 683945.738261 683945.7422955
856,683945.7463305,157.34549995977432,5662,5666,0.1336077685811233,0.7382515867187016,1.1239958662595209,1.0,3d gaze,-57.07225119092442,-25.83710796489094,77.05414891580796,683945.7463305 683945.750365 683945.7543995 683945.758434 683945.7624685001 683945.7665029999 683945.7705375 683945.774572 683945.7786065 683945.782641 683945.7866755 683945.79071 683945.7947445 683945.7987790001 683945.8028134999 683945.806848 683945.8108825 683945.814917 683945.8189515 683945.822986 683945.8270205 683945.831055 683945.8350895001 683945.8391239999 683945.8431585 683945.847193 683945.8512275 683945.855262 683945.8592965 683945.863331 683945.8673655 683945.8714000001 683945.8754344999 683945.879469 683945.8835035 683945.887538 683945.8915725 683945.895607 683945.8996415 683945.903676
857,683945.9157795,125.07049995474517,5667,5671,0.13453815196755717,0.6901265863718119,1.4878436177495373,0.9971744567155838,3d gaze,-56.6778358447272,-21.46046637749843,78.05936653364498,683945.9157795 683945.919814 683945.9238485 683945.9278835 683945.9319185 683945.935953 683945.9399875 683945.9440220001 683945.9480564999 683945.952091 683945.9561255 683945.96016 683945.9641945 683945.968229 683945.9722635 683945.976298 683945.9803325001 683945.9843669999 683945.9884015 683945.992436 683945.9964705 683946.000505 683946.0045395 683946.008574 683946.0126085 683946.0166430001 683946.0206774999 683946.024712 683946.0287465 683946.032781 683946.0368155 683946.04085
858,683946.0448845,217.86400000564754,5671,5677,0.13788339916287573,0.6768483678903631,0.6002881362924105,0.9982357057658109,3d gaze,-55.997244704424546,-20.227963848375538,78.506381217975,683946.0448845 683946.048919 683946.0529535001 683946.0569879999 683946.0610225 683946.065057 683946.0690915 683946.073126 683946.0771605 683946.081195 683946.0852295 683946.0892640001 683946.0932984999 683946.097333 683946.1013675 683946.105402 683946.1094365 683946.113471 683946.117506 683946.1215405 683946.125575 683946.1296095 683946.1336439999 683946.1376785 683946.141713 683946.1457475 683946.149782 683946.1538165 683946.157851 683946.161886 683946.1659205 683946.169955 683946.1739894999 683946.178024 683946.1820585 683946.186093 683946.1901275 683946.194162 683946.1981965001 683946.202231 683946.2062655 683946.2103 683946.2143345 683946.218369 683946.2224035 683946.226438 683946.2304725 683946.234507 683946.2385415 683946.242576 683946.2466104999 683946.250645 683946.2546795 683946.258714 683946.2627485
859,683946.266783,145.2430000063032,5677,5682,0.14205991369761373,0.6685165926748065,1.4968186846198432,0.9977563410191923,3d gaze,-54.84842424011109,-19.31756542250088,78.41812766739899,683946.266783 683946.2708175001 683946.274852 683946.2788865 683946.282921 683946.2869555 683946.29099 683946.2950245 683946.299059 683946.303094 683946.3071285 683946.3111630001 683946.3151974999 683946.319232 683946.3232665 683946.327301 683946.3313355 683946.33537 683946.3394045 683946.343439 683946.3474735001 683946.3515079999 683946.3555425 683946.359577 683946.3636115 683946.367646 683946.3716805 683946.375715 683946.3797495 683946.3837840001 683946.3878185 683946.391853 683946.3958875 683946.399922 683946.403957 683946.4079915 683946.412026
860,683946.512889,189.62249998003244,5685,5690,0.12590734203508117,0.7099244222505164,1.3269333711111697,0.9994277022778988,3d gaze,-57.708988786229504,-23.084108045420667,76.18662158632422,683946.512889 683946.5169235 683946.520958 683946.5249925 683946.5290270001 683946.5330614999 683946.537096 683946.5411305 683946.545165 683946.5491995 683946.553234 683946.5572685 683946.561303 683946.5653375 683946.5693719999 683946.5734065 683946.577441 683946.5814755 683946.58551 683946.5895445 683946.593579 683946.5976135 683946.6016480001 683946.6056824999 683946.609717 683946.6137515 683946.617786 683946.6218205 683946.625855 683946.6298895 683946.633924 683946.637959 683946.6419935001 683946.646028 683946.6500625 683946.654097 683946.6581315 683946.662166 683946.666201 683946.6702355 683946.6742700001 683946.6783045 683946.682339 683946.6863735 683946.690408 683946.6944425 683946.698477 683946.7025115
861,683947.0333415,80.69099998101592,5700,5703,0.5579119603558793,0.3308276687752211,1.4316949945262711,0.8518968850374222,3d gaze,10.656548519674368,11.103531890138864,103.37703383420933,683947.0333415 683947.0373765 683947.041411 683947.04948 683947.0535145 683947.057549 683947.0615835 683947.065618 683947.0696525 683947.073687 683947.0777215001 683947.0817559999 683947.0857905 683947.089825 683947.0938595 683947.097894 683947.1019285 683947.1059635 683947.109998 683947.1140325
862,683947.352069,80.69049997720867,5710,5712,0.42524136789857225,0.8128619837693463,1.3848988224827516,0.9903795577230907,3d gaze,-12.01380153868051,-35.60867949502293,101.32413035037843,683947.352069 683947.3561035 683947.360138 683947.3641725 683947.368207 683947.3722415 683947.3762759999 683947.3803105 683947.384345 683947.3883795 683947.392414 683947.3964485 683947.400483 683947.4045175 683947.4085525 683947.412587 683947.4166214999 683947.420656 683947.4246905 683947.428725 683947.4327595
863,683947.436794,125.06949994713068,5712,5716,0.425359879163545,0.8438285146247009,1.40602832604267,0.9976361654698849,3d gaze,-12.050880190431,-38.824699576787275,100.78597742472007,683947.436794 683947.4408285 683947.444863 683947.4488975 683947.452932 683947.4569665 683947.461001 683947.4650355 683947.46907 683947.4731045 683947.477139 683947.4811735 683947.485208 683947.4892424999 683947.493277 683947.4973115 683947.501346 683947.5053805 683947.509415 683947.5134495 683947.517484 683947.5215185 683947.525553 683947.5295875 683947.533622 683947.5376565 683947.541691 683947.5457255 683947.54976 683947.5537945 683947.557829 683947.5618634999
864,683947.614313,80.68999997340143,5718,5720,0.3994556055538887,0.8335978423890176,1.4583820405481025,1.0,3d gaze,-16.188382141534664,-36.96614666833028,98.26542099846938,683947.614313 683947.6183475 683947.622382 683947.6264165 683947.630451 683947.6344854999 683947.63852 683947.6425545 683947.646589 683947.6506235 683947.654658 683947.6586925 683947.662727 683947.6667615001 683947.670796 683947.6748305 683947.678865 683947.6828995 683947.686934 683947.6909685 683947.695003
865,683947.6990375,185.58800010941923,5720,5726,0.38280899509672234,0.8313282311939378,1.4938044424427444,1.0,3d gaze,-18.653768754135754,-36.02027264874523,95.92298640104474,683947.6990375 683947.703072 683947.7071064999 683947.711141 683947.7151755 683947.71921 683947.7232445 683947.727279 683947.7313135 683947.735348 683947.7393825001 683947.743417 683947.7474515 683947.751486 683947.7555205 683947.759555 683947.7635895 683947.767624 683947.7716585 683947.7756930001 683947.779728 683947.7837625 683947.787797 683947.7918315 683947.795866 683947.7999005 683947.803935 683947.8079695 683947.812004 683947.8160389999 683947.8200735 683947.824108 683947.8281425 683947.832177 683947.8362115 683947.840246 683947.8442805 683947.848315 683947.8523494999 683947.856384 683947.8604185 683947.864453 683947.8684875 683947.872522 683947.8765565 683947.880591 683947.8846255001
866,683947.8886599999,104.89750001579523,5726,5729,0.36931293731957887,0.8392563915411673,1.4754542730073268,1.0,3d gaze,-20.823082010794177,-36.612483713423345,94.82398976774472,683947.8886599999 683947.8926945 683947.896729 683947.9007635 683947.904798 683947.9088325 683947.912867 683947.9169015 683947.920936 683947.9249704999 683947.929005 683947.9330395 683947.937074 683947.9411085 683947.945143 683947.949178 683947.9532125 683947.957247 683947.9612815 683947.9653159999 683947.9693505 683947.973385 683947.9774195 683947.981454 683947.9854885 683947.989523 683947.9935575
867,683947.997592,96.82849992532283,5729,5732,0.35468213846494145,0.8437149923759037,1.4635941206379584,1.0,3d gaze,-23.38965090585361,-37.25734196587666,94.72165527553553,683947.997592 683948.0016265 683948.005661 683948.0096955 683948.01373 683948.0177645 683948.021799 683948.0258335 683948.029868 683948.0339025 683948.037937 683948.0419715 683948.046006 683948.050041 683948.0540755 683948.05811 683948.0621445 683948.066179 683948.0702135 683948.074248 683948.0782825 683948.082317 683948.0863515 683948.090386 683948.0944205
868,683948.098455,217.86400000564754,5732,5738,0.34092308636552393,0.8478945538052934,1.3162060238739959,1.0,3d gaze,-25.41450609058112,-37.23950711535549,92.98198119270342,683948.098455 683948.1024895001 683948.106524 683948.1105585 683948.114593 683948.1186275 683948.122662 683948.1266965 683948.130731 683948.1347655 683948.1388 683948.1428345 683948.146869 683948.150904 683948.1549385 683948.158973 683948.1630075 683948.167042 683948.1710765 683948.175111 683948.1791455 683948.1831799999 683948.1872145 683948.191249 683948.1952835 683948.199318 683948.2033525 683948.207387 683948.2114215 683948.2154560001 683948.2194905 683948.223525 683948.2275595 683948.231594 683948.2356285 683948.239663 683948.2436975 683948.247732 683948.2517665 683948.2558009999 683948.2598355 683948.26387 683948.2679045 683948.271939 683948.2759735 683948.280008 683948.284043 683948.2880775 683948.292112 683948.2961465 683948.300181 683948.3042155 683948.30825 683948.3122845 683948.316319
869,683948.320354,117.00050008948892,5739,5742,0.32952945194453637,0.8550245410879704,1.2679777589147312,1.0,3d gaze,-27.534269489179476,-38.2248272891178,93.00545050448926,683948.320354 683948.3243885 683948.3284229999 683948.3324575 683948.336492 683948.3405265 683948.344561 683948.3485955 683948.35263 683948.3566645 683948.3606990001 683948.3647335 683948.368768 683948.3728025 683948.376837 683948.3808715 683948.384906 683948.3889405 683948.392975 683948.3970095 683948.4010439999 683948.4050785 683948.409113 683948.4131475 683948.417182 683948.4212165 683948.425251 683948.4292855 683948.4333200001 683948.4373545
870,683948.7480125,161.38099995441735,5751,5756,0.2083776338558979,0.8284179879083209,1.4802693205041015,1.0,3d gaze,-46.25829166853009,-34.62457478794571,83.27645913743264,683948.7480125 683948.7520475 683948.756082 683948.7601165 683948.764151 683948.7681855 683948.77222 683948.7762545 683948.780289 683948.7843235 683948.788358 683948.7923925 683948.796427 683948.8004615 683948.804496 683948.8085305 683948.812565 683948.8165995 683948.820634 683948.8246685 683948.828703 683948.8327375 683948.836772 683948.8408065 683948.844841 683948.8488755 683948.85291 683948.8569445 683948.860979 683948.8650135 683948.869048 683948.8730825 683948.8771175 683948.881152 683948.8851865 683948.889221 683948.8932555 683948.89729 683948.9013245 683948.905359 683948.9093935
871,683949.5145715,80.68999997340143,5774,5777,0.6967850753896906,0.8394236359448803,1.433330861728756,0.9456679891972315,3d gaze,33.55396516974533,-36.594796860693705,91.17732084012505,683949.5145715 683949.518606 683949.5226405 683949.526675 683949.5307095 683949.534744 683949.5387784999 683949.542813 683949.5468475 683949.550882 683949.5549165 683949.558951 683949.5629855 683949.56702 683949.5710545001 683949.575089 683949.5791235 683949.583158 683949.5871925 683949.591227 683949.5952615
872,683949.599296,92.79400005470961,5777,5780,0.6852344403868548,0.8518594723272338,1.4149002965415571,0.9418991307417551,3d gaze,32.66012378293694,-38.93787734985503,94.2881926361675,683949.599296 683949.603331 683949.6073655 683949.6114 683949.6154345 683949.619469 683949.6235035 683949.627538 683949.6315725 683949.635607 683949.6396415 683949.643676 683949.6477105 683949.651745 683949.6557795 683949.659814 683949.6638485 683949.667883 683949.6719175 683949.675952 683949.6799865 683949.684021 683949.6880555 683949.69209
873,683951.5439345,80.69049997720867,5835,5837,0.3491757406495289,0.2838744457575793,1.4345976653736803,0.8006925327437264,3d gaze,-21.22998411000303,13.502139935486158,87.3513401138166,683951.5439345 683951.547969 683951.5520035 683951.556038 683951.5600725 683951.564107 683951.5681415 683951.572176 683951.5762105 683951.580245 683951.5842795 683951.588314 683951.592349 683951.5963835 683951.600418 683951.6044525 683951.608487 683951.6125215 683951.616556 683951.6205905 683951.6246249999
874,683952.907602,80.69049997720867,5875,5878,0.4559016473820413,0.635801991142404,1.200567280965471,0.9515380270708175,3d gaze,-6.470316095502452,-17.701603654173578,102.34647220457398,683952.907602 683952.9116365 683952.915671 683952.919706 683952.9237405 683952.927775 683952.9318095 683952.935844 683952.9398785001 683952.9439129999 683952.9479475 683952.951982 683952.9560165 683952.960051 683952.9640855 683952.96812 683952.9721545 683952.9761890001 683952.9802234999 683952.984258 683952.9882925
875,683953.613643,80.69049997720867,5897,5899,-0.05823130402505196,0.6363057345361693,1.301971445058627,0.9815310608773005,3d gaze,-70.74650860724549,-13.591630832811369,37.75311857412606,683953.613643 683953.6176775 683953.621712 683953.6257465 683953.629781 683953.6338155 683953.63785 683953.6418844999 683953.645919 683953.6499535 683953.653988 683953.6580225 683953.6620575 683953.666092 683953.6701265 683953.674161 683953.6781955 683953.6822299999 683953.6862645 683953.690299 683953.6943335
876,683953.7185405,80.69049997720867,5900,5902,-0.04636978697103898,0.6584735895303143,1.479185071371019,0.9780861054147992,3d gaze,-70.04927195030838,-15.364504341070344,39.92680306994388,683953.7185405 683953.7225755 683953.72661 683953.7306445 683953.734679 683953.7387135 683953.742748 683953.7467825001 683953.7508169999 683953.7548515 683953.758886 683953.7629205 683953.766955 683953.7709895 683953.775024 683953.7790585 683953.7830930001 683953.7871274999 683953.791162 683953.7951965 683953.799231
877,683953.9444735,80.69049997720867,5906,5909,-0.13052214464496464,0.4083200363050095,1.4887333961257503,0.9804382787999654,3d gaze,-66.4828662609776,2.3171764808207134,24.680411148658738,683953.9444735 683953.948508 683953.9525425 683953.956577 683953.9606115 683953.9646465001 683953.9686809999 683953.9727155 683953.97675 683953.9807845 683953.984819 683953.9888535 683953.992888 683953.9969225 683954.000957 683954.0049914999 683954.009026 683954.0130605 683954.017095 683954.0211295 683954.025164
878,683954.1219925,121.03599996771663,5912,5915,-0.08956865114378006,0.4086674599030274,1.3851711079036877,0.9886781534840984,3d gaze,-65.45919326686416,2.4453022512381386,29.97858943018847,683954.1219925 683954.126027 683954.1300615 683954.134096 683954.1381305 683954.1421650001 683954.1461995 683954.1502340001 683954.1542684999 683954.158303 683954.1623375 683954.166372 683954.1704065 683954.174441 683954.1784755 683954.18251 683954.1865445001 683954.1905789999 683954.1946135 683954.1986485 683954.202683 683954.2067175 683954.2107525 683954.214787 683954.2188215 683954.2228560001 683954.2268904999 683954.230925 683954.2349595 683954.238994 683954.2430285
879,683954.247063,149.27649998571724,5915,5920,-0.08231127551046473,0.4207117630221113,1.4557885889738285,0.9792471857447373,3d gaze,-65.62513154165566,1.7127435131019038,31.439573540852464,683954.247063 683954.2510975 683954.255132 683954.2591665001 683954.2632009999 683954.2672355 683954.27127 683954.2753045 683954.279339 683954.2833735 683954.287408 683954.2914425 683954.2954770001 683954.2995114999 683954.303546 683954.3075805 683954.311615 683954.3156495 683954.319684 683954.3237185 683954.327753 683954.3317875001 683954.3358219999 683954.3398565 683954.343891 683954.3479255 683954.35196 683954.3559945 683954.360029 683954.3640635 683954.3680980001 683954.3721324999 683954.376167 683954.3802015 683954.384236 683954.3882705 683954.392305 683954.3963395
880,683954.5093065,173.4845000319183,5923,5928,0.29289052618436934,0.3356635686230673,1.352555401288306,0.9909793930974874,3d gaze,-30.223032360212013,9.480931221213384,87.88492699499734,683954.5093065 683954.5133410001 683954.5173754999 683954.52141 683954.5254445 683954.529479 683954.5335135 683954.537548 683954.5415825 683954.545617 683954.5496515001 683954.5536859999 683954.5577205 683954.5617549999 683954.5657895 683954.569824 683954.5738585 683954.577893 683954.581928 683954.5859625 683954.5899970001 683954.5940314999 683954.598066 683954.6021005 683954.606135 683954.6101695 683954.614204 683954.6182385001 683954.622273 683954.6263075001 683954.6303419999 683954.6343765 683954.638411 683954.6424455 683954.64648 683954.6505145 683954.654549 683954.6585835 683954.6626180001 683954.6666524999 683954.670687 683954.674722 683954.6787565 683954.682791
881,683954.8118954999,100.86300002876669,5932,5935,0.3718119995375717,0.49232391540836,1.420560657867896,0.9427087123577411,3d gaze,-18.498454265891034,-3.752998024928434,91.77848407948498,683954.8118954999 683954.81593 683954.8199645 683954.823999 683954.8280335 683954.832068 683954.8361025 683954.840137 683954.8441715001 683954.8482059999 683954.8522405 683954.856275 683954.8603095 683954.864344 683954.8683785 683954.872413 683954.8764475 683954.8804820001 683954.8845164999 683954.888551 683954.8925855 683954.89662 683954.9006545 683954.904689 683954.908724 683954.9127585
882,683955.307466,145.2430000063032,5947,5951,0.5181437721044171,0.5931849547866271,1.424040453391369,0.9543204056589227,3d gaze,20.86912821027472,-72.34097623509933,544.7026438410483,683955.307466 683955.315535 683955.323604 683955.331673 683955.339742 683955.347811 683955.35588 683955.363949 683955.372018 683955.380087 683955.388157 683955.396226 683955.404295 683955.412364 683955.420433 683955.428502 683955.436571 683955.44464 683955.452709
883,683955.5582815,88.75949995126575,5955,5957,0.4976128650050451,0.5920692799400671,1.4632959969580948,0.9327843059664187,3d gaze,0.529406703389672,-13.444769031181034,102.12016861787507,683955.5582815 683955.562316 683955.5663505 683955.570385 683955.5744195001 683955.578454 683955.5824885 683955.5865229999 683955.5905575 683955.594592 683955.5986265 683955.602661 683955.6066955 683955.6107300001 683955.6147645 683955.6187994999 683955.622834 683955.6268685 683955.630903 683955.6349375 683955.638972 683955.6430065 683955.647041
884,683955.9940095,185.5879999930039,5968,5973,-0.0016135380313432425,0.706330895600484,1.4610742414667663,0.9984164732567807,3d gaze,-62.14912134423784,-18.2279255453169,45.535240339514445,683955.9940095 683955.998044 683956.0020785 683956.006113 683956.0101475 683956.014182 683956.0182165001 683956.0222509999 683956.0262855 683956.03032 683956.0343545 683956.038389 683956.0424235 683956.0464580001 683956.0504925 683956.0545270001 683956.058562 683956.0625964999 683956.066631 683956.0706655 683956.0747 683956.0787345 683956.082769 683956.0868035001 683956.090838 683956.0948729999 683956.0989075 683956.1029419999 683956.1069765 683956.111011 683956.1150455 683956.1190800001 683956.1231145 683956.1271490001 683956.1311834999 683956.135218 683956.1392525 683956.143287 683956.1473215 683956.151356 683956.1553905 683956.159425 683956.1634595001 683956.1674939999 683956.1715285 683956.1755629999 683956.1795975
885,683956.183632,217.86400000564754,5973,5980,0.010036158392045486,0.7313516093085782,1.423418008693547,0.9924656607887962,3d gaze,-61.24959927908437,-20.17466960329579,47.15227045851623,683956.183632 683956.1876665 683956.1917010001 683956.1957355 683956.1997700001 683956.2038044999 683956.207839 683956.2118735 683956.215908 683956.2199425 683956.223977 683956.2280115 683956.232046 683956.236081 683956.2401155 683956.2441499999 683956.2481845 683956.252219 683956.2562535 683956.260288 683956.2643225 683956.2683570001 683956.2723915 683956.276426 683956.2804604999 683956.284495 683956.2885295 683956.292564 683956.2965985 683956.300633 683956.3046675001 683956.308702 683956.3127365 683956.3167709999 683956.3208055 683956.32484 683956.328875 683956.3329095 683956.336944 683956.3409785 683956.3450130001 683956.3490474999 683956.353082 683956.3571165 683956.361151 683956.3651855 683956.36922 683956.3732545 683956.377289 683956.3813235001 683956.3853579999 683956.3893925 683956.3934269999 683956.3974615 683956.401496
886,683956.429738,169.4495000410825,5981,5986,0.03206468692367448,0.7731618273686628,1.3204372539892557,0.9877856997556465,3d gaze,-58.989191970763514,-23.355368762576973,49.653897916753344,683956.429738 683956.4337724999 683956.437807 683956.4418415 683956.445876 683956.4499105001 683956.453945 683956.4579795001 683956.4620139999 683956.4660485 683956.470083 683956.4741175 683956.478152 683956.4821865 683956.486221 683956.4902555 683956.4942900001 683956.4983244999 683956.502359 683956.5063934999 683956.510428 683956.5144625 683956.518497 683956.5225315001 683956.526566 683956.5306005001 683956.5346349999 683956.5386695 683956.542704 683956.5467385 683956.550773 683956.5548075 683956.558842 683956.5628765 683956.5669110001 683956.570946 683956.5749804999 683956.579015 683956.5830495 683956.587084 683956.5911185 683956.595153 683956.5991875001
887,683956.603222,153.31150009296834,5986,5990,0.03506686895459797,0.7874065239945561,0.8264760900829674,0.9829388444240277,3d gaze,-58.892324902148594,-24.496705056569635,49.85748910809964,683956.603222 683956.6072569999 683956.6112915 683956.615326 683956.6193605 683956.623395 683956.6274295 683956.631464 683956.6354985 683956.6395330001 683956.6435674999 683956.647602 683956.6516364999 683956.655671 683956.6597055 683956.66374 683956.6677745001 683956.671809 683956.6758435001 683956.6798779999 683956.6839125 683956.687947 683956.6919815 683956.696016 683956.7000505 683956.704085 683956.7081195 683956.7121540001 683956.7161884999 683956.720223 683956.7242574999 683956.728292 683956.7323265 683956.736361 683956.7403955001 683956.74443 683956.7484645001 683956.7524989999 683956.7565335
888,683956.849328,157.34600007999688,5993,5998,0.31021981634414186,0.6691376752461953,1.2343425532848544,0.9983000069856643,3d gaze,-26.937351940406312,-18.191454124580755,85.13124873137858,683956.849328 683956.8533625 683956.8573970001 683956.8614315 683956.865466 683956.8695004999 683956.873535 683956.8775695 683956.881604 683956.8856385 683956.889673 683956.8937075001 683956.897742 683956.9017765 683956.9058109999 683956.9098455 683956.91388 683956.9179145 683956.921949 683956.9259835 683956.9300180001 683956.9340525 683956.938087 683956.9421214999 683956.946156 683956.9501905 683956.954225 683956.9582595 683956.962294 683956.9663285001 683956.970363 683956.9743975 683956.9784325 683956.9824669999 683956.9865015 683956.990536 683956.9945705 683956.9986050001 683957.0026395 683957.0066740001
889,683957.099468,209.79500003159046,6001,6007,0.15140771729871058,0.3525092462839265,1.4376630986619785,0.9872438716438582,3d gaze,-43.641152722532105,6.838848488570172,66.35318965914765,683957.099468 683957.1035025 683957.107537 683957.1115715001 683957.115606 683957.1196405 683957.1236749999 683957.1277095 683957.131744 683957.1357785 683957.139813 683957.1438475 683957.1478820001 683957.1519165 683957.1559514999 683957.159986 683957.1640204999 683957.168055 683957.1720895 683957.176124 683957.1801585 683957.184193 683957.1882275001 683957.1922619999 683957.1962965 683957.2003309999 683957.2043655 683957.2084 683957.2124345 683957.2164690001 683957.2205035 683957.2245380001 683957.2285724999 683957.232607 683957.2366415 683957.240676 683957.2447105 683957.248745 683957.2527795 683957.256814 683957.2608485001 683957.2648829999 683957.2689175 683957.2729519999 683957.2769865 683957.2810215 683957.285056 683957.2890905 683957.293125 683957.2971595 683957.301194 683957.3052284999 683957.309263
890,683957.3294355001,217.86449989303946,6007,6014,0.19247712839338918,0.38718375826226326,1.3891811974450865,0.9904612254012715,3d gaze,-40.81285763132649,4.62823957759373,73.87633933988917,683957.3294355001 683957.33347 683957.3375045 683957.3415389999 683957.3455735 683957.3496085 683957.353643 683957.3576775 683957.3617120001 683957.3657465 683957.3697810001 683957.3738155 683957.37785 683957.3818844999 683957.385919 683957.3899535 683957.393988 683957.3980225 683957.402057 683957.4060915001 683957.410126 683957.4141605 683957.4181949999 683957.4222295 683957.426264 683957.4302985 683957.4343330001 683957.4383675 683957.4424020001 683957.4464365 683957.450471 683957.4545054999 683957.45854 683957.4625745 683957.466609 683957.4706435 683957.474678 683957.4787125001 683957.482747 683957.4867815 683957.4908159999 683957.4948505 683957.498885 683957.5029195 683957.5069540001 683957.5109885 683957.5150235 683957.5190580001 683957.5230924999 683957.5271274999 683957.531162 683957.5351965 683957.539231 683957.5432655 683957.5473
891,683957.5513345001,121.03499984368682,6014,6018,0.19192338700705158,0.39073064899128956,0.6322766236323334,0.9891231031187119,3d gaze,-42.05642668575667,4.485604007163433,75.95746151722881,683957.5513345001 683957.555369 683957.5594035 683957.5634379999 683957.5674725 683957.571507 683957.5755415 683957.579576 683957.5836105 683957.5876450001 683957.5916795 683957.595714 683957.5997484999 683957.603783 683957.6078175 683957.611852 683957.6158865 683957.619921 683957.6239555001 683957.62799 683957.6320245 683957.6360589999 683957.6400935 683957.644128 683957.6481625 683957.652197 683957.6562315 683957.6602660001 683957.6643005 683957.668335 683957.6723694999
892,683957.7611295,117.00050008948892,6020,6024,0.43534387270497094,0.3798956218784122,1.4407372831732876,0.8189649313688279,3d gaze,-7.640106661144694,4.945221820096647,79.51380019414339,683957.7611295 683957.765164 683957.7691985001 683957.773233 683957.7772675001 683957.7813019999 683957.7853365 683957.7893709999 683957.7934055 683957.79744 683957.8014745 683957.8055090001 683957.8095435 683957.8135780001 683957.8176124999 683957.821647 683957.8256815 683957.829716 683957.8337505 683957.837785 683957.8418195001 683957.845854 683957.8498885001 683957.8539229999 683957.8579575 683957.8619919999 683957.8660265 683957.870061 683957.8740955 683957.8781300001
893,683959.1369,80.69099998101592,6061,6064,0.5120519331302888,-0.20363081095261362,1.4402124802622693,0.7708129107952117,3d gaze,3.1197925609867125,65.5937279105418,90.95602053903728,683959.1369 683959.1409344999 683959.144969 683959.1490035 683959.153038 683959.161107 683959.165142 683959.1691765 683959.1732109999 683959.1772455 683959.1812805 683959.1853149999 683959.1893495 683959.1933840001 683959.1974185 683959.2014530001 683959.2054875 683959.209522 683959.2135564999 683959.217591
894,683959.269362,104.89699989557266,6065,6068,0.5750048247268509,0.1459405735215649,1.3148528287971464,0.8085194308417184,3d gaze,84.29645821515467,178.24828157999997,622.0798176110869,683959.269362 683959.277431 683959.2855 683959.293569 683959.301638 683959.309707 683959.317776 683959.325845 683959.333914 683959.341983 683959.350052 683959.358121 683959.36619 683959.374259
895,683959.6452500001,80.68999997340143,6077,6079,0.47634591773836676,-0.04888399649429558,1.2842030774106554,0.7740994613421591,3d gaze,-3.612091394805888,55.78023264047687,111.36138410974509,683959.6452500001 683959.6492844999 683959.653319 683959.6573535 683959.661388 683959.6654225 683959.669457 683959.6734915001 683959.677526 683959.6815605001 683959.6855949999 683959.6896295 683959.6976985 683959.7057675 683959.7098020001 683959.7138365 683959.7178710001 683959.7219054999 683959.72594
896,683959.9276665,141.20750001166016,6085,6089,0.44424115680860915,0.0586449637240519,1.4490062778163666,0.7887284789766584,3d gaze,-8.24220620082189,35.97999688253025,95.41725249328856,683959.9276665 683959.9317010001 683959.9357355 683959.93977 683959.9438044999 683959.947839 683959.9518734999 683959.955908 683959.9599425001 683959.963977 683959.9680115001 683959.972046 683959.9760805 683959.9801149999 683959.9841495 683959.988184 683959.9922185 683959.996253 683960.0002875 683960.0043220001 683960.0083565 683960.012391 683960.0164254999 683960.02046 683960.0244944999 683960.028529 683960.0325635001 683960.0406325001 683960.044667 683960.0487015 683960.0527359999 683960.0567705 683960.060805 683960.0648395 683960.068874
897,683960.0729085,80.69099998101592,6089,6092,0.44060244102356527,0.0647442254326279,0.6471500761793731,0.8248223392736345,3d gaze,-8.866659583884962,35.47383219977706,95.74924497232966,683960.0729085 683960.0769430001 683960.0809775 683960.085012 683960.0890464999 683960.093081 683960.0971154999 683960.1011505 683960.1051855 683960.1092195 683960.113254 683960.117289 683960.1213235001 683960.1253579999 683960.1293925 683960.1334269999 683960.1374615 683960.141496 683960.1455305 683960.1495650001 683960.1535995
898,683960.335153,108.93149999901652,6097,6100,0.46686433619219464,-0.05384378582982543,0.7544498900556451,0.7517701685428619,3d gaze,-4.657980676601571,47.5795045626941,93.7851931876263,683960.335153 683960.3391875001 683960.3432219999 683960.3472565 683960.3512909999 683960.35936 683960.3633945 683960.3674290001 683960.3714635 683960.3754980001 683960.3795324999 683960.383567 683960.391636 683960.3956705 683960.399705 683960.4037395001 683960.407774 683960.4118085001 683960.4198775 683960.4239119999 683960.4279465 683960.431981 683960.4400500001 683960.4440845
