Timestamp,Local time,Pleasure,Arousal,Dominance
1784738840.0006,09:47:20.000,0.96,0.24,0.12
1784738840.5008,09:47:20.500,0.96,0.22,0.16
1784738841.0,09:47:21.000,0.96,0.20,0.17
1784738841.5,09:47:21.500,0.96,0.20,0.17
1784738842.0,09:47:22.000,0.96,0.20,0.17
1784738842.4999,09:47:22.499,0.96,0.22,0.16
1784738842.9997,09:47:22.999,0.96,0.23,0.15
1784738843.4999,09:47:23.499,0.97,0.23,0.12
1784738843.9997,09:47:23.999,0.97,0.22,0.12
1784738844.4991,09:47:24.499,0.97,0.21,0.11
1784738844.9997,09:47:24.999,0.97,0.21,0.13
1784738845.4992,09:47:25.499,0.97,0.21,0.13
1784738845.9986,09:47:25.998,0.97,0.21,0.11
1784738846.4991,09:47:26.499,0.97,0.20,0.13
1784738846.9987,09:47:26.998,0.96,0.28,0.05
1784738847.4982,09:47:27.498,0.97,0.24,0.07
1784738847.9987,09:47:27.998,0.97,0.23,0.09
1784738848.4982,09:47:28.498,0.97,0.23,0.07
1784738848.9976,09:47:28.997,0.97,0.22,0.07
1784738849.4979,09:47:29.497,0.97,0.15,0.17
1784738849.9978,09:47:29.997,0.97,0.16,0.16
1784738850.4972,09:47:30.497,0.97,0.17,0.17
1784738850.9969,09:47:30.996,0.97,0.23,0.08
1784738851.4969,09:47:31.496,0.97,0.22,0.08
1784738851.9961,09:47:31.996,0.97,0.22,0.11
1784738852.4964,09:47:32.496,0.97,0.22,0.11
1784738852.9964,09:47:32.996,0.98,0.19,0.10
1784738853.4956,09:47:33.495,0.98,0.18,0.10
1784738853.9957,09:47:33.995,0.97,0.22,0.07
1784738854.4961,09:47:34.496,0.97,0.22,0.06
1784738854.9953,09:47:34.995,0.97,0.22,0.07
1784738855.4958,09:47:35.495,0.97,0.21,0.09
1784738855.9958,09:47:35.995,0.98,0.13,0.16
1784738856.4953,09:47:36.495,0.99,0.11,0.12
1784738856.9949,09:47:36.994,0.99,0.11,0.10
1784738857.4949,09:47:37.494,0.98,0.17,0.06
1784738857.9942,09:47:37.994,0.97,0.24,0.01
1784738858.4936,09:47:38.493,0.96,0.29,0.01
1784738858.9938,09:47:38.993,0.95,0.32,0.02
1784738859.4936,09:47:39.493,0.93,0.37,-0.01
1784738859.9935,09:47:39.993,0.93,0.38,0.00
1784738860.4939,09:47:40.493,0.94,0.34,0.02
1784738860.994,09:47:40.994,0.94,0.33,0.04
1784738861.4932,09:47:41.493,0.96,0.28,0.07
1784738861.993,09:47:41.993,0.96,0.27,0.06
1784738862.4931,09:47:42.493,0.97,0.05,0.23
1784738862.9931,09:47:42.993,0.97,0.05,0.23
1784738863.4931,09:47:43.493,0.97,0.05,0.24
1784738863.9928,09:47:43.992,0.97,0.05,0.24
1784738864.4922,09:47:44.492,0.97,0.06,0.24
1784738864.992,09:47:44.992,0.97,0.07,0.24
1784738865.4917,09:47:45.491,0.96,0.09,0.25
1784738865.9911,09:47:45.991,0.96,0.10,0.25
1784738866.4911,09:47:46.491,0.97,0.11,0.23
1784738866.9916,09:47:46.991,0.97,0.14,0.18
1784738867.4912,09:47:47.491,0.97,0.14,0.17
1784738867.9916,09:47:47.991,0.97,0.15,0.18
1784738868.4919,09:47:48.491,0.97,0.13,0.20
1784738868.9911,09:47:48.991,0.97,0.13,0.20
1784738869.4911,09:47:49.491,0.97,0.18,0.16
1784738869.9914,09:47:49.991,0.96,0.25,0.11
1784738870.4908,09:47:50.490,0.96,0.24,0.13
1784738870.9909,09:47:50.990,0.97,0.20,0.16
1784738871.4911,09:47:51.491,0.97,0.18,0.16
1784738871.9905,09:47:51.990,0.97,0.16,0.16
1784738872.4906,09:47:52.490,0.96,0.29,0.04
1784738872.9907,09:47:52.990,0.95,0.30,0.04
1784738873.4904,09:47:53.490,0.95,0.32,0.01
1784738873.9903,09:47:53.990,0.93,0.37,-0.02
1784738874.4901,09:47:54.490,0.91,0.41,-0.04
1784738874.9902,09:47:54.990,0.95,0.31,0.07
1784738875.4902,09:47:55.490,0.95,0.31,0.07
1784738875.99,09:47:55.990,0.95,0.30,0.07
1784738876.4903,09:47:56.490,0.97,0.23,0.12
1784738876.9893,09:47:56.989,0.97,0.23,0.09
1784738877.4891,09:47:57.489,0.97,0.24,0.09
1784738877.9888,09:47:57.988,0.96,0.26,0.07
1784738878.488,09:47:58.488,0.96,0.29,0.04
1784738878.9884,09:47:58.988,0.96,0.28,0.06
1784738879.4887,09:47:59.488,0.96,0.28,0.06
1784738879.9879,09:47:59.987,0.96,0.26,0.08
1784738880.4884,09:48:00.488,0.95,0.30,0.06
1784738880.988,09:48:00.988,0.95,0.31,0.04
1784738881.4872,09:48:01.487,0.95,0.31,0.06
1784738881.9872,09:48:01.987,0.95,0.32,0.02
1784738882.4872,09:48:02.487,0.93,0.37,-0.03
1784738882.9868,09:48:02.986,0.92,0.39,-0.05
1784738883.487,09:48:03.487,0.92,0.39,-0.05
1784738883.9871,09:48:03.987,0.93,0.37,0.00
1784738884.4864,09:48:04.486,0.93,0.37,0.00
1784738884.9858,09:48:04.985,0.81,0.55,-0.19
1784738885.4858,09:48:05.485,0.81,0.55,-0.20
1784738885.9853,09:48:05.985,0.80,0.56,-0.22
1784738886.4851,09:48:06.485,0.78,0.58,-0.24
1784738886.9857,09:48:06.985,0.79,0.57,-0.23
1784738887.4854,09:48:07.485,0.79,0.58,-0.19
1784738887.9854,09:48:07.985,0.93,0.36,0.03
1784738888.4858,09:48:08.485,0.94,0.34,0.03
1784738888.9855,09:48:08.985,0.95,0.32,0.05
1784738889.4853,09:48:09.485,0.96,0.26,0.10
1784738889.9854,09:48:09.985,0.96,0.24,0.12
1784738890.4846,09:48:10.484,0.96,0.23,0.15
1784738890.9843,09:48:10.984,0.96,0.26,0.12
1784738891.4844,09:48:11.484,0.96,0.28,0.10
1784738891.9838,09:48:11.983,0.95,0.31,0.08
1784738892.483,09:48:12.483,0.95,0.31,0.08
1784738892.9835,09:48:12.983,0.94,0.33,0.10
1784738893.4839,09:48:13.483,0.93,0.33,0.13
1784738893.9831,09:48:13.983,0.94,0.32,0.14
1784738894.4834,09:48:14.483,0.95,0.28,0.16
1784738894.9832,09:48:14.983,0.96,0.23,0.17
1784738895.483,09:48:15.483,0.97,0.17,0.18
1784738895.9833,09:48:15.983,0.97,0.17,0.19
1784738896.4827,09:48:16.482,0.96,0.21,0.16
1784738896.9818,09:48:16.981,0.96,0.25,0.12
1784738897.4818,09:48:17.481,0.95,0.29,0.08
1784738897.9821,09:48:17.982,0.95,0.29,0.08
1784738898.4814,09:48:18.481,0.95,0.30,0.08
1784738898.9816,09:48:18.981,0.95,0.29,0.08
1784738899.4814,09:48:19.481,0.95,0.28,0.11
1784738899.9807,09:48:19.980,0.95,0.26,0.15
1784738900.4811,09:48:20.481,0.95,0.26,0.16
1784738900.9812,09:48:20.981,0.94,0.30,0.13
1784738901.4805,09:48:21.480,0.94,0.32,0.12
1784738901.9805,09:48:21.980,0.95,0.31,0.11
1784738902.4806,09:48:22.480,0.95,0.28,0.13
1784738902.98,09:48:22.980,0.95,0.27,0.13
1784738903.4798,09:48:23.479,0.96,0.26,0.15
1784738903.9797,09:48:23.979,0.96,0.24,0.11
1784738904.4791,09:48:24.479,0.96,0.29,0.05
1784738904.9789,09:48:24.978,0.95,0.31,0.03
1784738905.4792,09:48:25.479,0.95,0.31,0.08
1784738905.9792,09:48:25.979,0.95,0.30,0.09
1784738906.4788,09:48:26.478,0.95,0.31,0.09
1784738906.9789,09:48:26.978,0.95,0.31,0.09
1784738907.4783,09:48:27.478,0.84,0.54,-0.09
1784738907.9782,09:48:27.978,0.86,0.51,-0.04
1784738908.4782,09:48:28.478,0.86,0.50,-0.03
1784738908.9778,09:48:28.977,0.90,0.45,0.00
1784738909.4773,09:48:29.477,0.90,0.43,-0.02
1784738909.9775,09:48:29.977,0.89,0.45,-0.03
1784738910.4773,09:48:30.477,0.96,0.24,0.14
1784738910.9766,09:48:30.976,0.96,0.24,0.14
1784738911.4766,09:48:31.476,0.96,0.21,0.17
1784738911.9764,09:48:31.976,0.97,0.16,0.18
1784738912.4759,09:48:32.475,0.97,0.14,0.19
1784738912.9761,09:48:32.976,0.97,0.13,0.19
1784738913.4761,09:48:33.476,0.97,0.13,0.19
1784738913.9756,09:48:33.975,0.97,0.15,0.21
1784738914.4758,09:48:34.475,0.96,0.16,0.21
1784738914.9756,09:48:34.975,0.96,0.16,0.21
1784738915.4749,09:48:35.474,0.97,0.15,0.21
1784738915.9749,09:48:35.974,0.97,0.14,0.21
1784738916.4751,09:48:36.475,0.97,0.11,0.22
1784738916.9745,09:48:36.974,0.97,0.11,0.21
1784738917.4747,09:48:37.474,0.97,0.11,0.20
1784738917.9748,09:48:37.974,0.97,0.17,0.15
1784738918.4742,09:48:38.474,0.97,0.21,0.13
1784738918.9742,09:48:38.974,0.97,0.23,0.13
1784738919.4743,09:48:39.474,0.96,0.23,0.13
1784738919.9739,09:48:39.973,0.97,0.22,0.13
1784738920.4737,09:48:40.473,0.97,0.23,0.10
1784738920.9738,09:48:40.973,0.97,0.22,0.05
1784738921.4732,09:48:41.473,0.97,0.22,0.07
1784738921.9727,09:48:41.972,0.98,0.16,0.12
1784738922.473,09:48:42.473,0.98,0.14,0.14
1784738922.9728,09:48:42.972,0.98,0.14,0.14
1784738923.4722,09:48:43.472,0.98,0.13,0.14
1784738923.9723,09:48:43.972,0.98,0.14,0.16
1784738924.4723,09:48:44.472,0.97,0.18,0.15
1784738924.9715,09:48:44.971,0.97,0.17,0.17
1784738925.4718,09:48:45.471,0.93,0.36,0.01
1784738925.972,09:48:45.972,0.93,0.36,0.01
1784738926.472,09:48:46.472,0.93,0.35,-0.01
1784738926.9721,09:48:46.972,0.93,0.35,-0.01
1784738927.4715,09:48:47.471,0.93,0.36,-0.02
1784738927.9711,09:48:47.971,0.97,0.17,0.17
1784738928.4712,09:48:48.471,0.97,0.20,0.16
1784738928.9708,09:48:48.970,0.91,0.42,-0.02
1784738929.4702,09:48:49.470,0.90,0.43,-0.02
1784738929.9708,09:48:49.970,0.93,0.37,0.02
1784738930.471,09:48:50.471,0.95,0.30,0.08
1784738930.9707,09:48:50.970,0.95,0.31,0.08
1784738931.4705,09:48:51.470,0.95,0.31,0.07
1784738931.9703,09:48:51.970,0.96,0.28,0.08
1784738932.4698,09:48:52.469,0.96,0.26,0.07
1784738932.9696,09:48:52.969,0.96,0.26,0.08
1784738933.47,09:48:53.470,0.97,0.25,0.07
1784738933.9697,09:48:53.969,0.97,0.24,0.06
1784738934.4693,09:48:54.469,0.95,0.30,0.02
1784738934.9695,09:48:54.969,0.93,0.37,-0.05
1784738935.4688,09:48:55.468,0.90,0.43,-0.09
1784738935.9683,09:48:55.968,0.89,0.45,-0.06
1784738936.4684,09:48:56.468,0.90,0.43,-0.04
1784738936.9681,09:48:56.968,0.90,0.43,-0.03
1784738937.4679,09:48:57.467,0.90,0.43,-0.01
1784738937.9684,09:48:57.968,0.90,0.44,-0.01
1784738938.4682,09:48:58.468,0.90,0.44,-0.02
1784738938.9678,09:48:58.967,0.93,0.37,-0.01
1784738939.4679,09:48:59.467,0.93,0.37,-0.03
1784738939.9675,09:48:59.967,0.92,0.40,-0.05
1784738940.4671,09:49:00.467,0.89,0.44,-0.08
1784738940.9674,09:49:00.967,0.88,0.47,-0.10
1784738941.4672,09:49:01.467,0.86,0.50,-0.10
1784738941.9665,09:49:01.966,0.91,0.41,-0.03
1784738942.4668,09:49:02.466,0.95,0.29,0.08
1784738942.9664,09:49:02.966,0.96,0.24,0.11
1784738943.4656,09:49:03.465,0.97,0.24,0.10
1784738943.9659,09:49:03.965,0.96,0.27,0.07
1784738944.4662,09:49:04.466,0.96,0.28,0.05
1784738944.9657,09:49:04.965,0.95,0.30,0.04
1784738945.4657,09:49:05.465,0.94,0.35,0.01
1784738945.9657,09:49:05.965,0.92,0.38,0.00
1784738946.4654,09:49:06.465,0.92,0.38,-0.01
1784738946.965,09:49:06.965,0.93,0.37,0.00
1784738947.465,09:49:07.465,0.94,0.35,0.00
1784738947.9649,09:49:07.964,0.90,0.43,-0.07
1784738948.4645,09:49:08.464,0.97,0.21,0.12
1784738948.9646,09:49:08.964,0.85,0.51,-0.14
1784738949.4645,09:49:09.464,0.87,0.48,-0.12
1784738949.9641,09:49:09.964,0.91,0.41,-0.07
1784738950.4641,09:49:10.464,0.91,0.41,-0.07
1784738950.9638,09:49:10.963,0.92,0.40,-0.05
1784738951.4634,09:49:11.463,0.91,0.41,-0.07
1784738951.9634,09:49:11.963,0.91,0.41,-0.07
1784738952.4633,09:49:12.463,0.90,0.43,-0.07
1784738954.2023,09:49:14.202,0.90,0.42,-0.06
1784738954.7028,09:49:14.702,0.93,0.38,-0.03
1784738955.203,09:49:15.203,0.95,0.31,0.00
1784738955.7037,09:49:15.703,0.95,0.31,0.00
1784738956.2041,09:49:16.204,0.96,0.29,0.02
1784738956.7038,09:49:16.703,0.96,0.28,0.04
1784738957.2047,09:49:17.204,0.96,0.28,0.03
1784738957.7044,09:49:17.704,0.96,0.29,0.02
1784738958.204,09:49:18.204,0.95,0.31,0.00
1784738958.7045,09:49:18.704,0.95,0.32,-0.03
1784738959.2045,09:49:19.204,0.94,0.33,-0.05
1784738959.7041,09:49:19.704,0.94,0.34,-0.05
1784738960.2043,09:49:20.204,0.96,0.28,-0.01
1784738960.7043,09:49:20.704,0.97,0.24,0.03
1784738961.204,09:49:21.204,0.97,0.00,0.24
1784738961.7041,09:49:21.704,0.97,0.00,0.23
1784738962.204,09:49:22.204,0.98,0.05,0.20
1784738962.7034,09:49:22.703,0.96,0.27,0.02
1784738963.2033,09:49:23.203,0.96,0.27,0.02
1784738963.7033,09:49:23.703,0.96,0.26,0.06
1784738964.203,09:49:24.203,0.97,0.21,0.10
1784738964.703,09:49:24.703,0.97,0.20,0.10
1784738965.2031,09:49:25.203,0.98,0.20,0.08
1784738965.7029,09:49:25.702,0.98,0.21,0.06
1784738966.2026,09:49:26.202,0.97,0.26,0.01
1784738966.7028,09:49:26.702,0.95,0.32,-0.03
1784738967.2021,09:49:27.202,0.92,0.38,-0.05
1784738967.7019,09:49:27.701,0.93,0.37,-0.04
1784738968.202,09:49:28.202,0.93,0.37,-0.02
1784738968.7015,09:49:28.701,0.89,0.45,-0.08
1784738969.2013,09:49:29.201,0.89,0.45,-0.08
1784738969.7014,09:49:29.701,0.90,0.43,-0.08
1784738970.201,09:49:30.201,0.91,0.41,-0.09
1784738970.7003,09:49:30.700,0.93,0.37,-0.07
1784738971.2007,09:49:31.200,0.95,0.32,-0.03
1784738971.7006,09:49:31.700,0.94,0.33,-0.01
1784738972.2002,09:49:32.200,0.94,0.33,-0.02
1784738972.7005,09:49:32.700,0.94,0.33,-0.02
1784738973.2003,09:49:33.200,0.95,0.33,-0.01
1784738973.6996,09:49:33.699,0.95,0.30,0.04
1784738974.1998,09:49:34.199,0.96,0.28,0.08
1784738974.6993,09:49:34.699,0.96,0.28,0.09
1784738975.199,09:49:35.199,0.95,0.30,0.07
1784738975.6995,09:49:35.699,0.95,0.30,0.07
1784738976.1993,09:49:36.199,0.97,0.05,0.26
1784738976.6988,09:49:36.698,0.97,0.03,0.26
1784738977.1988,09:49:37.198,0.96,0.02,0.28
1784738977.6986,09:49:37.698,0.97,0.18,0.14
1784738978.1981,09:49:38.198,0.97,0.12,0.19
1784738978.6983,09:49:38.698,0.97,0.09,0.21
1784738979.1984,09:49:39.198,0.97,0.09,0.20
1784738979.6981,09:49:39.698,0.98,0.10,0.19
1784738980.198,09:49:40.198,0.95,0.00,0.30
1784738980.6984,09:49:40.698,0.96,0.01,0.30
1784738981.1977,09:49:41.197,0.98,0.15,0.15
1784738981.6973,09:49:41.697,0.98,0.18,0.12
1784738982.1976,09:49:42.197,0.97,0.21,0.11
1784738982.697,09:49:42.697,0.97,0.24,0.09
1784738983.1967,09:49:43.196,0.97,0.24,0.09
1784738983.6972,09:49:43.697,0.97,0.21,0.10
1784738984.1968,09:49:44.196,0.97,0.22,0.08
1784738984.6964,09:49:44.696,0.96,0.29,-0.01
1784738985.1965,09:49:45.196,0.96,0.27,-0.04
1784738985.6962,09:49:45.696,0.97,0.23,-0.01
1784738986.196,09:49:46.196,0.97,0.25,0.03
1784738986.6963,09:49:46.696,0.96,0.27,0.03
1784738987.1959,09:49:47.195,0.96,0.28,0.04
1784738987.6962,09:49:47.696,0.96,0.28,0.02
1784738988.1964,09:49:48.196,0.96,0.28,0.02
1784738988.6959,09:49:48.695,0.96,0.28,0.03
1784738989.1953,09:49:49.195,0.96,0.28,0.04
1784738989.6954,09:49:49.695,0.96,0.28,0.04
1784738990.1952,09:49:50.195,0.93,0.37,-0.02
1784738990.6947,09:49:50.694,0.91,0.41,-0.05
1784738991.1947,09:49:51.194,0.91,0.42,-0.05
1784738991.6946,09:49:51.694,0.91,0.42,-0.04
1784738992.1946,09:49:52.194,0.91,0.41,-0.04
1784738992.6946,09:49:52.694,0.91,0.41,-0.05
1784738993.1946,09:49:53.194,0.94,0.35,-0.02
1784738993.6941,09:49:53.694,0.96,0.28,0.03
1784738994.1939,09:49:54.193,0.97,0.22,0.09
1784738994.6939,09:49:54.693,0.97,0.23,0.10
1784738995.1934,09:49:55.193,0.97,0.25,0.06
1784738995.6934,09:49:55.693,0.94,0.35,-0.02
1784738996.1936,09:49:56.193,0.89,0.44,-0.13
1784738996.6931,09:49:56.693,0.88,0.45,-0.16
1784738997.1932,09:49:57.193,0.85,0.49,-0.20
1784738997.6935,09:49:57.693,0.83,0.53,-0.19
1784738998.1936,09:49:58.193,0.84,0.53,-0.15
1784738998.6934,09:49:58.693,0.87,0.50,-0.07
1784738999.1934,09:49:59.193,0.90,0.43,-0.06
1784738999.6932,09:49:59.693,0.91,0.39,-0.10
1784739000.1929,09:50:00.192,0.92,0.37,-0.12
1784739000.6935,09:50:00.693,0.95,0.31,-0.08
1784739001.1932,09:50:01.193,0.96,0.26,-0.06
1784739001.693,09:50:01.693,0.97,0.25,-0.07
1784739002.1935,09:50:02.193,0.98,0.21,-0.04
1784739002.6929,09:50:02.692,0.99,0.15,-0.01
1784739003.1933,09:50:03.193,0.99,0.13,0.01
1784739003.6932,09:50:03.693,0.99,0.14,0.04
1784739004.1924,09:50:04.192,0.97,0.24,-0.03
1784739004.6919,09:50:04.691,0.94,0.32,-0.09
1784739005.1917,09:50:05.191,0.90,0.41,-0.16
1784739005.691,09:50:05.691,0.89,0.43,-0.16
1784739006.191,09:50:06.191,0.89,0.43,-0.15
1784739006.6909,09:50:06.690,0.94,0.34,-0.06
1784739007.1911,09:50:07.191,0.94,0.34,-0.06
1784739007.6904,09:50:07.690,0.94,0.35,-0.06
1784739008.1912,09:50:08.191,0.91,0.39,-0.10
1784739008.6911,09:50:08.691,0.92,0.39,-0.11
1784739009.1909,09:50:09.190,0.94,0.34,-0.07
1784739009.6905,09:50:09.690,0.96,0.28,-0.04
1784739010.1907,09:50:10.190,0.96,0.27,-0.03
1784739010.6898,09:50:10.689,0.96,0.29,0.00
1784739011.1898,09:50:11.189,0.95,0.31,-0.02
1784739011.6902,09:50:11.690,0.94,0.33,-0.02
1784739012.1898,09:50:12.189,0.93,0.37,-0.04
1784739012.6898,09:50:12.689,0.94,0.35,-0.04
1784739013.1895,09:50:13.189,0.93,0.37,-0.06
1784739013.6895,09:50:13.689,0.93,0.37,-0.08
1784739014.1895,09:50:14.189,0.93,0.35,-0.08
1784739014.689,09:50:14.689,0.94,0.34,-0.06
1784739015.1882,09:50:15.188,0.95,0.30,-0.03
1784739015.6875,09:50:15.687,0.96,0.28,-0.02
1784739016.1874,09:50:16.187,0.98,0.18,0.08
1784739016.6875,09:50:16.687,0.98,0.17,0.09
1784739017.187,09:50:17.187,0.98,0.16,0.12
1784739017.6866,09:50:17.686,0.98,0.17,0.12
1784739018.1869,09:50:18.186,0.97,0.20,0.10
1784739018.6863,09:50:18.686,0.97,0.20,0.10
1784739019.1862,09:50:19.186,0.97,0.20,0.11
1784739019.6863,09:50:19.686,0.97,0.20,0.11
1784739020.1856,09:50:20.185,0.97,0.23,0.09
1784739020.6855,09:50:20.685,0.97,0.23,0.10
1784739021.1853,09:50:21.185,0.96,0.26,0.08
1784739021.6848,09:50:21.684,0.96,0.26,0.07
1784739022.1847,09:50:22.184,0.96,0.26,0.07
1784739022.685,09:50:22.685,0.96,0.29,0.04
1784739023.1844,09:50:23.184,0.95,0.30,0.05
1784739023.6845,09:50:23.684,0.93,0.37,0.00
1784739024.1846,09:50:24.184,0.93,0.36,-0.01
1784739024.6836,09:50:24.683,0.95,0.31,0.00
1784739025.1835,09:50:25.183,0.95,0.31,0.00
1784739025.6838,09:50:25.683,0.94,0.34,-0.03
1784739026.1833,09:50:26.183,0.93,0.36,-0.03
1784739026.6829,09:50:26.682,0.92,0.38,-0.05
1784739027.183,09:50:27.183,0.92,0.39,-0.07
1784739027.6827,09:50:27.682,0.86,0.48,-0.17
1784739028.1823,09:50:28.182,0.85,0.49,-0.20
1784739028.683,09:50:28.683,0.85,0.49,-0.20
1784739029.1827,09:50:29.182,0.90,0.42,-0.09
1784739029.6824,09:50:29.682,0.94,0.35,-0.01
1784739030.1822,09:50:30.182,0.94,0.35,0.00
1784739030.6817,09:50:30.681,0.94,0.34,0.02
1784739031.1814,09:50:31.181,0.97,0.19,0.16
1784739031.6817,09:50:31.681,0.97,0.19,0.15
1784739032.1813,09:50:32.181,0.97,0.18,0.13
1784739032.6808,09:50:32.680,0.98,0.19,0.11
1784739033.1813,09:50:33.181,0.97,0.21,0.08
1784739033.6816,09:50:33.681,0.97,0.23,0.04
1784739034.1812,09:50:34.181,0.97,0.22,0.05
1784739034.6815,09:50:34.681,0.97,0.23,0.04
1784739035.1816,09:50:35.181,0.97,0.23,0.04
1784739035.6811,09:50:35.681,0.96,0.27,0.01
1784739036.1811,09:50:36.181,0.95,0.32,-0.05
1784739036.6806,09:50:36.680,0.94,0.33,-0.05
1784739037.1799,09:50:37.179,0.94,0.34,-0.05
1784739037.6795,09:50:37.679,0.91,0.41,-0.09
1784739038.1794,09:50:38.179,0.87,0.47,-0.15
1784739038.6786,09:50:38.678,0.87,0.47,-0.14
1784739039.1787,09:50:39.178,0.85,0.50,-0.16
1784739039.6788,09:50:39.678,0.82,0.54,-0.21
1784739040.1779,09:50:40.177,0.82,0.54,-0.21
1784739040.6778,09:50:40.677,0.83,0.53,-0.18
1784739041.178,09:50:41.178,0.88,0.48,-0.08
1784739041.6773,09:50:41.677,0.88,0.48,-0.08
1784739042.1773,09:50:42.177,0.86,0.50,-0.12
1784739042.6777,09:50:42.677,0.87,0.49,-0.10
1784739043.1774,09:50:43.177,0.87,0.48,-0.14
1784739043.6773,09:50:43.677,0.86,0.47,-0.17
1784739044.1773,09:50:44.177,0.86,0.47,-0.19
1784739044.6768,09:50:44.676,0.91,0.39,-0.12
1784739045.1764,09:50:45.176,0.94,0.33,-0.06
1784739045.6765,09:50:45.676,0.94,0.33,-0.06
1784739046.1761,09:50:46.176,0.93,0.36,-0.08
1784739046.6759,09:50:46.675,0.92,0.39,-0.09
1784739047.176,09:50:47.176,0.88,0.45,-0.14
1784739047.6761,09:50:47.676,0.85,0.49,-0.18
1784739048.1755,09:50:48.175,0.85,0.50,-0.16
1784739048.6756,09:50:48.675,0.84,0.51,-0.16
1784739049.1755,09:50:49.175,0.84,0.52,-0.17
1784739049.6752,09:50:49.675,0.84,0.51,-0.20
1784739050.1755,09:50:50.175,0.85,0.50,-0.19
1784739050.6749,09:50:50.674,0.85,0.50,-0.19
1784739051.1742,09:50:51.174,0.90,0.43,-0.10
1784739051.6742,09:50:51.674,0.93,0.37,-0.04
1784739052.1741,09:50:52.174,0.93,0.37,-0.04
1784739052.6734,09:50:52.673,0.91,0.39,-0.10
1784739053.1736,09:50:53.173,0.89,0.44,-0.14
1784739053.6739,09:50:53.673,0.84,0.50,-0.20
1784739054.1732,09:50:54.173,0.83,0.51,-0.20
1784739054.6732,09:50:54.673,0.86,0.48,-0.17
1784739055.1733,09:50:55.173,0.87,0.47,-0.17
1784739055.6725,09:50:55.672,0.89,0.43,-0.11
1784739056.1726,09:50:56.172,0.89,0.44,-0.07
1784739056.6726,09:50:56.672,0.90,0.44,-0.07
1784739057.1721,09:50:57.172,0.90,0.44,-0.07
1784739057.672,09:50:57.672,0.92,0.38,-0.05
1784739058.1722,09:50:58.172,0.94,0.34,-0.02
1784739058.6717,09:50:58.671,0.97,0.23,0.02
1784739059.1715,09:50:59.171,0.97,0.23,0.00
1784739059.6718,09:50:59.671,0.98,0.22,-0.02
1784739060.1714,09:51:00.171,0.96,0.27,-0.05
1784739060.6713,09:51:00.671,0.96,0.27,-0.05
1784739061.1716,09:51:01.171,0.96,0.27,-0.07
1784739061.6712,09:51:01.671,0.96,0.26,-0.08
1784739062.1709,09:51:02.170,0.95,0.30,-0.12
1784739062.671,09:51:02.671,0.91,0.37,-0.18
1784739063.1708,09:51:03.170,0.88,0.43,-0.22
1784739063.6703,09:51:03.670,0.85,0.47,-0.24
1784739064.1703,09:51:04.170,0.84,0.48,-0.25
1784739064.67,09:51:04.670,0.84,0.48,-0.25
1784739065.1695,09:51:05.169,0.85,0.47,-0.24
1784739065.6696,09:51:05.669,0.86,0.45,-0.22
1784739066.1699,09:51:06.169,0.86,0.45,-0.22
1784739066.6691,09:51:06.669,0.85,0.45,-0.26
1784739067.1692,09:51:07.169,0.84,0.46,-0.28
1784739067.6694,09:51:07.669,0.86,0.43,-0.29
1784739068.1689,09:51:08.168,0.88,0.39,-0.25
1784739068.6692,09:51:08.669,0.88,0.41,-0.23
1784739069.1688,09:51:09.168,0.89,0.43,-0.18
1784739069.6683,09:51:09.668,0.88,0.44,-0.15
1784739070.1679,09:51:10.167,0.92,0.38,-0.08
1784739070.6678,09:51:10.667,0.93,0.37,-0.07
1784739071.1674,09:51:11.167,0.95,0.30,-0.04
1784739071.6679,09:51:11.667,0.96,0.27,-0.03
1784739072.1678,09:51:12.167,0.96,0.27,-0.03
1784739072.6678,09:51:12.667,0.95,0.30,-0.04
1784739073.1679,09:51:13.167,0.92,0.38,-0.10
1784739073.6678,09:51:13.667,0.89,0.43,-0.15
1784739074.167,09:51:14.167,0.86,0.47,-0.20
1784739074.6667,09:51:14.666,0.85,0.48,-0.21
1784739075.1667,09:51:15.166,0.82,0.52,-0.23
1784739075.6664,09:51:15.666,0.81,0.54,-0.24
1784739076.1658,09:51:16.165,0.80,0.55,-0.22
1784739076.6661,09:51:16.666,0.87,0.48,-0.14
1784739077.1661,09:51:17.166,0.92,0.39,-0.07
1784739077.6657,09:51:17.665,0.91,0.38,-0.12
1784739078.1661,09:51:18.166,0.91,0.40,-0.15
1784739078.6662,09:51:18.666,0.90,0.41,-0.16
1784739079.1658,09:51:19.165,0.89,0.42,-0.17
1784739079.6663,09:51:19.666,0.87,0.46,-0.18
1784739080.1661,09:51:20.166,0.87,0.46,-0.18
1784739080.6655,09:51:20.665,0.87,0.46,-0.18
1784739081.1658,09:51:21.165,0.87,0.46,-0.18
1784739081.6658,09:51:21.665,0.89,0.43,-0.14
1784739082.1653,09:51:22.165,0.89,0.43,-0.14
1784739082.6656,09:51:22.665,0.89,0.43,-0.13
1784739083.165,09:51:23.165,0.90,0.41,-0.13
1784739083.6645,09:51:23.664,0.92,0.38,-0.09
1784739084.1647,09:51:24.164,0.93,0.35,-0.14
1784739084.6644,09:51:24.664,0.96,0.27,-0.09
1784739085.1639,09:51:25.163,0.96,0.27,-0.11
1784739085.6641,09:51:25.664,0.97,0.24,-0.08
1784739086.164,09:51:26.164,0.97,0.24,-0.08
1784739086.6634,09:51:26.663,0.99,0.16,-0.01
1784739087.1635,09:51:27.163,0.99,0.15,0.00
1784739087.6637,09:51:27.663,0.99,0.14,-0.03
1784739088.1635,09:51:28.163,0.96,0.24,-0.12
1784739088.6635,09:51:28.663,0.91,0.34,-0.22
1784739089.1635,09:51:29.163,0.85,0.42,-0.30
1784739089.663,09:51:29.663,0.84,0.46,-0.29
1784739090.1624,09:51:30.162,0.82,0.48,-0.31
1784739090.6623,09:51:30.662,0.77,0.53,-0.34
1784739091.1617,09:51:31.161,0.78,0.53,-0.34
1784739091.6614,09:51:31.661,0.81,0.50,-0.31
1784739092.1617,09:51:32.161,0.82,0.50,-0.27
1784739092.6615,09:51:32.661,0.83,0.49,-0.27
1784739093.1612,09:51:33.161,0.83,0.49,-0.27
1784739093.6614,09:51:33.661,0.80,0.51,-0.31
1784739094.1615,09:51:34.161,0.80,0.51,-0.31
1784739094.6613,09:51:34.661,0.81,0.50,-0.31
1784739095.1614,09:51:35.161,0.87,0.43,-0.25
1784739095.6613,09:51:35.661,0.95,0.28,-0.11
1784739096.1606,09:51:36.160,0.96,0.27,-0.08
1784739096.6611,09:51:36.661,0.96,0.26,-0.08
1784739097.1609,09:51:37.160,0.95,0.30,-0.11
1784739097.6601,09:51:37.660,0.90,0.39,-0.20
1784739098.1601,09:51:38.160,0.88,0.43,-0.22
1784739098.6602,09:51:38.660,0.88,0.43,-0.20
1784739099.1594,09:51:39.159,0.90,0.41,-0.12
1784739099.6593,09:51:39.659,0.90,0.41,-0.12
1784739100.1592,09:51:40.159,0.87,0.47,-0.19
1784739100.659,09:51:40.659,0.82,0.51,-0.24
1784739101.1589,09:51:41.158,0.81,0.52,-0.28
1784739101.6587,09:51:41.658,0.80,0.52,-0.28
1784739102.1584,09:51:42.158,0.84,0.49,-0.24
1784739102.6582,09:51:42.658,0.84,0.49,-0.24
1784739103.1581,09:51:43.158,0.83,0.50,-0.25
1784739103.6579,09:51:43.657,0.82,0.51,-0.25
1784739104.1578,09:51:44.157,0.81,0.51,-0.29
1784739104.6581,09:51:44.658,0.76,0.56,-0.33
1784739105.1573,09:51:45.157,0.71,0.60,-0.36
1784739105.657,09:51:45.657,0.71,0.60,-0.36
1784739106.1572,09:51:46.157,0.72,0.59,-0.37
1784739106.6571,09:51:46.657,0.76,0.56,-0.32
1784739107.1567,09:51:47.156,0.82,0.52,-0.24
1784739107.657,09:51:47.657,0.84,0.50,-0.20
1784739108.1569,09:51:48.156,0.84,0.50,-0.19
1784739108.6564,09:51:48.656,0.85,0.49,-0.18
1784739109.1567,09:51:49.156,0.85,0.47,-0.21
1784739109.6563,09:51:49.656,0.86,0.46,-0.24
1784739110.1558,09:51:50.155,0.91,0.37,-0.17
1784739110.6562,09:51:50.656,0.96,0.27,-0.09
1784739111.1557,09:51:51.155,0.98,0.18,-0.01
1784739111.6553,09:51:51.655,0.99,0.09,0.06
1784739112.1556,09:51:52.155,0.99,0.11,0.08
1784739112.6552,09:51:52.655,0.98,0.18,0.02
1784739113.1549,09:51:53.154,0.95,0.30,-0.08
1784739113.6549,09:51:53.654,0.92,0.37,-0.13
1784739114.1546,09:51:54.154,0.92,0.37,-0.13
1784739114.654,09:51:54.654,0.91,0.39,-0.14
1784739115.1541,09:51:55.154,0.90,0.41,-0.14
1784739115.6544,09:51:55.654,0.88,0.45,-0.15
1784739116.154,09:51:56.154,0.87,0.46,-0.15
1784739116.6539,09:51:56.653,0.84,0.50,-0.20
1784739117.1543,09:51:57.154,0.78,0.56,-0.28
1784739117.654,09:51:57.654,0.79,0.55,-0.27
1784739118.154,09:51:58.154,0.79,0.54,-0.29
1784739118.6543,09:51:58.654,0.82,0.50,-0.27
1784739119.1542,09:51:59.154,0.83,0.49,-0.26
1784739119.654,09:51:59.654,0.84,0.49,-0.24
1784739120.1541,09:52:00.154,0.85,0.48,-0.23
1784739120.6533,09:52:00.653,0.86,0.47,-0.20
1784739121.1526,09:52:01.152,0.88,0.46,-0.15
1784739121.653,09:52:01.653,0.91,0.40,-0.11
1784739122.1529,09:52:02.152,0.92,0.37,-0.08
1784739122.6524,09:52:02.652,0.93,0.37,-0.08
1784739123.1527,09:52:03.152,0.93,0.36,-0.11
1784739123.6523,09:52:03.652,0.93,0.34,-0.15
1784739124.1522,09:52:04.152,0.95,0.30,-0.11
1784739124.6525,09:52:04.652,0.96,0.27,-0.08
1784739125.1521,09:52:05.152,0.96,0.27,-0.07
1784739125.6516,09:52:05.651,0.95,0.30,-0.08
1784739126.1516,09:52:06.151,0.94,0.33,-0.11
1784739126.6513,09:52:06.651,0.92,0.37,-0.16
1784739127.1511,09:52:07.151,0.86,0.46,-0.24
1784739127.6514,09:52:07.651,0.80,0.52,-0.31
1784739128.1508,09:52:08.150,0.75,0.56,-0.34
1784739128.6503,09:52:08.650,0.75,0.58,-0.33
1784739129.1503,09:52:09.150,0.97,0.24,0.02
1784739129.6501,09:52:09.650,0.98,0.21,0.07
1784739130.1493,09:52:10.149,0.80,0.55,-0.22
1784739130.6498,09:52:10.649,0.81,0.54,-0.21
1784739131.1496,09:52:11.149,0.86,0.48,-0.16
1784739131.6491,09:52:11.649,0.88,0.45,-0.16
1784739132.1487,09:52:12.148,0.92,0.38,-0.11
1784739132.649,09:52:12.649,0.91,0.39,-0.12
1784739133.1485,09:52:13.148,0.89,0.43,-0.15
1784739133.6483,09:52:13.648,0.88,0.45,-0.18
1784739134.1484,09:52:14.148,0.88,0.46,-0.15
1784739134.648,09:52:14.648,0.93,0.36,-0.06
1784739135.1479,09:52:15.147,0.95,0.30,0.02
1784739135.6484,09:52:15.648,0.95,0.31,0.05
1784739136.1478,09:52:16.147,0.94,0.34,0.03
1784739136.6474,09:52:16.647,0.94,0.34,0.02
1784739137.1477,09:52:17.147,0.95,0.32,0.02
1784739137.6469,09:52:17.646,0.96,0.29,0.05
1784739138.1468,09:52:18.146,0.96,0.02,0.28
1784739138.6471,09:52:18.647,0.96,0.04,0.26
1784739139.1469,09:52:19.146,0.97,0.07,0.22
1784739139.6463,09:52:19.646,0.97,0.08,0.21
1784739140.1466,09:52:20.146,0.98,0.10,0.20
1784739140.646,09:52:20.646,0.97,0.13,0.19
1784739141.1455,09:52:21.145,0.97,0.14,0.19
1784739141.6455,09:52:21.645,0.97,0.13,0.21
1784739142.1454,09:52:22.145,0.97,0.22,0.13
1784739142.645,09:52:22.645,0.96,0.25,0.10
1784739143.1453,09:52:23.145,0.97,0.24,0.09
1784739143.6451,09:52:23.645,0.98,0.18,0.10
1784739144.1446,09:52:24.144,0.98,0.15,0.12
1784739144.6446,09:52:24.644,0.98,0.13,0.13
1784739145.1449,09:52:25.144,0.99,0.08,0.14
1784739145.6441,09:52:25.644,0.99,0.08,0.13
1784739146.1442,09:52:26.144,0.99,0.12,0.10
1784739146.6443,09:52:26.644,0.99,0.13,0.09
1784739147.1438,09:52:27.143,0.99,0.12,0.08
1784739147.6438,09:52:27.643,0.99,0.12,0.07
1784739148.1445,09:52:28.144,0.99,0.06,0.13
1784739148.6437,09:52:28.643,0.99,0.06,0.12
1784739149.144,09:52:29.144,0.99,0.08,0.11
1784739149.6442,09:52:29.644,0.98,0.18,0.04
1784739150.1435,09:52:30.143,0.96,0.27,-0.02
1784739150.6433,09:52:30.643,0.96,0.26,-0.02
1784739151.1432,09:52:31.143,0.96,0.27,-0.03
1784739151.6424,09:52:31.642,0.96,0.27,-0.03
1784739152.1425,09:52:32.142,0.95,0.32,-0.07
1784739152.6428,09:52:32.642,0.92,0.38,-0.12
1784739153.1422,09:52:33.142,0.91,0.38,-0.13
1784739153.642,09:52:33.642,0.92,0.38,-0.13
1784739154.1421,09:52:34.142,0.95,0.31,-0.07
1784739154.6419,09:52:34.641,0.95,0.32,-0.04
1784739155.1417,09:52:35.141,0.94,0.33,-0.05
1784739155.6417,09:52:35.641,0.89,0.43,-0.13
1784739156.1413,09:52:36.141,0.87,0.47,-0.14
1784739156.641,09:52:36.641,0.87,0.47,-0.14
1784739157.141,09:52:37.141,0.90,0.41,-0.13
1784739157.641,09:52:37.641,0.91,0.39,-0.13
1784739158.1404,09:52:38.140,0.91,0.38,-0.15
1784739158.6407,09:52:38.640,0.91,0.38,-0.16
1784739159.1407,09:52:39.140,0.92,0.37,-0.15
1784739159.6404,09:52:39.640,0.93,0.35,-0.14
1784739160.1404,09:52:40.140,0.93,0.35,-0.14
1784739160.6401,09:52:40.640,0.93,0.34,-0.12
1784739161.1397,09:52:41.139,0.93,0.35,-0.08
1784739161.6398,09:52:41.639,0.93,0.36,-0.10
1784739162.1398,09:52:42.139,0.93,0.34,-0.12
1784739162.6393,09:52:42.639,0.93,0.35,-0.14
1784739163.1391,09:52:43.139,0.91,0.37,-0.16
1784739163.6392,09:52:43.639,0.89,0.41,-0.19
1784739164.139,09:52:44.139,0.88,0.45,-0.18
1784739164.6389,09:52:44.638,0.84,0.50,-0.21
1784739165.1391,09:52:45.139,0.81,0.53,-0.24
1784739165.6384,09:52:45.638,0.82,0.53,-0.22
1784739166.1386,09:52:46.138,0.83,0.51,-0.21
1784739166.6385,09:52:46.638,0.87,0.46,-0.17
1784739167.1379,09:52:47.137,0.87,0.46,-0.17
1784739167.6377,09:52:47.637,0.87,0.46,-0.17
1784739168.1376,09:52:48.137,0.86,0.49,-0.17
1784739168.6371,09:52:48.637,0.85,0.49,-0.17
1784739169.1367,09:52:49.136,0.85,0.50,-0.16
1784739169.6372,09:52:49.637,0.87,0.48,-0.14
1784739170.1369,09:52:50.136,0.91,0.41,-0.06
1784739170.6365,09:52:50.636,0.94,0.33,-0.03
1784739171.137,09:52:51.137,0.95,0.32,-0.04
1784739171.6366,09:52:51.636,0.94,0.33,-0.03
1784739172.1363,09:52:52.136,0.94,0.34,0.02
1784739172.6363,09:52:52.636,0.95,0.32,0.04
1784739173.1362,09:52:53.136,0.95,0.32,0.04
1784739173.6358,09:52:53.635,0.95,0.30,0.03
1784739174.1359,09:52:54.135,0.96,0.29,0.01
1784739174.6359,09:52:54.635,0.94,0.35,-0.04
1784739175.1352,09:52:55.135,0.90,0.43,-0.10
1784739175.6352,09:52:55.635,0.88,0.46,-0.14
1784739176.1351,09:52:56.135,0.85,0.49,-0.16
1784739176.6343,09:52:56.634,0.83,0.53,-0.17
1784739177.1348,09:52:57.134,0.81,0.55,-0.22
1784739177.6346,09:52:57.634,0.81,0.55,-0.22
1784739178.1341,09:52:58.134,0.84,0.51,-0.17
1784739178.6341,09:52:58.634,0.88,0.45,-0.12
1784739179.134,09:52:59.134,0.98,0.12,0.17
1784739179.6332,09:52:59.633,0.98,0.11,0.16
1784739180.1331,09:53:00.133,0.98,0.12,0.15
1784739180.6333,09:53:00.633,0.98,0.13,0.16
1784739181.133,09:53:01.133,0.98,0.12,0.18
1784739181.633,09:53:01.633,0.97,0.15,0.17
1784739182.1336,09:53:02.133,0.97,0.18,0.17
1784739182.6332,09:53:02.633,0.97,0.20,0.16
1784739183.1327,09:53:03.132,0.96,0.22,0.16
1784739183.6331,09:53:03.633,0.96,0.25,0.16
1784739184.1328,09:53:04.132,0.95,0.27,0.14
1784739184.6322,09:53:04.632,0.94,0.34,0.08
1784739185.1323,09:53:05.132,0.91,0.41,0.02
1784739185.632,09:53:05.632,0.90,0.44,-0.03
1784739186.1315,09:53:06.131,0.91,0.42,-0.04
1784739186.6315,09:53:06.631,0.91,0.42,-0.04
1784739187.1312,09:53:07.131,0.91,0.42,-0.05
1784739187.6308,09:53:07.630,0.92,0.39,-0.03
1784739188.1309,09:53:08.130,0.95,0.33,0.02
1784739188.6309,09:53:08.630,0.94,0.33,0.01
1784739189.1306,09:53:09.130,0.94,0.33,-0.01
1784739189.6308,09:53:09.630,0.95,0.33,-0.02
1784739190.1309,09:53:10.130,0.96,0.27,0.00
1784739190.6303,09:53:10.630,0.97,0.24,0.01
1784739191.1304,09:53:11.130,0.97,0.23,0.05
1784739191.6301,09:53:11.630,0.96,0.28,0.05
1784739192.1296,09:53:12.129,0.93,0.36,0.02
1784739192.6296,09:53:12.629,0.92,0.40,-0.02
1784739193.1295,09:53:13.129,0.92,0.40,-0.01
1784739193.6291,09:53:13.629,0.92,0.38,0.04
1784739194.129,09:53:14.129,0.93,0.37,0.05
1784739194.629,09:53:14.629,0.95,0.32,0.08
1784739195.1287,09:53:15.128,0.96,0.24,0.12
1784739195.6287,09:53:15.628,0.96,0.24,0.12
1784739196.1288,09:53:16.128,0.94,0.32,0.07
1784739196.6284,09:53:16.628,0.94,0.32,0.08
1784739197.128,09:53:17.128,0.94,0.32,0.08
1784739197.6281,09:53:17.628,0.93,0.35,0.06
1784739198.1277,09:53:18.127,0.93,0.35,0.04
1784739198.6274,09:53:18.627,0.93,0.36,0.02
1784739199.1276,09:53:19.127,0.94,0.33,0.03
1784739199.6273,09:53:19.627,0.94,0.33,0.04
1784739200.1269,09:53:20.126,0.91,0.40,0.02
1784739200.6274,09:53:20.627,0.90,0.43,0.01
1784739201.127,09:53:21.127,0.89,0.45,-0.01
1784739201.6265,09:53:21.626,0.90,0.44,-0.01
1784739202.1269,09:53:22.126,0.90,0.44,-0.02
1784739202.6266,09:53:22.626,0.91,0.42,0.03
1784739203.126,09:53:23.126,0.91,0.40,0.07
1784739203.6261,09:53:23.626,0.90,0.43,0.05
1784739204.1258,09:53:24.125,0.91,0.40,0.06
1784739204.6255,09:53:24.625,0.95,0.31,0.09
1784739205.1257,09:53:25.125,0.97,0.23,0.07
1784739205.6256,09:53:25.625,0.99,0.16,0.05
1784739206.1252,09:53:26.125,0.99,0.12,0.06
1784739206.6253,09:53:26.625,0.99,0.13,0.07
1784739207.1249,09:53:27.124,0.98,0.17,0.01
1784739207.6244,09:53:27.624,0.99,0.12,0.05
1784739208.1245,09:53:28.124,1.00,0.07,0.06
1784739208.6244,09:53:28.624,1.00,0.07,0.04
1784739209.1238,09:53:29.123,1.00,0.01,0.09
1784739209.6236,09:53:29.623,1.00,0.01,0.10
1784739210.1237,09:53:30.123,0.99,-0.01,0.11
1784739210.6231,09:53:30.623,0.99,-0.01,0.12
1784739211.123,09:53:31.123,0.99,0.00,0.13
1784739211.6232,09:53:31.623,0.99,0.09,0.08
1784739212.1229,09:53:32.122,0.99,0.15,0.03
1784739212.6227,09:53:32.622,0.99,0.15,0.03
1784739213.123,09:53:33.123,0.99,0.15,0.04
1784739213.6226,09:53:33.622,0.99,0.12,0.11
1784739214.1223,09:53:34.122,0.98,0.21,0.08
1784739214.6223,09:53:34.622,0.97,0.22,0.08
1784739215.1223,09:53:35.122,0.97,0.22,0.09
1784739215.6219,09:53:35.621,0.97,0.22,0.09
1784739216.1222,09:53:36.122,0.97,0.21,0.10
1784739216.6219,09:53:36.621,0.97,0.21,0.11
1784739217.1211,09:53:37.121,0.97,0.19,0.12
1784739217.6212,09:53:37.621,0.97,0.20,0.13
1784739218.121,09:53:38.121,0.97,0.20,0.15
1784739218.6205,09:53:38.620,0.97,0.20,0.16
1784739219.1207,09:53:39.120,0.96,0.24,0.14
1784739219.6208,09:53:39.620,0.96,0.24,0.13
1784739220.1202,09:53:40.120,0.96,0.25,0.08
1784739220.6207,09:53:40.620,0.96,0.25,0.07
1784739221.1203,09:53:41.120,0.96,0.28,0.06
1784739221.6197,09:53:41.619,0.95,0.30,0.03
1784739222.12,09:53:42.120,0.96,0.29,0.02
1784739222.6201,09:53:42.620,0.96,0.29,-0.01
1784739223.1197,09:53:43.119,0.96,0.26,0.01
1784739223.6198,09:53:43.619,0.96,0.27,0.01
1784739224.1196,09:53:44.119,0.95,0.30,0.03
1784739224.619,09:53:44.619,0.95,0.30,0.05
1784739225.1187,09:53:45.118,0.96,0.29,0.03
1784739225.6187,09:53:45.618,0.96,0.30,0.02
1784739226.1185,09:53:46.118,0.94,0.34,0.00
1784739226.6183,09:53:46.618,0.94,0.35,0.03
1784739227.1186,09:53:47.118,0.94,0.34,0.05
1784739227.6182,09:53:47.618,0.92,0.39,-0.01
1784739228.1181,09:53:48.118,0.94,0.34,0.02
1784739228.6183,09:53:48.618,0.97,0.23,0.11
1784739229.1178,09:53:49.117,0.98,0.14,0.16
1784739229.6174,09:53:49.617,0.98,0.14,0.14
1784739230.1179,09:53:50.117,0.98,0.14,0.14
1784739230.6173,09:53:50.617,0.98,0.17,0.12
1784739231.117,09:53:51.117,0.98,0.19,0.05
1784739231.6176,09:53:51.617,0.97,0.23,-0.01
1784739232.117,09:53:52.117,0.91,0.37,-0.18
1784739232.6162,09:53:52.616,0.87,0.44,-0.24
1784739233.1169,09:53:53.116,0.87,0.45,-0.21
1784739233.6163,09:53:53.616,0.94,0.33,-0.11
1784739234.1157,09:53:54.115,0.94,0.33,-0.10
1784739234.6162,09:53:54.616,0.95,0.31,-0.07
1784739235.116,09:53:55.116,0.95,0.30,-0.10
1784739235.6155,09:53:55.615,0.95,0.31,-0.11
1784739236.1153,09:53:56.115,0.94,0.31,-0.12
1784739236.6152,09:53:56.615,0.98,0.20,-0.02
1784739237.1146,09:53:57.114,0.98,0.20,-0.01
1784739237.6149,09:53:57.614,0.96,0.26,-0.06
1784739238.1149,09:53:58.114,0.92,0.36,-0.14
1784739238.6146,09:53:58.614,0.92,0.35,-0.15
1784739239.1148,09:53:59.114,0.93,0.35,-0.15
1784739239.6147,09:53:59.614,0.96,0.29,-0.04
1784739240.1139,09:54:00.113,0.94,0.34,-0.07
1784739240.614,09:54:00.614,0.92,0.37,-0.10
1784739241.1142,09:54:01.114,0.92,0.36,-0.12
1784739241.6136,09:54:01.613,0.92,0.36,-0.14
1784739242.1133,09:54:02.113,0.92,0.35,-0.15
1784739242.6135,09:54:02.613,0.94,0.32,-0.11
1784739243.1132,09:54:03.113,0.95,0.31,-0.09
1784739243.6132,09:54:03.613,0.94,0.32,-0.10
1784739244.1133,09:54:04.113,0.93,0.33,-0.13
1784739244.6127,09:54:04.612,0.92,0.35,-0.15
1784739245.1122,09:54:05.112,0.91,0.38,-0.14
1784739245.6124,09:54:05.612,0.92,0.38,-0.12
1784739246.1127,09:54:06.112,0.91,0.38,-0.13
1784739246.6121,09:54:06.612,0.92,0.38,-0.12
1784739247.1124,09:54:07.112,0.84,0.49,-0.23
1784739247.6126,09:54:07.612,0.85,0.49,-0.19
1784739248.1121,09:54:08.112,0.91,0.40,-0.11
1784739248.612,09:54:08.612,0.94,0.34,-0.10
1784739249.1115,09:54:09.111,0.94,0.33,-0.09
1784739249.6111,09:54:09.611,0.97,0.26,0.00
1784739250.1111,09:54:10.111,0.92,0.38,-0.13
1784739250.6111,09:54:10.611,0.89,0.42,-0.19
1784739251.1109,09:54:11.110,0.89,0.41,-0.17
1784739251.6113,09:54:11.611,0.91,0.38,-0.15
1784739252.1109,09:54:12.110,0.95,0.30,-0.03
1784739252.6104,09:54:12.610,0.98,0.19,0.10
1784739253.1104,09:54:13.110,0.98,0.18,0.09
1784739253.6105,09:54:13.610,0.98,0.20,0.04
1784739254.1097,09:54:14.109,0.96,0.29,-0.03
1784739254.6102,09:54:14.610,0.95,0.31,-0.05
1784739255.1101,09:54:15.110,0.95,0.30,-0.05
1784739255.6096,09:54:15.609,0.94,0.32,-0.09
1784739256.1094,09:54:16.109,0.93,0.34,-0.11
1784739256.6093,09:54:16.609,0.93,0.34,-0.10
1784739257.1091,09:54:17.109,0.94,0.34,-0.06
1784739257.609,09:54:17.609,0.94,0.33,-0.05
1784739258.1092,09:54:18.109,0.93,0.36,-0.07
1784739258.6086,09:54:18.608,0.93,0.36,-0.08
1784739259.1087,09:54:19.108,0.92,0.38,-0.08
1784739259.6087,09:54:19.608,0.92,0.38,-0.07
1784739260.108,09:54:20.108,0.92,0.39,-0.08
1784739260.6078,09:54:20.607,0.92,0.39,-0.08
1784739261.1079,09:54:21.107,0.93,0.37,-0.07
1784739261.6073,09:54:21.607,0.94,0.34,0.00
1784739262.1072,09:54:22.107,0.91,0.41,-0.09
1784739262.6075,09:54:22.607,0.92,0.39,-0.08
1784739263.1072,09:54:23.107,0.92,0.36,-0.14
1784739263.6066,09:54:23.606,0.92,0.36,-0.16
1784739264.1071,09:54:24.107,0.87,0.43,-0.24
1784739264.6067,09:54:24.606,0.96,0.27,-0.07
1784739265.1066,09:54:25.106,0.96,0.26,-0.07
1784739265.6066,09:54:25.606,0.97,0.25,-0.04
1784739266.1064,09:54:26.106,0.97,0.24,-0.03
1784739266.6059,09:54:26.605,0.97,0.25,-0.07
1784739267.1057,09:54:27.105,0.94,0.31,-0.15
1784739267.6062,09:54:27.606,0.94,0.32,-0.14
1784739268.1058,09:54:28.105,0.95,0.30,-0.10
1784739268.6057,09:54:28.605,0.98,0.22,0.01
1784739269.1057,09:54:29.105,0.95,0.31,-0.10
1784739269.6052,09:54:29.605,0.95,0.31,-0.10
1784739270.1054,09:54:30.105,0.95,0.30,-0.09
1784739270.6051,09:54:30.605,0.98,0.19,0.03
1784739271.1047,09:54:31.104,0.99,0.10,0.09
1784739271.605,09:54:31.605,0.99,0.09,0.07
1784739272.1048,09:54:32.104,0.99,0.12,0.02
1784739272.6043,09:54:32.604,0.98,0.18,-0.02
1784739273.1043,09:54:33.104,0.98,0.18,-0.01
1784739273.6042,09:54:33.604,0.98,0.18,0.00
1784739274.1041,09:54:34.104,0.99,0.17,0.03
1784739274.6037,09:54:34.603,0.99,0.13,0.08
1784739275.1037,09:54:35.103,0.99,0.13,0.09
1784739275.6035,09:54:35.603,0.98,0.06,0.17
1784739276.1034,09:54:36.103,0.98,0.05,0.20
1784739276.6036,09:54:36.603,0.98,0.03,0.21
1784739277.1035,09:54:37.103,0.97,0.02,0.23
1784739277.6031,09:54:37.603,0.97,0.01,0.23
1784739278.103,09:54:38.103,0.97,-0.02,0.24
1784739278.603,09:54:38.603,0.97,-0.01,0.25
1784739279.1023,09:54:39.102,0.98,0.04,0.21
1784739279.6023,09:54:39.602,0.98,0.11,0.16
1784739280.1022,09:54:40.102,0.98,0.14,0.14
1784739280.6018,09:54:40.601,0.98,0.14,0.15
1784739281.1021,09:54:41.102,0.98,0.10,0.16
1784739281.6021,09:54:41.602,0.98,0.07,0.17
1784739282.1018,09:54:42.101,0.98,0.06,0.18
1784739282.6018,09:54:42.601,0.98,0.06,0.21
1784739283.1017,09:54:43.101,0.97,0.08,0.21
1784739283.6013,09:54:43.601,0.97,0.08,0.21
1784739284.1016,09:54:44.101,0.97,0.05,0.23
1784739284.6017,09:54:44.601,0.97,0.03,0.24
1784739285.101,09:54:45.101,0.97,0.04,0.24
1784739285.601,09:54:45.601,0.97,0.03,0.25
1784739286.1009,09:54:46.100,0.97,0.03,0.24
1784739286.6002,09:54:46.600,0.97,0.01,0.25
1784739287.1,09:54:47.100,0.97,-0.01,0.25
1784739287.6001,09:54:47.600,0.97,0.03,0.24
1784739288.0995,09:54:48.099,0.98,0.05,0.22
1784739288.5994,09:54:48.599,0.98,0.07,0.20
1784739289.0992,09:54:49.099,0.98,0.09,0.19
1784739289.5991,09:54:49.599,0.98,0.10,0.19
1784739290.0989,09:54:50.098,0.98,0.09,0.19
1784739290.5992,09:54:50.599,0.98,0.10,0.19
1784739291.0986,09:54:51.098,0.98,0.11,0.17
1784739291.5983,09:54:51.598,0.98,0.11,0.17
1784739292.0983,09:54:52.098,0.98,0.09,0.15
1784739292.5977,09:54:52.597,0.98,0.09,0.15
1784739293.0974,09:54:53.097,0.99,0.07,0.14
1784739293.598,09:54:53.598,0.99,0.12,0.10
1784739294.0975,09:54:54.097,0.99,0.13,0.11
1784739294.5969,09:54:54.596,0.98,0.14,0.12
1784739295.0974,09:54:55.097,0.98,0.14,0.12
1784739295.5968,09:54:55.596,0.98,0.15,0.11
1784739296.0962,09:54:56.096,0.98,0.16,0.12
1784739296.5966,09:54:56.596,0.98,0.17,0.12
1784739297.0963,09:54:57.096,0.98,0.17,0.13
1784739297.5959,09:54:57.595,0.98,0.17,0.13
1784739298.096,09:54:58.096,0.97,0.18,0.14
1784739298.596,09:54:58.596,0.97,0.13,0.18
1784739299.0952,09:54:59.095,0.97,0.12,0.22
1784739299.5951,09:54:59.595,0.97,0.10,0.22
1784739300.0954,09:55:00.095,0.97,0.11,0.23
1784739300.5949,09:55:00.594,0.97,0.13,0.21
1784739301.0951,09:55:01.095,0.97,0.18,0.17
1784739301.5954,09:55:01.595,0.97,0.21,0.14
1784739302.0946,09:55:02.094,0.97,0.21,0.12
1784739302.5947,09:55:02.594,0.97,0.20,0.10
1784739303.0947,09:55:03.094,0.98,0.14,0.14
1784739303.594,09:55:03.594,0.98,0.11,0.16
1784739304.0938,09:55:04.093,0.98,0.10,0.16
1784739304.594,09:55:04.594,0.98,0.10,0.15
1784739305.0935,09:55:05.093,0.98,0.12,0.15
1784739305.5935,09:55:05.593,0.98,0.12,0.15
1784739306.0938,09:55:06.093,0.98,0.11,0.15
1784739306.5932,09:55:06.593,0.98,0.14,0.12
1784739307.0929,09:55:07.092,0.98,0.13,0.11
1784739307.5931,09:55:07.593,0.99,0.13,0.12
1784739308.093,09:55:08.093,0.98,0.16,0.12
1784739308.5926,09:55:08.592,0.97,0.22,0.07
1784739309.0929,09:55:09.092,0.97,0.24,0.07
1784739309.5925,09:55:09.592,0.97,0.22,0.08
1784739310.0917,09:55:10.091,0.97,0.21,0.09
1784739310.592,09:55:10.592,0.98,0.19,0.10
1784739311.0916,09:55:11.091,0.98,0.19,0.09
1784739311.5913,09:55:11.591,0.98,0.19,0.11
1784739312.0916,09:55:12.091,0.98,0.18,0.10
1784739312.5917,09:55:12.591,0.98,0.19,0.09
1784739313.0911,09:55:13.091,0.98,0.19,0.09
1784739313.5912,09:55:13.591,0.98,0.17,0.13
1784739314.0908,09:55:14.090,0.97,0.18,0.15
1784739314.5902,09:55:14.590,0.97,0.21,0.12
1784739315.0907,09:55:15.090,0.97,0.22,0.10
1784739315.5905,09:55:15.590,0.98,0.19,0.09
1784739316.09,09:55:16.090,0.98,0.17,0.10
1784739316.5902,09:55:16.590,0.98,0.14,0.12
1784739317.0901,09:55:17.090,0.98,0.15,0.13
1784739317.5897,09:55:17.589,0.97,0.20,0.11
1784739318.0896,09:55:18.089,0.97,0.19,0.13
1784739318.5896,09:55:18.589,0.98,0.17,0.14
1784739319.0893,09:55:19.089,0.98,0.13,0.17
1784739319.589,09:55:19.589,0.98,0.08,0.18
1784739320.0896,09:55:20.089,0.98,0.01,0.21
1784739320.5891,09:55:20.589,0.98,0.01,0.20
1784739321.0885,09:55:21.088,0.98,0.05,0.20
1784739321.5892,09:55:21.589,0.98,0.09,0.19
1784739322.0886,09:55:22.088,0.98,0.12,0.18
1784739322.5883,09:55:22.588,0.98,0.12,0.19
1784739323.0883,09:55:23.088,0.97,0.09,0.20
1784739323.588,09:55:23.588,0.97,0.09,0.20
1784739324.0876,09:55:24.087,0.98,0.09,0.19
1784739324.5881,09:55:24.588,0.97,0.07,0.21
1784739325.0875,09:55:25.087,0.98,0.07,0.20
1784739325.5869,09:55:25.586,0.98,0.08,0.20
1784739326.0872,09:55:26.087,0.98,0.08,0.20
1784739326.5868,09:55:26.586,0.97,0.06,0.23
1784739327.0863,09:55:27.086,0.97,0.06,0.24
1784739327.5867,09:55:27.586,0.97,0.07,0.23
1784739328.0866,09:55:28.086,0.97,0.08,0.24
1784739328.5862,09:55:28.586,0.97,0.10,0.23
1784739329.0863,09:55:29.086,0.97,0.10,0.22
1784739329.5861,09:55:29.586,0.97,0.10,0.22
1784739330.086,09:55:30.086,0.97,0.10,0.20
1784739330.5858,09:55:30.585,0.98,0.10,0.20
1784739331.0859,09:55:31.085,0.98,0.08,0.21
1784739331.5854,09:55:31.585,0.98,0.09,0.19
1784739332.0854,09:55:32.085,0.98,0.12,0.17
1784739332.5852,09:55:32.585,0.98,0.14,0.16
1784739333.0846,09:55:33.084,0.98,0.11,0.16
1784739333.5845,09:55:33.584,0.98,0.08,0.16
1784739334.0845,09:55:34.084,0.99,0.07,0.16
1784739334.5842,09:55:34.584,0.98,0.03,0.18
1784739335.084,09:55:35.084,0.98,0.02,0.20
1784739335.5844,09:55:35.584,0.97,-0.01,0.25
1784739336.0841,09:55:36.084,0.96,-0.01,0.28
1784739336.5835,09:55:36.583,0.96,0.00,0.29
1784739337.0838,09:55:37.083,0.96,0.01,0.29
1784739337.5832,09:55:37.583,0.95,0.01,0.30
1784739338.0829,09:55:38.082,0.95,0.00,0.31
1784739338.5831,09:55:38.583,0.95,0.00,0.31
1784739339.0834,09:55:39.083,0.95,0.00,0.31
1784739339.5828,09:55:39.582,0.95,0.01,0.30
1784739340.0829,09:55:40.082,0.96,0.03,0.29
1784739340.5825,09:55:40.582,0.96,0.02,0.29
1784739341.0817,09:55:41.081,0.96,0.05,0.28
1784739341.582,09:55:41.582,0.96,0.08,0.26
1784739342.0818,09:55:42.081,0.96,0.09,0.26
1784739342.5815,09:55:42.581,0.97,0.09,0.24
1784739343.0819,09:55:43.081,0.97,0.07,0.23
1784739343.5816,09:55:43.581,0.97,0.05,0.23
1784739344.0808,09:55:44.080,0.97,0.04,0.24
1784739344.5809,09:55:44.580,0.97,0.01,0.25
1784739345.0809,09:55:45.080,0.97,-0.01,0.26
1784739345.5803,09:55:45.580,0.96,0.00,0.28
1784739346.0804,09:55:46.080,0.96,0.04,0.27
1784739346.5804,09:55:46.580,0.96,0.06,0.27
1784739347.0801,09:55:47.080,0.96,0.06,0.27
1784739347.5799,09:55:47.579,0.96,0.04,0.27
1784739348.08,09:55:48.080,0.96,0.01,0.29
1784739348.58,09:55:48.580,0.95,-0.03,0.32
1784739349.0801,09:55:49.080,0.95,-0.02,0.31
1784739349.5803,09:55:49.580,0.95,-0.03,0.30
1784739350.0797,09:55:50.079,0.96,-0.03,0.30
1784739350.5798,09:55:50.579,0.97,0.05,0.25
1784739351.0796,09:55:51.079,0.97,0.05,0.25
1784739351.5793,09:55:51.579,0.96,0.03,0.26
1784739352.0787,09:55:52.078,0.97,0.02,0.25
1784739352.5788,09:55:52.578,0.97,0.05,0.22
1784739353.0786,09:55:53.078,0.98,0.08,0.17
1784739353.5785,09:55:53.578,0.98,0.09,0.17
1784739354.0787,09:55:54.078,0.98,0.10,0.16
1784739354.5784,09:55:54.578,0.98,0.12,0.17
1784739355.0778,09:55:55.077,0.98,0.13,0.18
1784739355.5782,09:55:55.578,0.97,0.13,0.19
1784739356.0781,09:55:56.078,0.97,0.12,0.19
1784739356.5779,09:55:56.577,0.97,0.11,0.21
1784739357.0786,09:55:57.078,0.97,0.04,0.25
1784739357.5786,09:55:57.578,0.96,0.03,0.26
1784739358.0783,09:55:58.078,0.96,0.03,0.26
1784739358.5783,09:55:58.578,0.97,0.05,0.24
1784739359.0784,09:55:59.078,0.97,0.04,0.24
1784739359.578,09:55:59.578,0.96,0.00,0.27
1784739360.0777,09:56:00.077,0.96,0.01,0.29
1784739360.5776,09:56:00.577,0.95,0.01,0.31
1784739361.0775,09:56:01.077,0.95,0.00,0.31
1784739361.5773,09:56:01.577,0.95,0.00,0.31
1784739362.0778,09:56:02.077,0.96,0.01,0.27
1784739362.577,09:56:02.577,0.96,0.01,0.27
1784739363.0764,09:56:03.076,0.96,-0.01,0.29
1784739363.5769,09:56:03.576,0.96,0.00,0.27
1784739364.0767,09:56:04.076,0.97,0.02,0.26
1784739364.5768,09:56:04.576,0.97,0.02,0.25
1784739365.0766,09:56:05.076,0.96,0.04,0.27
1784739365.5759,09:56:05.575,0.96,0.05,0.28
1784739366.0753,09:56:06.075,0.96,0.06,0.27
1784739366.5758,09:56:06.575,0.96,0.09,0.25
1784739367.0756,09:56:07.075,0.97,0.08,0.25
1784739367.5749,09:56:07.574,0.97,0.05,0.25
1784739368.0755,09:56:08.075,0.97,0.04,0.25
1784739368.5748,09:56:08.574,0.97,0.06,0.24
1784739369.0746,09:56:09.074,0.97,0.07,0.23
1784739369.5748,09:56:09.574,0.97,0.06,0.24
1784739370.0747,09:56:10.074,0.97,0.06,0.25
1784739370.5739,09:56:10.573,0.96,0.06,0.27
1784739371.074,09:56:11.074,0.96,0.06,0.28
1784739371.5734,09:56:11.573,0.96,0.11,0.27
1784739372.0731,09:56:12.073,0.96,0.12,0.26
1784739372.5731,09:56:12.573,0.96,0.12,0.27
1784739373.073,09:56:13.073,0.96,0.11,0.27
1784739373.573,09:56:13.573,0.96,0.10,0.26
1784739374.0729,09:56:14.072,0.96,0.09,0.27
1784739374.5733,09:56:14.573,0.96,0.08,0.27
1784739375.0728,09:56:15.072,0.96,0.07,0.27
1784739375.5727,09:56:15.572,0.96,0.05,0.28
1784739376.0728,09:56:16.072,0.96,0.04,0.29
1784739376.5721,09:56:16.572,0.97,0.10,0.24
1784739377.0719,09:56:17.071,0.97,0.12,0.21
1784739377.5721,09:56:17.572,0.97,0.15,0.20
1784739378.0713,09:56:18.071,0.96,0.19,0.19
1784739378.5714,09:56:18.571,0.96,0.21,0.17
1784739379.0716,09:56:19.071,0.96,0.23,0.14
1784739379.5715,09:56:19.571,0.97,0.21,0.13
1784739380.071,09:56:20.071,0.98,0.15,0.16
1784739380.5711,09:56:20.571,0.98,0.11,0.18
1784739381.071,09:56:21.071,0.98,0.08,0.20
1784739381.571,09:56:21.571,0.98,0.09,0.20
1784739382.0711,09:56:22.071,0.98,0.07,0.20
1784739382.5711,09:56:22.571,0.98,0.12,0.18
1784739383.0708,09:56:23.070,0.98,0.12,0.19
1784739383.5706,09:56:23.570,0.98,0.09,0.20
1784739384.0701,09:56:24.070,0.97,0.08,0.21
1784739384.5698,09:56:24.569,0.97,0.07,0.22
1784739385.0703,09:56:25.070,0.97,0.11,0.21
1784739385.5695,09:56:25.569,0.97,0.10,0.21
1784739386.0693,09:56:26.069,0.98,0.12,0.18
1784739386.5691,09:56:26.569,0.98,0.11,0.17
1784739387.0686,09:56:27.068,0.98,0.12,0.16
1784739387.568,09:56:27.568,0.98,0.05,0.20
1784739388.0682,09:56:28.068,0.96,-0.01,0.27
1784739388.5683,09:56:28.568,0.97,0.01,0.26
1784739389.0681,09:56:29.068,0.90,0.43,-0.08
1784739389.5684,09:56:29.568,0.90,0.43,-0.09
1784739390.068,09:56:30.068,0.90,0.42,-0.11
1784739390.5673,09:56:30.567,0.87,0.47,-0.14
1784739391.0671,09:56:31.067,0.87,0.48,-0.14
1784739391.5675,09:56:31.567,0.98,0.12,0.16
1784739392.0675,09:56:32.067,0.98,0.10,0.19
1784739392.5678,09:56:32.567,0.98,0.10,0.19
1784739393.0678,09:56:33.067,0.98,0.12,0.18
1784739393.5675,09:56:33.567,0.98,0.10,0.15
1784739394.0673,09:56:34.067,0.98,0.07,0.17
1784739394.5673,09:56:34.567,0.98,0.06,0.21
1784739395.0676,09:56:35.067,0.97,0.04,0.24
1784739395.5674,09:56:35.567,0.97,0.07,0.23
1784739396.0671,09:56:36.067,0.97,0.08,0.23
1784739396.5664,09:56:36.566,0.97,0.05,0.23
1784739397.0665,09:56:37.066,0.97,0.03,0.24
1784739397.5665,09:56:37.566,0.97,0.02,0.26
1784739398.0662,09:56:38.066,0.97,0.05,0.25
1784739398.566,09:56:38.566,0.97,0.06,0.25
1784739399.0661,09:56:39.066,0.97,0.05,0.25
1784739399.5659,09:56:39.565,0.96,0.02,0.27
1784739400.0652,09:56:40.065,0.96,0.02,0.27
1784739400.5654,09:56:40.565,0.97,0.03,0.24
1784739401.0648,09:56:41.064,0.97,0.05,0.22
1784739401.5642,09:56:41.564,0.98,0.07,0.20
1784739402.0646,09:56:42.064,0.98,0.10,0.17
1784739402.5639,09:56:42.563,0.98,0.11,0.15
1784739403.0633,09:56:43.063,0.98,0.06,0.18
1784739403.5634,09:56:43.563,0.98,0.02,0.20
1784739404.0638,09:56:44.063,0.97,-0.05,0.25
1784739404.5635,09:56:44.563,0.95,-0.10,0.31
1784739405.0637,09:56:45.063,0.95,-0.10,0.31
1784739405.5642,09:56:45.564,0.95,-0.07,0.31
1784739406.0636,09:56:46.063,0.95,-0.04,0.31
1784739406.5635,09:56:46.563,0.95,-0.03,0.30
1784739407.0636,09:56:47.063,0.95,-0.06,0.32
1784739407.5634,09:56:47.563,0.94,-0.09,0.32
1784739408.0633,09:56:48.063,0.94,-0.09,0.32
1784739408.563,09:56:48.563,0.94,-0.08,0.32
1784739409.063,09:56:49.063,0.95,-0.07,0.31
1784739409.563,09:56:49.563,0.94,-0.05,0.32
1784739410.0624,09:56:50.062,0.95,-0.01,0.31
1784739410.5621,09:56:50.562,0.96,0.03,0.29
1784739411.0621,09:56:51.062,0.96,0.10,0.26
1784739411.562,09:56:51.562,0.96,0.11,0.24
1784739412.0612,09:56:52.061,0.97,0.10,0.24
1784739412.5604,09:56:52.560,0.96,0.07,0.26
1784739413.0603,09:56:53.060,0.96,0.08,0.26
1784739413.5601,09:56:53.560,0.96,0.07,0.27
1784739414.06,09:56:54.060,0.96,0.04,0.27
1784739414.5602,09:56:54.560,0.96,0.02,0.28
1784739415.0601,09:56:55.060,0.96,0.02,0.29
1784739415.5601,09:56:55.560,0.96,0.03,0.28
1784739416.06,09:56:56.060,0.96,0.03,0.29
1784739416.5598,09:56:56.559,0.95,0.03,0.31
1784739417.0593,09:56:57.059,0.95,0.02,0.32
1784739417.5593,09:56:57.559,0.95,0.02,0.32
1784739418.0592,09:56:58.059,0.95,0.06,0.30
1784739418.5583,09:56:58.558,0.96,0.07,0.28
1784739419.0585,09:56:59.058,0.96,0.07,0.29
1784739419.5588,09:56:59.558,0.96,0.06,0.29
1784739420.058,09:57:00.058,0.96,0.05,0.29
1784739420.5583,09:57:00.558,0.96,0.11,0.25
1784739421.0585,09:57:01.058,0.97,0.14,0.20
1784739421.5582,09:57:01.558,0.97,0.16,0.16
1784739422.0586,09:57:02.058,0.97,0.17,0.15
1784739422.5584,09:57:02.558,0.97,0.22,0.13
1784739423.0578,09:57:03.057,0.96,0.25,0.11
1784739423.5585,09:57:03.558,0.96,0.25,0.11
1784739424.0585,09:57:04.058,0.96,0.25,0.12
1784739424.558,09:57:04.558,0.96,0.25,0.11
1784739425.0573,09:57:05.057,0.97,0.23,0.11
1784739425.5577,09:57:05.557,0.97,0.22,0.11
1784739426.0575,09:57:06.057,0.97,0.20,0.11
1784739426.5573,09:57:06.557,0.98,0.11,0.16
1784739427.0571,09:57:07.057,0.98,0.10,0.17
1784739427.5565,09:57:07.556,0.98,0.09,0.17
1784739428.056,09:57:08.056,0.98,0.15,0.14
1784739428.5562,09:57:08.556,0.97,0.15,0.16
1784739429.0559,09:57:09.055,0.97,0.16,0.17
1784739429.5557,09:57:09.555,0.97,0.17,0.17
1784739430.0564,09:57:10.056,0.97,0.17,0.15
1784739430.5562,09:57:10.556,0.98,0.15,0.13
1784739431.0559,09:57:11.055,0.98,0.13,0.13
1784739431.5559,09:57:11.555,0.98,0.17,0.10
1784739432.0556,09:57:12.055,0.98,0.16,0.12
1784739432.5548,09:57:12.554,0.98,0.16,0.12
1784739433.0553,09:57:13.055,0.98,0.11,0.14
1784739433.5545,09:57:13.554,0.99,0.11,0.11
1784739434.0544,09:57:14.054,0.99,0.15,0.08
1784739434.5548,09:57:14.554,0.97,0.21,0.08
1784739435.0549,09:57:15.054,0.97,0.23,0.10
1784739435.5543,09:57:15.554,0.97,0.22,0.10
1784739436.0543,09:57:16.054,0.97,0.21,0.11
1784739436.5542,09:57:16.554,0.97,0.18,0.14
1784739437.0534,09:57:17.053,0.97,0.18,0.15
1784739437.5536,09:57:17.553,0.98,0.17,0.12
1784739438.0539,09:57:18.053,0.98,0.17,0.10
1784739438.5538,09:57:18.553,0.99,0.15,0.07
1784739439.0536,09:57:19.053,0.99,0.15,0.06
1784739439.5541,09:57:19.554,0.99,0.14,0.07
1784739440.0533,09:57:20.053,0.98,0.15,0.09
1784739440.5534,09:57:20.553,0.99,0.13,0.10
1784739441.0538,09:57:21.053,0.99,0.14,0.10
1784739441.5533,09:57:21.553,0.99,0.15,0.08
1784739442.0531,09:57:22.053,0.98,0.17,0.09
1784739442.5532,09:57:22.553,0.97,0.20,0.11
1784739443.0521,09:57:23.052,0.97,0.19,0.13
1784739443.5513,09:57:23.551,0.98,0.14,0.15
1784739444.0516,09:57:24.051,0.98,0.08,0.19
1784739444.5506,09:57:24.550,0.98,0.05,0.21
1784739445.0507,09:57:25.050,0.97,0.04,0.22
1784739445.5507,09:57:25.550,0.97,0.02,0.24
1784739446.0504,09:57:26.050,0.97,0.01,0.24
1784739446.5503,09:57:26.550,0.97,0.03,0.23
1784739447.0506,09:57:27.050,0.97,0.12,0.20
1784739447.5506,09:57:27.550,0.97,0.18,0.18
1784739448.0501,09:57:28.050,0.96,0.23,0.16
1784739448.5503,09:57:28.550,0.96,0.26,0.14
1784739449.0495,09:57:29.049,0.96,0.24,0.16
1784739449.5491,09:57:29.549,0.97,0.20,0.16
1784739450.0494,09:57:30.049,0.97,0.16,0.17
1784739450.5494,09:57:30.549,0.97,0.14,0.19
1784739451.049,09:57:31.049,0.97,0.13,0.20
1784739451.5492,09:57:31.549,0.97,0.14,0.18
1784739452.0494,09:57:32.049,0.98,0.14,0.17
1784739452.5489,09:57:32.548,0.98,0.15,0.15
1784739453.0485,09:57:33.048,0.98,0.16,0.12
1784739453.5484,09:57:33.548,0.98,0.17,0.12
1784739454.048,09:57:34.048,0.98,0.17,0.10
1784739454.5479,09:57:34.547,0.97,0.21,0.08
1784739455.0481,09:57:35.048,0.97,0.22,0.07
1784739455.5482,09:57:35.548,0.97,0.23,0.07
1784739456.0476,09:57:36.047,0.97,0.24,0.09
1784739456.5483,09:57:36.548,0.97,0.22,0.11
1784739457.0476,09:57:37.047,0.97,0.21,0.08
1784739457.5477,09:57:37.547,0.98,0.20,0.09
1784739458.0477,09:57:38.047,0.98,0.17,0.11
1784739458.5472,09:57:38.547,0.98,0.15,0.13
1784739459.0468,09:57:39.046,0.97,0.12,0.20
1784739459.5468,09:57:39.546,0.96,0.02,0.27
1784739460.0461,09:57:40.046,0.96,0.03,0.27
1784739460.5455,09:57:40.545,0.96,0.03,0.27
1784739461.0456,09:57:41.045,0.96,0.04,0.27
1784739461.5452,09:57:41.545,0.97,0.08,0.23
1784739462.0449,09:57:42.044,0.97,0.18,0.17
1784739462.5451,09:57:42.545,0.97,0.23,0.12
1784739463.0448,09:57:43.044,0.96,0.25,0.11
1784739463.5446,09:57:43.544,0.96,0.24,0.11
1784739464.0447,09:57:44.044,0.97,0.23,0.11
1784739464.544,09:57:44.544,0.97,0.20,0.13
1784739465.0439,09:57:45.043,0.97,0.19,0.14
1784739465.5443,09:57:45.544,0.97,0.20,0.14
1784739466.0439,09:57:46.043,0.97,0.22,0.13
1784739466.544,09:57:46.544,0.97,0.24,0.10
1784739467.044,09:57:47.044,0.96,0.26,0.09
1784739467.5439,09:57:47.543,0.96,0.25,0.08
1784739468.0433,09:57:48.043,0.97,0.24,0.08
1784739468.5438,09:57:48.543,0.97,0.22,0.08
1784739469.0442,09:57:49.044,0.98,0.20,0.08
1784739469.5439,09:57:49.543,0.98,0.18,0.03
1784739470.0433,09:57:50.043,0.98,0.17,0.04
1784739470.5434,09:57:50.543,0.99,0.16,0.05
1784739471.0426,09:57:51.042,0.98,0.17,0.07
1784739471.5427,09:57:51.542,0.98,0.17,0.07
1784739472.0429,09:57:52.042,0.98,0.16,0.07
1784739472.5422,09:57:52.542,0.97,0.18,0.13
1784739473.0422,09:57:53.042,0.97,0.19,0.15
1784739473.5423,09:57:53.542,0.97,0.20,0.12
1784739474.0419,09:57:54.041,0.97,0.24,0.09
1784739474.5414,09:57:54.541,0.97,0.24,0.10
1784739475.0415,09:57:55.041,0.97,0.22,0.12
1784739475.5405,09:57:55.540,0.97,0.20,0.16
1784739476.0406,09:57:56.040,0.97,0.19,0.16
1784739476.5408,09:57:56.540,0.97,0.16,0.19
1784739477.0401,09:57:57.040,0.97,0.14,0.20
1784739477.5397,09:57:57.539,0.97,0.15,0.18
1784739478.04,09:57:58.040,0.97,0.19,0.16
1784739478.5393,09:57:58.539,0.97,0.21,0.15
1784739479.0391,09:57:59.039,0.97,0.14,0.21
1784739479.5397,09:57:59.539,0.96,0.07,0.27
1784739480.0396,09:58:00.039,0.96,0.08,0.27
1784739480.5392,09:58:00.539,0.96,0.09,0.27
1784739481.0392,09:58:01.039,0.96,0.07,0.28
1784739481.5394,09:58:01.539,0.96,0.05,0.28
1784739482.0388,09:58:02.038,0.96,0.02,0.28
1784739482.5389,09:58:02.538,0.97,0.00,0.26
1784739483.0391,09:58:03.039,0.97,-0.03,0.26
1784739483.5388,09:58:03.538,0.97,-0.07,0.25
1784739484.039,09:58:04.039,0.96,-0.07,0.25
1784739484.5389,09:58:04.538,0.96,-0.07,0.26
1784739485.0385,09:58:05.038,0.96,-0.07,0.27
1784739485.5388,09:58:05.538,0.95,-0.07,0.29
1784739486.0382,09:58:06.038,0.95,-0.06,0.31
1784739486.5377,09:58:06.537,0.94,-0.09,0.34
1784739487.0379,09:58:07.037,0.93,-0.11,0.35
1784739487.5382,09:58:07.538,0.93,-0.11,0.35
1784739488.0376,09:58:08.037,0.92,-0.09,0.37
1784739488.5377,09:58:08.537,0.94,-0.03,0.33
1784739489.0374,09:58:09.037,0.94,-0.03,0.33
1784739489.5369,09:58:09.536,0.94,-0.04,0.34
1784739490.0366,09:58:10.036,0.94,-0.05,0.33
1784739490.5366,09:58:10.536,0.94,-0.06,0.34
1784739491.0363,09:58:11.036,0.94,-0.06,0.34
1784739491.5357,09:58:11.535,0.94,-0.07,0.34
1784739492.036,09:58:12.036,0.94,-0.07,0.34
1784739492.5354,09:58:12.535,0.95,-0.04,0.31
1784739493.0351,09:58:13.035,0.97,0.04,0.25
1784739493.5351,09:58:13.535,0.97,0.10,0.22
1784739494.0352,09:58:14.035,0.97,0.15,0.20
1784739494.5348,09:58:14.534,0.97,0.14,0.20
1784739495.0352,09:58:15.035,0.97,0.18,0.17
1784739495.5349,09:58:15.534,0.97,0.19,0.15
1784739496.0343,09:58:16.034,0.97,0.18,0.14
1784739496.5346,09:58:16.534,0.98,0.16,0.15
1784739497.0342,09:58:17.034,0.98,0.16,0.16
1784739497.5335,09:58:17.533,0.97,0.19,0.12
1784739498.0337,09:58:18.033,0.98,0.18,0.09
1784739498.5332,09:58:18.533,0.98,0.18,0.08
1784739499.0326,09:58:19.032,0.97,0.22,0.09
1784739499.5331,09:58:19.533,0.96,0.26,0.09
1784739500.0337,09:58:20.033,0.96,0.26,0.09
1784739500.5336,09:58:20.533,0.96,0.27,0.09
1784739501.0338,09:58:21.033,0.96,0.28,0.10
1784739501.5341,09:58:21.534,0.96,0.24,0.13
1784739502.0339,09:58:22.033,0.97,0.21,0.15
1784739502.5337,09:58:22.533,0.97,0.20,0.15
1784739503.0333,09:58:23.033,0.97,0.19,0.16
1784739503.5327,09:58:23.532,0.97,0.17,0.15
1784739504.0324,09:58:24.032,0.98,0.13,0.15
1784739504.5326,09:58:24.532,0.98,0.08,0.18
1784739505.0319,09:58:25.031,0.98,0.08,0.19
1784739505.5317,09:58:25.531,0.98,0.07,0.21
1784739506.0319,09:58:26.031,0.97,0.04,0.23
1784739506.5313,09:58:26.531,0.98,0.04,0.21
1784739507.0315,09:58:27.031,0.98,0.09,0.18
1784739507.5317,09:58:27.531,0.98,0.12,0.16
1784739508.0314,09:58:28.031,0.98,0.14,0.16
1784739508.5311,09:58:28.531,0.98,0.12,0.18
1784739509.0316,09:58:29.031,0.98,0.11,0.18
1784739509.531,09:58:29.531,0.97,0.12,0.19
1784739510.0307,09:58:30.030,0.98,0.12,0.18
1784739510.5311,09:58:30.531,0.97,0.15,0.17
1784739511.0309,09:58:31.030,0.97,0.17,0.15
1784739511.5305,09:58:31.530,0.98,0.15,0.14
1784739512.0307,09:58:32.030,0.98,0.14,0.11
1784739512.5304,09:58:32.530,0.98,0.13,0.11
1784739513.03,09:58:33.030,0.99,0.13,0.11
1784739513.5298,09:58:33.529,0.99,0.12,0.11
1784739514.0297,09:58:34.029,0.98,0.12,0.13
1784739514.5294,09:58:34.529,0.98,0.12,0.14
1784739515.0292,09:58:35.029,0.98,0.13,0.14
1784739515.5293,09:58:35.529,0.98,0.13,0.12
1784739516.0289,09:58:36.028,0.98,0.14,0.11
1784739516.5288,09:58:36.528,0.98,0.17,0.12
1784739517.0286,09:58:37.028,0.98,0.17,0.11
1784739517.5281,09:58:37.528,0.98,0.18,0.11
1784739518.0281,09:58:38.028,0.98,0.18,0.11
1784739518.5284,09:58:38.528,0.98,0.15,0.14
1784739519.0278,09:58:39.027,0.98,0.11,0.18
1784739519.5283,09:58:39.528,0.98,0.09,0.19
1784739520.0283,09:58:40.028,0.97,0.04,0.23
1784739520.5276,09:58:40.527,0.95,-0.07,0.30
1784739521.0271,09:58:41.027,0.95,-0.07,0.29
1784739521.5271,09:58:41.527,0.96,-0.04,0.27
1784739522.0266,09:58:42.026,0.97,0.01,0.22
1784739522.526,09:58:42.526,0.99,0.08,0.15
1784739523.0263,09:58:43.026,0.99,0.11,0.13
1784739523.5262,09:58:43.526,0.98,0.12,0.14
1784739524.0261,09:58:44.026,0.98,0.11,0.16
1784739524.5265,09:58:44.526,0.98,0.10,0.17
1784739525.0258,09:58:45.025,0.98,0.16,0.14
1784739525.5252,09:58:45.525,0.97,0.18,0.14
1784739526.0254,09:58:46.025,0.97,0.19,0.13
1784739526.5252,09:58:46.525,0.97,0.18,0.14
1784739527.0251,09:58:47.025,0.98,0.17,0.13
1784739527.5257,09:58:47.525,0.97,0.17,0.15
1784739528.0252,09:58:48.025,0.97,0.17,0.16
1784739528.525,09:58:48.525,0.97,0.15,0.19
1784739529.025,09:58:49.025,0.97,0.15,0.18
1784739529.5254,09:58:49.525,0.97,0.15,0.19
1784739530.0248,09:58:50.024,0.97,0.20,0.15
1784739530.5247,09:58:50.524,0.97,0.21,0.15
1784739531.0245,09:58:51.024,0.97,0.21,0.15
1784739531.524,09:58:51.524,0.97,0.21,0.15
1784739532.0238,09:58:52.023,0.97,0.19,0.15
1784739532.5235,09:58:52.523,0.97,0.18,0.14
1784739533.0233,09:58:53.023,0.98,0.18,0.08
1784739533.523,09:58:53.523,0.98,0.18,0.05
1784739534.0226,09:58:54.022,0.98,0.19,0.04
1784739534.5223,09:58:54.522,0.98,0.19,0.05
1784739535.0223,09:58:55.022,0.98,0.20,0.05
1784739535.5224,09:58:55.522,0.97,0.20,0.10
1784739536.022,09:58:56.022,0.97,0.22,0.14
1784739536.5219,09:58:56.521,0.96,0.22,0.15
1784739537.0216,09:58:57.021,0.96,0.24,0.15
1784739537.5211,09:58:57.521,0.96,0.25,0.13
1784739538.0207,09:58:58.020,0.96,0.27,0.10
1784739538.5207,09:58:58.520,0.96,0.26,0.10
1784739539.0206,09:58:59.020,0.96,0.26,0.11
1784739539.5204,09:58:59.520,0.96,0.24,0.12
1784739540.0207,09:59:00.020,0.96,0.24,0.11
1784739540.5203,09:59:00.520,0.97,0.25,0.09
1784739541.0196,09:59:01.019,0.97,0.23,0.08
1784739541.5202,09:59:01.520,0.97,0.22,0.07
1784739542.0199,09:59:02.019,0.98,0.20,0.08
1784739542.5195,09:59:02.519,0.98,0.15,0.12
1784739543.02,09:59:03.020,0.98,0.15,0.12
1784739543.5199,09:59:03.519,0.98,0.14,0.10
1784739544.0194,09:59:04.019,0.99,0.14,0.10
1784739544.5192,09:59:04.519,0.99,0.11,0.06
1784739545.0184,09:59:05.018,0.99,0.13,0.04
1784739545.5185,09:59:05.518,0.98,0.17,0.05
1784739546.0183,09:59:06.018,0.98,0.19,0.02
1784739546.5184,09:59:06.518,0.98,0.20,0.05
1784739547.018,09:59:07.018,0.97,0.21,0.10
1784739547.5185,09:59:07.518,0.97,0.20,0.12
1784739548.0183,09:59:08.018,0.97,0.19,0.13
1784739548.5182,09:59:08.518,0.98,0.10,0.20
1784739549.018,09:59:09.018,0.97,0.00,0.26
1784739549.5177,09:59:09.517,0.97,0.01,0.26
1784739550.0173,09:59:10.017,0.96,0.01,0.28
1784739550.5174,09:59:10.517,0.96,0.03,0.27
1784739551.0174,09:59:11.017,0.96,0.05,0.27
1784739551.5167,09:59:11.516,0.96,0.05,0.27
1784739552.0165,09:59:12.016,0.95,0.02,0.30
1784739552.5167,09:59:12.516,0.95,0.00,0.30
1784739553.017,09:59:13.017,0.94,-0.06,0.33
1784739553.5168,09:59:13.516,0.94,-0.06,0.33
1784739554.0172,09:59:14.017,0.94,-0.07,0.33
1784739554.5169,09:59:14.516,0.95,-0.03,0.32
1784739555.0168,09:59:15.016,0.95,-0.03,0.31
1784739555.5171,09:59:15.517,0.96,-0.02,0.29
1784739556.017,09:59:16.017,0.97,0.02,0.26
1784739556.5164,09:59:16.516,0.97,0.04,0.24
1784739557.0167,09:59:17.016,0.97,0.05,0.23
1784739557.5161,09:59:17.516,0.97,0.05,0.24
1784739558.0158,09:59:18.015,0.97,0.05,0.24
1784739558.5158,09:59:18.515,0.98,0.05,0.21
1784739559.0157,09:59:19.015,0.98,0.06,0.20
1784739559.5153,09:59:19.515,0.98,0.06,0.19
1784739560.0159,09:59:20.015,0.98,0.07,0.16
1784739560.5157,09:59:20.515,0.99,0.11,0.13
1784739561.0154,09:59:21.015,0.98,0.15,0.13
1784739561.5158,09:59:21.515,0.97,0.16,0.16
1784739562.0159,09:59:22.015,0.97,0.18,0.16
1784739562.5149,09:59:22.514,0.97,0.17,0.18
1784739563.0149,09:59:23.014,0.97,0.17,0.17
1784739563.5146,09:59:23.514,0.97,0.16,0.20
1784739564.0138,09:59:24.013,0.97,0.15,0.20
1784739564.5133,09:59:24.513,0.97,0.19,0.15
1784739565.0133,09:59:25.013,0.97,0.22,0.11
1784739565.5126,09:59:25.512,0.96,0.26,0.07
1784739566.0126,09:59:26.012,0.96,0.27,0.07
1784739566.5129,09:59:26.512,0.96,0.27,0.08
1784739567.0123,09:59:27.012,0.97,0.23,0.11
1784739567.512,09:59:27.512,0.97,0.20,0.11
1784739568.0122,09:59:28.012,0.97,0.18,0.13
1784739568.5121,09:59:28.512,0.98,0.17,0.13
1784739569.0115,09:59:29.011,0.98,0.17,0.13
1784739569.512,09:59:29.512,0.98,0.16,0.14
1784739570.012,09:59:30.012,0.98,0.16,0.14
1784739570.5114,09:59:30.511,0.98,0.15,0.14
1784739571.0116,09:59:31.011,0.97,0.19,0.13
1784739571.5114,09:59:31.511,0.97,0.22,0.12
1784739572.0111,09:59:32.011,0.97,0.24,0.10
1784739572.5119,09:59:32.511,0.97,0.25,0.06
1784739573.012,09:59:33.012,0.97,0.25,0.02
1784739573.5119,09:59:33.511,0.97,0.26,0.00
1784739574.0118,09:59:34.011,0.96,0.27,0.04
1784739574.5112,09:59:34.511,0.97,0.24,0.08
1784739575.0107,09:59:35.010,0.96,0.25,0.10
1784739575.5105,09:59:35.510,0.96,0.28,0.10
1784739576.0106,09:59:36.010,0.95,0.28,0.09
1784739576.5106,09:59:36.510,0.95,0.29,0.08
1784739577.0101,09:59:37.010,0.95,0.30,0.08
1784739577.5101,09:59:37.510,0.95,0.31,0.06
1784739578.0098,09:59:38.009,0.95,0.32,0.05
1784739578.51,09:59:38.510,0.96,0.27,0.06
1784739579.0097,09:59:39.009,0.97,0.23,0.09
1784739579.5091,09:59:39.509,0.97,0.23,0.06
1784739580.0092,09:59:40.009,0.97,0.22,0.08
1784739580.5089,09:59:40.508,0.97,0.19,0.12
1784739581.0094,09:59:41.009,0.97,0.18,0.15
1784739581.5088,09:59:41.508,0.97,0.17,0.15
1784739582.0086,09:59:42.008,0.98,0.17,0.14
1784739582.508,09:59:42.508,0.98,0.17,0.14
1784739583.0078,09:59:43.007,0.98,0.18,0.11
1784739583.5081,09:59:43.508,0.98,0.17,0.09
1784739584.0081,09:59:44.008,0.98,0.20,0.07
1784739584.508,09:59:44.508,0.97,0.24,0.07
1784739585.0076,09:59:45.007,0.97,0.25,0.06
1784739585.5073,09:59:45.507,0.97,0.22,0.08
1784739586.0069,09:59:46.006,0.97,0.18,0.14
1784739586.5074,09:59:46.507,0.97,0.14,0.17
1784739587.007,09:59:47.007,0.97,0.15,0.18
1784739587.5064,09:59:47.506,0.97,0.17,0.17
1784739588.0066,09:59:48.006,0.97,0.17,0.17
1784739588.5069,09:59:48.506,0.97,0.16,0.17
1784739589.0067,09:59:49.006,0.98,0.14,0.17
1784739589.5074,09:59:49.507,0.97,0.14,0.18
1784739590.007,09:59:50.007,0.97,0.15,0.19
1784739590.5069,09:59:50.506,0.97,0.17,0.15
1784739591.0063,09:59:51.006,0.97,0.18,0.15
1784739591.5062,09:59:51.506,0.98,0.18,0.13
1784739592.0054,09:59:52.005,0.97,0.20,0.10
1784739592.505,09:59:52.505,0.97,0.23,0.07
1784739593.0049,09:59:53.004,0.97,0.23,0.07
1784739593.5043,09:59:53.504,0.97,0.21,0.09
1784739594.004,09:59:54.004,0.98,0.21,0.04
1784739594.5044,09:59:54.504,0.98,0.21,0.02
1784739595.0039,09:59:55.003,0.98,0.22,0.02
1784739595.5037,09:59:55.503,0.97,0.24,0.03
1784739596.0037,09:59:56.003,0.97,0.24,0.03
1784739596.5032,09:59:56.503,0.97,0.22,0.06
1784739597.0033,09:59:57.003,0.97,0.23,0.06
1784739597.5039,09:59:57.503,0.97,0.22,0.06
1784739598.003,09:59:58.003,0.98,0.20,0.06
1784739598.5032,09:59:58.503,0.98,0.21,0.05
1784739599.0034,09:59:59.003,0.98,0.21,0.04
1784739599.5026,09:59:59.502,0.97,0.25,0.03
1784739600.0025,10:00:00.002,0.97,0.25,0.06
1784739600.5027,10:00:00.502,0.97,0.22,0.10
1784739601.0021,10:00:01.002,0.98,0.13,0.17
1784739601.5017,10:00:01.501,0.97,0.07,0.22
1784739602.0021,10:00:02.002,0.97,0.05,0.22
1784739602.5016,10:00:02.501,0.98,0.14,0.15
1784739603.001,10:00:03.001,0.97,0.24,0.06
1784739603.5011,10:00:03.501,0.96,0.26,0.04
1784739604.0015,10:00:04.001,0.96,0.27,0.03
1784739604.5012,10:00:04.501,0.96,0.28,0.05
1784739605.0014,10:00:05.001,0.97,0.24,0.09
1784739605.5011,10:00:05.501,0.97,0.23,0.11
1784739606.0006,10:00:06.000,0.97,0.19,0.15
1784739606.5002,10:00:06.500,0.97,0.19,0.17
1784739607.0003,10:00:07.000,0.97,0.19,0.17
1784739607.4996,10:00:07.499,0.97,0.17,0.18
1784739607.9996,10:00:07.999,0.97,0.18,0.18
1784739608.4999,10:00:08.499,0.97,0.18,0.18
1784739608.9993,10:00:08.999,0.97,0.18,0.14
1784739609.4994,10:00:09.499,0.98,0.17,0.13
1784739609.9993,10:00:09.999,0.98,0.17,0.12
1784739610.4991,10:00:10.499,0.98,0.16,0.14
1784739610.9989,10:00:10.998,0.97,0.18,0.13
1784739611.4996,10:00:11.499,0.97,0.20,0.12
1784739611.999,10:00:11.999,0.96,0.24,0.12
1784739612.4987,10:00:12.498,0.96,0.25,0.12
1784739612.9986,10:00:12.998,0.97,0.24,0.10
1784739613.4976,10:00:13.497,0.97,0.24,0.09
1784739613.9977,10:00:13.997,0.97,0.24,0.09
1784739614.4977,10:00:14.497,0.96,0.26,0.07
1784739614.9976,10:00:14.997,0.96,0.27,0.08
1784739615.4972,10:00:15.497,0.96,0.27,0.09
1784739615.9973,10:00:15.997,0.96,0.27,0.11
1784739616.4969,10:00:16.496,0.96,0.24,0.12
1784739616.9972,10:00:16.997,0.97,0.17,0.16
1784739617.497,10:00:17.497,0.97,0.14,0.18
1784739617.9969,10:00:17.996,0.97,0.15,0.19
1784739618.4967,10:00:18.496,0.97,0.16,0.19
1784739618.997,10:00:18.997,0.97,0.18,0.18
1784739619.4972,10:00:19.497,0.97,0.18,0.17
1784739619.9967,10:00:19.996,0.97,0.13,0.20
1784739620.4967,10:00:20.496,0.97,0.13,0.19
1784739620.9963,10:00:20.996,0.98,0.13,0.18
1784739621.496,10:00:21.496,0.98,0.13,0.18
1784739621.9962,10:00:21.996,0.97,0.08,0.21
1784739622.4959,10:00:22.495,0.97,0.07,0.24
1784739622.9951,10:00:22.995,0.96,0.01,0.29
1784739623.495,10:00:23.495,0.96,0.00,0.29
1784739623.9952,10:00:23.995,0.96,0.03,0.28
1784739624.4947,10:00:24.494,0.97,0.08,0.25
1784739624.9947,10:00:24.994,0.96,0.08,0.25
1784739625.4942,10:00:25.494,0.96,0.09,0.25
1784739625.9936,10:00:25.993,0.96,0.11,0.25
1784739626.4935,10:00:26.493,0.96,0.19,0.19
1784739626.9932,10:00:26.993,0.96,0.23,0.17
1784739627.4929,10:00:27.492,0.96,0.24,0.15
1784739627.9933,10:00:27.993,0.96,0.25,0.12
1784739628.4931,10:00:28.493,0.96,0.26,0.11
1784739628.9925,10:00:28.992,0.96,0.27,0.10
1784739629.4923,10:00:29.492,0.97,0.21,0.13
1784739629.9922,10:00:29.992,0.98,0.11,0.18
1784739630.4923,10:00:30.492,0.98,0.11,0.18
1784739630.9918,10:00:30.991,0.98,0.10,0.20
1784739631.4924,10:00:31.492,0.98,0.13,0.17
1784739631.9925,10:00:31.992,0.98,0.17,0.14
1784739632.4927,10:00:32.492,0.97,0.18,0.14
1784739632.9932,10:00:32.993,0.97,0.18,0.14
1784739633.4928,10:00:33.492,0.98,0.15,0.16
1784739633.9927,10:00:33.992,0.97,0.12,0.20
1784739634.4927,10:00:34.492,0.97,0.06,0.24
1784739634.9923,10:00:34.992,0.96,0.07,0.26
1784739635.4919,10:00:35.491,0.96,0.07,0.26
1784739635.9918,10:00:35.991,0.97,0.07,0.25
1784739636.4916,10:00:36.491,0.97,0.04,0.24
1784739636.9913,10:00:36.991,0.97,0.02,0.26
1784739637.4913,10:00:37.491,0.96,0.04,0.27
1784739637.991,10:00:37.991,0.97,0.08,0.23
1784739638.4904,10:00:38.490,0.97,0.10,0.20
1784739638.9904,10:00:38.990,0.97,0.10,0.20
1784739639.4905,10:00:39.490,0.98,0.12,0.19
1784739639.9897,10:00:39.989,0.97,0.18,0.17
1784739640.49,10:00:40.490,0.97,0.21,0.16
1784739640.9902,10:00:40.990,0.96,0.23,0.17
1784739641.4893,10:00:41.489,0.96,0.21,0.19
1784739641.9891,10:00:41.989,0.96,0.20,0.20
1784739642.4892,10:00:42.489,0.96,0.17,0.22
1784739642.9887,10:00:42.988,0.96,0.15,0.22
1784739643.4882,10:00:43.488,0.97,0.13,0.22
1784739643.9884,10:00:43.988,0.97,0.13,0.21
1784739644.4879,10:00:44.487,0.97,0.17,0.19
1784739644.9873,10:00:44.987,0.96,0.18,0.20
1784739645.4876,10:00:45.487,0.96,0.20,0.20
1784739645.9872,10:00:45.987,0.96,0.19,0.22
1784739646.4867,10:00:46.486,0.96,0.17,0.22
1784739646.9867,10:00:46.986,0.97,0.16,0.20
1784739647.4865,10:00:47.486,0.97,0.17,0.17
1784739647.9862,10:00:47.986,0.97,0.19,0.14
1784739648.4864,10:00:48.486,0.97,0.22,0.12
1784739648.9861,10:00:48.986,0.97,0.23,0.11
1784739649.4859,10:00:49.485,0.97,0.23,0.12
1784739649.9862,10:00:49.986,0.97,0.19,0.11
1784739650.4862,10:00:50.486,0.98,0.17,0.14
1784739650.9855,10:00:50.985,0.97,0.18,0.18
1784739651.4855,10:00:51.485,0.96,0.18,0.19
1784739651.9862,10:00:51.986,0.96,0.18,0.20
1784739652.4856,10:00:52.485,0.96,0.16,0.21
1784739652.9859,10:00:52.985,0.96,0.17,0.21
1784739653.4855,10:00:53.485,0.96,0.19,0.20
1784739653.9855,10:00:53.985,0.96,0.18,0.21
1784739654.4852,10:00:54.485,0.96,0.14,0.23
1784739654.9847,10:00:54.984,0.96,0.14,0.23
1784739655.4841,10:00:55.484,0.97,0.14,0.21
1784739655.9839,10:00:55.983,0.97,0.13,0.21
1784739656.4838,10:00:56.483,0.97,0.13,0.21
1784739656.9836,10:00:56.983,0.97,0.11,0.22
1784739657.4839,10:00:57.483,0.97,0.11,0.22
1784739657.9837,10:00:57.983,0.97,0.18,0.15
1784739658.4836,10:00:58.483,0.97,0.21,0.13
1784739658.9833,10:00:58.983,0.97,0.20,0.13
1784739659.4834,10:00:59.483,0.97,0.19,0.14
1784739659.983,10:00:59.983,0.98,0.16,0.13
1784739660.4833,10:01:00.483,0.98,0.13,0.12
1784739660.9837,10:01:00.983,0.98,0.10,0.16
1784739661.4836,10:01:01.483,0.98,0.12,0.18
1784739661.9834,10:01:01.983,0.97,0.12,0.19
1784739662.4833,10:01:02.483,0.97,0.13,0.18
1784739662.9829,10:01:02.982,0.97,0.14,0.18
1784739663.4824,10:01:03.482,0.98,0.06,0.18
1784739663.9822,10:01:03.982,0.98,0.06,0.18
1784739664.4817,10:01:04.481,0.98,0.10,0.15
1784739664.9807,10:01:04.980,0.98,0.16,0.09
1784739665.4811,10:01:05.481,0.98,0.18,0.08
1784739665.981,10:01:05.981,0.98,0.17,0.09
1784739666.4806,10:01:06.480,0.97,0.18,0.16
1784739666.9808,10:01:06.980,0.96,0.18,0.19
1784739667.4802,10:01:07.480,0.96,0.20,0.18
1784739667.9797,10:01:07.979,0.96,0.20,0.18
1784739668.4803,10:01:08.480,0.96,0.13,0.24
1784739668.9804,10:01:08.980,0.97,0.11,0.23
1784739669.48,10:01:09.480,0.96,0.05,0.28
1784739669.9803,10:01:09.980,0.95,0.01,0.31
1784739670.4801,10:01:10.480,0.95,0.00,0.31
1784739670.9798,10:01:10.979,0.95,0.00,0.31
1784739671.4794,10:01:11.479,0.95,-0.01,0.30
1784739671.9793,10:01:11.979,0.95,0.00,0.30
1784739672.4789,10:01:12.478,0.95,0.00,0.30
1784739672.9786,10:01:12.978,0.96,0.01,0.27
1784739673.4788,10:01:13.478,0.97,0.01,0.26
1784739673.9781,10:01:13.978,0.97,-0.01,0.26
1784739674.4779,10:01:14.477,0.97,-0.01,0.25
1784739674.9784,10:01:14.978,0.97,0.00,0.25
1784739675.4781,10:01:15.478,0.96,-0.02,0.27
1784739675.9779,10:01:15.977,0.96,-0.03,0.29
1784739676.4776,10:01:16.477,0.96,-0.02,0.29
1784739676.9774,10:01:16.977,0.95,0.00,0.30
1784739677.4771,10:01:17.477,0.96,0.06,0.26
1784739677.9773,10:01:17.977,0.97,0.17,0.17
1784739678.477,10:01:18.477,0.96,0.29,0.07
1784739678.9762,10:01:18.976,0.94,0.34,0.03
1784739679.4767,10:01:19.476,0.91,0.40,-0.01
1784739679.9767,10:01:19.976,0.89,0.45,0.00
1784739680.4762,10:01:20.476,0.87,0.49,0.00
1784739680.977,10:01:20.977,0.88,0.48,0.00
1784739681.4764,10:01:21.476,0.89,0.46,0.02
1784739681.9757,10:01:21.975,0.89,0.45,0.02
1784739682.4761,10:01:22.476,0.90,0.43,0.04
1784739682.9762,10:01:22.976,0.88,0.47,0.02
1784739683.4758,10:01:23.475,0.88,0.47,0.02
1784739683.9759,10:01:23.975,0.88,0.48,0.01
1784739684.4759,10:01:24.475,0.89,0.46,0.02
1784739684.9754,10:01:24.975,0.91,0.42,0.05
1784739685.475,10:01:25.475,0.92,0.39,0.07
1784739685.9751,10:01:25.975,0.93,0.35,0.07
1784739686.4741,10:01:26.474,0.94,0.34,0.06
1784739686.9738,10:01:26.973,0.94,0.33,0.07
1784739687.4742,10:01:27.474,0.93,0.36,0.07
1784739687.9741,10:01:27.974,0.93,0.35,0.10
1784739688.4743,10:01:28.474,0.94,0.34,0.10
1784739688.9747,10:01:28.974,0.94,0.33,0.10
1784739689.4745,10:01:29.474,0.94,0.32,0.10
1784739689.9741,10:01:29.974,0.96,0.27,0.11
1784739690.4742,10:01:30.474,0.96,0.27,0.11
1784739690.9736,10:01:30.973,0.95,0.30,0.08
1784739691.4735,10:01:31.473,0.95,0.30,0.07
1784739691.9738,10:01:31.973,0.96,0.28,0.10
1784739692.4729,10:01:32.472,0.96,0.27,0.10
1784739692.9723,10:01:32.972,0.95,0.28,0.09
1784739693.4726,10:01:33.472,0.95,0.31,0.05
1784739693.972,10:01:33.972,0.94,0.34,0.04
1784739694.4715,10:01:34.471,0.94,0.34,0.04
1784739694.9713,10:01:34.971,0.95,0.31,0.07
1784739695.4706,10:01:35.470,0.96,0.24,0.11
1784739695.97,10:01:35.970,0.97,0.22,0.14
1784739696.4707,10:01:36.470,0.97,0.23,0.13
1784739696.9707,10:01:36.970,0.96,0.23,0.13
1784739697.4703,10:01:37.470,0.96,0.28,0.08
1784739697.9702,10:01:37.970,0.96,0.29,0.07
1784739698.4698,10:01:38.469,0.95,0.29,0.07
1784739698.9697,10:01:38.969,0.96,0.28,0.07
1784739699.4699,10:01:39.469,0.97,0.15,0.18
1784739699.97,10:01:39.970,0.96,0.04,0.26
1784739700.4694,10:01:40.469,0.94,-0.03,0.33
1784739700.9693,10:01:40.969,0.94,-0.04,0.34
1784739701.4695,10:01:41.469,0.94,-0.05,0.35
1784739701.9687,10:01:41.968,0.94,-0.05,0.34
1784739702.4687,10:01:42.468,0.94,-0.03,0.33
1784739702.9692,10:01:42.969,0.95,0.00,0.30
1784739703.469,10:01:43.469,0.97,0.05,0.25
1784739703.9693,10:01:43.969,0.97,0.11,0.22
1784739704.469,10:01:44.469,0.97,0.10,0.23
1784739704.9686,10:01:44.968,0.96,0.03,0.28
1784739705.4683,10:01:45.468,0.96,0.02,0.29
1784739705.9685,10:01:45.968,0.96,0.01,0.27
1784739706.468,10:01:46.468,0.96,0.01,0.27
1784739706.9678,10:01:46.967,0.96,0.00,0.27
1784739707.4678,10:01:47.467,0.95,-0.03,0.30
1784739707.9673,10:01:47.967,0.96,-0.02,0.29
1784739708.4674,10:01:48.467,0.96,0.00,0.27
1784739708.9676,10:01:48.967,0.96,0.01,0.27
1784739709.4671,10:01:49.467,0.96,0.01,0.28
1784739709.9667,10:01:49.966,0.96,-0.01,0.29
1784739710.4668,10:01:50.466,0.96,-0.01,0.29
1784739710.9664,10:01:50.966,0.97,0.04,0.23
1784739711.4663,10:01:51.466,0.98,0.06,0.21
1784739711.9669,10:01:51.966,0.98,0.07,0.21
1784739712.4667,10:01:52.466,0.98,0.06,0.20
1784739712.9666,10:01:52.966,0.98,0.08,0.20
1784739713.4668,10:01:53.466,0.98,0.08,0.20
1784739713.9667,10:01:53.966,0.98,0.08,0.18
1784739714.4658,10:01:54.465,0.98,0.12,0.15
1784739714.9663,10:01:54.966,0.98,0.13,0.14
1784739715.4663,10:01:55.466,0.98,0.14,0.15
1784739715.9662,10:01:55.966,0.98,0.14,0.17
1784739716.4654,10:01:56.465,0.97,0.14,0.19
1784739716.9655,10:01:56.965,0.97,0.13,0.22
1784739717.4647,10:01:57.464,0.97,0.13,0.22
1784739717.9648,10:01:57.964,0.97,0.14,0.20
1784739718.4648,10:01:58.464,0.98,0.13,0.18
1784739718.9645,10:01:58.964,0.97,0.07,0.21
1784739719.4645,10:01:59.464,0.97,0.07,0.21
1784739719.9645,10:01:59.964,0.98,0.06,0.21
1784739720.4642,10:02:00.464,0.97,0.03,0.24
1784739720.9644,10:02:00.964,0.96,-0.01,0.27
1784739721.4643,10:02:01.464,0.97,-0.02,0.23
1784739721.9639,10:02:01.963,0.98,-0.02,0.20
1784739722.464,10:02:02.464,0.98,-0.02,0.19
1784739722.9642,10:02:02.964,0.98,0.01,0.22
1784739723.4639,10:02:03.463,0.97,0.02,0.25
1784739723.9635,10:02:03.963,0.97,0.06,0.25
1784739724.4636,10:02:04.463,0.97,0.06,0.25
1784739724.9626,10:02:04.962,0.96,0.07,0.26
1784739725.4619,10:02:05.461,0.96,0.07,0.27
1784739725.9623,10:02:05.962,0.96,0.11,0.25
1784739726.4624,10:02:06.462,0.97,0.11,0.23
1784739726.9618,10:02:06.961,0.96,0.08,0.25
1784739727.4621,10:02:07.462,0.96,0.07,0.27
1784739727.9617,10:02:07.961,0.96,0.07,0.27
1784739728.4614,10:02:08.461,0.96,0.06,0.28
1784739728.961,10:02:08.961,0.96,0.07,0.28
1784739729.4614,10:02:09.461,0.96,0.05,0.28
1784739729.9605,10:02:09.960,0.95,0.02,0.31
1784739730.4606,10:02:10.460,0.95,0.02,0.31
1784739730.9608,10:02:10.960,0.96,0.04,0.28
1784739731.4604,10:02:11.460,0.96,0.07,0.26
1784739731.9605,10:02:11.960,0.96,0.07,0.26
1784739732.4601,10:02:12.460,0.97,0.15,0.20
1784739732.9596,10:02:12.959,0.97,0.15,0.20
1784739733.46,10:02:13.460,0.98,0.04,0.20
1784739733.9601,10:02:13.960,0.98,-0.05,0.20
1784739734.4597,10:02:14.459,0.97,-0.08,0.22
1784739734.96,10:02:14.960,0.97,-0.08,0.22
1784739735.4596,10:02:15.459,0.97,-0.09,0.23
1784739735.9591,10:02:15.959,0.96,-0.11,0.25
1784739736.4585,10:02:16.458,0.96,-0.12,0.25
1784739736.9587,10:02:16.958,0.96,-0.11,0.27
1784739737.4588,10:02:17.458,0.96,-0.08,0.27
1784739737.9584,10:02:17.958,0.97,-0.01,0.26
1784739738.4589,10:02:18.458,0.97,0.03,0.22
1784739738.9583,10:02:18.958,0.97,0.03,0.23
1784739739.458,10:02:19.458,0.97,0.03,0.23
1784739739.958,10:02:19.958,0.97,0.02,0.24
1784739740.4579,10:02:20.457,0.96,0.03,0.27
1784739740.9577,10:02:20.957,0.96,0.01,0.28
1784739741.4576,10:02:21.457,0.95,-0.02,0.30
1784739741.957,10:02:21.957,0.95,-0.03,0.30
1784739742.4566,10:02:22.456,0.96,-0.01,0.29
1784739742.9564,10:02:22.956,0.97,0.02,0.25
1784739743.4563,10:02:23.456,0.97,0.02,0.24
1784739743.9555,10:02:23.955,0.97,0.09,0.23
1784739744.4556,10:02:24.455,0.97,0.16,0.19
1784739744.9558,10:02:24.955,0.97,0.17,0.19
1784739745.455,10:02:25.455,0.97,0.16,0.19
1784739745.9553,10:02:25.955,0.98,0.12,0.18
1784739746.4557,10:02:26.455,0.97,0.05,0.24
1784739746.9552,10:02:26.955,0.97,0.05,0.23
1784739747.455,10:02:27.455,0.97,0.09,0.22
1784739747.9551,10:02:27.955,0.97,0.09,0.23
1784739748.4547,10:02:28.454,0.97,0.11,0.22
1784739748.9548,10:02:28.954,0.97,0.12,0.21
1784739749.4554,10:02:29.455,0.97,0.11,0.20
1784739749.955,10:02:29.955,0.97,0.11,0.20
1784739750.455,10:02:30.455,0.98,0.11,0.15
1784739750.9555,10:02:30.955,0.98,0.12,0.13
1784739751.4553,10:02:31.455,0.98,0.09,0.15
1784739751.9552,10:02:31.955,0.98,0.08,0.20
1784739752.4552,10:02:32.455,0.96,0.07,0.26
1784739752.9549,10:02:32.954,0.96,0.08,0.27
1784739753.4543,10:02:33.454,0.96,0.08,0.27
1784739753.9545,10:02:33.954,0.97,0.11,0.23
1784739754.4538,10:02:34.453,0.97,0.15,0.17
1784739754.9536,10:02:34.953,0.97,0.20,0.09
1784739755.4539,10:02:35.453,0.97,0.26,0.02
1784739755.9535,10:02:35.953,0.95,0.31,-0.02
1784739756.4534,10:02:36.453,0.95,0.31,0.02
1784739756.9532,10:02:36.953,0.94,0.32,0.05
1784739757.4529,10:02:37.452,0.96,0.25,0.11
1784739757.9519,10:02:37.951,0.97,0.22,0.14
1784739758.4526,10:02:38.452,0.97,0.21,0.14
1784739758.9524,10:02:38.952,0.96,0.25,0.13
1784739759.4519,10:02:39.451,0.96,0.25,0.13
1784739759.9519,10:02:39.951,0.96,0.23,0.14
1784739760.4519,10:02:40.451,0.97,0.18,0.17
1784739760.9513,10:02:40.951,0.97,0.18,0.15
1784739761.4516,10:02:41.451,0.97,0.24,0.10
1784739761.9518,10:02:41.951,0.96,0.29,0.06
1784739762.4515,10:02:42.451,0.95,0.31,0.05
1784739762.9518,10:02:42.951,0.95,0.31,0.06
1784739763.452,10:02:43.452,0.96,0.28,0.10
1784739763.9515,10:02:43.951,0.96,0.19,0.19
1784739764.4509,10:02:44.450,0.96,0.19,0.19
1784739764.9508,10:02:44.950,0.96,0.18,0.20
1784739765.4502,10:02:45.450,0.97,0.14,0.21
1784739765.9498,10:02:45.949,0.97,0.08,0.23
1784739766.45,10:02:46.450,0.98,0.09,0.20
1784739766.9495,10:02:46.949,0.97,0.20,0.13
1784739767.4489,10:02:47.448,0.94,0.33,0.04
1784739767.9494,10:02:47.949,0.91,0.41,-0.01
1784739768.4494,10:02:48.449,0.91,0.41,0.00
1784739768.9491,10:02:48.949,0.91,0.41,0.02
1784739769.4491,10:02:49.449,0.92,0.39,0.04
1784739769.9484,10:02:49.948,0.92,0.38,0.03
1784739770.4478,10:02:50.447,0.92,0.38,0.04
1784739770.9483,10:02:50.948,0.94,0.35,0.05
1784739771.4479,10:02:51.447,0.93,0.37,0.04
1784739771.9475,10:02:51.947,0.93,0.38,0.05
1784739772.4476,10:02:52.447,0.91,0.41,0.03
1784739772.948,10:02:52.948,0.92,0.39,0.04
1784739773.4471,10:02:53.447,0.92,0.38,0.06
1784739773.9471,10:02:53.947,0.92,0.40,0.05
1784739774.4468,10:02:54.446,0.91,0.41,0.05
1784739774.9465,10:02:54.946,0.91,0.42,0.04
1784739775.447,10:02:55.447,0.91,0.41,0.04
1784739775.947,10:02:55.947,0.93,0.37,0.06
1784739776.4467,10:02:56.446,0.93,0.35,0.09
1784739776.9473,10:02:56.947,0.94,0.33,0.09
1784739777.4472,10:02:57.447,0.94,0.33,0.07
1784739777.9472,10:02:57.947,0.94,0.35,0.06
1784739778.4471,10:02:58.447,0.94,0.32,0.09
1784739778.9471,10:02:58.947,0.94,0.32,0.09
1784739779.4466,10:02:59.446,0.93,0.35,0.07
1784739779.9468,10:02:59.946,0.94,0.34,0.05
1784739780.4469,10:03:00.446,0.93,0.36,0.05
1784739780.9461,10:03:00.946,0.93,0.37,0.05
1784739781.4458,10:03:01.445,0.92,0.38,0.05
1784739781.946,10:03:01.946,0.92,0.40,0.02
1784739782.4452,10:03:02.445,0.91,0.41,0.01
1784739782.9451,10:03:02.945,0.90,0.44,-0.01
1784739783.4455,10:03:03.445,0.92,0.39,0.03
1784739783.9452,10:03:03.945,0.93,0.37,0.04
1784739784.4444,10:03:04.444,0.94,0.34,0.07
1784739784.9447,10:03:04.944,0.94,0.31,0.10
1784739785.4437,10:03:05.443,0.95,0.30,0.11
1784739785.943,10:03:05.943,0.95,0.30,0.11
1784739786.4432,10:03:06.443,0.95,0.30,0.08
1784739786.9427,10:03:06.942,0.95,0.30,0.08
1784739787.4419,10:03:07.441,0.95,0.28,0.11
1784739787.9422,10:03:07.942,0.95,0.28,0.12
1784739788.4423,10:03:08.442,0.95,0.27,0.14
1784739788.942,10:03:08.942,0.95,0.28,0.13
1784739789.4424,10:03:09.442,0.95,0.29,0.12
1784739789.9429,10:03:09.942,0.94,0.33,0.09
1784739790.4425,10:03:10.442,0.94,0.33,0.09
1784739790.9428,10:03:10.942,0.93,0.35,0.09
1784739791.4423,10:03:11.442,0.93,0.36,0.09
1784739791.9419,10:03:11.941,0.93,0.34,0.10
1784739792.4418,10:03:12.441,0.93,0.35,0.10
1784739792.9423,10:03:12.942,0.94,0.34,0.10
1784739793.442,10:03:13.442,0.94,0.32,0.13
1784739793.9416,10:03:13.941,0.95,0.29,0.15
1784739794.4417,10:03:14.441,0.95,0.28,0.15
1784739794.9412,10:03:14.941,0.96,0.26,0.14
1784739795.4407,10:03:15.440,0.96,0.25,0.11
1784739795.9411,10:03:15.941,0.96,0.29,0.03
1784739796.4406,10:03:16.440,0.94,0.33,0.00
1784739796.9396,10:03:16.939,0.94,0.33,0.01
1784739797.4399,10:03:17.439,0.94,0.33,0.01
1784739797.9401,10:03:17.940,0.94,0.35,0.05
1784739798.4402,10:03:18.440,0.93,0.35,0.08
1784739798.9402,10:03:18.940,0.93,0.36,0.08
1784739799.4401,10:03:19.440,0.93,0.37,0.06
1784739799.9399,10:03:19.939,0.93,0.37,0.05
1784739800.44,10:03:20.440,0.93,0.37,0.06
1784739800.9392,10:03:20.939,0.93,0.36,0.07
1784739801.4389,10:03:21.438,0.93,0.36,0.07
1784739801.9389,10:03:21.938,0.94,0.33,0.09
1784739802.4381,10:03:22.438,0.94,0.32,0.10
1784739802.9376,10:03:22.937,0.95,0.30,0.13
1784739803.438,10:03:23.438,0.94,0.29,0.15
1784739803.9381,10:03:23.938,0.94,0.30,0.14
1784739804.4377,10:03:24.437,0.94,0.33,0.12
1784739804.9376,10:03:24.937,0.93,0.34,0.11
1784739805.4378,10:03:25.437,0.94,0.34,0.10
1784739805.9373,10:03:25.937,0.93,0.34,0.09
1784739806.4375,10:03:26.437,0.94,0.35,0.06
1784739806.9373,10:03:26.937,0.92,0.38,0.02
1784739807.4373,10:03:27.437,0.92,0.39,0.03
1784739807.9374,10:03:27.937,0.92,0.38,0.04
1784739808.4373,10:03:28.437,0.93,0.35,0.07
1784739808.9372,10:03:28.937,0.94,0.33,0.08
1784739809.4368,10:03:29.436,0.94,0.32,0.09
1784739809.9369,10:03:29.936,0.95,0.28,0.12
1784739810.4359,10:03:30.435,0.95,0.27,0.14
1784739810.936,10:03:30.936,0.95,0.28,0.14
1784739811.436,10:03:31.436,0.95,0.30,0.12
1784739811.935,10:03:31.935,0.94,0.31,0.10
1784739812.4347,10:03:32.434,0.95,0.30,0.09
1784739812.9347,10:03:32.934,0.95,0.31,0.06
1784739813.4342,10:03:33.434,0.96,0.28,0.07
1784739813.9338,10:03:33.933,0.97,0.23,0.11
1784739814.4339,10:03:34.433,0.97,0.16,0.18
1784739814.9337,10:03:34.933,0.97,0.13,0.20
1784739815.4332,10:03:35.433,0.97,0.12,0.22
1784739815.9334,10:03:35.933,0.97,0.15,0.19
1784739816.4329,10:03:36.432,0.97,0.18,0.17
1784739816.9323,10:03:36.932,0.97,0.19,0.18
1784739817.4324,10:03:37.432,0.96,0.20,0.18
1784739817.9324,10:03:37.932,0.96,0.22,0.19
1784739818.4323,10:03:38.432,0.95,0.26,0.15
1784739818.9325,10:03:38.932,0.95,0.29,0.12
1784739819.4328,10:03:39.432,0.93,0.35,0.07
1784739819.9324,10:03:39.932,0.93,0.35,0.08
1784739820.4324,10:03:40.432,0.94,0.34,0.07
1784739820.9325,10:03:40.932,0.94,0.33,0.08
1784739821.4317,10:03:41.431,0.95,0.30,0.09
1784739821.9316,10:03:41.931,0.96,0.27,0.11
1784739822.4316,10:03:42.431,0.96,0.25,0.12
1784739822.9309,10:03:42.930,0.97,0.22,0.14
1784739823.4309,10:03:43.430,0.97,0.19,0.16
1784739823.9308,10:03:43.930,0.97,0.19,0.15
1784739824.4308,10:03:44.430,0.97,0.23,0.12
1784739824.9309,10:03:44.930,0.97,0.23,0.11
1784739825.4313,10:03:45.431,0.97,0.23,0.10
1784739825.931,10:03:45.931,0.97,0.22,0.11
1784739826.431,10:03:46.431,0.97,0.19,0.15
1784739826.9313,10:03:46.931,0.97,0.20,0.16
1784739827.4307,10:03:47.430,0.97,0.19,0.16
1784739827.9303,10:03:47.930,0.97,0.22,0.11
1784739828.4304,10:03:48.430,0.96,0.26,0.09
1784739828.9298,10:03:48.929,0.96,0.25,0.10
1784739829.4299,10:03:49.429,0.96,0.25,0.10
1784739829.9299,10:03:49.929,0.96,0.25,0.10
1784739830.4298,10:03:50.429,0.97,0.22,0.09
1784739830.9294,10:03:50.929,0.98,0.18,0.11
1784739831.4295,10:03:51.429,0.97,0.20,0.10
1784739831.9287,10:03:51.928,0.96,0.25,0.07
1784739832.428,10:03:52.428,0.96,0.26,0.09
1784739832.9282,10:03:52.928,0.96,0.27,0.10
1784739833.4279,10:03:53.427,0.95,0.29,0.09
1784739833.9273,10:03:53.927,0.95,0.30,0.09
1784739834.4278,10:03:54.427,0.94,0.33,0.08
1784739834.928,10:03:54.928,0.94,0.33,0.08
1784739835.4273,10:03:55.427,0.94,0.34,0.06
1784739835.9277,10:03:55.927,0.94,0.35,0.06
1784739836.4279,10:03:56.427,0.93,0.38,0.02
1784739836.927,10:03:56.927,0.93,0.38,0.02
1784739837.427,10:03:57.427,0.94,0.35,0.05
1784739837.9275,10:03:57.927,0.95,0.30,0.09
1784739838.4271,10:03:58.427,0.95,0.30,0.09
1784739838.9276,10:03:58.927,0.95,0.32,0.08
1784739839.4278,10:03:59.427,0.95,0.30,0.07
1784739839.9275,10:03:59.927,0.95,0.30,0.04
1784739840.4271,10:04:00.427,0.95,0.30,0.05
1784739840.9273,10:04:00.927,0.95,0.31,0.06
1784739841.4267,10:04:01.426,0.95,0.32,0.05
1784739841.9266,10:04:01.926,0.95,0.32,0.04
1784739842.4268,10:04:02.426,0.96,0.26,0.07
1784739842.9263,10:04:02.926,0.96,0.26,0.02
1784739843.4255,10:04:03.425,0.96,0.27,0.02
1784739843.9254,10:04:03.925,0.95,0.31,0.01
1784739844.4246,10:04:04.424,0.95,0.32,0.05
1784739844.9241,10:04:04.924,0.94,0.32,0.07
1784739845.4241,10:04:05.424,0.94,0.33,0.08
1784739845.9238,10:04:05.923,0.93,0.35,0.08
1784739846.4237,10:04:06.423,0.92,0.38,0.06
1784739846.9237,10:04:06.923,0.92,0.39,0.06
1784739847.4238,10:04:07.423,0.93,0.36,0.07
1784739847.9232,10:04:07.923,0.95,0.31,0.11
1784739848.4231,10:04:08.423,0.96,0.27,0.13
1784739848.9227,10:04:08.922,0.97,0.22,0.14
1784739849.4232,10:04:09.423,0.97,0.21,0.14
1784739849.9232,10:04:09.923,0.97,0.20,0.14
1784739850.4232,10:04:10.423,0.97,0.21,0.14
1784739850.9228,10:04:10.922,0.96,0.24,0.10
1784739851.4227,10:04:11.422,0.96,0.27,0.07
1784739851.9224,10:04:11.922,0.96,0.26,0.05
1784739852.4215,10:04:12.421,0.97,0.24,0.07
1784739852.9215,10:04:12.921,0.96,0.25,0.09
1784739853.4217,10:04:13.421,0.97,0.24,0.09
1784739853.9214,10:04:13.921,0.97,0.21,0.11
1784739854.4216,10:04:14.421,0.98,0.17,0.13
1784739854.9219,10:04:14.921,0.98,0.15,0.14
1784739855.4215,10:04:15.421,0.98,0.16,0.13
1784739855.9218,10:04:15.921,0.98,0.16,0.14
1784739856.422,10:04:16.422,0.97,0.14,0.18
1784739856.9211,10:04:16.921,0.98,0.10,0.19
1784739857.4207,10:04:17.420,0.98,0.11,0.19
1784739857.9204,10:04:17.920,0.98,0.11,0.19
1784739858.42,10:04:18.420,0.97,0.11,0.20
1784739858.9205,10:04:18.920,0.98,0.10,0.19
1784739859.4203,10:04:19.420,0.97,0.14,0.17
1784739859.92,10:04:19.920,0.98,0.17,0.14
1784739860.4197,10:04:20.419,0.98,0.17,0.12
1784739860.92,10:04:20.920,0.98,0.17,0.12
1784739861.4204,10:04:21.420,0.97,0.17,0.15
1784739861.9204,10:04:21.920,0.97,0.17,0.18
1784739862.4202,10:04:22.420,0.97,0.13,0.19
1784739862.9199,10:04:22.919,0.97,0.12,0.19
1784739863.4191,10:04:23.419,0.97,0.14,0.19
1784739863.9193,10:04:23.919,0.97,0.14,0.19
1784739864.4187,10:04:24.418,0.97,0.13,0.18
1784739864.9179,10:04:24.917,0.98,0.13,0.17
1784739865.4186,10:04:25.418,0.98,0.12,0.18
1784739865.918,10:04:25.918,0.97,0.13,0.19
1784739866.4179,10:04:26.417,0.97,0.15,0.18
1784739866.9181,10:04:26.918,0.97,0.17,0.17
1784739867.4176,10:04:27.417,0.97,0.18,0.15
1784739867.9168,10:04:27.916,0.97,0.15,0.17
1784739868.4166,10:04:28.416,0.97,0.16,0.17
1784739868.9167,10:04:28.916,0.97,0.19,0.15
1784739869.4166,10:04:29.416,0.97,0.21,0.14
1784739869.9168,10:04:29.916,0.97,0.23,0.10
1784739870.4173,10:04:30.417,0.97,0.23,0.09
1784739870.9167,10:04:30.916,0.97,0.23,0.09
1784739871.4166,10:04:31.416,0.98,0.16,0.13
1784739871.9168,10:04:31.916,0.98,0.11,0.17
1784739872.416,10:04:32.416,0.98,0.09,0.19
1784739872.9163,10:04:32.916,0.98,0.08,0.19
1784739873.4167,10:04:33.416,0.98,0.13,0.17
1784739873.9162,10:04:33.916,0.97,0.13,0.19
1784739874.4162,10:04:34.416,0.97,0.13,0.19
1784739874.9161,10:04:34.916,0.97,0.15,0.17
1784739875.4153,10:04:35.415,0.97,0.15,0.18
1784739875.915,10:04:35.915,0.97,0.16,0.16
1784739876.4149,10:04:36.414,0.97,0.17,0.16
1784739876.9146,10:04:36.914,0.97,0.18,0.15
1784739877.4146,10:04:37.414,0.97,0.15,0.17
1784739877.9151,10:04:37.915,0.97,0.13,0.18
1784739878.4145,10:04:38.414,0.97,0.10,0.21
1784739878.9143,10:04:38.914,0.97,0.06,0.25
1784739879.4147,10:04:39.414,0.97,0.06,0.25
1784739879.9147,10:04:39.914,0.97,0.06,0.24
1784739880.4142,10:04:40.414,0.97,0.15,0.20
1784739880.9149,10:04:40.914,0.97,0.16,0.19
1784739881.4144,10:04:41.414,0.97,0.10,0.24
1784739881.9145,10:04:41.914,0.97,0.11,0.22
1784739882.4147,10:04:42.414,0.97,0.12,0.21
1784739882.9142,10:04:42.914,0.98,0.15,0.16
1784739883.4135,10:04:43.413,0.98,0.19,0.10
1784739883.9136,10:04:43.913,0.97,0.20,0.11
1784739884.4135,10:04:44.413,0.98,0.16,0.14
1784739884.9128,10:04:44.912,0.98,0.14,0.16
1784739885.4127,10:04:45.412,0.97,0.15,0.19
1784739885.9124,10:04:45.912,0.97,0.16,0.18
1784739886.4121,10:04:46.412,0.97,0.18,0.16
1784739886.9121,10:04:46.912,0.96,0.22,0.15
1784739887.412,10:04:47.412,0.96,0.23,0.15
1784739887.9112,10:04:47.911,0.96,0.24,0.15
1784739888.4109,10:04:48.410,0.96,0.25,0.14
1784739888.9107,10:04:48.910,0.96,0.25,0.12
1784739889.4106,10:04:49.410,0.96,0.24,0.12
1784739889.9106,10:04:49.910,0.96,0.24,0.12
1784739890.4111,10:04:50.411,0.96,0.25,0.10
1784739890.9099,10:04:50.909,0.96,0.26,0.12
1784739891.4094,10:04:51.409,0.95,0.27,0.13
1784739891.91,10:04:51.910,0.96,0.25,0.14
1784739892.4094,10:04:52.409,0.96,0.26,0.15
1784739892.9095,10:04:52.909,0.96,0.26,0.12
1784739893.4097,10:04:53.409,0.95,0.31,0.10
1784739893.9095,10:04:53.909,0.95,0.31,0.09
1784739894.4089,10:04:54.408,0.96,0.27,0.12
1784739894.9092,10:04:54.909,0.95,0.28,0.12
1784739895.4092,10:04:55.409,0.95,0.27,0.13
1784739895.9089,10:04:55.908,0.95,0.29,0.13
1784739896.4089,10:04:56.408,0.95,0.30,0.11
1784739896.9082,10:04:56.908,0.94,0.32,0.10
1784739897.408,10:04:57.408,0.94,0.34,0.08
1784739897.9085,10:04:57.908,0.93,0.35,0.08
1784739898.4085,10:04:58.408,0.93,0.36,0.06
1784739898.9084,10:04:58.908,0.93,0.37,0.06
1784739899.4086,10:04:59.408,0.93,0.37,0.07
1784739899.9084,10:04:59.908,0.93,0.37,0.06
1784739900.4078,10:05:00.407,0.93,0.35,0.08
1784739900.9077,10:05:00.907,0.94,0.34,0.08
1784739901.4076,10:05:01.407,0.94,0.34,0.08
1784739901.9075,10:05:01.907,0.94,0.35,0.07
1784739902.4069,10:05:02.406,0.93,0.37,0.03
1784739902.9063,10:05:02.906,0.93,0.37,0.04
1784739903.4058,10:05:03.405,0.93,0.36,0.06
1784739903.9054,10:05:03.905,0.94,0.34,0.08
1784739904.4057,10:05:04.405,0.94,0.33,0.08
1784739904.9053,10:05:04.905,0.94,0.32,0.09
1784739905.4054,10:05:05.405,0.94,0.34,0.07
1784739905.9058,10:05:05.905,0.93,0.36,0.07
1784739906.4051,10:05:06.405,0.92,0.39,0.04
1784739906.9047,10:05:06.904,0.92,0.40,0.05
1784739907.4048,10:05:07.404,0.93,0.36,0.07
1784739907.9044,10:05:07.904,0.93,0.36,0.04
1784739908.4048,10:05:08.404,0.94,0.34,0.05
1784739908.9052,10:05:08.905,0.94,0.32,0.07
1784739909.4052,10:05:09.405,0.94,0.33,0.09
1784739909.9044,10:05:09.904,0.94,0.33,0.08
1784739910.4049,10:05:10.404,0.93,0.35,0.07
1784739910.9047,10:05:10.904,0.94,0.35,0.06
1784739911.4046,10:05:11.404,0.93,0.35,0.07
1784739911.9049,10:05:11.904,0.93,0.35,0.07
1784739912.4043,10:05:12.404,0.94,0.35,0.07
1784739912.9038,10:05:12.903,0.93,0.36,0.06
1784739913.4036,10:05:13.403,0.94,0.34,0.07
1784739913.9036,10:05:13.903,0.93,0.35,0.07
1784739914.4032,10:05:14.403,0.94,0.33,0.09
1784739914.9033,10:05:14.903,0.94,0.34,0.09
1784739915.4033,10:05:15.403,0.93,0.34,0.10
1784739915.9028,10:05:15.902,0.93,0.34,0.10
1784739916.4024,10:05:16.402,0.93,0.35,0.09
1784739916.9023,10:05:16.902,0.94,0.33,0.07
1784739917.402,10:05:17.402,0.95,0.31,0.08
1784739917.9017,10:05:17.901,0.96,0.27,0.10
1784739918.4019,10:05:18.401,0.96,0.22,0.14
1784739918.9012,10:05:18.901,0.97,0.19,0.15
1784739919.401,10:05:19.401,0.96,0.27,0.12
1784739919.9013,10:05:19.901,0.95,0.28,0.10
1784739920.4007,10:05:20.400,0.95,0.27,0.12
1784739920.9007,10:05:20.900,0.95,0.28,0.13
1784739921.4006,10:05:21.400,0.96,0.26,0.14
1784739921.8996,10:05:21.899,0.96,0.24,0.15
1784739922.3994,10:05:22.399,0.96,0.22,0.16
1784739922.9,10:05:22.900,0.97,0.17,0.18
1784739923.3995,10:05:23.399,0.97,0.14,0.19
1784739923.8993,10:05:23.899,0.97,0.11,0.22
1784739924.3998,10:05:24.399,0.97,0.12,0.20
1784739924.8998,10:05:24.899,0.97,0.15,0.20
1784739925.3995,10:05:25.399,0.97,0.16,0.19
1784739925.8997,10:05:25.899,0.97,0.18,0.18
1784739926.3992,10:05:26.399,0.96,0.20,0.18
1784739926.899,10:05:26.899,0.96,0.22,0.17
1784739927.3993,10:05:27.399,0.96,0.23,0.16
1784739927.8991,10:05:27.899,0.97,0.21,0.14
1784739928.3986,10:05:28.398,0.97,0.21,0.14
1784739928.8988,10:05:28.898,0.97,0.23,0.09
1784739929.3985,10:05:29.398,0.96,0.26,0.07
1784739929.8978,10:05:29.897,0.95,0.29,0.09
1784739930.3976,10:05:30.397,0.95,0.30,0.09
1784739930.8975,10:05:30.897,0.95,0.31,0.09
1784739931.3969,10:05:31.396,0.95,0.30,0.10
1784739931.8966,10:05:31.896,0.95,0.29,0.11
1784739932.3968,10:05:32.396,0.95,0.29,0.12
1784739932.8961,10:05:32.896,0.95,0.29,0.12
1784739933.3959,10:05:33.395,0.95,0.27,0.13
1784739933.8961,10:05:33.896,0.96,0.26,0.13
1784739934.3953,10:05:34.395,0.96,0.24,0.16
1784739934.8952,10:05:34.895,0.96,0.24,0.16
1784739935.395,10:05:35.395,0.95,0.26,0.15
1784739935.8951,10:05:35.895,0.96,0.25,0.15
1784739936.3953,10:05:36.395,0.95,0.26,0.15
1784739936.8956,10:05:36.895,0.96,0.25,0.16
1784739937.395,10:05:37.395,0.96,0.23,0.17
1784739937.8944,10:05:37.894,0.96,0.19,0.20
1784739938.3945,10:05:38.394,0.96,0.19,0.20
1784739938.8943,10:05:38.894,0.96,0.21,0.17
1784739939.3942,10:05:39.394,0.96,0.22,0.14
1784739939.8944,10:05:39.894,0.96,0.22,0.15
1784739940.3943,10:05:40.394,0.97,0.20,0.15
1784739940.8941,10:05:40.894,0.97,0.18,0.18
1784739941.3944,10:05:41.394,0.97,0.15,0.19
1784739941.8942,10:05:41.894,0.97,0.14,0.20
1784739942.3939,10:05:42.393,0.97,0.15,0.19
1784739942.8943,10:05:42.894,0.97,0.15,0.19
1784739943.3944,10:05:43.394,0.97,0.19,0.15
1784739943.8942,10:05:43.894,0.97,0.25,0.08
1784739944.3943,10:05:44.394,0.97,0.24,0.08
1784739944.8937,10:05:44.893,0.96,0.26,0.07
1784739945.393,10:05:45.393,0.96,0.26,0.07
1784739945.893,10:05:45.893,0.96,0.25,0.08
1784739946.3933,10:05:46.393,0.97,0.22,0.10
1784739946.8933,10:05:46.893,0.97,0.23,0.10
1784739947.3931,10:05:47.393,0.96,0.25,0.10
1784739947.8927,10:05:47.892,0.96,0.25,0.09
1784739948.3923,10:05:48.392,0.96,0.25,0.08
1784739948.8922,10:05:48.892,0.96,0.27,0.08
1784739949.3922,10:05:49.392,0.96,0.26,0.10
1784739949.8917,10:05:49.891,0.96,0.25,0.10
1784739950.3915,10:05:50.391,0.98,0.20,0.08
1784739950.8918,10:05:50.891,0.98,0.15,0.11
1784739951.3908,10:05:51.390,0.98,0.16,0.12
1784739951.8907,10:05:51.890,0.98,0.18,0.13
1784739952.3911,10:05:52.391,0.97,0.19,0.14
1784739952.8904,10:05:52.890,0.97,0.17,0.15
1784739953.39,10:05:53.390,0.97,0.13,0.18
1784739953.8903,10:05:53.890,0.97,0.11,0.20
1784739954.3907,10:05:54.390,0.97,0.11,0.20
1784739954.8906,10:05:54.890,0.97,0.09,0.22
1784739955.3908,10:05:55.390,0.97,0.08,0.22
1784739955.8908,10:05:55.890,0.97,0.06,0.24
1784739956.3901,10:05:56.390,0.96,0.04,0.26
1784739956.8903,10:05:56.890,0.97,0.04,0.25
1784739957.3903,10:05:57.390,0.97,0.06,0.25
1784739957.8895,10:05:57.889,0.97,0.08,0.24
1784739958.3898,10:05:58.389,0.97,0.09,0.24
1784739958.8896,10:05:58.889,0.97,0.10,0.23
1784739959.3891,10:05:59.389,0.97,0.08,0.22
1784739959.8891,10:05:59.889,0.97,0.01,0.26
1784739960.389,10:06:00.389,0.96,-0.01,0.27
1784739960.8886,10:06:00.888,0.96,0.00,0.29
1784739961.3887,10:06:01.388,0.96,0.06,0.27
1784739961.8883,10:06:01.888,0.96,0.05,0.26
1784739962.3878,10:06:02.387,0.96,0.05,0.26
1784739962.8876,10:06:02.887,0.95,0.02,0.30
1784739963.3875,10:06:03.387,0.95,0.02,0.30
1784739963.8873,10:06:03.887,0.95,0.02,0.30
1784739964.3868,10:06:04.386,0.96,0.01,0.29
1784739964.8868,10:06:04.886,0.96,0.00,0.29
1784739965.3868,10:06:05.386,0.96,0.02,0.27
1784739965.8868,10:06:05.886,0.97,0.05,0.26
1784739966.3864,10:06:06.386,0.97,0.12,0.20
1784739966.8867,10:06:06.886,0.97,0.16,0.18
1784739967.3865,10:06:07.386,0.97,0.17,0.18
1784739967.8864,10:06:07.886,0.96,0.18,0.19
1784739968.3858,10:06:08.385,0.97,0.17,0.19
1784739968.8855,10:06:08.885,0.97,0.17,0.19
1784739969.3853,10:06:09.385,0.96,0.20,0.18
1784739969.885,10:06:09.885,0.96,0.23,0.15
1784739970.385,10:06:10.385,0.96,0.22,0.15
1784739970.8854,10:06:10.885,0.97,0.20,0.15
1784739971.3848,10:06:11.384,0.97,0.17,0.16
1784739971.8843,10:06:11.884,0.97,0.17,0.16
1784739972.3847,10:06:12.384,0.97,0.19,0.15
1784739972.8844,10:06:12.884,0.96,0.26,0.12
1784739973.384,10:06:13.384,0.95,0.30,0.09
1784739973.8845,10:06:13.884,0.95,0.31,0.09
1784739974.3841,10:06:14.384,0.95,0.30,0.10
1784739974.8841,10:06:14.884,0.94,0.33,0.08
1784739975.384,10:06:15.384,0.93,0.37,0.05
1784739975.8836,10:06:15.883,0.90,0.43,0.02
1784739976.3835,10:06:16.383,0.90,0.44,0.02
1784739976.8837,10:06:16.883,0.88,0.47,-0.01
1784739977.3832,10:06:17.383,0.89,0.46,-0.01
1784739977.8824,10:06:17.882,0.89,0.46,-0.01
1784739978.3825,10:06:18.382,0.90,0.44,0.01
1784739978.8825,10:06:18.882,0.90,0.43,0.03
1784739979.382,10:06:19.382,0.90,0.44,0.03
1784739979.8822,10:06:19.882,0.90,0.44,0.03
1784739980.3827,10:06:20.382,0.89,0.45,0.02
1784739980.8819,10:06:20.881,0.90,0.45,0.02
1784739981.382,10:06:21.382,0.92,0.40,0.06
1784739981.8816,10:06:21.881,0.93,0.37,0.07
1784739982.3813,10:06:22.381,0.93,0.37,0.08
1784739982.8809,10:06:22.880,0.93,0.35,0.09
1784739983.381,10:06:23.381,0.94,0.33,0.10
1784739983.8806,10:06:23.880,0.94,0.32,0.11
1784739984.3804,10:06:24.380,0.95,0.31,0.10
1784739984.8807,10:06:24.880,0.95,0.29,0.12
1784739985.3803,10:06:25.380,0.96,0.25,0.14
1784739985.8802,10:06:25.880,0.96,0.25,0.15
1784739986.3805,10:06:26.380,0.94,0.31,0.11
1784739986.8804,10:06:26.880,0.94,0.33,0.08
1784739987.3804,10:06:27.380,0.95,0.32,0.06
1784739987.8807,10:06:27.880,0.94,0.35,0.03
1784739988.3807,10:06:28.380,0.93,0.37,0.02
1784739988.8804,10:06:28.880,0.92,0.38,0.02
1784739989.3804,10:06:29.380,0.92,0.39,0.02
1784739989.8801,10:06:29.880,0.92,0.39,0.04
1784739990.3792,10:06:30.379,0.94,0.33,0.09
1784739990.8801,10:06:30.880,0.94,0.32,0.10
1784739991.3797,10:06:31.379,0.94,0.32,0.10
1784739991.8794,10:06:31.879,0.96,0.25,0.15
1784739992.379,10:06:32.379,0.96,0.12,0.24
1784739992.8787,10:06:32.878,0.95,0.01,0.30
1784739993.3781,10:06:33.378,0.95,-0.02,0.31
1784739993.8781,10:06:33.878,0.95,-0.03,0.31
1784739994.3777,10:06:34.377,0.96,0.08,0.25
1784739994.8775,10:06:34.877,0.96,0.21,0.17
1784739995.3776,10:06:35.377,0.96,0.24,0.15
1784739995.8769,10:06:35.876,0.96,0.26,0.13
1784739996.3764,10:06:36.376,0.96,0.26,0.13
1784739996.8768,10:06:36.876,0.96,0.21,0.17
1784739997.3763,10:06:37.376,0.97,0.15,0.20
1784739997.8758,10:06:37.875,0.97,0.08,0.25
1784739998.3759,10:06:38.375,0.97,0.09,0.24
1784739998.8763,10:06:38.876,0.96,0.10,0.24
1784739999.376,10:06:39.376,0.97,0.15,0.21
1784739999.8756,10:06:39.875,0.97,0.15,0.22
1784740000.3761,10:06:40.376,0.97,0.14,0.21
1784740000.8757,10:06:40.875,0.96,0.15,0.22
1784740001.3754,10:06:41.375,0.97,0.14,0.22
1784740001.8754,10:06:41.875,0.97,0.16,0.19
1784740002.3757,10:06:42.375,0.97,0.18,0.18
1784740002.8753,10:06:42.875,0.97,0.19,0.17
1784740003.3749,10:06:43.374,0.96,0.23,0.14
1784740003.8746,10:06:43.874,0.96,0.25,0.13
1784740004.374,10:06:44.374,0.96,0.25,0.13
1784740004.8743,10:06:44.874,0.96,0.23,0.14
1784740005.3743,10:06:45.374,0.96,0.22,0.15
1784740005.8744,10:06:45.874,0.97,0.20,0.15
1784740006.3744,10:06:46.374,0.97,0.18,0.16
1784740006.8743,10:06:46.874,0.97,0.15,0.19
1784740007.3741,10:06:47.374,0.97,0.17,0.18
1784740007.8742,10:06:47.874,0.97,0.12,0.20
1784740008.3736,10:06:48.373,0.97,0.08,0.22
1784740008.8731,10:06:48.873,0.98,0.08,0.20
1784740009.3729,10:06:49.372,0.98,0.07,0.21
1784740009.8728,10:06:49.872,0.98,0.08,0.20
1784740010.3724,10:06:50.372,0.98,0.08,0.20
1784740010.8721,10:06:50.872,0.97,0.11,0.20
1784740011.3719,10:06:51.371,0.97,0.12,0.20
1784740011.8715,10:06:51.871,0.97,0.14,0.20
1784740012.3711,10:06:52.371,0.97,0.07,0.25
1784740012.8711,10:06:52.871,0.97,0.06,0.25
1784740013.3712,10:06:53.371,0.97,0.08,0.23
1784740013.8712,10:06:53.871,0.97,0.09,0.21
1784740014.3717,10:06:54.371,0.97,0.10,0.21
1784740014.8713,10:06:54.871,0.97,0.11,0.20
1784740015.371,10:06:55.371,0.97,0.11,0.21
1784740015.8712,10:06:55.871,0.97,0.09,0.23
1784740016.3709,10:06:56.370,0.97,0.08,0.25
1784740016.8707,10:06:56.870,0.96,0.06,0.26
1784740017.3708,10:06:57.370,0.96,0.01,0.29
1784740017.87,10:06:57.870,0.95,-0.01,0.30
1784740018.3693,10:06:58.369,0.95,-0.02,0.30
1784740018.8696,10:06:58.869,0.95,0.00,0.30
1784740019.3695,10:06:59.369,0.95,0.00,0.30
1784740019.8691,10:06:59.869,0.96,0.04,0.27
1784740020.3692,10:07:00.369,0.97,0.08,0.25
1784740020.8685,10:07:00.868,0.97,0.11,0.22
1784740021.3679,10:07:01.367,0.97,0.17,0.20
1784740021.8681,10:07:01.868,0.96,0.20,0.17
1784740022.3677,10:07:02.367,0.96,0.22,0.15
1784740022.8676,10:07:02.867,0.97,0.21,0.12
1784740023.3679,10:07:03.367,0.97,0.21,0.13
1784740023.8682,10:07:03.868,0.97,0.22,0.13
1784740024.3674,10:07:04.367,0.97,0.18,0.15
1784740024.8671,10:07:04.867,0.98,0.15,0.16
1784740025.3669,10:07:05.366,0.98,0.15,0.16
1784740025.8668,10:07:05.866,0.97,0.14,0.20
1784740026.3666,10:07:06.366,0.97,0.13,0.21
1784740026.8667,10:07:06.866,0.97,0.15,0.20
1784740027.3667,10:07:07.366,0.97,0.15,0.18
1784740027.867,10:07:07.867,0.97,0.15,0.17
1784740028.367,10:07:08.367,0.97,0.07,0.24
1784740028.8665,10:07:08.866,0.96,0.05,0.26
1784740029.3667,10:07:09.366,0.96,0.03,0.28
1784740029.8667,10:07:09.866,0.96,0.04,0.29
1784740030.3657,10:07:10.365,0.96,0.03,0.29
1784740030.8655,10:07:10.865,0.95,0.03,0.30
1784740031.366,10:07:11.366,0.96,0.06,0.26
1784740031.8656,10:07:11.865,0.97,0.05,0.24
1784740032.3653,10:07:12.365,0.97,0.04,0.24
1784740032.8653,10:07:12.865,0.97,0.04,0.23
1784740033.3656,10:07:13.365,0.97,0.03,0.23
1784740033.8654,10:07:13.865,0.97,0.03,0.23
1784740034.3655,10:07:14.365,0.97,0.04,0.22
1784740034.8653,10:07:14.865,0.98,0.09,0.19
1784740035.365,10:07:15.365,0.97,0.13,0.19
1784740035.8649,10:07:15.864,0.97,0.15,0.19
1784740036.3644,10:07:16.364,0.97,0.15,0.22
1784740036.864,10:07:16.864,0.96,0.10,0.24
1784740037.3646,10:07:17.364,0.96,0.11,0.24
1784740037.864,10:07:17.864,0.97,0.21,0.15
1784740038.3635,10:07:18.363,0.96,0.26,0.10
1784740038.8635,10:07:18.863,0.96,0.27,0.05
1784740039.3634,10:07:19.363,0.96,0.26,0.04
1784740039.8628,10:07:19.862,0.97,0.25,0.06
1784740040.363,10:07:20.363,0.98,0.17,0.12
1784740040.8633,10:07:20.863,0.98,0.07,0.19
1784740041.3626,10:07:21.362,0.97,0.06,0.22
1784740041.8627,10:07:21.862,0.97,0.04,0.23
1784740042.3627,10:07:22.362,0.97,0.03,0.23
1784740042.8618,10:07:22.861,0.98,0.03,0.20
1784740043.3616,10:07:23.361,0.97,-0.03,0.23
1784740043.8617,10:07:23.861,0.96,-0.09,0.28
1784740044.3615,10:07:24.361,0.95,-0.08,0.31
1784740044.8616,10:07:24.861,0.95,-0.09,0.31
1784740045.3618,10:07:25.361,0.95,-0.09,0.31
1784740045.8615,10:07:25.861,0.94,-0.09,0.32
1784740046.3613,10:07:26.361,0.95,-0.05,0.32
1784740046.8614,10:07:26.861,0.95,-0.02,0.32
1784740047.3606,10:07:27.360,0.95,0.01,0.30
1784740047.8601,10:07:27.860,0.96,0.06,0.26
1784740048.3602,10:07:28.360,0.96,0.07,0.25
1784740048.8599,10:07:28.859,0.96,0.07,0.25
1784740049.3593,10:07:29.359,0.96,0.05,0.27
1784740049.8595,10:07:29.859,0.95,0.00,0.30
1784740050.3594,10:07:30.359,0.95,-0.02,0.31
1784740050.8588,10:07:30.858,0.95,-0.02,0.31
1784740051.3589,10:07:31.358,0.95,-0.03,0.32
1784740051.8591,10:07:31.859,0.95,-0.03,0.32
1784740052.3582,10:07:32.358,0.95,-0.03,0.31
1784740052.8582,10:07:32.858,0.95,-0.03,0.31
1784740053.3585,10:07:33.358,0.94,-0.07,0.34
1784740053.858,10:07:33.858,0.93,-0.11,0.35
1784740054.3577,10:07:34.357,0.93,-0.12,0.36
1784740054.8577,10:07:34.857,0.93,-0.11,0.35
1784740055.3572,10:07:35.357,0.93,-0.08,0.35
1784740055.8576,10:07:35.857,0.95,-0.03,0.31
1784740056.3577,10:07:36.357,0.96,-0.02,0.29
1784740056.8569,10:07:36.856,0.97,0.03,0.26
1784740057.357,10:07:37.357,0.97,0.05,0.24
1784740057.8569,10:07:37.856,0.97,0.05,0.24
1784740058.3561,10:07:38.356,0.97,0.05,0.24
1784740058.8562,10:07:38.856,0.97,0.02,0.25
1784740059.3564,10:07:39.356,0.97,0.03,0.25
1784740059.8557,10:07:39.855,0.97,0.03,0.25
1784740060.3558,10:07:40.355,0.97,0.04,0.26
1784740060.8561,10:07:40.856,0.95,-0.01,0.30
1784740061.3561,10:07:41.356,0.94,-0.07,0.34
1784740061.8558,10:07:41.855,0.94,-0.07,0.34
1784740062.3556,10:07:42.355,0.94,-0.06,0.33
1784740062.8554,10:07:42.855,0.95,-0.02,0.31
1784740063.355,10:07:43.355,0.96,0.03,0.29
1784740063.8553,10:07:43.855,0.96,0.03,0.28
1784740064.3549,10:07:44.354,0.96,0.03,0.28
1784740064.8544,10:07:44.854,0.96,0.05,0.28
1784740065.3544,10:07:45.354,0.97,0.10,0.23
1784740065.8543,10:07:45.854,0.97,0.20,0.15
1784740066.3537,10:07:46.353,0.96,0.25,0.11
1784740066.854,10:07:46.854,0.94,0.32,0.05
1784740067.3536,10:07:47.353,0.94,0.34,0.06
1784740067.853,10:07:47.853,0.94,0.34,0.07
1784740068.3529,10:07:48.352,0.94,0.33,0.07
1784740068.8533,10:07:48.853,0.94,0.33,0.05
1784740069.3526,10:07:49.352,0.92,0.38,0.02
1784740069.8526,10:07:49.852,0.91,0.41,0.02
1784740070.3525,10:07:50.352,0.91,0.41,0.03
1784740070.8521,10:07:50.852,0.91,0.41,0.03
1784740071.3522,10:07:51.352,0.92,0.40,0.05
1784740071.8523,10:07:51.852,0.92,0.40,0.05
1784740072.3514,10:07:52.351,0.91,0.41,0.04
1784740072.8514,10:07:52.851,0.92,0.40,0.05
1784740073.3517,10:07:53.351,0.93,0.36,0.09
1784740073.8511,10:07:53.851,0.94,0.33,0.11
1784740074.3514,10:07:54.351,0.93,0.34,0.10
1784740074.8516,10:07:54.851,0.93,0.34,0.10
1784740075.3512,10:07:55.351,0.93,0.37,0.04
1784740075.8511,10:07:55.851,0.92,0.40,0.01
1784740076.351,10:07:56.351,0.92,0.40,-0.02
1784740076.8507,10:07:56.850,0.93,0.38,-0.01
1784740077.3507,10:07:57.350,0.95,0.30,0.02
1784740077.851,10:07:57.851,0.96,0.29,0.00
1784740078.3508,10:07:58.350,0.95,0.30,-0.01
1784740078.8505,10:07:58.850,0.96,0.29,0.01
1784740079.3507,10:07:59.350,0.97,0.24,0.06
1784740079.8502,10:07:59.850,0.97,0.21,0.08
1784740080.3496,10:08:00.349,0.98,0.19,0.10
1784740080.8499,10:08:00.849,0.97,0.16,0.15
1784740081.3497,10:08:01.349,0.98,0.10,0.19
1784740081.849,10:08:01.849,0.98,0.06,0.21
1784740082.3492,10:08:02.349,0.98,0.05,0.20
1784740082.8493,10:08:02.849,0.98,0.07,0.21
1784740083.3495,10:08:03.349,0.97,0.08,0.22
1784740083.8496,10:08:03.849,0.97,0.16,0.19
1784740084.3496,10:08:04.349,0.95,0.28,0.11
1784740084.8493,10:08:04.849,0.94,0.32,0.11
1784740085.3495,10:08:05.349,0.94,0.32,0.11
1784740085.849,10:08:05.849,0.94,0.32,0.12
1784740086.3481,10:08:06.348,0.94,0.30,0.13
1784740086.8485,10:08:06.848,0.96,0.27,0.12
1784740087.3488,10:08:07.348,0.96,0.24,0.11
1784740087.8482,10:08:07.848,0.96,0.27,0.06
1784740088.3481,10:08:08.348,0.95,0.30,0.02
1784740088.848,10:08:08.848,0.95,0.30,0.02
1784740089.3475,10:08:09.347,0.96,0.29,0.00
1784740089.8473,10:08:09.847,0.96,0.29,0.00
1784740090.3478,10:08:10.347,0.97,0.24,0.06
1784740090.8474,10:08:10.847,0.97,0.20,0.10
1784740091.3467,10:08:11.346,0.98,0.14,0.15
1784740091.8467,10:08:11.846,0.98,0.15,0.15
1784740092.3464,10:08:12.346,0.97,0.14,0.18
1784740092.8456,10:08:12.845,0.97,0.16,0.18
1784740093.3457,10:08:13.345,0.96,0.24,0.12
1784740093.8459,10:08:13.845,0.96,0.25,0.11
1784740094.3454,10:08:14.345,0.95,0.28,0.11
1784740094.8454,10:08:14.845,0.96,0.24,0.16
1784740095.3452,10:08:15.345,0.96,0.20,0.17
1784740095.845,10:08:15.845,0.97,0.12,0.22
1784740096.3452,10:08:16.345,0.96,0.06,0.26
1784740096.8451,10:08:16.845,0.96,0.02,0.27
1784740097.3443,10:08:17.344,0.97,0.08,0.22
1784740097.8444,10:08:17.844,0.97,0.11,0.20
1784740098.3446,10:08:18.344,0.98,0.11,0.18
1784740098.8437,10:08:18.843,0.98,0.12,0.17
1784740099.3441,10:08:19.344,0.98,0.15,0.15
1784740099.8439,10:08:19.843,0.97,0.17,0.16
1784740100.3433,10:08:20.343,0.97,0.19,0.15
1784740100.8436,10:08:20.843,0.97,0.23,0.12
1784740101.3432,10:08:21.343,0.96,0.25,0.08
1784740101.8427,10:08:21.842,0.96,0.27,0.08
1784740102.3423,10:08:22.342,0.96,0.24,0.11
1784740102.8426,10:08:22.842,0.96,0.22,0.15
1784740103.3424,10:08:23.342,0.96,0.08,0.26
1784740103.8426,10:08:23.842,0.96,0.26,0.13
1784740104.3428,10:08:24.342,0.97,0.17,0.16
1784740104.8424,10:08:24.842,0.98,0.12,0.14
1784740105.3425,10:08:25.342,0.99,0.11,0.12
1784740105.8425,10:08:25.842,0.99,0.11,0.10
1784740106.342,10:08:26.342,0.99,0.14,0.06
1784740106.8414,10:08:26.841,0.98,0.21,0.00
1784740107.3415,10:08:27.341,0.96,0.28,-0.07
1784740107.8409,10:08:27.840,0.91,0.37,-0.18
1784740108.3403,10:08:28.340,0.91,0.37,-0.18
1784740108.8407,10:08:28.840,0.88,0.42,-0.23
1784740109.3406,10:08:29.340,0.99,0.15,0.06
1784740109.8404,10:08:29.840,0.98,0.18,0.04
1784740110.3407,10:08:30.340,0.98,0.21,0.02
1784740110.8403,10:08:30.840,0.98,0.20,0.04
1784740111.3396,10:08:31.339,0.78,0.57,-0.25
1784740111.8396,10:08:31.839,0.78,0.58,-0.24
1784740112.34,10:08:32.340,0.79,0.57,-0.22
1784740112.8396,10:08:32.839,0.78,0.57,-0.24
1784740113.3401,10:08:33.340,0.84,0.51,-0.19
1784740113.8397,10:08:33.839,0.98,0.11,0.16
1784740114.3391,10:08:34.339,0.98,0.11,0.16
1784740114.8392,10:08:34.839,0.98,0.08,0.19
1784740115.339,10:08:35.339,0.98,0.08,0.19
1784740115.8381,10:08:35.838,0.98,0.07,0.19
1784740116.3383,10:08:36.338,0.98,0.07,0.19
1784740116.8386,10:08:36.838,0.98,0.10,0.17
1784740117.338,10:08:37.338,0.98,0.12,0.16
1784740117.8381,10:08:37.838,0.98,0.13,0.17
1784740118.3381,10:08:38.338,0.97,0.17,0.16
1784740118.8374,10:08:38.837,0.97,0.19,0.14
1784740119.337,10:08:39.337,0.97,0.20,0.14
1784740119.8375,10:08:39.837,0.97,0.21,0.14
1784740120.3371,10:08:40.337,0.97,0.23,0.13
1784740120.8368,10:08:40.836,0.96,0.24,0.13
1784740121.3369,10:08:41.336,0.97,0.20,0.16
1784740121.8368,10:08:41.836,0.97,0.11,0.20
1784740122.3362,10:08:42.336,0.98,0.09,0.19
1784740122.8365,10:08:42.836,0.98,0.09,0.19
1784740123.3361,10:08:43.336,0.98,0.14,0.15
1784740123.8359,10:08:43.835,0.97,0.22,0.10
1784740124.3362,10:08:44.336,0.95,0.30,0.05
1784740124.8356,10:08:44.835,0.96,0.28,0.09
1784740125.3357,10:08:45.335,0.96,0.26,0.09
1784740125.8359,10:08:45.835,0.97,0.22,0.12
1784740126.3352,10:08:46.335,0.97,0.21,0.13
1784740126.8346,10:08:46.834,0.97,0.18,0.14
1784740127.3351,10:08:47.335,0.98,0.14,0.16
1784740127.8345,10:08:47.834,0.98,0.11,0.17
1784740128.3338,10:08:48.333,0.90,0.43,-0.07
1784740128.8342,10:08:48.834,0.89,0.44,-0.09
1784740129.3339,10:08:49.333,0.91,0.40,-0.10
1784740129.8331,10:08:49.833,0.91,0.40,-0.14
1784740130.3332,10:08:50.333,0.90,0.41,-0.18
1784740130.8338,10:08:50.833,0.89,0.41,-0.18
1784740131.3337,10:08:51.333,0.98,0.16,0.09
1784740131.8333,10:08:51.833,0.98,0.19,0.08
1784740132.3332,10:08:52.333,0.97,0.23,0.02
1784740132.8328,10:08:52.832,0.97,0.25,-0.01
1784740133.333,10:08:53.333,0.96,0.26,-0.04
1784740133.8329,10:08:53.832,0.96,0.28,-0.05
1784740134.3324,10:08:54.332,0.94,0.33,-0.07
1784740134.8321,10:08:54.832,0.94,0.33,-0.05
1784740135.3321,10:08:55.332,0.96,0.28,-0.02
1784740135.8317,10:08:55.831,0.97,0.22,0.03
1784740136.3317,10:08:56.331,0.98,0.19,0.07
1784740136.8322,10:08:56.832,0.98,0.18,0.09
1784740137.3315,10:08:57.331,0.98,0.18,0.09
1784740137.8314,10:08:57.831,0.98,0.18,0.09
1784740138.3312,10:08:58.331,0.98,0.16,0.11
1784740138.8309,10:08:58.830,0.98,0.15,0.12
1784740139.3303,10:08:59.330,0.98,0.13,0.14
1784740139.8306,10:08:59.830,0.98,0.12,0.14
1784740140.33,10:09:00.330,0.98,0.06,0.18
1784740140.8297,10:09:00.829,0.98,0.05,0.17
1784740141.3303,10:09:01.330,0.99,0.08,0.14
1784740141.83,10:09:01.830,0.99,0.10,0.14
1784740142.3298,10:09:02.329,0.98,0.12,0.15
1784740142.8302,10:09:02.830,0.98,0.14,0.13
1784740143.3303,10:09:03.330,0.98,0.18,0.11
1784740143.8299,10:09:03.829,0.98,0.18,0.10
1784740144.33,10:09:04.330,0.98,0.18,0.09
1784740144.8292,10:09:04.829,0.98,0.15,0.10
1784740145.3291,10:09:05.329,0.98,0.13,0.12
1784740145.8291,10:09:05.829,0.99,0.10,0.14
1784740146.3292,10:09:06.329,0.99,0.10,0.14
1784740146.8286,10:09:06.828,0.98,0.10,0.16
1784740147.3285,10:09:07.328,0.98,0.10,0.16
1784740147.8285,10:09:07.828,0.99,0.07,0.15
1784740148.3278,10:09:08.327,0.99,0.07,0.14
1784740148.8282,10:09:08.828,0.99,0.08,0.14
1784740149.3285,10:09:09.328,0.99,0.09,0.15
1784740149.8281,10:09:09.828,0.98,0.10,0.15
1784740150.328,10:09:10.328,0.98,0.09,0.16
1784740150.8282,10:09:10.828,0.98,0.09,0.15
1784740151.3276,10:09:11.327,0.98,0.11,0.14
1784740151.8276,10:09:11.827,0.98,0.12,0.13
1784740152.3276,10:09:12.327,0.98,0.12,0.14
1784740152.8273,10:09:12.827,0.98,0.13,0.14
1784740153.3271,10:09:13.327,0.98,0.16,0.12
1784740153.827,10:09:13.827,0.98,0.17,0.13
1784740154.3262,10:09:14.326,0.98,0.17,0.13
1784740154.8261,10:09:14.826,0.98,0.14,0.15
1784740155.3265,10:09:15.326,0.98,0.08,0.19
1784740155.8263,10:09:15.826,0.97,0.01,0.25
1784740156.3259,10:09:16.325,0.97,-0.03,0.26
1784740156.826,10:09:16.826,0.97,-0.04,0.23
1784740157.3252,10:09:17.325,0.97,-0.06,0.22
1784740157.8249,10:09:17.824,0.98,-0.04,0.21
1784740158.3251,10:09:18.325,0.98,-0.03,0.20
1784740158.8252,10:09:18.825,0.98,-0.03,0.18
1784740159.3248,10:09:19.324,0.99,-0.03,0.17
1784740159.8249,10:09:19.824,0.98,-0.06,0.20
1784740160.3249,10:09:20.324,0.98,-0.04,0.20
1784740160.8243,10:09:20.824,0.99,0.00,0.17
1784740161.324,10:09:21.324,0.99,0.00,0.17
1784740161.8241,10:09:21.824,0.99,0.00,0.16
1784740162.3234,10:09:22.323,0.99,0.03,0.15
1784740162.823,10:09:22.823,0.99,0.04,0.15
1784740163.3235,10:09:23.323,0.99,0.07,0.13
1784740163.8229,10:09:23.822,0.99,0.09,0.13
1784740164.323,10:09:24.323,0.98,0.13,0.14
1784740164.8234,10:09:24.823,0.98,0.13,0.16
1784740165.3225,10:09:25.322,0.98,0.10,0.18
1784740165.8221,10:09:25.822,0.98,0.08,0.20
1784740166.3224,10:09:26.322,0.98,0.05,0.21
1784740166.822,10:09:26.822,0.98,0.06,0.21
1784740167.3219,10:09:27.321,0.98,0.06,0.21
1784740167.8225,10:09:27.822,0.98,0.10,0.18
1784740168.3218,10:09:28.321,0.98,0.10,0.17
1784740168.8214,10:09:28.821,0.98,0.10,0.15
1784740169.3213,10:09:29.321,0.98,0.11,0.14
1784740169.8207,10:09:29.820,0.98,0.11,0.16
1784740170.3201,10:09:30.320,0.98,0.11,0.16
1784740170.8202,10:09:30.820,0.98,0.07,0.19
1784740171.32,10:09:31.320,0.98,0.03,0.19
1784740171.8197,10:09:31.819,0.99,0.02,0.14
1784740172.3199,10:09:32.319,1.00,0.03,0.07
1784740172.8202,10:09:32.820,1.00,0.04,0.07
1784740173.3196,10:09:33.319,1.00,0.05,0.06
1784740173.8195,10:09:33.819,0.99,0.10,0.02
1784740174.3197,10:09:34.319,0.99,0.16,0.01
1784740174.8196,10:09:34.819,0.98,0.18,0.00
1784740175.3196,10:09:35.319,0.98,0.18,-0.02
1784740175.8193,10:09:35.819,0.98,0.19,-0.05
1784740176.3185,10:09:36.318,0.97,0.22,-0.09
1784740176.819,10:09:36.819,0.97,0.23,-0.11
1784740177.3194,10:09:37.319,0.97,0.23,-0.12
1784740177.819,10:09:37.819,0.97,0.23,-0.13
1784740178.319,10:09:38.319,0.98,0.17,-0.08
1784740178.8188,10:09:38.818,0.98,0.16,-0.09
1784740179.3181,10:09:39.318,0.97,0.20,-0.12
1784740179.8179,10:09:39.817,0.95,0.28,-0.16
1784740180.3178,10:09:40.317,0.95,0.29,-0.14
1784740180.8174,10:09:40.817,0.97,0.22,-0.04
1784740181.3173,10:09:41.317,0.97,0.24,-0.04
1784740181.8174,10:09:41.817,0.96,0.28,-0.05
1784740182.3172,10:09:42.317,0.95,0.30,-0.02
1784740182.8168,10:09:42.816,0.97,0.23,0.08
1784740183.3173,10:09:43.317,0.97,0.20,0.12
1784740183.8171,10:09:43.817,0.97,0.19,0.11
1784740184.317,10:09:44.317,0.97,0.21,0.10
1784740184.8169,10:09:44.816,0.98,0.21,0.07
1784740185.3164,10:09:45.316,0.97,0.24,0.00
1784740185.8159,10:09:45.815,0.96,0.29,-0.02
1784740186.316,10:09:46.316,0.95,0.32,-0.06
1784740186.8152,10:09:46.815,0.95,0.31,-0.08
1784740187.3151,10:09:47.315,0.95,0.29,-0.10
1784740187.8149,10:09:47.814,0.94,0.31,-0.11
1784740188.3145,10:09:48.314,0.95,0.30,-0.10
1784740188.8144,10:09:48.814,0.96,0.28,-0.08
1784740189.3144,10:09:49.314,0.96,0.27,-0.07
1784740189.8149,10:09:49.814,0.96,0.26,-0.07
1784740190.3145,10:09:50.314,0.97,0.23,-0.05
1784740190.8146,10:09:50.814,0.98,0.20,-0.01
1784740191.3144,10:09:51.314,0.99,0.15,0.04
1784740191.8142,10:09:51.814,0.99,0.16,0.04
1784740192.3146,10:09:52.314,0.98,0.17,0.04
1784740192.8147,10:09:52.814,0.98,0.17,0.05
1784740193.3143,10:09:53.314,0.98,0.16,0.10
1784740193.8144,10:09:53.814,0.98,0.18,0.11
1784740194.3145,10:09:54.314,0.95,0.31,-0.03
1784740194.8137,10:09:54.813,0,0,0
1784740195.3139,10:09:55.313,0,0,0
1784740195.8138,10:09:55.813,0,0,0
1784740196.3134,10:09:56.313,0.96,0.27,-0.04
1784740196.8135,10:09:56.813,0.96,0.26,-0.06
1784740197.3137,10:09:57.313,0.97,0.22,-0.04
1784740197.8131,10:09:57.813,0.97,0.23,-0.01
1784740198.313,10:09:58.313,0.94,0.35,-0.06
1784740198.8128,10:09:58.812,0.96,0.29,0.02
1784740199.3123,10:09:59.312,0.94,0.33,-0.03
1784740199.8117,10:09:59.811,0.93,0.36,-0.07
1784740200.312,10:10:00.312,0.93,0.37,-0.06
1784740200.8116,10:10:00.811,0.91,0.39,-0.10
1784740201.3111,10:10:01.311,0.91,0.40,-0.10
1784740201.8115,10:10:01.811,0.92,0.39,-0.07
1784740202.3114,10:10:02.311,0.93,0.36,-0.04
1784740202.8106,10:10:02.810,0.95,0.31,0.00
1784740203.3111,10:10:03.311,0.97,0.26,-0.03
1784740203.8111,10:10:03.811,0.97,0.24,-0.01
1784740204.3106,10:10:04.310,0.98,0.22,0.01
1784740204.8104,10:10:04.810,0.97,0.23,0.06
1784740205.31,10:10:05.310,0.97,0.24,0.06
1784740205.8094,10:10:05.809,0.96,0.27,0.07
1784740206.3097,10:10:06.309,0.95,0.30,0.06
1784740206.8099,10:10:06.809,0.93,0.36,0.00
1784740207.3095,10:10:07.309,0.92,0.38,-0.04
1784740207.81,10:10:07.810,0.92,0.38,-0.05
1784740208.31,10:10:08.310,0.93,0.38,-0.03
1784740208.8091,10:10:08.809,0.95,0.31,0.02
1784740209.3092,10:10:09.309,0.96,0.26,0.05
1784740209.8091,10:10:09.809,0.97,0.25,0.03
1784740210.3089,10:10:10.308,0.96,0.27,0.01
1784740210.8086,10:10:10.808,0.96,0.28,0.01
1784740211.3086,10:10:11.308,0.96,0.27,0.01
1784740211.8079,10:10:11.807,0.97,0.23,0.02
1784740212.3077,10:10:12.307,0.99,0.15,0.00
1784740212.8074,10:10:12.807,0.99,0.12,0.02
1784740213.3066,10:10:13.306,0.99,0.11,0.04
1784740213.8068,10:10:13.806,0.99,0.12,0.10
1784740214.3068,10:10:14.306,0.98,0.16,0.10
1784740214.8067,10:10:14.806,0.98,0.16,0.10
1784740215.3067,10:10:15.306,0.98,0.16,0.14
1784740215.8068,10:10:15.806,0.98,0.13,0.17
1784740216.3064,10:10:16.306,0.97,0.07,0.23
1784740216.8062,10:10:16.806,0.97,0.06,0.22
1784740217.3063,10:10:17.306,0.97,0.07,0.21
1784740217.8059,10:10:17.805,0.98,0.11,0.18
1784740218.3055,10:10:18.305,0.98,0.12,0.16
1784740218.8059,10:10:18.805,0.98,0.11,0.17
1784740219.306,10:10:19.306,0.98,0.12,0.17
1784740219.8056,10:10:19.805,0.98,0.12,0.16
1784740220.3059,10:10:20.305,0.98,0.12,0.15
1784740220.8057,10:10:20.805,0.98,0.12,0.16
1784740221.305,10:10:21.305,0.98,0.06,0.20
1784740221.8054,10:10:21.805,0.96,0.27,0.04
1784740222.3047,10:10:22.304,0.96,0.27,0.03
1784740222.8039,10:10:22.803,0,0,0
1784740223.3044,10:10:23.304,0,0,0
1784740223.8044,10:10:23.804,0,0,0
1784740224.3039,10:10:24.303,0,0,0
1784740224.8041,10:10:24.804,0.96,0.29,-0.03
1784740225.3044,10:10:25.304,0.94,0.33,-0.11
1784740225.8036,10:10:25.803,0.94,0.33,-0.11
1784740226.3035,10:10:26.303,0,0,0
1784740226.8037,10:10:26.803,0,0,0
1784740227.3031,10:10:27.303,0.98,0.20,-0.01
1784740227.8026,10:10:27.802,0,0,0
1784740228.303,10:10:28.303,0,0,0
1784740228.8026,10:10:28.802,0,0,0
1784740229.3022,10:10:29.302,0,0,0
1784740229.8023,10:10:29.802,0,0,0
1784740230.3019,10:10:30.301,0,0,0
1784740230.8016,10:10:30.801,0,0,0
1784740231.3018,10:10:31.301,0.99,0.12,0.07
1784740231.8013,10:10:31.801,0.99,0.01,0.16
1784740232.3009,10:10:32.300,0.97,-0.05,0.22
1784740232.8014,10:10:32.801,0,0,0
1784740233.3016,10:10:33.301,0,0,0
1784740233.8014,10:10:33.801,0,0,0
1784740234.3016,10:10:34.301,0.97,-0.05,0.22
1784740234.8011,10:10:34.801,0.97,-0.05,0.22
1784740235.3003,10:10:35.300,0.98,0.00,0.20
1784740235.8007,10:10:35.800,0.98,0.01,0.19
1784740236.3004,10:10:36.300,0.99,0.15,0.08
1784740236.7995,10:10:36.799,0,0,0
1784740237.3,10:10:37.300,0.92,0.38,-0.11
1784740237.8,10:10:37.800,0.82,0.51,-0.27
1784740238.2997,10:10:38.299,0.79,0.54,-0.30
1784740238.7997,10:10:38.799,0.79,0.54,-0.30
1784740239.3,10:10:39.300,0.81,0.51,-0.29
1784740239.7992,10:10:39.799,0.87,0.44,-0.23
1784740240.2991,10:10:40.299,0.97,0.24,0.01
1784740240.7993,10:10:40.799,0.89,0.43,-0.15
1784740241.2988,10:10:41.298,0.94,0.33,-0.04
1784740241.7991,10:10:41.799,0.96,0.29,-0.01
1784740242.2994,10:10:42.299,0.97,0.25,0.04
1784740242.7984,10:10:42.798,0.97,0.23,0.07
1784740243.2983,10:10:43.298,0.97,0.23,0.08
1784740243.7985,10:10:43.798,0.97,0.23,0.08
1784740244.298,10:10:44.298,0.97,0.24,0.07
1784740244.798,10:10:44.798,0.94,0.33,0.01
1784740245.2982,10:10:45.298,0.94,0.33,0.01
1784740245.7983,10:10:45.798,0.98,0.10,0.19
1784740246.2979,10:10:46.297,0.98,0.08,0.17
1784740246.7982,10:10:46.798,0.98,0.12,0.14
1784740247.2978,10:10:47.297,0.92,0.38,-0.10
1784740247.7975,10:10:47.797,0.92,0.38,-0.04
1784740248.2975,10:10:48.297,0.92,0.39,-0.02
1784740248.7974,10:10:48.797,0.93,0.36,0.00
1784740249.297,10:10:49.297,0.92,0.38,-0.01
1784740249.7971,10:10:49.797,0.93,0.38,-0.01
1784740250.2963,10:10:50.296,0.94,0.35,0.01
1784740250.7958,10:10:50.795,0.97,0.12,0.22
1784740251.2961,10:10:51.296,0.97,0.13,0.21
1784740251.7956,10:10:51.795,0,0,0
1784740252.2954,10:10:52.295,0.92,0.40,-0.04
1784740252.7953,10:10:52.795,0.84,0.51,-0.17
1784740253.2951,10:10:53.295,0.85,0.49,-0.17
1784740253.7948,10:10:53.794,0.87,0.46,-0.16
1784740254.2946,10:10:54.294,0.92,0.38,-0.10
1784740254.7942,10:10:54.794,0.98,0.08,0.15
1784740255.2939,10:10:55.293,0.98,0.05,0.18
1784740255.7938,10:10:55.793,0.98,0.04,0.19
1784740256.2937,10:10:56.293,0.98,0.04,0.20
1784740256.7931,10:10:56.793,0.97,0.00,0.23
1784740257.2934,10:10:57.293,0.96,-0.05,0.27
1784740257.794,10:10:57.794,0.98,0.07,0.19
1784740258.2938,10:10:58.293,0.98,0.07,0.19
1784740258.7934,10:10:58.793,0.97,0.20,0.11
1784740259.2935,10:10:59.293,0.97,0.20,0.10
1784740259.7933,10:10:59.793,0.98,0.11,0.16
1784740260.293,10:11:00.293,0.98,0.06,0.20
1784740260.793,10:11:00.793,0.97,0.04,0.22
1784740261.2925,10:11:01.292,0.98,0.04,0.21
1784740261.7919,10:11:01.791,0.98,0.03,0.20
1784740262.2924,10:11:02.292,0.98,0.04,0.21
1784740262.7918,10:11:02.791,0,0,0
1784740263.2921,10:11:03.292,0,0,0
1784740263.7923,10:11:03.792,0.97,0.05,0.22
1784740264.2916,10:11:04.291,0.98,0.18,0.10
1784740264.791,10:11:04.791,0.93,0.35,-0.08
1784740265.2912,10:11:05.291,0.89,0.42,-0.15
1784740265.7909,10:11:05.790,0.89,0.42,-0.18
1784740266.2901,10:11:06.290,0.89,0.42,-0.18
1784740266.7905,10:11:06.790,0.89,0.42,-0.18
1784740267.2901,10:11:07.290,0.89,0.42,-0.17
1784740267.7902,10:11:07.790,0.89,0.42,-0.17
1784740268.2906,10:11:08.290,0.98,0.18,0.05
1784740268.7909,10:11:08.790,0.98,0.16,0.08
1784740269.2903,10:11:09.290,0.93,0.35,-0.09
1784740269.7906,10:11:09.790,0.95,0.30,-0.04
1784740270.2904,10:11:10.290,0.97,0.25,0.03
1784740270.7901,10:11:10.790,0.98,0.21,0.05
1784740271.2903,10:11:11.290,0.98,0.21,0.03
1784740271.7902,10:11:11.790,0.97,0.25,-0.01
1784740272.2894,10:11:12.289,0.97,0.26,-0.01
1784740272.7898,10:11:12.789,0.97,0.23,0.02
1784740273.2892,10:11:13.289,0,0,0
1784740273.7887,10:11:13.788,0,0,0
1784740274.2887,10:11:14.288,0,0,0
1784740274.7885,10:11:14.788,0.98,0.21,0.04
1784740275.2884,10:11:15.288,0.98,0.21,0.04
1784740275.7882,10:11:15.788,0,0,0
1784740276.2887,10:11:16.288,0.94,0.34,-0.08
1784740276.7879,10:11:16.787,0.92,0.37,-0.11
1784740277.288,10:11:17.288,0.89,0.43,-0.17
1784740277.7888,10:11:17.788,0.88,0.43,-0.19
1784740278.2883,10:11:18.288,0.95,0.30,-0.11
1784740278.7879,10:11:18.787,0.98,0.19,0.00
1784740279.288,10:11:19.288,0.99,0.08,0.08
1784740279.7876,10:11:19.787,0.99,0.01,0.15
1784740280.2875,10:11:20.287,0.99,0.01,0.15
1784740280.7875,10:11:20.787,0.99,0.09,0.06
1784740281.287,10:11:21.287,0.96,0.26,-0.07
1784740281.7866,10:11:21.786,0.95,0.30,-0.08
1784740282.2865,10:11:22.286,0.95,0.32,-0.04
1784740282.7863,10:11:22.786,0.95,0.32,-0.03
1784740283.2858,10:11:23.285,0.93,0.36,-0.07
1784740283.7862,10:11:23.786,0.93,0.36,-0.07
1784740284.286,10:11:24.286,0.95,0.32,-0.02
1784740284.7855,10:11:24.785,0.95,0.30,0.01
1784740285.2855,10:11:25.285,0.96,0.28,0.03
1784740285.786,10:11:25.786,0.97,0.22,0.08
1784740286.2852,10:11:26.285,0.97,0.22,0.08
1784740286.7849,10:11:26.784,0.98,0.18,0.08
1784740287.2849,10:11:27.284,0.98,0.13,0.11
1784740287.7844,10:11:27.784,0.99,0.13,0.11
1784740288.2842,10:11:28.284,0.97,0.00,0.25
1784740288.7843,10:11:28.784,0.97,0.00,0.25
1784740289.2837,10:11:29.283,0.97,0.01,0.24
1784740289.7838,10:11:29.783,0.97,0.04,0.23
1784740290.2834,10:11:30.283,0.97,0.04,0.25
1784740290.7827,10:11:30.782,0.97,0.02,0.26
1784740291.2827,10:11:31.282,0,0,0
1784740291.783,10:11:31.783,0,0,0
1784740292.2824,10:11:32.282,0,0,0
1784740292.7825,10:11:32.782,0,0,0
1784740293.2825,10:11:33.282,0,0,0
1784740293.7819,10:11:33.781,0,0,0
1784740294.2814,10:11:34.281,0.97,0.21,0.09
1784740294.7816,10:11:34.781,0.95,0.32,-0.03
1784740295.2815,10:11:35.281,0.94,0.34,-0.06
1784740295.7813,10:11:35.781,0.94,0.35,-0.08
1784740296.2818,10:11:36.281,0.96,0.28,-0.03
1784740296.7816,10:11:36.781,0.96,0.29,-0.02
1784740297.2807,10:11:37.280,0,0,0
1784740297.7805,10:11:37.780,0,0,0
1784740298.2806,10:11:38.280,0,0,0
1784740298.7796,10:11:38.779,0,0,0
1784740299.2799,10:11:39.279,0.98,0.21,0.03
1784740299.7801,10:11:39.780,0.99,0.03,0.16
1784740300.2796,10:11:40.279,0.98,-0.01,0.18
1784740300.7794,10:11:40.779,0.98,-0.01,0.17
1784740301.2797,10:11:41.279,0.99,0.05,0.14
1784740301.7789,10:11:41.778,0.99,0.07,0.13
1784740302.2792,10:11:42.279,0.99,0.07,0.14
1784740302.779,10:11:42.779,0.95,-0.06,0.30
1784740303.2789,10:11:43.278,0.95,-0.06,0.30
1784740303.7793,10:11:43.779,0.95,-0.05,0.30
1784740304.2789,10:11:44.278,0.96,-0.02,0.28
1784740304.778,10:11:44.778,0.96,-0.03,0.29
1784740305.2776,10:11:45.277,0.96,-0.04,0.28
1784740305.7778,10:11:45.777,0.97,0.00,0.25
1784740306.277,10:11:46.277,0.98,0.07,0.20
1784740306.7771,10:11:46.777,0.98,0.14,0.14
1784740307.2773,10:11:47.277,0.98,0.17,0.12
1784740307.7774,10:11:47.777,0.98,0.17,0.11
1784740308.2772,10:11:48.277,0.98,0.16,0.13
1784740308.7781,10:11:48.778,0.98,0.10,0.16
1784740309.2781,10:11:49.278,0.98,0.08,0.18
1784740309.7778,10:11:49.777,0.98,0.06,0.20
1784740310.2782,10:11:50.278,0.98,0.08,0.20
1784740310.7781,10:11:50.778,0.97,0.12,0.19
1784740311.2777,10:11:51.277,0.97,0.19,0.15
1784740311.7776,10:11:51.777,0.97,0.21,0.13
1784740312.277,10:11:52.277,0.97,0.21,0.12
1784740312.7767,10:11:52.776,0.97,0.19,0.13
1784740313.2771,10:11:53.277,0.98,0.15,0.15
1784740313.7765,10:11:53.776,0,0,0
1784740314.276,10:11:54.276,0,0,0
1784740314.7762,10:11:54.776,0,0,0
1784740315.2759,10:11:55.275,0,0,0
1784740315.7755,10:11:55.775,0,0,0
1784740316.276,10:11:56.276,0,0,0
1784740316.7758,10:11:56.775,0,0,0
1784740317.2753,10:11:57.275,0,0,0
1784740317.7753,10:11:57.775,0,0,0
1784740318.2752,10:11:58.275,0.88,0.46,-0.10
1784740318.7746,10:11:58.774,0,0,0
1784740319.2745,10:11:59.274,0,0,0
1784740319.7749,10:11:59.774,0.93,0.36,-0.04
1784740320.2742,10:12:00.274,0.94,0.35,-0.04
1784740320.774,10:12:00.774,0.91,0.41,-0.10
1784740321.2743,10:12:01.274,0.90,0.41,-0.14
1784740321.7739,10:12:01.773,0,0,0
1784740322.2738,10:12:02.273,0.89,0.44,-0.16
1784740322.7738,10:12:02.773,0.93,0.35,-0.09
1784740323.2734,10:12:03.273,0,0,0
1784740323.7731,10:12:03.773,0.95,0.31,-0.07
1784740324.2731,10:12:04.273,0.99,0.15,0.07
1784740324.7728,10:12:04.772,0,0,0
1784740325.272,10:12:05.272,0.99,0.15,0.07
1784740325.7727,10:12:05.772,0.98,0.18,0.05
1784740326.2725,10:12:06.272,0.94,0.32,-0.06
1784740326.7718,10:12:06.771,0.92,0.38,-0.12
1784740327.2722,10:12:07.272,0.98,0.20,0.05
1784740327.7723,10:12:07.772,0.97,0.23,0.06
1784740328.2717,10:12:08.271,0.98,0.21,0.06
1784740328.7722,10:12:08.772,0.98,0.16,0.11
1784740329.2714,10:12:09.271,0.98,0.16,0.12
1784740329.7707,10:12:09.770,0.98,0.16,0.12
1784740330.2709,10:12:10.270,0.85,0.50,-0.17
1784740330.7708,10:12:10.770,0.85,0.50,-0.18
1784740331.2702,10:12:11.270,0.90,0.42,-0.11
1784740331.7705,10:12:11.770,0.91,0.41,-0.06
1784740332.2703,10:12:12.270,0.91,0.40,-0.06
1784740332.7697,10:12:12.769,0.88,0.45,-0.11
1784740333.2698,10:12:13.269,0.85,0.50,-0.19
1784740333.7696,10:12:13.769,0.79,0.55,-0.28
1784740334.2697,10:12:14.269,0.79,0.54,-0.30
1784740334.7697,10:12:14.769,0.96,0.27,-0.04
1784740335.2698,10:12:15.269,0.96,0.26,-0.01
1784740335.7694,10:12:15.769,0.96,0.27,0.02
1784740336.2692,10:12:16.269,0.97,0.23,0.07
1784740336.7686,10:12:16.768,0.98,0.16,0.12
1784740337.2685,10:12:17.268,0.98,0.15,0.13
1784740337.7684,10:12:17.768,0.98,0.15,0.13
1784740338.2689,10:12:18.268,0.96,0.26,0.03
1784740338.7684,10:12:18.768,0.96,0.29,-0.01
1784740339.2687,10:12:19.268,0.96,0.29,-0.01
1784740339.7691,10:12:19.769,0.96,0.28,0.02
1784740340.2688,10:12:20.268,0.97,0.22,0.08
1784740340.7684,10:12:20.768,0.98,0.13,0.16
1784740341.2681,10:12:21.268,0.98,0.08,0.20
1784740341.7679,10:12:21.767,0.98,0.08,0.19
1784740342.2674,10:12:22.267,0.98,0.06,0.19
1784740342.7677,10:12:22.767,0.98,0.07,0.18
1784740343.2667,10:12:23.266,0.98,0.09,0.16
1784740343.766,10:12:23.766,0.98,0.09,0.15
1784740344.2662,10:12:24.266,0.98,0.01,0.20
1784740344.7665,10:12:24.766,0.98,0.00,0.21
1784740345.2659,10:12:25.265,0.98,0.00,0.22
1784740345.7658,10:12:25.765,0.97,-0.03,0.24
1784740346.2652,10:12:26.265,0.97,-0.03,0.25
1784740346.7647,10:12:26.764,0.97,-0.02,0.25
1784740347.2649,10:12:27.264,0.97,-0.01,0.25
1784740347.7648,10:12:27.764,0.97,0.01,0.24
1784740348.2646,10:12:28.264,0.97,-0.03,0.24
1784740348.7649,10:12:28.764,0.97,-0.03,0.23
1784740349.2651,10:12:29.265,0.98,-0.01,0.21
1784740349.7649,10:12:29.764,0.97,0.01,0.23
1784740350.2649,10:12:30.264,0.97,-0.02,0.26
1784740350.7654,10:12:30.765,0.96,-0.01,0.26
1784740351.2648,10:12:31.264,0.97,0.01,0.25
1784740351.7647,10:12:31.764,0.97,0.00,0.25
1784740352.2647,10:12:32.264,0.95,-0.05,0.29
1784740352.7641,10:12:32.764,0.95,-0.05,0.30
1784740353.2648,10:12:33.264,0.95,-0.06,0.30
1784740353.7652,10:12:33.765,0.95,-0.07,0.30
1784740354.2643,10:12:34.264,0.95,-0.06,0.30
1784740354.7641,10:12:34.764,0.95,-0.07,0.31
1784740355.264,10:12:35.264,0.96,-0.05,0.29
1784740355.763,10:12:35.763,0.96,-0.03,0.27
1784740356.2627,10:12:36.262,0.96,-0.03,0.27
1784740356.7629,10:12:36.762,0.96,-0.02,0.27
1784740357.2627,10:12:37.262,0.97,-0.01,0.26
1784740357.7627,10:12:37.762,0.97,0.04,0.23
1784740358.2634,10:12:38.263,0.98,0.09,0.19
1784740358.7628,10:12:38.762,0.98,0.08,0.19
1784740359.2625,10:12:39.262,0.98,0.08,0.20
1784740359.7625,10:12:39.762,0.98,0.06,0.21
1784740360.2622,10:12:40.262,0.97,0.23,0.11
1784740360.7618,10:12:40.761,0.97,0.22,0.10
1784740361.2621,10:12:41.262,0.97,0.23,0.05
1784740361.7615,10:12:41.761,0.97,0.23,0.05
1784740362.2609,10:12:42.260,0.94,0.34,-0.03
1784740362.761,10:12:42.761,0.90,0.43,-0.10
1784740363.2613,10:12:43.261,0.87,0.47,-0.16
1784740363.7608,10:12:43.760,0.86,0.48,-0.16
1784740364.2606,10:12:44.260,0.85,0.49,-0.17
1784740364.7611,10:12:44.761,0.86,0.49,-0.15
1784740365.2603,10:12:45.260,0.98,0.18,0.12
1784740365.7602,10:12:45.760,0.87,0.47,-0.12
1784740366.2604,10:12:46.260,0.95,0.32,0.02
1784740366.7601,10:12:46.760,0.98,0.17,0.13
1784740367.2601,10:12:47.260,0.98,0.11,0.18
1784740367.7604,10:12:47.760,0.98,0.08,0.18
1784740368.2594,10:12:48.259,0.97,0.02,0.23
1784740368.7595,10:12:48.759,0.97,0.02,0.24
1784740369.2597,10:12:49.259,0.93,-0.11,0.35
1784740369.7596,10:12:49.759,0.95,-0.06,0.30
1784740370.2594,10:12:50.259,0.97,0.03,0.23
1784740370.759,10:12:50.759,0.98,0.05,0.22
1784740371.2584,10:12:51.258,0.96,-0.03,0.27
1784740371.7582,10:12:51.758,0.96,-0.03,0.28
1784740372.2583,10:12:52.258,0.96,-0.04,0.29
1784740372.7579,10:12:52.757,0.95,-0.07,0.31
1784740373.2578,10:12:53.257,0.94,-0.07,0.33
1784740373.7578,10:12:53.757,0.95,-0.06,0.32
1784740374.2571,10:12:54.257,0.97,0.19,0.15
1784740374.7567,10:12:54.756,0.96,0.27,0.08
1784740375.2566,10:12:55.256,0.91,0.41,-0.03
1784740375.7564,10:12:55.756,0.91,0.42,-0.03
1784740376.256,10:12:56.256,0.94,0.35,0.02
1784740376.756,10:12:56.756,0.94,0.35,0.04
1784740377.2561,10:12:57.256,0.91,0.41,-0.01
1784740377.7555,10:12:57.755,0.91,0.41,-0.01
1784740378.2552,10:12:58.255,0.93,0.38,0.00
1784740378.7546,10:12:58.754,0.94,0.33,0.04
1784740379.2545,10:12:59.254,0.95,0.31,0.04
1784740379.7548,10:12:59.754,0.96,0.29,0.05
1784740380.2549,10:13:00.254,0.96,0.26,0.07
1784740380.7543,10:13:00.754,0.97,0.23,0.09
1784740381.2545,10:13:01.254,0.98,0.14,0.15
1784740381.7544,10:13:01.754,0.98,0.10,0.17
1784740382.2538,10:13:02.253,0.95,-0.07,0.32
1784740382.7537,10:13:02.753,0.98,0.11,0.17
1784740383.2535,10:13:03.253,0.98,0.06,0.20
1784740383.7535,10:13:03.753,0.98,0.06,0.20
1784740384.2535,10:13:04.253,0.98,0.14,0.15
1784740384.7534,10:13:04.753,0.97,0.23,0.11
1784740385.2532,10:13:05.253,0.95,0.31,0.06
1784740385.7533,10:13:05.753,0.97,0.06,0.25
1784740386.2529,10:13:06.252,0.97,0.09,0.24
1784740386.753,10:13:06.753,0.92,0.38,0.03
1784740387.2528,10:13:07.252,0,0,0
1784740387.7531,10:13:07.753,0.93,0.36,0.02
1784740388.2523,10:13:08.252,0.93,0.36,0.01
1784740388.7522,10:13:08.752,0.94,0.34,-0.02
1784740389.2524,10:13:09.252,0.88,0.46,-0.14
1784740389.7519,10:13:09.751,0.86,0.48,-0.17
1784740390.2511,10:13:10.251,0.85,0.50,-0.18
1784740390.7514,10:13:10.751,0.84,0.51,-0.20
1784740391.251,10:13:11.251,0.97,0.22,0.06
1784740391.7506,10:13:11.750,0.98,0.16,0.10
1784740392.2513,10:13:12.251,0.98,0.12,0.15
1784740392.7515,10:13:12.751,0.98,0.11,0.14
1784740393.2507,10:13:13.250,0.98,0.13,0.12
1784740393.7507,10:13:13.750,0.97,0.22,0.06
1784740394.2502,10:13:14.250,0.98,0.21,0.03
1784740394.7496,10:13:14.749,0.97,0.22,0.03
1784740395.2499,10:13:15.249,0.98,0.20,0.07
1784740395.7499,10:13:15.749,0.98,0.10,0.15
1784740396.2497,10:13:16.249,0.97,0.01,0.23
1784740396.7499,10:13:16.749,0.97,0.01,0.26
1784740397.25,10:13:17.250,0.96,0.02,0.27
1784740397.7494,10:13:17.749,0.97,0.06,0.25
1784740398.2491,10:13:18.249,0.97,0.10,0.22
1784740398.7495,10:13:18.749,0.97,0.09,0.24
1784740399.2492,10:13:19.249,0.97,0.07,0.25
1784740399.7495,10:13:19.749,0.96,0.06,0.26
1784740400.2494,10:13:20.249,0.96,0.04,0.27
1784740400.749,10:13:20.749,0.96,0.04,0.27
1784740401.2488,10:13:21.248,0.96,0.03,0.28
1784740401.7495,10:13:21.749,0.96,0.00,0.29
1784740402.2489,10:13:22.248,0.95,-0.04,0.31
1784740402.7486,10:13:22.748,0.95,-0.04,0.31
1784740403.249,10:13:23.249,0.95,-0.04,0.32
1784740403.7487,10:13:23.748,0.94,-0.07,0.34
1784740404.2485,10:13:24.248,0.93,-0.09,0.35
1784740404.7486,10:13:24.748,0.93,-0.10,0.36
1784740405.2482,10:13:25.248,0.93,-0.10,0.36
1784740405.7477,10:13:25.747,0.93,-0.09,0.36
1784740406.2477,10:13:26.247,0.93,-0.09,0.36
1784740406.7473,10:13:26.747,0.93,-0.09,0.35
1784740407.2469,10:13:27.246,0.94,-0.09,0.34
1784740407.747,10:13:27.747,0.94,-0.06,0.33
1784740408.2464,10:13:28.246,0.94,-0.05,0.34
1784740408.7465,10:13:28.746,0.94,-0.05,0.34
1784740409.2463,10:13:29.246,0.94,-0.04,0.33
1784740409.7466,10:13:29.746,0.94,-0.03,0.33
1784740410.2458,10:13:30.245,0.95,-0.03,0.31
1784740410.746,10:13:30.746,0.95,-0.04,0.30
1784740411.2463,10:13:31.246,0.95,-0.03,0.30
1784740411.7456,10:13:31.745,0.95,-0.05,0.30
1784740412.2457,10:13:32.245,0.95,-0.05,0.31
1784740412.7453,10:13:32.745,0.95,-0.04,0.31
1784740413.2446,10:13:33.244,0.95,-0.04,0.31
1784740413.7446,10:13:33.744,0.95,-0.03,0.30
1784740414.2447,10:13:34.244,0.95,-0.03,0.30
1784740414.7439,10:13:34.743,0.95,-0.03,0.32
1784740415.2442,10:13:35.244,0.95,-0.03,0.31
1784740415.7448,10:13:35.744,0.95,-0.02,0.31
1784740416.2443,10:13:36.244,0.95,0.01,0.30
1784740416.7437,10:13:36.743,0.95,0.00,0.30
1784740417.2434,10:13:37.243,0.95,0.02,0.30
1784740417.7426,10:13:37.742,0.95,0.01,0.31
1784740418.2423,10:13:38.242,0.95,0.01,0.32
1784740418.7427,10:13:38.742,0.95,0.00,0.31
1784740419.2425,10:13:39.242,0.95,-0.01,0.32
1784740419.7419,10:13:39.741,0.95,-0.02,0.32
1784740420.2419,10:13:40.241,0.95,-0.03,0.32
1784740420.7418,10:13:40.741,0.94,-0.05,0.32
1784740421.2412,10:13:41.241,0.97,0.00,0.26
1784740421.7415,10:13:41.741,0.97,0.00,0.25
1784740422.2415,10:13:42.241,0.97,0.00,0.25
1784740422.741,10:13:42.741,0.97,-0.02,0.22
1784740423.2414,10:13:43.241,0.98,-0.04,0.21
1784740423.7417,10:13:43.741,0.97,-0.07,0.21
1784740424.2409,10:13:44.240,0.97,-0.11,0.22
1784740424.7408,10:13:44.740,0.97,-0.13,0.22
1784740425.2408,10:13:45.240,0.97,-0.13,0.22
1784740425.7403,10:13:45.740,0.97,-0.10,0.24
1784740426.2405,10:13:46.240,0.98,-0.01,0.19
1784740426.741,10:13:46.741,0.98,0.02,0.18
1784740427.2407,10:13:47.240,0.98,0.05,0.17
1784740427.7414,10:13:47.741,0.99,0.13,0.11
1784740428.241,10:13:48.241,0.97,0.24,0.02
1784740428.7403,10:13:48.740,0.95,0.31,-0.03
1784740429.2402,10:13:49.240,0.96,0.28,0.03
1784740429.7408,10:13:49.740,0.97,0.24,0.09
1784740430.2399,10:13:50.239,0.97,0.20,0.11
1784740430.7397,10:13:50.739,0.97,0.19,0.11
1784740431.2398,10:13:51.239,0.98,0.13,0.16
1784740431.739,10:13:51.739,0.98,0.10,0.17
1784740432.2391,10:13:52.239,0.98,0.11,0.16
1784740432.7399,10:13:52.739,0.98,0.15,0.14
1784740433.2394,10:13:53.239,0.98,0.17,0.12
1784740433.7392,10:13:53.739,0.87,0.46,-0.16
1784740434.2391,10:13:54.239,0.85,0.49,-0.20
1784740434.7387,10:13:54.738,0.84,0.50,-0.19
1784740435.2382,10:13:55.238,0.91,0.41,-0.11
1784740435.738,10:13:55.738,0.92,0.38,-0.09
1784740436.2375,10:13:56.237,0.98,0.13,0.14
1784740436.7373,10:13:56.737,0.86,0.48,-0.19
1784740437.2376,10:13:57.237,0.79,0.55,-0.26
1784740437.7374,10:13:57.737,0.75,0.58,-0.31
1784740438.2368,10:13:58.236,0.75,0.58,-0.32
1784740438.737,10:13:58.737,0.74,0.58,-0.34
1784740439.237,10:13:59.237,0.95,0.31,-0.09
1784740439.7363,10:13:59.736,0.93,0.34,-0.12
1784740440.2361,10:14:00.236,0.93,0.35,-0.13
1784740440.736,10:14:00.736,0.93,0.34,-0.12
1784740441.2356,10:14:01.235,0.93,0.35,-0.13
1784740441.7359,10:14:01.735,0.93,0.35,-0.11
1784740442.2363,10:14:02.236,0.93,0.35,-0.10
1784740442.7362,10:14:02.736,0.94,0.34,-0.08
1784740443.2362,10:14:03.236,0.96,0.29,-0.04
1784740443.7365,10:14:03.736,0.96,0.29,-0.01
1784740444.2361,10:14:04.236,0.95,0.30,-0.02
1784740444.736,10:14:04.736,0.91,0.38,-0.13
1784740445.2356,10:14:05.235,0.92,0.38,-0.12
1784740445.7349,10:14:05.734,0.92,0.38,-0.10
1784740446.2348,10:14:06.234,0.93,0.36,-0.08
1784740446.7349,10:14:06.734,0.93,0.36,-0.09
1784740447.2349,10:14:07.234,0.93,0.36,-0.08
1784740447.735,10:14:07.735,0.92,0.38,-0.11
1784740448.235,10:14:08.235,0.89,0.43,-0.14
1784740448.7344,10:14:08.734,0.65,0.65,-0.40
1784740449.2338,10:14:09.233,0.66,0.64,-0.40
1784740449.734,10:14:09.734,0.78,0.57,-0.27
1784740450.2335,10:14:10.233,0.85,0.50,-0.15
1784740450.7333,10:14:10.733,0.86,0.49,-0.15
1784740451.2332,10:14:11.233,0.86,0.49,-0.18
1784740451.7326,10:14:11.732,0.83,0.50,-0.24
1784740452.2321,10:14:12.232,0.80,0.53,-0.27
1784740452.7325,10:14:12.732,0.94,0.32,-0.07
1784740453.2326,10:14:13.232,0.93,0.35,-0.11
1784740453.7318,10:14:13.731,0.93,0.35,-0.14
1784740454.2321,10:14:14.232,0.90,0.40,-0.18
1784740454.7313,10:14:14.731,0.86,0.44,-0.23
1784740455.2306,10:14:15.230,0.85,0.46,-0.26
1784740455.7308,10:14:15.730,0.84,0.46,-0.27
1784740456.2305,10:14:16.230,0.85,0.46,-0.27
1784740456.7305,10:14:16.730,0.85,0.45,-0.28
1784740457.2306,10:14:17.230,0.85,0.45,-0.28
1784740457.7304,10:14:17.730,0.84,0.45,-0.29
1784740458.2305,10:14:18.230,0.85,0.45,-0.27
1784740458.7303,10:14:18.730,0.84,0.45,-0.29
1784740459.2307,10:14:19.230,0.84,0.47,-0.27
1784740459.7302,10:14:19.730,0.83,0.48,-0.28
1784740460.2298,10:14:20.229,0.84,0.48,-0.27
1784740460.7299,10:14:20.729,0.84,0.47,-0.25
1784740461.229,10:14:21.229,0.86,0.46,-0.22
1784740461.7292,10:14:21.729,0.87,0.44,-0.20
1784740462.2296,10:14:22.229,0.88,0.44,-0.20
1784740462.7294,10:14:22.729,0.88,0.44,-0.19
1784740463.2296,10:14:23.229,0.89,0.43,-0.18
1784740463.7299,10:14:23.729,0.89,0.41,-0.18
1784740464.2299,10:14:24.229,0.91,0.39,-0.16
1784740464.729,10:14:24.729,0.91,0.38,-0.17
1784740465.2292,10:14:25.229,0.91,0.38,-0.18
1784740465.7285,10:14:25.728,0.89,0.41,-0.18
1784740466.2281,10:14:26.228,0.89,0.42,-0.18
1784740466.7284,10:14:26.728,0.88,0.43,-0.19
1784740467.2282,10:14:27.228,0.89,0.42,-0.19
1784740467.7275,10:14:27.727,0.88,0.42,-0.20
1784740468.2277,10:14:28.227,0.89,0.42,-0.19
1784740468.7269,10:14:28.726,0.89,0.42,-0.19
1784740469.227,10:14:29.227,0.89,0.41,-0.19
1784740469.7274,10:14:29.727,0.89,0.42,-0.19
1784740470.2273,10:14:30.227,0.89,0.41,-0.18
1784740470.7268,10:14:30.726,0.89,0.41,-0.19
1784740471.2269,10:14:31.226,0.89,0.42,-0.20
1784740471.7271,10:14:31.727,0.89,0.42,-0.20
1784740472.2268,10:14:32.226,0.89,0.41,-0.21
1784740472.727,10:14:32.727,0.88,0.42,-0.21
1784740473.2271,10:14:33.227,0.88,0.43,-0.21
1784740473.7267,10:14:33.726,0.87,0.43,-0.24
1784740474.2268,10:14:34.226,0.87,0.43,-0.25
1784740474.7264,10:14:34.726,0.86,0.45,-0.25
1784740475.2259,10:14:35.225,0.85,0.47,-0.25
1784740475.7259,10:14:35.725,0.85,0.46,-0.25
1784740476.2258,10:14:36.225,0.60,0.65,-0.46
1784740476.7252,10:14:36.725,0.61,0.66,-0.44
1784740477.2253,10:14:37.225,0.65,0.65,-0.40
1784740477.7253,10:14:37.725,0.72,0.60,-0.34
1784740478.2249,10:14:38.224,0.79,0.53,-0.30
1784740478.7246,10:14:38.724,0.87,0.44,-0.21
1784740479.2248,10:14:39.224,0.89,0.42,-0.16
1784740479.7241,10:14:39.724,0.91,0.40,-0.13
1784740480.2237,10:14:40.223,0.89,0.42,-0.15
1784740480.724,10:14:40.724,0.90,0.42,-0.15
1784740481.223,10:14:41.223,0.97,0.25,0.03
1784740481.7225,10:14:41.722,0.94,0.33,-0.04
1784740482.2229,10:14:42.222,0.92,0.38,-0.08
1784740482.7226,10:14:42.722,0.91,0.41,-0.10
1784740483.2224,10:14:43.222,0.89,0.43,-0.17
1784740483.7229,10:14:43.722,0.90,0.42,-0.15
1784740484.2223,10:14:44.222,0.90,0.41,-0.13
1784740484.7219,10:14:44.721,0.91,0.39,-0.11
1784740485.222,10:14:45.222,0.90,0.41,-0.13
1784740485.7219,10:14:45.721,0.90,0.41,-0.14
1784740486.2215,10:14:46.221,0.90,0.41,-0.15
1784740486.722,10:14:46.722,0.90,0.42,-0.15
1784740487.2222,10:14:47.222,0.89,0.43,-0.15
1784740487.721,10:14:47.721,0.89,0.42,-0.16
1784740488.2211,10:14:48.221,0.89,0.43,-0.16
1784740488.7211,10:14:48.721,0.89,0.42,-0.16
1784740489.2208,10:14:49.220,0.88,0.43,-0.21
1784740489.721,10:14:49.721,0.87,0.42,-0.24
1784740490.2213,10:14:50.221,0.86,0.44,-0.24
1784740490.7201,10:14:50.720,0.86,0.45,-0.24
1784740491.2204,10:14:51.220,0.85,0.46,-0.25
1784740491.72,10:14:51.720,0.84,0.47,-0.25
1784740492.2197,10:14:52.219,0.84,0.49,-0.26
1784740492.7193,10:14:52.719,0.82,0.51,-0.25
1784740493.2194,10:14:53.219,0.84,0.48,-0.23
1784740493.7188,10:14:53.718,0.86,0.46,-0.21
1784740494.2191,10:14:54.219,0.88,0.42,-0.21
1784740494.7192,10:14:54.719,0.89,0.41,-0.19
1784740495.2183,10:14:55.218,0.91,0.38,-0.17
1784740495.7185,10:14:55.718,0.92,0.36,-0.16
1784740496.2188,10:14:56.218,0.92,0.36,-0.15
1784740496.7188,10:14:56.718,0.92,0.36,-0.14
1784740497.2181,10:14:57.218,0.93,0.35,-0.12
1784740497.7184,10:14:57.718,0.92,0.36,-0.13
1784740498.218,10:14:58.218,0.92,0.36,-0.13
1784740498.7177,10:14:58.717,0.92,0.38,-0.13
1784740499.2177,10:14:59.217,0.91,0.38,-0.14
1784740499.7172,10:14:59.717,0.91,0.39,-0.15
1784740500.2166,10:15:00.216,0.90,0.40,-0.15
1784740500.7171,10:15:00.717,0.91,0.40,-0.15
1784740501.2169,10:15:01.216,0.91,0.39,-0.14
1784740501.716,10:15:01.716,0.91,0.40,-0.13
1784740502.2162,10:15:02.216,0.91,0.39,-0.11
1784740502.7167,10:15:02.716,0.91,0.40,-0.12
1784740503.2163,10:15:03.216,0.91,0.39,-0.12
1784740503.716,10:15:03.716,0.92,0.38,-0.12
1784740504.2158,10:15:04.215,0.92,0.36,-0.13
1784740504.7155,10:15:04.715,0.93,0.34,-0.11
1784740505.2155,10:15:05.215,0.94,0.33,-0.10
1784740505.7154,10:15:05.715,0.94,0.33,-0.13
1784740506.2154,10:15:06.215,0.93,0.34,-0.15
1784740506.7151,10:15:06.715,0.95,0.30,-0.09
1784740507.2151,10:15:07.215,0.94,0.33,-0.08
1784740507.7145,10:15:07.714,0.93,0.34,-0.09
1784740508.2146,10:15:08.214,0.92,0.37,-0.13
1784740508.715,10:15:08.715,0.91,0.39,-0.13
1784740509.2147,10:15:09.214,0.93,0.35,-0.09
1784740509.7147,10:15:09.714,0.95,0.31,-0.02
1784740510.2148,10:15:10.214,0.95,0.31,0.02
1784740510.7144,10:15:10.714,0.95,0.31,0.01
1784740511.2145,10:15:11.214,0.95,0.30,-0.02
1784740511.7143,10:15:11.714,0.95,0.30,-0.03
1784740512.2144,10:15:12.214,0.96,0.28,-0.02
1784740512.714,10:15:12.714,0.97,0.26,0.01
1784740513.2147,10:15:13.214,0.97,0.25,0.04
1784740513.7147,10:15:13.714,0.90,0.41,-0.11
1784740514.2142,10:15:14.214,0.92,0.38,-0.06
1784740514.7138,10:15:14.713,0.94,0.34,-0.04
1784740515.2133,10:15:15.213,0.95,0.32,-0.04
1784740515.7131,10:15:15.713,0.98,0.16,0.08
1784740516.2134,10:15:16.213,0.98,0.16,0.07
1784740516.7136,10:15:16.713,0.98,0.14,0.10
1784740517.2131,10:15:17.213,0.98,0.15,0.10
1784740517.7134,10:15:17.713,0.98,0.11,0.14
1784740518.2132,10:15:18.213,0.98,0.10,0.17
1784740518.7126,10:15:18.712,0.98,0.09,0.18
1784740519.2124,10:15:19.212,0.98,0.10,0.18
1784740519.7127,10:15:19.712,0.98,0.13,0.15
1784740520.2121,10:15:20.212,0.98,0.13,0.16
1784740520.7122,10:15:20.712,0.98,0.12,0.16
1784740521.2124,10:15:21.212,0.98,0.12,0.16
1784740521.7115,10:15:21.711,0.98,0.15,0.14
1784740522.2111,10:15:22.211,0.98,0.16,0.15
1784740522.7108,10:15:22.710,0.98,0.16,0.15
1784740523.2108,10:15:23.210,0.98,0.16,0.15
1784740523.7109,10:15:23.710,0.98,0.12,0.18
1784740524.2109,10:15:24.210,0.98,0.11,0.18
1784740524.7104,10:15:24.710,0.97,0.10,0.20
1784740525.2102,10:15:25.210,0.97,0.10,0.21
1784740525.7103,10:15:25.710,0.98,0.08,0.21
1784740526.2099,10:15:26.209,0.97,0.08,0.21
1784740526.7097,10:15:26.709,0.97,0.09,0.21
1784740527.21,10:15:27.210,0.97,0.10,0.20
1784740527.7098,10:15:27.709,0.97,0.10,0.20
1784740528.2095,10:15:28.209,0.97,0.10,0.20
1784740528.7093,10:15:28.709,0.97,0.12,0.19
1784740529.2092,10:15:29.209,0.98,0.11,0.19
1784740529.7082,10:15:29.708,0.97,0.09,0.21
1784740530.2083,10:15:30.208,0.97,0.08,0.22
1784740530.7082,10:15:30.708,0.97,0.06,0.23
1784740531.2085,10:15:31.208,0.97,0.07,0.23
1784740531.7087,10:15:31.708,0.94,-0.07,0.35
1784740532.2086,10:15:32.208,0.94,-0.07,0.34
1784740532.7084,10:15:32.708,0.94,-0.07,0.33
1784740533.2084,10:15:33.208,0.94,-0.07,0.33
1784740533.7079,10:15:33.707,0.94,-0.07,0.34
1784740534.208,10:15:34.208,0.93,-0.08,0.35
1784740534.7082,10:15:34.708,0.93,-0.09,0.35
1784740535.2073,10:15:35.207,0.98,0.09,0.20
1784740535.7063,10:15:35.706,0.98,0.10,0.20
1784740536.2061,10:15:36.206,0.98,0.12,0.18
1784740536.7057,10:15:36.705,0.98,0.14,0.16
1784740537.2053,10:15:37.205,0.98,0.15,0.16
1784740537.7055,10:15:37.705,0.98,0.14,0.15
1784740538.2055,10:15:38.205,0.98,0.16,0.12
1784740538.7048,10:15:38.704,0.97,0.19,0.12
1784740539.2044,10:15:39.204,0.97,0.19,0.12
1784740539.7047,10:15:39.704,0.97,0.19,0.14
1784740540.2043,10:15:40.204,0.97,0.19,0.14
1784740540.704,10:15:40.704,0.97,0.20,0.13
1784740541.2042,10:15:41.204,0.97,0.22,0.12
1784740541.7037,10:15:41.703,0.97,0.21,0.11
1784740542.2031,10:15:42.203,0.98,0.16,0.14
1784740542.7036,10:15:42.703,0.98,0.11,0.18
1784740543.2034,10:15:43.203,0.97,0.10,0.20
1784740543.7033,10:15:43.703,0.97,0.07,0.22
1784740544.2034,10:15:44.203,0.97,0.06,0.23
1784740544.7033,10:15:44.703,0.98,0.06,0.21
1784740545.2029,10:15:45.202,0.98,0.08,0.20
1784740545.7033,10:15:45.703,0.98,0.10,0.18
1784740546.2027,10:15:46.202,0.98,0.11,0.17
1784740546.7025,10:15:46.702,0.98,0.11,0.17
1784740547.2033,10:15:47.203,0.95,-0.07,0.31
1784740547.7028,10:15:47.702,0.98,0.08,0.17
1784740548.2019,10:15:48.201,0.98,0.08,0.17
1784740548.7021,10:15:48.702,0.98,0.08,0.16
1784740549.2014,10:15:49.201,0.98,0.05,0.19
1784740549.701,10:15:49.701,0.98,0.01,0.21
1784740550.2013,10:15:50.201,0.97,0.02,0.22
1784740550.7011,10:15:50.701,0.93,-0.10,0.35
1784740551.2008,10:15:51.200,0.97,0.02,0.23
1784740551.7008,10:15:51.700,0.97,0.00,0.26
1784740552.2013,10:15:52.201,0.96,-0.02,0.27
1784740552.7007,10:15:52.700,0.96,-0.03,0.28
1784740553.2005,10:15:53.200,0.96,-0.03,0.28
1784740553.7006,10:15:53.700,0.96,-0.04,0.27
1784740554.2005,10:15:54.200,0.97,-0.03,0.26
1784740554.7007,10:15:54.700,0.97,-0.02,0.26
1784740555.2006,10:15:55.200,0.97,0.00,0.24
1784740555.6998,10:15:55.699,0.98,0.01,0.22
1784740556.1994,10:15:56.199,0.98,0.01,0.21
1784740556.6999,10:15:56.699,0.97,-0.01,0.22
1784740557.1991,10:15:57.199,0.97,-0.03,0.25
1784740557.6988,10:15:57.698,0.96,-0.02,0.26
1784740558.1992,10:15:58.199,0.96,-0.02,0.26
1784740558.6985,10:15:58.698,0.96,-0.02,0.26
1784740559.1981,10:15:59.198,0.97,-0.03,0.26
1784740559.6986,10:15:59.698,0.93,-0.10,0.35
1784740560.1982,10:16:00.198,0.94,-0.07,0.33
1784740560.6977,10:16:00.697,0.96,0.00,0.29
1784740561.1979,10:16:01.197,0.96,0.00,0.29
1784740561.6976,10:16:01.697,0.95,-0.02,0.31
1784740562.1974,10:16:02.197,0.95,-0.07,0.31
1784740562.6979,10:16:02.697,0.95,-0.07,0.32
1784740563.1977,10:16:03.197,0.94,-0.09,0.33
1784740563.6976,10:16:03.697,0.94,-0.10,0.33
1784740564.1979,10:16:04.197,0.94,-0.09,0.34
1784740564.6978,10:16:04.697,0.94,-0.06,0.32
1784740565.1972,10:16:05.197,0.95,-0.02,0.30
1784740565.6972,10:16:05.697,0.96,0.00,0.28
1784740566.1973,10:16:06.197,0.97,0.04,0.25
1784740566.6969,10:16:06.696,0.97,0.11,0.19
1784740567.1968,10:16:07.196,0.98,0.16,0.13
1784740567.6974,10:16:07.697,0.98,0.18,0.08
1784740568.1969,10:16:08.196,0.98,0.20,0.06
1784740568.6967,10:16:08.696,0.98,0.21,0.04
1784740569.1966,10:16:09.196,0.97,0.22,0.04
1784740569.6955,10:16:09.695,0.98,0.21,0.07
1784740570.1952,10:16:10.195,0.98,0.21,0.06
1784740570.6954,10:16:10.695,0.97,0.21,0.06
1784740571.1949,10:16:11.194,0.98,0.20,0.08
1784740571.6943,10:16:11.694,0.98,0.18,0.13
1784740572.1946,10:16:12.194,0.98,0.11,0.17
1784740572.694,10:16:12.694,0.98,0.10,0.19
1784740573.1943,10:16:13.194,0.98,0.10,0.19
1784740573.6943,10:16:13.694,0.97,0.21,0.10
1784740574.1936,10:16:14.193,0.97,0.25,0.05
1784740574.6932,10:16:14.693,0.96,0.26,0.05
1784740575.1934,10:16:15.193,0.97,0.22,0.09
1784740575.6925,10:16:15.692,0.98,0.15,0.16
1784740576.1919,10:16:16.191,0.97,0.15,0.21
1784740576.6924,10:16:16.692,0.97,0.13,0.22
1784740577.1926,10:16:17.192,0.96,0.09,0.26
1784740577.6923,10:16:17.692,0.97,0.20,0.13
1784740578.1927,10:16:18.192,0.97,0.20,0.13
1784740578.6932,10:16:18.693,0.97,0.20,0.12
1784740579.1926,10:16:19.192,0.97,0.21,0.11
1784740579.6925,10:16:19.692,0.97,0.22,0.12
1784740580.1925,10:16:20.192,0.97,0.14,0.18
1784740580.6922,10:16:20.692,0.97,0.14,0.18
1784740581.1924,10:16:21.192,0.98,0.15,0.16
1784740581.6923,10:16:21.692,0.98,0.18,0.12
1784740582.1913,10:16:22.191,0.97,0.08,0.23
1784740582.6916,10:16:22.691,0.97,0.12,0.19
1784740583.1914,10:16:23.191,0.97,0.09,0.21
1784740583.6913,10:16:23.691,0.97,0.08,0.21
1784740584.1911,10:16:24.191,0.97,0.09,0.21
1784740584.691,10:16:24.691,0.98,0.08,0.19
1784740585.1903,10:16:25.190,0.92,0.38,-0.09
1784740585.69,10:16:25.690,0.92,0.38,-0.09
1784740586.1903,10:16:26.190,0.93,0.37,-0.06
1784740586.6895,10:16:26.689,0.93,0.35,-0.04
1784740587.1892,10:16:27.189,0.91,0.41,-0.09
1784740587.6892,10:16:27.689,0.98,0.17,0.13
1784740588.1887,10:16:28.188,0.98,0.12,0.18
1784740588.6889,10:16:28.688,0.97,0.12,0.19
1784740589.1894,10:16:29.189,0.86,0.49,-0.15
1784740589.6892,10:16:29.689,0.76,0.58,-0.29
1784740590.1887,10:16:30.188,0.74,0.60,-0.30
1784740590.6885,10:16:30.688,0.73,0.61,-0.31
1784740591.1884,10:16:31.188,0.71,0.63,-0.31
1784740591.6882,10:16:31.688,0.70,0.63,-0.34
1784740592.1885,10:16:32.188,0.69,0.63,-0.36
1784740592.6885,10:16:32.688,0.69,0.63,-0.36
1784740593.1882,10:16:33.188,0.68,0.64,-0.37
1784740593.6886,10:16:33.688,0.69,0.63,-0.35
1784740594.1886,10:16:34.188,0.69,0.64,-0.34
1784740594.6882,10:16:34.688,0.68,0.65,-0.34
1784740595.1884,10:16:35.188,0.95,0.32,-0.01
1784740595.6885,10:16:35.688,0.96,0.28,0.02
1784740596.1879,10:16:36.187,0.96,0.28,0.02
1784740596.6876,10:16:36.687,0.96,0.28,0.02
1784740597.1876,10:16:37.187,0.96,0.28,0.01
1784740597.6871,10:16:37.687,0.68,0.64,-0.36
1784740598.1871,10:16:38.187,0.71,0.63,-0.33
1784740598.6872,10:16:38.687,0.78,0.57,-0.27
1784740599.1868,10:16:39.186,0.81,0.55,-0.21
1784740599.6862,10:16:39.686,0.82,0.53,-0.20
1784740600.1864,10:16:40.186,0.98,0.18,0.11
1784740600.6857,10:16:40.685,0.98,0.17,0.07
1784740601.1857,10:16:41.185,0.98,0.16,0.06
1784740601.6854,10:16:41.685,0.98,0.17,0.05
1784740602.1846,10:16:42.184,0.98,0.20,0.06
1784740602.6845,10:16:42.684,0.98,0.17,0.08
1784740603.1849,10:16:43.184,0.98,0.12,0.13
1784740603.6846,10:16:43.684,0.98,0.06,0.19
1784740604.1842,10:16:44.184,0.98,0.06,0.21
1784740604.6846,10:16:44.684,0.98,0.06,0.20
1784740605.1849,10:16:45.184,0.98,0.05,0.19
1784740605.6845,10:16:45.684,0.98,0.05,0.20
1784740606.1852,10:16:46.185,0.98,0.08,0.17
1784740606.6848,10:16:46.684,0.98,0.08,0.16
1784740607.1837,10:16:47.183,0.98,0.03,0.22
1784740607.6843,10:16:47.684,0.97,0.00,0.24
1784740608.1844,10:16:48.184,0.97,-0.02,0.24
1784740608.6842,10:16:48.684,0.97,-0.01,0.23
1784740609.1845,10:16:49.184,0.97,0.00,0.23
1784740609.6839,10:16:49.683,0.97,-0.01,0.23
1784740610.1836,10:16:50.183,0.97,0.01,0.26
1784740610.6834,10:16:50.683,0.96,0.03,0.27
1784740611.1831,10:16:51.183,0.96,0.05,0.27
1784740611.6825,10:16:51.682,0.96,0.09,0.25
1784740612.1824,10:16:52.182,0.97,0.10,0.24
1784740612.6822,10:16:52.682,0.97,0.05,0.25
1784740613.1817,10:16:53.181,0.97,0.06,0.24
1784740613.6813,10:16:53.681,0.98,0.15,0.14
1784740614.1811,10:16:54.181,0.98,0.21,0.06
1784740614.681,10:16:54.681,0.97,0.24,0.02
1784740615.1806,10:16:55.180,0.97,0.23,-0.03
1784740615.6809,10:16:55.680,0.97,0.21,-0.07
1784740616.1806,10:16:56.180,0.98,0.20,-0.06
1784740616.6807,10:16:56.680,0.98,0.19,-0.03
1784740617.1807,10:16:57.180,0.98,0.17,0.12
1784740617.6804,10:16:57.680,0.97,0.17,0.19
1784740618.1802,10:16:58.180,0.97,0.19,0.17
1784740618.6807,10:16:58.680,0.96,0.24,0.12
1784740619.1803,10:16:59.180,0.96,0.24,0.10
1784740619.68,10:16:59.680,0.96,0.25,0.08
1784740620.1802,10:17:00.180,0.95,0.31,0.01
1784740620.6795,10:17:00.679,0.95,0.32,0.02
1784740621.1793,10:17:01.179,0.95,0.32,-0.01
1784740621.6792,10:17:01.679,0.93,0.35,-0.05
1784740622.1792,10:17:02.179,0.93,0.35,-0.14
1784740622.6791,10:17:02.679,0.93,0.32,-0.19
1784740623.1795,10:17:03.179,0.93,0.30,-0.21
1784740623.6789,10:17:03.678,0.94,0.29,-0.20
1784740624.1786,10:17:04.178,0.93,0.31,-0.18
1784740624.6786,10:17:04.678,0.93,0.31,-0.18
1784740625.1782,10:17:05.178,0.94,0.31,-0.16
1784740625.6776,10:17:05.677,0.94,0.30,-0.16
1784740626.1779,10:17:06.177,0.94,0.32,-0.13
1784740626.6775,10:17:06.677,0.93,0.33,-0.15
1784740627.1775,10:17:07.177,0.93,0.32,-0.17
1784740627.6775,10:17:07.677,0.93,0.32,-0.17
1784740628.1772,10:17:08.177,0.94,0.31,-0.15
1784740628.6774,10:17:08.677,0.95,0.29,-0.09
1784740629.1771,10:17:09.177,0.94,0.32,-0.08
1784740629.6769,10:17:09.676,0.78,0.55,-0.29
1784740630.176,10:17:10.176,0,0,0
1784740630.676,10:17:10.676,0,0,0
1784740631.1763,10:17:11.176,0,0,0
1784740631.6757,10:17:11.675,0,0,0
1784740632.176,10:17:12.176,0,0,0
1784740632.6758,10:17:12.675,0,0,0
1784740633.175,10:17:13.175,0,0,0
1784740633.6749,10:17:13.674,0.81,0.51,-0.30
1784740634.1747,10:17:14.174,0,0,0
1784740634.6743,10:17:14.674,0,0,0
1784740635.1745,10:17:15.174,0,0,0
1784740635.6746,10:17:15.674,0,0,0
1784740636.1744,10:17:16.174,0,0,0
1784740636.6743,10:17:16.674,0,0,0
1784740637.1747,10:17:17.174,0,0,0
1784740637.6746,10:17:17.674,0,0,0
1784740638.174,10:17:18.174,0,0,0
1784740638.6743,10:17:18.674,0,0,0
1784740639.1741,10:17:19.174,0.95,0.30,-0.11
1784740639.6736,10:17:19.673,0.99,0.14,0.03
1784740640.1738,10:17:20.173,0.99,0.05,0.12
1784740640.6738,10:17:20.673,0.99,0.04,0.12
1784740641.1734,10:17:21.173,0.99,0.12,0.04
1784740641.6731,10:17:21.673,0.98,0.18,-0.01
1784740642.173,10:17:22.173,0.96,0.26,-0.10
1784740642.6722,10:17:22.672,0.88,0.42,-0.24
1784740643.1723,10:17:23.172,0.82,0.50,-0.29
1784740643.6721,10:17:23.672,0.82,0.50,-0.29
1784740644.1716,10:17:24.171,0.83,0.49,-0.27
1784740644.6718,10:17:24.671,0.83,0.50,-0.24
1784740645.1721,10:17:25.172,0.85,0.50,-0.16
1784740645.6715,10:17:25.671,0.91,0.41,-0.04
1784740646.1718,10:17:26.171,0.93,0.37,0.01
1784740646.6722,10:17:26.672,0.93,0.35,0.03
1784740647.1721,10:17:27.172,0.97,0.09,0.22
1784740647.6715,10:17:27.671,0.97,0.09,0.22
1784740648.1718,10:17:28.171,0.97,0.10,0.20
1784740648.6712,10:17:28.671,0.98,0.11,0.19
1784740649.1705,10:17:29.170,0.95,0.32,-0.04
1784740649.6709,10:17:29.670,0.97,0.25,0.00
1784740650.1708,10:17:30.170,0.97,0.24,-0.02
1784740650.6704,10:17:30.670,0.97,0.24,-0.04
1784740651.1705,10:17:31.170,0.95,0.28,-0.09
1784740651.6699,10:17:31.669,0.88,0.41,-0.22
1784740652.1694,10:17:32.169,0.97,0.23,-0.03
1784740652.6694,10:17:32.669,0.96,0.27,-0.05
1784740653.1688,10:17:33.168,0.96,0.26,-0.07
1784740653.6683,10:17:33.668,0.95,0.30,-0.11
1784740654.1683,10:17:34.168,0.94,0.30,-0.13
1784740654.6683,10:17:34.668,0.94,0.31,-0.14
1784740655.1681,10:17:35.168,0.94,0.31,-0.15
1784740655.6684,10:17:35.668,0.93,0.33,-0.16
1784740656.1684,10:17:36.168,0.64,0.62,-0.45
1784740656.6679,10:17:36.667,0.64,0.62,-0.45
1784740657.1681,10:17:37.168,0.69,0.61,-0.39
1784740657.6682,10:17:37.668,0.75,0.58,-0.31
1784740658.1676,10:17:38.167,0.81,0.53,-0.26
1784740658.6679,10:17:38.667,0.97,0.24,0.01
1784740659.1677,10:17:39.167,0.95,0.30,-0.04
1784740659.6672,10:17:39.667,0.95,0.31,-0.04
1784740660.1672,10:17:40.167,0.96,0.29,-0.02
1784740660.6675,10:17:40.667,0.96,0.26,-0.01
1784740661.1665,10:17:41.166,0.97,0.22,0.04
1784740661.6662,10:17:41.666,0.98,0.16,0.11
1784740662.1664,10:17:42.166,0.98,0.14,0.12
1784740662.6662,10:17:42.666,0.99,0.13,0.11
1784740663.1667,10:17:43.166,0.99,0.13,0.10
1784740663.6669,10:17:43.666,0.98,0.17,0.07
1784740664.1666,10:17:44.166,0.98,0.21,0.04
1784740664.6662,10:17:44.666,0.97,0.26,0.00
1784740665.166,10:17:45.166,0.96,0.27,-0.03
1784740665.6656,10:17:45.665,0.96,0.28,-0.07
1784740666.1655,10:17:46.165,0.95,0.29,-0.12
1784740666.6658,10:17:46.665,0.94,0.31,-0.13
1784740667.1659,10:17:47.165,0.94,0.33,-0.11
1784740667.6655,10:17:47.665,0.94,0.32,-0.10
1784740668.1653,10:17:48.165,0.95,0.30,-0.09
1784740668.6652,10:17:48.665,0.97,0.25,-0.02
1784740669.1652,10:17:49.165,0.98,0.17,0.06
1784740669.6651,10:17:49.665,0.98,0.10,0.16
1784740670.1646,10:17:50.164,0.98,0.02,0.21
1784740670.6642,10:17:50.664,0.97,-0.02,0.24
1784740671.1645,10:17:51.164,0.96,-0.02,0.26
1784740671.6639,10:17:51.663,0.97,0.03,0.25
1784740672.1633,10:17:52.163,0.97,0.03,0.23
1784740672.6631,10:17:52.663,0.97,0.01,0.25
1784740673.1623,10:17:53.162,0.96,-0.03,0.28
1784740673.6618,10:17:53.661,0.95,-0.06,0.32
1784740674.1622,10:17:54.162,0.94,-0.05,0.32
1784740674.6623,10:17:54.662,0.96,-0.01,0.29
1784740675.1623,10:17:55.162,0.97,0.06,0.25
1784740675.6626,10:17:55.662,0.97,0.11,0.22
1784740676.1624,10:17:56.162,0.97,0.11,0.20
1784740676.6619,10:17:56.661,0.98,0.11,0.18
1784740677.1615,10:17:57.161,0.98,0.09,0.19
1784740677.6614,10:17:57.661,0.98,0.07,0.20
1784740678.1612,10:17:58.161,0.98,0.02,0.20
1784740678.6609,10:17:58.660,0.98,0.03,0.19
1784740679.1613,10:17:59.161,0.99,0.02,0.16
1784740679.6608,10:17:59.660,0.99,0.04,0.14
1784740680.16,10:18:00.160,0.99,0.08,0.09
1784740680.6603,10:18:00.660,0.99,0.12,0.08
1784740681.1599,10:18:01.159,0.99,0.15,0.06
1784740681.6599,10:18:01.659,0.99,0.15,0.06
1784740682.1605,10:18:02.160,0.99,0.13,0.05
1784740682.6597,10:18:02.659,0.99,0.14,0.05
1784740683.1598,10:18:03.159,0.98,0.16,0.10
1784740683.6598,10:18:03.659,0.98,0.13,0.12
1784740684.1591,10:18:04.159,0.98,0.10,0.16
1784740684.6585,10:18:04.658,0.97,0.08,0.22
1784740685.1586,10:18:05.158,0.96,0.09,0.27
1784740685.6586,10:18:05.658,0.96,0.06,0.28
1784740686.1583,10:18:06.158,0.96,0.05,0.28
1784740686.6585,10:18:06.658,0.96,0.03,0.29
1784740687.1582,10:18:07.158,0.96,0.04,0.27
1784740687.6578,10:18:07.657,0.97,0.03,0.26
1784740688.158,10:18:08.158,0.96,0.03,0.26
1784740688.6582,10:18:08.658,0.96,0.01,0.28
1784740689.1579,10:18:09.157,0.95,-0.03,0.30
1784740689.6583,10:18:09.658,0.94,-0.07,0.33
1784740690.1582,10:18:10.158,0.93,-0.10,0.35
1784740690.6577,10:18:10.657,0.92,-0.15,0.37
1784740691.1569,10:18:11.156,0.92,-0.16,0.37
1784740691.657,10:18:11.657,0.92,-0.17,0.36
1784740692.1562,10:18:12.156,0.94,-0.13,0.32
1784740692.6567,10:18:12.656,0.95,-0.10,0.29
1784740693.1573,10:18:13.157,0.95,-0.09,0.29
1784740693.657,10:18:13.657,0.96,-0.05,0.27
1784740694.157,10:18:14.157,0.97,0.01,0.24
1784740694.6571,10:18:14.657,0.97,0.01,0.24
1784740695.1568,10:18:15.156,0.97,-0.02,0.25
1784740695.6561,10:18:15.656,0.97,0.00,0.26
1784740696.1563,10:18:16.156,0.97,0.00,0.26
1784740696.656,10:18:16.656,0.96,0.01,0.27
1784740697.1558,10:18:17.155,0.96,0.04,0.28
1784740697.6561,10:18:17.656,0.96,0.07,0.26
1784740698.1559,10:18:18.155,0.97,0.14,0.22
1784740698.6556,10:18:18.655,0.96,0.20,0.17
1784740699.1556,10:18:19.155,0.96,0.20,0.17
1784740699.6556,10:18:19.655,0.97,0.12,0.22
1784740700.1556,10:18:20.155,0.97,0.11,0.24
1784740700.6556,10:18:20.655,0.96,0.10,0.25
1784740701.155,10:18:21.155,0.97,0.10,0.24
1784740701.654,10:18:21.654,0.96,0.08,0.25
1784740702.1543,10:18:22.154,0.96,0.06,0.27
1784740702.6539,10:18:22.653,0.96,0.02,0.28
1784740703.153,10:18:23.153,0.96,0.01,0.28
1784740703.6534,10:18:23.653,0.95,-0.03,0.30
1784740704.1537,10:18:24.153,0.95,-0.05,0.30
1784740704.6527,10:18:24.652,0.95,-0.08,0.29
1784740705.1526,10:18:25.152,0.96,-0.11,0.25
1784740705.6532,10:18:25.653,0.95,-0.16,0.27
1784740706.1523,10:18:26.152,0.95,-0.16,0.28
1784740706.6519,10:18:26.651,0.94,-0.14,0.31
1784740707.1516,10:18:27.151,0.94,-0.12,0.33
1784740707.6512,10:18:27.651,0.93,-0.13,0.33
1784740708.1513,10:18:28.151,0.93,-0.12,0.34
1784740708.6515,10:18:28.651,0.93,-0.11,0.34
1784740709.1514,10:18:29.151,0.93,-0.10,0.35
1784740709.6516,10:18:29.651,0.94,-0.09,0.34
1784740710.1521,10:18:30.152,0.94,-0.09,0.33
1784740710.6516,10:18:30.651,0.94,-0.08,0.33
1784740711.1516,10:18:31.151,0.94,-0.09,0.33
1784740711.6515,10:18:31.651,0.94,-0.09,0.33
1784740712.1511,10:18:32.151,0.94,-0.10,0.32
1784740712.6506,10:18:32.650,0.96,-0.10,0.27
1784740713.1508,10:18:33.150,0.96,-0.11,0.25
1784740713.6501,10:18:33.650,0.95,-0.14,0.27
1784740714.1497,10:18:34.149,0.96,-0.15,0.24
1784740714.6502,10:18:34.650,0.97,-0.12,0.22
1784740715.1497,10:18:35.149,0.97,-0.11,0.20
1784740715.6494,10:18:35.649,0.98,-0.08,0.19
1784740716.1494,10:18:36.149,0.97,-0.06,0.22
1784740716.6493,10:18:36.649,0.96,-0.09,0.26
1784740717.1491,10:18:37.149,0.95,-0.12,0.28
1784740717.6492,10:18:37.649,0.94,-0.15,0.30
1784740718.1492,10:18:38.149,0.93,-0.18,0.32
1784740718.6487,10:18:38.648,0.93,-0.18,0.32
1784740719.1481,10:18:39.148,0.92,-0.21,0.33
1784740719.6482,10:18:39.648,0.91,-0.22,0.34
1784740720.1478,10:18:40.147,0.91,-0.22,0.35
1784740720.6476,10:18:40.647,0.93,-0.19,0.32
1784740721.1483,10:18:41.148,0.93,-0.18,0.32
1784740721.6475,10:18:41.647,0.94,-0.14,0.32
1784740722.1478,10:18:42.147,0.95,-0.11,0.30
1784740722.6481,10:18:42.648,0.96,-0.08,0.28
1784740723.1478,10:18:43.147,0.95,-0.07,0.29
1784740723.6474,10:18:43.647,0.96,-0.07,0.29
1784740724.1471,10:18:44.147,0.96,-0.06,0.29
1784740724.6467,10:18:44.646,0.95,-0.06,0.29
1784740725.1468,10:18:45.146,0.95,-0.06,0.29
1784740725.6464,10:18:45.646,0.95,-0.07,0.31
1784740726.1461,10:18:46.146,0.95,-0.09,0.31
1784740726.6457,10:18:46.645,0.94,-0.10,0.34
1784740727.146,10:18:47.146,0.93,-0.11,0.34
1784740727.646,10:18:47.646,0.94,-0.11,0.33
1784740728.1455,10:18:48.145,0.94,-0.10,0.33
1784740728.6457,10:18:48.645,0.94,-0.09,0.31
1784740729.1452,10:18:49.145,0.95,-0.08,0.32
1784740729.6456,10:18:49.645,0.95,-0.07,0.31
1784740730.1454,10:18:50.145,0.95,-0.05,0.30
1784740730.6449,10:18:50.644,0.96,-0.04,0.27
1784740731.1441,10:18:51.144,0.97,-0.02,0.25
1784740731.6444,10:18:51.644,0.97,-0.02,0.24
1784740732.1442,10:18:52.144,0.97,-0.02,0.23
1784740732.6434,10:18:52.643,0.97,-0.02,0.24
1784740733.1436,10:18:53.143,0.97,-0.01,0.23
1784740733.6435,10:18:53.643,0.97,-0.02,0.23
1784740734.1425,10:18:54.142,0.97,-0.03,0.25
1784740734.6428,10:18:54.642,0.97,-0.01,0.24
1784740735.143,10:18:55.143,0.98,0.04,0.20
1784740735.6423,10:18:55.642,0.98,0.07,0.17
1784740736.1425,10:18:56.142,0.98,0.07,0.17
1784740736.643,10:18:56.643,0.98,0.07,0.18
1784740737.1422,10:18:57.142,0.97,0.02,0.22
1784740737.6427,10:18:57.642,0.97,0.00,0.24
1784740738.1425,10:18:58.142,0.97,0.00,0.22
1784740738.6424,10:18:58.642,0.94,0.33,-0.05
1784740739.1427,10:18:59.142,0.95,0.32,-0.06
1784740739.6429,10:18:59.642,0.96,0.27,0.01
1784740740.1424,10:19:00.142,0.98,0.21,0.06
1784740740.6422,10:19:00.642,0.98,0.14,0.12
1784740741.1427,10:19:01.142,0.95,-0.08,0.31
1784740741.6421,10:19:01.642,0.95,-0.07,0.30
1784740742.1414,10:19:02.141,0.95,-0.06,0.30
1784740742.6412,10:19:02.641,0.96,-0.04,0.29
1784740743.1409,10:19:03.140,0.95,-0.04,0.30
1784740743.6405,10:19:03.640,0.95,-0.05,0.31
1784740744.141,10:19:04.141,0.95,-0.06,0.31
1784740744.6404,10:19:04.640,0.94,-0.08,0.32
1784740745.1399,10:19:05.139,0.94,-0.08,0.32
1784740745.6403,10:19:05.640,0.96,0.00,0.26
1784740746.14,10:19:06.140,0.97,0.02,0.25
1784740746.6392,10:19:06.639,0.97,0.01,0.26
1784740747.1395,10:19:07.139,0.96,-0.03,0.29
1784740747.6389,10:19:07.638,0.95,-0.04,0.31
1784740748.1384,10:19:08.138,0.95,-0.05,0.31
1784740748.6384,10:19:08.638,0.95,-0.04,0.30
1784740749.1386,10:19:09.138,0.96,-0.02,0.29
1784740749.6382,10:19:09.638,0.96,-0.03,0.29
1784740750.1386,10:19:10.138,0.96,-0.03,0.28
1784740750.6381,10:19:10.638,0.96,-0.03,0.28
1784740751.1377,10:19:11.137,0.97,0.00,0.23
1784740751.6381,10:19:11.638,0.98,0.05,0.20
1784740752.1381,10:19:12.138,0.98,0.06,0.19
1784740752.6378,10:19:12.637,0.98,0.07,0.19
1784740753.1381,10:19:13.138,0.98,0.06,0.21
1784740753.6376,10:19:13.637,0.98,0.04,0.22
1784740754.1376,10:19:14.137,0.98,0.02,0.19
1784740754.6371,10:19:14.637,0.98,0.03,0.17
1784740755.1371,10:19:15.137,0.98,0.08,0.17
1784740755.6372,10:19:15.637,0.98,0.10,0.15
1784740756.1372,10:19:16.137,0.98,0.08,0.18
1784740756.6371,10:19:16.637,0.98,0.07,0.20
1784740757.1367,10:19:17.136,0.97,0.05,0.22
1784740757.6362,10:19:17.636,0.97,0.05,0.24
1784740758.1362,10:19:18.136,0.97,0.05,0.24
1784740758.6359,10:19:18.635,0.97,0.04,0.24
1784740759.1357,10:19:19.135,0.97,0.04,0.23
1784740759.6357,10:19:19.635,0.97,0.05,0.24
1784740760.1351,10:19:20.135,0.97,0.05,0.25
1784740760.6345,10:19:20.634,0.96,0.00,0.27
1784740761.135,10:19:21.135,0.95,-0.05,0.30
1784740761.6345,10:19:21.634,0.94,-0.08,0.32
1784740762.1339,10:19:22.133,0.94,-0.07,0.33
1784740762.6341,10:19:22.634,0.94,-0.06,0.33
1784740763.1339,10:19:23.133,0.94,-0.06,0.33
1784740763.6333,10:19:23.633,0.95,-0.03,0.30
1784740764.134,10:19:24.134,0.96,0.01,0.27
1784740764.6334,10:19:24.633,0.97,0.01,0.22
1784740765.1331,10:19:25.133,0.98,0.00,0.20
1784740765.6333,10:19:25.633,0.98,-0.01,0.18
1784740766.1336,10:19:26.133,0.98,-0.01,0.18
1784740766.6336,10:19:26.633,0.98,-0.03,0.19
1784740767.1337,10:19:27.133,0.98,-0.06,0.21
1784740767.6331,10:19:27.633,0.98,-0.07,0.21
1784740768.133,10:19:28.133,0.97,-0.07,0.23
1784740768.6324,10:19:28.632,0.96,-0.10,0.24
1784740769.132,10:19:29.132,0.95,-0.15,0.29
1784740769.6322,10:19:29.632,0.95,-0.16,0.28
1784740770.1322,10:19:30.132,0.96,-0.12,0.27
1784740770.6321,10:19:30.632,0.97,-0.07,0.24
1784740771.1315,10:19:31.131,0.97,-0.07,0.24
1784740771.6318,10:19:31.631,0.97,-0.06,0.24
1784740772.1324,10:19:32.132,0.96,-0.05,0.26
1784740772.6313,10:19:32.631,0.97,-0.05,0.25
1784740773.1311,10:19:33.131,0.97,-0.05,0.25
1784740773.6316,10:19:33.631,0.96,-0.05,0.26
1784740774.131,10:19:34.131,0.96,-0.04,0.27
1784740774.6307,10:19:34.630,0.96,-0.03,0.26
1784740775.1307,10:19:35.130,0.97,-0.03,0.26
1784740775.6304,10:19:35.630,0.96,-0.03,0.26
1784740776.1304,10:19:36.130,0.96,-0.05,0.28
1784740776.6303,10:19:36.630,0.95,-0.11,0.31
1784740777.1301,10:19:37.130,0.95,-0.12,0.28
1784740777.6302,10:19:37.630,0.95,-0.12,0.28
1784740778.1304,10:19:38.130,0.95,-0.09,0.29
1784740778.6302,10:19:38.630,0.96,-0.08,0.28
1784740779.1297,10:19:39.129,0.96,-0.06,0.28
1784740779.6301,10:19:39.630,0.95,-0.06,0.30
1784740780.1298,10:19:40.129,0.95,-0.06,0.30
1784740780.6294,10:19:40.629,0.95,-0.07,0.31
1784740781.1292,10:19:41.129,0.94,-0.11,0.33
1784740781.6292,10:19:41.629,0.93,-0.13,0.35
1784740782.1287,10:19:42.128,0.93,-0.13,0.35
1784740782.6289,10:19:42.628,0.94,-0.11,0.33
1784740783.129,10:19:43.129,0.94,-0.10,0.33
1784740783.6286,10:19:43.628,0.94,-0.11,0.32
1784740784.1281,10:19:44.128,0.95,-0.12,0.30
1784740784.6285,10:19:44.628,0.95,-0.11,0.30
1784740785.128,10:19:45.128,0.95,-0.10,0.28
1784740785.6274,10:19:45.627,0.96,-0.07,0.27
1784740786.1275,10:19:46.127,0.96,-0.05,0.27
1784740786.6271,10:19:46.627,0.97,-0.04,0.26
1784740787.1272,10:19:47.127,0.96,-0.04,0.26
1784740787.6272,10:19:47.627,0.96,-0.05,0.28
1784740788.1268,10:19:48.126,0.96,-0.03,0.29
1784740788.6265,10:19:48.626,0.95,-0.01,0.30
1784740789.1267,10:19:49.126,0.96,0.05,0.28
1784740789.6262,10:19:49.626,0.96,0.05,0.26
1784740790.1256,10:19:50.125,0.96,0.07,0.25
1784740790.6257,10:19:50.625,0.97,0.09,0.23
1784740791.1255,10:19:51.125,0.97,0.08,0.22
1784740791.6248,10:19:51.624,0.97,0.08,0.22
1784740792.1248,10:19:52.124,0.97,0.04,0.24
1784740792.6245,10:19:52.624,0.97,0.00,0.26
1784740793.1239,10:19:53.123,0.96,-0.04,0.29
1784740793.6244,10:19:53.624,0.96,-0.03,0.28
1784740794.1241,10:19:54.124,0.97,0.01,0.23
1784740794.6234,10:19:54.623,0.98,0.04,0.21
1784740795.1234,10:19:55.123,0.98,0.07,0.20
1784740795.6231,10:19:55.623,0.98,0.06,0.17
1784740796.1223,10:19:56.122,0.99,0.02,0.17
1784740796.6224,10:19:56.622,0.98,0.01,0.18
1784740797.1222,10:19:57.122,0.97,-0.03,0.24
1784740797.6221,10:19:57.622,0.97,-0.02,0.26
1784740798.1225,10:19:58.122,0.97,0.02,0.25
1784740798.6231,10:19:58.623,0.97,0.11,0.21
1784740799.1226,10:19:59.122,0.97,0.13,0.21
1784740799.6226,10:19:59.622,0.97,0.12,0.21
1784740800.1227,10:20:00.122,0.97,0.04,0.25
1784740800.6227,10:20:00.622,0.97,0.02,0.24
1784740801.123,10:20:01.123,0.97,0.05,0.22
1784740801.6228,10:20:01.622,0.98,0.05,0.21
1784740802.1225,10:20:02.122,0.98,0.07,0.20
1784740802.6225,10:20:02.622,0.98,0.08,0.19
1784740803.123,10:20:03.123,0.98,0.07,0.19
1784740803.6226,10:20:03.622,0.98,0.04,0.21
1784740804.1223,10:20:04.122,0.95,-0.07,0.29
1784740804.6225,10:20:04.622,0.96,-0.08,0.28
1784740805.1224,10:20:05.122,0.96,-0.07,0.27
1784740805.6218,10:20:05.621,0.96,-0.04,0.27
1784740806.1217,10:20:06.121,0.96,-0.04,0.26
1784740806.6211,10:20:06.621,0.96,-0.06,0.28
1784740807.1202,10:20:07.120,0.96,-0.07,0.28
1784740807.6203,10:20:07.620,0.95,-0.10,0.31
1784740808.1203,10:20:08.120,0.94,-0.11,0.31
1784740808.62,10:20:08.620,0.94,-0.11,0.31
1784740809.1204,10:20:09.120,0.95,-0.10,0.30
1784740809.6201,10:20:09.620,0.95,-0.10,0.29
1784740810.1196,10:20:10.119,0.96,-0.06,0.27
1784740810.6199,10:20:10.619,0.96,-0.03,0.27
1784740811.1199,10:20:11.119,0.96,-0.02,0.27
1784740811.6196,10:20:11.619,0.96,-0.03,0.29
1784740812.12,10:20:12.120,0.95,-0.04,0.31
1784740812.6197,10:20:12.619,0.95,-0.04,0.32
1784740813.1193,10:20:13.119,0.95,-0.02,0.30
1784740813.6194,10:20:13.619,0.96,-0.01,0.29
1784740814.1194,10:20:14.119,0.96,0.02,0.26
1784740814.6187,10:20:14.618,0.96,0.01,0.27
1784740815.1187,10:20:15.118,0.97,0.01,0.26
1784740815.619,10:20:15.619,0.97,0.01,0.24
1784740816.1184,10:20:16.118,0.97,0.02,0.24
1784740816.6183,10:20:16.618,0.97,0.02,0.24
1784740817.1182,10:20:17.118,0.97,0.02,0.25
1784740817.6176,10:20:17.617,0.96,0.00,0.27
1784740818.1175,10:20:18.117,0.97,0.00,0.26
1784740818.6177,10:20:18.617,0.97,0.02,0.24
1784740819.1176,10:20:19.117,0.98,0.06,0.21
1784740819.6176,10:20:19.617,0.98,0.13,0.17
1784740820.1175,10:20:20.117,0.97,0.13,0.19
1784740820.6171,10:20:20.617,0.97,0.10,0.21
1784740821.1166,10:20:21.116,0.97,0.05,0.25
1784740821.6164,10:20:21.616,0.97,0.05,0.22
1784740822.1163,10:20:22.116,0.97,0.05,0.22
1784740822.6159,10:20:22.615,0.97,0.05,0.22
1784740823.1162,10:20:23.116,0.97,0.04,0.24
1784740823.6158,10:20:23.615,0.97,0.02,0.26
1784740824.1153,10:20:24.115,0.97,0.01,0.26
1784740824.6159,10:20:24.615,0.97,-0.01,0.25
1784740825.1158,10:20:25.115,0.97,-0.03,0.26
1784740825.6154,10:20:25.615,0.97,-0.03,0.26
1784740826.1156,10:20:26.115,0.97,-0.04,0.25
1784740826.615,10:20:26.615,0.97,0.00,0.23
1784740827.1146,10:20:27.114,0.98,0.03,0.21
1784740827.6149,10:20:27.614,0.98,0.04,0.21
1784740828.1153,10:20:28.115,0.97,0.00,0.26
1784740828.6148,10:20:28.614,0.96,-0.01,0.26
1784740829.1152,10:20:29.115,0.96,-0.01,0.27
1784740829.6147,10:20:29.614,0.96,-0.02,0.27
1784740830.1143,10:20:30.114,0.96,-0.02,0.28
1784740830.6144,10:20:30.614,0.96,-0.01,0.27
1784740831.1138,10:20:31.113,0.96,-0.03,0.28
1784740831.6139,10:20:31.613,0.96,-0.04,0.29
1784740832.1138,10:20:32.113,0.96,-0.03,0.28
1784740832.6135,10:20:32.613,0.96,-0.05,0.28
1784740833.1131,10:20:33.113,0.96,-0.05,0.28
1784740833.613,10:20:33.613,0.96,-0.04,0.28
1784740834.113,10:20:34.113,0.97,-0.01,0.24
1784740834.6127,10:20:34.612,0.98,0.03,0.21
1784740835.1125,10:20:35.112,0.98,0.03,0.21
1784740835.6124,10:20:35.612,0.97,0.00,0.24
1784740836.1119,10:20:36.111,0.96,-0.06,0.29
1784740836.6113,10:20:36.611,0.97,-0.04,0.25
1784740837.1114,10:20:37.111,0.98,-0.02,0.21
1784740837.6106,10:20:37.610,0.98,0.01,0.17
1784740838.1097,10:20:38.109,0.98,0.01,0.17
1784740838.6105,10:20:38.610,0.98,-0.01,0.21
1784740839.11,10:20:39.110,0.97,-0.02,0.22
1784740839.6092,10:20:39.609,0.97,-0.02,0.24
1784740840.1099,10:20:40.109,0.97,-0.03,0.26
1784740840.6095,10:20:40.609,0.97,-0.01,0.26
1784740841.1088,10:20:41.108,0.97,-0.02,0.25
1784740841.609,10:20:41.609,0.97,0.00,0.25
1784740842.1093,10:20:42.109,0.97,0.00,0.25
1784740842.6087,10:20:42.608,0.96,-0.02,0.27
1784740843.1084,10:20:43.108,0.97,-0.01,0.25
1784740843.6086,10:20:43.608,0.97,0.01,0.24
1784740844.1085,10:20:44.108,0.97,0.02,0.23
1784740844.6087,10:20:44.608,0.97,0.04,0.22
1784740845.1086,10:20:45.108,0.98,0.10,0.20
1784740845.608,10:20:45.608,0.98,0.12,0.18
1784740846.1078,10:20:46.107,0.98,0.11,0.19
1784740846.6081,10:20:46.608,0.98,0.10,0.19
1784740847.1075,10:20:47.107,0.97,0.12,0.21
1784740847.6078,10:20:47.607,0.97,0.11,0.20
1784740848.1076,10:20:48.107,0.97,0.10,0.20
1784740848.6071,10:20:48.607,0.97,0.09,0.21
1784740849.1069,10:20:49.106,0.97,0.09,0.21
1784740849.6072,10:20:49.607,0.97,0.12,0.19
1784740850.1063,10:20:50.106,0.97,0.19,0.15
1784740850.6059,10:20:50.605,0.97,0.21,0.14
1784740851.1067,10:20:51.106,0.96,0.23,0.13
1784740851.6066,10:20:51.606,0.97,0.22,0.15
1784740852.1066,10:20:52.106,0.97,0.22,0.15
1784740852.6065,10:20:52.606,0.97,0.21,0.14
1784740853.1063,10:20:53.106,0.96,0.25,0.10
1784740853.6056,10:20:53.605,0.95,0.29,0.10
1784740854.1058,10:20:54.105,0.94,0.32,0.07
1784740854.6055,10:20:54.605,0.94,0.33,0.06
1784740855.1053,10:20:55.105,0.95,0.29,0.06
1784740855.6055,10:20:55.605,0.97,0.23,0.07
1784740856.1056,10:20:56.105,0.98,0.16,0.10
1784740856.6046,10:20:56.604,0.99,0.08,0.13
1784740857.1043,10:20:57.104,0.98,0.04,0.17
1784740857.6047,10:20:57.604,0.98,-0.01,0.20
1784740858.1044,10:20:58.104,0.97,-0.01,0.25
1784740858.6046,10:20:58.604,0.96,0.00,0.28
1784740859.1047,10:20:59.104,0.96,0.00,0.27
1784740859.6043,10:20:59.604,0.96,0.01,0.27
1784740860.1046,10:21:00.104,0.96,0.02,0.29
1784740860.6046,10:21:00.604,0.97,0.10,0.24
1784740861.1041,10:21:01.104,0.97,0.16,0.20
1784740861.6035,10:21:01.603,0.97,0.17,0.16
1784740862.1036,10:21:02.103,0.97,0.19,0.14
1784740862.603,10:21:02.603,0.98,0.14,0.16
1784740863.1027,10:21:03.102,0.97,0.07,0.21
1784740863.6027,10:21:03.602,0.97,0.03,0.25
1784740864.1022,10:21:04.102,0.97,0.04,0.25
1784740864.6018,10:21:04.601,0.97,0.04,0.23
1784740865.1016,10:21:05.101,0.98,0.05,0.21
1784740865.6014,10:21:05.601,0.98,0.05,0.21
1784740866.1014,10:21:06.101,0.98,0.04,0.21
1784740866.6013,10:21:06.601,0.98,0.03,0.21
1784740867.1009,10:21:07.100,0.98,0.01,0.22
1784740867.6006,10:21:07.600,0.97,0.00,0.23
1784740868.1004,10:21:08.100,0.97,0.01,0.24
1784740868.6004,10:21:08.600,0.97,0.02,0.23
1784740869.1002,10:21:09.100,0.98,0.02,0.21
1784740869.6005,10:21:09.600,0.98,0.02,0.19
1784740870.1003,10:21:10.100,0.98,0.06,0.17
1784740870.6002,10:21:10.600,0.98,0.05,0.17
1784740871.1006,10:21:11.100,0.97,0.01,0.23
1784740871.5999,10:21:11.599,0.97,0.00,0.23
1784740872.0995,10:21:12.099,0.98,0.03,0.21
1784740872.6,10:21:12.600,0.98,0.05,0.20
1784740873.0998,10:21:13.099,0.98,0.06,0.19
1784740873.5995,10:21:13.599,0.98,0.02,0.21
1784740874.0995,10:21:14.099,0.98,0.01,0.22
1784740874.599,10:21:14.599,0.97,0.03,0.22
1784740875.0986,10:21:15.098,0.97,0.04,0.23
1784740875.5984,10:21:15.598,0.97,0.06,0.24
1784740876.0985,10:21:16.098,0.96,0.00,0.29
1784740876.5977,10:21:16.597,0.96,0.01,0.28
1784740877.0977,10:21:17.097,0.96,0.03,0.28
1784740877.5981,10:21:17.598,0.96,0.04,0.27
1784740878.0978,10:21:18.097,0.96,0.05,0.27
1784740878.5972,10:21:18.597,0.96,0.06,0.26
1784740879.0973,10:21:19.097,0.97,0.05,0.25
1784740879.5967,10:21:19.596,0.96,0.03,0.26
1784740880.0968,10:21:20.096,0.96,0.01,0.29
1784740880.5966,10:21:20.596,0.96,0.01,0.29
1784740881.0963,10:21:21.096,0.96,0.04,0.27
1784740881.5961,10:21:21.596,0.97,0.03,0.25
1784740882.0964,10:21:22.096,0.97,0.03,0.24
1784740882.5958,10:21:22.595,0.98,0.07,0.20
1784740883.0953,10:21:23.095,0.98,0.12,0.16
1784740883.5951,10:21:23.595,0.98,0.16,0.12
1784740884.0952,10:21:24.095,0.98,0.16,0.12
1784740884.595,10:21:24.595,0.98,0.17,0.11
1784740885.0952,10:21:25.095,0.98,0.19,0.11
1784740885.5949,10:21:25.594,0.97,0.24,0.09
1784740886.0947,10:21:26.094,0.95,0.30,0.05
1784740886.5948,10:21:26.594,0.95,0.30,0.07
1784740887.0944,10:21:27.094,0.96,0.28,0.09
1784740887.5941,10:21:27.594,0.96,0.25,0.11
1784740888.0941,10:21:28.094,0.97,0.20,0.16
1784740888.5944,10:21:28.594,0.97,0.09,0.23
1784740889.094,10:21:29.094,0.97,0.05,0.25
1784740889.5945,10:21:29.594,0.97,0.02,0.24
1784740890.0945,10:21:30.094,0.97,-0.01,0.24
1784740890.5944,10:21:30.594,0.97,-0.05,0.26
1784740891.0945,10:21:31.094,0.96,-0.05,0.27
1784740891.5946,10:21:31.594,0.96,-0.05,0.28
1784740892.0938,10:21:32.093,0.96,-0.05,0.29
1784740892.5935,10:21:32.593,0.95,-0.08,0.31
1784740893.0933,10:21:33.093,0.95,-0.07,0.30
1784740893.593,10:21:33.593,0.96,-0.02,0.27
1784740894.093,10:21:34.093,0.97,0.01,0.26
1784740894.5932,10:21:34.593,0.96,-0.01,0.27
1784740895.0929,10:21:35.092,0.95,-0.05,0.30
1784740895.5923,10:21:35.592,0.94,-0.10,0.33
1784740896.0924,10:21:36.092,0.94,-0.09,0.32
1784740896.592,10:21:36.592,0.95,-0.06,0.31
1784740897.0917,10:21:37.091,0.96,0.02,0.26
1784740897.5921,10:21:37.592,0.97,0.07,0.23
1784740898.092,10:21:38.092,0.97,0.08,0.24
1784740898.5919,10:21:38.591,0.97,0.07,0.25
1784740899.0918,10:21:39.091,0.96,0.07,0.25
1784740899.5914,10:21:39.591,0.96,0.03,0.28
1784740900.0909,10:21:40.090,0.96,-0.02,0.28
1784740900.5911,10:21:40.591,0.96,-0.05,0.28
1784740901.0911,10:21:41.091,0.96,-0.07,0.28
1784740901.5903,10:21:41.590,0.96,-0.03,0.27
1784740902.0906,10:21:42.090,0.96,-0.02,0.26
1784740902.5909,10:21:42.590,0.96,-0.02,0.26
1784740903.0906,10:21:43.090,0.97,-0.03,0.26
1784740903.5904,10:21:43.590,0.95,-0.09,0.30
1784740904.0906,10:21:44.090,0.94,-0.12,0.32
1784740904.5903,10:21:44.590,0.94,-0.13,0.32
1784740905.0907,10:21:45.090,0.94,-0.14,0.32
1784740905.5905,10:21:45.590,0.94,-0.14,0.32
1784740906.09,10:21:46.090,0.94,-0.14,0.31
1784740906.5903,10:21:46.590,0.94,-0.14,0.31
1784740907.0899,10:21:47.089,0.94,-0.14,0.31
1784740907.589,10:21:47.589,0.95,-0.12,0.30
1784740908.0888,10:21:48.088,0.96,-0.10,0.28
1784740908.5889,10:21:48.588,0.96,-0.08,0.28
1784740909.0885,10:21:49.088,0.96,-0.08,0.28
1784740909.5884,10:21:49.588,0.96,-0.08,0.28
1784740910.088,10:21:50.088,0.95,-0.10,0.28
1784740910.5881,10:21:50.588,0.95,-0.11,0.29
1784740911.0871,10:21:51.087,0.95,-0.10,0.30
1784740911.587,10:21:51.587,0.95,-0.09,0.29
1784740912.0868,10:21:52.086,0.96,-0.08,0.27
1784740912.5865,10:21:52.586,0.98,-0.02,0.22
1784740913.0867,10:21:53.086,0.99,0.04,0.14
1784740913.5862,10:21:53.586,0.99,0.08,0.10
1784740914.086,10:21:54.086,0.99,0.10,0.10
1784740914.5864,10:21:54.586,0.99,0.07,0.14
1784740915.086,10:21:55.086,0.98,0.03,0.20
1784740915.5856,10:21:55.585,0.98,0.03,0.20
1784740916.0863,10:21:56.086,0.98,0.05,0.21
1784740916.5853,10:21:56.585,0.97,0.06,0.22
1784740917.085,10:21:57.085,0.97,0.07,0.23
1784740917.5854,10:21:57.585,0.97,0.10,0.23
1784740918.0857,10:21:58.085,0.97,0.11,0.22
1784740918.5851,10:21:58.585,0.97,0.13,0.20
1784740919.0852,10:21:59.085,0.97,0.12,0.20
1784740919.5854,10:21:59.585,0.98,0.10,0.18
1784740920.0853,10:22:00.085,0.98,0.08,0.20
1784740920.5853,10:22:00.585,0.97,0.04,0.25
1784740921.0856,10:22:01.085,0.97,0.02,0.25
1784740921.585,10:22:01.585,0.97,0.00,0.25
1784740922.0845,10:22:02.084,0.97,-0.04,0.24
1784740922.5841,10:22:02.584,0.97,-0.05,0.25
1784740923.0836,10:22:03.083,0.97,-0.03,0.23
1784740923.583,10:22:03.583,0.98,0.04,0.19
1784740924.083,10:22:04.083,0.98,0.05,0.18
1784740924.5827,10:22:04.582,0.98,0.07,0.20
1784740925.0827,10:22:05.082,0.97,0.09,0.22
1784740925.5832,10:22:05.583,0.83,0.55,-0.11
1784740926.083,10:22:06.083,0.79,0.59,-0.16
1784740926.5831,10:22:06.583,0,0,0
1784740927.0833,10:22:07.083,0,0,0
1784740927.5824,10:22:07.582,0,0,0
1784740928.0816,10:22:08.081,0.81,0.55,-0.22
1784740928.582,10:22:08.582,0.94,0.34,-0.06
1784740929.0812,10:22:09.081,0.98,0.21,0.07
1784740929.5813,10:22:09.581,0.98,0.14,0.12
1784740930.0819,10:22:10.081,0.98,0.12,0.12
1784740930.5816,10:22:10.581,0.98,0.18,0.08
1784740931.0812,10:22:11.081,0.93,0.37,-0.07
1784740931.5815,10:22:11.581,0.89,0.44,-0.15
1784740932.0811,10:22:12.081,0.98,0.21,0.04
1784740932.5809,10:22:12.580,0.98,0.21,0.04
1784740933.0809,10:22:13.080,0.99,0.13,0.11
1784740933.581,10:22:13.581,0.98,0.07,0.16
1784740934.0807,10:22:14.080,0.98,0.05,0.20
1784740934.5803,10:22:14.580,0.97,0.02,0.23
1784740935.0806,10:22:15.080,0.97,0.02,0.24
1784740935.5804,10:22:15.580,0.97,0.02,0.24
1784740936.0805,10:22:16.080,0.97,0.06,0.22
1784740936.5801,10:22:16.580,0.97,0.05,0.22
1784740937.0798,10:22:17.079,0.97,0.05,0.22
1784740937.5798,10:22:17.579,0.96,-0.01,0.26
1784740938.0799,10:22:18.079,0.95,-0.06,0.30
1784740938.5795,10:22:18.579,0.94,-0.08,0.32
1784740939.079,10:22:19.079,0.94,-0.10,0.33
1784740939.5792,10:22:19.579,0.94,-0.10,0.33
1784740940.0785,10:22:20.078,0.94,-0.08,0.33
1784740940.5779,10:22:20.577,0.94,-0.08,0.33
1784740941.0783,10:22:21.078,0.94,-0.08,0.33
1784740941.5775,10:22:21.577,0.93,-0.07,0.35
1784740942.0777,10:22:22.077,0.94,-0.07,0.35
1784740942.5777,10:22:22.577,0.93,-0.07,0.35
1784740943.0772,10:22:23.077,0.95,-0.03,0.32
1784740943.5772,10:22:23.577,0.96,0.04,0.26
1784740944.0774,10:22:24.077,0.97,0.05,0.22
1784740944.5775,10:22:24.577,0.98,0.06,0.20
1784740945.0769,10:22:25.076,0.97,0.02,0.23
1784740945.5774,10:22:25.577,0.97,0.01,0.26
1784740946.0766,10:22:26.076,0.97,0.02,0.25
1784740946.5761,10:22:26.576,0.97,0.05,0.22
1784740947.0763,10:22:27.076,0.98,0.09,0.18
1784740947.5763,10:22:27.576,0.98,0.09,0.19
1784740948.076,10:22:28.076,0.98,0.10,0.18
1784740948.5765,10:22:28.576,0.98,0.08,0.20
1784740949.0765,10:22:29.076,0.98,0.07,0.21
1784740949.5758,10:22:29.575,0.97,0.07,0.22
1784740950.0756,10:22:30.075,0.97,0.09,0.21
1784740950.5757,10:22:30.575,0.98,0.12,0.18
1784740951.0749,10:22:31.074,0.98,0.13,0.18
1784740951.5752,10:22:31.575,0.98,0.14,0.17
1784740952.0746,10:22:32.074,0.98,0.13,0.17
1784740952.5742,10:22:32.574,0.98,0.11,0.16
1784740953.0745,10:22:33.074,0.98,0.11,0.16
1784740953.5743,10:22:33.574,0.98,0.13,0.15
1784740954.0736,10:22:34.073,0.98,0.14,0.14
1784740954.5732,10:22:34.573,0.98,0.16,0.12
1784740955.0733,10:22:35.073,0.98,0.16,0.14
1784740955.5725,10:22:35.572,0.98,0.16,0.13
1784740956.0728,10:22:36.072,0.98,0.16,0.14
1784740956.5729,10:22:36.572,0.98,0.16,0.13
1784740957.0728,10:22:37.072,0.98,0.16,0.15
1784740957.5724,10:22:37.572,0.97,0.18,0.14
1784740958.0725,10:22:38.072,0.97,0.17,0.15
1784740958.5725,10:22:38.572,0.97,0.16,0.16
1784740959.0724,10:22:39.072,0.97,0.07,0.22
1784740959.5724,10:22:39.572,0.97,0.07,0.23
1784740960.0723,10:22:40.072,0.97,0.09,0.21
1784740960.5717,10:22:40.571,0.97,0.11,0.20
1784740961.0716,10:22:41.071,0.97,0.12,0.20
1784740961.5714,10:22:41.571,0.97,0.15,0.17
1784740962.0709,10:22:42.070,0.97,0.15,0.19
1784740962.5717,10:22:42.571,0.97,0.12,0.19
1784740963.0715,10:22:43.071,0.97,0.01,0.25
1784740963.5714,10:22:43.571,0.97,-0.03,0.23
1784740964.0716,10:22:44.071,0.98,-0.04,0.21
1784740964.5711,10:22:44.571,0.98,-0.02,0.21
1784740965.0705,10:22:45.070,0.98,-0.01,0.20
1784740965.571,10:22:45.571,0.99,-0.01,0.17
1784740966.0706,10:22:46.070,0.99,-0.01,0.17
1784740966.5701,10:22:46.570,0.98,-0.03,0.20
1784740967.0699,10:22:47.069,0.97,-0.06,0.23
1784740967.5696,10:22:47.569,0.97,-0.07,0.24
1784740968.0692,10:22:48.069,0.96,-0.07,0.27
1784740968.5691,10:22:48.569,0.97,-0.04,0.26
1784740969.0695,10:22:49.069,0.97,-0.03,0.24
1784740969.5692,10:22:49.569,0.97,-0.04,0.24
1784740970.0694,10:22:50.069,0.97,-0.05,0.24
1784740970.5695,10:22:50.569,0.97,-0.06,0.23
1784740971.0687,10:22:51.068,0.98,-0.05,0.21
1784740971.5686,10:22:51.568,0.98,-0.04,0.20
1784740972.068,10:22:52.068,0.97,-0.06,0.22
1784740972.5672,10:22:52.567,0.97,-0.08,0.25
1784740973.067,10:22:53.067,0.96,-0.11,0.25
1784740973.5674,10:22:53.567,0.97,-0.10,0.24
1784740974.0669,10:22:54.066,0.97,-0.06,0.23
1784740974.5667,10:22:54.566,0.97,-0.04,0.23
1784740975.0672,10:22:55.067,0.97,-0.03,0.25
1784740975.5672,10:22:55.567,0.97,0.00,0.24
1784740976.0667,10:22:56.066,0.97,-0.01,0.24
1784740976.5671,10:22:56.567,0.97,-0.03,0.24
1784740977.067,10:22:57.067,0.97,-0.05,0.25
1784740977.5664,10:22:57.566,0.96,-0.10,0.26
1784740978.0665,10:22:58.066,0.95,-0.14,0.29
1784740978.5665,10:22:58.566,0.92,-0.20,0.35
1784740979.0662,10:22:59.066,0.91,-0.20,0.36
1784740979.5666,10:22:59.566,0.91,-0.20,0.36
1784740980.0664,10:23:00.066,0.93,-0.17,0.34
1784740980.5656,10:23:00.565,0.94,-0.13,0.32
1784740981.0657,10:23:01.065,0.94,-0.13,0.33
1784740981.5657,10:23:01.565,0.92,-0.17,0.34
1784740982.0655,10:23:02.065,0.93,-0.17,0.34
1784740982.5656,10:23:02.565,0.95,-0.10,0.29
1784740983.0654,10:23:03.065,0.97,0.00,0.26
1784740983.5651,10:23:03.565,0.97,0.05,0.23
1784740984.0651,10:23:04.065,0.98,0.14,0.17
1784740984.5644,10:23:04.564,0.97,0.18,0.14
1784740985.0638,10:23:05.063,0.97,0.20,0.14
1784740985.5641,10:23:05.564,0.97,0.19,0.14
1784740986.0639,10:23:06.063,0.97,0.14,0.18
1784740986.5637,10:23:06.563,0.97,0.13,0.20
1784740987.0637,10:23:07.063,0.97,0.12,0.21
1784740987.5642,10:23:07.564,0.97,0.09,0.23
1784740988.0636,10:23:08.063,0.96,0.06,0.26
1784740988.5635,10:23:08.563,0.95,0.00,0.30
1784740989.0633,10:23:09.063,0.95,-0.06,0.30
1784740989.5632,10:23:09.563,0.95,-0.09,0.29
1784740990.0624,10:23:10.062,0.95,-0.10,0.29
1784740990.5629,10:23:10.562,0.95,-0.09,0.28
1784740991.0627,10:23:11.062,0.97,-0.06,0.25
1784740991.5619,10:23:11.561,0.97,-0.04,0.24
1784740992.0624,10:23:12.062,0.97,-0.05,0.23
1784740992.5617,10:23:12.561,0.96,-0.08,0.27
1784740993.0614,10:23:13.061,0.94,-0.14,0.31
1784740993.5618,10:23:13.561,0.94,-0.14,0.30
1784740994.0615,10:23:14.061,0.94,-0.14,0.30
1784740994.5607,10:23:14.560,0.94,-0.13,0.31
1784740995.0614,10:23:15.061,0.94,-0.14,0.32
1784740995.561,10:23:15.561,0.94,-0.14,0.32
1784740996.0607,10:23:16.060,0.93,-0.14,0.34
1784740996.5607,10:23:16.560,0.94,-0.10,0.33
1784740997.0604,10:23:17.060,0.95,-0.06,0.29
1784740997.5596,10:23:17.559,0.95,-0.06,0.30
1784740998.0595,10:23:18.059,0.95,-0.07,0.30
1784740998.5591,10:23:18.559,0.95,-0.07,0.30
1784740999.059,10:23:19.059,0.95,-0.07,0.29
1784740999.559,10:23:19.559,0.95,-0.06,0.30
1784741000.0589,10:23:20.058,0.95,-0.07,0.30
1784741000.5587,10:23:20.558,0.95,-0.07,0.30
1784741001.0587,10:23:21.058,0.95,-0.07,0.30
1784741001.5584,10:23:21.558,0.95,-0.10,0.28
1784741002.058,10:23:22.058,0.96,-0.10,0.28
1784741002.5578,10:23:22.557,0.96,-0.06,0.27
1784741003.0576,10:23:23.057,0.97,-0.02,0.25
1784741003.5571,10:23:23.557,0.97,-0.02,0.26
1784741004.0573,10:23:24.057,0.96,-0.03,0.26
1784741004.558,10:23:24.558,0.96,-0.05,0.27
1784741005.0575,10:23:25.057,0.96,-0.05,0.27
1784741005.557,10:23:25.557,0.97,-0.02,0.25
1784741006.0576,10:23:26.057,0.98,0.02,0.22
1784741006.5573,10:23:26.557,0.98,0.05,0.20
1784741007.0571,10:23:27.057,0.98,0.05,0.20
1784741007.5572,10:23:27.557,0.97,-0.04,0.26
1784741008.0568,10:23:28.056,0.96,-0.06,0.26
1784741008.5569,10:23:28.556,0.96,-0.06,0.27
1784741009.0571,10:23:29.057,0.97,0.00,0.24
1784741009.5574,10:23:29.557,0.97,0.01,0.24
1784741010.057,10:23:30.057,0.96,-0.02,0.28
1784741010.5566,10:23:30.556,0.96,-0.03,0.29
1784741011.0563,10:23:31.056,0.96,-0.02,0.28
1784741011.5555,10:23:31.555,0.97,0.04,0.24
1784741012.0556,10:23:32.055,0.97,0.06,0.23
1784741012.5554,10:23:32.555,0.97,0.05,0.22
1784741013.0551,10:23:33.055,0.98,0.05,0.21
1784741013.5557,10:23:33.555,0.98,0.07,0.18
1784741014.056,10:23:34.056,0.98,0.08,0.17
1784741014.5552,10:23:34.555,0.98,0.09,0.18
1784741015.0551,10:23:35.055,0.98,0.08,0.18
1784741015.5553,10:23:35.555,0.98,0.07,0.19
1784741016.0545,10:23:36.054,0.98,0.09,0.19
1784741016.5543,10:23:36.554,0.98,0.07,0.21
1784741017.0548,10:23:37.054,0.97,0.09,0.21
1784741017.5542,10:23:37.554,0.97,0.13,0.19
1784741018.0539,10:23:38.053,0.97,0.13,0.18
1784741018.5543,10:23:38.554,0.97,0.11,0.21
1784741019.054,10:23:39.054,0.97,0.08,0.23
1784741019.554,10:23:39.554,0.97,0.08,0.22
1784741020.0537,10:23:40.053,0.97,0.08,0.23
1784741020.5529,10:23:40.552,0.97,0.09,0.23
1784741021.0525,10:23:41.052,0.97,0.08,0.24
1784741021.5532,10:23:41.553,0.97,0.07,0.25
1784741022.053,10:23:42.053,0.97,0.13,0.21
1784741022.5529,10:23:42.552,0.97,0.12,0.21
1784741023.0533,10:23:43.053,0.97,0.11,0.21
1784741023.5534,10:23:43.553,0.97,0.09,0.23
1784741024.053,10:23:44.053,0.97,0.09,0.23
1784741024.5535,10:23:44.553,0.97,0.07,0.24
1784741025.0531,10:23:45.053,0.97,0.07,0.24
1784741025.5528,10:23:45.552,0.97,0.07,0.23
1784741026.053,10:23:46.053,0.97,0.08,0.23
1784741026.5528,10:23:46.552,0.97,0.08,0.23
1784741027.0522,10:23:47.052,0.96,0.03,0.27
1784741027.5517,10:23:47.551,0.96,0.02,0.28
1784741028.0517,10:23:48.051,0.96,0.01,0.29
1784741028.5518,10:23:48.551,0.96,0.01,0.29
1784741029.0516,10:23:49.051,0.96,0.04,0.27
1784741029.5516,10:23:49.551,0.97,0.08,0.24
1784741030.0515,10:23:50.051,0.97,0.07,0.22
1784741030.5515,10:23:50.551,0.98,0.07,0.19
1784741031.0508,10:23:51.050,0.98,0.09,0.18
1784741031.5498,10:23:51.549,0.98,0.07,0.20
1784741032.0497,10:23:52.049,0.97,0.05,0.23
1784741032.5495,10:23:52.549,0.97,0.02,0.25
1784741033.049,10:23:53.049,0.96,0.01,0.27
1784741033.5488,10:23:53.548,0.96,-0.02,0.28
1784741034.0493,10:23:54.049,0.96,-0.04,0.29
1784741034.5491,10:23:54.549,0.96,-0.05,0.28
1784741035.049,10:23:55.049,0.96,-0.03,0.27
1784741035.5492,10:23:55.549,0.96,-0.01,0.27
1784741036.0493,10:23:56.049,0.96,0.01,0.27
1784741036.5491,10:23:56.549,0.96,0.03,0.26
1784741037.0498,10:23:57.049,0.96,0.04,0.27
1784741037.5496,10:23:57.549,0.96,0.05,0.26
1784741038.0497,10:23:58.049,0.96,0.06,0.26
1784741038.5497,10:23:58.549,0.97,0.06,0.24
1784741039.0491,10:23:59.049,0.97,0.07,0.24
1784741039.549,10:23:59.549,0.97,0.08,0.24
1784741040.049,10:24:00.049,0.96,0.11,0.24
1784741040.5483,10:24:00.548,0.96,0.12,0.23
1784741041.0479,10:24:01.047,0.97,0.14,0.19
1784741041.548,10:24:01.548,0.97,0.15,0.19
1784741042.048,10:24:02.048,0.97,0.17,0.17
1784741042.5475,10:24:02.547,0.97,0.18,0.17
1784741043.0477,10:24:03.047,0.97,0.20,0.16
1784741043.5472,10:24:03.547,0.97,0.20,0.15
1784741044.0466,10:24:04.046,0.97,0.13,0.21
1784741044.5467,10:24:04.546,0.97,0.11,0.20
1784741045.0467,10:24:05.046,0.97,0.09,0.21
1784741045.5468,10:24:05.546,0.97,0.05,0.23
1784741046.0466,10:24:06.046,0.97,0.02,0.25
1784741046.5466,10:24:06.546,0.97,0.00,0.26
1784741047.046,10:24:07.046,0.97,0.00,0.25
1784741047.5459,10:24:07.545,0.97,0.00,0.24
1784741048.0451,10:24:08.045,0.96,-0.01,0.27
1784741048.5442,10:24:08.544,0.96,-0.01,0.28
1784741049.0438,10:24:09.043,0.97,0.02,0.26
1784741049.5444,10:24:09.544,0.97,0.10,0.21
1784741050.0439,10:24:10.043,0.97,0.17,0.16
1784741050.5443,10:24:10.544,0.97,0.17,0.16
1784741051.0446,10:24:11.044,0.98,0.13,0.18
1784741051.5441,10:24:11.544,0.98,0.12,0.18
1784741052.044,10:24:12.044,0.98,0.13,0.18
1784741052.5442,10:24:12.544,0.97,0.17,0.15
1784741053.0441,10:24:13.044,0.98,0.16,0.14
1784741053.5437,10:24:13.543,0.98,0.13,0.17
1784741054.0439,10:24:14.043,0.98,0.08,0.19
1784741054.5436,10:24:14.543,0.98,0.08,0.19
1784741055.0433,10:24:15.043,0.98,0.13,0.18
1784741055.5435,10:24:15.543,0.97,0.13,0.19
1784741056.0436,10:24:16.043,0.97,0.13,0.20
1784741056.5428,10:24:16.542,0.97,0.13,0.20
1784741057.0429,10:24:17.042,0.98,0.13,0.17
1784741057.5429,10:24:17.542,0.98,0.15,0.14
1784741058.0423,10:24:18.042,0.98,0.16,0.13
1784741058.542,10:24:18.542,0.98,0.16,0.15
1784741059.042,10:24:19.042,0.97,0.17,0.18
1784741059.5423,10:24:19.542,0.97,0.17,0.18
1784741060.0423,10:24:20.042,0.97,0.16,0.19
1784741060.542,10:24:20.542,0.97,0.14,0.19
1784741061.0412,10:24:21.041,0.97,0.12,0.21
1784741061.5415,10:24:21.541,0.97,0.08,0.23
1784741062.0411,10:24:22.041,0.96,0.02,0.28
1784741062.5406,10:24:22.540,0.96,0.02,0.29
1784741063.0406,10:24:23.040,0.96,0.01,0.28
1784741063.5405,10:24:23.540,0.96,0.04,0.27
1784741064.0399,10:24:24.039,0.97,0.12,0.20
1784741064.54,10:24:24.540,0.97,0.12,0.18
1784741065.0404,10:24:25.040,0.97,0.13,0.18
1784741065.5401,10:24:25.540,0.97,0.13,0.20
1784741066.0399,10:24:26.039,0.97,0.09,0.24
1784741066.5398,10:24:26.539,0.97,0.09,0.24
1784741067.0394,10:24:27.039,0.96,0.08,0.26
1784741067.5393,10:24:27.539,0.97,0.08,0.25
1784741068.0393,10:24:28.039,0.97,0.08,0.23
1784741068.5389,10:24:28.538,0.97,0.12,0.20
1784741069.0388,10:24:29.038,0.97,0.12,0.19
1784741069.5385,10:24:29.538,0.97,0.12,0.19
1784741070.038,10:24:30.038,0.97,0.13,0.22
1784741070.5376,10:24:30.537,0.97,0.12,0.22
1784741071.0377,10:24:31.037,0.97,0.11,0.23
1784741071.5375,10:24:31.537,0.96,0.06,0.26
1784741072.0366,10:24:32.036,0.97,0.06,0.25
1784741072.5368,10:24:32.536,0.97,0.04,0.24
1784741073.0365,10:24:33.036,0.97,0.05,0.22
1784741073.5361,10:24:33.536,0.97,0.05,0.22
1784741074.036,10:24:34.036,0.97,0.07,0.23
1784741074.5356,10:24:34.535,0.97,0.10,0.21
1784741075.0349,10:24:35.034,0.97,0.10,0.20
1784741075.5351,10:24:35.535,0.98,0.14,0.15
1784741076.035,10:24:36.035,0.98,0.15,0.13
1784741076.5348,10:24:36.534,0.98,0.15,0.11
1784741077.0351,10:24:37.035,0.98,0.13,0.13
1784741077.5347,10:24:37.534,0.98,0.19,0.05
1784741078.0342,10:24:38.034,0.98,0.20,0.07
1784741078.534,10:24:38.534,0.97,0.25,0.02
1784741079.034,10:24:39.034,0.96,0.29,-0.01
1784741079.5333,10:24:39.533,0.95,0.30,-0.02
1784741080.0337,10:24:40.033,0.94,0.33,-0.06
1784741080.5338,10:24:40.533,0.94,0.33,-0.06
1784741081.0336,10:24:41.033,0.98,0.13,0.16
1784741081.5337,10:24:41.533,0.98,0.09,0.20
1784741082.0341,10:24:42.034,0.97,0.04,0.22
1784741082.534,10:24:42.534,0.98,0.04,0.22
1784741083.0334,10:24:43.033,0.98,0.05,0.21
1784741083.5339,10:24:43.533,0.98,0.09,0.18
1784741084.0331,10:24:44.033,0.98,0.11,0.16
1784741084.5328,10:24:44.532,0.98,0.14,0.14
1784741085.0332,10:24:45.033,0.98,0.16,0.13
1784741085.5327,10:24:45.532,0.98,0.16,0.14
1784741086.0321,10:24:46.032,0.98,0.10,0.19
1784741086.532,10:24:46.532,0.97,0.05,0.24
1784741087.0316,10:24:47.031,0.97,0.05,0.24
1784741087.5311,10:24:47.531,0.97,0.07,0.22
1784741088.0315,10:24:48.031,0.98,0.08,0.20
1784741088.5313,10:24:48.531,0.98,0.12,0.18
1784741089.031,10:24:49.031,0.97,0.13,0.18
1784741089.532,10:24:49.532,0.97,0.15,0.20
1784741090.0316,10:24:50.031,0.97,0.16,0.20
1784741090.531,10:24:50.531,0.97,0.16,0.19
1784741091.0313,10:24:51.031,0.97,0.16,0.19
1784741091.5305,10:24:51.530,0.97,0.15,0.19
1784741092.0302,10:24:52.030,0.97,0.14,0.18
1784741092.5304,10:24:52.530,0.97,0.10,0.20
1784741093.0303,10:24:53.030,0.98,0.08,0.20
1784741093.5301,10:24:53.530,0.98,0.07,0.19
1784741094.03,10:24:54.030,0.98,0.08,0.18
1784741094.5304,10:24:54.530,0.98,0.07,0.19
1784741095.0299,10:24:55.029,0.97,0.04,0.24
1784741095.5297,10:24:55.529,0.97,0.04,0.24
1784741096.0302,10:24:56.030,0.97,0.05,0.23
1784741096.5299,10:24:56.529,0.97,0.08,0.21
1784741097.0298,10:24:57.029,0.97,0.07,0.22
1784741097.5294,10:24:57.529,0.97,0.06,0.24
1784741098.029,10:24:58.029,0.97,0.05,0.24
1784741098.5286,10:24:58.528,0.97,0.05,0.25
1784741099.0284,10:24:59.028,0.97,0.05,0.25
1784741099.5285,10:24:59.528,0.97,0.06,0.25
1784741100.0279,10:25:00.027,0.97,0.06,0.22
1784741100.5284,10:25:00.528,0.98,0.09,0.20
1784741101.0277,10:25:01.027,0.98,0.10,0.19
1784741101.5272,10:25:01.527,0.97,0.10,0.21
1784741102.0272,10:25:02.027,0.97,0.08,0.23
1784741102.5275,10:25:02.527,0.97,0.04,0.23
1784741103.0273,10:25:03.027,0.97,0.05,0.23
1784741103.5276,10:25:03.527,0.98,0.06,0.21
1784741104.0274,10:25:04.027,0.98,0.06,0.20
1784741104.5265,10:25:04.526,0.97,0.07,0.22
1784741105.0263,10:25:05.026,0.97,0.06,0.22
1784741105.5264,10:25:05.526,0.98,0.06,0.20
1784741106.0256,10:25:06.025,0.98,0.07,0.19
1784741106.5258,10:25:06.525,0.98,0.08,0.20
1784741107.0262,10:25:07.026,0.98,0.09,0.18
1784741107.5254,10:25:07.525,0.98,0.10,0.18
1784741108.0257,10:25:08.025,0.98,0.10,0.18
1784741108.5261,10:25:08.526,0.98,0.10,0.18
1784741109.0254,10:25:09.025,0.98,0.13,0.16
1784741109.5254,10:25:09.525,0.98,0.12,0.17
1784741110.0259,10:25:10.025,0.98,0.10,0.16
1784741110.5251,10:25:10.525,0.98,0.09,0.17
1784741111.0248,10:25:11.024,0.98,0.09,0.18
1784741111.5246,10:25:11.524,0.98,0.10,0.20
1784741112.0241,10:25:12.024,0.98,0.12,0.18
1784741112.5237,10:25:12.523,0.97,0.12,0.19
1784741113.0242,10:25:13.024,0.97,0.12,0.19
1784741113.5234,10:25:13.523,0.97,0.12,0.20
1784741114.0231,10:25:14.023,0.97,0.12,0.20
1784741114.5233,10:25:14.523,0.98,0.11,0.18
1784741115.0226,10:25:15.022,0.98,0.13,0.16
1784741115.5218,10:25:15.521,0.98,0.14,0.16
1784741116.0217,10:25:16.021,0.98,0.14,0.16
1784741116.5219,10:25:16.521,0.97,0.15,0.18
1784741117.0212,10:25:17.021,0.97,0.14,0.21
1784741117.5212,10:25:17.521,0.97,0.12,0.22
1784741118.0216,10:25:18.021,0.97,0.10,0.23
1784741118.5215,10:25:18.521,0.97,0.07,0.24
1784741119.0215,10:25:19.021,0.97,0.04,0.24
1784741119.5216,10:25:19.521,0.97,0.03,0.23
1784741120.021,10:25:20.021,0.97,0.03,0.23
1784741120.5214,10:25:20.521,0.97,0.06,0.25
1784741121.021,10:25:21.021,0.96,0.07,0.26
1784741121.5203,10:25:21.520,0.96,0.07,0.27
1784741122.0205,10:25:22.020,0.96,0.07,0.28
1784741122.5208,10:25:22.520,0.96,0.07,0.27
1784741123.02,10:25:23.020,0.96,0.08,0.27
1784741123.5199,10:25:23.519,0.96,0.08,0.26
1784741124.0202,10:25:24.020,0.96,0.08,0.26
1784741124.5201,10:25:24.520,0.96,0.05,0.29
1784741125.0201,10:25:25.020,0.96,0.03,0.29
1784741125.5206,10:25:25.520,0.96,0.05,0.26
1784741126.0201,10:25:26.020,0.97,0.10,0.22
1784741126.5195,10:25:26.519,0.97,0.14,0.19
1784741127.0202,10:25:27.020,0.97,0.14,0.20
1784741127.5192,10:25:27.519,0.97,0.13,0.21
1784741128.0193,10:25:28.019,0.97,0.13,0.20
1784741128.5193,10:25:28.519,0.97,0.15,0.19
1784741129.0189,10:25:29.018,0.97,0.14,0.18
1784741129.5189,10:25:29.518,0.98,0.14,0.17
1784741130.019,10:25:30.019,0.98,0.12,0.16
1784741130.5182,10:25:30.518,0.98,0.10,0.18
1784741131.0179,10:25:31.017,0.97,0.11,0.19
1784741131.5181,10:25:31.518,0.97,0.12,0.20
1784741132.0174,10:25:32.017,0.97,0.07,0.22
1784741132.5172,10:25:32.517,0.97,0.03,0.24
1784741133.0177,10:25:33.017,0.97,0.04,0.25
1784741133.5173,10:25:33.517,0.97,0.03,0.23
1784741134.0168,10:25:34.016,0.97,-0.01,0.23
1784741134.5172,10:25:34.517,0.97,-0.05,0.25
1784741135.0173,10:25:35.017,0.96,-0.04,0.27
1784741135.5167,10:25:35.516,0.96,-0.03,0.28
1784741136.0168,10:25:36.016,0.95,-0.04,0.31
1784741136.5166,10:25:36.516,0.95,-0.07,0.31
1784741137.0162,10:25:37.016,0.95,-0.06,0.31
1784741137.5163,10:25:37.516,0.95,-0.05,0.31
1784741138.0166,10:25:38.016,0.95,-0.04,0.31
1784741138.5161,10:25:38.516,0.95,-0.01,0.31
1784741139.0163,10:25:39.016,0.95,-0.01,0.31
1784741139.5168,10:25:39.516,0.95,-0.03,0.30
1784741140.0166,10:25:40.016,0.95,-0.04,0.30
1784741140.5161,10:25:40.516,0.96,0.00,0.27
1784741141.0159,10:25:41.015,0.97,0.05,0.24
1784741141.5152,10:25:41.515,0.97,0.07,0.22
1784741142.0148,10:25:42.014,0.97,0.06,0.22
1784741142.5145,10:25:42.514,0.97,0.09,0.24
1784741143.0141,10:25:43.014,0.97,0.13,0.22
1784741143.5138,10:25:43.513,0.97,0.19,0.17
1784741144.0138,10:25:44.013,0.97,0.17,0.19
1784741144.5137,10:25:44.513,0.97,0.13,0.21
1784741145.0131,10:25:45.013,0.97,0.11,0.21
1784741145.5134,10:25:45.513,0.97,0.08,0.23
1784741146.0132,10:25:46.013,0.96,0.02,0.28
1784741146.5126,10:25:46.512,0.96,0.04,0.27
1784741147.0131,10:25:47.013,0.96,0.04,0.27
1784741147.5129,10:25:47.512,0.97,0.06,0.24
1784741148.0128,10:25:48.012,0.97,0.05,0.23
1784741148.5128,10:25:48.512,0.97,0.05,0.22
1784741149.0127,10:25:49.012,0.98,0.03,0.20
1784741149.5119,10:25:49.511,0.98,0.03,0.21
1784741150.012,10:25:50.012,0.98,0.03,0.22
1784741150.5118,10:25:50.511,0.98,0.03,0.22
1784741151.0115,10:25:51.011,0.97,0.04,0.24
1784741151.5115,10:25:51.511,0.97,0.05,0.23
1784741152.0118,10:25:52.011,0.97,0.06,0.24
1784741152.511,10:25:52.511,0.97,0.07,0.24
1784741153.0109,10:25:53.010,0.96,0.08,0.25
1784741153.5111,10:25:53.511,0.96,0.29,0.06
1784741154.0107,10:25:54.010,0.93,0.38,-0.01
1784741154.5111,10:25:54.511,0.92,0.38,-0.02
1784741155.0116,10:25:55.011,0.90,0.43,-0.08
1784741155.5112,10:25:55.511,0.90,0.43,-0.10
1784741156.0108,10:25:56.010,0.90,0.43,-0.10
1784741156.5105,10:25:56.510,0.90,0.43,-0.10
1784741157.0101,10:25:57.010,0.90,0.42,-0.09
1784741157.51,10:25:57.510,0.93,0.37,-0.04
1784741158.01,10:25:58.010,0.93,0.35,-0.03
1784741158.5093,10:25:58.509,0.94,0.34,-0.01
1784741159.0091,10:25:59.009,0.94,0.34,-0.01
1784741159.5092,10:25:59.509,0.94,0.35,-0.02
1784741160.0086,10:26:00.008,0.92,0.39,-0.04
1784741160.5079,10:26:00.507,0.89,0.44,-0.08
1784741161.0082,10:26:01.008,0.86,0.49,-0.09
1784741161.5077,10:26:01.507,0.86,0.51,-0.09
1784741162.0075,10:26:02.007,0.87,0.48,-0.06
1784741162.508,10:26:02.508,0.89,0.45,-0.04
1784741163.0075,10:26:03.007,0.89,0.45,-0.06
1784741163.5074,10:26:03.507,0.89,0.45,-0.07
1784741164.0076,10:26:04.007,0.89,0.46,-0.08
1784741164.5079,10:26:04.507,0.87,0.48,-0.09
1784741165.0071,10:26:05.007,0.87,0.48,-0.08
1784741165.5073,10:26:05.507,0.88,0.47,-0.07
1784741166.0074,10:26:06.007,0.91,0.42,-0.03
1784741166.5068,10:26:06.506,0.96,0.27,0.08
1784741167.0071,10:26:07.007,0.95,-0.02,0.30
1784741167.5071,10:26:07.507,0.95,-0.05,0.32
1784741168.007,10:26:08.007,0.95,-0.04,0.31
1784741168.5068,10:26:08.506,0.96,-0.03,0.29
1784741169.0068,10:26:09.006,0.96,0.01,0.27
1784741169.5064,10:26:09.506,0.97,0.04,0.24
1784741170.0065,10:26:10.006,0.98,0.08,0.21
1784741170.5067,10:26:10.506,0.96,0.28,0.03
1784741171.0064,10:26:11.006,0.96,0.29,0.04
1784741171.5062,10:26:11.506,0.95,0.32,0.00
1784741172.0059,10:26:12.005,0.95,0.32,-0.01
1784741172.5053,10:26:12.505,0.95,0.32,-0.01
1784741173.0056,10:26:13.005,0.97,0.15,0.19
1784741173.506,10:26:13.506,0.97,0.14,0.20
1784741174.0057,10:26:14.005,0.97,0.13,0.18
1784741174.5055,10:26:14.505,0.98,0.11,0.18
1784741175.0051,10:26:15.005,0.98,0.11,0.17
1784741175.5046,10:26:15.504,0.97,0.23,0.05
1784741176.004,10:26:16.004,0.97,0.21,0.07
1784741176.5043,10:26:16.504,0.98,0.20,0.10
1784741177.0041,10:26:17.004,0.98,0.20,0.10
1784741177.5036,10:26:17.503,0.96,0.26,0.01
1784741178.0038,10:26:18.003,0.94,0.34,-0.06
1784741178.5037,10:26:18.503,0.91,0.40,-0.10
1784741179.0032,10:26:19.003,0.89,0.44,-0.13
1784741179.5036,10:26:19.503,0.88,0.46,-0.13
1784741180.003,10:26:20.003,0.83,0.52,-0.18
1784741180.5024,10:26:20.502,0.80,0.57,-0.17
1784741181.0026,10:26:21.002,0.80,0.57,-0.17
1784741181.5027,10:26:21.502,0.82,0.55,-0.16
1784741182.0021,10:26:22.002,0.83,0.55,-0.14
1784741182.5024,10:26:22.502,0.83,0.55,-0.13
1784741183.0023,10:26:23.002,0.83,0.55,-0.13
1784741183.5014,10:26:23.501,0.90,0.42,-0.03
1784741184.0012,10:26:24.001,0.96,0.29,0.05
1784741184.5018,10:26:24.501,0.98,0.12,0.19
1784741185.0013,10:26:25.001,0.98,0.05,0.21
1784741185.5013,10:26:25.501,0.99,0.10,0.13
1784741186.0016,10:26:26.001,0.98,0.16,0.08
1784741186.5006,10:26:26.500,0.98,0.19,0.05
1784741187.0007,10:26:27.000,0.98,0.19,0.05
1784741187.5009,10:26:27.500,0.99,0.13,0.09
1784741188.0005,10:26:28.000,0.99,0.09,0.12
1784741188.5005,10:26:28.500,0.99,0.10,0.13
1784741189.0004,10:26:29.000,0.99,0.09,0.13
1784741189.4998,10:26:29.499,0.98,0.10,0.14
1784741189.9995,10:26:29.999,0.98,0.11,0.15
1784741190.5001,10:26:30.500,0.98,0.16,0.12
1784741191.0,10:26:31.000,0.95,0.32,-0.01
1784741191.4994,10:26:31.499,0.88,0.44,-0.17
1784741191.9997,10:26:31.999,0.87,0.45,-0.20
1784741192.4991,10:26:32.499,0.84,0.49,-0.25
1784741192.9984,10:26:32.998,0.78,0.53,-0.32
1784741193.4982,10:26:33.498,0.75,0.57,-0.35
1784741193.9981,10:26:33.998,0.71,0.60,-0.37
1784741194.4979,10:26:34.497,0.70,0.62,-0.35
1784741194.9981,10:26:34.998,0.71,0.63,-0.32
1784741195.4982,10:26:35.498,0.73,0.62,-0.26
1784741195.998,10:26:35.998,0.73,0.62,-0.26
1784741196.4981,10:26:36.498,0.72,0.64,-0.28
1784741196.9977,10:26:36.997,0.68,0.65,-0.34
1784741197.4972,10:26:37.497,0.65,0.66,-0.38
1784741197.9974,10:26:37.997,0.64,0.66,-0.39
1784741198.4969,10:26:38.496,0.64,0.66,-0.39
1784741198.9961,10:26:38.996,0.63,0.66,-0.42
1784741199.4965,10:26:39.496,0.62,0.67,-0.41
1784741199.9963,10:26:39.996,0.63,0.66,-0.41
1784741200.496,10:26:40.496,0.62,0.66,-0.43
1784741200.9958,10:26:40.995,0.60,0.66,-0.46
1784741201.4959,10:26:41.495,0.59,0.65,-0.48
1784741201.9953,10:26:41.995,0.59,0.65,-0.48
1784741202.4952,10:26:42.495,0.64,0.63,-0.44
1784741202.9953,10:26:42.995,0.65,0.64,-0.41
1784741203.495,10:26:43.495,0.64,0.64,-0.42
1784741203.9948,10:26:43.994,0.61,0.65,-0.46
1784741204.495,10:26:44.495,0.59,0.66,-0.47
1784741204.9947,10:26:44.994,0.59,0.65,-0.47
1784741205.4947,10:26:45.494,0.61,0.65,-0.46
1784741205.9949,10:26:45.994,0.61,0.65,-0.45
1784741206.4943,10:26:46.494,0.62,0.65,-0.44
1784741206.9938,10:26:46.993,0.62,0.65,-0.43
1784741207.494,10:26:47.494,0.71,0.65,-0.29
1784741207.9941,10:26:47.994,0.96,0.27,0.07
1784741208.4937,10:26:48.493,0.96,0.27,0.06
1784741208.994,10:26:48.994,0.96,0.28,0.08
1784741209.494,10:26:49.494,0.97,0.22,0.14
1784741209.9937,10:26:49.993,0.97,0.20,0.17
1784741210.4941,10:26:50.494,0.97,0.13,0.21
1784741210.9934,10:26:50.993,0.96,0.09,0.25
1784741211.493,10:26:51.493,0.96,0.07,0.26
1784741211.9927,10:26:51.992,0.97,0.08,0.23
1784741212.4931,10:26:52.493,0.98,0.11,0.17
1784741212.9924,10:26:52.992,0.98,0.16,0.11
1784741213.4928,10:26:53.492,0.98,0.18,0.05
1784741213.9932,10:26:53.993,0.97,0.23,0.01
1784741214.4927,10:26:54.492,0.97,0.23,0.01
1784741214.9927,10:26:54.992,0.97,0.23,-0.01
1784741215.4927,10:26:55.492,0.98,0.19,0.02
1784741215.9925,10:26:55.992,0.98,0.21,0.02
1784741216.4926,10:26:56.492,0.98,0.22,0.01
1784741216.9922,10:26:56.992,0.98,0.22,0.02
1784741217.4915,10:26:57.491,0.99,0.16,0.03
1784741217.9913,10:26:57.991,0.99,0.02,0.15
1784741218.4914,10:26:58.491,0.97,-0.08,0.23
1784741218.9906,10:26:58.990,0.95,-0.08,0.31
1784741219.4901,10:26:59.490,0.96,-0.06,0.29
1784741219.9901,10:26:59.990,0.96,-0.04,0.26
1784741220.49,10:27:00.490,0.96,-0.05,0.28
1784741220.9894,10:27:00.989,0.95,-0.10,0.31
1784741221.4899,10:27:01.489,0.94,-0.12,0.33
1784741221.9893,10:27:01.989,0.93,-0.15,0.35
1784741222.4884,10:27:02.488,0.93,-0.15,0.34
1784741222.9884,10:27:02.988,0.93,-0.16,0.33
1784741223.4888,10:27:03.488,0.93,-0.15,0.33
1784741223.9881,10:27:03.988,0.93,-0.17,0.33
1784741224.4887,10:27:04.488,0.93,-0.18,0.33
1784741224.9884,10:27:04.988,0.92,-0.20,0.35
1784741225.4882,10:27:05.488,0.92,-0.19,0.35
1784741225.9887,10:27:05.988,0.92,-0.20,0.33
1784741226.4883,10:27:06.488,0.91,-0.22,0.34
1784741226.9882,10:27:06.988,0.91,-0.23,0.34
1784741227.488,10:27:07.488,0.91,-0.22,0.35
1784741227.9879,10:27:07.987,0.92,-0.19,0.34
1784741228.4873,10:27:08.487,0.93,-0.16,0.32
1784741228.9872,10:27:08.987,0.93,-0.16,0.33
1784741229.4876,10:27:09.487,0.93,-0.15,0.35
1784741229.9873,10:27:09.987,0.98,0.13,0.18
1784741230.4869,10:27:10.486,0.98,0.15,0.16
1784741230.9876,10:27:10.987,0.97,0.21,0.09
1784741231.487,10:27:11.487,0.97,0.24,0.05
1784741231.9869,10:27:11.986,0.97,0.24,0.03
1784741232.4865,10:27:12.486,0.96,-0.05,0.27
1784741232.9858,10:27:12.985,0.96,-0.09,0.27
1784741233.4854,10:27:13.485,0.96,-0.10,0.28
1784741233.9852,10:27:13.985,0.95,-0.10,0.28
1784741234.4845,10:27:14.484,0.95,-0.10,0.28
1784741234.9843,10:27:14.984,0.95,-0.12,0.30
1784741235.4844,10:27:15.484,0.94,-0.14,0.31
1784741235.9842,10:27:15.984,0.94,-0.12,0.33
1784741236.4844,10:27:16.484,0.93,-0.13,0.35
1784741236.9846,10:27:16.984,0.92,-0.16,0.37
1784741237.4843,10:27:17.484,0.91,-0.16,0.38
1784741237.9841,10:27:17.984,0.92,-0.15,0.37
1784741238.4844,10:27:18.484,0.92,-0.12,0.36
1784741238.9842,10:27:18.984,0.94,-0.10,0.33
1784741239.4839,10:27:19.483,0.95,-0.07,0.30
1784741239.9841,10:27:19.984,0.96,-0.04,0.26
1784741240.4838,10:27:20.483,0.97,-0.01,0.24
1784741240.9832,10:27:20.983,0.98,0.04,0.21
1784741241.4835,10:27:21.483,0.98,0.07,0.20
1784741241.9828,10:27:21.982,0.98,0.09,0.19
1784741242.4823,10:27:22.482,0.98,0.09,0.20
1784741242.9823,10:27:22.982,0.97,0.10,0.21
1784741243.4823,10:27:23.482,0.97,0.12,0.20
1784741243.9822,10:27:23.982,0.97,0.13,0.19
1784741244.482,10:27:24.482,0.97,0.17,0.16
1784741244.9823,10:27:24.982,0.97,0.18,0.15
1784741245.4818,10:27:25.481,0.97,0.08,0.22
1784741245.9815,10:27:25.981,0.96,0.04,0.26
1784741246.4813,10:27:26.481,0.96,0.01,0.27
1784741246.9806,10:27:26.980,0.96,-0.05,0.27
1784741247.4804,10:27:27.480,0.94,-0.11,0.31
1784741247.9809,10:27:27.980,0.94,-0.13,0.33
1784741248.4805,10:27:28.480,0.92,-0.14,0.36
1784741248.9804,10:27:28.980,0.92,-0.14,0.37
1784741249.4806,10:27:29.480,0.92,-0.13,0.37
1784741249.9799,10:27:29.979,0.93,-0.10,0.34
1784741250.4793,10:27:30.479,0.94,-0.09,0.34
1784741250.9798,10:27:30.979,0.94,-0.09,0.34
1784741251.4796,10:27:31.479,0.93,-0.10,0.34
1784741251.979,10:27:31.979,0.93,-0.11,0.34
1784741252.4793,10:27:32.479,0.93,-0.11,0.34
1784741252.9789,10:27:32.978,0.92,-0.17,0.34
1784741253.478,10:27:33.478,0.93,-0.17,0.34
1784741253.9788,10:27:33.978,0.93,-0.19,0.32
1784741254.478,10:27:34.478,0.91,-0.24,0.35
1784741254.9778,10:27:34.977,0.91,-0.25,0.34
1784741255.4785,10:27:35.478,0.90,-0.24,0.36
1784741255.9782,10:27:35.978,0.90,-0.23,0.36
1784741256.4777,10:27:36.477,0.91,-0.20,0.36
1784741256.9783,10:27:36.978,0.92,-0.16,0.34
1784741257.4784,10:27:37.478,0.93,-0.15,0.34
1784741257.9778,10:27:37.977,0.93,-0.14,0.35
1784741258.4783,10:27:38.478,0.92,-0.15,0.36
1784741258.9783,10:27:38.978,0.92,-0.14,0.36
1784741259.478,10:27:39.478,0.92,-0.12,0.36
1784741259.978,10:27:39.978,0.93,-0.11,0.35
1784741260.4781,10:27:40.478,0.94,-0.09,0.34
1784741260.9773,10:27:40.977,0.94,-0.07,0.32
1784741261.4772,10:27:41.477,0.95,-0.04,0.31
1784741261.9774,10:27:41.977,0.96,-0.02,0.29
1784741262.4766,10:27:42.476,0.95,-0.02,0.31
1784741262.9761,10:27:42.976,0.95,0.01,0.30
1784741263.476,10:27:43.476,0.96,0.06,0.26
1784741263.9757,10:27:43.975,0.96,0.05,0.27
1784741264.4757,10:27:44.475,0.97,0.03,0.26
1784741264.976,10:27:44.976,0.97,0.01,0.26
1784741265.4759,10:27:45.475,0.96,0.01,0.27
1784741265.976,10:27:45.976,0.96,0.02,0.26
1784741266.4762,10:27:46.476,0.96,0.03,0.26
1784741266.9759,10:27:46.975,0.97,0.04,0.25
1784741267.4755,10:27:47.475,0.97,0.06,0.25
1784741267.976,10:27:47.976,0.97,0.09,0.24
1784741268.4756,10:27:48.475,0.97,0.09,0.23
1784741268.9751,10:27:48.975,0.97,0.11,0.21
1784741269.4753,10:27:49.475,0.97,0.13,0.19
1784741269.975,10:27:49.975,0.97,0.15,0.17
1784741270.474,10:27:50.474,0.98,0.16,0.15
1784741270.9739,10:27:50.973,0.97,0.16,0.15
1784741271.4741,10:27:51.474,0.97,0.19,0.14
1784741271.9739,10:27:51.973,0.97,0.19,0.14
1784741272.474,10:27:52.474,0.97,0.21,0.12
1784741272.9736,10:27:52.973,0.97,0.20,0.13
1784741273.4737,10:27:53.473,0.97,0.20,0.15
1784741273.9737,10:27:53.973,0.97,0.16,0.17
1784741274.4738,10:27:54.473,0.97,0.16,0.18
1784741274.9734,10:27:54.973,0.97,0.14,0.20
1784741275.4735,10:27:55.473,0.97,0.13,0.21
1784741275.9737,10:27:55.973,0.97,0.15,0.19
1784741276.4734,10:27:56.473,0.97,0.14,0.18
1784741276.9738,10:27:56.973,0.98,0.15,0.17
1784741277.4735,10:27:57.473,0.97,0.09,0.20
1784741277.9723,10:27:57.972,0.97,0.09,0.21
1784741278.4718,10:27:58.471,0.97,0.10,0.21
1784741278.972,10:27:58.972,0.97,0.12,0.21
1784741279.4713,10:27:59.471,0.97,0.14,0.20
1784741279.9712,10:27:59.971,0.97,0.14,0.21
1784741280.4711,10:28:00.471,0.97,0.16,0.21
1784741280.9703,10:28:00.970,0.96,0.16,0.21
1784741281.4705,10:28:01.470,0.96,0.19,0.19
1784741281.9704,10:28:01.970,0.97,0.18,0.18
1784741282.4694,10:28:02.469,0.97,0.18,0.19
1784741282.9695,10:28:02.969,0.97,0.20,0.15
1784741283.4698,10:28:03.469,0.97,0.19,0.16
1784741283.9695,10:28:03.969,0.97,0.22,0.14
1784741284.4691,10:28:04.469,0.97,0.22,0.14
1784741284.9696,10:28:04.969,0.97,0.20,0.15
1784741285.4694,10:28:05.469,0.97,0.21,0.14
1784741285.9687,10:28:05.968,0.97,0.21,0.14
1784741286.4687,10:28:06.468,0.97,0.21,0.14
1784741286.9684,10:28:06.968,0.97,0.20,0.11
1784741287.468,10:28:07.468,0.98,0.17,0.14
1784741287.9681,10:28:07.968,0.98,0.09,0.20
1784741288.4679,10:28:08.467,0.97,0.05,0.23
1784741288.9676,10:28:08.967,0.97,0.05,0.23
1784741289.468,10:28:09.468,0.98,0.10,0.18
1784741289.9685,10:28:09.968,0.98,0.10,0.17
1784741290.4679,10:28:10.467,0.98,0.08,0.16
1784741290.9679,10:28:10.967,0.99,0.08,0.15
1784741291.468,10:28:11.468,0.99,0.11,0.13
1784741291.9674,10:28:11.967,0.98,0.12,0.17
1784741292.4677,10:28:12.467,0.97,0.13,0.20
1784741292.9676,10:28:12.967,0.97,0.17,0.18
1784741293.4669,10:28:13.466,0.97,0.18,0.17
1784741293.9667,10:28:13.966,0.96,0.18,0.19
1784741294.4666,10:28:14.466,0.97,0.18,0.18
1784741294.9658,10:28:14.965,0.97,0.17,0.16
1784741295.4659,10:28:15.465,0.97,0.17,0.16
1784741295.9661,10:28:15.966,0.98,0.16,0.15
1784741296.4658,10:28:16.465,0.97,0.19,0.12
1784741296.9654,10:28:16.965,0.97,0.19,0.12
1784741297.4657,10:28:17.465,0.97,0.19,0.15
1784741297.9653,10:28:17.965,0.97,0.19,0.15
1784741298.465,10:28:18.465,0.97,0.21,0.13
1784741298.9655,10:28:18.965,0.92,0.39,-0.05
1784741299.4652,10:28:19.465,0.93,0.36,0.00
1784741299.9646,10:28:19.964,0.94,0.34,0.01
1784741300.4651,10:28:20.465,0.92,0.40,-0.02
1784741300.9645,10:28:20.964,0.92,0.40,-0.02
1784741301.4643,10:28:21.464,0.96,0.27,0.06
1784741301.9646,10:28:21.964,0.98,0.14,0.15
1784741302.4644,10:28:22.464,0.98,0.11,0.18
1784741302.9645,10:28:22.964,0.97,0.03,0.26
1784741303.4649,10:28:23.464,0.96,0.02,0.26
1784741303.9652,10:28:23.965,0.98,0.11,0.19
1784741304.4648,10:28:24.464,0.98,0.12,0.16
1784741304.9647,10:28:24.964,0.98,0.13,0.13
1784741305.4637,10:28:25.463,0.99,0.14,0.10
1784741305.9632,10:28:25.963,0.98,0.17,0.07
1784741306.4632,10:28:26.463,0.97,0.22,0.05
1784741306.9633,10:28:26.963,0.97,0.22,0.05
1784741307.4629,10:28:27.462,0.98,0.20,0.09
1784741307.9628,10:28:27.962,0.98,0.17,0.12
1784741308.4628,10:28:28.462,0.98,0.14,0.12
1784741308.9621,10:28:28.962,0.98,0.12,0.13
1784741309.4621,10:28:29.462,0.98,0.09,0.18
1784741309.962,10:28:29.962,0.97,0.09,0.22
1784741310.4615,10:28:30.461,0.97,0.07,0.24
1784741310.9615,10:28:30.961,0.97,0.08,0.23
1784741311.4612,10:28:31.461,0.98,0.12,0.18
1784741311.9608,10:28:31.960,0.97,0.18,0.14
1784741312.4603,10:28:32.460,0.98,0.20,0.09
1784741312.9605,10:28:32.960,0.97,0.22,0.08
1784741313.4606,10:28:33.460,0.97,0.23,0.07
1784741313.9604,10:28:33.960,0.97,0.21,0.08
1784741314.4601,10:28:34.460,0.98,0.18,0.12
1784741314.9599,10:28:34.959,0.98,0.18,0.10
1784741315.46,10:28:35.460,0.98,0.14,0.13
1784741315.9598,10:28:35.959,0.99,0.14,0.10
1784741316.4595,10:28:36.459,0.98,0.16,0.09
1784741316.9591,10:28:36.959,0.97,0.22,0.06
1784741317.4594,10:28:37.459,0.96,0.28,0.01
1784741317.9593,10:28:37.959,0.96,0.28,0.01
1784741318.4589,10:28:38.458,0.96,0.29,0.00
1784741318.9587,10:28:38.958,0.96,0.29,0.00
1784741319.4588,10:28:39.458,0.96,0.26,0.05
1784741319.9584,10:28:39.958,0.96,0.26,0.04
1784741320.4584,10:28:40.458,0.95,0.32,-0.01
1784741320.9587,10:28:40.958,0.94,0.34,-0.02
1784741321.4577,10:28:41.457,0.94,0.33,-0.01
1784741321.958,10:28:41.958,0.95,0.31,0.01
1784741322.4576,10:28:42.457,0.96,0.28,0.03
1784741322.9573,10:28:42.957,0.96,0.29,0.02
1784741323.4573,10:28:43.457,0.95,0.30,0.03
1784741323.9572,10:28:43.957,0.96,0.29,0.04
1784741324.4564,10:28:44.456,0.95,0.30,0.04
1784741324.9565,10:28:44.956,0.96,0.28,0.05
1784741325.4562,10:28:45.456,0.96,0.26,0.05
1784741325.9559,10:28:45.955,0.97,0.24,0.06
1784741326.4558,10:28:46.455,0.97,0.23,0.06
1784741326.9555,10:28:46.955,0.97,0.21,0.07
1784741327.4555,10:28:47.455,0.98,0.19,0.09
1784741327.9554,10:28:47.955,0.98,0.13,0.13
1784741328.4558,10:28:48.455,0.99,0.10,0.14
1784741328.9555,10:28:48.955,0.99,0.09,0.14
1784741329.4551,10:28:49.455,0.99,0.08,0.15
1784741329.9557,10:28:49.955,0.99,0.11,0.13
1784741330.4554,10:28:50.455,0.98,0.10,0.14
1784741330.955,10:28:50.955,0.98,0.10,0.14
1784741331.4548,10:28:51.454,0.98,0.10,0.14
1784741331.9548,10:28:51.954,0.99,0.11,0.13
1784741332.4547,10:28:52.454,0.99,0.12,0.12
1784741332.9549,10:28:52.954,0.99,0.12,0.09
1784741333.455,10:28:53.455,0.99,0.13,0.07
1784741333.9546,10:28:53.954,0.99,0.15,0.05
1784741334.4545,10:28:54.454,0.99,0.16,0.05
1784741334.9539,10:28:54.953,0.98,0.18,0.05
1784741335.4536,10:28:55.453,0.98,0.15,0.11
1784741335.9536,10:28:55.953,0.98,0.16,0.12
1784741336.4536,10:28:56.453,0.97,0.18,0.14
1784741336.953,10:28:56.953,0.97,0.16,0.15
1784741337.4529,10:28:57.452,0.98,0.16,0.15
1784741337.9531,10:28:57.953,0.98,0.17,0.13
1784741338.4528,10:28:58.452,0.98,0.18,0.11
1784741338.9524,10:28:58.952,0.98,0.19,0.10
1784741339.4521,10:28:59.452,0.98,0.18,0.08
1784741339.952,10:28:59.952,0.98,0.19,0.07
1784741340.452,10:29:00.452,0.98,0.20,0.09
1784741340.9525,10:29:00.952,0.97,0.22,0.07
1784741341.4522,10:29:01.452,0.97,0.24,0.05
1784741341.9521,10:29:01.952,0.97,0.25,0.03
1784741342.4523,10:29:02.452,0.97,0.24,0.03
1784741342.9518,10:29:02.951,0.97,0.22,0.06
1784741343.4516,10:29:03.451,0.98,0.20,0.09
1784741343.9519,10:29:03.951,0.98,0.12,0.15
1784741344.4515,10:29:04.451,0.98,0.10,0.17
1784741344.951,10:29:04.951,0.98,0.10,0.17
1784741345.4506,10:29:05.450,0.98,0.12,0.16
1784741345.9503,10:29:05.950,0.98,0.13,0.15
1784741346.4495,10:29:06.449,0.98,0.14,0.12
1784741346.9498,10:29:06.949,0.98,0.15,0.10
1784741347.4498,10:29:07.449,0.98,0.16,0.10
1784741347.9495,10:29:07.949,0.98,0.16,0.10
1784741348.4497,10:29:08.449,0.98,0.16,0.10
1784741348.9494,10:29:08.949,0.98,0.16,0.09
1784741349.449,10:29:09.449,0.98,0.16,0.08
1784741349.949,10:29:09.949,0.98,0.18,0.06
1784741350.4489,10:29:10.448,0,0,0
1784741350.9483,10:29:10.948,0.79,0.54,-0.28
1784741351.4484,10:29:11.448,0.80,0.53,-0.27
1784741351.9482,10:29:11.948,0.81,0.52,-0.26
1784741352.4477,10:29:12.447,0.82,0.51,-0.26
1784741352.9479,10:29:12.947,0.81,0.52,-0.27
1784741353.448,10:29:13.448,0.81,0.52,-0.27
1784741353.9478,10:29:13.947,0.81,0.53,-0.25
1784741354.4479,10:29:14.447,0.83,0.51,-0.23
1784741354.9481,10:29:14.948,0.86,0.48,-0.19
1784741355.4476,10:29:15.447,0.97,0.22,0.06
1784741355.9474,10:29:15.947,0.97,0.24,0.07
1784741356.4469,10:29:16.446,0.98,0.16,0.13
1784741356.9465,10:29:16.946,0.98,0.10,0.18
1784741357.4464,10:29:17.446,0.98,0.10,0.18
1784741357.9474,10:29:17.947,0.98,0.11,0.17
1784741358.4467,10:29:18.446,0.98,0.13,0.16
1784741358.9465,10:29:18.946,0.98,0.16,0.13
1784741359.4469,10:29:19.446,0.97,0.23,0.08
1784741359.9468,10:29:19.946,0.96,0.27,0.03
1784741360.4462,10:29:20.446,0.96,0.29,0.00
1784741360.9465,10:29:20.946,0.96,0.28,0.01
1784741361.4455,10:29:21.445,0.96,0.29,0.02
1784741361.9452,10:29:21.945,0.97,0.24,0.08
1784741362.4452,10:29:22.445,0.96,0.25,0.07
1784741362.9456,10:29:22.945,0.96,0.26,0.06
1784741363.4452,10:29:23.445,0.96,0.26,0.05
1784741363.9457,10:29:23.945,0.98,0.19,0.10
1784741364.4453,10:29:24.445,0.98,0.18,0.10
1784741364.945,10:29:24.945,0.98,0.16,0.07
1784741365.4452,10:29:25.445,0.98,0.18,0.06
1784741365.9451,10:29:25.945,0.98,0.18,0.06
1784741366.4442,10:29:26.444,0.98,0.18,0.08
1784741366.9441,10:29:26.944,0.98,0.19,0.09
1784741367.4442,10:29:27.444,0.98,0.18,0.11
1784741367.9433,10:29:27.943,0.97,0.19,0.13
1784741368.4433,10:29:28.443,0.98,0.16,0.15
1784741368.9431,10:29:28.943,0.98,0.13,0.18
1784741369.443,10:29:29.443,0.97,0.12,0.20
1784741369.9426,10:29:29.942,0.97,0.11,0.21
1784741370.4429,10:29:30.442,0.97,0.11,0.21
1784741370.9423,10:29:30.942,0.97,0.09,0.22
1784741371.442,10:29:31.442,0.97,0.14,0.18
1784741371.9422,10:29:31.942,0.97,0.19,0.14
1784741372.4416,10:29:32.441,0.97,0.19,0.13
1784741372.941,10:29:32.941,0.97,0.20,0.12
1784741373.4415,10:29:33.441,0.97,0.15,0.16
1784741373.9409,10:29:33.940,0.98,0.12,0.18
1784741374.4406,10:29:34.440,0.98,0.12,0.17
1784741374.941,10:29:34.941,0.98,0.16,0.12
1784741375.4411,10:29:35.441,0.98,0.16,0.11
1784741375.9402,10:29:35.940,0.98,0.15,0.11
1784741376.4405,10:29:36.440,0.98,0.15,0.13
1784741376.9403,10:29:36.940,0.98,0.17,0.11
1784741377.4397,10:29:37.439,0.98,0.16,0.11
1784741377.9403,10:29:37.940,0.98,0.15,0.11
1784741378.4405,10:29:38.440,0.98,0.18,0.05
1784741378.9402,10:29:38.940,0.99,0.14,0.06
1784741379.4404,10:29:39.440,0.99,0.05,0.08
1784741379.9399,10:29:39.939,1.00,0.04,0.07
1784741380.4391,10:29:40.439,1.00,0.07,0.05
1784741380.9394,10:29:40.939,0.99,0.13,0.03
1784741381.4388,10:29:41.438,0.99,0.15,0.02
1784741381.9387,10:29:41.938,0.99,0.15,0.01
1784741382.4387,10:29:42.438,0.99,0.15,0.00
1784741382.9392,10:29:42.939,0.99,0.15,0.00
1784741383.4384,10:29:43.438,0.99,0.15,0.00
1784741383.9381,10:29:43.938,0.99,0.13,0.02
1784741384.4385,10:29:44.438,0.99,0.12,0.02
1784741384.9378,10:29:44.937,1.00,0.07,0.07
1784741385.4376,10:29:45.437,0.99,0.06,0.14
1784741385.9383,10:29:45.938,0.98,0.03,0.20
1784741386.4377,10:29:46.437,0.98,0.04,0.20
1784741386.9378,10:29:46.937,0.98,0.03,0.21
1784741387.4376,10:29:47.437,0.98,0.06,0.18
1784741387.9368,10:29:47.936,0.98,0.07,0.17
1784741388.4365,10:29:48.436,0.97,0.14,0.18
1784741388.9365,10:29:48.936,0.97,0.14,0.20
1784741389.4364,10:29:49.436,0.97,0.12,0.22
1784741389.9362,10:29:49.936,0.96,0.06,0.26
1784741390.4363,10:29:50.436,0.96,0.01,0.27
1784741390.9355,10:29:50.935,0.96,0.00,0.27
1784741391.4354,10:29:51.435,0.97,0.02,0.25
1784741391.9352,10:29:51.935,0.97,0.07,0.22
1784741392.4347,10:29:52.434,0.97,0.12,0.19
1784741392.9343,10:29:52.934,0.98,0.13,0.18
1784741393.435,10:29:53.435,0.98,0.13,0.17
1784741393.9346,10:29:53.934,0.98,0.12,0.17
1784741394.4345,10:29:54.434,0.98,0.17,0.13
1784741394.9347,10:29:54.934,0.97,0.21,0.09
1784741395.4344,10:29:55.434,0.98,0.21,0.06
1784741395.9338,10:29:55.933,0.98,0.21,0.05
1784741396.4339,10:29:56.433,0.98,0.21,0.02
1784741396.9341,10:29:56.934,0.99,0.16,0.04
1784741397.4334,10:29:57.433,0.99,0.16,0.04
1784741397.9332,10:29:57.933,0.98,0.19,0.02
1784741398.4337,10:29:58.433,0.99,0.14,0.06
1784741398.9334,10:29:58.933,0.98,0.12,0.16
1784741399.4336,10:29:59.433,0.98,0.14,0.17
1784741399.9338,10:29:59.933,0.97,0.17,0.15
1784741400.4328,10:30:00.432,0.98,0.17,0.14
1784741400.9329,10:30:00.932,0.98,0.14,0.17
1784741401.4327,10:30:01.432,0.97,0.06,0.23
1784741401.9326,10:30:01.932,0.96,0.06,0.26
1784741402.4324,10:30:02.432,0.96,0.03,0.28
1784741402.9328,10:30:02.932,0.96,0.01,0.29
1784741403.4324,10:30:03.432,0.96,0.01,0.29
1784741403.9321,10:30:03.932,0.97,0.17,0.15
1784741404.4325,10:30:04.432,0.96,0.24,0.10
1784741404.932,10:30:04.932,0.96,0.27,0.07
1784741405.4314,10:30:05.431,0.95,0.31,0.02
1784741405.9316,10:30:05.931,0.95,0.32,0.00
1784741406.4308,10:30:06.430,0.93,0.37,-0.05
1784741406.9307,10:30:06.930,0,0,0
1784741407.4308,10:30:07.430,0,0,0
1784741407.931,10:30:07.931,0,0,0
1784741408.4303,10:30:08.430,0.93,0.37,-0.06
1784741408.9303,10:30:08.930,0.95,0.32,-0.04
1784741409.4306,10:30:09.430,0.96,0.29,-0.05
1784741409.9302,10:30:09.930,0.96,0.29,-0.05
1784741410.4303,10:30:10.430,0.97,0.24,-0.02
1784741410.9297,10:30:10.929,0.98,0.17,0.03
1784741411.429,10:30:11.429,0.98,0.17,0.02
1784741411.929,10:30:11.929,0.98,0.20,0.00
1784741412.4295,10:30:12.429,0.97,0.25,-0.05
1784741412.9291,10:30:12.929,0.97,0.25,-0.06
1784741413.429,10:30:13.429,0.96,0.28,-0.08
1784741413.9294,10:30:13.929,0.96,0.28,-0.08
1784741414.4289,10:30:14.428,0.95,0.29,-0.08
1784741414.9291,10:30:14.929,0.96,0.29,-0.06
1784741415.4292,10:30:15.429,0.97,0.24,-0.02
1784741415.9282,10:30:15.928,0.97,0.23,0.02
1784741416.4281,10:30:16.428,0.97,0.25,0.06
1784741416.9287,10:30:16.928,0,0,0
1784741417.4285,10:30:17.428,0.95,0.32,0.00
1784741417.9288,10:30:17.928,0.91,0.41,-0.09
1784741418.4286,10:30:18.428,0.90,0.41,-0.13
1784741418.9281,10:30:18.928,0.90,0.41,-0.15
1784741419.4275,10:30:19.427,0.98,0.19,0.07
1784741419.928,10:30:19.928,0,0,0
1784741420.4274,10:30:20.427,0.89,0.42,-0.15
1784741420.9277,10:30:20.927,0,0,0
1784741421.4277,10:30:21.427,0,0,0
1784741421.9274,10:30:21.927,0.91,0.40,-0.15
1784741422.4268,10:30:22.426,0.90,0.41,-0.14
1784741422.9269,10:30:22.926,0.90,0.41,-0.12
1784741423.4265,10:30:23.426,0.89,0.44,-0.14
1784741423.9262,10:30:23.926,0.81,0.53,-0.24
1784741424.426,10:30:24.426,0.81,0.53,-0.25
1784741424.9259,10:30:24.925,0.92,0.38,-0.10
1784741425.4253,10:30:25.425,0.95,0.30,-0.04
1784741425.9256,10:30:25.925,0.98,0.19,0.04
1784741426.425,10:30:26.425,0.98,0.20,0.03
1784741426.9244,10:30:26.924,0.98,0.21,0.02
1784741427.4241,10:30:27.424,0.97,0.25,-0.01
1784741427.9241,10:30:27.924,0.96,0.28,-0.02
1784741428.424,10:30:28.424,0.96,0.28,-0.02
1784741428.9244,10:30:28.924,0.97,0.22,0.04
1784741429.4243,10:30:29.424,0.97,0.22,0.04
1784741429.9241,10:30:29.924,0.97,0.23,0.00
1784741430.4244,10:30:30.424,0.97,0.23,0.00
1784741430.9246,10:30:30.924,0.97,0.24,-0.01
1784741431.4241,10:30:31.424,0.96,0.28,-0.04
1784741431.9236,10:30:31.923,0.93,0.37,-0.07
1784741432.4229,10:30:32.422,0.93,0.38,-0.03
1784741432.9227,10:30:32.922,0.92,0.38,0.00
1784741433.4224,10:30:33.422,0.93,0.37,0.03
1784741433.9223,10:30:33.922,0.93,0.37,0.03
1784741434.422,10:30:34.422,0.93,0.38,0.01
1784741434.9214,10:30:34.921,0.93,0.37,0.01
1784741435.4217,10:30:35.421,0.93,0.36,-0.01
1784741435.9215,10:30:35.921,0.93,0.37,-0.02
1784741436.4213,10:30:36.421,0.92,0.38,-0.05
1784741436.922,10:30:36.922,0.88,0.45,-0.16
1784741437.4218,10:30:37.421,0.83,0.52,-0.21
1784741437.9211,10:30:37.921,0.82,0.53,-0.20
1784741438.4213,10:30:38.421,0.82,0.54,-0.17
1784741438.9206,10:30:38.920,0.84,0.52,-0.15
1784741439.4206,10:30:39.420,0.86,0.50,-0.13
1784741439.9209,10:30:39.920,0.81,0.55,-0.17
1784741440.4207,10:30:40.420,0.83,0.54,-0.15
1784741440.92,10:30:40.920,0.82,0.55,-0.15
1784741441.4202,10:30:41.420,0.84,0.52,-0.12
1784741441.9199,10:30:41.919,0.89,0.46,-0.07
1784741442.4193,10:30:42.419,0.92,0.39,-0.02
1784741442.9194,10:30:42.919,0.92,0.39,-0.03
1784741443.4191,10:30:43.419,0.87,0.49,-0.12
1784741443.9191,10:30:43.919,0.87,0.49,-0.11
1784741444.4193,10:30:44.419,0.87,0.48,-0.10
1784741444.919,10:30:44.919,0.89,0.45,-0.08
1784741445.4186,10:30:45.418,0.89,0.45,-0.09
1784741445.9188,10:30:45.918,0.89,0.45,-0.09
1784741446.4191,10:30:46.419,0.87,0.48,-0.12
1784741446.9189,10:30:46.918,0.86,0.50,-0.15
1784741447.419,10:30:47.419,0.86,0.49,-0.16
1784741447.9188,10:30:47.918,0.92,0.39,-0.07
1784741448.4186,10:30:48.418,0.91,0.40,-0.06
1784741448.9184,10:30:48.918,0.90,0.43,-0.06
1784741449.4183,10:30:49.418,0.89,0.45,-0.07
1784741449.9179,10:30:49.917,0.86,0.50,-0.10
1784741450.418,10:30:50.418,0.85,0.51,-0.11
1784741450.9182,10:30:50.918,0.85,0.52,-0.12
1784741451.4175,10:30:51.417,0.85,0.51,-0.13
1784741451.9169,10:30:51.916,0.86,0.50,-0.11
1784741452.4172,10:30:52.417,0.88,0.46,-0.10
1784741452.9166,10:30:52.916,0.93,0.38,-0.02
1784741453.4163,10:30:53.416,0.96,0.26,0.09
1784741453.9167,10:30:53.916,0.97,0.24,0.10
1784741454.4164,10:30:54.416,0.97,0.24,0.09
1784741454.9158,10:30:54.915,0.97,0.24,0.09
1784741455.4161,10:30:55.416,0.96,0.24,0.12
1784741455.916,10:30:55.916,0.96,0.23,0.14
1784741456.4162,10:30:56.416,0.96,0.26,0.11
1784741456.9163,10:30:56.916,0.96,0.28,0.09
1784741457.4155,10:30:57.415,0.93,0.38,0.01
1784741457.915,10:30:57.915,0.89,0.46,-0.04
1784741458.4152,10:30:58.415,0.87,0.49,-0.07
1784741458.9148,10:30:58.914,0.87,0.49,-0.07
1784741459.4144,10:30:59.414,0.88,0.48,-0.06
1784741459.9146,10:30:59.914,0.88,0.48,-0.06
1784741460.4146,10:31:00.414,0.93,0.36,0.04
1784741460.9139,10:31:00.913,0.94,0.34,0.01
1784741461.4137,10:31:01.413,0.94,0.33,-0.01
1784741461.9136,10:31:01.913,0.93,0.36,-0.05
1784741462.4132,10:31:02.413,0.93,0.36,-0.06
1784741462.9131,10:31:02.913,0.97,0.22,0.05
1784741463.4139,10:31:03.413,0.98,0.15,0.11
1784741463.9134,10:31:03.913,0.98,0.13,0.16
1784741464.4132,10:31:04.413,0.97,0.12,0.19
1784741464.9135,10:31:04.913,0.98,0.09,0.20
1784741465.4129,10:31:05.412,0.97,0.04,0.25
1784741465.9121,10:31:05.912,0.97,0.04,0.24
1784741466.4122,10:31:06.412,0.97,0.05,0.23
1784741466.9119,10:31:06.911,0.97,0.05,0.23
1784741467.4118,10:31:07.411,0.97,0.03,0.24
1784741467.9118,10:31:07.911,0.97,0.03,0.24
1784741468.4119,10:31:08.411,0.97,0.08,0.21
1784741468.9117,10:31:08.911,0.97,0.23,0.08
1784741469.412,10:31:09.412,0.90,0.43,-0.08
1784741469.912,10:31:09.912,0.90,0.42,-0.08
1784741470.4111,10:31:10.411,0.97,0.04,0.24
1784741470.9114,10:31:10.911,0.96,0.03,0.27
1784741471.4105,10:31:11.410,0.96,0.25,0.10
1784741471.9099,10:31:11.909,0.97,0.16,0.16
1784741472.4102,10:31:12.410,0.97,0.16,0.16
1784741472.9102,10:31:12.910,0.97,0.23,0.11
1784741473.4099,10:31:13.409,0.97,0.23,0.10
1784741473.9103,10:31:13.910,0.98,0.15,0.15
1784741474.41,10:31:14.410,0.98,0.15,0.15
1784741474.9096,10:31:14.909,0.97,0.17,0.15
1784741475.4092,10:31:15.409,0.96,0.27,0.08
1784741475.9091,10:31:15.909,0.94,0.33,0.04
1784741476.4085,10:31:16.408,0.94,0.33,0.04
1784741476.9086,10:31:16.908,0.93,0.36,0.01
1784741477.4084,10:31:17.408,0.93,0.36,0.01
1784741477.9085,10:31:17.908,0.93,0.36,0.01
1784741478.4085,10:31:18.408,0.89,0.46,-0.08
1784741478.9088,10:31:18.908,0.88,0.46,-0.09
1784741479.4082,10:31:19.408,0.91,0.41,-0.07
1784741479.9081,10:31:19.908,0.92,0.39,-0.08
1784741480.4087,10:31:20.408,0.92,0.39,-0.08
1784741480.9082,10:31:20.908,0.91,0.42,-0.07
1784741481.4076,10:31:21.407,0.89,0.45,-0.09
1784741481.9081,10:31:21.908,0.87,0.48,-0.13
1784741482.4077,10:31:22.407,0.86,0.48,-0.18
1784741482.9072,10:31:22.907,0.86,0.49,-0.18
1784741483.4076,10:31:23.407,0.83,0.51,-0.20
1784741483.9069,10:31:23.906,0.77,0.58,-0.26
1784741484.4059,10:31:24.405,0.76,0.58,-0.28
1784741484.9061,10:31:24.906,0.77,0.58,-0.27
1784741485.406,10:31:25.406,0.80,0.56,-0.22
1784741485.9052,10:31:25.905,0.84,0.51,-0.17
1784741486.4055,10:31:26.405,0.84,0.51,-0.16
1784741486.9051,10:31:26.905,0.83,0.53,-0.17
1784741487.4048,10:31:27.404,0.81,0.55,-0.21
1784741487.9048,10:31:27.904,0.84,0.52,-0.18
1784741488.4043,10:31:28.404,0.84,0.51,-0.16
1784741488.9039,10:31:28.903,0.87,0.47,-0.14
1784741489.4038,10:31:29.403,0.87,0.48,-0.13
1784741489.9042,10:31:29.904,0.88,0.46,-0.11
1784741490.404,10:31:30.404,0.89,0.45,-0.10
1784741490.904,10:31:30.904,0.89,0.45,-0.09
1784741491.4043,10:31:31.404,0.87,0.48,-0.11
1784741491.9037,10:31:31.903,0.87,0.48,-0.11
1784741492.4032,10:31:32.403,0.83,0.55,-0.14
1784741492.9036,10:31:32.903,0.81,0.57,-0.16
1784741493.4027,10:31:33.402,0.81,0.56,-0.16
1784741493.9027,10:31:33.902,0.87,0.49,-0.11
1784741494.4029,10:31:34.402,0.89,0.45,-0.08
1784741494.9028,10:31:34.902,0.89,0.44,-0.07
1784741495.403,10:31:35.403,0.90,0.42,-0.06
1784741495.9033,10:31:35.903,0.92,0.38,-0.04
1784741496.4023,10:31:36.402,0.92,0.38,-0.05
1784741496.9022,10:31:36.902,0.91,0.41,-0.08
1784741497.4024,10:31:37.402,0.90,0.42,-0.10
1784741497.9023,10:31:37.902,0.90,0.43,-0.10
1784741498.4023,10:31:38.402,0.92,0.39,-0.08
1784741498.9026,10:31:38.902,0.97,0.02,0.26
1784741499.4026,10:31:39.402,0.96,-0.01,0.29
1784741499.9021,10:31:39.902,0.95,-0.02,0.30
1784741500.4023,10:31:40.402,0.95,-0.04,0.32
1784741500.9016,10:31:40.901,0.94,-0.06,0.34
1784741501.401,10:31:41.401,0.94,-0.05,0.33
1784741501.9015,10:31:41.901,0.97,0.05,0.22
1784741502.4009,10:31:42.400,0.98,0.10,0.18
1784741502.9002,10:31:42.900,0.98,0.12,0.18
1784741503.4004,10:31:43.400,0.98,0.14,0.17
1784741503.9006,10:31:43.900,0.97,0.16,0.16
1784741504.4001,10:31:44.400,0.98,0.15,0.14
1784741504.9001,10:31:44.900,0.98,0.13,0.15
1784741505.4004,10:31:45.400,0.98,0.13,0.15
1784741505.8998,10:31:45.899,0.98,0.19,0.10
1784741506.4001,10:31:46.400,0.97,0.23,0.05
1784741506.9001,10:31:46.900,0.97,0.24,0.03
1784741507.3996,10:31:47.399,0.92,0.39,-0.10
1784741507.8998,10:31:47.899,0.91,0.41,-0.11
1784741508.4,10:31:48.400,0.91,0.42,-0.09
1784741508.8994,10:31:48.899,0.90,0.43,-0.09
1784741509.3997,10:31:49.399,0.90,0.42,-0.10
1784741509.8991,10:31:49.899,0.93,0.35,-0.05
1784741510.3988,10:31:50.398,0.96,0.26,0.05
1784741510.8986,10:31:50.898,0.96,0.26,0.04
1784741511.3985,10:31:51.398,0.92,0.38,-0.05
1784741511.8977,10:31:51.897,0.92,0.38,-0.06
1784741512.3974,10:31:52.397,0.93,0.37,-0.05
1784741512.8976,10:31:52.897,0.93,0.38,-0.05
1784741513.3969,10:31:53.396,0.89,0.44,-0.09
1784741513.8965,10:31:53.896,0.84,0.52,-0.13
1784741514.3965,10:31:54.396,0.82,0.55,-0.14
1784741514.8958,10:31:54.895,0.83,0.55,-0.14
1784741515.3952,10:31:55.395,0.85,0.51,-0.14
1784741515.8953,10:31:55.895,0.85,0.51,-0.14
1784741516.3953,10:31:56.395,0.84,0.52,-0.14
1784741516.895,10:31:56.895,0.81,0.56,-0.18
1784741517.395,10:31:57.395,0.79,0.58,-0.20
1784741517.8953,10:31:57.895,0.78,0.59,-0.21
1784741518.3949,10:31:58.394,0.78,0.59,-0.21
1784741518.895,10:31:58.895,0.78,0.58,-0.23
1784741519.3946,10:31:59.394,0.79,0.57,-0.24
1784741519.8941,10:31:59.894,0.79,0.57,-0.24
1784741520.3945,10:32:00.394,0.80,0.55,-0.22
1784741520.8946,10:32:00.894,0.83,0.51,-0.22
1784741521.3938,10:32:01.393,0.83,0.51,-0.21
1784741521.8938,10:32:01.893,0.85,0.49,-0.20
1784741522.3938,10:32:02.393,0.87,0.46,-0.17
1784741522.8931,10:32:02.893,0.88,0.45,-0.13
1784741523.393,10:32:03.393,0.86,0.49,-0.13
1784741523.8934,10:32:03.893,0.83,0.53,-0.15
1784741524.3931,10:32:04.393,0.84,0.52,-0.17
1784741524.8929,10:32:04.892,0.86,0.50,-0.14
1784741525.393,10:32:05.393,0.88,0.47,-0.08
1784741525.8927,10:32:05.892,0.89,0.45,-0.06
1784741526.3924,10:32:06.392,0.91,0.42,-0.03
1784741526.8924,10:32:06.892,0.92,0.38,-0.01
1784741527.3919,10:32:07.391,0.92,0.39,-0.03
1784741527.8915,10:32:07.891,0.92,0.40,-0.02
1784741528.3918,10:32:08.391,0.90,0.44,-0.06
1784741528.8914,10:32:08.891,0.89,0.44,-0.06
1784741529.3914,10:32:09.391,0.84,0.53,-0.13
1784741529.892,10:32:09.892,0.82,0.55,-0.15
1784741530.3916,10:32:10.391,0.82,0.55,-0.15
1784741530.8914,10:32:10.891,0.81,0.57,-0.15
1784741531.3913,10:32:11.391,0.81,0.57,-0.15
1784741531.8917,10:32:11.891,0.79,0.58,-0.18
1784741532.391,10:32:12.391,0.79,0.58,-0.19
1784741532.8914,10:32:12.891,0.77,0.61,-0.20
1784741533.3912,10:32:13.391,0.77,0.60,-0.20
1784741533.8909,10:32:13.890,0.78,0.60,-0.20
1784741534.3906,10:32:14.390,0.78,0.60,-0.20
1784741534.8908,10:32:14.890,0.77,0.61,-0.20
1784741535.3902,10:32:15.390,0.77,0.61,-0.20
1784741535.8899,10:32:15.889,0.79,0.59,-0.17
1784741536.3903,10:32:16.390,0.81,0.56,-0.14
1784741536.89,10:32:16.890,0.84,0.54,-0.13
1784741537.3898,10:32:17.389,0.83,0.53,-0.14
1784741537.8895,10:32:17.889,0.80,0.58,-0.16
1784741538.3893,10:32:18.389,0.80,0.58,-0.16
1784741538.889,10:32:18.889,0.81,0.56,-0.17
1784741539.3892,10:32:19.389,0.80,0.58,-0.17
1784741539.8889,10:32:19.888,0.78,0.59,-0.19
1784741540.3889,10:32:20.388,0.78,0.59,-0.20
1784741540.8892,10:32:20.889,0.79,0.59,-0.18
1784741541.3886,10:32:21.388,0.77,0.61,-0.18
1784741541.8883,10:32:21.888,0.77,0.61,-0.18
1784741542.3885,10:32:22.388,0.82,0.56,-0.12
1784741542.8879,10:32:22.887,0.83,0.55,-0.11
1784741543.3874,10:32:23.387,0.83,0.55,-0.12
1784741543.8874,10:32:23.887,0.81,0.57,-0.13
1784741544.3873,10:32:24.387,0.80,0.58,-0.14
1784741544.8872,10:32:24.887,0.80,0.58,-0.15
1784741545.3875,10:32:25.387,0.84,0.53,-0.10
1784741545.8867,10:32:25.886,0.88,0.48,-0.06
1784741546.3864,10:32:26.386,0.93,0.36,0.02
1784741546.8862,10:32:26.886,0.94,0.35,0.01
1784741547.386,10:32:27.386,0.92,0.39,-0.03
1784741547.8856,10:32:27.885,0.92,0.39,-0.03
1784741548.3859,10:32:28.385,0.94,0.34,0.02
1784741548.8857,10:32:28.885,0.94,0.33,0.02
1784741549.3854,10:32:29.385,0.96,0.29,0.05
1784741549.8856,10:32:29.885,0.97,0.23,0.10
1784741550.3853,10:32:30.385,0.97,0.21,0.13
1784741550.8851,10:32:30.885,0.97,0.21,0.13
1784741551.3854,10:32:31.385,0.97,0.20,0.16
1784741551.885,10:32:31.885,0.97,0.18,0.14
1784741552.3848,10:32:32.384,0.97,0.24,0.08
1784741552.8851,10:32:32.885,0.95,0.32,0.02
1784741553.3849,10:32:33.384,0.94,0.35,0.02
1784741553.8846,10:32:33.884,0.91,0.41,-0.01
1784741554.3842,10:32:34.384,0.91,0.41,-0.01
1784741554.8839,10:32:34.883,0.94,0.34,0.05
1784741555.3833,10:32:35.383,0.94,0.34,0.05
1784741555.8832,10:32:35.883,0.94,0.33,0.06
1784741556.3832,10:32:36.383,0.91,0.41,0.00
1784741556.8829,10:32:36.882,0.90,0.43,-0.05
1784741557.3827,10:32:37.382,0.89,0.43,-0.11
1784741557.8828,10:32:37.882,0.89,0.43,-0.11
1784741558.3824,10:32:38.382,0.98,0.14,0.15
1784741558.8821,10:32:38.882,0.98,0.09,0.20
1784741559.3824,10:32:39.382,0.97,0.04,0.25
1784741559.8819,10:32:39.881,0.96,-0.01,0.28
1784741560.3815,10:32:40.381,0.96,-0.03,0.26
1784741560.8818,10:32:40.881,0.94,0.35,-0.04
1784741561.3814,10:32:41.381,0.90,0.42,-0.10
1784741561.8805,10:32:41.880,0.91,0.41,-0.11
1784741562.3808,10:32:42.380,0.89,0.43,-0.16
1784741562.8808,10:32:42.880,0.85,0.48,-0.23
1784741563.3804,10:32:43.380,0.85,0.47,-0.23
1784741563.8808,10:32:43.880,0.87,0.45,-0.21
1784741564.381,10:32:44.381,0.87,0.46,-0.19
1784741564.8802,10:32:44.880,0.87,0.47,-0.16
1784741565.3805,10:32:45.380,0.85,0.51,-0.17
1784741565.8803,10:32:45.880,0.81,0.55,-0.21
1784741566.3796,10:32:46.379,0.79,0.58,-0.21
1784741566.88,10:32:46.880,0.78,0.59,-0.21
1784741567.3801,10:32:47.380,0.78,0.60,-0.20
1784741567.8793,10:32:47.879,0.78,0.59,-0.22
1784741568.3796,10:32:48.379,0.81,0.55,-0.20
1784741568.8802,10:32:48.880,0.87,0.47,-0.14
1784741569.3799,10:32:49.379,0.88,0.45,-0.16
1784741569.8795,10:32:49.879,0,0,0
1784741570.3798,10:32:50.379,0,0,0
1784741570.879,10:32:50.879,0.90,0.42,-0.14
1784741571.3789,10:32:51.378,0.92,0.40,-0.08
1784741571.8789,10:32:51.878,0.93,0.36,-0.06
1784741572.3783,10:32:52.378,0.87,0.46,-0.17
1784741572.8784,10:32:52.878,0.78,0.56,-0.27
1784741573.3784,10:32:53.378,0.79,0.55,-0.27
1784741573.878,10:32:53.878,0.79,0.55,-0.27
1784741574.3778,10:32:54.377,0.79,0.55,-0.27
1784741574.8781,10:32:54.878,0.84,0.51,-0.21
1784741575.3776,10:32:55.377,0.89,0.43,-0.14
1784741575.8774,10:32:55.877,0.98,0.12,0.14
1784741576.378,10:32:56.378,0.97,0.01,0.23
1784741576.8775,10:32:56.877,0.95,-0.09,0.29
1784741577.3767,10:32:57.376,0.95,-0.09,0.30
1784741577.8772,10:32:57.877,0.95,-0.07,0.31
1784741578.3764,10:32:58.376,0.95,-0.08,0.31
1784741578.8761,10:32:58.876,0.95,-0.08,0.29
1784741579.3765,10:32:59.376,0.95,-0.07,0.31
1784741579.877,10:32:59.877,0.98,0.12,0.16
1784741580.3764,10:33:00.376,0,0,0
1784741580.8763,10:33:00.876,0.98,0.13,0.15
